t,px,py,pz,qw,qx,qy,qz
0.000000,0.140595,-0.051173,0.311204,0.976383,-0.022666,-0.128543,-0.172163
0.010055,0.140595,-0.051173,0.311204,0.976383,-0.022666,-0.128543,-0.172163
0.020108,0.140595,-0.051173,0.311204,0.976383,-0.022666,-0.128543,-0.172163
0.030160,0.140595,-0.051173,0.311204,0.976383,-0.022666,-0.128543,-0.172163
0.040212,0.140595,-0.051173,0.311204,0.976383,-0.022666,-0.128543,-0.172163
0.050264,0.140595,-0.051173,0.311204,0.976383,-0.022666,-0.128543,-0.172163
0.060317,0.140595,-0.051173,0.311204,0.976383,-0.022666,-0.128543,-0.172163
0.070370,0.140595,-0.051173,0.311204,0.976383,-0.022666,-0.128543,-0.172163
0.080434,0.140595,-0.051173,0.311204,0.976383,-0.022666,-0.128543,-0.172163
0.090497,0.140595,-0.051173,0.311204,0.976383,-0.022666,-0.128543,-0.172163
0.100558,0.140595,-0.051173,0.311204,0.976383,-0.022666,-0.128543,-0.172163
0.110609,0.140595,-0.051173,0.311204,0.976383,-0.022666,-0.128543,-0.172163
0.120672,0.140595,-0.051173,0.311204,0.976383,-0.022666,-0.128543,-0.172163
0.130731,0.140595,-0.051173,0.311204,0.976383,-0.022666,-0.128543,-0.172163
0.140793,0.140595,-0.051173,0.311204,0.976383,-0.022666,-0.128543,-0.172163
0.150846,0.140595,-0.051173,0.311204,0.976383,-0.022666,-0.128543,-0.172163
0.160900,0.140595,-0.051173,0.311204,0.976383,-0.022666,-0.128543,-0.172163
0.170956,0.140595,-0.051173,0.311204,0.976383,-0.022666,-0.128543,-0.172163
0.181010,0.140595,-0.051173,0.311204,0.976383,-0.022666,-0.128543,-0.172163
0.191062,0.140595,-0.051173,0.311204,0.976383,-0.022666,-0.128543,-0.172163
0.201127,0.140595,-0.051173,0.311204,0.976383,-0.022666,-0.128543,-0.172163
0.211178,0.140595,-0.051173,0.311204,0.976383,-0.022666,-0.128543,-0.172163
0.221230,0.140595,-0.051173,0.311204,0.976383,-0.022666,-0.128543,-0.172163
0.231279,0.140595,-0.051173,0.311204,0.976383,-0.022666,-0.128543,-0.172163
0.241329,0.140595,-0.051173,0.311204,0.976383,-0.022666,-0.128543,-0.172163
0.251381,0.140595,-0.051173,0.311204,0.976383,-0.022666,-0.128543,-0.172163
0.261441,0.140595,-0.051173,0.311204,0.976383,-0.022666,-0.128543,-0.172163
0.271504,0.140595,-0.051173,0.311204,0.976383,-0.022666,-0.128543,-0.172163
0.281566,0.140595,-0.051173,0.311210,0.976383,-0.022666,-0.128543,-0.172163
0.291632,0.140595,-0.051173,0.311222,0.976383,-0.022666,-0.128543,-0.172163
0.301695,0.140595,-0.051173,0.311234,0.976383,-0.022666,-0.128543,-0.172163
0.311756,0.140595,-0.051173,0.311248,0.976383,-0.022666,-0.128543,-0.172163
0.321811,0.140595,-0.051173,0.311262,0.976383,-0.022666,-0.128543,-0.172163
0.331871,0.140595,-0.051173,0.311277,0.976383,-0.022666,-0.128543,-0.172163
0.341933,0.140595,-0.051173,0.311293,0.976383,-0.022666,-0.128543,-0.172163
0.351996,0.140595,-0.051173,0.311311,0.976383,-0.022666,-0.128543,-0.172163
0.362056,0.140595,-0.051173,0.311329,0.976383,-0.022666,-0.128543,-0.172163
0.372121,0.140595,-0.051173,0.311348,0.976383,-0.022666,-0.128543,-0.172163
0.382180,0.140595,-0.051173,0.311369,0.976383,-0.022666,-0.128543,-0.172163
0.392242,0.140595,-0.051173,0.311389,0.976383,-0.022666,-0.128543,-0.172163
0.402304,0.140595,-0.051173,0.311412,0.976383,-0.022666,-0.128543,-0.172163
0.412364,0.140595,-0.051173,0.311435,0.976383,-0.022666,-0.128543,-0.172163
0.422416,0.140594,-0.051173,0.311460,0.976383,-0.022666,-0.128543,-0.172163
0.432477,0.140594,-0.051173,0.311486,0.976383,-0.022666,-0.128543,-0.172163
0.442528,0.140594,-0.051173,0.311513,0.976383,-0.022666,-0.128543,-0.172163
0.452593,0.140594,-0.051173,0.311541,0.976383,-0.022666,-0.128543,-0.172163
0.462656,0.140593,-0.051173,0.311571,0.976383,-0.022666,-0.128543,-0.172163
0.472718,0.140593,-0.051173,0.311602,0.976383,-0.022666,-0.128543,-0.172163
0.482778,0.140593,-0.051173,0.311634,0.976383,-0.022666,-0.128543,-0.172163
0.492829,0.140592,-0.051173,0.311668,0.976383,-0.022666,-0.128543,-0.172163
0.502894,0.140592,-0.051173,0.311702,0.976383,-0.022666,-0.128543,-0.172163
0.512953,0.140592,-0.051173,0.311739,0.976383,-0.022666,-0.128543,-0.172163
0.523016,0.140591,-0.051173,0.311776,0.976383,-0.022666,-0.128543,-0.172163
0.533084,0.140590,-0.051173,0.311815,0.976383,-0.022666,-0.128543,-0.172163
0.543152,0.140590,-0.051173,0.311856,0.976383,-0.022666,-0.128543,-0.172163
0.553216,0.140589,-0.051173,0.311898,0.976383,-0.022666,-0.128543,-0.172163
0.563270,0.140588,-0.051173,0.311941,0.976383,-0.022666,-0.128543,-0.172163
0.573331,0.140587,-0.051173,0.311986,0.976383,-0.022666,-0.128543,-0.172163
0.583392,0.140587,-0.051173,0.312034,0.976383,-0.022666,-0.128543,-0.172163
0.593446,0.140586,-0.051173,0.312081,0.976383,-0.022666,-0.128543,-0.172163
0.603507,0.140584,-0.051173,0.312131,0.976383,-0.022666,-0.128543,-0.172163
0.613568,0.140583,-0.051173,0.312183,0.976383,-0.022666,-0.128543,-0.172163
0.623633,0.140582,-0.051173,0.312237,0.976383,-0.022666,-0.128543,-0.172163
0.633692,0.140580,-0.051173,0.312291,0.976383,-0.022666,-0.128543,-0.172163
0.643755,0.140579,-0.051173,0.312347,0.976383,-0.022666,-0.128543,-0.172163
0.653816,0.140577,-0.051173,0.312406,0.976383,-0.022666,-0.128543,-0.172163
0.663879,0.140575,-0.051173,0.312466,0.976383,-0.022666,-0.128543,-0.172163
0.673938,0.140573,-0.051173,0.312528,0.976383,-0.022666,-0.128543,-0.172163
0.684001,0.140571,-0.051173,0.312591,0.976383,-0.022666,-0.128543,-0.172163
0.694063,0.140569,-0.051173,0.312656,0.976383,-0.022666,-0.128543,-0.172163
0.704124,0.140566,-0.051173,0.312724,0.976383,-0.022666,-0.128543,-0.172163
0.714185,0.140564,-0.051173,0.312793,0.976383,-0.022666,-0.128543,-0.172163
0.724246,0.140561,-0.051173,0.312864,0.976383,-0.022666,-0.128543,-0.172163
0.734310,0.140558,-0.051173,0.312938,0.976383,-0.022666,-0.128543,-0.172163
0.744375,0.140554,-0.051173,0.313012,0.976383,-0.022666,-0.128543,-0.172163
0.754428,0.140551,-0.051173,0.313089,0.976383,-0.022666,-0.128543,-0.172163
0.764581,0.140547,-0.051173,0.313168,0.976383,-0.022666,-0.128543,-0.172163
0.774634,0.140543,-0.051173,0.313248,0.976383,-0.022666,-0.128543,-0.172163
0.784688,0.140539,-0.051173,0.313331,0.976383,-0.022666,-0.128543,-0.172163
0.794744,0.140534,-0.051173,0.313416,0.976383,-0.022666,-0.128543,-0.172163
0.804807,0.140529,-0.051173,0.313503,0.976383,-0.022666,-0.128543,-0.172163
0.814861,0.140524,-0.051173,0.313592,0.976383,-0.022666,-0.128543,-0.172163
0.824922,0.140518,-0.051173,0.313683,0.976383,-0.022666,-0.128543,-0.172163
0.834986,0.140512,-0.051173,0.313776,0.976383,-0.022666,-0.128543,-0.172163
0.845004,0.140499,-0.051173,0.313969,0.976383,-0.022666,-0.128543,-0.172163
0.855066,0.140492,-0.051173,0.314068,0.976383,-0.022666,-0.128543,-0.172163
0.865131,0.140485,-0.051173,0.314169,0.976383,-0.022666,-0.128543,-0.172163
0.875191,0.140477,-0.051173,0.314273,0.976383,-0.022666,-0.128543,-0.172163
0.885245,0.140469,-0.051173,0.314380,0.976383,-0.022666,-0.128543,-0.172163
0.895307,0.140460,-0.051173,0.314487,0.976383,-0.022666,-0.128543,-0.172163
0.905370,0.140451,-0.051173,0.314599,0.976383,-0.022666,-0.128543,-0.172163
0.915428,0.140441,-0.051173,0.314711,0.976383,-0.022666,-0.128543,-0.172163
0.925488,0.140431,-0.051173,0.314826,0.976383,-0.022666,-0.128543,-0.172163
0.935549,0.140420,-0.051173,0.314944,0.976383,-0.022666,-0.128543,-0.172163
0.945611,0.140408,-0.051173,0.315063,0.976383,-0.022666,-0.128543,-0.172163
0.955674,0.140396,-0.051173,0.315185,0.976383,-0.022666,-0.128543,-0.172163
0.965737,0.140384,-0.051173,0.315309,0.976383,-0.022666,-0.128543,-0.172163
0.975798,0.140371,-0.051173,0.315436,0.976383,-0.022666,-0.128543,-0.172163
0.985861,0.140357,-0.051173,0.315564,0.976383,-0.022666,-0.128543,-0.172163
0.995920,0.140342,-0.051173,0.315695,0.976383,-0.022666,-0.128543,-0.172163
1.005982,0.140327,-0.051173,0.315829,0.976383,-0.022666,-0.128543,-0.172163
1.016046,0.140311,-0.051173,0.315965,0.976383,-0.022666,-0.128543,-0.172163
1.026106,0.140294,-0.051173,0.316103,0.976383,-0.022666,-0.128543,-0.172163
1.036167,0.140276,-0.051173,0.316244,0.976383,-0.022666,-0.128543,-0.172163
1.046229,0.140258,-0.051173,0.316387,0.976383,-0.022666,-0.128543,-0.172163
1.056325,0.140238,-0.051173,0.316532,0.976383,-0.022666,-0.128543,-0.172163
1.066388,0.140218,-0.051173,0.316680,0.976383,-0.022666,-0.128543,-0.172163
1.076451,0.140197,-0.051173,0.316831,0.976383,-0.022666,-0.128543,-0.172163
1.086513,0.140175,-0.051173,0.316984,0.976383,-0.022666,-0.128543,-0.172163
1.096573,0.140152,-0.051173,0.317139,0.976383,-0.022666,-0.128543,-0.172163
1.106638,0.140128,-0.051173,0.317297,0.976383,-0.022666,-0.128543,-0.172163
1.116698,0.140103,-0.051173,0.317457,0.976383,-0.022666,-0.128543,-0.172163
1.126760,0.140077,-0.051173,0.317620,0.976383,-0.022666,-0.128543,-0.172163
1.136823,0.140050,-0.051173,0.317785,0.976383,-0.022666,-0.128543,-0.172163
1.146887,0.140022,-0.051173,0.317952,0.976383,-0.022666,-0.128543,-0.172163
1.156949,0.139992,-0.051173,0.318122,0.976383,-0.022666,-0.128543,-0.172163
1.167000,0.139961,-0.051173,0.318295,0.976383,-0.022666,-0.128543,-0.172163
1.177061,0.139929,-0.051173,0.318470,0.976383,-0.022666,-0.128543,-0.172163
1.187124,0.139896,-0.051173,0.318647,0.976383,-0.022666,-0.128543,-0.172163
1.197184,0.139862,-0.051173,0.318827,0.976383,-0.022666,-0.128543,-0.172163
1.207249,0.139826,-0.051173,0.319010,0.976383,-0.022666,-0.128543,-0.172163
1.217312,0.139789,-0.051173,0.319195,0.976383,-0.022666,-0.128543,-0.172163
1.227372,0.139750,-0.051173,0.319382,0.976383,-0.022666,-0.128543,-0.172163
1.237435,0.139710,-0.051173,0.319571,0.976383,-0.022666,-0.128543,-0.172163
1.247498,0.139668,-0.051173,0.319764,0.976383,-0.022666,-0.128543,-0.172163
1.257563,0.139625,-0.051173,0.319958,0.976383,-0.022666,-0.128543,-0.172163
1.267625,0.139580,-0.051173,0.320155,0.976383,-0.022666,-0.128543,-0.172163
1.277686,0.139534,-0.051173,0.320355,0.976383,-0.022666,-0.128543,-0.172163
1.287747,0.139486,-0.051173,0.320557,0.976383,-0.022666,-0.128543,-0.172163
1.297808,0.139436,-0.051173,0.320761,0.976383,-0.022666,-0.128543,-0.172163
1.307868,0.139385,-0.051173,0.320968,0.976383,-0.022666,-0.128543,-0.172163
1.317931,0.139331,-0.051173,0.321178,0.976383,-0.022666,-0.128543,-0.172163
1.327990,0.139276,-0.051173,0.321390,0.976383,-0.022666,-0.128543,-0.172163
1.337996,0.139220,-0.051173,0.321603,0.976383,-0.022666,-0.128543,-0.172163
1.348067,0.139160,-0.051173,0.321820,0.976383,-0.022666,-0.128543,-0.172163
1.358130,0.139100,-0.051173,0.322038,0.976383,-0.022666,-0.128543,-0.172163
1.368192,0.139037,-0.051173,0.322259,0.976383,-0.022666,-0.128543,-0.172163
1.378255,0.138972,-0.051173,0.322483,0.976383,-0.022666,-0.128543,-0.172163
1.388319,0.138905,-0.051173,0.322709,0.976383,-0.022666,-0.128543,-0.172163
1.398383,0.138835,-0.051173,0.322937,0.976383,-0.022666,-0.128543,-0.172163
1.408444,0.138764,-0.051173,0.323166,0.976383,-0.022666,-0.128543,-0.172163
1.418511,0.138691,-0.051173,0.323399,0.976383,-0.022666,-0.128543,-0.172163
1.428574,0.138615,-0.051173,0.323634,0.976383,-0.022666,-0.128543,-0.172163
1.438637,0.138536,-0.051173,0.323871,0.976383,-0.022666,-0.128543,-0.172163
1.448699,0.138455,-0.051173,0.324110,0.976383,-0.022666,-0.128543,-0.172163
1.458763,0.138373,-0.051173,0.324351,0.976383,-0.022666,-0.128543,-0.172163
1.468827,0.138287,-0.051173,0.324594,0.976383,-0.022666,-0.128543,-0.172163
1.478890,0.138199,-0.051173,0.324840,0.976383,-0.022666,-0.128543,-0.172163
1.488954,0.138108,-0.051173,0.325088,0.976383,-0.022666,-0.128543,-0.172163
1.499015,0.138015,-0.051173,0.325338,0.976383,-0.022666,-0.128543,-0.172163
1.509079,0.137919,-0.051173,0.325589,0.976383,-0.022666,-0.128543,-0.172163
1.519142,0.137820,-0.051173,0.325842,0.976383,-0.022666,-0.128543,-0.172163
1.529202,0.137718,-0.051173,0.326098,0.976383,-0.022666,-0.128543,-0.172163
1.539261,0.137614,-0.051173,0.326356,0.976383,-0.022666,-0.128543,-0.172163
1.549324,0.137507,-0.051173,0.326615,0.976383,-0.022666,-0.128543,-0.172163
1.559383,0.137397,-0.051173,0.326876,0.976383,-0.022666,-0.128543,-0.172163
1.569436,0.137283,-0.051173,0.327139,0.976383,-0.022666,-0.128543,-0.172163
1.579488,0.137167,-0.051173,0.327405,0.976383,-0.022666,-0.128543,-0.172163
1.589551,0.137048,-0.051173,0.327671,0.976383,-0.022666,-0.128543,-0.172163
1.599605,0.136926,-0.051173,0.327939,0.976383,-0.022666,-0.128543,-0.172163
1.609665,0.136800,-0.051173,0.328209,0.976383,-0.022666,-0.128543,-0.172163
1.619729,0.136671,-0.051173,0.328480,0.976383,-0.022666,-0.128543,-0.172163
1.629782,0.136539,-0.051173,0.328753,0.976383,-0.022666,-0.128543,-0.172163
1.639882,0.136404,-0.051173,0.329028,0.976383,-0.022666,-0.128543,-0.172163
1.649934,0.136265,-0.051173,0.329304,0.976383,-0.022666,-0.128543,-0.172163
1.659983,0.136123,-0.051173,0.329581,0.976383,-0.022666,-0.128543,-0.172163
1.670047,0.135977,-0.051173,0.329860,0.976383,-0.022666,-0.128543,-0.172163
1.680108,0.135828,-0.051173,0.330141,0.976383,-0.022666,-0.128543,-0.172163
1.690170,0.135676,-0.051173,0.330422,0.976383,-0.022666,-0.128543,-0.172163
1.700234,0.135519,-0.051173,0.330705,0.976383,-0.022666,-0.128543,-0.172163
1.710294,0.135359,-0.051173,0.330989,0.976383,-0.022666,-0.128543,-0.172163
1.720357,0.135196,-0.051173,0.331273,0.976383,-0.022666,-0.128543,-0.172163
1.730411,0.135028,-0.051173,0.331559,0.976383,-0.022666,-0.128543,-0.172163
1.740467,0.134857,-0.051173,0.331845,0.976383,-0.022666,-0.128543,-0.172163
1.750521,0.134682,-0.051173,0.332133,0.976383,-0.022666,-0.128543,-0.172163
1.760587,0.134503,-0.051173,0.332422,0.976383,-0.022666,-0.128543,-0.172163
1.770651,0.134320,-0.051173,0.332711,0.976383,-0.022666,-0.128543,-0.172163
1.780712,0.134133,-0.051173,0.333002,0.976383,-0.022666,-0.128543,-0.172163
1.790763,0.133942,-0.051173,0.333293,0.976383,-0.022666,-0.128543,-0.172163
1.800812,0.133748,-0.051173,0.333584,0.976383,-0.022666,-0.128543,-0.172163
1.810862,0.133549,-0.051173,0.333876,0.976383,-0.022666,-0.128543,-0.172163
1.820913,0.133346,-0.051173,0.334168,0.976383,-0.022666,-0.128543,-0.172163
1.830964,0.133139,-0.051173,0.334461,0.976383,-0.022666,-0.128543,-0.172163
1.841016,0.132927,-0.051173,0.334754,0.976383,-0.022666,-0.128543,-0.172163
1.851068,0.132712,-0.051173,0.335047,0.976383,-0.022666,-0.128543,-0.172163
1.861117,0.132492,-0.051173,0.335340,0.976383,-0.022666,-0.128543,-0.172163
1.871169,0.132268,-0.051173,0.335633,0.976383,-0.022666,-0.128543,-0.172163
1.881219,0.132039,-0.051173,0.335927,0.976383,-0.022666,-0.128543,-0.172163
1.891270,0.131807,-0.051173,0.336220,0.976383,-0.022666,-0.128543,-0.172163
1.901323,0.131569,-0.051173,0.336513,0.976383,-0.022666,-0.128543,-0.172163
1.911389,0.131328,-0.051173,0.336806,0.976383,-0.022666,-0.128543,-0.172163
1.921441,0.131081,-0.051173,0.337099,0.976383,-0.022666,-0.128543,-0.172163
1.931492,0.130830,-0.051173,0.337391,0.976383,-0.022666,-0.128543,-0.172163
1.941542,0.130576,-0.051173,0.337683,0.976383,-0.022666,-0.128543,-0.172163
1.951594,0.130316,-0.051173,0.337974,0.976383,-0.022666,-0.128543,-0.172163
1.961646,0.130052,-0.051173,0.338264,0.976383,-0.022666,-0.128543,-0.172163
1.971697,0.129783,-0.051173,0.338554,0.976383,-0.022666,-0.128543,-0.172163
1.981746,0.129510,-0.051173,0.338842,0.976383,-0.022666,-0.128543,-0.172163
1.991795,0.129232,-0.051173,0.339131,0.976383,-0.022666,-0.128543,-0.172163
2.001848,0.128949,-0.051173,0.339417,0.976383,-0.022666,-0.128543,-0.172163
2.011897,0.128662,-0.051173,0.339703,0.976383,-0.022666,-0.128543,-0.172163
2.021949,0.128370,-0.051173,0.339987,0.976383,-0.022666,-0.128543,-0.172163
2.031998,0.128074,-0.051173,0.340270,0.976383,-0.022666,-0.128543,-0.172163
2.042047,0.127773,-0.051173,0.340552,0.976383,-0.022666,-0.128543,-0.172163
2.052099,0.127468,-0.051173,0.340832,0.976383,-0.022666,-0.128543,-0.172163
2.062150,0.127157,-0.051173,0.341111,0.976383,-0.022666,-0.128543,-0.172163
2.072200,0.126842,-0.051173,0.341388,0.976383,-0.022666,-0.128543,-0.172163
2.082250,0.126522,-0.051173,0.341663,0.976383,-0.022666,-0.128543,-0.172163
2.092303,0.126197,-0.051173,0.341936,0.976383,-0.022666,-0.128543,-0.172163
2.102355,0.125868,-0.051173,0.342208,0.976383,-0.022666,-0.128543,-0.172163
2.112404,0.125534,-0.051173,0.342477,0.976383,-0.022666,-0.128543,-0.172163
2.122455,0.125195,-0.051173,0.342744,0.976383,-0.022666,-0.128543,-0.172163
2.132504,0.124853,-0.051173,0.343008,0.976383,-0.022666,-0.128543,-0.172163
2.142555,0.124505,-0.051173,0.343270,0.976383,-0.022666,-0.128543,-0.172163
2.152607,0.124152,-0.051173,0.343530,0.976383,-0.022666,-0.128543,-0.172163
2.162659,0.123796,-0.051173,0.343787,0.976383,-0.022666,-0.128543,-0.172163
2.172709,0.123433,-0.051173,0.344042,0.976383,-0.022666,-0.128543,-0.172163
2.182759,0.123067,-0.051173,0.344294,0.976383,-0.022666,-0.128543,-0.172163
2.192808,0.122697,-0.051173,0.344542,0.976383,-0.022666,-0.128543,-0.172163
2.202861,0.122321,-0.051173,0.344788,0.976383,-0.022666,-0.128543,-0.172163
2.212912,0.121942,-0.051173,0.345031,0.976383,-0.022666,-0.128543,-0.172163
2.222964,0.121557,-0.051173,0.345271,0.976383,-0.022666,-0.128543,-0.172163
2.233014,0.121168,-0.051173,0.345507,0.976383,-0.022666,-0.128543,-0.172163
2.243064,0.120775,-0.051173,0.345739,0.976383,-0.022666,-0.128543,-0.172163
2.253116,0.120377,-0.051173,0.345969,0.976383,-0.022666,-0.128543,-0.172163
2.263165,0.119976,-0.051173,0.346194,0.976383,-0.022666,-0.128543,-0.172163
2.273217,0.119570,-0.051173,0.346416,0.976383,-0.022666,-0.128543,-0.172163
2.283266,0.119159,-0.051173,0.346635,0.976383,-0.022666,-0.128543,-0.172163
2.293315,0.118744,-0.051173,0.346849,0.976383,-0.022666,-0.128543,-0.172163
2.303368,0.118326,-0.051173,0.347059,0.976383,-0.022666,-0.128543,-0.172163
2.313420,0.117902,-0.051173,0.347265,0.976383,-0.022666,-0.128543,-0.172163
2.323473,0.117475,-0.051173,0.347467,0.976383,-0.022666,-0.128543,-0.172163
2.333524,0.117044,-0.051173,0.347664,0.976383,-0.022666,-0.128543,-0.172163
2.343581,0.116608,-0.051173,0.347858,0.976383,-0.022666,-0.128543,-0.172163
2.353645,0.116170,-0.051173,0.348046,0.976383,-0.022666,-0.128543,-0.172163
2.363704,0.115727,-0.051173,0.348230,0.976383,-0.022666,-0.128543,-0.172163
2.373766,0.115280,-0.051173,0.348410,0.976383,-0.022666,-0.128543,-0.172163
2.383824,0.114830,-0.051173,0.348585,0.976383,-0.022666,-0.128543,-0.172163
2.393886,0.114376,-0.051173,0.348754,0.976383,-0.022666,-0.128543,-0.172163
2.403947,0.113919,-0.051172,0.348919,0.976383,-0.022666,-0.128543,-0.172163
2.414011,0.113457,-0.051172,0.349079,0.976383,-0.022666,-0.128543,-0.172163
2.424074,0.112992,-0.051172,0.349233,0.976383,-0.022666,-0.128543,-0.172163
2.434130,0.112525,-0.051172,0.349383,0.976383,-0.022666,-0.128543,-0.172163
2.444184,0.112053,-0.051172,0.349527,0.976383,-0.022666,-0.128543,-0.172163
2.454249,0.111579,-0.051172,0.349665,0.976383,-0.022666,-0.128543,-0.172163
2.464309,0.111101,-0.051172,0.349799,0.976383,-0.022666,-0.128543,-0.172163
2.474371,0.110621,-0.051172,0.349926,0.976383,-0.022666,-0.128543,-0.172163
2.484436,0.110137,-0.051172,0.350048,0.976383,-0.022666,-0.128543,-0.172163
2.494488,0.109651,-0.051172,0.350164,0.976383,-0.022666,-0.128543,-0.172163
2.504550,0.109162,-0.051172,0.350275,0.976383,-0.022666,-0.128543,-0.172163
2.514614,0.108670,-0.051172,0.350379,0.976383,-0.022666,-0.128543,-0.172163
2.524676,0.108176,-0.051172,0.350478,0.976383,-0.022666,-0.128543,-0.172163
2.534738,0.107678,-0.051172,0.350571,0.976383,-0.022666,-0.128543,-0.172163
2.544796,0.107179,-0.051172,0.350657,0.976383,-0.022666,-0.128543,-0.172163
2.554859,0.106678,-0.051172,0.350738,0.976383,-0.022666,-0.128543,-0.172163
2.564922,0.106175,-0.051172,0.350812,0.976383,-0.022666,-0.128543,-0.172163
2.574983,0.105669,-0.051172,0.350880,0.976383,-0.022666,-0.128543,-0.172163
2.584995,0.105161,-0.051172,0.350942,0.976383,-0.022666,-0.128543,-0.172163
2.595059,0.104140,-0.051172,0.351046,0.976383,-0.022666,-0.128543,-0.172163
2.605120,0.103627,-0.051172,0.351088,0.976383,-0.022666,-0.128543,-0.172163
2.615172,0.103113,-0.051172,0.351124,0.976383,-0.022666,-0.128543,-0.172163
2.625233,0.102597,-0.051172,0.351153,0.976383,-0.022666,-0.128543,-0.172163
2.635296,0.102079,-0.051172,0.351175,0.976383,-0.022666,-0.128543,-0.172163
2.645354,0.101561,-0.051172,0.351191,0.976383,-0.022666,-0.128543,-0.172163
2.655416,0.101041,-0.051172,0.351200,0.976383,-0.022666,-0.128543,-0.172163
2.665468,0.100521,-0.051172,0.351203,0.976383,-0.022666,-0.128543,-0.172163
2.675529,0.100000,-0.051172,0.351198,0.976383,-0.022666,-0.128543,-0.172163
2.685592,0.099479,-0.051172,0.351187,0.976383,-0.022666,-0.128543,-0.172163
2.695651,0.098956,-0.051172,0.351169,0.976383,-0.022666,-0.128543,-0.172163
2.705710,0.098432,-0.051172,0.351144,0.976383,-0.022666,-0.128543,-0.172163
2.715771,0.097909,-0.051172,0.351113,0.976383,-0.022666,-0.128543,-0.172163
2.725832,0.097386,-0.051172,0.351074,0.976383,-0.022666,-0.128543,-0.172163
2.735888,0.096862,-0.051172,0.351028,0.976383,-0.022666,-0.128543,-0.172163
2.745941,0.096339,-0.051172,0.350976,0.976383,-0.022666,-0.128543,-0.172163
2.755994,0.095816,-0.051172,0.350916,0.976383,-0.022666,-0.128543,-0.172163
2.766047,0.095293,-0.051172,0.350850,0.976383,-0.022666,-0.128543,-0.172163
2.776099,0.094770,-0.051172,0.350776,0.976383,-0.022666,-0.128543,-0.172163
2.786152,0.094248,-0.051172,0.350696,0.976383,-0.022666,-0.128543,-0.172163
2.796202,0.093727,-0.051172,0.350609,0.976383,-0.022666,-0.128543,-0.172163
2.806253,0.093206,-0.051172,0.350515,0.976383,-0.022666,-0.128543,-0.172163
2.816306,0.092686,-0.051172,0.350413,0.976383,-0.022666,-0.128543,-0.172163
2.826357,0.092168,-0.051172,0.350305,0.976383,-0.022666,-0.128543,-0.172163
2.836418,0.091650,-0.051172,0.350190,0.976383,-0.022666,-0.128543,-0.172163
2.846482,0.091134,-0.051172,0.350068,0.976383,-0.022666,-0.128543,-0.172163
2.856544,0.090619,-0.051172,0.349939,0.976383,-0.022666,-0.128543,-0.172163
2.866609,0.090106,-0.051172,0.349803,0.976383,-0.022666,-0.128543,-0.172163
2.876668,0.089595,-0.051172,0.349661,0.976383,-0.022666,-0.128543,-0.172163
2.886721,0.089085,-0.051172,0.349511,0.976383,-0.022666,-0.128543,-0.172163
2.896775,0.088578,-0.051172,0.349355,0.976383,-0.022666,-0.128543,-0.172163
2.906836,0.088072,-0.051172,0.349192,0.976383,-0.022666,-0.128543,-0.172163
2.916891,0.087569,-0.051172,0.349022,0.976383,-0.022666,-0.128543,-0.172163
2.926947,0.087068,-0.051172,0.348846,0.976383,-0.022666,-0.128543,-0.172163
2.937001,0.086569,-0.051172,0.348663,0.976383,-0.022666,-0.128543,-0.172163
2.947057,0.086073,-0.051172,0.348474,0.976383,-0.022666,-0.128543,-0.172163
2.957111,0.085580,-0.051172,0.348278,0.976383,-0.022666,-0.128543,-0.172163
2.967176,0.085089,-0.051172,0.348075,0.976383,-0.022666,-0.128543,-0.172163
2.977236,0.084602,-0.051172,0.347866,0.976383,-0.022666,-0.128543,-0.172163
2.987298,0.084117,-0.051172,0.347651,0.976383,-0.022666,-0.128543,-0.172163
2.997361,0.083635,-0.051172,0.347429,0.976383,-0.022666,-0.128543,-0.172163
3.007422,0.083158,-0.051172,0.347202,0.976383,-0.022666,-0.128543,-0.172163
3.017486,0.082682,-0.051172,0.346968,0.976383,-0.022666,-0.128543,-0.172163
3.027546,0.082212,-0.051172,0.346728,0.976383,-0.022666,-0.128543,-0.172163
3.037609,0.081744,-0.051172,0.346482,0.976383,-0.022666,-0.128543,-0.172163
3.047672,0.081280,-0.051172,0.346230,0.976383,-0.022666,-0.128543,-0.172163
3.057734,0.080819,-0.051172,0.345972,0.976383,-0.022666,-0.128543,-0.172163
3.067796,0.080363,-0.051172,0.345709,0.976383,-0.022666,-0.128543,-0.172163
3.077858,0.079910,-0.051172,0.345439,0.976383,-0.022666,-0.128543,-0.172163
3.087919,0.079462,-0.051172,0.345164,0.976383,-0.022666,-0.128543,-0.172163
3.097980,0.079018,-0.051172,0.344884,0.976383,-0.022666,-0.128543,-0.172163
3.108036,0.078578,-0.051172,0.344598,0.976383,-0.022666,-0.128543,-0.172163
3.118098,0.078142,-0.051172,0.344307,0.976383,-0.022666,-0.128543,-0.172163
3.128160,0.077712,-0.051172,0.344011,0.976383,-0.022666,-0.128543,-0.172163
3.138224,0.077286,-0.051172,0.343709,0.976383,-0.022666,-0.128543,-0.172163
3.148290,0.076864,-0.051172,0.343402,0.976383,-0.022666,-0.128543,-0.172163
3.158351,0.076447,-0.051172,0.343091,0.976383,-0.022666,-0.128543,-0.172163
3.168415,0.076034,-0.051172,0.342774,0.976383,-0.022666,-0.128543,-0.172163
3.178477,0.075627,-0.051172,0.342453,0.976383,-0.022666,-0.128543,-0.172163
3.188539,0.075224,-0.051172,0.342127,0.976383,-0.022666,-0.128543,-0.172163
3.198601,0.074828,-0.051172,0.341797,0.976383,-0.022666,-0.128543,-0.172163
3.208661,0.074435,-0.051172,0.341462,0.976383,-0.022666,-0.128543,-0.172163
3.218724,0.074048,-0.051172,0.341123,0.976383,-0.022666,-0.128543,-0.172163
3.228787,0.073666,-0.051172,0.340780,0.976383,-0.022666,-0.128543,-0.172163
3.238851,0.073289,-0.051172,0.340432,0.976383,-0.022666,-0.128543,-0.172163
3.248917,0.072919,-0.051172,0.340082,0.976383,-0.022666,-0.128543,-0.172163
3.258978,0.072553,-0.051172,0.339727,0.976383,-0.022666,-0.128543,-0.172163
3.269083,0.072192,-0.051172,0.339368,0.976383,-0.022666,-0.128543,-0.172163
3.279145,0.071837,-0.051172,0.339005,0.976383,-0.022666,-0.128543,-0.172163
3.289211,0.071488,-0.051172,0.338639,0.976383,-0.022666,-0.128543,-0.172163
3.299271,0.071145,-0.051172,0.338270,0.976383,-0.022666,-0.128543,-0.172163
3.309334,0.070807,-0.051172,0.337898,0.976383,-0.022666,-0.128543,-0.172163
3.319398,0.070474,-0.051172,0.337522,0.976383,-0.022666,-0.128543,-0.172163
3.329455,0.070147,-0.051172,0.337143,0.976383,-0.022666,-0.128543,-0.172163
3.339509,0.069827,-0.051172,0.336762,0.976383,-0.022666,-0.128543,-0.172163
3.349575,0.069512,-0.051172,0.336378,0.976383,-0.022666,-0.128543,-0.172163
3.359635,0.069202,-0.051172,0.335991,0.976383,-0.022666,-0.128543,-0.172163
3.369692,0.068898,-0.051172,0.335601,0.976383,-0.022666,-0.128543,-0.172163
3.379754,0.068601,-0.051172,0.335210,0.976383,-0.022666,-0.128543,-0.172163
3.389808,0.068309,-0.051172,0.334816,0.976383,-0.022666,-0.128543,-0.172163
3.399861,0.068023,-0.051172,0.334420,0.976383,-0.022666,-0.128543,-0.172163
3.409924,0.067744,-0.051172,0.334023,0.976383,-0.022666,-0.128543,-0.172163
3.419988,0.067469,-0.051172,0.333623,0.976383,-0.022666,-0.128543,-0.172163
3.430004,0.067201,-0.051172,0.333221,0.976383,-0.022666,-0.128543,-0.172163
3.440060,0.066939,-0.051172,0.332819,0.976383,-0.022666,-0.128543,-0.172163
3.450124,0.066683,-0.051172,0.332414,0.976383,-0.022666,-0.128543,-0.172163
3.460188,0.066432,-0.051172,0.332008,0.976383,-0.022666,-0.128543,-0.172163
3.470244,0.066188,-0.051172,0.331601,0.976383,-0.022666,-0.128543,-0.172163
3.480297,0.065949,-0.051172,0.331193,0.976383,-0.022666,-0.128543,-0.172163
3.490350,0.065716,-0.051172,0.330783,0.976383,-0.022666,-0.128543,-0.172163
3.500403,0.065489,-0.051172,0.330374,0.976383,-0.022666,-0.128543,-0.172163
3.510457,0.065268,-0.051172,0.329963,0.976383,-0.022666,-0.128543,-0.172163
3.520520,0.065052,-0.051172,0.329552,0.976383,-0.022666,-0.128543,-0.172163
3.530585,0.064843,-0.051172,0.329140,0.976383,-0.022666,-0.128543,-0.172163
3.540615,0.064639,-0.051172,0.328728,0.976383,-0.022666,-0.128543,-0.172163
3.550678,0.064442,-0.051172,0.328317,0.976383,-0.022666,-0.128543,-0.172163
3.560743,0.064249,-0.051172,0.327904,0.976383,-0.022666,-0.128543,-0.172163
3.570793,0.064063,-0.051172,0.327492,0.976383,-0.022666,-0.128543,-0.172163
3.580854,0.063882,-0.051172,0.327080,0.976383,-0.022666,-0.128543,-0.172163
3.590915,0.063706,-0.051172,0.326668,0.976383,-0.022666,-0.128543,-0.172163
3.600978,0.063537,-0.051172,0.326257,0.976383,-0.022666,-0.128543,-0.172163
3.611040,0.063372,-0.051172,0.325846,0.976383,-0.022666,-0.128543,-0.172163
3.621102,0.063214,-0.051172,0.325436,0.976383,-0.022666,-0.128543,-0.172163
3.631163,0.063060,-0.051172,0.325026,0.976383,-0.022666,-0.128543,-0.172163
3.641223,0.062912,-0.051172,0.324618,0.976383,-0.022666,-0.128543,-0.172163
3.651279,0.062770,-0.051172,0.324210,0.976383,-0.022666,-0.128543,-0.172163
3.661340,0.062632,-0.051172,0.323804,0.976383,-0.022666,-0.128543,-0.172163
3.671399,0.062500,-0.051172,0.323398,0.976383,-0.022666,-0.128543,-0.172163
3.681460,0.062373,-0.051172,0.322994,0.976383,-0.022666,-0.128543,-0.172163
3.691521,0.062251,-0.051172,0.322591,0.976383,-0.022666,-0.128543,-0.172163
3.701582,0.062134,-0.051172,0.322191,0.976383,-0.022666,-0.128543,-0.172163
3.711642,0.062023,-0.051172,0.321791,0.976383,-0.022666,-0.128543,-0.172163
3.721704,0.061916,-0.051172,0.321393,0.976383,-0.022666,-0.128543,-0.172163
3.731768,0.061814,-0.051172,0.320997,0.976383,-0.022666,-0.128543,-0.172163
3.741820,0.061716,-0.051172,0.320603,0.976383,-0.022666,-0.128543,-0.172163
3.751884,0.061623,-0.051173,0.320211,0.976383,-0.022666,-0.128543,-0.172163
3.761935,0.061535,-0.051173,0.319820,0.976383,-0.022666,-0.128543,-0.172163
3.771987,0.061452,-0.051173,0.319433,0.976383,-0.022666,-0.128543,-0.172163
3.782037,0.061373,-0.051173,0.319048,0.976383,-0.022666,-0.128543,-0.172163
3.792089,0.061298,-0.051173,0.318664,0.976383,-0.022666,-0.128543,-0.172163
3.802139,0.061227,-0.051173,0.318284,0.976383,-0.022666,-0.128543,-0.172163
3.812189,0.061161,-0.051173,0.317906,0.976383,-0.022666,-0.128543,-0.172163
3.822251,0.061099,-0.051173,0.317530,0.976383,-0.022666,-0.128543,-0.172163
3.832313,0.061041,-0.051173,0.317157,0.976383,-0.022666,-0.128543,-0.172163
3.842373,0.060988,-0.051173,0.316787,0.976383,-0.022666,-0.128543,-0.172163
3.852436,0.060937,-0.051173,0.316419,0.976383,-0.022666,-0.128543,-0.172163
3.862498,0.060891,-0.051173,0.316055,0.976383,-0.022666,-0.128543,-0.172163
3.872560,0.060849,-0.051173,0.315694,0.976383,-0.022666,-0.128543,-0.172163
3.882619,0.060810,-0.051173,0.315336,0.976383,-0.022666,-0.128543,-0.172163
3.892671,0.060775,-0.051173,0.314981,0.976383,-0.022666,-0.128543,-0.172163
3.902733,0.060743,-0.051173,0.314629,0.976383,-0.022666,-0.128543,-0.172163
3.912793,0.060714,-0.051173,0.314281,0.976383,-0.022666,-0.128543,-0.172163
3.922853,0.060689,-0.051173,0.313936,0.976383,-0.022666,-0.128543,-0.172163
3.932910,0.060667,-0.051173,0.313595,0.976383,-0.022666,-0.128543,-0.172163
3.942965,0.060649,-0.051173,0.313256,0.976383,-0.022666,-0.128543,-0.172163
3.953019,0.060633,-0.051173,0.312921,0.976383,-0.022666,-0.128543,-0.172163
3.963074,0.060620,-0.051173,0.312590,0.976383,-0.022666,-0.128543,-0.172163
3.973137,0.060610,-0.051173,0.312263,0.976383,-0.022666,-0.128543,-0.172163
3.983200,0.060603,-0.051173,0.311939,0.976383,-0.022666,-0.128543,-0.172163
3.993264,0.060598,-0.051173,0.311619,0.976383,-0.022666,-0.128543,-0.172163
4.003326,0.060596,-0.051173,0.311303,0.976383,-0.022666,-0.128543,-0.172163
4.013389,0.060596,-0.051173,0.310989,0.976383,-0.022666,-0.128543,-0.172163
4.023453,0.060599,-0.051173,0.310675,0.976383,-0.022666,-0.128543,-0.172163
4.033518,0.060605,-0.051173,0.310361,0.976383,-0.022666,-0.128543,-0.172163
4.043579,0.060613,-0.051173,0.310046,0.976383,-0.022666,-0.128543,-0.172163
4.053642,0.060623,-0.051173,0.309732,0.976383,-0.022666,-0.128543,-0.172163
4.063706,0.060636,-0.051173,0.309419,0.976383,-0.022666,-0.128543,-0.172163
4.073770,0.060651,-0.051173,0.309105,0.976383,-0.022666,-0.128543,-0.172163
4.083833,0.060669,-0.051173,0.308791,0.976383,-0.022666,-0.128543,-0.172163
4.093896,0.060689,-0.051173,0.308478,0.976383,-0.022666,-0.128543,-0.172163
4.103958,0.060711,-0.051173,0.308164,0.976383,-0.022666,-0.128543,-0.172163
4.114011,0.060737,-0.051173,0.307851,0.976383,-0.022666,-0.128543,-0.172163
4.124065,0.060764,-0.051173,0.307538,0.976383,-0.022666,-0.128543,-0.172163
4.134118,0.060794,-0.051173,0.307225,0.976383,-0.022666,-0.128543,-0.172163
4.144171,0.060827,-0.051173,0.306913,0.976383,-0.022666,-0.128543,-0.172163
4.154223,0.060862,-0.051173,0.306601,0.976383,-0.022666,-0.128543,-0.172163
4.164275,0.060899,-0.051173,0.306289,0.976383,-0.022666,-0.128543,-0.172163
4.174327,0.060939,-0.051173,0.305977,0.976383,-0.022666,-0.128543,-0.172163
4.184379,0.060981,-0.051173,0.305666,0.976383,-0.022666,-0.128543,-0.172163
4.194431,0.061026,-0.051173,0.305355,0.976383,-0.022666,-0.128543,-0.172163
4.204483,0.061073,-0.051173,0.305044,0.976383,-0.022666,-0.128543,-0.172163
4.214535,0.061122,-0.051173,0.304734,0.976383,-0.022666,-0.128543,-0.172163
4.224588,0.061175,-0.051173,0.304424,0.976383,-0.022666,-0.128543,-0.172163
4.234640,0.061229,-0.051173,0.304115,0.976383,-0.022666,-0.128543,-0.172163
4.244692,0.061286,-0.051173,0.303806,0.976383,-0.022666,-0.128543,-0.172163
4.254745,0.061345,-0.051173,0.303498,0.976383,-0.022666,-0.128543,-0.172163
4.264798,0.061407,-0.051173,0.303189,0.976383,-0.022666,-0.128543,-0.172163
4.274850,0.061471,-0.051173,0.302882,0.976383,-0.022666,-0.128543,-0.172163
4.284902,0.061538,-0.051173,0.302575,0.976383,-0.022666,-0.128543,-0.172163
4.294954,0.061607,-0.051173,0.302268,0.976383,-0.022666,-0.128543,-0.172163
4.304993,0.061678,-0.051173,0.301962,0.976383,-0.022666,-0.128543,-0.172163
4.315045,0.061828,-0.051173,0.301352,0.976383,-0.022666,-0.128543,-0.172163
4.325098,0.061906,-0.051173,0.301048,0.976383,-0.022666,-0.128543,-0.172163
4.335151,0.061987,-0.051173,0.300745,0.976383,-0.022666,-0.128543,-0.172163
4.345204,0.062071,-0.051173,0.300442,0.976383,-0.022666,-0.128543,-0.172163
4.355257,0.062156,-0.051173,0.300139,0.976383,-0.022666,-0.128543,-0.172163
4.365309,0.062245,-0.051173,0.299838,0.976383,-0.022666,-0.128543,-0.172163
4.375361,0.062335,-0.051173,0.299537,0.976383,-0.022666,-0.128543,-0.172163
4.385413,0.062428,-0.051173,0.299237,0.976383,-0.022666,-0.128543,-0.172163
4.395466,0.062523,-0.051173,0.298938,0.976383,-0.022666,-0.128543,-0.172163
4.405518,0.062621,-0.051173,0.298639,0.976383,-0.022666,-0.128543,-0.172163
4.415570,0.062720,-0.051173,0.298341,0.976383,-0.022666,-0.128543,-0.172163
4.425622,0.062823,-0.051173,0.298044,0.976383,-0.022666,-0.128543,-0.172163
4.435675,0.062927,-0.051173,0.297748,0.976383,-0.022666,-0.128543,-0.172163
4.445727,0.063034,-0.051173,0.297452,0.976383,-0.022666,-0.128543,-0.172163
4.455781,0.063143,-0.051173,0.297158,0.976383,-0.022666,-0.128543,-0.172163
4.465834,0.063255,-0.051173,0.296864,0.976383,-0.022666,-0.128543,-0.172163
4.475897,0.063368,-0.051173,0.296571,0.976383,-0.022666,-0.128543,-0.172163
4.485951,0.063484,-0.051173,0.296279,0.976383,-0.022666,-0.128543,-0.172163
4.496014,0.063603,-0.051173,0.295988,0.976383,-0.022666,-0.128543,-0.172163
4.506074,0.063723,-0.051173,0.295698,0.976383,-0.022666,-0.128543,-0.172163
4.516135,0.063846,-0.051173,0.295409,0.976383,-0.022666,-0.128543,-0.172163
4.526195,0.063971,-0.051173,0.295121,0.976383,-0.022666,-0.128543,-0.172163
4.536256,0.064099,-0.051173,0.294834,0.976383,-0.022666,-0.128543,-0.172163
4.546309,0.064229,-0.051173,0.294548,0.976383,-0.022666,-0.128543,-0.172163
4.556363,0.064361,-0.051173,0.294263,0.976383,-0.022666,-0.128543,-0.172163
4.566424,0.064495,-0.051173,0.293978,0.976383,-0.022666,-0.128543,-0.172163
4.576476,0.064631,-0.051173,0.293695,0.976383,-0.022666,-0.128543,-0.172163
4.586526,0.064770,-0.051173,0.293414,0.976383,-0.022666,-0.128543,-0.172163
4.596592,0.064911,-0.051173,0.293133,0.976383,-0.022666,-0.128543,-0.172163
4.606652,0.065054,-0.051173,0.292853,0.976383,-0.022666,-0.128543,-0.172163
4.616704,0.065199,-0.051173,0.292574,0.976383,-0.022666,-0.128543,-0.172163
4.626764,0.065346,-0.051173,0.292297,0.976383,-0.022666,-0.128543,-0.172163
4.636825,0.065496,-0.051173,0.292021,0.976383,-0.022666,-0.128543,-0.172163
4.646879,0.065648,-0.051173,0.291746,0.976383,-0.022666,-0.128543,-0.172163
4.656939,0.065801,-0.051173,0.291472,0.976383,-0.022666,-0.128543,-0.172163
4.667002,0.065957,-0.051173,0.291199,0.976383,-0.022666,-0.128543,-0.172163
4.677067,0.066116,-0.051173,0.290928,0.976383,-0.022666,-0.128543,-0.172163
4.687127,0.066276,-0.051173,0.290658,0.976383,-0.022666,-0.128543,-0.172163
4.697188,0.066438,-0.051173,0.290389,0.976383,-0.022666,-0.128543,-0.172163
4.707253,0.066603,-0.051173,0.290121,0.976383,-0.022666,-0.128543,-0.172163
4.717317,0.066770,-0.051173,0.289855,0.976383,-0.022666,-0.128543,-0.172163
4.727377,0.066938,-0.051173,0.289590,0.976383,-0.022666,-0.128543,-0.172163
4.737440,0.067109,-0.051173,0.289326,0.976383,-0.022666,-0.128543,-0.172163
4.747501,0.067282,-0.051173,0.289064,0.976383,-0.022666,-0.128543,-0.172163
4.757565,0.067457,-0.051173,0.288803,0.976383,-0.022666,-0.128543,-0.172163
4.767624,0.067634,-0.051173,0.288543,0.976383,-0.022666,-0.128543,-0.172163
4.777679,0.067813,-0.051173,0.288285,0.976383,-0.022666,-0.128543,-0.172163
4.787731,0.067994,-0.051173,0.288028,0.976383,-0.022666,-0.128543,-0.172163
4.797784,0.068177,-0.051173,0.287773,0.976383,-0.022666,-0.128543,-0.172163
4.807836,0.068362,-0.051173,0.287519,0.976383,-0.022666,-0.128543,-0.172163
4.817887,0.068549,-0.051173,0.287267,0.976383,-0.022666,-0.128543,-0.172163
4.827940,0.068738,-0.051173,0.287016,0.976383,-0.022666,-0.128543,-0.172163
4.837991,0.068929,-0.051173,0.286766,0.976383,-0.022666,-0.128543,-0.172163
4.848001,0.069122,-0.051173,0.286518,0.976383,-0.022666,-0.128543,-0.172163
4.858053,0.069317,-0.051173,0.286272,0.976383,-0.022666,-0.128543,-0.172163
4.868105,0.069513,-0.051173,0.286027,0.976383,-0.022666,-0.128543,-0.172163
4.878157,0.069712,-0.051173,0.285784,0.976383,-0.022666,-0.128543,-0.172163
4.888209,0.069913,-0.051173,0.285542,0.976383,-0.022666,-0.128543,-0.172163
4.898273,0.070115,-0.051173,0.285302,0.976383,-0.022666,-0.128543,-0.172163
4.908335,0.070319,-0.051173,0.285063,0.976383,-0.022666,-0.128543,-0.172163
4.918399,0.070526,-0.051173,0.284826,0.976383,-0.022666,-0.128543,-0.172163
4.928459,0.070734,-0.051173,0.284591,0.976383,-0.022666,-0.128543,-0.172163
4.938520,0.070944,-0.051173,0.284357,0.976383,-0.022666,-0.128543,-0.172163
4.948574,0.071156,-0.051173,0.284125,0.976383,-0.022666,-0.128543,-0.172163
4.958628,0.071369,-0.051173,0.283895,0.976383,-0.022666,-0.128543,-0.172163
4.968681,0.071584,-0.051173,0.283666,0.976383,-0.022666,-0.128543,-0.172163
4.978743,0.071802,-0.051173,0.283439,0.976383,-0.022666,-0.128543,-0.172163
4.988803,0.072021,-0.051173,0.283214,0.976383,-0.022666,-0.128543,-0.172163
4.998864,0.072241,-0.051173,0.282990,0.976383,-0.022666,-0.128543,-0.172163
5.008924,0.072464,-0.051173,0.282768,0.976383,-0.022666,-0.128543,-0.172163
5.018985,0.072688,-0.051173,0.282548,0.976383,-0.022666,-0.128543,-0.172163
5.029044,0.072914,-0.051173,0.282330,0.976383,-0.022666,-0.128543,-0.172163
5.039106,0.073142,-0.051173,0.282113,0.976383,-0.022666,-0.128543,-0.172163
5.049167,0.073371,-0.051173,0.281899,0.976383,-0.022666,-0.128543,-0.172163
5.059229,0.073602,-0.051173,0.281686,0.976383,-0.022666,-0.128543,-0.172163
5.069289,0.073835,-0.051173,0.281475,0.976383,-0.022666,-0.128543,-0.172163
5.079351,0.074069,-0.051173,0.281265,0.976383,-0.022666,-0.128543,-0.172163
5.089411,0.074305,-0.051173,0.281058,0.976383,-0.022666,-0.128543,-0.172163
5.099473,0.074542,-0.051173,0.280852,0.976383,-0.022666,-0.128543,-0.172163
5.109526,0.074782,-0.051173,0.280649,0.976383,-0.022666,-0.128543,-0.172163
5.119586,0.075022,-0.051173,0.280447,0.976383,-0.022666,-0.128543,-0.172163
5.129648,0.075265,-0.051173,0.280247,0.976383,-0.022666,-0.128543,-0.172163
5.139701,0.075509,-0.051173,0.280049,0.976383,-0.022666,-0.128543,-0.172163
5.149763,0.075754,-0.051173,0.279853,0.976383,-0.022666,-0.128543,-0.172163
5.159815,0.076001,-0.051173,0.279659,0.976383,-0.022666,-0.128543,-0.172163
5.169879,0.076250,-0.051173,0.279467,0.976383,-0.022666,-0.128543,-0.172163
5.179939,0.076500,-0.051173,0.279276,0.976383,-0.022666,-0.128543,-0.172163
5.190036,0.076751,-0.051173,0.279088,0.976383,-0.022666,-0.128543,-0.172163
5.200099,0.077004,-0.051173,0.278902,0.976383,-0.022666,-0.128543,-0.172163
5.210159,0.077258,-0.051173,0.278718,0.976383,-0.022666,-0.128543,-0.172163
5.220221,0.077514,-0.051173,0.278535,0.976383,-0.022666,-0.128543,-0.172163
5.230290,0.077772,-0.051173,0.278355,0.976383,-0.022666,-0.128543,-0.172163
5.240353,0.078030,-0.051173,0.278177,0.976383,-0.022666,-0.128543,-0.172163
5.250417,0.078290,-0.051173,0.278001,0.976383,-0.022666,-0.128543,-0.172163
5.260476,0.078552,-0.051173,0.277826,0.976383,-0.022666,-0.128543,-0.172163
5.270537,0.078815,-0.051173,0.277654,0.976383,-0.022666,-0.128543,-0.172163
5.280602,0.079079,-0.051173,0.277484,0.976383,-0.022666,-0.128543,-0.172163
5.290663,0.079344,-0.051173,0.277316,0.976383,-0.022666,-0.128543,-0.172163
5.300726,0.079611,-0.051173,0.277150,0.976383,-0.022666,-0.128543,-0.172163
5.310785,0.079879,-0.051173,0.276987,0.976383,-0.022666,-0.128543,-0.172163
5.320843,0.080149,-0.051173,0.276825,0.976383,-0.022666,-0.128543,-0.172163
5.330898,0.080419,-0.051173,0.276666,0.976383,-0.022666,-0.128543,-0.172163
5.340957,0.080691,-0.051173,0.276508,0.976383,-0.022666,-0.128543,-0.172163
5.351017,0.080964,-0.051173,0.276353,0.976383,-0.022666,-0.128543,-0.172163
5.361079,0.081239,-0.051173,0.276200,0.976383,-0.022666,-0.128543,-0.172163
5.371139,0.081514,-0.051173,0.276049,0.976383,-0.022666,-0.128543,-0.172163
5.381201,0.081791,-0.051173,0.275900,0.976383,-0.022666,-0.128543,-0.172163
5.391261,0.082069,-0.051173,0.275753,0.976383,-0.022666,-0.128543,-0.172163
5.401324,0.082348,-0.051173,0.275609,0.976383,-0.022666,-0.128543,-0.172163
5.411377,0.082628,-0.051173,0.275467,0.976383,-0.022666,-0.128543,-0.172163
5.421439,0.082909,-0.051173,0.275327,0.976383,-0.022666,-0.128543,-0.172163
5.431500,0.083191,-0.051173,0.275189,0.976383,-0.022666,-0.128543,-0.172163
5.441552,0.083475,-0.051173,0.275053,0.976383,-0.022666,-0.128543,-0.172163
5.451607,0.083759,-0.051173,0.274920,0.976383,-0.022666,-0.128543,-0.172163
5.461666,0.084045,-0.051173,0.274789,0.976383,-0.022666,-0.128543,-0.172163
5.471731,0.084331,-0.051173,0.274660,0.976383,-0.022666,-0.128543,-0.172163
5.481836,0.084619,-0.051173,0.274533,0.976383,-0.022666,-0.128543,-0.172163
5.491897,0.084907,-0.051173,0.274409,0.976383,-0.022666,-0.128543,-0.172163
5.501956,0.085197,-0.051173,0.274287,0.976383,-0.022666,-0.128543,-0.172163
5.512018,0.085487,-0.051173,0.274167,0.976383,-0.022666,-0.128543,-0.172163
5.522083,0.085778,-0.051173,0.274050,0.976383,-0.022666,-0.128543,-0.172163
5.532147,0.086071,-0.051173,0.273935,0.976383,-0.022666,-0.128543,-0.172163
5.542209,0.086364,-0.051173,0.273822,0.976383,-0.022666,-0.128543,-0.172163
5.552272,0.086658,-0.051173,0.273711,0.976383,-0.022666,-0.128543,-0.172163
5.562334,0.086953,-0.051173,0.273603,0.976383,-0.022666,-0.128543,-0.172163
5.572386,0.087248,-0.051173,0.273497,0.976383,-0.022666,-0.128543,-0.172163
5.582439,0.087545,-0.051173,0.273393,0.976383,-0.022666,-0.128543,-0.172163
5.592471,0.087842,-0.051173,0.273292,0.976383,-0.022666,-0.128543,-0.172163
5.602531,0.088140,-0.051173,0.273193,0.976383,-0.022666,-0.128543,-0.172163
5.612594,0.088439,-0.051173,0.273096,0.976383,-0.022666,-0.128543,-0.172163
5.622649,0.088739,-0.051173,0.273002,0.976383,-0.022666,-0.128543,-0.172163
5.632713,0.089039,-0.051173,0.272910,0.976383,-0.022666,-0.128543,-0.172163
5.642773,0.089341,-0.051173,0.272820,0.976383,-0.022666,-0.128543,-0.172163
5.652827,0.089642,-0.051173,0.272733,0.976383,-0.022666,-0.128543,-0.172163
5.662878,0.089945,-0.051173,0.272648,0.976383,-0.022666,-0.128543,-0.172163
5.672930,0.090248,-0.051173,0.272566,0.976383,-0.022666,-0.128543,-0.172163
5.682980,0.090552,-0.051173,0.272486,0.976383,-0.022666,-0.128543,-0.172163
5.693030,0.090856,-0.051173,0.272408,0.976383,-0.022666,-0.128543,-0.172163
5.703079,0.091161,-0.051173,0.272333,0.976383,-0.022666,-0.128543,-0.172163
5.713130,0.091467,-0.051173,0.272260,0.976383,-0.022666,-0.128543,-0.172163
5.723193,0.091773,-0.051173,0.272189,0.976383,-0.022666,-0.128543,-0.172163
5.733254,0.092080,-0.051173,0.272121,0.976383,-0.022666,-0.128543,-0.172163
5.743307,0.092387,-0.051173,0.272056,0.976383,-0.022666,-0.128543,-0.172163
5.753424,0.092695,-0.051173,0.271992,0.976383,-0.022666,-0.128543,-0.172163
5.763487,0.093003,-0.051173,0.271931,0.976383,-0.022666,-0.128543,-0.172163
5.773542,0.093311,-0.051173,0.271873,0.976383,-0.022666,-0.128543,-0.172163
5.783603,0.093621,-0.051173,0.271817,0.976383,-0.022666,-0.128543,-0.172163
5.793654,0.093930,-0.051173,0.271763,0.976383,-0.022666,-0.128543,-0.172163
5.803706,0.094240,-0.051173,0.271712,0.976383,-0.022666,-0.128543,-0.172163
5.813766,0.094550,-0.051173,0.271664,0.976383,-0.022666,-0.128543,-0.172163
5.823818,0.094861,-0.051173,0.271617,0.976383,-0.022666,-0.128543,-0.172163
5.833870,0.095172,-0.051173,0.271574,0.976383,-0.022666,-0.128543,-0.172163
5.843921,0.095484,-0.051173,0.271532,0.976383,-0.022666,-0.128543,-0.172163
5.853973,0.095795,-0.051173,0.271493,0.976383,-0.022666,-0.128543,-0.172163
5.864006,0.096107,-0.051173,0.271457,0.976383,-0.022666,-0.128543,-0.172163
5.874068,0.096420,-0.051173,0.271423,0.976383,-0.022666,-0.128543,-0.172163
5.884128,0.096732,-0.051173,0.271391,0.976383,-0.022666,-0.128543,-0.172163
5.894190,0.097045,-0.051173,0.271362,0.976383,-0.022666,-0.128543,-0.172163
5.904243,0.097358,-0.051173,0.271335,0.976383,-0.022666,-0.128543,-0.172163
5.914295,0.097671,-0.051173,0.271311,0.976383,-0.022666,-0.128543,-0.172163
5.924347,0.097985,-0.051173,0.271289,0.976383,-0.022666,-0.128543,-0.172163
5.934405,0.098298,-0.051173,0.271270,0.976383,-0.022666,-0.128543,-0.172163
5.944459,0.098612,-0.051173,0.271253,0.976383,-0.022666,-0.128543,-0.172163
5.954522,0.098926,-0.051173,0.271239,0.976383,-0.022666,-0.128543,-0.172163
5.964574,0.099240,-0.051173,0.271227,0.976383,-0.022666,-0.128543,-0.172163
5.974626,0.099554,-0.051173,0.271218,0.976383,-0.022666,-0.128543,-0.172163
5.984655,0.099868,-0.051173,0.271211,0.976383,-0.022666,-0.128543,-0.172163
5.994716,0.100182,-0.051173,0.271206,0.976383,-0.022666,-0.128543,-0.172163
6.004776,0.100496,-0.051173,0.271204,0.976383,-0.022666,-0.128543,-0.172163
6.014838,0.100810,-0.051173,0.271205,0.976383,-0.022666,-0.128543,-0.172163
6.024899,0.101124,-0.051173,0.271208,0.976383,-0.022666,-0.128543,-0.172163
6.034959,0.101438,-0.051173,0.271213,0.976383,-0.022666,-0.128543,-0.172163
6.045019,0.102067,-0.051173,0.271231,0.976383,-0.022666,-0.128543,-0.172163
6.055082,0.102380,-0.051173,0.271244,0.976383,-0.022666,-0.128543,-0.172163
6.065144,0.102694,-0.051173,0.271259,0.976383,-0.022666,-0.128543,-0.172163
6.075205,0.103008,-0.051173,0.271277,0.976383,-0.022666,-0.128543,-0.172163
6.085266,0.103321,-0.051173,0.271297,0.976383,-0.022666,-0.128543,-0.172163
6.095326,0.103635,-0.051173,0.271320,0.976383,-0.022666,-0.128543,-0.172163
6.105379,0.103948,-0.051173,0.271345,0.976383,-0.022666,-0.128543,-0.172163
6.115438,0.104261,-0.051173,0.271373,0.976383,-0.022666,-0.128543,-0.172163
6.125499,0.104574,-0.051173,0.271403,0.976383,-0.022666,-0.128543,-0.172163
6.135559,0.104886,-0.051173,0.271435,0.976383,-0.022666,-0.128543,-0.172163
6.145620,0.105198,-0.051173,0.271470,0.976383,-0.022666,-0.128543,-0.172163
6.155681,0.105510,-0.051173,0.271507,0.976383,-0.022666,-0.128543,-0.172163
6.165742,0.105822,-0.051173,0.271547,0.976383,-0.022666,-0.128543,-0.172163
6.175806,0.106133,-0.051173,0.271589,0.976383,-0.022666,-0.128543,-0.172163
6.185865,0.106444,-0.051173,0.271634,0.976383,-0.022666,-0.128543,-0.172163
6.195929,0.106755,-0.051173,0.271681,0.976383,-0.022666,-0.128543,-0.172163
6.205989,0.107065,-0.051173,0.271731,0.976383,-0.022666,-0.128543,-0.172163
6.216049,0.107375,-0.051173,0.271783,0.976383,-0.022666,-0.128543,-0.172163
6.226110,0.107684,-0.051173,0.271837,0.976383,-0.022666,-0.128543,-0.172163
6.236171,0.107993,-0.051173,0.271894,0.976383,-0.022666,-0.128543,-0.172163
6.246231,0.108301,-0.051173,0.271954,0.976383,-0.022666,-0.128543,-0.172163
6.256291,0.108610,-0.051173,0.272015,0.976383,-0.022666,-0.128543,-0.172163
6.266351,0.108917,-0.051173,0.272079,0.976383,-0.022666,-0.128543,-0.172163
6.276414,0.109224,-0.051173,0.272146,0.976383,-0.022666,-0.128543,-0.172163
6.286474,0.109531,-0.051173,0.272215,0.976383,-0.022666,-0.128543,-0.172163
6.296535,0.109837,-0.051173,0.272286,0.976383,-0.022666,-0.128543,-0.172163
6.306595,0.110142,-0.051173,0.272360,0.976383,-0.022666,-0.128543,-0.172163
6.316657,0.110447,-0.051173,0.272436,0.976383,-0.022666,-0.128543,-0.172163
6.326717,0.110751,-0.051173,0.272515,0.976383,-0.022666,-0.128543,-0.172163
6.336779,0.111054,-0.051173,0.272596,0.976383,-0.022666,-0.128543,-0.172163
6.346840,0.111357,-0.051173,0.272679,0.976383,-0.022666,-0.128543,-0.172163
6.356902,0.111660,-0.051173,0.272765,0.976383,-0.022666,-0.128543,-0.172163
6.366964,0.111961,-0.051173,0.272853,0.976383,-0.022666,-0.128543,-0.172163
6.377025,0.112262,-0.051173,0.272943,0.976383,-0.022666,-0.128543,-0.172163
6.387086,0.112562,-0.051173,0.273036,0.976383,-0.022666,-0.128543,-0.172163
6.397148,0.112861,-0.051173,0.273131,0.976383,-0.022666,-0.128543,-0.172163
6.407211,0.113160,-0.051173,0.273229,0.976383,-0.022666,-0.128543,-0.172163
6.417273,0.113458,-0.051173,0.273329,0.976383,-0.022666,-0.128543,-0.172163
6.427334,0.113755,-0.051173,0.273431,0.976383,-0.022666,-0.128543,-0.172163
6.437395,0.114051,-0.051173,0.273535,0.976383,-0.022666,-0.128543,-0.172163
6.447460,0.114347,-0.051173,0.273642,0.976383,-0.022666,-0.128543,-0.172163
6.457522,0.114641,-0.051173,0.273751,0.976383,-0.022666,-0.128543,-0.172163
6.467585,0.114935,-0.051173,0.273863,0.976383,-0.022666,-0.128543,-0.172163
6.477649,0.115228,-0.051173,0.273977,0.976383,-0.022666,-0.128543,-0.172163
6.487703,0.115520,-0.051173,0.274093,0.976383,-0.022666,-0.128543,-0.172163
6.497754,0.115811,-0.051173,0.274211,0.976383,-0.022666,-0.128543,-0.172163
6.507806,0.116101,-0.051173,0.274332,0.976383,-0.022666,-0.128543,-0.172163
6.517870,0.116390,-0.051173,0.274455,0.976383,-0.022666,-0.128543,-0.172163
6.527930,0.116678,-0.051173,0.274580,0.976383,-0.022666,-0.128543,-0.172163
6.537993,0.116965,-0.051173,0.274707,0.976383,-0.022666,-0.128543,-0.172163
6.548058,0.117251,-0.051173,0.274837,0.976383,-0.022666,-0.128543,-0.172163
6.558119,0.117536,-0.051173,0.274969,0.976383,-0.022666,-0.128543,-0.172163
6.568179,0.117821,-0.051173,0.275103,0.976383,-0.022666,-0.128543,-0.172163
6.578241,0.118104,-0.051173,0.275240,0.976383,-0.022666,-0.128543,-0.172163
6.588292,0.118385,-0.051173,0.275378,0.976383,-0.022666,-0.128543,-0.172163
6.598345,0.118666,-0.051173,0.275519,0.976383,-0.022666,-0.128543,-0.172163
6.608396,0.118946,-0.051173,0.275662,0.976383,-0.022666,-0.128543,-0.172163
6.618446,0.119225,-0.051173,0.275807,0.976383,-0.022666,-0.128543,-0.172163
6.628507,0.119502,-0.051173,0.275955,0.976383,-0.022666,-0.128543,-0.172163
6.638569,0.119778,-0.051173,0.276104,0.976383,-0.022666,-0.128543,-0.172163
6.648628,0.120053,-0.051173,0.276256,0.976383,-0.022666,-0.128543,-0.172163
6.658690,0.120327,-0.051173,0.276410,0.976383,-0.022666,-0.128543,-0.172163
6.668750,0.120600,-0.051173,0.276566,0.976383,-0.022666,-0.128543,-0.172163
6.678813,0.120871,-0.051173,0.276724,0.976383,-0.022666,-0.128543,-0.172163
6.688873,0.121141,-0.051173,0.276884,0.976383,-0.022666,-0.128543,-0.172163
6.698932,0.121410,-0.051173,0.277047,0.976383,-0.022666,-0.128543,-0.172163
6.708992,0.121678,-0.051173,0.277211,0.976383,-0.022666,-0.128543,-0.172163
6.719056,0.121944,-0.051173,0.277378,0.976383,-0.022666,-0.128543,-0.172163
6.729116,0.122209,-0.051173,0.277547,0.976383,-0.022666,-0.128543,-0.172163
6.739177,0.122473,-0.051173,0.277717,0.976383,-0.022666,-0.128543,-0.172163
6.749241,0.122735,-0.051173,0.277890,0.976383,-0.022666,-0.128543,-0.172163
6.759306,0.122996,-0.051173,0.278065,0.976383,-0.022666,-0.128543,-0.172163
6.769365,0.123256,-0.051173,0.278242,0.976383,-0.022666,-0.128543,-0.172163
6.779428,0.123514,-0.051173,0.278421,0.976383,-0.022666,-0.128543,-0.172163
6.789490,0.123771,-0.051173,0.278602,0.976383,-0.022666,-0.128543,-0.172163
6.799550,0.124026,-0.051173,0.278785,0.976383,-0.022666,-0.128543,-0.172163
6.809610,0.124280,-0.051173,0.278970,0.976383,-0.022666,-0.128543,-0.172163
6.819663,0.124532,-0.051173,0.279157,0.976383,-0.022666,-0.128543,-0.172163
6.829715,0.124783,-0.051173,0.279346,0.976383,-0.022666,-0.128543,-0.172163
6.839767,0.125033,-0.051173,0.279537,0.976383,-0.022666,-0.128543,-0.172163
6.849819,0.125281,-0.051173,0.279730,0.976383,-0.022666,-0.128543,-0.172163
6.859871,0.125527,-0.051173,0.279925,0.976383,-0.022666,-0.128543,-0.172163
6.869923,0.125772,-0.051173,0.280122,0.976383,-0.022666,-0.128543,-0.172163
6.879975,0.126015,-0.051173,0.280320,0.976383,-0.022666,-0.128543,-0.172163
6.889993,0.126257,-0.051173,0.280521,0.976383,-0.022666,-0.128543,-0.172163
6.900046,0.126497,-0.051173,0.280724,0.976383,-0.022666,-0.128543,-0.172163
6.910097,0.126736,-0.051173,0.280928,0.976383,-0.022666,-0.128543,-0.172163
6.920150,0.126973,-0.051173,0.281134,0.976383,-0.022666,-0.128543,-0.172163
6.930202,0.127208,-0.051173,0.281342,0.976383,-0.022666,-0.128543,-0.172163
6.940255,0.127442,-0.051173,0.281552,0.976383,-0.022666,-0.128543,-0.172163
6.950314,0.127674,-0.051173,0.281764,0.976383,-0.022666,-0.128543,-0.172163
6.960367,0.127904,-0.051173,0.281978,0.976383,-0.022666,-0.128543,-0.172163
6.970419,0.128133,-0.051173,0.282193,0.976383,-0.022666,-0.128543,-0.172163
6.980471,0.128360,-0.051173,0.282410,0.976383,-0.022666,-0.128543,-0.172163
6.990524,0.128585,-0.051173,0.282629,0.976383,-0.022666,-0.128543,-0.172163
7.000577,0.128809,-0.051173,0.282850,0.976383,-0.022666,-0.128543,-0.172163
7.010627,0.129031,-0.051173,0.283072,0.976383,-0.022666,-0.128543,-0.172163
7.020690,0.129251,-0.051173,0.283296,0.976383,-0.022666,-0.128543,-0.172163
7.030751,0.129469,-0.051173,0.283522,0.976383,-0.022666,-0.128543,-0.172163
7.040813,0.129686,-0.051173,0.283750,0.976383,-0.022666,-0.128543,-0.172163
7.050858,0.129900,-0.051173,0.283979,0.976383,-0.022666,-0.128543,-0.172163
7.060910,0.130113,-0.051173,0.284210,0.976383,-0.022666,-0.128543,-0.172163
7.070971,0.130324,-0.051173,0.284443,0.976383,-0.022666,-0.128543,-0.172163
7.081034,0.130534,-0.051173,0.284677,0.976383,-0.022666,-0.128543,-0.172163
7.091096,0.130741,-0.051173,0.284913,0.976383,-0.022666,-0.128543,-0.172163
7.101157,0.130947,-0.051173,0.285151,0.976383,-0.022666,-0.128543,-0.172163
7.111220,0.131150,-0.051173,0.285390,0.976383,-0.022666,-0.128543,-0.172163
7.121281,0.131352,-0.051173,0.285631,0.976383,-0.022666,-0.128543,-0.172163
7.131343,0.131552,-0.051173,0.285873,0.976383,-0.022666,-0.128543,-0.172163
7.141403,0.131750,-0.051173,0.286117,0.976383,-0.022666,-0.128543,-0.172163
7.151465,0.131946,-0.051173,0.286362,0.976383,-0.022666,-0.128543,-0.172163
7.161529,0.132140,-0.051173,0.286609,0.976383,-0.022666,-0.128543,-0.172163
7.171591,0.132332,-0.051173,0.286858,0.976383,-0.022666,-0.128543,-0.172163
7.181652,0.132523,-0.051173,0.287108,0.976383,-0.022666,-0.128543,-0.172163
7.191716,0.132711,-0.051173,0.287359,0.976383,-0.022666,-0.128543,-0.172163
7.201776,0.132897,-0.051173,0.287612,0.976383,-0.022666,-0.128543,-0.172163
7.211840,0.133081,-0.051173,0.287867,0.976383,-0.022666,-0.128543,-0.172163
7.221903,0.133264,-0.051173,0.288123,0.976383,-0.022666,-0.128543,-0.172163
7.231963,0.133444,-0.051173,0.288380,0.976383,-0.022666,-0.128543,-0.172163
7.242026,0.133622,-0.051173,0.288639,0.976383,-0.022666,-0.128543,-0.172163
7.252080,0.133798,-0.051173,0.288899,0.976383,-0.022666,-0.128543,-0.172163
7.262154,0.133973,-0.051173,0.289160,0.976383,-0.022666,-0.128543,-0.172163
7.272217,0.134145,-0.051173,0.289423,0.976383,-0.022666,-0.128543,-0.172163
7.282278,0.134315,-0.051173,0.289687,0.976383,-0.022666,-0.128543,-0.172163
7.292338,0.134483,-0.051173,0.289953,0.976383,-0.022666,-0.128543,-0.172163
7.302401,0.134649,-0.051173,0.290220,0.976383,-0.022666,-0.128543,-0.172163
7.312465,0.134812,-0.051173,0.290488,0.976383,-0.022666,-0.128543,-0.172163
7.322524,0.134974,-0.051173,0.290757,0.976383,-0.022666,-0.128543,-0.172163
7.332587,0.135133,-0.051173,0.291028,0.976383,-0.022666,-0.128543,-0.172163
7.342640,0.135291,-0.051173,0.291299,0.976383,-0.022666,-0.128543,-0.172163
7.352701,0.135446,-0.051173,0.291573,0.976383,-0.022666,-0.128543,-0.172163
7.362760,0.135599,-0.051173,0.291847,0.976383,-0.022666,-0.128543,-0.172163
7.372822,0.135750,-0.051173,0.292122,0.976383,-0.022666,-0.128543,-0.172163
7.382884,0.135899,-0.051173,0.292399,0.976383,-0.022666,-0.128543,-0.172163
7.392944,0.136046,-0.051173,0.292677,0.976383,-0.022666,-0.128543,-0.172163
7.403004,0.136190,-0.051173,0.292956,0.976383,-0.022666,-0.128543,-0.172163
7.413065,0.136332,-0.051173,0.293236,0.976383,-0.022666,-0.128543,-0.172163
7.423128,0.136472,-0.051173,0.293517,0.976383,-0.022666,-0.128543,-0.172163
7.433188,0.136610,-0.051173,0.293800,0.976383,-0.022666,-0.128543,-0.172163
7.443265,0.136746,-0.051173,0.294083,0.976383,-0.022666,-0.128543,-0.172163
7.453328,0.136879,-0.051173,0.294367,0.976383,-0.022666,-0.128543,-0.172163
7.463388,0.137010,-0.051173,0.294653,0.976383,-0.022666,-0.128543,-0.172163
7.473451,0.137139,-0.051173,0.294939,0.976383,-0.022666,-0.128543,-0.172163
7.483504,0.137266,-0.051173,0.295227,0.976383,-0.022666,-0.128543,-0.172163
7.493556,0.137390,-0.051173,0.295515,0.976383,-0.022666,-0.128543,-0.172163
7.503610,0.137512,-0.051173,0.295805,0.976383,-0.022666,-0.128543,-0.172163
7.513671,0.137632,-0.051173,0.296095,0.976383,-0.022666,-0.128543,-0.172163
7.523730,0.137749,-0.051173,0.296387,0.976383,-0.022666,-0.128543,-0.172163
7.533782,0.137864,-0.051173,0.296679,0.976383,-0.022666,-0.128543,-0.172163
7.543841,0.137977,-0.051173,0.296972,0.976383,-0.022666,-0.128543,-0.172163
7.553905,0.138088,-0.051173,0.297266,0.976383,-0.022666,-0.128543,-0.172163
7.563967,0.138196,-0.051173,0.297561,0.976383,-0.022666,-0.128543,-0.172163
7.574022,0.138302,-0.051173,0.297857,0.976383,-0.022666,-0.128543,-0.172163
7.584083,0.138406,-0.051173,0.298153,0.976383,-0.022666,-0.128543,-0.172163
7.594146,0.138507,-0.051173,0.298451,0.976383,-0.022666,-0.128543,-0.172163
7.604206,0.138606,-0.051173,0.298749,0.976383,-0.022666,-0.128543,-0.172163
7.614270,0.138703,-0.051173,0.299048,0.976383,-0.022666,-0.128543,-0.172163
7.624334,0.138797,-0.051173,0.299347,0.976383,-0.022666,-0.128543,-0.172163
7.634395,0.138889,-0.051173,0.299648,0.976383,-0.022666,-0.128543,-0.172163
7.644448,0.138979,-0.051173,0.299949,0.976383,-0.022666,-0.128543,-0.172163
7.654509,0.139066,-0.051173,0.300251,0.976383,-0.022666,-0.128543,-0.172163
7.664570,0.139151,-0.051173,0.300553,0.976383,-0.022666,-0.128543,-0.172163
7.674633,0.139233,-0.051173,0.300856,0.976383,-0.022666,-0.128543,-0.172163
7.684696,0.139313,-0.051173,0.301160,0.976383,-0.022666,-0.128543,-0.172163
7.694756,0.139391,-0.051173,0.301465,0.976383,-0.022666,-0.128543,-0.172163
7.704817,0.139466,-0.051173,0.301770,0.976383,-0.022666,-0.128543,-0.172163
7.714879,0.139539,-0.051173,0.302075,0.976383,-0.022666,-0.128543,-0.172163
7.724940,0.139610,-0.051173,0.302381,0.976383,-0.022666,-0.128543,-0.172163
7.735050,0.139743,-0.051173,0.302995,0.976383,-0.022666,-0.128543,-0.172163
7.745105,0.139807,-0.051173,0.303303,0.976383,-0.022666,-0.128543,-0.172163
7.755229,0.139868,-0.051173,0.303611,0.976383,-0.022666,-0.128543,-0.172163
7.765289,0.139926,-0.051173,0.303920,0.976383,-0.022666,-0.128543,-0.172163
7.775342,0.139982,-0.051173,0.304229,0.976383,-0.022666,-0.128543,-0.172163
7.785405,0.140036,-0.051173,0.304538,0.976383,-0.022666,-0.128543,-0.172163
7.795465,0.140087,-0.051173,0.304848,0.976383,-0.022666,-0.128543,-0.172163
7.805527,0.140135,-0.051173,0.305159,0.976383,-0.022666,-0.128543,-0.172163
7.815587,0.140182,-0.051173,0.305470,0.976383,-0.022666,-0.128543,-0.172163
7.825645,0.140225,-0.051173,0.305781,0.976383,-0.022666,-0.128543,-0.172163
7.835706,0.140267,-0.051173,0.306092,0.976383,-0.022666,-0.128543,-0.172163
7.845769,0.140306,-0.051173,0.306404,0.976383,-0.022666,-0.128543,-0.172163
7.855830,0.140342,-0.051173,0.306716,0.976383,-0.022666,-0.128543,-0.172163
7.865889,0.140376,-0.051173,0.307028,0.976383,-0.022666,-0.128543,-0.172163
7.875952,0.140408,-0.051173,0.307341,0.976383,-0.022666,-0.128543,-0.172163
7.886004,0.140437,-0.051173,0.307653,0.976383,-0.022666,-0.128543,-0.172163
7.896064,0.140464,-0.051173,0.307966,0.976383,-0.022666,-0.128543,-0.172163
7.906126,0.140488,-0.051173,0.308280,0.976383,-0.022666,-0.128543,-0.172163
7.916185,0.140510,-0.051173,0.308593,0.976383,-0.022666,-0.128543,-0.172163
7.926248,0.140529,-0.051173,0.308907,0.976383,-0.022666,-0.128543,-0.172163
7.936306,0.140546,-0.051173,0.309220,0.976383,-0.022666,-0.128543,-0.172163
7.946365,0.140560,-0.051173,0.309534,0.976383,-0.022666,-0.128543,-0.172163
7.956427,0.140572,-0.051173,0.309848,0.976383,-0.022666,-0.128543,-0.172163
7.966478,0.140581,-0.051173,0.310162,0.976383,-0.022666,-0.128543,-0.172163
7.976532,0.140588,-0.051173,0.310476,0.976383,-0.022666,-0.128543,-0.172163
7.986589,0.140593,-0.051173,0.310790,0.976383,-0.022666,-0.128543,-0.172163
7.996645,0.140595,-0.051173,0.311104,0.976383,-0.022666,-0.128543,-0.172163
8.006698,0.140594,-0.051173,0.311419,0.976383,-0.022666,-0.128543,-0.172163
8.016747,0.140591,-0.051173,0.311733,0.976383,-0.022666,-0.128543,-0.172163
8.026808,0.140586,-0.051173,0.312047,0.976383,-0.022666,-0.128543,-0.172163
8.036868,0.140578,-0.051173,0.312361,0.976383,-0.022666,-0.128543,-0.172163
8.046932,0.140568,-0.051173,0.312675,0.976383,-0.022666,-0.128543,-0.172163
8.056995,0.140555,-0.051173,0.312989,0.976383,-0.022666,-0.128543,-0.172163
8.067056,0.140540,-0.051173,0.313303,0.976383,-0.022666,-0.128543,-0.172163
8.077119,0.140522,-0.051173,0.313616,0.976383,-0.022666,-0.128543,-0.172163
8.087179,0.140502,-0.051173,0.313930,0.976383,-0.022666,-0.128543,-0.172163
8.097241,0.140479,-0.051173,0.314243,0.976383,-0.022666,-0.128543,-0.172163
8.107299,0.140454,-0.051173,0.314556,0.976383,-0.022666,-0.128543,-0.172163
8.117366,0.140427,-0.051173,0.314869,0.976383,-0.022666,-0.128543,-0.172163
8.127428,0.140396,-0.051173,0.315182,0.976383,-0.022666,-0.128543,-0.172163
8.137493,0.140364,-0.051173,0.315494,0.976383,-0.022666,-0.128543,-0.172163
8.147553,0.140329,-0.051173,0.315807,0.976383,-0.022666,-0.128543,-0.172163
8.157615,0.140292,-0.051173,0.316119,0.976383,-0.022666,-0.128543,-0.172163
8.167675,0.140252,-0.051173,0.316430,0.976383,-0.022666,-0.128543,-0.172163
8.177737,0.140210,-0.051173,0.316741,0.976383,-0.022666,-0.128543,-0.172163
8.187797,0.140165,-0.051173,0.317052,0.976383,-0.022666,-0.128543,-0.172163
8.197860,0.140118,-0.051173,0.317363,0.976383,-0.022666,-0.128543,-0.172163
8.207919,0.140068,-0.051173,0.317673,0.976383,-0.022666,-0.128543,-0.172163
8.217980,0.140016,-0.051173,0.317983,0.976383,-0.022666,-0.128543,-0.172163
8.228040,0.139962,-0.051173,0.318292,0.976383,-0.022666,-0.128543,-0.172163
8.238102,0.139905,-0.051173,0.318601,0.976383,-0.022666,-0.128543,-0.172163
8.248162,0.139845,-0.051173,0.318910,0.976383,-0.022666,-0.128543,-0.172163
8.258224,0.139784,-0.051173,0.319218,0.976383,-0.022666,-0.128543,-0.172163
8.268283,0.139720,-0.051173,0.319525,0.976383,-0.022666,-0.128543,-0.172163
8.278346,0.139653,-0.051173,0.319832,0.976383,-0.022666,-0.128543,-0.172163
8.288405,0.139584,-0.051173,0.320139,0.976383,-0.022666,-0.128543,-0.172163
8.298467,0.139513,-0.051173,0.320445,0.976383,-0.022666,-0.128543,-0.172163
8.308526,0.139439,-0.051173,0.320750,0.976383,-0.022666,-0.128543,-0.172163
8.318586,0.139363,-0.051173,0.321055,0.976383,-0.022666,-0.128543,-0.172163
8.328647,0.139284,-0.051173,0.321359,0.976383,-0.022666,-0.128543,-0.172163
8.338709,0.139203,-0.051173,0.321663,0.976383,-0.022666,-0.128543,-0.172163
8.348770,0.139120,-0.051173,0.321966,0.976383,-0.022666,-0.128543,-0.172163
8.358832,0.139034,-0.051173,0.322268,0.976383,-0.022666,-0.128543,-0.172163
8.368895,0.138946,-0.051173,0.322569,0.976383,-0.022666,-0.128543,-0.172163
8.378956,0.138856,-0.051173,0.322870,0.976383,-0.022666,-0.128543,-0.172163
8.389019,0.138763,-0.051173,0.323170,0.976383,-0.022666,-0.128543,-0.172163
8.399083,0.138668,-0.051173,0.323470,0.976383,-0.022666,-0.128543,-0.172163
8.409142,0.138570,-0.051173,0.323768,0.976383,-0.022666,-0.128543,-0.172163
8.419204,0.138470,-0.051173,0.324066,0.976383,-0.022666,-0.128543,-0.172163
8.429264,0.138368,-0.051173,0.324363,0.976383,-0.022666,-0.128543,-0.172163
8.439325,0.138264,-0.051173,0.324660,0.976383,-0.022666,-0.128543,-0.172163
8.449386,0.138157,-0.051173,0.324955,0.976383,-0.022666,-0.128543,-0.172163
8.459448,0.138048,-0.051173,0.325250,0.976383,-0.022666,-0.128543,-0.172163
8.469512,0.137936,-0.051173,0.325543,0.976383,-0.022666,-0.128543,-0.172163
8.479577,0.137822,-0.051173,0.325836,0.976383,-0.022666,-0.128543,-0.172163
8.489635,0.137706,-0.051173,0.326128,0.976383,-0.022666,-0.128543,-0.172163
8.499699,0.137588,-0.051173,0.326419,0.976383,-0.022666,-0.128543,-0.172163
8.509759,0.137467,-0.051173,0.326709,0.976383,-0.022666,-0.128543,-0.172163
8.519820,0.137344,-0.051173,0.326998,0.976383,-0.022666,-0.128543,-0.172163
8.529880,0.137219,-0.051173,0.327286,0.976383,-0.022666,-0.128543,-0.172163
8.539942,0.137092,-0.051173,0.327574,0.976383,-0.022666,-0.128543,-0.172163
8.549995,0.136962,-0.051173,0.327860,0.976383,-0.022666,-0.128543,-0.172163
8.560047,0.136830,-0.051173,0.328145,0.976383,-0.022666,-0.128543,-0.172163
8.570099,0.136696,-0.051173,0.328429,0.976383,-0.022666,-0.128543,-0.172163
8.580154,0.136560,-0.051173,0.328712,0.976383,-0.022666,-0.128543,-0.172163
8.590215,0.136421,-0.051173,0.328994,0.976383,-0.022666,-0.128543,-0.172163
8.600276,0.136280,-0.051173,0.329275,0.976383,-0.022666,-0.128543,-0.172163
8.610338,0.136137,-0.051173,0.329554,0.976383,-0.022666,-0.128543,-0.172163
8.620388,0.135992,-0.051173,0.329833,0.976383,-0.022666,-0.128543,-0.172163
8.630453,0.135844,-0.051173,0.330110,0.976383,-0.022666,-0.128543,-0.172163
8.640518,0.135695,-0.051173,0.330387,0.976383,-0.022666,-0.128543,-0.172163
8.650578,0.135543,-0.051173,0.330662,0.976383,-0.022666,-0.128543,-0.172163
8.660641,0.135389,-0.051173,0.330936,0.976383,-0.022666,-0.128543,-0.172163
8.670700,0.135233,-0.051173,0.331208,0.976383,-0.022666,-0.128543,-0.172163
8.680753,0.135075,-0.051173,0.331480,0.976383,-0.022666,-0.128543,-0.172163
8.690816,0.134915,-0.051173,0.331750,0.976383,-0.022666,-0.128543,-0.172163
8.700876,0.134752,-0.051173,0.332019,0.976383,-0.022666,-0.128543,-0.172163
8.710940,0.134588,-0.051173,0.332286,0.976383,-0.022666,-0.128543,-0.172163
8.721005,0.134421,-0.051173,0.332553,0.976383,-0.022666,-0.128543,-0.172163
8.731066,0.134252,-0.051173,0.332818,0.976383,-0.022666,-0.128543,-0.172163
8.741128,0.134082,-0.051173,0.333081,0.976383,-0.022666,-0.128543,-0.172163
8.751192,0.133909,-0.051173,0.333344,0.976383,-0.022666,-0.128543,-0.172163
8.761252,0.133734,-0.051173,0.333605,0.976383,-0.022666,-0.128543,-0.172163
8.771313,0.133557,-0.051173,0.333864,0.976383,-0.022666,-0.128543,-0.172163
8.781374,0.133378,-0.051173,0.334122,0.976383,-0.022666,-0.128543,-0.172163
8.791438,0.133197,-0.051173,0.334379,0.976383,-0.022666,-0.128543,-0.172163
8.801501,0.133014,-0.051173,0.334634,0.976383,-0.022666,-0.128543,-0.172163
8.811561,0.132829,-0.051173,0.334888,0.976383,-0.022666,-0.128543,-0.172163
8.821620,0.132642,-0.051173,0.335141,0.976383,-0.022666,-0.128543,-0.172163
8.831680,0.132453,-0.051173,0.335392,0.976383,-0.022666,-0.128543,-0.172163
8.841743,0.132262,-0.051173,0.335641,0.976383,-0.022666,-0.128543,-0.172163
8.851803,0.132069,-0.051173,0.335889,0.976383,-0.022666,-0.128543,-0.172163
8.861865,0.131874,-0.051173,0.336136,0.976383,-0.022666,-0.128543,-0.172163
8.871925,0.131677,-0.051173,0.336380,0.976383,-0.022666,-0.128543,-0.172163
8.881987,0.131479,-0.051173,0.336624,0.976383,-0.022666,-0.128543,-0.172163
8.892047,0.131278,-0.051173,0.336866,0.976383,-0.022666,-0.128543,-0.172163
8.902120,0.131076,-0.051173,0.337106,0.976383,-0.022666,-0.128543,-0.172163
8.912179,0.130871,-0.051173,0.337344,0.976383,-0.022666,-0.128543,-0.172163
8.922242,0.130665,-0.051173,0.337581,0.976383,-0.022666,-0.128543,-0.172163
8.932306,0.130457,-0.051173,0.337817,0.976383,-0.022666,-0.128543,-0.172163
8.942363,0.130247,-0.051173,0.338050,0.976383,-0.022666,-0.128543,-0.172163
8.952422,0.130035,-0.051173,0.338282,0.976383,-0.022666,-0.128543,-0.172163
8.962484,0.129822,-0.051173,0.338513,0.976383,-0.022666,-0.128543,-0.172163
8.972547,0.129606,-0.051173,0.338742,0.976383,-0.022666,-0.128543,-0.172163
8.982607,0.129389,-0.051173,0.338969,0.976383,-0.022666,-0.128543,-0.172163
8.992668,0.129170,-0.051173,0.339194,0.976383,-0.022666,-0.128543,-0.172163
9.002728,0.128949,-0.051173,0.339417,0.976383,-0.022666,-0.128543,-0.172163
9.012785,0.128727,-0.051173,0.339639,0.976383,-0.022666,-0.128543,-0.172163
9.022840,0.128503,-0.051173,0.339859,0.976383,-0.022666,-0.128543,-0.172163
9.032892,0.128277,-0.051173,0.340078,0.976383,-0.022666,-0.128543,-0.172163
9.042945,0.128049,-0.051173,0.340294,0.976383,-0.022666,-0.128543,-0.172163
9.052994,0.127820,-0.051173,0.340509,0.976383,-0.022666,-0.128543,-0.172163
9.063046,0.127589,-0.051173,0.340722,0.976383,-0.022666,-0.128543,-0.172163
9.073098,0.127356,-0.051173,0.340933,0.976383,-0.022666,-0.128543,-0.172163
9.083150,0.127122,-0.051173,0.341142,0.976383,-0.022666,-0.128543,-0.172163
9.093176,0.126886,-0.051173,0.341349,0.976383,-0.022666,-0.128543,-0.172163
9.103239,0.126648,-0.051173,0.341555,0.976383,-0.022666,-0.128543,-0.172163
9.113293,0.126409,-0.051173,0.341759,0.976383,-0.022666,-0.128543,-0.172163
9.123354,0.126168,-0.051173,0.341961,0.976383,-0.022666,-0.128543,-0.172163
9.133416,0.125926,-0.051173,0.342160,0.976383,-0.022666,-0.128543,-0.172163
9.143476,0.125682,-0.051173,0.342358,0.976383,-0.022666,-0.128543,-0.172163
9.153534,0.125437,-0.051173,0.342554,0.976383,-0.022666,-0.128543,-0.172163
9.163595,0.125190,-0.051173,0.342749,0.976383,-0.022666,-0.128543,-0.172163
9.173659,0.124941,-0.051173,0.342941,0.976383,-0.022666,-0.128543,-0.172163
9.183719,0.124691,-0.051173,0.343131,0.976383,-0.022666,-0.128543,-0.172163
9.193780,0.124440,-0.051173,0.343319,0.976383,-0.022666,-0.128543,-0.172163
9.203841,0.124187,-0.051173,0.343506,0.976383,-0.022666,-0.128543,-0.172163
9.213902,0.123932,-0.051173,0.343690,0.976383,-0.022666,-0.128543,-0.172163
9.223966,0.123676,-0.051173,0.343872,0.976383,-0.022666,-0.128543,-0.172163
9.234028,0.123419,-0.051173,0.344052,0.976383,-0.022666,-0.128543,-0.172163
9.244089,0.123160,-0.051173,0.344231,0.976383,-0.022666,-0.128543,-0.172163
9.254154,0.122900,-0.051173,0.344407,0.976383,-0.022666,-0.128543,-0.172163
9.264214,0.122639,-0.051173,0.344581,0.976383,-0.022666,-0.128543,-0.172163
9.274276,0.122376,-0.051173,0.344753,0.976383,-0.022666,-0.128543,-0.172163
9.284336,0.122112,-0.051173,0.344923,0.976383,-0.022666,-0.128543,-0.172163
9.294397,0.121846,-0.051173,0.345091,0.976383,-0.022666,-0.128543,-0.172163
9.304458,0.121580,-0.051173,0.345257,0.976383,-0.022666,-0.128543,-0.172163
9.314519,0.121311,-0.051173,0.345421,0.976383,-0.022666,-0.128543,-0.172163
9.324579,0.121042,-0.051173,0.345582,0.976383,-0.022666,-0.128543,-0.172163
9.334630,0.120771,-0.051173,0.345742,0.976383,-0.022666,-0.128543,-0.172163
9.344680,0.120500,-0.051173,0.345899,0.976383,-0.022666,-0.128543,-0.172163
9.354729,0.120226,-0.051173,0.346055,0.976383,-0.022666,-0.128543,-0.172163
9.364786,0.119952,-0.051173,0.346208,0.976383,-0.022666,-0.128543,-0.172163
9.374840,0.119677,-0.051173,0.346359,0.976383,-0.022666,-0.128543,-0.172163
9.384893,0.119400,-0.051173,0.346507,0.976383,-0.022666,-0.128543,-0.172163
9.394943,0.119122,-0.051173,0.346654,0.976383,-0.022666,-0.128543,-0.172163
9.405004,0.118563,-0.051173,0.346941,0.976383,-0.022666,-0.128543,-0.172163
9.415065,0.118282,-0.051173,0.347081,0.976383,-0.022666,-0.128543,-0.172163
9.425124,0.117999,-0.051173,0.347218,0.976383,-0.022666,-0.128543,-0.172163
9.435188,0.117716,-0.051173,0.347354,0.976383,-0.022666,-0.128543,-0.172163
9.445251,0.117432,-0.051173,0.347487,0.976383,-0.022666,-0.128543,-0.172163
9.455310,0.117146,-0.051173,0.347618,0.976383,-0.022666,-0.128543,-0.172163
9.465392,0.116860,-0.051173,0.347747,0.976383,-0.022666,-0.128543,-0.172163
9.475454,0.116572,-0.051173,0.347874,0.976383,-0.022666,-0.128543,-0.172163
9.485517,0.116284,-0.051173,0.347998,0.976383,-0.022666,-0.128543,-0.172163
9.495568,0.115994,-0.051173,0.348120,0.976383,-0.022666,-0.128543,-0.172163
9.505630,0.115704,-0.051173,0.348240,0.976383,-0.022666,-0.128543,-0.172163
9.515691,0.115412,-0.051173,0.348358,0.976383,-0.022666,-0.128543,-0.172163
9.525752,0.115120,-0.051173,0.348473,0.976383,-0.022666,-0.128543,-0.172163
9.535816,0.114827,-0.051173,0.348586,0.976383,-0.022666,-0.128543,-0.172163
9.545873,0.114533,-0.051173,0.348696,0.976383,-0.022666,-0.128543,-0.172163
9.555925,0.114238,-0.051173,0.348805,0.976383,-0.022666,-0.128543,-0.172163
9.565984,0.113942,-0.051173,0.348911,0.976383,-0.022666,-0.128543,-0.172163
9.576006,0.113646,-0.051173,0.349014,0.976383,-0.022666,-0.128543,-0.172163
9.586059,0.113348,-0.051173,0.349116,0.976383,-0.022666,-0.128543,-0.172163
9.596111,0.113050,-0.051173,0.349215,0.976383,-0.022666,-0.128543,-0.172163
9.606163,0.112751,-0.051173,0.349311,0.976383,-0.022666,-0.128543,-0.172163
9.616216,0.112452,-0.051173,0.349406,0.976383,-0.022666,-0.128543,-0.172163
9.626268,0.112151,-0.051173,0.349498,0.976383,-0.022666,-0.128543,-0.172163
9.636319,0.111850,-0.051173,0.349587,0.976383,-0.022666,-0.128543,-0.172163
9.646372,0.111548,-0.051173,0.349674,0.976383,-0.022666,-0.128543,-0.172163
9.656425,0.111246,-0.051173,0.349759,0.976383,-0.022666,-0.128543,-0.172163
9.666477,0.110943,-0.051173,0.349842,0.976383,-0.022666,-0.128543,-0.172163
9.676528,0.110639,-0.051173,0.349922,0.976383,-0.022666,-0.128543,-0.172163
9.686579,0.110334,-0.051173,0.349999,0.976383,-0.022666,-0.128543,-0.172163
9.696642,0.110029,-0.051173,0.350075,0.976383,-0.022666,-0.128543,-0.172163
9.706701,0.109724,-0.051173,0.350148,0.976383,-0.022666,-0.128543,-0.172163
9.716765,0.109418,-0.051172,0.350218,0.976383,-0.022666,-0.128543,-0.172163
9.726827,0.109111,-0.051172,0.350286,0.976383,-0.022666,-0.128543,-0.172163
9.736886,0.108804,-0.051172,0.350352,0.976383,-0.022666,-0.128543,-0.172163
9.746946,0.108496,-0.051172,0.350415,0.976383,-0.022666,-0.128543,-0.172163
9.757008,0.108188,-0.051172,0.350476,0.976383,-0.022666,-0.128543,-0.172163
9.767071,0.107879,-0.051172,0.350534,0.976383,-0.022666,-0.128543,-0.172163
9.777136,0.107570,-0.051172,0.350590,0.976383,-0.022666,-0.128543,-0.172163
9.787197,0.107261,-0.051172,0.350644,0.976383,-0.022666,-0.128543,-0.172163
9.797259,0.106951,-0.051172,0.350695,0.976383,-0.022666,-0.128543,-0.172163
9.807319,0.106640,-0.051172,0.350744,0.976383,-0.022666,-0.128543,-0.172163
9.817380,0.106330,-0.051172,0.350790,0.976383,-0.022666,-0.128543,-0.172163
9.827441,0.106018,-0.051172,0.350834,0.976383,-0.022666,-0.128543,-0.172163
9.837502,0.105707,-0.051172,0.350875,0.976383,-0.022666,-0.128543,-0.172163
9.847562,0.105395,-0.051172,0.350914,0.976383,-0.022666,-0.128543,-0.172163
9.857623,0.105083,-0.051172,0.350951,0.976383,-0.022666,-0.128543,-0.172163
9.867683,0.104771,-0.051172,0.350985,0.976383,-0.022666,-0.128543,-0.172163
9.877744,0.104458,-0.051172,0.351016,0.976383,-0.022666,-0.128543,-0.172163
9.887805,0.104146,-0.051172,0.351045,0.976383,-0.022666,-0.128543,-0.172163
9.897865,0.103833,-0.051172,0.351072,0.976383,-0.022666,-0.128543,-0.172163
9.907926,0.103519,-0.051172,0.351096,0.976383,-0.022666,-0.128543,-0.172163
9.917987,0.103206,-0.051172,0.351118,0.976383,-0.022666,-0.128543,-0.172163
9.928047,0.102892,-0.051172,0.351137,0.976383,-0.022666,-0.128543,-0.172163
9.938108,0.102579,-0.051172,0.351154,0.976383,-0.022666,-0.128543,-0.172163
9.948169,0.102265,-0.051172,0.351168,0.976383,-0.022666,-0.128543,-0.172163
9.958231,0.101951,-0.051172,0.351180,0.976383,-0.022666,-0.128543,-0.172163
9.968252,0.101637,-0.051172,0.351190,0.976383,-0.022666,-0.128543,-0.172163
9.978314,0.101323,-0.051172,0.351197,0.976383,-0.022666,-0.128543,-0.172163
9.988377,0.101009,-0.051172,0.351201,0.976383,-0.022666,-0.128543,-0.172163
9.998436,0.100695,-0.051172,0.351203,0.976383,-0.022666,-0.128543,-0.172163
10.008496,0.100380,-0.051172,0.351203,0.976383,-0.022666,-0.128543,-0.172163
10.018558,0.100066,-0.051172,0.351200,0.976383,-0.022666,-0.128543,-0.172163
10.028622,0.099752,-0.051172,0.351194,0.976383,-0.022666,-0.128543,-0.172163
10.038685,0.099438,-0.051172,0.351186,0.976383,-0.022666,-0.128543,-0.172163
10.048745,0.099124,-0.051172,0.351176,0.976383,-0.022666,-0.128543,-0.172163
10.058808,0.098810,-0.051172,0.351163,0.976383,-0.022666,-0.128543,-0.172163
10.068873,0.098496,-0.051172,0.351148,0.976383,-0.022666,-0.128543,-0.172163
10.078927,0.098183,-0.051172,0.351130,0.976383,-0.022666,-0.128543,-0.172163
10.088981,0.097869,-0.051172,0.351110,0.976383,-0.022666,-0.128543,-0.172163
10.099033,0.097556,-0.051172,0.351088,0.976383,-0.022666,-0.128543,-0.172163
10.109084,0.097243,-0.051172,0.351062,0.976383,-0.022666,-0.128543,-0.172163
10.119136,0.096930,-0.051172,0.351035,0.976383,-0.022666,-0.128543,-0.172163
10.129186,0.096617,-0.051172,0.351005,0.976383,-0.022666,-0.128543,-0.172163
10.139251,0.096305,-0.051172,0.350972,0.976383,-0.022666,-0.128543,-0.172163
10.149315,0.095992,-0.051172,0.350937,0.976383,-0.022666,-0.128543,-0.172163
10.159378,0.095681,-0.051172,0.350900,0.976383,-0.022666,-0.128543,-0.172163
10.169441,0.095369,-0.051172,0.350860,0.976383,-0.022666,-0.128543,-0.172163
10.179503,0.095058,-0.051172,0.350818,0.976383,-0.022666,-0.128543,-0.172163
10.189564,0.094747,-0.051172,0.350773,0.976383,-0.022666,-0.128543,-0.172163
10.199626,0.094436,-0.051172,0.350726,0.976383,-0.022666,-0.128543,-0.172163
10.209685,0.094126,-0.051172,0.350677,0.976383,-0.022666,-0.128543,-0.172163
10.219748,0.093816,-0.051172,0.350625,0.976383,-0.022666,-0.128543,-0.172163
10.229807,0.093507,-0.051172,0.350570,0.976383,-0.022666,-0.128543,-0.172163
10.239870,0.093198,-0.051172,0.350513,0.976383,-0.022666,-0.128543,-0.172163
10.249929,0.092889,-0.051172,0.350454,0.976383,-0.022666,-0.128543,-0.172163
10.259989,0.092581,-0.051172,0.350392,0.976383,-0.022666,-0.128543,-0.172163
10.270054,0.092274,-0.051172,0.350328,0.976383,-0.022666,-0.128543,-0.172163
10.280116,0.091967,-0.051172,0.350261,0.976383,-0.022666,-0.128543,-0.172163
10.290178,0.091660,-0.051172,0.350192,0.976383,-0.022666,-0.128543,-0.172163
10.300242,0.091354,-0.051172,0.350121,0.976383,-0.022666,-0.128543,-0.172163
10.310301,0.091049,-0.051172,0.350047,0.976383,-0.022666,-0.128543,-0.172163
10.320364,0.090744,-0.051172,0.349971,0.976383,-0.022666,-0.128543,-0.172163
10.330424,0.090440,-0.051172,0.349893,0.976383,-0.022666,-0.128543,-0.172163
10.340486,0.090136,-0.051172,0.349812,0.976383,-0.022666,-0.128543,-0.172163
10.350549,0.089833,-0.051172,0.349728,0.976383,-0.022666,-0.128543,-0.172163
10.360611,0.089531,-0.051172,0.349643,0.976383,-0.022666,-0.128543,-0.172163
10.370674,0.089230,-0.051172,0.349554,0.976383,-0.022666,-0.128543,-0.172163
10.380737,0.088929,-0.051172,0.349464,0.976383,-0.022666,-0.128543,-0.172163
10.390797,0.088629,-0.051172,0.349371,0.976383,-0.022666,-0.128543,-0.172163
10.400858,0.088329,-0.051172,0.349276,0.976383,-0.022666,-0.128543,-0.172163
10.410919,0.088031,-0.051172,0.349178,0.976383,-0.022666,-0.128543,-0.172163
10.420982,0.087733,-0.051172,0.349079,0.976383,-0.022666,-0.128543,-0.172163
10.431043,0.087436,-0.051172,0.348976,0.976383,-0.022666,-0.128543,-0.172163
10.441106,0.087139,-0.051172,0.348872,0.976383,-0.022666,-0.128543,-0.172163
10.451170,0.086844,-0.051172,0.348765,0.976383,-0.022666,-0.128543,-0.172163
10.461233,0.086549,-0.051172,0.348656,0.976383,-0.022666,-0.128543,-0.172163
10.471294,0.086256,-0.051172,0.348544,0.976383,-0.022666,-0.128543,-0.172163
10.481356,0.085963,-0.051172,0.348431,0.976383,-0.022666,-0.128543,-0.172163
10.491410,0.085671,-0.051172,0.348315,0.976383,-0.022666,-0.128543,-0.172163
10.501464,0.085380,-0.051172,0.348196,0.976383,-0.022666,-0.128543,-0.172163
10.511516,0.085090,-0.051172,0.348076,0.976383,-0.022666,-0.128543,-0.172163
10.521579,0.084801,-0.051172,0.347953,0.976383,-0.022666,-0.128543,-0.172163
10.531643,0.084513,-0.051172,0.347828,0.976383,-0.022666,-0.128543,-0.172163
10.541705,0.084225,-0.051172,0.347700,0.976383,-0.022666,-0.128543,-0.172163
10.551759,0.083939,-0.051172,0.347570,0.976383,-0.022666,-0.128543,-0.172163
10.561812,0.083654,-0.051172,0.347438,0.976383,-0.022666,-0.128543,-0.172163
10.571875,0.083370,-0.051172,0.347304,0.976383,-0.022666,-0.128543,-0.172163
10.581937,0.083087,-0.051172,0.347168,0.976383,-0.022666,-0.128543,-0.172163
10.592036,0.082805,-0.051172,0.347029,0.976383,-0.022666,-0.128543,-0.172163
10.602099,0.082524,-0.051172,0.346888,0.976383,-0.022666,-0.128543,-0.172163
10.612162,0.082245,-0.051172,0.346745,0.976383,-0.022666,-0.128543,-0.172163
10.622216,0.081966,-0.051172,0.346600,0.976383,-0.022666,-0.128543,-0.172163
10.632277,0.081689,-0.051172,0.346453,0.976383,-0.022666,-0.128543,-0.172163
10.642340,0.081412,-0.051172,0.346303,0.976383,-0.022666,-0.128543,-0.172163
10.652404,0.081137,-0.051172,0.346151,0.976383,-0.022666,-0.128543,-0.172163
10.662467,0.080863,-0.051172,0.345998,0.976383,-0.022666,-0.128543,-0.172163
10.672529,0.080591,-0.051172,0.345842,0.976383,-0.022666,-0.128543,-0.172163
10.682582,0.080319,-0.051172,0.345683,0.976383,-0.022666,-0.128543,-0.172163
10.692632,0.080049,-0.051172,0.345523,0.976383,-0.022666,-0.128543,-0.172163
10.702695,0.079780,-0.051172,0.345361,0.976383,-0.022666,-0.128543,-0.172163
10.712756,0.079513,-0.051172,0.345196,0.976383,-0.022666,-0.128543,-0.172163
10.722808,0.079246,-0.051172,0.345029,0.976383,-0.022666,-0.128543,-0.172163
10.732871,0.078981,-0.051172,0.344861,0.976383,-0.022666,-0.128543,-0.172163
10.742936,0.078718,-0.051172,0.344690,0.976383,-0.022666,-0.128543,-0.172163
10.752989,0.078455,-0.051172,0.344517,0.976383,-0.022666,-0.128543,-0.172163
10.763050,0.078194,-0.051172,0.344342,0.976383,-0.022666,-0.128543,-0.172163
10.773112,0.077935,-0.051172,0.344165,0.976383,-0.022666,-0.128543,-0.172163
10.783165,0.077677,-0.051172,0.343986,0.976383,-0.022666,-0.128543,-0.172163
10.793219,0.077420,-0.051172,0.343805,0.976383,-0.022666,-0.128543,-0.172163
10.803272,0.077165,-0.051172,0.343622,0.976383,-0.022666,-0.128543,-0.172163
10.813332,0.076911,-0.051172,0.343437,0.976383,-0.022666,-0.128543,-0.172163
10.823385,0.076658,-0.051172,0.343250,0.976383,-0.022666,-0.128543,-0.172163
10.833446,0.076407,-0.051172,0.343061,0.976383,-0.022666,-0.128543,-0.172163
10.843507,0.076158,-0.051172,0.342870,0.976383,-0.022666,-0.128543,-0.172163
10.853569,0.075910,-0.051172,0.342677,0.976383,-0.022666,-0.128543,-0.172163
10.863629,0.075663,-0.051172,0.342482,0.976383,-0.022666,-0.128543,-0.172163
10.873690,0.075419,-0.051172,0.342286,0.976383,-0.022666,-0.128543,-0.172163
10.883743,0.075175,-0.051172,0.342087,0.976383,-0.022666,-0.128543,-0.172163
10.893795,0.074933,-0.051172,0.341886,0.976383,-0.022666,-0.128543,-0.172163
10.903857,0.074693,-0.051172,0.341684,0.976383,-0.022666,-0.128543,-0.172163
10.913918,0.074455,-0.051172,0.341480,0.976383,-0.022666,-0.128543,-0.172163
10.923979,0.074218,-0.051172,0.341273,0.976383,-0.022666,-0.128543,-0.172163
10.934007,0.073982,-0.051172,0.341065,0.976383,-0.022666,-0.128543,-0.172163
10.944070,0.073749,-0.051172,0.340855,0.976383,-0.022666,-0.128543,-0.172163
10.954132,0.073517,-0.051172,0.340643,0.976383,-0.022666,-0.128543,-0.172163
10.964197,0.073286,-0.051172,0.340430,0.976383,-0.022666,-0.128543,-0.172163
10.974257,0.073058,-0.051172,0.340215,0.976383,-0.022666,-0.128543,-0.172163
10.984320,0.072831,-0.051172,0.339997,0.976383,-0.022666,-0.128543,-0.172163
10.994382,0.072605,-0.051172,0.339778,0.976383,-0.022666,-0.128543,-0.172163
11.004444,0.072382,-0.051172,0.339558,0.976383,-0.022666,-0.128543,-0.172163
11.014507,0.072160,-0.051172,0.339335,0.976383,-0.022666,-0.128543,-0.172163
11.024570,0.071940,-0.051172,0.339111,0.976383,-0.022666,-0.128543,-0.172163
11.034635,0.071721,-0.051172,0.338885,0.976383,-0.022666,-0.128543,-0.172163
11.044695,0.071505,-0.051172,0.338657,0.976383,-0.022666,-0.128543,-0.172163
11.054759,0.071290,-0.051172,0.338428,0.976383,-0.022666,-0.128543,-0.172163
11.064819,0.071077,-0.051172,0.338197,0.976383,-0.022666,-0.128543,-0.172163
11.074878,0.070866,-0.051172,0.337964,0.976383,-0.022666,-0.128543,-0.172163
11.084941,0.070657,-0.051172,0.337730,0.976383,-0.022666,-0.128543,-0.172163
11.095003,0.070244,-0.051172,0.337257,0.976383,-0.022666,-0.128543,-0.172163
11.105059,0.070040,-0.051172,0.337017,0.976383,-0.022666,-0.128543,-0.172163
11.115118,0.069839,-0.051172,0.336777,0.976383,-0.022666,-0.128543,-0.172163
11.125180,0.069639,-0.051172,0.336534,0.976383,-0.022666,-0.128543,-0.172163
11.135241,0.069441,-0.051172,0.336290,0.976383,-0.022666,-0.128543,-0.172163
11.145302,0.069245,-0.051172,0.336045,0.976383,-0.022666,-0.128543,-0.172163
11.155365,0.069050,-0.051172,0.335798,0.976383,-0.022666,-0.128543,-0.172163
11.165425,0.068858,-0.051172,0.335549,0.976383,-0.022666,-0.128543,-0.172163
11.175550,0.068668,-0.051172,0.335299,0.976383,-0.022666,-0.128543,-0.172163
11.185614,0.068480,-0.051172,0.335048,0.976383,-0.022666,-0.128543,-0.172163
11.195674,0.068293,-0.051172,0.334795,0.976383,-0.022666,-0.128543,-0.172163
11.205736,0.068109,-0.051172,0.334541,0.976383,-0.022666,-0.128543,-0.172163
11.215801,0.067927,-0.051172,0.334285,0.976383,-0.022666,-0.128543,-0.172163
11.225862,0.067747,-0.051172,0.334027,0.976383,-0.022666,-0.128543,-0.172163
11.235924,0.067568,-0.051172,0.333769,0.976383,-0.022666,-0.128543,-0.172163
11.245984,0.067392,-0.051172,0.333509,0.976383,-0.022666,-0.128543,-0.172163
11.256044,0.067218,-0.051172,0.333247,0.976383,-0.022666,-0.128543,-0.172163
11.266104,0.067046,-0.051172,0.332984,0.976383,-0.022666,-0.128543,-0.172163
11.276167,0.066876,-0.051172,0.332720,0.976383,-0.022666,-0.128543,-0.172163
11.286231,0.066708,-0.051172,0.332455,0.976383,-0.022666,-0.128543,-0.172163
11.296291,0.066542,-0.051172,0.332188,0.976383,-0.022666,-0.128543,-0.172163
11.306354,0.066378,-0.051172,0.331920,0.976383,-0.022666,-0.128543,-0.172163
11.316413,0.066217,-0.051172,0.331650,0.976383,-0.022666,-0.128543,-0.172163
11.326476,0.066057,-0.051172,0.331380,0.976383,-0.022666,-0.128543,-0.172163
11.336541,0.065900,-0.051172,0.331108,0.976383,-0.022666,-0.128543,-0.172163
11.346594,0.065745,-0.051172,0.330835,0.976383,-0.022666,-0.128543,-0.172163
11.356655,0.065591,-0.051172,0.330560,0.976383,-0.022666,-0.128543,-0.172163
11.366717,0.065440,-0.051172,0.330285,0.976383,-0.022666,-0.128543,-0.172163
11.376777,0.065292,-0.051172,0.330008,0.976383,-0.022666,-0.128543,-0.172163
11.386840,0.065145,-0.051172,0.329730,0.976383,-0.022666,-0.128543,-0.172163
11.396899,0.065001,-0.051172,0.329451,0.976383,-0.022666,-0.128543,-0.172163
11.406961,0.064858,-0.051172,0.329171,0.976383,-0.022666,-0.128543,-0.172163
11.417020,0.064718,-0.051172,0.328890,0.976383,-0.022666,-0.128543,-0.172163
11.427082,0.064581,-0.051172,0.328608,0.976383,-0.022666,-0.128543,-0.172163
11.437142,0.064445,-0.051172,0.328324,0.976383,-0.022666,-0.128543,-0.172163
11.447202,0.064312,-0.051172,0.328040,0.976383,-0.022666,-0.128543,-0.172163
11.457264,0.064181,-0.051172,0.327754,0.976383,-0.022666,-0.128543,-0.172163
11.467325,0.064052,-0.051172,0.327468,0.976383,-0.022666,-0.128543,-0.172163
11.477385,0.063925,-0.051172,0.327180,0.976383,-0.022666,-0.128543,-0.172163
11.487481,0.063801,-0.051172,0.326892,0.976383,-0.022666,-0.128543,-0.172163
11.497533,0.063679,-0.051172,0.326602,0.976383,-0.022666,-0.128543,-0.172163
11.507594,0.063559,-0.051172,0.326312,0.976383,-0.022666,-0.128543,-0.172163
11.517655,0.063441,-0.051172,0.326021,0.976383,-0.022666,-0.128543,-0.172163
11.527708,0.063326,-0.051172,0.325728,0.976383,-0.022666,-0.128543,-0.172163
11.537768,0.063213,-0.051172,0.325435,0.976383,-0.022666,-0.128543,-0.172163
11.547821,0.063103,-0.051172,0.325141,0.976383,-0.022666,-0.128543,-0.172163
11.557884,0.062994,-0.051172,0.324846,0.976383,-0.022666,-0.128543,-0.172163
11.567944,0.062888,-0.051172,0.324551,0.976383,-0.022666,-0.128543,-0.172163
11.577996,0.062785,-0.051172,0.324254,0.976383,-0.022666,-0.128543,-0.172163
11.588057,0.062683,-0.051172,0.323957,0.976383,-0.022666,-0.128543,-0.172163
11.598118,0.062584,-0.051172,0.323659,0.976383,-0.022666,-0.128543,-0.172163
11.608178,0.062488,-0.051172,0.323360,0.976383,-0.022666,-0.128543,-0.172163
11.618239,0.062393,-0.051172,0.323060,0.976383,-0.022666,-0.128543,-0.172163
11.628293,0.062301,-0.051172,0.322760,0.976383,-0.022666,-0.128543,-0.172163
11.638346,0.062212,-0.051172,0.322458,0.976383,-0.022666,-0.128543,-0.172163
11.648400,0.062125,-0.051172,0.322157,0.976383,-0.022666,-0.128543,-0.172163
11.658453,0.062040,-0.051172,0.321854,0.976383,-0.022666,-0.128543,-0.172163
11.668505,0.061957,-0.051172,0.321551,0.976383,-0.022666,-0.128543,-0.172163
11.678558,0.061877,-0.051173,0.321247,0.976383,-0.022666,-0.128543,-0.172163
11.688610,0.061800,-0.051173,0.320943,0.976383,-0.022666,-0.128543,-0.172163
11.698662,0.061724,-0.051173,0.320638,0.976383,-0.022666,-0.128543,-0.172163
11.708713,0.061651,-0.051173,0.320332,0.976383,-0.022666,-0.128543,-0.172163
11.718766,0.061581,-0.051173,0.320026,0.976383,-0.022666,-0.128543,-0.172163
11.728816,0.061513,-0.051173,0.319719,0.976383,-0.022666,-0.128543,-0.172163
11.738877,0.061447,-0.051173,0.319412,0.976383,-0.022666,-0.128543,-0.172163
11.748937,0.061384,-0.051173,0.319104,0.976383,-0.022666,-0.128543,-0.172163
11.759038,0.061323,-0.051173,0.318796,0.976383,-0.022666,-0.128543,-0.172163
11.769090,0.061265,-0.051173,0.318488,0.976383,-0.022666,-0.128543,-0.172163
11.779145,0.061209,-0.051173,0.318178,0.976383,-0.022666,-0.128543,-0.172163
11.789197,0.061155,-0.051173,0.317869,0.976383,-0.022666,-0.128543,-0.172163
11.799250,0.061104,-0.051173,0.317559,0.976383,-0.022666,-0.128543,-0.172163
11.809302,0.061055,-0.051173,0.317249,0.976383,-0.022666,-0.128543,-0.172163
11.819356,0.061009,-0.051173,0.316938,0.976383,-0.022666,-0.128543,-0.172163
11.829409,0.060965,-0.051173,0.316627,0.976383,-0.022666,-0.128543,-0.172163
11.839459,0.060924,-0.051173,0.316315,0.976383,-0.022666,-0.128543,-0.172163
11.849520,0.060885,-0.051173,0.316004,0.976383,-0.022666,-0.128543,-0.172163
11.859580,0.060848,-0.051173,0.315692,0.976383,-0.022666,-0.128543,-0.172163
11.869641,0.060814,-0.051173,0.315379,0.976383,-0.022666,-0.128543,-0.172163
11.879705,0.060783,-0.051173,0.315067,0.976383,-0.022666,-0.128543,-0.172163
11.889757,0.060754,-0.051173,0.314754,0.976383,-0.022666,-0.128543,-0.172163
11.899818,0.060727,-0.051173,0.314441,0.976383,-0.022666,-0.128543,-0.172163
11.909876,0.060703,-0.051173,0.314128,0.976383,-0.022666,-0.128543,-0.172163
11.919938,0.060681,-0.051173,0.313814,0.976383,-0.022666,-0.128543,-0.172163
11.929997,0.060662,-0.051173,0.313501,0.976383,-0.022666,-0.128543,-0.172163
11.940049,0.060645,-0.051173,0.313187,0.976383,-0.022666,-0.128543,-0.172163
11.950103,0.060631,-0.051173,0.312873,0.976383,-0.022666,-0.128543,-0.172163
11.960155,0.060619,-0.051173,0.312559,0.976383,-0.022666,-0.128543,-0.172163
11.970208,0.060609,-0.051173,0.312245,0.976383,-0.022666,-0.128543,-0.172163
11.980260,0.060602,-0.051173,0.311931,0.976383,-0.022666,-0.128543,-0.172163
11.990313,0.060598,-0.051173,0.311617,0.976383,-0.022666,-0.128543,-0.172163
12.000363,0.060596,-0.051173,0.311303,0.976383,-0.022666,-0.128543,-0.172163
12.010427,0.060596,-0.051173,0.310995,0.976383,-0.022666,-0.128543,-0.172163
12.020486,0.060599,-0.051173,0.310698,0.976383,-0.022666,-0.128543,-0.172163
12.030580,0.060604,-0.051173,0.310414,0.976383,-0.022666,-0.128543,-0.172163
12.040644,0.060610,-0.051173,0.310140,0.976383,-0.022666,-0.128543,-0.172163
12.050706,0.060618,-0.051173,0.309879,0.976383,-0.022666,-0.128543,-0.172163
12.060768,0.060627,-0.051173,0.309629,0.976383,-0.022666,-0.128543,-0.172163
12.070828,0.060637,-0.051173,0.309391,0.976383,-0.022666,-0.128543,-0.172163
12.080889,0.060648,-0.051173,0.309165,0.976383,-0.022666,-0.128543,-0.172163
12.090950,0.060659,-0.051173,0.308951,0.976383,-0.022666,-0.128543,-0.172163
12.101012,0.060671,-0.051173,0.308749,0.976383,-0.022666,-0.128543,-0.172163
12.111063,0.060683,-0.051173,0.308559,0.976383,-0.022666,-0.128543,-0.172163
12.121115,0.060695,-0.051173,0.308381,0.976383,-0.022666,-0.128543,-0.172163
12.131169,0.060708,-0.051173,0.308214,0.976383,-0.022666,-0.128543,-0.172163
12.141221,0.060719,-0.051173,0.308060,0.976383,-0.022666,-0.128543,-0.172163
12.151274,0.060731,-0.051173,0.307917,0.976383,-0.022666,-0.128543,-0.172163
12.161335,0.060742,-0.051173,0.307787,0.976383,-0.022666,-0.128543,-0.172163
12.171398,0.060752,-0.051173,0.307669,0.976383,-0.022666,-0.128543,-0.172163
12.181460,0.060762,-0.051173,0.307562,0.976383,-0.022666,-0.128543,-0.172163
12.191521,0.060770,-0.051173,0.307467,0.976383,-0.022666,-0.128543,-0.172163
12.201581,0.060778,-0.051173,0.307385,0.976383,-0.022666,-0.128543,-0.172163
12.211642,0.060785,-0.051173,0.307315,0.976383,-0.022666,-0.128543,-0.172163
12.221702,0.060791,-0.051173,0.307257,0.976383,-0.022666,-0.128543,-0.172163
12.231763,0.060795,-0.051173,0.307211,0.976383,-0.022666,-0.128543,-0.172163
12.241828,0.060799,-0.051173,0.307176,0.976383,-0.022666,-0.128543,-0.172163
12.251888,0.060801,-0.051173,0.307154,0.976383,-0.022666,-0.128543,-0.172163
12.261950,0.060802,-0.051173,0.307143,0.976383,-0.022666,-0.128543,-0.172163
12.272010,0.060802,-0.051173,0.307143,0.976383,-0.022666,-0.128543,-0.172163
12.282070,0.060802,-0.051173,0.307143,0.976383,-0.022666,-0.128543,-0.172163
12.292131,0.060802,-0.051173,0.307143,0.976383,-0.022666,-0.128543,-0.172163
12.302189,0.060802,-0.051173,0.307143,0.976383,-0.022666,-0.128543,-0.172163
12.312251,0.060802,-0.051173,0.307143,0.976383,-0.022666,-0.128543,-0.172163
12.322310,0.060802,-0.051173,0.307143,0.976383,-0.022666,-0.128543,-0.172163
12.332362,0.060795,-0.051173,0.307213,0.976383,-0.022666,-0.128543,-0.172163
12.342414,0.060787,-0.051173,0.307299,0.976383,-0.022666,-0.128543,-0.172163
12.352466,0.060777,-0.051173,0.307398,0.976383,-0.022666,-0.128543,-0.172163
12.362518,0.060767,-0.051173,0.307509,0.976383,-0.022666,-0.128543,-0.172163
12.372570,0.060755,-0.051173,0.307632,0.976383,-0.022666,-0.128543,-0.172163
12.382622,0.060743,-0.051173,0.307767,0.976383,-0.022666,-0.128543,-0.172163
12.392675,0.060731,-0.051173,0.307915,0.976383,-0.022666,-0.128543,-0.172163
12.402725,0.060718,-0.051173,0.308074,0.976383,-0.022666,-0.128543,-0.172163
12.412775,0.060705,-0.051173,0.308246,0.976383,-0.022666,-0.128543,-0.172163
12.422839,0.060692,-0.051173,0.308430,0.976383,-0.022666,-0.128543,-0.172163
12.432899,0.060679,-0.051173,0.308627,0.976383,-0.022666,-0.128543,-0.172163
12.442961,0.060666,-0.051173,0.308834,0.976383,-0.022666,-0.128543,-0.172163
12.453021,0.060653,-0.051173,0.309056,0.976383,-0.022666,-0.128543,-0.172163
12.463083,0.060642,-0.051173,0.309289,0.976383,-0.022666,-0.128543,-0.172163
12.473144,0.060631,-0.051173,0.309534,0.976383,-0.022666,-0.128543,-0.172163
12.483203,0.060621,-0.051173,0.309791,0.976383,-0.022666,-0.128543,-0.172163
12.493263,0.060612,-0.051173,0.310060,0.976383,-0.022666,-0.128543,-0.172163
12.503316,0.060605,-0.051173,0.310343,0.976383,-0.022666,-0.128543,-0.172163
12.513368,0.060600,-0.051173,0.310637,0.976383,-0.022666,-0.128543,-0.172163
12.523419,0.060597,-0.051173,0.310943,0.976383,-0.022666,-0.128543,-0.172163
12.533471,0.060596,-0.051173,0.311261,0.976383,-0.022666,-0.128543,-0.172163
12.543523,0.060598,-0.051173,0.311592,0.976383,-0.022666,-0.128543,-0.172163
12.553578,0.060603,-0.051173,0.311933,0.976383,-0.022666,-0.128543,-0.172163
12.563628,0.060611,-0.051173,0.312288,0.976383,-0.022666,-0.128543,-0.172163
12.573687,0.060622,-0.051173,0.312655,0.976383,-0.022666,-0.128543,-0.172163
12.583751,0.060638,-0.051173,0.313033,0.976383,-0.022666,-0.128543,-0.172163
12.593852,0.060658,-0.051173,0.313423,0.976383,-0.022666,-0.128543,-0.172163
12.603908,0.060682,-0.051173,0.313825,0.976383,-0.022666,-0.128543,-0.172163
12.613961,0.060711,-0.051173,0.314238,0.976383,-0.022666,-0.128543,-0.172163
12.623993,0.060746,-0.051173,0.314664,0.976383,-0.022666,-0.128543,-0.172163
12.634047,0.060786,-0.051173,0.315100,0.976383,-0.022666,-0.128543,-0.172163
12.644098,0.060833,-0.051173,0.315548,0.976383,-0.022666,-0.128543,-0.172163
12.654152,0.060886,-0.051173,0.316008,0.976383,-0.022666,-0.128543,-0.172163
12.664205,0.060945,-0.051173,0.316478,0.976383,-0.022666,-0.128543,-0.172163
12.674257,0.061012,-0.051173,0.316960,0.976383,-0.022666,-0.128543,-0.172163
12.684309,0.061087,-0.051173,0.317452,0.976383,-0.022666,-0.128543,-0.172163
12.694361,0.061170,-0.051173,0.317955,0.976383,-0.022666,-0.128543,-0.172163
12.704414,0.061261,-0.051173,0.318469,0.976383,-0.022666,-0.128543,-0.172163
12.714465,0.061362,-0.051173,0.318993,0.976383,-0.022666,-0.128543,-0.172163
12.724527,0.061472,-0.051173,0.319527,0.976383,-0.022666,-0.128543,-0.172163
12.734587,0.061592,-0.051173,0.320072,0.976383,-0.022666,-0.128543,-0.172163
12.744648,0.061721,-0.051173,0.320625,0.976383,-0.022666,-0.128543,-0.172163
12.754709,0.061862,-0.051173,0.321188,0.976383,-0.022666,-0.128543,-0.172163
12.764771,0.062014,-0.051173,0.321760,0.976383,-0.022666,-0.128543,-0.172163
12.774835,0.062178,-0.051173,0.322342,0.976383,-0.022666,-0.128543,-0.172163
12.784888,0.062354,-0.051173,0.322931,0.976383,-0.022666,-0.128543,-0.172163
12.794939,0.062542,-0.051173,0.323529,0.976383,-0.022666,-0.128543,-0.172163
12.804991,0.062744,-0.051173,0.324134,0.976383,-0.022666,-0.128543,-0.172163
12.815043,0.063188,-0.051173,0.325367,0.976383,-0.022666,-0.128543,-0.172163
12.825097,0.063431,-0.051173,0.325995,0.976383,-0.022666,-0.128543,-0.172163
12.835148,0.063690,-0.051173,0.326627,0.976383,-0.022666,-0.128543,-0.172163
12.845210,0.063964,-0.051173,0.327267,0.976383,-0.022666,-0.128543,-0.172163
12.855272,0.064253,-0.051173,0.327911,0.976383,-0.022666,-0.128543,-0.172163
12.865351,0.064559,-0.051173,0.328562,0.976383,-0.022666,-0.128543,-0.172163
12.875413,0.064881,-0.051173,0.329215,0.976383,-0.022666,-0.128543,-0.172163
12.885473,0.065220,-0.051173,0.329873,0.976383,-0.022666,-0.128543,-0.172163
12.895525,0.065578,-0.051173,0.330535,0.976383,-0.022666,-0.128543,-0.172163
12.905577,0.065953,-0.051173,0.331199,0.976383,-0.022666,-0.128543,-0.172163
12.915629,0.066346,-0.051173,0.331865,0.976383,-0.022666,-0.128543,-0.172163
12.925680,0.066757,-0.051173,0.332532,0.976383,-0.022666,-0.128543,-0.172163
12.935732,0.067189,-0.051173,0.333202,0.976383,-0.022666,-0.128543,-0.172163
12.945786,0.067639,-0.051173,0.333871,0.976383,-0.022666,-0.128543,-0.172163
12.955838,0.068109,-0.051173,0.334539,0.976383,-0.022666,-0.128543,-0.172163
12.965890,0.068599,-0.051173,0.335207,0.976383,-0.022666,-0.128543,-0.172163
12.975943,0.069109,-0.051173,0.335872,0.976383,-0.022666,-0.128543,-0.172163
12.985993,0.069641,-0.051173,0.336536,0.976383,-0.022666,-0.128543,-0.172163
12.996053,0.070193,-0.051173,0.337196,0.976383,-0.022666,-0.128543,-0.172163
13.006106,0.070767,-0.051173,0.337852,0.976383,-0.022666,-0.128543,-0.172163
13.016158,0.071361,-0.051173,0.338503,0.976383,-0.022666,-0.128543,-0.172163
13.026210,0.071977,-0.051173,0.339149,0.976383,-0.022666,-0.128543,-0.172163
13.036262,0.072615,-0.051173,0.339787,0.976383,-0.022666,-0.128543,-0.172163
13.046316,0.073275,-0.051173,0.340419,0.976383,-0.022666,-0.128543,-0.172163
13.056367,0.073957,-0.051173,0.341042,0.976383,-0.022666,-0.128543,-0.172163
13.066419,0.074661,-0.051173,0.341656,0.976383,-0.022666,-0.128543,-0.172163
13.076472,0.075387,-0.051173,0.342259,0.976383,-0.022666,-0.128543,-0.172163
13.086524,0.076136,-0.051173,0.342852,0.976383,-0.022666,-0.128543,-0.172163
13.096576,0.076906,-0.051173,0.343433,0.976383,-0.022666,-0.128543,-0.172163
13.106628,0.077698,-0.051173,0.344000,0.976383,-0.022666,-0.128543,-0.172163
13.116681,0.078513,-0.051173,0.344554,0.976383,-0.022666,-0.128543,-0.172163
13.126734,0.079349,-0.051173,0.345093,0.976383,-0.022666,-0.128543,-0.172163
13.136791,0.080207,-0.051173,0.345616,0.976383,-0.022666,-0.128543,-0.172163
13.146841,0.081086,-0.051173,0.346122,0.976383,-0.022666,-0.128543,-0.172163
13.156891,0.081987,-0.051173,0.346610,0.976383,-0.022666,-0.128543,-0.172163
13.166942,0.082909,-0.051173,0.347080,0.976383,-0.022666,-0.128543,-0.172163
13.176991,0.083851,-0.051173,0.347529,0.976383,-0.022666,-0.128543,-0.172163
13.187043,0.084814,-0.051173,0.347957,0.976383,-0.022666,-0.128543,-0.172163
13.197094,0.085797,-0.051173,0.348364,0.976383,-0.022666,-0.128543,-0.172163
13.207143,0.086798,-0.051173,0.348747,0.976383,-0.022666,-0.128543,-0.172163
13.217194,0.087819,-0.051173,0.349107,0.976383,-0.022666,-0.128543,-0.172163
13.227245,0.088858,-0.051173,0.349441,0.976383,-0.022666,-0.128543,-0.172163
13.237295,0.089915,-0.051173,0.349750,0.976383,-0.022666,-0.128543,-0.172163
13.247347,0.090989,-0.051173,0.350032,0.976383,-0.022666,-0.128543,-0.172163
13.257396,0.092079,-0.051173,0.350285,0.976383,-0.022666,-0.128543,-0.172163
13.267445,0.093185,-0.051173,0.350510,0.976383,-0.022666,-0.128543,-0.172163
13.277495,0.094306,-0.051173,0.350705,0.976383,-0.022666,-0.128543,-0.172163
13.287546,0.095440,-0.051173,0.350868,0.976383,-0.022666,-0.128543,-0.172163
13.297596,0.096588,-0.051173,0.351001,0.976383,-0.022666,-0.128543,-0.172163
13.307648,0.097748,-0.051173,0.351101,0.976383,-0.022666,-0.128543,-0.172163
13.317697,0.098919,-0.051173,0.351167,0.976383,-0.022666,-0.128543,-0.172163
13.327750,0.100100,-0.051173,0.351199,0.976383,-0.022666,-0.128543,-0.172163
13.337801,0.101290,-0.051173,0.351196,0.976383,-0.022666,-0.128543,-0.172163
13.347854,0.102489,-0.051173,0.351157,0.976383,-0.022666,-0.128543,-0.172163
13.357904,0.103693,-0.051173,0.351082,0.976383,-0.022666,-0.128543,-0.172163
13.367954,0.104904,-0.051173,0.350969,0.976383,-0.022666,-0.128543,-0.172163
13.378003,0.106119,-0.051173,0.350819,0.976383,-0.022666,-0.128543,-0.172163
13.388067,0.107336,-0.051173,0.350630,0.976383,-0.022666,-0.128543,-0.172163
13.398120,0.108556,-0.051173,0.350402,0.976383,-0.022666,-0.128543,-0.172163
13.408173,0.109775,-0.051173,0.350134,0.976383,-0.022666,-0.128543,-0.172163
13.418224,0.110993,-0.051173,0.349827,0.976383,-0.022666,-0.128543,-0.172163
13.428283,0.112210,-0.051173,0.349479,0.976383,-0.022666,-0.128543,-0.172163
13.438348,0.113420,-0.051173,0.349090,0.976383,-0.022666,-0.128543,-0.172163
13.448410,0.114627,-0.051173,0.348660,0.976383,-0.022666,-0.128543,-0.172163
13.458475,0.115825,-0.051173,0.348189,0.976383,-0.022666,-0.128543,-0.172163
13.468537,0.117015,-0.051173,0.347676,0.976383,-0.022666,-0.128543,-0.172163
13.478596,0.118193,-0.051173,0.347123,0.976383,-0.022666,-0.128543,-0.172163
13.488657,0.119361,-0.051173,0.346527,0.976383,-0.022666,-0.128543,-0.172163
13.498712,0.120514,-0.051173,0.345890,0.976383,-0.022666,-0.128543,-0.172163
13.508764,0.121652,-0.051173,0.345210,0.976383,-0.022666,-0.128543,-0.172163
13.518816,0.122773,-0.051173,0.344491,0.976383,-0.022666,-0.128543,-0.172163
13.528870,0.123875,-0.051173,0.343729,0.976383,-0.022666,-0.128543,-0.172163
13.538931,0.124956,-0.051173,0.342927,0.976383,-0.022666,-0.128543,-0.172163
13.548981,0.126016,-0.051173,0.342085,0.976383,-0.022666,-0.128543,-0.172163
13.559039,0.127051,-0.051173,0.341203,0.976383,-0.022666,-0.128543,-0.172163
13.569098,0.128061,-0.051173,0.340281,0.976383,-0.022666,-0.128543,-0.172163
13.579154,0.129043,-0.051173,0.339321,0.976383,-0.022666,-0.128543,-0.172163
13.589204,0.129996,-0.051173,0.338323,0.976383,-0.022666,-0.128543,-0.172163
13.599255,0.130919,-0.051173,0.337287,0.976383,-0.022666,-0.128543,-0.172163
13.609305,0.131808,-0.051173,0.336216,0.976383,-0.022666,-0.128543,-0.172163
13.619374,0.132664,-0.051173,0.335108,0.976383,-0.022666,-0.128543,-0.172163
13.629428,0.133484,-0.051173,0.333967,0.976383,-0.022666,-0.128543,-0.172163
13.639488,0.134268,-0.051173,0.332791,0.976383,-0.022666,-0.128543,-0.172163
13.649544,0.135011,-0.051173,0.331585,0.976383,-0.022666,-0.128543,-0.172163
13.659605,0.135715,-0.051173,0.330346,0.976383,-0.022666,-0.128543,-0.172163
13.669664,0.136377,-0.051173,0.329079,0.976383,-0.022666,-0.128543,-0.172163
13.679725,0.136995,-0.051173,0.327784,0.976383,-0.022666,-0.128543,-0.172163
13.689785,0.137569,-0.051173,0.326461,0.976383,-0.022666,-0.128543,-0.172163
13.699846,0.138096,-0.051173,0.325114,0.976383,-0.022666,-0.128543,-0.172163
13.709907,0.138577,-0.051173,0.323744,0.976383,-0.022666,-0.128543,-0.172163
13.719970,0.139009,-0.051173,0.322351,0.976383,-0.022666,-0.128543,-0.172163
13.730024,0.139390,-0.051173,0.320939,0.976383,-0.022666,-0.128543,-0.172163
13.740085,0.139722,-0.051173,0.319509,0.976383,-0.022666,-0.128543,-0.172163
13.750145,0.140001,-0.051173,0.318062,0.976383,-0.022666,-0.128543,-0.172163
13.760205,0.140227,-0.051173,0.316601,0.976383,-0.022666,-0.128543,-0.172163
13.770266,0.140400,-0.051173,0.315129,0.976383,-0.022666,-0.128543,-0.172163
13.780326,0.140519,-0.051173,0.313645,0.976383,-0.022666,-0.128543,-0.172163
13.790378,0.140582,-0.051173,0.312153,0.976383,-0.022666,-0.128543,-0.172163
13.800430,0.140590,-0.051173,0.310656,0.976383,-0.022666,-0.128543,-0.172163
13.810483,0.140541,-0.051173,0.309155,0.976383,-0.022666,-0.128543,-0.172163
13.820534,0.140435,-0.051173,0.307652,0.976383,-0.022666,-0.128543,-0.172163
13.830586,0.140273,-0.051173,0.306150,0.976383,-0.022666,-0.128543,-0.172163
13.840636,0.140053,-0.051173,0.304651,0.976383,-0.022666,-0.128543,-0.172163
13.850686,0.139776,-0.051173,0.303157,0.976383,-0.022666,-0.128543,-0.172163
13.860735,0.139441,-0.051173,0.301672,0.976383,-0.022666,-0.128543,-0.172163
13.870784,0.139049,-0.051173,0.300196,0.976383,-0.022666,-0.128543,-0.172163
13.880834,0.138599,-0.051173,0.298733,0.976383,-0.022666,-0.128543,-0.172163
13.890887,0.138093,-0.051173,0.297284,0.976383,-0.022666,-0.128543,-0.172163
13.900940,0.137530,-0.051173,0.295852,0.976383,-0.022666,-0.128543,-0.172163
13.910992,0.136911,-0.051173,0.294440,0.976383,-0.022666,-0.128543,-0.172163
13.921044,0.136237,-0.051173,0.293050,0.976383,-0.022666,-0.128543,-0.172163
13.931101,0.135507,-0.051173,0.291685,0.976383,-0.022666,-0.128543,-0.172163
13.941151,0.134724,-0.051173,0.290345,0.976383,-0.022666,-0.128543,-0.172163
13.951202,0.133887,-0.051173,0.289034,0.976383,-0.022666,-0.128543,-0.172163
13.961252,0.132999,-0.051173,0.287755,0.976383,-0.022666,-0.128543,-0.172163
13.971302,0.132059,-0.051173,0.286509,0.976383,-0.022666,-0.128543,-0.172163
13.981362,0.131070,-0.051173,0.285298,0.976383,-0.022666,-0.128543,-0.172163
13.991414,0.130033,-0.051173,0.284125,0.976383,-0.022666,-0.128543,-0.172163
14.001466,0.128948,-0.051173,0.282991,0.976383,-0.022666,-0.128543,-0.172163
14.011514,0.127818,-0.051173,0.281899,0.976383,-0.022666,-0.128543,-0.172163
14.021566,0.126645,-0.051173,0.280851,0.976383,-0.022666,-0.128543,-0.172163
14.031616,0.125429,-0.051173,0.279849,0.976383,-0.022666,-0.128543,-0.172163
14.041666,0.124173,-0.051173,0.278894,0.976383,-0.022666,-0.128543,-0.172163
14.051716,0.122879,-0.051173,0.277988,0.976383,-0.022666,-0.128543,-0.172163
14.061768,0.121548,-0.051173,0.277133,0.976383,-0.022666,-0.128543,-0.172163
14.071817,0.120183,-0.051173,0.276330,0.976383,-0.022666,-0.128543,-0.172163
14.081869,0.118785,-0.051173,0.275581,0.976383,-0.022666,-0.128543,-0.172163
14.091918,0.117358,-0.051173,0.274888,0.976383,-0.022666,-0.128543,-0.172163
14.101967,0.115902,-0.051173,0.274251,0.976383,-0.022666,-0.128543,-0.172163
14.112018,0.114422,-0.051173,0.273672,0.976383,-0.022666,-0.128543,-0.172163
14.122067,0.112918,-0.051172,0.273151,0.976383,-0.022666,-0.128543,-0.172163
14.132138,0.111394,-0.051172,0.272691,0.976383,-0.022666,-0.128543,-0.172163
14.142199,0.109852,-0.051172,0.272292,0.976383,-0.022666,-0.128543,-0.172163
14.152256,0.108293,-0.051172,0.271954,0.976383,-0.022666,-0.128543,-0.172163
14.162309,0.106722,-0.051172,0.271678,0.976383,-0.022666,-0.128543,-0.172163
14.172362,0.105141,-0.051172,0.271465,0.976383,-0.022666,-0.128543,-0.172163
14.182424,0.103551,-0.051172,0.271315,0.976383,-0.022666,-0.128543,-0.172163
14.192486,0.101957,-0.051172,0.271229,0.976383,-0.022666,-0.128543,-0.172163
14.202549,0.100359,-0.051172,0.271207,0.976383,-0.022666,-0.128543,-0.172163
14.212610,0.098762,-0.051172,0.271248,0.976383,-0.022666,-0.128543,-0.172163
14.222675,0.097168,-0.051172,0.271353,0.976383,-0.022666,-0.128543,-0.172163
14.232735,0.095579,-0.051172,0.271522,0.976383,-0.022666,-0.128543,-0.172163
14.242797,0.093998,-0.051172,0.271754,0.976383,-0.022666,-0.128543,-0.172163
14.252862,0.092428,-0.051172,0.272049,0.976383,-0.022666,-0.128543,-0.172163
14.262927,0.090871,-0.051172,0.272406,0.976383,-0.022666,-0.128543,-0.172163
14.272988,0.089329,-0.051172,0.272825,0.976383,-0.022666,-0.128543,-0.172163
14.283005,0.087807,-0.051172,0.273305,0.976383,-0.022666,-0.128543,-0.172163
14.293059,0.086305,-0.051172,0.273846,0.976383,-0.022666,-0.128543,-0.172163
14.303121,0.084827,-0.051172,0.274445,0.976383,-0.022666,-0.128543,-0.172163
14.313185,0.083374,-0.051172,0.275103,0.976383,-0.022666,-0.128543,-0.172163
14.323250,0.081950,-0.051172,0.275818,0.976383,-0.022666,-0.128543,-0.172163
14.333305,0.080556,-0.051172,0.276588,0.976383,-0.022666,-0.128543,-0.172163
14.343342,0.079195,-0.051172,0.277412,0.976383,-0.022666,-0.128543,-0.172163
14.353394,0.077869,-0.051172,0.278290,0.976383,-0.022666,-0.128543,-0.172163
14.363446,0.076580,-0.051172,0.279218,0.976383,-0.022666,-0.128543,-0.172163
14.373498,0.075330,-0.051172,0.280196,0.976383,-0.022666,-0.128543,-0.172163
14.383550,0.074121,-0.051172,0.281222,0.976383,-0.022666,-0.128543,-0.172163
14.393602,0.072955,-0.051172,0.282293,0.976383,-0.022666,-0.128543,-0.172163
14.403654,0.071834,-0.051172,0.283408,0.976383,-0.022666,-0.128543,-0.172163
14.413706,0.070758,-0.051172,0.284566,0.976383,-0.022666,-0.128543,-0.172163
14.423757,0.069731,-0.051172,0.285763,0.976383,-0.022666,-0.128543,-0.172163
14.433809,0.068753,-0.051172,0.286999,0.976383,-0.022666,-0.128543,-0.172163
14.443861,0.067825,-0.051172,0.288270,0.976383,-0.022666,-0.128543,-0.172163
14.453913,0.066950,-0.051172,0.289574,0.976383,-0.022666,-0.128543,-0.172163
14.463964,0.066128,-0.051172,0.290910,0.976383,-0.022666,-0.128543,-0.172163
14.474020,0.065361,-0.051172,0.292274,0.976383,-0.022666,-0.128543,-0.172163
14.484072,0.064648,-0.051172,0.293665,0.976383,-0.022666,-0.128543,-0.172163
14.494134,0.063991,-0.051172,0.295080,0.976383,-0.022666,-0.128543,-0.172163
14.504196,0.063391,-0.051172,0.296517,0.976383,-0.022666,-0.128543,-0.172163
14.514259,0.062849,-0.051172,0.297974,0.976383,-0.022666,-0.128543,-0.172163
14.524323,0.062365,-0.051172,0.299446,0.976383,-0.022666,-0.128543,-0.172163
14.534383,0.061938,-0.051172,0.300934,0.976383,-0.022666,-0.128543,-0.172163
14.544445,0.061571,-0.051172,0.302434,0.976383,-0.022666,-0.128543,-0.172163
14.554509,0.061262,-0.051172,0.303943,0.976383,-0.022666,-0.128543,-0.172163
14.564569,0.061012,-0.051173,0.305460,0.976383,-0.022666,-0.128543,-0.172163
14.574630,0.060821,-0.051173,0.306980,0.976383,-0.022666,-0.128543,-0.172163
14.584683,0.060689,-0.051173,0.308504,0.976383,-0.022666,-0.128543,-0.172163
14.594744,0.060615,-0.051173,0.310027,0.976383,-0.022666,-0.128543,-0.172163
14.604802,0.060599,-0.051173,0.311548,0.976383,-0.022666,-0.128543,-0.172163
14.614863,0.060641,-0.051173,0.313064,0.976383,-0.022666,-0.128543,-0.172163
14.624928,0.060740,-0.051173,0.314573,0.976383,-0.022666,-0.128543,-0.172163
14.634988,0.060895,-0.051173,0.316074,0.976383,-0.022666,-0.128543,-0.172163
14.645052,0.061372,-0.051173,0.319037,0.976383,-0.022666,-0.128543,-0.172163
14.655105,0.061692,-0.051173,0.320497,0.976383,-0.022666,-0.128543,-0.172163
14.665170,0.062065,-0.051173,0.321939,0.976383,-0.022666,-0.128543,-0.172163
14.675232,0.062489,-0.051173,0.323360,0.976383,-0.022666,-0.128543,-0.172163
14.685285,0.062965,-0.051173,0.324761,0.976383,-0.022666,-0.128543,-0.172163
14.695339,0.063490,-0.051173,0.326138,0.976383,-0.022666,-0.128543,-0.172163
14.705403,0.064063,-0.051173,0.327490,0.976383,-0.022666,-0.128543,-0.172163
14.715468,0.064683,-0.051173,0.328815,0.976383,-0.022666,-0.128543,-0.172163
14.725530,0.065349,-0.051173,0.330112,0.976383,-0.022666,-0.128543,-0.172163
14.735593,0.066058,-0.051173,0.331378,0.976383,-0.022666,-0.128543,-0.172163
14.745663,0.066810,-0.051173,0.332614,0.976383,-0.022666,-0.128543,-0.172163
14.755718,0.067603,-0.051173,0.333816,0.976383,-0.022666,-0.128543,-0.172163
14.765754,0.068434,-0.051173,0.334984,0.976383,-0.022666,-0.128543,-0.172163
14.775815,0.069304,-0.051173,0.336117,0.976383,-0.022666,-0.128543,-0.172163
14.785878,0.070209,-0.051173,0.337213,0.976383,-0.022666,-0.128543,-0.172163
14.795939,0.071148,-0.051173,0.338272,0.976383,-0.022666,-0.128543,-0.172163
14.806001,0.072120,-0.051173,0.339293,0.976383,-0.022666,-0.128543,-0.172163
14.816061,0.073122,-0.051173,0.340274,0.976383,-0.022666,-0.128543,-0.172163
14.826122,0.074153,-0.051173,0.341215,0.976383,-0.022666,-0.128543,-0.172163
14.836181,0.075211,-0.051173,0.342115,0.976383,-0.022666,-0.128543,-0.172163
14.846245,0.076295,-0.051173,0.342974,0.976383,-0.022666,-0.128543,-0.172163
14.856297,0.077401,-0.051173,0.343790,0.976383,-0.022666,-0.128543,-0.172163
14.866351,0.078529,-0.051173,0.344564,0.976383,-0.022666,-0.128543,-0.172163
14.876403,0.079676,-0.051173,0.345296,0.976383,-0.022666,-0.128543,-0.172163
14.886455,0.080842,-0.051173,0.345984,0.976383,-0.022666,-0.128543,-0.172163
14.896508,0.082024,-0.051173,0.346629,0.976383,-0.022666,-0.128543,-0.172163
14.906561,0.083220,-0.051173,0.347231,0.976383,-0.022666,-0.128543,-0.172163
14.916622,0.084428,-0.051173,0.347789,0.976383,-0.022666,-0.128543,-0.172163
14.926682,0.085648,-0.051173,0.348304,0.976383,-0.022666,-0.128543,-0.172163
14.936747,0.086876,-0.051173,0.348776,0.976383,-0.022666,-0.128543,-0.172163
14.946813,0.088112,-0.051173,0.349204,0.976383,-0.022666,-0.128543,-0.172163
14.956879,0.089353,-0.051173,0.349590,0.976383,-0.022666,-0.128543,-0.172163
14.966942,0.090598,-0.051173,0.349932,0.976383,-0.022666,-0.128543,-0.172163
14.977006,0.091846,-0.051173,0.350233,0.976383,-0.022666,-0.128543,-0.172163
14.987063,0.093094,-0.051173,0.350492,0.976383,-0.022666,-0.128543,-0.172163
14.997122,0.094343,-0.051173,0.350710,0.976383,-0.022666,-0.128543,-0.172163
15.007183,0.095588,-0.051173,0.350887,0.976383,-0.022666,-0.128543,-0.172163
15.017242,0.096830,-0.051173,0.351024,0.976383,-0.022666,-0.128543,-0.172163
15.027304,0.098067,-0.051173,0.351122,0.976383,-0.022666,-0.128543,-0.172163
15.037366,0.099297,-0.051173,0.351181,0.976383,-0.022666,-0.128543,-0.172163
15.047427,0.100520,-0.051173,0.351202,0.976383,-0.022666,-0.128543,-0.172163
15.057487,0.101734,-0.051173,0.351186,0.976383,-0.022666,-0.128543,-0.172163
15.067549,0.102938,-0.051173,0.351133,0.976383,-0.022666,-0.128543,-0.172163
15.077609,0.104130,-0.051173,0.351046,0.976383,-0.022666,-0.128543,-0.172163
15.087671,0.105311,-0.051173,0.350923,0.976383,-0.022666,-0.128543,-0.172163
15.097731,0.106477,-0.051173,0.350767,0.976383,-0.022666,-0.128543,-0.172163
15.107793,0.107629,-0.051173,0.350579,0.976383,-0.022666,-0.128543,-0.172163
15.117855,0.108765,-0.051173,0.350359,0.976383,-0.022666,-0.128543,-0.172163
15.127915,0.109886,-0.051173,0.350108,0.976383,-0.022666,-0.128543,-0.172163
15.137978,0.110989,-0.051173,0.349828,0.976383,-0.022666,-0.128543,-0.172163
15.148037,0.112074,-0.051173,0.349520,0.976383,-0.022666,-0.128543,-0.172163
15.158099,0.113141,-0.051173,0.349184,0.976383,-0.022666,-0.128543,-0.172163
15.168166,0.114188,-0.051173,0.348822,0.976383,-0.022666,-0.128543,-0.172163
15.178231,0.115216,-0.051173,0.348434,0.976383,-0.022666,-0.128543,-0.172163
15.188296,0.116223,-0.051173,0.348023,0.976383,-0.022666,-0.128543,-0.172163
15.198361,0.117209,-0.051173,0.347589,0.976383,-0.022666,-0.128543,-0.172163
15.208418,0.118173,-0.051173,0.347133,0.976383,-0.022666,-0.128543,-0.172163
15.218480,0.119116,-0.051173,0.346656,0.976383,-0.022666,-0.128543,-0.172163
15.228533,0.120036,-0.051173,0.346160,0.976383,-0.022666,-0.128543,-0.172163
15.238585,0.120934,-0.051173,0.345645,0.976383,-0.022666,-0.128543,-0.172163
15.248643,0.121809,-0.051173,0.345113,0.976383,-0.022666,-0.128543,-0.172163
15.258705,0.122661,-0.051173,0.344565,0.976383,-0.022666,-0.128543,-0.172163
15.268767,0.123490,-0.051173,0.344002,0.976383,-0.022666,-0.128543,-0.172163
15.278828,0.124296,-0.051173,0.343424,0.976383,-0.022666,-0.128543,-0.172163
15.288888,0.125078,-0.051173,0.342834,0.976383,-0.022666,-0.128543,-0.172163
15.298949,0.125837,-0.051173,0.342232,0.976383,-0.022666,-0.128543,-0.172163
15.309011,0.126572,-0.051173,0.341619,0.976383,-0.022666,-0.128543,-0.172163
15.319071,0.127284,-0.051173,0.340996,0.976383,-0.022666,-0.128543,-0.172163
15.329243,0.127973,-0.051173,0.340364,0.976383,-0.022666,-0.128543,-0.172163
15.339295,0.128639,-0.051173,0.339725,0.976383,-0.022666,-0.128543,-0.172163
15.349348,0.129281,-0.051173,0.339079,0.976383,-0.022666,-0.128543,-0.172163
15.359400,0.129900,-0.051173,0.338427,0.976383,-0.022666,-0.128543,-0.172163
15.369463,0.130497,-0.051173,0.337770,0.976383,-0.022666,-0.128543,-0.172163
15.379527,0.131071,-0.051173,0.337109,0.976383,-0.022666,-0.128543,-0.172163
15.389589,0.131624,-0.051173,0.336445,0.976383,-0.022666,-0.128543,-0.172163
15.399644,0.132154,-0.051173,0.335779,0.976383,-0.022666,-0.128543,-0.172163
15.409697,0.132663,-0.051173,0.335112,0.976383,-0.022666,-0.128543,-0.172163
15.419750,0.133150,-0.051173,0.334444,0.976383,-0.022666,-0.128543,-0.172163
15.429802,0.133617,-0.051173,0.333775,0.976383,-0.022666,-0.128543,-0.172163
15.439854,0.134063,-0.051173,0.333109,0.976383,-0.022666,-0.128543,-0.172163
15.449916,0.134489,-0.051173,0.332444,0.976383,-0.022666,-0.128543,-0.172163
15.459969,0.134895,-0.051173,0.331781,0.976383,-0.022666,-0.128543,-0.172163
15.470002,0.135282,-0.051173,0.331122,0.976383,-0.022666,-0.128543,-0.172163
15.480054,0.135651,-0.051173,0.330466,0.976383,-0.022666,-0.128543,-0.172163
15.490106,0.136000,-0.051173,0.329815,0.976383,-0.022666,-0.128543,-0.172163
15.500158,0.136333,-0.051173,0.329169,0.976383,-0.022666,-0.128543,-0.172163
15.510210,0.136647,-0.051173,0.328529,0.976383,-0.022666,-0.128543,-0.172163
15.520259,0.136945,-0.051173,0.327896,0.976383,-0.022666,-0.128543,-0.172163
15.530326,0.137227,-0.051173,0.327268,0.976383,-0.022666,-0.128543,-0.172163
15.540392,0.137492,-0.051173,0.326649,0.976383,-0.022666,-0.128543,-0.172163
15.550445,0.137742,-0.051173,0.326038,0.976383,-0.022666,-0.128543,-0.172163
15.560511,0.137978,-0.051173,0.325434,0.976383,-0.022666,-0.128543,-0.172163
15.570574,0.138199,-0.051173,0.324839,0.976383,-0.022666,-0.128543,-0.172163
15.580629,0.138406,-0.051173,0.324254,0.976383,-0.022666,-0.128543,-0.172163
15.590689,0.138599,-0.051173,0.323679,0.976383,-0.022666,-0.128543,-0.172163
15.600752,0.138780,-0.051173,0.323113,0.976383,-0.022666,-0.128543,-0.172163
15.610814,0.138949,-0.051173,0.322558,0.976383,-0.022666,-0.128543,-0.172163
15.620875,0.139106,-0.051173,0.322014,0.976383,-0.022666,-0.128543,-0.172163
15.630937,0.139252,-0.051173,0.321480,0.976383,-0.022666,-0.128543,-0.172163
15.640999,0.139387,-0.051173,0.320958,0.976383,-0.022666,-0.128543,-0.172163
15.651053,0.139512,-0.051173,0.320448,0.976383,-0.022666,-0.128543,-0.172163
15.661104,0.139627,-0.051173,0.319950,0.976383,-0.022666,-0.128543,-0.172163
15.671165,0.139732,-0.051173,0.319464,0.976383,-0.022666,-0.128543,-0.172163
15.681226,0.139829,-0.051173,0.318991,0.976383,-0.022666,-0.128543,-0.172163
15.691286,0.139918,-0.051173,0.318531,0.976383,-0.022666,-0.128543,-0.172163
15.701338,0.139999,-0.051173,0.318083,0.976383,-0.022666,-0.128543,-0.172163
15.711397,0.140072,-0.051173,0.317648,0.976383,-0.022666,-0.128543,-0.172163
15.721459,0.140139,-0.051173,0.317227,0.976383,-0.022666,-0.128543,-0.172163
15.731518,0.140199,-0.051173,0.316819,0.976383,-0.022666,-0.128543,-0.172163
15.741580,0.140252,-0.051173,0.316425,0.976383,-0.022666,-0.128543,-0.172163
15.751633,0.140301,-0.051173,0.316045,0.976383,-0.022666,-0.128543,-0.172163
15.761693,0.140344,-0.051173,0.315679,0.976383,-0.022666,-0.128543,-0.172163
15.771751,0.140382,-0.051173,0.315326,0.976383,-0.022666,-0.128543,-0.172163
15.781804,0.140415,-0.051173,0.314988,0.976383,-0.022666,-0.128543,-0.172163
15.791857,0.140445,-0.051173,0.314665,0.976383,-0.022666,-0.128543,-0.172163
15.801917,0.140470,-0.051173,0.314355,0.976383,-0.022666,-0.128543,-0.172163
15.811978,0.140493,-0.051173,0.314061,0.976383,-0.022666,-0.128543,-0.172163
15.822005,0.140512,-0.051173,0.313781,0.976383,-0.022666,-0.128543,-0.172163
15.832068,0.140528,-0.051173,0.313515,0.976383,-0.022666,-0.128543,-0.172163
15.842129,0.140542,-0.051173,0.313264,0.976383,-0.022666,-0.128543,-0.172163
15.852190,0.140553,-0.051173,0.313028,0.976383,-0.022666,-0.128543,-0.172163
15.862252,0.140563,-0.051173,0.312808,0.976383,-0.022666,-0.128543,-0.172163
15.872312,0.140571,-0.051173,0.312601,0.976383,-0.022666,-0.128543,-0.172163
15.882376,0.140577,-0.051173,0.312410,0.976383,-0.022666,-0.128543,-0.172163
15.892437,0.140582,-0.051173,0.312234,0.976383,-0.022666,-0.128543,-0.172163
15.902500,0.140586,-0.051173,0.312073,0.976383,-0.022666,-0.128543,-0.172163
15.912564,0.140588,-0.051173,0.311927,0.976383,-0.022666,-0.128543,-0.172163
15.922617,0.140591,-0.051173,0.311797,0.976383,-0.022666,-0.128543,-0.172163
15.932672,0.140592,-0.051173,0.311681,0.976383,-0.022666,-0.128543,-0.172163
15.942735,0.140593,-0.051173,0.311581,0.976383,-0.022666,-0.128543,-0.172163
15.952797,0.140594,-0.051173,0.311497,0.976383,-0.022666,-0.128543,-0.172163
15.962854,0.140594,-0.051173,0.311427,0.976383,-0.022666,-0.128543,-0.172163
15.972909,0.140595,-0.051173,0.311373,0.976383,-0.022666,-0.128543,-0.172163
15.982973,0.140595,-0.051173,0.311334,0.976383,-0.022666,-0.128543,-0.172163
15.993035,0.140595,-0.051173,0.311311,0.976383,-0.022666,-0.128543,-0.172163
