t,px,py,pz,qw,qx,qy,qz
0.000000,0.142994,-0.049373,0.298616,0.982061,-0.025234,-0.097657,-0.159319
0.010055,0.142994,-0.049373,0.298616,0.982061,-0.025234,-0.097657,-0.159319
0.020108,0.142994,-0.049373,0.298616,0.982061,-0.025234,-0.097657,-0.159319
0.030160,0.142994,-0.049373,0.298616,0.982061,-0.025234,-0.097657,-0.159319
0.040212,0.143001,-0.049385,0.298483,0.982050,-0.025183,-0.097472,-0.159508
0.050264,0.143004,-0.049376,0.298483,0.982080,-0.025202,-0.097470,-0.159321
0.060317,0.142994,-0.049373,0.298616,0.982061,-0.025234,-0.097657,-0.159319
0.070370,0.143004,-0.049376,0.298483,0.982080,-0.025202,-0.097470,-0.159321
0.080434,0.142994,-0.049373,0.298616,0.982061,-0.025234,-0.097657,-0.159319
0.090497,0.142991,-0.049381,0.298616,0.982031,-0.025215,-0.097659,-0.159506
0.100558,0.142991,-0.049381,0.298616,0.982031,-0.025215,-0.097659,-0.159506
0.110609,0.142991,-0.049381,0.298616,0.982031,-0.025215,-0.097659,-0.159506
0.120672,0.142994,-0.049373,0.298616,0.982061,-0.025234,-0.097657,-0.159319
0.130731,0.142991,-0.049381,0.298616,0.982031,-0.025215,-0.097659,-0.159506
0.140793,0.142994,-0.049373,0.298616,0.982061,-0.025234,-0.097657,-0.159319
0.150846,0.142994,-0.049373,0.298616,0.982061,-0.025234,-0.097657,-0.159319
0.160900,0.142991,-0.049381,0.298616,0.982031,-0.025215,-0.097659,-0.159506
0.170956,0.142994,-0.049373,0.298616,0.982061,-0.025234,-0.097657,-0.159319
0.181010,0.142994,-0.049373,0.298616,0.982066,-0.025047,-0.097688,-0.159300
0.191062,0.142994,-0.049373,0.298616,0.982061,-0.025234,-0.097657,-0.159319
0.201127,0.142994,-0.049373,0.298616,0.982061,-0.025234,-0.097657,-0.159319
0.211178,0.142994,-0.049373,0.298616,0.982061,-0.025234,-0.097657,-0.159319
0.221230,0.142994,-0.049373,0.298616,0.982061,-0.025234,-0.097657,-0.159319
0.231279,0.142991,-0.049381,0.298616,0.982031,-0.025215,-0.097659,-0.159506
0.241329,0.142991,-0.049381,0.298616,0.982031,-0.025215,-0.097659,-0.159506
0.251381,0.142994,-0.049373,0.298616,0.982061,-0.025234,-0.097657,-0.159319
0.261441,0.142994,-0.049373,0.298616,0.982061,-0.025234,-0.097657,-0.159319
0.271504,0.142994,-0.049373,0.298616,0.982061,-0.025234,-0.097657,-0.159319
0.281566,0.142994,-0.049373,0.298616,0.982061,-0.025234,-0.097657,-0.159319
0.291632,0.142994,-0.049373,0.298616,0.982061,-0.025234,-0.097657,-0.159319
0.301695,0.142994,-0.049373,0.298616,0.982061,-0.025234,-0.097657,-0.159319
0.311756,0.142994,-0.049373,0.298616,0.982061,-0.025234,-0.097657,-0.159319
0.321811,0.142991,-0.049381,0.298616,0.982031,-0.025215,-0.097659,-0.159506
0.331871,0.142994,-0.049373,0.298616,0.982061,-0.025234,-0.097657,-0.159319
0.341933,0.142994,-0.049373,0.298616,0.982061,-0.025234,-0.097657,-0.159319
0.351996,0.142994,-0.049373,0.298616,0.982061,-0.025234,-0.097657,-0.159319
0.362056,0.142991,-0.049381,0.298616,0.982031,-0.025215,-0.097659,-0.159506
0.372121,0.142994,-0.049373,0.298616,0.982061,-0.025234,-0.097657,-0.159319
0.382180,0.142991,-0.049381,0.298616,0.982036,-0.025028,-0.097690,-0.159488
0.392242,0.142994,-0.049373,0.298616,0.982061,-0.025234,-0.097657,-0.159319
0.402304,0.142991,-0.049381,0.298616,0.982031,-0.025215,-0.097659,-0.159506
0.412364,0.142994,-0.049373,0.298616,0.982061,-0.025234,-0.097657,-0.159319
0.422416,0.142991,-0.049381,0.298616,0.982031,-0.025215,-0.097659,-0.159506
0.432477,0.142991,-0.049381,0.298616,0.982036,-0.025028,-0.097690,-0.159488
0.442528,0.142994,-0.049373,0.298616,0.982066,-0.025047,-0.097688,-0.159300
0.452593,0.142994,-0.049373,0.298616,0.982066,-0.025047,-0.097688,-0.159300
0.462656,0.142991,-0.049381,0.298616,0.982031,-0.025215,-0.097659,-0.159506
0.472718,0.142991,-0.049381,0.298616,0.982031,-0.025215,-0.097659,-0.159506
0.482778,0.142994,-0.049373,0.298616,0.982061,-0.025234,-0.097657,-0.159319
0.492829,0.142991,-0.049381,0.298616,0.982036,-0.025028,-0.097690,-0.159488
0.502894,0.142991,-0.049381,0.298616,0.982031,-0.025215,-0.097659,-0.159506
0.512953,0.142991,-0.049381,0.298616,0.982031,-0.025215,-0.097659,-0.159506
0.523016,0.142991,-0.049381,0.298616,0.982036,-0.025028,-0.097690,-0.159488
0.533084,0.142994,-0.049373,0.298616,0.982061,-0.025234,-0.097657,-0.159319
0.543152,0.142991,-0.049381,0.298616,0.982036,-0.025028,-0.097690,-0.159488
0.553216,0.142994,-0.049373,0.298616,0.982066,-0.025047,-0.097688,-0.159300
0.563270,0.142994,-0.049373,0.298616,0.982066,-0.025047,-0.097688,-0.159300
0.573331,0.142994,-0.049373,0.298616,0.982066,-0.025047,-0.097688,-0.159300
0.583392,0.142991,-0.049381,0.298616,0.982031,-0.025215,-0.097659,-0.159506
0.593446,0.142991,-0.049381,0.298616,0.982036,-0.025028,-0.097690,-0.159488
0.603507,0.142994,-0.049373,0.298616,0.982066,-0.025047,-0.097688,-0.159300
0.613568,0.142991,-0.049381,0.298616,0.982036,-0.025028,-0.097690,-0.159488
0.623633,0.142991,-0.049381,0.298616,0.982031,-0.025215,-0.097659,-0.159506
0.633692,0.142991,-0.049381,0.298616,0.982036,-0.025028,-0.097690,-0.159488
0.643755,0.142991,-0.049381,0.298616,0.982036,-0.025028,-0.097690,-0.159488
0.653816,0.142991,-0.049381,0.298616,0.982031,-0.025215,-0.097659,-0.159506
0.663879,0.142980,-0.049378,0.298748,0.982016,-0.025061,-0.097876,-0.159486
0.673938,0.142983,-0.049369,0.298748,0.982042,-0.025267,-0.097844,-0.159317
0.684001,0.142980,-0.049378,0.298748,0.982016,-0.025061,-0.097876,-0.159486
0.694063,0.142973,-0.049365,0.298881,0.982027,-0.025113,-0.098061,-0.159297
0.704124,0.142962,-0.049362,0.299014,0.982008,-0.025146,-0.098248,-0.159295
0.714185,0.142938,-0.049363,0.299279,0.981939,-0.025192,-0.098624,-0.159480
0.724246,0.142927,-0.049359,0.299411,0.981920,-0.025225,-0.098811,-0.159478
0.734310,0.142919,-0.049347,0.299544,0.981931,-0.025277,-0.098996,-0.159289
0.744375,0.142897,-0.049339,0.299809,0.981892,-0.025343,-0.099370,-0.159286
0.754428,0.142872,-0.049340,0.300074,0.981823,-0.025389,-0.099745,-0.159470
0.764581,0.142861,-0.049336,0.300207,0.981803,-0.025422,-0.099932,-0.159468
0.774634,0.142850,-0.049332,0.300339,0.981779,-0.025642,-0.100089,-0.159485
0.784688,0.142830,-0.049316,0.300604,0.981774,-0.025540,-0.100491,-0.159276
0.794744,0.142816,-0.049321,0.300737,0.981724,-0.025553,-0.100680,-0.159461
0.804807,0.142816,-0.049321,0.300737,0.981724,-0.025553,-0.100680,-0.159461
0.814861,0.142808,-0.049308,0.300869,0.981735,-0.025605,-0.100865,-0.159272
0.824922,0.142796,-0.049304,0.301002,0.981715,-0.025638,-0.101051,-0.159270
0.834986,0.142785,-0.049300,0.301134,0.981695,-0.025671,-0.101238,-0.159269
0.845004,0.142771,-0.049305,0.301267,0.981645,-0.025684,-0.101427,-0.159454
0.855066,0.142759,-0.049301,0.301399,0.981625,-0.025717,-0.101614,-0.159453
0.865131,0.142747,-0.049297,0.301532,0.981605,-0.025749,-0.101801,-0.159451
0.875191,0.142747,-0.049297,0.301532,0.981605,-0.025749,-0.101801,-0.159451
0.885245,0.142736,-0.049293,0.301664,0.981585,-0.025782,-0.101988,-0.159449
0.895307,0.142724,-0.049289,0.301797,0.981565,-0.025815,-0.102174,-0.159447
0.905370,0.142694,-0.049339,0.301929,0.981515,-0.025867,-0.102356,-0.159633
0.915428,0.142682,-0.049335,0.302062,0.981495,-0.025900,-0.102543,-0.159631
0.925488,0.142673,-0.049322,0.302194,0.981505,-0.025953,-0.102728,-0.159442
0.935549,0.142661,-0.049318,0.302327,0.981485,-0.025986,-0.102915,-0.159440
0.945611,0.142637,-0.049310,0.302592,0.981444,-0.026052,-0.103288,-0.159437
0.955674,0.142613,-0.049301,0.302857,0.981404,-0.026117,-0.103662,-0.159433
0.965737,0.142613,-0.049301,0.302857,0.981404,-0.026117,-0.103662,-0.159433
0.975798,0.142601,-0.049297,0.302989,0.981383,-0.026150,-0.103848,-0.159431
0.985861,0.142570,-0.049347,0.303121,0.981333,-0.026203,-0.104030,-0.159617
0.995920,0.142527,-0.049393,0.303386,0.981261,-0.026289,-0.104399,-0.159800
1.005982,0.142499,-0.049393,0.303651,0.981190,-0.026334,-0.104774,-0.159984
1.016046,0.142452,-0.049489,0.303784,0.981134,-0.026614,-0.104918,-0.160189
1.026106,0.142421,-0.049539,0.303916,0.981088,-0.026480,-0.105131,-0.160354
1.036167,0.142377,-0.049585,0.304181,0.981016,-0.026566,-0.105499,-0.160538
1.046229,0.142327,-0.049689,0.304313,0.980934,-0.026640,-0.105676,-0.160910
1.056325,0.142295,-0.049739,0.304446,0.980882,-0.026693,-0.105857,-0.161095
1.066388,0.142251,-0.049784,0.304710,0.980810,-0.026780,-0.106225,-0.161278
1.076451,0.142200,-0.049888,0.304843,0.980728,-0.026854,-0.106402,-0.161651
1.086513,0.142155,-0.049933,0.305107,0.980655,-0.026940,-0.106770,-0.161834
1.096573,0.142114,-0.050050,0.305107,0.980563,-0.026960,-0.106762,-0.162395
1.106638,0.142072,-0.050087,0.305372,0.980520,-0.027068,-0.107128,-0.162391
1.116698,0.142040,-0.050136,0.305504,0.980468,-0.027122,-0.107309,-0.162576
1.126760,0.141976,-0.050235,0.305769,0.980364,-0.027230,-0.107672,-0.162946
1.136823,0.141957,-0.050289,0.305769,0.980333,-0.027251,-0.107667,-0.163133
1.146887,0.141905,-0.050393,0.305901,0.980250,-0.027325,-0.107843,-0.163505
1.156949,0.141873,-0.050442,0.306034,0.980197,-0.027380,-0.108024,-0.163690
1.167000,0.141827,-0.050487,0.306298,0.980124,-0.027467,-0.108392,-0.163873
1.177061,0.141794,-0.050536,0.306431,0.980071,-0.027522,-0.108573,-0.164058
1.187124,0.141791,-0.050545,0.306431,0.980040,-0.027501,-0.108576,-0.164245
1.197184,0.141762,-0.050586,0.306563,0.980019,-0.027576,-0.108755,-0.164243
1.207249,0.141748,-0.050581,0.306695,0.980002,-0.027423,-0.108972,-0.164220
1.217312,0.141721,-0.050571,0.306960,0.979954,-0.027678,-0.109314,-0.164236
1.227372,0.141708,-0.050566,0.307092,0.979938,-0.027524,-0.109532,-0.164213
1.237435,0.141702,-0.050564,0.307188,0.979938,-0.027524,-0.109532,-0.164213
1.247498,0.141689,-0.050559,0.307321,0.979917,-0.027558,-0.109718,-0.164211
1.257563,0.141675,-0.050554,0.307453,0.979895,-0.027592,-0.109905,-0.164209
1.267625,0.141634,-0.050540,0.307850,0.979831,-0.027693,-0.110464,-0.164203
1.277686,0.141620,-0.050535,0.307982,0.979809,-0.027727,-0.110651,-0.164200
1.287747,0.141606,-0.050530,0.308114,0.979787,-0.027761,-0.110837,-0.164198
1.297808,0.141578,-0.050520,0.308379,0.979744,-0.027828,-0.111210,-0.164194
1.307868,0.141550,-0.050510,0.308643,0.979706,-0.027709,-0.111614,-0.164168
1.317931,0.141536,-0.050504,0.308775,0.979679,-0.027929,-0.111769,-0.164187
1.327990,0.141507,-0.050494,0.309040,0.979640,-0.027810,-0.112174,-0.164162
1.337996,0.141410,-0.050459,0.309354,0.979574,-0.027911,-0.112733,-0.164155
1.348067,0.141381,-0.050449,0.309618,0.979530,-0.027979,-0.113106,-0.164150
1.358130,0.141298,-0.050419,0.309800,0.979486,-0.028046,-0.113479,-0.164146
1.368192,0.141269,-0.050408,0.310064,0.979441,-0.028113,-0.113851,-0.164141
1.378255,0.141233,-0.050396,0.310424,0.979397,-0.028181,-0.114224,-0.164137
1.388319,0.141234,-0.050396,0.310484,0.979424,-0.027960,-0.114069,-0.164117
1.398383,0.141221,-0.050391,0.310676,0.979424,-0.027960,-0.114069,-0.164117
1.408444,0.141180,-0.050437,0.310904,0.979371,-0.028016,-0.114250,-0.164302
1.418511,0.141082,-0.050402,0.311278,0.979326,-0.028083,-0.114623,-0.164297
1.428574,0.141059,-0.050394,0.311506,0.979304,-0.028117,-0.114809,-0.164294
1.438637,0.140960,-0.050358,0.311879,0.979259,-0.028185,-0.115182,-0.164290
1.448699,0.140938,-0.050350,0.312107,0.979236,-0.028218,-0.115368,-0.164287
1.458763,0.140899,-0.050336,0.312467,0.979191,-0.028286,-0.115741,-0.164283
1.468827,0.140900,-0.050337,0.312527,0.979214,-0.028252,-0.115555,-0.164285
1.478890,0.140870,-0.050326,0.312851,0.979196,-0.028099,-0.115772,-0.164260
1.488954,0.140831,-0.050312,0.313211,0.979151,-0.028167,-0.116145,-0.164256
1.499015,0.140762,-0.050287,0.313380,0.979174,-0.028133,-0.115959,-0.164258
1.509079,0.140733,-0.050267,0.313703,0.979182,-0.028189,-0.116142,-0.164069
1.519142,0.140637,-0.050242,0.314040,0.979129,-0.028200,-0.116331,-0.164253
1.529202,0.140645,-0.050245,0.314064,0.979174,-0.028133,-0.115959,-0.164258
1.539261,0.140613,-0.050233,0.314388,0.979151,-0.028167,-0.116145,-0.164256
1.549324,0.140510,-0.050247,0.314629,0.979134,-0.028058,-0.116355,-0.164231
1.559383,0.140466,-0.050241,0.315048,0.979080,-0.028070,-0.116544,-0.164415
1.569436,0.140449,-0.050235,0.315240,0.979080,-0.028070,-0.116544,-0.164415
1.579488,0.140419,-0.050214,0.315563,0.979088,-0.028126,-0.116727,-0.164226
1.589551,0.140347,-0.050189,0.315672,0.979088,-0.028126,-0.116727,-0.164226
1.599605,0.140313,-0.050176,0.315996,0.979065,-0.028160,-0.116914,-0.164223
1.609665,0.140296,-0.050170,0.316187,0.979065,-0.028160,-0.116914,-0.164223
1.619729,0.140270,-0.050161,0.316474,0.979065,-0.028160,-0.116914,-0.164223
1.629782,0.140269,-0.050160,0.316534,0.979088,-0.028126,-0.116727,-0.164226
1.639882,0.140214,-0.050201,0.316917,0.979062,-0.027962,-0.116753,-0.164390
1.649934,0.140133,-0.050172,0.317122,0.979062,-0.027962,-0.116753,-0.164390
1.659983,0.140141,-0.050175,0.317145,0.979108,-0.027894,-0.116381,-0.164395
1.670047,0.140066,-0.050148,0.317373,0.979153,-0.027826,-0.116008,-0.164400
1.680108,0.139985,-0.050118,0.317577,0.979153,-0.027826,-0.116008,-0.164400
1.690170,0.139973,-0.050114,0.317792,0.979203,-0.027572,-0.115667,-0.164383
1.700234,0.139962,-0.050110,0.317947,0.979226,-0.027538,-0.115480,-0.164386
1.710294,0.139870,-0.050128,0.318175,0.979270,-0.027514,-0.115100,-0.164391
1.720357,0.139822,-0.050170,0.318462,0.979239,-0.027536,-0.115094,-0.164578
1.730411,0.139806,-0.050225,0.318604,0.979302,-0.027235,-0.114375,-0.164753
1.740467,0.139784,-0.050217,0.318855,0.979325,-0.027201,-0.114189,-0.164755
1.750521,0.139690,-0.050234,0.319082,0.979369,-0.027177,-0.113808,-0.164760
1.760587,0.139648,-0.050279,0.319333,0.979365,-0.026978,-0.113648,-0.164928
1.770651,0.139607,-0.050315,0.319643,0.979409,-0.026953,-0.113267,-0.164933
1.780712,0.139605,-0.050364,0.319630,0.979474,-0.026894,-0.112700,-0.164941
1.790763,0.139493,-0.050425,0.319857,0.979523,-0.026725,-0.112343,-0.164924
1.800812,0.139452,-0.050521,0.319976,0.979535,-0.026720,-0.111957,-0.165116
1.810862,0.139365,-0.050651,0.320322,0.979530,-0.026606,-0.111782,-0.165284
1.820913,0.139246,-0.050709,0.320525,0.979529,-0.026692,-0.111765,-0.165284
1.830964,0.139066,-0.050855,0.320979,0.979519,-0.026807,-0.111550,-0.165473
1.841016,0.139030,-0.050993,0.320966,0.979588,-0.026643,-0.110998,-0.165460
1.851068,0.138844,-0.051266,0.321156,0.979526,-0.026706,-0.110403,-0.166215
1.861117,0.138729,-0.051334,0.321324,0.979515,-0.026734,-0.110204,-0.166404
1.871169,0.138576,-0.051407,0.321718,0.979425,-0.026568,-0.110229,-0.166943
1.881219,0.138393,-0.051408,0.321970,0.979340,-0.026603,-0.110413,-0.167314
1.891270,0.138196,-0.051454,0.322245,0.979298,-0.026610,-0.110217,-0.167691
1.901323,0.138042,-0.051397,0.322460,0.979298,-0.026610,-0.110217,-0.167691
1.911389,0.137799,-0.051365,0.322747,0.979292,-0.026408,-0.110057,-0.167859
1.921441,0.137745,-0.051345,0.322746,0.979356,-0.026300,-0.109499,-0.167867
1.931492,0.137500,-0.051303,0.323009,0.979335,-0.026378,-0.109677,-0.167864
1.941542,0.137287,-0.051222,0.323200,0.979361,-0.026156,-0.109523,-0.167846
1.951594,0.137063,-0.051119,0.323463,0.979403,-0.026234,-0.109703,-0.167470
1.961646,0.136684,-0.050966,0.323880,0.979392,-0.026328,-0.110072,-0.167278
1.971697,0.136527,-0.050907,0.324094,0.979397,-0.026141,-0.110104,-0.167257
1.981746,0.136232,-0.050795,0.324390,0.979424,-0.025918,-0.109949,-0.167238
1.991795,0.136136,-0.050818,0.324519,0.979434,-0.025867,-0.109572,-0.167431
2.001848,0.135847,-0.050887,0.324803,0.979365,-0.025706,-0.109404,-0.167973
2.011897,0.135701,-0.050950,0.325100,0.979300,-0.025748,-0.109394,-0.168347
2.021949,0.135393,-0.050991,0.325491,0.979230,-0.025739,-0.109776,-0.168507
2.031998,0.135081,-0.051039,0.325883,0.979123,-0.025896,-0.110130,-0.168875
2.042047,0.134499,-0.051081,0.326510,0.978961,-0.025876,-0.111089,-0.169191
2.052099,0.134160,-0.051167,0.326937,0.978831,-0.026115,-0.111620,-0.169555
2.062150,0.133899,-0.051340,0.327207,0.978765,-0.025854,-0.111467,-0.170076
2.072200,0.133729,-0.051450,0.327503,0.978672,-0.025731,-0.111484,-0.170615
2.082250,0.133352,-0.051430,0.327961,0.978563,-0.025416,-0.111729,-0.171129
2.092303,0.133173,-0.051359,0.328267,0.978568,-0.025230,-0.111762,-0.171108
2.102355,0.132721,-0.051300,0.328771,0.978474,-0.024788,-0.112222,-0.171410
2.112404,0.132481,-0.051380,0.329076,0.978385,-0.024479,-0.112273,-0.171927
2.122455,0.132189,-0.051498,0.329570,0.978263,-0.024191,-0.112320,-0.172631
2.132504,0.131958,-0.051620,0.329744,0.978223,-0.024095,-0.112141,-0.172986
2.142555,0.131674,-0.051624,0.330021,0.978357,-0.023690,-0.112015,-0.172366
2.152607,0.131436,-0.051664,0.330361,0.978372,-0.023691,-0.112202,-0.172154
2.162659,0.130827,-0.051700,0.331002,0.978349,-0.023714,-0.112765,-0.171913
2.172709,0.130435,-0.051629,0.331527,0.978326,-0.023566,-0.113364,-0.171672
2.182759,0.130138,-0.051682,0.331745,0.978232,-0.023444,-0.113384,-0.172210
2.192808,0.129856,-0.051693,0.331984,0.978190,-0.022827,-0.113108,-0.172713
2.202861,0.129660,-0.051690,0.332192,0.978095,-0.022619,-0.113146,-0.173251
2.212912,0.129296,-0.051657,0.332512,0.978042,-0.022103,-0.113237,-0.173559
2.222964,0.129095,-0.051681,0.332683,0.978039,-0.021755,-0.113104,-0.173707
2.233014,0.128715,-0.051630,0.333096,0.978014,-0.021446,-0.113157,-0.173850
2.243064,0.128471,-0.051636,0.333145,0.978028,-0.021245,-0.112807,-0.174024
2.253116,0.128028,-0.051587,0.333471,0.978070,-0.021021,-0.112840,-0.173795
2.263165,0.127763,-0.051619,0.333555,0.978096,-0.020923,-0.112660,-0.173778
2.273217,0.127062,-0.051641,0.334173,0.977897,-0.020946,-0.113612,-0.174272
2.283266,0.126695,-0.051676,0.334336,0.977876,-0.021159,-0.113759,-0.174267
2.293315,0.126282,-0.051757,0.334615,0.977840,-0.020918,-0.113604,-0.174602
2.303368,0.126055,-0.051831,0.334783,0.977761,-0.020941,-0.113407,-0.175166
2.313420,0.125823,-0.051903,0.334972,0.977733,-0.020509,-0.112907,-0.175696
2.323473,0.125580,-0.052035,0.335103,0.977612,-0.020304,-0.112561,-0.176617
2.333524,0.125117,-0.052167,0.335164,0.977493,-0.019997,-0.112230,-0.177516
2.343581,0.124630,-0.052164,0.335535,0.977344,-0.020107,-0.112976,-0.177848
2.353645,0.124045,-0.052237,0.335840,0.977311,-0.020118,-0.113345,-0.177795
2.363704,0.123685,-0.052237,0.335999,0.977401,-0.020023,-0.113540,-0.177188
2.373766,0.123128,-0.052101,0.336214,0.977634,-0.020265,-0.113853,-0.175665
2.383824,0.122883,-0.052037,0.336328,0.977807,-0.020271,-0.113834,-0.174711
2.393886,0.122475,-0.052049,0.336636,0.977947,-0.020384,-0.113791,-0.173944
2.403947,0.122092,-0.052034,0.336885,0.978030,-0.020478,-0.113947,-0.173358
2.414011,0.121462,-0.052000,0.337190,0.978097,-0.020517,-0.114299,-0.172745
2.424074,0.121099,-0.052036,0.337272,0.978224,-0.020564,-0.114075,-0.172170
2.434130,0.120687,-0.052059,0.337556,0.978249,-0.020914,-0.114375,-0.171787
2.444184,0.120245,-0.052018,0.337735,0.978507,-0.021046,-0.114122,-0.170465
2.454249,0.119970,-0.051955,0.337939,0.978610,-0.021009,-0.114112,-0.169883
2.464309,0.119416,-0.051884,0.338289,0.978593,-0.021041,-0.114284,-0.169857
2.474371,0.119051,-0.051818,0.338534,0.978544,-0.020967,-0.114484,-0.170016
2.484436,0.118502,-0.051796,0.338790,0.978359,-0.021080,-0.114659,-0.170944
2.494488,0.118113,-0.051782,0.339034,0.978244,-0.021007,-0.114863,-0.171476
2.504550,0.117441,-0.051843,0.339293,0.978030,-0.021043,-0.115044,-0.172569
2.514614,0.117114,-0.051996,0.339328,0.977946,-0.020935,-0.114672,-0.173304
2.524676,0.116672,-0.052064,0.339589,0.977944,-0.020751,-0.114494,-0.173453
2.534738,0.116268,-0.052071,0.339829,0.977857,-0.020929,-0.114646,-0.173821
2.544796,0.115586,-0.052117,0.340119,0.977623,-0.020829,-0.115043,-0.174885
2.554859,0.115199,-0.052148,0.340266,0.977472,-0.020779,-0.115244,-0.175603
2.564922,0.114576,-0.052260,0.340513,0.977253,-0.020861,-0.115413,-0.176694
2.574983,0.114094,-0.052329,0.340626,0.977123,-0.020849,-0.115408,-0.177417
2.584995,0.113553,-0.052338,0.340741,0.977099,-0.020715,-0.115413,-0.177560
2.595059,0.113222,-0.052456,0.340808,0.977055,-0.020881,-0.115174,-0.177939
2.605120,0.112548,-0.052472,0.341053,0.977049,-0.020719,-0.115363,-0.177869
2.615172,0.111989,-0.052488,0.341200,0.977065,-0.021095,-0.115452,-0.177677
2.625233,0.111459,-0.052445,0.341309,0.977351,-0.021194,-0.115367,-0.176144
2.635296,0.111167,-0.052463,0.341372,0.977549,-0.021277,-0.115115,-0.175198
2.645354,0.110522,-0.052482,0.341482,0.977689,-0.021750,-0.114968,-0.174454
2.655416,0.110049,-0.052500,0.341586,0.977831,-0.021949,-0.114877,-0.173687
2.665468,0.109606,-0.052564,0.341487,0.978206,-0.022174,-0.114172,-0.172008
2.675529,0.109077,-0.052455,0.341699,0.978310,-0.022659,-0.114606,-0.171058
2.685592,0.108432,-0.052416,0.341913,0.978254,-0.022942,-0.115089,-0.171019
2.695651,0.108080,-0.052412,0.341957,0.978206,-0.022963,-0.115258,-0.171178
2.705710,0.107468,-0.052415,0.342006,0.978093,-0.023072,-0.115404,-0.171710
2.715771,0.107082,-0.052502,0.342013,0.977967,-0.023060,-0.115392,-0.172435
2.725832,0.106612,-0.052472,0.342184,0.977897,-0.023183,-0.115727,-0.172587
2.735888,0.105949,-0.052481,0.342356,0.977763,-0.023395,-0.116039,-0.173113
2.745941,0.105459,-0.052487,0.342525,0.977655,-0.023729,-0.116334,-0.173474
2.755994,0.104711,-0.052464,0.342731,0.977566,-0.024089,-0.116790,-0.173620
2.766047,0.104405,-0.052584,0.342659,0.977614,-0.024276,-0.116331,-0.173634
2.776099,0.103788,-0.052563,0.342697,0.977775,-0.024461,-0.116399,-0.172654
2.786152,0.103280,-0.052569,0.342896,0.977714,-0.024947,-0.116835,-0.172636
2.796202,0.102566,-0.052547,0.342968,0.977781,-0.025383,-0.117049,-0.172043
2.806253,0.102026,-0.052508,0.343074,0.977792,-0.025731,-0.117493,-0.171630
2.816306,0.101493,-0.052499,0.343069,0.978040,-0.025903,-0.117349,-0.170283
2.826357,0.101106,-0.052560,0.343066,0.978044,-0.026210,-0.117242,-0.170285
2.836418,0.100488,-0.052556,0.343060,0.978093,-0.026251,-0.117156,-0.170056
2.846482,0.099892,-0.052464,0.343163,0.978003,-0.026499,-0.117640,-0.170201
2.856544,0.099172,-0.052465,0.343229,0.977771,-0.026708,-0.117950,-0.171285
2.866609,0.098786,-0.052538,0.343225,0.977579,-0.026656,-0.117953,-0.172381
2.876668,0.098138,-0.052585,0.343253,0.977338,-0.026594,-0.118129,-0.173635
2.886721,0.097688,-0.052585,0.343282,0.977218,-0.026859,-0.118243,-0.174188
2.896775,0.096957,-0.052593,0.343341,0.977022,-0.026952,-0.118557,-0.175062
2.906836,0.096519,-0.052585,0.343331,0.976963,-0.026987,-0.118515,-0.175413
2.916891,0.095845,-0.052666,0.343353,0.976753,-0.027037,-0.118646,-0.176480
2.926947,0.095440,-0.052749,0.343343,0.976696,-0.027161,-0.118569,-0.176832
2.937001,0.094736,-0.052682,0.343393,0.976738,-0.027408,-0.118798,-0.176403
2.947057,0.094279,-0.052687,0.343378,0.976819,-0.027617,-0.118672,-0.176010
2.957111,0.093636,-0.052655,0.343425,0.976965,-0.027976,-0.118842,-0.175024
2.967176,0.093104,-0.052595,0.343476,0.977040,-0.028161,-0.119084,-0.174408
2.977236,0.092470,-0.052560,0.343485,0.977213,-0.028266,-0.119102,-0.173406
2.987298,0.092168,-0.052621,0.343437,0.977291,-0.027965,-0.118888,-0.173161
2.997361,0.091652,-0.052534,0.343486,0.977332,-0.028088,-0.119153,-0.172731
3.007422,0.090875,-0.052425,0.343521,0.977392,-0.027830,-0.119440,-0.172234
3.017486,0.090419,-0.052390,0.343571,0.977365,-0.027913,-0.119725,-0.172175
3.027546,0.089784,-0.052347,0.343612,0.977352,-0.027759,-0.120018,-0.172072
3.037609,0.089352,-0.052359,0.343536,0.977359,-0.027442,-0.120172,-0.171975
3.047672,0.088721,-0.052278,0.343608,0.977436,-0.027058,-0.120657,-0.171259
3.057734,0.088187,-0.052194,0.343684,0.977466,-0.026939,-0.121124,-0.170773
3.067796,0.087402,-0.052026,0.343815,0.977523,-0.027155,-0.121845,-0.169899
3.077858,0.087019,-0.052015,0.343825,0.977664,-0.026931,-0.121928,-0.169058
3.087919,0.086414,-0.052036,0.343897,0.977633,-0.026958,-0.122331,-0.168944
3.097980,0.085867,-0.051959,0.344005,0.977536,-0.027053,-0.122968,-0.169029
3.108036,0.085133,-0.051866,0.344137,0.977397,-0.026972,-0.123790,-0.169243
3.118098,0.084677,-0.051829,0.344179,0.977271,-0.027012,-0.124099,-0.169739
3.128160,0.083939,-0.051775,0.344274,0.976980,-0.026936,-0.124793,-0.170914
3.138224,0.083564,-0.051754,0.344321,0.976852,-0.026934,-0.125120,-0.171408
3.148290,0.082802,-0.051686,0.344483,0.976578,-0.027304,-0.126066,-0.172214
3.158351,0.082252,-0.051614,0.344586,0.976372,-0.027540,-0.126705,-0.172874
3.168415,0.081584,-0.051556,0.344715,0.976157,-0.027628,-0.127512,-0.173477
3.178477,0.081096,-0.051534,0.344784,0.976044,-0.027879,-0.127921,-0.173776
3.188539,0.080458,-0.051424,0.344871,0.976054,-0.028213,-0.128413,-0.173299
3.198601,0.080048,-0.051430,0.344909,0.976033,-0.028430,-0.128611,-0.173236
3.208661,0.079237,-0.051237,0.345083,0.976007,-0.029331,-0.129501,-0.172569
3.218724,0.078842,-0.051125,0.345058,0.976132,-0.029658,-0.129815,-0.171567
3.228787,0.078210,-0.050944,0.345205,0.976261,-0.030484,-0.130495,-0.170166
3.238851,0.077813,-0.050911,0.345276,0.976210,-0.030941,-0.130834,-0.170116
3.248917,0.077101,-0.050733,0.345418,0.976105,-0.031435,-0.131663,-0.169987
3.258978,0.076675,-0.050614,0.345480,0.976022,-0.031592,-0.132097,-0.170096
3.269083,0.075956,-0.050485,0.345588,0.975736,-0.031871,-0.132865,-0.171087
3.279145,0.075441,-0.050345,0.345676,0.975556,-0.032312,-0.133443,-0.171580
3.289211,0.075067,-0.050302,0.345709,0.975458,-0.032598,-0.133667,-0.171910
3.299271,0.074532,-0.050271,0.345671,0.975320,-0.032776,-0.134036,-0.172366
3.309334,0.074003,-0.050120,0.345788,0.975187,-0.033410,-0.134707,-0.172478
3.319398,0.073379,-0.049984,0.345674,0.975201,-0.033851,-0.135106,-0.171998
3.329455,0.073053,-0.049903,0.345648,0.975287,-0.034378,-0.135362,-0.171205
3.339509,0.072375,-0.049713,0.345722,0.975222,-0.035293,-0.136208,-0.170717
3.349575,0.071944,-0.049636,0.345721,0.975183,-0.035949,-0.136626,-0.170470
3.359635,0.071454,-0.049526,0.345488,0.975316,-0.036522,-0.136766,-0.169471
3.369692,0.071111,-0.049440,0.345330,0.975356,-0.036920,-0.136882,-0.169060
3.379754,0.070505,-0.049258,0.345281,0.975208,-0.037594,-0.137658,-0.169135
3.389808,0.070199,-0.049285,0.345101,0.975110,-0.037647,-0.137719,-0.169635
3.399861,0.069676,-0.049112,0.344897,0.974980,-0.037826,-0.138276,-0.169889
3.409924,0.069309,-0.049095,0.344745,0.974711,-0.038018,-0.138582,-0.171140
3.419988,0.068915,-0.049146,0.344373,0.974492,-0.037707,-0.138735,-0.172328
3.430004,0.068537,-0.049081,0.344121,0.974331,-0.037787,-0.139007,-0.172998
3.440060,0.068100,-0.049056,0.343735,0.974208,-0.037734,-0.139059,-0.173657
3.450124,0.067854,-0.049102,0.343433,0.974104,-0.037433,-0.139039,-0.174324
3.460188,0.067523,-0.049120,0.342968,0.974122,-0.037475,-0.138997,-0.174246
3.470244,0.067205,-0.049085,0.342719,0.974105,-0.037702,-0.139141,-0.174179
3.480297,0.066874,-0.048988,0.342367,0.974352,-0.037774,-0.139152,-0.172769
3.490350,0.066647,-0.048967,0.342092,0.974470,-0.037738,-0.139122,-0.172133
3.500403,0.066339,-0.048963,0.341586,0.974641,-0.037192,-0.138934,-0.171435
3.510457,0.066155,-0.048978,0.341190,0.974776,-0.037239,-0.138707,-0.170838
3.520520,0.065872,-0.048932,0.340721,0.974910,-0.036879,-0.138701,-0.170152
3.530585,0.065718,-0.048998,0.340392,0.974900,-0.036470,-0.138500,-0.170464
3.540615,0.065378,-0.048910,0.339950,0.974875,-0.035885,-0.138813,-0.170474
3.550678,0.065233,-0.048994,0.339441,0.974836,-0.035265,-0.138669,-0.170944
3.560743,0.065072,-0.049052,0.339147,0.974801,-0.034958,-0.138625,-0.171243
3.570793,0.064811,-0.049056,0.338779,0.974716,-0.034596,-0.138765,-0.171688
3.580854,0.064627,-0.049102,0.338389,0.974638,-0.034452,-0.138714,-0.172198
3.590915,0.064356,-0.049115,0.337705,0.974607,-0.034243,-0.138605,-0.172501
3.600978,0.064256,-0.049185,0.337291,0.974621,-0.033989,-0.138378,-0.172654
3.611040,0.064015,-0.049244,0.336798,0.974629,-0.033851,-0.138209,-0.172775
3.621102,0.063837,-0.049184,0.336525,0.974664,-0.033804,-0.138274,-0.172531
3.631163,0.063615,-0.049271,0.335815,0.974653,-0.033722,-0.137941,-0.172876
3.641223,0.063559,-0.049372,0.335279,0.974726,-0.033380,-0.137531,-0.172860
3.651279,0.063402,-0.049412,0.334664,0.974851,-0.033287,-0.137158,-0.172466
3.661340,0.063218,-0.049352,0.334387,0.974955,-0.033518,-0.137100,-0.171883
3.671399,0.063013,-0.049309,0.333791,0.975157,-0.033784,-0.136766,-0.170949
3.681460,0.062987,-0.049362,0.333250,0.975367,-0.033477,-0.136281,-0.170195
3.691521,0.062905,-0.049445,0.332613,0.975505,-0.033406,-0.135750,-0.169840
3.701582,0.062833,-0.049475,0.332194,0.975615,-0.033347,-0.135440,-0.169467
3.711642,0.062615,-0.049474,0.331602,0.975640,-0.033496,-0.135238,-0.169454
3.721704,0.062592,-0.049545,0.331067,0.975700,-0.033233,-0.134862,-0.169462
3.731768,0.062411,-0.049564,0.330579,0.975573,-0.033383,-0.134803,-0.170208
3.741820,0.062339,-0.049621,0.330167,0.975498,-0.033350,-0.134631,-0.170780
3.751884,0.062309,-0.049762,0.329417,0.975441,-0.032936,-0.134178,-0.171541
3.761935,0.062199,-0.049779,0.329124,0.975349,-0.032826,-0.134192,-0.172073
3.771987,0.062009,-0.049737,0.328759,0.975163,-0.032784,-0.134414,-0.172960
3.782037,0.061939,-0.049794,0.328346,0.975092,-0.032565,-0.134275,-0.173506
3.792089,0.061890,-0.049960,0.327596,0.974999,-0.032174,-0.133818,-0.174453
3.802139,0.061743,-0.050024,0.327303,0.974832,-0.032302,-0.133788,-0.175383
3.812189,0.061456,-0.049930,0.326858,0.974663,-0.032487,-0.134068,-0.176075
3.822251,0.061419,-0.049990,0.326544,0.974588,-0.032220,-0.133964,-0.176619
3.832313,0.061369,-0.050024,0.326130,0.974548,-0.031974,-0.133833,-0.176979
3.842373,0.061376,-0.050162,0.325476,0.974519,-0.031531,-0.133391,-0.177554
3.852436,0.061276,-0.050077,0.325301,0.974536,-0.031710,-0.133482,-0.177358
3.862498,0.061153,-0.050078,0.324910,0.974441,-0.031601,-0.133498,-0.177890
3.872560,0.061123,-0.050089,0.324496,0.974429,-0.031515,-0.133339,-0.178090
3.882619,0.061015,-0.050138,0.324018,0.974335,-0.031452,-0.133322,-0.178625
3.892671,0.060993,-0.050190,0.323666,0.974348,-0.031301,-0.132977,-0.178841
3.902733,0.060896,-0.050214,0.323184,0.974364,-0.031301,-0.132877,-0.178824
3.912793,0.060843,-0.050264,0.322733,0.974379,-0.031195,-0.132500,-0.179042
3.922853,0.060717,-0.050257,0.322336,0.974390,-0.031381,-0.132365,-0.179050
3.932910,0.060628,-0.050261,0.322043,0.974291,-0.031224,-0.132415,-0.179580
3.942965,0.060565,-0.050280,0.321531,0.974250,-0.030976,-0.132286,-0.179941
3.953019,0.060552,-0.050310,0.321214,0.974237,-0.030889,-0.132128,-0.180141
3.963074,0.060455,-0.050251,0.320723,0.974202,-0.030914,-0.132122,-0.180327
3.973137,0.060462,-0.050258,0.320407,0.974224,-0.030802,-0.131970,-0.180342
3.983200,0.060386,-0.050176,0.319916,0.974230,-0.030616,-0.132004,-0.180316
3.993264,0.060426,-0.050207,0.319512,0.974288,-0.030524,-0.131825,-0.180147
4.003326,0.060429,-0.050198,0.319061,0.974368,-0.030320,-0.131493,-0.179992
4.013389,0.060387,-0.050142,0.318766,0.974411,-0.030155,-0.131500,-0.179783
4.023453,0.060450,-0.050197,0.318143,0.974490,-0.029951,-0.131169,-0.179628
4.033518,0.060409,-0.050141,0.317847,0.974527,-0.029971,-0.131141,-0.179444
4.043579,0.060365,-0.050094,0.317552,0.974527,-0.029971,-0.131141,-0.179444
4.053642,0.060332,-0.050070,0.317356,0.974490,-0.029951,-0.131169,-0.179628
4.063706,0.060414,-0.050158,0.316798,0.974560,-0.029427,-0.130748,-0.179646
4.073770,0.060422,-0.050167,0.316481,0.974581,-0.029314,-0.130596,-0.179661
4.083833,0.060467,-0.050215,0.316043,0.974623,-0.029089,-0.130292,-0.179690
4.093896,0.060474,-0.050223,0.315726,0.974644,-0.028976,-0.130141,-0.179704
4.103958,0.060394,-0.050137,0.315551,0.974623,-0.029089,-0.130292,-0.179690
4.114011,0.060402,-0.050146,0.315233,0.974644,-0.028976,-0.130141,-0.179704
4.124065,0.060462,-0.050210,0.314894,0.974686,-0.028751,-0.129837,-0.179733
4.134118,0.060493,-0.050243,0.314357,0.974727,-0.028526,-0.129533,-0.179761
4.144171,0.060461,-0.050220,0.314161,0.974690,-0.028505,-0.129561,-0.179945
4.154223,0.060422,-0.050167,0.313864,0.974727,-0.028526,-0.129533,-0.179761
4.164275,0.060393,-0.050136,0.313667,0.974727,-0.028526,-0.129533,-0.179761
4.174327,0.060425,-0.050170,0.313130,0.974769,-0.028300,-0.129230,-0.179790
4.184379,0.060521,-0.050273,0.312669,0.974831,-0.027962,-0.128774,-0.179833
4.194431,0.060599,-0.050314,0.312329,0.974906,-0.027713,-0.128476,-0.179676
4.204483,0.060571,-0.050284,0.312132,0.974906,-0.027713,-0.128476,-0.179676
4.214535,0.060580,-0.050293,0.311814,0.974927,-0.027600,-0.128324,-0.179690
4.224588,0.060603,-0.050318,0.311595,0.974948,-0.027487,-0.128172,-0.179705
4.234640,0.060681,-0.050414,0.311036,0.974972,-0.027129,-0.127744,-0.179931
4.244692,0.060704,-0.050438,0.310816,0.974992,-0.027017,-0.127592,-0.179946
4.254745,0.060786,-0.050525,0.310256,0.975053,-0.026679,-0.127136,-0.179989
4.264798,0.060791,-0.050543,0.309939,0.975036,-0.026546,-0.127011,-0.180187
4.274850,0.060787,-0.050538,0.309522,0.975057,-0.026434,-0.126859,-0.180201
4.284902,0.060865,-0.050578,0.309181,0.975131,-0.026184,-0.126560,-0.180044
4.294954,0.060897,-0.050612,0.308643,0.975167,-0.026145,-0.126222,-0.180096
4.304993,0.060959,-0.050667,0.308301,0.975244,-0.025940,-0.125891,-0.179941
4.315045,0.061007,-0.050686,0.307763,0.975286,-0.025485,-0.125653,-0.179943
4.325098,0.061065,-0.050749,0.307422,0.975321,-0.025446,-0.125314,-0.179995
4.335151,0.061029,-0.050698,0.307124,0.975358,-0.025466,-0.125288,-0.179811
4.345204,0.061103,-0.050746,0.306784,0.975395,-0.025197,-0.125015,-0.179838
4.355257,0.061145,-0.050802,0.306345,0.975397,-0.024953,-0.124738,-0.180050
4.365309,0.061243,-0.050895,0.305881,0.975493,-0.024635,-0.124255,-0.179908
4.375361,0.061294,-0.050974,0.305542,0.975459,-0.024371,-0.124004,-0.180305
4.385413,0.061316,-0.050953,0.305257,0.975493,-0.024347,-0.124008,-0.180119
4.395466,0.061342,-0.050948,0.304939,0.975505,-0.024378,-0.123853,-0.180155
4.405518,0.061500,-0.051085,0.304455,0.975585,-0.023699,-0.123310,-0.180185
4.415570,0.061642,-0.051237,0.303968,0.975658,-0.023436,-0.122666,-0.180265
4.425622,0.061715,-0.051338,0.303577,0.975603,-0.023286,-0.122566,-0.180648
4.435675,0.061785,-0.051413,0.303333,0.975642,-0.023061,-0.122262,-0.180676
4.445727,0.061869,-0.051482,0.303092,0.975640,-0.022775,-0.122014,-0.180886
4.455781,0.061974,-0.051594,0.302727,0.975693,-0.022625,-0.121522,-0.180951
4.465834,0.062108,-0.051760,0.302241,0.975695,-0.022138,-0.120964,-0.181376
4.475897,0.062261,-0.051902,0.301756,0.975730,-0.021630,-0.120411,-0.181614
4.485951,0.062340,-0.051956,0.301418,0.975651,-0.021266,-0.120243,-0.182191
4.496014,0.062422,-0.052023,0.301176,0.975649,-0.020983,-0.119994,-0.182402
4.506074,0.062467,-0.051972,0.300760,0.975656,-0.020932,-0.119895,-0.182433
4.516135,0.062560,-0.051992,0.300418,0.975726,-0.020645,-0.119623,-0.182273
4.526195,0.062719,-0.052094,0.299833,0.975791,-0.020303,-0.119035,-0.182348
4.536256,0.062792,-0.052138,0.299490,0.975825,-0.020039,-0.118758,-0.182374
4.546309,0.062817,-0.052111,0.299074,0.975801,-0.019827,-0.118690,-0.182569
4.556363,0.062881,-0.052133,0.298632,0.975869,-0.019769,-0.118352,-0.182433
4.566424,0.062984,-0.052107,0.298189,0.976010,-0.019479,-0.118056,-0.181902
4.576476,0.063080,-0.052118,0.297845,0.976112,-0.019398,-0.117722,-0.181579
4.586526,0.063285,-0.052153,0.297257,0.976322,-0.018865,-0.117123,-0.180889
4.596592,0.063383,-0.052087,0.297036,0.976438,-0.018833,-0.116974,-0.180365
4.606652,0.063506,-0.052036,0.296593,0.976611,-0.018522,-0.116681,-0.179647
4.616704,0.063622,-0.052021,0.296249,0.976746,-0.018421,-0.116350,-0.179138
4.626764,0.063723,-0.051947,0.296028,0.976900,-0.018222,-0.116210,-0.178406
4.636825,0.063866,-0.052005,0.295660,0.977022,-0.017846,-0.115755,-0.178074
4.646879,0.063971,-0.052036,0.295416,0.977089,-0.017564,-0.115479,-0.177913
4.656939,0.064146,-0.052061,0.295050,0.977202,-0.017296,-0.115045,-0.177599
4.667002,0.064271,-0.052066,0.294805,0.977303,-0.016992,-0.114771,-0.177252
4.677067,0.064427,-0.052093,0.294342,0.977343,-0.016690,-0.114386,-0.177307
4.687127,0.064525,-0.052048,0.294257,0.977367,-0.016736,-0.114438,-0.177138
4.697188,0.064717,-0.052033,0.293963,0.977404,-0.016593,-0.114391,-0.176979
4.707253,0.064877,-0.052050,0.293668,0.977445,-0.016530,-0.114288,-0.176823
4.717317,0.065084,-0.052047,0.293318,0.977574,-0.016589,-0.114295,-0.176097
4.727377,0.065227,-0.052057,0.293055,0.977675,-0.016524,-0.114304,-0.175538
4.737440,0.065401,-0.052064,0.292775,0.977731,-0.017009,-0.114585,-0.174994
4.747501,0.065529,-0.052013,0.292634,0.977843,-0.017216,-0.114720,-0.174257
4.757565,0.065711,-0.051971,0.292370,0.978006,-0.017293,-0.114703,-0.173346
4.767624,0.065903,-0.051949,0.292037,0.978171,-0.016950,-0.114432,-0.172624
4.777679,0.066130,-0.051939,0.291653,0.978278,-0.016844,-0.114335,-0.172095
4.787731,0.066279,-0.051930,0.291425,0.978318,-0.017014,-0.114519,-0.171727
4.797784,0.066464,-0.051878,0.291199,0.978388,-0.017123,-0.114734,-0.171172
4.807836,0.066589,-0.051855,0.291026,0.978414,-0.016981,-0.114818,-0.170981
4.817887,0.066730,-0.051771,0.290789,0.978449,-0.017070,-0.115057,-0.170611
4.827940,0.066874,-0.051722,0.290615,0.978507,-0.016906,-0.115144,-0.170233
4.837991,0.067080,-0.051733,0.290269,0.978456,-0.016833,-0.115297,-0.170431
4.848001,0.067229,-0.051744,0.290008,0.978447,-0.016672,-0.115405,-0.170425
4.858053,0.067367,-0.051688,0.289908,0.978357,-0.016996,-0.115839,-0.170620
4.868105,0.067519,-0.051712,0.289612,0.978331,-0.016710,-0.115812,-0.170812
4.878157,0.067656,-0.051678,0.289478,0.978192,-0.016703,-0.116167,-0.171368
4.888209,0.067774,-0.051669,0.289306,0.978148,-0.016522,-0.116297,-0.171547
4.898273,0.067918,-0.051641,0.289176,0.977901,-0.016416,-0.116748,-0.172657
4.908335,0.068073,-0.051679,0.288884,0.977732,-0.016015,-0.116838,-0.173588
4.918399,0.068148,-0.051729,0.288750,0.977459,-0.015865,-0.117238,-0.174866
4.928459,0.068329,-0.051723,0.288495,0.977262,-0.015672,-0.117503,-0.175803
4.938520,0.068426,-0.051738,0.288361,0.977055,-0.015516,-0.117882,-0.176709
4.948574,0.068590,-0.051726,0.288138,0.976912,-0.015500,-0.118233,-0.177265
4.958628,0.068723,-0.051673,0.287999,0.976919,-0.015414,-0.118500,-0.177060
4.968681,0.068897,-0.051634,0.287773,0.976884,-0.015452,-0.118781,-0.177061
4.978743,0.069048,-0.051629,0.287510,0.976911,-0.015305,-0.118862,-0.176871
4.988803,0.069231,-0.051565,0.287281,0.976983,-0.015399,-0.119074,-0.176317
4.998864,0.069338,-0.051529,0.287139,0.977065,-0.015431,-0.119244,-0.175745
5.008924,0.069582,-0.051451,0.286784,0.977261,-0.015439,-0.119254,-0.174648
5.018985,0.069708,-0.051387,0.286642,0.977372,-0.015635,-0.119393,-0.173912
5.029044,0.069971,-0.051281,0.286287,0.977598,-0.015620,-0.119406,-0.172628
5.039106,0.070100,-0.051231,0.286109,0.977691,-0.015696,-0.119408,-0.172090
5.049167,0.070370,-0.051150,0.285816,0.977971,-0.015643,-0.119213,-0.170635
5.059229,0.070492,-0.051093,0.285674,0.978044,-0.015819,-0.119376,-0.170084
5.069289,0.070750,-0.050990,0.285319,0.978231,-0.015785,-0.119413,-0.168985
5.079351,0.070895,-0.050920,0.285143,0.978320,-0.015819,-0.119440,-0.168445
5.089411,0.071169,-0.050917,0.284765,0.978358,-0.015445,-0.119433,-0.168264
5.099473,0.071281,-0.050882,0.284625,0.978327,-0.015561,-0.119664,-0.168268
5.109526,0.071491,-0.050779,0.284398,0.978356,-0.015546,-0.119951,-0.167898
5.119586,0.071664,-0.050774,0.284234,0.978308,-0.015501,-0.120067,-0.168099
5.129648,0.071993,-0.050837,0.283799,0.978208,-0.014980,-0.119834,-0.168891
5.139701,0.072122,-0.050849,0.283727,0.977990,-0.014652,-0.120089,-0.169997
5.149763,0.072295,-0.050908,0.283382,0.977627,-0.014389,-0.120422,-0.171865
5.159815,0.072458,-0.050925,0.283219,0.977473,-0.014285,-0.120598,-0.172622
5.169879,0.072625,-0.050924,0.283132,0.977135,-0.014205,-0.121235,-0.174092
5.179939,0.072775,-0.050973,0.282933,0.976968,-0.013842,-0.121275,-0.175026
5.190036,0.072963,-0.050899,0.282861,0.976841,-0.013626,-0.121498,-0.175595
5.200099,0.073126,-0.050914,0.282659,0.976816,-0.013342,-0.121450,-0.175788
5.210159,0.073299,-0.050926,0.282421,0.976844,-0.013171,-0.121182,-0.175832
5.220221,0.073576,-0.050922,0.282136,0.976958,-0.012881,-0.121095,-0.175282
5.230290,0.073654,-0.050921,0.281994,0.976931,-0.013074,-0.121274,-0.175290
5.240353,0.073904,-0.050839,0.281734,0.977094,-0.012873,-0.121334,-0.174356
5.250417,0.074096,-0.050775,0.281564,0.977257,-0.012944,-0.121313,-0.173447
5.260476,0.074270,-0.050631,0.281421,0.977396,-0.013020,-0.121505,-0.172523
5.270537,0.074465,-0.050579,0.281215,0.977545,-0.012793,-0.121373,-0.171789
5.280602,0.074785,-0.050496,0.280928,0.977788,-0.012683,-0.121214,-0.170518
5.290663,0.074950,-0.050474,0.280758,0.977847,-0.012738,-0.121233,-0.170166
5.300726,0.075294,-0.050439,0.280517,0.977965,-0.012660,-0.121303,-0.169438
5.310785,0.075486,-0.050360,0.280383,0.978034,-0.012738,-0.121514,-0.168886
5.320843,0.075696,-0.050349,0.280296,0.977910,-0.012806,-0.121994,-0.169248
5.330898,0.075829,-0.050287,0.280289,0.977858,-0.012955,-0.122410,-0.169241
5.340957,0.076225,-0.050320,0.279989,0.977805,-0.012719,-0.122258,-0.169674
5.351017,0.076402,-0.050334,0.279921,0.977654,-0.012607,-0.122421,-0.170433
5.361079,0.076822,-0.050468,0.279559,0.977467,-0.012326,-0.121974,-0.171842
5.371139,0.076984,-0.050491,0.279528,0.977224,-0.012263,-0.122340,-0.172959
5.381201,0.077383,-0.050606,0.279233,0.977105,-0.012077,-0.122171,-0.173765
5.391261,0.077596,-0.050633,0.279207,0.976967,-0.012072,-0.122476,-0.174327
5.401324,0.077876,-0.050677,0.279000,0.976824,-0.012209,-0.122768,-0.174911
5.411377,0.078139,-0.050708,0.278810,0.976832,-0.012091,-0.122675,-0.174942
5.421439,0.078449,-0.050750,0.278663,0.976777,-0.012368,-0.122724,-0.175191
5.431500,0.078745,-0.050836,0.278443,0.976805,-0.012397,-0.122405,-0.175258
5.441552,0.079133,-0.050834,0.278300,0.976963,-0.012565,-0.122393,-0.174371
5.451607,0.079334,-0.050871,0.278233,0.976987,-0.012827,-0.122372,-0.174230
5.461666,0.079697,-0.050848,0.278026,0.977122,-0.013266,-0.122497,-0.173354
5.471731,0.080014,-0.050868,0.277837,0.977267,-0.013418,-0.122293,-0.172666
5.481836,0.080382,-0.050856,0.277763,0.977341,-0.014106,-0.122576,-0.171988
5.491897,0.080627,-0.050877,0.277603,0.977398,-0.014345,-0.122558,-0.171660
5.501956,0.080814,-0.050798,0.277597,0.977480,-0.014746,-0.122865,-0.170937
5.512018,0.081191,-0.050744,0.277388,0.977605,-0.015325,-0.122983,-0.170085
5.522083,0.081475,-0.050821,0.277200,0.977578,-0.015418,-0.122850,-0.170325
5.532147,0.081860,-0.050800,0.277089,0.977600,-0.015934,-0.123023,-0.170030
5.542209,0.082130,-0.050786,0.276929,0.977580,-0.016228,-0.123051,-0.170095
5.552272,0.082418,-0.050836,0.276813,0.977365,-0.016684,-0.123305,-0.171101
5.562334,0.082636,-0.050859,0.276746,0.977209,-0.016937,-0.123380,-0.171910
5.572386,0.082975,-0.050894,0.276694,0.976944,-0.016992,-0.123567,-0.173274
5.582439,0.083269,-0.050923,0.276561,0.976865,-0.016876,-0.123330,-0.173895
5.592471,0.083572,-0.050978,0.276372,0.976692,-0.016984,-0.123264,-0.174899
5.602531,0.083755,-0.050965,0.276428,0.976658,-0.017257,-0.123449,-0.174933
5.612594,0.084058,-0.050954,0.276496,0.976649,-0.017833,-0.123592,-0.174827
5.622649,0.084309,-0.051011,0.276393,0.976693,-0.018015,-0.123396,-0.174697
5.632713,0.084661,-0.051045,0.276393,0.976801,-0.018336,-0.123174,-0.174217
5.642773,0.084891,-0.051008,0.276317,0.976965,-0.018450,-0.123138,-0.173310
5.652827,0.085161,-0.050918,0.276411,0.977109,-0.019022,-0.123406,-0.172242
5.662878,0.085393,-0.050902,0.276300,0.977224,-0.019016,-0.123231,-0.171716
5.672930,0.085766,-0.050822,0.276234,0.977479,-0.019246,-0.123175,-0.170272
5.682980,0.086054,-0.050787,0.276163,0.977637,-0.019315,-0.123161,-0.169363
5.693030,0.086343,-0.050715,0.276164,0.977746,-0.019678,-0.123481,-0.168457
5.703079,0.086639,-0.050682,0.276056,0.977924,-0.019671,-0.123295,-0.167558
5.713130,0.086990,-0.050578,0.275928,0.978050,-0.019867,-0.123482,-0.166661
5.723193,0.087266,-0.050571,0.275858,0.978072,-0.019850,-0.123532,-0.166495
5.733254,0.087614,-0.050610,0.275663,0.978116,-0.019758,-0.123408,-0.166340
5.743307,0.087818,-0.050554,0.275715,0.978117,-0.019815,-0.123630,-0.166164
5.753424,0.088177,-0.050526,0.275614,0.978158,-0.019633,-0.123544,-0.166008
5.763487,0.088508,-0.050561,0.275475,0.978191,-0.019445,-0.123259,-0.166047
5.773542,0.088761,-0.050565,0.275461,0.978136,-0.019290,-0.123178,-0.166449
5.783603,0.089046,-0.050593,0.275525,0.977899,-0.019337,-0.123492,-0.167599
5.793654,0.089236,-0.050623,0.275485,0.977701,-0.019308,-0.123784,-0.168541
5.803706,0.089616,-0.050730,0.275485,0.977442,-0.018977,-0.123807,-0.170058
5.813766,0.089927,-0.050787,0.275381,0.977318,-0.018779,-0.123751,-0.170832
5.823818,0.090260,-0.050815,0.275484,0.977022,-0.018639,-0.124299,-0.172133
5.833870,0.090481,-0.050860,0.275503,0.976846,-0.018349,-0.124444,-0.173060
5.843921,0.090903,-0.050909,0.275442,0.976695,-0.018130,-0.124594,-0.173823
5.853973,0.091161,-0.050980,0.275462,0.976618,-0.018136,-0.124643,-0.174217
5.864006,0.091437,-0.050957,0.275589,0.976576,-0.018324,-0.125213,-0.174024
5.874068,0.091702,-0.051057,0.275515,0.976536,-0.018396,-0.125230,-0.174233
5.884128,0.092169,-0.051118,0.275412,0.976686,-0.018372,-0.125052,-0.173520
5.894190,0.092379,-0.051058,0.275400,0.976773,-0.018414,-0.125419,-0.172756
5.904243,0.092763,-0.051019,0.275362,0.976911,-0.018504,-0.125597,-0.171839
5.914295,0.093054,-0.051063,0.275284,0.976975,-0.018410,-0.125622,-0.171465
5.924347,0.093451,-0.051019,0.275185,0.977122,-0.018589,-0.125964,-0.170353
5.934405,0.093721,-0.050991,0.275103,0.977252,-0.018493,-0.125978,-0.169607
5.944459,0.094106,-0.050947,0.274835,0.977408,-0.018513,-0.125981,-0.168698
5.954522,0.094405,-0.050945,0.274813,0.977522,-0.018513,-0.125800,-0.168172
5.964574,0.094875,-0.050900,0.274665,0.977758,-0.018188,-0.125485,-0.167071
5.974626,0.095068,-0.050844,0.274709,0.977796,-0.018116,-0.125703,-0.166688
5.984655,0.095515,-0.050871,0.274525,0.977885,-0.017847,-0.125230,-0.166550
5.994716,0.095798,-0.050923,0.274466,0.977926,-0.017576,-0.124927,-0.166567
6.004776,0.096182,-0.050889,0.274408,0.978059,-0.017421,-0.124602,-0.166048
6.014838,0.096473,-0.050907,0.274383,0.978076,-0.017172,-0.124492,-0.166055
6.024899,0.096918,-0.051005,0.274293,0.978034,-0.016867,-0.124053,-0.166662
6.034959,0.097168,-0.050979,0.274303,0.977961,-0.016596,-0.124162,-0.167032
6.045019,0.097442,-0.051044,0.274279,0.977776,-0.016403,-0.124098,-0.168179
6.055082,0.097826,-0.051125,0.274259,0.977487,-0.016055,-0.124104,-0.169884
6.065144,0.098103,-0.051180,0.274233,0.977332,-0.015886,-0.124023,-0.170844
6.075205,0.098445,-0.051204,0.274245,0.977118,-0.015668,-0.124164,-0.171981
6.085266,0.098772,-0.051264,0.274219,0.977033,-0.015357,-0.124088,-0.172547
6.095326,0.099181,-0.051390,0.274194,0.976874,-0.015376,-0.123970,-0.173531
6.105379,0.099427,-0.051344,0.274236,0.976811,-0.015188,-0.124239,-0.173706
6.115438,0.099843,-0.051451,0.274209,0.976723,-0.015065,-0.124127,-0.174294
6.125499,0.100184,-0.051474,0.274178,0.976772,-0.015030,-0.123963,-0.174140
6.135559,0.100532,-0.051441,0.274217,0.976847,-0.014929,-0.124182,-0.173571
6.145620,0.100808,-0.051455,0.274220,0.976909,-0.015022,-0.124170,-0.173222
6.155681,0.101240,-0.051494,0.274223,0.977038,-0.015113,-0.124148,-0.172500
6.165742,0.101451,-0.051500,0.274259,0.977112,-0.015335,-0.124288,-0.171956
6.175806,0.101891,-0.051503,0.274296,0.977217,-0.015441,-0.124462,-0.171225
6.185865,0.102210,-0.051428,0.274296,0.977377,-0.015509,-0.124444,-0.170317
6.195929,0.102621,-0.051382,0.274331,0.977448,-0.015360,-0.124678,-0.169748
6.205989,0.102917,-0.051352,0.274330,0.977541,-0.015429,-0.124669,-0.169212
6.216049,0.103303,-0.051369,0.274328,0.977634,-0.015498,-0.124661,-0.168676
6.226110,0.103551,-0.051302,0.274362,0.977740,-0.015462,-0.124853,-0.167921
6.236171,0.103937,-0.051317,0.274358,0.977832,-0.015531,-0.124844,-0.167385
6.246231,0.104218,-0.051315,0.274355,0.977927,-0.015460,-0.124853,-0.166826
6.256291,0.104641,-0.051257,0.274349,0.978049,-0.015459,-0.124863,-0.166103
6.266351,0.104899,-0.051172,0.274383,0.978087,-0.015332,-0.125094,-0.165720
6.276414,0.105296,-0.051198,0.274342,0.978035,-0.015185,-0.124980,-0.166123
6.286474,0.105571,-0.051239,0.274301,0.977989,-0.014944,-0.124867,-0.166503
6.296535,0.105885,-0.051291,0.274295,0.977950,-0.014970,-0.124891,-0.166712
6.306595,0.106141,-0.051251,0.274255,0.977995,-0.015123,-0.124693,-0.166580
6.316657,0.106583,-0.051336,0.274137,0.977989,-0.014910,-0.124201,-0.167000
6.326717,0.106803,-0.051357,0.274132,0.977884,-0.014893,-0.124246,-0.167581
6.336779,0.107036,-0.051352,0.274128,0.977745,-0.014807,-0.124317,-0.168348
6.346840,0.107484,-0.051445,0.274010,0.977433,-0.014493,-0.123917,-0.170466
6.356902,0.107719,-0.051460,0.273969,0.977244,-0.014494,-0.123792,-0.171637
6.366964,0.108043,-0.051519,0.273924,0.977054,-0.014497,-0.123665,-0.172808
6.377025,0.108331,-0.051550,0.273843,0.977053,-0.014788,-0.123255,-0.173080
6.387086,0.108772,-0.051648,0.273682,0.977134,-0.014808,-0.122504,-0.173158
6.397148,0.109000,-0.051659,0.273636,0.977216,-0.015080,-0.122262,-0.172839
6.407211,0.109412,-0.051772,0.273545,0.977284,-0.015463,-0.121816,-0.172738
6.417273,0.109693,-0.051808,0.273460,0.977388,-0.015682,-0.121394,-0.172427
6.427334,0.110083,-0.051847,0.273369,0.977521,-0.016065,-0.120941,-0.171952
6.437395,0.110335,-0.051827,0.273286,0.977624,-0.016240,-0.120531,-0.171640
6.447460,0.110835,-0.051772,0.273155,0.977839,-0.016667,-0.119885,-0.170821
6.457522,0.111133,-0.051772,0.273068,0.977935,-0.017217,-0.119410,-0.170554
6.467585,0.111490,-0.051739,0.273013,0.978077,-0.017632,-0.119144,-0.169883
6.477649,0.111847,-0.051746,0.272885,0.978265,-0.017801,-0.118535,-0.169203
6.487703,0.112269,-0.051732,0.272753,0.978482,-0.018134,-0.117897,-0.168358
6.497754,0.112452,-0.051716,0.272707,0.978557,-0.018596,-0.117626,-0.168058
6.507806,0.112910,-0.051748,0.272570,0.978675,-0.018866,-0.117016,-0.167772
6.517870,0.113256,-0.051756,0.272476,0.978807,-0.019068,-0.116599,-0.167269
6.527930,0.113664,-0.051751,0.272377,0.978934,-0.019414,-0.116163,-0.166788
6.537993,0.113865,-0.051656,0.272402,0.978971,-0.019521,-0.116345,-0.166430
6.548058,0.114308,-0.051725,0.272263,0.978929,-0.019502,-0.115809,-0.167052
6.558119,0.114556,-0.051670,0.272247,0.978923,-0.019515,-0.115826,-0.167073
6.568179,0.114897,-0.051692,0.272150,0.978993,-0.019491,-0.115457,-0.166921
6.578241,0.115164,-0.051774,0.272020,0.979053,-0.019481,-0.114890,-0.166960
6.588292,0.115565,-0.051760,0.271953,0.979166,-0.019509,-0.114699,-0.166428
6.598345,0.115737,-0.051744,0.271939,0.979193,-0.019630,-0.114683,-0.166263
6.608396,0.116101,-0.051837,0.271835,0.979199,-0.019609,-0.114318,-0.166483
6.618446,0.116363,-0.051892,0.271776,0.979155,-0.019431,-0.114175,-0.166862
6.628507,0.116592,-0.051877,0.271757,0.979121,-0.019281,-0.114218,-0.167048
6.638569,0.116969,-0.051941,0.271651,0.979097,-0.019011,-0.113903,-0.167432
6.648628,0.117223,-0.051892,0.271595,0.979080,-0.018957,-0.113742,-0.167646
6.658690,0.117594,-0.051937,0.271621,0.978937,-0.018632,-0.113644,-0.168584
6.668750,0.117848,-0.051887,0.271564,0.978920,-0.018579,-0.113482,-0.168798
6.678813,0.118167,-0.051939,0.271497,0.978809,-0.018319,-0.113363,-0.169550
6.688873,0.118437,-0.051994,0.271398,0.978784,-0.018096,-0.113034,-0.169934
6.698932,0.118784,-0.052003,0.271293,0.978725,-0.017769,-0.112734,-0.170505
6.708992,0.118925,-0.052062,0.271277,0.978589,-0.017830,-0.112742,-0.171273
6.719056,0.119239,-0.052150,0.271172,0.978364,-0.017443,-0.112467,-0.172776
6.729116,0.119489,-0.052232,0.271108,0.978182,-0.017187,-0.112350,-0.173901
6.739177,0.119814,-0.052313,0.270965,0.978007,-0.016777,-0.111881,-0.175223
6.749241,0.120025,-0.052358,0.270905,0.977888,-0.016751,-0.111714,-0.175995
6.759306,0.120431,-0.052370,0.270754,0.977914,-0.016426,-0.111211,-0.176199
6.769365,0.120658,-0.052371,0.270693,0.977968,-0.016318,-0.111040,-0.176018
6.779428,0.120953,-0.052338,0.270624,0.978089,-0.016209,-0.110866,-0.175464
6.789490,0.121194,-0.052325,0.270526,0.978228,-0.016283,-0.110463,-0.174937
6.799550,0.121553,-0.052300,0.270474,0.978456,-0.016125,-0.109906,-0.174022
6.809610,0.121830,-0.052348,0.270332,0.978615,-0.016195,-0.109310,-0.173500
6.819663,0.122180,-0.052372,0.270146,0.978829,-0.016012,-0.108566,-0.172776
6.829715,0.122426,-0.052315,0.270179,0.978945,-0.016091,-0.108358,-0.172242
6.839767,0.122810,-0.052392,0.269985,0.979021,-0.016016,-0.107609,-0.172284
6.849819,0.122991,-0.052370,0.269928,0.979073,-0.015910,-0.107437,-0.172103
6.859871,0.123215,-0.052376,0.269863,0.979090,-0.015971,-0.107240,-0.172128
6.869923,0.123432,-0.052416,0.269762,0.979162,-0.015861,-0.106874,-0.171953
6.879975,0.123779,-0.052446,0.269573,0.979337,-0.015848,-0.106104,-0.171434
6.889993,0.124080,-0.052455,0.269391,0.979514,-0.015648,-0.105366,-0.170895
6.900046,0.124261,-0.052432,0.269332,0.979566,-0.015543,-0.105194,-0.170713
6.910097,0.124601,-0.052308,0.269222,0.979732,-0.015522,-0.104815,-0.169996
6.920150,0.124905,-0.052291,0.269075,0.979819,-0.015477,-0.104251,-0.169845
6.930202,0.125228,-0.052204,0.268964,0.979987,-0.015309,-0.103894,-0.169108
6.940255,0.125419,-0.052174,0.268868,0.980090,-0.015181,-0.103530,-0.168744
6.950314,0.125709,-0.052222,0.268646,0.980280,-0.015166,-0.102566,-0.168228
6.960367,0.125993,-0.052287,0.268424,0.980408,-0.014927,-0.101646,-0.168066
6.970419,0.126359,-0.052283,0.268290,0.980563,-0.014817,-0.100706,-0.167736
6.980471,0.126537,-0.052302,0.268157,0.980651,-0.014666,-0.100155,-0.167564
6.990524,0.126774,-0.052309,0.268111,0.980706,-0.014460,-0.099619,-0.167579
7.000577,0.126958,-0.052293,0.268110,0.980740,-0.014484,-0.099235,-0.167607
7.010627,0.127335,-0.052434,0.267796,0.980768,-0.014275,-0.097937,-0.168221
7.020690,0.127562,-0.052483,0.267617,0.980841,-0.014065,-0.097206,-0.168240
7.030751,0.127813,-0.052475,0.267436,0.980974,-0.014042,-0.096440,-0.167903
7.040813,0.128108,-0.052485,0.267343,0.981110,-0.013832,-0.095706,-0.167547
7.050858,0.128529,-0.052490,0.267159,0.981310,-0.013706,-0.094573,-0.167032
7.060910,0.128738,-0.052415,0.267156,0.981408,-0.013548,-0.094216,-0.166666
7.070971,0.129012,-0.052329,0.267107,0.981489,-0.013483,-0.093657,-0.166510
7.081034,0.129207,-0.052304,0.266971,0.981573,-0.013302,-0.093112,-0.166337
7.091096,0.129465,-0.052238,0.267054,0.981700,-0.013351,-0.092718,-0.165802
7.101157,0.129761,-0.052246,0.266959,0.981832,-0.013146,-0.091983,-0.165445
7.111220,0.130164,-0.052277,0.266903,0.982044,-0.012932,-0.091051,-0.164717
7.121281,0.130327,-0.052296,0.267031,0.982061,-0.012856,-0.090874,-0.164722
7.131343,0.130644,-0.052379,0.267154,0.982109,-0.012882,-0.090295,-0.164752
7.141403,0.130759,-0.052368,0.267327,0.982140,-0.012865,-0.090297,-0.164565
7.151465,0.130963,-0.052413,0.267674,0.982108,-0.012814,-0.090310,-0.164752
7.161529,0.131075,-0.052411,0.267847,0.982108,-0.012780,-0.090318,-0.164752
7.171591,0.131182,-0.052406,0.268153,0.982091,-0.012788,-0.090511,-0.164747
7.181652,0.131410,-0.052393,0.268499,0.982122,-0.012737,-0.090521,-0.164560
7.191716,0.131629,-0.052434,0.268579,0.982153,-0.012806,-0.090127,-0.164586
7.201776,0.132072,-0.052507,0.268738,0.982251,-0.012588,-0.089396,-0.164415
7.211840,0.132312,-0.052497,0.268817,0.982316,-0.012454,-0.089035,-0.164236
7.221903,0.132532,-0.052498,0.269295,0.982267,-0.012412,-0.089240,-0.164419
7.231963,0.132652,-0.052468,0.269600,0.982187,-0.012353,-0.089451,-0.164790
7.242026,0.132912,-0.052387,0.269944,0.982154,-0.012202,-0.089486,-0.164977
7.252080,0.133001,-0.052295,0.270163,0.982073,-0.012108,-0.089704,-0.165347
7.262154,0.133125,-0.052226,0.270734,0.981924,-0.012265,-0.090266,-0.165913
7.272217,0.133280,-0.052268,0.270992,0.981828,-0.012181,-0.090288,-0.166474
7.282278,0.133495,-0.052304,0.271335,0.981667,-0.012029,-0.090328,-0.167410
7.292338,0.133784,-0.052340,0.271365,0.981652,-0.011809,-0.089795,-0.167797
7.302401,0.134072,-0.052482,0.271783,0.981393,-0.011642,-0.089841,-0.169295
7.312465,0.134217,-0.052539,0.272173,0.981213,-0.011564,-0.090059,-0.170226
7.322524,0.134298,-0.052618,0.272477,0.980867,-0.011401,-0.090301,-0.172092
7.332587,0.134273,-0.052616,0.272816,0.980598,-0.011607,-0.091048,-0.173214
7.342640,0.134286,-0.052649,0.273373,0.980245,-0.011627,-0.092024,-0.174688
7.352701,0.134238,-0.052668,0.273881,0.980007,-0.011785,-0.093159,-0.175409
7.362760,0.134259,-0.052656,0.274475,0.979801,-0.011924,-0.094298,-0.175942
7.372822,0.134339,-0.052688,0.274851,0.979746,-0.012224,-0.094823,-0.175947
7.382884,0.134558,-0.052715,0.275096,0.979779,-0.012206,-0.094825,-0.175760
7.392944,0.134645,-0.052750,0.275436,0.979744,-0.012281,-0.095197,-0.175751
7.403004,0.134960,-0.052865,0.275681,0.979811,-0.012410,-0.094787,-0.175591
7.413065,0.135125,-0.052870,0.276069,0.979829,-0.012243,-0.095008,-0.175382
7.423128,0.135456,-0.052932,0.276446,0.979911,-0.012392,-0.094786,-0.175031
7.433188,0.135667,-0.053006,0.276652,0.979963,-0.012372,-0.094596,-0.174848
7.443265,0.135843,-0.052965,0.277076,0.979960,-0.012393,-0.094977,-0.174652
7.453328,0.135897,-0.052926,0.277559,0.979940,-0.012487,-0.095538,-0.174452
7.463388,0.135949,-0.052887,0.278042,0.979920,-0.012581,-0.096099,-0.174252
7.473451,0.135965,-0.052774,0.278572,0.979912,-0.012881,-0.096815,-0.173879
7.483504,0.135986,-0.052663,0.278874,0.979926,-0.012769,-0.097411,-0.173473
7.493556,0.135997,-0.052557,0.279405,0.979883,-0.013049,-0.098132,-0.173287
7.503610,0.136084,-0.052422,0.279888,0.979894,-0.013086,-0.098703,-0.172899
7.513671,0.136232,-0.052300,0.280323,0.979953,-0.013290,-0.099050,-0.172348
7.523730,0.136357,-0.052279,0.280492,0.980019,-0.013290,-0.099048,-0.171975
7.533782,0.136465,-0.052261,0.280926,0.980015,-0.013345,-0.099423,-0.171779
7.543841,0.136591,-0.052240,0.281095,0.980081,-0.013344,-0.099420,-0.171405
7.553905,0.136905,-0.052362,0.281469,0.980097,-0.013494,-0.099202,-0.171428
7.563967,0.137144,-0.052394,0.281541,0.980166,-0.013402,-0.098832,-0.171250
7.574022,0.137408,-0.052496,0.281830,0.980185,-0.013365,-0.098646,-0.171255
7.584083,0.137521,-0.052489,0.282131,0.980166,-0.013364,-0.098839,-0.171250
7.594146,0.137662,-0.052544,0.282649,0.980129,-0.013438,-0.099211,-0.171241
7.604206,0.137763,-0.052592,0.282817,0.980096,-0.013419,-0.099216,-0.171428
7.614270,0.137794,-0.052604,0.283299,0.980038,-0.013717,-0.099742,-0.171434
7.624334,0.137838,-0.052621,0.283515,0.980019,-0.013753,-0.099928,-0.171430
7.634395,0.137882,-0.052577,0.284130,0.979976,-0.013881,-0.100676,-0.171225
7.644448,0.137912,-0.052589,0.284612,0.979920,-0.013991,-0.101234,-0.171212
7.654509,0.137909,-0.052528,0.285010,0.979895,-0.014082,-0.101795,-0.171011
7.664570,0.137946,-0.052542,0.285359,0.979857,-0.014155,-0.102168,-0.171002
7.674633,0.138054,-0.052523,0.285792,0.979851,-0.014209,-0.102543,-0.170807
7.684696,0.138088,-0.052545,0.286141,0.979780,-0.014263,-0.102920,-0.170984
7.694756,0.138196,-0.052527,0.286574,0.979774,-0.014316,-0.103295,-0.170789
7.704817,0.138360,-0.052590,0.286693,0.979793,-0.014280,-0.103109,-0.170793
7.714879,0.138600,-0.052612,0.286895,0.979878,-0.014243,-0.102920,-0.170424
7.724940,0.138815,-0.052703,0.287097,0.979864,-0.014187,-0.102739,-0.170615
7.735050,0.139125,-0.052701,0.287382,0.979946,-0.014298,-0.102526,-0.170265
7.745105,0.139235,-0.052682,0.287815,0.979940,-0.014351,-0.102901,-0.170070
7.755229,0.139223,-0.052617,0.288345,0.979895,-0.014477,-0.103648,-0.169865
7.765289,0.139288,-0.052581,0.288561,0.979907,-0.014494,-0.103837,-0.169674
7.775342,0.139292,-0.052521,0.288826,0.979901,-0.014547,-0.104212,-0.169478
7.785405,0.139401,-0.052502,0.289258,0.979894,-0.014599,-0.104588,-0.169282
7.795465,0.139465,-0.052466,0.289474,0.979904,-0.014802,-0.104744,-0.169110
7.805527,0.139574,-0.052446,0.289906,0.979896,-0.014855,-0.105119,-0.168915
7.815587,0.139622,-0.052455,0.290122,0.979909,-0.014911,-0.105301,-0.168723
7.825645,0.139675,-0.052424,0.290470,0.979869,-0.014943,-0.105681,-0.168714
7.835706,0.139678,-0.052364,0.290735,0.979862,-0.014995,-0.106056,-0.168518
7.845769,0.139763,-0.052406,0.291167,0.979789,-0.015047,-0.106433,-0.168696
7.855830,0.139799,-0.052419,0.291515,0.979749,-0.015120,-0.106806,-0.168687
7.865889,0.139845,-0.052376,0.291996,0.979721,-0.015207,-0.107367,-0.168487
7.875952,0.139889,-0.052392,0.292212,0.979701,-0.015243,-0.107553,-0.168482
7.886004,0.139974,-0.052434,0.292643,0.979628,-0.015295,-0.107930,-0.168660
7.896064,0.140018,-0.052451,0.292859,0.979608,-0.015331,-0.108117,-0.168655
7.906126,0.140094,-0.052489,0.293423,0.979514,-0.015419,-0.108680,-0.168829
7.916185,0.140158,-0.052452,0.293638,0.979526,-0.015434,-0.108869,-0.168637
7.926248,0.140253,-0.052437,0.294202,0.979461,-0.015687,-0.109403,-0.168644
7.936306,0.140317,-0.052400,0.294417,0.979473,-0.015702,-0.109592,-0.168453
7.946365,0.140423,-0.052356,0.294981,0.979348,-0.015498,-0.110209,-0.168791
7.956427,0.140527,-0.052343,0.295411,0.979304,-0.015714,-0.110557,-0.168803
7.966478,0.140732,-0.052256,0.295793,0.979318,-0.015458,-0.110794,-0.168591
7.976532,0.140847,-0.052247,0.296091,0.979294,-0.015638,-0.110956,-0.168607
7.986589,0.140867,-0.052203,0.296836,0.979189,-0.015772,-0.111895,-0.168584
7.996645,0.140923,-0.052154,0.297183,0.979211,-0.015842,-0.112266,-0.168201
8.006698,0.141021,-0.052181,0.297577,0.979222,-0.015898,-0.112447,-0.168010
8.016747,0.141054,-0.052193,0.297925,0.979180,-0.015969,-0.112819,-0.168000
8.026808,0.141077,-0.052201,0.298405,0.979116,-0.016074,-0.113378,-0.167986
8.036868,0.141042,-0.052198,0.298802,0.979019,-0.016158,-0.113942,-0.168159
8.046932,0.141010,-0.052186,0.299199,0.978955,-0.016264,-0.114500,-0.168145
8.056995,0.140939,-0.052159,0.299441,0.978933,-0.016299,-0.114686,-0.168140
8.067056,0.140914,-0.052160,0.299706,0.978858,-0.016348,-0.115064,-0.168317
8.077119,0.140866,-0.052151,0.300235,0.978738,-0.016467,-0.115813,-0.168485
8.087179,0.140833,-0.052139,0.300632,0.978670,-0.016759,-0.116340,-0.168493
8.097241,0.140721,-0.052097,0.301211,0.978560,-0.016934,-0.117270,-0.168469
8.107299,0.140686,-0.052084,0.301608,0.978493,-0.017039,-0.117829,-0.168455
8.117366,0.140651,-0.052071,0.302005,0.978427,-0.017145,-0.118387,-0.168440
8.127428,0.140681,-0.052082,0.302352,0.978382,-0.017215,-0.118759,-0.168430
8.137493,0.140623,-0.052051,0.303013,0.978302,-0.017413,-0.119684,-0.168220
8.147553,0.140579,-0.052044,0.303506,0.978202,-0.017496,-0.120247,-0.168392
8.157615,0.140549,-0.052024,0.303963,0.978189,-0.017588,-0.120614,-0.168195
8.167675,0.140532,-0.052017,0.304191,0.978166,-0.017624,-0.120800,-0.168190
8.177737,0.140485,-0.052000,0.304780,0.978098,-0.017729,-0.121358,-0.168176
8.187797,0.140455,-0.051988,0.305140,0.978052,-0.017799,-0.121730,-0.168166
8.197860,0.140348,-0.051949,0.305743,0.977983,-0.017905,-0.122288,-0.168151
8.207919,0.140334,-0.051943,0.306031,0.977983,-0.017905,-0.122288,-0.168151
8.217980,0.140309,-0.051934,0.306511,0.977983,-0.017905,-0.122288,-0.168151
8.228040,0.140345,-0.051957,0.306882,0.977950,-0.017882,-0.122294,-0.168337
8.238102,0.140314,-0.051936,0.307399,0.977956,-0.018126,-0.122442,-0.168169
8.248162,0.140295,-0.051938,0.307687,0.977927,-0.017917,-0.122480,-0.168333
8.258224,0.140285,-0.051925,0.308035,0.977983,-0.017905,-0.122288,-0.168151
8.268283,0.140254,-0.051914,0.308455,0.977956,-0.018126,-0.122442,-0.168169
8.278346,0.140186,-0.051888,0.308720,0.977979,-0.018091,-0.122256,-0.168174
8.288405,0.140174,-0.051884,0.308912,0.977979,-0.018091,-0.122256,-0.168174
8.298467,0.140148,-0.051883,0.309297,0.977950,-0.017882,-0.122294,-0.168337
8.308526,0.140124,-0.051865,0.309621,0.977956,-0.018126,-0.122442,-0.168169
8.318586,0.140093,-0.051854,0.310101,0.977956,-0.018126,-0.122442,-0.168169
8.328647,0.140089,-0.051852,0.310257,0.977979,-0.018091,-0.122256,-0.168174
8.338709,0.140085,-0.051851,0.310412,0.978002,-0.018056,-0.122070,-0.168179
8.348770,0.140152,-0.051875,0.310579,0.978075,-0.017764,-0.121544,-0.168171
8.358832,0.140132,-0.051868,0.310867,0.978075,-0.017764,-0.121544,-0.168171
8.368895,0.140045,-0.051836,0.311264,0.978071,-0.017951,-0.121512,-0.168194
8.378956,0.140025,-0.051828,0.311552,0.978071,-0.017951,-0.121512,-0.168194
8.389019,0.140037,-0.051832,0.311635,0.978140,-0.017845,-0.120954,-0.168209
8.399083,0.140031,-0.051830,0.311791,0.978163,-0.017810,-0.120768,-0.168213
8.409142,0.139999,-0.051879,0.312043,0.978157,-0.017611,-0.120611,-0.168382
8.419204,0.139985,-0.051874,0.312235,0.978153,-0.017798,-0.120579,-0.168405
8.429264,0.139956,-0.051863,0.312618,0.978153,-0.017798,-0.120579,-0.168405
8.439325,0.139934,-0.051855,0.312906,0.978153,-0.017798,-0.120579,-0.168405
8.449386,0.139928,-0.051853,0.313122,0.978199,-0.017728,-0.120207,-0.168415
8.459448,0.139930,-0.051854,0.313241,0.978247,-0.017471,-0.119867,-0.168401
8.469512,0.139908,-0.051845,0.313589,0.978266,-0.017622,-0.119649,-0.168429
8.479577,0.139901,-0.051843,0.313744,0.978289,-0.017587,-0.119463,-0.168434
8.489635,0.139873,-0.051823,0.314128,0.978325,-0.017423,-0.119490,-0.168225
8.499699,0.139874,-0.051823,0.314247,0.978370,-0.017353,-0.119117,-0.168234
8.509759,0.139850,-0.051814,0.314594,0.978392,-0.017317,-0.118931,-0.168239
8.519820,0.139842,-0.051811,0.314750,0.978414,-0.017282,-0.118745,-0.168244
8.529880,0.139789,-0.051852,0.315133,0.978382,-0.017305,-0.118742,-0.168431
8.539942,0.139781,-0.051849,0.315289,0.978405,-0.017270,-0.118556,-0.168435
8.549995,0.139747,-0.051836,0.315672,0.978405,-0.017270,-0.118556,-0.168435
8.560047,0.139738,-0.051833,0.315827,0.978427,-0.017234,-0.118370,-0.168440
8.570099,0.139721,-0.051827,0.316079,0.978449,-0.017199,-0.118184,-0.168445
8.580154,0.139712,-0.051823,0.316234,0.978468,-0.017351,-0.117966,-0.168472
8.590215,0.139693,-0.051816,0.316485,0.978494,-0.017129,-0.117812,-0.168455
8.600276,0.139613,-0.051786,0.316690,0.978494,-0.017129,-0.117812,-0.168455
8.610338,0.139517,-0.051741,0.317086,0.978526,-0.017151,-0.117807,-0.168268
8.620388,0.139461,-0.051720,0.317122,0.978570,-0.017080,-0.117434,-0.168278
8.630453,0.139434,-0.051710,0.317409,0.978570,-0.017080,-0.117434,-0.168278
8.640518,0.139422,-0.051705,0.317624,0.978615,-0.017010,-0.117062,-0.168287
8.650578,0.139419,-0.051704,0.317743,0.978659,-0.016939,-0.116690,-0.168297
8.660641,0.139318,-0.051666,0.318139,0.978659,-0.016939,-0.116690,-0.168297
8.670700,0.139297,-0.051659,0.318390,0.978681,-0.016904,-0.116504,-0.168302
8.680753,0.139292,-0.051657,0.318568,0.978746,-0.016798,-0.115946,-0.168316
8.690816,0.139271,-0.051649,0.318819,0.978768,-0.016763,-0.115760,-0.168321
8.700876,0.139235,-0.051696,0.319093,0.978801,-0.016679,-0.115198,-0.168521
8.710940,0.139234,-0.051686,0.319212,0.978877,-0.016630,-0.114821,-0.168344
8.721005,0.139137,-0.051650,0.319571,0.978898,-0.016595,-0.114635,-0.168349
8.731066,0.139063,-0.051613,0.319738,0.978952,-0.016581,-0.114443,-0.168167
8.741128,0.139072,-0.051597,0.319821,0.979081,-0.016517,-0.113875,-0.167808
8.751192,0.139070,-0.051586,0.319940,0.979156,-0.016468,-0.113498,-0.167630
8.761252,0.138958,-0.051595,0.320239,0.979160,-0.016324,-0.113521,-0.167608
8.771313,0.138856,-0.051547,0.320574,0.979167,-0.016568,-0.113671,-0.167439
8.781374,0.138762,-0.051493,0.320933,0.979256,-0.016388,-0.113506,-0.167048
8.791438,0.138694,-0.051458,0.321064,0.979328,-0.016525,-0.113097,-0.166892
8.801501,0.138706,-0.051453,0.321110,0.979448,-0.016216,-0.112380,-0.166703
8.811561,0.138630,-0.051415,0.321277,0.979501,-0.016201,-0.112188,-0.166520
8.821620,0.138464,-0.051334,0.321625,0.979544,-0.016279,-0.112364,-0.166142
8.831680,0.138376,-0.051301,0.321828,0.979544,-0.016279,-0.112364,-0.166142
8.841743,0.138153,-0.051208,0.322092,0.979554,-0.016336,-0.112545,-0.165951
8.851803,0.137983,-0.051194,0.322308,0.979555,-0.016379,-0.112537,-0.165951
8.861865,0.137774,-0.051106,0.322499,0.979611,-0.016177,-0.112378,-0.165747
8.871925,0.137617,-0.051057,0.322714,0.979576,-0.016343,-0.112351,-0.165956
8.881987,0.137477,-0.051005,0.322856,0.979618,-0.016271,-0.111979,-0.165965
8.892047,0.137303,-0.050999,0.323071,0.979586,-0.016292,-0.111976,-0.166152
8.902120,0.137021,-0.050953,0.323560,0.979516,-0.016199,-0.112377,-0.166308
8.912179,0.136861,-0.050942,0.323679,0.979516,-0.016241,-0.112368,-0.166308
8.922242,0.136598,-0.050853,0.324109,0.979420,-0.016329,-0.112932,-0.166481
8.932306,0.136402,-0.050898,0.324323,0.979357,-0.016372,-0.112925,-0.166854
8.942363,0.136233,-0.050893,0.324501,0.979346,-0.016357,-0.112736,-0.167046
8.952422,0.135891,-0.050992,0.324988,0.979208,-0.016537,-0.113090,-0.167597
8.962484,0.135759,-0.051060,0.325190,0.979147,-0.016393,-0.113116,-0.167949
8.972547,0.135489,-0.051253,0.325498,0.978987,-0.016501,-0.113101,-0.168882
8.982607,0.135299,-0.051269,0.325711,0.979019,-0.016608,-0.113078,-0.168696
8.992668,0.134861,-0.051358,0.326281,0.978903,-0.016949,-0.113785,-0.168864
9.002728,0.134549,-0.051444,0.326577,0.978828,-0.017175,-0.114127,-0.169041
9.012785,0.134323,-0.051505,0.326884,0.978829,-0.017304,-0.114101,-0.169041
9.022840,0.134186,-0.051579,0.327085,0.978732,-0.017326,-0.114100,-0.169601
9.032892,0.133893,-0.051474,0.327642,0.978613,-0.017455,-0.114848,-0.169768
9.042945,0.133774,-0.051496,0.327843,0.978552,-0.017269,-0.114883,-0.170120
9.052994,0.133571,-0.051466,0.328185,0.978530,-0.017350,-0.115059,-0.170115
9.063046,0.133546,-0.051466,0.328339,0.978519,-0.017291,-0.114879,-0.170306
9.073098,0.133327,-0.051429,0.328776,0.978498,-0.017372,-0.115056,-0.170302
9.083150,0.133139,-0.051356,0.329118,0.978479,-0.017223,-0.115274,-0.170275
9.093176,0.132895,-0.051377,0.329554,0.978389,-0.017491,-0.115421,-0.170665
9.103239,0.132563,-0.051296,0.329858,0.978349,-0.017424,-0.115816,-0.170633
9.113293,0.132230,-0.051185,0.330219,0.978426,-0.017571,-0.115976,-0.170068
9.123354,0.132082,-0.051223,0.330513,0.978427,-0.017658,-0.115958,-0.170069
9.133416,0.131792,-0.051197,0.330864,0.978438,-0.017806,-0.116120,-0.169877
9.143476,0.131591,-0.051214,0.331073,0.978442,-0.017707,-0.116134,-0.169855
9.153534,0.131281,-0.051236,0.331423,0.978421,-0.017878,-0.116292,-0.169850
9.163595,0.130981,-0.051232,0.331772,0.978334,-0.017961,-0.116471,-0.170218
9.173659,0.130673,-0.051341,0.331954,0.978226,-0.018011,-0.116272,-0.170970
9.183719,0.130501,-0.051502,0.332117,0.978120,-0.017874,-0.116105,-0.171699
9.193780,0.130367,-0.051564,0.332279,0.978077,-0.017879,-0.115913,-0.172077
9.203841,0.130025,-0.051656,0.332627,0.977923,-0.018007,-0.116085,-0.172818
9.213902,0.129905,-0.051733,0.332695,0.977846,-0.017990,-0.115898,-0.173383
9.223966,0.129733,-0.051788,0.332700,0.977811,-0.017895,-0.115341,-0.173958
9.234028,0.129613,-0.051787,0.332898,0.977815,-0.017752,-0.115365,-0.173936
9.244089,0.129390,-0.051869,0.333069,0.977737,-0.017778,-0.115170,-0.174500
9.254154,0.129208,-0.051899,0.333146,0.977725,-0.017804,-0.114972,-0.174692
9.264214,0.128860,-0.051872,0.333371,0.977659,-0.017848,-0.114965,-0.175065
9.274276,0.128601,-0.051871,0.333493,0.977629,-0.017727,-0.114986,-0.175230
9.284336,0.128083,-0.051820,0.333808,0.977519,-0.017894,-0.115340,-0.175592
9.294397,0.127930,-0.051851,0.333753,0.977563,-0.017901,-0.114951,-0.175603
9.304458,0.127627,-0.051877,0.334003,0.977512,-0.017863,-0.115148,-0.175762
9.314519,0.127495,-0.051974,0.334070,0.977501,-0.017932,-0.114940,-0.175954
9.324579,0.127271,-0.052099,0.334145,0.977422,-0.018000,-0.114735,-0.176519
9.334630,0.127079,-0.052123,0.334256,0.977392,-0.017879,-0.114756,-0.176683
9.344680,0.126727,-0.052146,0.334384,0.977290,-0.017945,-0.114746,-0.177243
9.354729,0.126587,-0.052144,0.334329,0.977299,-0.017885,-0.114373,-0.177440
9.364786,0.126200,-0.052094,0.334716,0.977189,-0.018010,-0.114736,-0.177802
9.374840,0.125988,-0.052108,0.334920,0.977159,-0.017889,-0.114757,-0.177966
9.384893,0.125698,-0.052136,0.335096,0.977147,-0.017956,-0.114549,-0.178158
9.394943,0.125394,-0.052176,0.335308,0.977045,-0.018022,-0.114539,-0.178717
9.405004,0.124939,-0.052142,0.335607,0.976937,-0.018005,-0.114926,-0.179057
9.415065,0.124677,-0.052133,0.335724,0.976903,-0.018071,-0.114913,-0.179244
9.425124,0.124426,-0.052230,0.335927,0.976836,-0.018201,-0.114887,-0.179617
9.435188,0.124287,-0.052310,0.336028,0.976840,-0.018145,-0.114892,-0.179595
9.445251,0.124074,-0.052393,0.336100,0.976897,-0.018297,-0.114661,-0.179414
9.455310,0.123886,-0.052450,0.336115,0.976898,-0.018426,-0.114632,-0.179415
9.465392,0.123540,-0.052419,0.336274,0.976947,-0.018641,-0.114773,-0.179037
9.475454,0.123240,-0.052391,0.336555,0.976870,-0.018792,-0.115129,-0.179212
9.485517,0.123018,-0.052367,0.336829,0.976900,-0.018822,-0.115499,-0.178807
9.495568,0.122673,-0.052370,0.336914,0.977026,-0.019017,-0.115254,-0.178254
9.505630,0.122485,-0.052386,0.336984,0.977190,-0.019003,-0.115047,-0.177493
9.515691,0.122151,-0.052298,0.337162,0.977485,-0.019259,-0.114778,-0.176008
9.525752,0.121958,-0.052300,0.337268,0.977655,-0.019496,-0.114713,-0.175076
9.535816,0.121534,-0.052262,0.337393,0.977925,-0.019882,-0.114606,-0.173585
9.545873,0.121320,-0.052309,0.337498,0.978060,-0.020140,-0.114536,-0.172840
9.555925,0.121042,-0.052253,0.337703,0.978298,-0.020232,-0.114488,-0.171513
9.565984,0.120841,-0.052269,0.337808,0.978398,-0.020425,-0.114435,-0.170954
9.576006,0.120512,-0.052182,0.337962,0.978476,-0.020622,-0.114576,-0.170389
9.586059,0.120264,-0.052126,0.338074,0.978447,-0.020458,-0.114604,-0.170554
9.596111,0.119817,-0.052044,0.338363,0.978306,-0.020574,-0.114971,-0.171102
9.606163,0.119530,-0.051969,0.338640,0.978230,-0.020689,-0.115334,-0.171278
9.616216,0.119149,-0.051961,0.338849,0.978136,-0.020569,-0.115355,-0.171816
9.626268,0.118960,-0.051974,0.338917,0.978129,-0.020401,-0.115189,-0.171986
9.636319,0.118733,-0.052034,0.339042,0.978073,-0.020372,-0.114810,-0.172557
9.646372,0.118443,-0.052065,0.339152,0.977978,-0.020251,-0.114832,-0.173095
9.656425,0.118062,-0.052117,0.339267,0.977816,-0.020131,-0.114857,-0.174005
9.666477,0.117793,-0.052201,0.339499,0.977699,-0.020101,-0.115051,-0.174537
9.676528,0.117286,-0.052237,0.339783,0.977489,-0.020306,-0.115398,-0.175458
9.686579,0.117065,-0.052297,0.339886,0.977393,-0.020186,-0.115420,-0.175995
9.696642,0.116706,-0.052355,0.339907,0.977224,-0.020253,-0.115412,-0.176927
9.706701,0.116388,-0.052422,0.340050,0.977071,-0.020203,-0.115614,-0.177645
9.716765,0.115906,-0.052392,0.340331,0.976965,-0.020244,-0.115983,-0.177984
9.726827,0.115611,-0.052404,0.340474,0.976875,-0.020380,-0.116147,-0.178351
9.736886,0.115427,-0.052458,0.340447,0.976868,-0.020255,-0.115971,-0.178521
9.746946,0.115129,-0.052598,0.340387,0.976845,-0.020375,-0.115551,-0.178906
9.757008,0.114900,-0.052663,0.340488,0.976850,-0.020362,-0.115539,-0.178885
9.767071,0.114613,-0.052690,0.340557,0.976912,-0.020321,-0.115336,-0.178683
9.777136,0.114332,-0.052642,0.340734,0.976874,-0.020321,-0.115712,-0.178649
9.787197,0.113938,-0.052593,0.341007,0.976801,-0.020343,-0.116084,-0.178802
9.797259,0.113707,-0.052684,0.341071,0.976721,-0.020403,-0.115878,-0.179367
9.807319,0.113372,-0.052694,0.341050,0.976748,-0.020340,-0.115682,-0.179351
9.817380,0.113159,-0.052720,0.341149,0.976754,-0.020284,-0.115680,-0.179330
9.827441,0.112724,-0.052651,0.341295,0.976842,-0.020386,-0.115824,-0.178743
9.837502,0.112454,-0.052680,0.341305,0.976874,-0.020767,-0.115734,-0.178580
9.847562,0.111997,-0.052672,0.341413,0.977019,-0.020926,-0.115661,-0.177814
9.857623,0.111829,-0.052678,0.341382,0.977180,-0.021088,-0.115409,-0.177075
9.867683,0.111682,-0.052653,0.341314,0.977501,-0.021096,-0.114975,-0.175576
9.877744,0.111405,-0.052603,0.341451,0.977617,-0.021363,-0.115085,-0.174825
9.887805,0.111108,-0.052608,0.341550,0.977822,-0.021705,-0.114972,-0.173708
9.897865,0.110847,-0.052608,0.341557,0.977963,-0.021775,-0.114920,-0.172941
9.907926,0.110484,-0.052567,0.341658,0.978199,-0.022138,-0.114795,-0.171637
9.917987,0.110275,-0.052549,0.341790,0.978312,-0.022407,-0.114903,-0.170886
9.928047,0.109903,-0.052603,0.341799,0.978352,-0.022499,-0.114848,-0.170678
9.938108,0.109667,-0.052557,0.341807,0.978386,-0.022607,-0.114813,-0.170492
9.948169,0.109245,-0.052550,0.341820,0.978256,-0.022694,-0.114796,-0.171238
9.958231,0.108975,-0.052474,0.341991,0.978151,-0.022620,-0.115195,-0.171577
9.968252,0.108615,-0.052455,0.342109,0.977955,-0.022832,-0.115734,-0.172305
9.978314,0.108431,-0.052464,0.342149,0.977872,-0.022746,-0.115939,-0.172649
9.988377,0.108031,-0.052526,0.342267,0.977612,-0.022817,-0.116503,-0.173727
9.998436,0.107746,-0.052524,0.342381,0.977481,-0.023073,-0.117023,-0.174081
10.008496,0.107290,-0.052586,0.342660,0.977205,-0.023511,-0.117891,-0.174982
10.018558,0.106968,-0.052654,0.342773,0.977045,-0.023650,-0.118426,-0.175499
10.028622,0.106742,-0.052721,0.342848,0.976934,-0.023897,-0.118750,-0.175859
10.038685,0.106358,-0.052724,0.342999,0.976716,-0.024030,-0.119488,-0.176556
10.048745,0.106146,-0.052765,0.343074,0.976570,-0.024212,-0.119835,-0.177102
10.058808,0.105730,-0.052801,0.343243,0.976356,-0.024441,-0.120173,-0.178020
10.068873,0.105458,-0.052809,0.343283,0.976236,-0.024381,-0.120373,-0.178549
10.078927,0.104944,-0.052800,0.343544,0.975985,-0.024589,-0.120720,-0.179652
10.088981,0.104607,-0.052863,0.343674,0.975831,-0.024598,-0.120902,-0.180367
10.099033,0.104105,-0.052907,0.343805,0.975707,-0.024906,-0.121010,-0.180919
10.109084,0.103831,-0.052930,0.343807,0.975674,-0.025064,-0.120962,-0.181106
10.119136,0.103234,-0.052778,0.344010,0.975579,-0.025213,-0.121487,-0.181249
10.129186,0.102965,-0.052812,0.343975,0.975533,-0.025291,-0.121268,-0.181629
10.139251,0.102659,-0.052916,0.343940,0.975459,-0.025251,-0.121065,-0.182171
10.149315,0.102497,-0.052926,0.343867,0.975576,-0.025312,-0.120641,-0.181814
10.159378,0.102123,-0.052980,0.343830,0.975678,-0.025425,-0.120372,-0.181427
10.169441,0.101788,-0.052923,0.343865,0.975764,-0.025731,-0.120461,-0.180864
10.179503,0.101368,-0.052847,0.343897,0.976025,-0.026238,-0.120468,-0.179371
10.189564,0.101124,-0.052779,0.343930,0.976183,-0.026358,-0.120584,-0.178412
10.199626,0.100872,-0.052754,0.343889,0.976490,-0.026511,-0.120279,-0.176909
10.209685,0.100596,-0.052766,0.343886,0.976602,-0.026615,-0.120204,-0.176329
10.219748,0.100182,-0.052697,0.343880,0.976845,-0.027037,-0.120036,-0.175028
10.229807,0.099932,-0.052651,0.343875,0.977061,-0.026975,-0.119975,-0.173866
10.239870,0.099587,-0.052639,0.343833,0.977256,-0.027289,-0.119648,-0.172944
10.249929,0.099417,-0.052639,0.343794,0.977353,-0.027215,-0.119433,-0.172556
10.259989,0.099162,-0.052659,0.343719,0.977372,-0.027056,-0.119057,-0.172734
10.270054,0.098905,-0.052648,0.343716,0.977307,-0.027146,-0.119030,-0.173107
10.280116,0.098479,-0.052588,0.343783,0.977169,-0.027202,-0.119387,-0.173630
10.290178,0.098220,-0.052546,0.343852,0.977029,-0.027169,-0.119777,-0.174152
10.300242,0.097920,-0.052617,0.343849,0.976868,-0.027097,-0.119784,-0.175061
10.310301,0.097592,-0.052719,0.343881,0.976650,-0.027113,-0.119964,-0.176149
10.320364,0.097398,-0.052791,0.343806,0.976594,-0.027096,-0.119577,-0.176722
10.330424,0.097040,-0.052824,0.343765,0.976453,-0.026958,-0.119408,-0.177638
10.340486,0.096667,-0.052847,0.343795,0.976266,-0.026951,-0.119594,-0.178539
10.350549,0.096261,-0.052947,0.343788,0.976032,-0.026925,-0.119592,-0.179820
10.360611,0.095985,-0.052966,0.343783,0.975934,-0.026851,-0.119594,-0.180356
10.370674,0.095571,-0.053096,0.343739,0.975721,-0.026803,-0.119399,-0.181643
10.380737,0.095217,-0.053056,0.343803,0.975614,-0.026885,-0.119745,-0.181978
10.390797,0.094766,-0.053052,0.343827,0.975454,-0.027132,-0.119868,-0.182716
10.400858,0.094417,-0.053001,0.343889,0.975382,-0.027237,-0.120201,-0.182865
10.410919,0.094034,-0.053063,0.343843,0.975313,-0.027044,-0.120011,-0.183386
10.420982,0.093838,-0.053084,0.343836,0.975352,-0.027244,-0.119931,-0.183201
10.431043,0.093545,-0.053126,0.343788,0.975533,-0.027201,-0.119657,-0.182423
10.441106,0.093200,-0.053049,0.343846,0.975681,-0.027296,-0.119932,-0.181434
10.451170,0.092786,-0.052923,0.343898,0.975974,-0.027338,-0.120173,-0.179680
10.461233,0.092535,-0.052853,0.343921,0.976171,-0.027530,-0.120238,-0.178536
10.471294,0.092182,-0.052810,0.343902,0.976471,-0.027455,-0.120115,-0.176982
10.481356,0.091915,-0.052787,0.343889,0.976630,-0.027205,-0.120075,-0.176172
10.491410,0.091486,-0.052681,0.343938,0.976917,-0.027294,-0.120282,-0.174416
10.501464,0.091164,-0.052583,0.343957,0.977045,-0.027258,-0.120398,-0.173620
10.511516,0.090836,-0.052500,0.343976,0.977105,-0.027179,-0.120538,-0.173196
10.521579,0.090661,-0.052509,0.343932,0.977112,-0.026659,-0.120421,-0.173322
10.531643,0.090232,-0.052437,0.343985,0.977030,-0.026054,-0.120869,-0.173565
10.541705,0.089980,-0.052385,0.344008,0.977026,-0.025702,-0.121087,-0.173488
10.551759,0.089532,-0.052345,0.344059,0.976910,-0.025121,-0.121530,-0.173916
10.561812,0.089242,-0.052323,0.344153,0.976789,-0.025107,-0.122071,-0.174217
10.571875,0.088913,-0.052374,0.344210,0.976738,-0.024804,-0.122433,-0.174295
10.581937,0.088624,-0.052350,0.344304,0.976616,-0.024793,-0.122973,-0.174595
10.592036,0.088153,-0.052324,0.344388,0.976469,-0.024711,-0.123502,-0.175058
10.602099,0.087844,-0.052332,0.344481,0.976314,-0.024726,-0.124036,-0.175543
10.612162,0.087569,-0.052293,0.344537,0.976288,-0.024501,-0.124405,-0.175456
10.622216,0.087140,-0.052331,0.344621,0.976242,-0.024768,-0.124813,-0.175385
10.632277,0.086940,-0.052308,0.344679,0.976316,-0.024797,-0.125099,-0.174764
10.642340,0.086484,-0.052188,0.344827,0.976434,-0.025077,-0.125827,-0.173535
10.652404,0.086124,-0.052091,0.344945,0.976459,-0.025499,-0.126400,-0.172919
10.662467,0.085650,-0.051999,0.345091,0.976537,-0.025999,-0.127080,-0.171899
10.672529,0.085359,-0.051956,0.345178,0.976549,-0.026327,-0.127491,-0.171478
10.682582,0.085025,-0.051968,0.345262,0.976638,-0.026655,-0.127835,-0.170662
10.692632,0.084748,-0.051907,0.345350,0.976614,-0.026918,-0.128279,-0.170426
10.702695,0.084233,-0.051745,0.345529,0.976425,-0.027216,-0.129296,-0.170692
10.712756,0.083892,-0.051633,0.345648,0.976274,-0.027448,-0.129981,-0.171001
10.722808,0.083581,-0.051643,0.345738,0.976051,-0.027441,-0.130533,-0.171852
10.732871,0.083289,-0.051620,0.345827,0.975854,-0.027597,-0.131058,-0.172541
10.742936,0.082848,-0.051672,0.345945,0.975507,-0.027748,-0.131765,-0.173939
10.752989,0.082557,-0.051646,0.346034,0.975308,-0.027906,-0.132290,-0.174627
10.763050,0.082014,-0.051531,0.346210,0.974971,-0.028359,-0.133315,-0.175655
10.773112,0.081701,-0.051543,0.346298,0.974701,-0.028521,-0.133850,-0.176713
10.783165,0.081301,-0.051560,0.346343,0.974458,-0.028700,-0.134169,-0.177783
10.793219,0.081072,-0.051564,0.346236,0.974363,-0.028640,-0.134164,-0.178316
10.803272,0.080549,-0.051546,0.346359,0.974162,-0.028756,-0.134452,-0.179175
10.813332,0.080224,-0.051456,0.346365,0.974115,-0.028825,-0.134580,-0.179327
10.823385,0.079903,-0.051491,0.346178,0.974072,-0.028747,-0.134164,-0.179883
10.833446,0.079714,-0.051488,0.346161,0.974084,-0.028756,-0.134104,-0.179861
10.843507,0.079300,-0.051397,0.346120,0.974167,-0.029143,-0.133902,-0.179497
10.853569,0.078932,-0.051361,0.346123,0.974161,-0.029382,-0.133939,-0.179466
10.863629,0.078597,-0.051271,0.346084,0.974428,-0.029699,-0.133676,-0.178151
10.873690,0.078431,-0.051238,0.346029,0.974607,-0.029714,-0.133371,-0.177400
10.883743,0.078225,-0.051197,0.345877,0.974816,-0.029986,-0.132989,-0.176489
10.893795,0.077863,-0.051082,0.345743,0.975086,-0.030113,-0.132754,-0.175149
10.903857,0.077564,-0.050903,0.345775,0.975331,-0.030477,-0.132875,-0.173624
10.913918,0.077255,-0.050836,0.345645,0.975662,-0.030883,-0.132539,-0.171939
10.923979,0.077077,-0.050779,0.345658,0.975823,-0.031092,-0.132543,-0.170981
10.934007,0.076787,-0.050722,0.345536,0.975838,-0.031146,-0.132450,-0.170960
10.944070,0.076568,-0.050752,0.345554,0.975726,-0.031221,-0.132581,-0.171484
10.954132,0.076160,-0.050633,0.345583,0.975596,-0.031198,-0.132912,-0.171972
10.964197,0.075914,-0.050572,0.345593,0.975479,-0.031177,-0.133094,-0.172493
10.974257,0.075511,-0.050608,0.345596,0.975197,-0.031284,-0.133246,-0.173945
10.984320,0.075233,-0.050586,0.345604,0.975084,-0.031360,-0.133376,-0.174469
10.994382,0.074922,-0.050603,0.345649,0.974842,-0.031506,-0.133707,-0.175537
11.004444,0.074638,-0.050596,0.345659,0.974656,-0.031537,-0.133876,-0.176430
11.014507,0.074243,-0.050576,0.345729,0.974397,-0.031637,-0.134380,-0.177461
11.024570,0.073964,-0.050559,0.345738,0.974245,-0.031693,-0.134530,-0.178168
11.034635,0.073557,-0.050547,0.345806,0.974015,-0.032053,-0.134953,-0.179040
11.044695,0.073282,-0.050519,0.345812,0.973898,-0.032133,-0.135081,-0.179562
11.054759,0.072941,-0.050502,0.345757,0.973755,-0.032587,-0.135288,-0.180100
11.064819,0.072681,-0.050430,0.345798,0.973685,-0.032757,-0.135567,-0.180240
11.074878,0.072213,-0.050259,0.345625,0.973699,-0.032935,-0.135757,-0.179988
11.084941,0.072010,-0.050220,0.345670,0.973769,-0.033434,-0.135890,-0.179416
11.095003,0.071729,-0.050178,0.345484,0.973989,-0.033687,-0.135779,-0.178253
11.105059,0.071598,-0.050120,0.345406,0.974230,-0.033952,-0.135720,-0.176926
11.115118,0.071159,-0.049943,0.345521,0.974345,-0.034768,-0.136225,-0.175742
11.125180,0.070945,-0.049878,0.345434,0.974479,-0.035015,-0.136196,-0.174971
11.135241,0.070551,-0.049668,0.345330,0.974726,-0.035578,-0.136523,-0.173218
11.145302,0.070433,-0.049671,0.345165,0.974893,-0.035851,-0.136468,-0.172262
11.155365,0.070223,-0.049606,0.344891,0.975145,-0.035848,-0.136403,-0.170885
11.165425,0.069984,-0.049517,0.344745,0.975146,-0.036075,-0.136622,-0.170656
11.175550,0.069673,-0.049439,0.344372,0.975155,-0.035910,-0.136707,-0.170573
11.185614,0.069513,-0.049397,0.344203,0.975143,-0.035969,-0.136814,-0.170539
11.195674,0.069430,-0.049474,0.343924,0.975096,-0.035748,-0.136807,-0.170861
11.205736,0.069092,-0.049478,0.343682,0.974939,-0.035873,-0.137051,-0.171533
11.215801,0.068847,-0.049412,0.343538,0.974843,-0.035848,-0.137366,-0.171831
11.225862,0.068531,-0.049357,0.343165,0.974741,-0.035802,-0.137484,-0.172328
11.235924,0.068291,-0.049379,0.342900,0.974603,-0.035732,-0.137624,-0.173010
11.245984,0.068194,-0.049516,0.342403,0.974555,-0.035303,-0.137452,-0.173505
11.256044,0.068038,-0.049480,0.342195,0.974654,-0.034989,-0.137385,-0.173063
11.266104,0.067773,-0.049505,0.341920,0.974747,-0.034835,-0.137359,-0.172589
11.276167,0.067682,-0.049494,0.341719,0.974958,-0.034404,-0.137251,-0.171567
11.286231,0.067516,-0.049477,0.341324,0.975166,-0.034256,-0.137047,-0.170574
11.296291,0.067441,-0.049544,0.341004,0.975291,-0.033888,-0.136784,-0.170146
11.306354,0.067288,-0.049518,0.340611,0.975467,-0.033480,-0.136664,-0.169311
11.316413,0.067103,-0.049508,0.340437,0.975474,-0.033268,-0.136766,-0.169228
11.326476,0.066829,-0.049412,0.340187,0.975571,-0.033089,-0.136953,-0.168553
11.336541,0.066699,-0.049429,0.339895,0.975565,-0.032704,-0.136950,-0.168665
11.346594,0.066621,-0.049572,0.339365,0.975475,-0.031885,-0.136731,-0.169517
11.356655,0.066541,-0.049626,0.338956,0.975407,-0.031674,-0.136587,-0.170063
11.366717,0.066401,-0.049668,0.338667,0.975295,-0.031221,-0.136660,-0.170729
11.376777,0.066181,-0.049635,0.338618,0.975124,-0.031345,-0.136985,-0.171420
11.386840,0.066002,-0.049682,0.338232,0.974972,-0.031104,-0.137021,-0.172297
11.396899,0.065866,-0.049769,0.338038,0.974820,-0.030862,-0.137058,-0.173175
11.406961,0.065709,-0.049879,0.337532,0.974650,-0.030730,-0.136897,-0.174278
11.417020,0.065591,-0.049940,0.337339,0.974528,-0.030462,-0.136941,-0.174969
11.427082,0.065353,-0.049929,0.336976,0.974349,-0.030325,-0.137136,-0.175832
11.437142,0.065179,-0.049924,0.336805,0.974234,-0.030370,-0.137279,-0.176352
11.447202,0.064978,-0.049943,0.336317,0.974183,-0.030431,-0.137175,-0.176704
11.457264,0.064967,-0.050039,0.335881,0.974206,-0.030160,-0.136825,-0.176895
11.467325,0.064819,-0.050177,0.335468,0.974071,-0.030096,-0.136609,-0.177815
11.477385,0.064713,-0.050212,0.335272,0.974050,-0.030081,-0.136542,-0.177980
11.487481,0.064594,-0.050212,0.334976,0.974103,-0.030110,-0.136423,-0.177777
11.497533,0.064426,-0.050198,0.334803,0.974024,-0.030178,-0.136539,-0.178112
11.507594,0.064356,-0.050280,0.334487,0.973984,-0.030221,-0.136307,-0.178501
11.517655,0.064222,-0.050252,0.334093,0.974073,-0.030272,-0.136161,-0.178114
11.527708,0.064143,-0.050247,0.333894,0.974155,-0.030460,-0.136012,-0.177751
11.537768,0.064017,-0.050290,0.333377,0.974278,-0.030314,-0.135679,-0.177356
11.547821,0.063907,-0.050273,0.333079,0.974398,-0.030571,-0.135471,-0.176811
11.557884,0.063808,-0.050276,0.332560,0.974621,-0.030626,-0.135055,-0.175888
11.567944,0.063678,-0.050196,0.332381,0.974751,-0.030964,-0.135007,-0.175143
11.577996,0.063557,-0.050144,0.331983,0.974947,-0.031077,-0.134777,-0.174204
11.588057,0.063585,-0.050210,0.331637,0.975185,-0.030926,-0.134269,-0.173291
11.598118,0.063535,-0.050182,0.331210,0.975538,-0.031202,-0.133743,-0.171655
11.608178,0.063486,-0.050127,0.331007,0.975755,-0.031426,-0.133517,-0.170553
11.618239,0.063441,-0.050152,0.330683,0.975969,-0.031427,-0.133129,-0.169627
11.628293,0.063287,-0.050112,0.330505,0.975992,-0.031746,-0.133125,-0.169437
11.638346,0.063151,-0.050101,0.330112,0.976009,-0.031748,-0.133025,-0.169419
11.648400,0.063058,-0.050094,0.329820,0.975944,-0.031799,-0.133013,-0.169791
11.658453,0.062999,-0.050188,0.329192,0.975821,-0.031612,-0.132741,-0.170746
11.668505,0.062888,-0.050118,0.329020,0.975772,-0.031561,-0.132921,-0.170893
11.678558,0.062736,-0.050062,0.328752,0.975656,-0.031514,-0.133123,-0.171410
11.688610,0.062664,-0.050031,0.328459,0.975623,-0.031540,-0.133117,-0.171596
11.698662,0.062611,-0.050151,0.327926,0.975536,-0.031420,-0.132786,-0.172368
11.708713,0.062521,-0.050145,0.327634,0.975482,-0.031099,-0.132840,-0.172689
11.718766,0.062411,-0.050163,0.327341,0.975383,-0.031175,-0.132822,-0.173248
11.728816,0.062303,-0.050127,0.327265,0.975337,-0.031172,-0.132969,-0.173396
11.738877,0.062161,-0.050142,0.326874,0.975246,-0.031108,-0.132951,-0.173931
11.748937,0.062107,-0.050217,0.326558,0.975174,-0.030888,-0.132814,-0.174478
11.759038,0.061981,-0.050304,0.326047,0.975029,-0.030903,-0.132631,-0.175422
11.769090,0.061851,-0.050267,0.325875,0.974910,-0.030858,-0.132833,-0.175938
11.779145,0.061762,-0.050262,0.325582,0.974843,-0.030908,-0.132821,-0.176310
11.789197,0.061600,-0.050222,0.325311,0.974726,-0.030910,-0.132990,-0.176828
11.799250,0.061528,-0.050235,0.325116,0.974658,-0.030960,-0.132978,-0.177200
11.809302,0.061500,-0.050324,0.324581,0.974637,-0.030835,-0.132628,-0.177602
11.819356,0.061394,-0.050256,0.324408,0.974587,-0.030786,-0.132808,-0.177749
11.829409,0.061322,-0.050268,0.324212,0.974519,-0.030836,-0.132797,-0.178120
11.839459,0.061255,-0.050272,0.324015,0.974494,-0.030722,-0.132791,-0.178283
11.849520,0.061175,-0.050251,0.323719,0.974499,-0.030815,-0.132724,-0.178287
11.859580,0.061145,-0.050295,0.323402,0.974489,-0.030775,-0.132533,-0.178489
11.869641,0.061023,-0.050297,0.323010,0.974393,-0.030665,-0.132549,-0.179021
11.879705,0.060990,-0.050349,0.322694,0.974346,-0.030604,-0.132385,-0.179407
11.889757,0.060850,-0.050375,0.322302,0.974209,-0.030705,-0.132362,-0.180151
11.899818,0.060673,-0.050274,0.322150,0.974103,-0.030794,-0.132689,-0.180468
11.909876,0.060644,-0.050373,0.321616,0.974048,-0.030460,-0.132402,-0.181029
11.919938,0.060574,-0.050386,0.321419,0.973974,-0.030696,-0.132355,-0.181426
11.929997,0.060512,-0.050351,0.321124,0.973982,-0.030556,-0.132356,-0.181403
11.940049,0.060462,-0.050341,0.320928,0.973947,-0.030582,-0.132351,-0.181589
11.950103,0.060506,-0.050388,0.320491,0.973990,-0.030357,-0.132047,-0.181618
11.960155,0.060531,-0.050403,0.320271,0.974055,-0.030080,-0.131902,-0.181423
11.970208,0.060526,-0.050386,0.319855,0.974113,-0.029988,-0.131722,-0.181254
11.980260,0.060484,-0.050329,0.319559,0.974151,-0.030009,-0.131694,-0.181070
11.990313,0.060476,-0.050320,0.319144,0.974178,-0.029711,-0.131577,-0.181059
12.000363,0.060382,-0.050207,0.318871,0.974194,-0.029844,-0.131701,-0.180861
12.010427,0.060448,-0.050279,0.318215,0.974257,-0.029507,-0.131245,-0.180905
12.020486,0.060437,-0.050255,0.317833,0.974295,-0.029528,-0.131218,-0.180721
12.030580,0.060399,-0.050191,0.317536,0.974375,-0.029383,-0.131197,-0.180328
12.040644,0.060373,-0.050151,0.317338,0.974412,-0.029404,-0.131169,-0.180144
12.050706,0.060396,-0.050175,0.317119,0.974433,-0.029292,-0.131017,-0.180159
12.060768,0.060492,-0.050278,0.316659,0.974496,-0.028954,-0.130561,-0.180202
12.070828,0.060552,-0.050342,0.316320,0.974538,-0.028729,-0.130258,-0.180231
12.080889,0.060559,-0.050350,0.316002,0.974559,-0.028616,-0.130106,-0.180245
12.090950,0.060582,-0.050374,0.315783,0.974580,-0.028504,-0.129954,-0.180260
12.101012,0.060596,-0.050366,0.315464,0.974675,-0.028432,-0.129747,-0.179906
12.111063,0.060618,-0.050390,0.315244,0.974696,-0.028319,-0.129595,-0.179921
12.121115,0.060660,-0.050446,0.314807,0.974700,-0.028074,-0.129319,-0.180133
12.131169,0.060708,-0.050486,0.314368,0.974779,-0.027869,-0.128988,-0.179978
12.141221,0.060661,-0.050448,0.314074,0.974742,-0.027848,-0.129015,-0.180162
12.151274,0.060582,-0.050362,0.313899,0.974721,-0.027961,-0.129167,-0.180148
12.161335,0.060543,-0.050308,0.313602,0.974758,-0.027981,-0.129140,-0.179964
12.171398,0.060551,-0.050317,0.313284,0.974779,-0.027869,-0.128988,-0.179978
12.181460,0.060633,-0.050405,0.312725,0.974840,-0.027531,-0.128532,-0.180021
12.191521,0.060652,-0.050437,0.312507,0.974824,-0.027398,-0.128408,-0.180220
12.201581,0.060711,-0.050501,0.312166,0.974865,-0.027173,-0.128104,-0.180248
12.211642,0.060751,-0.050532,0.312044,0.974922,-0.027080,-0.127925,-0.180079
12.221702,0.060810,-0.050595,0.311704,0.974963,-0.026855,-0.127621,-0.180107
12.231763,0.060846,-0.050634,0.311583,0.974983,-0.026742,-0.127469,-0.180122
12.241828,0.060965,-0.050774,0.311320,0.975007,-0.026385,-0.127040,-0.180349
12.251888,0.061005,-0.050805,0.311198,0.975064,-0.026292,-0.126861,-0.180179
12.261950,0.061114,-0.050921,0.310835,0.975125,-0.025954,-0.126405,-0.180222
12.272010,0.061150,-0.050960,0.310714,0.975145,-0.025841,-0.126254,-0.180236
12.282070,0.061222,-0.051038,0.310471,0.975185,-0.025616,-0.125950,-0.180265
12.292131,0.061258,-0.051076,0.310350,0.975205,-0.025503,-0.125798,-0.180279
12.302189,0.061327,-0.051162,0.310109,0.975207,-0.025258,-0.125521,-0.180491
12.312251,0.061362,-0.051200,0.309988,0.975227,-0.025146,-0.125369,-0.180506
12.322310,0.061438,-0.051269,0.309744,0.975304,-0.024940,-0.125038,-0.180350
12.332362,0.061470,-0.051316,0.309624,0.975286,-0.024808,-0.124913,-0.180548
12.342414,0.061545,-0.051384,0.309380,0.975363,-0.024602,-0.124582,-0.180392
12.352466,0.061577,-0.051431,0.309260,0.975345,-0.024470,-0.124457,-0.180591
12.362518,0.061581,-0.051423,0.309259,0.975382,-0.024489,-0.124430,-0.180407
12.372570,0.061652,-0.051499,0.309016,0.975422,-0.024264,-0.124126,-0.180435
12.382622,0.061688,-0.051538,0.308895,0.975441,-0.024151,-0.123974,-0.180449
12.392675,0.061724,-0.051576,0.308774,0.975461,-0.024039,-0.123822,-0.180463
12.402725,0.061724,-0.051576,0.308774,0.975456,-0.024225,-0.123787,-0.180487
12.412775,0.061724,-0.051576,0.308774,0.975461,-0.024039,-0.123822,-0.180463
12.422839,0.061759,-0.051614,0.308652,0.975480,-0.023926,-0.123670,-0.180477
12.432899,0.061759,-0.051614,0.308652,0.975480,-0.023926,-0.123670,-0.180477
12.442961,0.061759,-0.051614,0.308652,0.975480,-0.023926,-0.123670,-0.180477
12.453021,0.061759,-0.051614,0.308652,0.975480,-0.023926,-0.123670,-0.180477
12.463083,0.061759,-0.051614,0.308652,0.975480,-0.023926,-0.123670,-0.180477
12.473144,0.061759,-0.051614,0.308652,0.975480,-0.023926,-0.123670,-0.180477
12.483203,0.061759,-0.051614,0.308652,0.975480,-0.023926,-0.123670,-0.180477
12.493263,0.061759,-0.051614,0.308652,0.975480,-0.023926,-0.123670,-0.180477
12.503316,0.061759,-0.051614,0.308652,0.975480,-0.023926,-0.123670,-0.180477
12.513368,0.061759,-0.051614,0.308652,0.975480,-0.023926,-0.123670,-0.180477
12.523419,0.061724,-0.051576,0.308774,0.975461,-0.024039,-0.123822,-0.180463
12.533471,0.061724,-0.051576,0.308774,0.975461,-0.024039,-0.123822,-0.180463
12.543523,0.061724,-0.051576,0.308774,0.975461,-0.024039,-0.123822,-0.180463
12.553578,0.061724,-0.051576,0.308774,0.975461,-0.024039,-0.123822,-0.180463
12.563628,0.061724,-0.051576,0.308774,0.975461,-0.024039,-0.123822,-0.180463
12.573687,0.061724,-0.051576,0.308774,0.975461,-0.024039,-0.123822,-0.180463
12.583751,0.061724,-0.051576,0.308774,0.975461,-0.024039,-0.123822,-0.180463
12.593852,0.061724,-0.051576,0.308774,0.975461,-0.024039,-0.123822,-0.180463
12.603908,0.061773,-0.051629,0.308751,0.975480,-0.023926,-0.123670,-0.180477
12.613961,0.061773,-0.051629,0.308751,0.975480,-0.023926,-0.123670,-0.180477
12.623993,0.061823,-0.051682,0.308728,0.975499,-0.023813,-0.123518,-0.180492
12.634047,0.061872,-0.051736,0.308705,0.975519,-0.023701,-0.123366,-0.180506
12.644098,0.061922,-0.051789,0.308682,0.975538,-0.023588,-0.123214,-0.180520
12.654152,0.061922,-0.051789,0.308682,0.975538,-0.023588,-0.123214,-0.180520
12.664205,0.061972,-0.051842,0.308659,0.975557,-0.023475,-0.123062,-0.180534
12.674257,0.061986,-0.051857,0.308758,0.975557,-0.023475,-0.123062,-0.180534
12.684309,0.062000,-0.051872,0.308856,0.975557,-0.023475,-0.123062,-0.180534
12.694361,0.062014,-0.051888,0.308955,0.975557,-0.023475,-0.123062,-0.180534
12.704414,0.062144,-0.051994,0.309008,0.975593,-0.023207,-0.122789,-0.180560
12.714465,0.062162,-0.052001,0.309106,0.975630,-0.023227,-0.122762,-0.180376
12.724527,0.062240,-0.052085,0.309280,0.975649,-0.023114,-0.122610,-0.180390
12.734587,0.062351,-0.052216,0.309333,0.975646,-0.023056,-0.122298,-0.180626
12.744648,0.062429,-0.052254,0.309727,0.975681,-0.023032,-0.122302,-0.180440
12.754709,0.062508,-0.052339,0.309900,0.975700,-0.022920,-0.122150,-0.180454
12.764771,0.062622,-0.052416,0.310172,0.975753,-0.022784,-0.122002,-0.180282
12.774835,0.062722,-0.052478,0.310346,0.975807,-0.022648,-0.121855,-0.180110
12.784888,0.062878,-0.052657,0.310693,0.975808,-0.022404,-0.121577,-0.180322
12.794939,0.063086,-0.052833,0.310784,0.975918,-0.021931,-0.120972,-0.180192
12.804991,0.063163,-0.052883,0.311178,0.975915,-0.021889,-0.121002,-0.180190
12.815043,0.063308,-0.052992,0.311362,0.975964,-0.021940,-0.120820,-0.180041
12.825097,0.063429,-0.053144,0.311831,0.975909,-0.021790,-0.120720,-0.180424
12.835148,0.063540,-0.053240,0.312104,0.975889,-0.021617,-0.120624,-0.180620
12.845210,0.063691,-0.053300,0.312660,0.975896,-0.021566,-0.120528,-0.180652
12.855272,0.063820,-0.053380,0.312934,0.975873,-0.021352,-0.120462,-0.180847
12.865351,0.064145,-0.053658,0.313334,0.975821,-0.021096,-0.119949,-0.181496
12.875413,0.064329,-0.053716,0.313705,0.975830,-0.020818,-0.119915,-0.181503
12.885473,0.064352,-0.053695,0.314344,0.975709,-0.021106,-0.120298,-0.181863
12.895525,0.064537,-0.053846,0.314915,0.975531,-0.020963,-0.120328,-0.182816
12.905577,0.064776,-0.053959,0.315261,0.975554,-0.020761,-0.120104,-0.182860
12.915629,0.065122,-0.054068,0.315902,0.975608,-0.020453,-0.119943,-0.182714
12.925680,0.065370,-0.054131,0.316466,0.975685,-0.020359,-0.119850,-0.182374
12.935732,0.065732,-0.054181,0.317006,0.975848,-0.020068,-0.119638,-0.181673
12.945786,0.065940,-0.054130,0.317494,0.976014,-0.020098,-0.119652,-0.180763
12.955838,0.066384,-0.054202,0.318324,0.976243,-0.019991,-0.119384,-0.179714
12.965890,0.066705,-0.054181,0.318885,0.976458,-0.019848,-0.119275,-0.178630
12.975943,0.067099,-0.054127,0.319545,0.976661,-0.019768,-0.119218,-0.177563
12.985993,0.067422,-0.054069,0.320009,0.976868,-0.019772,-0.119103,-0.176499
12.996053,0.067927,-0.053981,0.320866,0.977060,-0.019527,-0.119157,-0.175426
13.006106,0.068348,-0.054072,0.321282,0.977127,-0.019037,-0.118883,-0.175290
13.016158,0.068798,-0.053943,0.322164,0.977228,-0.018862,-0.119137,-0.174572
13.026210,0.069173,-0.053890,0.322727,0.977321,-0.018727,-0.119145,-0.174060
13.036262,0.069661,-0.053871,0.323588,0.977192,-0.018312,-0.119403,-0.174651
13.046316,0.070142,-0.053910,0.324004,0.977218,-0.017685,-0.119220,-0.174695
13.056367,0.070635,-0.053816,0.324987,0.977066,-0.017290,-0.119679,-0.175271
13.066419,0.071021,-0.053780,0.325551,0.976983,-0.016832,-0.119850,-0.175660
13.076472,0.071669,-0.053783,0.326260,0.976886,-0.016088,-0.119843,-0.176274
13.086524,0.072200,-0.053870,0.326866,0.976838,-0.015618,-0.119649,-0.176713
13.096576,0.072819,-0.053786,0.327598,0.976753,-0.015143,-0.119753,-0.177152
13.106628,0.073235,-0.053770,0.328255,0.976635,-0.014669,-0.119925,-0.177727
13.116681,0.073993,-0.053781,0.328933,0.976515,-0.013921,-0.119755,-0.178562
13.126734,0.074469,-0.053773,0.329465,0.976413,-0.013311,-0.119776,-0.179149
13.136791,0.074911,-0.053673,0.330022,0.976360,-0.012980,-0.119902,-0.179376
13.146841,0.075772,-0.053734,0.330761,0.976296,-0.012171,-0.119513,-0.180039
13.156891,0.076348,-0.053724,0.331260,0.976321,-0.011491,-0.119309,-0.180084
13.166942,0.077040,-0.053602,0.332076,0.976276,-0.010822,-0.119386,-0.180318
13.176991,0.077679,-0.053593,0.332449,0.976317,-0.010203,-0.118989,-0.180397
13.187043,0.078637,-0.053595,0.333089,0.976324,-0.009377,-0.118555,-0.180690
13.197094,0.079188,-0.053546,0.333705,0.976293,-0.008969,-0.118474,-0.180931
13.207143,0.080170,-0.053531,0.334302,0.976355,-0.008277,-0.117792,-0.181073
13.217194,0.080895,-0.053542,0.334637,0.976451,-0.007805,-0.117135,-0.181003
13.227245,0.081852,-0.053412,0.335257,0.976603,-0.007235,-0.116560,-0.180575
13.237295,0.082674,-0.053511,0.335433,0.976739,-0.006656,-0.115524,-0.180528
13.247347,0.083660,-0.053395,0.336177,0.976802,-0.006153,-0.115131,-0.180459
13.257396,0.084361,-0.053370,0.336445,0.976807,-0.005946,-0.114610,-0.180766
13.267445,0.085544,-0.053357,0.336779,0.976978,-0.005721,-0.113384,-0.180622
13.277495,0.086356,-0.053320,0.336974,0.977129,-0.005392,-0.112465,-0.180394
13.287546,0.087503,-0.053294,0.337388,0.977268,-0.005037,-0.111242,-0.180410
13.297596,0.088390,-0.053274,0.337582,0.977454,-0.004751,-0.110287,-0.179993
13.307648,0.089477,-0.053202,0.338037,0.977558,-0.005157,-0.109633,-0.179819
13.317697,0.090330,-0.053195,0.338333,0.977620,-0.005301,-0.109167,-0.179760
13.327750,0.091566,-0.053172,0.338608,0.977653,-0.005460,-0.108576,-0.179934
13.337801,0.092541,-0.053218,0.338521,0.977770,-0.005403,-0.107568,-0.179904
13.347854,0.093817,-0.053164,0.338949,0.977840,-0.005757,-0.107280,-0.179683
13.357904,0.094739,-0.053169,0.339051,0.977977,-0.005999,-0.106745,-0.179250
13.367954,0.096178,-0.053167,0.339182,0.978140,-0.005805,-0.105967,-0.178830
13.378003,0.097033,-0.053175,0.339258,0.978137,-0.005988,-0.105837,-0.178915
13.388067,0.097878,-0.053131,0.339422,0.978135,-0.005947,-0.105752,-0.178978
13.398120,0.099339,-0.053100,0.339555,0.978209,-0.006134,-0.105466,-0.178736
13.408173,0.100306,-0.053141,0.339495,0.978227,-0.006072,-0.105179,-0.178809
13.418224,0.101693,-0.053129,0.339560,0.978218,-0.005994,-0.105125,-0.178891
13.428283,0.102653,-0.053061,0.339654,0.978341,-0.005905,-0.105190,-0.178181
13.438348,0.104106,-0.053050,0.339741,0.978457,-0.005998,-0.105248,-0.177509
13.448410,0.104974,-0.052970,0.339863,0.978492,-0.005969,-0.105500,-0.177164
13.458475,0.106362,-0.052981,0.339849,0.978434,-0.006005,-0.105595,-0.177425
13.468537,0.107385,-0.053033,0.339797,0.978404,-0.005841,-0.105501,-0.177656
13.478596,0.108782,-0.053007,0.339770,0.978382,-0.005895,-0.105577,-0.177731
13.488657,0.109762,-0.052941,0.339746,0.978436,-0.005803,-0.105638,-0.177395
13.498712,0.111158,-0.052895,0.339704,0.978521,-0.005762,-0.105698,-0.176892
13.508764,0.112110,-0.052869,0.339671,0.978613,-0.005765,-0.105723,-0.176370
13.518816,0.113490,-0.052819,0.339652,0.978713,-0.006018,-0.105907,-0.175693
13.528870,0.114416,-0.052824,0.339647,0.978718,-0.006072,-0.106121,-0.175537
13.538931,0.115713,-0.052697,0.339729,0.978794,-0.006675,-0.106809,-0.174672
13.548981,0.116534,-0.052699,0.339792,0.978689,-0.007197,-0.107330,-0.174915
13.559039,0.117851,-0.052705,0.339859,0.978560,-0.007750,-0.108051,-0.175172
13.569098,0.118811,-0.052658,0.339780,0.978508,-0.007966,-0.108432,-0.175217
13.579154,0.120013,-0.052661,0.339948,0.978213,-0.008999,-0.109650,-0.176056
13.589204,0.120829,-0.052613,0.340068,0.978132,-0.009814,-0.110485,-0.175938
13.599255,0.122077,-0.052483,0.340224,0.978141,-0.010774,-0.111673,-0.175083
13.609305,0.122882,-0.052508,0.340243,0.978060,-0.011472,-0.112522,-0.174947
13.619374,0.123946,-0.052417,0.340382,0.978024,-0.012440,-0.114086,-0.174063
13.629428,0.124722,-0.052380,0.340271,0.978095,-0.013167,-0.114723,-0.173191
13.639488,0.125744,-0.052369,0.340400,0.977986,-0.014163,-0.116287,-0.172685
13.649544,0.126428,-0.052293,0.340364,0.977978,-0.014759,-0.117337,-0.171968
13.659605,0.127495,-0.052147,0.340176,0.978054,-0.015344,-0.118769,-0.170494
13.669664,0.128243,-0.052098,0.340125,0.978011,-0.015721,-0.119861,-0.169943
13.679725,0.128784,-0.052037,0.339947,0.977848,-0.015926,-0.121182,-0.169923
13.689785,0.129566,-0.051986,0.339696,0.977552,-0.016545,-0.123206,-0.170113
13.699846,0.130196,-0.051907,0.339469,0.977407,-0.016648,-0.124353,-0.170100
13.709907,0.131052,-0.051791,0.338951,0.977117,-0.017047,-0.126035,-0.170489
13.719970,0.131679,-0.051848,0.338458,0.976849,-0.017220,-0.126794,-0.171445
13.730024,0.132227,-0.051833,0.338000,0.976402,-0.017546,-0.128679,-0.172551
13.740085,0.132700,-0.051787,0.337596,0.976218,-0.017691,-0.129814,-0.172725
13.750145,0.133476,-0.051759,0.336778,0.976028,-0.017920,-0.130936,-0.172925
13.760205,0.133936,-0.051742,0.336334,0.975897,-0.018279,-0.131836,-0.172945
13.770266,0.134403,-0.051687,0.335439,0.975659,-0.018483,-0.133342,-0.173109
13.780326,0.134732,-0.051666,0.334825,0.975529,-0.018700,-0.134266,-0.173105
13.790378,0.135254,-0.051651,0.333878,0.975414,-0.018985,-0.135558,-0.172717
13.800430,0.135522,-0.051625,0.333143,0.975407,-0.019289,-0.136268,-0.172161
13.810483,0.135888,-0.051706,0.331954,0.975308,-0.019629,-0.137166,-0.171972
13.820534,0.136056,-0.051711,0.331229,0.975234,-0.019932,-0.137879,-0.171789
13.830586,0.136392,-0.051721,0.329883,0.975217,-0.020173,-0.138410,-0.171426
13.840636,0.136678,-0.051711,0.328941,0.975257,-0.020156,-0.138604,-0.171048
13.850686,0.136987,-0.051769,0.327557,0.975233,-0.020387,-0.138946,-0.170877
13.860735,0.137177,-0.051781,0.326626,0.975236,-0.020583,-0.139102,-0.170711
13.870784,0.137513,-0.051900,0.324905,0.975321,-0.020537,-0.138725,-0.170537
13.880834,0.137721,-0.051978,0.323674,0.975373,-0.020466,-0.138355,-0.170548
13.890887,0.137898,-0.052046,0.322013,0.975395,-0.020616,-0.138137,-0.170580
13.900940,0.138011,-0.052089,0.320924,0.975421,-0.020580,-0.137951,-0.170586
13.910992,0.138210,-0.052164,0.319058,0.975525,-0.020438,-0.137209,-0.170609
13.921044,0.138285,-0.052193,0.317718,0.975602,-0.020330,-0.136653,-0.170626
13.931101,0.138339,-0.052213,0.316509,0.975654,-0.020259,-0.136282,-0.170637
13.941151,0.138320,-0.052257,0.314583,0.975756,-0.020167,-0.135530,-0.170660
13.951202,0.138312,-0.052254,0.313351,0.975833,-0.020060,-0.134973,-0.170676
13.961252,0.138090,-0.052299,0.311330,0.975861,-0.019907,-0.134044,-0.171263
13.971302,0.137951,-0.052288,0.310086,0.975995,-0.019839,-0.133286,-0.171099
13.981362,0.137750,-0.052302,0.307991,0.976207,-0.019526,-0.131994,-0.170926
13.991414,0.137431,-0.052212,0.306723,0.976348,-0.019517,-0.131416,-0.170570
14.001466,0.136939,-0.052274,0.304675,0.976521,-0.019509,-0.130069,-0.170609
14.011514,0.136573,-0.052334,0.303369,0.976620,-0.019558,-0.129288,-0.170631
14.021566,0.135851,-0.052314,0.301365,0.976758,-0.019518,-0.127948,-0.170855
14.031616,0.135357,-0.052221,0.299994,0.976859,-0.019279,-0.127219,-0.170853
14.041666,0.134634,-0.051969,0.298198,0.977020,-0.019225,-0.126456,-0.170502
14.051716,0.134026,-0.051810,0.296916,0.977134,-0.019292,-0.126054,-0.170140
14.061768,0.133114,-0.051552,0.295120,0.977349,-0.019291,-0.125656,-0.169195
14.071817,0.132425,-0.051408,0.294009,0.977419,-0.019294,-0.125647,-0.168799
14.081869,0.131284,-0.051276,0.292208,0.977486,-0.019673,-0.125566,-0.168426
14.091918,0.130446,-0.051173,0.291276,0.977476,-0.019827,-0.125911,-0.168206
14.101967,0.129122,-0.051136,0.289814,0.977324,-0.020229,-0.126594,-0.168533
14.112018,0.128178,-0.051057,0.288793,0.977217,-0.020363,-0.126947,-0.168871
14.122067,0.126707,-0.051000,0.287435,0.977031,-0.020797,-0.127622,-0.169384
14.132138,0.125600,-0.050990,0.286776,0.976844,-0.021139,-0.128316,-0.169897
14.142199,0.124020,-0.050953,0.285602,0.976821,-0.021849,-0.128917,-0.169478
14.152256,0.122815,-0.050944,0.284940,0.976732,-0.022372,-0.129561,-0.169432
14.162309,0.121073,-0.050932,0.283854,0.976748,-0.023081,-0.130140,-0.168802
14.172362,0.119911,-0.050877,0.283231,0.976813,-0.023669,-0.130560,-0.168016
14.182424,0.118002,-0.050840,0.282455,0.976805,-0.024539,-0.131281,-0.167379
14.192486,0.116722,-0.050821,0.281915,0.976778,-0.024978,-0.131719,-0.167127
14.202549,0.115446,-0.050791,0.281462,0.976751,-0.025422,-0.132152,-0.166873
14.212610,0.113635,-0.050807,0.280680,0.976751,-0.025909,-0.132160,-0.166794
14.222675,0.112339,-0.050778,0.280135,0.976775,-0.026308,-0.132203,-0.166553
14.232735,0.110508,-0.050780,0.279344,0.976961,-0.026701,-0.131799,-0.165718
14.242797,0.109164,-0.050775,0.279095,0.976963,-0.027253,-0.131982,-0.165471
14.252862,0.107017,-0.050686,0.278684,0.976869,-0.028162,-0.132619,-0.165367
14.262927,0.105567,-0.050684,0.278409,0.976803,-0.028961,-0.132742,-0.165518
14.272988,0.103425,-0.050568,0.278105,0.976741,-0.029695,-0.133189,-0.165395
14.283005,0.102016,-0.050539,0.277989,0.976682,-0.030317,-0.133325,-0.165520
14.293059,0.099953,-0.050452,0.278017,0.976682,-0.031402,-0.133655,-0.165050
14.303121,0.098621,-0.050484,0.277896,0.976709,-0.032029,-0.133369,-0.165004
14.313185,0.096606,-0.050466,0.277778,0.976666,-0.032746,-0.133176,-0.165275
14.323250,0.095319,-0.050446,0.277763,0.976636,-0.033361,-0.133078,-0.165409
14.333305,0.093383,-0.050418,0.277704,0.976660,-0.034174,-0.132815,-0.165309
14.343342,0.092101,-0.050426,0.277761,0.976640,-0.034701,-0.132691,-0.165419
14.353394,0.090283,-0.050488,0.277641,0.976629,-0.035489,-0.132207,-0.165701
14.363446,0.089053,-0.050479,0.277680,0.976618,-0.035827,-0.132094,-0.165786
14.373498,0.087319,-0.050512,0.277631,0.976664,-0.036069,-0.131661,-0.165808
14.383550,0.086242,-0.050625,0.277465,0.976738,-0.036083,-0.130996,-0.165895
14.393602,0.084602,-0.050677,0.277364,0.976852,-0.036114,-0.130357,-0.165720
14.403654,0.083602,-0.050800,0.277250,0.976959,-0.035839,-0.129536,-0.165794
14.413706,0.082168,-0.050923,0.277044,0.977194,-0.035242,-0.128406,-0.165415
14.423757,0.081224,-0.051046,0.276890,0.977324,-0.034850,-0.127403,-0.165504
14.433809,0.079906,-0.051233,0.276841,0.977577,-0.034350,-0.126030,-0.165168
14.443861,0.079030,-0.051316,0.276852,0.977724,-0.034092,-0.125343,-0.164872
14.453913,0.077845,-0.051577,0.276743,0.977949,-0.033502,-0.123624,-0.164959
14.463964,0.077081,-0.051717,0.276788,0.978140,-0.033028,-0.122593,-0.164687
14.474020,0.076318,-0.051847,0.276831,0.978325,-0.032725,-0.121528,-0.164442
14.484072,0.075331,-0.052224,0.276869,0.978553,-0.031830,-0.119493,-0.164747
14.494134,0.074680,-0.052399,0.276988,0.978722,-0.031322,-0.118307,-0.164702
14.504196,0.073767,-0.052742,0.277164,0.978919,-0.030365,-0.116490,-0.165004
14.514259,0.073193,-0.052978,0.277432,0.979023,-0.030079,-0.115455,-0.165163
14.524323,0.072367,-0.053281,0.277881,0.979226,-0.029592,-0.113911,-0.165123
14.534383,0.071912,-0.053565,0.278193,0.979399,-0.029043,-0.112564,-0.165119
14.544445,0.071203,-0.053912,0.278724,0.979551,-0.028091,-0.110989,-0.165445
14.554509,0.070748,-0.054093,0.279234,0.979629,-0.027494,-0.110251,-0.165575
14.564569,0.070095,-0.054362,0.280068,0.979754,-0.026533,-0.109241,-0.165665
14.574630,0.069650,-0.054543,0.280675,0.979825,-0.026101,-0.108472,-0.165820
14.584683,0.069127,-0.054845,0.281460,0.979919,-0.024367,-0.107339,-0.166264
14.594744,0.068747,-0.054976,0.282205,0.979866,-0.023635,-0.106931,-0.166943
14.604802,0.068133,-0.055173,0.283310,0.979568,-0.022239,-0.106673,-0.169034
14.614863,0.067815,-0.055218,0.284093,0.979490,-0.021276,-0.106562,-0.169677
14.624928,0.067328,-0.055392,0.285441,0.979150,-0.020212,-0.106509,-0.171793
14.634988,0.067031,-0.055429,0.286358,0.979007,-0.019678,-0.106541,-0.172649
14.645052,0.066747,-0.055478,0.287660,0.978866,-0.018957,-0.106607,-0.173485
14.655105,0.066527,-0.055472,0.288810,0.978729,-0.018628,-0.106817,-0.174160
14.665170,0.066278,-0.055531,0.290345,0.978529,-0.018154,-0.107055,-0.175188
14.675232,0.066109,-0.055542,0.291540,0.978369,-0.018089,-0.107412,-0.175868
14.685285,0.065970,-0.055537,0.293270,0.978258,-0.017890,-0.107621,-0.176374
14.695339,0.065993,-0.055514,0.294448,0.978279,-0.017796,-0.107810,-0.176155
14.705403,0.066001,-0.055487,0.296419,0.978247,-0.017799,-0.108175,-0.176107
14.715468,0.066092,-0.055500,0.297570,0.978282,-0.017554,-0.108240,-0.175898
14.725530,0.066181,-0.055427,0.299637,0.978312,-0.017664,-0.108606,-0.175497
14.735593,0.066283,-0.055368,0.300911,0.978358,-0.017660,-0.108820,-0.175107
14.745663,0.066516,-0.055245,0.302987,0.978444,-0.017799,-0.109243,-0.174349
14.755718,0.066747,-0.055261,0.304246,0.978466,-0.017589,-0.109383,-0.174154
14.765754,0.066892,-0.055268,0.305757,0.978204,-0.017669,-0.109965,-0.175251
14.775815,0.067242,-0.055295,0.307657,0.977910,-0.016962,-0.110329,-0.176726
14.785878,0.067559,-0.055300,0.309017,0.977778,-0.016714,-0.110637,-0.177287
14.795939,0.068046,-0.055271,0.310996,0.977466,-0.016421,-0.111344,-0.178587
14.806001,0.068375,-0.055328,0.312338,0.977153,-0.016314,-0.112051,-0.179862
14.816061,0.069057,-0.055246,0.314233,0.977010,-0.015900,-0.112766,-0.180230
14.826122,0.069487,-0.055206,0.315536,0.976850,-0.015590,-0.113324,-0.180774
14.836181,0.070245,-0.055192,0.317403,0.976577,-0.014760,-0.114022,-0.181873
14.846245,0.070740,-0.055096,0.318704,0.976407,-0.014506,-0.114613,-0.182435
14.856297,0.071687,-0.055097,0.320194,0.976286,-0.013667,-0.114751,-0.183059
14.866351,0.072297,-0.054987,0.321463,0.976241,-0.013278,-0.115151,-0.183078
14.876403,0.073211,-0.054846,0.323095,0.976118,-0.012574,-0.115610,-0.183491
14.886455,0.073809,-0.054718,0.324263,0.976037,-0.012160,-0.116016,-0.183697
14.896508,0.074912,-0.054690,0.325711,0.975929,-0.011290,-0.115968,-0.184357
14.906561,0.075638,-0.054558,0.326627,0.975957,-0.010453,-0.116066,-0.184195
14.916622,0.076715,-0.054436,0.328092,0.975946,-0.009555,-0.116118,-0.184267
14.926682,0.077435,-0.054321,0.329002,0.975938,-0.008931,-0.116157,-0.184315
14.936747,0.078713,-0.054232,0.330181,0.976053,-0.007915,-0.115643,-0.184076
14.946813,0.079489,-0.054123,0.330960,0.976101,-0.007416,-0.115435,-0.183974
14.956879,0.080823,-0.054031,0.332041,0.976219,-0.006425,-0.114879,-0.183735
14.966942,0.081600,-0.053921,0.332813,0.976306,-0.006185,-0.114572,-0.183471
14.977006,0.082918,-0.053795,0.333786,0.976464,-0.005464,-0.113905,-0.183070
14.987063,0.083862,-0.053743,0.334310,0.976588,-0.004849,-0.113288,-0.182807
14.997122,0.085217,-0.053606,0.335256,0.976674,-0.004484,-0.112910,-0.182588
15.007183,0.086051,-0.053527,0.335910,0.976692,-0.004823,-0.112835,-0.182529
15.017242,0.087563,-0.053467,0.336381,0.976911,-0.004319,-0.111857,-0.181974
15.027304,0.088552,-0.053452,0.336781,0.977004,-0.004346,-0.111437,-0.181731
15.037366,0.089440,-0.053357,0.337335,0.977062,-0.004527,-0.111359,-0.181464
15.047427,0.090830,-0.053289,0.337928,0.977105,-0.004787,-0.110968,-0.181464
15.057487,0.091850,-0.053298,0.338227,0.977165,-0.005036,-0.110490,-0.181427
15.067549,0.093286,-0.053231,0.338682,0.977303,-0.005128,-0.109889,-0.181044
15.077609,0.094311,-0.053141,0.338879,0.977471,-0.005219,-0.109404,-0.180426
15.087671,0.095817,-0.053157,0.339269,0.977559,-0.005642,-0.108911,-0.180238
15.097731,0.096732,-0.053128,0.339474,0.977536,-0.005613,-0.109025,-0.180294
15.107793,0.098308,-0.053083,0.339760,0.977695,-0.005855,-0.108539,-0.179713
15.117855,0.099262,-0.053077,0.339793,0.977747,-0.005757,-0.108261,-0.179601
15.127915,0.100767,-0.053047,0.340009,0.977822,-0.005927,-0.107971,-0.179362
15.137978,0.101679,-0.053022,0.340160,0.977893,-0.005953,-0.107837,-0.179056
15.148037,0.103212,-0.053007,0.340234,0.978131,-0.006035,-0.107317,-0.178061
15.158099,0.104136,-0.053005,0.340322,0.978186,-0.005977,-0.107379,-0.177725
15.168166,0.105603,-0.052999,0.340329,0.978268,-0.005902,-0.107099,-0.177445
15.178231,0.106462,-0.053023,0.340319,0.978184,-0.005809,-0.107189,-0.177855
15.188296,0.107776,-0.052914,0.340425,0.978176,-0.005887,-0.107453,-0.177736
15.198361,0.108787,-0.053019,0.340294,0.978220,-0.005702,-0.106959,-0.177799
15.208418,0.110044,-0.052895,0.340298,0.978355,-0.005745,-0.107185,-0.176915
15.218480,0.110990,-0.052928,0.340196,0.978449,-0.005844,-0.106814,-0.176617
15.228533,0.112336,-0.052898,0.339986,0.978676,-0.005824,-0.106457,-0.175572
15.238585,0.113238,-0.052809,0.339915,0.978890,-0.005642,-0.106303,-0.174479
15.248643,0.114472,-0.052922,0.339821,0.978928,-0.005928,-0.106098,-0.174379
15.258705,0.115177,-0.052829,0.339861,0.979015,-0.006314,-0.106422,-0.173676
15.268767,0.116397,-0.052737,0.339834,0.979182,-0.006863,-0.106533,-0.172647
15.278828,0.117173,-0.052857,0.339858,0.979067,-0.007249,-0.106882,-0.173065
15.288888,0.118216,-0.052781,0.339849,0.979075,-0.007962,-0.107549,-0.172576
15.298949,0.119017,-0.052630,0.339909,0.979104,-0.008288,-0.108089,-0.172054
15.309011,0.120017,-0.052752,0.340016,0.978754,-0.009149,-0.108962,-0.173447
15.319071,0.120653,-0.052762,0.340113,0.978527,-0.009721,-0.109670,-0.174247
15.329243,0.121580,-0.052634,0.340261,0.978388,-0.010627,-0.110696,-0.174330
15.339295,0.122231,-0.052594,0.340353,0.978328,-0.011286,-0.111362,-0.174200
15.349348,0.122745,-0.052658,0.340486,0.978147,-0.012051,-0.112206,-0.174625
15.359400,0.123573,-0.052604,0.340538,0.978175,-0.013018,-0.113187,-0.173760
15.369463,0.124153,-0.052521,0.340630,0.978282,-0.013625,-0.113840,-0.172680
15.379527,0.125025,-0.052489,0.340763,0.978274,-0.014377,-0.114865,-0.171983
15.389589,0.125522,-0.052440,0.340802,0.978257,-0.015003,-0.115717,-0.171459
15.399644,0.126165,-0.052385,0.340896,0.978263,-0.015525,-0.116968,-0.170528
15.409697,0.126600,-0.052277,0.340941,0.978343,-0.016024,-0.117833,-0.169423
15.419750,0.127279,-0.052185,0.340938,0.978343,-0.016496,-0.119095,-0.168493
15.429802,0.127839,-0.052212,0.340891,0.978336,-0.016675,-0.119644,-0.168125
15.439854,0.128398,-0.052007,0.340880,0.978318,-0.017201,-0.121280,-0.166998
15.449916,0.128763,-0.051911,0.340836,0.978228,-0.017578,-0.122184,-0.166829
15.459969,0.129132,-0.051815,0.340748,0.978044,-0.018118,-0.123827,-0.166636
15.470002,0.129553,-0.051797,0.340657,0.977946,-0.018283,-0.124576,-0.166637
15.480054,0.130187,-0.051816,0.340264,0.977847,-0.018399,-0.125335,-0.166637
15.490106,0.130509,-0.051764,0.339966,0.977735,-0.018681,-0.125874,-0.166854
15.500158,0.130911,-0.051609,0.339802,0.977498,-0.018768,-0.127222,-0.167210
15.510210,0.131194,-0.051568,0.339633,0.977264,-0.019012,-0.127966,-0.167981
15.520259,0.131595,-0.051612,0.339136,0.976927,-0.018931,-0.128582,-0.169478
15.530326,0.131839,-0.051612,0.338716,0.976710,-0.018929,-0.128983,-0.170422
15.540392,0.132137,-0.051594,0.338392,0.976385,-0.018966,-0.129955,-0.171535
15.550445,0.132327,-0.051669,0.338066,0.976166,-0.019057,-0.130335,-0.172479
15.560511,0.132727,-0.051787,0.337397,0.975937,-0.019036,-0.130545,-0.173614
15.570574,0.133024,-0.051806,0.337023,0.975912,-0.018975,-0.130750,-0.173608
15.580629,0.133483,-0.051908,0.336436,0.975816,-0.019050,-0.130935,-0.174000
15.590689,0.133729,-0.051965,0.335846,0.975782,-0.018976,-0.130951,-0.174186
15.600752,0.133970,-0.051921,0.335398,0.975646,-0.019137,-0.131695,-0.174373
15.610814,0.134183,-0.051906,0.335068,0.975592,-0.019296,-0.132052,-0.174387
15.620875,0.134390,-0.051819,0.334524,0.975633,-0.019232,-0.132255,-0.174009
15.630937,0.134668,-0.051760,0.333909,0.975645,-0.019391,-0.132610,-0.173651
15.640999,0.134920,-0.051729,0.333411,0.975745,-0.019365,-0.132611,-0.173092
15.651053,0.135272,-0.051718,0.332711,0.975907,-0.019575,-0.132567,-0.172187
15.661104,0.135549,-0.051706,0.332046,0.976022,-0.019452,-0.132204,-0.171826
15.671165,0.135820,-0.051761,0.331225,0.976043,-0.019552,-0.131995,-0.171857
15.681226,0.136027,-0.051781,0.330821,0.976076,-0.019527,-0.131999,-0.171671
15.691286,0.136289,-0.051831,0.330059,0.976125,-0.019405,-0.131637,-0.171682
15.701338,0.136452,-0.051894,0.329404,0.976175,-0.019333,-0.131266,-0.171693
15.711397,0.136676,-0.051989,0.328736,0.976187,-0.019422,-0.130868,-0.171915
15.721459,0.136837,-0.052010,0.328176,0.976203,-0.019276,-0.130512,-0.172112
15.731518,0.137188,-0.052085,0.327233,0.976330,-0.019294,-0.129741,-0.171972
15.741580,0.137376,-0.052157,0.326790,0.976358,-0.019072,-0.129588,-0.171953
15.751633,0.137719,-0.052228,0.325905,0.976509,-0.019054,-0.128630,-0.171818
15.761693,0.137962,-0.052260,0.325259,0.976638,-0.018886,-0.127891,-0.171653
15.771751,0.138123,-0.052261,0.324637,0.976695,-0.018826,-0.127709,-0.171472
15.781804,0.138372,-0.052296,0.323955,0.976847,-0.018623,-0.126784,-0.171313
15.791857,0.138620,-0.052390,0.323080,0.976966,-0.018444,-0.125855,-0.171339
15.801917,0.138763,-0.052384,0.322613,0.977043,-0.018535,-0.125454,-0.171187
15.811978,0.138934,-0.052449,0.321787,0.977137,-0.018392,-0.124711,-0.171208
15.822005,0.139010,-0.052478,0.321201,0.977207,-0.018285,-0.124154,-0.171223
15.832068,0.139107,-0.052454,0.320555,0.977287,-0.018190,-0.123785,-0.171047
15.842129,0.139253,-0.052510,0.319919,0.977380,-0.018048,-0.123042,-0.171068
15.852190,0.139355,-0.052488,0.319237,0.977478,-0.018104,-0.122455,-0.170920
15.862252,0.139427,-0.052515,0.318650,0.977547,-0.017997,-0.121898,-0.170935
15.872312,0.139489,-0.052539,0.318099,0.977593,-0.017925,-0.121526,-0.170945
15.882376,0.139525,-0.052552,0.317776,0.977616,-0.017890,-0.121340,-0.170950
15.892437,0.139577,-0.052572,0.317321,0.977661,-0.017818,-0.120968,-0.170960
15.902500,0.139637,-0.052595,0.316770,0.977707,-0.017747,-0.120596,-0.170970
15.912564,0.139671,-0.052608,0.316446,0.977730,-0.017711,-0.120410,-0.170975
15.922617,0.139642,-0.052597,0.316076,0.977730,-0.017711,-0.120410,-0.170975
15.932672,0.139659,-0.052603,0.315885,0.977730,-0.017711,-0.120410,-0.170975
15.942735,0.139709,-0.052622,0.315429,0.977775,-0.017640,-0.120038,-0.170985
15.952797,0.139717,-0.052625,0.315274,0.977752,-0.017676,-0.120224,-0.170980
15.962854,0.139741,-0.052634,0.314986,0.977752,-0.017676,-0.120224,-0.170980
15.972909,0.139773,-0.052646,0.314663,0.977775,-0.017640,-0.120038,-0.170985
15.982973,0.139789,-0.052652,0.314471,0.977771,-0.017827,-0.120006,-0.171008
15.993035,0.139805,-0.052658,0.314279,0.977775,-0.017640,-0.120038,-0.170985
