t,q1,q2,q3,q4,q5,q6
0.000000,-0.334745,0.610552,-0.409133,-0.402647,0.014687,-0.015831
0.010055,-0.334745,0.610552,-0.409133,-0.402647,0.014687,-0.015831
0.020108,-0.334745,0.610552,-0.409133,-0.402647,0.014687,-0.015831
0.030160,-0.334745,0.610552,-0.409133,-0.402647,0.014687,-0.015831
0.040212,-0.334745,0.610552,-0.408751,-0.402647,0.014305,-0.015831
0.050264,-0.334745,0.610552,-0.408751,-0.402647,0.014687,-0.015831
0.060317,-0.334745,0.610552,-0.409133,-0.402647,0.014687,-0.015831
0.070370,-0.334745,0.610552,-0.408751,-0.402647,0.014687,-0.015831
0.080434,-0.334745,0.610552,-0.409133,-0.402647,0.014687,-0.015831
0.090497,-0.334745,0.610552,-0.409133,-0.402647,0.014305,-0.015831
0.100558,-0.334745,0.610552,-0.409133,-0.402647,0.014305,-0.015831
0.110609,-0.334745,0.610552,-0.409133,-0.402647,0.014305,-0.015831
0.120672,-0.334745,0.610552,-0.409133,-0.402647,0.014687,-0.015831
0.130731,-0.334745,0.610552,-0.409133,-0.402647,0.014305,-0.015831
0.140793,-0.334745,0.610552,-0.409133,-0.402647,0.014687,-0.015831
0.150846,-0.334745,0.610552,-0.409133,-0.402647,0.014687,-0.015831
0.160900,-0.334745,0.610552,-0.409133,-0.402647,0.014305,-0.015831
0.170956,-0.334745,0.610552,-0.409133,-0.402647,0.014687,-0.015831
0.181010,-0.334745,0.610552,-0.409133,-0.402647,0.014687,-0.015450
0.191062,-0.334745,0.610552,-0.409133,-0.402647,0.014687,-0.015831
0.201127,-0.334745,0.610552,-0.409133,-0.402647,0.014687,-0.015831
0.211178,-0.334745,0.610552,-0.409133,-0.402647,0.014687,-0.015831
0.221230,-0.334745,0.610552,-0.409133,-0.402647,0.014687,-0.015831
0.231279,-0.334745,0.610552,-0.409133,-0.402647,0.014305,-0.015831
0.241329,-0.334745,0.610552,-0.409133,-0.402647,0.014305,-0.015831
0.251381,-0.334745,0.610552,-0.409133,-0.402647,0.014687,-0.015831
0.261441,-0.334745,0.610552,-0.409133,-0.402647,0.014687,-0.015831
0.271504,-0.334745,0.610552,-0.409133,-0.402647,0.014687,-0.015831
0.281566,-0.334745,0.610552,-0.409133,-0.402647,0.014687,-0.015831
0.291632,-0.334745,0.610552,-0.409133,-0.402647,0.014687,-0.015831
0.301695,-0.334745,0.610552,-0.409133,-0.402647,0.014687,-0.015831
0.311756,-0.334745,0.610552,-0.409133,-0.402647,0.014687,-0.015831
0.321811,-0.334745,0.610552,-0.409133,-0.402647,0.014305,-0.015831
0.331871,-0.334745,0.610552,-0.409133,-0.402647,0.014687,-0.015831
0.341933,-0.334745,0.610552,-0.409133,-0.402647,0.014687,-0.015831
0.351996,-0.334745,0.610552,-0.409133,-0.402647,0.014687,-0.015831
0.362056,-0.334745,0.610552,-0.409133,-0.402647,0.014305,-0.015831
0.372121,-0.334745,0.610552,-0.409133,-0.402647,0.014687,-0.015831
0.382180,-0.334745,0.610552,-0.409133,-0.402647,0.014305,-0.015450
0.392242,-0.334745,0.610552,-0.409133,-0.402647,0.014687,-0.015831
0.402304,-0.334745,0.610552,-0.409133,-0.402647,0.014305,-0.015831
0.412364,-0.334745,0.610552,-0.409133,-0.402647,0.014687,-0.015831
0.422416,-0.334745,0.610552,-0.409133,-0.402647,0.014305,-0.015831
0.432477,-0.334745,0.610552,-0.409133,-0.402647,0.014305,-0.015450
0.442528,-0.334745,0.610552,-0.409133,-0.402647,0.014687,-0.015450
0.452593,-0.334745,0.610552,-0.409133,-0.402647,0.014687,-0.015450
0.462656,-0.334745,0.610552,-0.409133,-0.402647,0.014305,-0.015831
0.472718,-0.334745,0.610552,-0.409133,-0.402647,0.014305,-0.015831
0.482778,-0.334745,0.610552,-0.409133,-0.402647,0.014687,-0.015831
0.492829,-0.334745,0.610552,-0.409133,-0.402647,0.014305,-0.015450
0.502894,-0.334745,0.610552,-0.409133,-0.402647,0.014305,-0.015831
0.512953,-0.334745,0.610552,-0.409133,-0.402647,0.014305,-0.015831
0.523016,-0.334745,0.610552,-0.409133,-0.402647,0.014305,-0.015450
0.533084,-0.334745,0.610552,-0.409133,-0.402647,0.014687,-0.015831
0.543152,-0.334745,0.610552,-0.409133,-0.402647,0.014305,-0.015450
0.553216,-0.334745,0.610552,-0.409133,-0.402647,0.014687,-0.015450
0.563270,-0.334745,0.610552,-0.409133,-0.402647,0.014687,-0.015450
0.573331,-0.334745,0.610552,-0.409133,-0.402647,0.014687,-0.015450
0.583392,-0.334745,0.610552,-0.409133,-0.402647,0.014305,-0.015831
0.593446,-0.334745,0.610552,-0.409133,-0.402647,0.014305,-0.015450
0.603507,-0.334745,0.610552,-0.409133,-0.402647,0.014687,-0.015450
0.613568,-0.334745,0.610552,-0.409133,-0.402647,0.014305,-0.015450
0.623633,-0.334745,0.610552,-0.409133,-0.402647,0.014305,-0.015831
0.633692,-0.334745,0.610552,-0.409133,-0.402647,0.014305,-0.015450
0.643755,-0.334745,0.610552,-0.409133,-0.402647,0.014305,-0.015450
0.653816,-0.334745,0.610552,-0.409133,-0.402647,0.014305,-0.015831
0.663879,-0.334745,0.610552,-0.409514,-0.402647,0.014305,-0.015450
0.673938,-0.334745,0.610552,-0.409514,-0.402647,0.014687,-0.015831
0.684001,-0.334745,0.610552,-0.409514,-0.402647,0.014305,-0.015450
0.694063,-0.334745,0.610552,-0.409895,-0.402647,0.014687,-0.015450
0.704124,-0.334745,0.610552,-0.410277,-0.402647,0.014687,-0.015450
0.714185,-0.334745,0.610552,-0.411040,-0.402647,0.014305,-0.015450
0.724246,-0.334745,0.610552,-0.411421,-0.402647,0.014305,-0.015450
0.734310,-0.334745,0.610552,-0.411803,-0.402647,0.014687,-0.015450
0.744375,-0.334745,0.610552,-0.412566,-0.402647,0.014687,-0.015450
0.754428,-0.334745,0.610552,-0.413329,-0.402647,0.014305,-0.015450
0.764581,-0.334745,0.610552,-0.413710,-0.402647,0.014305,-0.015450
0.774634,-0.334745,0.610552,-0.414092,-0.402647,0.014305,-0.015831
0.784688,-0.334745,0.610552,-0.414855,-0.402647,0.014687,-0.015450
0.794744,-0.334745,0.610552,-0.415236,-0.402647,0.014305,-0.015450
0.804807,-0.334745,0.610552,-0.415236,-0.402647,0.014305,-0.015450
0.814861,-0.334745,0.610552,-0.415618,-0.402647,0.014687,-0.015450
0.824922,-0.334745,0.610552,-0.415999,-0.402647,0.014687,-0.015450
0.834986,-0.334745,0.610552,-0.416381,-0.402647,0.014687,-0.015450
0.845004,-0.334745,0.610552,-0.416762,-0.402647,0.014305,-0.015450
0.855066,-0.334745,0.610552,-0.417144,-0.402647,0.014305,-0.015450
0.865131,-0.334745,0.610552,-0.417525,-0.402647,0.014305,-0.015450
0.875191,-0.334745,0.610552,-0.417525,-0.402647,0.014305,-0.015450
0.885245,-0.334745,0.610552,-0.417906,-0.402647,0.014305,-0.015450
0.895307,-0.334745,0.610552,-0.418288,-0.402647,0.014305,-0.015450
0.905370,-0.335126,0.610552,-0.418669,-0.402647,0.014305,-0.015450
0.915428,-0.335126,0.610552,-0.419051,-0.402647,0.014305,-0.015450
0.925488,-0.335126,0.610552,-0.419432,-0.402647,0.014687,-0.015450
0.935549,-0.335126,0.610552,-0.419814,-0.402647,0.014687,-0.015450
0.945611,-0.335126,0.610552,-0.420577,-0.402647,0.014687,-0.015450
0.955674,-0.335126,0.610552,-0.421340,-0.402647,0.014687,-0.015450
0.965737,-0.335126,0.610552,-0.421340,-0.402647,0.014687,-0.015450
0.975798,-0.335126,0.610552,-0.421721,-0.402647,0.014687,-0.015450
0.985861,-0.335508,0.610552,-0.422103,-0.402647,0.014687,-0.015450
0.995920,-0.335889,0.610552,-0.422866,-0.402647,0.014687,-0.015450
1.005982,-0.335889,0.610552,-0.423629,-0.402647,0.014305,-0.015450
1.016046,-0.336652,0.610552,-0.424010,-0.402647,0.014687,-0.015831
1.026106,-0.337034,0.610552,-0.424392,-0.402647,0.014687,-0.015450
1.036167,-0.337415,0.610552,-0.425154,-0.402647,0.014687,-0.015450
1.046229,-0.338178,0.610552,-0.425536,-0.402647,0.014687,-0.015450
1.056325,-0.338560,0.610552,-0.425917,-0.402647,0.014687,-0.015450
1.066388,-0.338941,0.610552,-0.426680,-0.402647,0.014687,-0.015450
1.076451,-0.339704,0.610552,-0.427062,-0.402647,0.014687,-0.015450
1.086513,-0.340085,0.610552,-0.427825,-0.402647,0.014687,-0.015450
1.096573,-0.340848,0.610552,-0.427825,-0.402647,0.014305,-0.015450
1.106638,-0.341230,0.610552,-0.428588,-0.402647,0.014687,-0.015450
1.116698,-0.341611,0.610552,-0.428969,-0.402647,0.014687,-0.015450
1.126760,-0.342374,0.610552,-0.429732,-0.402647,0.014687,-0.015450
1.136823,-0.342756,0.610552,-0.429732,-0.402647,0.014687,-0.015450
1.146887,-0.343519,0.610552,-0.430114,-0.402647,0.014687,-0.015450
1.156949,-0.343900,0.610552,-0.430495,-0.402647,0.014687,-0.015450
1.167000,-0.344282,0.610552,-0.431258,-0.402647,0.014687,-0.015450
1.177061,-0.344663,0.610552,-0.431640,-0.402647,0.014687,-0.015450
1.187124,-0.344663,0.610552,-0.431640,-0.402647,0.014305,-0.015450
1.197184,-0.345045,0.610552,-0.432021,-0.402647,0.014687,-0.015450
1.207249,-0.345045,0.610552,-0.432403,-0.402647,0.014687,-0.015068
1.217312,-0.345045,0.610552,-0.433165,-0.402647,0.014687,-0.015450
1.227372,-0.345045,0.610552,-0.433547,-0.402647,0.014687,-0.015068
1.237435,-0.345045,0.610552,-0.433928,-0.402266,0.014687,-0.015068
1.247498,-0.345045,0.610552,-0.434310,-0.402266,0.014687,-0.015068
1.257563,-0.345045,0.610552,-0.434691,-0.402266,0.014687,-0.015068
1.267625,-0.345045,0.610552,-0.435836,-0.402266,0.014687,-0.015068
1.277686,-0.345045,0.610552,-0.436217,-0.402266,0.014687,-0.015068
1.287747,-0.345045,0.610552,-0.436599,-0.402266,0.014687,-0.015068
1.297808,-0.345045,0.610552,-0.437362,-0.402266,0.014687,-0.015068
1.307868,-0.345045,0.610552,-0.438125,-0.402266,0.014687,-0.014687
1.317931,-0.345045,0.610552,-0.438506,-0.402266,0.014687,-0.015068
1.327990,-0.345045,0.610552,-0.439269,-0.402266,0.014687,-0.014687
1.337996,-0.345045,0.610170,-0.440032,-0.402266,0.014687,-0.014687
1.348067,-0.345045,0.610170,-0.440795,-0.402266,0.014687,-0.014687
1.358130,-0.345045,0.609789,-0.441176,-0.402266,0.014687,-0.014687
1.368192,-0.345045,0.609789,-0.441939,-0.402266,0.014687,-0.014687
1.378255,-0.345045,0.609789,-0.443084,-0.401884,0.014687,-0.014687
1.388319,-0.345045,0.609789,-0.443465,-0.401122,0.014687,-0.014305
1.398383,-0.345045,0.609789,-0.444228,-0.400359,0.014687,-0.014305
1.408444,-0.345426,0.609789,-0.444991,-0.399977,0.014687,-0.014305
1.418511,-0.345426,0.609407,-0.446136,-0.399214,0.014687,-0.014305
1.428574,-0.345426,0.609407,-0.446899,-0.398833,0.014687,-0.014305
1.438637,-0.345426,0.609026,-0.448043,-0.398070,0.014687,-0.014305
1.448699,-0.345426,0.609026,-0.448806,-0.397688,0.014687,-0.014305
1.458763,-0.345426,0.609026,-0.449950,-0.397307,0.014687,-0.014305
1.468827,-0.345426,0.609026,-0.450332,-0.396544,0.014687,-0.014305
1.478890,-0.345426,0.609026,-0.451476,-0.395781,0.014687,-0.013924
1.488954,-0.345426,0.609026,-0.452621,-0.395399,0.014687,-0.013924
1.499015,-0.345426,0.608644,-0.453384,-0.393874,0.014687,-0.013924
1.509079,-0.345426,0.608644,-0.454528,-0.393111,0.015068,-0.013924
1.519142,-0.345426,0.608263,-0.455673,-0.391966,0.014687,-0.013924
1.529202,-0.345426,0.608263,-0.456054,-0.390822,0.014687,-0.013924
1.539261,-0.345426,0.608263,-0.457198,-0.390059,0.014687,-0.013924
1.549324,-0.345808,0.607881,-0.457961,-0.389296,0.015068,-0.013542
1.559383,-0.345808,0.607881,-0.459487,-0.388151,0.014687,-0.013542
1.569436,-0.345808,0.607881,-0.460250,-0.387388,0.014687,-0.013542
1.579488,-0.345808,0.607881,-0.461395,-0.386625,0.015068,-0.013542
1.589551,-0.345808,0.607500,-0.461776,-0.385863,0.015068,-0.013542
1.599605,-0.345808,0.607500,-0.462921,-0.385100,0.015068,-0.013542
1.609665,-0.345808,0.607500,-0.463684,-0.384337,0.015068,-0.013542
1.619729,-0.345808,0.607500,-0.464828,-0.383192,0.015068,-0.013542
1.629782,-0.345808,0.607500,-0.465209,-0.382429,0.015068,-0.013542
1.639882,-0.346189,0.607500,-0.466735,-0.380903,0.015068,-0.013161
1.649934,-0.346189,0.607118,-0.467498,-0.379759,0.015068,-0.013161
1.659983,-0.346189,0.607118,-0.467880,-0.378614,0.015068,-0.013161
1.670047,-0.346189,0.606737,-0.469024,-0.376326,0.015068,-0.013161
1.680108,-0.346189,0.606355,-0.469787,-0.375181,0.015068,-0.013161
1.690170,-0.346189,0.606355,-0.470932,-0.373274,0.015068,-0.012779
1.700234,-0.346189,0.606355,-0.471695,-0.372129,0.015068,-0.012779
1.710294,-0.346571,0.605974,-0.472839,-0.369841,0.015450,-0.012779
1.720357,-0.346952,0.605974,-0.473983,-0.368696,0.015450,-0.012779
1.730411,-0.347333,0.605974,-0.475128,-0.366026,0.015450,-0.012398
1.740467,-0.347333,0.605974,-0.476272,-0.364500,0.015450,-0.012398
1.750521,-0.347715,0.605592,-0.477417,-0.362211,0.015831,-0.012398
1.760587,-0.348096,0.605592,-0.478561,-0.360685,0.015831,-0.012016
1.770651,-0.348478,0.605592,-0.480087,-0.358396,0.016213,-0.012016
1.780712,-0.348859,0.605592,-0.480468,-0.356870,0.016594,-0.012016
1.790763,-0.349622,0.605211,-0.481613,-0.354582,0.017357,-0.011635
1.800812,-0.350385,0.605211,-0.482376,-0.353056,0.017739,-0.011635
1.810862,-0.351530,0.605211,-0.483902,-0.351148,0.018502,-0.011254
1.820913,-0.352293,0.604829,-0.484665,-0.350004,0.019265,-0.011254
1.830964,-0.353819,0.604448,-0.486572,-0.347333,0.020409,-0.011254
1.841016,-0.354963,0.604448,-0.486954,-0.345808,0.021553,-0.010872
1.851068,-0.357252,0.604067,-0.488098,-0.343137,0.022316,-0.010872
1.861117,-0.358015,0.603685,-0.488861,-0.341611,0.022698,-0.010872
1.871169,-0.358778,0.603304,-0.490387,-0.339704,0.022316,-0.010491
1.881219,-0.359159,0.602541,-0.491150,-0.338560,0.021935,-0.010491
1.891270,-0.359922,0.601778,-0.492294,-0.336271,0.021935,-0.010491
1.901323,-0.359922,0.601015,-0.493057,-0.334745,0.021935,-0.010491
1.911389,-0.360304,0.599870,-0.494202,-0.332074,0.021935,-0.010109
1.921441,-0.360304,0.599489,-0.494583,-0.330167,0.021935,-0.010109
1.931492,-0.360685,0.598344,-0.495346,-0.328641,0.022316,-0.010109
1.941542,-0.360685,0.597200,-0.496109,-0.326352,0.022316,-0.009728
1.951594,-0.360685,0.596056,-0.496872,-0.324826,0.023079,-0.009728
1.961646,-0.360685,0.594148,-0.498016,-0.322538,0.023461,-0.009728
1.971697,-0.360685,0.593385,-0.498779,-0.321012,0.023461,-0.009346
1.981746,-0.360685,0.591859,-0.499924,-0.317960,0.023461,-0.008965
1.991795,-0.361067,0.591478,-0.500687,-0.316052,0.023461,-0.008965
2.001848,-0.362211,0.590333,-0.501831,-0.313382,0.023461,-0.008583
2.011897,-0.362974,0.589952,-0.502976,-0.311856,0.023461,-0.008583
2.021949,-0.364118,0.588808,-0.504120,-0.310330,0.024224,-0.008202
2.031998,-0.365263,0.587663,-0.505264,-0.308804,0.024605,-0.008202
2.042047,-0.367170,0.585374,-0.506790,-0.306897,0.025750,-0.007439
2.052099,-0.368696,0.584230,-0.507935,-0.305753,0.026513,-0.007439
2.062150,-0.370603,0.583467,-0.509079,-0.303464,0.027276,-0.006676
2.072200,-0.371748,0.583085,-0.510224,-0.301938,0.027276,-0.006294
2.082250,-0.372511,0.581559,-0.511749,-0.299268,0.026894,-0.005531
2.092303,-0.372511,0.580797,-0.512894,-0.297360,0.026894,-0.005150
2.102355,-0.373274,0.578889,-0.514420,-0.294690,0.026894,-0.004005
2.112404,-0.374418,0.578126,-0.515564,-0.292782,0.026894,-0.003243
2.122455,-0.375944,0.577363,-0.517472,-0.290112,0.026894,-0.002480
2.132504,-0.377470,0.576600,-0.518235,-0.288205,0.027657,-0.002098
2.142555,-0.378614,0.575456,-0.519379,-0.285534,0.029946,-0.000954
2.152607,-0.379759,0.574693,-0.520523,-0.284009,0.031472,-0.000572
2.162659,-0.382048,0.572404,-0.522431,-0.280957,0.034142,0.000191
2.172709,-0.382811,0.570878,-0.523957,-0.279049,0.035286,0.000954
2.182759,-0.383955,0.569734,-0.524720,-0.277142,0.035286,0.001335
2.192808,-0.384718,0.568589,-0.525864,-0.274090,0.034905,0.002480
2.202861,-0.385100,0.567826,-0.526627,-0.272564,0.034142,0.002861
2.212912,-0.385863,0.566300,-0.527771,-0.269894,0.034142,0.004005
2.222964,-0.386625,0.565537,-0.528534,-0.267987,0.034524,0.004768
2.233014,-0.387388,0.564012,-0.530060,-0.264935,0.034905,0.005531
2.243064,-0.388151,0.562867,-0.530442,-0.262646,0.035286,0.005913
2.253116,-0.389296,0.560960,-0.531586,-0.259594,0.036812,0.006676
2.263165,-0.390440,0.559815,-0.531968,-0.257687,0.037957,0.007057
2.273217,-0.392729,0.557145,-0.533494,-0.255398,0.039101,0.007820
2.283266,-0.394255,0.555619,-0.533875,-0.253872,0.040627,0.007820
2.293315,-0.396162,0.554093,-0.535019,-0.250820,0.041772,0.008583
2.303368,-0.397307,0.553330,-0.535782,-0.248913,0.041772,0.008583
2.313420,-0.398451,0.552567,-0.536927,-0.245861,0.041772,0.009346
2.323473,-0.399977,0.551804,-0.537690,-0.243572,0.041390,0.009728
2.333524,-0.402266,0.549897,-0.538071,-0.240520,0.041772,0.010491
2.343581,-0.403792,0.547990,-0.538834,-0.239376,0.042535,0.010872
2.353645,-0.406462,0.545701,-0.539597,-0.237087,0.045205,0.011635
2.363704,-0.407988,0.544175,-0.539979,-0.235561,0.047875,0.012398
2.373766,-0.409514,0.541505,-0.540360,-0.233272,0.052453,0.012779
2.383824,-0.410277,0.540360,-0.540742,-0.231746,0.055123,0.013161
2.393886,-0.412184,0.538834,-0.541886,-0.229076,0.058556,0.013542
2.403947,-0.413710,0.537308,-0.542649,-0.227169,0.061227,0.013924
2.414011,-0.415999,0.534638,-0.543412,-0.224498,0.064660,0.014687
2.424074,-0.417906,0.533112,-0.543793,-0.222210,0.067712,0.015068
2.434130,-0.419814,0.531586,-0.544556,-0.220684,0.070382,0.015068
2.444184,-0.421721,0.529679,-0.545319,-0.217632,0.074960,0.015450
2.454249,-0.422484,0.528534,-0.546082,-0.215724,0.076867,0.015831
2.464309,-0.424010,0.526246,-0.547227,-0.212673,0.078393,0.016213
2.474371,-0.424773,0.524720,-0.547990,-0.210765,0.078775,0.016594
2.484436,-0.426299,0.522431,-0.548753,-0.208095,0.078393,0.016594
2.494488,-0.427443,0.520905,-0.549516,-0.206188,0.078393,0.016976
2.504550,-0.430114,0.518235,-0.550278,-0.203136,0.078775,0.017357
2.514614,-0.432403,0.517090,-0.550660,-0.200847,0.079538,0.017739
2.524676,-0.434691,0.515564,-0.551804,-0.197795,0.081445,0.018502
2.534738,-0.436217,0.514038,-0.552567,-0.195888,0.082208,0.018502
2.544796,-0.438888,0.511368,-0.553330,-0.193217,0.082589,0.019265
2.554859,-0.440414,0.509842,-0.553712,-0.191691,0.082589,0.019646
2.564922,-0.443465,0.507553,-0.554475,-0.189021,0.083352,0.020027
2.574983,-0.445754,0.505646,-0.554856,-0.186732,0.084115,0.020409
2.584995,-0.448043,0.503357,-0.555238,-0.184062,0.086023,0.021172
2.595059,-0.450332,0.502213,-0.555619,-0.182155,0.087549,0.021172
2.605120,-0.453384,0.499542,-0.556382,-0.179103,0.090600,0.022316
2.615172,-0.456054,0.497253,-0.556764,-0.176814,0.093652,0.022316
2.625233,-0.458724,0.494965,-0.557145,-0.174144,0.099374,0.023079
2.635296,-0.460632,0.493820,-0.557527,-0.172236,0.103189,0.023461
2.645354,-0.464065,0.491150,-0.557908,-0.169184,0.108148,0.023461
2.655416,-0.466735,0.489242,-0.558289,-0.166896,0.112345,0.023842
2.665468,-0.470169,0.487335,-0.558289,-0.163844,0.119211,0.024224
2.675529,-0.472076,0.485046,-0.558671,-0.162318,0.123026,0.024224
2.685592,-0.474746,0.482376,-0.559052,-0.160410,0.125696,0.024605
2.695651,-0.476272,0.480850,-0.559052,-0.159266,0.126841,0.024987
2.705710,-0.478943,0.478180,-0.559052,-0.156977,0.128367,0.025368
2.715771,-0.481231,0.476654,-0.559052,-0.155451,0.129129,0.025750
2.725832,-0.483139,0.474746,-0.559434,-0.153925,0.130655,0.026131
2.735888,-0.486191,0.472076,-0.559815,-0.151637,0.132563,0.026513
2.745941,-0.488479,0.470169,-0.560197,-0.150111,0.134089,0.026513
2.755994,-0.491913,0.467117,-0.560578,-0.147822,0.137140,0.026894
2.766047,-0.494583,0.465972,-0.560578,-0.145914,0.139811,0.026894
2.776099,-0.498016,0.463302,-0.560578,-0.143626,0.145151,0.027657
2.786152,-0.500687,0.461395,-0.560960,-0.142481,0.147822,0.027657
2.796202,-0.504501,0.458343,-0.560960,-0.140192,0.152781,0.028038
2.806253,-0.507172,0.456054,-0.560960,-0.139048,0.156214,0.028420
2.816306,-0.510605,0.453765,-0.560960,-0.136759,0.162318,0.029183
2.826357,-0.513275,0.452239,-0.560960,-0.135233,0.164988,0.029183
2.836418,-0.516709,0.449569,-0.560960,-0.132563,0.168803,0.029946
2.846482,-0.518997,0.446899,-0.560960,-0.131037,0.170710,0.030327
2.856544,-0.522431,0.443847,-0.560960,-0.128748,0.171855,0.030709
2.866609,-0.524720,0.442321,-0.560960,-0.127222,0.171855,0.031090
2.876668,-0.528153,0.439651,-0.560960,-0.124933,0.172618,0.031853
2.886721,-0.530442,0.437743,-0.560960,-0.123407,0.173762,0.031853
2.896775,-0.534257,0.434691,-0.560960,-0.121118,0.175669,0.032616
2.906836,-0.536545,0.432784,-0.560960,-0.119211,0.177195,0.032998
2.916891,-0.540742,0.430114,-0.560960,-0.116922,0.179103,0.033761
2.926947,-0.543793,0.428588,-0.560960,-0.115396,0.181392,0.034142
2.937001,-0.547608,0.425536,-0.560960,-0.113107,0.185969,0.034905
2.947057,-0.550660,0.423629,-0.560960,-0.111200,0.189784,0.035286
2.957111,-0.554856,0.420958,-0.560960,-0.109293,0.195888,0.036049
2.967176,-0.557908,0.418669,-0.560960,-0.107767,0.200084,0.036812
2.977236,-0.562104,0.415999,-0.560960,-0.105478,0.206188,0.037957
2.987298,-0.564775,0.414855,-0.560960,-0.103952,0.209239,0.039101
2.997361,-0.567445,0.412566,-0.560960,-0.102426,0.212673,0.039864
3.007422,-0.571641,0.409133,-0.560960,-0.099756,0.217632,0.041772
3.017486,-0.574311,0.407225,-0.560960,-0.098611,0.220302,0.042535
3.027546,-0.578126,0.404555,-0.560960,-0.096704,0.224117,0.044060
3.037609,-0.581178,0.402647,-0.560578,-0.095560,0.227169,0.045586
3.047672,-0.584993,0.399977,-0.560578,-0.094034,0.232128,0.047875
3.057734,-0.588045,0.397688,-0.560578,-0.092889,0.235943,0.049401
3.067796,-0.592241,0.394255,-0.560578,-0.091363,0.241665,0.050927
3.077858,-0.595293,0.392729,-0.560578,-0.090219,0.246242,0.052453
3.087919,-0.599870,0.390440,-0.560578,-0.089075,0.250820,0.053979
3.097980,-0.602922,0.388151,-0.560578,-0.088312,0.253491,0.055123
3.108036,-0.607118,0.385100,-0.560578,-0.087167,0.256924,0.057031
3.118098,-0.609789,0.383192,-0.560578,-0.086023,0.258450,0.057794
3.128160,-0.613985,0.380140,-0.560578,-0.084497,0.259976,0.059319
3.138224,-0.616274,0.378614,-0.560578,-0.083734,0.261120,0.060082
3.148290,-0.620851,0.375563,-0.560578,-0.082971,0.263790,0.061227
3.158351,-0.623903,0.373274,-0.560578,-0.082208,0.265316,0.061990
3.168415,-0.628099,0.370603,-0.560578,-0.081445,0.267987,0.063516
3.178477,-0.631533,0.368696,-0.560578,-0.080682,0.270657,0.064279
3.188539,-0.635729,0.366026,-0.560578,-0.079538,0.275616,0.065423
3.198601,-0.639162,0.364500,-0.560578,-0.078775,0.279049,0.066186
3.208661,-0.644121,0.361067,-0.560578,-0.078012,0.285153,0.066949
3.218724,-0.646792,0.359159,-0.560197,-0.077630,0.289731,0.067712
3.228787,-0.650988,0.356489,-0.560197,-0.077249,0.296597,0.068475
3.238851,-0.654040,0.354963,-0.560197,-0.076867,0.299649,0.068856
3.248917,-0.658236,0.351911,-0.560197,-0.076104,0.303845,0.070001
3.258978,-0.660525,0.350004,-0.560197,-0.075341,0.305753,0.070764
3.269083,-0.664721,0.346952,-0.560197,-0.074197,0.307660,0.071908
3.279145,-0.667391,0.344663,-0.560197,-0.073434,0.309186,0.072290
3.289211,-0.670062,0.343137,-0.560197,-0.072671,0.311093,0.072671
3.299271,-0.674258,0.340848,-0.559815,-0.071908,0.314145,0.073816
3.309334,-0.677310,0.338560,-0.559815,-0.071527,0.316815,0.074197
3.319398,-0.681888,0.335508,-0.559052,-0.070764,0.322156,0.075341
3.329455,-0.684558,0.333982,-0.558671,-0.070764,0.326352,0.075723
3.339509,-0.689136,0.330930,-0.558289,-0.070764,0.331693,0.076486
3.349575,-0.692569,0.329023,-0.557908,-0.070764,0.335508,0.076867
3.359635,-0.696765,0.326352,-0.556764,-0.070382,0.341611,0.077630
3.369692,-0.699435,0.324445,-0.556001,-0.070001,0.345045,0.078012
3.379754,-0.703250,0.321393,-0.555238,-0.070001,0.348478,0.078775
3.389808,-0.706302,0.319867,-0.554475,-0.069619,0.350385,0.079538
3.399861,-0.709354,0.316815,-0.553330,-0.069238,0.352674,0.080682
3.409924,-0.712024,0.314908,-0.552567,-0.068856,0.352674,0.081064
3.419988,-0.715839,0.312619,-0.551041,-0.068475,0.353819,0.082589
3.430004,-0.718509,0.310330,-0.549897,-0.068093,0.354963,0.083352
3.440060,-0.722324,0.307660,-0.548371,-0.067330,0.357252,0.084497
3.450124,-0.724994,0.306134,-0.547227,-0.066949,0.358396,0.085641
3.460188,-0.728809,0.303845,-0.545319,-0.066949,0.362211,0.086786
3.470244,-0.731861,0.301938,-0.544175,-0.066949,0.365263,0.087549
3.480297,-0.735294,0.299649,-0.542649,-0.066949,0.371366,0.089075
3.490350,-0.737964,0.298123,-0.541505,-0.066949,0.375181,0.090219
3.500403,-0.741779,0.295834,-0.539597,-0.066567,0.380140,0.092508
3.510457,-0.744450,0.294308,-0.538071,-0.066567,0.383955,0.093271
3.520520,-0.747501,0.292020,-0.536164,-0.066567,0.388151,0.095178
3.530585,-0.749790,0.290875,-0.535019,-0.066186,0.389677,0.096323
3.540615,-0.752461,0.288205,-0.533112,-0.066186,0.391966,0.098611
3.550678,-0.754749,0.286679,-0.531205,-0.066186,0.393111,0.100137
3.560743,-0.757038,0.285534,-0.530060,-0.066186,0.394636,0.101282
3.570793,-0.759709,0.283627,-0.528534,-0.066186,0.396162,0.102808
3.580854,-0.761997,0.282101,-0.527008,-0.066186,0.397307,0.103571
3.590915,-0.765049,0.279431,-0.524338,-0.066186,0.399596,0.104715
3.600978,-0.766957,0.278286,-0.522812,-0.066186,0.401122,0.105478
3.611040,-0.770390,0.276379,-0.520905,-0.066186,0.404173,0.106622
3.621102,-0.771916,0.274853,-0.519760,-0.066186,0.406081,0.107385
3.631163,-0.775349,0.272564,-0.517090,-0.066186,0.408751,0.108148
3.641223,-0.777256,0.271420,-0.515183,-0.066186,0.410658,0.108911
3.651279,-0.779927,0.269512,-0.512894,-0.066186,0.414092,0.109674
3.661340,-0.781834,0.267987,-0.511749,-0.066186,0.417144,0.110056
3.671399,-0.784504,0.265698,-0.509461,-0.066186,0.421721,0.110437
3.681460,-0.786030,0.264553,-0.507553,-0.066186,0.424773,0.111200
3.691521,-0.788319,0.263027,-0.505264,-0.066186,0.427825,0.111582
3.701582,-0.789845,0.261883,-0.503738,-0.066186,0.430114,0.111963
3.711642,-0.792515,0.259594,-0.501450,-0.066186,0.432784,0.112345
3.721704,-0.793660,0.258450,-0.499542,-0.066186,0.433928,0.112726
3.731768,-0.795567,0.256542,-0.497635,-0.066186,0.434310,0.112726
3.741820,-0.796712,0.255398,-0.496109,-0.066186,0.434310,0.112726
3.751884,-0.798238,0.253872,-0.493439,-0.066186,0.434310,0.113107
3.761935,-0.799382,0.252728,-0.492294,-0.066186,0.434310,0.113489
3.771987,-0.800526,0.250820,-0.490768,-0.066186,0.433547,0.113870
3.782037,-0.801671,0.249676,-0.489242,-0.066186,0.433547,0.114252
3.792089,-0.803578,0.248150,-0.486572,-0.066186,0.433547,0.114633
3.802139,-0.805486,0.247005,-0.485428,-0.066186,0.433547,0.114633
3.812189,-0.807393,0.244335,-0.483520,-0.066186,0.433928,0.115015
3.822251,-0.808156,0.243572,-0.482376,-0.066186,0.433547,0.115396
3.832313,-0.808919,0.242428,-0.480850,-0.066186,0.433547,0.115778
3.842373,-0.810063,0.241283,-0.478561,-0.066186,0.433547,0.116159
3.852436,-0.810445,0.240139,-0.477798,-0.066186,0.434310,0.116159
3.862498,-0.811589,0.238613,-0.476272,-0.066186,0.434310,0.116541
3.872560,-0.811971,0.237469,-0.474746,-0.066186,0.434310,0.116541
3.882619,-0.813497,0.235943,-0.472839,-0.066567,0.434691,0.116922
3.892671,-0.814260,0.235180,-0.471695,-0.066186,0.435073,0.116922
3.902733,-0.815785,0.233654,-0.469787,-0.066567,0.436599,0.117304
3.912793,-0.816930,0.232509,-0.468261,-0.066186,0.437362,0.117304
3.922853,-0.818456,0.230983,-0.466735,-0.066186,0.438888,0.117304
3.932910,-0.819219,0.229839,-0.465591,-0.066186,0.438506,0.117685
3.942965,-0.819982,0.228313,-0.463684,-0.066186,0.438506,0.118067
3.953019,-0.820363,0.227550,-0.462539,-0.066186,0.438506,0.118067
3.963074,-0.820745,0.225643,-0.460632,-0.066186,0.438506,0.118067
3.973137,-0.820745,0.224880,-0.459487,-0.066186,0.438506,0.118067
3.983200,-0.820745,0.222972,-0.457580,-0.066186,0.438506,0.118448
3.993264,-0.820745,0.222210,-0.456054,-0.066567,0.438888,0.118448
4.003326,-0.820745,0.221065,-0.454528,-0.066186,0.439269,0.118448
4.013389,-0.820745,0.219921,-0.453384,-0.066186,0.439651,0.118830
4.023453,-0.820745,0.218776,-0.451095,-0.066567,0.440032,0.118830
4.033518,-0.820745,0.217632,-0.449950,-0.066567,0.440414,0.118830
4.043579,-0.820745,0.216487,-0.448806,-0.066567,0.440414,0.118830
4.053642,-0.820745,0.215724,-0.448043,-0.066567,0.440032,0.118830
4.063706,-0.820745,0.214961,-0.446136,-0.066567,0.440032,0.119211
4.073770,-0.820745,0.214199,-0.444991,-0.066567,0.440032,0.119211
4.083833,-0.820745,0.213436,-0.443465,-0.066567,0.440032,0.119211
4.093896,-0.820745,0.212673,-0.442321,-0.066567,0.440032,0.119211
4.103958,-0.820745,0.211528,-0.441558,-0.066567,0.440032,0.119211
4.114011,-0.820745,0.210765,-0.440414,-0.066567,0.440032,0.119211
4.124065,-0.820745,0.210384,-0.439269,-0.066567,0.440032,0.119211
4.134118,-0.820745,0.209239,-0.437362,-0.066567,0.440032,0.119211
4.144171,-0.820745,0.208476,-0.436599,-0.066567,0.439651,0.119211
4.154223,-0.820745,0.207332,-0.435454,-0.066567,0.440032,0.119211
4.164275,-0.820745,0.206569,-0.434691,-0.066567,0.440032,0.119211
4.174327,-0.820745,0.205425,-0.432784,-0.066567,0.440032,0.119211
4.184379,-0.820745,0.205043,-0.431258,-0.066567,0.440032,0.119211
4.194431,-0.820363,0.204662,-0.430114,-0.066567,0.440032,0.119211
4.204483,-0.820363,0.203899,-0.429351,-0.066567,0.440032,0.119211
4.214535,-0.820363,0.203136,-0.428206,-0.066567,0.440032,0.119211
4.224588,-0.820363,0.202754,-0.427443,-0.066567,0.440032,0.119211
4.234640,-0.820363,0.201991,-0.425536,-0.066567,0.439651,0.119211
4.244692,-0.820363,0.201610,-0.424773,-0.066567,0.439651,0.119211
4.254745,-0.820363,0.200847,-0.422866,-0.066567,0.439651,0.119211
4.264798,-0.820363,0.200084,-0.421721,-0.066567,0.439269,0.119211
4.274850,-0.820363,0.198939,-0.420195,-0.066567,0.439269,0.119211
4.284902,-0.819982,0.198558,-0.419051,-0.066567,0.439269,0.119211
4.294954,-0.819982,0.197414,-0.417144,-0.066567,0.439269,0.118830
4.304993,-0.819982,0.197032,-0.415999,-0.066567,0.439651,0.118830
4.315045,-0.819600,0.195888,-0.414092,-0.066567,0.439269,0.119211
4.325098,-0.819600,0.195506,-0.412947,-0.066567,0.439269,0.118830
4.335151,-0.819600,0.194362,-0.411803,-0.066567,0.439651,0.118830
4.345204,-0.819219,0.193980,-0.410658,-0.066567,0.439269,0.118830
4.355257,-0.819219,0.193217,-0.409133,-0.066567,0.438888,0.118830
4.365309,-0.819219,0.192836,-0.407607,-0.066567,0.439269,0.118830
4.375361,-0.819219,0.192454,-0.406462,-0.066567,0.438506,0.118830
4.385413,-0.818837,0.191691,-0.405318,-0.066949,0.438506,0.118830
4.395466,-0.818456,0.190929,-0.404173,-0.066949,0.438125,0.118448
4.405518,-0.818074,0.190929,-0.402647,-0.066949,0.437743,0.118830
4.415570,-0.818074,0.190929,-0.401122,-0.066949,0.437743,0.118448
4.425622,-0.818074,0.190547,-0.399596,-0.067712,0.436980,0.118448
4.435675,-0.818074,0.190547,-0.398833,-0.067712,0.436980,0.118448
4.445727,-0.817693,0.190547,-0.398070,-0.067712,0.436217,0.118448
4.455781,-0.817693,0.190547,-0.396925,-0.067712,0.436217,0.118067
4.465834,-0.817693,0.190547,-0.395399,-0.067712,0.435454,0.118067
4.475897,-0.817311,0.190547,-0.393874,-0.067712,0.434691,0.118067
4.485951,-0.816548,0.190166,-0.392729,-0.067712,0.432784,0.118067
4.496014,-0.816167,0.190166,-0.391966,-0.067712,0.432021,0.118067
4.506074,-0.815023,0.189021,-0.390440,-0.067712,0.430877,0.117685
4.516135,-0.814260,0.188640,-0.389296,-0.067712,0.430495,0.117685
4.526195,-0.813497,0.188258,-0.387388,-0.067712,0.429732,0.117304
4.536256,-0.813115,0.187877,-0.386244,-0.067712,0.429351,0.117304
4.546309,-0.812352,0.186732,-0.384718,-0.067712,0.428206,0.117304
4.556363,-0.811971,0.185969,-0.383192,-0.067712,0.428206,0.116922
4.566424,-0.810826,0.185206,-0.381666,-0.067712,0.428206,0.116922
4.576476,-0.810063,0.184825,-0.380522,-0.067712,0.428206,0.116541
4.586526,-0.808537,0.184443,-0.378614,-0.067712,0.428206,0.116541
4.596592,-0.807012,0.184062,-0.377852,-0.067712,0.427825,0.116159
4.606652,-0.805486,0.183299,-0.376326,-0.067712,0.427825,0.116159
4.616704,-0.804341,0.182918,-0.375181,-0.067712,0.427825,0.115778
4.626764,-0.802815,0.182536,-0.374418,-0.067712,0.427825,0.115778
4.636825,-0.802052,0.182536,-0.373274,-0.067712,0.427825,0.115778
4.646879,-0.801289,0.182536,-0.372511,-0.067712,0.427443,0.115778
4.656939,-0.799763,0.182536,-0.371366,-0.067712,0.426680,0.115396
4.667002,-0.798619,0.182536,-0.370603,-0.067712,0.426299,0.115396
4.677067,-0.797093,0.182155,-0.369078,-0.067712,0.424773,0.115015
4.687127,-0.795567,0.182155,-0.368696,-0.068093,0.423629,0.114633
4.697188,-0.793278,0.182155,-0.367552,-0.068856,0.421721,0.114252
4.707253,-0.791752,0.182155,-0.366407,-0.069619,0.420577,0.113870
4.717317,-0.789845,0.182155,-0.364881,-0.071145,0.420195,0.113489
4.727377,-0.788701,0.182155,-0.363737,-0.072290,0.420195,0.113489
4.737440,-0.787175,0.182155,-0.362211,-0.074578,0.419814,0.112726
4.747501,-0.785649,0.182155,-0.361448,-0.075723,0.419814,0.112345
4.757565,-0.783742,0.182155,-0.360304,-0.076867,0.419814,0.111963
4.767624,-0.781834,0.182155,-0.359159,-0.077249,0.419432,0.111963
4.777679,-0.779545,0.182155,-0.357633,-0.078393,0.418288,0.111582
4.787731,-0.778019,0.182155,-0.356489,-0.079919,0.417525,0.111200
4.797784,-0.775731,0.182155,-0.355344,-0.081445,0.416381,0.110819
4.807836,-0.774205,0.182155,-0.354582,-0.082208,0.415236,0.110819
4.817887,-0.771916,0.181773,-0.353437,-0.083352,0.413710,0.110437
4.827940,-0.770008,0.181773,-0.352674,-0.084115,0.412566,0.110437
4.837991,-0.767720,0.181773,-0.351148,-0.085641,0.409895,0.110056
4.848001,-0.766194,0.181773,-0.350004,-0.086786,0.408370,0.110056
4.858053,-0.763905,0.181773,-0.349241,-0.088312,0.405699,0.109293
4.868105,-0.762379,0.181773,-0.348096,-0.089075,0.403792,0.109293
4.878157,-0.760090,0.181773,-0.347333,-0.090219,0.400359,0.108911
4.888209,-0.758564,0.181773,-0.346571,-0.090982,0.398451,0.108911
4.898273,-0.755894,0.181773,-0.345808,-0.092126,0.393492,0.108530
4.908335,-0.753986,0.181773,-0.344663,-0.092889,0.389677,0.108530
4.918399,-0.752842,0.181773,-0.343900,-0.094034,0.385863,0.108530
4.928459,-0.750172,0.181773,-0.342756,-0.095178,0.381285,0.108148
4.938520,-0.748646,0.181773,-0.341993,-0.096323,0.377852,0.108148
4.948574,-0.746357,0.181773,-0.340848,-0.097848,0.374418,0.107767
4.958628,-0.744450,0.181773,-0.340085,-0.098993,0.372892,0.107767
4.968681,-0.742161,0.181773,-0.338941,-0.100519,0.370603,0.107385
4.978743,-0.740635,0.181773,-0.337797,-0.101663,0.369459,0.107385
4.988803,-0.738346,0.181773,-0.336652,-0.103189,0.368315,0.107004
4.998864,-0.737201,0.181773,-0.335889,-0.104334,0.368315,0.107004
5.008924,-0.734531,0.181773,-0.334363,-0.105859,0.367933,0.106622
5.018985,-0.733005,0.181773,-0.333600,-0.107004,0.367933,0.106241
5.029044,-0.729953,0.181773,-0.332074,-0.108530,0.367552,0.105859
5.039106,-0.728428,0.181773,-0.331312,-0.109293,0.367170,0.105478
5.049167,-0.725757,0.182155,-0.330167,-0.110437,0.367552,0.105097
5.059229,-0.724231,0.182155,-0.329404,-0.111582,0.367170,0.104715
5.069289,-0.721180,0.182155,-0.327878,-0.113107,0.366407,0.104334
5.079351,-0.719272,0.182155,-0.327115,-0.113870,0.365644,0.103952
5.089411,-0.716602,0.182536,-0.325589,-0.115396,0.363355,0.103952
5.099473,-0.715076,0.182536,-0.324826,-0.116541,0.361830,0.103571
5.109526,-0.712024,0.182536,-0.323682,-0.118067,0.359541,0.103189
5.119586,-0.710117,0.182918,-0.322919,-0.119211,0.357252,0.102808
5.129648,-0.707065,0.183680,-0.321393,-0.120356,0.352674,0.102426
5.139701,-0.705158,0.184062,-0.321012,-0.121118,0.348478,0.102426
5.149763,-0.702869,0.184062,-0.319486,-0.122644,0.342374,0.102045
5.159815,-0.700961,0.184443,-0.318723,-0.123789,0.338941,0.101663
5.169879,-0.698291,0.184825,-0.317960,-0.125696,0.333219,0.101282
5.179939,-0.696765,0.185206,-0.317197,-0.126459,0.329786,0.101282
5.190036,-0.693713,0.185588,-0.316815,-0.127222,0.325589,0.100900
5.200099,-0.692187,0.185969,-0.316052,-0.127985,0.323682,0.100900
5.210159,-0.690661,0.186351,-0.315290,-0.128367,0.322156,0.100519
5.220221,-0.688373,0.187114,-0.314145,-0.129892,0.321012,0.100519
5.230290,-0.687610,0.187114,-0.313382,-0.131037,0.320249,0.100137
5.240353,-0.684939,0.187495,-0.312238,-0.132563,0.319486,0.100137
5.250417,-0.683032,0.187877,-0.311475,-0.133707,0.319486,0.099756
5.260476,-0.680362,0.187877,-0.310712,-0.134852,0.318723,0.099374
5.270537,-0.678454,0.188258,-0.309949,-0.135615,0.318341,0.099374
5.280602,-0.675402,0.189021,-0.308804,-0.137140,0.317960,0.098993
5.290663,-0.673877,0.189403,-0.308042,-0.138285,0.317197,0.098611
5.300726,-0.670825,0.190547,-0.306897,-0.140574,0.315671,0.098230
5.310785,-0.668536,0.190929,-0.306134,-0.142100,0.314527,0.097848
5.320843,-0.666247,0.191691,-0.305371,-0.144388,0.311475,0.097467
5.330898,-0.664340,0.192073,-0.304990,-0.145914,0.309567,0.097086
5.340957,-0.660906,0.193599,-0.303845,-0.147822,0.305371,0.096323
5.351017,-0.658999,0.194362,-0.303464,-0.148966,0.301938,0.095941
5.361079,-0.655947,0.196269,-0.302319,-0.150492,0.296216,0.094797
5.371139,-0.654040,0.197032,-0.301938,-0.152018,0.292020,0.094415
5.381201,-0.651369,0.198939,-0.300793,-0.154307,0.287823,0.093652
5.391261,-0.649462,0.200084,-0.300412,-0.156214,0.284771,0.093271
5.401324,-0.647173,0.201228,-0.299268,-0.158885,0.281338,0.092508
5.411377,-0.645266,0.202373,-0.298505,-0.160410,0.279431,0.092126
5.421439,-0.642977,0.203899,-0.297742,-0.162699,0.276761,0.090982
5.431500,-0.641451,0.205425,-0.296979,-0.164225,0.275235,0.090219
5.441552,-0.638781,0.207332,-0.296216,-0.166896,0.274472,0.089456
5.451607,-0.637636,0.208476,-0.295834,-0.168421,0.273709,0.088693
5.461666,-0.634966,0.210002,-0.294690,-0.171473,0.272946,0.087549
5.471731,-0.633059,0.211528,-0.293927,-0.173381,0.272564,0.086786
5.481836,-0.630388,0.213436,-0.293164,-0.176814,0.271420,0.085260
5.491897,-0.628862,0.214580,-0.292401,-0.178721,0.270657,0.084497
5.501956,-0.626955,0.215343,-0.292020,-0.180629,0.270275,0.083734
5.512018,-0.623903,0.216869,-0.290875,-0.183680,0.269131,0.082208
5.522083,-0.622377,0.218395,-0.290112,-0.185588,0.267224,0.081445
5.532147,-0.619326,0.220302,-0.289349,-0.188640,0.264935,0.079919
5.542209,-0.617037,0.221447,-0.288586,-0.190547,0.262646,0.078775
5.552272,-0.614748,0.222972,-0.287823,-0.193217,0.258450,0.077249
5.562334,-0.612840,0.224117,-0.287442,-0.194743,0.255016,0.076104
5.572386,-0.609789,0.226024,-0.287060,-0.197032,0.249294,0.074960
5.582439,-0.607500,0.227550,-0.286679,-0.198177,0.245861,0.074197
5.592471,-0.605211,0.229076,-0.285916,-0.200084,0.241665,0.073053
5.602531,-0.603685,0.230220,-0.285916,-0.201610,0.240139,0.072290
5.612594,-0.601396,0.232128,-0.285916,-0.203899,0.238231,0.070764
5.622649,-0.600252,0.233654,-0.285534,-0.205425,0.237469,0.070001
5.632713,-0.598344,0.235943,-0.285534,-0.207332,0.236706,0.068856
5.642773,-0.596818,0.237087,-0.285153,-0.208858,0.237087,0.068475
5.652827,-0.594530,0.238613,-0.285153,-0.211147,0.237087,0.067330
5.662878,-0.593004,0.239757,-0.284771,-0.212291,0.236706,0.066949
5.672930,-0.590333,0.241665,-0.284390,-0.214580,0.237087,0.066186
5.682980,-0.588426,0.243191,-0.284009,-0.216487,0.237087,0.065805
5.693030,-0.586137,0.244717,-0.283627,-0.219158,0.236706,0.065042
5.703079,-0.584230,0.246242,-0.283246,-0.220684,0.236706,0.064660
5.713130,-0.581178,0.247768,-0.282483,-0.223354,0.235561,0.063897
5.723193,-0.579271,0.249294,-0.282101,-0.225261,0.234035,0.063516
5.733254,-0.577363,0.251202,-0.281338,-0.227550,0.232509,0.063134
5.743307,-0.575456,0.252346,-0.281338,-0.229076,0.230983,0.062753
5.753424,-0.572786,0.254253,-0.280957,-0.230983,0.228695,0.062371
5.763487,-0.570878,0.256161,-0.280575,-0.232509,0.226787,0.061990
5.773542,-0.568971,0.257687,-0.280575,-0.233654,0.224117,0.061608
5.783603,-0.566682,0.259594,-0.280575,-0.235943,0.219539,0.060845
5.793654,-0.565156,0.260739,-0.280194,-0.237850,0.216106,0.060464
5.803706,-0.562867,0.263409,-0.280194,-0.240139,0.210765,0.060082
5.813766,-0.560960,0.265316,-0.279812,-0.242046,0.207332,0.059701
5.823818,-0.558289,0.267605,-0.279812,-0.245098,0.201991,0.059319
5.833870,-0.556764,0.269131,-0.279812,-0.246624,0.198558,0.059319
5.843921,-0.554093,0.271801,-0.279431,-0.249676,0.194362,0.058938
5.853973,-0.552949,0.273709,-0.279431,-0.251583,0.192454,0.058556
5.864006,-0.551041,0.275616,-0.279431,-0.254635,0.190929,0.058175
5.874068,-0.550278,0.277523,-0.279049,-0.256924,0.189784,0.057794
5.884128,-0.548371,0.280575,-0.278668,-0.259976,0.189403,0.057412
5.894190,-0.546845,0.281720,-0.278286,-0.262264,0.189403,0.057412
5.904243,-0.544556,0.284009,-0.277905,-0.265316,0.189021,0.057031
5.914295,-0.543412,0.285916,-0.277523,-0.267605,0.188640,0.057031
5.924347,-0.541123,0.288205,-0.276761,-0.271420,0.188640,0.056649
5.934405,-0.539597,0.289731,-0.276379,-0.273327,0.188640,0.056649
5.944459,-0.537308,0.291638,-0.275235,-0.276379,0.188258,0.056268
5.954522,-0.535782,0.293545,-0.275235,-0.277905,0.187877,0.055886
5.964574,-0.533112,0.296216,-0.274853,-0.280194,0.187495,0.055886
5.974626,-0.531586,0.297360,-0.274853,-0.281720,0.186732,0.055886
5.984655,-0.529297,0.300031,-0.274472,-0.283627,0.184825,0.055505
5.994716,-0.528153,0.301938,-0.274472,-0.284771,0.183680,0.055505
6.004776,-0.525864,0.304227,-0.274472,-0.286297,0.182536,0.055123
6.014838,-0.524338,0.306134,-0.274472,-0.287823,0.181010,0.055123
6.024899,-0.522431,0.309186,-0.274472,-0.289731,0.177958,0.054742
6.034959,-0.520523,0.310712,-0.274472,-0.291257,0.175288,0.054742
6.045019,-0.518997,0.312619,-0.274472,-0.292782,0.171473,0.054360
6.055082,-0.516709,0.315290,-0.274472,-0.295071,0.165751,0.053979
6.065144,-0.515183,0.317197,-0.274472,-0.296597,0.162318,0.053597
6.075205,-0.512894,0.319486,-0.274472,-0.298886,0.157740,0.053216
6.085266,-0.511368,0.321775,-0.274472,-0.300793,0.155070,0.053216
6.095326,-0.509842,0.324826,-0.274472,-0.303464,0.151637,0.052453
6.105379,-0.507935,0.326352,-0.274472,-0.305371,0.149348,0.052453
6.115438,-0.506409,0.329404,-0.274472,-0.308042,0.146677,0.052071
6.125499,-0.504883,0.331693,-0.274472,-0.309949,0.145533,0.051690
6.135559,-0.502976,0.333982,-0.274472,-0.312619,0.144770,0.051690
6.145620,-0.501831,0.335889,-0.274472,-0.314527,0.144388,0.051308
6.155681,-0.500305,0.338941,-0.274472,-0.317578,0.144388,0.050927
6.165742,-0.499542,0.340467,-0.274472,-0.319486,0.144770,0.050546
6.175806,-0.497635,0.343519,-0.274472,-0.322919,0.144388,0.050164
6.185865,-0.495727,0.345426,-0.274472,-0.324826,0.144388,0.049783
6.195929,-0.493439,0.348096,-0.274472,-0.327878,0.143244,0.049783
6.205989,-0.491913,0.350004,-0.274472,-0.329786,0.142863,0.049401
6.216049,-0.490387,0.352674,-0.274472,-0.332456,0.142481,0.049020
6.226110,-0.488861,0.354200,-0.274472,-0.334363,0.142481,0.049020
6.236171,-0.487335,0.356870,-0.274472,-0.337034,0.142100,0.048638
6.246231,-0.486191,0.358778,-0.274472,-0.338941,0.142100,0.048638
6.256291,-0.483902,0.361448,-0.274472,-0.341611,0.141337,0.048257
6.266351,-0.481994,0.362974,-0.274472,-0.343519,0.140192,0.048257
6.276414,-0.480087,0.365644,-0.274472,-0.345808,0.137522,0.047875
6.286474,-0.478943,0.367552,-0.274472,-0.347333,0.135615,0.047875
6.296535,-0.477798,0.369841,-0.274472,-0.349622,0.134089,0.047494
6.306595,-0.476272,0.371366,-0.274472,-0.350767,0.132944,0.046731
6.316657,-0.474746,0.374418,-0.274472,-0.352674,0.130655,0.046349
6.326717,-0.473602,0.375944,-0.274472,-0.354200,0.128367,0.045968
6.336779,-0.472076,0.377470,-0.274472,-0.355726,0.125315,0.045586
6.346840,-0.469787,0.380522,-0.274472,-0.357633,0.118830,0.044823
6.356902,-0.468261,0.382048,-0.274472,-0.358778,0.115015,0.044060
6.366964,-0.466735,0.384337,-0.274472,-0.360685,0.111200,0.043297
6.377025,-0.465591,0.386244,-0.274472,-0.361830,0.109674,0.042153
6.387086,-0.464446,0.389296,-0.274472,-0.363355,0.108530,0.041390
6.397148,-0.463684,0.390822,-0.274472,-0.364500,0.108530,0.040627
6.407211,-0.462921,0.393874,-0.274472,-0.366789,0.108148,0.039483
6.417273,-0.462158,0.395781,-0.274472,-0.367933,0.108148,0.038720
6.427334,-0.461013,0.398451,-0.274472,-0.369841,0.108148,0.037575
6.437395,-0.459869,0.399977,-0.274472,-0.370603,0.107767,0.036812
6.447460,-0.457580,0.403029,-0.274472,-0.372511,0.107385,0.035286
6.457522,-0.456435,0.404936,-0.274472,-0.373655,0.107004,0.033761
6.467585,-0.454910,0.407225,-0.274472,-0.375563,0.107004,0.032616
6.477649,-0.453765,0.409514,-0.274472,-0.376707,0.107385,0.031853
6.487703,-0.452239,0.412184,-0.274472,-0.378233,0.107767,0.030709
6.497754,-0.451476,0.413329,-0.274472,-0.378996,0.107767,0.029564
6.507806,-0.449950,0.416381,-0.274472,-0.380903,0.107004,0.028420
6.517870,-0.448806,0.418669,-0.274472,-0.382429,0.107004,0.027657
6.527930,-0.447280,0.421340,-0.274472,-0.384337,0.106622,0.026513
6.537993,-0.445754,0.422484,-0.274472,-0.385863,0.105859,0.026131
6.548058,-0.444228,0.425536,-0.274472,-0.387770,0.103189,0.025368
6.558119,-0.442702,0.427062,-0.274472,-0.389296,0.101663,0.024987
6.568179,-0.441558,0.429351,-0.274472,-0.390822,0.100900,0.024605
6.578241,-0.441176,0.431258,-0.274472,-0.391585,0.100519,0.024224
6.588292,-0.439651,0.433928,-0.274472,-0.393874,0.100137,0.023842
6.598345,-0.438888,0.435073,-0.274472,-0.395018,0.099756,0.023461
6.608396,-0.438125,0.437743,-0.274472,-0.396925,0.098611,0.023079
6.618446,-0.437362,0.439651,-0.274472,-0.398451,0.097086,0.023079
6.628507,-0.436217,0.441176,-0.274472,-0.399977,0.095560,0.023079
6.638569,-0.435073,0.443847,-0.274472,-0.401884,0.093652,0.023079
6.648628,-0.433547,0.445373,-0.274472,-0.403029,0.091745,0.022698
6.658690,-0.432021,0.448043,-0.274853,-0.404936,0.088312,0.022698
6.668750,-0.430495,0.449569,-0.274853,-0.406081,0.086404,0.022316
6.678813,-0.429351,0.451858,-0.274853,-0.407988,0.083734,0.022316
6.688873,-0.428588,0.453765,-0.274853,-0.409133,0.082208,0.022316
6.698932,-0.427062,0.456054,-0.274853,-0.410658,0.079538,0.022316
6.708992,-0.426680,0.457198,-0.274853,-0.411803,0.077630,0.021935
6.719056,-0.425536,0.459487,-0.274853,-0.413329,0.073434,0.021935
6.729116,-0.424773,0.461395,-0.274853,-0.414855,0.070382,0.021935
6.739177,-0.423629,0.463684,-0.274853,-0.415999,0.066567,0.021935
6.749241,-0.422866,0.465209,-0.274853,-0.417144,0.064279,0.021553
6.759306,-0.421340,0.467880,-0.274853,-0.418669,0.062371,0.021553
6.769365,-0.420577,0.469406,-0.274853,-0.419814,0.061990,0.021553
6.779428,-0.419432,0.471313,-0.274853,-0.421340,0.061990,0.021553
6.789490,-0.418669,0.472839,-0.274853,-0.422103,0.062371,0.021172
6.799550,-0.417525,0.475128,-0.275235,-0.422866,0.063134,0.021172
6.809610,-0.417144,0.477035,-0.275235,-0.423629,0.063897,0.020790
6.819663,-0.416381,0.479324,-0.275235,-0.424392,0.064660,0.020790
6.829715,-0.415236,0.480850,-0.275616,-0.425154,0.064660,0.020409
6.839767,-0.414473,0.483520,-0.275616,-0.426299,0.063897,0.020027
6.849819,-0.413710,0.484665,-0.275616,-0.427062,0.063516,0.020027
6.859871,-0.412947,0.486191,-0.275616,-0.428206,0.062753,0.019646
6.869923,-0.412566,0.487716,-0.275616,-0.428969,0.062753,0.019646
6.879975,-0.411803,0.490005,-0.275616,-0.429732,0.063134,0.019265
6.889993,-0.411040,0.491913,-0.275616,-0.430114,0.063516,0.019265
6.900046,-0.410277,0.493057,-0.275616,-0.430877,0.063134,0.019265
6.910097,-0.408370,0.494965,-0.275616,-0.432021,0.062753,0.018883
6.920150,-0.407225,0.496872,-0.275616,-0.432784,0.061990,0.018502
6.930202,-0.405699,0.498779,-0.275616,-0.433928,0.061990,0.018502
6.940255,-0.404936,0.499924,-0.275616,-0.434310,0.061990,0.018502
6.950314,-0.404555,0.501831,-0.275616,-0.434310,0.062753,0.018120
6.960367,-0.404173,0.503738,-0.275616,-0.434310,0.062753,0.018120
6.970419,-0.403029,0.506027,-0.275998,-0.434310,0.062371,0.017739
6.980471,-0.402647,0.507172,-0.275998,-0.434310,0.062371,0.017739
6.990524,-0.401884,0.508698,-0.276379,-0.434310,0.061608,0.017739
7.000577,-0.401122,0.509842,-0.276761,-0.434310,0.060845,0.017357
7.010627,-0.400740,0.512512,-0.276761,-0.434310,0.059319,0.016976
7.020690,-0.400359,0.514038,-0.276761,-0.434310,0.058938,0.016976
7.030751,-0.399596,0.515564,-0.276761,-0.434310,0.058938,0.016594
7.040813,-0.398833,0.517472,-0.277142,-0.434310,0.058938,0.016594
7.050858,-0.397688,0.520142,-0.277523,-0.434310,0.058938,0.016213
7.060910,-0.396544,0.521286,-0.277905,-0.434310,0.058556,0.016213
7.070971,-0.395018,0.522812,-0.278286,-0.434310,0.057412,0.015831
7.081034,-0.394255,0.523957,-0.278286,-0.434310,0.057031,0.015831
7.091096,-0.393111,0.525483,-0.279049,-0.434310,0.057031,0.015450
7.101157,-0.392348,0.527390,-0.279431,-0.434310,0.057031,0.015450
7.111220,-0.391585,0.530060,-0.280194,-0.434310,0.057794,0.015450
7.121281,-0.391203,0.531205,-0.280957,-0.434310,0.057412,0.015450
7.131343,-0.390822,0.533494,-0.282101,-0.434310,0.057031,0.015068
7.141403,-0.390440,0.534257,-0.282864,-0.434310,0.057031,0.015068
7.151465,-0.390059,0.535782,-0.284390,-0.434310,0.056268,0.015068
7.161529,-0.389677,0.536545,-0.285153,-0.434310,0.055886,0.015068
7.171591,-0.389296,0.537308,-0.286297,-0.434310,0.055505,0.015068
7.181652,-0.388533,0.538834,-0.287823,-0.434310,0.055123,0.015068
7.191716,-0.388151,0.540360,-0.288586,-0.434310,0.054742,0.014687
7.201776,-0.387388,0.543412,-0.290112,-0.434310,0.054360,0.014687
7.211840,-0.386625,0.544938,-0.290875,-0.434310,0.053979,0.014687
7.221903,-0.385863,0.546464,-0.292782,-0.434310,0.052834,0.014687
7.231963,-0.385100,0.547227,-0.293927,-0.434310,0.051308,0.014687
7.242026,-0.383574,0.548753,-0.295453,-0.434310,0.049401,0.014687
7.252080,-0.382429,0.549134,-0.296216,-0.434310,0.047494,0.014687
7.262154,-0.381285,0.549897,-0.298123,-0.434310,0.045205,0.014305
7.272217,-0.380903,0.551041,-0.299268,-0.434310,0.043679,0.014305
7.282278,-0.380140,0.552567,-0.300793,-0.434310,0.041009,0.014305
7.292338,-0.379377,0.554475,-0.301556,-0.434310,0.039483,0.014305
7.302401,-0.378996,0.556764,-0.303464,-0.434691,0.036049,0.014305
7.312465,-0.378614,0.557908,-0.304990,-0.434691,0.033761,0.014305
7.322524,-0.378233,0.558671,-0.306134,-0.434691,0.029564,0.014305
7.332587,-0.377852,0.558671,-0.306897,-0.435454,0.026894,0.013924
7.342640,-0.377470,0.559052,-0.308423,-0.436217,0.023461,0.013924
7.352701,-0.377470,0.559052,-0.309567,-0.437362,0.021935,0.013924
7.362760,-0.377089,0.559434,-0.311093,-0.438506,0.020409,0.013924
7.372822,-0.377089,0.560197,-0.312238,-0.439269,0.020409,0.013542
7.382884,-0.376707,0.561723,-0.313382,-0.439651,0.020409,0.013542
7.392944,-0.376707,0.562486,-0.314527,-0.440032,0.020409,0.013542
7.403004,-0.376707,0.564775,-0.316052,-0.440032,0.020790,0.013161
7.413065,-0.376326,0.565919,-0.317578,-0.440032,0.020790,0.013542
7.423128,-0.375944,0.568208,-0.319486,-0.440032,0.021172,0.013161
7.433188,-0.375944,0.569734,-0.320630,-0.440032,0.021553,0.013161
7.443265,-0.375181,0.570878,-0.322156,-0.440414,0.021172,0.013161
7.453328,-0.374800,0.571260,-0.323682,-0.440414,0.021172,0.013161
7.463388,-0.374418,0.571641,-0.325208,-0.440414,0.021172,0.013161
7.473451,-0.373655,0.571641,-0.326734,-0.440414,0.021172,0.012779
7.483504,-0.372892,0.571641,-0.327497,-0.440795,0.021172,0.013161
7.493556,-0.372129,0.571641,-0.329023,-0.440795,0.020790,0.012779
7.503610,-0.370985,0.572023,-0.330549,-0.440795,0.020409,0.012779
7.513671,-0.369841,0.572786,-0.332074,-0.440795,0.020409,0.012398
7.523730,-0.369459,0.573548,-0.332837,-0.440795,0.020790,0.012398
7.533782,-0.369078,0.574311,-0.334363,-0.440795,0.020790,0.012398
7.543841,-0.368696,0.575074,-0.335126,-0.440795,0.021172,0.012398
7.553905,-0.368696,0.577363,-0.337034,-0.440795,0.021172,0.012016
7.563967,-0.368315,0.578889,-0.337797,-0.440795,0.021172,0.012016
7.574022,-0.368315,0.580797,-0.339322,-0.440795,0.021172,0.012016
7.584083,-0.367933,0.581559,-0.340467,-0.440795,0.020790,0.012016
7.594146,-0.367933,0.582704,-0.342374,-0.440795,0.020790,0.012016
7.604206,-0.367933,0.583467,-0.343137,-0.440795,0.020409,0.012016
7.614270,-0.367933,0.583848,-0.344663,-0.440795,0.020409,0.011635
7.624334,-0.367933,0.584230,-0.345426,-0.440795,0.020409,0.011635
7.634395,-0.367552,0.584611,-0.347333,-0.440795,0.020409,0.011635
7.644448,-0.367552,0.584993,-0.348859,-0.440795,0.020409,0.011635
7.654509,-0.367170,0.584993,-0.350004,-0.440795,0.020409,0.011635
7.664570,-0.367170,0.585374,-0.351148,-0.440795,0.020409,0.011635
7.674633,-0.366789,0.586137,-0.352674,-0.440795,0.020409,0.011635
7.684696,-0.366789,0.586519,-0.353819,-0.440795,0.020027,0.011635
7.694756,-0.366407,0.587282,-0.355344,-0.440795,0.020027,0.011635
7.704817,-0.366407,0.588426,-0.356107,-0.440795,0.020027,0.011635
7.714879,-0.366026,0.589952,-0.357252,-0.440795,0.020409,0.011635
7.724940,-0.366026,0.591478,-0.358396,-0.440795,0.020027,0.011635
7.735050,-0.365263,0.593385,-0.359922,-0.440795,0.020027,0.011254
7.745105,-0.364881,0.594148,-0.361448,-0.440795,0.020027,0.011254
7.755229,-0.364500,0.594148,-0.362974,-0.440795,0.020027,0.011254
7.765289,-0.364118,0.594530,-0.363737,-0.440795,0.020027,0.011254
7.775342,-0.363737,0.594530,-0.364500,-0.440795,0.020027,0.011254
7.785405,-0.363355,0.595293,-0.366026,-0.440795,0.020027,0.011254
7.795465,-0.362974,0.595674,-0.366789,-0.440795,0.020027,0.010872
7.805527,-0.362593,0.596437,-0.368315,-0.440795,0.020027,0.010872
7.815587,-0.362593,0.596818,-0.369078,-0.440795,0.020409,0.010872
7.825645,-0.362211,0.597200,-0.370222,-0.440795,0.020027,0.010872
7.835706,-0.361830,0.597200,-0.370985,-0.440795,0.020027,0.010872
7.845769,-0.361830,0.597963,-0.372511,-0.440795,0.019646,0.010872
7.855830,-0.361830,0.598344,-0.373655,-0.440795,0.019646,0.010872
7.865889,-0.361448,0.598726,-0.375181,-0.440795,0.019646,0.010872
7.875952,-0.361448,0.599107,-0.375944,-0.440795,0.019646,0.010872
7.886004,-0.361448,0.599870,-0.377470,-0.440795,0.019265,0.010872
7.896064,-0.361448,0.600252,-0.378233,-0.440795,0.019265,0.010872
7.906126,-0.361448,0.601015,-0.380140,-0.440795,0.018883,0.010872
7.916185,-0.361067,0.601396,-0.380903,-0.440795,0.018883,0.010872
7.926248,-0.360685,0.602159,-0.382811,-0.440795,0.018502,0.010491
7.936306,-0.360304,0.602541,-0.383574,-0.440795,0.018502,0.010491
7.946365,-0.359541,0.603304,-0.385481,-0.440795,0.016976,0.010872
7.956427,-0.359159,0.604067,-0.387007,-0.440795,0.016594,0.010491
7.966478,-0.358015,0.605211,-0.388533,-0.440795,0.015831,0.010872
7.976532,-0.357633,0.605974,-0.389677,-0.440795,0.015450,0.010491
7.986589,-0.357252,0.606355,-0.391966,-0.440795,0.015068,0.010491
7.996645,-0.356870,0.606737,-0.393111,-0.440795,0.015450,0.010491
8.006698,-0.356870,0.607500,-0.394636,-0.440414,0.015831,0.010491
8.016747,-0.356870,0.607881,-0.395781,-0.440414,0.015831,0.010491
8.026808,-0.356870,0.608263,-0.397307,-0.440414,0.015831,0.010491
8.036868,-0.356870,0.608263,-0.398451,-0.440414,0.015450,0.010491
8.046932,-0.356870,0.608263,-0.399596,-0.440414,0.015450,0.010491
8.056995,-0.356870,0.607881,-0.400359,-0.439651,0.015450,0.010491
8.067056,-0.356870,0.607881,-0.401122,-0.439651,0.015068,0.010491
8.077119,-0.356870,0.607881,-0.402647,-0.439651,0.014687,0.010491
8.087179,-0.356870,0.607881,-0.403792,-0.439651,0.014687,0.010109
8.097241,-0.356870,0.607500,-0.405318,-0.439651,0.014687,0.010109
8.107299,-0.356870,0.607500,-0.406462,-0.439651,0.014687,0.010109
8.117366,-0.356870,0.607500,-0.407607,-0.439651,0.014687,0.010109
8.127428,-0.356870,0.607881,-0.408751,-0.439651,0.014687,0.010109
8.137493,-0.356870,0.607881,-0.410658,-0.439651,0.015068,0.010109
8.147553,-0.356870,0.607881,-0.412184,-0.439269,0.014687,0.010109
8.157615,-0.356870,0.607881,-0.413710,-0.438506,0.015068,0.010109
8.167675,-0.356870,0.607881,-0.414473,-0.438125,0.015068,0.010109
8.177737,-0.356870,0.607881,-0.416381,-0.437362,0.015068,0.010109
8.187797,-0.356870,0.607881,-0.417525,-0.436980,0.015068,0.010109
8.197860,-0.356870,0.607500,-0.419432,-0.435836,0.015068,0.010109
8.207919,-0.356870,0.607500,-0.420577,-0.434691,0.015068,0.010109
8.217980,-0.356870,0.607500,-0.422484,-0.432784,0.015068,0.010109
8.228040,-0.356870,0.607881,-0.424010,-0.431640,0.014687,0.010109
8.238102,-0.356870,0.607881,-0.425917,-0.430114,0.015068,0.009728
8.248162,-0.356870,0.607881,-0.427062,-0.428969,0.014687,0.010109
8.258224,-0.356870,0.607881,-0.428588,-0.427062,0.015068,0.010109
8.268283,-0.356870,0.607881,-0.430114,-0.425917,0.015068,0.009728
8.278346,-0.356870,0.607500,-0.431258,-0.424010,0.015068,0.009728
8.288405,-0.356870,0.607500,-0.432021,-0.423247,0.015068,0.009728
8.298467,-0.356870,0.607500,-0.433547,-0.421721,0.014687,0.010109
8.308526,-0.356870,0.607500,-0.434691,-0.420958,0.015068,0.009728
8.318586,-0.356870,0.607500,-0.436599,-0.419051,0.015068,0.009728
8.328647,-0.356870,0.607500,-0.437362,-0.417906,0.015068,0.009728
8.338709,-0.356870,0.607500,-0.438125,-0.416762,0.015068,0.009728
8.348770,-0.356870,0.607881,-0.439269,-0.414855,0.015068,0.010109
8.358832,-0.356870,0.607881,-0.440414,-0.413710,0.015068,0.010109
8.368895,-0.356870,0.607500,-0.441939,-0.411803,0.015068,0.009728
8.378956,-0.356870,0.607500,-0.443084,-0.410658,0.015068,0.009728
8.389019,-0.356870,0.607500,-0.443847,-0.408751,0.015068,0.009728
8.399083,-0.356870,0.607500,-0.444610,-0.407607,0.015068,0.009728
8.409142,-0.357252,0.607500,-0.445754,-0.406081,0.015068,0.010109
8.419204,-0.357252,0.607500,-0.446517,-0.405318,0.015068,0.009728
8.429264,-0.357252,0.607500,-0.448043,-0.403792,0.015068,0.009728
8.439325,-0.357252,0.607500,-0.449187,-0.402647,0.015068,0.009728
8.449386,-0.357252,0.607500,-0.450332,-0.400740,0.015068,0.009728
8.459448,-0.357252,0.607500,-0.451095,-0.399214,0.015068,0.010109
8.469512,-0.357252,0.607500,-0.452621,-0.397307,0.015068,0.009728
8.479577,-0.357252,0.607500,-0.453384,-0.396162,0.015068,0.009728
8.489635,-0.357252,0.607500,-0.454910,-0.394636,0.015450,0.010109
8.499699,-0.357252,0.607500,-0.455673,-0.393111,0.015450,0.010109
8.509759,-0.357252,0.607500,-0.457198,-0.391203,0.015450,0.010109
8.519820,-0.357252,0.607500,-0.457961,-0.390059,0.015450,0.010109
8.529880,-0.357633,0.607500,-0.459487,-0.388533,0.015450,0.010109
8.539942,-0.357633,0.607500,-0.460250,-0.387388,0.015450,0.010109
8.549995,-0.357633,0.607500,-0.461776,-0.385863,0.015450,0.010109
8.560047,-0.357633,0.607500,-0.462539,-0.384718,0.015450,0.010109
8.570099,-0.357633,0.607500,-0.463684,-0.383192,0.015450,0.010109
8.580154,-0.357633,0.607500,-0.464446,-0.382048,0.015450,0.009728
8.590215,-0.357633,0.607500,-0.465591,-0.380522,0.015450,0.010109
8.600276,-0.357633,0.607118,-0.466354,-0.379377,0.015450,0.010109
8.610338,-0.357633,0.606737,-0.467880,-0.377470,0.015831,0.010109
8.620388,-0.357633,0.606355,-0.468261,-0.375944,0.015831,0.010109
8.630453,-0.357633,0.606355,-0.469406,-0.374800,0.015831,0.010109
8.640518,-0.357633,0.606355,-0.470550,-0.372892,0.015831,0.010109
8.650578,-0.357633,0.606355,-0.471313,-0.371366,0.015831,0.010109
8.660641,-0.357633,0.605974,-0.472839,-0.369459,0.015831,0.010109
8.670700,-0.357633,0.605974,-0.473983,-0.367933,0.015831,0.010109
8.680753,-0.357633,0.605974,-0.475128,-0.365644,0.015831,0.010109
8.690816,-0.357633,0.605974,-0.476272,-0.364118,0.015831,0.010109
8.700876,-0.358015,0.605974,-0.477798,-0.361448,0.015831,0.010109
8.710940,-0.358015,0.605974,-0.478561,-0.359922,0.016213,0.010109
8.721005,-0.358015,0.605592,-0.480087,-0.357633,0.016213,0.010109
8.731066,-0.358015,0.605211,-0.480850,-0.356107,0.016594,0.010109
8.741128,-0.358015,0.605211,-0.481613,-0.354200,0.017357,0.010109
8.751192,-0.358015,0.605211,-0.482376,-0.352674,0.017739,0.010109
8.761252,-0.358396,0.604829,-0.483520,-0.351148,0.018120,0.010491
8.771313,-0.358396,0.604448,-0.484665,-0.350004,0.018502,0.010109
8.781374,-0.358396,0.604067,-0.486191,-0.347715,0.019265,0.010491
8.791438,-0.358396,0.603685,-0.486954,-0.345808,0.019646,0.010109
8.801501,-0.358396,0.603685,-0.487716,-0.343519,0.020027,0.010491
8.811561,-0.358396,0.603304,-0.488479,-0.341993,0.020409,0.010491
8.821620,-0.358396,0.602541,-0.489624,-0.340467,0.021172,0.010491
8.831680,-0.358396,0.602159,-0.490387,-0.339322,0.021172,0.010491
8.841743,-0.358396,0.601015,-0.491150,-0.337797,0.021553,0.010491
8.851803,-0.358778,0.600252,-0.491913,-0.336271,0.021935,0.010491
8.861865,-0.358778,0.599107,-0.492676,-0.333982,0.022316,0.010872
8.871925,-0.358778,0.598344,-0.493439,-0.332456,0.021935,0.010491
8.881987,-0.358778,0.597581,-0.494202,-0.330167,0.021935,0.010491
8.892047,-0.359159,0.596818,-0.494965,-0.328641,0.021935,0.010491
8.902120,-0.359541,0.595674,-0.496490,-0.326734,0.021935,0.010872
8.912179,-0.359922,0.594911,-0.496872,-0.325589,0.022316,0.010872
8.922242,-0.359922,0.593767,-0.498016,-0.324445,0.021935,0.010872
8.932306,-0.360685,0.593004,-0.498779,-0.322919,0.021935,0.010872
8.942363,-0.361067,0.592241,-0.499542,-0.321012,0.021935,0.010872
8.952422,-0.362593,0.591096,-0.501068,-0.319104,0.022316,0.010872
8.962484,-0.363355,0.590715,-0.501831,-0.317960,0.022316,0.011254
8.972547,-0.365263,0.589952,-0.502976,-0.316052,0.022316,0.011254
8.982607,-0.366026,0.589189,-0.503738,-0.314527,0.023461,0.011254
8.992668,-0.367933,0.587663,-0.505264,-0.313001,0.024987,0.011254
9.002728,-0.369459,0.586519,-0.506027,-0.311856,0.026131,0.011254
9.012785,-0.370603,0.585756,-0.507172,-0.309949,0.027276,0.011254
9.022840,-0.371366,0.585374,-0.507935,-0.308804,0.026894,0.011254
9.032892,-0.371366,0.584230,-0.509461,-0.307660,0.026513,0.011254
9.042945,-0.371748,0.583848,-0.510224,-0.306516,0.026131,0.011635
9.052994,-0.372129,0.583085,-0.511368,-0.304990,0.026513,0.011635
9.063046,-0.372129,0.583085,-0.512131,-0.303845,0.026131,0.011635
9.073098,-0.372511,0.582322,-0.513657,-0.301938,0.026513,0.011635
9.083150,-0.372511,0.581559,-0.514801,-0.300412,0.026513,0.012016
9.093176,-0.373274,0.580797,-0.516327,-0.298505,0.026513,0.011635
9.103239,-0.373655,0.579271,-0.517090,-0.296979,0.026894,0.012016
9.113293,-0.374037,0.577745,-0.518235,-0.294690,0.028420,0.012016
9.123354,-0.374800,0.577363,-0.519379,-0.293164,0.029183,0.012016
9.133416,-0.375563,0.576219,-0.520523,-0.291257,0.030327,0.012016
9.143476,-0.376326,0.575456,-0.521286,-0.289731,0.031090,0.012398
9.153534,-0.377470,0.574311,-0.522431,-0.287823,0.032235,0.012398
9.163595,-0.378233,0.573167,-0.523575,-0.285916,0.032235,0.012398
9.173659,-0.379759,0.572023,-0.524338,-0.283627,0.032235,0.012398
9.183719,-0.381285,0.571641,-0.525101,-0.282101,0.032235,0.012779
9.193780,-0.382048,0.571260,-0.525864,-0.280575,0.032235,0.012779
9.203841,-0.383574,0.570115,-0.527008,-0.278668,0.032235,0.012779
9.213902,-0.384337,0.569734,-0.527390,-0.277523,0.031853,0.012779
9.223966,-0.385100,0.568971,-0.527771,-0.275235,0.031472,0.012779
9.234028,-0.385481,0.568589,-0.528534,-0.274090,0.031853,0.013161
9.244089,-0.386625,0.567826,-0.529297,-0.272183,0.031853,0.013161
9.254154,-0.387388,0.567063,-0.529679,-0.270657,0.032235,0.013161
9.264214,-0.388151,0.565537,-0.530442,-0.268368,0.032235,0.013161
9.274276,-0.388914,0.564393,-0.530823,-0.266842,0.032616,0.013542
9.284336,-0.390059,0.562104,-0.531586,-0.264553,0.032998,0.013542
9.294397,-0.390822,0.561341,-0.531586,-0.263027,0.033761,0.013542
9.304458,-0.391966,0.560197,-0.532349,-0.261501,0.034524,0.013924
9.314519,-0.393111,0.559815,-0.532731,-0.260357,0.035286,0.013924
9.324579,-0.394636,0.559052,-0.533112,-0.258831,0.035668,0.013924
9.334630,-0.395399,0.558289,-0.533494,-0.257687,0.036049,0.014305
9.344680,-0.396544,0.556764,-0.533875,-0.255779,0.036049,0.014305
9.354729,-0.396925,0.556001,-0.533875,-0.254253,0.036049,0.014305
9.364786,-0.397688,0.554475,-0.535019,-0.252346,0.036049,0.014305
9.374840,-0.398451,0.553712,-0.535782,-0.250820,0.036431,0.014687
9.384893,-0.399596,0.552567,-0.536545,-0.248531,0.037194,0.014687
9.394943,-0.400740,0.551423,-0.537308,-0.246624,0.037194,0.014687
9.405004,-0.401884,0.549516,-0.538071,-0.244717,0.037575,0.015068
9.415065,-0.402647,0.548371,-0.538453,-0.243191,0.037957,0.015068
9.425124,-0.404173,0.547608,-0.539216,-0.241665,0.038720,0.015068
9.435188,-0.405318,0.547227,-0.539597,-0.240902,0.039864,0.015450
9.445251,-0.406844,0.546464,-0.539979,-0.239376,0.041772,0.015450
9.455310,-0.407988,0.545701,-0.539979,-0.238613,0.042916,0.015450
9.465392,-0.409133,0.544175,-0.540360,-0.237087,0.044823,0.015450
9.475454,-0.409895,0.543030,-0.541123,-0.235943,0.045205,0.015450
9.485517,-0.410658,0.542267,-0.541886,-0.235180,0.046731,0.015831
9.495568,-0.412184,0.540742,-0.542267,-0.232891,0.049401,0.015831
9.505630,-0.413329,0.539979,-0.542649,-0.231365,0.052071,0.016213
9.515691,-0.414473,0.538453,-0.543412,-0.228695,0.056268,0.016213
9.525752,-0.415618,0.537690,-0.543793,-0.227550,0.059319,0.016213
9.535816,-0.417525,0.535782,-0.544175,-0.225261,0.064279,0.016213
9.545873,-0.419051,0.535019,-0.544556,-0.224117,0.067330,0.016213
9.555925,-0.420195,0.533875,-0.545319,-0.222210,0.071145,0.016594
9.565984,-0.421340,0.533112,-0.545701,-0.221065,0.073434,0.016594
9.576006,-0.422103,0.531586,-0.546082,-0.219539,0.075341,0.016594
9.586059,-0.422484,0.530442,-0.546464,-0.218013,0.075341,0.016976
9.596111,-0.423247,0.528534,-0.547227,-0.216106,0.074960,0.016976
9.606163,-0.423629,0.527390,-0.547990,-0.214961,0.074960,0.016976
9.616216,-0.424773,0.525864,-0.548753,-0.212673,0.074960,0.017357
9.626268,-0.425536,0.525101,-0.549134,-0.211147,0.075341,0.017739
9.636319,-0.426680,0.524338,-0.549897,-0.208858,0.075341,0.017739
9.646372,-0.427825,0.523194,-0.550278,-0.207332,0.075341,0.018120
9.656425,-0.429351,0.521668,-0.550660,-0.205425,0.074960,0.018502
9.666477,-0.430877,0.520905,-0.551423,-0.204280,0.075341,0.018883
9.676528,-0.432784,0.518997,-0.552186,-0.202373,0.075341,0.018883
9.686579,-0.433928,0.518235,-0.552567,-0.201228,0.075341,0.019265
9.696642,-0.435454,0.516709,-0.552567,-0.199702,0.074960,0.019265
9.706701,-0.436980,0.515564,-0.552949,-0.198558,0.074960,0.019646
9.716765,-0.438506,0.513657,-0.553712,-0.196651,0.075723,0.020027
9.726827,-0.439651,0.512512,-0.554093,-0.195506,0.076104,0.020027
9.736886,-0.440795,0.511749,-0.554093,-0.194362,0.076867,0.020409
9.746946,-0.443084,0.510605,-0.554093,-0.192454,0.078393,0.020409
9.757008,-0.444610,0.509842,-0.554475,-0.191310,0.079919,0.020790
9.767071,-0.446136,0.508698,-0.554856,-0.189403,0.081827,0.021172
9.777136,-0.446899,0.507553,-0.555238,-0.188640,0.082589,0.021553
9.787197,-0.448043,0.506027,-0.556001,-0.187114,0.083352,0.021935
9.797259,-0.449569,0.505264,-0.556382,-0.185588,0.083734,0.021935
9.807319,-0.451095,0.503738,-0.556382,-0.183680,0.085260,0.022316
9.817380,-0.452239,0.502976,-0.556764,-0.182536,0.086404,0.022698
9.827441,-0.453765,0.501068,-0.557145,-0.180629,0.089075,0.023079
9.837502,-0.455291,0.499924,-0.557145,-0.179484,0.090982,0.022698
9.847562,-0.457580,0.498016,-0.557527,-0.177195,0.094797,0.023079
9.857623,-0.458724,0.497253,-0.557527,-0.176051,0.097467,0.023079
9.867683,-0.459869,0.496490,-0.557527,-0.174525,0.101663,0.023461
9.877744,-0.461013,0.495346,-0.557908,-0.173381,0.104334,0.023461
9.887805,-0.462921,0.494202,-0.558289,-0.171855,0.108530,0.023461
9.897865,-0.464446,0.493057,-0.558289,-0.170710,0.111582,0.023842
9.907926,-0.466354,0.491531,-0.558671,-0.168803,0.116159,0.023842
9.917987,-0.467498,0.490768,-0.559052,-0.168040,0.118830,0.023842
9.928047,-0.469787,0.489242,-0.559052,-0.166514,0.121500,0.024224
9.938108,-0.470550,0.488098,-0.559052,-0.165370,0.122644,0.024224
9.948169,-0.472076,0.486191,-0.559052,-0.163462,0.122644,0.024224
9.958231,-0.472457,0.485046,-0.559434,-0.162699,0.122263,0.024605
9.968252,-0.473602,0.483520,-0.559434,-0.162318,0.121881,0.024605
9.978314,-0.474365,0.482757,-0.559434,-0.161936,0.121881,0.024987
9.988377,-0.476272,0.481231,-0.559434,-0.161555,0.121500,0.025368
9.998436,-0.477417,0.480087,-0.559434,-0.161555,0.121881,0.025368
10.008496,-0.479706,0.478561,-0.559815,-0.161555,0.122263,0.025368
10.018558,-0.481613,0.477417,-0.559815,-0.161555,0.123026,0.025750
10.028622,-0.483139,0.476654,-0.559815,-0.161555,0.123789,0.025750
10.038685,-0.484665,0.475128,-0.559815,-0.161555,0.123789,0.026131
10.048745,-0.485809,0.474365,-0.559815,-0.161555,0.123789,0.026131
10.058808,-0.487716,0.472839,-0.560197,-0.160410,0.123789,0.026131
10.068873,-0.488861,0.471695,-0.560197,-0.159648,0.123789,0.026513
10.078927,-0.490768,0.469787,-0.560960,-0.157740,0.123407,0.026513
10.088981,-0.492676,0.468643,-0.561341,-0.156596,0.123789,0.026894
10.099033,-0.495346,0.466735,-0.561723,-0.154688,0.125315,0.026894
10.109084,-0.496872,0.465591,-0.561723,-0.153544,0.126459,0.026894
10.119136,-0.498398,0.462921,-0.562104,-0.151637,0.127604,0.027276
10.129186,-0.499924,0.461776,-0.562104,-0.150111,0.128367,0.027276
10.139251,-0.502213,0.460632,-0.562104,-0.148585,0.129511,0.027657
10.149315,-0.503357,0.459869,-0.562104,-0.147059,0.131418,0.027657
10.159378,-0.506027,0.458343,-0.562104,-0.145151,0.134852,0.028038
10.169441,-0.507553,0.456817,-0.562104,-0.144007,0.137522,0.028038
10.179503,-0.509842,0.454910,-0.562104,-0.142481,0.142863,0.028038
10.189564,-0.510986,0.453765,-0.562104,-0.141718,0.145914,0.028420
10.199626,-0.512894,0.452621,-0.562104,-0.140192,0.150874,0.028801
10.209685,-0.514801,0.451476,-0.562104,-0.139048,0.153925,0.029183
10.219748,-0.517090,0.449569,-0.562104,-0.137140,0.158885,0.029183
10.229807,-0.518616,0.448425,-0.562104,-0.135996,0.162699,0.029946
10.239870,-0.520905,0.446899,-0.562104,-0.134089,0.166896,0.029946
10.249929,-0.522049,0.446136,-0.562104,-0.132944,0.168803,0.030327
10.259989,-0.523575,0.444991,-0.562104,-0.131037,0.169947,0.030709
10.270054,-0.524720,0.443847,-0.562104,-0.129892,0.170329,0.030709
10.280116,-0.526246,0.441939,-0.562104,-0.128748,0.170710,0.031090
10.290178,-0.527008,0.440795,-0.562104,-0.128367,0.170329,0.031472
10.300242,-0.528916,0.439651,-0.562104,-0.127222,0.170329,0.031853
10.310301,-0.531205,0.438506,-0.562104,-0.126459,0.170329,0.032235
10.320364,-0.532731,0.437743,-0.562104,-0.124933,0.170710,0.032235
10.330424,-0.534638,0.436217,-0.562104,-0.123026,0.170710,0.032616
10.340486,-0.536545,0.434691,-0.562104,-0.121881,0.170710,0.032998
10.350549,-0.539216,0.433165,-0.562104,-0.120356,0.170710,0.033379
10.360611,-0.540742,0.432021,-0.562104,-0.119211,0.171092,0.033761
10.370674,-0.543793,0.430495,-0.562104,-0.117304,0.171473,0.034142
10.380737,-0.545319,0.428969,-0.562104,-0.116541,0.172236,0.034524
10.390797,-0.547608,0.427062,-0.562104,-0.115015,0.172999,0.034524
10.400858,-0.549134,0.425536,-0.562104,-0.114252,0.174144,0.034905
10.410919,-0.551804,0.424010,-0.562104,-0.112345,0.175669,0.035668
10.420982,-0.553330,0.423247,-0.562104,-0.111582,0.177577,0.035668
10.431043,-0.556001,0.422103,-0.562104,-0.110056,0.181773,0.036431
10.441106,-0.557908,0.420577,-0.562104,-0.109293,0.185588,0.037194
10.451170,-0.560197,0.418669,-0.562104,-0.108148,0.191310,0.038338
10.461233,-0.561723,0.417525,-0.562104,-0.107385,0.195125,0.038720
10.471294,-0.564393,0.415999,-0.562104,-0.105859,0.200847,0.039864
10.481356,-0.566300,0.414855,-0.562104,-0.104715,0.204280,0.041009
10.491410,-0.568971,0.412947,-0.562104,-0.103571,0.210384,0.042153
10.501464,-0.570497,0.411421,-0.562104,-0.102426,0.213436,0.042916
10.511516,-0.572023,0.409895,-0.562104,-0.101282,0.215724,0.043679
10.521579,-0.573167,0.409133,-0.562104,-0.100137,0.216487,0.044823
10.531643,-0.575074,0.407225,-0.562104,-0.098993,0.217632,0.046731
10.541705,-0.576219,0.406081,-0.562104,-0.098230,0.218776,0.047875
10.551759,-0.578508,0.404173,-0.562104,-0.097086,0.219921,0.049783
10.561812,-0.580034,0.403029,-0.562104,-0.097086,0.220684,0.050546
10.571875,-0.582704,0.401884,-0.562104,-0.096704,0.222972,0.052071
10.581937,-0.584230,0.400740,-0.562104,-0.096704,0.223735,0.052834
10.592036,-0.586900,0.398833,-0.562104,-0.095941,0.225261,0.053979
10.602099,-0.588808,0.397688,-0.562104,-0.095941,0.226024,0.054742
10.612162,-0.590333,0.396544,-0.562104,-0.095560,0.227550,0.055886
10.622216,-0.593767,0.395018,-0.562104,-0.095178,0.230983,0.056649
10.632277,-0.595293,0.394255,-0.562104,-0.095178,0.233654,0.057412
10.642340,-0.597963,0.392348,-0.562104,-0.095178,0.238613,0.058556
10.652404,-0.599870,0.390822,-0.562104,-0.095178,0.241665,0.058938
10.662467,-0.602922,0.388914,-0.562104,-0.095178,0.246624,0.059701
10.672529,-0.604829,0.387770,-0.562104,-0.095178,0.249294,0.060082
10.682582,-0.607881,0.386625,-0.562104,-0.095178,0.253872,0.060845
10.692632,-0.609407,0.385481,-0.562104,-0.095178,0.255779,0.061227
10.702695,-0.611315,0.383192,-0.562104,-0.095178,0.256924,0.061990
10.712756,-0.612459,0.381666,-0.562104,-0.095178,0.257305,0.062371
10.722808,-0.614366,0.380522,-0.562104,-0.095178,0.257305,0.063134
10.732871,-0.615892,0.379377,-0.562104,-0.095178,0.257305,0.063516
10.742936,-0.618944,0.377852,-0.562104,-0.095178,0.257305,0.064279
10.752989,-0.620470,0.376707,-0.562104,-0.095178,0.257305,0.064660
10.763050,-0.622759,0.374418,-0.562104,-0.095178,0.257305,0.065042
10.773112,-0.624666,0.373274,-0.562104,-0.095178,0.256924,0.065423
10.783165,-0.627337,0.371748,-0.562104,-0.094415,0.257305,0.065805
10.793219,-0.628862,0.370603,-0.561723,-0.093652,0.257687,0.066186
10.803272,-0.632296,0.368696,-0.562104,-0.092126,0.259213,0.066949
10.813332,-0.633822,0.367170,-0.562104,-0.090982,0.260357,0.067330
10.823385,-0.636492,0.365644,-0.561723,-0.089075,0.261883,0.067712
10.833446,-0.638018,0.364881,-0.561723,-0.088312,0.263409,0.068093
10.843507,-0.640688,0.362974,-0.561723,-0.086404,0.266842,0.068093
10.853569,-0.643359,0.361448,-0.561723,-0.085260,0.269512,0.068475
10.863629,-0.646029,0.359922,-0.561723,-0.083734,0.274853,0.068856
10.873690,-0.647555,0.359159,-0.561723,-0.082589,0.277905,0.069238
10.883743,-0.649462,0.358015,-0.561341,-0.081445,0.281720,0.069238
10.893795,-0.652132,0.356107,-0.560960,-0.079919,0.287060,0.070001
10.903857,-0.653658,0.354582,-0.560960,-0.079156,0.291638,0.070382
10.913918,-0.656710,0.353056,-0.560578,-0.078012,0.298123,0.070764
10.923979,-0.658236,0.352293,-0.560578,-0.077630,0.301556,0.071145
10.934007,-0.660143,0.350767,-0.560197,-0.076486,0.303464,0.071527
10.944070,-0.662051,0.350004,-0.560197,-0.076104,0.304227,0.071908
10.954132,-0.663958,0.348096,-0.560197,-0.074960,0.304990,0.072671
10.964197,-0.665103,0.346952,-0.560197,-0.074197,0.304990,0.073053
10.974257,-0.668154,0.345426,-0.560197,-0.073053,0.304990,0.073434
10.984320,-0.670062,0.344282,-0.560197,-0.072290,0.305753,0.073816
10.994382,-0.672351,0.343137,-0.560197,-0.071908,0.305753,0.074197
11.004444,-0.674258,0.341993,-0.560197,-0.071145,0.305753,0.074578
11.014507,-0.676928,0.340467,-0.560197,-0.070764,0.306134,0.075341
11.024570,-0.678836,0.339322,-0.560197,-0.070001,0.306516,0.075723
11.034635,-0.681888,0.337797,-0.560197,-0.069619,0.307660,0.076104
11.044695,-0.683795,0.336652,-0.560197,-0.068856,0.308423,0.076486
11.054759,-0.686465,0.335126,-0.559815,-0.068475,0.309949,0.076486
11.064819,-0.687991,0.333982,-0.559815,-0.068093,0.311093,0.076867
11.074878,-0.690661,0.331312,-0.559052,-0.066949,0.314145,0.077630
11.084941,-0.692569,0.330549,-0.559052,-0.066949,0.317197,0.077630
11.095003,-0.695621,0.329023,-0.558289,-0.066567,0.322538,0.078393
11.105059,-0.697147,0.328260,-0.557908,-0.066567,0.326734,0.078775
11.115118,-0.700198,0.326352,-0.557908,-0.066567,0.332074,0.079156
11.125180,-0.702106,0.325208,-0.557527,-0.066186,0.335508,0.079538
11.135241,-0.704776,0.322919,-0.556764,-0.066186,0.341611,0.080301
11.145302,-0.706683,0.322156,-0.556001,-0.066567,0.345426,0.080682
11.155365,-0.708972,0.320630,-0.554856,-0.066567,0.350385,0.081827
11.165425,-0.710498,0.319104,-0.554093,-0.066567,0.352293,0.082208
11.175550,-0.712787,0.316815,-0.552567,-0.066186,0.354582,0.083352
11.185614,-0.713931,0.315671,-0.551804,-0.066186,0.355726,0.083734
11.195674,-0.715457,0.314908,-0.550660,-0.066567,0.356489,0.084497
11.205736,-0.718509,0.313001,-0.549516,-0.066567,0.358015,0.085260
11.215801,-0.720035,0.311475,-0.548753,-0.066567,0.358778,0.086023
11.225862,-0.722324,0.309186,-0.547227,-0.066186,0.359922,0.086786
11.235924,-0.724613,0.307660,-0.546082,-0.066186,0.360685,0.087549
11.245984,-0.726902,0.306516,-0.544175,-0.066567,0.361830,0.088693
11.256044,-0.728428,0.305371,-0.543412,-0.066186,0.364118,0.089837
11.266104,-0.731861,0.303845,-0.542267,-0.066186,0.368315,0.091363
11.276167,-0.733387,0.303082,-0.541505,-0.066186,0.371748,0.092889
11.286231,-0.735676,0.301556,-0.539979,-0.066186,0.375944,0.094034
11.296291,-0.737583,0.300793,-0.538834,-0.066186,0.378614,0.095178
11.306354,-0.739490,0.299268,-0.537308,-0.066186,0.382048,0.096704
11.316413,-0.741398,0.298123,-0.536545,-0.066186,0.383955,0.097848
11.326476,-0.743687,0.296216,-0.535401,-0.066186,0.387388,0.099374
11.336541,-0.745212,0.295071,-0.534257,-0.066186,0.388533,0.100519
11.346594,-0.747120,0.293927,-0.532349,-0.066186,0.388533,0.102045
11.356655,-0.748264,0.292782,-0.530823,-0.066186,0.388533,0.102426
11.366717,-0.749790,0.291638,-0.529679,-0.066186,0.388533,0.103571
11.376777,-0.751316,0.290494,-0.529297,-0.066186,0.388533,0.103952
11.386840,-0.753223,0.288968,-0.527771,-0.066186,0.388533,0.104715
11.396899,-0.755131,0.288205,-0.527008,-0.066186,0.388533,0.105478
11.406961,-0.757420,0.286679,-0.525101,-0.066186,0.388533,0.105859
11.417020,-0.758946,0.285916,-0.524338,-0.066186,0.388533,0.106622
11.427082,-0.760853,0.284009,-0.522812,-0.066186,0.388533,0.107385
11.437142,-0.762379,0.282864,-0.522049,-0.066186,0.388914,0.107767
11.447202,-0.764668,0.280957,-0.520142,-0.066186,0.390440,0.108148
11.457264,-0.765812,0.280194,-0.518616,-0.066186,0.391203,0.108530
11.467325,-0.768482,0.279049,-0.517090,-0.066186,0.391966,0.108911
11.477385,-0.770008,0.278286,-0.516327,-0.066186,0.393111,0.109293
11.487481,-0.771534,0.277142,-0.515183,-0.066186,0.395018,0.109674
11.497533,-0.773060,0.275998,-0.514420,-0.066186,0.395781,0.110056
11.507594,-0.774586,0.275235,-0.513275,-0.066186,0.396544,0.110056
11.517655,-0.776112,0.273709,-0.511749,-0.066186,0.398833,0.110437
11.527708,-0.777256,0.272946,-0.510986,-0.066186,0.400740,0.110437
11.537768,-0.779545,0.271420,-0.509079,-0.066186,0.403792,0.111200
11.547821,-0.781071,0.270275,-0.507935,-0.066186,0.406462,0.111200
11.557884,-0.782979,0.268750,-0.506027,-0.066186,0.410277,0.111582
11.567944,-0.784123,0.267605,-0.505264,-0.066186,0.412947,0.111582
11.577996,-0.785649,0.266079,-0.503738,-0.066186,0.416381,0.111963
11.588057,-0.786793,0.265698,-0.502594,-0.066186,0.419432,0.112345
11.598118,-0.788319,0.264553,-0.501068,-0.066186,0.424392,0.112345
11.608178,-0.789082,0.263790,-0.500305,-0.066186,0.427443,0.112345
11.618239,-0.790608,0.263027,-0.499161,-0.066186,0.430877,0.112726
11.628293,-0.792134,0.261883,-0.498398,-0.066186,0.432784,0.112726
11.638346,-0.793660,0.260357,-0.496872,-0.066186,0.434310,0.113107
11.648400,-0.794423,0.259213,-0.495727,-0.066186,0.434310,0.113107
11.658453,-0.795567,0.257687,-0.493439,-0.066186,0.433547,0.113107
11.668505,-0.795949,0.256542,-0.492676,-0.066186,0.433547,0.113489
11.678558,-0.796712,0.255016,-0.491531,-0.066186,0.433165,0.113870
11.688610,-0.797093,0.253872,-0.490387,-0.066186,0.433165,0.113870
11.698662,-0.798619,0.252728,-0.488479,-0.066186,0.433165,0.113870
11.708713,-0.799382,0.251583,-0.487335,-0.066186,0.433165,0.114633
11.718766,-0.800526,0.250439,-0.486191,-0.066186,0.433165,0.114633
11.728816,-0.801289,0.249676,-0.485809,-0.066186,0.433547,0.115015
11.738877,-0.802815,0.248150,-0.484283,-0.066186,0.433928,0.115396
11.748937,-0.803960,0.247387,-0.483139,-0.066186,0.433928,0.115778
11.759038,-0.805867,0.245861,-0.481231,-0.066186,0.433928,0.115778
11.769090,-0.806630,0.244717,-0.480468,-0.066186,0.433547,0.116159
11.779145,-0.807393,0.243572,-0.479324,-0.066186,0.433547,0.116159
11.789197,-0.808537,0.242046,-0.478180,-0.066186,0.433547,0.116541
11.799250,-0.809300,0.241283,-0.477417,-0.066186,0.433547,0.116541
11.809302,-0.810445,0.240139,-0.475509,-0.066186,0.433928,0.116541
11.819356,-0.810826,0.238994,-0.474746,-0.066186,0.433928,0.116922
11.829409,-0.811589,0.238231,-0.473983,-0.066186,0.433928,0.116922
11.839459,-0.812352,0.237469,-0.473220,-0.066186,0.434310,0.117304
11.849520,-0.813115,0.236324,-0.472076,-0.066186,0.435073,0.117304
11.859580,-0.813878,0.235561,-0.470932,-0.066186,0.435454,0.117304
11.869641,-0.815023,0.234035,-0.469406,-0.066186,0.435454,0.117685
11.879705,-0.815785,0.233272,-0.468261,-0.066186,0.435454,0.117685
11.889757,-0.817311,0.231746,-0.466735,-0.066186,0.435454,0.117685
11.899818,-0.818074,0.230220,-0.465972,-0.066186,0.435454,0.118067
11.909876,-0.819219,0.229076,-0.464065,-0.066186,0.435454,0.118448
11.919938,-0.819982,0.228313,-0.463302,-0.066186,0.435454,0.118067
11.929997,-0.820363,0.227169,-0.462158,-0.066186,0.435836,0.118448
11.940049,-0.820745,0.226406,-0.461395,-0.066186,0.435836,0.118448
11.950103,-0.820745,0.225643,-0.459869,-0.066186,0.435836,0.118448
11.960155,-0.820745,0.225261,-0.459106,-0.066186,0.436217,0.118830
11.970208,-0.820745,0.224117,-0.457580,-0.066186,0.436599,0.118830
11.980260,-0.820745,0.222972,-0.456435,-0.066186,0.436980,0.118830
11.990313,-0.820745,0.221828,-0.454910,-0.066186,0.436980,0.119211
12.000363,-0.820745,0.220302,-0.453765,-0.066186,0.437362,0.119211
12.010427,-0.820745,0.219158,-0.451476,-0.066186,0.437362,0.119211
12.020486,-0.820745,0.218013,-0.449950,-0.066567,0.437743,0.119211
12.030580,-0.820745,0.216869,-0.448806,-0.066567,0.438506,0.119593
12.040644,-0.820745,0.216106,-0.448043,-0.066567,0.438888,0.119593
12.050706,-0.820745,0.215724,-0.447280,-0.066567,0.438888,0.119593
12.060768,-0.820745,0.215343,-0.445754,-0.066567,0.438888,0.119593
12.070828,-0.820745,0.214961,-0.444610,-0.066567,0.438888,0.119593
12.080889,-0.820745,0.214199,-0.443465,-0.066567,0.438888,0.119593
12.090950,-0.820745,0.213817,-0.442702,-0.066567,0.438888,0.119593
12.101012,-0.820745,0.213054,-0.441558,-0.066567,0.439651,0.119593
12.111063,-0.820745,0.212673,-0.440795,-0.066567,0.439651,0.119593
12.121115,-0.820745,0.211910,-0.439269,-0.066567,0.439269,0.119593
12.131169,-0.820745,0.211147,-0.437743,-0.066567,0.439651,0.119593
12.141221,-0.820745,0.210002,-0.436599,-0.066567,0.439269,0.119593
12.151274,-0.820745,0.208858,-0.435836,-0.066567,0.439269,0.119593
12.161335,-0.820745,0.207713,-0.434691,-0.066567,0.439651,0.119593
12.171398,-0.820745,0.206950,-0.433547,-0.066567,0.439651,0.119593
12.181460,-0.820745,0.206188,-0.431640,-0.066567,0.439651,0.119593
12.191521,-0.820745,0.205806,-0.430877,-0.066567,0.439269,0.119593
12.201581,-0.820745,0.205425,-0.429732,-0.066567,0.439269,0.119593
12.211642,-0.820745,0.205425,-0.429351,-0.066567,0.439651,0.119593
12.221702,-0.820745,0.205043,-0.428206,-0.066567,0.439651,0.119593
12.231763,-0.820745,0.205043,-0.427825,-0.066567,0.439651,0.119593
12.241828,-0.820745,0.205425,-0.427062,-0.066567,0.439269,0.119593
12.251888,-0.820745,0.205425,-0.426680,-0.066567,0.439651,0.119593
12.261950,-0.820745,0.205425,-0.425536,-0.066567,0.439651,0.119593
12.272010,-0.820745,0.205425,-0.425154,-0.066567,0.439651,0.119593
12.282070,-0.820745,0.205425,-0.424392,-0.066567,0.439651,0.119593
12.292131,-0.820745,0.205425,-0.424010,-0.066567,0.439651,0.119593
12.302189,-0.820745,0.205425,-0.423247,-0.066567,0.439269,0.119593
12.312251,-0.820745,0.205425,-0.422866,-0.066567,0.439269,0.119593
12.322310,-0.820745,0.205425,-0.422103,-0.066567,0.439651,0.119593
12.332362,-0.820745,0.205425,-0.421721,-0.066567,0.439269,0.119593
12.342414,-0.820745,0.205425,-0.420958,-0.066567,0.439651,0.119593
12.352466,-0.820745,0.205425,-0.420577,-0.066567,0.439269,0.119593
12.362518,-0.820745,0.205425,-0.420577,-0.066567,0.439651,0.119593
12.372570,-0.820745,0.205425,-0.419814,-0.066567,0.439651,0.119593
12.382622,-0.820745,0.205425,-0.419432,-0.066567,0.439651,0.119593
12.392675,-0.820745,0.205425,-0.419051,-0.066567,0.439651,0.119593
12.402725,-0.820745,0.205425,-0.419051,-0.066567,0.439651,0.119211
12.412775,-0.820745,0.205425,-0.419051,-0.066567,0.439651,0.119593
12.422839,-0.820745,0.205425,-0.418669,-0.066567,0.439651,0.119593
12.432899,-0.820745,0.205425,-0.418669,-0.066567,0.439651,0.119593
12.442961,-0.820745,0.205425,-0.418669,-0.066567,0.439651,0.119593
12.453021,-0.820745,0.205425,-0.418669,-0.066567,0.439651,0.119593
12.463083,-0.820745,0.205425,-0.418669,-0.066567,0.439651,0.119593
12.473144,-0.820745,0.205425,-0.418669,-0.066567,0.439651,0.119593
12.483203,-0.820745,0.205425,-0.418669,-0.066567,0.439651,0.119593
12.493263,-0.820745,0.205425,-0.418669,-0.066567,0.439651,0.119593
12.503316,-0.820745,0.205425,-0.418669,-0.066567,0.439651,0.119593
12.513368,-0.820745,0.205425,-0.418669,-0.066567,0.439651,0.119593
12.523419,-0.820745,0.205425,-0.419051,-0.066567,0.439651,0.119593
12.533471,-0.820745,0.205425,-0.419051,-0.066567,0.439651,0.119593
12.543523,-0.820745,0.205425,-0.419051,-0.066567,0.439651,0.119593
12.553578,-0.820745,0.205425,-0.419051,-0.066567,0.439651,0.119593
12.563628,-0.820745,0.205425,-0.419051,-0.066567,0.439651,0.119593
12.573687,-0.820745,0.205425,-0.419051,-0.066567,0.439651,0.119593
12.583751,-0.820745,0.205425,-0.419051,-0.066567,0.439651,0.119593
12.593852,-0.820745,0.205425,-0.419051,-0.066567,0.439651,0.119593
12.603908,-0.820745,0.205806,-0.419051,-0.066567,0.439651,0.119593
12.613961,-0.820745,0.205806,-0.419051,-0.066567,0.439651,0.119593
12.623993,-0.820745,0.206188,-0.419051,-0.066567,0.439651,0.119593
12.634047,-0.820745,0.206569,-0.419051,-0.066567,0.439651,0.119593
12.644098,-0.820745,0.206950,-0.419051,-0.066567,0.439651,0.119593
12.654152,-0.820745,0.206950,-0.419051,-0.066567,0.439651,0.119593
12.664205,-0.820745,0.207332,-0.419051,-0.066567,0.439651,0.119593
12.674257,-0.820745,0.207713,-0.419432,-0.066567,0.439651,0.119593
12.684309,-0.820745,0.208095,-0.419814,-0.066567,0.439651,0.119593
12.694361,-0.820745,0.208476,-0.420195,-0.066567,0.439651,0.119593
12.704414,-0.820363,0.209621,-0.420577,-0.066567,0.439269,0.119593
12.714465,-0.820363,0.210002,-0.420958,-0.066567,0.439651,0.119593
12.724527,-0.820363,0.211147,-0.421721,-0.066567,0.439651,0.119593
12.734587,-0.820363,0.212291,-0.422103,-0.066567,0.439269,0.119211
12.744648,-0.819982,0.213817,-0.423629,-0.066567,0.439269,0.119211
12.754709,-0.819982,0.214961,-0.424392,-0.066567,0.439269,0.119211
12.764771,-0.819600,0.216487,-0.425536,-0.066567,0.439269,0.119211
12.774835,-0.819219,0.217632,-0.426299,-0.066567,0.439269,0.119211
12.784888,-0.819219,0.219921,-0.427825,-0.066567,0.438888,0.119211
12.794939,-0.818837,0.221828,-0.428588,-0.066186,0.438888,0.119211
12.804991,-0.818456,0.223354,-0.430114,-0.066186,0.438506,0.119211
12.815043,-0.818074,0.224880,-0.430877,-0.066567,0.438506,0.118830
12.825097,-0.818074,0.227169,-0.432784,-0.066567,0.437743,0.118830
12.835148,-0.817693,0.228695,-0.433928,-0.066567,0.436980,0.118830
12.845210,-0.816548,0.230983,-0.436217,-0.066186,0.435836,0.118448
12.855272,-0.815785,0.232509,-0.437362,-0.066186,0.434691,0.118448
12.865351,-0.814641,0.235943,-0.439269,-0.066186,0.432403,0.117685
12.875413,-0.813115,0.237850,-0.440795,-0.066186,0.430877,0.117685
12.885473,-0.812352,0.239376,-0.443084,-0.066186,0.429351,0.117304
12.895525,-0.811208,0.242046,-0.445373,-0.066186,0.426299,0.116922
12.905577,-0.809682,0.244335,-0.446899,-0.066186,0.424773,0.116541
12.915629,-0.807012,0.247768,-0.449569,-0.066186,0.422484,0.116159
12.925680,-0.805104,0.250439,-0.451858,-0.066186,0.421340,0.115778
12.935732,-0.802052,0.253491,-0.454147,-0.066186,0.419814,0.115396
12.945786,-0.799763,0.255398,-0.456054,-0.066186,0.419432,0.115015
12.955838,-0.796330,0.259594,-0.459487,-0.066186,0.418288,0.114252
12.965890,-0.793278,0.262264,-0.461776,-0.066186,0.417525,0.113870
12.975943,-0.789082,0.265316,-0.464446,-0.066186,0.415618,0.113107
12.985993,-0.785649,0.267605,-0.466354,-0.066186,0.414473,0.112345
12.996053,-0.779927,0.271420,-0.469787,-0.066186,0.411040,0.111582
13.006106,-0.776493,0.274472,-0.471695,-0.066186,0.407988,0.111200
13.016158,-0.770771,0.277905,-0.475128,-0.066186,0.403792,0.110437
13.026210,-0.766575,0.280575,-0.477417,-0.066186,0.400740,0.109674
13.036262,-0.760853,0.284390,-0.480850,-0.066186,0.393874,0.108911
13.046316,-0.756275,0.287442,-0.482757,-0.066186,0.389296,0.108530
13.056367,-0.749790,0.291257,-0.486572,-0.066186,0.381666,0.107767
13.066419,-0.745212,0.293927,-0.488861,-0.066186,0.376326,0.107385
13.076472,-0.738346,0.298123,-0.491913,-0.066186,0.368315,0.106622
13.086524,-0.733768,0.301938,-0.494583,-0.066186,0.362974,0.105859
13.096576,-0.726520,0.305753,-0.497635,-0.066186,0.354963,0.104715
13.106628,-0.721942,0.308804,-0.500305,-0.066186,0.349241,0.104334
13.116681,-0.714313,0.313382,-0.503357,-0.066186,0.340085,0.103189
13.126734,-0.709354,0.316434,-0.505646,-0.066186,0.333982,0.102808
13.136791,-0.704013,0.319104,-0.507935,-0.066186,0.328260,0.102045
13.146841,-0.696384,0.324445,-0.511368,-0.066186,0.319486,0.100900
13.156891,-0.691043,0.327878,-0.513657,-0.066186,0.314145,0.100519
13.166942,-0.683413,0.332074,-0.517090,-0.066186,0.306134,0.099756
13.176991,-0.677691,0.335508,-0.518997,-0.066186,0.300412,0.098993
13.187043,-0.669299,0.340848,-0.522049,-0.066567,0.291638,0.097848
13.197094,-0.663958,0.344282,-0.524720,-0.066567,0.285916,0.097086
13.207143,-0.655566,0.349622,-0.527771,-0.066567,0.277523,0.095560
13.217194,-0.649844,0.353437,-0.529679,-0.066567,0.272183,0.094415
13.227245,-0.641070,0.358396,-0.532731,-0.066567,0.264553,0.092889
13.237295,-0.635729,0.362593,-0.534257,-0.066567,0.259594,0.091745
13.247347,-0.626955,0.367933,-0.537690,-0.066949,0.251202,0.090219
13.257396,-0.621233,0.371366,-0.539216,-0.067330,0.245098,0.088693
13.267445,-0.612459,0.377089,-0.541505,-0.067712,0.237087,0.086023
13.277495,-0.606355,0.380903,-0.543030,-0.067712,0.231746,0.084497
13.287546,-0.597963,0.386625,-0.545701,-0.067712,0.223735,0.082208
13.297596,-0.591859,0.390822,-0.547227,-0.068093,0.218776,0.080682
13.307648,-0.583848,0.396162,-0.549516,-0.069619,0.211528,0.077630
13.317697,-0.578126,0.400359,-0.551041,-0.071145,0.206188,0.075723
13.327750,-0.569734,0.406081,-0.552567,-0.073816,0.197795,0.073053
13.337801,-0.564012,0.410277,-0.552949,-0.075341,0.192454,0.071145
13.347854,-0.555619,0.416381,-0.554856,-0.078775,0.184825,0.068475
13.357904,-0.550278,0.420577,-0.555619,-0.081064,0.180629,0.066567
13.367954,-0.541886,0.427062,-0.556764,-0.084497,0.173381,0.064660
13.378003,-0.536927,0.430877,-0.557145,-0.087549,0.168421,0.063134
13.388067,-0.531586,0.434691,-0.557908,-0.090219,0.163081,0.061990
13.398120,-0.523194,0.441176,-0.558671,-0.095178,0.155451,0.059701
13.408173,-0.518235,0.445373,-0.558671,-0.098611,0.150492,0.058556
13.418224,-0.510605,0.451476,-0.559052,-0.103952,0.142863,0.057031
13.428283,-0.505264,0.455673,-0.559434,-0.107767,0.139048,0.056268
13.438348,-0.498016,0.462158,-0.559815,-0.113870,0.133326,0.054742
13.448410,-0.493057,0.465972,-0.560197,-0.117685,0.129129,0.053979
13.458475,-0.486191,0.472076,-0.560197,-0.123789,0.121881,0.052453
13.468537,-0.481613,0.476654,-0.560197,-0.127985,0.116922,0.051690
13.478596,-0.474746,0.482757,-0.560197,-0.134089,0.110056,0.050164
13.488657,-0.469787,0.486954,-0.560197,-0.138285,0.105859,0.049401
13.498712,-0.463302,0.493057,-0.560197,-0.144388,0.100519,0.048257
13.508764,-0.459106,0.497253,-0.560197,-0.148585,0.097467,0.047494
13.518816,-0.453002,0.503357,-0.560197,-0.155070,0.092889,0.045968
13.528870,-0.449187,0.507553,-0.560197,-0.159648,0.089456,0.045205
13.538931,-0.443084,0.513275,-0.560197,-0.166896,0.085260,0.043297
13.548981,-0.439651,0.517090,-0.560197,-0.171855,0.081445,0.041772
13.559039,-0.434310,0.523194,-0.560197,-0.179484,0.075723,0.039864
13.569098,-0.430114,0.527390,-0.559815,-0.184825,0.071527,0.038720
13.579154,-0.425154,0.533112,-0.559815,-0.193217,0.065042,0.036049
13.589204,-0.421721,0.536927,-0.559815,-0.198939,0.061990,0.034142
13.599255,-0.416381,0.542649,-0.559815,-0.207332,0.058556,0.031853
13.609305,-0.413710,0.546464,-0.559434,-0.213436,0.056268,0.030327
13.619374,-0.409514,0.551423,-0.559052,-0.222210,0.053979,0.028420
13.629428,-0.406844,0.554856,-0.558289,-0.227932,0.053216,0.026894
13.639488,-0.403410,0.559815,-0.557908,-0.236706,0.050927,0.024987
13.649544,-0.400740,0.562867,-0.557145,-0.242809,0.049783,0.023842
13.659605,-0.396544,0.567445,-0.555619,-0.251965,0.048638,0.022698
13.669664,-0.393874,0.570878,-0.554856,-0.258450,0.047112,0.021935
13.679725,-0.391585,0.573167,-0.553330,-0.264935,0.044823,0.021553
13.689785,-0.388533,0.576600,-0.551041,-0.274853,0.041390,0.020409
13.699846,-0.385863,0.579271,-0.549516,-0.281338,0.038720,0.020027
13.709907,-0.382048,0.582704,-0.546464,-0.291257,0.034142,0.018883
13.719970,-0.380140,0.585374,-0.544175,-0.297742,0.030327,0.018120
13.730024,-0.377852,0.587663,-0.541123,-0.306897,0.025750,0.017357
13.740085,-0.375944,0.589570,-0.538834,-0.313382,0.023461,0.016976
13.750145,-0.373274,0.592622,-0.535019,-0.322538,0.020409,0.016213
13.760205,-0.371748,0.594530,-0.532731,-0.328641,0.018883,0.015450
13.770266,-0.369841,0.596056,-0.528153,-0.337797,0.016594,0.015068
13.780326,-0.368696,0.597200,-0.525101,-0.343900,0.015450,0.014687
13.790378,-0.367170,0.599107,-0.520523,-0.353056,0.014687,0.014305
13.800430,-0.366407,0.599870,-0.517090,-0.358778,0.015068,0.013924
13.810483,-0.366026,0.601015,-0.511749,-0.367170,0.015068,0.013542
13.820534,-0.365644,0.601396,-0.508316,-0.372511,0.015068,0.013161
13.830586,-0.364881,0.602159,-0.502594,-0.380140,0.015068,0.012779
13.840636,-0.364118,0.602922,-0.498779,-0.385100,0.015068,0.012779
13.850686,-0.363737,0.603685,-0.493057,-0.392348,0.015068,0.012398
13.860735,-0.363355,0.604067,-0.489242,-0.396925,0.015068,0.012016
13.870784,-0.363355,0.604829,-0.482757,-0.403410,0.015450,0.012016
13.880834,-0.363355,0.605211,-0.478180,-0.407607,0.015450,0.012016
13.890887,-0.363355,0.605211,-0.471695,-0.413710,0.015450,0.011635
13.900940,-0.363355,0.605211,-0.467498,-0.417525,0.015450,0.011635
13.910992,-0.363355,0.605211,-0.460632,-0.422866,0.015450,0.011635
13.921044,-0.363355,0.604829,-0.455673,-0.426299,0.015450,0.011635
13.931101,-0.363355,0.604448,-0.451095,-0.429732,0.015450,0.011635
13.941151,-0.363737,0.603304,-0.443847,-0.434310,0.015831,0.011635
13.951202,-0.363737,0.602541,-0.439269,-0.436980,0.015831,0.011635
13.961252,-0.364500,0.600252,-0.431640,-0.440414,0.015450,0.011635
13.971302,-0.364881,0.598726,-0.427062,-0.441939,0.016213,0.011635
13.981362,-0.365644,0.596437,-0.419432,-0.444610,0.017357,0.012016
13.991414,-0.366026,0.593767,-0.414473,-0.445754,0.018502,0.012016
14.001466,-0.367933,0.589952,-0.406844,-0.446899,0.020409,0.012016
14.011514,-0.369459,0.587282,-0.401884,-0.447662,0.021935,0.012016
14.021566,-0.371366,0.581941,-0.394255,-0.447280,0.023461,0.012016
14.031616,-0.372129,0.578126,-0.388914,-0.447280,0.024224,0.012398
14.041666,-0.372511,0.572404,-0.381666,-0.447280,0.025368,0.012398
14.051716,-0.373274,0.567826,-0.376326,-0.447280,0.026894,0.012398
14.061768,-0.374418,0.560960,-0.368696,-0.447280,0.029946,0.012779
14.071817,-0.375563,0.556001,-0.363737,-0.447280,0.031853,0.013161
14.081869,-0.378233,0.547990,-0.355726,-0.447280,0.035286,0.013161
14.091918,-0.380140,0.542267,-0.351148,-0.446899,0.037575,0.013542
14.101967,-0.383955,0.533494,-0.343900,-0.446899,0.040627,0.013924
14.112018,-0.386244,0.527008,-0.338941,-0.446136,0.042153,0.014305
14.122067,-0.390440,0.517090,-0.332074,-0.444610,0.045205,0.014687
14.132138,-0.393874,0.509842,-0.328260,-0.442702,0.047494,0.015068
14.142199,-0.399214,0.499161,-0.322156,-0.439651,0.053597,0.015450
14.152256,-0.403410,0.491150,-0.318341,-0.436980,0.057794,0.015831
14.162309,-0.409895,0.479324,-0.312619,-0.432403,0.065423,0.016594
14.172362,-0.414092,0.471313,-0.309186,-0.428969,0.071145,0.016976
14.182424,-0.421340,0.458343,-0.304608,-0.422484,0.079538,0.017739
14.192486,-0.426299,0.449569,-0.301556,-0.417906,0.084878,0.018502
14.202549,-0.431258,0.440795,-0.298886,-0.412947,0.090219,0.019265
14.212610,-0.438888,0.428206,-0.295071,-0.404555,0.097848,0.020409
14.222675,-0.444228,0.419051,-0.292401,-0.398451,0.103571,0.021172
14.232735,-0.452621,0.406081,-0.288968,-0.388533,0.113489,0.022698
14.242797,-0.458724,0.396925,-0.287442,-0.381666,0.119974,0.023461
14.252862,-0.467880,0.382048,-0.284771,-0.371366,0.129129,0.024605
14.262927,-0.474746,0.372129,-0.283246,-0.363737,0.135615,0.024987
14.272988,-0.484283,0.357252,-0.281338,-0.352293,0.145151,0.026513
14.283005,-0.491150,0.347715,-0.280575,-0.344282,0.151637,0.027276
14.293059,-0.501450,0.333982,-0.280194,-0.332456,0.162699,0.028420
14.303121,-0.509079,0.325208,-0.279812,-0.324063,0.170329,0.029183
14.313185,-0.520142,0.311856,-0.279431,-0.311475,0.180629,0.030709
14.323250,-0.527390,0.303464,-0.279431,-0.303464,0.187495,0.031472
14.333305,-0.538834,0.290875,-0.279431,-0.291257,0.198939,0.032998
14.343342,-0.546845,0.282864,-0.279812,-0.283246,0.206569,0.034142
14.353394,-0.559052,0.271420,-0.279812,-0.271801,0.218013,0.035668
14.363446,-0.567063,0.263790,-0.280194,-0.264172,0.225643,0.037194
14.373498,-0.579271,0.253109,-0.280575,-0.253109,0.237469,0.039864
14.383550,-0.588045,0.246624,-0.280575,-0.245861,0.245861,0.041772
14.393602,-0.600633,0.236706,-0.280957,-0.235180,0.258450,0.044823
14.403654,-0.609407,0.230983,-0.281338,-0.227932,0.266842,0.047112
14.413706,-0.621996,0.222591,-0.281720,-0.217632,0.279812,0.050927
14.423757,-0.630770,0.217250,-0.282101,-0.210384,0.288205,0.053216
14.433809,-0.643740,0.210384,-0.283246,-0.200465,0.301556,0.056649
14.443861,-0.652132,0.205806,-0.284009,-0.194362,0.310330,0.058938
14.453913,-0.665103,0.200084,-0.285153,-0.184825,0.322919,0.061990
14.463964,-0.673495,0.196651,-0.286297,-0.178721,0.331693,0.064279
14.474020,-0.681888,0.193217,-0.287442,-0.172618,0.340467,0.066186
14.484072,-0.694858,0.189784,-0.289349,-0.163844,0.352674,0.069238
14.494134,-0.702869,0.187495,-0.290875,-0.158122,0.360685,0.071145
14.504196,-0.715076,0.184825,-0.293164,-0.150111,0.372129,0.074197
14.514259,-0.723087,0.183680,-0.295071,-0.145533,0.379759,0.075723
14.524323,-0.734531,0.182155,-0.298123,-0.138666,0.391203,0.078012
14.534383,-0.742161,0.182155,-0.300412,-0.134089,0.398833,0.079538
14.544445,-0.752842,0.181773,-0.303845,-0.127604,0.408751,0.082208
14.554509,-0.759327,0.181773,-0.306516,-0.123789,0.414855,0.084115
14.564569,-0.768864,0.182155,-0.310712,-0.118448,0.424010,0.087167
14.574630,-0.775349,0.182536,-0.313764,-0.114633,0.430114,0.088693
14.584683,-0.783742,0.183680,-0.317960,-0.109293,0.437362,0.092508
14.594744,-0.788701,0.184443,-0.321393,-0.105859,0.440795,0.094415
14.604802,-0.795949,0.185206,-0.326352,-0.100900,0.443465,0.097848
14.614863,-0.799382,0.185969,-0.329786,-0.097848,0.445373,0.100137
14.624928,-0.805104,0.187877,-0.335508,-0.093652,0.446517,0.102808
14.634988,-0.808156,0.189021,-0.339322,-0.090982,0.447662,0.104334
14.645052,-0.811208,0.191310,-0.344663,-0.087930,0.448806,0.106241
14.655105,-0.813115,0.193217,-0.349241,-0.085641,0.449187,0.107385
14.665170,-0.815785,0.196269,-0.355344,-0.082971,0.449569,0.108911
14.675232,-0.817311,0.198558,-0.359922,-0.081445,0.449569,0.109674
14.685285,-0.818456,0.202373,-0.366789,-0.078775,0.449569,0.110437
14.695339,-0.818074,0.205425,-0.371366,-0.077630,0.449569,0.110819
14.705403,-0.817693,0.210384,-0.378996,-0.075723,0.449187,0.111200
14.715468,-0.816930,0.213817,-0.383574,-0.074578,0.448806,0.111582
14.725530,-0.815404,0.219158,-0.391585,-0.072671,0.448043,0.111582
14.735593,-0.813878,0.222591,-0.396544,-0.071527,0.447280,0.111582
14.745663,-0.810445,0.228313,-0.404555,-0.070001,0.445373,0.111200
14.755718,-0.808156,0.232509,-0.409514,-0.069238,0.443465,0.111200
14.765754,-0.805867,0.236706,-0.415236,-0.068475,0.438888,0.110819
14.775815,-0.801289,0.242809,-0.422866,-0.066567,0.431258,0.110819
14.785878,-0.797475,0.247387,-0.428206,-0.065805,0.426299,0.110437
14.795939,-0.790990,0.253872,-0.435836,-0.065042,0.417144,0.109674
14.806001,-0.787175,0.258450,-0.440795,-0.065423,0.410658,0.109293
14.816061,-0.778782,0.265316,-0.448043,-0.065423,0.401503,0.108530
14.826122,-0.773442,0.269894,-0.453002,-0.065423,0.395018,0.108148
14.836181,-0.764668,0.277142,-0.460250,-0.065423,0.383955,0.107767
14.846245,-0.758183,0.281720,-0.465209,-0.065423,0.376326,0.107004
14.856297,-0.748264,0.288968,-0.471313,-0.065423,0.365263,0.105859
14.866351,-0.741016,0.293927,-0.476272,-0.065423,0.358015,0.105097
14.876403,-0.730335,0.300793,-0.482757,-0.065423,0.346571,0.103952
14.886455,-0.723087,0.305371,-0.487335,-0.065423,0.338941,0.103189
14.896508,-0.712024,0.313001,-0.493439,-0.065423,0.326734,0.101663
14.906561,-0.704013,0.317578,-0.497253,-0.065423,0.319104,0.101282
14.916622,-0.692950,0.324826,-0.503357,-0.065423,0.308042,0.100137
14.926682,-0.685321,0.329404,-0.507172,-0.065423,0.300412,0.099374
14.936747,-0.673495,0.337034,-0.512512,-0.065423,0.289349,0.097848
14.946813,-0.665866,0.341611,-0.515946,-0.065423,0.282101,0.096704
14.956879,-0.654040,0.349241,-0.520905,-0.065805,0.271038,0.095178
14.966942,-0.646792,0.353819,-0.524338,-0.065805,0.264553,0.093652
14.977006,-0.635348,0.361067,-0.528916,-0.066186,0.254253,0.091745
14.987063,-0.627718,0.366026,-0.531586,-0.066567,0.247387,0.090600
14.997122,-0.616274,0.373274,-0.535782,-0.068093,0.236706,0.088312
15.007183,-0.609407,0.377852,-0.538453,-0.069619,0.230220,0.086023
15.017242,-0.598344,0.385100,-0.541123,-0.071527,0.220684,0.083734
15.027304,-0.591478,0.390059,-0.543030,-0.073434,0.214580,0.081827
15.037366,-0.584611,0.394636,-0.545319,-0.075341,0.208476,0.079919
15.047427,-0.574693,0.401503,-0.547990,-0.078393,0.198939,0.076867
15.057487,-0.568208,0.406462,-0.549516,-0.080682,0.192836,0.074578
15.067549,-0.558671,0.413329,-0.551804,-0.083734,0.184443,0.071908
15.077609,-0.551804,0.417906,-0.552949,-0.086023,0.179103,0.070001
15.087671,-0.543030,0.425154,-0.554856,-0.090219,0.171092,0.066949
15.097731,-0.537308,0.429351,-0.555619,-0.093652,0.165370,0.065805
15.107793,-0.528153,0.436599,-0.557145,-0.098230,0.157740,0.063134
15.117855,-0.522812,0.440795,-0.557527,-0.101282,0.152781,0.061990
15.127915,-0.514420,0.447662,-0.558671,-0.106241,0.145151,0.059701
15.137978,-0.509461,0.451858,-0.559434,-0.109293,0.140955,0.058556
15.148037,-0.501831,0.458724,-0.560197,-0.114252,0.135615,0.056649
15.158099,-0.497253,0.462921,-0.560578,-0.118067,0.131800,0.055886
15.168166,-0.490005,0.469406,-0.560960,-0.123407,0.125315,0.054360
15.178231,-0.485809,0.473220,-0.560960,-0.127222,0.120356,0.053597
15.188296,-0.478561,0.478943,-0.561341,-0.132944,0.113489,0.052071
15.198361,-0.474746,0.483520,-0.561341,-0.136378,0.109674,0.051308
15.208418,-0.468261,0.488861,-0.561341,-0.142100,0.105097,0.050164
15.218480,-0.464446,0.493057,-0.561341,-0.145533,0.102045,0.049020
15.228533,-0.458724,0.498779,-0.560960,-0.150874,0.098611,0.047875
15.238585,-0.454528,0.502594,-0.560960,-0.154307,0.096704,0.047494
15.248643,-0.450332,0.508316,-0.560960,-0.159648,0.092889,0.045968
15.258705,-0.446899,0.511368,-0.560960,-0.163462,0.090982,0.044823
15.268767,-0.441558,0.516709,-0.560960,-0.169184,0.087930,0.042916
15.278828,-0.439269,0.520523,-0.560960,-0.173762,0.084878,0.041772
15.288888,-0.434691,0.525101,-0.560578,-0.180247,0.081445,0.039864
15.298949,-0.430495,0.528534,-0.560578,-0.184825,0.078393,0.038720
15.309011,-0.427062,0.533494,-0.560578,-0.191691,0.072290,0.036431
15.319071,-0.424392,0.536545,-0.560578,-0.196269,0.068093,0.034905
15.329243,-0.419814,0.540742,-0.560578,-0.202754,0.063516,0.032616
15.339295,-0.417144,0.543793,-0.560578,-0.207332,0.061227,0.031090
15.349348,-0.415618,0.546464,-0.560578,-0.211910,0.058938,0.029564
15.359400,-0.412566,0.550278,-0.560197,-0.218395,0.057794,0.027657
15.369463,-0.410277,0.552949,-0.560197,-0.222591,0.057794,0.026513
15.379527,-0.407225,0.557145,-0.560197,-0.229076,0.056268,0.024987
15.389589,-0.405318,0.559434,-0.559815,-0.233654,0.055505,0.023842
15.399644,-0.403029,0.562486,-0.559434,-0.239757,0.055123,0.023079
15.409697,-0.401122,0.564393,-0.559052,-0.243954,0.055505,0.022316
15.419750,-0.398451,0.567445,-0.558289,-0.250439,0.054742,0.021553
15.429802,-0.396925,0.570115,-0.557908,-0.254635,0.053979,0.021172
15.439854,-0.393874,0.572404,-0.556764,-0.261501,0.053216,0.020409
15.449916,-0.391966,0.573930,-0.556001,-0.265698,0.051690,0.019646
15.459969,-0.390059,0.575456,-0.554475,-0.272183,0.050164,0.018883
15.470002,-0.388533,0.577363,-0.553712,-0.276379,0.048638,0.018502
15.480054,-0.386625,0.580034,-0.551804,-0.282483,0.046731,0.018120
15.490106,-0.385100,0.581178,-0.550278,-0.286297,0.044823,0.017357
15.500158,-0.382429,0.582704,-0.548753,-0.292020,0.041390,0.016976
15.510210,-0.380903,0.583848,-0.547608,-0.295834,0.038338,0.016213
15.520259,-0.379377,0.585374,-0.545319,-0.300793,0.033761,0.015831
15.530326,-0.378233,0.586137,-0.543412,-0.304227,0.030709,0.015450
15.540392,-0.376707,0.587282,-0.541505,-0.309186,0.026894,0.015068
15.550445,-0.376326,0.588045,-0.539979,-0.312238,0.024605,0.014687
15.560511,-0.375563,0.589570,-0.537308,-0.316815,0.021553,0.014305
15.570574,-0.374800,0.590715,-0.535782,-0.319867,0.020790,0.014305
15.580629,-0.374037,0.592622,-0.533494,-0.324445,0.019265,0.013924
15.590689,-0.373655,0.593385,-0.531205,-0.327497,0.018502,0.013924
15.600752,-0.372511,0.594148,-0.528916,-0.332074,0.016976,0.013542
15.610814,-0.371748,0.594911,-0.527390,-0.335126,0.016213,0.013161
15.620875,-0.370603,0.595293,-0.525101,-0.338178,0.015831,0.013161
15.630937,-0.369459,0.596056,-0.522431,-0.342374,0.015450,0.012779
15.640999,-0.368696,0.596818,-0.520523,-0.345045,0.015831,0.012779
15.651053,-0.367933,0.597963,-0.517853,-0.348859,0.016976,0.012398
15.661104,-0.367170,0.598726,-0.515564,-0.351148,0.016976,0.012398
15.671165,-0.366789,0.599489,-0.512512,-0.354582,0.016594,0.012016
15.681226,-0.366407,0.600252,-0.510986,-0.356870,0.016594,0.012016
15.691286,-0.366026,0.601015,-0.508316,-0.359541,0.016213,0.012016
15.701338,-0.366026,0.601396,-0.506027,-0.361448,0.016213,0.012016
15.711397,-0.366026,0.602159,-0.503738,-0.363737,0.015831,0.011635
15.721459,-0.365644,0.602541,-0.501831,-0.365263,0.015068,0.011635
15.731518,-0.365263,0.603685,-0.498779,-0.367933,0.015068,0.011254
15.741580,-0.365263,0.604448,-0.497253,-0.369841,0.015068,0.011635
15.751633,-0.364881,0.605592,-0.494583,-0.371748,0.015068,0.011254
15.761693,-0.364500,0.606355,-0.492676,-0.372892,0.015068,0.011254
15.771751,-0.364118,0.606737,-0.490387,-0.375181,0.015068,0.011254
15.781804,-0.363737,0.607500,-0.488479,-0.375944,0.015068,0.011254
15.791857,-0.363737,0.608263,-0.485809,-0.377470,0.015068,0.011254
15.801917,-0.363355,0.608644,-0.484283,-0.378614,0.015068,0.010872
15.811978,-0.363355,0.609026,-0.481613,-0.380140,0.015068,0.010872
15.822005,-0.363355,0.609026,-0.479706,-0.380903,0.015068,0.010872
15.832068,-0.362974,0.609026,-0.477417,-0.382429,0.015068,0.010872
15.842129,-0.362974,0.609407,-0.475509,-0.383192,0.015068,0.010872
15.852190,-0.362593,0.609407,-0.473220,-0.384337,0.015068,0.010491
15.862252,-0.362593,0.609407,-0.471313,-0.385100,0.015068,0.010491
15.872312,-0.362593,0.609407,-0.469406,-0.386244,0.015068,0.010491
15.882376,-0.362593,0.609407,-0.468261,-0.387007,0.015068,0.010491
15.892437,-0.362593,0.609407,-0.466735,-0.387770,0.015068,0.010491
15.902500,-0.362593,0.609407,-0.464828,-0.388914,0.015068,0.010491
15.912564,-0.362593,0.609407,-0.463684,-0.389677,0.015068,0.010491
15.922617,-0.362593,0.609026,-0.462158,-0.390822,0.015068,0.010491
15.932672,-0.362593,0.609026,-0.461395,-0.391585,0.015068,0.010491
15.942735,-0.362593,0.609026,-0.459869,-0.392348,0.015068,0.010491
15.952797,-0.362593,0.609026,-0.459106,-0.393492,0.015068,0.010491
15.962854,-0.362593,0.609026,-0.457961,-0.394636,0.015068,0.010491
15.972909,-0.362593,0.609026,-0.456817,-0.395399,0.015068,0.010491
15.982973,-0.362593,0.609026,-0.456054,-0.396162,0.015068,0.010109
15.993035,-0.362593,0.609026,-0.455291,-0.396925,0.015068,0.010491
