t,q1,q2,q3,q4,q5,q6
0.000000,0.014321,-0.000314,0.027200,0.033685,0.014687,-0.015831
0.010055,0.014321,-0.000314,0.027200,0.033685,0.014687,-0.015831
0.020108,0.014321,-0.000314,0.027200,0.033685,0.014687,-0.015831
0.030160,0.014321,-0.000314,0.027200,0.033685,0.014687,-0.015831
0.040212,0.014321,-0.000314,0.027581,0.033685,0.014305,-0.015831
0.050264,0.014321,-0.000314,0.027581,0.033685,0.014687,-0.015831
0.060317,0.014321,-0.000314,0.027200,0.033685,0.014687,-0.015831
0.070370,0.014321,-0.000314,0.027581,0.033685,0.014687,-0.015831
0.080434,0.014321,-0.000314,0.027200,0.033685,0.014687,-0.015831
0.090497,0.014321,-0.000314,0.027200,0.033685,0.014305,-0.015831
0.100558,0.014321,-0.000314,0.027200,0.033685,0.014305,-0.015831
0.110609,0.014321,-0.000314,0.027200,0.033685,0.014305,-0.015831
0.120672,0.014321,-0.000314,0.027200,0.033685,0.014687,-0.015831
0.130731,0.014321,-0.000314,0.027200,0.033685,0.014305,-0.015831
0.140793,0.014321,-0.000314,0.027200,0.033685,0.014687,-0.015831
0.150846,0.014321,-0.000314,0.027200,0.033685,0.014687,-0.015831
0.160900,0.014321,-0.000314,0.027200,0.033685,0.014305,-0.015831
0.170956,0.014321,-0.000314,0.027200,0.033685,0.014687,-0.015831
0.181010,0.014321,-0.000314,0.027200,0.033685,0.014687,-0.015450
0.191062,0.014321,-0.000314,0.027200,0.033685,0.014687,-0.015831
0.201127,0.014321,-0.000314,0.027200,0.033685,0.014687,-0.015831
0.211178,0.014321,-0.000314,0.027200,0.033685,0.014687,-0.015831
0.221230,0.014321,-0.000314,0.027200,0.033685,0.014687,-0.015831
0.231279,0.014321,-0.000314,0.027200,0.033685,0.014305,-0.015831
0.241329,0.014321,-0.000314,0.027200,0.033685,0.014305,-0.015831
0.251381,0.014321,-0.000314,0.027200,0.033685,0.014687,-0.015831
0.261441,0.014321,-0.000314,0.027200,0.033685,0.014687,-0.015831
0.271504,0.014321,-0.000314,0.027200,0.033685,0.014687,-0.015831
0.281566,0.014321,-0.000316,0.027225,0.033662,0.014687,-0.015831
0.291632,0.014321,-0.000321,0.027272,0.033620,0.014687,-0.015831
0.301695,0.014321,-0.000326,0.027323,0.033573,0.014687,-0.015831
0.311756,0.014321,-0.000331,0.027379,0.033523,0.014687,-0.015831
0.321811,0.014321,-0.000336,0.027435,0.033472,0.014305,-0.015831
0.331871,0.014321,-0.000342,0.027496,0.033418,0.014686,-0.015831
0.341933,0.014322,-0.000348,0.027561,0.033358,0.014686,-0.015831
0.351996,0.014322,-0.000355,0.027631,0.033295,0.014686,-0.015831
0.362056,0.014322,-0.000362,0.027705,0.033228,0.014305,-0.015831
0.372121,0.014322,-0.000369,0.027780,0.033160,0.014686,-0.015831
0.382180,0.014322,-0.000377,0.027864,0.033084,0.014304,-0.015450
0.392242,0.014323,-0.000385,0.027948,0.033008,0.014685,-0.015832
0.402304,0.014323,-0.000393,0.028037,0.032927,0.014304,-0.015832
0.412364,0.014323,-0.000401,0.028131,0.032841,0.014685,-0.015832
0.422416,0.014324,-0.000410,0.028231,0.032751,0.014303,-0.015832
0.432477,0.014324,-0.000420,0.028335,0.032656,0.014302,-0.015451
0.442528,0.014325,-0.000430,0.028444,0.032557,0.014683,-0.015451
0.452593,0.014325,-0.000440,0.028558,0.032452,0.014683,-0.015451
0.462656,0.014326,-0.000450,0.028678,0.032344,0.014301,-0.015833
0.472718,0.014327,-0.000461,0.028802,0.032230,0.014300,-0.015833
0.482778,0.014328,-0.000472,0.028932,0.032112,0.014680,-0.015833
0.492829,0.014329,-0.000484,0.029067,0.031988,0.014298,-0.015452
0.502894,0.014330,-0.000496,0.029207,0.031860,0.014297,-0.015834
0.512953,0.014331,-0.000508,0.029353,0.031726,0.014296,-0.015834
0.523016,0.014333,-0.000520,0.029504,0.031587,0.014294,-0.015453
0.533084,0.014334,-0.000533,0.029661,0.031443,0.014674,-0.015835
0.543152,0.014336,-0.000546,0.029823,0.031293,0.014291,-0.015454
0.553216,0.014338,-0.000559,0.029992,0.031138,0.014671,-0.015454
0.563270,0.014340,-0.000572,0.030166,0.030977,0.014669,-0.015455
0.573331,0.014342,-0.000586,0.030347,0.030810,0.014666,-0.015455
0.583392,0.014345,-0.000600,0.030538,0.030633,0.014282,-0.015837
0.593446,0.014347,-0.000614,0.030730,0.030456,0.014280,-0.015457
0.603507,0.014351,-0.000628,0.030928,0.030271,0.014658,-0.015457
0.613568,0.014354,-0.000643,0.031138,0.030077,0.014274,-0.015458
0.623633,0.014358,-0.000658,0.031352,0.029877,0.014270,-0.015841
0.633692,0.014361,-0.000672,0.031569,0.029674,0.014266,-0.015460
0.643755,0.014366,-0.000687,0.031797,0.029461,0.014262,-0.015461
0.653816,0.014370,-0.000702,0.032032,0.029242,0.014258,-0.015844
0.663879,0.014375,-0.000717,0.031891,0.029016,0.014253,-0.015464
0.673938,0.014381,-0.000732,0.032138,0.028783,0.014629,-0.015847
0.684001,0.014386,-0.000747,0.032392,0.028544,0.014242,-0.015467
0.694063,0.014393,-0.000761,0.032272,0.028297,0.014618,-0.015468
0.704124,0.014400,-0.000776,0.032163,0.028039,0.014611,-0.015470
0.714185,0.014407,-0.000790,0.031675,0.027779,0.014223,-0.015472
0.724246,0.014415,-0.000805,0.031580,0.027507,0.014215,-0.015474
0.734310,0.014423,-0.000819,0.031491,0.027229,0.014588,-0.015476
0.744375,0.014432,-0.000833,0.031027,0.026943,0.014580,-0.015478
0.754428,0.014441,-0.000846,0.030571,0.026650,0.014189,-0.015481
0.764581,0.014452,-0.000859,0.030504,0.026348,0.014179,-0.015484
0.774634,0.014463,-0.000872,0.030445,0.026039,0.014169,-0.015868
0.784688,0.014474,-0.000884,0.030011,0.025721,0.014539,-0.015489
0.794744,0.014487,-0.000895,0.029972,0.025391,0.014145,-0.015493
0.804807,0.014500,-0.000906,0.030316,0.025058,0.014133,-0.015496
0.814861,0.014514,-0.000916,0.030291,0.024711,0.014500,-0.015500
0.824922,0.014529,-0.000926,0.030274,0.024357,0.014486,-0.015504
0.834986,0.014545,-0.000935,0.030263,0.023994,0.014471,-0.015508
0.845004,0.014580,-0.000950,0.030649,0.023243,0.014056,-0.015517
0.855066,0.014599,-0.000956,0.030663,0.022853,0.014037,-0.015522
0.865131,0.014619,-0.000961,0.030686,0.022454,0.014018,-0.015527
0.875191,0.014640,-0.000964,0.031098,0.022045,0.013997,-0.015532
0.885245,0.014662,-0.000967,0.031142,0.021622,0.013976,-0.015538
0.895307,0.014686,-0.000968,0.031189,0.021195,0.013953,-0.015544
0.905370,0.014330,-0.000968,0.031249,0.020753,0.013929,-0.015551
0.915428,0.014356,-0.000966,0.031312,0.020307,0.013903,-0.015557
0.925488,0.014384,-0.000963,0.031390,0.019844,0.014258,-0.015565
0.935549,0.014413,-0.000958,0.031475,0.019373,0.014229,-0.015572
0.945611,0.014444,-0.000952,0.031187,0.018892,0.014200,-0.015580
0.955674,0.014476,-0.000943,0.030907,0.018400,0.014168,-0.015589
0.965737,0.014510,-0.000933,0.031400,0.017897,0.014135,-0.015598
0.975798,0.014546,-0.000921,0.031519,0.017384,0.014101,-0.015607
0.985861,0.014202,-0.000906,0.031648,0.016859,0.014064,-0.015617
0.995920,0.013860,-0.000889,0.031404,0.016323,0.014026,-0.015627
1.005982,0.013902,-0.000870,0.031170,0.015775,0.013605,-0.015637
1.016046,0.013182,-0.000848,0.031326,0.015216,0.013944,-0.016030
1.026106,0.012846,-0.000824,0.031491,0.014645,0.013900,-0.015661
1.036167,0.012513,-0.000797,0.031284,0.014062,0.013854,-0.015673
1.046229,0.011800,-0.000768,0.031468,0.013467,0.013806,-0.015686
1.056325,0.011470,-0.000735,0.031661,0.012860,0.013756,-0.015699
1.066388,0.011144,-0.000699,0.031482,0.012241,0.013703,-0.015713
1.076451,0.010438,-0.000661,0.031694,0.011609,0.013648,-0.015728
1.086513,0.010116,-0.000618,0.031533,0.010964,0.013590,-0.015744
1.096573,0.009415,-0.000573,0.032145,0.010307,0.013148,-0.015760
1.106638,0.009099,-0.000524,0.032003,0.009637,0.013467,-0.015777
1.116698,0.008786,-0.000471,0.032252,0.008953,0.013401,-0.015794
1.126760,0.008093,-0.000414,0.032128,0.008257,0.013333,-0.015813
1.136823,0.007786,-0.000353,0.032777,0.007547,0.013261,-0.015832
1.146887,0.007100,-0.000288,0.033054,0.006824,0.013187,-0.015852
1.156949,0.006798,-0.000219,0.033340,0.006088,0.013110,-0.015872
1.167000,0.006501,-0.000146,0.033254,0.005337,0.013029,-0.015894
1.177061,0.006206,-0.000068,0.033559,0.004573,0.012945,-0.015916
1.187124,0.006296,0.000015,0.034254,0.003795,0.012476,-0.015940
1.197184,0.006009,0.000103,0.034577,0.003003,0.012767,-0.015964
1.207249,0.006107,0.000196,0.034910,0.002196,0.012672,-0.015608
1.217312,0.006208,0.000294,0.034870,0.001375,0.012574,-0.016016
1.227372,0.006314,0.000397,0.035221,0.000540,0.012472,-0.015662
1.237435,0.006423,0.000505,0.035577,0.000075,0.012367,-0.015690
1.247498,0.006537,0.000620,0.035949,-0.000792,0.012257,-0.015719
1.257563,0.006654,0.000740,0.036324,-0.001669,0.012143,-0.015750
1.267625,0.006777,0.000866,0.035947,-0.002562,0.012025,-0.015781
1.277686,0.006904,0.000998,0.036343,-0.003472,0.011903,-0.015814
1.287747,0.007035,0.001137,0.036748,-0.004397,0.011776,-0.015848
1.297808,0.007172,0.001282,0.036781,-0.005338,0.011644,-0.015884
1.307868,0.007313,0.001434,0.036822,-0.006294,0.011507,-0.015539
1.317931,0.007459,0.001593,0.037254,-0.007266,0.011366,-0.015958
1.327990,0.007611,0.001758,0.037312,-0.008253,0.011220,-0.015616
1.337996,0.007767,0.001549,0.037376,-0.009252,0.011069,-0.015656
1.348067,0.007930,0.001730,0.037455,-0.010275,0.010912,-0.015698
1.358130,0.008097,0.001536,0.037918,-0.011307,0.010750,-0.015742
1.368192,0.008270,0.001732,0.038010,-0.012357,0.010583,-0.015787
1.378255,0.008450,0.001935,0.037730,-0.013043,0.010409,-0.015833
1.388319,0.008635,0.002147,0.038221,-0.013365,0.010230,-0.015499
1.398383,0.008826,0.002367,0.038339,-0.013703,0.010045,-0.015549
1.408444,0.008642,0.002595,0.038462,-0.014434,0.009855,-0.015600
1.418511,0.008846,0.002451,0.038213,-0.014804,0.009658,-0.015653
1.428574,0.009057,0.002697,0.038355,-0.015573,0.009454,-0.015707
1.438637,0.009274,0.002570,0.038123,-0.015977,0.009244,-0.015764
1.448699,0.009499,0.002835,0.038281,-0.016781,0.009027,-0.015822
1.458763,0.009730,0.003108,0.038061,-0.017596,0.008804,-0.015882
1.468827,0.009968,0.003391,0.038614,-0.018051,0.008574,-0.015943
1.478890,0.010215,0.003685,0.038412,-0.018523,0.008336,-0.015626
1.488954,0.010468,0.003988,0.038217,-0.019395,0.008091,-0.015691
1.499015,0.010730,0.003920,0.038412,-0.019139,0.007838,-0.015759
1.509079,0.010998,0.004243,0.038228,-0.019660,0.007960,-0.015828
1.519142,0.011276,0.004196,0.038054,-0.019819,0.007311,-0.015900
1.529202,0.011561,0.004542,0.038650,-0.019997,0.007035,-0.015974
1.539261,0.011855,0.004898,0.038489,-0.020574,0.006751,-0.016050
1.549324,0.011776,0.004883,0.038714,-0.021165,0.006841,-0.015747
1.559383,0.012087,0.005262,0.038184,-0.021394,0.006159,-0.015827
1.569436,0.012407,0.005653,0.038424,-0.022024,0.005850,-0.015910
1.579488,0.012737,0.006055,0.038288,-0.022672,0.005913,-0.015996
1.589551,0.013075,0.006087,0.038918,-0.023332,0.005586,-0.016083
1.599605,0.013423,0.006513,0.038793,-0.024014,0.005250,-0.016173
1.609665,0.013781,0.006952,0.039056,-0.024715,0.004904,-0.016266
1.619729,0.014148,0.007402,0.038939,-0.025047,0.004549,-0.016361
1.629782,0.014526,0.007866,0.039593,-0.025782,0.004184,-0.016459
1.639882,0.014533,0.008343,0.039108,-0.025773,0.003809,-0.016178
1.649934,0.014931,0.008450,0.039387,-0.026159,0.003425,-0.016281
1.659983,0.015341,0.008953,0.040055,-0.026566,0.003029,-0.016387
1.670047,0.015761,0.009089,0.039965,-0.025847,0.002623,-0.016496
1.680108,0.016193,0.009238,0.040261,-0.026290,0.002206,-0.016608
1.690170,0.016635,0.009781,0.040175,-0.025983,0.001779,-0.016340
1.700234,0.017089,0.010339,0.040478,-0.026461,0.001340,-0.016458
1.710294,0.017174,0.010530,0.040403,-0.025812,0.001271,-0.016579
1.720357,0.017270,0.011116,0.040328,-0.026321,0.000810,-0.016702
1.730411,0.017379,0.011717,0.040259,-0.025325,0.000337,-0.016448
1.740467,0.017880,0.012331,0.040190,-0.025487,-0.000148,-0.016578
1.750521,0.018014,0.012581,0.040126,-0.024908,-0.000264,-0.016711
1.760587,0.018161,0.013227,0.040065,-0.025109,-0.000775,-0.016466
1.770651,0.018320,0.013887,0.039621,-0.024560,-0.000915,-0.016606
1.780712,0.018493,0.014564,0.040326,-0.024795,-0.001069,-0.016750
1.790763,0.018298,0.014875,0.040271,-0.024285,-0.000855,-0.016516
1.800812,0.018116,0.015581,0.040595,-0.024550,-0.001035,-0.016666
1.810862,0.017568,0.016305,0.040160,-0.024454,-0.000847,-0.016439
1.820913,0.017413,0.016662,0.040486,-0.025134,-0.000672,-0.016596
1.830964,0.016512,0.017036,0.039670,-0.024308,-0.000131,-0.016758
1.841016,0.016008,0.017809,0.040382,-0.024644,0.000395,-0.016542
1.851068,0.014372,0.018215,0.040327,-0.023847,0.000527,-0.016711
1.861117,0.014278,0.018639,0.040656,-0.024215,0.000262,-0.016885
1.871169,0.014199,0.019078,0.040219,-0.024213,-0.000780,-0.016680
1.881219,0.014518,0.019154,0.040547,-0.024994,-0.001838,-0.016862
1.891270,0.014471,0.019246,0.040489,-0.024642,-0.002529,-0.017047
1.901323,0.015204,0.019356,0.040814,-0.025073,-0.003237,-0.017237
1.911389,0.015570,0.019101,0.040754,-0.024371,-0.003959,-0.017049
1.921441,0.016336,0.019627,0.041456,-0.024450,-0.004699,-0.017247
1.931492,0.016738,0.019409,0.041776,-0.024928,-0.005075,-0.017450
1.941542,0.017537,0.019206,0.042090,-0.024651,-0.005846,-0.017276
1.951594,0.018355,0.019023,0.042403,-0.025157,-0.005873,-0.017488
1.961646,0.019189,0.018093,0.042329,-0.024909,-0.006298,-0.017704
1.971697,0.020043,0.018327,0.042635,-0.025443,-0.007122,-0.017544
1.981746,0.020913,0.017814,0.042554,-0.024461,-0.007963,-0.017388
1.991795,0.021423,0.018466,0.042852,-0.024641,-0.008823,-0.017618
2.001848,0.021186,0.018371,0.042762,-0.024067,-0.009700,-0.017472
2.011897,0.021352,0.019060,0.042670,-0.024654,-0.010597,-0.017713
2.021949,0.021154,0.019002,0.042570,-0.025251,-0.010748,-0.017576
2.031998,0.020975,0.018962,0.042464,-0.025859,-0.011299,-0.017827
2.042047,0.020055,0.017799,0.041973,-0.026103,-0.011109,-0.017320
2.052099,0.019535,0.017796,0.041855,-0.027117,-0.011318,-0.017580
2.062150,0.018656,0.018196,0.041733,-0.027004,-0.011548,-0.017084
2.072200,0.018559,0.018994,0.041602,-0.027660,-0.012560,-0.016974
2.082250,0.018867,0.018669,0.041084,-0.027188,-0.013975,-0.016489
2.092303,0.019956,0.019123,0.040938,-0.027484,-0.015027,-0.016390
2.102355,0.020307,0.018455,0.040405,-0.027033,-0.016103,-0.015534
2.112404,0.020296,0.018947,0.040243,-0.027350,-0.017198,-0.015065
2.122455,0.019927,0.019460,0.039311,-0.026919,-0.018316,-0.014602
2.132504,0.019579,0.019991,0.039513,-0.027256,-0.018690,-0.014526
2.142555,0.019635,0.020158,0.039324,-0.026838,-0.017561,-0.013693
2.152607,0.019717,0.020729,0.039127,-0.027578,-0.017219,-0.013630
2.162659,0.018675,0.019790,0.038156,-0.026796,-0.015753,-0.013190
2.172709,0.019185,0.019636,0.037557,-0.027171,-0.015838,-0.012758
2.182759,0.019335,0.019880,0.037709,-0.027550,-0.017089,-0.012712
2.192808,0.019891,0.020143,0.037468,-0.026790,-0.018743,-0.011910
2.202861,0.020855,0.020809,0.037599,-0.027568,-0.020806,-0.011878
2.212912,0.021460,0.020729,0.037335,-0.027204,-0.022127,-0.011088
2.222964,0.022093,0.021433,0.037442,-0.027614,-0.023094,-0.010688
2.233014,0.022748,0.021391,0.036772,-0.026880,-0.024082,-0.010293
2.243064,0.023429,0.021748,0.037233,-0.026913,-0.025095,-0.010287
2.253116,0.023757,0.021365,0.036920,-0.026194,-0.024992,-0.009906
2.263165,0.024109,0.021761,0.037355,-0.026618,-0.025292,-0.009914
2.273217,0.023342,0.020649,0.036631,-0.026665,-0.025618,-0.009546
2.283266,0.023369,0.020704,0.037039,-0.027483,-0.025591,-0.009950
2.293315,0.023038,0.020775,0.036668,-0.026773,-0.025969,-0.009597
2.303368,0.023497,0.021626,0.036663,-0.027210,-0.027518,-0.010014
2.313420,0.023987,0.022500,0.036263,-0.026510,-0.029096,-0.009676
2.323473,0.024120,0.023389,0.036227,-0.026569,-0.031080,-0.009726
2.333524,0.023518,0.023152,0.036557,-0.025866,-0.032327,-0.009402
2.343581,0.023711,0.022936,0.036490,-0.027076,-0.033224,-0.009468
2.353645,0.022785,0.022354,0.036405,-0.027138,-0.032239,-0.009159
2.363704,0.023032,0.022553,0.036685,-0.027961,-0.031280,-0.008858
2.373766,0.023311,0.021628,0.036949,-0.028026,-0.028446,-0.008947
2.383824,0.024380,0.022244,0.037193,-0.028848,-0.027545,-0.009042
2.393886,0.024334,0.022496,0.036657,-0.028523,-0.025909,-0.009146
2.403947,0.024699,0.022766,0.036483,-0.028958,-0.025064,-0.009257
2.414011,0.024335,0.021912,0.036292,-0.028632,-0.023490,-0.008996
2.424074,0.024379,0.022216,0.036463,-0.028681,-0.022323,-0.009124
2.434130,0.024453,0.022537,0.036233,-0.029487,-0.021566,-0.009641
2.444184,0.024563,0.022498,0.035984,-0.028768,-0.018935,-0.009786
2.454249,0.025844,0.023234,0.035714,-0.029185,-0.019002,-0.009939
2.464309,0.026392,0.022843,0.035042,-0.028451,-0.019479,-0.010099
2.474371,0.027735,0.023230,0.034731,-0.028855,-0.021131,-0.010268
2.484436,0.028351,0.022875,0.034401,-0.028494,-0.023581,-0.010828
2.494488,0.029377,0.023296,0.034048,-0.028885,-0.025676,-0.011014
2.504550,0.028907,0.022587,0.033674,-0.028123,-0.027419,-0.011209
2.514614,0.028851,0.023420,0.033659,-0.028116,-0.028812,-0.011412
2.524676,0.028828,0.023886,0.032860,-0.027337,-0.029092,-0.011242
2.534738,0.029604,0.024372,0.032421,-0.027697,-0.030552,-0.011846
2.544796,0.029264,0.023725,0.031958,-0.027281,-0.032420,-0.011694
2.554859,0.030100,0.024237,0.031854,-0.027998,-0.034701,-0.011932
2.564922,0.029443,0.024000,0.031346,-0.027560,-0.036250,-0.012179
2.574983,0.029582,0.024158,0.031195,-0.027492,-0.037831,-0.012435
2.584995,0.029758,0.023954,0.031022,-0.027034,-0.038303,-0.012320
2.595059,0.032489,0.027011,0.030984,-0.029505,-0.041623,-0.013640
2.605120,0.031996,0.026461,0.030357,-0.028622,-0.041041,-0.013170
2.615172,0.031917,0.026305,0.030087,-0.028487,-0.040491,-0.013852
2.625233,0.031871,0.026162,0.029793,-0.027956,-0.037302,-0.013781
2.635296,0.032626,0.027180,0.029473,-0.028176,-0.036057,-0.014102
2.645354,0.031883,0.026680,0.029129,-0.027233,-0.033694,-0.014812
2.655416,0.031935,0.026955,0.028759,-0.027035,-0.032126,-0.015150
2.665468,0.031257,0.027241,0.028745,-0.026057,-0.027918,-0.015497
2.675529,0.032137,0.027156,0.028325,-0.026588,-0.026794,-0.016234
2.685592,0.032286,0.026701,0.027879,-0.026718,-0.026845,-0.016600
2.695651,0.033612,0.027401,0.027788,-0.027593,-0.028453,-0.016974
2.705710,0.033831,0.026971,0.027671,-0.027308,-0.029715,-0.017359
2.715771,0.034458,0.027691,0.027529,-0.027763,-0.031766,-0.017752
2.725832,0.035498,0.028039,0.026978,-0.028197,-0.033084,-0.018154
2.735888,0.035425,0.027633,0.026402,-0.027847,-0.034051,-0.018564
2.745941,0.036145,0.027999,0.025799,-0.028239,-0.035429,-0.019366
2.755994,0.035752,0.027229,0.025169,-0.027846,-0.035310,-0.019795
2.766047,0.036152,0.028374,0.024894,-0.027811,-0.035602,-0.020614
2.776099,0.035819,0.028002,0.024593,-0.027373,-0.033253,-0.020679
2.786152,0.036278,0.028399,0.023883,-0.028056,-0.033602,-0.021516
2.796202,0.035622,0.027660,0.023529,-0.027570,-0.031691,-0.021980
2.806253,0.036140,0.027689,0.023147,-0.028205,-0.031332,-0.022453
2.816306,0.035929,0.027730,0.022738,-0.027674,-0.028337,-0.022554
2.826357,0.036497,0.028531,0.022303,-0.027874,-0.028791,-0.023424
2.836418,0.036340,0.028201,0.021840,-0.026910,-0.028136,-0.023542
2.846482,0.037350,0.027873,0.021350,-0.027062,-0.029410,-0.024049
2.856544,0.037240,0.027168,0.020834,-0.026424,-0.031472,-0.024564
2.866609,0.038300,0.027993,0.020291,-0.026522,-0.034702,-0.025087
2.876668,0.038241,0.027678,0.019721,-0.025830,-0.037192,-0.025236
2.886721,0.039350,0.028129,0.019125,-0.025873,-0.039324,-0.026156
2.896775,0.038956,0.027439,0.018502,-0.025125,-0.040716,-0.026320
2.906836,0.040111,0.027896,0.017852,-0.024730,-0.042510,-0.026874
2.916891,0.039380,0.027593,0.017175,-0.023925,-0.043944,-0.027053
2.926947,0.039814,0.028436,0.016473,-0.023854,-0.045016,-0.027621
2.937001,0.039506,0.027755,0.015743,-0.022990,-0.043819,-0.027815
2.947057,0.039979,0.028220,0.014988,-0.022479,-0.043402,-0.028396
2.957111,0.039326,0.027923,0.014206,-0.021937,-0.040714,-0.028603
2.967176,0.039835,0.028007,0.013399,-0.021747,-0.039950,-0.028816
2.977236,0.039216,0.027711,0.012566,-0.020763,-0.037294,-0.028654
2.987298,0.040138,0.028939,0.011707,-0.020512,-0.037704,-0.028497
2.997361,0.041073,0.029023,0.010822,-0.020229,-0.037746,-0.028728
3.007422,0.040489,0.027957,0.009914,-0.018769,-0.036268,-0.027817
3.017486,0.041456,0.028423,0.008978,-0.018808,-0.037102,-0.028060
3.027546,0.041277,0.028116,0.008020,-0.018048,-0.036790,-0.027541
3.037609,0.041875,0.028574,0.007418,-0.018022,-0.037255,-0.027028
3.047672,0.041720,0.028266,0.006410,-0.017583,-0.035821,-0.025757
3.057734,0.042334,0.028337,0.005377,-0.017493,-0.035537,-0.025253
3.067796,0.041810,0.027260,0.004321,-0.016991,-0.033352,-0.024752
3.077858,0.042435,0.028086,0.003241,-0.016837,-0.032316,-0.024254
3.087919,0.041537,0.028145,0.002138,-0.016652,-0.031282,-0.023760
3.097980,0.042166,0.028200,0.001011,-0.016817,-0.032156,-0.023649
3.108036,0.041652,0.027486,-0.000137,-0.016568,-0.032268,-0.022778
3.118098,0.042662,0.027911,-0.001309,-0.016287,-0.034286,-0.023053
3.128160,0.042137,0.027181,-0.002499,-0.015591,-0.036294,-0.022565
3.138224,0.043521,0.027975,-0.003714,-0.015628,-0.038686,-0.022842
3.148290,0.042612,0.027237,-0.004950,-0.015634,-0.039547,-0.022739
3.158351,0.043222,0.027255,-0.006207,-0.015608,-0.041545,-0.023018
3.168415,0.042679,0.026884,-0.007484,-0.015550,-0.042391,-0.022534
3.178477,0.042890,0.027268,-0.008781,-0.015462,-0.043227,-0.022812
3.188539,0.042326,0.026881,-0.010099,-0.014961,-0.041763,-0.022708
3.198601,0.042505,0.027626,-0.011432,-0.014809,-0.041805,-0.022982
3.208661,0.041149,0.026458,-0.012787,-0.014628,-0.039168,-0.023256
3.218724,0.042068,0.026808,-0.013780,-0.014798,-0.038043,-0.023528
3.228787,0.041443,0.026384,-0.015171,-0.014938,-0.034611,-0.023797
3.238851,0.041943,0.027096,-0.016580,-0.015048,-0.034976,-0.024445
3.248917,0.041271,0.026267,-0.018004,-0.014747,-0.034169,-0.024324
3.258978,0.042491,0.026575,-0.019446,-0.014417,-0.035635,-0.024583
3.269083,0.041780,0.025728,-0.020905,-0.013677,-0.037079,-0.024456
3.279145,0.042570,0.025634,-0.022379,-0.013290,-0.038880,-0.025087
3.289211,0.043334,0.026290,-0.023869,-0.012875,-0.040274,-0.025712
3.299271,0.042536,0.026167,-0.024989,-0.012431,-0.040489,-0.025567
3.309334,0.042859,0.026036,-0.026506,-0.012343,-0.041062,-0.026180
3.319398,0.041626,0.025130,-0.027275,-0.011846,-0.038936,-0.026023
3.329455,0.042268,0.025736,-0.028438,-0.012086,-0.037922,-0.026622
3.339509,0.040962,0.024800,-0.029611,-0.012300,-0.035725,-0.026830
3.349575,0.040770,0.024998,-0.030798,-0.012488,-0.035024,-0.027413
3.359635,0.039780,0.024419,-0.031234,-0.012271,-0.032000,-0.027606
3.369692,0.040277,0.024590,-0.032062,-0.012029,-0.031610,-0.028172
3.379754,0.039584,0.023597,-0.032898,-0.012144,-0.031175,-0.028344
3.389808,0.039618,0.024119,-0.033746,-0.011855,-0.032231,-0.028509
3.399861,0.039612,0.023101,-0.034222,-0.011543,-0.032866,-0.028281
3.409924,0.039937,0.023208,-0.035085,-0.011209,-0.035743,-0.028804
3.419988,0.039079,0.022922,-0.035196,-0.010853,-0.037437,-0.028172
3.430004,0.039321,0.022620,-0.035696,-0.010476,-0.039088,-0.028292
3.440060,0.038366,0.021917,-0.035819,-0.009697,-0.039544,-0.028017
3.450124,0.038512,0.022345,-0.036332,-0.009280,-0.041103,-0.027730
3.460188,0.037467,0.021994,-0.036088,-0.009224,-0.039946,-0.027431
3.470244,0.037128,0.022005,-0.036610,-0.009150,-0.039498,-0.027499
3.480297,0.036363,0.021620,-0.036757,-0.009058,-0.035954,-0.026791
3.490350,0.036310,0.021981,-0.037290,-0.008948,-0.034650,-0.026451
3.500403,0.035055,0.021558,-0.037061,-0.008439,-0.032147,-0.024950
3.510457,0.034896,0.021884,-0.037219,-0.008295,-0.030741,-0.024963
3.520520,0.034302,0.021430,-0.036999,-0.008136,-0.028902,-0.023815
3.530585,0.034412,0.022098,-0.037539,-0.007580,-0.029677,-0.023414
3.540615,0.034089,0.021225,-0.037322,-0.007390,-0.029639,-0.021855
3.550678,0.034089,0.021475,-0.037101,-0.007186,-0.030689,-0.021041
3.560743,0.034036,0.022091,-0.037648,-0.006969,-0.031307,-0.020594
3.570793,0.033541,0.021922,-0.037809,-0.006738,-0.031867,-0.019748
3.580854,0.033375,0.022118,-0.037972,-0.006495,-0.032758,-0.019649
3.590915,0.032390,0.021152,-0.036991,-0.006240,-0.032449,-0.019152
3.600978,0.032487,0.021689,-0.037148,-0.005974,-0.032845,-0.019019
3.611040,0.031003,0.021446,-0.036925,-0.005696,-0.031662,-0.018488
3.621102,0.031366,0.021562,-0.037458,-0.005408,-0.031564,-0.018321
3.631163,0.029767,0.020899,-0.036465,-0.005110,-0.030652,-0.018137
3.641223,0.029632,0.021357,-0.036228,-0.004804,-0.030443,-0.017935
3.651279,0.028680,0.021035,-0.035609,-0.004487,-0.028656,-0.017716
3.661340,0.028429,0.021072,-0.036126,-0.004163,-0.027191,-0.017860
3.671399,0.027361,0.020329,-0.035496,-0.003830,-0.024148,-0.017987
3.681460,0.027376,0.020707,-0.035239,-0.003490,-0.022572,-0.017715
3.691521,0.026573,0.020686,-0.034597,-0.003143,-0.020944,-0.017807
3.701582,0.026474,0.021023,-0.034708,-0.002789,-0.020021,-0.017880
3.711642,0.025172,0.020194,-0.034049,-0.002430,-0.018662,-0.017936
3.721704,0.025343,0.020493,-0.033768,-0.002063,-0.018777,-0.017975
3.731768,0.024692,0.020005,-0.033475,-0.001692,-0.019599,-0.018378
3.741820,0.024750,0.020263,-0.033559,-0.001315,-0.020751,-0.018763
3.751884,0.024369,0.020115,-0.032486,-0.000934,-0.021847,-0.018749
3.761935,0.024318,0.020331,-0.032933,-0.000548,-0.022894,-0.018719
3.771987,0.024210,0.019761,-0.032986,-0.000159,-0.024649,-0.018671
3.782037,0.024048,0.019932,-0.033028,0.000234,-0.025589,-0.018606
3.792089,0.023072,0.019703,-0.031920,0.000631,-0.026481,-0.018524
3.802139,0.022042,0.019833,-0.032324,0.001031,-0.027322,-0.018807
3.812189,0.020961,0.018416,-0.031953,0.001433,-0.027731,-0.018692
3.822251,0.020975,0.018888,-0.032337,0.001839,-0.028856,-0.018562
3.832313,0.020937,0.018955,-0.032326,0.002246,-0.029551,-0.018415
3.842373,0.020469,0.019001,-0.031538,0.002655,-0.030198,-0.018252
3.852436,0.020717,0.019030,-0.032269,0.003067,-0.030038,-0.018456
3.862498,0.020154,0.018653,-0.032220,0.003479,-0.030594,-0.018263
3.872560,0.020307,0.018637,-0.032158,0.003892,-0.031105,-0.018436
3.882619,0.019270,0.018219,-0.031702,0.003925,-0.031192,-0.018213
3.892671,0.018953,0.018546,-0.031999,0.004723,-0.031237,-0.018358
3.902733,0.017829,0.018087,-0.031516,0.004758,-0.030095,-0.018106
3.912793,0.017043,0.017989,-0.031400,0.005556,-0.029676,-0.018223
3.922853,0.015834,0.017489,-0.031270,0.005972,-0.028454,-0.018326
3.932910,0.015349,0.017350,-0.031507,0.006389,-0.029101,-0.018034
3.942965,0.014824,0.016812,-0.030970,0.006806,-0.029329,-0.017730
3.953019,0.014643,0.017015,-0.031179,0.007222,-0.029520,-0.017795
3.963074,0.014424,0.016053,-0.030608,0.007638,-0.029676,-0.017848
3.973137,0.014551,0.016215,-0.030786,0.008053,-0.029797,-0.017889
3.983200,0.014643,0.015214,-0.030185,0.008467,-0.029885,-0.017538
3.993264,0.014701,0.015337,-0.029949,0.008498,-0.029560,-0.017557
4.003326,0.014727,0.015059,-0.029698,0.009291,-0.029203,-0.017565
4.013389,0.014721,0.014769,-0.029823,0.009705,-0.028816,-0.017182
4.023453,0.014684,0.014469,-0.028801,0.009741,-0.028399,-0.017170
4.033518,0.014616,0.014160,-0.028923,0.010162,-0.027952,-0.017148
4.043579,0.014517,0.013842,-0.029044,0.010586,-0.027857,-0.017115
4.053642,0.014386,0.013896,-0.029545,0.011015,-0.028114,-0.017073
4.063706,0.014224,0.013941,-0.028902,0.011447,-0.027959,-0.016639
4.073770,0.014031,0.013976,-0.029020,0.011884,-0.027774,-0.016576
4.083833,0.013807,0.014002,-0.028757,0.012324,-0.027559,-0.016503
4.093896,0.013552,0.014018,-0.028874,0.012769,-0.027315,-0.016420
4.103958,0.013265,0.013644,-0.029371,0.013217,-0.027041,-0.016327
4.114011,0.012948,0.013641,-0.029486,0.013670,-0.026738,-0.016225
4.124065,0.012600,0.014009,-0.029599,0.014127,-0.026405,-0.016112
4.134118,0.012222,0.013605,-0.028948,0.014589,-0.026042,-0.015989
4.144171,0.011812,0.013572,-0.029441,0.015055,-0.026032,-0.015856
4.154223,0.011372,0.013148,-0.029551,0.015525,-0.025229,-0.015713
4.164275,0.010902,0.013094,-0.030040,0.016000,-0.024779,-0.015561
4.174327,0.010401,0.012649,-0.029384,0.016479,-0.024300,-0.015399
4.184379,0.009870,0.012956,-0.029108,0.016963,-0.023791,-0.015227
4.194431,0.009690,0.013253,-0.029212,0.017452,-0.023254,-0.015045
4.204483,0.009099,0.013157,-0.029695,0.017946,-0.022688,-0.014854
4.214535,0.008478,0.013050,-0.029796,0.018445,-0.022093,-0.014654
4.224588,0.007827,0.013315,-0.030276,0.018948,-0.021470,-0.014443
4.234640,0.007146,0.013186,-0.029609,0.019457,-0.021200,-0.014224
4.244692,0.006436,0.013428,-0.030086,0.019972,-0.020521,-0.013995
4.254745,0.005697,0.013277,-0.029416,0.020491,-0.019813,-0.013757
4.264798,0.004929,0.013114,-0.029507,0.021017,-0.019459,-0.013509
4.274850,0.004132,0.012559,-0.029214,0.021547,-0.018696,-0.013253
4.284902,0.003687,0.012755,-0.029301,0.022084,-0.017905,-0.012987
4.294954,0.002833,0.012176,-0.028623,0.022626,-0.017087,-0.013094
4.304993,0.001950,0.012349,-0.028705,0.023174,-0.015860,-0.012810
4.315045,0.000481,0.012276,-0.029245,0.024289,-0.014470,-0.011836
4.325098,-0.000486,0.012412,-0.029320,0.024856,-0.013544,-0.011907
4.335151,-0.001480,0.011772,-0.029393,0.025430,-0.012210,-0.011589
4.345204,-0.002120,0.011884,-0.029464,0.026010,-0.011613,-0.011263
4.355257,-0.003169,0.011601,-0.029151,0.026596,-0.010990,-0.010928
4.365309,-0.004245,0.011687,-0.028835,0.027190,-0.009578,-0.010585
4.375361,-0.005347,0.011760,-0.028898,0.027790,-0.009285,-0.010233
4.385413,-0.006094,0.011438,-0.028958,0.028017,-0.008204,-0.009874
4.395466,-0.006867,0.011104,-0.029016,0.028631,-0.007479,-0.009888
4.405518,-0.007666,0.011520,-0.028689,0.029254,-0.006730,-0.009132
4.415570,-0.008873,0.011922,-0.028360,0.029884,-0.005574,-0.009130
4.425622,-0.010104,0.011929,-0.028027,0.029758,-0.005157,-0.008740
4.435675,-0.011361,0.012304,-0.028455,0.030403,-0.003953,-0.008342
4.445727,-0.012261,0.012666,-0.028879,0.031057,-0.003488,-0.007937
4.455781,-0.013567,0.013014,-0.028920,0.031718,-0.002236,-0.007906
4.465834,-0.014897,0.013348,-0.028575,0.032388,-0.001724,-0.007486
4.475897,-0.015870,0.013667,-0.028228,0.033066,-0.001190,-0.007059
4.485951,-0.016485,0.013592,-0.028259,0.033753,-0.001776,-0.006625
4.496014,-0.017505,0.013883,-0.028668,0.034448,-0.001196,-0.006185
4.506074,-0.017785,0.013016,-0.028311,0.035152,-0.000975,-0.006119
4.516135,-0.018470,0.012897,-0.028332,0.035865,0.000031,-0.005665
4.526195,-0.019176,0.012763,-0.027586,0.036588,0.000677,-0.005586
4.536256,-0.020287,0.012615,-0.027601,0.037319,0.001725,-0.005120
4.546309,-0.021038,0.011689,-0.027230,0.038060,0.002032,-0.004647
4.556363,-0.022192,0.011130,-0.026856,0.038811,0.003504,-0.004549
4.566424,-0.022604,0.010555,-0.026478,0.039571,0.004997,-0.004064
4.576476,-0.023418,0.010347,-0.026478,0.040341,0.006509,-0.003955
4.586526,-0.023490,0.010123,-0.025712,0.041122,0.008042,-0.003459
4.596592,-0.023583,0.009884,-0.026086,0.041912,0.009212,-0.003338
4.606652,-0.023695,0.009248,-0.025693,0.042713,0.010784,-0.002830
4.616704,-0.024209,0.008977,-0.025678,0.043524,0.012374,-0.002699
4.626764,-0.024360,0.008691,-0.026041,0.044345,0.013982,-0.002181
4.636825,-0.025293,0.008770,-0.026019,0.045178,0.015609,-0.001657
4.646879,-0.026245,0.008834,-0.026374,0.046021,0.016873,-0.001129
4.656939,-0.026452,0.008881,-0.026343,0.046875,0.017772,-0.000978
4.667002,-0.027058,0.008912,-0.026690,0.047741,0.019070,-0.000440
4.677067,-0.027300,0.008545,-0.026270,0.048617,0.019241,-0.000279
4.687127,-0.027560,0.008543,-0.026989,0.049124,0.019810,-0.000113
4.697188,-0.027074,0.008525,-0.026942,0.049261,0.019632,0.000056
4.707253,-0.027367,0.008490,-0.026891,0.049409,0.020234,0.000231
4.717317,-0.027294,0.008438,-0.026454,0.048806,0.021613,0.000409
4.727377,-0.028001,0.008369,-0.026393,0.048596,0.023390,0.000972
4.737440,-0.028341,0.008283,-0.025947,0.047254,0.024800,0.000777
4.747501,-0.028697,0.008180,-0.026260,0.047069,0.026606,0.000967
4.757565,-0.028686,0.008059,-0.026186,0.046896,0.028426,0.001160
4.767624,-0.028689,0.007922,-0.026108,0.047498,0.029879,0.001738
4.777679,-0.028325,0.007767,-0.025643,0.047350,0.030583,0.001938
4.787731,-0.028738,0.007594,-0.025556,0.046832,0.031681,0.002142
4.797784,-0.028401,0.007404,-0.025463,0.046328,0.032411,0.002348
4.807836,-0.028840,0.007196,-0.025747,0.046599,0.033153,0.002940
4.817887,-0.028529,0.006589,-0.025645,0.046502,0.033527,0.003152
4.827940,-0.028611,0.006345,-0.025920,0.046799,0.034293,0.003749
4.837991,-0.028324,0.006084,-0.025426,0.046346,0.033546,0.003967
4.848001,-0.028812,0.005804,-0.025309,0.046288,0.033954,0.004569
4.858053,-0.028547,0.005506,-0.025568,0.045862,0.033228,0.004410
4.868105,-0.029057,0.005190,-0.025441,0.046212,0.033276,0.005017
4.878157,-0.028814,0.004855,-0.025689,0.046193,0.031808,0.005245
4.888209,-0.029344,0.004502,-0.025933,0.046570,0.031877,0.005856
4.898273,-0.028740,0.004131,-0.026171,0.046579,0.028903,0.006087
4.908335,-0.028908,0.003741,-0.026022,0.046983,0.027082,0.006702
4.918399,-0.029849,0.003332,-0.026249,0.047019,0.025271,0.007319
4.928459,-0.029272,0.002904,-0.026089,0.047069,0.022705,0.007556
4.938520,-0.029848,0.002458,-0.026305,0.047133,0.021292,0.008176
4.948574,-0.029669,0.001993,-0.026134,0.046829,0.019887,0.008416
4.958628,-0.029880,0.001509,-0.026339,0.046921,0.020397,0.009039
4.968681,-0.029716,0.001006,-0.026156,0.046645,0.020151,0.009282
4.978743,-0.030323,0.000483,-0.025967,0.046764,0.021056,0.009907
4.988803,-0.030173,-0.000058,-0.025772,0.046516,0.021969,0.010152
4.998864,-0.031175,-0.000619,-0.025953,0.046664,0.024032,0.010779
5.008924,-0.030656,-0.001198,-0.025365,0.046444,0.025719,0.011025
5.018985,-0.031288,-0.001797,-0.025534,0.046620,0.027794,0.011273
5.029044,-0.030400,-0.002416,-0.024933,0.046429,0.029493,0.011521
5.039106,-0.031042,-0.003054,-0.025089,0.047014,0.031196,0.011769
5.049167,-0.030545,-0.003329,-0.024858,0.047232,0.033668,0.012019
5.059229,-0.031197,-0.004006,-0.025001,0.047465,0.035381,0.012268
5.069289,-0.030327,-0.004702,-0.024375,0.047330,0.036716,0.012518
5.079351,-0.030605,-0.005418,-0.024505,0.047972,0.038056,0.012768
5.089411,-0.030124,-0.005772,-0.023866,0.047866,0.037873,0.013400
5.099473,-0.030791,-0.006527,-0.023983,0.048155,0.038457,0.013650
5.109526,-0.029935,-0.007301,-0.023712,0.048076,0.038280,0.013900
5.119586,-0.030226,-0.007714,-0.023815,0.048394,0.038106,0.014150
5.129648,-0.029375,-0.007765,-0.023149,0.048725,0.035646,0.014400
5.139701,-0.029670,-0.008217,-0.023620,0.049452,0.033570,0.015031
5.149763,-0.029586,-0.009070,-0.022939,0.049430,0.029588,0.015280
5.159815,-0.029885,-0.009561,-0.023014,0.049803,0.028277,0.015529
5.169879,-0.029422,-0.010073,-0.023082,0.049427,0.024680,0.015777
5.179939,-0.030105,-0.010603,-0.023143,0.050210,0.023372,0.016407
5.190036,-0.029262,-0.011154,-0.023578,0.051006,0.021302,0.016654
5.200099,-0.029946,-0.011724,-0.023624,0.051817,0.021521,0.017282
5.210159,-0.030630,-0.012314,-0.023662,0.053022,0.022122,0.017527
5.220221,-0.030550,-0.012542,-0.023312,0.053096,0.023105,0.018153
5.230290,-0.031997,-0.013552,-0.023335,0.053566,0.024469,0.018397
5.240353,-0.031535,-0.014201,-0.022969,0.053667,0.025832,0.019022
5.250417,-0.031835,-0.014870,-0.022977,0.054164,0.027957,0.019263
5.260476,-0.031371,-0.015939,-0.022977,0.054673,0.029319,0.019504
5.270537,-0.031669,-0.016646,-0.022969,0.055578,0.031061,0.020125
5.280602,-0.030821,-0.016992,-0.022571,0.055732,0.032801,0.020363
5.290663,-0.031497,-0.017738,-0.022547,0.056281,0.034158,0.020600
5.300726,-0.030644,-0.017741,-0.022133,0.055698,0.034751,0.020836
5.310785,-0.030553,-0.018526,-0.022093,0.055891,0.035722,0.021070
5.320843,-0.030459,-0.018949,-0.022044,0.055334,0.034784,0.021303
5.330898,-0.030743,-0.019773,-0.022368,0.055552,0.034988,0.021534
5.340957,-0.029499,-0.019471,-0.021921,0.055401,0.032900,0.021382
5.351017,-0.029777,-0.019951,-0.022228,0.056025,0.031572,0.021610
5.361079,-0.028907,-0.019307,-0.021764,0.056280,0.027952,0.021073
5.371139,-0.029178,-0.019825,-0.022054,0.056547,0.025854,0.021298
5.381201,-0.028683,-0.019218,-0.021572,0.056063,0.023753,0.021139
5.391261,-0.028946,-0.019393,-0.021844,0.055971,0.022792,0.021360
5.401324,-0.028824,-0.019586,-0.021344,0.055129,0.021446,0.021198
5.411377,-0.029078,-0.019798,-0.021217,0.055442,0.021622,0.021415
5.421439,-0.028946,-0.019647,-0.021081,0.055003,0.021030,0.020868
5.431500,-0.029573,-0.019514,-0.020936,0.055338,0.021578,0.020700
5.441552,-0.029050,-0.019019,-0.020781,0.054540,0.022885,0.020530
5.451607,-0.030048,-0.019304,-0.020999,0.054897,0.024186,0.020357
5.461666,-0.029514,-0.019226,-0.020445,0.053738,0.025482,0.019802
5.471731,-0.029738,-0.019166,-0.020262,0.053734,0.027155,0.019625
5.481836,-0.029194,-0.018743,-0.020070,0.052214,0.028059,0.018684
5.491897,-0.029787,-0.019100,-0.019869,0.052230,0.029339,0.018503
5.501956,-0.029994,-0.019856,-0.020039,0.052255,0.030995,0.018320
5.512018,-0.029049,-0.019866,-0.019437,0.051146,0.031882,0.017372
5.522083,-0.029625,-0.019894,-0.019206,0.051190,0.032000,0.017184
5.532147,-0.028668,-0.019558,-0.018965,0.050099,0.031730,0.016231
5.542209,-0.028467,-0.020002,-0.018715,0.050161,0.031454,0.015657
5.552272,-0.028259,-0.020081,-0.018455,0.049468,0.029264,0.014700
5.562334,-0.028426,-0.020558,-0.018566,0.049929,0.027831,0.014121
5.572386,-0.027441,-0.020289,-0.018667,0.049634,0.024101,0.013540
5.582439,-0.027213,-0.020417,-0.018758,0.050492,0.022654,0.013338
5.592471,-0.026976,-0.020562,-0.018457,0.050594,0.020437,0.012752
5.602531,-0.027496,-0.021105,-0.018909,0.051086,0.020883,0.012545
5.612594,-0.027245,-0.020900,-0.019350,0.050821,0.020941,0.011572
5.622649,-0.028130,-0.021093,-0.019400,0.051327,0.022135,0.011360
5.632713,-0.028245,-0.020538,-0.019821,0.051457,0.023322,0.010764
5.642773,-0.028733,-0.021142,-0.019849,0.051976,0.025646,0.010928
5.652827,-0.028451,-0.021381,-0.020249,0.051737,0.027581,0.010326
5.662878,-0.028923,-0.022016,-0.020256,0.052649,0.029126,0.010485
5.672930,-0.028242,-0.021902,-0.020253,0.052422,0.031427,0.010260
5.682980,-0.028316,-0.022185,-0.020239,0.052581,0.033338,0.010413
5.693030,-0.028001,-0.022482,-0.020214,0.051983,0.034859,0.010183
5.703079,-0.028058,-0.022792,-0.020178,0.052534,0.036754,0.010331
5.713130,-0.026962,-0.023117,-0.019750,0.051945,0.037496,0.010095
5.723193,-0.027002,-0.023456,-0.019692,0.052123,0.037848,0.010237
5.733254,-0.027033,-0.023426,-0.019242,0.051924,0.038192,0.010377
5.743307,-0.027055,-0.024173,-0.019544,0.052491,0.038527,0.010514
5.753424,-0.026305,-0.024169,-0.019453,0.052680,0.038091,0.010648
5.763487,-0.026309,-0.024179,-0.019351,0.053253,0.038027,0.010780
5.773542,-0.026304,-0.024582,-0.019619,0.054211,0.037192,0.010909
5.783603,-0.025908,-0.024616,-0.019876,0.054027,0.034441,0.010653
5.793654,-0.026267,-0.025425,-0.019740,0.054226,0.032825,0.010776
5.803706,-0.025852,-0.024720,-0.019974,0.054046,0.029293,0.010896
5.813766,-0.025810,-0.024789,-0.019815,0.054248,0.027659,0.011014
5.823818,-0.024996,-0.024488,-0.020027,0.053308,0.024109,0.011128
5.833870,-0.025316,-0.024961,-0.020227,0.053894,0.022457,0.011621
5.843921,-0.024482,-0.024301,-0.020034,0.052955,0.020033,0.011730
5.853973,-0.025165,-0.024414,-0.020211,0.053160,0.019889,0.011836
5.864006,-0.025075,-0.024537,-0.020376,0.052222,0.020116,0.011939
5.874068,-0.026120,-0.024670,-0.020148,0.052046,0.020716,0.012039
5.884128,-0.026011,-0.023668,-0.019909,0.051106,0.022070,0.012137
5.894190,-0.026273,-0.024584,-0.019658,0.050928,0.023795,0.012613
5.904243,-0.025762,-0.024364,-0.019395,0.049986,0.025130,0.012704
5.914295,-0.026387,-0.024534,-0.019120,0.049806,0.026455,0.013174
5.924347,-0.025856,-0.024331,-0.018452,0.048097,0.028152,0.013260
5.934405,-0.026079,-0.024900,-0.018154,0.048294,0.029839,0.013724
5.944459,-0.025529,-0.025095,-0.017081,0.047344,0.031136,0.013804
5.954522,-0.025731,-0.025298,-0.017141,0.047917,0.032422,0.013881
5.964574,-0.024779,-0.024746,-0.016807,0.047723,0.033699,0.014337
5.974626,-0.024962,-0.025727,-0.016843,0.048290,0.034585,0.014789
5.984655,-0.024371,-0.025188,-0.016486,0.048471,0.034317,0.014858
5.994716,-0.024915,-0.025420,-0.016498,0.049411,0.034802,0.015305
6.004776,-0.024304,-0.025276,-0.016498,0.049964,0.035277,0.015367
6.014838,-0.024446,-0.025520,-0.016487,0.050514,0.035361,0.015808
6.024899,-0.024197,-0.024625,-0.016463,0.050676,0.033909,0.015865
6.034959,-0.023937,-0.025261,-0.016428,0.051215,0.032829,0.016300
6.045019,-0.025675,-0.027694,-0.016321,0.053801,0.032165,0.016780
6.055082,-0.025003,-0.027201,-0.016249,0.053559,0.028003,0.016826
6.065144,-0.025083,-0.027475,-0.016166,0.054073,0.026120,0.016868
6.075205,-0.024391,-0.027371,-0.016070,0.053817,0.023084,0.016907
6.085266,-0.024451,-0.027271,-0.015963,0.053936,0.021944,0.017325
6.095326,-0.024500,-0.026412,-0.015843,0.053284,0.020032,0.016977
6.105379,-0.024158,-0.027082,-0.015712,0.053387,0.019254,0.017389
6.115438,-0.024188,-0.026229,-0.015568,0.052719,0.018085,0.017417
6.125499,-0.024206,-0.026141,-0.015413,0.052805,0.018432,0.017442
6.135559,-0.023833,-0.026056,-0.015246,0.052120,0.019150,0.017845
6.145620,-0.024213,-0.026353,-0.015066,0.052189,0.020240,0.017865
6.155681,-0.024201,-0.025509,-0.014875,0.051104,0.021701,0.017881
6.165742,-0.024942,-0.026191,-0.014672,0.051154,0.023534,0.017895
6.175806,-0.024528,-0.025349,-0.014457,0.049668,0.024594,0.017905
6.185865,-0.024103,-0.025652,-0.014230,0.049698,0.026026,0.017913
6.195929,-0.023287,-0.025192,-0.013991,0.048572,0.026303,0.018300
6.205989,-0.023223,-0.025496,-0.013740,0.048581,0.027334,0.018302
6.216049,-0.023150,-0.025037,-0.013477,0.047815,0.028354,0.018301
6.226110,-0.023066,-0.025722,-0.013203,0.047801,0.029746,0.018679
6.236171,-0.022971,-0.025262,-0.012917,0.047013,0.030747,0.018673
6.246231,-0.023248,-0.025563,-0.012618,0.046975,0.032120,0.019045
6.256291,-0.022371,-0.025101,-0.012309,0.046163,0.032719,0.019034
6.266351,-0.021864,-0.025782,-0.011987,0.046101,0.032927,0.019400
6.276414,-0.021348,-0.025316,-0.011654,0.045645,0.031600,0.019383
6.286474,-0.021584,-0.025612,-0.011309,0.045939,0.031026,0.019744
6.296535,-0.021810,-0.025523,-0.010952,0.045457,0.030823,0.019721
6.306595,-0.021644,-0.026196,-0.010584,0.046106,0.030992,0.019314
6.316657,-0.021469,-0.025339,-0.010204,0.045978,0.030007,0.019286
6.326717,-0.021664,-0.026005,-0.009813,0.046218,0.029012,0.019255
6.336779,-0.021468,-0.026668,-0.009410,0.046444,0.027244,0.019221
6.346840,-0.020499,-0.025801,-0.008995,0.046273,0.022034,0.018803
6.356902,-0.020283,-0.026457,-0.008570,0.046852,0.019484,0.018382
6.366964,-0.020057,-0.026345,-0.008133,0.046652,0.016924,0.017958
6.377025,-0.020203,-0.026610,-0.007684,0.047200,0.016644,0.017151
6.387086,-0.020338,-0.025727,-0.007224,0.047352,0.016735,0.016722
6.397148,-0.020845,-0.026364,-0.006753,0.047869,0.017961,0.016290
6.407211,-0.021342,-0.025470,-0.006271,0.047227,0.018796,0.015475
6.417273,-0.021829,-0.025715,-0.005777,0.047713,0.020003,0.015038
6.427334,-0.021924,-0.025192,-0.005273,0.047420,0.021201,0.014217
6.437395,-0.022010,-0.025807,-0.004757,0.048254,0.022007,0.013775
6.447460,-0.020942,-0.024891,-0.004231,0.047928,0.022804,0.012567
6.457522,-0.021008,-0.025112,-0.003693,0.048349,0.023592,0.011356
6.467585,-0.020682,-0.024945,-0.003145,0.047989,0.024751,0.010525
6.477649,-0.020729,-0.024772,-0.002585,0.048375,0.026283,0.010072
6.487703,-0.020384,-0.024210,-0.002015,0.048363,0.027805,0.009236
6.497754,-0.020793,-0.025166,-0.001434,0.049096,0.028936,0.008396
6.507806,-0.020428,-0.024208,-0.000843,0.048667,0.029295,0.007554
6.517870,-0.020436,-0.024005,-0.000240,0.048602,0.030408,0.007091
6.527930,-0.020053,-0.023413,0.000372,0.048137,0.031129,0.006244
6.537993,-0.019660,-0.024339,0.000996,0.048036,0.031460,0.006158
6.548058,-0.019257,-0.023349,0.001629,0.047535,0.029875,0.005687
6.558119,-0.018845,-0.023876,0.002273,0.047397,0.029425,0.005595
6.568179,-0.018805,-0.023631,0.002928,0.047241,0.029728,0.005501
6.578241,-0.019518,-0.023760,0.003592,0.047829,0.030404,0.005404
6.588292,-0.019077,-0.023116,0.004267,0.046872,0.031070,0.005305
6.598345,-0.019390,-0.023989,0.004952,0.047041,0.031728,0.005203
6.608396,-0.019693,-0.023326,0.005646,0.046428,0.031613,0.005099
6.618446,-0.019988,-0.023417,0.006351,0.046177,0.031108,0.005374
6.628507,-0.019891,-0.023879,0.007066,0.045906,0.030594,0.005646
6.638569,-0.019785,-0.023187,0.007791,0.045235,0.029690,0.005916
6.648628,-0.019288,-0.023629,0.008525,0.045308,0.028776,0.005802
6.658690,-0.018782,-0.022916,0.008887,0.044598,0.026328,0.006067
6.668750,-0.018266,-0.023338,0.009641,0.044631,0.025396,0.005948
6.678813,-0.018123,-0.022985,0.010404,0.043881,0.023693,0.006208
6.688873,-0.018353,-0.023004,0.011177,0.043874,0.023126,0.006466
6.698932,-0.017810,-0.022630,0.011958,0.043466,0.021405,0.006721
6.708992,-0.018403,-0.023389,0.012750,0.043420,0.020438,0.006593
6.719056,-0.018223,-0.022992,0.013550,0.042972,0.017174,0.006843
6.729116,-0.018416,-0.022966,0.014360,0.042503,0.015045,0.007092
6.739177,-0.018218,-0.022546,0.015178,0.042396,0.012145,0.007337
6.749241,-0.018393,-0.022878,0.016006,0.042268,0.010762,0.007199
6.759306,-0.017797,-0.022053,0.016842,0.041739,0.009752,0.007441
6.769365,-0.017954,-0.022361,0.017688,0.041571,0.010259,0.007679
6.779428,-0.017720,-0.022276,0.018542,0.041000,0.011139,0.007916
6.789490,-0.017860,-0.022559,0.019405,0.041172,0.012392,0.007768
6.799550,-0.017609,-0.022067,0.019894,0.041324,0.014018,0.008000
6.809610,-0.018112,-0.021945,0.020774,0.041454,0.015636,0.007848
6.819663,-0.018225,-0.021428,0.021662,0.041564,0.017245,0.008076
6.829715,-0.017948,-0.021661,0.022177,0.041654,0.018082,0.007919
6.839767,-0.018044,-0.020738,0.023082,0.041341,0.018149,0.007760
6.849819,-0.018131,-0.021327,0.023995,0.041389,0.018588,0.007981
6.859871,-0.018209,-0.021522,0.024916,0.041034,0.018638,0.007817
6.869923,-0.018660,-0.021704,0.025845,0.041041,0.019442,0.008033
6.879975,-0.018721,-0.021109,0.026782,0.041026,0.020619,0.007866
6.889993,-0.018774,-0.020883,0.027726,0.041372,0.021788,0.008077
6.900046,-0.018818,-0.021406,0.028679,0.041316,0.022186,0.008286
6.910097,-0.017709,-0.021153,0.029639,0.040858,0.022576,0.008112
6.920150,-0.017355,-0.020887,0.030606,0.040760,0.022576,0.007935
6.930202,-0.016611,-0.020607,0.031581,0.040260,0.023331,0.008138
6.940255,-0.016621,-0.021076,0.032564,0.040502,0.024078,0.008338
6.950314,-0.017004,-0.020768,0.033553,0.041104,0.025580,0.008155
6.960367,-0.017380,-0.020447,0.034550,0.041686,0.026311,0.008351
6.970419,-0.016983,-0.019730,0.035173,0.042247,0.026652,0.008163
6.980471,-0.017342,-0.020143,0.036184,0.042787,0.027367,0.008355
6.990524,-0.017311,-0.020161,0.036820,0.043307,0.027311,0.008545
7.000577,-0.017271,-0.020547,0.037463,0.043806,0.027247,0.008351
7.010627,-0.017605,-0.019392,0.038495,0.044284,0.026412,0.008155
7.020690,-0.017931,-0.019368,0.039533,0.044741,0.026713,0.008338
7.030751,-0.017867,-0.019329,0.040578,0.045178,0.027389,0.008138
7.040813,-0.017795,-0.018895,0.041247,0.045594,0.028056,0.008317
7.050858,-0.017334,-0.017683,0.041923,0.045990,0.028716,0.008112
7.060910,-0.016864,-0.017983,0.042606,0.046365,0.028986,0.008287
7.070971,-0.016005,-0.017887,0.043294,0.046720,0.028486,0.008078
7.081034,-0.015901,-0.018158,0.044370,0.047054,0.028741,0.008249
7.091096,-0.015408,-0.018033,0.044689,0.047368,0.029369,0.008036
7.101157,-0.015288,-0.017511,0.045396,0.047662,0.029991,0.008203
7.111220,-0.015160,-0.016213,0.045727,0.047935,0.031367,0.008367
7.121281,-0.015405,-0.016425,0.046064,0.048189,0.031591,0.008529
7.131343,-0.015643,-0.015479,0.046024,0.048422,0.031808,0.008308
7.141403,-0.015873,-0.016044,0.046372,0.048635,0.032399,0.008467
7.151465,-0.016095,-0.015831,0.045963,0.048828,0.032219,0.008623
7.161529,-0.016310,-0.016367,0.046321,0.049001,0.032413,0.008777
7.171591,-0.016517,-0.016887,0.046304,0.049154,0.032599,0.008930
7.181652,-0.016334,-0.016630,0.045910,0.049287,0.032779,0.009080
7.191716,-0.016525,-0.016359,0.046285,0.049401,0.032950,0.008847
7.201776,-0.016327,-0.014546,0.045901,0.049495,0.033115,0.008993
7.211840,-0.016122,-0.014245,0.046285,0.049570,0.033272,0.009138
7.221903,-0.015909,-0.013929,0.045530,0.049624,0.032658,0.009280
7.231963,-0.015688,-0.014361,0.045542,0.049660,0.031656,0.009420
7.242026,-0.014697,-0.014016,0.045178,0.049676,0.030265,0.009559
7.252080,-0.014079,-0.014800,0.045581,0.049673,0.028867,0.009695
7.262154,-0.013454,-0.015188,0.044844,0.049651,0.027080,0.009448
7.272217,-0.013585,-0.015179,0.044874,0.049610,0.026048,0.009581
7.282278,-0.013326,-0.014774,0.044528,0.049550,0.023865,0.009711
7.292338,-0.013060,-0.013974,0.044948,0.049470,0.022819,0.009840
7.302401,-0.013168,-0.012776,0.044228,0.048991,0.019859,0.009967
7.312465,-0.013269,-0.012709,0.043894,0.048874,0.018036,0.010091
7.322524,-0.013362,-0.013008,0.043945,0.048739,0.014298,0.010214
7.332587,-0.013448,-0.014055,0.044381,0.047822,0.012079,0.009954
7.342640,-0.013527,-0.014706,0.044058,0.046887,0.009090,0.010073
7.352701,-0.013979,-0.015724,0.044120,0.045552,0.008001,0.010190
7.362760,-0.014043,-0.016346,0.043805,0.044199,0.006906,0.010305
7.372822,-0.014481,-0.016571,0.043874,0.043210,0.007329,0.010037
7.382884,-0.014530,-0.016019,0.043947,0.042583,0.007745,0.010149
7.392944,-0.014954,-0.016215,0.044023,0.041939,0.008154,0.010258
7.403004,-0.015370,-0.014871,0.043721,0.041659,0.008937,0.009985
7.413065,-0.015398,-0.014656,0.043421,0.041360,0.009333,0.010472
7.423128,-0.015418,-0.013283,0.042744,0.041045,0.010102,0.010195
7.433188,-0.015813,-0.012658,0.042832,0.040711,0.010865,0.010297
7.443265,-0.015437,-0.012399,0.042542,0.039979,0.010858,0.010397
7.453328,-0.015436,-0.012889,0.042255,0.039612,0.011225,0.010496
7.463388,-0.015428,-0.013365,0.041970,0.039227,0.011585,0.010592
7.473451,-0.015031,-0.014208,0.041688,0.038825,0.011939,0.010305
7.483504,-0.014627,-0.015036,0.042171,0.038024,0.012286,0.010780
7.493556,-0.014216,-0.015850,0.041894,0.037588,0.012244,0.010489
7.503610,-0.013416,-0.016268,0.041619,0.037136,0.012196,0.010579
7.513671,-0.012610,-0.016290,0.041347,0.036667,0.012522,0.010285
7.523730,-0.012559,-0.016298,0.041839,0.036181,0.013223,0.010370
7.533782,-0.012501,-0.016291,0.041571,0.035680,0.013536,0.010454
7.543841,-0.012436,-0.016270,0.042068,0.035162,0.014223,0.010536
7.553905,-0.012746,-0.014710,0.041422,0.034627,0.014522,0.010235
7.563967,-0.012667,-0.013898,0.041923,0.034077,0.014815,0.010313
7.574022,-0.012963,-0.012690,0.041662,0.033511,0.015100,0.010390
7.584083,-0.012870,-0.012613,0.041785,0.032930,0.014998,0.010464
7.594146,-0.013152,-0.012140,0.041146,0.032332,0.015270,0.010537
7.604206,-0.013427,-0.012034,0.041653,0.031719,0.015154,0.010608
7.614270,-0.013695,-0.012297,0.041398,0.031091,0.015413,0.010296
7.624334,-0.013957,-0.012545,0.041908,0.030448,0.015666,0.010364
7.634395,-0.013829,-0.012779,0.041275,0.029789,0.015911,0.010430
7.644448,-0.014077,-0.012999,0.041024,0.029115,0.016150,0.010494
7.654509,-0.013936,-0.013588,0.041156,0.028427,0.016383,0.010556
7.664570,-0.014170,-0.013780,0.041290,0.027723,0.016608,0.010617
7.674633,-0.014015,-0.013578,0.041042,0.027005,0.016827,0.010675
7.684696,-0.014235,-0.013743,0.041177,0.026273,0.016659,0.010732
7.694756,-0.014067,-0.013514,0.040931,0.025526,0.016865,0.010788
7.704817,-0.014273,-0.012889,0.041449,0.024764,0.017064,0.010841
7.714879,-0.014092,-0.011869,0.041586,0.023989,0.017638,0.010893
7.724940,-0.014284,-0.010836,0.041723,0.023199,0.017443,0.010943
7.735050,-0.013887,-0.009873,0.042763,0.021579,0.017796,0.010656
7.745105,-0.013678,-0.009563,0.042520,0.020748,0.017963,0.010700
7.755229,-0.013462,-0.010002,0.042278,0.019903,0.018123,0.010743
7.765289,-0.013240,-0.010046,0.042798,0.019045,0.018277,0.010784
7.775342,-0.013011,-0.010459,0.043319,0.018174,0.018424,0.010824
7.785405,-0.012775,-0.010095,0.043077,0.017290,0.018564,0.010862
7.795465,-0.012532,-0.010100,0.043598,0.016393,0.018699,0.010516
7.805527,-0.012283,-0.009710,0.043355,0.015482,0.018826,0.010550
7.815587,-0.012408,-0.009689,0.043875,0.014559,0.019329,0.010583
7.825645,-0.012146,-0.009655,0.044014,0.013623,0.019062,0.010613
7.835706,-0.011876,-0.009989,0.044534,0.012675,0.019170,0.010642
7.845769,-0.011982,-0.009548,0.044290,0.011714,0.018891,0.010670
7.855830,-0.012080,-0.009475,0.044427,0.010741,0.018986,0.010695
7.865889,-0.011791,-0.009389,0.044182,0.009756,0.019075,0.010719
7.875952,-0.011876,-0.009291,0.044700,0.008759,0.019157,0.010741
7.886004,-0.011955,-0.008798,0.044454,0.007749,0.018852,0.010761
7.896064,-0.012027,-0.008675,0.044970,0.006728,0.018921,0.010780
7.906126,-0.012092,-0.008157,0.044340,0.005695,0.018603,0.010797
7.916185,-0.011769,-0.008008,0.044855,0.004651,0.018660,0.010812
7.926248,-0.011440,-0.007466,0.044223,0.003595,0.018328,0.010444
7.936306,-0.011104,-0.007292,0.044735,0.002528,0.018372,0.010456
7.946365,-0.010380,-0.006725,0.044102,0.001450,0.016884,0.010847
7.956427,-0.010030,-0.006145,0.043848,0.000361,0.016533,0.010474
7.966478,-0.008911,-0.005172,0.043594,-0.000740,0.015795,0.010862
7.976532,-0.008548,-0.004567,0.043719,-0.001851,0.015431,0.010486
7.986589,-0.008179,-0.004332,0.042699,-0.002973,0.015061,0.010489
7.996645,-0.007803,-0.004086,0.042822,-0.004105,0.015448,0.010490
8.006698,-0.007802,-0.003445,0.042561,-0.004867,0.015828,0.010490
8.016747,-0.007794,-0.003174,0.042680,-0.006020,0.015821,0.010488
8.026808,-0.007779,-0.002891,0.042417,-0.007184,0.015807,0.010484
8.036868,-0.007758,-0.002978,0.042532,-0.008357,0.015405,0.010479
8.046932,-0.007730,-0.003052,0.042646,-0.009541,0.015378,0.010471
8.056995,-0.007696,-0.003497,0.043140,-0.009971,0.015345,0.010462
8.067056,-0.007655,-0.003548,0.043632,-0.011175,0.014923,0.010452
8.077119,-0.007607,-0.003588,0.043358,-0.012388,0.014496,0.010439
8.087179,-0.007552,-0.003616,0.043464,-0.013610,0.014443,0.010044
8.097241,-0.007491,-0.004014,0.043186,-0.014842,0.014384,0.010028
8.107299,-0.007423,-0.004019,0.043288,-0.016083,0.014319,0.010010
8.117366,-0.007349,-0.004012,0.043387,-0.017333,0.014247,0.009991
8.127428,-0.007268,-0.003613,0.043484,-0.018592,0.014168,0.009970
8.137493,-0.007180,-0.003583,0.042815,-0.019860,0.014465,0.009947
8.147553,-0.007086,-0.003543,0.042526,-0.020756,0.013992,0.009923
8.157615,-0.006985,-0.003491,0.042233,-0.021278,0.014276,0.009897
8.167675,-0.006877,-0.003427,0.042702,-0.022191,0.014172,0.009869
8.177737,-0.006762,-0.003353,0.042023,-0.022731,0.014061,0.009839
8.187797,-0.006641,-0.003268,0.042104,-0.023660,0.013944,0.009808
8.197860,-0.006513,-0.003553,0.041419,-0.023835,0.013821,0.009775
8.207919,-0.006378,-0.003445,0.041495,-0.024018,0.013691,0.009740
8.217980,-0.006237,-0.003327,0.040804,-0.023446,0.013554,0.009703
8.228040,-0.006089,-0.002816,0.040492,-0.023645,0.013030,0.009665
8.238102,-0.005934,-0.002676,0.039796,-0.023470,0.013262,0.009244
8.248162,-0.005773,-0.002525,0.039859,-0.023684,0.012724,0.009583
8.258224,-0.005604,-0.002363,0.039538,-0.023143,0.012943,0.009540
8.268283,-0.005429,-0.002191,0.039214,-0.023372,0.012774,0.009113
8.278346,-0.005247,-0.002390,0.039267,-0.022846,0.012598,0.009066
8.288405,-0.005059,-0.002196,0.039699,-0.023471,0.012416,0.009017
8.298467,-0.004863,-0.001992,0.039364,-0.023340,0.011846,0.009348
8.308526,-0.004661,-0.001777,0.039408,-0.023980,0.012032,0.008914
8.318586,-0.004452,-0.001552,0.038684,-0.023481,0.011830,0.008860
8.328647,-0.004237,-0.001317,0.039102,-0.023753,0.011622,0.008804
8.338709,-0.004014,-0.001071,0.039516,-0.024031,0.011407,0.008747
8.348770,-0.003785,-0.000434,0.039545,-0.023552,0.011185,0.009069
8.358832,-0.003548,-0.000167,0.039570,-0.023844,0.010957,0.009008
8.368895,-0.003305,-0.000272,0.039210,-0.023378,0.010722,0.008563
8.378956,-0.003055,0.000014,0.039227,-0.023682,0.010481,0.008498
8.389019,-0.002798,0.000311,0.039622,-0.023228,0.010233,0.008432
8.399083,-0.002535,0.000617,0.040013,-0.023544,0.009978,0.008364
8.409142,-0.002646,0.000934,0.040018,-0.023484,0.009717,0.008675
8.419204,-0.002368,0.001261,0.040401,-0.024193,0.009449,0.008222
8.429264,-0.002084,0.001597,0.040017,-0.024145,0.009174,0.008148
8.439325,-0.001792,0.001943,0.040009,-0.024483,0.008892,0.008073
8.449386,-0.001494,0.002299,0.039998,-0.024064,0.008604,0.007996
8.459448,-0.001188,0.002665,0.040364,-0.024032,0.008309,0.008298
8.469512,-0.000876,0.003040,0.039962,-0.023624,0.008008,0.007836
8.479577,-0.000557,0.003426,0.040319,-0.023984,0.007699,0.007753
8.489635,-0.000231,0.003820,0.039908,-0.023967,0.007765,0.008050
8.499699,0.000103,0.004224,0.040256,-0.023956,0.007443,0.007964
8.509759,0.000443,0.004638,0.039837,-0.023568,0.007115,0.007876
8.519820,0.000791,0.005061,0.040175,-0.023947,0.006779,0.007786
8.529880,0.000764,0.005494,0.039746,-0.023950,0.006437,0.007694
8.539942,0.001125,0.005935,0.040075,-0.024338,0.006087,0.007600
8.549995,0.001494,0.006387,0.039637,-0.024350,0.005731,0.007505
8.560047,0.001870,0.006847,0.039956,-0.024747,0.005368,0.007408
8.570099,0.002253,0.007316,0.039889,-0.024768,0.004998,0.007309
8.580154,0.002643,0.007795,0.040199,-0.025173,0.004622,0.006826
8.590215,0.003040,0.008283,0.040122,-0.025202,0.004238,0.007105
8.600276,0.003444,0.008398,0.040422,-0.025615,0.003847,0.007000
8.610338,0.003856,0.008523,0.039953,-0.025270,0.003831,0.006893
8.620388,0.004275,0.008656,0.040624,-0.025310,0.003426,0.006785
8.630453,0.004701,0.009180,0.040527,-0.025735,0.003015,0.006675
8.640518,0.005135,0.009712,0.040424,-0.025400,0.002596,0.006563
8.650578,0.005575,0.010253,0.040698,-0.025451,0.002170,0.006448
8.660641,0.006023,0.010422,0.040203,-0.025123,0.001738,0.006332
8.670700,0.006479,0.010981,0.040084,-0.025180,0.001298,0.006215
8.680753,0.006941,0.011548,0.039960,-0.024477,0.000851,0.006095
8.690816,0.007411,0.012125,0.039831,-0.024540,0.000397,0.005973
8.700876,0.007507,0.012709,0.039314,-0.023462,-0.000064,0.005850
8.710940,0.007992,0.013302,0.039555,-0.023531,-0.000151,0.005724
8.721005,0.008485,0.013523,0.039027,-0.022840,-0.000627,0.005597
8.731066,0.008984,0.013751,0.039256,-0.022915,-0.000728,0.005467
8.741128,0.009492,0.014370,0.039480,-0.022610,-0.000455,0.005336
8.751192,0.010006,0.014997,0.039698,-0.022690,-0.000571,0.005203
8.761252,0.010147,0.015251,0.039529,-0.022771,-0.000694,0.005449
8.771313,0.010677,0.015512,0.039354,-0.023237,-0.000824,0.004930
8.781374,0.011214,0.015783,0.038791,-0.022561,-0.000580,0.005173
8.791438,0.011759,0.016061,0.038985,-0.022268,-0.000725,0.004650
8.801501,0.012312,0.016729,0.039174,-0.021595,-0.000877,0.004888
8.811561,0.012872,0.017023,0.039356,-0.021687,-0.001037,0.004743
8.821620,0.013440,0.016945,0.039151,-0.021782,-0.000822,0.004596
8.831680,0.014015,0.017255,0.039321,-0.022259,-0.001378,0.004447
8.841743,0.014599,0.016811,0.039485,-0.022357,-0.001560,0.004296
8.851803,0.014808,0.016756,0.039643,-0.022456,-0.001750,0.004143
8.861865,0.015407,0.016327,0.039795,-0.021793,-0.001946,0.004370
8.871925,0.016014,0.016287,0.039940,-0.021895,-0.002914,0.003831
8.881987,0.016628,0.016256,0.040079,-0.021236,-0.003507,0.003672
8.892047,0.016869,0.016232,0.040212,-0.021340,-0.004108,0.003511
8.902120,0.017117,0.015834,0.039575,-0.021064,-0.004717,0.003729
8.912179,0.017374,0.015825,0.040076,-0.021552,-0.004952,0.003564
8.922242,0.018020,0.015443,0.039808,-0.022041,-0.005957,0.003396
8.932306,0.017911,0.015449,0.039914,-0.022150,-0.006588,0.003227
8.942363,0.018191,0.015463,0.040014,-0.021877,-0.007228,0.003056
8.952422,0.017335,0.015103,0.039345,-0.021605,-0.007493,0.002882
8.962484,0.017250,0.015513,0.039432,-0.022097,-0.008148,0.003088
8.972547,0.016028,0.015549,0.039130,-0.021826,-0.008810,0.002910
8.982607,0.015959,0.015593,0.039204,-0.021937,-0.008336,0.002731
8.992668,0.014754,0.014880,0.038507,-0.022049,-0.007489,0.002549
9.002728,0.013938,0.014557,0.038567,-0.022542,-0.007030,0.002365
9.012785,0.013512,0.014622,0.038239,-0.022272,-0.006580,0.002178
9.022840,0.013476,0.015076,0.038285,-0.022766,-0.007663,0.001990
9.032892,0.014211,0.014773,0.037561,-0.023259,-0.008754,0.001800
9.042945,0.014572,0.015241,0.037593,-0.023752,-0.009853,0.001989
9.052994,0.014942,0.015335,0.037236,-0.023863,-0.010198,0.001794
9.063046,0.015702,0.016198,0.037255,-0.024356,-0.011313,0.001597
9.073098,0.016088,0.016305,0.036503,-0.024085,-0.011673,0.001398
9.083150,0.016865,0.016419,0.036125,-0.024196,-0.012423,0.001578
9.093176,0.016887,0.016540,0.035359,-0.023924,-0.013181,0.000993
9.103239,0.017298,0.015905,0.035348,-0.024033,-0.013566,0.001169
9.113293,0.017718,0.015277,0.034949,-0.023378,-0.012814,0.000961
9.123354,0.017766,0.015800,0.034543,-0.023486,-0.012834,0.000751
9.133416,0.017821,0.015566,0.034129,-0.023211,-0.012480,0.000539
9.143476,0.017886,0.015720,0.034090,-0.023317,-0.012516,0.000706
9.153534,0.017577,0.015500,0.033661,-0.023040,-0.012179,0.000489
9.163595,0.017659,0.015286,0.033225,-0.022762,-0.012994,0.000270
9.173659,0.016986,0.015079,0.033164,-0.022101,-0.013818,0.000049
9.183719,0.016322,0.015641,0.033094,-0.022202,-0.014651,0.000207
9.193780,0.016429,0.016209,0.033018,-0.022302,-0.015491,-0.000019
9.203841,0.015782,0.016021,0.032552,-0.022018,-0.016341,-0.000247
9.213902,0.015907,0.016602,0.032842,-0.022496,-0.017580,-0.000477
9.223966,0.016041,0.016808,0.033124,-0.021828,-0.018827,-0.000710
9.234028,0.016565,0.017402,0.033017,-0.022303,-0.019321,-0.000563
9.244089,0.016335,0.017620,0.032902,-0.022013,-0.020204,-0.000801
9.254154,0.016496,0.017844,0.033161,-0.022102,-0.020714,-0.001040
9.264214,0.016665,0.017312,0.033031,-0.021427,-0.021614,-0.001282
9.274276,0.016843,0.017167,0.033275,-0.021513,-0.022142,-0.001145
9.284336,0.016649,0.015884,0.033129,-0.020833,-0.022678,-0.001392
9.294397,0.016846,0.016132,0.033739,-0.020914,-0.022842,-0.001641
9.304458,0.016669,0.016005,0.033577,-0.020993,-0.023014,-0.001511
9.314519,0.016502,0.016647,0.033790,-0.021451,-0.023195,-0.001765
9.324579,0.015963,0.016914,0.033994,-0.021525,-0.023766,-0.002021
9.334630,0.016196,0.017186,0.034191,-0.021978,-0.024346,-0.001898
9.344680,0.016056,0.016700,0.034379,-0.021666,-0.025317,-0.002159
9.354729,0.016688,0.016984,0.034941,-0.021732,-0.026296,-0.002423
9.364786,0.016949,0.016510,0.034351,-0.021414,-0.027284,-0.002688
9.374840,0.017218,0.016805,0.034134,-0.021475,-0.027900,-0.002575
9.384893,0.017116,0.016724,0.033909,-0.020770,-0.028143,-0.002846
9.394943,0.017022,0.016648,0.033676,-0.020443,-0.029158,-0.003119
9.405004,0.018008,0.016895,0.033948,-0.021688,-0.030834,-0.003292
9.415065,0.018325,0.016836,0.034072,-0.021733,-0.031495,-0.003572
9.425124,0.017887,0.017164,0.033806,-0.021775,-0.031784,-0.003856
9.435188,0.017841,0.017878,0.033913,-0.022576,-0.031700,-0.003760
9.445251,0.017423,0.018216,0.034012,-0.022612,-0.030862,-0.004048
9.455310,0.017396,0.018560,0.034484,-0.023406,-0.030797,-0.004339
9.465392,0.017378,0.018146,0.034567,-0.023434,-0.029977,-0.004632
9.475454,0.017751,0.018118,0.034259,-0.023840,-0.030693,-0.004928
9.485517,0.018135,0.018477,0.033944,-0.024623,-0.030274,-0.004845
9.495568,0.017764,0.018078,0.034001,-0.023877,-0.028720,-0.005145
9.505630,0.017785,0.018447,0.034050,-0.023889,-0.027175,-0.005067
9.515691,0.017816,0.018058,0.033709,-0.022754,-0.024113,-0.005374
9.525752,0.017856,0.018437,0.033741,-0.023140,-0.022206,-0.005682
9.535816,0.017143,0.017677,0.033765,-0.022377,-0.018400,-0.005993
9.545873,0.016822,0.018066,0.033780,-0.022755,-0.016511,-0.006307
9.555925,0.016891,0.018078,0.033405,-0.022365,-0.013869,-0.006242
9.565984,0.016971,0.018476,0.033403,-0.022734,-0.012762,-0.006561
9.576006,0.017442,0.018116,0.033392,-0.022717,-0.012046,-0.006883
9.586059,0.018304,0.018142,0.033373,-0.022696,-0.013247,-0.006826
9.596111,0.018795,0.017410,0.032963,-0.022288,-0.014839,-0.007153
9.606163,0.019677,0.017445,0.032545,-0.022639,-0.016059,-0.007483
9.616216,0.019806,0.017104,0.032119,-0.021840,-0.017289,-0.007434
9.626268,0.020326,0.017530,0.032065,-0.021800,-0.018147,-0.007387
9.636319,0.020475,0.017960,0.031621,-0.020991,-0.019396,-0.007725
9.646372,0.020634,0.018014,0.031549,-0.020941,-0.020654,-0.007684
9.656425,0.020422,0.017690,0.031469,-0.020504,-0.022304,-0.007646
9.666477,0.020220,0.018133,0.030999,-0.020825,-0.023201,-0.007610
9.676528,0.019646,0.017437,0.030520,-0.020377,-0.024489,-0.007959
9.686579,0.019845,0.017889,0.030413,-0.020688,-0.025786,-0.007929
9.696642,0.019673,0.017582,0.030679,-0.020611,-0.027475,-0.008283
9.706701,0.019511,0.017661,0.030555,-0.020911,-0.028792,-0.008258
9.716765,0.019360,0.016981,0.030041,-0.020442,-0.029356,-0.008236
9.726827,0.019600,0.017068,0.029899,-0.020730,-0.030311,-0.008598
9.736886,0.019850,0.017540,0.030130,-0.021013,-0.030894,-0.008582
9.746946,0.018966,0.017635,0.030351,-0.020527,-0.030725,-0.008950
9.757008,0.018855,0.018116,0.030183,-0.020798,-0.030565,-0.008939
9.767071,0.018754,0.018219,0.030005,-0.020300,-0.030034,-0.008931
9.777136,0.019426,0.018325,0.029818,-0.020941,-0.030657,-0.008926
9.787197,0.019728,0.018054,0.029241,-0.020812,-0.031289,-0.008924
9.797259,0.019658,0.018550,0.029037,-0.020678,-0.032314,-0.009305
9.807319,0.019598,0.018286,0.029205,-0.020156,-0.032203,-0.009309
9.817380,0.019930,0.018789,0.028982,-0.020391,-0.032484,-0.009315
9.827441,0.019891,0.018152,0.028750,-0.019856,-0.031249,-0.009324
9.837502,0.019862,0.018280,0.028891,-0.020078,-0.030787,-0.010098
9.847562,0.019080,0.017650,0.028641,-0.019149,-0.028428,-0.010113
9.857623,0.019454,0.018167,0.028764,-0.019358,-0.027222,-0.010512
9.867683,0.019837,0.018687,0.028877,-0.019179,-0.024501,-0.010532
9.877744,0.020231,0.018830,0.028600,-0.019374,-0.023316,-0.010937
9.887805,0.019872,0.018976,0.028314,-0.019182,-0.020614,-0.011344
9.897865,0.019905,0.019125,0.028400,-0.019364,-0.019067,-0.011373
9.907926,0.019567,0.018896,0.028095,-0.018776,-0.016004,-0.011786
9.917987,0.020002,0.019433,0.027781,-0.019325,-0.014859,-0.012202
9.928047,0.019302,0.019210,0.027840,-0.019105,-0.013723,-0.012240
9.938108,0.020140,0.019372,0.027889,-0.019259,-0.014123,-0.012662
9.948169,0.020224,0.018774,0.027929,-0.018643,-0.015677,-0.013086
9.958231,0.021463,0.018942,0.027578,-0.019163,-0.017623,-0.013132
9.968252,0.021949,0.018731,0.027600,-0.020059,-0.019578,-0.013563
9.978314,0.022827,0.019286,0.027612,-0.020946,-0.021162,-0.013615
9.988377,0.022571,0.019081,0.027616,-0.021826,-0.023137,-0.013670
9.998436,0.023088,0.019261,0.027609,-0.023081,-0.024359,-0.014109
10.008496,0.022471,0.019062,0.027213,-0.024327,-0.025591,-0.014551
10.018558,0.022245,0.019247,0.027188,-0.025566,-0.026452,-0.014615
10.028622,0.022411,0.019816,0.027154,-0.026797,-0.027322,-0.015063
10.038685,0.022587,0.019625,0.027111,-0.028020,-0.028964,-0.015132
10.048745,0.023155,0.020199,0.027058,-0.029236,-0.030617,-0.015586
10.058808,0.022970,0.020013,0.026615,-0.029299,-0.032279,-0.016042
10.068873,0.023558,0.020211,0.026544,-0.029735,-0.033950,-0.016121
10.078927,0.023393,0.019649,0.025700,-0.029019,-0.036013,-0.016583
10.088981,0.023237,0.019851,0.025229,-0.029058,-0.037323,-0.016667
10.099033,0.022329,0.019294,0.024748,-0.028326,-0.037497,-0.017135
10.109084,0.022576,0.019501,0.024640,-0.028348,-0.038063,-0.017606
10.119136,0.022832,0.018185,0.024141,-0.027599,-0.038638,-0.017699
10.129186,0.023098,0.018397,0.024013,-0.027223,-0.039604,-0.018176
10.139251,0.022610,0.018611,0.023877,-0.026838,-0.040198,-0.018274
10.149315,0.023277,0.019209,0.023731,-0.026445,-0.040038,-0.018757
10.159378,0.022428,0.019046,0.023576,-0.025662,-0.038362,-0.018861
10.169441,0.022733,0.018885,0.023411,-0.025633,-0.037458,-0.019350
10.179503,0.022284,0.018344,0.023237,-0.025214,-0.033893,-0.019841
10.189564,0.022989,0.018568,0.023054,-0.025550,-0.032626,-0.019954
10.199626,0.022941,0.018795,0.022861,-0.025113,-0.029461,-0.020069
10.209685,0.022903,0.019023,0.022659,-0.025049,-0.028212,-0.020188
10.219748,0.022492,0.018489,0.022448,-0.024213,-0.025064,-0.020690
10.229807,0.022853,0.018721,0.022227,-0.024130,-0.023070,-0.020433
10.239870,0.022461,0.018573,0.021997,-0.023276,-0.020704,-0.020941
10.249929,0.023222,0.019189,0.021757,-0.023176,-0.020635,-0.021071
10.259989,0.023611,0.019426,0.021508,-0.022303,-0.021337,-0.021204
10.270054,0.024391,0.019664,0.021250,-0.022184,-0.022812,-0.021720
10.280116,0.024798,0.019140,0.020983,-0.022056,-0.024294,-0.021858
10.290178,0.025976,0.019381,0.020706,-0.022681,-0.026549,-0.021999
10.300242,0.026019,0.019624,0.020419,-0.022534,-0.028430,-0.022143
10.310301,0.025689,0.019867,0.020124,-0.022759,-0.030320,-0.022289
10.320364,0.026131,0.020494,0.019819,-0.022211,-0.031836,-0.022820
10.330424,0.026200,0.020359,0.019504,-0.021273,-0.033742,-0.022972
10.340486,0.026277,0.020225,0.019181,-0.021087,-0.035656,-0.023126
10.350549,0.025600,0.020092,0.018848,-0.020510,-0.037578,-0.023283
10.360611,0.026075,0.020342,0.018505,-0.020305,-0.039126,-0.023443
10.370674,0.025032,0.020211,0.018154,-0.019328,-0.040682,-0.023605
10.380737,0.025524,0.020081,0.017793,-0.019484,-0.041864,-0.023770
10.390797,0.025260,0.019571,0.017422,-0.018868,-0.043054,-0.024320
10.400858,0.025767,0.019444,0.017043,-0.019005,-0.043870,-0.024490
10.410919,0.025137,0.019317,0.016654,-0.017987,-0.044311,-0.024281
10.420982,0.025659,0.019954,0.016256,-0.018104,-0.044378,-0.024838
10.431043,0.025044,0.020210,0.015848,-0.017448,-0.042164,-0.024634
10.441106,0.025199,0.020085,0.015432,-0.017544,-0.040338,-0.024433
10.451170,0.024980,0.019580,0.015006,-0.017249,-0.036611,-0.023853
10.461233,0.025531,0.019838,0.014571,-0.017325,-0.034799,-0.024038
10.471294,0.024945,0.019716,0.014126,-0.016628,-0.031085,-0.023463
10.481356,0.025128,0.019975,0.013673,-0.016301,-0.029667,-0.022890
10.491410,0.024555,0.019472,0.013210,-0.015965,-0.025585,-0.022319
10.501464,0.025132,0.019350,0.012738,-0.015618,-0.024561,-0.022133
10.511516,0.025716,0.019230,0.012257,-0.015260,-0.024305,-0.021948
10.521579,0.026688,0.019872,0.011767,-0.014892,-0.025582,-0.021385
10.531643,0.026902,0.019370,0.011267,-0.014514,-0.026482,-0.020060
10.541705,0.027885,0.019632,0.010759,-0.014506,-0.027389,-0.019501
10.551759,0.027730,0.019130,0.010241,-0.014107,-0.028300,-0.018181
10.561812,0.028343,0.019392,0.009714,-0.014841,-0.029598,-0.018007
10.571875,0.027817,0.019654,0.009179,-0.015183,-0.029376,-0.017073
10.581937,0.028440,0.019916,0.008634,-0.015895,-0.030684,-0.016904
10.592036,0.027924,0.019415,0.008080,-0.015835,-0.031233,-0.016355
10.602099,0.028175,0.019677,0.007517,-0.016526,-0.032551,-0.016189
10.612162,0.028813,0.019938,0.006946,-0.016825,-0.033109,-0.015644
10.622216,0.027548,0.019818,0.006365,-0.017113,-0.031765,-0.015483
10.632277,0.028194,0.020461,0.005775,-0.017772,-0.031187,-0.015323
10.642340,0.027700,0.019959,0.005177,-0.018420,-0.028324,-0.014784
10.652404,0.027972,0.019838,0.004569,-0.019057,-0.027372,-0.015009
10.662467,0.027104,0.019336,0.003953,-0.019683,-0.024516,-0.014854
10.672529,0.027383,0.019596,0.003328,-0.020298,-0.023952,-0.015083
10.682582,0.026522,0.019855,0.002694,-0.020902,-0.021484,-0.014932
10.692632,0.027189,0.020114,0.002051,-0.021496,-0.021689,-0.015163
10.702695,0.027477,0.019228,0.001400,-0.022078,-0.022659,-0.015015
10.712756,0.028531,0.019104,0.000739,-0.022649,-0.024394,-0.015250
10.722808,0.028824,0.019362,0.000070,-0.023210,-0.026513,-0.015105
10.732871,0.029500,0.019618,-0.000607,-0.023759,-0.028634,-0.015342
10.742936,0.028652,0.019492,-0.001293,-0.024297,-0.030756,-0.015199
10.752989,0.029332,0.019747,-0.001988,-0.024825,-0.032880,-0.015439
10.763050,0.029250,0.018857,-0.002691,-0.025341,-0.035005,-0.015680
10.773112,0.029551,0.019110,-0.003403,-0.025846,-0.037512,-0.015922
10.783165,0.029089,0.018980,-0.004124,-0.025578,-0.039257,-0.016166
10.793219,0.029773,0.019232,-0.004471,-0.025298,-0.041003,-0.016410
10.803272,0.028549,0.018719,-0.005590,-0.024244,-0.041604,-0.016273
10.813332,0.029233,0.018586,-0.006335,-0.023561,-0.042586,-0.016519
10.823385,0.028772,0.018453,-0.006708,-0.022104,-0.043187,-0.016766
10.833446,0.029455,0.019081,-0.007470,-0.021780,-0.043787,-0.017013
10.843507,0.028993,0.018563,-0.008241,-0.020301,-0.042479,-0.017643
10.853569,0.028530,0.018426,-0.009019,-0.019574,-0.041933,-0.017891
10.863629,0.028065,0.018287,-0.009806,-0.018455,-0.038714,-0.018140
10.873690,0.028743,0.018910,-0.010602,-0.017706,-0.037784,-0.018389
10.883743,0.029038,0.019150,-0.011023,-0.016946,-0.036088,-0.019021
10.893795,0.028568,0.018625,-0.011453,-0.015793,-0.032864,-0.018889
10.903857,0.029239,0.018480,-0.012272,-0.015393,-0.030400,-0.019139
10.913918,0.028382,0.018334,-0.012718,-0.014600,-0.026026,-0.019390
10.923979,0.029048,0.018949,-0.013553,-0.014560,-0.024701,-0.019640
10.934007,0.029328,0.018799,-0.014015,-0.013746,-0.024899,-0.019890
10.944070,0.029605,0.019411,-0.014866,-0.013683,-0.026237,-0.020140
10.954132,0.029878,0.018876,-0.015724,-0.012848,-0.027571,-0.020008
10.964197,0.030910,0.019103,-0.016591,-0.012383,-0.029664,-0.020257
10.974257,0.030030,0.018946,-0.017465,-0.011525,-0.031752,-0.020506
10.984320,0.030289,0.019168,-0.018347,-0.011039,-0.033072,-0.020755
10.994382,0.030161,0.019389,-0.019236,-0.010924,-0.035151,-0.021003
11.004444,0.030409,0.019607,-0.020133,-0.010416,-0.037223,-0.021250
11.014507,0.029889,0.019442,-0.021037,-0.010279,-0.038909,-0.021115
11.024570,0.030125,0.019657,-0.021948,-0.009751,-0.040588,-0.021360
11.034635,0.029210,0.019487,-0.022867,-0.009593,-0.041498,-0.021604
11.044695,0.029432,0.019697,-0.023794,-0.009044,-0.042782,-0.021848
11.054759,0.028885,0.019523,-0.024346,-0.008866,-0.043297,-0.022471
11.064819,0.029474,0.019728,-0.025286,-0.008677,-0.044185,-0.022712
11.074878,0.028911,0.018405,-0.025471,-0.007716,-0.043159,-0.022570
11.084941,0.029102,0.018987,-0.026426,-0.007888,-0.042124,-0.023190
11.095003,0.030222,0.020142,-0.027594,-0.007822,-0.040792,-0.023661
11.105059,0.030768,0.020716,-0.028188,-0.007964,-0.038587,-0.023893
11.115118,0.029779,0.020143,-0.029170,-0.008097,-0.035228,-0.024124
11.125180,0.029924,0.020331,-0.029778,-0.007838,-0.033767,-0.024353
11.135241,0.029296,0.019370,-0.030011,-0.007951,-0.029625,-0.024198
11.145302,0.029420,0.019934,-0.030250,-0.008436,-0.027762,-0.024423
11.155365,0.029152,0.019731,-0.030115,-0.008529,-0.024743,-0.023882
11.165425,0.029635,0.019525,-0.030367,-0.008613,-0.024766,-0.024102
11.175550,0.029344,0.018553,-0.029863,-0.008306,-0.024395,-0.023556
11.185614,0.030185,0.018723,-0.030128,-0.008371,-0.025158,-0.023770
11.195674,0.030632,0.019271,-0.030018,-0.008808,-0.026289,-0.023600
11.205736,0.029540,0.018672,-0.029915,-0.008855,-0.026646,-0.023427
11.215801,0.029961,0.018451,-0.030198,-0.008892,-0.027752,-0.023251
11.225862,0.029606,0.017463,-0.029725,-0.008539,-0.028464,-0.023072
11.235924,0.029236,0.017236,-0.029639,-0.008558,-0.029544,-0.022889
11.245984,0.028853,0.017386,-0.028797,-0.008950,-0.030229,-0.022322
11.256044,0.029218,0.017533,-0.029104,-0.008570,-0.029755,-0.021751
11.266104,0.027661,0.017295,-0.029036,-0.008562,-0.027360,-0.020795
11.276167,0.027996,0.017817,-0.029355,-0.008546,-0.025713,-0.019835
11.286231,0.027552,0.017572,-0.028916,-0.008522,-0.023287,-0.019253
11.296291,0.027474,0.018086,-0.028865,-0.008489,-0.022373,-0.018667
11.306354,0.027379,0.017834,-0.028437,-0.008447,-0.020679,-0.017695
11.316413,0.027268,0.017959,-0.028778,-0.008398,-0.020495,-0.017100
11.326476,0.026759,0.017318,-0.028743,-0.008340,-0.018769,-0.016119
11.336541,0.026995,0.017436,-0.028712,-0.008274,-0.019315,-0.015516
11.346594,0.026832,0.017550,-0.027924,-0.008200,-0.020989,-0.014526
11.356655,0.027413,0.017660,-0.027523,-0.008118,-0.022645,-0.014676
11.366717,0.027595,0.017766,-0.027507,-0.008028,-0.024283,-0.014058
11.376777,0.027759,0.017868,-0.028260,-0.007931,-0.025903,-0.014198
11.386840,0.027521,0.017584,-0.027873,-0.007826,-0.027505,-0.013951
11.396899,0.027265,0.018059,-0.028254,-0.007713,-0.029088,-0.013699
11.406961,0.026607,0.017767,-0.027495,-0.007594,-0.030653,-0.013823
11.417020,0.026692,0.018233,-0.027884,-0.007466,-0.032197,-0.013560
11.427082,0.026375,0.017551,-0.027516,-0.007332,-0.033723,-0.013292
11.437142,0.026419,0.017627,-0.027914,-0.007191,-0.034846,-0.013399
11.447202,0.025679,0.016936,-0.027173,-0.007042,-0.034806,-0.013500
11.457264,0.026062,0.017385,-0.026817,-0.006887,-0.035507,-0.013595
11.467325,0.024897,0.017447,-0.026465,-0.006725,-0.036188,-0.013685
11.477385,0.024855,0.017887,-0.026880,-0.006556,-0.036466,-0.013767
11.487481,0.024791,0.017940,-0.026917,-0.006380,-0.035959,-0.013844
11.497533,0.024704,0.017988,-0.027340,-0.006199,-0.036576,-0.013914
11.507594,0.024594,0.018413,-0.027386,-0.006010,-0.037170,-0.014359
11.517655,0.024461,0.018070,-0.027053,-0.005816,-0.036216,-0.014415
11.527708,0.024686,0.018486,-0.027487,-0.005615,-0.035621,-0.014846
11.537768,0.023742,0.018133,-0.026780,-0.005408,-0.033859,-0.014508
11.547821,0.023538,0.018156,-0.026839,-0.005195,-0.032455,-0.014925
11.557884,0.022927,0.017793,-0.026139,-0.004977,-0.029883,-0.014953
11.567944,0.023055,0.017806,-0.026586,-0.004752,-0.028432,-0.015356
11.577996,0.022777,0.017432,-0.026273,-0.004522,-0.026194,-0.015370
11.588057,0.022855,0.018198,-0.026345,-0.004286,-0.024313,-0.015376
11.598118,0.022526,0.018195,-0.026039,-0.004045,-0.020500,-0.015756
11.608178,0.022934,0.018568,-0.026498,-0.003798,-0.018570,-0.016128
11.618239,0.022553,0.018935,-0.026579,-0.003546,-0.016234,-0.016111
11.628293,0.022146,0.018915,-0.027043,-0.003289,-0.015399,-0.016467
11.638346,0.021713,0.018509,-0.026748,-0.003027,-0.014919,-0.016434
11.648400,0.022016,0.018477,-0.026836,-0.002759,-0.015940,-0.016774
11.658453,0.021910,0.018059,-0.025782,-0.002487,-0.017698,-0.017106
11.668505,0.022540,0.018016,-0.026257,-0.002210,-0.018667,-0.017048
11.678558,0.022762,0.017585,-0.026352,-0.001928,-0.019991,-0.016982
11.688610,0.023337,0.017530,-0.026450,-0.001641,-0.020907,-0.017288
11.698662,0.022740,0.017469,-0.025786,-0.001349,-0.021796,-0.017586
11.708713,0.022877,0.017402,-0.025888,-0.001053,-0.022659,-0.017112
11.718766,0.022606,0.017328,-0.025992,-0.000753,-0.023494,-0.017392
11.728816,0.022687,0.017630,-0.026860,-0.000448,-0.023921,-0.017282
11.738877,0.021976,0.017162,-0.026585,-0.000138,-0.024320,-0.017163
11.748937,0.021618,0.017450,-0.026694,0.000176,-0.025073,-0.017034
11.759038,0.020469,0.016969,-0.026041,0.000494,-0.025799,-0.017278
11.769090,0.020434,0.016863,-0.026534,0.000816,-0.026878,-0.017132
11.779145,0.020370,0.016750,-0.026647,0.001142,-0.027547,-0.017357
11.789197,0.019895,0.016249,-0.026762,0.001472,-0.028188,-0.017192
11.799250,0.019772,0.016504,-0.027259,0.001807,-0.028801,-0.017399
11.809302,0.019238,0.016370,-0.026613,0.002145,-0.029003,-0.017596
11.819356,0.019437,0.016229,-0.027112,0.002487,-0.029559,-0.017402
11.829409,0.019224,0.016463,-0.027612,0.002834,-0.030085,-0.017580
11.839459,0.018981,0.016689,-0.028113,0.003184,-0.030202,-0.017367
11.849520,0.018708,0.016527,-0.028233,0.003538,-0.029907,-0.017526
11.859580,0.018404,0.016738,-0.028355,0.003895,-0.029965,-0.017674
11.869641,0.017689,0.016180,-0.028095,0.004257,-0.030376,-0.017432
11.879705,0.017324,0.016376,-0.028217,0.004622,-0.030757,-0.017561
11.889757,0.016165,0.015802,-0.027958,0.004991,-0.031108,-0.017680
11.899818,0.015739,0.015220,-0.028463,0.005364,-0.031431,-0.017408
11.909876,0.014900,0.015012,-0.027824,0.005740,-0.031723,-0.017126
11.919938,0.014412,0.015178,-0.028329,0.006120,-0.031986,-0.017596
11.929997,0.014274,0.014954,-0.028453,0.006504,-0.031838,-0.017294
11.940049,0.014106,0.015103,-0.028958,0.006891,-0.032042,-0.017363
11.950103,0.014287,0.015244,-0.028701,0.007282,-0.032215,-0.017422
11.960155,0.014438,0.015759,-0.029207,0.007677,-0.031978,-0.017090
11.970208,0.014557,0.015502,-0.028949,0.008075,-0.031710,-0.017128
11.980260,0.014645,0.015236,-0.029073,0.008477,-0.031413,-0.017157
11.990313,0.014702,0.014962,-0.028815,0.008883,-0.031468,-0.016794
12.000363,0.014727,0.014298,-0.028938,0.009292,-0.031110,-0.016802
12.010427,0.014722,0.013989,-0.027890,0.009697,-0.031105,-0.016801
12.020486,0.014688,0.013644,-0.027563,0.009710,-0.030692,-0.016790
12.030580,0.014630,0.013257,-0.027564,0.010090,-0.029873,-0.016389
12.040644,0.014550,0.013216,-0.027905,0.010460,-0.029415,-0.016363
12.050706,0.014451,0.013517,-0.028193,0.010815,-0.029321,-0.016331
12.060768,0.014337,0.013782,-0.027673,0.011157,-0.029211,-0.016294
12.070828,0.014209,0.014012,-0.027488,0.011486,-0.029089,-0.016253
12.080889,0.014072,0.013824,-0.027252,0.011799,-0.028957,-0.016208
12.090950,0.013927,0.013982,-0.027349,0.012098,-0.028819,-0.016161
12.101012,0.013776,0.013727,-0.027020,0.012384,-0.027911,-0.016112
12.111063,0.013623,0.013817,-0.027020,0.012652,-0.027765,-0.016062
12.121115,0.013469,0.013494,-0.026210,0.012906,-0.027999,-0.016012
12.131169,0.013315,0.013141,-0.025355,0.013145,-0.027471,-0.015962
12.141221,0.013166,0.012372,-0.024830,0.013367,-0.027709,-0.015914
12.151274,0.013020,0.011575,-0.024642,0.013574,-0.027570,-0.015866
12.161335,0.012883,0.010743,-0.024019,0.013762,-0.027057,-0.015822
12.171398,0.012753,0.010265,-0.023351,0.013935,-0.026932,-0.015780
12.181460,0.012631,0.009758,-0.021874,0.014092,-0.026816,-0.015740
12.191521,0.012520,0.009602,-0.021492,0.014231,-0.027091,-0.015704
12.201581,0.012422,0.009414,-0.020677,0.014352,-0.026997,-0.015672
12.211642,0.012337,0.009580,-0.020577,0.014455,-0.026534,-0.015645
12.221702,0.012265,0.009336,-0.019667,0.014542,-0.026465,-0.015621
12.231763,0.012207,0.009445,-0.019471,0.014610,-0.026409,-0.015602
12.241828,0.012163,0.009908,-0.018848,0.014662,-0.026749,-0.015588
12.251888,0.012134,0.009960,-0.018556,0.014695,-0.026340,-0.015579
12.261950,0.012121,0.009985,-0.017453,0.014710,-0.026328,-0.015575
12.272010,0.012121,0.009985,-0.017072,0.014710,-0.026328,-0.015575
12.282070,0.012121,0.009985,-0.016309,0.014710,-0.026328,-0.015575
12.292131,0.012121,0.009985,-0.015927,0.014710,-0.026328,-0.015575
12.302189,0.012121,0.009985,-0.015164,0.014710,-0.026709,-0.015575
12.312251,0.012121,0.009985,-0.014783,0.014710,-0.026709,-0.015575
12.322310,0.012121,0.009985,-0.014020,0.014710,-0.026328,-0.015575
12.332362,0.012210,0.009822,-0.013359,0.014607,-0.026794,-0.015603
12.342414,0.012317,0.009619,-0.012251,0.014480,-0.026515,-0.015638
12.352466,0.012438,0.009385,-0.011471,0.014333,-0.027012,-0.015677
12.362518,0.012570,0.009121,-0.011024,0.014170,-0.026757,-0.015720
12.372570,0.012711,0.008828,-0.009768,0.013990,-0.026892,-0.015766
12.382622,0.012861,0.008503,-0.008841,0.013792,-0.027036,-0.015815
12.392675,0.013018,0.008147,-0.007866,0.013577,-0.027186,-0.015866
12.402725,0.013180,0.007761,-0.007227,0.013347,-0.027341,-0.016300
12.412775,0.013345,0.007341,-0.006535,0.013100,-0.027499,-0.015972
12.422839,0.013512,0.006889,-0.005415,0.012837,-0.027659,-0.016026
12.432899,0.013679,0.006401,-0.004622,0.012557,-0.027818,-0.016080
12.442961,0.013841,0.005883,-0.003787,0.012263,-0.027974,-0.016133
12.453021,0.014000,0.005326,-0.002895,0.011952,-0.028125,-0.016184
12.463083,0.014149,0.004736,-0.001959,0.011627,-0.028268,-0.016233
12.473144,0.014288,0.004108,-0.000971,0.011288,-0.028402,-0.016278
12.483203,0.014414,0.003444,0.000065,0.010934,-0.028522,-0.016319
12.493263,0.014522,0.002743,0.001149,0.010568,-0.028626,-0.016354
12.503316,0.014612,0.002000,0.002287,0.010186,-0.028711,-0.016383
12.513368,0.014678,0.001219,0.003472,0.009791,-0.028775,-0.016405
12.523419,0.014718,0.000397,0.004324,0.009385,-0.028813,-0.016418
12.533471,0.014728,-0.000466,0.005608,0.008965,-0.028823,-0.016421
12.543523,0.014705,-0.001371,0.006942,0.008534,-0.028800,-0.016414
12.553578,0.014644,-0.002318,0.008321,0.008093,-0.028742,-0.016394
12.563628,0.014542,-0.003311,0.009752,0.007639,-0.028644,-0.016361
12.573687,0.014394,-0.004350,0.011234,0.007175,-0.028503,-0.016313
12.583751,0.014198,-0.005432,0.012761,0.006702,-0.028315,-0.016249
12.593852,0.013947,-0.006564,0.014340,0.006218,-0.028075,-0.016167
12.603908,0.013639,-0.007360,0.015964,0.005726,-0.027781,-0.016067
12.613961,0.013269,-0.008587,0.017637,0.005226,-0.027426,-0.015947
12.623993,0.012831,-0.009484,0.019361,0.004717,-0.027007,-0.015805
12.634047,0.012322,-0.010431,0.021130,0.004201,-0.026519,-0.015640
12.644098,0.011736,-0.011428,0.022945,0.003680,-0.025959,-0.015450
12.654152,0.011070,-0.012860,0.024808,0.003152,-0.025322,-0.015234
12.664205,0.010319,-0.013964,0.026717,0.002619,-0.024602,-0.014991
12.674257,0.009477,-0.015123,0.028291,0.002082,-0.023796,-0.014718
12.684309,0.008539,-0.016337,0.029910,0.001542,-0.022899,-0.014415
12.694361,0.007502,-0.017607,0.031574,0.000999,-0.021906,-0.014080
12.704414,0.006741,-0.018172,0.033282,0.000454,-0.021194,-0.013712
12.714465,0.005489,-0.019557,0.035033,-0.000091,-0.019614,-0.013308
12.724527,0.004123,-0.020238,0.036446,-0.000635,-0.018306,-0.012868
12.734587,0.002638,-0.020979,0.038282,-0.001178,-0.017265,-0.012772
12.744648,0.001413,-0.021396,0.039010,-0.001717,-0.015728,-0.012257
12.754709,-0.000323,-0.022257,0.040545,-0.002253,-0.014065,-0.011700
12.764771,-0.001810,-0.022800,0.041737,-0.002782,-0.012275,-0.011102
12.774835,-0.003434,-0.023786,0.043348,-0.003304,-0.010355,-0.010462
12.784888,-0.005576,-0.023688,0.044229,-0.003817,-0.008684,-0.009779
12.794939,-0.007484,-0.024037,0.045910,-0.003937,-0.006491,-0.009051
12.804991,-0.009536,-0.024829,0.046859,-0.004426,-0.004541,-0.008278
12.815043,-0.014483,-0.028137,0.051144,-0.005740,0.000564,-0.006974
12.825097,-0.017383,-0.028366,0.051805,-0.006178,0.002581,-0.006060
12.835148,-0.020057,-0.029419,0.053253,-0.006595,0.004747,-0.005100
12.845210,-0.022135,-0.029780,0.053585,-0.006606,0.006691,-0.004471
12.855272,-0.024754,-0.030967,0.055081,-0.006972,0.008788,-0.003414
12.865351,-0.027161,-0.030317,0.055838,-0.007308,0.009905,-0.003070
12.875413,-0.029348,-0.031257,0.056992,-0.007611,0.011940,-0.001917
12.885473,-0.032466,-0.032645,0.057398,-0.007879,0.014136,-0.001097
12.895525,-0.035375,-0.032961,0.057822,-0.008108,0.014972,-0.000228
12.905577,-0.038065,-0.033722,0.059017,-0.008295,0.017491,0.000688
12.915629,-0.039777,-0.033406,0.059075,-0.008436,0.019407,0.001649
12.925680,-0.042419,-0.033921,0.059522,-0.008528,0.022628,0.002656
12.935732,-0.044086,-0.034126,0.059974,-0.008567,0.025632,0.003710
12.945786,-0.046674,-0.035539,0.060806,-0.008550,0.029932,0.004807
12.955838,-0.048277,-0.034730,0.060108,-0.008471,0.033624,0.005564
12.965890,-0.050420,-0.035515,0.060549,-0.008329,0.037849,0.006744
12.975943,-0.051572,-0.035984,0.060599,-0.008118,0.041079,0.007583
12.985993,-0.053638,-0.037283,0.061400,-0.007835,0.045217,0.008459
12.996053,-0.053568,-0.037126,0.060663,-0.007475,0.047214,0.009375
13.006106,-0.055922,-0.037793,0.061430,-0.007034,0.049724,0.010705
13.016158,-0.056123,-0.038144,0.060648,-0.006509,0.051221,0.011686
13.026210,-0.057982,-0.039322,0.060985,-0.005895,0.053989,0.012699
13.036262,-0.058439,-0.039418,0.060148,-0.005188,0.053064,0.013740
13.046316,-0.060159,-0.040340,0.060803,-0.004383,0.054542,0.015190
13.056367,-0.060083,-0.040561,0.059515,-0.003478,0.053077,0.016282
13.066419,-0.062020,-0.041987,0.059712,-0.002469,0.054003,0.017779
13.076472,-0.061765,-0.041947,0.059102,-0.001350,0.052354,0.018914
13.086524,-0.063889,-0.042346,0.058825,-0.000119,0.053462,0.020067
13.096576,-0.063424,-0.042803,0.058116,0.001228,0.051979,0.020854
13.106628,-0.065703,-0.044079,0.057733,0.002695,0.052858,0.022416
13.116681,-0.064996,-0.043884,0.056909,0.004285,0.050367,0.023227
13.126734,-0.067016,-0.045267,0.056785,0.006000,0.050984,0.024808
13.136791,-0.068696,-0.047079,0.056592,0.007843,0.052023,0.026012
13.146841,-0.068133,-0.046274,0.055187,0.009820,0.050056,0.026840
13.156891,-0.069891,-0.047425,0.054852,0.011931,0.051553,0.028432
13.166942,-0.069382,-0.047859,0.053295,0.014180,0.050403,0.029642
13.176991,-0.070795,-0.049100,0.053182,0.016568,0.051556,0.030848
13.187043,-0.069542,-0.048475,0.051840,0.018715,0.049663,0.031667
13.197094,-0.071338,-0.049798,0.050791,0.021388,0.050820,0.032861
13.207143,-0.070064,-0.049246,0.049267,0.024202,0.049290,0.033280
13.217194,-0.071447,-0.050259,0.048793,0.027166,0.050799,0.034070
13.227245,-0.069750,-0.050161,0.047076,0.030276,0.049993,0.034466
13.237295,-0.071451,-0.050855,0.046782,0.033535,0.051825,0.035228
13.247347,-0.069676,-0.050432,0.044475,0.036561,0.050182,0.035591
13.257396,-0.070896,-0.051936,0.043966,0.039734,0.050775,0.035934
13.267445,-0.069013,-0.051177,0.042582,0.043059,0.049410,0.035114
13.277495,-0.069735,-0.052344,0.041847,0.046915,0.050655,0.035416
13.287546,-0.068093,-0.051615,0.039848,0.050917,0.049156,0.034931
13.297596,-0.068668,-0.052427,0.038874,0.054689,0.050641,0.035185
13.307648,-0.067253,-0.052104,0.037013,0.057465,0.049758,0.033888
13.317697,-0.068039,-0.052931,0.035788,0.060388,0.050698,0.033708
13.327750,-0.066055,-0.052229,0.034434,0.062308,0.048491,0.032736
13.337801,-0.066649,-0.053056,0.034094,0.065521,0.049246,0.032499
13.347854,-0.064470,-0.051970,0.032093,0.066969,0.047614,0.031468
13.357904,-0.065230,-0.052777,0.031100,0.069698,0.049307,0.031169
13.367954,-0.062832,-0.051286,0.029588,0.071425,0.047845,0.030839
13.378003,-0.063753,-0.052449,0.028698,0.073670,0.048563,0.030858
13.388067,-0.064169,-0.053587,0.027284,0.076426,0.048781,0.031224
13.398120,-0.061417,-0.052032,0.025726,0.077028,0.046597,0.030414
13.408173,-0.061971,-0.052733,0.024786,0.079279,0.046960,0.030712
13.418224,-0.059731,-0.051496,0.023316,0.079752,0.044535,0.030595
13.428283,-0.059652,-0.052128,0.021697,0.081871,0.045801,0.031207
13.438348,-0.057530,-0.050424,0.019929,0.081815,0.045029,0.031019
13.448410,-0.057569,-0.051347,0.018008,0.084165,0.045659,0.031559
13.458475,-0.055563,-0.049925,0.016318,0.084330,0.043104,0.031299
13.468537,-0.055713,-0.049976,0.014474,0.086512,0.042711,0.031767
13.478596,-0.053435,-0.048435,0.012478,0.086882,0.040276,0.031435
13.488657,-0.052929,-0.048738,0.010326,0.089259,0.040380,0.031830
13.498712,-0.050756,-0.047059,0.008021,0.089814,0.039204,0.031806
13.508764,-0.050735,-0.047214,0.005560,0.092365,0.040185,0.032128
13.518816,-0.048664,-0.045376,0.002947,0.092701,0.039502,0.031649
13.528870,-0.048744,-0.045360,0.000177,0.095022,0.039830,0.031896
13.538931,-0.046391,-0.043724,-0.002744,0.094734,0.039257,0.030962
13.548981,-0.046571,-0.043899,-0.005821,0.096800,0.038932,0.030373
13.559039,-0.044699,-0.041679,-0.009048,0.096245,0.036560,0.029365
13.569098,-0.043832,-0.041259,-0.012047,0.098029,0.035580,0.029083
13.579154,-0.042058,-0.039196,-0.015576,0.096795,0.032171,0.027239
13.589204,-0.041671,-0.038921,-0.019255,0.098268,0.032062,0.026120
13.599255,-0.039233,-0.036610,-0.023079,0.097089,0.031432,0.024583
13.609305,-0.039323,-0.036072,-0.026667,0.098213,0.031809,0.023772
13.619374,-0.037747,-0.034254,-0.030400,0.096678,0.032051,0.022543
13.629428,-0.037553,-0.033813,-0.033889,0.098188,0.033680,0.021659
13.639488,-0.036456,-0.031697,-0.037901,0.096639,0.033648,0.020356
13.649544,-0.035979,-0.031328,-0.041663,0.097734,0.034622,0.019780
13.659605,-0.033835,-0.029269,-0.044798,0.095751,0.035460,0.019167
13.669664,-0.033074,-0.028181,-0.048821,0.096391,0.035778,0.018898
13.679725,-0.032551,-0.028059,-0.052206,0.096978,0.035196,0.018974
13.689785,-0.031125,-0.026608,-0.054953,0.094074,0.033332,0.018250
13.699846,-0.029936,-0.025725,-0.058576,0.094523,0.032093,0.018252
13.709907,-0.027459,-0.023880,-0.060786,0.091452,0.028808,0.017454
13.719970,-0.026748,-0.022591,-0.063870,0.091720,0.026148,0.017000
13.730024,-0.025510,-0.021468,-0.066290,0.089202,0.022585,0.016509
13.740085,-0.024508,-0.020503,-0.069571,0.089228,0.021171,0.016362
13.750145,-0.022599,-0.018164,-0.071422,0.086451,0.018855,0.015796
13.760205,-0.021688,-0.016731,-0.074881,0.086570,0.017923,0.015192
13.770266,-0.020248,-0.015434,-0.076131,0.083470,0.016086,0.014932
13.780326,-0.019424,-0.014264,-0.078984,0.083246,0.015250,0.014633
13.790378,-0.018069,-0.012069,-0.080374,0.079771,0.014652,0.014296
13.800430,-0.017326,-0.010748,-0.082968,0.079518,0.015053,0.013920
13.810483,-0.016813,-0.008767,-0.083706,0.076368,0.014926,0.013504
13.820534,-0.016147,-0.007263,-0.086400,0.076031,0.014651,0.013049
13.830586,-0.014944,-0.005082,-0.086837,0.073144,0.014227,0.012554
13.840636,-0.013585,-0.002599,-0.089210,0.072652,0.013651,0.012400
13.850686,-0.012449,0.000196,-0.089698,0.069582,0.012922,0.011823
13.860735,-0.011152,0.002926,-0.092099,0.068872,0.012037,0.011204
13.870784,-0.010074,0.006364,-0.091830,0.065929,0.011378,0.010925
13.880834,-0.008831,0.009755,-0.093459,0.064933,0.010177,0.010604
13.890887,-0.007420,0.013104,-0.093162,0.061670,0.008814,0.009857
13.900940,-0.005837,0.016802,-0.095128,0.060322,0.007286,0.009447
13.910992,-0.004083,0.020852,-0.094380,0.057054,0.005591,0.008993
13.921044,-0.002152,0.024879,-0.095487,0.055284,0.003726,0.008494
13.931101,-0.000043,0.029271,-0.096914,0.053089,0.001688,0.007947
13.941151,0.001870,0.033270,-0.095600,0.049310,-0.000146,0.007354
13.951202,0.004348,0.038020,-0.096868,0.046983,-0.002540,0.006712
13.961252,0.006254,0.041618,-0.094986,0.043425,-0.005499,0.006021
13.971302,0.008734,0.046353,-0.096046,0.041292,-0.007500,0.005280
13.981362,0.011029,0.050701,-0.093933,0.037521,-0.009310,0.004869
13.991414,0.013908,0.055041,-0.094356,0.034773,-0.011314,0.004025
14.001466,0.015468,0.058612,-0.091966,0.031511,-0.012756,0.003127
14.011514,0.017617,0.063689,-0.092084,0.028111,-0.014780,0.002174
14.021566,0.019599,0.066455,-0.089361,0.025331,-0.017010,0.001166
14.031616,0.022943,0.071098,-0.088743,0.021641,-0.020214,0.000483
14.041666,0.026892,0.074174,-0.086022,0.017422,-0.023252,-0.000640
14.051716,0.030686,0.078722,-0.085000,0.012675,-0.026128,-0.001823
14.061768,0.034331,0.081294,-0.081471,0.007406,-0.027702,-0.002685
14.071817,0.038212,0.086070,-0.080382,0.001620,-0.030648,-0.003609
14.081869,0.040811,0.088075,-0.076002,-0.004676,-0.032304,-0.004978
14.091918,0.044415,0.092617,-0.074802,-0.011081,-0.035337,-0.006030
14.101967,0.046360,0.094335,-0.070670,-0.018344,-0.037848,-0.007148
14.112018,0.050085,0.098545,-0.068557,-0.025301,-0.042129,-0.008334
14.122067,0.052158,0.099493,-0.064259,-0.031932,-0.045132,-0.009587
14.132138,0.055255,0.103253,-0.062726,-0.038591,-0.049148,-0.010911
14.142199,0.056707,0.103687,-0.058612,-0.044488,-0.049603,-0.012305
14.152256,0.059568,0.106865,-0.056490,-0.051117,-0.052222,-0.013771
14.162309,0.060408,0.106263,-0.052157,-0.056156,-0.051664,-0.014929
14.172362,0.063806,0.109475,-0.049808,-0.062621,-0.053273,-0.016542
14.182424,0.064420,0.107686,-0.046006,-0.066278,-0.052471,-0.017847
14.192486,0.067591,0.110015,-0.043421,-0.072045,-0.054978,-0.019228
14.202549,0.071030,0.112224,-0.040908,-0.077594,-0.057743,-0.020684
14.212610,0.072063,0.110461,-0.036942,-0.079831,-0.058474,-0.021835
14.222675,0.075645,0.111935,-0.033814,-0.084435,-0.061362,-0.023442
14.232735,0.076430,0.109360,-0.029619,-0.085261,-0.060300,-0.024361
14.242797,0.079754,0.110330,-0.027033,-0.089133,-0.062910,-0.026117
14.252862,0.080266,0.105274,-0.023009,-0.089525,-0.063080,-0.027565
14.262927,0.083296,0.104842,-0.019842,-0.092502,-0.066142,-0.029847
14.272988,0.083875,0.099084,-0.016013,-0.091538,-0.066360,-0.031054
14.283005,0.087329,0.098273,-0.013055,-0.093847,-0.069826,-0.033091
14.293059,0.087537,0.092849,-0.010214,-0.092146,-0.068894,-0.034811
14.303121,0.090584,0.091944,-0.007118,-0.093652,-0.071556,-0.036973
14.313185,0.090348,0.086004,-0.003775,-0.090706,-0.071690,-0.038427
14.323250,0.094051,0.084548,-0.000578,-0.092058,-0.075375,-0.040695
14.333305,0.093658,0.078411,0.002846,-0.088910,-0.074576,-0.042246
14.343342,0.096770,0.076355,0.006104,-0.089636,-0.077659,-0.044216
14.353394,0.095727,0.070363,0.009948,-0.086590,-0.076964,-0.045836
14.363446,0.098889,0.067680,0.013606,-0.087009,-0.080090,-0.047480
14.373498,0.097829,0.061438,0.017449,-0.083635,-0.078992,-0.047993
14.383550,0.100139,0.058886,0.021847,-0.083710,-0.081262,-0.049273
14.393602,0.098525,0.052396,0.026026,-0.079980,-0.079229,-0.049400
14.403654,0.100590,0.049610,0.030361,-0.079321,-0.081258,-0.050274
14.413706,0.098657,0.043665,0.034841,-0.075247,-0.078530,-0.049592
14.423757,0.100311,0.040293,0.039458,-0.073868,-0.080158,-0.050393
14.433809,0.097499,0.034929,0.043438,-0.069471,-0.076564,-0.049992
14.443861,0.098950,0.031399,0.047918,-0.068552,-0.077243,-0.050664
14.453913,0.095467,0.026285,0.052127,-0.063877,-0.073761,-0.050487
14.463964,0.096160,0.023033,0.056438,-0.062328,-0.073706,-0.050973
14.474020,0.096405,0.019372,0.060840,-0.060485,-0.073219,-0.051722
14.484072,0.091594,0.015316,0.064570,-0.055701,-0.068837,-0.051198
14.494134,0.091220,0.012027,0.068762,-0.053714,-0.068149,-0.051672
14.504196,0.086092,0.007996,0.072265,-0.049202,-0.063490,-0.050843
14.514259,0.084567,0.005146,0.076215,-0.047906,-0.062075,-0.051365
14.524323,0.078981,0.001588,0.079076,-0.044121,-0.056244,-0.050937
14.534383,0.076562,-0.000755,0.082756,-0.042446,-0.053605,-0.051074
14.544445,0.070417,-0.003774,0.085338,-0.038700,-0.048030,-0.049858
14.554509,0.067771,-0.006690,0.088722,-0.037475,-0.045603,-0.049187
14.564569,0.061362,-0.009488,0.090610,-0.034591,-0.039441,-0.047145
14.574630,0.057279,-0.012530,0.093664,-0.033109,-0.035637,-0.046397
14.584683,0.050558,-0.015044,0.095592,-0.029990,-0.029988,-0.043125
14.594744,0.046534,-0.018158,0.098292,-0.028677,-0.027451,-0.041521
14.604802,0.039487,-0.021476,0.099466,-0.025740,-0.024972,-0.038153
14.614863,0.035524,-0.024984,0.102153,-0.024616,-0.022558,-0.035692
14.624928,0.028552,-0.027528,0.102538,-0.022258,-0.020217,-0.032616
14.634988,0.023541,-0.031002,0.104805,-0.021335,-0.017198,-0.030455
14.645052,0.014521,-0.038403,0.111507,-0.021496,-0.010340,-0.026620
14.655105,0.008646,-0.041548,0.112876,-0.020665,-0.006159,-0.024200
14.665170,0.001387,-0.043673,0.112657,-0.019345,-0.001384,-0.021205
14.675232,-0.005314,-0.046672,0.113887,-0.019055,0.003574,-0.018792
14.685285,-0.012196,-0.048254,0.112750,-0.017498,0.009071,-0.016210
14.695339,-0.018078,-0.050696,0.113811,-0.017336,0.015072,-0.013853
14.705403,-0.024444,-0.051315,0.111718,-0.016270,0.021159,-0.011355
14.715468,-0.030884,-0.053545,0.112572,-0.015820,0.027684,-0.008728
14.725530,-0.036977,-0.053940,0.109878,-0.014449,0.034228,-0.006368
14.735593,-0.043439,-0.056305,0.110108,-0.013676,0.041128,-0.003910
14.745663,-0.048336,-0.056443,0.107158,-0.012348,0.047214,-0.001746
14.755718,-0.054675,-0.058159,0.107123,-0.011603,0.053589,0.000873
14.765754,-0.061267,-0.059916,0.106178,-0.010670,0.057539,0.003169
14.775815,-0.065798,-0.059809,0.103180,-0.008401,0.058658,0.005896
14.785878,-0.071271,-0.061256,0.102312,-0.007080,0.062622,0.008276
14.795939,-0.074228,-0.060827,0.098999,-0.005559,0.062541,0.010302
14.806001,-0.079970,-0.062326,0.098194,-0.004978,0.065243,0.012724
14.816061,-0.081211,-0.061547,0.094929,-0.003812,0.065350,0.014767
14.826122,-0.085560,-0.063070,0.093786,-0.002440,0.068185,0.017191
14.836181,-0.086491,-0.061923,0.090179,-0.000864,0.066459,0.019601
14.846245,-0.089712,-0.063450,0.088690,0.000917,0.068170,0.021613
14.856297,-0.089462,-0.062296,0.085877,0.002899,0.066413,0.023217
14.866351,-0.091835,-0.063424,0.084034,0.005081,0.068427,0.025172
14.876403,-0.090691,-0.062624,0.080485,0.007458,0.066167,0.026708
14.886455,-0.092892,-0.064096,0.078668,0.010028,0.067638,0.028587
14.896508,-0.091159,-0.062488,0.075146,0.012783,0.064419,0.029656
14.906561,-0.092355,-0.063905,0.073736,0.015723,0.065660,0.031823
14.916622,-0.090351,-0.062614,0.069861,0.018837,0.063327,0.033175
14.926682,-0.091631,-0.063959,0.068100,0.022123,0.064284,0.034857
14.936747,-0.088543,-0.062206,0.064639,0.025571,0.061645,0.035718
14.946813,-0.089483,-0.063462,0.062914,0.029179,0.062659,0.036907
14.956879,-0.086038,-0.061613,0.059493,0.032554,0.059678,0.037654
14.966942,-0.086982,-0.062761,0.057430,0.036454,0.061093,0.038342
14.977006,-0.083542,-0.061186,0.054058,0.040112,0.058514,0.038591
14.987063,-0.083714,-0.061836,0.052431,0.043897,0.059173,0.039542
14.997122,-0.079877,-0.060137,0.049118,0.046663,0.055830,0.039291
15.007183,-0.080409,-0.061038,0.047174,0.049541,0.056483,0.038978
15.017242,-0.076541,-0.059199,0.045077,0.052144,0.053888,0.038607
15.027304,-0.076671,-0.059581,0.043593,0.054852,0.054536,0.038560
15.037366,-0.076593,-0.060265,0.041579,0.057650,0.054983,0.038453
15.047427,-0.073259,-0.058583,0.039041,0.059390,0.051802,0.037145
15.057487,-0.073163,-0.058734,0.037508,0.061975,0.051865,0.036544
15.067549,-0.069812,-0.056891,0.035075,0.063867,0.049443,0.035506
15.077609,-0.068933,-0.057253,0.033654,0.066586,0.049883,0.035175
15.087671,-0.065959,-0.054863,0.031341,0.067462,0.047470,0.033649
15.097731,-0.065840,-0.055434,0.030048,0.069149,0.047158,0.033976
15.107793,-0.062100,-0.052864,0.027870,0.069737,0.044756,0.032726
15.117855,-0.061990,-0.053256,0.026720,0.071890,0.044848,0.032952
15.127915,-0.058653,-0.050889,0.024693,0.072174,0.042099,0.031986
15.137978,-0.058567,-0.051097,0.022939,0.074390,0.042609,0.032116
15.148037,-0.055639,-0.048540,0.021080,0.074719,0.041807,0.031437
15.158099,-0.055593,-0.048559,0.019501,0.076208,0.042369,0.031857
15.168166,-0.052712,-0.046193,0.017825,0.076183,0.040100,0.031470
15.178231,-0.052725,-0.046406,0.016435,0.077693,0.039207,0.031804
15.188296,-0.049527,-0.044611,0.014577,0.077292,0.036251,0.031333
15.198361,-0.049609,-0.043863,0.013014,0.079174,0.036199,0.031584
15.208418,-0.046872,-0.042254,0.011371,0.078758,0.035241,0.031415
15.218480,-0.046661,-0.041692,0.009650,0.080616,0.035670,0.031207
15.228533,-0.044402,-0.039507,0.008237,0.080548,0.035581,0.030963
15.238585,-0.043532,-0.039131,0.006374,0.082364,0.036887,0.031446
15.248643,-0.042530,-0.036750,0.004445,0.082245,0.036157,0.030749
15.258705,-0.042162,-0.036942,0.002455,0.083620,0.037210,0.030401
15.268767,-0.039762,-0.034748,0.000407,0.083053,0.036999,0.029257
15.278828,-0.040293,-0.033983,-0.001695,0.083591,0.036670,0.028844
15.288888,-0.038417,-0.032358,-0.003466,0.082178,0.035847,0.027637
15.298949,-0.036810,-0.031783,-0.005665,0.082627,0.035295,0.027164
15.309011,-0.035854,-0.029586,-0.007907,0.080738,0.031585,0.025518
15.319071,-0.035555,-0.029202,-0.010188,0.081085,0.029679,0.024607
15.329243,-0.033245,-0.027581,-0.012504,0.079469,0.027291,0.022905
15.339295,-0.032743,-0.027011,-0.014853,0.079703,0.027096,0.021941
15.349348,-0.033287,-0.026731,-0.017231,0.079875,0.026807,0.020952
15.359400,-0.032210,-0.025214,-0.019250,0.078072,0.027570,0.019556
15.369463,-0.031808,-0.024753,-0.021675,0.078496,0.029392,0.018900
15.379527,-0.030555,-0.022679,-0.024119,0.076565,0.029604,0.017840
15.389589,-0.030361,-0.022425,-0.026197,0.076470,0.030496,0.017140
15.399644,-0.029705,-0.021323,-0.028288,0.074778,0.031691,0.016800
15.409697,-0.029348,-0.021278,-0.030385,0.074914,0.033571,0.016438
15.419750,-0.028155,-0.020008,-0.032111,0.072691,0.034235,0.016058
15.429802,-0.028032,-0.019038,-0.034221,0.072680,0.034827,0.016040
15.439854,-0.026311,-0.018367,-0.035567,0.069916,0.035349,0.015621
15.449916,-0.025667,-0.018384,-0.037295,0.069747,0.035044,0.015185
15.459969,-0.024957,-0.018323,-0.038256,0.067209,0.034675,0.014732
15.470002,-0.024564,-0.017805,-0.039969,0.066873,0.034243,0.014644
15.480054,-0.023729,-0.016451,-0.040531,0.064553,0.033372,0.014540
15.490106,-0.023216,-0.016551,-0.041460,0.064433,0.032442,0.014040
15.500158,-0.021503,-0.016201,-0.042377,0.062327,0.029934,0.013906
15.510210,-0.020878,-0.016164,-0.043655,0.062039,0.027753,0.013376
15.520259,-0.020202,-0.015679,-0.043770,0.060522,0.023995,0.013214
15.530326,-0.019857,-0.015894,-0.044248,0.060450,0.021716,0.013040
15.540392,-0.019082,-0.015664,-0.044700,0.058764,0.018626,0.012853
15.550445,-0.019405,-0.015756,-0.045507,0.058899,0.017018,0.012654
15.560511,-0.019303,-0.015028,-0.045146,0.057427,0.014605,0.012444
15.570574,-0.019158,-0.014624,-0.045898,0.057392,0.014439,0.012603
15.580629,-0.018973,-0.013404,-0.045855,0.055746,0.013471,0.012371
15.590689,-0.019130,-0.013275,-0.045779,0.055541,0.013228,0.012511
15.600752,-0.018488,-0.013096,-0.045669,0.053725,0.012187,0.012259
15.610814,-0.018191,-0.012870,-0.046285,0.053352,0.011875,0.011999
15.620875,-0.017480,-0.012979,-0.046102,0.052895,0.011912,0.012111
15.630937,-0.016736,-0.012663,-0.045497,0.051212,0.011918,0.011833
15.640999,-0.016344,-0.012304,-0.045616,0.050972,0.012657,0.011929
15.651053,-0.015923,-0.011525,-0.044930,0.049506,0.014132,0.011636
15.661104,-0.015475,-0.011089,-0.044582,0.049485,0.014436,0.011717
15.671165,-0.015382,-0.010617,-0.043423,0.048236,0.014333,0.011411
15.681226,-0.015265,-0.010112,-0.043749,0.048055,0.014589,0.011479
15.691286,-0.015125,-0.009574,-0.042879,0.047412,0.014440,0.011542
15.701338,-0.015345,-0.009389,-0.042348,0.047457,0.014653,0.011598
15.711397,-0.015544,-0.008794,-0.041764,0.047042,0.014464,0.011269
15.721459,-0.015344,-0.008555,-0.041516,0.047317,0.013875,0.011315
15.731518,-0.015125,-0.007528,-0.040070,0.046370,0.014032,0.010976
15.741580,-0.015271,-0.006861,-0.040098,0.046113,0.014173,0.011395
15.751633,-0.015020,-0.005792,-0.038930,0.045783,0.014300,0.011048
15.761693,-0.014754,-0.005086,-0.038472,0.046144,0.014412,0.011078
15.771751,-0.014476,-0.004744,-0.037579,0.045291,0.014511,0.011104
15.781804,-0.014185,-0.004006,-0.037013,0.045895,0.014599,0.011128
15.791857,-0.014265,-0.003255,-0.035627,0.045664,0.014676,0.011148
15.801917,-0.013953,-0.002872,-0.035332,0.045751,0.014743,0.010785
15.811978,-0.014013,-0.002480,-0.033835,0.045386,0.014801,0.010800
15.822005,-0.014064,-0.002460,-0.033043,0.045719,0.014851,0.010814
15.832068,-0.013727,-0.002432,-0.031817,0.045228,0.014893,0.010825
15.842129,-0.013764,-0.002017,-0.030909,0.045431,0.014929,0.010835
15.852190,-0.013413,-0.001979,-0.029564,0.045192,0.014959,0.010461
15.862252,-0.013439,-0.001937,-0.028539,0.045270,0.014983,0.010468
15.872312,-0.013460,-0.001892,-0.027460,0.044909,0.015004,0.010473
15.882376,-0.013477,-0.001846,-0.027082,0.044867,0.015020,0.010478
15.892437,-0.013490,-0.001801,-0.026260,0.044762,0.015033,0.010481
15.902500,-0.013500,-0.001755,-0.025000,0.044220,0.015043,0.010484
15.912564,-0.013508,-0.001712,-0.024442,0.043999,0.015050,0.010486
15.922617,-0.013514,-0.002052,-0.023438,0.043336,0.015056,0.010487
15.932672,-0.013518,-0.002013,-0.023141,0.043001,0.015060,0.010488
15.942735,-0.013521,-0.001979,-0.022016,0.042604,0.015063,0.010489
15.952797,-0.013523,-0.001949,-0.021594,0.041770,0.015065,0.010490
15.962854,-0.013524,-0.001924,-0.020731,0.040882,0.015066,0.010490
15.972909,-0.013525,-0.001904,-0.019803,0.040316,0.015067,0.010490
15.982973,-0.013526,-0.001889,-0.019197,0.039695,0.015067,0.010109
15.993035,-0.013526,-0.001880,-0.018528,0.039017,0.015067,0.010490
