t,px,py,pz,qw,qx,qy,qz
0.000000,0.140595,-0.051173,0.311204,0.976383,-0.022666,-0.128543,-0.172163
0.010062,0.140595,-0.051173,0.311204,0.976383,-0.022666,-0.128543,-0.172163
0.020124,0.140595,-0.051173,0.311204,0.976383,-0.022666,-0.128543,-0.172163
0.030223,0.140595,-0.051173,0.311204,0.976383,-0.022666,-0.128543,-0.172163
0.040282,0.140595,-0.051173,0.311204,0.976383,-0.022666,-0.128543,-0.172163
0.050343,0.140595,-0.051173,0.311204,0.976383,-0.022666,-0.128543,-0.172163
0.060398,0.140595,-0.051173,0.311204,0.976383,-0.022666,-0.128543,-0.172163
0.070459,0.140595,-0.051173,0.311204,0.976383,-0.022666,-0.128543,-0.172163
0.080522,0.140595,-0.051173,0.311204,0.976383,-0.022666,-0.128543,-0.172163
0.090582,0.140595,-0.051173,0.311204,0.976383,-0.022666,-0.128543,-0.172163
0.100643,0.140595,-0.051173,0.311204,0.976383,-0.022666,-0.128543,-0.172163
0.110704,0.140595,-0.051173,0.311204,0.976383,-0.022666,-0.128543,-0.172163
0.120767,0.140595,-0.051173,0.311204,0.976383,-0.022666,-0.128543,-0.172163
0.130829,0.140595,-0.051173,0.311204,0.976383,-0.022666,-0.128543,-0.172163
0.140888,0.140595,-0.051173,0.311204,0.976383,-0.022666,-0.128543,-0.172163
0.150942,0.140595,-0.051173,0.311204,0.976383,-0.022666,-0.128543,-0.172163
0.161001,0.140595,-0.051173,0.311204,0.976383,-0.022666,-0.128543,-0.172163
0.171064,0.140595,-0.051173,0.311204,0.976383,-0.022666,-0.128543,-0.172163
0.181123,0.140595,-0.051173,0.311204,0.976383,-0.022666,-0.128543,-0.172163
0.191185,0.140595,-0.051173,0.311204,0.976383,-0.022666,-0.128543,-0.172163
0.201248,0.140595,-0.051173,0.311204,0.976383,-0.022666,-0.128543,-0.172163
0.211310,0.140595,-0.051173,0.311204,0.976383,-0.022666,-0.128543,-0.172163
0.221367,0.140595,-0.051173,0.311204,0.976383,-0.022666,-0.128543,-0.172163
0.231428,0.140595,-0.051173,0.311204,0.976383,-0.022666,-0.128543,-0.172163
0.241582,0.140595,-0.051173,0.311204,0.976383,-0.022666,-0.128543,-0.172163
0.251643,0.140595,-0.051173,0.311204,0.976383,-0.022666,-0.128543,-0.172163
0.261702,0.140595,-0.051173,0.311204,0.976383,-0.022666,-0.128543,-0.172163
0.271763,0.140595,-0.051173,0.311204,0.976383,-0.022666,-0.128543,-0.172163
0.281820,0.140595,-0.051173,0.311210,0.976383,-0.022666,-0.128543,-0.172163
0.291882,0.140595,-0.051173,0.311222,0.976383,-0.022666,-0.128543,-0.172163
0.301944,0.140595,-0.051173,0.311234,0.976383,-0.022666,-0.128543,-0.172163
0.312004,0.140595,-0.051173,0.311248,0.976383,-0.022666,-0.128543,-0.172163
0.322064,0.140595,-0.051173,0.311262,0.976383,-0.022666,-0.128543,-0.172163
0.332126,0.140595,-0.051173,0.311277,0.976383,-0.022666,-0.128543,-0.172163
0.342179,0.140595,-0.051173,0.311293,0.976383,-0.022666,-0.128543,-0.172163
0.352240,0.140595,-0.051173,0.311311,0.976383,-0.022666,-0.128543,-0.172163
0.362303,0.140595,-0.051173,0.311329,0.976383,-0.022666,-0.128543,-0.172163
0.372363,0.140595,-0.051173,0.311348,0.976383,-0.022666,-0.128543,-0.172163
0.382424,0.140595,-0.051173,0.311369,0.976383,-0.022666,-0.128543,-0.172163
0.392485,0.140595,-0.051173,0.311389,0.976383,-0.022666,-0.128543,-0.172163
0.402546,0.140595,-0.051173,0.311412,0.976383,-0.022666,-0.128543,-0.172163
0.412604,0.140595,-0.051173,0.311435,0.976383,-0.022666,-0.128543,-0.172163
0.422667,0.140594,-0.051173,0.311460,0.976383,-0.022666,-0.128543,-0.172163
0.432727,0.140594,-0.051173,0.311486,0.976383,-0.022666,-0.128543,-0.172163
0.442789,0.140594,-0.051173,0.311513,0.976383,-0.022666,-0.128543,-0.172163
0.452876,0.140594,-0.051173,0.311541,0.976383,-0.022666,-0.128543,-0.172163
0.462936,0.140593,-0.051173,0.311571,0.976383,-0.022666,-0.128543,-0.172163
0.472997,0.140593,-0.051173,0.311602,0.976383,-0.022666,-0.128543,-0.172163
0.483059,0.140593,-0.051173,0.311634,0.976383,-0.022666,-0.128543,-0.172163
0.493121,0.140592,-0.051173,0.311668,0.976383,-0.022666,-0.128543,-0.172163
0.503184,0.140592,-0.051173,0.311702,0.976383,-0.022666,-0.128543,-0.172163
0.513245,0.140592,-0.051173,0.311739,0.976383,-0.022666,-0.128543,-0.172163
0.523308,0.140591,-0.051173,0.311776,0.976383,-0.022666,-0.128543,-0.172163
0.533372,0.140590,-0.051173,0.311815,0.976383,-0.022666,-0.128543,-0.172163
0.543432,0.140590,-0.051173,0.311856,0.976383,-0.022666,-0.128543,-0.172163
0.553483,0.140589,-0.051173,0.311898,0.976383,-0.022666,-0.128543,-0.172163
0.563544,0.140588,-0.051173,0.311941,0.976383,-0.022666,-0.128543,-0.172163
0.573605,0.140587,-0.051173,0.311986,0.976383,-0.022666,-0.128543,-0.172163
0.583665,0.140587,-0.051173,0.312034,0.976383,-0.022666,-0.128543,-0.172163
0.593729,0.140586,-0.051173,0.312081,0.976383,-0.022666,-0.128543,-0.172163
0.603791,0.140584,-0.051173,0.312131,0.976383,-0.022666,-0.128543,-0.172163
0.613850,0.140583,-0.051173,0.312183,0.976383,-0.022666,-0.128543,-0.172163
0.623914,0.140582,-0.051173,0.312237,0.976383,-0.022666,-0.128543,-0.172163
0.633973,0.140580,-0.051173,0.312291,0.976383,-0.022666,-0.128543,-0.172163
0.644034,0.140579,-0.051173,0.312347,0.976383,-0.022666,-0.128543,-0.172163
0.654095,0.140577,-0.051173,0.312406,0.976383,-0.022666,-0.128543,-0.172163
0.664154,0.140575,-0.051173,0.312466,0.976383,-0.022666,-0.128543,-0.172163
0.674215,0.140573,-0.051173,0.312528,0.976383,-0.022666,-0.128543,-0.172163
0.684279,0.140571,-0.051173,0.312591,0.976383,-0.022666,-0.128543,-0.172163
0.694339,0.140569,-0.051173,0.312656,0.976383,-0.022666,-0.128543,-0.172163
0.704402,0.140566,-0.051173,0.312724,0.976383,-0.022666,-0.128543,-0.172163
0.714465,0.140564,-0.051173,0.312793,0.976383,-0.022666,-0.128543,-0.172163
0.724525,0.140561,-0.051173,0.312864,0.976383,-0.022666,-0.128543,-0.172163
0.734588,0.140558,-0.051173,0.312938,0.976383,-0.022666,-0.128543,-0.172163
0.744652,0.140554,-0.051173,0.313012,0.976383,-0.022666,-0.128543,-0.172163
0.754710,0.140551,-0.051173,0.313089,0.976383,-0.022666,-0.128543,-0.172163
0.764774,0.140547,-0.051173,0.313168,0.976383,-0.022666,-0.128543,-0.172163
0.774834,0.140543,-0.051173,0.313248,0.976383,-0.022666,-0.128543,-0.172163
0.784898,0.140539,-0.051173,0.313331,0.976383,-0.022666,-0.128543,-0.172163
0.794962,0.140534,-0.051173,0.313416,0.976383,-0.022666,-0.128543,-0.172163
0.805027,0.140524,-0.051173,0.313592,0.976383,-0.022666,-0.128543,-0.172163
0.815086,0.140518,-0.051173,0.313683,0.976383,-0.022666,-0.128543,-0.172163
0.825149,0.140512,-0.051173,0.313776,0.976383,-0.022666,-0.128543,-0.172163
0.835206,0.140506,-0.051173,0.313871,0.976383,-0.022666,-0.128543,-0.172163
0.845269,0.140499,-0.051173,0.313969,0.976383,-0.022666,-0.128543,-0.172163
0.855328,0.140492,-0.051173,0.314068,0.976383,-0.022666,-0.128543,-0.172163
0.865393,0.140485,-0.051173,0.314169,0.976383,-0.022666,-0.128543,-0.172163
0.875452,0.140477,-0.051173,0.314273,0.976383,-0.022666,-0.128543,-0.172163
0.885516,0.140469,-0.051173,0.314380,0.976383,-0.022666,-0.128543,-0.172163
0.895583,0.140460,-0.051173,0.314487,0.976383,-0.022666,-0.128543,-0.172163
0.905634,0.140451,-0.051173,0.314599,0.976383,-0.022666,-0.128543,-0.172163
0.915684,0.140441,-0.051173,0.314711,0.976383,-0.022666,-0.128543,-0.172163
0.925746,0.140431,-0.051173,0.314826,0.976383,-0.022666,-0.128543,-0.172163
0.935805,0.140420,-0.051173,0.314944,0.976383,-0.022666,-0.128543,-0.172163
0.945867,0.140408,-0.051173,0.315063,0.976383,-0.022666,-0.128543,-0.172163
0.955920,0.140396,-0.051173,0.315185,0.976383,-0.022666,-0.128543,-0.172163
0.965982,0.140384,-0.051173,0.315309,0.976383,-0.022666,-0.128543,-0.172163
0.976046,0.140371,-0.051173,0.315436,0.976383,-0.022666,-0.128543,-0.172163
0.986110,0.140357,-0.051173,0.315564,0.976383,-0.022666,-0.128543,-0.172163
0.996172,0.140342,-0.051173,0.315695,0.976383,-0.022666,-0.128543,-0.172163
1.006234,0.140327,-0.051173,0.315829,0.976383,-0.022666,-0.128543,-0.172163
1.016293,0.140311,-0.051173,0.315965,0.976383,-0.022666,-0.128543,-0.172163
1.026356,0.140294,-0.051173,0.316103,0.976383,-0.022666,-0.128543,-0.172163
1.036415,0.140276,-0.051173,0.316244,0.976383,-0.022666,-0.128543,-0.172163
1.046477,0.140258,-0.051173,0.316387,0.976383,-0.022666,-0.128543,-0.172163
1.056540,0.140238,-0.051173,0.316532,0.976383,-0.022666,-0.128543,-0.172163
1.066602,0.140218,-0.051173,0.316680,0.976383,-0.022666,-0.128543,-0.172163
1.076665,0.140197,-0.051173,0.316831,0.976383,-0.022666,-0.128543,-0.172163
1.086728,0.140175,-0.051173,0.316984,0.976383,-0.022666,-0.128543,-0.172163
1.096788,0.140152,-0.051173,0.317139,0.976383,-0.022666,-0.128543,-0.172163
1.106863,0.140128,-0.051173,0.317297,0.976383,-0.022666,-0.128543,-0.172163
1.116922,0.140103,-0.051173,0.317457,0.976383,-0.022666,-0.128543,-0.172163
1.126984,0.140077,-0.051173,0.317620,0.976383,-0.022666,-0.128543,-0.172163
1.137047,0.140050,-0.051173,0.317785,0.976383,-0.022666,-0.128543,-0.172163
1.147109,0.140022,-0.051173,0.317952,0.976383,-0.022666,-0.128543,-0.172163
1.157170,0.139992,-0.051173,0.318122,0.976383,-0.022666,-0.128543,-0.172163
1.167234,0.139961,-0.051173,0.318295,0.976383,-0.022666,-0.128543,-0.172163
1.177294,0.139929,-0.051173,0.318470,0.976383,-0.022666,-0.128543,-0.172163
1.187358,0.139896,-0.051173,0.318647,0.976383,-0.022666,-0.128543,-0.172163
1.197422,0.139862,-0.051173,0.318827,0.976383,-0.022666,-0.128543,-0.172163
1.207473,0.139826,-0.051173,0.319010,0.976383,-0.022666,-0.128543,-0.172163
1.217523,0.139789,-0.051173,0.319195,0.976383,-0.022666,-0.128543,-0.172163
1.227583,0.139750,-0.051173,0.319382,0.976383,-0.022666,-0.128543,-0.172163
1.237642,0.139710,-0.051173,0.319571,0.976383,-0.022666,-0.128543,-0.172163
1.247702,0.139668,-0.051173,0.319764,0.976383,-0.022666,-0.128543,-0.172163
1.257766,0.139625,-0.051173,0.319958,0.976383,-0.022666,-0.128543,-0.172163
1.267827,0.139580,-0.051173,0.320155,0.976383,-0.022666,-0.128543,-0.172163
1.277886,0.139534,-0.051173,0.320355,0.976383,-0.022666,-0.128543,-0.172163
1.287948,0.139486,-0.051173,0.320557,0.976383,-0.022666,-0.128543,-0.172163
1.298007,0.139436,-0.051173,0.320761,0.976383,-0.022666,-0.128543,-0.172163
1.308067,0.139385,-0.051173,0.320968,0.976383,-0.022666,-0.128543,-0.172163
1.318149,0.139331,-0.051173,0.321178,0.976383,-0.022666,-0.128543,-0.172163
1.328211,0.139276,-0.051173,0.321390,0.976383,-0.022666,-0.128543,-0.172163
1.338272,0.139220,-0.051173,0.321603,0.976383,-0.022666,-0.128543,-0.172163
1.348332,0.139160,-0.051173,0.321820,0.976383,-0.022666,-0.128543,-0.172163
1.358394,0.139100,-0.051173,0.322038,0.976383,-0.022666,-0.128543,-0.172163
1.368455,0.139037,-0.051173,0.322259,0.976383,-0.022666,-0.128543,-0.172163
1.378516,0.138972,-0.051173,0.322483,0.976383,-0.022666,-0.128543,-0.172163
1.388581,0.138905,-0.051173,0.322709,0.976383,-0.022666,-0.128543,-0.172163
1.398641,0.138835,-0.051173,0.322937,0.976383,-0.022666,-0.128543,-0.172163
1.408702,0.138764,-0.051173,0.323166,0.976383,-0.022666,-0.128543,-0.172163
1.418762,0.138691,-0.051173,0.323399,0.976383,-0.022666,-0.128543,-0.172163
1.428824,0.138615,-0.051173,0.323634,0.976383,-0.022666,-0.128543,-0.172163
1.438883,0.138536,-0.051173,0.323871,0.976383,-0.022666,-0.128543,-0.172163
1.448947,0.138455,-0.051173,0.324110,0.976383,-0.022666,-0.128543,-0.172163
1.459006,0.138373,-0.051173,0.324351,0.976383,-0.022666,-0.128543,-0.172163
1.469069,0.138287,-0.051173,0.324594,0.976383,-0.022666,-0.128543,-0.172163
1.479132,0.138199,-0.051173,0.324840,0.976383,-0.022666,-0.128543,-0.172163
1.489194,0.138108,-0.051173,0.325088,0.976383,-0.022666,-0.128543,-0.172163
1.499257,0.138015,-0.051173,0.325338,0.976383,-0.022666,-0.128543,-0.172163
1.509316,0.137919,-0.051173,0.325589,0.976383,-0.022666,-0.128543,-0.172163
1.519377,0.137820,-0.051173,0.325842,0.976383,-0.022666,-0.128543,-0.172163
1.529446,0.137718,-0.051173,0.326098,0.976383,-0.022666,-0.128543,-0.172163
1.539509,0.137614,-0.051173,0.326356,0.976383,-0.022666,-0.128543,-0.172163
1.549568,0.137507,-0.051173,0.326615,0.976383,-0.022666,-0.128543,-0.172163
1.559631,0.137397,-0.051173,0.326876,0.976383,-0.022666,-0.128543,-0.172163
1.569695,0.137283,-0.051173,0.327139,0.976383,-0.022666,-0.128543,-0.172163
1.579750,0.137167,-0.051173,0.327405,0.976383,-0.022666,-0.128543,-0.172163
1.589812,0.137048,-0.051173,0.327671,0.976383,-0.022666,-0.128543,-0.172163
1.599874,0.136926,-0.051173,0.327939,0.976383,-0.022666,-0.128543,-0.172163
1.609938,0.136800,-0.051173,0.328209,0.976383,-0.022666,-0.128543,-0.172163
1.619997,0.136671,-0.051173,0.328480,0.976383,-0.022666,-0.128543,-0.172163
1.630059,0.136539,-0.051173,0.328753,0.976383,-0.022666,-0.128543,-0.172163
1.640121,0.136404,-0.051173,0.329028,0.976383,-0.022666,-0.128543,-0.172163
1.650182,0.136265,-0.051173,0.329304,0.976383,-0.022666,-0.128543,-0.172163
1.660246,0.136123,-0.051173,0.329581,0.976383,-0.022666,-0.128543,-0.172163
1.670307,0.135977,-0.051173,0.329860,0.976383,-0.022666,-0.128543,-0.172163
1.680361,0.135828,-0.051173,0.330141,0.976383,-0.022666,-0.128543,-0.172163
1.690417,0.135676,-0.051173,0.330422,0.976383,-0.022666,-0.128543,-0.172163
1.700479,0.135519,-0.051173,0.330705,0.976383,-0.022666,-0.128543,-0.172163
1.710539,0.135359,-0.051173,0.330989,0.976383,-0.022666,-0.128543,-0.172163
1.720593,0.135196,-0.051173,0.331273,0.976383,-0.022666,-0.128543,-0.172163
1.730653,0.135028,-0.051173,0.331559,0.976383,-0.022666,-0.128543,-0.172163
1.740751,0.134857,-0.051173,0.331845,0.976383,-0.022666,-0.128543,-0.172163
1.750804,0.134682,-0.051173,0.332133,0.976383,-0.022666,-0.128543,-0.172163
1.760855,0.134503,-0.051173,0.332422,0.976383,-0.022666,-0.128543,-0.172163
1.770908,0.134320,-0.051173,0.332711,0.976383,-0.022666,-0.128543,-0.172163
1.780959,0.134133,-0.051173,0.333002,0.976383,-0.022666,-0.128543,-0.172163
1.791011,0.133942,-0.051173,0.333293,0.976383,-0.022666,-0.128543,-0.172163
1.801064,0.133748,-0.051173,0.333584,0.976383,-0.022666,-0.128543,-0.172163
1.811116,0.133549,-0.051173,0.333876,0.976383,-0.022666,-0.128543,-0.172163
1.821168,0.133346,-0.051173,0.334168,0.976383,-0.022666,-0.128543,-0.172163
1.831219,0.133139,-0.051173,0.334461,0.976383,-0.022666,-0.128543,-0.172163
1.841271,0.132927,-0.051173,0.334754,0.976383,-0.022666,-0.128543,-0.172163
1.851322,0.132712,-0.051173,0.335047,0.976383,-0.022666,-0.128543,-0.172163
1.861349,0.132492,-0.051173,0.335340,0.976383,-0.022666,-0.128543,-0.172163
1.871400,0.132268,-0.051173,0.335633,0.976383,-0.022666,-0.128543,-0.172163
1.881453,0.132039,-0.051173,0.335927,0.976383,-0.022666,-0.128543,-0.172163
1.891506,0.131807,-0.051173,0.336220,0.976383,-0.022666,-0.128543,-0.172163
1.901572,0.131569,-0.051173,0.336513,0.976383,-0.022666,-0.128543,-0.172163
1.911632,0.131328,-0.051173,0.336806,0.976383,-0.022666,-0.128543,-0.172163
1.921694,0.131081,-0.051173,0.337099,0.976383,-0.022666,-0.128543,-0.172163
1.931754,0.130830,-0.051173,0.337391,0.976383,-0.022666,-0.128543,-0.172163
1.941817,0.130576,-0.051173,0.337683,0.976383,-0.022666,-0.128543,-0.172163
1.951876,0.130316,-0.051173,0.337974,0.976383,-0.022666,-0.128543,-0.172163
1.961936,0.130052,-0.051173,0.338264,0.976383,-0.022666,-0.128543,-0.172163
1.971997,0.129783,-0.051173,0.338554,0.976383,-0.022666,-0.128543,-0.172163
1.982058,0.129510,-0.051173,0.338842,0.976383,-0.022666,-0.128543,-0.172163
1.992119,0.129232,-0.051173,0.339131,0.976383,-0.022666,-0.128543,-0.172163
2.002182,0.128949,-0.051173,0.339417,0.976383,-0.022666,-0.128543,-0.172163
2.012241,0.128662,-0.051173,0.339703,0.976383,-0.022666,-0.128543,-0.172163
2.022301,0.128370,-0.051173,0.339987,0.976383,-0.022666,-0.128543,-0.172163
2.032365,0.128074,-0.051173,0.340270,0.976383,-0.022666,-0.128543,-0.172163
2.042426,0.127773,-0.051173,0.340552,0.976383,-0.022666,-0.128543,-0.172163
2.052489,0.127468,-0.051173,0.340832,0.976383,-0.022666,-0.128543,-0.172163
2.062549,0.127157,-0.051173,0.341111,0.976383,-0.022666,-0.128543,-0.172163
2.072612,0.126842,-0.051173,0.341388,0.976383,-0.022666,-0.128543,-0.172163
2.082671,0.126522,-0.051173,0.341663,0.976383,-0.022666,-0.128543,-0.172163
2.092733,0.126197,-0.051173,0.341936,0.976383,-0.022666,-0.128543,-0.172163
2.102792,0.125868,-0.051173,0.342208,0.976383,-0.022666,-0.128543,-0.172163
2.112855,0.125534,-0.051173,0.342477,0.976383,-0.022666,-0.128543,-0.172163
2.122918,0.125195,-0.051173,0.342744,0.976383,-0.022666,-0.128543,-0.172163
2.132978,0.124853,-0.051173,0.343008,0.976383,-0.022666,-0.128543,-0.172163
2.143039,0.124505,-0.051173,0.343270,0.976383,-0.022666,-0.128543,-0.172163
2.153099,0.124152,-0.051173,0.343530,0.976383,-0.022666,-0.128543,-0.172163
2.163162,0.123796,-0.051173,0.343787,0.976383,-0.022666,-0.128543,-0.172163
2.173222,0.123433,-0.051173,0.344042,0.976383,-0.022666,-0.128543,-0.172163
2.183274,0.123067,-0.051173,0.344294,0.976383,-0.022666,-0.128543,-0.172163
2.193334,0.122697,-0.051173,0.344542,0.976383,-0.022666,-0.128543,-0.172163
2.203396,0.122321,-0.051173,0.344788,0.976383,-0.022666,-0.128543,-0.172163
2.213455,0.121942,-0.051173,0.345031,0.976383,-0.022666,-0.128543,-0.172163
2.223516,0.121557,-0.051173,0.345271,0.976383,-0.022666,-0.128543,-0.172163
2.233577,0.121168,-0.051173,0.345507,0.976383,-0.022666,-0.128543,-0.172163
2.243639,0.120775,-0.051173,0.345739,0.976383,-0.022666,-0.128543,-0.172163
2.253698,0.120377,-0.051173,0.345969,0.976383,-0.022666,-0.128543,-0.172163
2.263760,0.119976,-0.051173,0.346194,0.976383,-0.022666,-0.128543,-0.172163
2.273823,0.119570,-0.051173,0.346416,0.976383,-0.022666,-0.128543,-0.172163
2.283876,0.119159,-0.051173,0.346635,0.976383,-0.022666,-0.128543,-0.172163
2.293937,0.118744,-0.051173,0.346849,0.976383,-0.022666,-0.128543,-0.172163
2.303997,0.118326,-0.051173,0.347059,0.976383,-0.022666,-0.128543,-0.172163
2.314059,0.117902,-0.051173,0.347265,0.976383,-0.022666,-0.128543,-0.172163
2.324117,0.117475,-0.051173,0.347467,0.976383,-0.022666,-0.128543,-0.172163
2.334178,0.117044,-0.051173,0.347664,0.976383,-0.022666,-0.128543,-0.172163
2.344237,0.116608,-0.051173,0.347858,0.976383,-0.022666,-0.128543,-0.172163
2.354313,0.116170,-0.051173,0.348046,0.976383,-0.022666,-0.128543,-0.172163
2.364376,0.115727,-0.051173,0.348230,0.976383,-0.022666,-0.128543,-0.172163
2.374436,0.115280,-0.051173,0.348410,0.976383,-0.022666,-0.128543,-0.172163
2.384499,0.114830,-0.051173,0.348585,0.976383,-0.022666,-0.128543,-0.172163
2.394559,0.114376,-0.051173,0.348754,0.976383,-0.022666,-0.128543,-0.172163
2.404622,0.113919,-0.051172,0.348919,0.976383,-0.022666,-0.128543,-0.172163
2.414685,0.113457,-0.051172,0.349079,0.976383,-0.022666,-0.128543,-0.172163
2.424750,0.112992,-0.051172,0.349233,0.976383,-0.022666,-0.128543,-0.172163
2.434810,0.112525,-0.051172,0.349383,0.976383,-0.022666,-0.128543,-0.172163
2.444872,0.112053,-0.051172,0.349527,0.976383,-0.022666,-0.128543,-0.172163
2.454933,0.111579,-0.051172,0.349665,0.976383,-0.022666,-0.128543,-0.172163
2.464994,0.111101,-0.051172,0.349799,0.976383,-0.022666,-0.128543,-0.172163
2.475054,0.110137,-0.051172,0.350048,0.976383,-0.022666,-0.128543,-0.172163
2.485115,0.109651,-0.051172,0.350164,0.976383,-0.022666,-0.128543,-0.172163
2.495177,0.109162,-0.051172,0.350275,0.976383,-0.022666,-0.128543,-0.172163
2.505238,0.108670,-0.051172,0.350379,0.976383,-0.022666,-0.128543,-0.172163
2.515301,0.108176,-0.051172,0.350478,0.976383,-0.022666,-0.128543,-0.172163
2.525362,0.107678,-0.051172,0.350571,0.976383,-0.022666,-0.128543,-0.172163
2.535424,0.107179,-0.051172,0.350657,0.976383,-0.022666,-0.128543,-0.172163
2.545484,0.106678,-0.051172,0.350738,0.976383,-0.022666,-0.128543,-0.172163
2.555547,0.106175,-0.051172,0.350812,0.976383,-0.022666,-0.128543,-0.172163
2.565618,0.105669,-0.051172,0.350880,0.976383,-0.022666,-0.128543,-0.172163
2.575680,0.105161,-0.051172,0.350942,0.976383,-0.022666,-0.128543,-0.172163
2.585737,0.104651,-0.051172,0.350997,0.976383,-0.022666,-0.128543,-0.172163
2.595800,0.104140,-0.051172,0.351046,0.976383,-0.022666,-0.128543,-0.172163
2.605860,0.103627,-0.051172,0.351088,0.976383,-0.022666,-0.128543,-0.172163
2.615920,0.103113,-0.051172,0.351124,0.976383,-0.022666,-0.128543,-0.172163
2.625980,0.102597,-0.051172,0.351153,0.976383,-0.022666,-0.128543,-0.172163
2.636042,0.102079,-0.051172,0.351175,0.976383,-0.022666,-0.128543,-0.172163
2.646101,0.101561,-0.051172,0.351191,0.976383,-0.022666,-0.128543,-0.172163
2.656163,0.101041,-0.051172,0.351200,0.976383,-0.022666,-0.128543,-0.172163
2.666223,0.100521,-0.051172,0.351203,0.976383,-0.022666,-0.128543,-0.172163
2.676284,0.100000,-0.051172,0.351198,0.976383,-0.022666,-0.128543,-0.172163
2.686325,0.099479,-0.051172,0.351187,0.976383,-0.022666,-0.128543,-0.172163
2.696388,0.098956,-0.051172,0.351169,0.976383,-0.022666,-0.128543,-0.172163
2.706453,0.098432,-0.051172,0.351144,0.976383,-0.022666,-0.128543,-0.172163
2.716513,0.097909,-0.051172,0.351113,0.976383,-0.022666,-0.128543,-0.172163
2.726574,0.097386,-0.051172,0.351074,0.976383,-0.022666,-0.128543,-0.172163
2.736634,0.096862,-0.051172,0.351028,0.976383,-0.022666,-0.128543,-0.172163
2.746694,0.096339,-0.051172,0.350976,0.976383,-0.022666,-0.128543,-0.172163
2.756754,0.095816,-0.051172,0.350916,0.976383,-0.022666,-0.128543,-0.172163
2.766816,0.095293,-0.051172,0.350850,0.976383,-0.022666,-0.128543,-0.172163
2.776979,0.094770,-0.051172,0.350776,0.976383,-0.022666,-0.128543,-0.172163
2.787040,0.094248,-0.051172,0.350696,0.976383,-0.022666,-0.128543,-0.172163
2.797099,0.093727,-0.051172,0.350609,0.976383,-0.022666,-0.128543,-0.172163
2.807164,0.093206,-0.051172,0.350515,0.976383,-0.022666,-0.128543,-0.172163
2.817226,0.092686,-0.051172,0.350413,0.976383,-0.022666,-0.128543,-0.172163
2.827286,0.092168,-0.051172,0.350305,0.976383,-0.022666,-0.128543,-0.172163
2.837348,0.091650,-0.051172,0.350190,0.976383,-0.022666,-0.128543,-0.172163
2.847408,0.091134,-0.051172,0.350068,0.976383,-0.022666,-0.128543,-0.172163
2.857471,0.090619,-0.051172,0.349939,0.976383,-0.022666,-0.128543,-0.172163
2.867531,0.090106,-0.051172,0.349803,0.976383,-0.022666,-0.128543,-0.172163
2.877582,0.089595,-0.051172,0.349661,0.976383,-0.022666,-0.128543,-0.172163
2.887642,0.089085,-0.051172,0.349511,0.976383,-0.022666,-0.128543,-0.172163
2.897703,0.088578,-0.051172,0.349355,0.976383,-0.022666,-0.128543,-0.172163
2.907763,0.088072,-0.051172,0.349192,0.976383,-0.022666,-0.128543,-0.172163
2.917827,0.087569,-0.051172,0.349022,0.976383,-0.022666,-0.128543,-0.172163
2.927886,0.087068,-0.051172,0.348846,0.976383,-0.022666,-0.128543,-0.172163
2.937947,0.086569,-0.051172,0.348663,0.976383,-0.022666,-0.128543,-0.172163
2.948007,0.086073,-0.051172,0.348474,0.976383,-0.022666,-0.128543,-0.172163
2.958069,0.085580,-0.051172,0.348278,0.976383,-0.022666,-0.128543,-0.172163
2.968131,0.085089,-0.051172,0.348075,0.976383,-0.022666,-0.128543,-0.172163
2.978192,0.084602,-0.051172,0.347866,0.976383,-0.022666,-0.128543,-0.172163
2.988244,0.084117,-0.051172,0.347651,0.976383,-0.022666,-0.128543,-0.172163
2.998303,0.083635,-0.051172,0.347429,0.976383,-0.022666,-0.128543,-0.172163
3.008367,0.083158,-0.051172,0.347202,0.976383,-0.022666,-0.128543,-0.172163
3.018426,0.082682,-0.051172,0.346968,0.976383,-0.022666,-0.128543,-0.172163
3.028485,0.082212,-0.051172,0.346728,0.976383,-0.022666,-0.128543,-0.172163
3.038546,0.081744,-0.051172,0.346482,0.976383,-0.022666,-0.128543,-0.172163
3.048608,0.081280,-0.051172,0.346230,0.976383,-0.022666,-0.128543,-0.172163
3.058671,0.080819,-0.051172,0.345972,0.976383,-0.022666,-0.128543,-0.172163
3.068732,0.080363,-0.051172,0.345709,0.976383,-0.022666,-0.128543,-0.172163
3.078791,0.079910,-0.051172,0.345439,0.976383,-0.022666,-0.128543,-0.172163
3.088853,0.079462,-0.051172,0.345164,0.976383,-0.022666,-0.128543,-0.172163
3.098912,0.079018,-0.051172,0.344884,0.976383,-0.022666,-0.128543,-0.172163
3.108975,0.078578,-0.051172,0.344598,0.976383,-0.022666,-0.128543,-0.172163
3.119035,0.078142,-0.051172,0.344307,0.976383,-0.022666,-0.128543,-0.172163
3.129096,0.077712,-0.051172,0.344011,0.976383,-0.022666,-0.128543,-0.172163
3.139156,0.077286,-0.051172,0.343709,0.976383,-0.022666,-0.128543,-0.172163
3.149219,0.076864,-0.051172,0.343402,0.976383,-0.022666,-0.128543,-0.172163
3.159281,0.076447,-0.051172,0.343091,0.976383,-0.022666,-0.128543,-0.172163
3.169341,0.076034,-0.051172,0.342774,0.976383,-0.022666,-0.128543,-0.172163
3.179404,0.075627,-0.051172,0.342453,0.976383,-0.022666,-0.128543,-0.172163
3.189464,0.075224,-0.051172,0.342127,0.976383,-0.022666,-0.128543,-0.172163
3.199530,0.074828,-0.051172,0.341797,0.976383,-0.022666,-0.128543,-0.172163
3.209591,0.074435,-0.051172,0.341462,0.976383,-0.022666,-0.128543,-0.172163
3.219651,0.074048,-0.051172,0.341123,0.976383,-0.022666,-0.128543,-0.172163
3.229712,0.073666,-0.051172,0.340780,0.976383,-0.022666,-0.128543,-0.172163
3.239772,0.073289,-0.051172,0.340432,0.976383,-0.022666,-0.128543,-0.172163
3.249833,0.072919,-0.051172,0.340082,0.976383,-0.022666,-0.128543,-0.172163
3.259894,0.072553,-0.051172,0.339727,0.976383,-0.022666,-0.128543,-0.172163
3.269957,0.072192,-0.051172,0.339368,0.976383,-0.022666,-0.128543,-0.172163
3.280016,0.071837,-0.051172,0.339005,0.976383,-0.022666,-0.128543,-0.172163
3.290077,0.071488,-0.051172,0.338639,0.976383,-0.022666,-0.128543,-0.172163
3.300136,0.071145,-0.051172,0.338270,0.976383,-0.022666,-0.128543,-0.172163
3.310198,0.070807,-0.051172,0.337898,0.976383,-0.022666,-0.128543,-0.172163
3.320260,0.070474,-0.051172,0.337522,0.976383,-0.022666,-0.128543,-0.172163
3.330321,0.070147,-0.051172,0.337143,0.976383,-0.022666,-0.128543,-0.172163
3.340378,0.069827,-0.051172,0.336762,0.976383,-0.022666,-0.128543,-0.172163
3.350437,0.069512,-0.051172,0.336378,0.976383,-0.022666,-0.128543,-0.172163
3.360499,0.069202,-0.051172,0.335991,0.976383,-0.022666,-0.128543,-0.172163
3.370562,0.068898,-0.051172,0.335601,0.976383,-0.022666,-0.128543,-0.172163
3.380627,0.068601,-0.051172,0.335210,0.976383,-0.022666,-0.128543,-0.172163
3.390690,0.068309,-0.051172,0.334816,0.976383,-0.022666,-0.128543,-0.172163
3.400750,0.068023,-0.051172,0.334420,0.976383,-0.022666,-0.128543,-0.172163
3.410851,0.067744,-0.051172,0.334023,0.976383,-0.022666,-0.128543,-0.172163
3.420912,0.067469,-0.051172,0.333623,0.976383,-0.022666,-0.128543,-0.172163
3.430972,0.067201,-0.051172,0.333221,0.976383,-0.022666,-0.128543,-0.172163
3.441033,0.066939,-0.051172,0.332819,0.976383,-0.022666,-0.128543,-0.172163
3.451093,0.066683,-0.051172,0.332414,0.976383,-0.022666,-0.128543,-0.172163
3.461155,0.066432,-0.051172,0.332008,0.976383,-0.022666,-0.128543,-0.172163
3.471216,0.066188,-0.051172,0.331601,0.976383,-0.022666,-0.128543,-0.172163
3.481268,0.065949,-0.051172,0.331193,0.976383,-0.022666,-0.128543,-0.172163
3.491327,0.065716,-0.051172,0.330783,0.976383,-0.022666,-0.128543,-0.172163
3.501358,0.065489,-0.051172,0.330374,0.976383,-0.022666,-0.128543,-0.172163
3.511411,0.065268,-0.051172,0.329963,0.976383,-0.022666,-0.128543,-0.172163
3.521463,0.065052,-0.051172,0.329552,0.976383,-0.022666,-0.128543,-0.172163
3.531515,0.064843,-0.051172,0.329140,0.976383,-0.022666,-0.128543,-0.172163
3.541566,0.064639,-0.051172,0.328728,0.976383,-0.022666,-0.128543,-0.172163
3.551619,0.064442,-0.051172,0.328317,0.976383,-0.022666,-0.128543,-0.172163
3.561671,0.064249,-0.051172,0.327904,0.976383,-0.022666,-0.128543,-0.172163
3.571723,0.064063,-0.051172,0.327492,0.976383,-0.022666,-0.128543,-0.172163
3.581775,0.063882,-0.051172,0.327080,0.976383,-0.022666,-0.128543,-0.172163
3.591827,0.063706,-0.051172,0.326668,0.976383,-0.022666,-0.128543,-0.172163
3.601878,0.063537,-0.051172,0.326257,0.976383,-0.022666,-0.128543,-0.172163
3.611930,0.063372,-0.051172,0.325846,0.976383,-0.022666,-0.128543,-0.172163
3.621982,0.063214,-0.051172,0.325436,0.976383,-0.022666,-0.128543,-0.172163
3.632034,0.063060,-0.051172,0.325026,0.976383,-0.022666,-0.128543,-0.172163
3.642085,0.062912,-0.051172,0.324618,0.976383,-0.022666,-0.128543,-0.172163
3.652137,0.062770,-0.051172,0.324210,0.976383,-0.022666,-0.128543,-0.172163
3.662189,0.062632,-0.051172,0.323804,0.976383,-0.022666,-0.128543,-0.172163
3.672241,0.062500,-0.051172,0.323398,0.976383,-0.022666,-0.128543,-0.172163
3.682292,0.062373,-0.051172,0.322994,0.976383,-0.022666,-0.128543,-0.172163
3.692344,0.062251,-0.051172,0.322591,0.976383,-0.022666,-0.128543,-0.172163
3.702409,0.062134,-0.051172,0.322191,0.976383,-0.022666,-0.128543,-0.172163
3.712474,0.062023,-0.051172,0.321791,0.976383,-0.022666,-0.128543,-0.172163
3.722536,0.061916,-0.051172,0.321393,0.976383,-0.022666,-0.128543,-0.172163
3.732599,0.061814,-0.051172,0.320997,0.976383,-0.022666,-0.128543,-0.172163
3.742663,0.061716,-0.051172,0.320603,0.976383,-0.022666,-0.128543,-0.172163
3.752727,0.061623,-0.051173,0.320211,0.976383,-0.022666,-0.128543,-0.172163
3.762789,0.061535,-0.051173,0.319820,0.976383,-0.022666,-0.128543,-0.172163
3.772852,0.061452,-0.051173,0.319433,0.976383,-0.022666,-0.128543,-0.172163
3.782915,0.061373,-0.051173,0.319048,0.976383,-0.022666,-0.128543,-0.172163
3.792945,0.061298,-0.051173,0.318664,0.976383,-0.022666,-0.128543,-0.172163
3.803008,0.061227,-0.051173,0.318284,0.976383,-0.022666,-0.128543,-0.172163
3.813138,0.061161,-0.051173,0.317906,0.976383,-0.022666,-0.128543,-0.172163
3.823201,0.061099,-0.051173,0.317530,0.976383,-0.022666,-0.128543,-0.172163
3.833263,0.061041,-0.051173,0.317157,0.976383,-0.022666,-0.128543,-0.172163
3.843326,0.060988,-0.051173,0.316787,0.976383,-0.022666,-0.128543,-0.172163
3.853360,0.060937,-0.051173,0.316419,0.976383,-0.022666,-0.128543,-0.172163
3.863416,0.060891,-0.051173,0.316055,0.976383,-0.022666,-0.128543,-0.172163
3.873480,0.060849,-0.051173,0.315694,0.976383,-0.022666,-0.128543,-0.172163
3.883543,0.060810,-0.051173,0.315336,0.976383,-0.022666,-0.128543,-0.172163
3.893608,0.060775,-0.051173,0.314981,0.976383,-0.022666,-0.128543,-0.172163
3.903669,0.060743,-0.051173,0.314629,0.976383,-0.022666,-0.128543,-0.172163
3.913725,0.060714,-0.051173,0.314281,0.976383,-0.022666,-0.128543,-0.172163
3.923788,0.060689,-0.051173,0.313936,0.976383,-0.022666,-0.128543,-0.172163
3.933854,0.060667,-0.051173,0.313595,0.976383,-0.022666,-0.128543,-0.172163
3.943915,0.060649,-0.051173,0.313256,0.976383,-0.022666,-0.128543,-0.172163
3.953977,0.060633,-0.051173,0.312921,0.976383,-0.022666,-0.128543,-0.172163
3.964040,0.060620,-0.051173,0.312590,0.976383,-0.022666,-0.128543,-0.172163
3.974101,0.060610,-0.051173,0.312263,0.976383,-0.022666,-0.128543,-0.172163
3.984163,0.060603,-0.051173,0.311939,0.976383,-0.022666,-0.128543,-0.172163
3.994227,0.060598,-0.051173,0.311619,0.976383,-0.022666,-0.128543,-0.172163
4.004287,0.060596,-0.051173,0.311303,0.976383,-0.022666,-0.128543,-0.172163
4.014350,0.060596,-0.051173,0.310989,0.976383,-0.022666,-0.128543,-0.172163
4.024435,0.060599,-0.051173,0.310675,0.976383,-0.022666,-0.128543,-0.172163
4.034500,0.060605,-0.051173,0.310361,0.976383,-0.022666,-0.128543,-0.172163
4.044561,0.060613,-0.051173,0.310046,0.976383,-0.022666,-0.128543,-0.172163
4.054625,0.060623,-0.051173,0.309732,0.976383,-0.022666,-0.128543,-0.172163
4.064677,0.060636,-0.051173,0.309419,0.976383,-0.022666,-0.128543,-0.172163
4.074739,0.060651,-0.051173,0.309105,0.976383,-0.022666,-0.128543,-0.172163
4.084802,0.060669,-0.051173,0.308791,0.976383,-0.022666,-0.128543,-0.172163
4.094865,0.060689,-0.051173,0.308478,0.976383,-0.022666,-0.128543,-0.172163
4.104929,0.060711,-0.051173,0.308164,0.976383,-0.022666,-0.128543,-0.172163
4.114991,0.060737,-0.051173,0.307851,0.976383,-0.022666,-0.128543,-0.172163
4.125054,0.060794,-0.051173,0.307225,0.976383,-0.022666,-0.128543,-0.172163
4.135118,0.060827,-0.051173,0.306913,0.976383,-0.022666,-0.128543,-0.172163
4.145180,0.060862,-0.051173,0.306601,0.976383,-0.022666,-0.128543,-0.172163
4.155242,0.060899,-0.051173,0.306289,0.976383,-0.022666,-0.128543,-0.172163
4.165306,0.060939,-0.051173,0.305977,0.976383,-0.022666,-0.128543,-0.172163
4.175371,0.060981,-0.051173,0.305666,0.976383,-0.022666,-0.128543,-0.172163
4.185432,0.061026,-0.051173,0.305355,0.976383,-0.022666,-0.128543,-0.172163
4.195493,0.061073,-0.051173,0.305044,0.976383,-0.022666,-0.128543,-0.172163
4.205558,0.061122,-0.051173,0.304734,0.976383,-0.022666,-0.128543,-0.172163
4.215620,0.061175,-0.051173,0.304424,0.976383,-0.022666,-0.128543,-0.172163
4.225683,0.061229,-0.051173,0.304115,0.976383,-0.022666,-0.128543,-0.172163
4.235745,0.061286,-0.051173,0.303806,0.976383,-0.022666,-0.128543,-0.172163
4.245807,0.061345,-0.051173,0.303498,0.976383,-0.022666,-0.128543,-0.172163
4.255870,0.061407,-0.051173,0.303189,0.976383,-0.022666,-0.128543,-0.172163
4.265934,0.061471,-0.051173,0.302882,0.976383,-0.022666,-0.128543,-0.172163
4.275998,0.061538,-0.051173,0.302575,0.976383,-0.022666,-0.128543,-0.172163
4.286060,0.061607,-0.051173,0.302268,0.976383,-0.022666,-0.128543,-0.172163
4.296123,0.061678,-0.051173,0.301962,0.976383,-0.022666,-0.128543,-0.172163
4.306187,0.061752,-0.051173,0.301657,0.976383,-0.022666,-0.128543,-0.172163
4.316247,0.061828,-0.051173,0.301352,0.976383,-0.022666,-0.128543,-0.172163
4.326310,0.061906,-0.051173,0.301048,0.976383,-0.022666,-0.128543,-0.172163
4.336360,0.061987,-0.051173,0.300745,0.976383,-0.022666,-0.128543,-0.172163
4.346418,0.062071,-0.051173,0.300442,0.976383,-0.022666,-0.128543,-0.172163
4.356480,0.062156,-0.051173,0.300139,0.976383,-0.022666,-0.128543,-0.172163
4.366543,0.062245,-0.051173,0.299838,0.976383,-0.022666,-0.128543,-0.172163
4.376607,0.062335,-0.051173,0.299537,0.976383,-0.022666,-0.128543,-0.172163
4.386673,0.062428,-0.051173,0.299237,0.976383,-0.022666,-0.128543,-0.172163
4.396738,0.062523,-0.051173,0.298938,0.976383,-0.022666,-0.128543,-0.172163
4.406800,0.062621,-0.051173,0.298639,0.976383,-0.022666,-0.128543,-0.172163
4.416863,0.062720,-0.051173,0.298341,0.976383,-0.022666,-0.128543,-0.172163
4.426899,0.062823,-0.051173,0.298044,0.976383,-0.022666,-0.128543,-0.172163
4.436963,0.062927,-0.051173,0.297748,0.976383,-0.022666,-0.128543,-0.172163
4.447014,0.063034,-0.051173,0.297452,0.976383,-0.022666,-0.128543,-0.172163
4.457074,0.063143,-0.051173,0.297158,0.976383,-0.022666,-0.128543,-0.172163
4.467138,0.063255,-0.051173,0.296864,0.976383,-0.022666,-0.128543,-0.172163
4.477198,0.063368,-0.051173,0.296571,0.976383,-0.022666,-0.128543,-0.172163
4.487259,0.063484,-0.051173,0.296279,0.976383,-0.022666,-0.128543,-0.172163
4.497321,0.063603,-0.051173,0.295988,0.976383,-0.022666,-0.128543,-0.172163
4.507383,0.063723,-0.051173,0.295698,0.976383,-0.022666,-0.128543,-0.172163
4.517447,0.063846,-0.051173,0.295409,0.976383,-0.022666,-0.128543,-0.172163
4.527509,0.063971,-0.051173,0.295121,0.976383,-0.022666,-0.128543,-0.172163
4.537573,0.064099,-0.051173,0.294834,0.976383,-0.022666,-0.128543,-0.172163
4.547636,0.064229,-0.051173,0.294548,0.976383,-0.022666,-0.128543,-0.172163
4.557696,0.064361,-0.051173,0.294263,0.976383,-0.022666,-0.128543,-0.172163
4.567760,0.064495,-0.051173,0.293978,0.976383,-0.022666,-0.128543,-0.172163
4.577813,0.064631,-0.051173,0.293695,0.976383,-0.022666,-0.128543,-0.172163
4.587877,0.064770,-0.051173,0.293414,0.976383,-0.022666,-0.128543,-0.172163
4.597942,0.064911,-0.051173,0.293133,0.976383,-0.022666,-0.128543,-0.172163
4.608005,0.065054,-0.051173,0.292853,0.976383,-0.022666,-0.128543,-0.172163
4.618067,0.065199,-0.051173,0.292574,0.976383,-0.022666,-0.128543,-0.172163
4.628130,0.065346,-0.051173,0.292297,0.976383,-0.022666,-0.128543,-0.172163
4.638195,0.065496,-0.051173,0.292021,0.976383,-0.022666,-0.128543,-0.172163
4.648257,0.065648,-0.051173,0.291746,0.976383,-0.022666,-0.128543,-0.172163
4.658311,0.065801,-0.051173,0.291472,0.976383,-0.022666,-0.128543,-0.172163
4.668360,0.065957,-0.051173,0.291199,0.976383,-0.022666,-0.128543,-0.172163
4.678416,0.066116,-0.051173,0.290928,0.976383,-0.022666,-0.128543,-0.172163
4.688478,0.066276,-0.051173,0.290658,0.976383,-0.022666,-0.128543,-0.172163
4.698542,0.066438,-0.051173,0.290389,0.976383,-0.022666,-0.128543,-0.172163
4.708606,0.066603,-0.051173,0.290121,0.976383,-0.022666,-0.128543,-0.172163
4.718671,0.066770,-0.051173,0.289855,0.976383,-0.022666,-0.128543,-0.172163
4.728733,0.066938,-0.051173,0.289590,0.976383,-0.022666,-0.128543,-0.172163
4.738797,0.067109,-0.051173,0.289326,0.976383,-0.022666,-0.128543,-0.172163
4.748859,0.067282,-0.051173,0.289064,0.976383,-0.022666,-0.128543,-0.172163
4.758924,0.067457,-0.051173,0.288803,0.976383,-0.022666,-0.128543,-0.172163
4.768978,0.067634,-0.051173,0.288543,0.976383,-0.022666,-0.128543,-0.172163
4.779038,0.067813,-0.051173,0.288285,0.976383,-0.022666,-0.128543,-0.172163
4.789102,0.067994,-0.051173,0.288028,0.976383,-0.022666,-0.128543,-0.172163
4.799168,0.068177,-0.051173,0.287773,0.976383,-0.022666,-0.128543,-0.172163
4.809228,0.068362,-0.051173,0.287519,0.976383,-0.022666,-0.128543,-0.172163
4.819292,0.068549,-0.051173,0.287267,0.976383,-0.022666,-0.128543,-0.172163
4.829358,0.068738,-0.051173,0.287016,0.976383,-0.022666,-0.128543,-0.172163
4.839415,0.068929,-0.051173,0.286766,0.976383,-0.022666,-0.128543,-0.172163
4.849470,0.069122,-0.051173,0.286518,0.976383,-0.022666,-0.128543,-0.172163
4.859534,0.069317,-0.051173,0.286272,0.976383,-0.022666,-0.128543,-0.172163
4.869605,0.069513,-0.051173,0.286027,0.976383,-0.022666,-0.128543,-0.172163
4.879669,0.069712,-0.051173,0.285784,0.976383,-0.022666,-0.128543,-0.172163
4.889732,0.069913,-0.051173,0.285542,0.976383,-0.022666,-0.128543,-0.172163
4.899796,0.070115,-0.051173,0.285302,0.976383,-0.022666,-0.128543,-0.172163
4.909856,0.070319,-0.051173,0.285063,0.976383,-0.022666,-0.128543,-0.172163
4.919920,0.070526,-0.051173,0.284826,0.976383,-0.022666,-0.128543,-0.172163
4.929984,0.070734,-0.051173,0.284591,0.976383,-0.022666,-0.128543,-0.172163
4.940049,0.070944,-0.051173,0.284357,0.976383,-0.022666,-0.128543,-0.172163
4.950109,0.071156,-0.051173,0.284125,0.976383,-0.022666,-0.128543,-0.172163
4.960163,0.071369,-0.051173,0.283895,0.976383,-0.022666,-0.128543,-0.172163
4.970215,0.071584,-0.051173,0.283666,0.976383,-0.022666,-0.128543,-0.172163
4.980265,0.071802,-0.051173,0.283439,0.976383,-0.022666,-0.128543,-0.172163
4.990317,0.072021,-0.051173,0.283214,0.976383,-0.022666,-0.128543,-0.172163
5.000367,0.072241,-0.051173,0.282990,0.976383,-0.022666,-0.128543,-0.172163
5.010428,0.072464,-0.051173,0.282768,0.976383,-0.022666,-0.128543,-0.172163
5.020493,0.072688,-0.051173,0.282548,0.976383,-0.022666,-0.128543,-0.172163
5.030553,0.072914,-0.051173,0.282330,0.976383,-0.022666,-0.128543,-0.172163
5.040616,0.073142,-0.051173,0.282113,0.976383,-0.022666,-0.128543,-0.172163
5.050677,0.073371,-0.051173,0.281899,0.976383,-0.022666,-0.128543,-0.172163
5.060737,0.073602,-0.051173,0.281686,0.976383,-0.022666,-0.128543,-0.172163
5.070802,0.073835,-0.051173,0.281475,0.976383,-0.022666,-0.128543,-0.172163
5.080864,0.074069,-0.051173,0.281265,0.976383,-0.022666,-0.128543,-0.172163
5.090927,0.074305,-0.051173,0.281058,0.976383,-0.022666,-0.128543,-0.172163
5.101056,0.074542,-0.051173,0.280852,0.976383,-0.022666,-0.128543,-0.172163
5.111118,0.074782,-0.051173,0.280649,0.976383,-0.022666,-0.128543,-0.172163
5.121177,0.075022,-0.051173,0.280447,0.976383,-0.022666,-0.128543,-0.172163
5.131240,0.075265,-0.051173,0.280247,0.976383,-0.022666,-0.128543,-0.172163
5.141299,0.075509,-0.051173,0.280049,0.976383,-0.022666,-0.128543,-0.172163
5.151361,0.075754,-0.051173,0.279853,0.976383,-0.022666,-0.128543,-0.172163
5.161421,0.076001,-0.051173,0.279659,0.976383,-0.022666,-0.128543,-0.172163
5.171475,0.076250,-0.051173,0.279467,0.976383,-0.022666,-0.128543,-0.172163
5.181524,0.076500,-0.051173,0.279276,0.976383,-0.022666,-0.128543,-0.172163
5.191579,0.076751,-0.051173,0.279088,0.976383,-0.022666,-0.128543,-0.172163
5.201632,0.077004,-0.051173,0.278902,0.976383,-0.022666,-0.128543,-0.172163
5.211695,0.077258,-0.051173,0.278718,0.976383,-0.022666,-0.128543,-0.172163
5.221756,0.077514,-0.051173,0.278535,0.976383,-0.022666,-0.128543,-0.172163
5.231818,0.077772,-0.051173,0.278355,0.976383,-0.022666,-0.128543,-0.172163
5.241882,0.078030,-0.051173,0.278177,0.976383,-0.022666,-0.128543,-0.172163
5.251947,0.078290,-0.051173,0.278001,0.976383,-0.022666,-0.128543,-0.172163
5.262009,0.078552,-0.051173,0.277826,0.976383,-0.022666,-0.128543,-0.172163
5.272071,0.078815,-0.051173,0.277654,0.976383,-0.022666,-0.128543,-0.172163
5.282135,0.079079,-0.051173,0.277484,0.976383,-0.022666,-0.128543,-0.172163
5.292197,0.079344,-0.051173,0.277316,0.976383,-0.022666,-0.128543,-0.172163
5.302259,0.079611,-0.051173,0.277150,0.976383,-0.022666,-0.128543,-0.172163
5.312335,0.079879,-0.051173,0.276987,0.976383,-0.022666,-0.128543,-0.172163
5.322399,0.080149,-0.051173,0.276825,0.976383,-0.022666,-0.128543,-0.172163
5.332461,0.080419,-0.051173,0.276666,0.976383,-0.022666,-0.128543,-0.172163
5.342524,0.080691,-0.051173,0.276508,0.976383,-0.022666,-0.128543,-0.172163
5.352587,0.080964,-0.051173,0.276353,0.976383,-0.022666,-0.128543,-0.172163
5.362651,0.081239,-0.051173,0.276200,0.976383,-0.022666,-0.128543,-0.172163
5.372713,0.081514,-0.051173,0.276049,0.976383,-0.022666,-0.128543,-0.172163
5.382777,0.081791,-0.051173,0.275900,0.976383,-0.022666,-0.128543,-0.172163
5.392840,0.082069,-0.051173,0.275753,0.976383,-0.022666,-0.128543,-0.172163
5.402904,0.082348,-0.051173,0.275609,0.976383,-0.022666,-0.128543,-0.172163
5.412966,0.082628,-0.051173,0.275467,0.976383,-0.022666,-0.128543,-0.172163
5.423029,0.082909,-0.051173,0.275327,0.976383,-0.022666,-0.128543,-0.172163
5.433093,0.083191,-0.051173,0.275189,0.976383,-0.022666,-0.128543,-0.172163
5.443158,0.083475,-0.051173,0.275053,0.976383,-0.022666,-0.128543,-0.172163
5.453220,0.083759,-0.051173,0.274920,0.976383,-0.022666,-0.128543,-0.172163
5.463283,0.084045,-0.051173,0.274789,0.976383,-0.022666,-0.128543,-0.172163
5.473346,0.084331,-0.051173,0.274660,0.976383,-0.022666,-0.128543,-0.172163
5.483360,0.084619,-0.051173,0.274533,0.976383,-0.022666,-0.128543,-0.172163
5.493422,0.084907,-0.051173,0.274409,0.976383,-0.022666,-0.128543,-0.172163
5.503484,0.085197,-0.051173,0.274287,0.976383,-0.022666,-0.128543,-0.172163
5.513548,0.085487,-0.051173,0.274167,0.976383,-0.022666,-0.128543,-0.172163
5.523602,0.085778,-0.051173,0.274050,0.976383,-0.022666,-0.128543,-0.172163
5.533664,0.086071,-0.051173,0.273935,0.976383,-0.022666,-0.128543,-0.172163
5.543718,0.086364,-0.051173,0.273822,0.976383,-0.022666,-0.128543,-0.172163
5.553770,0.086658,-0.051173,0.273711,0.976383,-0.022666,-0.128543,-0.172163
5.563822,0.086953,-0.051173,0.273603,0.976383,-0.022666,-0.128543,-0.172163
5.573874,0.087248,-0.051173,0.273497,0.976383,-0.022666,-0.128543,-0.172163
5.583926,0.087545,-0.051173,0.273393,0.976383,-0.022666,-0.128543,-0.172163
5.593978,0.087842,-0.051173,0.273292,0.976383,-0.022666,-0.128543,-0.172163
5.604030,0.088140,-0.051173,0.273193,0.976383,-0.022666,-0.128543,-0.172163
5.614093,0.088439,-0.051173,0.273096,0.976383,-0.022666,-0.128543,-0.172163
5.624158,0.088739,-0.051173,0.273002,0.976383,-0.022666,-0.128543,-0.172163
5.634220,0.089039,-0.051173,0.272910,0.976383,-0.022666,-0.128543,-0.172163
5.644283,0.089341,-0.051173,0.272820,0.976383,-0.022666,-0.128543,-0.172163
5.654347,0.089642,-0.051173,0.272733,0.976383,-0.022666,-0.128543,-0.172163
5.664363,0.089945,-0.051173,0.272648,0.976383,-0.022666,-0.128543,-0.172163
5.674419,0.090248,-0.051173,0.272566,0.976383,-0.022666,-0.128543,-0.172163
5.684483,0.090552,-0.051173,0.272486,0.976383,-0.022666,-0.128543,-0.172163
5.694548,0.090856,-0.051173,0.272408,0.976383,-0.022666,-0.128543,-0.172163
5.704609,0.091161,-0.051173,0.272333,0.976383,-0.022666,-0.128543,-0.172163
5.714673,0.091467,-0.051173,0.272260,0.976383,-0.022666,-0.128543,-0.172163
5.724736,0.091773,-0.051173,0.272189,0.976383,-0.022666,-0.128543,-0.172163
5.734760,0.092080,-0.051173,0.272121,0.976383,-0.022666,-0.128543,-0.172163
5.744822,0.092387,-0.051173,0.272056,0.976383,-0.022666,-0.128543,-0.172163
5.754885,0.092695,-0.051173,0.271992,0.976383,-0.022666,-0.128543,-0.172163
5.764944,0.093003,-0.051173,0.271931,0.976383,-0.022666,-0.128543,-0.172163
5.775006,0.093621,-0.051173,0.271817,0.976383,-0.022666,-0.128543,-0.172163
5.785066,0.093930,-0.051173,0.271763,0.976383,-0.022666,-0.128543,-0.172163
5.795135,0.094240,-0.051173,0.271712,0.976383,-0.022666,-0.128543,-0.172163
5.805193,0.094550,-0.051173,0.271664,0.976383,-0.022666,-0.128543,-0.172163
5.815257,0.094861,-0.051173,0.271617,0.976383,-0.022666,-0.128543,-0.172163
5.825318,0.095172,-0.051173,0.271574,0.976383,-0.022666,-0.128543,-0.172163
5.835365,0.095484,-0.051173,0.271532,0.976383,-0.022666,-0.128543,-0.172163
5.845427,0.095795,-0.051173,0.271493,0.976383,-0.022666,-0.128543,-0.172163
5.855489,0.096107,-0.051173,0.271457,0.976383,-0.022666,-0.128543,-0.172163
5.865550,0.096420,-0.051173,0.271423,0.976383,-0.022666,-0.128543,-0.172163
5.875613,0.096732,-0.051173,0.271391,0.976383,-0.022666,-0.128543,-0.172163
5.885677,0.097045,-0.051173,0.271362,0.976383,-0.022666,-0.128543,-0.172163
5.895741,0.097358,-0.051173,0.271335,0.976383,-0.022666,-0.128543,-0.172163
5.905806,0.097671,-0.051173,0.271311,0.976383,-0.022666,-0.128543,-0.172163
5.915869,0.097985,-0.051173,0.271289,0.976383,-0.022666,-0.128543,-0.172163
5.925929,0.098298,-0.051173,0.271270,0.976383,-0.022666,-0.128543,-0.172163
5.935991,0.098612,-0.051173,0.271253,0.976383,-0.022666,-0.128543,-0.172163
5.946060,0.098926,-0.051173,0.271239,0.976383,-0.022666,-0.128543,-0.172163
5.956121,0.099240,-0.051173,0.271227,0.976383,-0.022666,-0.128543,-0.172163
5.966179,0.099554,-0.051173,0.271218,0.976383,-0.022666,-0.128543,-0.172163
5.976241,0.099868,-0.051173,0.271211,0.976383,-0.022666,-0.128543,-0.172163
5.986300,0.100182,-0.051173,0.271206,0.976383,-0.022666,-0.128543,-0.172163
5.996362,0.100496,-0.051173,0.271204,0.976383,-0.022666,-0.128543,-0.172163
6.006422,0.100810,-0.051173,0.271205,0.976383,-0.022666,-0.128543,-0.172163
6.016482,0.101124,-0.051173,0.271208,0.976383,-0.022666,-0.128543,-0.172163
6.026543,0.101438,-0.051173,0.271213,0.976383,-0.022666,-0.128543,-0.172163
6.036599,0.101753,-0.051173,0.271221,0.976383,-0.022666,-0.128543,-0.172163
6.046661,0.102067,-0.051173,0.271231,0.976383,-0.022666,-0.128543,-0.172163
6.056720,0.102380,-0.051173,0.271244,0.976383,-0.022666,-0.128543,-0.172163
6.066783,0.102694,-0.051173,0.271259,0.976383,-0.022666,-0.128543,-0.172163
6.076846,0.103008,-0.051173,0.271277,0.976383,-0.022666,-0.128543,-0.172163
6.086906,0.103321,-0.051173,0.271297,0.976383,-0.022666,-0.128543,-0.172163
6.096970,0.103635,-0.051173,0.271320,0.976383,-0.022666,-0.128543,-0.172163
6.107029,0.103948,-0.051173,0.271345,0.976383,-0.022666,-0.128543,-0.172163
6.117090,0.104261,-0.051173,0.271373,0.976383,-0.022666,-0.128543,-0.172163
6.127151,0.104574,-0.051173,0.271403,0.976383,-0.022666,-0.128543,-0.172163
6.137212,0.104886,-0.051173,0.271435,0.976383,-0.022666,-0.128543,-0.172163
6.147271,0.105198,-0.051173,0.271470,0.976383,-0.022666,-0.128543,-0.172163
6.157328,0.105510,-0.051173,0.271507,0.976383,-0.022666,-0.128543,-0.172163
6.167380,0.105822,-0.051173,0.271547,0.976383,-0.022666,-0.128543,-0.172163
6.177443,0.106133,-0.051173,0.271589,0.976383,-0.022666,-0.128543,-0.172163
6.187493,0.106444,-0.051173,0.271634,0.976383,-0.022666,-0.128543,-0.172163
6.197545,0.106755,-0.051173,0.271681,0.976383,-0.022666,-0.128543,-0.172163
6.207605,0.107065,-0.051173,0.271731,0.976383,-0.022666,-0.128543,-0.172163
6.217656,0.107375,-0.051173,0.271783,0.976383,-0.022666,-0.128543,-0.172163
6.227705,0.107684,-0.051173,0.271837,0.976383,-0.022666,-0.128543,-0.172163
6.237755,0.107993,-0.051173,0.271894,0.976383,-0.022666,-0.128543,-0.172163
6.247806,0.108301,-0.051173,0.271954,0.976383,-0.022666,-0.128543,-0.172163
6.257854,0.108610,-0.051173,0.272015,0.976383,-0.022666,-0.128543,-0.172163
6.267903,0.108917,-0.051173,0.272079,0.976383,-0.022666,-0.128543,-0.172163
6.277957,0.109224,-0.051173,0.272146,0.976383,-0.022666,-0.128543,-0.172163
6.288006,0.109531,-0.051173,0.272215,0.976383,-0.022666,-0.128543,-0.172163
6.298057,0.109837,-0.051173,0.272286,0.976383,-0.022666,-0.128543,-0.172163
6.308106,0.110142,-0.051173,0.272360,0.976383,-0.022666,-0.128543,-0.172163
6.318158,0.110447,-0.051173,0.272436,0.976383,-0.022666,-0.128543,-0.172163
6.328207,0.110751,-0.051173,0.272515,0.976383,-0.022666,-0.128543,-0.172163
6.338259,0.111054,-0.051173,0.272596,0.976383,-0.022666,-0.128543,-0.172163
6.348308,0.111357,-0.051173,0.272679,0.976383,-0.022666,-0.128543,-0.172163
6.358368,0.111660,-0.051173,0.272765,0.976383,-0.022666,-0.128543,-0.172163
6.368468,0.111961,-0.051173,0.272853,0.976383,-0.022666,-0.128543,-0.172163
6.378520,0.112262,-0.051173,0.272943,0.976383,-0.022666,-0.128543,-0.172163
6.388571,0.112562,-0.051173,0.273036,0.976383,-0.022666,-0.128543,-0.172163
6.398621,0.112861,-0.051173,0.273131,0.976383,-0.022666,-0.128543,-0.172163
6.408672,0.113160,-0.051173,0.273229,0.976383,-0.022666,-0.128543,-0.172163
6.418722,0.113458,-0.051173,0.273329,0.976383,-0.022666,-0.128543,-0.172163
6.428773,0.113755,-0.051173,0.273431,0.976383,-0.022666,-0.128543,-0.172163
6.438824,0.114051,-0.051173,0.273535,0.976383,-0.022666,-0.128543,-0.172163
6.448872,0.114347,-0.051173,0.273642,0.976383,-0.022666,-0.128543,-0.172163
6.458923,0.114641,-0.051173,0.273751,0.976383,-0.022666,-0.128543,-0.172163
6.468972,0.114935,-0.051173,0.273863,0.976383,-0.022666,-0.128543,-0.172163
6.479023,0.115228,-0.051173,0.273977,0.976383,-0.022666,-0.128543,-0.172163
6.489074,0.115520,-0.051173,0.274093,0.976383,-0.022666,-0.128543,-0.172163
6.499125,0.115811,-0.051173,0.274211,0.976383,-0.022666,-0.128543,-0.172163
6.509176,0.116101,-0.051173,0.274332,0.976383,-0.022666,-0.128543,-0.172163
6.519226,0.116390,-0.051173,0.274455,0.976383,-0.022666,-0.128543,-0.172163
6.529278,0.116678,-0.051173,0.274580,0.976383,-0.022666,-0.128543,-0.172163
6.539326,0.116965,-0.051173,0.274707,0.976383,-0.022666,-0.128543,-0.172163
6.549379,0.117251,-0.051173,0.274837,0.976383,-0.022666,-0.128543,-0.172163
6.559475,0.117536,-0.051173,0.274969,0.976383,-0.022666,-0.128543,-0.172163
6.569527,0.117821,-0.051173,0.275103,0.976383,-0.022666,-0.128543,-0.172163
6.579577,0.118104,-0.051173,0.275240,0.976383,-0.022666,-0.128543,-0.172163
6.589627,0.118385,-0.051173,0.275378,0.976383,-0.022666,-0.128543,-0.172163
6.599679,0.118666,-0.051173,0.275519,0.976383,-0.022666,-0.128543,-0.172163
6.609731,0.118946,-0.051173,0.275662,0.976383,-0.022666,-0.128543,-0.172163
6.619783,0.119225,-0.051173,0.275807,0.976383,-0.022666,-0.128543,-0.172163
6.629836,0.119502,-0.051173,0.275955,0.976383,-0.022666,-0.128543,-0.172163
6.639885,0.119778,-0.051173,0.276104,0.976383,-0.022666,-0.128543,-0.172163
6.649937,0.120053,-0.051173,0.276256,0.976383,-0.022666,-0.128543,-0.172163
6.659986,0.120327,-0.051173,0.276410,0.976383,-0.022666,-0.128543,-0.172163
6.670038,0.120600,-0.051173,0.276566,0.976383,-0.022666,-0.128543,-0.172163
6.680087,0.120871,-0.051173,0.276724,0.976383,-0.022666,-0.128543,-0.172163
6.690137,0.121141,-0.051173,0.276884,0.976383,-0.022666,-0.128543,-0.172163
6.700189,0.121410,-0.051173,0.277047,0.976383,-0.022666,-0.128543,-0.172163
6.710238,0.121678,-0.051173,0.277211,0.976383,-0.022666,-0.128543,-0.172163
6.720291,0.121944,-0.051173,0.277378,0.976383,-0.022666,-0.128543,-0.172163
6.730344,0.122209,-0.051173,0.277547,0.976383,-0.022666,-0.128543,-0.172163
6.740394,0.122473,-0.051173,0.277717,0.976383,-0.022666,-0.128543,-0.172163
6.750485,0.122735,-0.051173,0.277890,0.976383,-0.022666,-0.128543,-0.172163
6.760537,0.122996,-0.051173,0.278065,0.976383,-0.022666,-0.128543,-0.172163
6.770588,0.123256,-0.051173,0.278242,0.976383,-0.022666,-0.128543,-0.172163
6.780639,0.123514,-0.051173,0.278421,0.976383,-0.022666,-0.128543,-0.172163
6.790691,0.123771,-0.051173,0.278602,0.976383,-0.022666,-0.128543,-0.172163
6.800741,0.124026,-0.051173,0.278785,0.976383,-0.022666,-0.128543,-0.172163
6.810790,0.124280,-0.051173,0.278970,0.976383,-0.022666,-0.128543,-0.172163
6.820840,0.124532,-0.051173,0.279157,0.976383,-0.022666,-0.128543,-0.172163
6.830889,0.124783,-0.051173,0.279346,0.976383,-0.022666,-0.128543,-0.172163
6.840940,0.125033,-0.051173,0.279537,0.976383,-0.022666,-0.128543,-0.172163
6.850990,0.125281,-0.051173,0.279730,0.976383,-0.022666,-0.128543,-0.172163
6.861041,0.125527,-0.051173,0.279925,0.976383,-0.022666,-0.128543,-0.172163
6.871092,0.125772,-0.051173,0.280122,0.976383,-0.022666,-0.128543,-0.172163
6.881143,0.126015,-0.051173,0.280320,0.976383,-0.022666,-0.128543,-0.172163
6.891194,0.126257,-0.051173,0.280521,0.976383,-0.022666,-0.128543,-0.172163
6.901243,0.126497,-0.051173,0.280724,0.976383,-0.022666,-0.128543,-0.172163
6.911292,0.126736,-0.051173,0.280928,0.976383,-0.022666,-0.128543,-0.172163
6.921342,0.126973,-0.051173,0.281134,0.976383,-0.022666,-0.128543,-0.172163
6.931393,0.127208,-0.051173,0.281342,0.976383,-0.022666,-0.128543,-0.172163
6.941442,0.127442,-0.051173,0.281552,0.976383,-0.022666,-0.128543,-0.172163
6.951493,0.127674,-0.051173,0.281764,0.976383,-0.022666,-0.128543,-0.172163
6.961542,0.127904,-0.051173,0.281978,0.976383,-0.022666,-0.128543,-0.172163
6.971592,0.128133,-0.051173,0.282193,0.976383,-0.022666,-0.128543,-0.172163
6.981643,0.128360,-0.051173,0.282410,0.976383,-0.022666,-0.128543,-0.172163
6.991696,0.128585,-0.051173,0.282629,0.976383,-0.022666,-0.128543,-0.172163
7.001759,0.128809,-0.051173,0.282850,0.976383,-0.022666,-0.128543,-0.172163
7.011824,0.129031,-0.051173,0.283072,0.976383,-0.022666,-0.128543,-0.172163
7.021886,0.129251,-0.051173,0.283296,0.976383,-0.022666,-0.128543,-0.172163
7.031949,0.129469,-0.051173,0.283522,0.976383,-0.022666,-0.128543,-0.172163
7.042012,0.129686,-0.051173,0.283750,0.976383,-0.022666,-0.128543,-0.172163
7.052076,0.129900,-0.051173,0.283979,0.976383,-0.022666,-0.128543,-0.172163
7.062139,0.130113,-0.051173,0.284210,0.976383,-0.022666,-0.128543,-0.172163
7.072201,0.130324,-0.051173,0.284443,0.976383,-0.022666,-0.128543,-0.172163
7.082266,0.130534,-0.051173,0.284677,0.976383,-0.022666,-0.128543,-0.172163
7.092322,0.130741,-0.051173,0.284913,0.976383,-0.022666,-0.128543,-0.172163
7.102365,0.130947,-0.051173,0.285151,0.976383,-0.022666,-0.128543,-0.172163
7.112425,0.131150,-0.051173,0.285390,0.976383,-0.022666,-0.128543,-0.172163
7.122477,0.131352,-0.051173,0.285631,0.976383,-0.022666,-0.128543,-0.172163
7.132527,0.131552,-0.051173,0.285873,0.976383,-0.022666,-0.128543,-0.172163
7.142576,0.131750,-0.051173,0.286117,0.976383,-0.022666,-0.128543,-0.172163
7.152648,0.131946,-0.051173,0.286362,0.976383,-0.022666,-0.128543,-0.172163
7.162698,0.132140,-0.051173,0.286609,0.976383,-0.022666,-0.128543,-0.172163
7.172751,0.132332,-0.051173,0.286858,0.976383,-0.022666,-0.128543,-0.172163
7.182803,0.132523,-0.051173,0.287108,0.976383,-0.022666,-0.128543,-0.172163
7.192855,0.132711,-0.051173,0.287359,0.976383,-0.022666,-0.128543,-0.172163
7.202904,0.132897,-0.051173,0.287612,0.976383,-0.022666,-0.128543,-0.172163
7.212955,0.133081,-0.051173,0.287867,0.976383,-0.022666,-0.128543,-0.172163
7.223004,0.133264,-0.051173,0.288123,0.976383,-0.022666,-0.128543,-0.172163
7.233053,0.133444,-0.051173,0.288380,0.976383,-0.022666,-0.128543,-0.172163
7.243104,0.133622,-0.051173,0.288639,0.976383,-0.022666,-0.128543,-0.172163
7.253154,0.133798,-0.051173,0.288899,0.976383,-0.022666,-0.128543,-0.172163
7.263204,0.133973,-0.051173,0.289160,0.976383,-0.022666,-0.128543,-0.172163
7.273256,0.134145,-0.051173,0.289423,0.976383,-0.022666,-0.128543,-0.172163
7.283306,0.134315,-0.051173,0.289687,0.976383,-0.022666,-0.128543,-0.172163
7.293348,0.134483,-0.051173,0.289953,0.976383,-0.022666,-0.128543,-0.172163
7.303397,0.134649,-0.051173,0.290220,0.976383,-0.022666,-0.128543,-0.172163
7.313447,0.134812,-0.051173,0.290488,0.976383,-0.022666,-0.128543,-0.172163
7.323497,0.134974,-0.051173,0.290757,0.976383,-0.022666,-0.128543,-0.172163
7.333548,0.135133,-0.051173,0.291028,0.976383,-0.022666,-0.128543,-0.172163
7.343639,0.135291,-0.051173,0.291299,0.976383,-0.022666,-0.128543,-0.172163
7.353690,0.135446,-0.051173,0.291573,0.976383,-0.022666,-0.128543,-0.172163
7.363739,0.135599,-0.051173,0.291847,0.976383,-0.022666,-0.128543,-0.172163
7.373791,0.135750,-0.051173,0.292122,0.976383,-0.022666,-0.128543,-0.172163
7.383841,0.135899,-0.051173,0.292399,0.976383,-0.022666,-0.128543,-0.172163
7.393893,0.136046,-0.051173,0.292677,0.976383,-0.022666,-0.128543,-0.172163
7.403943,0.136190,-0.051173,0.292956,0.976383,-0.022666,-0.128543,-0.172163
7.413994,0.136332,-0.051173,0.293236,0.976383,-0.022666,-0.128543,-0.172163
7.424057,0.136472,-0.051173,0.293517,0.976383,-0.022666,-0.128543,-0.172163
7.434119,0.136610,-0.051173,0.293800,0.976383,-0.022666,-0.128543,-0.172163
7.444179,0.136746,-0.051173,0.294083,0.976383,-0.022666,-0.128543,-0.172163
7.454243,0.136879,-0.051173,0.294367,0.976383,-0.022666,-0.128543,-0.172163
7.464303,0.137010,-0.051173,0.294653,0.976383,-0.022666,-0.128543,-0.172163
7.474369,0.137139,-0.051173,0.294939,0.976383,-0.022666,-0.128543,-0.172163
7.484430,0.137266,-0.051173,0.295227,0.976383,-0.022666,-0.128543,-0.172163
7.494494,0.137390,-0.051173,0.295515,0.976383,-0.022666,-0.128543,-0.172163
7.504559,0.137512,-0.051173,0.295805,0.976383,-0.022666,-0.128543,-0.172163
7.514610,0.137632,-0.051173,0.296095,0.976383,-0.022666,-0.128543,-0.172163
7.524660,0.137749,-0.051173,0.296387,0.976383,-0.022666,-0.128543,-0.172163
7.534713,0.137864,-0.051173,0.296679,0.976383,-0.022666,-0.128543,-0.172163
7.544774,0.137977,-0.051173,0.296972,0.976383,-0.022666,-0.128543,-0.172163
7.554838,0.138088,-0.051173,0.297266,0.976383,-0.022666,-0.128543,-0.172163
7.564898,0.138196,-0.051173,0.297561,0.976383,-0.022666,-0.128543,-0.172163
7.574962,0.138302,-0.051173,0.297857,0.976383,-0.022666,-0.128543,-0.172163
7.585015,0.138507,-0.051173,0.298451,0.976383,-0.022666,-0.128543,-0.172163
7.595077,0.138606,-0.051173,0.298749,0.976383,-0.022666,-0.128543,-0.172163
7.605143,0.138703,-0.051173,0.299048,0.976383,-0.022666,-0.128543,-0.172163
7.615206,0.138797,-0.051173,0.299347,0.976383,-0.022666,-0.128543,-0.172163
7.625266,0.138889,-0.051173,0.299648,0.976383,-0.022666,-0.128543,-0.172163
7.635328,0.138979,-0.051173,0.299949,0.976383,-0.022666,-0.128543,-0.172163
7.645392,0.139066,-0.051173,0.300251,0.976383,-0.022666,-0.128543,-0.172163
7.655457,0.139151,-0.051173,0.300553,0.976383,-0.022666,-0.128543,-0.172163
7.665517,0.139233,-0.051173,0.300856,0.976383,-0.022666,-0.128543,-0.172163
7.675581,0.139313,-0.051173,0.301160,0.976383,-0.022666,-0.128543,-0.172163
7.685644,0.139391,-0.051173,0.301465,0.976383,-0.022666,-0.128543,-0.172163
7.695701,0.139466,-0.051173,0.301770,0.976383,-0.022666,-0.128543,-0.172163
7.705770,0.139539,-0.051173,0.302075,0.976383,-0.022666,-0.128543,-0.172163
7.715834,0.139610,-0.051173,0.302381,0.976383,-0.022666,-0.128543,-0.172163
7.725896,0.139678,-0.051173,0.302688,0.976383,-0.022666,-0.128543,-0.172163
7.735957,0.139743,-0.051173,0.302995,0.976383,-0.022666,-0.128543,-0.172163
7.746016,0.139807,-0.051173,0.303303,0.976383,-0.022666,-0.128543,-0.172163
7.756078,0.139868,-0.051173,0.303611,0.976383,-0.022666,-0.128543,-0.172163
7.766134,0.139926,-0.051173,0.303920,0.976383,-0.022666,-0.128543,-0.172163
7.776202,0.139982,-0.051173,0.304229,0.976383,-0.022666,-0.128543,-0.172163
7.786261,0.140036,-0.051173,0.304538,0.976383,-0.022666,-0.128543,-0.172163
7.796322,0.140087,-0.051173,0.304848,0.976383,-0.022666,-0.128543,-0.172163
7.806388,0.140135,-0.051173,0.305159,0.976383,-0.022666,-0.128543,-0.172163
7.816452,0.140182,-0.051173,0.305470,0.976383,-0.022666,-0.128543,-0.172163
7.826516,0.140225,-0.051173,0.305781,0.976383,-0.022666,-0.128543,-0.172163
7.836575,0.140267,-0.051173,0.306092,0.976383,-0.022666,-0.128543,-0.172163
7.846637,0.140306,-0.051173,0.306404,0.976383,-0.022666,-0.128543,-0.172163
7.856698,0.140342,-0.051173,0.306716,0.976383,-0.022666,-0.128543,-0.172163
7.866764,0.140376,-0.051173,0.307028,0.976383,-0.022666,-0.128543,-0.172163
7.876823,0.140408,-0.051173,0.307341,0.976383,-0.022666,-0.128543,-0.172163
7.886885,0.140437,-0.051173,0.307653,0.976383,-0.022666,-0.128543,-0.172163
7.896946,0.140464,-0.051173,0.307966,0.976383,-0.022666,-0.128543,-0.172163
7.907011,0.140488,-0.051173,0.308280,0.976383,-0.022666,-0.128543,-0.172163
7.917072,0.140510,-0.051173,0.308593,0.976383,-0.022666,-0.128543,-0.172163
7.927135,0.140529,-0.051173,0.308907,0.976383,-0.022666,-0.128543,-0.172163
7.937199,0.140546,-0.051173,0.309220,0.976383,-0.022666,-0.128543,-0.172163
7.947256,0.140560,-0.051173,0.309534,0.976383,-0.022666,-0.128543,-0.172163
7.957320,0.140572,-0.051173,0.309848,0.976383,-0.022666,-0.128543,-0.172163
7.967382,0.140581,-0.051173,0.310162,0.976383,-0.022666,-0.128543,-0.172163
7.977442,0.140588,-0.051173,0.310476,0.976383,-0.022666,-0.128543,-0.172163
7.987506,0.140593,-0.051173,0.310790,0.976383,-0.022666,-0.128543,-0.172163
7.997671,0.140595,-0.051173,0.311104,0.976383,-0.022666,-0.128543,-0.172163
8.007738,0.140594,-0.051173,0.311419,0.976383,-0.022666,-0.128543,-0.172163
8.017790,0.140591,-0.051173,0.311733,0.976383,-0.022666,-0.128543,-0.172163
8.027853,0.140586,-0.051173,0.312047,0.976383,-0.022666,-0.128543,-0.172163
8.037910,0.140578,-0.051173,0.312361,0.976383,-0.022666,-0.128543,-0.172163
8.047974,0.140568,-0.051173,0.312675,0.976383,-0.022666,-0.128543,-0.172163
8.058028,0.140555,-0.051173,0.312989,0.976383,-0.022666,-0.128543,-0.172163
8.068088,0.140540,-0.051173,0.313303,0.976383,-0.022666,-0.128543,-0.172163
8.078152,0.140522,-0.051173,0.313616,0.976383,-0.022666,-0.128543,-0.172163
8.088211,0.140502,-0.051173,0.313930,0.976383,-0.022666,-0.128543,-0.172163
8.098273,0.140479,-0.051173,0.314243,0.976383,-0.022666,-0.128543,-0.172163
8.108338,0.140454,-0.051173,0.314556,0.976383,-0.022666,-0.128543,-0.172163
8.118361,0.140427,-0.051173,0.314869,0.976383,-0.022666,-0.128543,-0.172163
8.128414,0.140396,-0.051173,0.315182,0.976383,-0.022666,-0.128543,-0.172163
8.138466,0.140364,-0.051173,0.315494,0.976383,-0.022666,-0.128543,-0.172163
8.148519,0.140329,-0.051173,0.315807,0.976383,-0.022666,-0.128543,-0.172163
8.158570,0.140292,-0.051173,0.316119,0.976383,-0.022666,-0.128543,-0.172163
8.168621,0.140252,-0.051173,0.316430,0.976383,-0.022666,-0.128543,-0.172163
8.178672,0.140210,-0.051173,0.316741,0.976383,-0.022666,-0.128543,-0.172163
8.188725,0.140165,-0.051173,0.317052,0.976383,-0.022666,-0.128543,-0.172163
8.198777,0.140118,-0.051173,0.317363,0.976383,-0.022666,-0.128543,-0.172163
8.208828,0.140068,-0.051173,0.317673,0.976383,-0.022666,-0.128543,-0.172163
8.218879,0.140016,-0.051173,0.317983,0.976383,-0.022666,-0.128543,-0.172163
8.228929,0.139962,-0.051173,0.318292,0.976383,-0.022666,-0.128543,-0.172163
8.238981,0.139905,-0.051173,0.318601,0.976383,-0.022666,-0.128543,-0.172163
8.249032,0.139845,-0.051173,0.318910,0.976383,-0.022666,-0.128543,-0.172163
8.259085,0.139784,-0.051173,0.319218,0.976383,-0.022666,-0.128543,-0.172163
8.269137,0.139720,-0.051173,0.319525,0.976383,-0.022666,-0.128543,-0.172163
8.279191,0.139653,-0.051173,0.319832,0.976383,-0.022666,-0.128543,-0.172163
8.289242,0.139584,-0.051173,0.320139,0.976383,-0.022666,-0.128543,-0.172163
8.299295,0.139513,-0.051173,0.320445,0.976383,-0.022666,-0.128543,-0.172163
8.309348,0.139439,-0.051173,0.320750,0.976383,-0.022666,-0.128543,-0.172163
8.319400,0.139363,-0.051173,0.321055,0.976383,-0.022666,-0.128543,-0.172163
8.329451,0.139284,-0.051173,0.321359,0.976383,-0.022666,-0.128543,-0.172163
8.339504,0.139203,-0.051173,0.321663,0.976383,-0.022666,-0.128543,-0.172163
8.349556,0.139120,-0.051173,0.321966,0.976383,-0.022666,-0.128543,-0.172163
8.359608,0.139034,-0.051173,0.322268,0.976383,-0.022666,-0.128543,-0.172163
8.369660,0.138946,-0.051173,0.322569,0.976383,-0.022666,-0.128543,-0.172163
8.379711,0.138856,-0.051173,0.322870,0.976383,-0.022666,-0.128543,-0.172163
8.389763,0.138763,-0.051173,0.323170,0.976383,-0.022666,-0.128543,-0.172163
8.399815,0.138668,-0.051173,0.323470,0.976383,-0.022666,-0.128543,-0.172163
8.409868,0.138570,-0.051173,0.323768,0.976383,-0.022666,-0.128543,-0.172163
8.419920,0.138470,-0.051173,0.324066,0.976383,-0.022666,-0.128543,-0.172163
8.429972,0.138368,-0.051173,0.324363,0.976383,-0.022666,-0.128543,-0.172163
8.440024,0.138264,-0.051173,0.324660,0.976383,-0.022666,-0.128543,-0.172163
8.450076,0.138157,-0.051173,0.324955,0.976383,-0.022666,-0.128543,-0.172163
8.460129,0.138048,-0.051173,0.325250,0.976383,-0.022666,-0.128543,-0.172163
8.470183,0.137936,-0.051173,0.325543,0.976383,-0.022666,-0.128543,-0.172163
8.480235,0.137822,-0.051173,0.325836,0.976383,-0.022666,-0.128543,-0.172163
8.490286,0.137706,-0.051173,0.326128,0.976383,-0.022666,-0.128543,-0.172163
8.500353,0.137588,-0.051173,0.326419,0.976383,-0.022666,-0.128543,-0.172163
8.510406,0.137467,-0.051173,0.326709,0.976383,-0.022666,-0.128543,-0.172163
8.520459,0.137344,-0.051173,0.326998,0.976383,-0.022666,-0.128543,-0.172163
8.530512,0.137219,-0.051173,0.327286,0.976383,-0.022666,-0.128543,-0.172163
8.540564,0.137092,-0.051173,0.327574,0.976383,-0.022666,-0.128543,-0.172163
8.550616,0.136962,-0.051173,0.327860,0.976383,-0.022666,-0.128543,-0.172163
8.560668,0.136830,-0.051173,0.328145,0.976383,-0.022666,-0.128543,-0.172163
8.570720,0.136696,-0.051173,0.328429,0.976383,-0.022666,-0.128543,-0.172163
8.580772,0.136560,-0.051173,0.328712,0.976383,-0.022666,-0.128543,-0.172163
8.590825,0.136421,-0.051173,0.328994,0.976383,-0.022666,-0.128543,-0.172163
8.600877,0.136280,-0.051173,0.329275,0.976383,-0.022666,-0.128543,-0.172163
8.610931,0.136137,-0.051173,0.329554,0.976383,-0.022666,-0.128543,-0.172163
8.620984,0.135992,-0.051173,0.329833,0.976383,-0.022666,-0.128543,-0.172163
8.631036,0.135844,-0.051173,0.330110,0.976383,-0.022666,-0.128543,-0.172163
8.641087,0.135695,-0.051173,0.330387,0.976383,-0.022666,-0.128543,-0.172163
8.651140,0.135543,-0.051173,0.330662,0.976383,-0.022666,-0.128543,-0.172163
8.661192,0.135389,-0.051173,0.330936,0.976383,-0.022666,-0.128543,-0.172163
8.671243,0.135233,-0.051173,0.331208,0.976383,-0.022666,-0.128543,-0.172163
8.681296,0.135075,-0.051173,0.331480,0.976383,-0.022666,-0.128543,-0.172163
8.691350,0.134915,-0.051173,0.331750,0.976383,-0.022666,-0.128543,-0.172163
8.701402,0.134752,-0.051173,0.332019,0.976383,-0.022666,-0.128543,-0.172163
8.711458,0.134588,-0.051173,0.332286,0.976383,-0.022666,-0.128543,-0.172163
8.721512,0.134421,-0.051173,0.332553,0.976383,-0.022666,-0.128543,-0.172163
8.731565,0.134252,-0.051173,0.332818,0.976383,-0.022666,-0.128543,-0.172163
8.741616,0.134082,-0.051173,0.333081,0.976383,-0.022666,-0.128543,-0.172163
8.751669,0.133909,-0.051173,0.333344,0.976383,-0.022666,-0.128543,-0.172163
8.761721,0.133734,-0.051173,0.333605,0.976383,-0.022666,-0.128543,-0.172163
8.771772,0.133557,-0.051173,0.333864,0.976383,-0.022666,-0.128543,-0.172163
8.781824,0.133378,-0.051173,0.334122,0.976383,-0.022666,-0.128543,-0.172163
8.791876,0.133197,-0.051173,0.334379,0.976383,-0.022666,-0.128543,-0.172163
8.801928,0.133014,-0.051173,0.334634,0.976383,-0.022666,-0.128543,-0.172163
8.811982,0.132829,-0.051173,0.334888,0.976383,-0.022666,-0.128543,-0.172163
8.822035,0.132642,-0.051173,0.335141,0.976383,-0.022666,-0.128543,-0.172163
8.832088,0.132453,-0.051173,0.335392,0.976383,-0.022666,-0.128543,-0.172163
8.842139,0.132262,-0.051173,0.335641,0.976383,-0.022666,-0.128543,-0.172163
8.852191,0.132069,-0.051173,0.335889,0.976383,-0.022666,-0.128543,-0.172163
8.862243,0.131874,-0.051173,0.336136,0.976383,-0.022666,-0.128543,-0.172163
8.872294,0.131677,-0.051173,0.336380,0.976383,-0.022666,-0.128543,-0.172163
8.882346,0.131479,-0.051173,0.336624,0.976383,-0.022666,-0.128543,-0.172163
8.892397,0.131278,-0.051173,0.336866,0.976383,-0.022666,-0.128543,-0.172163
8.902450,0.131076,-0.051173,0.337106,0.976383,-0.022666,-0.128543,-0.172163
8.912504,0.130871,-0.051173,0.337344,0.976383,-0.022666,-0.128543,-0.172163
8.922556,0.130665,-0.051173,0.337581,0.976383,-0.022666,-0.128543,-0.172163
8.932608,0.130457,-0.051173,0.337817,0.976383,-0.022666,-0.128543,-0.172163
8.942660,0.130247,-0.051173,0.338050,0.976383,-0.022666,-0.128543,-0.172163
8.952711,0.130035,-0.051173,0.338282,0.976383,-0.022666,-0.128543,-0.172163
8.962763,0.129822,-0.051173,0.338513,0.976383,-0.022666,-0.128543,-0.172163
8.972815,0.129606,-0.051173,0.338742,0.976383,-0.022666,-0.128543,-0.172163
8.982868,0.129389,-0.051173,0.338969,0.976383,-0.022666,-0.128543,-0.172163
8.992920,0.129170,-0.051173,0.339194,0.976383,-0.022666,-0.128543,-0.172163
9.002972,0.128949,-0.051173,0.339417,0.976383,-0.022666,-0.128543,-0.172163
9.013026,0.128727,-0.051173,0.339639,0.976383,-0.022666,-0.128543,-0.172163
9.023087,0.128503,-0.051173,0.339859,0.976383,-0.022666,-0.128543,-0.172163
9.033124,0.128277,-0.051173,0.340078,0.976383,-0.022666,-0.128543,-0.172163
9.043176,0.128049,-0.051173,0.340294,0.976383,-0.022666,-0.128543,-0.172163
9.053230,0.127820,-0.051173,0.340509,0.976383,-0.022666,-0.128543,-0.172163
9.063284,0.127589,-0.051173,0.340722,0.976383,-0.022666,-0.128543,-0.172163
9.073336,0.127356,-0.051173,0.340933,0.976383,-0.022666,-0.128543,-0.172163
9.083349,0.127122,-0.051173,0.341142,0.976383,-0.022666,-0.128543,-0.172163
9.093358,0.126886,-0.051173,0.341349,0.976383,-0.022666,-0.128543,-0.172163
9.103410,0.126648,-0.051173,0.341555,0.976383,-0.022666,-0.128543,-0.172163
9.113462,0.126409,-0.051173,0.341759,0.976383,-0.022666,-0.128543,-0.172163
9.123515,0.126168,-0.051173,0.341961,0.976383,-0.022666,-0.128543,-0.172163
9.133567,0.125926,-0.051173,0.342160,0.976383,-0.022666,-0.128543,-0.172163
9.143619,0.125682,-0.051173,0.342358,0.976383,-0.022666,-0.128543,-0.172163
9.153670,0.125437,-0.051173,0.342554,0.976383,-0.022666,-0.128543,-0.172163
9.163722,0.125190,-0.051173,0.342749,0.976383,-0.022666,-0.128543,-0.172163
9.173774,0.124941,-0.051173,0.342941,0.976383,-0.022666,-0.128543,-0.172163
9.183826,0.124691,-0.051173,0.343131,0.976383,-0.022666,-0.128543,-0.172163
9.193877,0.124440,-0.051173,0.343319,0.976383,-0.022666,-0.128543,-0.172163
9.203929,0.124187,-0.051173,0.343506,0.976383,-0.022666,-0.128543,-0.172163
9.213981,0.123932,-0.051173,0.343690,0.976383,-0.022666,-0.128543,-0.172163
9.224033,0.123676,-0.051173,0.343872,0.976383,-0.022666,-0.128543,-0.172163
9.234085,0.123419,-0.051173,0.344052,0.976383,-0.022666,-0.128543,-0.172163
9.244147,0.123160,-0.051173,0.344231,0.976383,-0.022666,-0.128543,-0.172163
9.254210,0.122900,-0.051173,0.344407,0.976383,-0.022666,-0.128543,-0.172163
9.264270,0.122639,-0.051173,0.344581,0.976383,-0.022666,-0.128543,-0.172163
9.274332,0.122376,-0.051173,0.344753,0.976383,-0.022666,-0.128543,-0.172163
9.284395,0.122112,-0.051173,0.344923,0.976383,-0.022666,-0.128543,-0.172163
9.294457,0.121846,-0.051173,0.345091,0.976383,-0.022666,-0.128543,-0.172163
9.304517,0.121580,-0.051173,0.345257,0.976383,-0.022666,-0.128543,-0.172163
9.314583,0.121311,-0.051173,0.345421,0.976383,-0.022666,-0.128543,-0.172163
9.324643,0.121042,-0.051173,0.345582,0.976383,-0.022666,-0.128543,-0.172163
9.334705,0.120771,-0.051173,0.345742,0.976383,-0.022666,-0.128543,-0.172163
9.344787,0.120500,-0.051173,0.345899,0.976383,-0.022666,-0.128543,-0.172163
9.354839,0.120226,-0.051173,0.346055,0.976383,-0.022666,-0.128543,-0.172163
9.364890,0.119952,-0.051173,0.346208,0.976383,-0.022666,-0.128543,-0.172163
9.374944,0.119677,-0.051173,0.346359,0.976383,-0.022666,-0.128543,-0.172163
9.384998,0.119400,-0.051173,0.346507,0.976383,-0.022666,-0.128543,-0.172163
9.395049,0.118843,-0.051173,0.346798,0.976383,-0.022666,-0.128543,-0.172163
9.405100,0.118563,-0.051173,0.346941,0.976383,-0.022666,-0.128543,-0.172163
9.415151,0.118282,-0.051173,0.347081,0.976383,-0.022666,-0.128543,-0.172163
9.425203,0.117999,-0.051173,0.347218,0.976383,-0.022666,-0.128543,-0.172163
9.435256,0.117716,-0.051173,0.347354,0.976383,-0.022666,-0.128543,-0.172163
9.445307,0.117432,-0.051173,0.347487,0.976383,-0.022666,-0.128543,-0.172163
9.455359,0.117146,-0.051173,0.347618,0.976383,-0.022666,-0.128543,-0.172163
9.465410,0.116860,-0.051173,0.347747,0.976383,-0.022666,-0.128543,-0.172163
9.475463,0.116572,-0.051173,0.347874,0.976383,-0.022666,-0.128543,-0.172163
9.485515,0.116284,-0.051173,0.347998,0.976383,-0.022666,-0.128543,-0.172163
9.495567,0.115994,-0.051173,0.348120,0.976383,-0.022666,-0.128543,-0.172163
9.505635,0.115704,-0.051173,0.348240,0.976383,-0.022666,-0.128543,-0.172163
9.515696,0.115412,-0.051173,0.348358,0.976383,-0.022666,-0.128543,-0.172163
9.525758,0.115120,-0.051173,0.348473,0.976383,-0.022666,-0.128543,-0.172163
9.535818,0.114827,-0.051173,0.348586,0.976383,-0.022666,-0.128543,-0.172163
9.545882,0.114533,-0.051173,0.348696,0.976383,-0.022666,-0.128543,-0.172163
9.556055,0.114238,-0.051173,0.348805,0.976383,-0.022666,-0.128543,-0.172163
9.566117,0.113942,-0.051173,0.348911,0.976383,-0.022666,-0.128543,-0.172163
9.576181,0.113646,-0.051173,0.349014,0.976383,-0.022666,-0.128543,-0.172163
9.586243,0.113348,-0.051173,0.349116,0.976383,-0.022666,-0.128543,-0.172163
9.596306,0.113050,-0.051173,0.349215,0.976383,-0.022666,-0.128543,-0.172163
9.606369,0.112751,-0.051173,0.349311,0.976383,-0.022666,-0.128543,-0.172163
9.616431,0.112452,-0.051173,0.349406,0.976383,-0.022666,-0.128543,-0.172163
9.626494,0.112151,-0.051173,0.349498,0.976383,-0.022666,-0.128543,-0.172163
9.636554,0.111850,-0.051173,0.349587,0.976383,-0.022666,-0.128543,-0.172163
9.646617,0.111548,-0.051173,0.349674,0.976383,-0.022666,-0.128543,-0.172163
9.656680,0.111246,-0.051173,0.349759,0.976383,-0.022666,-0.128543,-0.172163
9.666744,0.110943,-0.051173,0.349842,0.976383,-0.022666,-0.128543,-0.172163
9.676806,0.110639,-0.051173,0.349922,0.976383,-0.022666,-0.128543,-0.172163
9.686867,0.110334,-0.051173,0.349999,0.976383,-0.022666,-0.128543,-0.172163
9.696929,0.110029,-0.051173,0.350075,0.976383,-0.022666,-0.128543,-0.172163
9.706983,0.109724,-0.051173,0.350148,0.976383,-0.022666,-0.128543,-0.172163
9.717035,0.109418,-0.051172,0.350218,0.976383,-0.022666,-0.128543,-0.172163
9.727089,0.109111,-0.051172,0.350286,0.976383,-0.022666,-0.128543,-0.172163
9.737140,0.108804,-0.051172,0.350352,0.976383,-0.022666,-0.128543,-0.172163
9.747192,0.108496,-0.051172,0.350415,0.976383,-0.022666,-0.128543,-0.172163
9.757244,0.108188,-0.051172,0.350476,0.976383,-0.022666,-0.128543,-0.172163
9.767304,0.107879,-0.051172,0.350534,0.976383,-0.022666,-0.128543,-0.172163
9.777350,0.107570,-0.051172,0.350590,0.976383,-0.022666,-0.128543,-0.172163
9.787401,0.107261,-0.051172,0.350644,0.976383,-0.022666,-0.128543,-0.172163
9.797454,0.106951,-0.051172,0.350695,0.976383,-0.022666,-0.128543,-0.172163
9.807509,0.106640,-0.051172,0.350744,0.976383,-0.022666,-0.128543,-0.172163
9.817561,0.106330,-0.051172,0.350790,0.976383,-0.022666,-0.128543,-0.172163
9.827613,0.106018,-0.051172,0.350834,0.976383,-0.022666,-0.128543,-0.172163
9.837667,0.105707,-0.051172,0.350875,0.976383,-0.022666,-0.128543,-0.172163
9.847719,0.105395,-0.051172,0.350914,0.976383,-0.022666,-0.128543,-0.172163
9.857771,0.105083,-0.051172,0.350951,0.976383,-0.022666,-0.128543,-0.172163
9.867823,0.104771,-0.051172,0.350985,0.976383,-0.022666,-0.128543,-0.172163
9.877841,0.104458,-0.051172,0.351016,0.976383,-0.022666,-0.128543,-0.172163
9.887903,0.104146,-0.051172,0.351045,0.976383,-0.022666,-0.128543,-0.172163
9.897966,0.103833,-0.051172,0.351072,0.976383,-0.022666,-0.128543,-0.172163
9.908029,0.103519,-0.051172,0.351096,0.976383,-0.022666,-0.128543,-0.172163
9.918090,0.103206,-0.051172,0.351118,0.976383,-0.022666,-0.128543,-0.172163
9.928153,0.102892,-0.051172,0.351137,0.976383,-0.022666,-0.128543,-0.172163
9.938214,0.102579,-0.051172,0.351154,0.976383,-0.022666,-0.128543,-0.172163
9.948275,0.102265,-0.051172,0.351168,0.976383,-0.022666,-0.128543,-0.172163
9.958329,0.101951,-0.051172,0.351180,0.976383,-0.022666,-0.128543,-0.172163
9.968384,0.101637,-0.051172,0.351190,0.976383,-0.022666,-0.128543,-0.172163
9.978449,0.101323,-0.051172,0.351197,0.976383,-0.022666,-0.128543,-0.172163
9.988510,0.101009,-0.051172,0.351201,0.976383,-0.022666,-0.128543,-0.172163
9.998573,0.100695,-0.051172,0.351203,0.976383,-0.022666,-0.128543,-0.172163
10.008637,0.100380,-0.051172,0.351203,0.976383,-0.022666,-0.128543,-0.172163
10.018699,0.100066,-0.051172,0.351200,0.976383,-0.022666,-0.128543,-0.172163
10.028761,0.099752,-0.051172,0.351194,0.976383,-0.022666,-0.128543,-0.172163
10.038824,0.099438,-0.051172,0.351186,0.976383,-0.022666,-0.128543,-0.172163
10.048886,0.099124,-0.051172,0.351176,0.976383,-0.022666,-0.128543,-0.172163
10.058948,0.098810,-0.051172,0.351163,0.976383,-0.022666,-0.128543,-0.172163
10.069011,0.098496,-0.051172,0.351148,0.976383,-0.022666,-0.128543,-0.172163
10.079073,0.098183,-0.051172,0.351130,0.976383,-0.022666,-0.128543,-0.172163
10.089136,0.097869,-0.051172,0.351110,0.976383,-0.022666,-0.128543,-0.172163
10.099199,0.097556,-0.051172,0.351088,0.976383,-0.022666,-0.128543,-0.172163
10.109264,0.097243,-0.051172,0.351062,0.976383,-0.022666,-0.128543,-0.172163
10.119325,0.096930,-0.051172,0.351035,0.976383,-0.022666,-0.128543,-0.172163
10.129388,0.096617,-0.051172,0.351005,0.976383,-0.022666,-0.128543,-0.172163
10.139452,0.096305,-0.051172,0.350972,0.976383,-0.022666,-0.128543,-0.172163
10.149513,0.095992,-0.051172,0.350937,0.976383,-0.022666,-0.128543,-0.172163
10.159576,0.095681,-0.051172,0.350900,0.976383,-0.022666,-0.128543,-0.172163
10.169630,0.095369,-0.051172,0.350860,0.976383,-0.022666,-0.128543,-0.172163
10.179695,0.095058,-0.051172,0.350818,0.976383,-0.022666,-0.128543,-0.172163
10.189882,0.094747,-0.051172,0.350773,0.976383,-0.022666,-0.128543,-0.172163
10.199944,0.094436,-0.051172,0.350726,0.976383,-0.022666,-0.128543,-0.172163
10.210007,0.094126,-0.051172,0.350677,0.976383,-0.022666,-0.128543,-0.172163
10.220071,0.093816,-0.051172,0.350625,0.976383,-0.022666,-0.128543,-0.172163
10.230133,0.093507,-0.051172,0.350570,0.976383,-0.022666,-0.128543,-0.172163
10.240195,0.093198,-0.051172,0.350513,0.976383,-0.022666,-0.128543,-0.172163
10.250258,0.092889,-0.051172,0.350454,0.976383,-0.022666,-0.128543,-0.172163
10.260323,0.092581,-0.051172,0.350392,0.976383,-0.022666,-0.128543,-0.172163
10.270385,0.092274,-0.051172,0.350328,0.976383,-0.022666,-0.128543,-0.172163
10.280448,0.091967,-0.051172,0.350261,0.976383,-0.022666,-0.128543,-0.172163
10.290512,0.091660,-0.051172,0.350192,0.976383,-0.022666,-0.128543,-0.172163
10.300572,0.091354,-0.051172,0.350121,0.976383,-0.022666,-0.128543,-0.172163
10.310633,0.091049,-0.051172,0.350047,0.976383,-0.022666,-0.128543,-0.172163
10.320690,0.090744,-0.051172,0.349971,0.976383,-0.022666,-0.128543,-0.172163
10.330750,0.090440,-0.051172,0.349893,0.976383,-0.022666,-0.128543,-0.172163
10.340810,0.090136,-0.051172,0.349812,0.976383,-0.022666,-0.128543,-0.172163
10.350870,0.089833,-0.051172,0.349728,0.976383,-0.022666,-0.128543,-0.172163
10.360931,0.089531,-0.051172,0.349643,0.976383,-0.022666,-0.128543,-0.172163
10.370991,0.089230,-0.051172,0.349554,0.976383,-0.022666,-0.128543,-0.172163
10.381051,0.088929,-0.051172,0.349464,0.976383,-0.022666,-0.128543,-0.172163
10.391111,0.088629,-0.051172,0.349371,0.976383,-0.022666,-0.128543,-0.172163
10.401168,0.088329,-0.051172,0.349276,0.976383,-0.022666,-0.128543,-0.172163
10.411231,0.088031,-0.051172,0.349178,0.976383,-0.022666,-0.128543,-0.172163
10.421291,0.087733,-0.051172,0.349079,0.976383,-0.022666,-0.128543,-0.172163
10.431356,0.087436,-0.051172,0.348976,0.976383,-0.022666,-0.128543,-0.172163
10.441417,0.087139,-0.051172,0.348872,0.976383,-0.022666,-0.128543,-0.172163
10.451477,0.086844,-0.051172,0.348765,0.976383,-0.022666,-0.128543,-0.172163
10.461539,0.086549,-0.051172,0.348656,0.976383,-0.022666,-0.128543,-0.172163
10.471600,0.086256,-0.051172,0.348544,0.976383,-0.022666,-0.128543,-0.172163
10.481663,0.085963,-0.051172,0.348431,0.976383,-0.022666,-0.128543,-0.172163
10.491726,0.085671,-0.051172,0.348315,0.976383,-0.022666,-0.128543,-0.172163
10.501785,0.085380,-0.051172,0.348196,0.976383,-0.022666,-0.128543,-0.172163
10.511844,0.085090,-0.051172,0.348076,0.976383,-0.022666,-0.128543,-0.172163
10.521906,0.084801,-0.051172,0.347953,0.976383,-0.022666,-0.128543,-0.172163
10.531965,0.084513,-0.051172,0.347828,0.976383,-0.022666,-0.128543,-0.172163
10.542027,0.084225,-0.051172,0.347700,0.976383,-0.022666,-0.128543,-0.172163
10.552086,0.083939,-0.051172,0.347570,0.976383,-0.022666,-0.128543,-0.172163
10.562148,0.083654,-0.051172,0.347438,0.976383,-0.022666,-0.128543,-0.172163
10.572207,0.083370,-0.051172,0.347304,0.976383,-0.022666,-0.128543,-0.172163
10.582270,0.083087,-0.051172,0.347168,0.976383,-0.022666,-0.128543,-0.172163
10.592329,0.082805,-0.051172,0.347029,0.976383,-0.022666,-0.128543,-0.172163
10.602390,0.082524,-0.051172,0.346888,0.976383,-0.022666,-0.128543,-0.172163
10.612449,0.082245,-0.051172,0.346745,0.976383,-0.022666,-0.128543,-0.172163
10.622511,0.081966,-0.051172,0.346600,0.976383,-0.022666,-0.128543,-0.172163
10.632572,0.081689,-0.051172,0.346453,0.976383,-0.022666,-0.128543,-0.172163
10.642634,0.081412,-0.051172,0.346303,0.976383,-0.022666,-0.128543,-0.172163
10.652694,0.081137,-0.051172,0.346151,0.976383,-0.022666,-0.128543,-0.172163
10.662755,0.080863,-0.051172,0.345998,0.976383,-0.022666,-0.128543,-0.172163
10.672814,0.080591,-0.051172,0.345842,0.976383,-0.022666,-0.128543,-0.172163
10.682877,0.080319,-0.051172,0.345683,0.976383,-0.022666,-0.128543,-0.172163
10.692937,0.080049,-0.051172,0.345523,0.976383,-0.022666,-0.128543,-0.172163
10.702994,0.079780,-0.051172,0.345361,0.976383,-0.022666,-0.128543,-0.172163
10.713054,0.079513,-0.051172,0.345196,0.976383,-0.022666,-0.128543,-0.172163
10.723113,0.079246,-0.051172,0.345029,0.976383,-0.022666,-0.128543,-0.172163
10.733174,0.078981,-0.051172,0.344861,0.976383,-0.022666,-0.128543,-0.172163
10.743234,0.078718,-0.051172,0.344690,0.976383,-0.022666,-0.128543,-0.172163
10.753297,0.078455,-0.051172,0.344517,0.976383,-0.022666,-0.128543,-0.172163
10.763354,0.078194,-0.051172,0.344342,0.976383,-0.022666,-0.128543,-0.172163
10.773416,0.077935,-0.051172,0.344165,0.976383,-0.022666,-0.128543,-0.172163
10.783477,0.077677,-0.051172,0.343986,0.976383,-0.022666,-0.128543,-0.172163
10.793538,0.077420,-0.051172,0.343805,0.976383,-0.022666,-0.128543,-0.172163
10.803598,0.077165,-0.051172,0.343622,0.976383,-0.022666,-0.128543,-0.172163
10.813661,0.076911,-0.051172,0.343437,0.976383,-0.022666,-0.128543,-0.172163
10.823749,0.076658,-0.051172,0.343250,0.976383,-0.022666,-0.128543,-0.172163
10.833811,0.076407,-0.051172,0.343061,0.976383,-0.022666,-0.128543,-0.172163
10.843870,0.076158,-0.051172,0.342870,0.976383,-0.022666,-0.128543,-0.172163
10.853929,0.075910,-0.051172,0.342677,0.976383,-0.022666,-0.128543,-0.172163
10.863990,0.075663,-0.051172,0.342482,0.976383,-0.022666,-0.128543,-0.172163
10.874051,0.075419,-0.051172,0.342286,0.976383,-0.022666,-0.128543,-0.172163
10.884113,0.075175,-0.051172,0.342087,0.976383,-0.022666,-0.128543,-0.172163
10.894173,0.074933,-0.051172,0.341886,0.976383,-0.022666,-0.128543,-0.172163
10.904231,0.074693,-0.051172,0.341684,0.976383,-0.022666,-0.128543,-0.172163
10.914292,0.074455,-0.051172,0.341480,0.976383,-0.022666,-0.128543,-0.172163
10.924353,0.074218,-0.051172,0.341273,0.976383,-0.022666,-0.128543,-0.172163
10.934415,0.073982,-0.051172,0.341065,0.976383,-0.022666,-0.128543,-0.172163
10.944477,0.073749,-0.051172,0.340855,0.976383,-0.022666,-0.128543,-0.172163
10.954534,0.073517,-0.051172,0.340643,0.976383,-0.022666,-0.128543,-0.172163
10.964596,0.073286,-0.051172,0.340430,0.976383,-0.022666,-0.128543,-0.172163
10.974654,0.073058,-0.051172,0.340215,0.976383,-0.022666,-0.128543,-0.172163
10.984718,0.072831,-0.051172,0.339997,0.976383,-0.022666,-0.128543,-0.172163
10.994777,0.072605,-0.051172,0.339778,0.976383,-0.022666,-0.128543,-0.172163
11.004841,0.072382,-0.051172,0.339558,0.976383,-0.022666,-0.128543,-0.172163
11.014899,0.072160,-0.051172,0.339335,0.976383,-0.022666,-0.128543,-0.172163
11.024962,0.071940,-0.051172,0.339111,0.976383,-0.022666,-0.128543,-0.172163
11.035017,0.071505,-0.051172,0.338657,0.976383,-0.022666,-0.128543,-0.172163
11.045078,0.071290,-0.051172,0.338428,0.976383,-0.022666,-0.128543,-0.172163
11.055139,0.071077,-0.051172,0.338197,0.976383,-0.022666,-0.128543,-0.172163
11.065199,0.070866,-0.051172,0.337964,0.976383,-0.022666,-0.128543,-0.172163
11.075260,0.070657,-0.051172,0.337730,0.976383,-0.022666,-0.128543,-0.172163
11.085320,0.070450,-0.051172,0.337494,0.976383,-0.022666,-0.128543,-0.172163
11.095381,0.070244,-0.051172,0.337257,0.976383,-0.022666,-0.128543,-0.172163
11.105441,0.070040,-0.051172,0.337017,0.976383,-0.022666,-0.128543,-0.172163
11.115505,0.069839,-0.051172,0.336777,0.976383,-0.022666,-0.128543,-0.172163
11.125564,0.069639,-0.051172,0.336534,0.976383,-0.022666,-0.128543,-0.172163
11.135626,0.069441,-0.051172,0.336290,0.976383,-0.022666,-0.128543,-0.172163
11.145685,0.069245,-0.051172,0.336045,0.976383,-0.022666,-0.128543,-0.172163
11.155747,0.069050,-0.051172,0.335798,0.976383,-0.022666,-0.128543,-0.172163
11.165806,0.068858,-0.051172,0.335549,0.976383,-0.022666,-0.128543,-0.172163
11.175867,0.068668,-0.051172,0.335299,0.976383,-0.022666,-0.128543,-0.172163
11.185927,0.068480,-0.051172,0.335048,0.976383,-0.022666,-0.128543,-0.172163
11.195988,0.068293,-0.051172,0.334795,0.976383,-0.022666,-0.128543,-0.172163
11.206048,0.068109,-0.051172,0.334541,0.976383,-0.022666,-0.128543,-0.172163
11.216108,0.067927,-0.051172,0.334285,0.976383,-0.022666,-0.128543,-0.172163
11.226168,0.067747,-0.051172,0.334027,0.976383,-0.022666,-0.128543,-0.172163
11.236228,0.067568,-0.051172,0.333769,0.976383,-0.022666,-0.128543,-0.172163
11.246286,0.067392,-0.051172,0.333509,0.976383,-0.022666,-0.128543,-0.172163
11.256348,0.067218,-0.051172,0.333247,0.976383,-0.022666,-0.128543,-0.172163
11.266409,0.067046,-0.051172,0.332984,0.976383,-0.022666,-0.128543,-0.172163
11.276468,0.066876,-0.051172,0.332720,0.976383,-0.022666,-0.128543,-0.172163
11.286530,0.066708,-0.051172,0.332455,0.976383,-0.022666,-0.128543,-0.172163
11.296589,0.066542,-0.051172,0.332188,0.976383,-0.022666,-0.128543,-0.172163
11.306651,0.066378,-0.051172,0.331920,0.976383,-0.022666,-0.128543,-0.172163
11.316711,0.066217,-0.051172,0.331650,0.976383,-0.022666,-0.128543,-0.172163
11.326772,0.066057,-0.051172,0.331380,0.976383,-0.022666,-0.128543,-0.172163
11.336832,0.065900,-0.051172,0.331108,0.976383,-0.022666,-0.128543,-0.172163
11.346894,0.065745,-0.051172,0.330835,0.976383,-0.022666,-0.128543,-0.172163
11.356953,0.065591,-0.051172,0.330560,0.976383,-0.022666,-0.128543,-0.172163
11.367015,0.065440,-0.051172,0.330285,0.976383,-0.022666,-0.128543,-0.172163
11.377075,0.065292,-0.051172,0.330008,0.976383,-0.022666,-0.128543,-0.172163
11.387136,0.065145,-0.051172,0.329730,0.976383,-0.022666,-0.128543,-0.172163
11.397199,0.065001,-0.051172,0.329451,0.976383,-0.022666,-0.128543,-0.172163
11.407262,0.064858,-0.051172,0.329171,0.976383,-0.022666,-0.128543,-0.172163
11.417325,0.064718,-0.051172,0.328890,0.976383,-0.022666,-0.128543,-0.172163
11.427387,0.064581,-0.051172,0.328608,0.976383,-0.022666,-0.128543,-0.172163
11.437450,0.064445,-0.051172,0.328324,0.976383,-0.022666,-0.128543,-0.172163
11.447514,0.064312,-0.051172,0.328040,0.976383,-0.022666,-0.128543,-0.172163
11.457578,0.064181,-0.051172,0.327754,0.976383,-0.022666,-0.128543,-0.172163
11.467639,0.064052,-0.051172,0.327468,0.976383,-0.022666,-0.128543,-0.172163
11.477703,0.063925,-0.051172,0.327180,0.976383,-0.022666,-0.128543,-0.172163
11.487766,0.063801,-0.051172,0.326892,0.976383,-0.022666,-0.128543,-0.172163
11.497827,0.063679,-0.051172,0.326602,0.976383,-0.022666,-0.128543,-0.172163
11.507890,0.063559,-0.051172,0.326312,0.976383,-0.022666,-0.128543,-0.172163
11.517953,0.063441,-0.051172,0.326021,0.976383,-0.022666,-0.128543,-0.172163
11.528018,0.063326,-0.051172,0.325728,0.976383,-0.022666,-0.128543,-0.172163
11.538080,0.063213,-0.051172,0.325435,0.976383,-0.022666,-0.128543,-0.172163
11.548143,0.063103,-0.051172,0.325141,0.976383,-0.022666,-0.128543,-0.172163
11.558206,0.062994,-0.051172,0.324846,0.976383,-0.022666,-0.128543,-0.172163
11.568268,0.062888,-0.051172,0.324551,0.976383,-0.022666,-0.128543,-0.172163
11.578330,0.062785,-0.051172,0.324254,0.976383,-0.022666,-0.128543,-0.172163
11.588394,0.062683,-0.051172,0.323957,0.976383,-0.022666,-0.128543,-0.172163
11.598459,0.062584,-0.051172,0.323659,0.976383,-0.022666,-0.128543,-0.172163
11.608521,0.062488,-0.051172,0.323360,0.976383,-0.022666,-0.128543,-0.172163
11.618584,0.062393,-0.051172,0.323060,0.976383,-0.022666,-0.128543,-0.172163
11.628648,0.062301,-0.051172,0.322760,0.976383,-0.022666,-0.128543,-0.172163
11.638712,0.062212,-0.051172,0.322458,0.976383,-0.022666,-0.128543,-0.172163
11.648774,0.062125,-0.051172,0.322157,0.976383,-0.022666,-0.128543,-0.172163
11.658837,0.062040,-0.051172,0.321854,0.976383,-0.022666,-0.128543,-0.172163
11.668901,0.061957,-0.051172,0.321551,0.976383,-0.022666,-0.128543,-0.172163
11.678966,0.061877,-0.051173,0.321247,0.976383,-0.022666,-0.128543,-0.172163
11.689031,0.061800,-0.051173,0.320943,0.976383,-0.022666,-0.128543,-0.172163
11.699093,0.061724,-0.051173,0.320638,0.976383,-0.022666,-0.128543,-0.172163
11.709156,0.061651,-0.051173,0.320332,0.976383,-0.022666,-0.128543,-0.172163
11.719220,0.061581,-0.051173,0.320026,0.976383,-0.022666,-0.128543,-0.172163
11.729285,0.061513,-0.051173,0.319719,0.976383,-0.022666,-0.128543,-0.172163
11.739349,0.061447,-0.051173,0.319412,0.976383,-0.022666,-0.128543,-0.172163
11.749359,0.061384,-0.051173,0.319104,0.976383,-0.022666,-0.128543,-0.172163
11.759415,0.061323,-0.051173,0.318796,0.976383,-0.022666,-0.128543,-0.172163
11.769479,0.061265,-0.051173,0.318488,0.976383,-0.022666,-0.128543,-0.172163
11.779543,0.061209,-0.051173,0.318178,0.976383,-0.022666,-0.128543,-0.172163
11.789608,0.061155,-0.051173,0.317869,0.976383,-0.022666,-0.128543,-0.172163
11.799669,0.061104,-0.051173,0.317559,0.976383,-0.022666,-0.128543,-0.172163
11.809732,0.061055,-0.051173,0.317249,0.976383,-0.022666,-0.128543,-0.172163
11.819796,0.061009,-0.051173,0.316938,0.976383,-0.022666,-0.128543,-0.172163
11.829860,0.060965,-0.051173,0.316627,0.976383,-0.022666,-0.128543,-0.172163
11.839922,0.060924,-0.051173,0.316315,0.976383,-0.022666,-0.128543,-0.172163
11.849984,0.060885,-0.051173,0.316004,0.976383,-0.022666,-0.128543,-0.172163
11.860048,0.060848,-0.051173,0.315692,0.976383,-0.022666,-0.128543,-0.172163
11.870111,0.060814,-0.051173,0.315379,0.976383,-0.022666,-0.128543,-0.172163
11.880174,0.060783,-0.051173,0.315067,0.976383,-0.022666,-0.128543,-0.172163
11.890235,0.060754,-0.051173,0.314754,0.976383,-0.022666,-0.128543,-0.172163
11.900297,0.060727,-0.051173,0.314441,0.976383,-0.022666,-0.128543,-0.172163
11.910361,0.060703,-0.051173,0.314128,0.976383,-0.022666,-0.128543,-0.172163
11.920377,0.060681,-0.051173,0.313814,0.976383,-0.022666,-0.128543,-0.172163
11.930429,0.060662,-0.051173,0.313501,0.976383,-0.022666,-0.128543,-0.172163
11.940481,0.060645,-0.051173,0.313187,0.976383,-0.022666,-0.128543,-0.172163
11.950533,0.060631,-0.051173,0.312873,0.976383,-0.022666,-0.128543,-0.172163
11.960585,0.060619,-0.051173,0.312559,0.976383,-0.022666,-0.128543,-0.172163
11.970637,0.060609,-0.051173,0.312245,0.976383,-0.022666,-0.128543,-0.172163
11.980689,0.060602,-0.051173,0.311931,0.976383,-0.022666,-0.128543,-0.172163
11.990740,0.060598,-0.051173,0.311617,0.976383,-0.022666,-0.128543,-0.172163
12.000792,0.060596,-0.051173,0.311303,0.976383,-0.022666,-0.128543,-0.172163
12.010844,0.060596,-0.051173,0.310995,0.976383,-0.022666,-0.128543,-0.172163
12.020896,0.060599,-0.051173,0.310698,0.976383,-0.022666,-0.128543,-0.172163
12.030950,0.060604,-0.051173,0.310414,0.976383,-0.022666,-0.128543,-0.172163
12.041002,0.060610,-0.051173,0.310140,0.976383,-0.022666,-0.128543,-0.172163
12.051055,0.060618,-0.051173,0.309879,0.976383,-0.022666,-0.128543,-0.172163
12.061107,0.060627,-0.051173,0.309629,0.976383,-0.022666,-0.128543,-0.172163
12.071159,0.060637,-0.051173,0.309391,0.976383,-0.022666,-0.128543,-0.172163
12.081211,0.060648,-0.051173,0.309165,0.976383,-0.022666,-0.128543,-0.172163
12.091263,0.060659,-0.051173,0.308951,0.976383,-0.022666,-0.128543,-0.172163
12.101314,0.060671,-0.051173,0.308749,0.976383,-0.022666,-0.128543,-0.172163
12.111367,0.060683,-0.051173,0.308559,0.976383,-0.022666,-0.128543,-0.172163
12.121420,0.060695,-0.051173,0.308381,0.976383,-0.022666,-0.128543,-0.172163
12.131472,0.060708,-0.051173,0.308214,0.976383,-0.022666,-0.128543,-0.172163
12.141526,0.060719,-0.051173,0.308060,0.976383,-0.022666,-0.128543,-0.172163
12.151579,0.060731,-0.051173,0.307917,0.976383,-0.022666,-0.128543,-0.172163
12.161632,0.060742,-0.051173,0.307787,0.976383,-0.022666,-0.128543,-0.172163
12.171685,0.060752,-0.051173,0.307669,0.976383,-0.022666,-0.128543,-0.172163
12.181737,0.060762,-0.051173,0.307562,0.976383,-0.022666,-0.128543,-0.172163
12.191788,0.060770,-0.051173,0.307467,0.976383,-0.022666,-0.128543,-0.172163
12.201841,0.060778,-0.051173,0.307385,0.976383,-0.022666,-0.128543,-0.172163
12.211892,0.060785,-0.051173,0.307315,0.976383,-0.022666,-0.128543,-0.172163
12.221945,0.060791,-0.051173,0.307257,0.976383,-0.022666,-0.128543,-0.172163
12.231998,0.060795,-0.051173,0.307211,0.976383,-0.022666,-0.128543,-0.172163
12.242049,0.060799,-0.051173,0.307176,0.976383,-0.022666,-0.128543,-0.172163
12.252100,0.060801,-0.051173,0.307154,0.976383,-0.022666,-0.128543,-0.172163
12.262152,0.060802,-0.051173,0.307143,0.976383,-0.022666,-0.128543,-0.172163
12.272206,0.060802,-0.051173,0.307143,0.976383,-0.022666,-0.128543,-0.172163
12.282260,0.060802,-0.051173,0.307143,0.976383,-0.022666,-0.128543,-0.172163
12.292311,0.060802,-0.051173,0.307143,0.976383,-0.022666,-0.128543,-0.172163
12.302364,0.060802,-0.051173,0.307143,0.976383,-0.022666,-0.128543,-0.172163
12.312415,0.060802,-0.051173,0.307143,0.976383,-0.022666,-0.128543,-0.172163
12.322479,0.060802,-0.051173,0.307143,0.976383,-0.022666,-0.128543,-0.172163
12.332542,0.060795,-0.051173,0.307213,0.976383,-0.022666,-0.128543,-0.172163
12.342606,0.060787,-0.051173,0.307299,0.976383,-0.022666,-0.128543,-0.172163
12.352668,0.060777,-0.051173,0.307398,0.976383,-0.022666,-0.128543,-0.172163
12.362730,0.060767,-0.051173,0.307509,0.976383,-0.022666,-0.128543,-0.172163
12.372794,0.060755,-0.051173,0.307632,0.976383,-0.022666,-0.128543,-0.172163
12.382855,0.060743,-0.051173,0.307767,0.976383,-0.022666,-0.128543,-0.172163
12.392918,0.060731,-0.051173,0.307915,0.976383,-0.022666,-0.128543,-0.172163
12.402981,0.060718,-0.051173,0.308074,0.976383,-0.022666,-0.128543,-0.172163
12.413043,0.060705,-0.051173,0.308246,0.976383,-0.022666,-0.128543,-0.172163
12.423105,0.060692,-0.051173,0.308430,0.976383,-0.022666,-0.128543,-0.172163
12.433169,0.060679,-0.051173,0.308627,0.976383,-0.022666,-0.128543,-0.172163
12.443233,0.060666,-0.051173,0.308834,0.976383,-0.022666,-0.128543,-0.172163
12.453295,0.060653,-0.051173,0.309056,0.976383,-0.022666,-0.128543,-0.172163
12.463358,0.060642,-0.051173,0.309289,0.976383,-0.022666,-0.128543,-0.172163
12.473420,0.060631,-0.051173,0.309534,0.976383,-0.022666,-0.128543,-0.172163
12.483483,0.060621,-0.051173,0.309791,0.976383,-0.022666,-0.128543,-0.172163
12.493545,0.060612,-0.051173,0.310060,0.976383,-0.022666,-0.128543,-0.172163
12.503609,0.060605,-0.051173,0.310343,0.976383,-0.022666,-0.128543,-0.172163
12.513674,0.060600,-0.051173,0.310637,0.976383,-0.022666,-0.128543,-0.172163
12.523736,0.060597,-0.051173,0.310943,0.976383,-0.022666,-0.128543,-0.172163
12.533799,0.060596,-0.051173,0.311261,0.976383,-0.022666,-0.128543,-0.172163
12.543863,0.060598,-0.051173,0.311592,0.976383,-0.022666,-0.128543,-0.172163
12.553927,0.060603,-0.051173,0.311933,0.976383,-0.022666,-0.128543,-0.172163
12.563989,0.060611,-0.051173,0.312288,0.976383,-0.022666,-0.128543,-0.172163
12.574052,0.060622,-0.051173,0.312655,0.976383,-0.022666,-0.128543,-0.172163
12.584116,0.060638,-0.051173,0.313033,0.976383,-0.022666,-0.128543,-0.172163
12.594181,0.060658,-0.051173,0.313423,0.976383,-0.022666,-0.128543,-0.172163
12.604242,0.060682,-0.051173,0.313825,0.976383,-0.022666,-0.128543,-0.172163
12.614305,0.060711,-0.051173,0.314238,0.976383,-0.022666,-0.128543,-0.172163
12.624361,0.060746,-0.051173,0.314664,0.976383,-0.022666,-0.128543,-0.172163
12.634417,0.060786,-0.051173,0.315100,0.976383,-0.022666,-0.128543,-0.172163
12.644481,0.060833,-0.051173,0.315548,0.976383,-0.022666,-0.128543,-0.172163
12.654536,0.060886,-0.051173,0.316008,0.976383,-0.022666,-0.128543,-0.172163
12.664663,0.060945,-0.051173,0.316478,0.976383,-0.022666,-0.128543,-0.172163
12.674723,0.061012,-0.051173,0.316960,0.976383,-0.022666,-0.128543,-0.172163
12.684786,0.061087,-0.051173,0.317452,0.976383,-0.022666,-0.128543,-0.172163
12.694850,0.061170,-0.051173,0.317955,0.976383,-0.022666,-0.128543,-0.172163
12.704914,0.061261,-0.051173,0.318469,0.976383,-0.022666,-0.128543,-0.172163
12.714977,0.061362,-0.051173,0.318993,0.976383,-0.022666,-0.128543,-0.172163
12.725040,0.061592,-0.051173,0.320072,0.976383,-0.022666,-0.128543,-0.172163
12.735104,0.061721,-0.051173,0.320625,0.976383,-0.022666,-0.128543,-0.172163
12.745164,0.061862,-0.051173,0.321188,0.976383,-0.022666,-0.128543,-0.172163
12.755227,0.062014,-0.051173,0.321760,0.976383,-0.022666,-0.128543,-0.172163
12.765289,0.062178,-0.051173,0.322342,0.976383,-0.022666,-0.128543,-0.172163
12.775354,0.062354,-0.051173,0.322931,0.976383,-0.022666,-0.128543,-0.172163
12.785360,0.062542,-0.051173,0.323529,0.976383,-0.022666,-0.128543,-0.172163
12.795413,0.062744,-0.051173,0.324134,0.976383,-0.022666,-0.128543,-0.172163
12.805465,0.062959,-0.051173,0.324747,0.976383,-0.022666,-0.128543,-0.172163
12.815517,0.063188,-0.051173,0.325367,0.976383,-0.022666,-0.128543,-0.172163
12.825571,0.063431,-0.051173,0.325995,0.976383,-0.022666,-0.128543,-0.172163
12.835623,0.063690,-0.051173,0.326627,0.976383,-0.022666,-0.128543,-0.172163
12.845677,0.063964,-0.051173,0.327267,0.976383,-0.022666,-0.128543,-0.172163
12.855729,0.064253,-0.051173,0.327911,0.976383,-0.022666,-0.128543,-0.172163
12.865782,0.064559,-0.051173,0.328562,0.976383,-0.022666,-0.128543,-0.172163
12.875834,0.064881,-0.051173,0.329215,0.976383,-0.022666,-0.128543,-0.172163
12.885886,0.065220,-0.051173,0.329873,0.976383,-0.022666,-0.128543,-0.172163
12.895947,0.065578,-0.051173,0.330535,0.976383,-0.022666,-0.128543,-0.172163
12.906010,0.065953,-0.051173,0.331199,0.976383,-0.022666,-0.128543,-0.172163
12.916064,0.066346,-0.051173,0.331865,0.976383,-0.022666,-0.128543,-0.172163
12.926128,0.066757,-0.051173,0.332532,0.976383,-0.022666,-0.128543,-0.172163
12.936190,0.067189,-0.051173,0.333202,0.976383,-0.022666,-0.128543,-0.172163
12.946251,0.067639,-0.051173,0.333871,0.976383,-0.022666,-0.128543,-0.172163
12.956311,0.068109,-0.051173,0.334539,0.976383,-0.022666,-0.128543,-0.172163
12.966373,0.068599,-0.051173,0.335207,0.976383,-0.022666,-0.128543,-0.172163
12.976432,0.069109,-0.051173,0.335872,0.976383,-0.022666,-0.128543,-0.172163
12.986495,0.069641,-0.051173,0.336536,0.976383,-0.022666,-0.128543,-0.172163
12.996554,0.070193,-0.051173,0.337196,0.976383,-0.022666,-0.128543,-0.172163
13.006616,0.070767,-0.051173,0.337852,0.976383,-0.022666,-0.128543,-0.172163
13.016681,0.071361,-0.051173,0.338503,0.976383,-0.022666,-0.128543,-0.172163
13.026743,0.071977,-0.051173,0.339149,0.976383,-0.022666,-0.128543,-0.172163
13.036804,0.072615,-0.051173,0.339787,0.976383,-0.022666,-0.128543,-0.172163
13.046862,0.073275,-0.051173,0.340419,0.976383,-0.022666,-0.128543,-0.172163
13.056923,0.073957,-0.051173,0.341042,0.976383,-0.022666,-0.128543,-0.172163
13.066982,0.074661,-0.051173,0.341656,0.976383,-0.022666,-0.128543,-0.172163
13.077045,0.075387,-0.051173,0.342259,0.976383,-0.022666,-0.128543,-0.172163
13.087103,0.076136,-0.051173,0.342852,0.976383,-0.022666,-0.128543,-0.172163
13.097154,0.076906,-0.051173,0.343433,0.976383,-0.022666,-0.128543,-0.172163
13.107203,0.077698,-0.051173,0.344000,0.976383,-0.022666,-0.128543,-0.172163
13.117257,0.078513,-0.051173,0.344554,0.976383,-0.022666,-0.128543,-0.172163
13.127309,0.079349,-0.051173,0.345093,0.976383,-0.022666,-0.128543,-0.172163
13.137361,0.080207,-0.051173,0.345616,0.976383,-0.022666,-0.128543,-0.172163
13.147412,0.081086,-0.051173,0.346122,0.976383,-0.022666,-0.128543,-0.172163
13.157461,0.081987,-0.051173,0.346610,0.976383,-0.022666,-0.128543,-0.172163
13.167510,0.082909,-0.051173,0.347080,0.976383,-0.022666,-0.128543,-0.172163
13.177559,0.083851,-0.051173,0.347529,0.976383,-0.022666,-0.128543,-0.172163
13.187608,0.084814,-0.051173,0.347957,0.976383,-0.022666,-0.128543,-0.172163
13.197660,0.085797,-0.051173,0.348364,0.976383,-0.022666,-0.128543,-0.172163
13.207715,0.086798,-0.051173,0.348747,0.976383,-0.022666,-0.128543,-0.172163
13.217768,0.087819,-0.051173,0.349107,0.976383,-0.022666,-0.128543,-0.172163
13.227820,0.088858,-0.051173,0.349441,0.976383,-0.022666,-0.128543,-0.172163
13.237872,0.089915,-0.051173,0.349750,0.976383,-0.022666,-0.128543,-0.172163
13.247924,0.090989,-0.051173,0.350032,0.976383,-0.022666,-0.128543,-0.172163
13.257976,0.092079,-0.051173,0.350285,0.976383,-0.022666,-0.128543,-0.172163
13.268028,0.093185,-0.051173,0.350510,0.976383,-0.022666,-0.128543,-0.172163
13.278080,0.094306,-0.051173,0.350705,0.976383,-0.022666,-0.128543,-0.172163
13.288133,0.095440,-0.051173,0.350868,0.976383,-0.022666,-0.128543,-0.172163
13.298184,0.096588,-0.051173,0.351001,0.976383,-0.022666,-0.128543,-0.172163
13.308238,0.097748,-0.051173,0.351101,0.976383,-0.022666,-0.128543,-0.172163
13.318291,0.098919,-0.051173,0.351167,0.976383,-0.022666,-0.128543,-0.172163
13.328342,0.100100,-0.051173,0.351199,0.976383,-0.022666,-0.128543,-0.172163
13.338349,0.101290,-0.051173,0.351196,0.976383,-0.022666,-0.128543,-0.172163
13.348401,0.102489,-0.051173,0.351157,0.976383,-0.022666,-0.128543,-0.172163
13.358454,0.103693,-0.051173,0.351082,0.976383,-0.022666,-0.128543,-0.172163
13.368506,0.104904,-0.051173,0.350969,0.976383,-0.022666,-0.128543,-0.172163
13.378557,0.106119,-0.051173,0.350819,0.976383,-0.022666,-0.128543,-0.172163
13.388609,0.107336,-0.051173,0.350630,0.976383,-0.022666,-0.128543,-0.172163
13.398660,0.108556,-0.051173,0.350402,0.976383,-0.022666,-0.128543,-0.172163
13.408714,0.109775,-0.051173,0.350134,0.976383,-0.022666,-0.128543,-0.172163
13.418767,0.110993,-0.051173,0.349827,0.976383,-0.022666,-0.128543,-0.172163
13.428819,0.112210,-0.051173,0.349479,0.976383,-0.022666,-0.128543,-0.172163
13.438871,0.113420,-0.051173,0.349090,0.976383,-0.022666,-0.128543,-0.172163
13.448923,0.114627,-0.051173,0.348660,0.976383,-0.022666,-0.128543,-0.172163
13.458976,0.115825,-0.051173,0.348189,0.976383,-0.022666,-0.128543,-0.172163
13.469027,0.117015,-0.051173,0.347676,0.976383,-0.022666,-0.128543,-0.172163
13.479081,0.118193,-0.051173,0.347123,0.976383,-0.022666,-0.128543,-0.172163
13.489133,0.119361,-0.051173,0.346527,0.976383,-0.022666,-0.128543,-0.172163
13.499184,0.120514,-0.051173,0.345890,0.976383,-0.022666,-0.128543,-0.172163
13.509238,0.121652,-0.051173,0.345210,0.976383,-0.022666,-0.128543,-0.172163
13.519290,0.122773,-0.051173,0.344491,0.976383,-0.022666,-0.128543,-0.172163
13.529342,0.123875,-0.051173,0.343729,0.976383,-0.022666,-0.128543,-0.172163
13.539396,0.124956,-0.051173,0.342927,0.976383,-0.022666,-0.128543,-0.172163
13.549448,0.126016,-0.051173,0.342085,0.976383,-0.022666,-0.128543,-0.172163
13.559500,0.127051,-0.051173,0.341203,0.976383,-0.022666,-0.128543,-0.172163
13.569552,0.128061,-0.051173,0.340281,0.976383,-0.022666,-0.128543,-0.172163
13.579604,0.129043,-0.051173,0.339321,0.976383,-0.022666,-0.128543,-0.172163
13.589656,0.129996,-0.051173,0.338323,0.976383,-0.022666,-0.128543,-0.172163
13.599709,0.130919,-0.051173,0.337287,0.976383,-0.022666,-0.128543,-0.172163
13.609763,0.131808,-0.051173,0.336216,0.976383,-0.022666,-0.128543,-0.172163
13.619816,0.132664,-0.051173,0.335108,0.976383,-0.022666,-0.128543,-0.172163
13.629869,0.133484,-0.051173,0.333967,0.976383,-0.022666,-0.128543,-0.172163
13.639920,0.134268,-0.051173,0.332791,0.976383,-0.022666,-0.128543,-0.172163
13.649972,0.135011,-0.051173,0.331585,0.976383,-0.022666,-0.128543,-0.172163
13.660023,0.135715,-0.051173,0.330346,0.976383,-0.022666,-0.128543,-0.172163
13.670075,0.136377,-0.051173,0.329079,0.976383,-0.022666,-0.128543,-0.172163
13.680127,0.136995,-0.051173,0.327784,0.976383,-0.022666,-0.128543,-0.172163
13.690179,0.137569,-0.051173,0.326461,0.976383,-0.022666,-0.128543,-0.172163
13.700231,0.138096,-0.051173,0.325114,0.976383,-0.022666,-0.128543,-0.172163
13.710285,0.138577,-0.051173,0.323744,0.976383,-0.022666,-0.128543,-0.172163
13.720337,0.139009,-0.051173,0.322351,0.976383,-0.022666,-0.128543,-0.172163
13.730388,0.139390,-0.051173,0.320939,0.976383,-0.022666,-0.128543,-0.172163
13.740440,0.139722,-0.051173,0.319509,0.976383,-0.022666,-0.128543,-0.172163
13.750492,0.140001,-0.051173,0.318062,0.976383,-0.022666,-0.128543,-0.172163
13.760544,0.140227,-0.051173,0.316601,0.976383,-0.022666,-0.128543,-0.172163
13.770597,0.140400,-0.051173,0.315129,0.976383,-0.022666,-0.128543,-0.172163
13.780650,0.140519,-0.051173,0.313645,0.976383,-0.022666,-0.128543,-0.172163
13.790701,0.140582,-0.051173,0.312153,0.976383,-0.022666,-0.128543,-0.172163
13.800751,0.140590,-0.051173,0.310656,0.976383,-0.022666,-0.128543,-0.172163
13.810805,0.140541,-0.051173,0.309155,0.976383,-0.022666,-0.128543,-0.172163
13.820968,0.140435,-0.051173,0.307652,0.976383,-0.022666,-0.128543,-0.172163
13.831019,0.140273,-0.051173,0.306150,0.976383,-0.022666,-0.128543,-0.172163
13.841072,0.140053,-0.051173,0.304651,0.976383,-0.022666,-0.128543,-0.172163
13.851123,0.139776,-0.051173,0.303157,0.976383,-0.022666,-0.128543,-0.172163
13.861175,0.139441,-0.051173,0.301672,0.976383,-0.022666,-0.128543,-0.172163
13.871227,0.139049,-0.051173,0.300196,0.976383,-0.022666,-0.128543,-0.172163
13.881279,0.138599,-0.051173,0.298733,0.976383,-0.022666,-0.128543,-0.172163
13.891327,0.138093,-0.051173,0.297284,0.976383,-0.022666,-0.128543,-0.172163
13.901377,0.137530,-0.051173,0.295852,0.976383,-0.022666,-0.128543,-0.172163
13.911445,0.136911,-0.051173,0.294440,0.976383,-0.022666,-0.128543,-0.172163
13.921506,0.136237,-0.051173,0.293050,0.976383,-0.022666,-0.128543,-0.172163
13.931568,0.135507,-0.051173,0.291685,0.976383,-0.022666,-0.128543,-0.172163
13.941627,0.134724,-0.051173,0.290345,0.976383,-0.022666,-0.128543,-0.172163
13.951689,0.133887,-0.051173,0.289034,0.976383,-0.022666,-0.128543,-0.172163
13.961741,0.132999,-0.051173,0.287755,0.976383,-0.022666,-0.128543,-0.172163
13.971792,0.132059,-0.051173,0.286509,0.976383,-0.022666,-0.128543,-0.172163
13.981845,0.131070,-0.051173,0.285298,0.976383,-0.022666,-0.128543,-0.172163
13.991898,0.130033,-0.051173,0.284125,0.976383,-0.022666,-0.128543,-0.172163
14.001949,0.128948,-0.051173,0.282991,0.976383,-0.022666,-0.128543,-0.172163
14.012014,0.127818,-0.051173,0.281899,0.976383,-0.022666,-0.128543,-0.172163
14.022067,0.126645,-0.051173,0.280851,0.976383,-0.022666,-0.128543,-0.172163
14.032118,0.125429,-0.051173,0.279849,0.976383,-0.022666,-0.128543,-0.172163
14.042171,0.124173,-0.051173,0.278894,0.976383,-0.022666,-0.128543,-0.172163
14.052280,0.122879,-0.051173,0.277988,0.976383,-0.022666,-0.128543,-0.172163
14.062332,0.121548,-0.051173,0.277133,0.976383,-0.022666,-0.128543,-0.172163
14.072384,0.120183,-0.051173,0.276330,0.976383,-0.022666,-0.128543,-0.172163
14.082438,0.118785,-0.051173,0.275581,0.976383,-0.022666,-0.128543,-0.172163
14.092501,0.117358,-0.051173,0.274888,0.976383,-0.022666,-0.128543,-0.172163
14.102565,0.115902,-0.051173,0.274251,0.976383,-0.022666,-0.128543,-0.172163
14.112628,0.114422,-0.051173,0.273672,0.976383,-0.022666,-0.128543,-0.172163
14.122691,0.112918,-0.051172,0.273151,0.976383,-0.022666,-0.128543,-0.172163
14.132754,0.111394,-0.051172,0.272691,0.976383,-0.022666,-0.128543,-0.172163
14.142818,0.109852,-0.051172,0.272292,0.976383,-0.022666,-0.128543,-0.172163
14.152879,0.108293,-0.051172,0.271954,0.976383,-0.022666,-0.128543,-0.172163
14.162942,0.106722,-0.051172,0.271678,0.976383,-0.022666,-0.128543,-0.172163
14.173005,0.105141,-0.051172,0.271465,0.976383,-0.022666,-0.128543,-0.172163
14.183066,0.103551,-0.051172,0.271315,0.976383,-0.022666,-0.128543,-0.172163
14.193129,0.101957,-0.051172,0.271229,0.976383,-0.022666,-0.128543,-0.172163
14.203193,0.100359,-0.051172,0.271207,0.976383,-0.022666,-0.128543,-0.172163
14.213260,0.098762,-0.051172,0.271248,0.976383,-0.022666,-0.128543,-0.172163
14.223324,0.097168,-0.051172,0.271353,0.976383,-0.022666,-0.128543,-0.172163
14.233349,0.095579,-0.051172,0.271522,0.976383,-0.022666,-0.128543,-0.172163
14.243401,0.093998,-0.051172,0.271754,0.976383,-0.022666,-0.128543,-0.172163
14.253453,0.092428,-0.051172,0.272049,0.976383,-0.022666,-0.128543,-0.172163
14.263584,0.090871,-0.051172,0.272406,0.976383,-0.022666,-0.128543,-0.172163
14.273636,0.089329,-0.051172,0.272825,0.976383,-0.022666,-0.128543,-0.172163
14.283688,0.087807,-0.051172,0.273305,0.976383,-0.022666,-0.128543,-0.172163
14.293741,0.086305,-0.051172,0.273846,0.976383,-0.022666,-0.128543,-0.172163
14.303796,0.084827,-0.051172,0.274445,0.976383,-0.022666,-0.128543,-0.172163
14.313851,0.083374,-0.051172,0.275103,0.976383,-0.022666,-0.128543,-0.172163
14.323903,0.081950,-0.051172,0.275818,0.976383,-0.022666,-0.128543,-0.172163
14.333955,0.080556,-0.051172,0.276588,0.976383,-0.022666,-0.128543,-0.172163
14.344007,0.079195,-0.051172,0.277412,0.976383,-0.022666,-0.128543,-0.172163
14.354059,0.077869,-0.051172,0.278290,0.976383,-0.022666,-0.128543,-0.172163
14.364111,0.076580,-0.051172,0.279218,0.976383,-0.022666,-0.128543,-0.172163
14.374165,0.075330,-0.051172,0.280196,0.976383,-0.022666,-0.128543,-0.172163
14.384218,0.074121,-0.051172,0.281222,0.976383,-0.022666,-0.128543,-0.172163
14.394270,0.072955,-0.051172,0.282293,0.976383,-0.022666,-0.128543,-0.172163
14.404322,0.071834,-0.051172,0.283408,0.976383,-0.022666,-0.128543,-0.172163
14.414367,0.070758,-0.051172,0.284566,0.976383,-0.022666,-0.128543,-0.172163
14.424428,0.069731,-0.051172,0.285763,0.976383,-0.022666,-0.128543,-0.172163
14.434488,0.068753,-0.051172,0.286999,0.976383,-0.022666,-0.128543,-0.172163
14.444549,0.067825,-0.051172,0.288270,0.976383,-0.022666,-0.128543,-0.172163
14.454601,0.066950,-0.051172,0.289574,0.976383,-0.022666,-0.128543,-0.172163
14.464662,0.066128,-0.051172,0.290910,0.976383,-0.022666,-0.128543,-0.172163
14.474726,0.065361,-0.051172,0.292274,0.976383,-0.022666,-0.128543,-0.172163
14.484788,0.064648,-0.051172,0.293665,0.976383,-0.022666,-0.128543,-0.172163
14.494849,0.063991,-0.051172,0.295080,0.976383,-0.022666,-0.128543,-0.172163
14.504913,0.063391,-0.051172,0.296517,0.976383,-0.022666,-0.128543,-0.172163
14.514965,0.062849,-0.051172,0.297974,0.976383,-0.022666,-0.128543,-0.172163
14.525015,0.061938,-0.051172,0.300934,0.976383,-0.022666,-0.128543,-0.172163
14.535065,0.061571,-0.051172,0.302434,0.976383,-0.022666,-0.128543,-0.172163
14.545114,0.061262,-0.051172,0.303943,0.976383,-0.022666,-0.128543,-0.172163
14.555165,0.061012,-0.051173,0.305460,0.976383,-0.022666,-0.128543,-0.172163
14.565215,0.060821,-0.051173,0.306980,0.976383,-0.022666,-0.128543,-0.172163
14.575277,0.060689,-0.051173,0.308504,0.976383,-0.022666,-0.128543,-0.172163
14.585329,0.060615,-0.051173,0.310027,0.976383,-0.022666,-0.128543,-0.172163
14.595379,0.060599,-0.051173,0.311548,0.976383,-0.022666,-0.128543,-0.172163
14.605432,0.060641,-0.051173,0.313064,0.976383,-0.022666,-0.128543,-0.172163
14.615484,0.060740,-0.051173,0.314573,0.976383,-0.022666,-0.128543,-0.172163
14.625534,0.060895,-0.051173,0.316074,0.976383,-0.022666,-0.128543,-0.172163
14.635585,0.061106,-0.051173,0.317563,0.976383,-0.022666,-0.128543,-0.172163
14.645634,0.061372,-0.051173,0.319037,0.976383,-0.022666,-0.128543,-0.172163
14.655685,0.061692,-0.051173,0.320497,0.976383,-0.022666,-0.128543,-0.172163
14.665746,0.062065,-0.051173,0.321939,0.976383,-0.022666,-0.128543,-0.172163
14.675808,0.062489,-0.051173,0.323360,0.976383,-0.022666,-0.128543,-0.172163
14.685870,0.062965,-0.051173,0.324761,0.976383,-0.022666,-0.128543,-0.172163
14.695932,0.063490,-0.051173,0.326138,0.976383,-0.022666,-0.128543,-0.172163
14.706066,0.064063,-0.051173,0.327490,0.976383,-0.022666,-0.128543,-0.172163
14.716128,0.064683,-0.051173,0.328815,0.976383,-0.022666,-0.128543,-0.172163
14.726189,0.065349,-0.051173,0.330112,0.976383,-0.022666,-0.128543,-0.172163
14.736249,0.066058,-0.051173,0.331378,0.976383,-0.022666,-0.128543,-0.172163
14.746310,0.066810,-0.051173,0.332614,0.976383,-0.022666,-0.128543,-0.172163
14.756370,0.067603,-0.051173,0.333816,0.976383,-0.022666,-0.128543,-0.172163
14.766431,0.068434,-0.051173,0.334984,0.976383,-0.022666,-0.128543,-0.172163
14.776491,0.069304,-0.051173,0.336117,0.976383,-0.022666,-0.128543,-0.172163
14.786554,0.070209,-0.051173,0.337213,0.976383,-0.022666,-0.128543,-0.172163
14.796605,0.071148,-0.051173,0.338272,0.976383,-0.022666,-0.128543,-0.172163
14.806656,0.072120,-0.051173,0.339293,0.976383,-0.022666,-0.128543,-0.172163
14.816706,0.073122,-0.051173,0.340274,0.976383,-0.022666,-0.128543,-0.172163
14.826756,0.074153,-0.051173,0.341215,0.976383,-0.022666,-0.128543,-0.172163
14.836805,0.075211,-0.051173,0.342115,0.976383,-0.022666,-0.128543,-0.172163
14.846858,0.076295,-0.051173,0.342974,0.976383,-0.022666,-0.128543,-0.172163
14.856910,0.077401,-0.051173,0.343790,0.976383,-0.022666,-0.128543,-0.172163
14.866962,0.078529,-0.051173,0.344564,0.976383,-0.022666,-0.128543,-0.172163
14.877015,0.079676,-0.051173,0.345296,0.976383,-0.022666,-0.128543,-0.172163
14.887078,0.080842,-0.051173,0.345984,0.976383,-0.022666,-0.128543,-0.172163
14.897139,0.082024,-0.051173,0.346629,0.976383,-0.022666,-0.128543,-0.172163
14.907201,0.083220,-0.051173,0.347231,0.976383,-0.022666,-0.128543,-0.172163
14.917260,0.084428,-0.051173,0.347789,0.976383,-0.022666,-0.128543,-0.172163
14.927322,0.085648,-0.051173,0.348304,0.976383,-0.022666,-0.128543,-0.172163
14.937434,0.086876,-0.051173,0.348776,0.976383,-0.022666,-0.128543,-0.172163
14.947495,0.088112,-0.051173,0.349204,0.976383,-0.022666,-0.128543,-0.172163
14.957555,0.089353,-0.051173,0.349590,0.976383,-0.022666,-0.128543,-0.172163
14.967616,0.090598,-0.051173,0.349932,0.976383,-0.022666,-0.128543,-0.172163
14.977676,0.091846,-0.051173,0.350233,0.976383,-0.022666,-0.128543,-0.172163
14.987739,0.093094,-0.051173,0.350492,0.976383,-0.022666,-0.128543,-0.172163
14.997803,0.094343,-0.051173,0.350710,0.976383,-0.022666,-0.128543,-0.172163
15.007864,0.095588,-0.051173,0.350887,0.976383,-0.022666,-0.128543,-0.172163
15.017925,0.096830,-0.051173,0.351024,0.976383,-0.022666,-0.128543,-0.172163
15.027985,0.098067,-0.051173,0.351122,0.976383,-0.022666,-0.128543,-0.172163
15.038048,0.099297,-0.051173,0.351181,0.976383,-0.022666,-0.128543,-0.172163
15.048112,0.100520,-0.051173,0.351202,0.976383,-0.022666,-0.128543,-0.172163
15.058172,0.101734,-0.051173,0.351186,0.976383,-0.022666,-0.128543,-0.172163
15.068231,0.102938,-0.051173,0.351133,0.976383,-0.022666,-0.128543,-0.172163
15.078290,0.104130,-0.051173,0.351046,0.976383,-0.022666,-0.128543,-0.172163
15.088351,0.105311,-0.051173,0.350923,0.976383,-0.022666,-0.128543,-0.172163
15.098412,0.106477,-0.051173,0.350767,0.976383,-0.022666,-0.128543,-0.172163
15.108473,0.107629,-0.051173,0.350579,0.976383,-0.022666,-0.128543,-0.172163
15.118535,0.108765,-0.051173,0.350359,0.976383,-0.022666,-0.128543,-0.172163
15.128594,0.109886,-0.051173,0.350108,0.976383,-0.022666,-0.128543,-0.172163
15.138657,0.110989,-0.051173,0.349828,0.976383,-0.022666,-0.128543,-0.172163
15.148714,0.112074,-0.051173,0.349520,0.976383,-0.022666,-0.128543,-0.172163
15.158777,0.113141,-0.051173,0.349184,0.976383,-0.022666,-0.128543,-0.172163
15.168841,0.114188,-0.051173,0.348822,0.976383,-0.022666,-0.128543,-0.172163
15.178901,0.115216,-0.051173,0.348434,0.976383,-0.022666,-0.128543,-0.172163
15.188961,0.116223,-0.051173,0.348023,0.976383,-0.022666,-0.128543,-0.172163
15.199022,0.117209,-0.051173,0.347589,0.976383,-0.022666,-0.128543,-0.172163
15.209082,0.118173,-0.051173,0.347133,0.976383,-0.022666,-0.128543,-0.172163
15.219142,0.119116,-0.051173,0.346656,0.976383,-0.022666,-0.128543,-0.172163
15.229205,0.120036,-0.051173,0.346160,0.976383,-0.022666,-0.128543,-0.172163
15.239265,0.120934,-0.051173,0.345645,0.976383,-0.022666,-0.128543,-0.172163
15.249326,0.121809,-0.051173,0.345113,0.976383,-0.022666,-0.128543,-0.172163
15.259386,0.122661,-0.051173,0.344565,0.976383,-0.022666,-0.128543,-0.172163
15.269449,0.123490,-0.051173,0.344002,0.976383,-0.022666,-0.128543,-0.172163
15.279509,0.124296,-0.051173,0.343424,0.976383,-0.022666,-0.128543,-0.172163
15.289571,0.125078,-0.051173,0.342834,0.976383,-0.022666,-0.128543,-0.172163
15.299630,0.125837,-0.051173,0.342232,0.976383,-0.022666,-0.128543,-0.172163
15.309694,0.126572,-0.051173,0.341619,0.976383,-0.022666,-0.128543,-0.172163
15.319756,0.127284,-0.051173,0.340996,0.976383,-0.022666,-0.128543,-0.172163
15.329818,0.127973,-0.051173,0.340364,0.976383,-0.022666,-0.128543,-0.172163
15.339880,0.128639,-0.051173,0.339725,0.976383,-0.022666,-0.128543,-0.172163
15.349940,0.129281,-0.051173,0.339079,0.976383,-0.022666,-0.128543,-0.172163
15.360010,0.129900,-0.051173,0.338427,0.976383,-0.022666,-0.128543,-0.172163
15.370070,0.130497,-0.051173,0.337770,0.976383,-0.022666,-0.128543,-0.172163
15.380132,0.131071,-0.051173,0.337109,0.976383,-0.022666,-0.128543,-0.172163
15.390193,0.131624,-0.051173,0.336445,0.976383,-0.022666,-0.128543,-0.172163
15.400254,0.132154,-0.051173,0.335779,0.976383,-0.022666,-0.128543,-0.172163
15.410315,0.132663,-0.051173,0.335112,0.976383,-0.022666,-0.128543,-0.172163
15.420376,0.133150,-0.051173,0.334444,0.976383,-0.022666,-0.128543,-0.172163
15.430435,0.133617,-0.051173,0.333775,0.976383,-0.022666,-0.128543,-0.172163
15.440498,0.134063,-0.051173,0.333109,0.976383,-0.022666,-0.128543,-0.172163
15.450548,0.134489,-0.051173,0.332444,0.976383,-0.022666,-0.128543,-0.172163
15.460597,0.134895,-0.051173,0.331781,0.976383,-0.022666,-0.128543,-0.172163
15.470647,0.135282,-0.051173,0.331122,0.976383,-0.022666,-0.128543,-0.172163
15.480698,0.135651,-0.051173,0.330466,0.976383,-0.022666,-0.128543,-0.172163
15.490756,0.136000,-0.051173,0.329815,0.976383,-0.022666,-0.128543,-0.172163
15.500819,0.136333,-0.051173,0.329169,0.976383,-0.022666,-0.128543,-0.172163
15.510881,0.136647,-0.051173,0.328529,0.976383,-0.022666,-0.128543,-0.172163
15.520933,0.136945,-0.051173,0.327896,0.976383,-0.022666,-0.128543,-0.172163
15.530983,0.137227,-0.051173,0.327268,0.976383,-0.022666,-0.128543,-0.172163
15.541044,0.137492,-0.051173,0.326649,0.976383,-0.022666,-0.128543,-0.172163
15.551108,0.137742,-0.051173,0.326038,0.976383,-0.022666,-0.128543,-0.172163
15.561173,0.137978,-0.051173,0.325434,0.976383,-0.022666,-0.128543,-0.172163
15.571226,0.138199,-0.051173,0.324839,0.976383,-0.022666,-0.128543,-0.172163
15.581278,0.138406,-0.051173,0.324254,0.976383,-0.022666,-0.128543,-0.172163
15.591331,0.138599,-0.051173,0.323679,0.976383,-0.022666,-0.128543,-0.172163
15.601382,0.138780,-0.051173,0.323113,0.976383,-0.022666,-0.128543,-0.172163
15.611443,0.138949,-0.051173,0.322558,0.976383,-0.022666,-0.128543,-0.172163
15.621503,0.139106,-0.051173,0.322014,0.976383,-0.022666,-0.128543,-0.172163
15.631566,0.139252,-0.051173,0.321480,0.976383,-0.022666,-0.128543,-0.172163
15.641629,0.139387,-0.051173,0.320958,0.976383,-0.022666,-0.128543,-0.172163
15.651689,0.139512,-0.051173,0.320448,0.976383,-0.022666,-0.128543,-0.172163
15.661751,0.139627,-0.051173,0.319950,0.976383,-0.022666,-0.128543,-0.172163
15.671811,0.139732,-0.051173,0.319464,0.976383,-0.022666,-0.128543,-0.172163
15.681872,0.139829,-0.051173,0.318991,0.976383,-0.022666,-0.128543,-0.172163
15.691925,0.139918,-0.051173,0.318531,0.976383,-0.022666,-0.128543,-0.172163
15.701974,0.139999,-0.051173,0.318083,0.976383,-0.022666,-0.128543,-0.172163
15.712024,0.140072,-0.051173,0.317648,0.976383,-0.022666,-0.128543,-0.172163
15.722073,0.140139,-0.051173,0.317227,0.976383,-0.022666,-0.128543,-0.172163
15.732133,0.140199,-0.051173,0.316819,0.976383,-0.022666,-0.128543,-0.172163
15.742197,0.140252,-0.051173,0.316425,0.976383,-0.022666,-0.128543,-0.172163
15.752261,0.140301,-0.051173,0.316045,0.976383,-0.022666,-0.128543,-0.172163
15.762321,0.140344,-0.051173,0.315679,0.976383,-0.022666,-0.128543,-0.172163
15.772383,0.140382,-0.051173,0.315326,0.976383,-0.022666,-0.128543,-0.172163
15.782442,0.140415,-0.051173,0.314988,0.976383,-0.022666,-0.128543,-0.172163
15.792505,0.140445,-0.051173,0.314665,0.976383,-0.022666,-0.128543,-0.172163
15.802560,0.140470,-0.051173,0.314355,0.976383,-0.022666,-0.128543,-0.172163
15.812610,0.140493,-0.051173,0.314061,0.976383,-0.022666,-0.128543,-0.172163
15.822757,0.140512,-0.051173,0.313781,0.976383,-0.022666,-0.128543,-0.172163
15.832819,0.140528,-0.051173,0.313515,0.976383,-0.022666,-0.128543,-0.172163
15.842878,0.140542,-0.051173,0.313264,0.976383,-0.022666,-0.128543,-0.172163
15.852940,0.140553,-0.051173,0.313028,0.976383,-0.022666,-0.128543,-0.172163
15.863001,0.140563,-0.051173,0.312808,0.976383,-0.022666,-0.128543,-0.172163
15.873064,0.140571,-0.051173,0.312601,0.976383,-0.022666,-0.128543,-0.172163
15.883123,0.140577,-0.051173,0.312410,0.976383,-0.022666,-0.128543,-0.172163
15.893185,0.140582,-0.051173,0.312234,0.976383,-0.022666,-0.128543,-0.172163
15.903246,0.140586,-0.051173,0.312073,0.976383,-0.022666,-0.128543,-0.172163
15.913307,0.140588,-0.051173,0.311927,0.976383,-0.022666,-0.128543,-0.172163
15.923370,0.140591,-0.051173,0.311797,0.976383,-0.022666,-0.128543,-0.172163
15.933431,0.140592,-0.051173,0.311681,0.976383,-0.022666,-0.128543,-0.172163
15.943492,0.140593,-0.051173,0.311581,0.976383,-0.022666,-0.128543,-0.172163
15.953552,0.140594,-0.051173,0.311497,0.976383,-0.022666,-0.128543,-0.172163
15.963614,0.140594,-0.051173,0.311427,0.976383,-0.022666,-0.128543,-0.172163
15.973671,0.140595,-0.051173,0.311373,0.976383,-0.022666,-0.128543,-0.172163
15.983735,0.140595,-0.051173,0.311334,0.976383,-0.022666,-0.128543,-0.172163
15.993796,0.140595,-0.051173,0.311311,0.976383,-0.022666,-0.128543,-0.172163
