t,px,py,pz,qw,qx,qy,qz
0.000000,0.142151,-0.050174,0.297445,0.980392,-0.018308,-0.093751,-0.172359
0.010062,0.142151,-0.050174,0.297445,0.980392,-0.018308,-0.093751,-0.172359
0.020124,0.142086,-0.050151,0.297495,0.980374,-0.018339,-0.093938,-0.172356
0.030223,0.142151,-0.050174,0.297445,0.980392,-0.018308,-0.093751,-0.172359
0.040282,0.142151,-0.050174,0.297445,0.980392,-0.018308,-0.093751,-0.172359
0.050343,0.142151,-0.050174,0.297445,0.980392,-0.018308,-0.093751,-0.172359
0.060398,0.142161,-0.050178,0.297312,0.980410,-0.018277,-0.093563,-0.172361
0.070459,0.142161,-0.050178,0.297312,0.980410,-0.018277,-0.093563,-0.172361
0.080522,0.142161,-0.050178,0.297312,0.980410,-0.018277,-0.093563,-0.172361
0.090582,0.142161,-0.050178,0.297312,0.980410,-0.018277,-0.093563,-0.172361
0.100643,0.142151,-0.050174,0.297445,0.980392,-0.018308,-0.093751,-0.172359
0.110704,0.142161,-0.050178,0.297312,0.980410,-0.018277,-0.093563,-0.172361
0.120767,0.142161,-0.050178,0.297312,0.980410,-0.018277,-0.093563,-0.172361
0.130829,0.142151,-0.050174,0.297445,0.980392,-0.018308,-0.093751,-0.172359
0.140888,0.142151,-0.050174,0.297445,0.980392,-0.018308,-0.093751,-0.172359
0.150942,0.142151,-0.050174,0.297445,0.980392,-0.018308,-0.093751,-0.172359
0.161001,0.142151,-0.050174,0.297445,0.980392,-0.018308,-0.093751,-0.172359
0.171064,0.142151,-0.050174,0.297445,0.980392,-0.018308,-0.093751,-0.172359
0.181123,0.142151,-0.050174,0.297445,0.980392,-0.018308,-0.093751,-0.172359
0.191185,0.142151,-0.050174,0.297445,0.980392,-0.018308,-0.093751,-0.172359
0.201248,0.142161,-0.050178,0.297312,0.980410,-0.018277,-0.093563,-0.172361
0.211310,0.142151,-0.050174,0.297445,0.980392,-0.018308,-0.093751,-0.172359
0.221367,0.142151,-0.050174,0.297445,0.980392,-0.018308,-0.093751,-0.172359
0.231428,0.142161,-0.050178,0.297312,0.980410,-0.018277,-0.093563,-0.172361
0.241582,0.142161,-0.050178,0.297312,0.980410,-0.018277,-0.093563,-0.172361
0.251643,0.142151,-0.050174,0.297445,0.980392,-0.018308,-0.093751,-0.172359
0.261702,0.142151,-0.050174,0.297445,0.980392,-0.018308,-0.093751,-0.172359
0.271763,0.142161,-0.050178,0.297312,0.980410,-0.018277,-0.093563,-0.172361
0.281820,0.142161,-0.050178,0.297312,0.980410,-0.018277,-0.093563,-0.172361
0.291882,0.142151,-0.050174,0.297445,0.980392,-0.018308,-0.093751,-0.172359
0.301944,0.142161,-0.050178,0.297312,0.980410,-0.018277,-0.093563,-0.172361
0.312004,0.142161,-0.050178,0.297312,0.980410,-0.018277,-0.093563,-0.172361
0.322064,0.142151,-0.050174,0.297445,0.980392,-0.018308,-0.093751,-0.172359
0.332126,0.142151,-0.050174,0.297445,0.980392,-0.018308,-0.093751,-0.172359
0.342179,0.142151,-0.050174,0.297445,0.980392,-0.018308,-0.093751,-0.172359
0.352240,0.142151,-0.050174,0.297445,0.980392,-0.018308,-0.093751,-0.172359
0.362303,0.142151,-0.050174,0.297445,0.980392,-0.018308,-0.093751,-0.172359
0.372363,0.142151,-0.050174,0.297445,0.980392,-0.018308,-0.093751,-0.172359
0.382424,0.142151,-0.050174,0.297445,0.980392,-0.018308,-0.093751,-0.172359
0.392485,0.142161,-0.050178,0.297312,0.980410,-0.018277,-0.093563,-0.172361
0.402546,0.142151,-0.050174,0.297445,0.980392,-0.018308,-0.093751,-0.172359
0.412604,0.142151,-0.050174,0.297445,0.980392,-0.018308,-0.093751,-0.172359
0.422667,0.142151,-0.050174,0.297445,0.980392,-0.018308,-0.093751,-0.172359
0.432727,0.142151,-0.050174,0.297445,0.980392,-0.018308,-0.093751,-0.172359
0.442789,0.142151,-0.050174,0.297445,0.980392,-0.018308,-0.093751,-0.172359
0.452876,0.142151,-0.050174,0.297445,0.980392,-0.018308,-0.093751,-0.172359
0.462936,0.142151,-0.050174,0.297445,0.980392,-0.018308,-0.093751,-0.172359
0.472997,0.142151,-0.050174,0.297445,0.980392,-0.018308,-0.093751,-0.172359
0.483059,0.142151,-0.050174,0.297445,0.980392,-0.018308,-0.093751,-0.172359
0.493121,0.142151,-0.050174,0.297445,0.980392,-0.018308,-0.093751,-0.172359
0.503184,0.142151,-0.050174,0.297445,0.980392,-0.018308,-0.093751,-0.172359
0.513245,0.142151,-0.050174,0.297445,0.980392,-0.018308,-0.093751,-0.172359
0.523308,0.142151,-0.050174,0.297445,0.980392,-0.018308,-0.093751,-0.172359
0.533372,0.142151,-0.050174,0.297445,0.980392,-0.018308,-0.093751,-0.172359
0.543432,0.142151,-0.050174,0.297445,0.980392,-0.018308,-0.093751,-0.172359
0.553483,0.142151,-0.050174,0.297445,0.980392,-0.018308,-0.093751,-0.172359
0.563544,0.142151,-0.050174,0.297445,0.980392,-0.018308,-0.093751,-0.172359
0.573605,0.142151,-0.050174,0.297445,0.980392,-0.018308,-0.093751,-0.172359
0.583665,0.142151,-0.050174,0.297445,0.980392,-0.018308,-0.093751,-0.172359
0.593729,0.142151,-0.050174,0.297445,0.980392,-0.018308,-0.093751,-0.172359
0.603791,0.142151,-0.050174,0.297445,0.980392,-0.018308,-0.093751,-0.172359
0.613850,0.142151,-0.050174,0.297445,0.980392,-0.018308,-0.093751,-0.172359
0.623914,0.142151,-0.050174,0.297445,0.980392,-0.018308,-0.093751,-0.172359
0.633973,0.142151,-0.050174,0.297445,0.980392,-0.018308,-0.093751,-0.172359
0.644034,0.142151,-0.050174,0.297445,0.980392,-0.018308,-0.093751,-0.172359
0.654095,0.142151,-0.050174,0.297445,0.980392,-0.018308,-0.093751,-0.172359
0.664154,0.142151,-0.050174,0.297445,0.980392,-0.018308,-0.093751,-0.172359
0.674215,0.142151,-0.050174,0.297445,0.980392,-0.018308,-0.093751,-0.172359
0.684279,0.142151,-0.050174,0.297445,0.980392,-0.018308,-0.093751,-0.172359
0.694339,0.142151,-0.050174,0.297445,0.980392,-0.018308,-0.093751,-0.172359
0.704402,0.142151,-0.050174,0.297445,0.980392,-0.018308,-0.093751,-0.172359
0.714465,0.142151,-0.050174,0.297445,0.980392,-0.018308,-0.093751,-0.172359
0.724525,0.142151,-0.050174,0.297445,0.980392,-0.018308,-0.093751,-0.172359
0.734588,0.142151,-0.050174,0.297445,0.980392,-0.018308,-0.093751,-0.172359
0.744652,0.142151,-0.050174,0.297445,0.980392,-0.018308,-0.093751,-0.172359
0.754710,0.142151,-0.050174,0.297445,0.980392,-0.018308,-0.093751,-0.172359
0.764774,0.142151,-0.050174,0.297445,0.980392,-0.018308,-0.093751,-0.172359
0.774834,0.142151,-0.050174,0.297445,0.980392,-0.018308,-0.093751,-0.172359
0.784898,0.142151,-0.050174,0.297445,0.980392,-0.018308,-0.093751,-0.172359
0.794962,0.142151,-0.050174,0.297445,0.980392,-0.018308,-0.093751,-0.172359
0.805027,0.142151,-0.050174,0.297445,0.980392,-0.018308,-0.093751,-0.172359
0.815086,0.142151,-0.050174,0.297445,0.980392,-0.018308,-0.093751,-0.172359
0.825149,0.142151,-0.050174,0.297445,0.980392,-0.018308,-0.093751,-0.172359
0.835206,0.142151,-0.050174,0.297445,0.980392,-0.018308,-0.093751,-0.172359
0.845269,0.142151,-0.050174,0.297445,0.980392,-0.018308,-0.093751,-0.172359
0.855328,0.142151,-0.050174,0.297445,0.980392,-0.018308,-0.093751,-0.172359
0.865393,0.142151,-0.050174,0.297445,0.980392,-0.018308,-0.093751,-0.172359
0.875452,0.142151,-0.050174,0.297445,0.980392,-0.018308,-0.093751,-0.172359
0.885516,0.142151,-0.050174,0.297445,0.980392,-0.018308,-0.093751,-0.172359
0.895583,0.142140,-0.050170,0.297578,0.980374,-0.018339,-0.093938,-0.172356
0.905634,0.142140,-0.050170,0.297578,0.980374,-0.018339,-0.093938,-0.172356
0.915684,0.142140,-0.050170,0.297578,0.980374,-0.018339,-0.093938,-0.172356
0.925746,0.142130,-0.050167,0.297710,0.980356,-0.018370,-0.094125,-0.172353
0.935805,0.142130,-0.050167,0.297710,0.980356,-0.018370,-0.094125,-0.172353
0.945867,0.142119,-0.050163,0.297843,0.980338,-0.018401,-0.094313,-0.172351
0.955920,0.142119,-0.050163,0.297843,0.980338,-0.018401,-0.094313,-0.172351
0.965982,0.142119,-0.050163,0.297843,0.980338,-0.018401,-0.094313,-0.172351
0.976046,0.142119,-0.050163,0.297843,0.980338,-0.018401,-0.094313,-0.172351
0.986110,0.142119,-0.050163,0.297843,0.980338,-0.018401,-0.094313,-0.172351
0.996172,0.142044,-0.050136,0.298025,0.980301,-0.018463,-0.094687,-0.172345
1.006234,0.142044,-0.050136,0.298025,0.980301,-0.018463,-0.094687,-0.172345
1.016293,0.142044,-0.050136,0.298025,0.980301,-0.018463,-0.094687,-0.172345
1.026356,0.142044,-0.050136,0.298025,0.980301,-0.018463,-0.094687,-0.172345
1.036415,0.142108,-0.050159,0.297976,0.980319,-0.018432,-0.094500,-0.172348
1.046477,0.142089,-0.050213,0.297976,0.980287,-0.018450,-0.094497,-0.172535
1.056540,0.142108,-0.050159,0.297976,0.980319,-0.018432,-0.094500,-0.172348
1.066602,0.142108,-0.050159,0.297976,0.980319,-0.018432,-0.094500,-0.172348
1.076665,0.142089,-0.050213,0.297976,0.980287,-0.018450,-0.094497,-0.172535
1.086728,0.142079,-0.050210,0.298108,0.980268,-0.018481,-0.094684,-0.172532
1.096788,0.142098,-0.050156,0.298108,0.980301,-0.018463,-0.094687,-0.172345
1.106863,0.142068,-0.050206,0.298241,0.980250,-0.018512,-0.094871,-0.172530
1.116922,0.142057,-0.050202,0.298374,0.980232,-0.018543,-0.095058,-0.172527
1.126984,0.142046,-0.050198,0.298506,0.980214,-0.018574,-0.095246,-0.172524
1.137047,0.142024,-0.050191,0.298771,0.980177,-0.018636,-0.095620,-0.172519
1.147109,0.142024,-0.050191,0.298771,0.980177,-0.018636,-0.095620,-0.172519
1.157170,0.142003,-0.050183,0.299037,0.980140,-0.018698,-0.095995,-0.172514
1.167234,0.141987,-0.050178,0.299265,0.980122,-0.018729,-0.096182,-0.172511
1.177294,0.141954,-0.050166,0.299663,0.980066,-0.018822,-0.096744,-0.172503
1.187358,0.141931,-0.050158,0.299928,0.980029,-0.018884,-0.097118,-0.172497
1.197422,0.141885,-0.050142,0.300458,0.979954,-0.019008,-0.097867,-0.172486
1.207473,0.141850,-0.050129,0.300856,0.979897,-0.019101,-0.098429,-0.172478
1.217523,0.141815,-0.050117,0.301254,0.979840,-0.019194,-0.098991,-0.172469
1.227583,0.141791,-0.050109,0.301519,0.979802,-0.019255,-0.099365,-0.172464
1.237642,0.141743,-0.050092,0.302049,0.979725,-0.019379,-0.100114,-0.172452
1.247702,0.141640,-0.050056,0.302496,0.979648,-0.019503,-0.100863,-0.172441
1.257766,0.141591,-0.050038,0.303026,0.979570,-0.019627,-0.101612,-0.172429
1.267827,0.141565,-0.050029,0.303291,0.979531,-0.019689,-0.101986,-0.172424
1.277886,0.141515,-0.050011,0.303820,0.979452,-0.019813,-0.102735,-0.172412
1.287948,0.141489,-0.050002,0.304085,0.979413,-0.019875,-0.103109,-0.172406
1.298007,0.141405,-0.050033,0.304747,0.979281,-0.020049,-0.104041,-0.172578
1.308067,0.141365,-0.050019,0.305144,0.979220,-0.020142,-0.104602,-0.172569
1.318149,0.141325,-0.050005,0.305542,0.979160,-0.020235,-0.105163,-0.172560
1.328211,0.141353,-0.050015,0.305889,0.979120,-0.020297,-0.105537,-0.172554
1.338272,0.141258,-0.049982,0.306203,0.979059,-0.020390,-0.106099,-0.172545
1.348332,0.141217,-0.049967,0.306600,0.978997,-0.020483,-0.106660,-0.172536
1.358394,0.141189,-0.049957,0.306865,0.978956,-0.020545,-0.107034,-0.172529
1.368455,0.141133,-0.049938,0.307394,0.978874,-0.020669,-0.107782,-0.172517
1.378516,0.141105,-0.049928,0.307659,0.978832,-0.020731,-0.108156,-0.172511
1.388581,0.141043,-0.049966,0.308055,0.978737,-0.020845,-0.108713,-0.172688
1.398641,0.141014,-0.049956,0.308320,0.978695,-0.020907,-0.109087,-0.172682
1.408702,0.140937,-0.049990,0.308849,0.978578,-0.021052,-0.109831,-0.172856
1.418762,0.140908,-0.049979,0.309113,0.978536,-0.021114,-0.110205,-0.172849
1.428824,0.140850,-0.049959,0.309702,0.978472,-0.021207,-0.110766,-0.172840
1.438883,0.140828,-0.049951,0.309930,0.978451,-0.021238,-0.110953,-0.172837
1.448947,0.140763,-0.049989,0.310326,0.978354,-0.021352,-0.111510,-0.173013
1.459006,0.140748,-0.049983,0.310458,0.978332,-0.021383,-0.111697,-0.173010
1.469069,0.140699,-0.050026,0.310723,0.978256,-0.021467,-0.112067,-0.173190
1.479132,0.140595,-0.050050,0.310904,0.978180,-0.021550,-0.112436,-0.173370
1.489194,0.140545,-0.050093,0.311168,0.978104,-0.021634,-0.112806,-0.173550
1.499257,0.140514,-0.050082,0.311433,0.978060,-0.021696,-0.113180,-0.173544
1.509316,0.140445,-0.050178,0.311697,0.977951,-0.021802,-0.113545,-0.173910
1.519377,0.140410,-0.050226,0.311829,0.977896,-0.021855,-0.113728,-0.174093
1.529446,0.140337,-0.050381,0.312021,0.977796,-0.021920,-0.113716,-0.174653
1.539509,0.140283,-0.050483,0.312212,0.977729,-0.021963,-0.113707,-0.175026
1.549568,0.140248,-0.050530,0.312404,0.977696,-0.021985,-0.113703,-0.175212
1.559631,0.140186,-0.050629,0.312692,0.977629,-0.022029,-0.113695,-0.175585
1.569695,0.140154,-0.050617,0.313015,0.977607,-0.022060,-0.113881,-0.175582
1.579750,0.140086,-0.050653,0.313471,0.977530,-0.022145,-0.114251,-0.175762
1.589812,0.140078,-0.050651,0.313627,0.977552,-0.022113,-0.114064,-0.175765
1.599874,0.140061,-0.050644,0.313878,0.977573,-0.022082,-0.113877,-0.175768
1.609938,0.140036,-0.050635,0.314165,0.977573,-0.022082,-0.113877,-0.175768
1.619997,0.140019,-0.050629,0.314416,0.977595,-0.022050,-0.113690,-0.175772
1.630059,0.139990,-0.050679,0.314572,0.977584,-0.022040,-0.113499,-0.175962
1.640121,0.139964,-0.050670,0.314859,0.977584,-0.022040,-0.113499,-0.175962
1.650182,0.139972,-0.050673,0.314883,0.977627,-0.021977,-0.113126,-0.175968
1.660246,0.139882,-0.050640,0.315183,0.977627,-0.021977,-0.113126,-0.175968
1.670307,0.139881,-0.050640,0.315302,0.977670,-0.021914,-0.112752,-0.175975
1.680361,0.139836,-0.050624,0.315721,0.977649,-0.021945,-0.112939,-0.175972
1.690417,0.139807,-0.050674,0.315876,0.977637,-0.021935,-0.112748,-0.176162
1.700479,0.139786,-0.050666,0.316187,0.977680,-0.021872,-0.112374,-0.176168
1.710539,0.139764,-0.050718,0.316306,0.977690,-0.021830,-0.111997,-0.176361
1.720593,0.139727,-0.050756,0.316557,0.977711,-0.021841,-0.111802,-0.176365
1.730653,0.139708,-0.050749,0.316748,0.977711,-0.021841,-0.111802,-0.176365
1.740751,0.139579,-0.050763,0.317180,0.977656,-0.021894,-0.111985,-0.176548
1.750804,0.139548,-0.050812,0.317335,0.977644,-0.021884,-0.111794,-0.176738
1.760855,0.139507,-0.050857,0.317586,0.977631,-0.021873,-0.111603,-0.176928
1.770908,0.139464,-0.050962,0.317705,0.977607,-0.021852,-0.111221,-0.177307
1.780959,0.139417,-0.051005,0.317932,0.977551,-0.021905,-0.111404,-0.177490
1.791011,0.139357,-0.051155,0.318051,0.977526,-0.021926,-0.111015,-0.177870
1.801064,0.139326,-0.051203,0.318206,0.977514,-0.021915,-0.110824,-0.178060
1.811116,0.139255,-0.051238,0.318684,0.977480,-0.021936,-0.110819,-0.178246
1.821168,0.139140,-0.051256,0.318983,0.977446,-0.021957,-0.110815,-0.178432
1.831219,0.139131,-0.051313,0.319029,0.977496,-0.021849,-0.110064,-0.178632
1.841271,0.139095,-0.051360,0.319244,0.977504,-0.021806,-0.109686,-0.178825
1.851322,0.139067,-0.051410,0.319421,0.977533,-0.021729,-0.109122,-0.179022
1.861349,0.138961,-0.051431,0.319625,0.977499,-0.021750,-0.109118,-0.179208
1.871400,0.138850,-0.051482,0.319852,0.977575,-0.021790,-0.108727,-0.179028
1.881453,0.138801,-0.051536,0.320102,0.977697,-0.021903,-0.108516,-0.178472
1.891506,0.138673,-0.051605,0.320365,0.978022,-0.022224,-0.108271,-0.176796
1.901572,0.138641,-0.051669,0.320483,0.978331,-0.022447,-0.107850,-0.175310
1.911632,0.138622,-0.051709,0.320624,0.978778,-0.022661,-0.107045,-0.173269
1.921694,0.138590,-0.051769,0.320743,0.978917,-0.022735,-0.106647,-0.172715
1.931754,0.138533,-0.051849,0.321015,0.978979,-0.022712,-0.106073,-0.172724
1.941817,0.138506,-0.051861,0.321229,0.979118,-0.022744,-0.105682,-0.172170
1.951876,0.138520,-0.051819,0.321311,0.979342,-0.022740,-0.105107,-0.171245
1.961936,0.138417,-0.051773,0.321668,0.979557,-0.022866,-0.104893,-0.170127
1.971997,0.138332,-0.051772,0.321798,0.979662,-0.022875,-0.104506,-0.169759
1.982058,0.138172,-0.051794,0.321905,0.979786,-0.022887,-0.103925,-0.169394
1.992119,0.138015,-0.051775,0.322024,0.979818,-0.022947,-0.103914,-0.169207
2.002182,0.137781,-0.051769,0.322179,0.979923,-0.022994,-0.103520,-0.168839
2.012241,0.137548,-0.051692,0.322442,0.980030,-0.023150,-0.103685,-0.168089
2.022301,0.137226,-0.051692,0.322644,0.980146,-0.023292,-0.103465,-0.167531
2.032365,0.136957,-0.051630,0.322655,0.980198,-0.023315,-0.103268,-0.167347
2.042426,0.136499,-0.051633,0.322784,0.980168,-0.021281,-0.103420,-0.167694
2.052489,0.136264,-0.051662,0.322842,0.980144,-0.021246,-0.103040,-0.168074
2.062549,0.136016,-0.051786,0.322790,0.980178,-0.021177,-0.102087,-0.168464
2.072612,0.135854,-0.051842,0.322799,0.980204,-0.019608,-0.101778,-0.168693
2.082671,0.135384,-0.051898,0.323272,0.980055,-0.019723,-0.101949,-0.169437
2.092733,0.135119,-0.051913,0.323496,0.979991,-0.019762,-0.101941,-0.169811
2.102792,0.134572,-0.051877,0.324147,0.979835,-0.019934,-0.102488,-0.170361
2.112855,0.134136,-0.051893,0.324465,0.979665,-0.020049,-0.102852,-0.171101
2.122918,0.133425,-0.051849,0.325148,0.979416,-0.020355,-0.103952,-0.171827
2.132978,0.133216,-0.051884,0.325396,0.979330,-0.020433,-0.104130,-0.172197
2.143039,0.133085,-0.051998,0.325487,0.979324,-0.020398,-0.103557,-0.172581
2.153099,0.132882,-0.052035,0.325697,0.979258,-0.020437,-0.103549,-0.172955
2.163162,0.132726,-0.052080,0.326028,0.979205,-0.020535,-0.103723,-0.173138
2.173222,0.132335,-0.052090,0.326463,0.979080,-0.020729,-0.104264,-0.173501
2.183274,0.131946,-0.052159,0.326766,0.978982,-0.018852,-0.104980,-0.173833
2.193334,0.131443,-0.052180,0.327340,0.978803,-0.019107,-0.105703,-0.174377
2.203396,0.130970,-0.052144,0.327855,0.978669,-0.019403,-0.106611,-0.174543
2.213455,0.130082,-0.051910,0.328882,0.978532,-0.019958,-0.108430,-0.174128
2.223516,0.129800,-0.051930,0.329099,0.978565,-0.020102,-0.108399,-0.173941
2.233577,0.129687,-0.052075,0.329368,0.978627,-0.020147,-0.107808,-0.173954
2.243639,0.129567,-0.052122,0.329493,0.978669,-0.020149,-0.107419,-0.173962
2.253698,0.129331,-0.052140,0.329853,0.978623,-0.020150,-0.107226,-0.174340
2.263760,0.129029,-0.052131,0.330200,0.978536,-0.020231,-0.107404,-0.174709
2.273823,0.128474,-0.052065,0.330740,0.978408,-0.020433,-0.107943,-0.175070
2.283876,0.128035,-0.052026,0.331045,0.978367,-0.020637,-0.108287,-0.175061
2.293937,0.127233,-0.051900,0.331717,0.978344,-0.021150,-0.109337,-0.174476
2.303997,0.126752,-0.051878,0.332149,0.978315,-0.021460,-0.109850,-0.174277
2.314059,0.126394,-0.051972,0.332514,0.978315,-0.021047,-0.109724,-0.174405
2.324117,0.126299,-0.052102,0.332687,0.978278,-0.020984,-0.109157,-0.174978
2.334178,0.126115,-0.052297,0.332795,0.978247,-0.020899,-0.108207,-0.175746
2.344237,0.125914,-0.052305,0.332963,0.978268,-0.020939,-0.108004,-0.175751
2.354313,0.125405,-0.052256,0.333523,0.978254,-0.021314,-0.108695,-0.175360
2.364376,0.125049,-0.052280,0.333648,0.978352,-0.018327,-0.109219,-0.174820
2.374436,0.124592,-0.052306,0.333852,0.978346,-0.018640,-0.109534,-0.174624
2.384499,0.123811,-0.052132,0.334417,0.978458,-0.019252,-0.110549,-0.173289
2.394559,0.123375,-0.052043,0.334712,0.978568,-0.018615,-0.111028,-0.172427
2.404622,0.123097,-0.052167,0.334645,0.978773,-0.018704,-0.110027,-0.171893
2.414685,0.122859,-0.052247,0.334809,0.978795,-0.018825,-0.109803,-0.171899
2.424750,0.122433,-0.052213,0.334958,0.978937,-0.018961,-0.109375,-0.171349
2.434810,0.122040,-0.052148,0.335337,0.978995,-0.019237,-0.109693,-0.170779
2.444872,0.121286,-0.052141,0.335778,0.978903,-0.019644,-0.110179,-0.170951
2.454933,0.120720,-0.052070,0.336204,0.978842,-0.019950,-0.110688,-0.170936
2.464994,0.120261,-0.052080,0.336384,0.978897,-0.020132,-0.110445,-0.170755
2.475054,0.120104,-0.052189,0.336467,0.978960,-0.020157,-0.109852,-0.170771
2.485115,0.119859,-0.052283,0.336592,0.979069,-0.020310,-0.109419,-0.170408
2.495177,0.119561,-0.052337,0.336702,0.979037,-0.020455,-0.109383,-0.170595
2.505238,0.118861,-0.052306,0.336950,0.978912,-0.020805,-0.109882,-0.170954
2.515301,0.118354,-0.052351,0.337235,0.978839,-0.021130,-0.110190,-0.171130
2.525362,0.117451,-0.052160,0.337566,0.978868,-0.021706,-0.111012,-0.170359
2.535424,0.117171,-0.052271,0.337509,0.978846,-0.021776,-0.110604,-0.170743
2.545484,0.116767,-0.052494,0.337420,0.978713,-0.021837,-0.110008,-0.171878
2.555547,0.116341,-0.052435,0.337573,0.978660,-0.021990,-0.110164,-0.172060
2.565618,0.115674,-0.052437,0.337609,0.978650,-0.021327,-0.110256,-0.172142
2.575680,0.115066,-0.052430,0.337749,0.978523,-0.021687,-0.110750,-0.172500
2.585737,0.114623,-0.052402,0.337898,0.978471,-0.021884,-0.110894,-0.172682
2.595800,0.114156,-0.052593,0.337774,0.978323,-0.021869,-0.110123,-0.174009
2.605860,0.113799,-0.052687,0.337718,0.978198,-0.021871,-0.109737,-0.174953
2.615920,0.113207,-0.052740,0.337672,0.978106,-0.021975,-0.109321,-0.175710
2.625980,0.112652,-0.052747,0.337858,0.977999,-0.022285,-0.109630,-0.176073
2.636042,0.111796,-0.052614,0.338164,0.978040,-0.017634,-0.111388,-0.175268
2.646101,0.111477,-0.052702,0.338229,0.978098,-0.017850,-0.111126,-0.175089
2.656163,0.111086,-0.052879,0.338094,0.978219,-0.018028,-0.110281,-0.174930
2.666223,0.110582,-0.052870,0.338111,0.978257,-0.018295,-0.110199,-0.174744
2.676284,0.109935,-0.052884,0.338255,0.978377,-0.018800,-0.110235,-0.173994
2.686325,0.109407,-0.052795,0.338470,0.978448,-0.017739,-0.110954,-0.173247
2.696388,0.108748,-0.052835,0.338612,0.978433,-0.018167,-0.111022,-0.173242
2.706453,0.108479,-0.052895,0.338545,0.978511,-0.018280,-0.110587,-0.173070
2.716513,0.108013,-0.052998,0.338480,0.978658,-0.018596,-0.110082,-0.172526
2.726574,0.107611,-0.052936,0.338488,0.978862,-0.018920,-0.109961,-0.171408
2.736634,0.106963,-0.052866,0.338716,0.979046,-0.019426,-0.109979,-0.170284
2.746694,0.106440,-0.052847,0.338796,0.979019,-0.017528,-0.110659,-0.170206
2.756754,0.105715,-0.052861,0.338897,0.978925,-0.017838,-0.110569,-0.170767
2.766816,0.105419,-0.052948,0.338863,0.978950,-0.018024,-0.110308,-0.170776
2.776979,0.104798,-0.052880,0.338994,0.979145,-0.017970,-0.110415,-0.169589
2.787040,0.104334,-0.052851,0.339123,0.979196,-0.018317,-0.110491,-0.169210
2.797099,0.103856,-0.052834,0.339288,0.979160,-0.018685,-0.110766,-0.169198
2.807164,0.103004,-0.052749,0.339653,0.978999,-0.019325,-0.111556,-0.169538
2.817226,0.102703,-0.052844,0.339617,0.978958,-0.019471,-0.111312,-0.169919
2.827286,0.102198,-0.052944,0.339634,0.978939,-0.019676,-0.110847,-0.170309
2.837348,0.101657,-0.052931,0.339958,0.978890,-0.017023,-0.112023,-0.170106
2.847408,0.100828,-0.052880,0.340406,0.978730,-0.017716,-0.112791,-0.170444
2.857471,0.100334,-0.052876,0.340564,0.978696,-0.018137,-0.113043,-0.170431
2.867531,0.099576,-0.052746,0.340918,0.978634,-0.018816,-0.113801,-0.170208
2.877582,0.099235,-0.052876,0.340951,0.978487,-0.017207,-0.114256,-0.170917
2.887642,0.098539,-0.053004,0.341016,0.978119,-0.017599,-0.114563,-0.172767
2.897703,0.097930,-0.052940,0.341114,0.977996,-0.018052,-0.115011,-0.173117
2.907763,0.097141,-0.052764,0.341369,0.977969,-0.018766,-0.115746,-0.172707
2.917827,0.096572,-0.052765,0.341501,0.977791,-0.019314,-0.116364,-0.173236
2.927886,0.095952,-0.052906,0.341524,0.977612,-0.019792,-0.116408,-0.174162
2.937947,0.095518,-0.052864,0.341548,0.977668,-0.018273,-0.116806,-0.173748
2.948007,0.094668,-0.052697,0.341701,0.977680,-0.018923,-0.117516,-0.173129
2.958069,0.094119,-0.052664,0.341791,0.977633,-0.019104,-0.117975,-0.173061
2.968131,0.093347,-0.052709,0.341874,0.977482,-0.019815,-0.118320,-0.173599
2.978192,0.093058,-0.052734,0.341862,0.977557,-0.020117,-0.118189,-0.173230
2.988244,0.092441,-0.052681,0.341872,0.977684,-0.020705,-0.118135,-0.172481
2.998303,0.091930,-0.052588,0.341921,0.977751,-0.021215,-0.118321,-0.171909
3.008367,0.091440,-0.052612,0.341972,0.977719,-0.021751,-0.118509,-0.171896
3.018426,0.090698,-0.052408,0.342078,0.977847,-0.022562,-0.118961,-0.170749
3.028485,0.090321,-0.052433,0.342060,0.977890,-0.019676,-0.119400,-0.170552
3.038546,0.089721,-0.052506,0.342069,0.977816,-0.020232,-0.119381,-0.170922
3.048608,0.089207,-0.052395,0.342148,0.977863,-0.020826,-0.119726,-0.170340
3.058671,0.088534,-0.052222,0.342212,0.978115,-0.021681,-0.119922,-0.168644
3.068732,0.087928,-0.052099,0.342320,0.978073,-0.022360,-0.120444,-0.168425
3.078791,0.087399,-0.052190,0.342327,0.978033,-0.022945,-0.120397,-0.168609
3.088853,0.087053,-0.052209,0.342252,0.978021,-0.023331,-0.120432,-0.168604
3.098912,0.086343,-0.052085,0.342386,0.977926,-0.024166,-0.121093,-0.168563
3.108975,0.085864,-0.052096,0.342431,0.977725,-0.024572,-0.121353,-0.169479
3.119035,0.085120,-0.052074,0.342493,0.977473,-0.025217,-0.121717,-0.170574
3.129096,0.084672,-0.052021,0.342534,0.977405,-0.025668,-0.121932,-0.170745
3.139156,0.084078,-0.052015,0.342638,0.977264,-0.026439,-0.122419,-0.171086
3.149219,0.083646,-0.052059,0.342718,0.977107,-0.027021,-0.122790,-0.171621
3.159281,0.082909,-0.051910,0.342713,0.977067,-0.027865,-0.123221,-0.171404
3.169341,0.082449,-0.051870,0.342749,0.977000,-0.028369,-0.123405,-0.171576
3.179404,0.081618,-0.051796,0.342867,0.976666,-0.029221,-0.124085,-0.172837
3.189464,0.081215,-0.051811,0.342909,0.976529,-0.029686,-0.124297,-0.173380
3.199530,0.080629,-0.051704,0.342910,0.976625,-0.026982,-0.125344,-0.172524
3.209591,0.080080,-0.051583,0.343078,0.976468,-0.027835,-0.126195,-0.172655
3.219651,0.079694,-0.051615,0.343064,0.976380,-0.028482,-0.126512,-0.172817
3.229712,0.078906,-0.051366,0.343309,0.976296,-0.029831,-0.127718,-0.172178
3.239772,0.078562,-0.051332,0.343294,0.976272,-0.030439,-0.128038,-0.171967
3.249833,0.077998,-0.051375,0.343426,0.976074,-0.031416,-0.128619,-0.172483
3.259894,0.077500,-0.051262,0.343465,0.975970,-0.032230,-0.129261,-0.172438
3.269957,0.076788,-0.051069,0.343641,0.975858,-0.033392,-0.130140,-0.172190
3.280016,0.076415,-0.051001,0.343710,0.975833,-0.034014,-0.130446,-0.171979
3.290077,0.075623,-0.050810,0.344039,0.975640,-0.035442,-0.131612,-0.171898
3.300136,0.075291,-0.050746,0.344017,0.975682,-0.036118,-0.131872,-0.171317
3.310198,0.074716,-0.050628,0.344167,0.975624,-0.037240,-0.132538,-0.170894
3.320260,0.074162,-0.050500,0.344321,0.975424,-0.038180,-0.133329,-0.171210
3.330321,0.073514,-0.050279,0.344400,0.975338,-0.039360,-0.134174,-0.170776
3.340378,0.073002,-0.050088,0.344551,0.975201,-0.040261,-0.134969,-0.170720
3.350437,0.072418,-0.050094,0.344579,0.974892,-0.041228,-0.135549,-0.171790
3.360499,0.072098,-0.050023,0.344556,0.974827,-0.041806,-0.135872,-0.171764
3.370562,0.071399,-0.049716,0.344653,0.974780,-0.043154,-0.136815,-0.170950
3.380627,0.071069,-0.049652,0.344626,0.974750,-0.043813,-0.137083,-0.170740
3.390690,0.070323,-0.049424,0.344723,0.974497,-0.045132,-0.138076,-0.171037
3.400750,0.069991,-0.049308,0.344599,0.974498,-0.045772,-0.138345,-0.170641
3.410851,0.069630,-0.049326,0.344353,0.974429,-0.046446,-0.138392,-0.170815
3.420912,0.069180,-0.049191,0.344161,0.974235,-0.047116,-0.138892,-0.171334
3.430972,0.068794,-0.049174,0.344041,0.973964,-0.047669,-0.139262,-0.172419
3.441033,0.068304,-0.049027,0.343746,0.973875,-0.048519,-0.139633,-0.172386
3.451093,0.067956,-0.048885,0.343522,0.973875,-0.049169,-0.139888,-0.171990
3.461155,0.067625,-0.048904,0.343056,0.974289,-0.040675,-0.141340,-0.170676
3.471216,0.067326,-0.048940,0.342689,0.974297,-0.039142,-0.141624,-0.170748
3.481268,0.066883,-0.048712,0.342384,0.974458,-0.040120,-0.141843,-0.169419
3.491327,0.066669,-0.048779,0.341992,0.974441,-0.040504,-0.141613,-0.169614
3.501358,0.066269,-0.048715,0.341453,0.974342,-0.041118,-0.141691,-0.169971
3.511411,0.066092,-0.048835,0.340943,0.974281,-0.041353,-0.141348,-0.170548
3.521463,0.065866,-0.048811,0.340353,0.974804,-0.030999,-0.142921,-0.168434
3.531515,0.065628,-0.048776,0.339984,0.974797,-0.031406,-0.142885,-0.168431
3.541566,0.065342,-0.048746,0.339515,0.974830,-0.031939,-0.142755,-0.168247
3.551619,0.065130,-0.048722,0.339241,0.974858,-0.032371,-0.142689,-0.168060
3.561671,0.064935,-0.048760,0.338491,0.975105,-0.032735,-0.141945,-0.167184
3.571723,0.064838,-0.048823,0.338075,0.975143,-0.032882,-0.141622,-0.167207
3.581775,0.064635,-0.048947,0.337469,0.974980,-0.033040,-0.141362,-0.168341
3.591827,0.064490,-0.049040,0.336960,0.974881,-0.033142,-0.141114,-0.169102
3.601878,0.064264,-0.049072,0.336300,0.974951,-0.033331,-0.140535,-0.169145
3.611930,0.064139,-0.049096,0.335968,0.975023,-0.033497,-0.140186,-0.168984
3.621982,0.064001,-0.049064,0.335721,0.975128,-0.033635,-0.139843,-0.168637
3.632034,0.063853,-0.049169,0.334969,0.975267,-0.033496,-0.138798,-0.168722
3.642085,0.063660,-0.049116,0.334565,0.975243,-0.033671,-0.138691,-0.168913
3.652137,0.063524,-0.049313,0.333901,0.975089,-0.033582,-0.138147,-0.170259
3.662189,0.063420,-0.049401,0.333488,0.975020,-0.033651,-0.137906,-0.170835
3.672241,0.063257,-0.049415,0.332777,0.975095,-0.033859,-0.137524,-0.170676
3.682292,0.063121,-0.049405,0.332383,0.975106,-0.034053,-0.137390,-0.170683
3.692344,0.062981,-0.049473,0.331865,0.975183,-0.034307,-0.136974,-0.170526
3.702409,0.062920,-0.049503,0.331411,0.975345,-0.034350,-0.136449,-0.170009
3.712474,0.062861,-0.049600,0.330593,0.975462,-0.032698,-0.136265,-0.169812
3.722536,0.062701,-0.049630,0.330201,0.975370,-0.032872,-0.136179,-0.170374
3.732599,0.062580,-0.049665,0.329553,0.975429,-0.032892,-0.135703,-0.170412
3.742663,0.062575,-0.049755,0.329115,0.975483,-0.032816,-0.135295,-0.170446
3.752727,0.062405,-0.049751,0.328623,0.975461,-0.033032,-0.135154,-0.170639
3.762789,0.062307,-0.049789,0.328109,0.975459,-0.033090,-0.134893,-0.170845
3.772852,0.062242,-0.049884,0.327477,0.975409,-0.032994,-0.134534,-0.171433
3.782915,0.062208,-0.049935,0.327162,0.975533,-0.027538,-0.135317,-0.171074
3.792945,0.062178,-0.050078,0.326410,0.975467,-0.027308,-0.134837,-0.171863
3.803008,0.061995,-0.050062,0.326140,0.975314,-0.027523,-0.134969,-0.172592
3.813138,0.061819,-0.050084,0.325650,0.975185,-0.027673,-0.134914,-0.173338
3.823201,0.061776,-0.050135,0.325331,0.975216,-0.027702,-0.134660,-0.173359
3.833263,0.061828,-0.050242,0.324771,0.975322,-0.027483,-0.134107,-0.173224
3.843326,0.061764,-0.050337,0.324138,0.975274,-0.027197,-0.133786,-0.173789
3.853360,0.061676,-0.050332,0.323845,0.975207,-0.027248,-0.133776,-0.174161
3.863416,0.061576,-0.050302,0.323452,0.975177,-0.027320,-0.133737,-0.174349
3.873480,0.061637,-0.050410,0.322895,0.975208,-0.027009,-0.133275,-0.174580
3.883543,0.061562,-0.050427,0.322380,0.975238,-0.027037,-0.133022,-0.174601
3.893608,0.061511,-0.050359,0.322080,0.975385,-0.027167,-0.132875,-0.173867
3.903669,0.061351,-0.050246,0.321699,0.975592,-0.027591,-0.132721,-0.172757
3.913725,0.061383,-0.050297,0.321221,0.975804,-0.027428,-0.132084,-0.172070
3.923788,0.061384,-0.050400,0.320554,0.976060,-0.027422,-0.131319,-0.171205
3.933854,0.061312,-0.050364,0.320255,0.976136,-0.027555,-0.131194,-0.170841
3.943915,0.061232,-0.050398,0.319741,0.976095,-0.027537,-0.130999,-0.171230
3.953977,0.061114,-0.050316,0.319469,0.976041,-0.027676,-0.131144,-0.171402
3.964040,0.061160,-0.050409,0.318813,0.976071,-0.027360,-0.130686,-0.171632
3.974101,0.061077,-0.050320,0.318639,0.976050,-0.027474,-0.130837,-0.171617
3.984163,0.061157,-0.050406,0.318081,0.976113,-0.027132,-0.130384,-0.171661
3.994227,0.061164,-0.050413,0.317764,0.976134,-0.027018,-0.130233,-0.171676
4.004287,0.061081,-0.050380,0.317372,0.976065,-0.027023,-0.130257,-0.172046
4.014350,0.061036,-0.050332,0.317077,0.976065,-0.027023,-0.130257,-0.172046
4.024435,0.061013,-0.050307,0.316563,0.976086,-0.026909,-0.130106,-0.172061
4.034500,0.061057,-0.050354,0.316125,0.976127,-0.026681,-0.129804,-0.172090
4.044561,0.060976,-0.050267,0.315951,0.976106,-0.026795,-0.129955,-0.172075
4.054625,0.060972,-0.050251,0.315534,0.976163,-0.026702,-0.129775,-0.171906
4.064677,0.060892,-0.050165,0.315359,0.976142,-0.026816,-0.129926,-0.171891
4.074739,0.060969,-0.050260,0.314802,0.976168,-0.026454,-0.129502,-0.172119
4.084802,0.061028,-0.050323,0.314462,0.976209,-0.026226,-0.129200,-0.172148
4.094865,0.061036,-0.050331,0.314144,0.976230,-0.026112,-0.129049,-0.172163
4.104929,0.061043,-0.050340,0.313826,0.976250,-0.025999,-0.128898,-0.172178
4.114991,0.061088,-0.050387,0.313388,0.976291,-0.025771,-0.128596,-0.172207
4.125054,0.061183,-0.050489,0.312927,0.976352,-0.025430,-0.128143,-0.172250
4.135118,0.061126,-0.050428,0.312533,0.976352,-0.025430,-0.128143,-0.172250
4.145180,0.061047,-0.050343,0.312358,0.976331,-0.025543,-0.128294,-0.172236
4.155242,0.061004,-0.050298,0.312062,0.976331,-0.025543,-0.128294,-0.172236
4.165306,0.061013,-0.050307,0.311744,0.976352,-0.025430,-0.128143,-0.172250
4.175371,0.061094,-0.050394,0.311184,0.976412,-0.025088,-0.127690,-0.172294
4.185432,0.061152,-0.050457,0.310844,0.976452,-0.024861,-0.127388,-0.172323
4.195493,0.061197,-0.050504,0.310405,0.976492,-0.024633,-0.127086,-0.172352
4.205558,0.061183,-0.050490,0.310306,0.976492,-0.024633,-0.127086,-0.172352
4.215620,0.061214,-0.050523,0.309768,0.976532,-0.024405,-0.126783,-0.172381
4.225683,0.061223,-0.050532,0.309450,0.976552,-0.024292,-0.126632,-0.172396
4.235745,0.061267,-0.050580,0.309010,0.976632,-0.022387,-0.126626,-0.172208
4.245807,0.061309,-0.050580,0.308790,0.976684,-0.022249,-0.126479,-0.172036
4.255870,0.061282,-0.050551,0.308593,0.976684,-0.022249,-0.126479,-0.172036
4.265934,0.061326,-0.050599,0.308153,0.976723,-0.022022,-0.126177,-0.172066
4.275998,0.061385,-0.050662,0.307812,0.976762,-0.021794,-0.125875,-0.172095
4.286060,0.061426,-0.050718,0.307373,0.976765,-0.021547,-0.125601,-0.172309
4.296123,0.061399,-0.050689,0.307176,0.976765,-0.021547,-0.125601,-0.172309
4.306187,0.061395,-0.050684,0.306758,0.976784,-0.021433,-0.125449,-0.172323
4.316247,0.061440,-0.050732,0.306318,0.976823,-0.021206,-0.125147,-0.172353
4.326310,0.061491,-0.050743,0.305779,0.976894,-0.020954,-0.124849,-0.172196
4.336360,0.061532,-0.050743,0.305559,0.976946,-0.020817,-0.124702,-0.172024
4.346418,0.061584,-0.050754,0.305019,0.977017,-0.020565,-0.124403,-0.171867
4.356480,0.061642,-0.050816,0.304677,0.977055,-0.020338,-0.124101,-0.171897
4.366543,0.061754,-0.050892,0.304214,0.977145,-0.019973,-0.123651,-0.171754
4.376607,0.061812,-0.050954,0.303872,0.977183,-0.019746,-0.123348,-0.171783
4.386673,0.061870,-0.051015,0.303530,0.977220,-0.019519,-0.123046,-0.171812
4.396738,0.061947,-0.051053,0.303188,0.977290,-0.019268,-0.122747,-0.171655
4.406800,0.061991,-0.051101,0.302747,0.977328,-0.019040,-0.122444,-0.171684
4.416863,0.062103,-0.051176,0.302283,0.977416,-0.018676,-0.121994,-0.171542
4.426899,0.062132,-0.051162,0.301963,0.977467,-0.018539,-0.121846,-0.171370
4.436963,0.062190,-0.051223,0.301621,0.977504,-0.018312,-0.121543,-0.171399
4.447014,0.062266,-0.051260,0.301278,0.977574,-0.018062,-0.121244,-0.171241
4.457074,0.062368,-0.051380,0.300914,0.977593,-0.017702,-0.120817,-0.171469
4.467138,0.062492,-0.051468,0.300548,0.977680,-0.017339,-0.120365,-0.171326
4.477198,0.062600,-0.051550,0.300084,0.977732,-0.016957,-0.119941,-0.171368
4.487259,0.062724,-0.051636,0.299718,0.977819,-0.016594,-0.119490,-0.171224
4.497321,0.062828,-0.051747,0.299352,0.977872,-0.016253,-0.119035,-0.171268
4.507383,0.062869,-0.051746,0.299131,0.977923,-0.016117,-0.118886,-0.171096
4.517447,0.063034,-0.051831,0.298543,0.978059,-0.015618,-0.118286,-0.170780
4.527509,0.063131,-0.051933,0.298211,0.978094,-0.015392,-0.117982,-0.170809
4.537573,0.063230,-0.051915,0.297770,0.978191,-0.015079,-0.117715,-0.170462
4.547636,0.063271,-0.051914,0.297549,0.978241,-0.014944,-0.117566,-0.170290
4.557696,0.063307,-0.051861,0.297129,0.978318,-0.015159,-0.117355,-0.169976
4.567760,0.063399,-0.051880,0.296786,0.978383,-0.014870,-0.117083,-0.169816
4.577813,0.063583,-0.051941,0.296237,0.978425,-0.014370,-0.116745,-0.169851
4.587877,0.063632,-0.051904,0.295955,0.978382,-0.014231,-0.116859,-0.170030
4.597942,0.063765,-0.051808,0.295621,0.978454,-0.014156,-0.117108,-0.169451
4.608005,0.063885,-0.051878,0.295157,0.978438,-0.015587,-0.116411,-0.169897
4.618067,0.064014,-0.051834,0.294717,0.978495,-0.015180,-0.116225,-0.169731
4.628130,0.064092,-0.051791,0.294497,0.978575,-0.014984,-0.116107,-0.169370
4.638195,0.064207,-0.051776,0.294152,0.978706,-0.014694,-0.115809,-0.168837
4.648257,0.064289,-0.051839,0.293909,0.978704,-0.014412,-0.115558,-0.169048
4.658311,0.064458,-0.051879,0.293545,0.978743,-0.014105,-0.115181,-0.169105
4.668360,0.064576,-0.051900,0.293302,0.978770,-0.013763,-0.114959,-0.169127
4.678416,0.064656,-0.051895,0.293183,0.978745,-0.013515,-0.114916,-0.169321
4.688478,0.064882,-0.051981,0.292797,0.978732,-0.012839,-0.114494,-0.169738
4.698542,0.064966,-0.051992,0.292683,0.978564,-0.012482,-0.114579,-0.170669
4.708606,0.065132,-0.052042,0.292227,0.978354,-0.011792,-0.114461,-0.171995
4.718671,0.065230,-0.052088,0.292023,0.978223,-0.011493,-0.114490,-0.172743
4.728733,0.065443,-0.052135,0.291570,0.978261,-0.010969,-0.114162,-0.172777
4.738797,0.065628,-0.052244,0.291216,0.978233,-0.010489,-0.113829,-0.173183
4.748859,0.065815,-0.052333,0.290804,0.978041,-0.009971,-0.113804,-0.174312
4.758924,0.065939,-0.052335,0.290597,0.978012,-0.009689,-0.113781,-0.174505
4.768978,0.066181,-0.052352,0.290107,0.978136,-0.009057,-0.113268,-0.174181
4.779038,0.066315,-0.052351,0.289863,0.978159,-0.008686,-0.113063,-0.174202
4.789102,0.066534,-0.052399,0.289374,0.978213,-0.008063,-0.112570,-0.174250
4.799168,0.066705,-0.052399,0.289039,0.978328,-0.009425,-0.111990,-0.173909
4.809228,0.066890,-0.052366,0.288740,0.978474,-0.009194,-0.111866,-0.173175
4.819292,0.066998,-0.052360,0.288565,0.978503,-0.009095,-0.111920,-0.172985
4.829358,0.067245,-0.052364,0.288126,0.978594,-0.008915,-0.112003,-0.172420
4.839415,0.067413,-0.052348,0.287864,0.978618,-0.008739,-0.112108,-0.172227
4.849470,0.067633,-0.052348,0.287518,0.978531,-0.008434,-0.112336,-0.172587
4.859534,0.067762,-0.052361,0.287328,0.978418,-0.008455,-0.112802,-0.172923
4.869605,0.067924,-0.052315,0.287174,0.978354,-0.008537,-0.113429,-0.172873
4.879669,0.068062,-0.052346,0.286875,0.978363,-0.008315,-0.113348,-0.172882
4.889732,0.068217,-0.052359,0.286577,0.978371,-0.008054,-0.113292,-0.172889
4.899796,0.068408,-0.052304,0.286314,0.978462,-0.007871,-0.113374,-0.172325
4.909856,0.068549,-0.052235,0.286173,0.978539,-0.007832,-0.113587,-0.171748
4.919920,0.068727,-0.052258,0.285859,0.978440,-0.007705,-0.113921,-0.172097
4.929984,0.068845,-0.052223,0.285720,0.978449,-0.007669,-0.114157,-0.171892
4.940049,0.069082,-0.052187,0.285333,0.978520,-0.007324,-0.114128,-0.171525
4.950109,0.069169,-0.052134,0.285283,0.978452,-0.011562,-0.113634,-0.172005
4.960163,0.069344,-0.052094,0.285056,0.978421,-0.011427,-0.113944,-0.171983
4.970215,0.069497,-0.052013,0.284917,0.978460,-0.011327,-0.114209,-0.171591
4.980265,0.069682,-0.052038,0.284606,0.978254,-0.011100,-0.114634,-0.172496
4.990317,0.069789,-0.052024,0.284468,0.978157,-0.011006,-0.114940,-0.172847
5.000367,0.069996,-0.051967,0.284170,0.978194,-0.010643,-0.114932,-0.172665
5.010428,0.070126,-0.051963,0.284095,0.978150,-0.010464,-0.115054,-0.172845
5.020493,0.070256,-0.051914,0.283995,0.977996,-0.010370,-0.115592,-0.173366
5.030553,0.070425,-0.051809,0.283817,0.978158,-0.010219,-0.115627,-0.172431
5.040616,0.070571,-0.051740,0.283679,0.978127,-0.010077,-0.115936,-0.172410
5.050677,0.070650,-0.051677,0.283664,0.978082,-0.010115,-0.116357,-0.172378
5.060737,0.070863,-0.051622,0.283330,0.978137,-0.009650,-0.116184,-0.172209
5.070802,0.070999,-0.051598,0.283083,0.978199,-0.009309,-0.115936,-0.172045
5.080864,0.071165,-0.051523,0.282911,0.978148,-0.009007,-0.116129,-0.172221
5.090927,0.071330,-0.051446,0.282700,0.978222,-0.008703,-0.116067,-0.171856
5.101056,0.071550,-0.051438,0.282314,0.978119,-0.008267,-0.116141,-0.172415
5.111118,0.071672,-0.051400,0.282176,0.978019,-0.008125,-0.116468,-0.172766
5.121177,0.071777,-0.051314,0.282126,0.978025,-0.008037,-0.116728,-0.172560
5.131240,0.072027,-0.051364,0.281713,0.977941,-0.007544,-0.116612,-0.173135
5.141299,0.072185,-0.051278,0.281537,0.977998,-0.007337,-0.116710,-0.172756
5.151361,0.072443,-0.051233,0.281210,0.978123,-0.006915,-0.116481,-0.172218
5.161421,0.072582,-0.051196,0.281131,0.978184,-0.006790,-0.116531,-0.171843
5.171475,0.072814,-0.051171,0.280839,0.978214,-0.011338,-0.115611,-0.172053
5.181524,0.072942,-0.051113,0.280699,0.978186,-0.011230,-0.115892,-0.172034
5.191579,0.073126,-0.051090,0.280417,0.978067,-0.011137,-0.116402,-0.172373
5.201632,0.073330,-0.051017,0.280248,0.978194,-0.010966,-0.116456,-0.171624
5.211695,0.073617,-0.050957,0.279901,0.978281,-0.010694,-0.116578,-0.171059
5.221756,0.073751,-0.050969,0.279637,0.978168,-0.010474,-0.116733,-0.171610
5.231818,0.073950,-0.050900,0.279389,0.978098,-0.010465,-0.117389,-0.171564
5.241882,0.074093,-0.050818,0.279249,0.978067,-0.010310,-0.117692,-0.171544
5.251947,0.074262,-0.050757,0.279019,0.978036,-0.010153,-0.117994,-0.171525
5.262009,0.074410,-0.050711,0.278941,0.978025,-0.009945,-0.118109,-0.171519
5.272071,0.074632,-0.050670,0.278721,0.977857,-0.017001,-0.117174,-0.172560
5.282135,0.074820,-0.050656,0.278652,0.977848,-0.016792,-0.117287,-0.172555
5.292197,0.075027,-0.050655,0.278567,0.977694,-0.016664,-0.117814,-0.173082
5.302259,0.075231,-0.050663,0.278444,0.977630,-0.016524,-0.118112,-0.173251
5.312335,0.075506,-0.050616,0.278399,0.977663,-0.016558,-0.118712,-0.172653
5.322399,0.075676,-0.050573,0.278436,0.977629,-0.016635,-0.119305,-0.172428
5.332461,0.075952,-0.050669,0.278293,0.977587,-0.016444,-0.119415,-0.172610
5.342524,0.076265,-0.050681,0.278222,0.977534,-0.016324,-0.119906,-0.172580
5.352587,0.076559,-0.050775,0.278044,0.977440,-0.015961,-0.119909,-0.173143
5.362651,0.076917,-0.050918,0.277821,0.977219,-0.015585,-0.120157,-0.174250
5.372713,0.077187,-0.050903,0.277702,0.977258,-0.015455,-0.120420,-0.173861
5.382777,0.077533,-0.050934,0.277502,0.977225,-0.015241,-0.120742,-0.173843
5.392840,0.077758,-0.050994,0.277346,0.977254,-0.015132,-0.120789,-0.173654
5.402904,0.078140,-0.050974,0.277069,0.977505,-0.014884,-0.120641,-0.172361
5.412966,0.078382,-0.050945,0.277001,0.977634,-0.014749,-0.120674,-0.171614
5.423029,0.078733,-0.051041,0.276789,0.977665,-0.014361,-0.120446,-0.171633
5.433093,0.079006,-0.050999,0.276651,0.977832,-0.014011,-0.120163,-0.170908
5.443158,0.079469,-0.051107,0.276438,0.977918,-0.013283,-0.119469,-0.170960
5.453220,0.079660,-0.051103,0.276462,0.977945,-0.013132,-0.119535,-0.170771
5.463283,0.080021,-0.051078,0.276408,0.978104,-0.012933,-0.119590,-0.169836
5.473346,0.080241,-0.051014,0.276468,0.978141,-0.012801,-0.119848,-0.169448
5.483360,0.080630,-0.051102,0.276354,0.978031,-0.012253,-0.119731,-0.170207
5.493422,0.080913,-0.051147,0.276222,0.978027,-0.011852,-0.119514,-0.170411
5.503484,0.081213,-0.051136,0.276163,0.977979,-0.011533,-0.119677,-0.170591
5.513548,0.081447,-0.051121,0.276094,0.978004,-0.011339,-0.119762,-0.170400
5.523602,0.081759,-0.051137,0.276134,0.977888,-0.010980,-0.119960,-0.170951
5.533664,0.081910,-0.051128,0.276130,0.977772,-0.010932,-0.120420,-0.171295
5.543718,0.082091,-0.051085,0.276090,0.977742,-0.010799,-0.120692,-0.171279
5.553770,0.082448,-0.051139,0.275946,0.977591,-0.010417,-0.120907,-0.172016
5.563822,0.082687,-0.051246,0.275657,0.977466,-0.010126,-0.120869,-0.172767
5.573874,0.083040,-0.051186,0.275502,0.977555,-0.009841,-0.120975,-0.172203
5.583926,0.083259,-0.051221,0.275206,0.977498,-0.009547,-0.120920,-0.172583
5.593978,0.083551,-0.051279,0.275053,0.977277,-0.009167,-0.121146,-0.173691
5.604030,0.083800,-0.051233,0.274982,0.977301,-0.008928,-0.121246,-0.173500
5.614093,0.084226,-0.051360,0.274639,0.977209,-0.008352,-0.120919,-0.174273
5.624158,0.084454,-0.051387,0.274305,0.977206,-0.008002,-0.120669,-0.174478
5.634220,0.084833,-0.051373,0.274113,0.977425,-0.007786,-0.120506,-0.173372
5.644283,0.084990,-0.051343,0.274068,0.977504,-0.007795,-0.120683,-0.172801
5.654347,0.085510,-0.051377,0.273517,0.977853,-0.007168,-0.119657,-0.171566
5.664363,0.085800,-0.051389,0.273338,0.978042,-0.006843,-0.119144,-0.170855
5.674419,0.086189,-0.051330,0.273165,0.978328,-0.006452,-0.118635,-0.169583
5.684483,0.086442,-0.051269,0.273052,0.978509,-0.006262,-0.118468,-0.168662
5.694548,0.086895,-0.051295,0.272888,0.978759,-0.005895,-0.117956,-0.167577
5.704609,0.087215,-0.051334,0.272749,0.978892,-0.005632,-0.117632,-0.167039
5.714673,0.087579,-0.051215,0.272583,0.979112,-0.005433,-0.117657,-0.165731
5.724736,0.087880,-0.051203,0.272609,0.979190,-0.007336,-0.117350,-0.165416
5.734760,0.088346,-0.051303,0.272294,0.979185,-0.006912,-0.117129,-0.165619
5.744822,0.088642,-0.051326,0.272094,0.979162,-0.006606,-0.117063,-0.165813
5.754885,0.088940,-0.051318,0.271927,0.979220,-0.006436,-0.117119,-0.165437
5.764944,0.089285,-0.051355,0.271746,0.979071,-0.006274,-0.117624,-0.165968
5.775006,0.089519,-0.051402,0.271709,0.978910,-0.006101,-0.117936,-0.166698
5.785066,0.089898,-0.051406,0.271492,0.978709,-0.005737,-0.118336,-0.167611
5.795135,0.090150,-0.051493,0.271327,0.978465,-0.005428,-0.118522,-0.168909
5.805193,0.090556,-0.051615,0.271174,0.978181,-0.005014,-0.118758,-0.170392
5.815257,0.090766,-0.051575,0.271167,0.978098,-0.004926,-0.119211,-0.170552
5.825318,0.091216,-0.051700,0.271036,0.977921,-0.004407,-0.119062,-0.171685
5.835365,0.091510,-0.051789,0.270892,0.977780,-0.003994,-0.118861,-0.172634
5.845427,0.091770,-0.051803,0.271045,0.977506,-0.003670,-0.119251,-0.173919
5.855489,0.092015,-0.051859,0.270932,0.977343,-0.003330,-0.119223,-0.174856
5.865550,0.092492,-0.051983,0.270894,0.977196,-0.002835,-0.119051,-0.175803
5.875613,0.092768,-0.051973,0.270968,0.977314,-0.002655,-0.118893,-0.175255
5.885677,0.093105,-0.051943,0.271058,0.977442,-0.002680,-0.119248,-0.174300
5.895741,0.093393,-0.051938,0.271073,0.977540,-0.002569,-0.119266,-0.173740
5.905806,0.093708,-0.051844,0.271159,0.977698,-0.002570,-0.119622,-0.172598
5.915869,0.093957,-0.051803,0.271170,0.977830,-0.002479,-0.119624,-0.171852
5.925929,0.094419,-0.051881,0.270988,0.978054,-0.002202,-0.119080,-0.170954
5.935991,0.094678,-0.051835,0.270962,0.978238,-0.002063,-0.118889,-0.170034
5.946060,0.095101,-0.051763,0.271037,0.978450,-0.001816,-0.118731,-0.168925
5.956121,0.095347,-0.051727,0.271047,0.978545,-0.001706,-0.118748,-0.168364
5.966179,0.095539,-0.051649,0.271126,0.978633,-0.001751,-0.119103,-0.167595
5.976241,0.095988,-0.051626,0.270974,0.978864,-0.001479,-0.118751,-0.166497
5.986300,0.096305,-0.051581,0.270949,0.979009,-0.001279,-0.118591,-0.165761
5.996362,0.096653,-0.051564,0.270961,0.979100,-0.001126,-0.118624,-0.165200
6.006422,0.096881,-0.051562,0.270969,0.979161,-0.001038,-0.118640,-0.164825
6.016482,0.097331,-0.051564,0.271006,0.979289,-0.000709,-0.118333,-0.164285
6.026543,0.097526,-0.051554,0.270955,0.979163,-0.000545,-0.118620,-0.164830
6.036599,0.097853,-0.051563,0.271041,0.978946,-0.000322,-0.119147,-0.165734
6.046661,0.098195,-0.051588,0.271016,0.978890,-0.000002,-0.119078,-0.166114
6.056720,0.098519,-0.051602,0.271100,0.978639,0.000245,-0.119619,-0.167204
6.066783,0.098793,-0.051654,0.271073,0.978483,0.000581,-0.119579,-0.168143
6.076846,0.099173,-0.051757,0.271216,0.978182,0.000893,-0.119956,-0.169616
6.086906,0.099328,-0.051759,0.271293,0.978034,0.000955,-0.120404,-0.170149
6.096970,0.099643,-0.051841,0.271243,0.977801,0.001186,-0.120734,-0.171251
6.107029,0.099959,-0.051893,0.271250,0.977690,0.001420,-0.120840,-0.171806
6.117090,0.100338,-0.051909,0.271292,0.977661,0.001575,-0.121093,-0.171791
6.127151,0.100570,-0.051882,0.271332,0.977634,0.001686,-0.121331,-0.171777
6.137212,0.100874,-0.051994,0.271505,0.977380,0.001816,-0.121824,-0.172867
6.147271,0.101126,-0.051985,0.271413,0.977338,0.002011,-0.121898,-0.173051
6.157328,0.101568,-0.052021,0.271380,0.977384,0.002270,-0.121777,-0.172873
6.167380,0.101831,-0.052037,0.271417,0.977393,0.002320,-0.121985,-0.172674
6.177443,0.102064,-0.052016,0.271417,0.977492,0.002390,-0.121984,-0.172115
6.187493,0.102490,-0.051999,0.271547,0.977636,0.002445,-0.122161,-0.171171
6.197545,0.102735,-0.051992,0.271451,0.977699,0.002536,-0.122174,-0.170798
6.207605,0.103089,-0.051954,0.271450,0.977793,0.002693,-0.122202,-0.170237
6.217656,0.103369,-0.051975,0.271412,0.977842,0.002864,-0.122050,-0.170061
6.227705,0.103780,-0.051975,0.271338,0.977942,0.003162,-0.121733,-0.169709
6.237755,0.104083,-0.051946,0.271299,0.978057,0.003334,-0.121566,-0.169160
6.247806,0.104489,-0.051881,0.271389,0.978182,0.003514,-0.121591,-0.168413
6.257854,0.104681,-0.051932,0.271423,0.978056,0.003604,-0.121844,-0.168958
6.267903,0.105088,-0.051905,0.271418,0.978046,0.003867,-0.121928,-0.168955
6.277957,0.105435,-0.051987,0.271172,0.978191,0.004147,-0.121206,-0.168627
6.288006,0.105857,-0.051955,0.271091,0.978391,0.004379,-0.120842,-0.167717
6.298057,0.106074,-0.051936,0.271182,0.978419,0.004489,-0.120869,-0.167529
6.308106,0.106478,-0.051953,0.271102,0.978417,0.004842,-0.120591,-0.167736
6.318158,0.106746,-0.052040,0.270987,0.978371,0.005162,-0.120121,-0.168327
6.328207,0.107211,-0.052056,0.270866,0.978490,0.005508,-0.119618,-0.167986
6.338259,0.107496,-0.052059,0.270822,0.978572,0.005654,-0.119448,-0.167624
6.348308,0.107892,-0.052058,0.270772,0.978719,0.005802,-0.119263,-0.166889
6.358368,0.108197,-0.052018,0.270727,0.978832,0.005970,-0.119092,-0.166339
6.368468,0.108471,-0.052024,0.270717,0.978860,0.006078,-0.119118,-0.166151
6.378520,0.108805,-0.052059,0.270632,0.978928,0.006299,-0.118781,-0.165986
6.388571,0.109124,-0.052148,0.270510,0.978950,0.006573,-0.118279,-0.166206
6.398621,0.109555,-0.052137,0.270349,0.979086,0.006970,-0.117592,-0.165876
6.408672,0.109875,-0.052101,0.270228,0.979237,0.007246,-0.117057,-0.165349
6.418722,0.110202,-0.052117,0.270214,0.979163,0.007454,-0.117136,-0.165719
6.428773,0.110404,-0.052152,0.270241,0.978954,-0.005242,-0.115234,-0.168355
6.438824,0.110759,-0.052260,0.270188,0.978633,-0.005004,-0.115185,-0.170248
6.448872,0.111101,-0.052281,0.270099,0.978601,-0.004688,-0.114894,-0.170637
6.458923,0.111482,-0.052290,0.270078,0.978630,-0.004540,-0.114932,-0.170449
6.468972,0.111824,-0.052301,0.269987,0.978768,-0.004367,-0.114571,-0.169907
6.479023,0.112143,-0.052350,0.269932,0.978717,-0.004149,-0.114448,-0.170287
6.489074,0.112372,-0.052450,0.269915,0.978615,-0.004047,-0.114494,-0.170846
6.499125,0.112818,-0.052498,0.269779,0.978670,-0.003721,-0.113996,-0.170871
6.509176,0.113044,-0.052502,0.269728,0.978754,-0.003625,-0.113815,-0.170507
6.519226,0.113426,-0.052520,0.269665,0.978905,-0.003527,-0.113624,-0.169769
6.529278,0.113629,-0.052499,0.269819,0.978829,-0.003488,-0.114035,-0.169937
6.539326,0.113956,-0.052534,0.269701,0.978655,-0.003222,-0.114138,-0.170867
6.549379,0.114176,-0.052540,0.269686,0.978550,-0.003037,-0.114206,-0.171425
6.559475,0.114591,-0.052659,0.269545,0.978437,-0.002659,-0.113749,-0.172383
6.569527,0.114830,-0.052633,0.269492,0.978487,-0.002503,-0.113590,-0.172205
6.579577,0.115136,-0.052619,0.269361,0.978644,-0.002285,-0.113044,-0.171671
6.589627,0.115508,-0.052632,0.269487,0.978625,-0.002050,-0.112917,-0.171865
6.599679,0.115667,-0.052649,0.269474,0.978521,-0.001908,-0.112972,-0.172424
6.609731,0.116001,-0.052662,0.269411,0.978434,-0.001634,-0.112867,-0.172990
6.619783,0.116269,-0.052691,0.269351,0.978485,-0.001522,-0.112695,-0.172812
6.629836,0.116603,-0.052731,0.269212,0.978644,-0.001349,-0.112137,-0.172279
6.639885,0.116948,-0.052751,0.269074,0.978732,-0.001097,-0.111610,-0.172119
6.649937,0.117271,-0.052746,0.269081,0.978640,-0.000944,-0.111858,-0.172481
6.659986,0.117446,-0.052704,0.269102,0.978583,-0.000852,-0.112084,-0.172658
6.670038,0.117784,-0.052719,0.268998,0.978653,-0.000651,-0.111740,-0.172488
6.680087,0.118110,-0.052816,0.268784,0.978782,-0.000385,-0.110824,-0.172346
6.690137,0.118479,-0.052814,0.268570,0.979010,-0.000097,-0.109898,-0.171644
6.700189,0.118782,-0.052800,0.268433,0.979131,0.000131,-0.109359,-0.171296
6.710238,0.119116,-0.052795,0.268460,0.979078,0.000377,-0.109238,-0.171677
6.720291,0.119309,-0.052749,0.268406,0.979094,0.000544,-0.109086,-0.171685
6.730344,0.119658,-0.052774,0.268226,0.979166,0.000855,-0.108383,-0.171719
6.740394,0.119897,-0.052783,0.268094,0.979253,0.001059,-0.107842,-0.171558
6.750485,0.120318,-0.052820,0.267797,0.979447,0.001473,-0.106567,-0.171245
6.760537,0.120605,-0.052849,0.267717,0.979552,0.001722,-0.105842,-0.171092
6.770588,0.120902,-0.052884,0.267504,0.979674,0.002018,-0.104933,-0.170948
6.780639,0.121177,-0.052797,0.267465,0.979825,0.002258,-0.104391,-0.170413
6.790691,0.121350,-0.052829,0.267337,0.979878,0.002438,-0.103849,-0.170439
6.800741,0.121722,-0.052830,0.267079,0.980082,0.002779,-0.102745,-0.169929
6.810790,0.122024,-0.052845,0.266864,0.980267,0.003036,-0.101815,-0.169411
6.820840,0.122467,-0.052821,0.266562,0.980518,0.003442,-0.100526,-0.168722
6.830889,0.122783,-0.052804,0.266345,0.980667,0.003751,-0.099614,-0.168390
6.840940,0.123154,-0.052802,0.266085,0.980865,0.004088,-0.098508,-0.167879
6.850990,0.123274,-0.052809,0.265998,0.980898,0.004217,-0.098149,-0.167895
6.861041,0.123535,-0.052776,0.265824,0.980995,0.004493,-0.097430,-0.167741
6.871092,0.123755,-0.052837,0.265650,0.981027,0.004730,-0.096712,-0.167961
6.881143,0.124235,-0.052863,0.265300,0.981154,0.005238,-0.095273,-0.168026
6.891194,0.124541,-0.052867,0.265081,0.981199,0.005587,-0.094387,-0.168253
6.901243,0.124933,-0.052958,0.264773,0.981108,0.006104,-0.093177,-0.169431
6.911292,0.125109,-0.052980,0.264641,0.981020,0.006371,-0.092678,-0.170203
6.921342,0.125217,-0.053002,0.264687,0.980800,0.006593,-0.092574,-0.171519
6.931393,0.125348,-0.052984,0.264599,0.980762,0.006781,-0.092240,-0.171908
6.941442,0.125655,-0.052977,0.264377,0.980836,0.007102,-0.091340,-0.171949
6.951493,0.126048,-0.053053,0.264066,0.980942,0.007477,-0.090062,-0.172005
6.961542,0.126341,-0.053076,0.263843,0.981049,0.007746,-0.089144,-0.171859
6.971592,0.126742,-0.053125,0.263530,0.981253,0.008073,-0.087839,-0.171354
6.981643,0.126793,-0.053147,0.263485,0.981268,0.008117,-0.087654,-0.171362
6.991696,0.126966,-0.053164,0.263351,0.981344,0.008266,-0.087098,-0.171199
7.001759,0.127025,-0.053132,0.263475,0.981375,-0.006550,-0.084694,-0.172299
7.011824,0.127270,-0.053123,0.263296,0.981502,-0.006343,-0.083957,-0.171946
7.021886,0.127488,-0.053159,0.263152,0.981580,-0.006196,-0.083403,-0.171774
7.031949,0.127862,-0.053204,0.262983,0.981691,-0.006034,-0.082850,-0.171415
7.042012,0.128159,-0.053274,0.262895,0.981738,-0.005974,-0.082667,-0.171233
7.052076,0.128564,-0.053341,0.262788,0.981785,-0.005885,-0.082490,-0.171051
7.062139,0.128678,-0.053274,0.262881,0.981806,-0.005983,-0.083047,-0.170661
7.072201,0.128746,-0.053129,0.263225,0.981797,-0.006238,-0.084346,-0.170063
7.082266,0.128808,-0.053040,0.263363,0.981800,-0.006378,-0.085089,-0.169668
7.092322,0.129023,-0.052958,0.263703,0.981820,-0.006544,-0.086018,-0.169080
7.102365,0.129243,-0.052925,0.263799,0.981901,-0.006570,-0.086200,-0.168513
7.112425,0.129678,-0.052934,0.263653,0.982029,-0.006435,-0.085833,-0.167961
7.122477,0.130015,-0.052911,0.263658,0.982108,-0.006328,-0.085658,-0.167592
7.132527,0.130431,-0.052930,0.263812,0.982123,-0.006290,-0.085859,-0.167399
7.142576,0.130480,-0.052863,0.264082,0.982012,-0.006423,-0.086806,-0.167560
7.152648,0.130438,-0.052729,0.264541,0.981744,-0.012565,-0.087115,-0.168619
7.162698,0.130477,-0.052726,0.264834,0.981597,-0.012610,-0.087694,-0.169168
7.172751,0.130468,-0.052693,0.265269,0.981466,-0.012710,-0.088453,-0.169526
7.182803,0.130570,-0.052687,0.265708,0.981433,-0.012760,-0.088831,-0.169517
7.192855,0.130676,-0.052673,0.266147,0.981432,-0.012826,-0.089204,-0.169322
7.202904,0.130904,-0.052796,0.266581,0.981334,-0.012777,-0.089219,-0.169883
7.212955,0.131049,-0.052855,0.266841,0.981170,-0.012660,-0.089252,-0.170819
7.223004,0.131489,-0.053085,0.266955,0.980923,-0.012257,-0.088381,-0.172711
7.233053,0.131813,-0.053159,0.267075,0.980839,-0.012004,-0.087859,-0.173471
7.243104,0.131888,-0.053131,0.267925,0.980572,-0.012194,-0.089378,-0.174185
7.253154,0.131882,-0.053040,0.268566,0.980421,-0.012390,-0.090697,-0.174342
7.263204,0.131970,-0.052987,0.269284,0.980100,-0.012464,-0.092049,-0.175432
7.273256,0.132045,-0.053017,0.269795,0.979861,-0.012501,-0.092824,-0.176349
7.283306,0.132157,-0.052955,0.270402,0.979825,-0.012605,-0.093577,-0.176144
7.293348,0.132272,-0.052934,0.270707,0.979875,-0.012644,-0.093761,-0.175766
7.303397,0.132484,-0.052951,0.271183,0.979925,-0.012682,-0.093944,-0.175387
7.313447,0.132662,-0.052916,0.271574,0.979941,-0.012668,-0.094139,-0.175196
7.323497,0.133115,-0.052981,0.271729,0.980077,-0.012476,-0.093401,-0.174840
7.333548,0.133446,-0.053055,0.271845,0.980163,-0.012341,-0.092846,-0.174666
7.343639,0.133672,-0.053028,0.272357,0.980172,-0.014066,-0.092923,-0.174443
7.353690,0.133679,-0.052913,0.273057,0.980133,-0.014264,-0.094044,-0.174045
7.363739,0.133682,-0.052855,0.273455,0.980113,-0.014362,-0.094604,-0.173845
7.373791,0.133790,-0.052839,0.273891,0.980111,-0.014422,-0.094978,-0.173650
7.383841,0.133848,-0.052803,0.274242,0.980108,-0.014481,-0.095353,-0.173455
7.393893,0.134030,-0.052758,0.274535,0.980156,-0.014483,-0.095544,-0.173077
7.403943,0.134055,-0.052768,0.275055,0.980084,-0.014638,-0.096288,-0.173060
7.413994,0.134276,-0.052787,0.275300,0.980120,-0.016507,-0.095956,-0.172869
7.424057,0.134438,-0.052792,0.275496,0.980135,-0.016527,-0.096145,-0.172678
7.434119,0.134864,-0.052912,0.275623,0.980171,-0.016414,-0.095781,-0.172686
7.444179,0.135132,-0.053019,0.275650,0.980226,-0.016298,-0.095223,-0.172698
7.454243,0.135427,-0.053136,0.276100,0.980208,-0.016337,-0.095409,-0.172694
7.464303,0.135404,-0.053127,0.276631,0.980135,-0.016491,-0.096153,-0.172678
7.474369,0.135400,-0.053066,0.277162,0.980095,-0.016626,-0.096899,-0.172476
7.484430,0.135459,-0.053029,0.277512,0.980091,-0.016685,-0.097274,-0.172281
7.494494,0.135562,-0.053010,0.278080,0.980068,-0.016781,-0.097835,-0.172083
7.504559,0.135626,-0.052976,0.278297,0.980083,-0.016801,-0.098024,-0.171892
7.514610,0.135818,-0.052933,0.278551,0.980148,-0.016764,-0.098031,-0.171518
7.524660,0.135883,-0.052898,0.278769,0.980162,-0.016783,-0.098220,-0.171327
7.534713,0.136012,-0.052829,0.279203,0.980190,-0.016822,-0.098598,-0.170945
7.544774,0.136134,-0.052818,0.279372,0.980223,-0.016803,-0.098601,-0.170758
7.554838,0.136371,-0.052791,0.279843,0.980269,-0.016804,-0.098793,-0.170381
7.564898,0.136686,-0.052795,0.279868,0.980390,-0.016652,-0.098242,-0.170018
7.574962,0.136918,-0.052825,0.280072,0.980441,-0.016595,-0.098059,-0.169835
7.585015,0.137336,-0.052868,0.280264,0.980562,-0.016444,-0.097508,-0.169473
7.595077,0.137406,-0.052785,0.280746,0.980515,-0.017811,-0.097850,-0.169405
7.605143,0.137421,-0.052670,0.281277,0.980505,-0.017925,-0.098601,-0.169016
7.615206,0.137480,-0.052633,0.281627,0.980500,-0.017981,-0.098976,-0.168822
7.625266,0.137493,-0.052517,0.282157,0.980488,-0.018094,-0.099727,-0.168433
7.635328,0.137531,-0.052532,0.282507,0.980450,-0.018169,-0.100099,-0.168426
7.645392,0.137575,-0.052489,0.283121,0.980406,-0.018300,-0.100847,-0.168224
7.655457,0.137612,-0.052503,0.283471,0.980367,-0.018375,-0.101219,-0.168217
7.665517,0.137709,-0.052540,0.283771,0.980348,-0.018412,-0.101405,-0.168213
7.675581,0.137753,-0.052558,0.283988,0.980329,-0.018450,-0.101591,-0.168210
7.685644,0.137850,-0.052595,0.284288,0.980309,-0.018488,-0.101777,-0.168206
7.695701,0.137943,-0.052641,0.284589,0.980258,-0.018506,-0.101967,-0.168389
7.705770,0.138032,-0.052675,0.285022,0.980219,-0.018581,-0.102339,-0.168382
7.715834,0.138193,-0.052747,0.285141,0.980206,-0.018524,-0.102157,-0.168572
7.725896,0.138508,-0.052907,0.285379,0.980116,-0.018372,-0.101802,-0.169328
7.735957,0.138713,-0.053025,0.285581,0.980005,-0.018257,-0.101633,-0.170079
7.746016,0.138840,-0.053122,0.286097,0.979804,-0.018235,-0.102026,-0.171006
7.756078,0.138861,-0.053159,0.286578,0.979647,-0.018288,-0.102597,-0.171555
7.766134,0.138831,-0.053148,0.287109,0.979569,-0.018435,-0.103341,-0.171540
7.776202,0.138865,-0.053170,0.287457,0.979496,-0.018490,-0.103718,-0.171719
7.786261,0.138842,-0.053161,0.287855,0.979437,-0.018600,-0.104276,-0.171707
7.796322,0.138862,-0.053169,0.288469,0.979358,-0.018748,-0.105020,-0.171692
7.806388,0.138866,-0.053110,0.288734,0.979350,-0.018801,-0.105396,-0.171497
7.816452,0.138958,-0.053136,0.289166,0.979343,-0.018895,-0.105764,-0.171303
7.826516,0.138994,-0.053150,0.289515,0.979303,-0.018968,-0.106136,-0.171295
7.836575,0.139041,-0.053107,0.289996,0.979274,-0.019059,-0.106697,-0.171096
7.846637,0.139084,-0.053124,0.290308,0.979254,-0.019095,-0.106883,-0.171092
7.856698,0.139117,-0.053146,0.290656,0.979181,-0.019149,-0.107260,-0.171271
7.866764,0.139152,-0.053159,0.291005,0.979140,-0.019222,-0.107632,-0.171263
7.876823,0.139187,-0.053173,0.291353,0.979099,-0.019296,-0.108004,-0.171255
7.886885,0.139169,-0.053166,0.291618,0.979058,-0.019369,-0.108376,-0.171247
7.896946,0.139133,-0.053152,0.292148,0.978975,-0.019516,-0.109120,-0.171231
7.907011,0.139115,-0.053145,0.292413,0.978933,-0.019590,-0.109491,-0.171223
7.917072,0.139077,-0.053131,0.292943,0.978850,-0.019737,-0.110235,-0.171207
7.927135,0.139058,-0.053123,0.293208,0.978808,-0.019810,-0.110607,-0.171199
7.937199,0.139010,-0.053105,0.293870,0.978702,-0.019994,-0.111537,-0.171179
7.947256,0.138970,-0.053089,0.294400,0.978617,-0.020141,-0.112280,-0.171162
7.957320,0.138930,-0.053074,0.294929,0.978531,-0.020288,-0.113024,-0.171146
7.967382,0.138899,-0.053062,0.295326,0.978466,-0.020398,-0.113581,-0.171133
7.977442,0.138847,-0.053042,0.295988,0.978358,-0.020582,-0.114511,-0.171112
7.987506,0.138888,-0.052997,0.296469,0.978325,-0.020670,-0.115072,-0.170913
7.997671,0.138909,-0.053005,0.296949,0.978259,-0.020780,-0.115630,-0.170900
8.007738,0.138960,-0.052964,0.297297,0.978248,-0.020832,-0.116005,-0.170705
8.017790,0.139055,-0.053000,0.297596,0.978226,-0.020868,-0.116191,-0.170701
8.027853,0.139128,-0.053028,0.298159,0.978159,-0.020978,-0.116749,-0.170688
8.037910,0.139295,-0.053093,0.298372,0.978181,-0.020942,-0.116563,-0.170692
8.047974,0.139524,-0.053181,0.298632,0.978226,-0.020868,-0.116191,-0.170701
8.058028,0.139757,-0.053271,0.298795,0.978270,-0.020795,-0.115820,-0.170709
8.068088,0.139979,-0.053356,0.299091,0.978292,-0.020758,-0.115634,-0.170714
8.078152,0.139934,-0.053339,0.299620,0.978203,-0.020905,-0.116377,-0.170697
8.088211,0.139909,-0.053268,0.300149,0.978147,-0.021029,-0.117124,-0.170493
8.098273,0.139887,-0.053259,0.300414,0.978102,-0.021103,-0.117496,-0.170485
8.108338,0.139840,-0.053242,0.300943,0.978013,-0.021249,-0.118239,-0.170467
8.118361,0.139805,-0.053228,0.301340,0.977945,-0.021359,-0.118796,-0.170454
8.128414,0.139811,-0.053230,0.301952,0.977854,-0.021505,-0.119539,-0.170437
8.138466,0.139849,-0.053245,0.302263,0.977832,-0.021542,-0.119725,-0.170433
8.148519,0.139895,-0.053263,0.302538,0.977832,-0.021542,-0.119725,-0.170433
8.158570,0.139867,-0.053252,0.302898,0.977786,-0.021615,-0.120097,-0.170424
8.168621,0.139892,-0.053200,0.303115,0.977864,-0.021519,-0.119729,-0.170246
8.178672,0.139901,-0.053204,0.303235,0.977910,-0.021446,-0.119358,-0.170255
8.188725,0.139860,-0.053127,0.303500,0.977965,-0.021387,-0.119176,-0.170073
8.198777,0.139772,-0.053093,0.303874,0.977919,-0.021460,-0.119548,-0.170064
8.208828,0.139796,-0.053041,0.304090,0.977997,-0.021364,-0.119180,-0.169886
8.218879,0.139791,-0.053039,0.304343,0.978020,-0.021327,-0.118994,-0.169890
8.228929,0.139768,-0.053031,0.304823,0.978020,-0.021327,-0.118994,-0.169890
8.238981,0.139754,-0.053025,0.305111,0.978020,-0.021327,-0.118994,-0.169890
8.249032,0.139753,-0.053025,0.305267,0.978042,-0.021291,-0.118809,-0.169895
8.259085,0.139733,-0.053017,0.305652,0.978042,-0.021291,-0.118809,-0.169895
8.269137,0.139718,-0.053011,0.305940,0.978042,-0.021291,-0.118809,-0.169895
8.279191,0.139684,-0.052998,0.306456,0.978020,-0.021327,-0.118994,-0.169890
8.289242,0.139695,-0.053003,0.306480,0.978065,-0.021254,-0.118623,-0.169899
8.299295,0.139665,-0.052991,0.306900,0.978042,-0.021291,-0.118809,-0.169895
8.309348,0.139663,-0.052990,0.307056,0.978065,-0.021254,-0.118623,-0.169899
8.319400,0.139635,-0.052979,0.307537,0.978065,-0.021254,-0.118623,-0.169899
8.329451,0.139612,-0.052971,0.307921,0.978065,-0.021254,-0.118623,-0.169899
8.339504,0.139695,-0.053003,0.308015,0.978177,-0.021072,-0.117694,-0.169921
8.349556,0.139700,-0.053004,0.308135,0.978222,-0.020999,-0.117322,-0.169929
8.359608,0.139684,-0.052998,0.308483,0.978245,-0.020962,-0.117136,-0.169933
8.369660,0.139612,-0.052971,0.308688,0.978245,-0.020962,-0.117136,-0.169933
8.379711,0.139605,-0.052958,0.308940,0.978299,-0.020948,-0.116946,-0.169751
8.389763,0.139600,-0.052956,0.309095,0.978322,-0.020911,-0.116760,-0.169755
8.399815,0.139602,-0.052967,0.309275,0.978356,-0.020780,-0.116207,-0.169955
8.409868,0.139583,-0.052959,0.309563,0.978356,-0.020780,-0.116207,-0.169955
8.419920,0.139495,-0.052926,0.309900,0.978333,-0.020816,-0.116393,-0.169950
8.429972,0.139481,-0.052920,0.310092,0.978333,-0.020816,-0.116393,-0.169950
8.440024,0.139500,-0.052928,0.310655,0.978333,-0.020816,-0.116393,-0.169950
8.450076,0.139503,-0.052929,0.310774,0.978378,-0.020743,-0.116021,-0.169959
8.460129,0.139491,-0.052924,0.311085,0.978422,-0.020670,-0.115650,-0.169967
8.470183,0.139469,-0.052916,0.311373,0.978422,-0.020670,-0.115650,-0.169967
8.480235,0.139479,-0.052920,0.311456,0.978488,-0.020561,-0.115092,-0.169980
8.490286,0.139465,-0.052914,0.311708,0.978509,-0.020524,-0.114906,-0.169984
8.500353,0.139381,-0.052882,0.312009,0.978509,-0.020524,-0.114906,-0.169984
8.510406,0.139366,-0.052876,0.312201,0.978509,-0.020524,-0.114906,-0.169984
8.520459,0.139339,-0.052927,0.312356,0.978499,-0.020509,-0.114716,-0.170175
8.530512,0.139340,-0.052927,0.312535,0.978564,-0.020400,-0.114159,-0.170187
8.540564,0.139332,-0.052924,0.312691,0.978586,-0.020363,-0.113973,-0.170192
8.550616,0.139292,-0.052909,0.313170,0.978586,-0.020363,-0.113973,-0.170192
8.560668,0.139276,-0.052903,0.313421,0.978608,-0.020327,-0.113787,-0.170196
8.570720,0.139259,-0.052896,0.313732,0.978651,-0.020253,-0.113415,-0.170204
8.580772,0.139258,-0.052896,0.313851,0.978694,-0.020180,-0.113043,-0.170212
8.590825,0.139244,-0.052881,0.314162,0.978769,-0.020129,-0.112667,-0.170034
8.600877,0.139165,-0.052850,0.314367,0.978769,-0.020129,-0.112667,-0.170034
8.610931,0.139154,-0.052846,0.314581,0.978812,-0.020055,-0.112295,-0.170042
8.620984,0.139145,-0.052843,0.314737,0.978834,-0.020019,-0.112109,-0.170046
8.631036,0.139102,-0.052826,0.315156,0.978812,-0.020055,-0.112295,-0.170042
8.641087,0.139064,-0.052872,0.315348,0.978780,-0.020077,-0.112291,-0.170229
8.651140,0.139045,-0.052865,0.315599,0.978801,-0.020040,-0.112105,-0.170233
8.661192,0.139025,-0.052858,0.315849,0.978819,-0.020190,-0.111887,-0.170258
8.671243,0.139004,-0.052849,0.316160,0.978861,-0.020117,-0.111515,-0.170266
8.681296,0.138993,-0.052845,0.316315,0.978882,-0.020080,-0.111329,-0.170270
8.691350,0.138981,-0.052840,0.316530,0.978925,-0.020007,-0.110957,-0.170279
8.701402,0.138889,-0.052805,0.316829,0.978925,-0.020007,-0.110957,-0.170279
8.711458,0.138833,-0.052835,0.317212,0.978925,-0.020049,-0.110949,-0.170279
8.721512,0.138735,-0.052797,0.317489,0.978882,-0.020123,-0.111321,-0.170271
8.731565,0.138695,-0.052842,0.317680,0.978850,-0.020144,-0.111317,-0.170457
8.741616,0.138673,-0.052895,0.317739,0.978839,-0.020128,-0.111127,-0.170648
8.751669,0.138585,-0.052982,0.318158,0.978752,-0.020208,-0.111305,-0.171017
8.761721,0.138542,-0.053026,0.318409,0.978741,-0.020192,-0.111115,-0.171208
8.771772,0.138511,-0.053014,0.318695,0.978741,-0.020192,-0.111115,-0.171208
8.781824,0.138450,-0.053051,0.319078,0.978708,-0.020213,-0.111112,-0.171395
8.791876,0.138452,-0.053052,0.319160,0.978771,-0.020102,-0.110554,-0.171407
8.801928,0.138444,-0.053049,0.319338,0.978834,-0.019992,-0.109996,-0.171419
8.811982,0.138419,-0.053039,0.319588,0.978855,-0.019955,-0.109810,-0.171423
8.822035,0.138403,-0.053033,0.319803,0.978897,-0.019881,-0.109439,-0.171431
8.832088,0.138304,-0.053055,0.319970,0.978885,-0.019865,-0.109249,-0.171622
8.842139,0.138276,-0.053044,0.320279,0.978927,-0.019791,-0.108877,-0.171630
8.852191,0.138216,-0.053021,0.320315,0.978968,-0.019717,-0.108505,-0.171638
8.862243,0.138205,-0.053017,0.320492,0.979030,-0.019606,-0.107947,-0.171650
8.872294,0.138177,-0.053067,0.320611,0.979038,-0.019552,-0.107572,-0.171844
8.882346,0.138147,-0.053055,0.320920,0.979083,-0.019292,-0.107233,-0.171832
8.892397,0.138093,-0.053094,0.321206,0.979050,-0.019312,-0.107229,-0.172018
8.902450,0.138088,-0.053093,0.321347,0.979131,-0.019164,-0.106485,-0.172034
8.912504,0.138087,-0.053092,0.321429,0.979192,-0.019053,-0.105927,-0.172046
8.922556,0.137987,-0.053053,0.321728,0.979192,-0.019053,-0.105927,-0.172046
8.932608,0.137978,-0.053050,0.321846,0.979232,-0.018979,-0.105555,-0.172054
8.942660,0.137884,-0.053074,0.321976,0.979239,-0.018925,-0.105180,-0.172248
8.952711,0.137814,-0.053046,0.322048,0.979259,-0.018887,-0.104994,-0.172252
8.962763,0.137667,-0.052980,0.322204,0.979272,-0.018944,-0.105175,-0.172062
8.972815,0.137504,-0.052977,0.322324,0.979239,-0.018965,-0.105172,-0.172248
8.982868,0.137341,-0.052973,0.322444,0.979206,-0.018985,-0.105168,-0.172435
8.992920,0.137147,-0.052898,0.322503,0.979246,-0.018910,-0.104796,-0.172443
9.002972,0.136939,-0.052817,0.322634,0.979246,-0.018910,-0.104796,-0.172443
9.013026,0.136652,-0.052765,0.322741,0.979233,-0.018893,-0.104606,-0.172634
9.023087,0.136324,-0.052637,0.322800,0.979233,-0.018893,-0.104606,-0.172634
9.033124,0.135982,-0.052553,0.322881,0.979273,-0.018858,-0.104227,-0.172642
9.043176,0.135848,-0.052551,0.322831,0.979313,-0.018823,-0.103847,-0.172649
9.053230,0.135674,-0.052464,0.322816,0.979458,-0.018712,-0.103094,-0.172291
9.063284,0.135530,-0.052447,0.322861,0.979533,-0.018509,-0.102743,-0.172092
9.073336,0.135335,-0.052481,0.323096,0.979540,-0.018493,-0.102360,-0.172287
9.083349,0.135090,-0.052424,0.323357,0.979553,-0.018589,-0.102533,-0.172096
9.093358,0.134724,-0.052399,0.323818,0.979468,-0.018666,-0.102712,-0.172466
9.103410,0.134356,-0.052373,0.324256,0.979343,-0.018819,-0.103263,-0.172828
9.113462,0.133651,-0.052143,0.324894,0.979205,-0.019124,-0.104555,-0.172801
9.123515,0.133219,-0.052031,0.325413,0.979076,-0.019147,-0.105514,-0.172948
9.133567,0.133068,-0.052089,0.325709,0.979010,-0.019187,-0.105506,-0.173321
9.143619,0.133011,-0.052125,0.325935,0.978957,-0.019245,-0.105689,-0.173504
9.153670,0.132905,-0.052132,0.326076,0.978937,-0.019324,-0.105866,-0.173500
9.163722,0.132703,-0.052227,0.326516,0.978756,-0.019538,-0.106598,-0.174044
9.173774,0.132618,-0.052310,0.326779,0.978649,-0.019655,-0.106962,-0.174409
9.183826,0.132364,-0.052384,0.327134,0.978468,-0.019870,-0.107693,-0.174952
9.193877,0.132130,-0.052407,0.327490,0.978319,-0.020065,-0.108428,-0.175309
9.203929,0.131703,-0.052410,0.328069,0.978073,-0.020398,-0.109716,-0.175839
9.213981,0.131494,-0.052385,0.328387,0.977977,-0.020535,-0.110268,-0.176013
9.224033,0.131150,-0.052362,0.328999,0.977846,-0.020693,-0.110817,-0.176374
9.234085,0.130790,-0.052274,0.329431,0.977749,-0.020831,-0.111370,-0.176547
9.244147,0.130053,-0.052033,0.330114,0.977588,-0.021085,-0.112479,-0.176708
9.254210,0.129773,-0.052025,0.330368,0.977564,-0.019696,-0.112921,-0.176718
9.264270,0.129644,-0.052069,0.330552,0.977628,-0.019665,-0.112347,-0.176732
9.274332,0.129613,-0.052065,0.330704,0.977785,-0.019753,-0.112131,-0.175991
9.284395,0.129500,-0.052018,0.330960,0.978142,-0.020009,-0.111875,-0.174130
9.294457,0.129409,-0.052038,0.330991,0.978318,-0.020098,-0.111466,-0.173393
9.304517,0.129219,-0.052007,0.331219,0.978526,-0.020207,-0.111050,-0.172469
9.314583,0.129044,-0.051944,0.331426,0.978658,-0.020332,-0.111020,-0.171723
9.324643,0.128665,-0.051922,0.331781,0.978671,-0.020520,-0.111172,-0.171532
9.334705,0.128490,-0.051878,0.331951,0.978758,-0.020563,-0.110967,-0.171163
9.344787,0.128107,-0.051803,0.332399,0.978937,-0.020670,-0.111124,-0.170018
9.354839,0.127726,-0.051749,0.332788,0.979026,-0.020963,-0.111443,-0.169262
9.364890,0.127371,-0.051704,0.333047,0.979135,-0.021216,-0.111577,-0.168511
9.374944,0.126722,-0.051555,0.333410,0.979136,-0.021512,-0.112091,-0.168124
9.384998,0.126511,-0.051570,0.333615,0.979104,-0.021576,-0.112077,-0.168311
9.395049,0.126432,-0.051621,0.333536,0.979243,-0.021469,-0.111129,-0.168147
9.405100,0.126406,-0.051693,0.333520,0.979338,-0.021445,-0.110550,-0.167973
9.415151,0.126270,-0.051813,0.333549,0.979413,-0.021547,-0.110136,-0.167795
9.425203,0.126167,-0.051854,0.333579,0.979488,-0.021565,-0.109742,-0.167617
9.435256,0.125849,-0.051869,0.333575,0.979477,-0.021625,-0.109534,-0.167809
9.445307,0.125670,-0.051859,0.333685,0.979413,-0.021626,-0.109535,-0.168182
9.455359,0.125379,-0.051904,0.333838,0.979295,-0.021732,-0.109707,-0.168738
9.465410,0.125128,-0.051909,0.333898,0.979210,-0.021818,-0.109883,-0.169107
9.475463,0.124612,-0.051969,0.333981,0.979027,-0.021966,-0.110047,-0.170037
9.485515,0.124101,-0.051917,0.334228,0.978867,-0.022161,-0.110587,-0.170584
9.495567,0.123661,-0.051950,0.334359,0.978737,-0.022246,-0.110570,-0.171330
9.505635,0.123481,-0.052039,0.334301,0.978721,-0.020354,-0.110517,-0.171689
9.515696,0.123454,-0.052195,0.334141,0.978768,-0.020106,-0.109215,-0.172283
9.525758,0.123320,-0.052304,0.334169,0.978710,-0.020080,-0.108835,-0.172852
9.535818,0.123002,-0.052388,0.334342,0.978599,-0.020118,-0.108635,-0.173604
9.545882,0.122662,-0.052350,0.334499,0.978512,-0.020204,-0.108812,-0.173972
9.556055,0.122336,-0.052428,0.334707,0.978379,-0.020287,-0.108797,-0.174719
9.566117,0.122173,-0.052522,0.334865,0.978299,-0.020304,-0.108601,-0.175283
9.576181,0.121834,-0.052584,0.335144,0.978158,-0.020498,-0.108947,-0.175834
9.586243,0.121375,-0.052562,0.335400,0.978138,-0.020708,-0.109091,-0.175829
9.596306,0.120855,-0.052446,0.335733,0.978145,-0.021009,-0.109600,-0.175441
9.606369,0.120443,-0.052412,0.336110,0.978205,-0.021329,-0.109908,-0.174872
9.616431,0.120393,-0.052525,0.336094,0.978268,-0.021314,-0.109325,-0.174887
9.626494,0.120299,-0.052703,0.336135,0.978217,-0.021212,-0.108574,-0.175653
9.636554,0.120196,-0.052711,0.336198,0.978204,-0.021186,-0.108386,-0.175844
9.646617,0.119900,-0.052722,0.336382,0.978130,-0.021382,-0.108728,-0.176021
9.656680,0.119641,-0.052684,0.336508,0.978102,-0.021625,-0.109252,-0.175820
9.666744,0.119267,-0.052619,0.336805,0.978100,-0.022046,-0.110120,-0.175237
9.676806,0.118990,-0.052661,0.337147,0.978051,-0.022422,-0.110804,-0.175031
9.686867,0.118586,-0.052650,0.337442,0.978115,-0.022975,-0.111634,-0.174074
9.696929,0.118314,-0.052638,0.337567,0.978119,-0.023288,-0.112137,-0.173686
9.706983,0.117658,-0.052473,0.337863,0.978103,-0.023882,-0.113348,-0.172906
9.717035,0.117300,-0.052464,0.337991,0.978106,-0.024243,-0.113837,-0.172518
9.727089,0.117090,-0.052513,0.338057,0.978228,-0.024430,-0.113588,-0.171964
9.737140,0.117014,-0.052556,0.337953,0.978326,-0.024388,-0.113009,-0.171792
9.747192,0.116749,-0.052544,0.338024,0.978414,-0.024509,-0.112778,-0.171425
9.757244,0.116254,-0.052389,0.338290,0.978361,-0.024815,-0.113479,-0.171218
9.767304,0.115798,-0.052349,0.338499,0.978421,-0.022561,-0.113856,-0.170937
9.777350,0.115431,-0.052359,0.338609,0.978411,-0.021778,-0.113979,-0.171015
9.787401,0.115069,-0.052338,0.338756,0.978325,-0.021915,-0.114142,-0.171383
9.797454,0.114572,-0.052271,0.338874,0.978193,-0.021959,-0.114137,-0.172129
9.807509,0.114399,-0.052348,0.338774,0.978159,-0.021872,-0.113577,-0.172706
9.817561,0.114234,-0.052428,0.338638,0.978145,-0.021732,-0.112834,-0.173288
9.827613,0.114053,-0.052500,0.338574,0.978088,-0.021695,-0.112457,-0.173859
9.837667,0.113615,-0.052501,0.338650,0.977976,-0.021729,-0.112258,-0.174610
9.847719,0.113250,-0.052483,0.338794,0.977855,-0.021845,-0.112428,-0.175164
9.857771,0.112860,-0.052558,0.338865,0.977708,-0.021901,-0.112225,-0.176103
9.867823,0.112556,-0.052673,0.338876,0.977540,-0.022008,-0.112204,-0.177035
9.877841,0.111877,-0.052583,0.339068,0.977479,-0.018345,-0.113242,-0.177131
9.887903,0.111692,-0.052640,0.339038,0.977432,-0.018378,-0.113041,-0.177510
9.897966,0.111494,-0.052742,0.338972,0.977373,-0.018380,-0.112654,-0.178083
9.908029,0.111391,-0.052838,0.338867,0.977368,-0.018308,-0.112089,-0.178475
9.918090,0.111115,-0.052923,0.338803,0.977377,-0.018391,-0.111673,-0.178675
9.928153,0.110920,-0.052923,0.338864,0.977503,-0.018524,-0.111429,-0.178123
9.938214,0.110500,-0.052907,0.339129,0.977672,-0.019003,-0.111668,-0.176993
9.948275,0.110236,-0.052935,0.339353,0.977825,-0.019367,-0.111745,-0.176056
9.958329,0.109990,-0.052974,0.339466,0.978176,-0.019691,-0.111229,-0.174392
9.968384,0.109843,-0.052975,0.339614,0.978370,-0.019675,-0.110999,-0.173446
9.978449,0.109592,-0.052976,0.339837,0.978486,-0.019977,-0.111094,-0.172694
9.988510,0.109248,-0.052898,0.339936,0.978722,-0.020285,-0.110980,-0.171390
9.998573,0.108881,-0.052773,0.340201,0.978749,-0.020522,-0.111298,-0.171005
10.008637,0.108294,-0.052597,0.340450,0.978800,-0.020997,-0.111933,-0.170234
10.018699,0.108189,-0.052647,0.340415,0.978889,-0.021106,-0.111695,-0.169868
10.028761,0.107917,-0.052684,0.340383,0.979065,-0.018704,-0.111873,-0.169017
10.038824,0.107678,-0.052634,0.340387,0.979231,-0.018930,-0.111785,-0.168085
10.048886,0.107215,-0.052601,0.340521,0.979345,-0.019319,-0.111846,-0.167334
10.058948,0.106920,-0.052569,0.340688,0.979306,-0.019561,-0.112166,-0.167321
10.069011,0.106520,-0.052645,0.340767,0.979138,-0.019849,-0.112484,-0.168055
10.079073,0.106193,-0.052554,0.340880,0.979077,-0.020110,-0.112996,-0.168035
10.089136,0.105530,-0.052457,0.340999,0.978880,-0.019089,-0.113742,-0.168797
10.099199,0.105323,-0.052448,0.340876,0.978836,-0.019073,-0.113555,-0.169178
10.109264,0.105001,-0.052612,0.340806,0.978718,-0.019146,-0.113149,-0.170125
10.119325,0.104795,-0.052602,0.340898,0.978786,-0.019313,-0.113087,-0.169753
10.129388,0.104265,-0.052590,0.340974,0.978649,-0.019624,-0.113393,-0.170300
10.139452,0.103969,-0.052652,0.341013,0.978432,-0.019730,-0.113578,-0.171412
10.149513,0.103420,-0.052666,0.341126,0.978139,-0.020022,-0.114105,-0.172697
10.159576,0.103137,-0.052692,0.341163,0.978086,-0.018532,-0.114545,-0.172867
10.169630,0.102520,-0.052644,0.341309,0.977838,-0.018928,-0.115230,-0.173770
10.179695,0.102342,-0.052746,0.341183,0.977726,-0.018955,-0.115036,-0.174524
10.189882,0.102115,-0.052871,0.341147,0.977580,-0.019003,-0.114839,-0.175464
10.199944,0.101935,-0.052901,0.341111,0.977569,-0.019048,-0.114627,-0.175658
10.210007,0.101671,-0.052923,0.341074,0.977559,-0.019135,-0.114401,-0.175853
10.220071,0.101257,-0.052960,0.341199,0.977440,-0.019390,-0.114525,-0.176406
10.230133,0.101046,-0.053031,0.341199,0.977340,-0.019498,-0.114499,-0.176965
10.240195,0.100631,-0.053086,0.341342,0.977088,-0.019900,-0.115181,-0.177867
10.250258,0.100253,-0.053058,0.341482,0.977042,-0.020385,-0.115811,-0.177653
10.260323,0.099733,-0.052916,0.341691,0.977197,-0.021190,-0.116702,-0.176120
10.270385,0.099506,-0.052882,0.341631,0.977385,-0.021552,-0.116751,-0.174997
10.280448,0.099255,-0.052962,0.341698,0.977518,-0.022089,-0.116941,-0.174054
10.290512,0.099077,-0.052935,0.341729,0.977635,-0.022368,-0.117026,-0.173302
10.300572,0.098714,-0.052890,0.341831,0.977677,-0.022844,-0.117446,-0.172723
10.310633,0.098443,-0.052958,0.341991,0.977536,-0.023130,-0.117756,-0.173268
10.320690,0.098069,-0.052973,0.342020,0.977520,-0.023458,-0.117837,-0.173262
10.330750,0.097777,-0.052887,0.342212,0.977559,-0.023851,-0.118285,-0.172682
10.340810,0.097476,-0.052842,0.342330,0.977743,-0.024265,-0.118309,-0.171559
10.350870,0.097123,-0.052816,0.342358,0.977759,-0.024573,-0.118392,-0.171367
10.360931,0.096622,-0.052631,0.342326,0.977853,-0.024969,-0.118631,-0.170608
10.370991,0.096373,-0.052577,0.342355,0.977900,-0.025212,-0.118733,-0.170229
10.381051,0.096069,-0.052625,0.342112,0.977993,-0.025202,-0.117926,-0.170261
10.391111,0.095794,-0.052682,0.342034,0.977940,-0.025219,-0.117525,-0.170837
10.401168,0.095303,-0.052604,0.342020,0.977979,-0.025502,-0.117412,-0.170652
10.411231,0.094998,-0.052512,0.342009,0.978095,-0.023809,-0.117661,-0.170057
10.421291,0.094681,-0.052530,0.342091,0.978033,-0.023984,-0.117601,-0.170431
10.431356,0.094295,-0.052573,0.342117,0.977849,-0.024210,-0.117737,-0.171356
10.441417,0.093867,-0.052502,0.342212,0.977653,-0.024510,-0.118246,-0.172079
10.451477,0.093444,-0.052529,0.342146,0.977434,-0.024715,-0.118394,-0.173189
10.461539,0.093283,-0.052610,0.341979,0.977379,-0.024686,-0.118010,-0.173765
10.471600,0.092963,-0.052747,0.341899,0.977189,-0.024702,-0.117626,-0.175086
10.481663,0.092761,-0.052812,0.341857,0.977077,-0.024721,-0.117432,-0.175839
10.491726,0.092309,-0.052816,0.341878,0.976854,-0.024926,-0.117579,-0.176949
10.501785,0.092027,-0.052829,0.341905,0.976824,-0.019498,-0.118750,-0.177010
10.511844,0.091585,-0.052930,0.342000,0.976490,-0.019894,-0.119246,-0.178473
10.521906,0.091223,-0.052869,0.342130,0.976339,-0.020313,-0.119904,-0.178810
10.531965,0.090699,-0.052777,0.342251,0.976190,-0.020823,-0.120525,-0.179148
10.542027,0.090470,-0.052873,0.342206,0.976147,-0.020973,-0.120270,-0.179532
10.552086,0.090223,-0.052861,0.342082,0.976522,-0.018371,-0.120048,-0.177919
10.562148,0.090054,-0.052837,0.342034,0.976759,-0.018597,-0.119713,-0.176816
10.572207,0.089648,-0.052852,0.342084,0.976904,-0.019242,-0.119823,-0.175873
10.582270,0.089362,-0.052806,0.342176,0.976986,-0.019767,-0.120193,-0.175104
10.592329,0.089018,-0.052679,0.342297,0.977184,-0.020455,-0.120675,-0.173583
10.602390,0.088777,-0.052729,0.342357,0.977183,-0.020892,-0.120893,-0.173382
10.612449,0.088416,-0.052625,0.342476,0.977379,-0.021630,-0.121350,-0.171861
10.622511,0.088160,-0.052516,0.342564,0.977592,-0.022207,-0.121668,-0.170348
10.632572,0.087814,-0.052392,0.342683,0.977747,-0.022888,-0.122153,-0.169012
10.642634,0.087445,-0.052313,0.342764,0.977959,-0.023606,-0.122406,-0.167500
10.652694,0.087191,-0.052218,0.342854,0.977997,-0.024040,-0.122815,-0.166916
10.662755,0.086780,-0.052223,0.342976,0.977818,-0.024605,-0.123408,-0.167441
10.672814,0.086491,-0.052202,0.343068,0.977657,-0.024958,-0.123889,-0.167972
10.682877,0.085967,-0.052074,0.343253,0.977363,-0.025552,-0.124896,-0.168848
10.692937,0.085655,-0.052091,0.343344,0.977159,-0.024977,-0.125548,-0.169632
10.702994,0.085253,-0.052091,0.343466,0.976874,-0.025439,-0.126206,-0.170711
10.713054,0.084818,-0.051983,0.343619,0.976596,-0.025912,-0.127060,-0.171593
10.723113,0.084273,-0.051981,0.343676,0.976185,-0.026484,-0.127894,-0.173219
10.733174,0.084067,-0.052000,0.343700,0.976099,-0.026706,-0.128012,-0.173583
10.743234,0.083742,-0.052036,0.343553,0.975957,-0.026794,-0.127794,-0.174524
10.753297,0.083353,-0.052060,0.343565,0.975770,-0.027090,-0.127896,-0.175446
10.763354,0.082834,-0.051901,0.343685,0.975733,-0.027532,-0.128106,-0.175430
10.773416,0.082577,-0.051846,0.343699,0.975751,-0.027823,-0.128172,-0.175238
10.783477,0.082069,-0.051827,0.343843,0.975544,-0.028586,-0.128876,-0.175750
10.793538,0.081689,-0.051716,0.343827,0.975517,-0.029090,-0.129258,-0.175539
10.803598,0.081368,-0.051672,0.343741,0.975678,-0.029616,-0.129184,-0.174606
10.813661,0.081176,-0.051662,0.343723,0.975824,-0.029941,-0.129001,-0.173868
10.823749,0.080932,-0.051616,0.343623,0.976120,-0.030214,-0.128404,-0.172594
10.833811,0.080592,-0.051562,0.343592,0.976163,-0.030517,-0.128249,-0.172413
10.843870,0.080343,-0.051516,0.343569,0.976169,-0.030705,-0.128156,-0.172416
10.853929,0.079984,-0.051456,0.343609,0.976131,-0.031155,-0.128355,-0.172400
10.863990,0.079773,-0.051472,0.343589,0.976243,-0.031504,-0.128162,-0.171848
10.874051,0.079385,-0.051312,0.343580,0.976467,-0.032027,-0.128067,-0.170544
10.884113,0.079065,-0.051198,0.343581,0.976587,-0.032437,-0.128046,-0.169796
10.894173,0.078760,-0.051196,0.343388,0.976677,-0.032613,-0.127525,-0.169635
10.904231,0.078502,-0.051146,0.343399,0.976626,-0.032864,-0.127615,-0.169814
10.914292,0.078263,-0.051166,0.343289,0.976531,-0.033030,-0.127548,-0.170374
10.924353,0.077978,-0.051173,0.343263,0.976472,-0.033265,-0.127439,-0.170750
10.934415,0.077567,-0.051048,0.343291,0.976634,-0.028527,-0.128519,-0.169865
10.944477,0.077375,-0.051057,0.343274,0.976573,-0.028670,-0.128460,-0.170240
10.954534,0.076952,-0.051096,0.343350,0.976209,-0.029110,-0.128936,-0.171883
10.964596,0.076674,-0.051046,0.343431,0.976044,-0.029497,-0.129395,-0.172410
10.974654,0.076223,-0.050947,0.343567,0.975766,-0.030112,-0.130176,-0.173287
10.984718,0.075876,-0.050940,0.343554,0.975498,-0.030529,-0.130641,-0.174371
10.994777,0.075605,-0.050969,0.343512,0.975321,-0.030902,-0.130901,-0.175096
11.004841,0.075437,-0.051002,0.343443,0.975199,-0.031114,-0.131024,-0.175644
11.014899,0.075025,-0.050983,0.343548,0.974979,-0.031764,-0.131564,-0.176348
11.024962,0.074743,-0.050923,0.343624,0.974917,-0.032273,-0.131934,-0.176319
11.035017,0.074286,-0.050797,0.343750,0.974884,-0.033155,-0.132516,-0.175902
11.045078,0.074082,-0.050764,0.343797,0.974951,-0.033646,-0.132657,-0.175330
11.055139,0.073805,-0.050692,0.343871,0.975125,-0.027861,-0.134135,-0.174250
11.065199,0.073394,-0.050586,0.343873,0.975154,-0.028685,-0.134518,-0.173656
11.075260,0.073048,-0.050400,0.343876,0.975174,-0.029317,-0.135005,-0.173058
11.085320,0.072772,-0.050401,0.343824,0.975249,-0.029961,-0.135052,-0.172489
11.095381,0.072551,-0.050325,0.343772,0.975387,-0.030505,-0.135136,-0.171546
11.105441,0.072242,-0.050208,0.343742,0.975741,-0.026846,-0.136037,-0.169419
11.115505,0.071931,-0.050119,0.343716,0.975770,-0.026910,-0.136411,-0.168941
11.125564,0.071627,-0.050047,0.343472,0.975878,-0.027534,-0.136449,-0.168185
11.135626,0.071417,-0.049966,0.343421,0.975944,-0.027990,-0.136592,-0.167611
11.145685,0.070980,-0.049853,0.343324,0.975874,-0.028581,-0.137046,-0.167545
11.155747,0.070679,-0.049702,0.343203,0.975882,-0.029113,-0.137371,-0.167142
11.165806,0.070495,-0.049715,0.342813,0.975964,-0.029454,-0.137150,-0.166781
11.175867,0.070291,-0.049744,0.342646,0.975816,-0.029705,-0.137260,-0.167514
11.185927,0.069976,-0.049676,0.342312,0.975643,-0.030054,-0.137532,-0.168234
11.195988,0.069784,-0.049639,0.342049,0.975568,-0.028742,-0.137934,-0.168570
11.206048,0.069533,-0.049690,0.341788,0.975316,-0.028975,-0.138086,-0.169857
11.216108,0.069327,-0.049726,0.341621,0.975130,-0.029204,-0.138220,-0.170774
11.226168,0.068936,-0.049618,0.341309,0.974934,-0.029703,-0.138622,-0.171482
11.236228,0.068799,-0.049701,0.341116,0.974805,-0.029858,-0.138570,-0.172227
11.246286,0.068642,-0.049853,0.340706,0.974633,-0.029968,-0.138345,-0.173357
11.256348,0.068572,-0.049929,0.340391,0.974631,-0.030043,-0.138089,-0.173561
11.266409,0.068338,-0.049920,0.340118,0.974696,-0.030533,-0.137992,-0.173189
11.276468,0.068221,-0.049898,0.339822,0.974853,-0.030636,-0.137808,-0.172431
11.286530,0.068029,-0.049926,0.339429,0.974941,-0.031025,-0.137548,-0.172072
11.296589,0.067950,-0.050003,0.339110,0.975011,-0.031193,-0.137212,-0.171909
11.306651,0.067790,-0.049952,0.338935,0.975103,-0.031558,-0.137177,-0.171348
11.316711,0.067618,-0.049953,0.338541,0.975223,-0.031920,-0.136920,-0.170804
11.326772,0.067463,-0.049893,0.338364,0.975349,-0.032308,-0.136859,-0.170059
11.336832,0.067345,-0.049898,0.337845,0.975630,-0.032657,-0.136342,-0.168789
11.346894,0.067289,-0.049940,0.337525,0.975767,-0.032817,-0.135986,-0.168255
11.356953,0.067047,-0.049865,0.337374,0.975767,-0.033289,-0.136123,-0.168052
11.367015,0.066966,-0.049949,0.337055,0.975802,-0.033428,-0.135809,-0.168073
11.377075,0.066795,-0.049861,0.336781,0.975960,-0.033839,-0.135718,-0.167143
11.387136,0.066691,-0.049837,0.336486,0.976036,-0.034029,-0.135574,-0.166779
11.397199,0.066573,-0.049918,0.336069,0.976074,-0.034215,-0.135227,-0.166801
11.407262,0.066382,-0.049933,0.335898,0.975960,-0.034494,-0.135302,-0.167350
11.417325,0.066227,-0.049948,0.335510,0.975866,-0.034620,-0.135251,-0.167910
11.427387,0.066005,-0.049879,0.335365,0.975809,-0.031348,-0.136181,-0.168134
11.437450,0.065810,-0.049952,0.334979,0.975616,-0.031503,-0.136145,-0.169251
11.447514,0.065712,-0.049989,0.334785,0.975519,-0.031581,-0.136127,-0.169809
11.457578,0.065536,-0.050037,0.334398,0.975356,-0.031711,-0.136096,-0.170739
11.467639,0.065439,-0.050074,0.334204,0.975259,-0.031789,-0.136078,-0.171297
11.477703,0.065127,-0.050077,0.333961,0.974983,-0.032182,-0.136349,-0.172572
11.487766,0.064952,-0.050081,0.333790,0.974828,-0.032391,-0.136481,-0.173302
11.497827,0.064856,-0.050205,0.333476,0.974685,-0.032416,-0.136294,-0.174245
11.507890,0.064725,-0.050238,0.333184,0.974711,-0.028638,-0.136942,-0.174258
11.517953,0.064551,-0.050286,0.332796,0.974544,-0.028769,-0.136914,-0.175187
11.528018,0.064396,-0.050264,0.332626,0.974427,-0.028767,-0.137088,-0.175704
11.538080,0.064185,-0.050230,0.332261,0.974270,-0.028978,-0.137222,-0.176433
11.548143,0.064148,-0.050280,0.331946,0.974225,-0.028924,-0.137055,-0.176819
11.558206,0.063967,-0.050327,0.331554,0.974132,-0.029147,-0.136941,-0.177382
11.568268,0.063909,-0.050385,0.331234,0.974202,-0.029255,-0.136629,-0.177220
11.578330,0.063765,-0.050367,0.330837,0.974325,-0.029561,-0.136385,-0.176678
11.588394,0.063665,-0.050394,0.330638,0.974336,-0.029753,-0.136255,-0.176685
11.598459,0.063556,-0.050378,0.330339,0.974457,-0.030010,-0.136043,-0.176141
11.608521,0.063522,-0.050335,0.329914,0.974813,-0.030243,-0.135547,-0.174505
11.618584,0.063554,-0.050393,0.329566,0.975081,-0.030299,-0.134976,-0.173435
11.628648,0.063448,-0.050309,0.329162,0.975508,-0.027522,-0.135157,-0.171348
11.638712,0.063270,-0.050156,0.329003,0.975685,-0.028013,-0.135199,-0.170220
11.648774,0.063194,-0.050111,0.328475,0.976108,-0.028378,-0.134572,-0.168220
11.658837,0.063197,-0.050175,0.328033,0.976276,-0.027991,-0.134145,-0.167651
11.668901,0.063109,-0.050135,0.327733,0.976424,-0.028218,-0.133933,-0.166920
11.678966,0.063109,-0.050121,0.327411,0.976587,-0.028240,-0.133634,-0.166200
11.689031,0.062988,-0.050079,0.327012,0.976736,-0.028513,-0.133388,-0.165471
11.699093,0.062913,-0.050031,0.326714,0.976845,-0.028671,-0.133236,-0.164923
11.709156,0.062861,-0.050039,0.326294,0.976978,-0.028764,-0.132898,-0.164390
11.719220,0.062798,-0.050026,0.326095,0.977018,-0.028878,-0.132803,-0.164210
11.729285,0.062640,-0.049971,0.325823,0.976971,-0.029109,-0.132882,-0.164386
11.739349,0.062551,-0.049966,0.325530,0.976908,-0.029160,-0.132871,-0.164759
11.749359,0.062409,-0.049950,0.325041,0.976814,-0.029236,-0.132854,-0.165318
11.759415,0.062410,-0.050082,0.324703,0.976762,-0.029087,-0.132533,-0.165906
11.769479,0.062229,-0.050068,0.324432,0.976614,-0.029301,-0.132663,-0.166636
11.779543,0.062195,-0.050120,0.324116,0.976572,-0.029239,-0.132500,-0.167023
11.789608,0.062088,-0.050139,0.323823,0.976476,-0.029314,-0.132483,-0.167582
11.799669,0.062051,-0.050199,0.323508,0.976398,-0.029231,-0.132349,-0.168153
11.809732,0.061965,-0.050241,0.322996,0.976323,-0.029194,-0.132180,-0.168726
11.819796,0.061913,-0.050230,0.322800,0.976291,-0.029219,-0.132175,-0.168913
11.829860,0.061826,-0.050226,0.322507,0.976227,-0.029270,-0.132163,-0.169285
11.839922,0.061778,-0.050207,0.322310,0.976230,-0.029316,-0.132130,-0.169287
11.849984,0.061735,-0.050226,0.321893,0.976257,-0.029296,-0.131910,-0.169306
11.860048,0.061728,-0.050238,0.321574,0.976359,-0.027760,-0.131955,-0.168937
11.870111,0.061629,-0.050210,0.321181,0.976330,-0.027831,-0.131916,-0.169125
11.880174,0.061615,-0.050239,0.320865,0.976319,-0.027743,-0.131759,-0.169326
11.890235,0.061492,-0.050196,0.320691,0.976233,-0.027907,-0.131900,-0.169684
11.900297,0.061444,-0.050233,0.320276,0.976189,-0.027844,-0.131738,-0.170071
11.910361,0.061415,-0.050278,0.319959,0.976181,-0.027802,-0.131547,-0.170274
11.920377,0.061295,-0.050281,0.319566,0.976083,-0.027877,-0.131531,-0.170832
11.930429,0.061226,-0.050295,0.319370,0.976018,-0.027927,-0.131521,-0.171205
11.940481,0.061231,-0.050388,0.318933,0.975995,-0.027750,-0.131208,-0.171606
11.950533,0.061181,-0.050379,0.318736,0.975962,-0.027775,-0.131203,-0.171792
11.960585,0.061168,-0.050409,0.318419,0.975950,-0.027686,-0.131046,-0.171993
11.970637,0.061207,-0.050495,0.318080,0.975959,-0.027484,-0.130739,-0.172209
11.980689,0.061106,-0.050430,0.317906,0.975905,-0.027623,-0.130885,-0.172380
11.990740,0.061075,-0.050398,0.317709,0.975905,-0.027623,-0.130885,-0.172380
12.000792,0.061000,-0.050317,0.317218,0.975905,-0.027623,-0.130885,-0.172380
12.010844,0.061007,-0.050325,0.316901,0.975926,-0.027509,-0.130734,-0.172395
12.020896,0.061036,-0.050356,0.316365,0.975968,-0.027281,-0.130432,-0.172424
12.030950,0.061007,-0.050324,0.316168,0.975968,-0.027281,-0.130432,-0.172424
12.041002,0.060999,-0.050316,0.315752,0.975989,-0.027168,-0.130281,-0.172439
12.051055,0.060970,-0.050284,0.315555,0.975989,-0.027168,-0.130281,-0.172439
12.061107,0.061014,-0.050332,0.315117,0.976030,-0.026940,-0.129979,-0.172468
12.071159,0.061054,-0.050418,0.314778,0.976038,-0.026738,-0.129672,-0.172684
12.081211,0.061061,-0.050426,0.314460,0.976059,-0.026624,-0.129521,-0.172698
12.091263,0.061120,-0.050489,0.314120,0.976100,-0.026396,-0.129219,-0.172727
12.101314,0.061080,-0.050434,0.313823,0.976136,-0.026417,-0.129190,-0.172543
12.111367,0.061138,-0.050497,0.313483,0.976177,-0.026189,-0.128888,-0.172572
12.121420,0.061182,-0.050544,0.313045,0.976217,-0.025961,-0.128586,-0.172602
12.131472,0.061190,-0.050553,0.312727,0.976238,-0.025848,-0.128435,-0.172616
12.141526,0.061147,-0.050507,0.312431,0.976238,-0.025848,-0.128435,-0.172616
12.151579,0.061068,-0.050422,0.312256,0.976270,-0.023913,-0.128948,-0.172331
12.161632,0.061091,-0.050446,0.312037,0.976290,-0.023799,-0.128797,-0.172346
12.171685,0.061135,-0.050494,0.311598,0.976330,-0.023572,-0.128495,-0.172376
12.181737,0.061194,-0.050557,0.311258,0.976370,-0.023344,-0.128193,-0.172406
12.191788,0.061252,-0.050619,0.310917,0.976409,-0.023116,-0.127891,-0.172435
12.201841,0.061274,-0.050643,0.310697,0.976429,-0.023002,-0.127740,-0.172450
12.211892,0.061296,-0.050667,0.310478,0.976449,-0.022889,-0.127589,-0.172465
12.221945,0.061282,-0.050652,0.310379,0.976449,-0.022889,-0.127589,-0.172465
12.231998,0.061341,-0.050714,0.310038,0.976489,-0.022661,-0.127287,-0.172495
12.242049,0.061413,-0.050792,0.309796,0.976528,-0.022433,-0.126985,-0.172524
12.252100,0.061449,-0.050830,0.309675,0.976548,-0.022319,-0.126834,-0.172539
12.262152,0.061520,-0.050907,0.309433,0.976587,-0.022092,-0.126532,-0.172569
12.272206,0.061592,-0.050984,0.309190,0.976626,-0.021864,-0.126230,-0.172598
12.282260,0.061628,-0.051023,0.309069,0.976645,-0.021750,-0.126079,-0.172613
12.292311,0.061749,-0.051153,0.308804,0.976703,-0.021409,-0.125625,-0.172657
12.302364,0.061785,-0.051191,0.308682,0.976723,-0.021295,-0.125474,-0.172672
12.312415,0.061820,-0.051229,0.308561,0.976742,-0.021181,-0.125323,-0.172687
12.322479,0.061856,-0.051267,0.308440,0.976761,-0.021067,-0.125172,-0.172702
12.332542,0.061927,-0.051344,0.308197,0.976799,-0.020839,-0.124870,-0.172731
12.342606,0.061963,-0.051382,0.308075,0.976819,-0.020725,-0.124719,-0.172746
12.352668,0.061963,-0.051382,0.308075,0.976819,-0.020725,-0.124719,-0.172746
12.362730,0.061963,-0.051382,0.308075,0.976819,-0.020725,-0.124719,-0.172746
12.372794,0.061998,-0.051420,0.307954,0.976838,-0.020612,-0.124568,-0.172761
12.382855,0.061998,-0.051420,0.307954,0.976838,-0.020612,-0.124568,-0.172761
12.392918,0.061998,-0.051420,0.307954,0.976838,-0.020612,-0.124568,-0.172761
12.402981,0.061998,-0.051420,0.307954,0.976838,-0.020612,-0.124568,-0.172761
12.413043,0.061963,-0.051382,0.308075,0.976819,-0.020725,-0.124719,-0.172746
12.423105,0.061963,-0.051382,0.308075,0.976819,-0.020725,-0.124719,-0.172746
12.433169,0.061963,-0.051382,0.308075,0.976819,-0.020725,-0.124719,-0.172746
12.443233,0.061998,-0.051420,0.307954,0.976838,-0.020612,-0.124568,-0.172761
12.453295,0.061998,-0.051420,0.307954,0.976838,-0.020612,-0.124568,-0.172761
12.463358,0.061998,-0.051420,0.307954,0.976838,-0.020612,-0.124568,-0.172761
12.473420,0.061998,-0.051420,0.307954,0.976838,-0.020612,-0.124568,-0.172761
12.483483,0.061998,-0.051420,0.307954,0.976838,-0.020612,-0.124568,-0.172761
12.493545,0.061978,-0.051444,0.307954,0.976805,-0.020635,-0.124564,-0.172947
12.503609,0.061943,-0.051406,0.308075,0.976786,-0.020749,-0.124715,-0.172932
12.513674,0.061943,-0.051406,0.308075,0.976786,-0.020749,-0.124715,-0.172932
12.523736,0.061923,-0.051429,0.308075,0.976753,-0.020773,-0.124711,-0.173118
12.533799,0.061923,-0.051429,0.308075,0.976753,-0.020773,-0.124711,-0.173118
12.543863,0.061923,-0.051429,0.308075,0.976753,-0.020773,-0.124711,-0.173118
12.553927,0.061923,-0.051429,0.308075,0.976753,-0.020773,-0.124711,-0.173118
12.563989,0.061973,-0.051482,0.308053,0.976772,-0.020659,-0.124560,-0.173133
12.574052,0.061973,-0.051482,0.308053,0.976772,-0.020659,-0.124560,-0.173133
12.584116,0.062022,-0.051535,0.308030,0.976791,-0.020545,-0.124409,-0.173148
12.594181,0.062022,-0.051535,0.308030,0.976791,-0.020545,-0.124409,-0.173148
12.604242,0.062036,-0.051550,0.308128,0.976791,-0.020545,-0.124409,-0.173148
12.614305,0.062086,-0.051603,0.308105,0.976810,-0.020431,-0.124258,-0.173163
12.624361,0.062135,-0.051657,0.308082,0.976829,-0.020317,-0.124106,-0.173177
12.634417,0.062135,-0.051657,0.308082,0.976829,-0.020317,-0.124106,-0.173177
12.644481,0.062100,-0.051619,0.308204,0.976810,-0.020431,-0.124258,-0.173163
12.654536,0.062149,-0.051672,0.308181,0.976829,-0.020317,-0.124106,-0.173177
12.664663,0.062163,-0.051687,0.308280,0.976829,-0.020317,-0.124106,-0.173177
12.674723,0.062128,-0.051649,0.308401,0.976810,-0.020431,-0.124258,-0.173163
12.684786,0.062092,-0.051611,0.308523,0.976791,-0.020545,-0.124409,-0.173148
12.694850,0.062092,-0.051611,0.308523,0.976791,-0.020545,-0.124409,-0.173148
12.704914,0.062106,-0.051626,0.308621,0.976791,-0.020545,-0.124409,-0.173148
12.714977,0.062071,-0.051588,0.308743,0.976772,-0.020659,-0.124560,-0.173133
12.725040,0.062036,-0.051550,0.308864,0.976753,-0.020773,-0.124711,-0.173118
12.735104,0.062050,-0.051565,0.308963,0.976753,-0.020773,-0.124711,-0.173118
12.745164,0.062083,-0.051556,0.309061,0.976786,-0.020749,-0.124715,-0.172932
12.755227,0.062112,-0.051587,0.309258,0.976786,-0.020749,-0.124715,-0.172932
12.765289,0.062091,-0.051564,0.309478,0.976767,-0.020863,-0.124866,-0.172917
12.775354,0.062139,-0.051571,0.309675,0.976799,-0.020839,-0.124870,-0.172731
12.785360,0.062257,-0.051608,0.309849,0.976884,-0.020678,-0.124727,-0.172373
12.795413,0.062417,-0.051746,0.310100,0.976920,-0.020407,-0.124456,-0.172400
12.805465,0.062600,-0.051852,0.310349,0.977024,-0.020132,-0.124161,-0.172057
12.815517,0.062814,-0.051991,0.310794,0.977127,-0.019858,-0.123866,-0.171714
12.825571,0.062999,-0.052098,0.311043,0.977230,-0.019583,-0.123571,-0.171370
12.835623,0.063078,-0.052047,0.311875,0.977290,-0.019740,-0.123885,-0.170782
12.845677,0.063293,-0.052241,0.312101,0.977344,-0.019357,-0.123462,-0.170824
12.855729,0.063798,-0.052698,0.312306,0.977523,-0.018383,-0.122285,-0.170752
12.865782,0.063999,-0.052865,0.312749,0.977593,-0.018133,-0.121985,-0.170595
12.875834,0.064136,-0.052873,0.313557,0.977672,-0.018177,-0.122147,-0.170021
12.885886,0.064257,-0.052876,0.313949,0.977734,-0.018088,-0.122185,-0.169646
12.895947,0.064711,-0.053195,0.314521,0.977778,-0.017294,-0.121607,-0.169893
12.906010,0.065056,-0.053407,0.314819,0.977875,-0.016694,-0.121094,-0.169759
12.916064,0.065397,-0.053464,0.315358,0.978068,-0.016270,-0.120866,-0.168851
12.926128,0.065482,-0.053449,0.315874,0.978041,-0.016257,-0.121109,-0.168831
12.936190,0.065779,-0.053538,0.316319,0.978096,-0.015801,-0.120958,-0.168663
12.946251,0.066359,-0.053778,0.316985,0.978195,-0.014845,-0.120465,-0.168532
12.956311,0.066570,-0.053785,0.317575,0.978179,-0.014595,-0.120643,-0.168520
12.966373,0.066815,-0.053688,0.318292,0.978133,-0.014288,-0.121093,-0.168486
12.976432,0.067172,-0.053829,0.318619,0.977991,-0.013529,-0.120999,-0.169438
12.986495,0.067733,-0.054043,0.319318,0.977712,-0.012381,-0.120997,-0.171134
12.996554,0.068041,-0.054094,0.319889,0.977528,-0.011803,-0.121231,-0.172055
13.006616,0.068254,-0.053921,0.320856,0.977224,-0.011468,-0.122227,-0.173094
13.016681,0.068561,-0.053979,0.321427,0.977003,-0.010868,-0.122482,-0.174199
13.026743,0.069288,-0.054207,0.321972,0.976815,-0.009427,-0.122169,-0.175551
13.036804,0.069625,-0.054228,0.322539,0.976661,-0.008826,-0.122390,-0.176286
13.046862,0.069926,-0.053992,0.323601,0.976453,-0.008404,-0.123379,-0.176767
13.056923,0.070283,-0.053992,0.324168,0.976295,-0.007756,-0.123621,-0.177500
13.066982,0.071151,-0.054254,0.324555,0.976246,-0.006143,-0.122900,-0.178329
13.077045,0.071547,-0.054246,0.325213,0.976197,-0.005557,-0.123054,-0.178510
13.087103,0.071916,-0.054002,0.326147,0.976077,-0.005016,-0.123844,-0.178635
13.097154,0.072396,-0.054017,0.326777,0.976080,-0.004306,-0.123831,-0.178646
13.107203,0.073275,-0.054194,0.327278,0.976083,-0.002814,-0.123206,-0.179091
13.117257,0.073761,-0.054099,0.327712,0.976191,-0.002083,-0.123157,-0.178545
13.127309,0.074407,-0.054019,0.328533,0.976215,-0.001146,-0.123251,-0.178362
13.137361,0.075001,-0.053970,0.329034,0.976337,-0.000280,-0.123053,-0.177830
13.147412,0.075740,-0.053897,0.329823,0.976448,0.000752,-0.122944,-0.177292
13.157461,0.076259,-0.053760,0.330253,0.976589,0.001498,-0.122874,-0.176561
13.167510,0.076982,-0.053900,0.330571,0.976660,0.002603,-0.122187,-0.176632
13.177559,0.077948,-0.053890,0.331176,0.976779,0.004039,-0.121647,-0.176321
13.187608,0.078374,-0.053726,0.331850,0.976777,0.004607,-0.121938,-0.176116
13.197660,0.079370,-0.053680,0.332452,0.976892,0.006070,-0.121397,-0.175805
13.207715,0.080193,-0.053768,0.332636,0.977046,0.007275,-0.120502,-0.175520
13.217768,0.081179,-0.053720,0.333265,0.977166,0.005788,-0.119578,-0.175539
13.227820,0.081835,-0.053691,0.333629,0.977161,0.006769,-0.119235,-0.175764
13.237872,0.082832,-0.053656,0.334218,0.977189,-0.005966,-0.116120,-0.177712
13.247924,0.083589,-0.053615,0.334546,0.977322,-0.004933,-0.115547,-0.177387
13.257976,0.084809,-0.053713,0.334818,0.977426,-0.003203,-0.114280,-0.177675
13.268028,0.085499,-0.053717,0.335048,0.977418,-0.002200,-0.113720,-0.178095
13.278080,0.086717,-0.053732,0.335436,0.977534,-0.000567,-0.112590,-0.178185
13.288133,0.087494,-0.053660,0.335753,0.977664,0.000420,-0.111975,-0.177861
13.298184,0.088621,-0.053663,0.336162,0.977614,-0.015091,-0.107860,-0.180026
13.308238,0.089455,-0.053655,0.336260,0.977743,-0.014073,-0.107054,-0.179887
13.318291,0.090749,-0.053699,0.336414,0.977865,-0.012464,-0.105681,-0.180154
13.328342,0.091611,-0.053707,0.336634,0.977903,-0.011510,-0.105056,-0.180378
13.338349,0.092990,-0.053710,0.336671,0.978056,-0.010084,-0.103990,-0.180253
13.348401,0.093865,-0.053728,0.336866,0.978093,-0.009347,-0.103671,-0.180274
13.358454,0.095337,-0.053757,0.336839,0.978333,-0.008111,-0.102703,-0.179583
13.368506,0.096108,-0.053666,0.337041,0.978388,-0.007627,-0.102877,-0.179205
13.378557,0.097538,-0.053729,0.337074,0.978524,-0.006585,-0.102243,-0.178869
13.388609,0.098485,-0.053733,0.337110,0.978578,-0.005953,-0.102065,-0.178695
13.398660,0.099348,-0.053627,0.337304,0.978632,-0.005435,-0.102241,-0.178316
13.408714,0.100912,-0.053765,0.337284,0.978750,-0.004369,-0.101406,-0.178176
13.418767,0.101800,-0.053690,0.337344,0.978822,-0.003828,-0.101382,-0.177807
13.428819,0.103200,-0.053637,0.337618,0.978905,-0.003147,-0.101597,-0.177240
13.438871,0.104217,-0.053651,0.337632,0.978976,-0.006504,-0.100665,-0.177285
13.448923,0.105639,-0.053636,0.337766,0.979010,-0.005766,-0.100703,-0.177101
13.458976,0.106690,-0.053643,0.337679,0.979102,-0.005207,-0.100474,-0.176740
13.469027,0.108044,-0.053600,0.337819,0.979085,-0.004681,-0.101034,-0.176532
13.479081,0.109096,-0.053573,0.337759,0.979193,-0.004199,-0.100969,-0.175977
13.489133,0.110388,-0.053519,0.337833,0.979124,-0.003739,-0.101705,-0.175948
13.499184,0.111316,-0.053512,0.337875,0.979113,-0.003458,-0.102179,-0.175741
13.509238,0.112601,-0.053450,0.337937,0.979113,-0.003058,-0.102880,-0.175339
13.519290,0.113559,-0.053365,0.337971,0.979088,-0.015298,-0.101094,-0.175880
13.529342,0.115009,-0.053391,0.337847,0.979163,-0.014839,-0.101413,-0.175312
13.539396,0.115789,-0.053284,0.337954,0.979083,-0.014626,-0.102260,-0.175287
13.549448,0.117133,-0.053228,0.338024,0.978965,-0.014195,-0.103167,-0.175447
13.559500,0.117933,-0.053268,0.338082,0.978836,-0.013997,-0.103814,-0.175801
13.569552,0.119203,-0.053148,0.338182,0.978806,-0.017653,-0.104152,-0.175442
13.579604,0.120150,-0.053113,0.338097,0.978831,-0.017395,-0.104607,-0.175057
13.589656,0.121307,-0.053084,0.338134,0.978742,-0.017222,-0.105824,-0.174837
13.599709,0.122125,-0.053041,0.338213,0.978660,-0.017047,-0.106649,-0.174815
13.609763,0.123290,-0.052981,0.338241,0.978467,-0.016756,-0.107896,-0.175155
13.619816,0.123939,-0.052953,0.338307,0.978310,-0.016719,-0.109077,-0.175308
13.629869,0.124722,-0.052837,0.338290,0.978360,-0.016606,-0.109876,-0.174539
13.639920,0.125869,-0.052817,0.338246,0.978379,-0.016599,-0.111232,-0.173568
13.649972,0.126550,-0.052770,0.338174,0.978273,-0.018407,-0.111886,-0.173567
13.660023,0.127515,-0.052688,0.338282,0.978103,-0.018491,-0.114002,-0.173136
13.670075,0.128279,-0.052677,0.338101,0.977979,-0.019145,-0.114862,-0.173197
13.680127,0.129166,-0.052627,0.337771,0.977747,-0.019102,-0.116620,-0.173337
13.690179,0.129796,-0.052552,0.337545,0.977613,-0.019037,-0.117797,-0.173305
13.700231,0.130686,-0.052503,0.337113,0.977509,-0.019108,-0.119522,-0.172698
13.710285,0.131331,-0.052436,0.336752,0.977527,-0.019125,-0.120481,-0.171926
13.720337,0.131883,-0.052319,0.336462,0.977251,-0.019278,-0.122771,-0.171862
13.730388,0.132310,-0.052198,0.336070,0.977110,-0.019233,-0.123941,-0.171829
13.740440,0.133175,-0.052250,0.335077,0.977014,-0.019105,-0.124740,-0.171807
13.750492,0.133609,-0.052196,0.334456,0.976994,-0.019178,-0.125688,-0.171221
13.760544,0.134331,-0.052187,0.333765,0.976991,-0.019325,-0.127003,-0.170251
13.770597,0.134714,-0.052100,0.333021,0.977025,-0.019379,-0.127759,-0.169484
13.780650,0.135125,-0.051975,0.332099,0.976984,-0.019498,-0.129081,-0.168700
13.790701,0.135471,-0.051910,0.331447,0.976886,-0.019452,-0.129861,-0.168678
13.800751,0.135929,-0.051917,0.330343,0.976664,-0.019368,-0.130846,-0.169209
13.810805,0.136291,-0.051967,0.329356,0.976631,-0.019244,-0.130872,-0.169395
13.820968,0.136677,-0.051946,0.328165,0.976571,-0.019328,-0.131816,-0.168995
13.831019,0.136911,-0.051976,0.327390,0.976529,-0.019413,-0.132376,-0.168792
13.841072,0.137182,-0.052020,0.326352,0.976536,-0.019425,-0.132565,-0.168600
13.851123,0.137579,-0.052052,0.324859,0.976551,-0.019447,-0.132944,-0.168216
13.861175,0.137733,-0.052111,0.323962,0.976501,-0.019520,-0.133315,-0.168205
13.871227,0.137899,-0.052174,0.322373,0.976475,-0.019557,-0.133500,-0.168199
13.881279,0.138017,-0.052220,0.321226,0.976475,-0.019557,-0.133500,-0.168199
13.891327,0.138204,-0.052291,0.319431,0.976526,-0.019484,-0.133129,-0.168210
13.901377,0.138328,-0.052338,0.318210,0.976576,-0.019410,-0.132758,-0.168222
13.911445,0.138470,-0.052393,0.316224,0.976700,-0.019228,-0.131831,-0.168250
13.921506,0.138513,-0.052409,0.315110,0.976750,-0.019155,-0.131460,-0.168261
13.931568,0.138513,-0.052470,0.313016,0.976865,-0.018960,-0.130344,-0.168480
13.941627,0.138503,-0.052466,0.311783,0.976939,-0.018850,-0.129787,-0.168497
13.951689,0.138236,-0.052364,0.309942,0.977012,-0.018740,-0.129230,-0.168513
13.961741,0.138139,-0.052387,0.308721,0.977052,-0.018655,-0.128670,-0.168716
13.971792,0.138015,-0.052390,0.306576,0.977245,-0.018410,-0.127176,-0.168759
13.981845,0.137810,-0.052372,0.305247,0.977308,-0.018287,-0.126431,-0.168967
13.991898,0.137372,-0.052383,0.303355,0.977329,-0.018175,-0.125492,-0.169554
14.001949,0.137031,-0.052432,0.301880,0.977373,-0.018025,-0.124369,-0.170145
14.012014,0.136467,-0.052453,0.299973,0.977383,-0.017897,-0.123241,-0.170923
14.022067,0.136014,-0.052396,0.298687,0.977410,-0.017795,-0.122492,-0.171317
14.032118,0.135312,-0.052301,0.296713,0.977449,-0.017641,-0.121369,-0.171908
14.042171,0.134800,-0.052220,0.295471,0.977451,-0.017576,-0.120805,-0.172297
14.052280,0.134039,-0.052148,0.293404,0.977398,-0.021939,-0.118880,-0.173434
14.062332,0.133341,-0.052039,0.292261,0.977355,-0.021992,-0.118677,-0.173811
14.072384,0.132710,-0.051927,0.291104,0.977411,-0.022112,-0.118459,-0.173629
14.082438,0.131650,-0.051730,0.289389,0.977477,-0.022383,-0.118403,-0.173256
14.092501,0.130781,-0.051721,0.288362,0.977433,-0.022775,-0.118708,-0.173248
14.102565,0.129570,-0.051577,0.286856,0.977498,-0.023345,-0.119167,-0.172489
14.112628,0.128675,-0.051527,0.285827,0.977519,-0.023787,-0.119458,-0.172107
14.122691,0.127207,-0.051358,0.284348,0.977632,-0.022403,-0.120252,-0.171097
14.132754,0.126115,-0.051316,0.283631,0.977552,-0.023044,-0.121078,-0.170887
14.142818,0.124536,-0.051142,0.282406,0.977667,-0.023968,-0.121832,-0.169558
14.152879,0.123499,-0.051076,0.281659,0.977752,-0.024563,-0.122079,-0.168803
14.162942,0.121723,-0.051011,0.280560,0.977712,-0.025640,-0.122987,-0.168215
14.173005,0.120551,-0.050965,0.280071,0.977716,-0.026405,-0.123576,-0.167637
14.183066,0.118691,-0.050859,0.279239,0.977706,-0.027575,-0.124449,-0.166863
14.193129,0.117502,-0.050814,0.278661,0.977788,-0.028331,-0.124642,-0.166108
14.203193,0.115574,-0.050742,0.278086,0.977712,-0.029571,-0.125486,-0.165707
14.213260,0.114301,-0.050764,0.277681,0.977634,-0.030314,-0.125677,-0.165885
14.223324,0.112448,-0.050721,0.276854,0.977702,-0.031314,-0.125396,-0.165513
14.233349,0.111153,-0.050721,0.276391,0.977712,-0.032103,-0.125366,-0.165322
14.243401,0.109192,-0.050668,0.275958,0.977651,-0.033389,-0.125775,-0.165118
14.253453,0.107718,-0.050592,0.275774,0.977557,-0.034373,-0.126268,-0.165099
14.263584,0.105682,-0.050503,0.275325,0.977607,-0.035707,-0.126247,-0.164531
14.273636,0.104276,-0.050467,0.275297,0.977481,-0.036730,-0.126715,-0.164699
14.283688,0.102940,-0.050508,0.275056,0.977365,-0.037582,-0.126638,-0.165254
14.293741,0.100922,-0.050504,0.274868,0.977232,-0.039013,-0.126757,-0.165614
14.303796,0.099567,-0.050497,0.274788,0.977211,-0.039988,-0.126621,-0.165610
14.313851,0.097562,-0.050475,0.274748,0.977174,-0.041596,-0.126650,-0.165411
14.323903,0.096300,-0.050510,0.274608,0.977178,-0.042555,-0.126298,-0.165412
14.333955,0.094415,-0.050511,0.274427,0.977247,-0.044037,-0.125737,-0.165042
14.344007,0.093172,-0.050557,0.274360,0.977220,-0.045014,-0.125359,-0.165230
14.354059,0.091347,-0.050591,0.274246,0.977194,-0.046461,-0.124781,-0.165419
14.364111,0.090200,-0.050685,0.274094,0.977216,-0.047332,-0.124014,-0.165617
14.374165,0.088495,-0.050817,0.273891,0.977176,-0.048661,-0.123044,-0.166188
14.384218,0.087374,-0.050871,0.273854,0.977205,-0.049610,-0.122424,-0.166195
14.394270,0.085782,-0.050958,0.273632,0.977592,-0.045620,-0.122289,-0.165161
14.404322,0.084778,-0.051059,0.273462,0.977618,-0.046448,-0.121492,-0.165364
14.414367,0.083355,-0.051248,0.273361,0.977761,-0.047692,-0.120064,-0.165208
14.424428,0.082387,-0.051382,0.273150,0.977779,-0.048433,-0.119075,-0.165603
14.434488,0.081133,-0.051650,0.272854,0.979027,-0.018553,-0.122290,-0.161883
14.444549,0.080249,-0.051847,0.272744,0.979068,-0.019301,-0.121283,-0.162310
14.454601,0.078980,-0.052078,0.272833,0.979145,-0.020379,-0.119875,-0.162758
14.464662,0.078287,-0.052321,0.272731,0.979240,-0.020735,-0.118408,-0.163216
14.474726,0.077519,-0.052485,0.272780,0.979325,-0.021277,-0.117252,-0.163467
14.484788,0.076538,-0.052892,0.272788,0.979515,-0.021713,-0.114847,-0.163980
14.494849,0.075860,-0.053154,0.273010,0.979585,-0.022137,-0.113523,-0.164427
14.504913,0.074938,-0.053501,0.273381,0.979757,-0.022628,-0.111479,-0.164730
14.514965,0.074283,-0.053692,0.273636,0.979801,-0.023028,-0.110367,-0.165165
14.525015,0.073331,-0.054042,0.274212,0.979746,-0.023669,-0.108907,-0.166365
14.535065,0.072840,-0.054293,0.274555,0.979801,-0.023857,-0.107684,-0.166808
14.545114,0.072059,-0.054672,0.275215,0.979856,-0.024326,-0.106054,-0.167459
14.555165,0.071532,-0.054856,0.275716,0.979939,-0.024726,-0.105111,-0.167510
14.565215,0.070841,-0.055139,0.276608,0.980034,-0.025144,-0.103700,-0.167774
14.575277,0.070279,-0.055250,0.277497,0.979925,-0.025701,-0.103355,-0.168535
14.585329,0.069622,-0.055499,0.278562,0.979809,-0.026115,-0.102430,-0.169705
14.595379,0.069151,-0.055651,0.279337,0.979611,-0.026432,-0.102037,-0.171031
14.605432,0.068482,-0.055776,0.280692,0.979297,-0.026951,-0.101756,-0.172909
14.615484,0.068088,-0.055852,0.281602,0.979071,-0.027231,-0.101617,-0.174221
14.625534,0.067550,-0.055873,0.282999,0.978865,-0.027746,-0.101533,-0.175339
14.635585,0.067183,-0.055826,0.284236,0.978668,-0.028415,-0.102021,-0.176049
14.645634,0.066850,-0.055800,0.285751,0.978557,-0.028766,-0.102026,-0.176604
14.655685,0.066636,-0.055802,0.287037,0.978389,-0.029105,-0.102283,-0.177331
14.665746,0.066324,-0.055818,0.288787,0.978081,-0.029450,-0.102570,-0.178801
14.675808,0.066144,-0.055770,0.290106,0.977926,-0.029847,-0.103011,-0.179330
14.685870,0.066025,-0.055643,0.292032,0.977855,-0.030298,-0.103621,-0.179288
14.695932,0.066069,-0.055642,0.293443,0.977854,-0.030504,-0.103932,-0.179080
14.706066,0.066179,-0.055664,0.295265,0.977922,-0.030464,-0.103943,-0.178707
14.716128,0.066069,-0.055451,0.296739,0.978117,-0.023152,-0.106142,-0.177437
14.726189,0.066184,-0.055489,0.298122,0.978132,-0.023208,-0.106326,-0.177238
14.736249,0.066359,-0.055389,0.300232,0.978283,-0.023423,-0.106811,-0.176083
14.746310,0.066424,-0.055267,0.301697,0.978348,-0.023791,-0.107440,-0.175290
14.756370,0.066696,-0.055231,0.303764,0.978369,-0.023989,-0.108201,-0.174676
14.766431,0.067023,-0.055287,0.304944,0.978461,-0.023776,-0.108325,-0.174111
14.776491,0.067371,-0.055171,0.307195,0.978719,-0.012447,-0.111184,-0.172024
14.786554,0.067816,-0.055225,0.308348,0.978852,-0.012021,-0.111204,-0.171281
14.796605,0.068278,-0.055099,0.310516,0.978711,-0.011790,-0.112307,-0.171384
14.806656,0.068649,-0.055102,0.311820,0.978598,-0.011438,-0.112809,-0.171722
14.816706,0.069250,-0.054916,0.313864,0.978496,-0.010903,-0.113866,-0.171645
14.826756,0.069750,-0.054943,0.314921,0.978373,-0.010192,-0.114156,-0.172191
14.836805,0.070421,-0.054832,0.316938,0.978107,-0.009404,-0.115199,-0.173051
14.846858,0.070948,-0.054777,0.318118,0.977924,-0.008655,-0.115739,-0.173764
14.856910,0.071777,-0.054655,0.319885,0.977680,-0.007482,-0.116552,-0.174647
14.866962,0.072330,-0.054585,0.321062,0.977456,-0.006665,-0.117127,-0.175544
14.877015,0.073225,-0.054532,0.322797,0.977070,-0.011102,-0.116779,-0.177690
14.887078,0.073943,-0.054544,0.323694,0.976937,-0.009959,-0.116847,-0.178444
14.897139,0.074908,-0.054451,0.325203,0.976616,-0.008435,-0.117391,-0.179913
14.907201,0.075622,-0.054401,0.326218,0.976461,-0.007352,-0.117619,-0.180654
14.917260,0.076749,-0.054389,0.327441,0.976265,-0.005587,-0.117587,-0.181795
14.927322,0.077483,-0.054318,0.328449,0.976145,-0.004529,-0.117765,-0.182353
14.937434,0.078674,-0.054285,0.329572,0.976058,-0.002836,-0.117627,-0.182941
14.947495,0.079509,-0.054235,0.330323,0.975980,-0.014324,-0.114999,-0.184479
14.957555,0.080363,-0.054224,0.330984,0.976023,-0.013201,-0.114721,-0.184508
14.967616,0.081538,-0.054053,0.332153,0.976141,-0.011820,-0.114749,-0.183962
14.977676,0.082440,-0.053991,0.332770,0.976274,-0.010625,-0.114261,-0.183631
14.987739,0.083799,-0.053971,0.333491,0.976412,-0.008852,-0.113419,-0.183515
14.997803,0.084646,-0.053827,0.334166,0.976452,-0.015497,-0.111794,-0.183856
15.007864,0.086045,-0.053793,0.334821,0.976693,-0.013935,-0.111021,-0.183167
15.017925,0.087029,-0.053740,0.335243,0.976906,-0.012864,-0.110434,-0.182463
15.027985,0.088465,-0.053636,0.335922,0.977161,-0.011389,-0.109803,-0.181577
15.038048,0.089437,-0.053589,0.336372,0.977319,-0.010435,-0.109365,-0.181049
15.048112,0.090888,-0.053522,0.336766,0.977573,-0.009064,-0.108671,-0.180164
15.058172,0.092036,-0.053583,0.336833,0.977820,-0.007969,-0.107659,-0.179480
15.068231,0.093469,-0.053493,0.337322,0.978019,-0.006879,-0.107449,-0.178567
15.078290,0.094536,-0.053479,0.337521,0.978157,-0.006068,-0.107136,-0.178029
15.088351,0.096069,-0.053433,0.337691,0.978408,-0.004978,-0.106702,-0.176940
15.098412,0.097084,-0.053412,0.337786,0.978617,-0.004291,-0.106320,-0.176031
15.108473,0.098572,-0.053354,0.338069,0.978726,-0.010752,-0.104718,-0.176108
15.118535,0.099528,-0.053361,0.338283,0.978748,-0.010088,-0.104555,-0.176120
15.128594,0.101102,-0.053401,0.338389,0.978922,-0.009025,-0.103911,-0.175595
15.138657,0.102082,-0.053425,0.338503,0.978979,-0.008425,-0.103713,-0.175421
15.148714,0.103629,-0.053469,0.338448,0.979066,-0.007442,-0.103242,-0.175261
15.158777,0.104494,-0.053415,0.338536,0.979053,-0.006953,-0.103406,-0.175256
15.168841,0.105547,-0.053444,0.338418,0.979128,-0.006303,-0.103016,-0.175090
15.178901,0.106935,-0.053444,0.338400,0.979110,-0.005627,-0.103234,-0.175085
15.188961,0.107895,-0.053441,0.338347,0.979150,-0.005136,-0.103186,-0.174903
15.199022,0.109251,-0.053487,0.338315,0.979100,-0.004516,-0.103384,-0.175084
15.209082,0.110045,-0.053431,0.338331,0.979071,-0.004158,-0.103692,-0.175073
15.219142,0.111434,-0.053413,0.338252,0.979072,-0.003461,-0.103702,-0.175076
15.229205,0.112265,-0.053464,0.338221,0.978994,-0.003084,-0.103823,-0.175446
15.239265,0.113558,-0.053428,0.338168,0.979083,-0.002571,-0.103956,-0.174882
15.249326,0.114501,-0.053426,0.338088,0.979193,-0.002194,-0.103851,-0.174328
15.259386,0.115576,-0.053432,0.338143,0.979093,-0.001876,-0.104536,-0.174487
15.269449,0.116336,-0.053400,0.338175,0.979048,-0.001634,-0.104996,-0.174467
15.279509,0.117634,-0.053395,0.338008,0.979033,-0.001098,-0.105142,-0.174463
15.289571,0.118189,-0.053398,0.338117,0.978920,-0.001046,-0.105946,-0.174615
15.299630,0.119381,-0.053321,0.338111,0.979041,-0.000733,-0.106395,-0.173662
15.309694,0.120110,-0.053340,0.338131,0.978997,-0.000557,-0.106832,-0.173643
15.319756,0.120961,-0.053276,0.338158,0.978893,-0.000403,-0.107851,-0.173599
15.329818,0.121701,-0.053282,0.338135,0.978901,-0.000193,-0.108094,-0.173402
15.339880,0.122726,-0.053227,0.338070,0.978867,0.000084,-0.108745,-0.173187
15.349940,0.123238,-0.053179,0.338079,0.978785,0.000140,-0.109539,-0.173152
15.360010,0.123921,-0.053054,0.338182,0.978675,0.000165,-0.110906,-0.172903
15.370070,0.124489,-0.052996,0.338274,0.978693,0.000171,-0.111672,-0.172308
15.380132,0.125164,-0.052981,0.338191,0.978749,0.000269,-0.112070,-0.171730
15.390193,0.125914,-0.052892,0.338243,0.978757,0.000255,-0.113214,-0.170931
15.400254,0.126323,-0.052870,0.338253,0.978707,0.000225,-0.113981,-0.170709
15.410315,0.126960,-0.052801,0.338381,0.978741,0.000008,-0.115456,-0.169520
15.420376,0.127467,-0.052731,0.338380,0.978820,-0.000056,-0.116194,-0.168552
15.430435,0.128288,-0.052726,0.338285,0.978776,-0.000013,-0.117165,-0.168134
15.440498,0.128521,-0.052633,0.338453,0.978606,-0.000183,-0.118681,-0.168063
15.450548,0.128936,-0.052376,0.338460,0.978573,-0.000319,-0.120372,-0.167050
15.460597,0.129281,-0.052347,0.338380,0.978417,-0.000268,-0.121170,-0.167387
15.470647,0.129973,-0.052422,0.337978,0.978226,-0.000147,-0.121988,-0.167909
15.480698,0.130403,-0.052396,0.337849,0.978189,-0.000113,-0.122572,-0.167695
15.490756,0.131032,-0.052509,0.337287,0.977975,0.000094,-0.123030,-0.168608
15.500819,0.131241,-0.052429,0.337165,0.977761,0.000139,-0.124023,-0.169121
15.510881,0.131458,-0.052226,0.336842,0.977599,0.000132,-0.125377,-0.169057
15.520933,0.131599,-0.052156,0.336634,0.977417,0.000117,-0.126351,-0.169384
15.530983,0.131855,-0.052122,0.336192,0.977121,0.000280,-0.127189,-0.170463
15.541044,0.132119,-0.052082,0.335735,0.977095,0.000382,-0.127403,-0.170453
15.551108,0.132638,-0.052162,0.334926,0.977023,0.000567,-0.127452,-0.170825
15.561173,0.133083,-0.052300,0.334363,0.977011,0.000675,-0.127286,-0.171020
15.571226,0.133482,-0.052291,0.333859,0.977007,0.000655,-0.127851,-0.170619
15.581278,0.133710,-0.052314,0.333399,0.977051,0.000619,-0.128026,-0.170238
15.591331,0.134125,-0.052369,0.332691,0.977082,0.000690,-0.128036,-0.170051
15.601382,0.134349,-0.052349,0.332325,0.977090,0.000723,-0.128230,-0.169856
15.611443,0.134460,-0.052363,0.332042,0.976953,0.000702,-0.128815,-0.170200
15.621503,0.134743,-0.052384,0.331260,0.976917,0.000819,-0.128844,-0.170386
15.631566,0.134910,-0.052272,0.330940,0.976969,0.000818,-0.129214,-0.169808
15.641629,0.135029,-0.052141,0.330478,0.976997,0.000778,-0.129770,-0.169222
15.651689,0.135237,-0.052103,0.329825,0.977107,0.000903,-0.129399,-0.168868
15.661751,0.135586,-0.052001,0.328933,0.977305,0.001114,-0.128842,-0.168149
15.671811,0.135889,-0.052059,0.328349,0.977382,0.001214,-0.128471,-0.167981
15.681872,0.136142,-0.052098,0.327623,0.977437,0.001276,-0.128285,-0.167804
15.691925,0.136375,-0.052128,0.327051,0.977514,0.001375,-0.127914,-0.167635
15.701974,0.136707,-0.052256,0.326109,0.977605,0.001524,-0.127172,-0.167671
15.712024,0.136999,-0.052369,0.325451,0.977695,0.001674,-0.126430,-0.167707
15.722073,0.137344,-0.052442,0.324507,0.977816,0.001847,-0.125688,-0.167557
15.732133,0.137599,-0.052551,0.324016,0.977827,0.001944,-0.125326,-0.167761
15.742197,0.138044,-0.052722,0.323104,0.977937,0.002131,-0.124399,-0.167806
15.752261,0.138200,-0.052782,0.322411,0.978003,0.002243,-0.123842,-0.167832
15.762321,0.138284,-0.052815,0.321706,0.978025,0.002280,-0.123656,-0.167841
15.772383,0.138318,-0.052828,0.321360,0.978003,0.002243,-0.123842,-0.167832
15.782442,0.138409,-0.052863,0.320559,0.978002,-0.007047,-0.122050,-0.169013
15.792505,0.138521,-0.052906,0.320128,0.978025,-0.007010,-0.121864,-0.169020
15.802560,0.138683,-0.052959,0.319337,0.978124,-0.006921,-0.121300,-0.168855
15.812610,0.138776,-0.052934,0.318750,0.978222,-0.006787,-0.120744,-0.168690
15.822757,0.138944,-0.053009,0.317887,0.978299,-0.006580,-0.119823,-0.168911
15.832819,0.138994,-0.053038,0.317432,0.978309,-0.006484,-0.119460,-0.169112
15.842878,0.139047,-0.053058,0.316977,0.978352,-0.006410,-0.119088,-0.169126
15.852940,0.139137,-0.053083,0.316198,0.978450,-0.006320,-0.118523,-0.168961
15.863001,0.139184,-0.053040,0.315911,0.978482,-0.006298,-0.118525,-0.168774
15.873064,0.139277,-0.053076,0.315096,0.978568,-0.006149,-0.117782,-0.168802
15.883123,0.139327,-0.053095,0.314580,0.978589,-0.006112,-0.117596,-0.168809
15.893185,0.139360,-0.053108,0.314197,0.978589,-0.006112,-0.117596,-0.168809
15.903246,0.139393,-0.053121,0.313814,0.978589,-0.006112,-0.117596,-0.168809
15.913307,0.139363,-0.053109,0.313384,0.978568,-0.006149,-0.117782,-0.168802
15.923370,0.139325,-0.053095,0.313109,0.978568,-0.006149,-0.117782,-0.168802
15.933431,0.139365,-0.053110,0.312750,0.978611,-0.006075,-0.117410,-0.168816
15.943492,0.139396,-0.053122,0.312485,0.978653,-0.006001,-0.117039,-0.168830
15.953552,0.139427,-0.053134,0.312221,0.978696,-0.005927,-0.116667,-0.168844
15.963614,0.139443,-0.053140,0.312089,0.978717,-0.005890,-0.116481,-0.168851
15.973671,0.139474,-0.053152,0.311825,0.978552,-0.020937,-0.113487,-0.170638
15.983735,0.139510,-0.053105,0.311693,0.978607,-0.020878,-0.113305,-0.170456
15.993796,0.139541,-0.053117,0.311429,0.978650,-0.020805,-0.112933,-0.170464
