t,q1,q2,q3,q4,q5,q6
0.000000,0.011269,-0.004891,0.028726,0.046655,-0.009728,-0.005531
0.010062,0.011269,-0.004891,0.028726,0.046655,-0.009728,-0.005531
0.020124,0.011269,-0.005273,0.028726,0.046655,-0.009728,-0.005531
0.030223,0.011269,-0.004891,0.028726,0.046655,-0.009728,-0.005531
0.040282,0.011269,-0.004891,0.028726,0.046655,-0.009728,-0.005531
0.050343,0.011269,-0.004891,0.028726,0.046655,-0.009728,-0.005531
0.060398,0.011269,-0.004891,0.029107,0.046655,-0.009728,-0.005531
0.070459,0.011269,-0.004891,0.029107,0.046655,-0.009728,-0.005531
0.080522,0.011269,-0.004891,0.029107,0.046655,-0.009728,-0.005531
0.090582,0.011269,-0.004891,0.029107,0.046655,-0.009728,-0.005531
0.100643,0.011269,-0.004891,0.028726,0.046655,-0.009728,-0.005531
0.110704,0.011269,-0.004891,0.029107,0.046655,-0.009728,-0.005531
0.120767,0.011269,-0.004891,0.029107,0.046655,-0.009728,-0.005531
0.130829,0.011269,-0.004891,0.028726,0.046655,-0.009728,-0.005531
0.140888,0.011269,-0.004891,0.028726,0.046655,-0.009728,-0.005531
0.150942,0.011269,-0.004891,0.028726,0.046655,-0.009728,-0.005531
0.161001,0.011269,-0.004891,0.028726,0.046655,-0.009728,-0.005531
0.171064,0.011269,-0.004891,0.028726,0.046655,-0.009728,-0.005531
0.181123,0.011269,-0.004891,0.028726,0.046655,-0.009728,-0.005531
0.191185,0.011269,-0.004891,0.028726,0.046655,-0.009728,-0.005531
0.201248,0.011269,-0.004891,0.029107,0.046655,-0.009728,-0.005531
0.211310,0.011269,-0.004891,0.028726,0.046655,-0.009728,-0.005531
0.221367,0.011269,-0.004891,0.028726,0.046655,-0.009728,-0.005531
0.231428,0.011269,-0.004891,0.029107,0.046655,-0.009728,-0.005531
0.241582,0.011269,-0.004891,0.029107,0.046655,-0.009728,-0.005531
0.251643,0.011269,-0.004891,0.028726,0.046655,-0.009728,-0.005531
0.261702,0.011269,-0.004891,0.028726,0.046655,-0.009728,-0.005531
0.271763,0.011269,-0.004891,0.029107,0.046655,-0.009728,-0.005531
0.281820,0.011269,-0.004894,0.029132,0.046632,-0.009728,-0.005531
0.291882,0.011269,-0.004898,0.028798,0.046590,-0.009728,-0.005531
0.301944,0.011269,-0.004903,0.029231,0.046544,-0.009728,-0.005531
0.312004,0.011269,-0.004909,0.029286,0.046493,-0.009728,-0.005531
0.322064,0.011270,-0.004914,0.028961,0.046443,-0.009728,-0.005531
0.332126,0.011270,-0.004920,0.029021,0.046388,-0.009728,-0.005531
0.342179,0.011270,-0.004926,0.029087,0.046329,-0.009728,-0.005532
0.352240,0.011270,-0.004933,0.029157,0.046265,-0.009728,-0.005532
0.362303,0.011270,-0.004940,0.029231,0.046198,-0.009728,-0.005532
0.372363,0.011270,-0.004947,0.029306,0.046130,-0.009729,-0.005532
0.382424,0.011270,-0.004954,0.029390,0.046054,-0.009729,-0.005532
0.392485,0.011271,-0.004962,0.029855,0.045978,-0.009729,-0.005532
0.402546,0.011271,-0.004971,0.029563,0.045897,-0.009729,-0.005532
0.412604,0.011271,-0.004979,0.029657,0.045811,-0.009730,-0.005532
0.422667,0.011272,-0.004988,0.029757,0.045721,-0.009730,-0.005532
0.432727,0.011272,-0.004998,0.029861,0.045626,-0.009731,-0.005532
0.442789,0.011273,-0.005007,0.029970,0.045527,-0.009731,-0.005532
0.452876,0.011273,-0.005017,0.030084,0.045423,-0.009732,-0.005532
0.462936,0.011274,-0.005028,0.030204,0.045314,-0.009732,-0.005533
0.472997,0.011275,-0.005039,0.030328,0.045200,-0.009733,-0.005533
0.483059,0.011276,-0.005050,0.030458,0.045082,-0.009734,-0.005533
0.493121,0.011277,-0.005061,0.030593,0.044958,-0.009735,-0.005533
0.503184,0.011278,-0.005073,0.030733,0.044830,-0.009736,-0.005534
0.513245,0.011279,-0.005085,0.030879,0.044696,-0.009737,-0.005534
0.523308,0.011281,-0.005098,0.031030,0.044557,-0.009739,-0.005534
0.533372,0.011282,-0.005110,0.031187,0.044413,-0.009740,-0.005535
0.543432,0.011284,-0.005123,0.031349,0.044263,-0.009742,-0.005535
0.553483,0.011286,-0.005137,0.031518,0.044108,-0.009744,-0.005536
0.563544,0.011288,-0.005150,0.031692,0.043947,-0.009746,-0.005536
0.573605,0.011290,-0.005164,0.031873,0.043780,-0.009748,-0.005537
0.583665,0.011293,-0.005178,0.032064,0.043604,-0.009751,-0.005538
0.593729,0.011296,-0.005192,0.032256,0.043426,-0.009753,-0.005538
0.603791,0.011299,-0.005206,0.032454,0.043241,-0.009756,-0.005539
0.613850,0.011302,-0.005221,0.032663,0.043047,-0.009759,-0.005540
0.623914,0.011306,-0.005235,0.032878,0.042847,-0.009763,-0.005541
0.633973,0.011310,-0.005250,0.033095,0.042645,-0.009767,-0.005542
0.644034,0.011314,-0.005265,0.033323,0.042431,-0.009771,-0.005543
0.654095,0.011318,-0.005280,0.033557,0.042212,-0.009775,-0.005544
0.664154,0.011323,-0.005295,0.033798,0.041986,-0.009780,-0.005545
0.674215,0.011329,-0.005310,0.034046,0.041753,-0.009785,-0.005547
0.684279,0.011335,-0.005324,0.034300,0.041514,-0.009791,-0.005548
0.694339,0.011341,-0.005339,0.034561,0.041267,-0.009797,-0.005550
0.704402,0.011348,-0.005354,0.034834,0.041009,-0.009803,-0.005552
0.714465,0.011355,-0.005368,0.035108,0.040749,-0.009810,-0.005554
0.724525,0.011363,-0.005383,0.035394,0.040477,-0.009818,-0.005556
0.734588,0.011371,-0.005397,0.035687,0.040199,-0.009826,-0.005558
0.744652,0.011380,-0.005410,0.035987,0.039913,-0.009835,-0.005560
0.754710,0.011390,-0.005424,0.036293,0.039620,-0.009844,-0.005563
0.764774,0.011400,-0.005437,0.036608,0.039318,-0.009854,-0.005565
0.774834,0.011411,-0.005449,0.036930,0.039009,-0.009864,-0.005568
0.784898,0.011422,-0.005461,0.037260,0.038691,-0.009876,-0.005571
0.794962,0.011435,-0.005473,0.037601,0.038361,-0.009888,-0.005574
0.805027,0.011462,-0.005494,0.038302,0.037681,-0.009914,-0.005581
0.815086,0.011477,-0.005504,0.038666,0.037327,-0.009929,-0.005585
0.825149,0.011493,-0.005513,0.039037,0.036965,-0.009944,-0.005589
0.835206,0.011510,-0.005520,0.039417,0.036593,-0.009960,-0.005594
0.845269,0.011528,-0.005527,0.039804,0.036213,-0.009977,-0.005598
0.855328,0.011547,-0.005533,0.040200,0.035823,-0.009996,-0.005603
0.865393,0.011567,-0.005538,0.040604,0.035424,-0.010015,-0.005608
0.875452,0.011588,-0.005542,0.041017,0.035015,-0.010036,-0.005614
0.885516,0.011611,-0.005545,0.041442,0.034592,-0.010057,-0.005620
0.895583,0.011634,-0.005546,0.041488,0.034165,-0.010080,-0.005626
0.905634,0.011659,-0.005546,0.041930,0.033723,-0.010104,-0.005632
0.915684,0.011685,-0.005544,0.042375,0.033277,-0.010130,-0.005639
0.925746,0.011713,-0.005541,0.042453,0.032815,-0.010157,-0.005646
0.935805,0.011743,-0.005536,0.042919,0.032343,-0.010185,-0.005654
0.945867,0.011774,-0.005529,0.043013,0.031862,-0.010215,-0.005662
0.955920,0.011806,-0.005521,0.043496,0.031370,-0.010246,-0.005670
0.965982,0.011840,-0.005511,0.043988,0.030867,-0.010279,-0.005679
0.976046,0.011876,-0.005498,0.044489,0.030354,-0.010314,-0.005688
0.986110,0.011914,-0.005484,0.045000,0.029829,-0.010350,-0.005698
0.996172,0.011953,-0.005848,0.045137,0.029293,-0.010388,-0.005708
1.006234,0.011995,-0.005829,0.045666,0.028745,-0.010428,-0.005719
1.016293,0.012038,-0.005808,0.046204,0.028186,-0.010470,-0.005730
1.026356,0.012084,-0.005783,0.046750,0.027615,-0.010514,-0.005742
1.036415,0.012131,-0.005375,0.047306,0.027032,-0.010560,-0.005754
1.046477,0.011800,-0.005345,0.047872,0.026437,-0.010608,-0.005767
1.056540,0.012233,-0.005313,0.048446,0.025830,-0.010659,-0.005781
1.066602,0.012288,-0.005277,0.049030,0.025211,-0.010712,-0.005795
1.076665,0.011964,-0.005238,0.049623,0.024579,-0.010767,-0.005810
1.086728,0.012023,-0.005196,0.049844,0.023934,-0.010825,-0.005825
1.096788,0.012467,-0.005150,0.050456,0.023277,-0.010885,-0.005841
1.106863,0.012151,-0.005101,0.050695,0.022607,-0.010948,-0.005858
1.116922,0.012219,-0.005048,0.050944,0.021924,-0.011013,-0.005876
1.126984,0.012290,-0.004992,0.051202,0.021227,-0.011082,-0.005894
1.137047,0.012363,-0.004931,0.051088,0.020518,-0.011153,-0.005913
1.147109,0.012440,-0.004866,0.051746,0.019795,-0.011227,-0.005933
1.157170,0.012521,-0.004797,0.051651,0.019058,-0.011305,-0.005954
1.167234,0.012604,-0.004723,0.051565,0.018689,-0.011385,-0.005976
1.177294,0.012691,-0.004645,0.051107,0.017925,-0.011469,-0.005998
1.187358,0.012781,-0.004562,0.051039,0.017147,-0.011557,-0.006022
1.197422,0.012875,-0.004475,0.050218,0.016354,-0.011648,-0.006046
1.207473,0.012973,-0.004382,0.049787,0.015548,-0.011742,-0.006071
1.217523,0.013075,-0.004284,0.049366,0.014727,-0.011840,-0.006097
1.227583,0.013180,-0.004181,0.049335,0.013891,-0.011942,-0.006125
1.237642,0.013289,-0.004073,0.048547,0.013046,-0.012047,-0.006153
1.247702,0.013403,-0.004339,0.048156,0.012178,-0.012158,-0.006182
1.257766,0.013521,-0.004220,0.047387,0.011301,-0.012271,-0.006213
1.267827,0.013643,-0.004094,0.047391,0.010408,-0.012389,-0.006245
1.277886,0.013770,-0.003961,0.046643,0.009498,-0.012512,-0.006277
1.287948,0.013902,-0.003823,0.046666,0.008573,-0.012639,-0.006311
1.298007,0.013657,-0.003677,0.045554,0.007632,-0.012771,-0.006347
1.308067,0.013798,-0.003525,0.045214,0.006676,-0.012907,-0.006383
1.318149,0.013944,-0.003367,0.044883,0.005704,-0.013049,-0.006421
1.328211,0.014096,-0.002819,0.044561,0.004717,-0.013195,-0.006460
1.338272,0.014252,-0.003029,0.044624,0.003718,-0.013346,-0.006501
1.348332,0.014415,-0.002848,0.044322,0.002695,-0.013503,-0.006543
1.358394,0.014582,-0.002660,0.044403,0.001664,-0.013664,-0.006586
1.368455,0.014755,-0.002465,0.043733,0.000613,-0.013832,-0.006631
1.378516,0.014935,-0.002261,0.043834,-0.000455,-0.014005,-0.006678
1.388581,0.014739,-0.002049,0.043562,-0.001539,-0.014184,-0.006726
1.398641,0.014930,-0.001829,0.043680,-0.002640,-0.014369,-0.006775
1.408702,0.014746,-0.001601,0.043039,-0.003753,-0.014559,-0.006826
1.418762,0.014950,-0.001364,0.043172,-0.004885,-0.014757,-0.006879
1.428824,0.015160,-0.001118,0.042170,-0.005273,-0.014960,-0.006933
1.438883,0.015378,-0.000863,0.042319,-0.006059,-0.015170,-0.006990
1.448947,0.015221,-0.000598,0.042095,-0.007244,-0.015387,-0.007048
1.459006,0.015452,-0.000325,0.042638,-0.008441,-0.015610,-0.007108
1.469069,0.015309,-0.000042,0.042810,-0.009658,-0.015841,-0.007169
1.479132,0.015174,-0.000130,0.043371,-0.010894,-0.016078,-0.007233
1.489194,0.015046,0.000173,0.043558,-0.012147,-0.016324,-0.007299
1.499257,0.015308,0.000487,0.043752,-0.013417,-0.016576,-0.007366
1.509316,0.014813,0.000810,0.043950,-0.014700,-0.016835,-0.007436
1.519377,0.014709,0.001145,0.044539,-0.016004,-0.017103,-0.007508
1.529446,0.013850,0.001490,0.044753,-0.016564,-0.017379,-0.007582
1.539509,0.013381,0.001847,0.044974,-0.017141,-0.017663,-0.007658
1.549568,0.013301,0.002213,0.045199,-0.017731,-0.017955,-0.007736
1.559631,0.012850,0.002592,0.045050,-0.017961,-0.018255,-0.007816
1.569695,0.013170,0.002983,0.044909,-0.018591,-0.018565,-0.007899
1.579750,0.013118,0.003385,0.044392,-0.019239,-0.018883,-0.007985
1.589812,0.013456,0.003798,0.044640,-0.019518,-0.019210,-0.008072
1.599874,0.013805,0.004224,0.044515,-0.019437,-0.019546,-0.008162
1.609938,0.014163,0.004663,0.044396,-0.019756,-0.019892,-0.008255
1.619997,0.014530,0.005113,0.044280,-0.019707,-0.020247,-0.008350
1.630059,0.014526,0.005577,0.044552,-0.020060,-0.020612,-0.008448
1.640121,0.014915,0.006054,0.044448,-0.020433,-0.020987,-0.008548
1.650182,0.015313,0.006543,0.045109,-0.020818,-0.021371,-0.008651
1.660246,0.015722,0.006664,0.045014,-0.020843,-0.021767,-0.008757
1.670307,0.016143,0.007181,0.045306,-0.020887,-0.022173,-0.008866
1.680361,0.016575,0.007712,0.044838,-0.021331,-0.022590,-0.008978
1.690417,0.016635,0.008255,0.045135,-0.021787,-0.023017,-0.009092
1.700479,0.017089,0.008813,0.044674,-0.021120,-0.023456,-0.009210
1.710539,0.017174,0.009386,0.044981,-0.021235,-0.023906,-0.009331
1.720593,0.017270,0.009971,0.044906,-0.021362,-0.023986,-0.009454
1.730653,0.017760,0.010572,0.045218,-0.022274,-0.024459,-0.009581
1.740751,0.017880,0.010805,0.044767,-0.022435,-0.024944,-0.009711
1.750804,0.018014,0.011436,0.045085,-0.023000,-0.025441,-0.009845
1.760855,0.018161,0.012083,0.045024,-0.023202,-0.025952,-0.009981
1.770908,0.017938,0.012742,0.045343,-0.023416,-0.026474,-0.010121
1.780959,0.018111,0.013419,0.045667,-0.024795,-0.027009,-0.010265
1.791011,0.017535,0.014112,0.045993,-0.025048,-0.027177,-0.010412
1.801064,0.017735,0.014818,0.046317,-0.025694,-0.027738,-0.010562
1.811116,0.017949,0.015542,0.045500,-0.025599,-0.028313,-0.010717
1.821168,0.018176,0.015899,0.045445,-0.025897,-0.028902,-0.010874
1.831219,0.018420,0.016655,0.045774,-0.025453,-0.029505,-0.011036
1.841271,0.018678,0.017427,0.045722,-0.025407,-0.030123,-0.011202
1.851322,0.018949,0.018215,0.045668,-0.024992,-0.030754,-0.011371
1.861349,0.019238,0.018639,0.045997,-0.025741,-0.031400,-0.011544
1.871400,0.019158,0.019078,0.045941,-0.025358,-0.030916,-0.011721
1.881453,0.019096,0.019917,0.045887,-0.025757,-0.029686,-0.011903
1.891506,0.018285,0.020390,0.045830,-0.025787,-0.025417,-0.012088
1.901572,0.017874,0.021263,0.046155,-0.026218,-0.021929,-0.012278
1.911632,0.017477,0.022152,0.046094,-0.025515,-0.017311,-0.012471
1.921694,0.017481,0.023061,0.046415,-0.025976,-0.016144,-0.012670
1.931754,0.017501,0.023987,0.045972,-0.025309,-0.016137,-0.012873
1.941817,0.017919,0.024928,0.045904,-0.025414,-0.015383,-0.013080
1.951876,0.018737,0.025890,0.046218,-0.025538,-0.014266,-0.013292
1.961936,0.019189,0.026485,0.045762,-0.025291,-0.012401,-0.013508
1.971997,0.019662,0.027101,0.046069,-0.025443,-0.012081,-0.013729
1.982058,0.019769,0.027351,0.046369,-0.024842,-0.011396,-0.013954
1.992119,0.020278,0.027622,0.047049,-0.025785,-0.011494,-0.014185
2.002182,0.020423,0.027527,0.047340,-0.025211,-0.010845,-0.014420
2.012241,0.020970,0.027452,0.047629,-0.025799,-0.009834,-0.014661
2.022301,0.020772,0.027013,0.047910,-0.025251,-0.008459,-0.014906
2.032365,0.021356,0.026591,0.048949,-0.025477,-0.008629,-0.015156
2.042426,0.021199,0.025428,0.049602,-0.024577,-0.009583,-0.011216
2.052489,0.021442,0.025426,0.050247,-0.024447,-0.010555,-0.011477
2.062549,0.020945,0.025444,0.050888,-0.023189,-0.010785,-0.011743
2.072612,0.021229,0.025861,0.051520,-0.023082,-0.011797,-0.008963
2.082671,0.020774,0.025154,0.051003,-0.022228,-0.012831,-0.009241
2.092733,0.021101,0.025227,0.051238,-0.022525,-0.013883,-0.009523
2.102792,0.021070,0.024177,0.050323,-0.021692,-0.014959,-0.009812
2.112855,0.021059,0.023525,0.050543,-0.022010,-0.016435,-0.010106
2.122918,0.020690,0.021749,0.049993,-0.021960,-0.017553,-0.010406
2.132978,0.021105,0.022280,0.050195,-0.023059,-0.018690,-0.010711
2.143039,0.021161,0.023210,0.050387,-0.023023,-0.019468,-0.011023
2.153099,0.021624,0.023780,0.050572,-0.023763,-0.020652,-0.011341
2.163162,0.022108,0.024749,0.050363,-0.024889,-0.021475,-0.011664
2.173222,0.022237,0.024595,0.050146,-0.025645,-0.022323,-0.011995
2.183274,0.022005,0.024458,0.050298,-0.026405,-0.023192,-0.008134
2.193334,0.021798,0.023957,0.049675,-0.026790,-0.024084,-0.008476
2.203396,0.021999,0.023479,0.049425,-0.027950,-0.024621,-0.008826
2.213455,0.022223,0.021110,0.048016,-0.027967,-0.024035,-0.009181
2.223516,0.022474,0.021433,0.048123,-0.028377,-0.023857,-0.009543
2.233577,0.022367,0.022917,0.047453,-0.028024,-0.023701,-0.009912
2.243639,0.023047,0.024037,0.047533,-0.028439,-0.024332,-0.010287
2.253698,0.023757,0.024798,0.046838,-0.028101,-0.025755,-0.010669
2.263760,0.024490,0.025194,0.046510,-0.028526,-0.027200,-0.011058
2.273823,0.024868,0.024464,0.045786,-0.028191,-0.028288,-0.011454
2.283876,0.025276,0.024137,0.045813,-0.028627,-0.028643,-0.011857
2.293937,0.024945,0.022301,0.045060,-0.028299,-0.027114,-0.012267
2.303997,0.025023,0.022008,0.044674,-0.028736,-0.026755,-0.012684
2.314059,0.024749,0.022500,0.043892,-0.028035,-0.026807,-0.011965
2.324117,0.025264,0.024152,0.043475,-0.028095,-0.028410,-0.012396
2.334178,0.025044,0.025441,0.043042,-0.027011,-0.029657,-0.012835
2.344237,0.026000,0.026369,0.042975,-0.027458,-0.030554,-0.013283
2.354313,0.026218,0.026169,0.042128,-0.027901,-0.029950,-0.013737
2.364376,0.026465,0.026367,0.042407,-0.028343,-0.029754,-0.007713
2.374436,0.026363,0.026206,0.042671,-0.029170,-0.029209,-0.008184
2.384499,0.026288,0.024533,0.042152,-0.029229,-0.026400,-0.008661
2.394559,0.027004,0.024404,0.041997,-0.029667,-0.025527,-0.007239
2.404622,0.026606,0.025054,0.042206,-0.028577,-0.023920,-0.007731
2.414685,0.027005,0.026108,0.042015,-0.029014,-0.024253,-0.008233
2.424750,0.027431,0.026031,0.041804,-0.027918,-0.023467,-0.008743
2.434810,0.028268,0.026352,0.041192,-0.028343,-0.023092,-0.009260
2.444872,0.027614,0.025168,0.040561,-0.027624,-0.022750,-0.009786
2.454933,0.028133,0.024760,0.039910,-0.027659,-0.023198,-0.010320
2.464994,0.028300,0.024750,0.039620,-0.026925,-0.022912,-0.010862
2.475054,0.031021,0.028216,0.039741,-0.029257,-0.025488,-0.011973
2.485115,0.031284,0.029399,0.039389,-0.029266,-0.024913,-0.012540
2.495177,0.031959,0.030217,0.039396,-0.030030,-0.025894,-0.013116
2.505238,0.031903,0.029142,0.039381,-0.030023,-0.026524,-0.013701
2.515301,0.031879,0.029227,0.038964,-0.030388,-0.026803,-0.014294
2.525362,0.031893,0.027043,0.038906,-0.029986,-0.025211,-0.014897
2.535424,0.032316,0.027921,0.039206,-0.030333,-0.026317,-0.015509
2.545484,0.031626,0.028433,0.039483,-0.029906,-0.027834,-0.016128
2.555547,0.032877,0.028577,0.039357,-0.030230,-0.029383,-0.016757
2.565618,0.032634,0.027592,0.039588,-0.029399,-0.029438,-0.015487
2.575680,0.032810,0.027005,0.039796,-0.030086,-0.030292,-0.016135
2.585737,0.033778,0.027192,0.039598,-0.030375,-0.031555,-0.016791
2.595800,0.033252,0.027392,0.039758,-0.029124,-0.033612,-0.017455
2.605860,0.033903,0.027987,0.039894,-0.029003,-0.036082,-0.018129
2.615920,0.033824,0.027449,0.040006,-0.027724,-0.037439,-0.018811
2.625980,0.034160,0.027306,0.039711,-0.027956,-0.038446,-0.019503
2.636042,0.034151,0.025654,0.039392,-0.027795,-0.037964,-0.009524
2.646101,0.034553,0.026680,0.039047,-0.027996,-0.037891,-0.010234
2.656163,0.033842,0.027336,0.039059,-0.027035,-0.036704,-0.010954
2.666223,0.034309,0.027241,0.039045,-0.026820,-0.036692,-0.011682
2.676284,0.033663,0.026775,0.038625,-0.026206,-0.034423,-0.012420
2.686325,0.034575,0.026701,0.038178,-0.026718,-0.034093,-0.010115
2.696388,0.033993,0.026257,0.037706,-0.026067,-0.033412,-0.010870
2.706453,0.034975,0.027352,0.037590,-0.026164,-0.033911,-0.011637
2.716513,0.034458,0.027691,0.037447,-0.025474,-0.032148,-0.012411
2.726574,0.035498,0.028039,0.037278,-0.025527,-0.030796,-0.013195
2.736634,0.035425,0.027633,0.036320,-0.024414,-0.028329,-0.013987
2.746694,0.036145,0.027618,0.036098,-0.024805,-0.029325,-0.010210
2.756754,0.035752,0.026848,0.035469,-0.023268,-0.029970,-0.011021
2.766816,0.036533,0.027993,0.035194,-0.023615,-0.030643,-0.011840
2.776979,0.036582,0.027620,0.034511,-0.022795,-0.028294,-0.011523
2.787040,0.037423,0.028018,0.033802,-0.022715,-0.028261,-0.012360
2.797099,0.038293,0.028422,0.033065,-0.022993,-0.029020,-0.013206
2.807164,0.038047,0.027308,0.031921,-0.022483,-0.029425,-0.014060
2.817226,0.038980,0.028493,0.031511,-0.022714,-0.031007,-0.014925
2.827286,0.038786,0.028913,0.030695,-0.021389,-0.031461,-0.015795
2.837348,0.039392,0.029346,0.029469,-0.021951,-0.032332,-0.010191
2.847408,0.038875,0.028636,0.027835,-0.021340,-0.032462,-0.011079
2.857471,0.039529,0.029075,0.026938,-0.021465,-0.032998,-0.011975
2.867531,0.039826,0.028374,0.025632,-0.021181,-0.032794,-0.012879
2.877582,0.040530,0.029585,0.025062,-0.022015,-0.035285,-0.009977
2.887642,0.039731,0.029273,0.024466,-0.021676,-0.038180,-0.010897
2.897703,0.040482,0.028965,0.023842,-0.021691,-0.039571,-0.011824
2.907763,0.040874,0.027896,0.022811,-0.021297,-0.039077,-0.012759
2.917827,0.041287,0.027974,0.022135,-0.022017,-0.040511,-0.013702
2.927886,0.040196,0.028055,0.021432,-0.021565,-0.041202,-0.014651
2.937947,0.041413,0.028518,0.020703,-0.021464,-0.041911,-0.011793
2.948007,0.041124,0.027076,0.019947,-0.020953,-0.040351,-0.012374
2.958069,0.041615,0.027160,0.019166,-0.021174,-0.040714,-0.012581
2.968131,0.040217,0.026481,0.018358,-0.020602,-0.040332,-0.013557
2.978192,0.041505,0.027711,0.017525,-0.020763,-0.040727,-0.014539
2.988244,0.041282,0.027413,0.016666,-0.019749,-0.038849,-0.015527
2.998303,0.042218,0.027497,0.015782,-0.019466,-0.038509,-0.016521
3.008367,0.042397,0.027957,0.014874,-0.019532,-0.038557,-0.017518
3.018426,0.042600,0.026897,0.013937,-0.018808,-0.036339,-0.018523
3.028485,0.043566,0.027735,0.012980,-0.018430,-0.037553,-0.013045
3.038546,0.042638,0.027811,0.011996,-0.017641,-0.037255,-0.014058
3.048608,0.043627,0.027885,0.010987,-0.017583,-0.036965,-0.015076
3.058671,0.043479,0.027193,0.009955,-0.016730,-0.033249,-0.016097
3.068732,0.044099,0.026878,0.008898,-0.016609,-0.033352,-0.017122
3.078791,0.043198,0.027323,0.007818,-0.016074,-0.032697,-0.018151
3.088853,0.044207,0.028145,0.007097,-0.016271,-0.033570,-0.019182
3.098912,0.044074,0.027437,0.005971,-0.016054,-0.033301,-0.020216
3.108975,0.044704,0.027867,0.004822,-0.015805,-0.035701,-0.021252
3.119035,0.043807,0.027148,0.003651,-0.014761,-0.036956,-0.022290
3.129096,0.044807,0.027563,0.002460,-0.014447,-0.038202,-0.023327
3.139156,0.044284,0.027594,0.001245,-0.014484,-0.038304,-0.024368
3.149219,0.044519,0.028382,0.000009,-0.014871,-0.039547,-0.025409
3.159281,0.043985,0.027255,-0.000866,-0.014082,-0.038493,-0.026451
3.169341,0.044587,0.027647,-0.002143,-0.013643,-0.039339,-0.027493
3.179404,0.043271,0.026505,-0.003441,-0.012792,-0.040557,-0.028534
3.189464,0.043852,0.027263,-0.004758,-0.012672,-0.042144,-0.029574
3.199530,0.043649,0.026863,-0.005710,-0.012520,-0.041042,-0.023363
3.209591,0.044201,0.026840,-0.007065,-0.013102,-0.041839,-0.024400
3.219651,0.044356,0.027570,-0.008057,-0.013654,-0.042239,-0.025435
3.229712,0.043731,0.026384,-0.009449,-0.014175,-0.040333,-0.026468
3.239772,0.044613,0.027096,-0.010477,-0.014667,-0.040698,-0.027497
3.249833,0.043179,0.027411,-0.011900,-0.015128,-0.040273,-0.028521
3.259894,0.043635,0.027338,-0.012961,-0.015561,-0.040594,-0.029542
3.269957,0.042925,0.026491,-0.014420,-0.015584,-0.039368,-0.030559
3.280016,0.043715,0.027160,-0.015894,-0.015579,-0.039643,-0.031572
3.290077,0.042189,0.026290,-0.017765,-0.015926,-0.037985,-0.032579
3.300136,0.042918,0.026930,-0.018885,-0.016246,-0.037437,-0.033578
3.310198,0.042096,0.026799,-0.020403,-0.016539,-0.035722,-0.034572
3.320260,0.042008,0.026656,-0.021934,-0.016805,-0.036265,-0.035560
3.330321,0.041505,0.025736,-0.023097,-0.017045,-0.034870,-0.036541
3.340378,0.042106,0.025563,-0.024652,-0.017259,-0.035343,-0.037512
3.350437,0.040389,0.025379,-0.025839,-0.017448,-0.035787,-0.038476
3.360499,0.041305,0.025945,-0.027038,-0.017612,-0.036578,-0.039432
3.370562,0.040658,0.024590,-0.028248,-0.017751,-0.034280,-0.040379
3.380627,0.041110,0.025123,-0.029465,-0.017866,-0.034226,-0.041315
3.390690,0.039618,0.023738,-0.030694,-0.017959,-0.033376,-0.042242
3.400750,0.040375,0.023864,-0.031552,-0.018028,-0.033248,-0.043159
3.410851,0.039556,0.023971,-0.032033,-0.018075,-0.032691,-0.044063
3.420912,0.039842,0.023303,-0.032526,-0.018101,-0.034004,-0.044957
3.430972,0.039703,0.023383,-0.033407,-0.018106,-0.036036,-0.045840
3.441033,0.039129,0.022298,-0.033530,-0.018090,-0.035348,-0.046709
3.451093,0.039657,0.021964,-0.034043,-0.018054,-0.035000,-0.047567
3.461155,0.038611,0.021613,-0.033799,-0.017998,-0.033842,-0.029720
3.471216,0.037891,0.021623,-0.033939,-0.017924,-0.033776,-0.026354
3.481268,0.037508,0.020475,-0.034087,-0.017832,-0.030613,-0.027173
3.491327,0.037073,0.020837,-0.034239,-0.017721,-0.030454,-0.027977
3.501358,0.036199,0.019651,-0.033628,-0.017594,-0.030239,-0.028765
3.511411,0.035659,0.019977,-0.033404,-0.017451,-0.030741,-0.029540
3.521463,0.035446,0.019522,-0.032802,-0.017291,-0.029284,-0.008175
3.531515,0.035556,0.019427,-0.032962,-0.017116,-0.029295,-0.008918
3.541566,0.034852,0.018936,-0.032744,-0.016927,-0.028113,-0.009648
3.551619,0.034852,0.019186,-0.033287,-0.016723,-0.027637,-0.010360
3.561671,0.033654,0.018657,-0.032307,-0.016124,-0.024441,-0.011057
3.571723,0.033923,0.019251,-0.032468,-0.015894,-0.024619,-0.011737
3.581775,0.032994,0.019066,-0.031869,-0.015650,-0.025891,-0.012401
3.591827,0.032771,0.019245,-0.031650,-0.015395,-0.027109,-0.013049
3.601878,0.031724,0.018637,-0.031044,-0.014366,-0.025978,-0.013678
3.611930,0.031766,0.019157,-0.031584,-0.013707,-0.025558,-0.014292
3.621982,0.032129,0.019655,-0.032499,-0.012656,-0.025079,-0.014887
3.632034,0.030912,0.019373,-0.031887,-0.010832,-0.023785,-0.015467
3.642085,0.031158,0.019068,-0.032032,-0.010144,-0.024339,-0.016027
3.652137,0.029824,0.019128,-0.031413,-0.009446,-0.025604,-0.016571
3.662189,0.029574,0.019546,-0.031548,-0.009122,-0.026428,-0.017097
3.672241,0.028887,0.018803,-0.030537,-0.008789,-0.025292,-0.017606
3.682292,0.028902,0.018799,-0.030661,-0.008450,-0.025243,-0.018096
3.692344,0.027718,0.018778,-0.030401,-0.008102,-0.023615,-0.018570
3.702409,0.027618,0.019115,-0.030512,-0.007367,-0.022310,-0.019025
3.712474,0.027079,0.018668,-0.029090,-0.007389,-0.021714,-0.016029
3.722536,0.026487,0.018585,-0.029190,-0.007023,-0.022210,-0.016449
3.732599,0.025836,0.018098,-0.028516,-0.006270,-0.021506,-0.016852
3.742663,0.025895,0.018737,-0.028599,-0.005893,-0.021514,-0.017237
3.752727,0.025132,0.018208,-0.028290,-0.005512,-0.021084,-0.017605
3.762789,0.024699,0.018042,-0.027974,-0.005126,-0.020986,-0.017956
3.772852,0.024210,0.017853,-0.027264,-0.004737,-0.021597,-0.018289
3.782915,0.024429,0.018406,-0.027688,-0.004344,-0.022537,-0.007543
3.792945,0.023835,0.018178,-0.026579,-0.003946,-0.023430,-0.007843
3.803008,0.023187,0.017926,-0.026983,-0.003547,-0.024270,-0.008126
3.813138,0.022105,0.017271,-0.026612,-0.003145,-0.024679,-0.008393
3.823201,0.021738,0.017744,-0.026997,-0.002739,-0.024278,-0.008644
3.833263,0.021700,0.018193,-0.026604,-0.002332,-0.023828,-0.008878
3.843326,0.020851,0.017857,-0.025816,-0.001923,-0.024094,-0.008715
3.853360,0.020717,0.017885,-0.026165,-0.001511,-0.024697,-0.008919
3.863416,0.020536,0.017509,-0.026117,-0.001099,-0.024872,-0.009107
3.873480,0.020689,0.017874,-0.025673,-0.000685,-0.025383,-0.009280
3.883543,0.020033,0.017456,-0.025217,-0.000271,-0.024707,-0.009439
3.893608,0.020097,0.017401,-0.025514,0.000145,-0.023226,-0.009584
3.903669,0.018973,0.016561,-0.025412,0.000562,-0.019796,-0.009714
3.913725,0.018569,0.016844,-0.025297,0.001359,-0.017850,-0.009830
3.923788,0.016979,0.016726,-0.024403,0.001776,-0.014339,-0.009933
3.933854,0.016493,0.016587,-0.024640,0.002192,-0.013079,-0.010023
3.943915,0.015587,0.016049,-0.024104,0.002610,-0.012925,-0.010101
3.953977,0.015406,0.015489,-0.024312,0.003026,-0.013117,-0.010166
3.964040,0.015187,0.015290,-0.023360,0.003442,-0.013272,-0.010219
3.974101,0.015314,0.015071,-0.023919,0.003856,-0.013394,-0.010260
3.984163,0.015406,0.015214,-0.023318,0.004270,-0.013482,-0.010290
3.994227,0.015464,0.015337,-0.023464,0.004683,-0.013538,-0.010309
4.004287,0.015108,0.014678,-0.023213,0.005095,-0.013944,-0.010317
4.014350,0.015103,0.014388,-0.023338,0.005509,-0.013939,-0.010315
4.024435,0.015066,0.013706,-0.022697,0.005926,-0.013903,-0.010303
4.034500,0.014998,0.013779,-0.022437,0.006347,-0.013838,-0.010281
4.044561,0.014898,0.013460,-0.022940,0.006772,-0.013743,-0.010249
4.054625,0.014767,0.013133,-0.022679,0.007200,-0.013236,-0.010206
4.064677,0.014605,0.012796,-0.023180,0.007633,-0.013081,-0.010154
4.074739,0.014412,0.012832,-0.022535,0.008069,-0.013278,-0.010091
4.084802,0.014188,0.013239,-0.022653,0.008510,-0.013063,-0.010018
4.094865,0.013933,0.013255,-0.022770,0.008954,-0.012819,-0.009935
4.104929,0.013647,0.013262,-0.022886,0.009403,-0.012545,-0.009842
4.114991,0.013330,0.013259,-0.022619,0.009856,-0.012242,-0.009739
4.125054,0.012603,0.014368,-0.023608,0.010774,-0.011546,-0.009504
4.135118,0.012194,0.013572,-0.023337,0.011240,-0.011154,-0.009371
4.145180,0.011754,0.013148,-0.023828,0.011710,-0.010733,-0.009228
4.155242,0.011283,0.012713,-0.023937,0.012185,-0.010283,-0.009076
4.165306,0.010783,0.012649,-0.024044,0.012664,-0.009804,-0.008914
4.175371,0.010251,0.012575,-0.023386,0.013148,-0.009295,-0.008742
4.185432,0.009690,0.012871,-0.023490,0.013637,-0.008758,-0.008560
4.195493,0.009099,0.012776,-0.023210,0.014131,-0.008192,-0.008369
4.205558,0.008478,0.013050,-0.024073,0.014630,-0.007597,-0.008168
4.215620,0.007827,0.012552,-0.023409,0.015134,-0.006974,-0.007958
4.225683,0.007146,0.012423,-0.023506,0.015643,-0.006323,-0.007739
4.235745,0.006436,0.012283,-0.023219,0.016157,-0.005643,-0.004076
4.245807,0.006079,0.012514,-0.023694,0.016677,-0.004936,-0.003838
4.255870,0.005310,0.012351,-0.024166,0.017202,-0.004200,-0.003591
4.265934,0.004513,0.012178,-0.023874,0.017733,-0.003437,-0.003334
4.275998,0.003687,0.012373,-0.023960,0.018269,-0.002646,-0.003069
4.286060,0.002833,0.012176,-0.023664,0.018811,-0.002209,-0.002794
4.296123,0.001950,0.011967,-0.024128,0.019360,-0.001364,-0.002510
4.306187,0.001039,0.011364,-0.023826,0.019914,-0.000491,-0.002218
4.316247,0.000100,0.011131,-0.023523,0.020475,0.000408,-0.001917
4.326310,-0.000486,0.010504,-0.022835,0.021042,0.001334,-0.001608
4.336360,-0.001099,0.010628,-0.023290,0.021615,0.002286,-0.001290
4.346418,-0.001739,0.009976,-0.022598,0.022195,0.003265,-0.000963
4.356480,-0.002787,0.010075,-0.022666,0.022782,0.004269,-0.000628
4.366543,-0.003482,0.010161,-0.022350,0.023375,0.005299,-0.000285
4.376607,-0.004584,0.010234,-0.022413,0.023976,0.006355,0.000066
4.386673,-0.005713,0.010294,-0.022473,0.024583,0.007436,0.000426
4.396738,-0.006486,0.010341,-0.022531,0.025198,0.008543,0.000793
4.406800,-0.007666,0.009994,-0.022204,0.025820,0.009674,0.001168
4.416863,-0.008491,0.010014,-0.021874,0.026450,0.010829,0.001551
4.426899,-0.009341,0.009640,-0.021924,0.027088,0.012009,0.001941
4.436963,-0.010598,0.009634,-0.021970,0.027733,0.013213,0.002339
4.447014,-0.011498,0.009614,-0.022013,0.028386,0.014441,0.002745
4.457074,-0.012804,0.009962,-0.022053,0.029048,0.015312,0.003157
4.467138,-0.013753,0.010296,-0.022090,0.029718,0.016586,0.003577
4.477198,-0.014726,0.010234,-0.021743,0.030396,0.017503,0.004004
4.487259,-0.015722,0.010540,-0.021774,0.031082,0.018823,0.004437
4.497321,-0.017124,0.010831,-0.021801,0.031778,0.020167,0.004878
4.507383,-0.018167,0.010727,-0.022207,0.032482,0.021532,0.005325
4.517447,-0.018851,0.010608,-0.021465,0.033195,0.022919,0.005779
4.527509,-0.020321,0.010856,-0.021483,0.033536,0.024328,0.006239
4.537573,-0.020668,0.010326,-0.021116,0.034267,0.025377,0.006706
4.547636,-0.021801,0.010163,-0.021508,0.035008,0.026828,0.007179
4.557696,-0.022573,0.009222,-0.021134,0.035759,0.028300,0.006895
4.567760,-0.023367,0.009029,-0.021137,0.036519,0.029411,0.007380
4.577813,-0.023418,0.008821,-0.020375,0.036908,0.029398,0.007871
4.587877,-0.023872,0.008216,-0.020371,0.037307,0.029405,0.008367
4.597942,-0.023201,0.007595,-0.019982,0.036953,0.029812,0.008869
4.608005,-0.024077,0.007340,-0.019590,0.037753,0.030239,0.005562
4.618067,-0.023827,0.006688,-0.019193,0.038565,0.030303,0.006075
4.628130,-0.024360,0.006402,-0.019556,0.039386,0.031530,0.006593
4.638195,-0.024911,0.006100,-0.019534,0.040219,0.033157,0.007116
4.648257,-0.026245,0.006164,-0.019888,0.041062,0.034039,0.007645
4.658311,-0.026452,0.006211,-0.019858,0.041916,0.034176,0.007796
4.668360,-0.027058,0.006242,-0.020205,0.042782,0.034711,0.008334
4.678416,-0.027682,0.006256,-0.020929,0.043658,0.034882,0.008877
4.688478,-0.027560,0.006636,-0.020886,0.044546,0.033925,0.009424
4.698542,-0.027837,0.006617,-0.021602,0.045446,0.032221,0.009975
4.708606,-0.027367,0.006201,-0.021169,0.046357,0.029008,0.010530
4.718671,-0.028057,0.006149,-0.021494,0.046899,0.028098,0.011090
4.728733,-0.028001,0.006080,-0.021053,0.047452,0.027968,0.011654
4.738797,-0.028723,0.006375,-0.020988,0.048017,0.027852,0.012221
4.748859,-0.028697,0.006272,-0.020538,0.048213,0.025462,0.012792
4.758924,-0.029068,0.006152,-0.020845,0.048803,0.025375,0.013367
4.768978,-0.028689,0.006014,-0.020386,0.049787,0.025683,0.013945
4.779038,-0.029088,0.005859,-0.020684,0.050783,0.026005,0.014527
4.789102,-0.029120,0.005687,-0.020215,0.051792,0.025959,0.015112
4.799168,-0.029545,0.005497,-0.020123,0.052432,0.027452,0.012267
4.809228,-0.029603,0.005289,-0.020025,0.052703,0.028957,0.012858
4.819292,-0.030436,0.005063,-0.020305,0.052987,0.030093,0.013452
4.829358,-0.030137,0.004819,-0.019435,0.052140,0.030860,0.014049
4.839415,-0.030231,0.004558,-0.019322,0.052068,0.031257,0.014648
4.849470,-0.029574,0.004278,-0.018824,0.051629,0.029757,0.015250
4.859534,-0.030073,0.003980,-0.018702,0.050821,0.029413,0.015855
4.869605,-0.029820,0.003664,-0.018574,0.049645,0.029080,0.016461
4.879669,-0.030721,0.003329,-0.018441,0.050008,0.029901,0.017070
4.889732,-0.031252,0.002976,-0.018303,0.050385,0.030351,0.017682
4.899796,-0.031029,0.002605,-0.018160,0.050394,0.031191,0.018295
4.909856,-0.031197,0.002215,-0.018392,0.050416,0.032423,0.018910
4.919920,-0.031375,0.001806,-0.017857,0.049690,0.031756,0.019526
4.929984,-0.031942,0.001378,-0.018078,0.049740,0.032623,0.020145
4.940049,-0.031374,0.000932,-0.017531,0.049803,0.032736,0.020765
4.950109,-0.031958,0.000467,-0.018123,0.050263,0.033238,0.012612
4.960163,-0.031787,-0.000017,-0.017946,0.049973,0.032985,0.013235
4.970215,-0.031624,-0.000520,-0.018145,0.050078,0.033503,0.013859
4.980265,-0.031467,-0.001043,-0.017575,0.049435,0.031356,0.014484
4.990317,-0.032081,-0.001584,-0.017761,0.049568,0.031124,0.015111
5.000367,-0.031556,-0.002144,-0.017561,0.050097,0.030898,0.015738
5.010428,-0.032182,-0.002343,-0.018117,0.050640,0.031060,0.016366
5.020493,-0.032051,-0.002942,-0.018286,0.050435,0.029701,0.016995
5.030553,-0.031925,-0.003560,-0.018448,0.051006,0.031400,0.017624
5.040616,-0.031805,-0.004198,-0.018604,0.051210,0.031196,0.018255
5.050677,-0.032452,-0.004855,-0.019136,0.051429,0.031760,0.018885
5.060737,-0.031960,-0.005532,-0.018897,0.052424,0.031566,0.019516
5.070802,-0.032616,-0.006228,-0.019034,0.053815,0.032520,0.020147
5.080864,-0.032131,-0.006944,-0.019165,0.054457,0.031571,0.020779
5.090927,-0.032032,-0.007679,-0.019288,0.055495,0.032151,0.021411
5.101056,-0.031554,-0.008434,-0.018642,0.055784,0.030446,0.022042
5.111118,-0.031842,-0.009209,-0.018753,0.056087,0.029888,0.022674
5.121177,-0.032133,-0.010003,-0.019237,0.056786,0.030477,0.023306
5.131240,-0.032045,-0.010435,-0.018571,0.057117,0.029161,0.023937
5.141299,-0.031959,-0.011269,-0.018660,0.057844,0.029755,0.024568
5.151361,-0.031494,-0.011740,-0.018361,0.058585,0.030351,0.025199
5.161421,-0.032174,-0.012232,-0.018818,0.059340,0.031711,0.025829
5.171475,-0.032093,-0.012743,-0.018505,0.059727,0.032309,0.016540
5.181524,-0.032394,-0.013655,-0.018565,0.060128,0.032527,0.017170
5.191579,-0.032314,-0.014587,-0.017856,0.059399,0.031602,0.017798
5.201632,-0.032235,-0.015157,-0.017902,0.059828,0.032965,0.018426
5.211695,-0.031393,-0.015747,-0.017177,0.059507,0.033185,0.019053
5.221756,-0.032076,-0.016738,-0.016827,0.059963,0.032642,0.019679
5.231818,-0.031615,-0.017749,-0.016087,0.058907,0.032098,0.020305
5.241882,-0.031535,-0.018779,-0.016103,0.059390,0.031936,0.020929
5.251947,-0.031454,-0.019829,-0.015729,0.059504,0.031772,0.021552
5.262009,-0.031753,-0.020517,-0.016110,0.060395,0.031989,0.022174
5.272071,-0.031288,-0.021224,-0.015721,0.060155,0.031061,0.007918
5.282135,-0.031584,-0.021569,-0.016086,0.060691,0.031275,0.008537
5.292197,-0.031497,-0.021934,-0.016062,0.060096,0.029962,0.009156
5.302259,-0.031789,-0.022319,-0.016030,0.059894,0.029792,0.009773
5.312335,-0.031316,-0.022341,-0.015989,0.058561,0.030382,0.010389
5.322399,-0.031603,-0.022764,-0.016322,0.058004,0.030969,0.011003
5.332461,-0.032269,-0.022443,-0.016264,0.057459,0.031173,0.011615
5.342524,-0.031788,-0.022141,-0.016199,0.056164,0.030611,0.012227
5.352587,-0.032066,-0.021859,-0.016124,0.056025,0.029665,0.012836
5.362651,-0.031959,-0.021214,-0.015660,0.054754,0.027189,0.013444
5.372713,-0.031849,-0.021351,-0.015568,0.054258,0.027762,0.014050
5.382777,-0.031353,-0.021125,-0.015087,0.053011,0.027186,0.014654
5.392840,-0.032379,-0.021300,-0.014977,0.052920,0.028515,0.015257
5.402904,-0.031875,-0.021112,-0.014478,0.052458,0.030602,0.015858
5.412966,-0.032130,-0.021324,-0.014732,0.052772,0.032303,0.016456
5.423029,-0.032380,-0.020791,-0.014596,0.052714,0.032474,0.017053
5.433093,-0.032243,-0.021040,-0.014832,0.053813,0.033786,0.017648
5.443158,-0.031720,-0.019782,-0.015059,0.054540,0.033184,0.018241
5.453220,-0.032337,-0.020067,-0.015659,0.055278,0.034104,0.018832
5.463283,-0.031803,-0.019608,-0.015867,0.054882,0.035401,0.019420
5.473346,-0.031646,-0.019929,-0.016447,0.055260,0.035929,0.020007
5.483360,-0.031101,-0.019124,-0.016637,0.055266,0.033781,0.020591
5.493422,-0.031313,-0.019100,-0.016817,0.056045,0.033535,0.021173
5.503484,-0.030757,-0.019093,-0.016987,0.056070,0.032521,0.021753
5.513548,-0.030957,-0.019485,-0.017148,0.056486,0.033026,0.022331
5.523602,-0.030388,-0.019131,-0.017680,0.056531,0.031237,0.022906
5.533664,-0.030956,-0.019940,-0.017821,0.056584,0.030967,0.023479
5.543718,-0.031137,-0.020765,-0.017952,0.057027,0.031073,0.024050
5.553770,-0.030548,-0.020462,-0.017692,0.056335,0.028883,0.024618
5.563822,-0.031478,-0.020939,-0.017040,0.056414,0.028212,0.025184
5.573874,-0.030493,-0.021052,-0.016760,0.056119,0.028298,0.025747
5.583926,-0.031027,-0.021943,-0.016088,0.056596,0.027995,0.026308
5.593978,-0.030791,-0.022088,-0.015787,0.056317,0.025396,0.026867
5.604030,-0.030548,-0.022631,-0.015857,0.056808,0.025461,0.027422
5.614093,-0.030296,-0.022045,-0.015154,0.056543,0.023611,0.027976
5.624158,-0.030800,-0.023000,-0.014441,0.057430,0.023661,0.028526
5.634220,-0.030534,-0.022826,-0.014099,0.057179,0.025611,0.029075
5.644283,-0.031404,-0.023813,-0.014127,0.057698,0.027553,0.029620
5.654347,-0.030740,-0.023288,-0.013001,0.058222,0.029488,0.030163
5.664363,-0.031212,-0.023541,-0.013008,0.059515,0.031415,0.030704
5.674419,-0.030531,-0.023428,-0.013005,0.060433,0.033334,0.031241
5.684483,-0.030605,-0.024092,-0.012991,0.061355,0.035245,0.031776
5.694548,-0.030290,-0.023244,-0.012966,0.061520,0.037148,0.032308
5.704609,-0.030728,-0.023174,-0.012930,0.062071,0.038661,0.032838
5.714673,-0.029632,-0.023499,-0.012502,0.061864,0.040166,0.033365
5.724736,-0.029672,-0.023456,-0.012826,0.062042,0.041281,0.029693
5.734760,-0.029322,-0.022663,-0.011994,0.061079,0.040481,0.030214
5.744822,-0.029344,-0.023028,-0.011533,0.061265,0.040053,0.030732
5.754885,-0.029357,-0.023406,-0.011060,0.061072,0.040761,0.031248
5.764944,-0.028979,-0.023416,-0.010195,0.059357,0.039172,0.031761
5.775006,-0.031249,-0.025760,-0.010339,0.061275,0.039782,0.032779
5.785066,-0.030081,-0.025806,-0.009440,0.059948,0.036640,0.033283
5.795135,-0.030430,-0.026246,-0.008911,0.059768,0.034252,0.033785
5.805193,-0.030006,-0.025552,-0.008371,0.058444,0.030711,0.034284
5.815257,-0.029955,-0.026396,-0.008201,0.058267,0.030213,0.034780
5.825318,-0.029512,-0.025343,-0.008020,0.057709,0.027416,0.035273
5.835365,-0.029823,-0.025445,-0.007826,0.058295,0.025755,0.035763
5.845427,-0.029361,-0.025558,-0.008385,0.058501,0.022559,0.036251
5.855489,-0.029653,-0.026063,-0.008169,0.059088,0.020879,0.036735
5.865550,-0.029172,-0.024670,-0.008322,0.058531,0.018427,0.037217
5.875613,-0.029444,-0.024813,-0.008846,0.059498,0.019781,0.037696
5.885677,-0.029325,-0.024584,-0.008976,0.058558,0.021506,0.038171
5.895741,-0.029577,-0.024745,-0.009095,0.058760,0.022841,0.038644
5.905806,-0.029057,-0.024915,-0.009202,0.058198,0.024547,0.039114
5.915869,-0.029289,-0.025476,-0.009297,0.058778,0.026244,0.039582
5.925929,-0.029512,-0.024519,-0.008999,0.058594,0.028313,0.040046
5.935991,-0.029725,-0.025095,-0.009070,0.059551,0.030373,0.040507
5.946060,-0.028783,-0.024535,-0.009512,0.059742,0.031659,0.040966
5.956121,-0.028976,-0.025127,-0.009559,0.060312,0.032936,0.041421
5.966179,-0.029158,-0.026108,-0.009595,0.060497,0.034585,0.041874
5.976241,-0.028568,-0.025570,-0.009238,0.060296,0.036224,0.042324
5.986300,-0.028348,-0.025801,-0.009250,0.060855,0.037472,0.042771
5.996362,-0.028119,-0.025657,-0.009250,0.060646,0.038329,0.043215
6.006422,-0.028643,-0.026283,-0.009239,0.061195,0.039557,0.043656
6.016482,-0.028011,-0.025388,-0.009597,0.061358,0.040013,0.044094
6.026543,-0.028133,-0.026406,-0.009180,0.061515,0.038932,0.044529
6.036599,-0.027481,-0.026284,-0.009132,0.060522,0.036316,0.044962
6.046661,-0.027201,-0.026168,-0.009073,0.060668,0.035216,0.045391
6.056720,-0.026529,-0.026056,-0.009001,0.059662,0.032199,0.045818
6.066783,-0.026609,-0.026330,-0.008918,0.060177,0.030317,0.046241
6.076846,-0.026298,-0.025464,-0.009204,0.059158,0.026898,0.046662
6.086906,-0.026740,-0.026508,-0.009096,0.059276,0.026140,0.047080
6.096970,-0.026789,-0.026412,-0.008595,0.058243,0.023847,0.047495
6.107029,-0.026829,-0.026319,-0.008464,0.057965,0.022687,0.047907
6.117090,-0.026476,-0.025847,-0.008320,0.056915,0.022281,0.048317
6.127151,-0.026495,-0.026522,-0.008165,0.057002,0.022246,0.048723
6.137212,-0.026885,-0.026056,-0.008379,0.055935,0.020294,0.049126
6.147271,-0.026883,-0.026735,-0.007818,0.056004,0.019858,0.049527
6.157328,-0.026490,-0.025890,-0.007627,0.055300,0.019794,0.049925
6.167380,-0.026849,-0.026191,-0.007424,0.054969,0.020482,0.050320
6.177443,-0.027198,-0.026875,-0.007209,0.055390,0.021924,0.050712
6.187493,-0.026773,-0.026033,-0.007363,0.054275,0.023356,0.051101
6.197545,-0.027102,-0.026718,-0.006743,0.054294,0.024396,0.051488
6.207605,-0.026657,-0.026641,-0.006492,0.053921,0.025045,0.051872
6.217656,-0.026964,-0.026944,-0.006229,0.054300,0.025684,0.052252
6.227705,-0.026499,-0.026485,-0.005955,0.054286,0.025932,0.052631
6.237755,-0.026405,-0.026787,-0.005669,0.054642,0.026932,0.053006
6.247806,-0.025537,-0.026326,-0.005752,0.054223,0.027542,0.053378
6.257854,-0.026186,-0.027008,-0.005442,0.054174,0.026997,0.053748
6.267903,-0.025298,-0.026545,-0.005120,0.053349,0.026061,0.054115
6.277957,-0.025926,-0.026461,-0.004406,0.054037,0.027404,0.054479
6.288006,-0.025399,-0.025993,-0.004061,0.053950,0.028737,0.054840
6.298057,-0.025625,-0.026668,-0.004086,0.054612,0.029297,0.055199
6.308106,-0.025078,-0.026196,-0.003717,0.054498,0.028322,0.055554
6.318158,-0.025665,-0.026483,-0.003337,0.055515,0.027718,0.055907
6.328207,-0.025098,-0.025624,-0.002946,0.055373,0.027867,0.056258
6.338259,-0.025283,-0.025905,-0.002543,0.055599,0.028770,0.056605
6.348308,-0.025077,-0.025420,-0.002129,0.055047,0.030045,0.056950
6.358368,-0.024861,-0.025694,-0.001703,0.055244,0.030928,0.057292
6.368468,-0.025016,-0.025963,-0.001266,0.055044,0.031420,0.057632
6.378520,-0.025162,-0.025847,-0.000817,0.055211,0.031903,0.057969
6.388571,-0.025679,-0.025727,-0.000358,0.055744,0.031994,0.058303
6.398621,-0.025041,-0.025219,0.000113,0.056262,0.032076,0.058634
6.408672,-0.024775,-0.025470,0.000596,0.057145,0.032911,0.058963
6.418722,-0.024499,-0.025334,0.001089,0.056487,0.031829,0.059289
6.428773,-0.024595,-0.025955,0.001594,0.056193,0.029593,0.033291
6.438824,-0.024299,-0.025426,0.002109,0.055502,0.025440,0.033230
6.448872,-0.023993,-0.025272,0.002636,0.055558,0.024330,0.033548
6.458923,-0.023678,-0.024731,0.003174,0.054452,0.024354,0.033864
6.468972,-0.023734,-0.024564,0.003722,0.054474,0.025514,0.034176
6.479023,-0.023781,-0.024390,0.004281,0.054097,0.024757,0.034487
6.489074,-0.024580,-0.024591,0.004852,0.053704,0.024371,0.034794
6.499125,-0.024226,-0.023641,0.005432,0.053292,0.023977,0.035100
6.509176,-0.024625,-0.024208,0.006024,0.053626,0.025099,0.035402
6.519226,-0.024632,-0.023624,0.006626,0.052798,0.026593,0.035702
6.529278,-0.024630,-0.024176,0.006857,0.052333,0.026170,0.035999
6.539326,-0.024237,-0.023957,0.007862,0.051088,0.023831,0.036294
6.549379,-0.024216,-0.024493,0.008496,0.050968,0.022627,0.036587
6.559475,-0.024185,-0.023494,0.009140,0.050449,0.020651,0.036876
6.569527,-0.024145,-0.024013,0.009794,0.050674,0.020954,0.037164
6.579577,-0.024096,-0.024141,0.010459,0.051262,0.022011,0.037448
6.589627,-0.023655,-0.023497,0.010370,0.051068,0.021152,0.037731
6.599679,-0.023968,-0.024370,0.011055,0.051237,0.020283,0.038010
6.609731,-0.023508,-0.024089,0.011750,0.050624,0.018643,0.038288
6.619783,-0.023802,-0.024180,0.012455,0.050373,0.019282,0.038562
6.629836,-0.024087,-0.023879,0.013170,0.050484,0.020676,0.038835
6.639885,-0.023981,-0.023568,0.013894,0.050576,0.020916,0.039105
6.649937,-0.023484,-0.023248,0.014628,0.049123,0.019621,0.039372
6.659986,-0.023359,-0.024061,0.015372,0.048794,0.019080,0.039637
6.670038,-0.023226,-0.023719,0.016126,0.048445,0.019293,0.039900
6.680087,-0.023846,-0.023367,0.016889,0.049222,0.020260,0.040160
6.690137,-0.023693,-0.023004,0.017662,0.049978,0.021600,0.040417
6.700189,-0.023532,-0.023011,0.018444,0.050333,0.022168,0.040673
6.710238,-0.022980,-0.022626,0.018853,0.049905,0.020820,0.040926
6.720291,-0.022801,-0.023374,0.019654,0.050220,0.020607,0.041176
6.730344,-0.022612,-0.022966,0.020463,0.050514,0.020386,0.041424
6.740394,-0.022796,-0.023309,0.021282,0.051170,0.020919,0.041670
6.750485,-0.022590,-0.022496,0.022109,0.052187,0.021443,0.041914
6.760537,-0.022756,-0.022435,0.022565,0.053183,0.021959,0.042155
6.770588,-0.022913,-0.022361,0.023410,0.054159,0.022466,0.042394
6.780639,-0.022298,-0.022657,0.023882,0.055115,0.022965,0.042630
6.790691,-0.022819,-0.023322,0.024745,0.056050,0.023455,0.042864
6.800741,-0.022568,-0.022830,0.025616,0.056964,0.024318,0.043096
6.810790,-0.022690,-0.022708,0.026496,0.057858,0.025554,0.043326
6.820840,-0.022040,-0.021809,0.027384,0.058731,0.026400,0.043553
6.830889,-0.021763,-0.021661,0.028281,0.059583,0.026856,0.043778
6.840940,-0.021477,-0.021119,0.029186,0.060415,0.027685,0.044000
6.850990,-0.021945,-0.022090,0.030099,0.061226,0.028125,0.044221
6.861041,-0.021642,-0.022285,0.031020,0.062016,0.028174,0.044439
6.871092,-0.022093,-0.022467,0.031949,0.062785,0.028216,0.044655
6.881143,-0.021392,-0.021109,0.032885,0.063533,0.027486,0.044869
6.891194,-0.021063,-0.020883,0.033830,0.064261,0.026748,0.045080
6.901243,-0.020725,-0.019881,0.034782,0.064968,0.024094,0.045289
6.911292,-0.020761,-0.020390,0.035742,0.065654,0.022576,0.045496
6.921342,-0.020788,-0.021268,0.036329,0.066319,0.019906,0.045701
6.931393,-0.020807,-0.022133,0.037304,0.066963,0.019135,0.045904
6.941442,-0.020436,-0.021839,0.038286,0.067586,0.018738,0.046104
6.951493,-0.020438,-0.020768,0.039276,0.068189,0.018714,0.046303
6.961542,-0.020431,-0.020447,0.040272,0.068771,0.019063,0.046499
6.971592,-0.020417,-0.019348,0.041276,0.069332,0.020167,0.046693
6.981643,-0.021157,-0.020525,0.042287,0.069872,0.020882,0.046884
6.991696,-0.021507,-0.020924,0.043305,0.070392,0.021589,0.047074
7.001759,-0.021849,-0.022073,0.043948,0.070509,0.022288,0.017125
7.011824,-0.021802,-0.022063,0.044980,0.070987,0.022979,0.017310
7.021886,-0.022127,-0.022038,0.046018,0.071063,0.023662,0.017493
7.031949,-0.022063,-0.020855,0.047063,0.069974,0.024337,0.017675
7.042012,-0.022373,-0.020039,0.048114,0.068483,0.025004,0.017854
7.052076,-0.022293,-0.018446,0.049171,0.066208,0.025282,0.018031
7.062139,-0.022205,-0.019127,0.050235,0.064676,0.025934,0.018205
7.072201,-0.021727,-0.020176,0.050924,0.062361,0.026578,0.018378
7.082266,-0.021623,-0.021209,0.052000,0.060788,0.027215,0.018549
7.092322,-0.021130,-0.021084,0.052319,0.058431,0.027844,0.018717
7.102365,-0.021010,-0.020945,0.053025,0.057199,0.028846,0.018884
7.112425,-0.020500,-0.019265,0.054119,0.055183,0.029459,0.019048
7.122477,-0.019983,-0.018333,0.054838,0.053911,0.029684,0.019211
7.132527,-0.019458,-0.016623,0.055180,0.051474,0.029519,0.019371
7.142576,-0.019307,-0.017570,0.055909,0.049779,0.028965,0.019530
7.152648,-0.018766,-0.019264,0.056263,0.048446,0.027260,0.007479
7.162698,-0.018980,-0.020181,0.056621,0.047856,0.026309,0.007633
7.172751,-0.019187,-0.021465,0.056604,0.047628,0.025733,0.007785
7.182803,-0.019386,-0.021971,0.056210,0.047761,0.025912,0.007936
7.192855,-0.019577,-0.022462,0.055821,0.047875,0.026465,0.008084
7.202904,-0.020142,-0.021794,0.055056,0.047969,0.025867,0.008230
7.212955,-0.020318,-0.021875,0.055059,0.048044,0.024116,0.008375
7.223004,-0.020486,-0.019651,0.054685,0.048099,0.020451,0.008517
7.233053,-0.020266,-0.018558,0.054698,0.048134,0.018686,0.008657
7.243104,-0.020037,-0.018975,0.053570,0.046624,0.016913,0.008796
7.253154,-0.019801,-0.020141,0.053210,0.045477,0.016278,0.008932
7.263204,-0.019176,-0.020528,0.052474,0.043929,0.013346,0.009067
7.273256,-0.019307,-0.020901,0.052122,0.043125,0.011552,0.009199
7.283306,-0.019048,-0.021260,0.051394,0.042683,0.011658,0.009330
7.293348,-0.019164,-0.021603,0.051433,0.042604,0.012519,0.009458
7.303397,-0.019272,-0.021169,0.050713,0.042506,0.013374,0.009585
7.313447,-0.018991,-0.021101,0.050379,0.042389,0.013458,0.009710
7.323497,-0.018703,-0.019111,0.050048,0.042254,0.013917,0.009833
7.333548,-0.018789,-0.017870,0.050103,0.042100,0.014368,0.009954
7.343639,-0.018486,-0.017377,0.049399,0.041547,0.014812,0.006640
7.353690,-0.018175,-0.018394,0.048698,0.040975,0.015249,0.006757
7.363739,-0.018239,-0.019398,0.048764,0.040766,0.015680,0.006872
7.373791,-0.018296,-0.019623,0.048452,0.040539,0.016103,0.006986
7.383841,-0.018345,-0.020215,0.048524,0.040294,0.016519,0.007097
7.393893,-0.018006,-0.020030,0.048600,0.039650,0.016928,0.007207
7.403943,-0.018422,-0.020593,0.048298,0.038988,0.017330,0.007314
7.413994,-0.018449,-0.019997,0.048381,0.038309,0.018106,0.003606
7.424057,-0.018470,-0.019768,0.048847,0.037230,0.018495,0.003710
7.434119,-0.018483,-0.017617,0.048936,0.035752,0.018494,0.003812
7.444179,-0.018870,-0.016595,0.049409,0.035402,0.018869,0.003912
7.454243,-0.019251,-0.015178,0.048740,0.034271,0.019236,0.004010
7.464303,-0.019624,-0.016035,0.048455,0.033886,0.019596,0.004107
7.474369,-0.019609,-0.016878,0.048173,0.033484,0.019950,0.004202
7.484430,-0.019586,-0.017325,0.048275,0.033065,0.020297,0.004295
7.494494,-0.019556,-0.017376,0.047616,0.032629,0.020637,0.004386
7.504559,-0.019520,-0.017794,0.048104,0.032177,0.020970,0.004475
7.514610,-0.019095,-0.017434,0.048213,0.031708,0.021296,0.004562
7.524660,-0.019044,-0.017824,0.048706,0.031222,0.021615,0.004648
7.534713,-0.018605,-0.017817,0.048438,0.030720,0.021928,0.004732
7.544774,-0.018540,-0.017796,0.048934,0.030202,0.022234,0.004814
7.554838,-0.018087,-0.016999,0.048289,0.029668,0.022533,0.004894
7.564898,-0.017626,-0.015805,0.048789,0.029118,0.022826,0.004972
7.574962,-0.017541,-0.014979,0.048910,0.028552,0.023111,0.005049
7.585015,-0.017349,-0.013666,0.049920,0.027373,0.023663,0.005197
7.595077,-0.016861,-0.013942,0.049664,0.026760,0.023547,0.002598
7.605143,-0.016366,-0.014585,0.049409,0.026132,0.023806,0.002667
7.615206,-0.016245,-0.014834,0.049538,0.025488,0.024058,0.002734
7.625266,-0.015737,-0.015449,0.049286,0.024830,0.024304,0.002800
7.635328,-0.015984,-0.015670,0.049417,0.024156,0.024543,0.002864
7.645392,-0.015843,-0.015876,0.048786,0.023467,0.024775,0.002927
7.655457,-0.016077,-0.016069,0.048919,0.022764,0.025001,0.002987
7.665517,-0.016304,-0.015867,0.049053,0.022046,0.025220,0.003046
7.675581,-0.016524,-0.016032,0.049569,0.021313,0.025433,0.003103
7.685644,-0.016737,-0.015803,0.049705,0.020566,0.025639,0.003158
7.695701,-0.016944,-0.015559,0.049841,0.019805,0.025456,0.003211
7.705770,-0.017143,-0.015302,0.049597,0.019030,0.025649,0.003263
7.715834,-0.017336,-0.014651,0.050116,0.018240,0.025454,0.003313
7.725896,-0.017522,-0.012841,0.049872,0.017437,0.024108,0.003361
7.735957,-0.017702,-0.011781,0.050011,0.016619,0.022755,0.003408
7.746016,-0.017874,-0.011089,0.049387,0.015789,0.021015,0.003452
7.756078,-0.018040,-0.011146,0.049144,0.014944,0.020030,0.003495
7.766134,-0.018199,-0.011572,0.048902,0.014086,0.020184,0.003536
7.776202,-0.018351,-0.011603,0.049041,0.013215,0.019950,0.003576
7.786261,-0.018497,-0.012003,0.049180,0.012331,0.020090,0.003613
7.796322,-0.018636,-0.012008,0.048557,0.011433,0.020224,0.003649
7.806388,-0.018387,-0.012381,0.049077,0.010523,0.020352,0.003684
7.816452,-0.018512,-0.011978,0.048835,0.009600,0.020855,0.003716
7.826516,-0.018631,-0.011944,0.048973,0.008664,0.020969,0.003747
7.836575,-0.018361,-0.011897,0.048730,0.007716,0.021078,0.003776
7.846637,-0.018467,-0.011837,0.048868,0.007137,0.021180,0.003803
7.856698,-0.018566,-0.011764,0.049005,0.006163,0.020893,0.003829
7.866764,-0.018658,-0.011678,0.049142,0.005178,0.020982,0.003852
7.876823,-0.018743,-0.011580,0.049278,0.004181,0.021065,0.003875
7.886885,-0.018821,-0.011850,0.049794,0.003172,0.021141,0.003895
7.896946,-0.018893,-0.012108,0.049547,0.002150,0.021210,0.003914
7.907011,-0.018959,-0.012353,0.050063,0.001118,0.021273,0.003930
7.917072,-0.019017,-0.012586,0.049814,0.000073,0.021330,0.003946
7.927135,-0.019069,-0.012806,0.050327,-0.000982,0.021380,0.003959
7.937199,-0.019115,-0.013014,0.049695,-0.002050,0.021424,0.003971
7.947256,-0.019153,-0.013210,0.049442,-0.003128,0.021461,0.003981
7.957320,-0.019185,-0.013393,0.049189,-0.004217,0.021492,0.003989
7.967382,-0.019211,-0.013564,0.049316,-0.005318,0.021517,0.003996
7.977442,-0.019230,-0.013723,0.048679,-0.006429,0.021535,0.004001
7.987506,-0.018860,-0.013488,0.048421,-0.007551,0.021546,0.004004
7.997671,-0.018866,-0.013241,0.048162,-0.008683,0.021552,0.004005
8.007738,-0.018483,-0.012982,0.048283,-0.009826,0.021551,0.004005
8.017790,-0.018475,-0.012329,0.048403,-0.010979,0.021543,0.004003
8.027853,-0.018461,-0.011665,0.047757,-0.012143,0.021529,0.003999
8.037910,-0.018439,-0.010607,0.047873,-0.012935,0.021508,0.003993
8.047974,-0.018412,-0.009156,0.047606,-0.013356,0.021482,0.003986
8.058028,-0.018377,-0.007693,0.047718,-0.014168,0.021448,0.003977
8.068088,-0.018336,-0.006219,0.047446,-0.014989,0.021409,0.003967
8.078152,-0.018288,-0.006258,0.047173,-0.016202,0.021362,0.003954
8.088211,-0.017852,-0.006286,0.046897,-0.017425,0.021310,0.003940
8.098273,-0.017791,-0.006303,0.047382,-0.018656,0.021251,0.003924
8.108338,-0.017723,-0.006307,0.047103,-0.019897,0.021185,0.003907
8.118361,-0.017649,-0.006301,0.047202,-0.021148,0.021113,0.003888
8.128414,-0.017568,-0.005901,0.046536,-0.022407,0.021035,0.003867
8.138466,-0.017480,-0.005491,0.046630,-0.023294,0.020950,0.003844
8.148519,-0.017386,-0.005068,0.046722,-0.023808,0.020859,0.003819
8.158570,-0.017284,-0.005016,0.046811,-0.024712,0.020761,0.003793
8.168621,-0.016795,-0.004953,0.046898,-0.024099,0.020657,0.003765
8.178672,-0.016681,-0.004879,0.047363,-0.023875,0.020547,0.003736
8.188725,-0.016178,-0.005175,0.047444,-0.023279,0.020429,0.003704
8.198777,-0.016050,-0.005460,0.047523,-0.023835,0.020306,0.003671
8.208828,-0.015534,-0.005353,0.047598,-0.023255,0.020176,0.003636
8.218879,-0.015392,-0.005234,0.047671,-0.023065,0.020039,0.003600
8.228929,-0.015244,-0.005105,0.046978,-0.022501,0.019896,0.003561
8.238981,-0.015090,-0.004965,0.047044,-0.022707,0.019747,0.003521
8.249032,-0.014928,-0.004814,0.047489,-0.022921,0.019591,0.003480
8.259085,-0.014760,-0.004652,0.047168,-0.022762,0.019428,0.003436
8.269137,-0.014585,-0.004480,0.047225,-0.022991,0.019259,0.003391
8.279191,-0.014403,-0.004297,0.046515,-0.022846,0.019083,0.003344
8.289242,-0.014214,-0.004103,0.047328,-0.023090,0.018901,0.003295
8.299295,-0.014019,-0.003899,0.046994,-0.023340,0.018712,0.003244
8.309348,-0.013817,-0.003685,0.047419,-0.023598,0.018517,0.003192
8.319400,-0.013608,-0.003460,0.046695,-0.023100,0.018315,0.003138
8.329451,-0.013392,-0.003224,0.046350,-0.022990,0.018107,0.003082
8.339504,-0.013169,-0.002597,0.046383,-0.021742,0.017892,0.003024
8.349556,-0.012940,-0.002341,0.046793,-0.021645,0.017670,0.002965
8.359608,-0.012704,-0.002075,0.046437,-0.021173,0.017442,0.002904
8.369660,-0.012461,-0.002180,0.046839,-0.021471,0.017207,0.002841
8.379711,-0.012211,-0.001893,0.046857,-0.021393,0.017347,0.002776
8.389763,-0.011954,-0.001597,0.047252,-0.021702,0.017099,0.002710
8.399815,-0.011690,-0.001290,0.047261,-0.020874,0.016463,0.002642
8.409868,-0.011419,-0.000973,0.047266,-0.021195,0.016202,0.002571
8.419920,-0.011142,-0.001028,0.047267,-0.021523,0.015934,0.002500
8.429972,-0.010857,-0.000692,0.047646,-0.022237,0.015659,0.002426
8.440024,-0.010566,0.000036,0.046494,-0.021813,0.015377,0.002351
8.450076,-0.010268,0.000392,0.046864,-0.021775,0.015089,0.002273
8.460129,-0.009962,0.000758,0.046467,-0.020981,0.014794,0.002194
8.470183,-0.009650,0.001133,0.046447,-0.021335,0.014493,0.002114
8.480235,-0.009331,0.001518,0.046804,-0.020932,0.014184,0.002031
8.490286,-0.009004,0.001913,0.046775,-0.020916,0.013869,0.001946
8.500353,-0.008671,0.001936,0.046741,-0.020904,0.013547,0.001860
8.510406,-0.008331,0.002349,0.047085,-0.021660,0.013218,0.001772
8.520459,-0.008365,0.002772,0.047423,-0.022040,0.012883,0.001682
8.530512,-0.008010,0.003205,0.047376,-0.021279,0.012540,0.001590
8.540564,-0.007649,0.003647,0.047705,-0.021668,0.012191,0.001497
8.550616,-0.007280,0.004098,0.046885,-0.021298,0.011835,0.001401
8.560668,-0.006904,0.004558,0.046823,-0.021314,0.011472,0.001304
8.570720,-0.006521,0.005028,0.046374,-0.020571,0.011102,0.001205
8.580772,-0.006131,0.005506,0.046684,-0.020596,0.010725,0.001104
8.590825,-0.005734,0.005994,0.046226,-0.019861,0.010723,0.001001
8.600877,-0.005329,0.006109,0.046525,-0.020275,0.010332,0.000896
8.610931,-0.004918,0.006615,0.046438,-0.019929,0.009935,0.000790
8.620984,-0.004499,0.007130,0.046728,-0.020351,0.009530,0.000681
8.631036,-0.004073,0.007654,0.046249,-0.020776,0.009118,0.000571
8.641087,-0.004021,0.008186,0.046528,-0.021586,0.008700,0.000459
8.651140,-0.003580,0.008728,0.046420,-0.021636,0.008274,0.000345
8.661192,-0.003132,0.009278,0.046307,-0.021690,0.007841,-0.000153
8.671243,-0.002677,0.009836,0.045806,-0.020984,0.007401,-0.000270
8.681296,-0.002214,0.010404,0.046064,-0.021425,0.006954,-0.000390
8.691350,-0.001744,0.010980,0.045934,-0.021107,0.006500,-0.000512
8.701402,-0.001266,0.011183,0.045799,-0.021173,0.006039,-0.000636
8.711458,-0.001163,0.011777,0.045277,-0.021242,0.005952,-0.000761
8.721512,-0.000671,0.011997,0.045512,-0.022459,0.005477,-0.000889
8.731565,-0.000553,0.012607,0.045741,-0.023296,0.004994,-0.001018
8.741616,-0.000427,0.013225,0.046347,-0.024136,0.004504,-0.001149
8.751669,-0.000675,0.013852,0.045802,-0.024597,0.004007,-0.001283
8.761721,-0.000534,0.014488,0.045632,-0.024679,0.003503,-0.001418
8.771772,-0.000004,0.015131,0.045457,-0.025144,0.002991,-0.001555
8.781824,0.000151,0.015783,0.044895,-0.025231,0.002472,-0.001694
8.791876,0.000696,0.016442,0.045089,-0.024938,0.001945,-0.001835
8.801928,0.001249,0.017110,0.044896,-0.024265,0.001412,-0.001978
8.811982,0.001809,0.017786,0.044697,-0.024358,0.000871,-0.002123
8.822035,0.002377,0.018470,0.044492,-0.024071,0.000322,-0.002270
8.832088,0.002571,0.018781,0.044662,-0.024166,-0.000234,-0.002419
8.842139,0.003154,0.019481,0.044063,-0.023501,-0.000797,-0.002570
8.852191,0.003745,0.019807,0.044602,-0.023600,-0.001368,-0.002723
8.862243,0.004344,0.020523,0.044372,-0.022938,-0.001946,-0.002879
8.872294,0.004569,0.021247,0.044518,-0.023040,-0.002532,-0.003036
8.882346,0.005184,0.021978,0.043894,-0.022380,-0.003126,-0.002813
8.892397,0.005424,0.022717,0.043645,-0.022866,-0.003727,-0.002974
8.902450,0.006054,0.023463,0.043390,-0.021827,-0.004335,-0.003138
8.912504,0.006692,0.024218,0.043509,-0.021552,-0.004952,-0.003303
8.922556,0.007338,0.024598,0.043241,-0.021660,-0.005575,-0.003470
8.932608,0.007992,0.025367,0.043348,-0.021768,-0.006207,-0.003639
8.942660,0.008272,0.025763,0.043448,-0.021496,-0.006846,-0.003811
8.952711,0.008942,0.026166,0.043923,-0.021987,-0.007493,-0.003984
8.962763,0.009620,0.026194,0.044391,-0.022860,-0.007766,-0.004160
8.972815,0.009925,0.026230,0.044852,-0.023352,-0.008429,-0.004338
8.982868,0.010237,0.026274,0.045307,-0.023845,-0.009099,-0.004517
8.992920,0.010939,0.025943,0.045755,-0.023193,-0.009777,-0.004699
9.002972,0.011649,0.025620,0.046197,-0.023305,-0.010463,-0.004883
9.013026,0.011986,0.024922,0.046631,-0.022654,-0.011157,-0.005070
9.023087,0.012713,0.023850,0.047440,-0.022384,-0.011859,-0.005258
9.033124,0.013066,0.022784,0.047861,-0.020970,-0.012187,-0.005448
9.043176,0.013428,0.022871,0.048656,-0.021082,-0.012524,-0.005641
9.053230,0.014179,0.022583,0.049062,-0.019667,-0.012486,-0.005836
9.063284,0.014557,0.022683,0.049462,-0.019397,-0.012457,-0.005651
9.073336,0.014562,0.022790,0.049091,-0.018363,-0.012817,-0.005850
9.083349,0.014957,0.022523,0.049095,-0.018473,-0.012804,-0.006051
9.093358,0.014979,0.021881,0.048329,-0.017439,-0.013562,-0.006255
9.103410,0.015009,0.021246,0.047937,-0.017548,-0.014329,-0.006460
9.113462,0.015430,0.018710,0.047538,-0.017275,-0.014721,-0.006668
9.123515,0.015858,0.017707,0.047131,-0.017764,-0.015504,-0.006497
9.133567,0.015914,0.018236,0.046718,-0.017870,-0.016295,-0.006709
9.143619,0.016360,0.019154,0.046678,-0.019120,-0.017094,-0.006923
9.153670,0.016814,0.019696,0.047013,-0.020370,-0.017519,-0.007140
9.163722,0.016514,0.020245,0.046577,-0.021999,-0.018335,-0.007359
9.173774,0.016604,0.021182,0.046515,-0.023627,-0.019159,-0.007580
9.183826,0.016322,0.021363,0.046446,-0.025254,-0.019991,-0.007804
9.193877,0.016429,0.021550,0.046369,-0.026879,-0.020832,-0.008030
9.203929,0.016164,0.020980,0.045904,-0.028503,-0.021681,-0.008258
9.213981,0.016670,0.021180,0.045812,-0.029744,-0.022539,-0.008488
9.224033,0.016804,0.021004,0.044568,-0.029458,-0.023405,-0.008721
9.234085,0.017328,0.020453,0.044080,-0.029551,-0.024280,-0.008956
9.244147,0.017861,0.018001,0.043202,-0.028498,-0.025163,-0.009193
9.254210,0.018022,0.017844,0.043080,-0.028588,-0.025673,-0.006381
9.264270,0.018191,0.018456,0.042568,-0.027531,-0.025811,-0.006623
9.274332,0.018751,0.019456,0.042430,-0.027998,-0.024812,-0.006867
9.284395,0.018938,0.020080,0.041903,-0.027700,-0.021152,-0.007114
9.294457,0.019134,0.020710,0.042131,-0.027781,-0.019790,-0.007363
9.304517,0.019340,0.020965,0.041588,-0.026715,-0.018055,-0.007615
9.314583,0.019936,0.021225,0.041419,-0.026792,-0.017091,-0.007868
9.324643,0.019778,0.020728,0.040861,-0.026103,-0.016518,-0.008125
9.334705,0.020392,0.021000,0.040676,-0.025793,-0.016335,-0.008383
9.344787,0.020252,0.020515,0.039720,-0.024718,-0.013873,-0.008263
9.354839,0.020122,0.020036,0.039138,-0.024402,-0.012182,-0.008526
9.364890,0.020001,0.019562,0.038929,-0.024084,-0.010499,-0.008792
9.374944,0.019889,0.017568,0.038712,-0.023001,-0.009589,-0.009060
9.384998,0.020167,0.017868,0.038486,-0.023058,-0.010214,-0.009331
9.395049,0.021516,0.019630,0.039156,-0.023546,-0.011109,-0.009880
9.405100,0.021823,0.020710,0.039288,-0.023595,-0.010998,-0.010158
9.415151,0.021376,0.021414,0.039412,-0.023640,-0.010133,-0.010439
9.425203,0.021702,0.022123,0.039528,-0.023682,-0.010040,-0.010722
9.435256,0.021656,0.021693,0.040017,-0.023339,-0.010337,-0.011008
9.445307,0.022382,0.022031,0.040116,-0.023756,-0.011788,-0.011296
9.455359,0.022355,0.021993,0.040206,-0.024169,-0.012867,-0.011587
9.465410,0.022719,0.021961,0.040670,-0.024960,-0.013955,-0.011880
9.475463,0.021948,0.020788,0.041126,-0.024603,-0.015053,-0.012176
9.485515,0.021949,0.019622,0.041192,-0.024623,-0.016160,-0.012474
9.495567,0.021579,0.018841,0.041249,-0.023877,-0.017276,-0.012775
9.505635,0.021600,0.019210,0.041680,-0.023889,-0.018401,-0.009264
9.515696,0.021631,0.020347,0.041720,-0.022372,-0.019536,-0.009570
9.525758,0.021671,0.021108,0.041752,-0.022377,-0.020680,-0.009878
9.535818,0.021339,0.021110,0.041394,-0.021614,-0.021833,-0.010190
9.545882,0.021781,0.020736,0.041409,-0.021610,-0.022996,-0.010504
9.556055,0.021469,0.020748,0.041034,-0.021221,-0.024169,-0.010820
9.566117,0.021549,0.021528,0.040651,-0.021208,-0.025351,-0.011139
9.576181,0.021256,0.021549,0.040258,-0.021573,-0.026161,-0.011461
9.586243,0.020974,0.020812,0.039858,-0.020788,-0.025836,-0.011785
9.596306,0.021083,0.019699,0.039448,-0.020381,-0.025139,-0.012112
9.606369,0.020821,0.019353,0.038649,-0.019968,-0.023689,-0.012442
9.616431,0.020950,0.020537,0.038604,-0.019933,-0.023774,-0.012774
9.626494,0.020708,0.021726,0.038168,-0.019129,-0.025013,-0.013109
9.636554,0.021620,0.022538,0.038106,-0.019465,-0.026262,-0.013447
9.646617,0.021779,0.022591,0.038034,-0.020178,-0.026758,-0.013788
9.656680,0.022329,0.022649,0.038336,-0.021648,-0.026882,-0.014131
9.666744,0.022508,0.022330,0.038247,-0.023113,-0.025871,-0.014477
9.676806,0.022316,0.022777,0.037768,-0.024574,-0.025252,-0.014825
9.686867,0.021753,0.022466,0.037661,-0.026028,-0.022734,-0.015177
9.696929,0.021962,0.022541,0.037928,-0.027478,-0.022134,-0.015531
9.706983,0.021800,0.020713,0.038185,-0.028540,-0.020399,-0.015888
9.717035,0.021648,0.020414,0.038433,-0.029597,-0.019437,-0.016247
9.727089,0.021507,0.020883,0.038291,-0.029504,-0.018104,-0.016609
9.737140,0.022138,0.021737,0.038522,-0.029405,-0.018306,-0.016975
9.747192,0.022399,0.021832,0.038362,-0.028919,-0.017755,-0.017342
9.757244,0.023051,0.020786,0.038194,-0.029190,-0.017976,-0.017713
9.767304,0.022950,0.020126,0.037635,-0.027929,-0.017826,-0.013127
9.777350,0.022860,0.019851,0.037448,-0.027426,-0.018068,-0.011596
9.787401,0.023161,0.019580,0.037252,-0.027298,-0.019082,-0.011975
9.797454,0.023472,0.018550,0.037048,-0.026019,-0.020869,-0.012357
9.807509,0.023794,0.019049,0.037216,-0.025497,-0.022285,-0.012742
9.817561,0.024126,0.019552,0.037374,-0.024587,-0.023710,-0.013129
9.827613,0.024468,0.020059,0.037524,-0.024434,-0.025146,-0.013520
9.837667,0.024440,0.019425,0.037283,-0.023130,-0.026591,-0.013913
9.847719,0.024802,0.019175,0.037034,-0.022964,-0.028046,-0.014309
9.857771,0.024413,0.018930,0.036775,-0.022028,-0.029511,-0.014708
9.867823,0.024033,0.019069,0.036888,-0.022231,-0.030986,-0.015110
9.877841,0.023664,0.017304,0.036611,-0.020900,-0.031708,-0.007503
9.887903,0.024068,0.017831,0.036706,-0.021089,-0.032822,-0.007911
9.897966,0.024101,0.018362,0.036792,-0.020890,-0.033945,-0.008321
9.908029,0.024526,0.019277,0.036869,-0.020683,-0.035078,-0.008734
9.918090,0.024198,0.019433,0.036937,-0.020088,-0.035077,-0.009150
9.928153,0.024643,0.019973,0.036614,-0.019868,-0.034322,-0.009569
9.938214,0.023954,0.019753,0.035900,-0.019640,-0.031289,-0.009991
9.948275,0.023657,0.020300,0.035177,-0.019787,-0.029029,-0.010416
9.958329,0.022989,0.020849,0.034445,-0.018782,-0.024871,-0.010844
9.968384,0.023475,0.021783,0.033704,-0.018533,-0.023393,-0.010893
9.978449,0.023590,0.022338,0.032953,-0.018657,-0.021925,-0.011326
9.988510,0.023715,0.022133,0.032575,-0.018012,-0.019323,-0.011762
9.998573,0.024614,0.021931,0.031806,-0.017740,-0.019400,-0.012202
10.008637,0.024760,0.020588,0.031409,-0.017461,-0.017962,-0.012644
10.018699,0.025297,0.021536,0.031384,-0.017936,-0.017678,-0.013089
10.028761,0.025082,0.021723,0.031350,-0.017642,-0.016259,-0.008196
10.038824,0.025639,0.021914,0.031307,-0.017720,-0.014850,-0.008647
10.048886,0.025062,0.021343,0.030873,-0.017028,-0.012687,-0.009101
10.058948,0.025640,0.021539,0.030430,-0.017473,-0.013205,-0.009557
10.069011,0.025084,0.021355,0.030358,-0.017909,-0.014114,-0.010017
10.079073,0.026063,0.021174,0.030278,-0.018719,-0.015032,-0.010479
10.089136,0.025908,0.019470,0.030188,-0.017995,-0.016723,-0.008274
10.099199,0.026907,0.019675,0.030470,-0.018026,-0.018424,-0.008743
10.109264,0.026009,0.019883,0.030362,-0.017285,-0.019371,-0.009214
10.119325,0.026646,0.020474,0.029863,-0.017299,-0.019183,-0.009688
10.129388,0.026149,0.019541,0.029736,-0.016923,-0.019767,-0.010165
10.139452,0.026425,0.019756,0.029599,-0.017301,-0.022269,-0.010645
10.149513,0.025947,0.018827,0.029453,-0.017290,-0.024398,-0.011127
10.159576,0.026243,0.019046,0.029298,-0.017651,-0.025392,-0.008180
10.169630,0.025784,0.017740,0.029133,-0.017622,-0.026777,-0.008668
10.179695,0.026099,0.018344,0.029341,-0.017966,-0.028552,-0.009160
10.189882,0.026041,0.018950,0.029158,-0.017920,-0.030337,-0.009654
10.199944,0.026756,0.019558,0.028965,-0.017865,-0.031368,-0.010151
10.210007,0.027099,0.019786,0.028763,-0.017419,-0.032026,-0.010651
10.220071,0.026688,0.019634,0.028170,-0.016965,-0.032694,-0.011153
10.230133,0.027050,0.020247,0.027949,-0.017264,-0.034133,-0.011659
10.240195,0.026657,0.020099,0.027719,-0.018317,-0.035581,-0.012167
10.250258,0.026656,0.019952,0.027479,-0.019361,-0.035131,-0.012679
10.260323,0.026282,0.019044,0.027231,-0.020396,-0.031637,-0.013193
10.270385,0.026680,0.019282,0.027354,-0.021040,-0.029678,-0.013709
10.280448,0.025942,0.019903,0.027086,-0.022056,-0.026965,-0.014229
10.290512,0.026739,0.020526,0.026809,-0.022681,-0.026167,-0.014751
10.300572,0.026782,0.020387,0.026523,-0.023297,-0.024997,-0.015276
10.310633,0.026834,0.021012,0.025846,-0.023903,-0.026123,-0.015804
10.320690,0.026513,0.020875,0.025541,-0.023737,-0.025732,-0.016335
10.330750,0.027344,0.021122,0.024845,-0.024324,-0.025349,-0.016868
10.340810,0.027422,0.021369,0.024140,-0.024139,-0.023067,-0.017404
10.350870,0.027507,0.021236,0.023807,-0.023944,-0.022700,-0.017942
10.360931,0.027982,0.019960,0.023846,-0.023357,-0.021578,-0.018484
10.370991,0.028847,0.020211,0.023494,-0.023524,-0.021608,-0.019028
10.381051,0.028575,0.020081,0.023515,-0.021773,-0.021264,-0.019574
10.391111,0.028693,0.020334,0.023144,-0.020776,-0.022454,-0.020123
10.401168,0.028437,0.019444,0.022765,-0.019387,-0.021744,-0.020675
10.411231,0.029333,0.019317,0.022376,-0.018750,-0.021804,-0.017415
10.421291,0.029474,0.019572,0.021596,-0.018104,-0.022634,-0.017971
10.431356,0.029240,0.019447,0.021189,-0.017829,-0.024235,-0.018531
10.441417,0.029777,0.018941,0.020772,-0.017926,-0.026223,-0.019093
10.451477,0.029558,0.018436,0.020728,-0.017630,-0.028219,-0.019657
10.461539,0.030109,0.019075,0.020674,-0.017325,-0.029839,-0.020224
10.471600,0.029522,0.019334,0.020230,-0.016246,-0.031848,-0.020793
10.481663,0.030087,0.019975,0.019776,-0.015920,-0.033863,-0.021364
10.491726,0.029895,0.019472,0.019313,-0.015202,-0.035885,-0.021938
10.501785,0.030473,0.019732,0.018842,-0.015236,-0.037912,-0.011070
10.511844,0.029531,0.019611,0.018360,-0.015642,-0.039946,-0.011648
10.521906,0.030121,0.019491,0.017870,-0.016418,-0.041222,-0.012229
10.531965,0.029954,0.018607,0.017371,-0.016421,-0.041741,-0.012812
10.542027,0.029793,0.019250,0.016862,-0.016032,-0.042266,-0.013397
10.552086,0.029637,0.019512,0.016345,-0.014488,-0.039363,-0.008262
10.562148,0.030250,0.020155,0.015818,-0.014078,-0.037609,-0.008852
10.572207,0.028961,0.020035,0.015282,-0.014038,-0.034335,-0.009443
10.582270,0.029203,0.020297,0.014737,-0.014751,-0.032973,-0.010037
10.592329,0.029450,0.020178,0.014184,-0.015453,-0.030089,-0.010633
10.602390,0.029320,0.020821,0.013621,-0.016144,-0.029499,-0.011230
10.612449,0.029195,0.020701,0.013049,-0.016825,-0.026243,-0.011830
10.622511,0.029837,0.020963,0.012468,-0.017494,-0.023754,-0.012431
10.632572,0.030101,0.020842,0.011879,-0.018153,-0.021269,-0.013034
10.642634,0.029607,0.020722,0.011280,-0.018420,-0.017643,-0.013639
10.652694,0.030643,0.020983,0.010673,-0.019057,-0.017454,-0.014246
10.662755,0.030156,0.020862,0.010056,-0.019683,-0.018031,-0.014854
10.672814,0.030817,0.021122,0.009431,-0.020298,-0.019756,-0.015464
10.682877,0.031099,0.020237,0.008797,-0.020902,-0.021866,-0.016076
10.692937,0.031385,0.020496,0.008155,-0.021496,-0.023978,-0.014782
10.702994,0.031292,0.020373,0.007503,-0.022078,-0.026092,-0.015397
10.713054,0.031964,0.019867,0.006843,-0.022649,-0.028591,-0.016013
10.723113,0.031112,0.018980,0.006556,-0.023210,-0.031091,-0.016630
10.733174,0.031789,0.019618,0.005878,-0.023377,-0.032449,-0.017249
10.743234,0.031704,0.019492,0.005573,-0.022390,-0.034190,-0.017870
10.753297,0.031240,0.019366,0.004878,-0.021773,-0.035551,-0.018491
10.763354,0.031158,0.018475,0.003794,-0.020382,-0.035387,-0.019113
10.773416,0.031840,0.018728,0.003082,-0.020124,-0.035605,-0.019737
10.783477,0.030615,0.018218,0.002361,-0.020619,-0.035443,-0.020362
10.793538,0.030917,0.017706,0.002014,-0.020720,-0.035281,-0.020987
10.803598,0.030457,0.017574,0.001658,-0.020430,-0.032830,-0.021614
10.813661,0.030759,0.018205,0.000913,-0.020128,-0.031524,-0.022241
10.823749,0.030680,0.018453,0.000159,-0.018671,-0.028691,-0.022869
10.833811,0.030600,0.018318,-0.000604,-0.017584,-0.028147,-0.023498
10.843870,0.031282,0.018563,-0.001374,-0.016868,-0.028746,-0.024128
10.853929,0.031200,0.018426,-0.002153,-0.016522,-0.028581,-0.024758
10.863990,0.031117,0.019050,-0.002940,-0.016166,-0.027270,-0.025388
10.874051,0.031032,0.018528,-0.003735,-0.015035,-0.024432,-0.026019
10.884113,0.031327,0.018387,-0.004538,-0.014275,-0.023117,-0.026650
10.894173,0.030856,0.018244,-0.004968,-0.012741,-0.022182,-0.027282
10.904231,0.031528,0.018480,-0.005787,-0.012341,-0.023152,-0.027913
10.914292,0.031815,0.018716,-0.006233,-0.011930,-0.024500,-0.028545
10.924353,0.031718,0.018949,-0.007068,-0.011127,-0.025083,-0.029177
10.934415,0.031617,0.018418,-0.007911,-0.010312,-0.024517,-0.019127
10.944477,0.032276,0.019030,-0.008762,-0.009869,-0.025855,-0.019758
10.954534,0.031404,0.018876,-0.009621,-0.009796,-0.028334,-0.020390
10.964596,0.032054,0.019103,-0.010487,-0.010094,-0.030045,-0.021020
10.974654,0.031937,0.018564,-0.011361,-0.010381,-0.031752,-0.021651
10.984718,0.031815,0.018405,-0.011861,-0.010658,-0.033835,-0.022281
10.994777,0.031687,0.018626,-0.012369,-0.010924,-0.035151,-0.022910
11.004841,0.032317,0.019226,-0.012885,-0.011179,-0.036842,-0.023539
11.014899,0.031414,0.019061,-0.013789,-0.011424,-0.037383,-0.024166
11.024962,0.031651,0.019275,-0.014700,-0.011658,-0.037536,-0.024793
11.035017,0.032865,0.020078,-0.016546,-0.012096,-0.037823,-0.026044
11.045078,0.033081,0.020667,-0.017479,-0.012299,-0.036812,-0.026668
11.055139,0.033289,0.020872,-0.018420,-0.012492,-0.036556,-0.014320
11.065199,0.032344,0.020312,-0.018986,-0.012675,-0.034385,-0.014941
11.075260,0.032917,0.019750,-0.019559,-0.012847,-0.033732,-0.015560
11.085320,0.031955,0.019947,-0.020140,-0.013010,-0.031544,-0.016178
11.095381,0.032129,0.020142,-0.020727,-0.013162,-0.029729,-0.016794
11.105441,0.031531,0.019953,-0.021321,-0.013305,-0.025998,-0.008253
11.115505,0.031305,0.019762,-0.021922,-0.013437,-0.024928,-0.007721
11.125564,0.030687,0.019186,-0.021767,-0.013560,-0.022704,-0.008331
11.135626,0.031203,0.019370,-0.022381,-0.013673,-0.021996,-0.008939
11.145685,0.030183,0.018408,-0.022621,-0.013776,-0.020895,-0.009164
11.155747,0.030678,0.017823,-0.022867,-0.013870,-0.020547,-0.009767
11.165806,0.030398,0.017618,-0.022356,-0.013954,-0.019425,-0.010369
11.175867,0.030488,0.017790,-0.022615,-0.014028,-0.020962,-0.010967
11.185927,0.030566,0.016816,-0.022117,-0.014093,-0.022487,-0.011563
11.195988,0.031394,0.016601,-0.022007,-0.014149,-0.024382,-0.009104
11.206048,0.031066,0.016383,-0.021904,-0.014195,-0.026646,-0.009694
11.216108,0.031105,0.016543,-0.022187,-0.014233,-0.028515,-0.010281
11.226168,0.030750,0.015175,-0.021714,-0.014261,-0.029609,-0.010865
11.236228,0.030762,0.015710,-0.022010,-0.014280,-0.031070,-0.011445
11.246286,0.029997,0.015860,-0.021549,-0.014290,-0.032518,-0.012022
11.256348,0.030363,0.016389,-0.021475,-0.014292,-0.033189,-0.012596
11.266409,0.029568,0.016151,-0.021406,-0.014285,-0.031556,-0.013166
11.276468,0.029903,0.016291,-0.021344,-0.014269,-0.030290,-0.013350
11.286530,0.029078,0.016046,-0.020905,-0.014244,-0.028628,-0.013912
11.296589,0.029000,0.016560,-0.020854,-0.014211,-0.028095,-0.014470
11.306651,0.029287,0.016690,-0.021189,-0.014170,-0.027164,-0.015024
11.316711,0.028794,0.016434,-0.020767,-0.014120,-0.025455,-0.015574
11.326772,0.029048,0.016555,-0.021113,-0.014062,-0.024110,-0.016119
11.336832,0.028521,0.016292,-0.020320,-0.013996,-0.020841,-0.016660
11.346894,0.028739,0.016787,-0.020295,-0.013922,-0.019844,-0.017196
11.356953,0.028558,0.016515,-0.020656,-0.013840,-0.019212,-0.017728
11.367015,0.028358,0.017003,-0.020641,-0.013750,-0.018943,-0.018254
11.377075,0.028522,0.016723,-0.020631,-0.013653,-0.017130,-0.018775
11.387136,0.029047,0.016821,-0.020625,-0.013548,-0.016824,-0.019292
11.397199,0.028409,0.016915,-0.020243,-0.013436,-0.016118,-0.019803
11.407262,0.028133,0.017004,-0.020628,-0.013316,-0.016920,-0.020308
11.417325,0.028218,0.016707,-0.020255,-0.013189,-0.018083,-0.020808
11.427387,0.028664,0.016407,-0.020649,-0.013054,-0.019990,-0.014055
11.437450,0.027945,0.016101,-0.020285,-0.012913,-0.021495,-0.014543
11.447514,0.028349,0.016555,-0.020687,-0.012764,-0.022980,-0.015026
11.457578,0.027969,0.016240,-0.020332,-0.012609,-0.024444,-0.015503
11.467639,0.028330,0.016684,-0.020743,-0.012447,-0.025888,-0.015973
11.477703,0.027144,0.015979,-0.020776,-0.012278,-0.027310,-0.016438
11.487766,0.027079,0.016032,-0.021195,-0.012103,-0.028711,-0.016896
11.497827,0.026611,0.016462,-0.021237,-0.011921,-0.030091,-0.017347
11.507890,0.026501,0.016506,-0.021282,-0.011732,-0.031066,-0.009781
11.517953,0.025987,0.016163,-0.020949,-0.011538,-0.032401,-0.010219
11.528018,0.026211,0.016197,-0.021383,-0.011337,-0.033714,-0.010269
11.538080,0.026031,0.015462,-0.021058,-0.011130,-0.035003,-0.010693
11.548143,0.026589,0.015867,-0.021117,-0.010917,-0.036269,-0.011110
11.558206,0.025598,0.015504,-0.020798,-0.010699,-0.036368,-0.011520
11.568268,0.025344,0.015899,-0.020864,-0.010474,-0.035680,-0.011923
11.578330,0.024684,0.015525,-0.020551,-0.010244,-0.033823,-0.012318
11.588394,0.024381,0.015909,-0.021005,-0.010008,-0.033468,-0.012705
11.598459,0.024052,0.015906,-0.021080,-0.009767,-0.031945,-0.013085
11.608521,0.024078,0.015897,-0.020776,-0.009521,-0.028489,-0.013458
11.618584,0.024079,0.016646,-0.020856,-0.009269,-0.026153,-0.013822
11.628648,0.023672,0.016245,-0.020558,-0.009011,-0.022265,-0.007693
11.638712,0.023620,0.015838,-0.021025,-0.008749,-0.019878,-0.008042
11.648774,0.022779,0.015426,-0.020351,-0.008481,-0.014796,-0.008382
11.658837,0.022673,0.015770,-0.020060,-0.008209,-0.013502,-0.007951
11.668901,0.022540,0.015727,-0.020153,-0.007932,-0.011800,-0.008274
11.678966,0.023143,0.016060,-0.020249,-0.007650,-0.010835,-0.008589
11.689031,0.022574,0.015623,-0.019965,-0.007363,-0.008700,-0.008896
11.699093,0.022740,0.015562,-0.020064,-0.007071,-0.007682,-0.009193
11.709156,0.022496,0.015494,-0.019784,-0.006775,-0.006255,-0.009482
11.719220,0.022606,0.015802,-0.020269,-0.006475,-0.005946,-0.009763
11.729285,0.022305,0.015341,-0.020375,-0.006170,-0.005992,-0.010034
11.739349,0.022358,0.015254,-0.020482,-0.005860,-0.006772,-0.010296
11.749359,0.022000,0.014398,-0.019827,-0.005547,-0.007526,-0.010549
11.759415,0.021613,0.015062,-0.019938,-0.005229,-0.008251,-0.010793
11.769479,0.020816,0.014574,-0.020049,-0.004906,-0.008948,-0.011028
11.779543,0.020752,0.014843,-0.020162,-0.004580,-0.009618,-0.011254
11.789608,0.020277,0.014723,-0.020277,-0.004250,-0.010259,-0.011470
11.799669,0.020154,0.014978,-0.020392,-0.003915,-0.011253,-0.011677
11.809732,0.019620,0.014463,-0.019746,-0.003577,-0.011837,-0.011874
11.819796,0.019818,0.014703,-0.020245,-0.003235,-0.012392,-0.012061
11.829860,0.019606,0.014555,-0.020364,-0.002888,-0.012919,-0.012239
11.839922,0.019744,0.014782,-0.020865,-0.002538,-0.013035,-0.012408
11.849984,0.019471,0.014619,-0.020604,-0.002184,-0.012741,-0.012566
11.860048,0.019549,0.014831,-0.020725,-0.001827,-0.012418,-0.009663
11.870111,0.019214,0.014272,-0.020465,-0.001465,-0.012446,-0.009802
11.880174,0.019231,0.014469,-0.020588,-0.001100,-0.012827,-0.009932
11.890235,0.018836,0.014276,-0.021092,-0.000731,-0.013179,-0.010051
11.900297,0.018409,0.014076,-0.020834,-0.000359,-0.013501,-0.010160
11.910361,0.017952,0.014249,-0.020957,0.000018,-0.013412,-0.010259
11.920377,0.017082,0.013652,-0.020699,0.000398,-0.013675,-0.010348
11.930429,0.016563,0.013809,-0.021205,0.000781,-0.013909,-0.010428
11.940481,0.016013,0.013959,-0.020947,0.001169,-0.014112,-0.010497
11.950533,0.015813,0.014100,-0.021453,0.001560,-0.014286,-0.010556
11.960585,0.015582,0.014233,-0.021577,0.001954,-0.014430,-0.010605
11.970637,0.015320,0.014739,-0.021701,0.002353,-0.014544,-0.010643
11.980689,0.015026,0.014473,-0.022206,0.002755,-0.014628,-0.010672
11.990740,0.015083,0.014581,-0.022711,0.003161,-0.014683,-0.010690
12.000792,0.015109,0.013535,-0.022071,0.003570,-0.014707,-0.010699
12.010844,0.015103,0.013608,-0.022168,0.003975,-0.014702,-0.010697
12.020896,0.015070,0.013263,-0.021460,0.004369,-0.014670,-0.010686
12.030950,0.015012,0.013257,-0.021842,0.004750,-0.014614,-0.010667
12.041002,0.014931,0.012835,-0.021420,0.005119,-0.014537,-0.010641
12.051055,0.014833,0.012754,-0.021708,0.005474,-0.014443,-0.010609
12.061107,0.014718,0.012638,-0.021188,0.005816,-0.014334,-0.010572
12.071159,0.014209,0.012868,-0.021003,0.006145,-0.014211,-0.010530
12.081211,0.014072,0.012679,-0.020767,0.006459,-0.014080,-0.010486
12.091263,0.013927,0.012837,-0.020482,0.006758,-0.013941,-0.010439
12.101314,0.013776,0.012201,-0.020154,0.007043,-0.013415,-0.010390
12.111367,0.013623,0.012291,-0.019772,0.007312,-0.013269,-0.010340
12.121420,0.013469,0.011969,-0.018962,0.007566,-0.013121,-0.010290
12.131472,0.013315,0.011615,-0.018488,0.007804,-0.012975,-0.010240
12.141526,0.013166,0.010846,-0.017963,0.008026,-0.012831,-0.010192
12.151579,0.013020,0.010049,-0.017776,0.008233,-0.012692,-0.005948
12.161632,0.012883,0.009980,-0.017534,0.008422,-0.012560,-0.005903
12.171685,0.012753,0.009502,-0.016485,0.008595,-0.012436,-0.005861
12.181737,0.012631,0.009376,-0.015771,0.008751,-0.012319,-0.005822
12.191788,0.012520,0.009220,-0.015007,0.008891,-0.012214,-0.005786
12.201841,0.012422,0.009033,-0.014573,0.009011,-0.012120,-0.005754
12.211892,0.012337,0.008817,-0.014092,0.009115,-0.012038,-0.005726
12.221945,0.012265,0.008573,-0.013945,0.009201,-0.011969,-0.005703
12.231998,0.012207,0.008301,-0.012986,0.009270,-0.011913,-0.005684
12.242049,0.012163,0.008382,-0.012363,0.009321,-0.011871,-0.005670
12.252100,0.012134,0.008434,-0.012071,0.009354,-0.011844,-0.005661
12.262152,0.012121,0.008459,-0.011350,0.009370,-0.011831,-0.005656
12.272206,0.012121,0.008459,-0.010587,0.009370,-0.011831,-0.005656
12.282260,0.012121,0.008459,-0.010205,0.009370,-0.011831,-0.005656
12.292311,0.012121,0.008840,-0.009442,0.009370,-0.011831,-0.005656
12.302364,0.012121,0.008840,-0.009061,0.009370,-0.011831,-0.005656
12.312415,0.012121,0.008840,-0.008679,0.009370,-0.011831,-0.005656
12.322479,0.012121,0.008840,-0.008298,0.009370,-0.011831,-0.005656
12.332542,0.012210,0.008677,-0.007256,0.009266,-0.011916,-0.005685
12.342606,0.012317,0.008475,-0.006529,0.009139,-0.012019,-0.005720
12.352668,0.012438,0.008240,-0.006130,0.008993,-0.012134,-0.005759
12.362730,0.012570,0.007976,-0.005683,0.008829,-0.012261,-0.005802
12.372794,0.012711,0.007684,-0.004809,0.008649,-0.012396,-0.005848
12.382855,0.012861,0.007358,-0.004263,0.008451,-0.012540,-0.005896
12.392918,0.013018,0.007002,-0.003670,0.008236,-0.012690,-0.005947
12.402981,0.013180,0.006617,-0.003031,0.008007,-0.012845,-0.006000
12.413043,0.013345,0.006197,-0.002721,0.007759,-0.013003,-0.006054
12.423105,0.013512,0.005745,-0.001982,0.007496,-0.013163,-0.006108
12.433169,0.013679,0.005257,-0.001189,0.007216,-0.013322,-0.006162
12.443233,0.013841,0.004739,0.000028,0.006922,-0.013478,-0.006215
12.453295,0.014000,0.004181,0.000920,0.006611,-0.013629,-0.006266
12.463358,0.014149,0.003591,0.001856,0.006287,-0.013772,-0.006315
12.473420,0.014288,0.002963,0.002844,0.005947,-0.013906,-0.006360
12.483483,0.014414,0.002300,0.003879,0.005594,-0.014025,-0.006401
12.493545,0.014141,0.001599,0.004963,0.005227,-0.014130,-0.006436
12.503609,0.014230,0.000856,0.005720,0.004845,-0.014215,-0.006465
12.513674,0.014297,0.000075,0.006905,0.004451,-0.014279,-0.006487
12.523736,0.013955,-0.000747,0.008139,0.004044,-0.014317,-0.006500
12.533799,0.013965,-0.001610,0.009423,0.003625,-0.014327,-0.006503
12.543863,0.013942,-0.002516,0.010756,0.003194,-0.014304,-0.006495
12.553927,0.013881,-0.003462,0.012135,0.002752,-0.014246,-0.006475
12.563989,0.013779,-0.004074,0.013567,0.002299,-0.014148,-0.006442
12.574052,0.013632,-0.005113,0.015049,0.001834,-0.014007,-0.006394
12.584116,0.013435,-0.005814,0.016576,0.001361,-0.013819,-0.006331
12.594181,0.013184,-0.006946,0.018155,0.000877,-0.013579,-0.006249
12.604242,0.012876,-0.007742,0.019398,0.000385,-0.013284,-0.006149
12.614305,0.012506,-0.008587,0.021070,-0.000115,-0.012930,-0.006029
12.624361,0.012068,-0.009484,0.022794,-0.000624,-0.012511,-0.005887
12.634417,0.011559,-0.010812,0.024563,-0.001139,-0.012023,-0.005721
12.644481,0.010973,-0.012191,0.025997,-0.001661,-0.011463,-0.005532
12.654536,0.010307,-0.013242,0.027860,-0.002189,-0.010826,-0.005316
12.664663,0.009556,-0.014346,0.029387,-0.002721,-0.010106,-0.005072
12.674723,0.008714,-0.015886,0.030961,-0.003258,-0.009300,-0.004800
12.684786,0.007776,-0.017481,0.032580,-0.003799,-0.008403,-0.004497
12.694850,0.006739,-0.019133,0.034625,-0.004342,-0.007410,-0.004162
12.704914,0.005597,-0.020460,0.036334,-0.004886,-0.006316,-0.003793
12.714977,0.004345,-0.022227,0.038085,-0.005432,-0.005118,-0.003390
12.725040,0.001493,-0.025938,0.042097,-0.006519,-0.002388,-0.002472
12.735104,-0.000112,-0.027499,0.043969,-0.007058,-0.000850,-0.001957
12.745164,-0.001467,-0.029124,0.045885,-0.007593,0.000812,-0.001401
12.755227,-0.003336,-0.030429,0.047459,-0.008123,0.002602,-0.000803
12.765289,-0.005341,-0.032179,0.049070,-0.008645,0.004523,-0.000162
12.775354,-0.007102,-0.033606,0.050714,-0.009157,0.006575,0.000521
12.785360,-0.008628,-0.034719,0.052396,-0.009660,0.008768,0.001249
12.795413,-0.010681,-0.035129,0.053726,-0.010148,0.010718,0.002022
12.805465,-0.012506,-0.035608,0.055092,-0.010623,0.013198,0.002842
12.815517,-0.014483,-0.035386,0.055721,-0.011080,0.015823,0.003707
12.825571,-0.016620,-0.035995,0.057146,-0.011519,0.018602,0.004621
12.835623,-0.018531,-0.036286,0.056687,-0.011935,0.021532,0.005582
12.845677,-0.021372,-0.036647,0.058163,-0.012328,0.024239,0.006592
12.855729,-0.023991,-0.034782,0.059277,-0.012694,0.027099,0.007649
12.865782,-0.027161,-0.034895,0.060034,-0.013030,0.030504,0.008755
12.875834,-0.029730,-0.035072,0.059662,-0.013334,0.034066,0.009909
12.885886,-0.032466,-0.036460,0.060831,-0.013601,0.037406,0.011110
12.895947,-0.034612,-0.034868,0.060874,-0.013830,0.039005,0.012361
12.906010,-0.037302,-0.034867,0.062069,-0.014017,0.041905,0.013658
12.916064,-0.039014,-0.034932,0.062509,-0.014158,0.045348,0.015001
12.926128,-0.042419,-0.036591,0.063336,-0.014250,0.048569,0.016390
12.936190,-0.044849,-0.037178,0.064171,-0.014289,0.051191,0.017825
12.946251,-0.045911,-0.035539,0.063857,-0.014272,0.052439,0.019303
12.956311,-0.048659,-0.036638,0.064304,-0.014194,0.054987,0.020823
12.966373,-0.050038,-0.037803,0.064363,-0.014051,0.056160,0.022385
12.976432,-0.052335,-0.038654,0.065558,-0.013840,0.056338,0.023986
12.986495,-0.052875,-0.037664,0.065215,-0.013557,0.053228,0.025626
12.996554,-0.055094,-0.038652,0.065622,-0.013197,0.053318,0.027304
13.006616,-0.055922,-0.040082,0.064863,-0.012756,0.051631,0.029016
13.016681,-0.058412,-0.041196,0.065226,-0.012231,0.051602,0.030760
13.026743,-0.058363,-0.040085,0.065181,-0.011617,0.048649,0.032535
13.036804,-0.060727,-0.041326,0.065488,-0.010910,0.049249,0.034340
13.046862,-0.060922,-0.042629,0.064237,-0.010106,0.048057,0.036171
13.056923,-0.063135,-0.043994,0.064474,-0.009201,0.048500,0.038026
13.066982,-0.063164,-0.042750,0.064671,-0.008191,0.046755,0.039904
13.077045,-0.065580,-0.043854,0.064443,-0.007072,0.048539,0.041803
13.087103,-0.065796,-0.045398,0.063403,-0.005841,0.048121,0.043718
13.097154,-0.068001,-0.046237,0.063075,-0.004494,0.050072,0.045650
13.107203,-0.067992,-0.045224,0.062692,-0.003027,0.049043,0.047594
13.117257,-0.069573,-0.046935,0.063012,-0.001437,0.051511,0.049548
13.127309,-0.069686,-0.047174,0.061744,0.000278,0.051747,0.051511
13.137361,-0.070985,-0.048223,0.061551,0.002121,0.053930,0.053478
13.147412,-0.070803,-0.048182,0.060146,0.004098,0.054633,0.055451
13.157461,-0.072180,-0.050095,0.060193,0.006209,0.057275,0.057424
13.167510,-0.074341,-0.050529,0.060161,0.008458,0.059177,0.059397
13.177559,-0.073084,-0.049863,0.058904,0.010846,0.058423,0.061366
13.187608,-0.074883,-0.051909,0.057944,0.013375,0.060345,0.063330
13.197660,-0.073246,-0.051324,0.056513,0.016047,0.059212,0.065286
13.207715,-0.074642,-0.051916,0.056515,0.018862,0.061115,0.067231
13.217768,-0.073354,-0.051404,0.054897,0.021443,0.060336,0.063444
13.227820,-0.074709,-0.052831,0.054324,0.024554,0.061056,0.065366
13.237872,-0.073359,-0.052381,0.052504,0.027813,0.059073,0.038280
13.247924,-0.074254,-0.053484,0.051723,0.031221,0.060482,0.040169
13.257976,-0.072804,-0.052318,0.050451,0.034775,0.058404,0.042038
13.268028,-0.074353,-0.053848,0.049830,0.038481,0.058947,0.043888
13.278080,-0.072406,-0.052726,0.047950,0.042337,0.056759,0.045716
13.288133,-0.073052,-0.053904,0.046715,0.046339,0.057930,0.047520
13.298184,-0.071720,-0.053190,0.044596,0.050493,0.055982,0.014586
13.308238,-0.072594,-0.054393,0.043879,0.054413,0.057006,0.016340
13.318291,-0.070709,-0.053313,0.042273,0.058480,0.054513,0.018068
13.328342,-0.071396,-0.054137,0.040919,0.062308,0.054595,0.019766
13.338349,-0.068938,-0.053056,0.039816,0.065139,0.052298,0.021436
13.348401,-0.069810,-0.053877,0.038578,0.068113,0.052954,0.023076
13.358454,-0.067519,-0.052396,0.037586,0.070080,0.051977,0.024684
13.368506,-0.068173,-0.053957,0.036455,0.072570,0.053186,0.026261
13.378557,-0.066423,-0.052449,0.035183,0.074052,0.051996,0.027806
13.388609,-0.066840,-0.053205,0.034151,0.076426,0.052595,0.029317
13.398660,-0.066758,-0.054321,0.032593,0.078935,0.053082,0.030795
13.408714,-0.065022,-0.051970,0.030889,0.080424,0.051538,0.032238
13.418767,-0.065072,-0.053021,0.029419,0.083185,0.052164,0.033647
13.428819,-0.062704,-0.051365,0.027037,0.083779,0.050760,0.035022
13.438871,-0.062871,-0.051569,0.025269,0.086392,0.051514,0.028348
13.448923,-0.060621,-0.049821,0.022968,0.087216,0.049474,0.029652
13.458976,-0.060522,-0.049925,0.021278,0.089671,0.049971,0.030918
13.469027,-0.058383,-0.048450,0.019052,0.089564,0.048052,0.032149
13.479081,-0.058012,-0.048435,0.017056,0.091841,0.048668,0.033342
13.489133,-0.055981,-0.047212,0.014904,0.091548,0.046484,0.034500
13.499184,-0.056096,-0.047441,0.012599,0.093247,0.046833,0.035621
13.509238,-0.054168,-0.046069,0.010138,0.093128,0.045525,0.036705
13.519290,-0.053623,-0.046139,0.007525,0.094990,0.046368,0.012193
13.529342,-0.051795,-0.043835,0.005136,0.094640,0.045552,0.013204
13.539396,-0.051350,-0.044487,0.002215,0.096642,0.044979,0.014177
13.549448,-0.048860,-0.042373,-0.000862,0.096038,0.041983,0.015114
13.559500,-0.049276,-0.042442,-0.004089,0.098152,0.041519,0.016013
13.569552,-0.046884,-0.040496,-0.007470,0.097647,0.040539,0.008865
13.579604,-0.046255,-0.039959,-0.010617,0.099465,0.040564,0.009691
13.589656,-0.044723,-0.038158,-0.013915,0.098649,0.039310,0.010480
13.599709,-0.044192,-0.037754,-0.017739,0.100522,0.038680,0.011232
13.609763,-0.041993,-0.035691,-0.021326,0.099739,0.035624,0.011946
13.619816,-0.041943,-0.035780,-0.025059,0.101256,0.035103,0.012625
13.629869,-0.040986,-0.035339,-0.028930,0.103147,0.035588,0.013266
13.639920,-0.039508,-0.032841,-0.032560,0.101598,0.035937,0.013871
13.649972,-0.039031,-0.032472,-0.036323,0.103075,0.035767,0.010624
13.660023,-0.037268,-0.030413,-0.040220,0.100710,0.034697,0.011156
13.670075,-0.036507,-0.029325,-0.043862,0.101350,0.033871,0.010124
13.680127,-0.034840,-0.027677,-0.046484,0.098886,0.031762,0.010581
13.690179,-0.033795,-0.026989,-0.049993,0.099415,0.030662,0.011002
13.700231,-0.032225,-0.024962,-0.052472,0.096431,0.030185,0.011385
13.710285,-0.031274,-0.023880,-0.055826,0.096793,0.030715,0.011732
13.720337,-0.029799,-0.022973,-0.058529,0.094009,0.029200,0.012041
13.730388,-0.028561,-0.022612,-0.061713,0.094542,0.027926,0.012313
13.740440,-0.027179,-0.020122,-0.063086,0.091899,0.026512,0.012547
13.750492,-0.026414,-0.019309,-0.065700,0.091792,0.026866,0.012745
13.760544,-0.025121,-0.016731,-0.068014,0.088859,0.027460,0.012904
13.770597,-0.024063,-0.015815,-0.070409,0.088811,0.027912,0.013025
13.780650,-0.022476,-0.014645,-0.071736,0.086298,0.027839,0.013108
13.790701,-0.021120,-0.013213,-0.074652,0.086256,0.026478,0.013152
13.800751,-0.019615,-0.011129,-0.075720,0.083332,0.023827,0.013157
13.810805,-0.018720,-0.009149,-0.077984,0.083616,0.022556,0.013123
13.820968,-0.017291,-0.006881,-0.078771,0.080227,0.021899,0.013049
13.831019,-0.016470,-0.004701,-0.081497,0.079629,0.021475,0.012935
13.841072,-0.015493,-0.002218,-0.083488,0.078756,0.020899,0.012781
13.851123,-0.013975,0.000959,-0.083594,0.074923,0.020170,0.012586
13.861175,-0.013059,0.003689,-0.085995,0.073831,0.019285,0.012349
13.871227,-0.011981,0.006364,-0.085727,0.070507,0.018244,0.012070
13.881279,-0.010738,0.009373,-0.087356,0.069129,0.017043,0.011748
13.891327,-0.009327,0.012722,-0.086677,0.065866,0.015680,0.011383
13.901377,-0.007745,0.016421,-0.088262,0.064518,0.014152,0.010973
13.911445,-0.005990,0.020089,-0.087132,0.061631,0.012457,0.010519
13.921506,-0.004060,0.024116,-0.089002,0.060243,0.010593,0.010019
13.931568,-0.002331,0.027745,-0.087377,0.057285,0.008555,0.009473
13.941627,-0.000038,0.032126,-0.088734,0.055414,0.006339,0.008879
13.951689,0.002441,0.034968,-0.087331,0.052324,0.003945,0.008238
13.961741,0.004728,0.039710,-0.088501,0.049910,0.001368,0.007547
13.971792,0.007208,0.044065,-0.086509,0.046633,-0.001015,0.006806
13.981845,0.009885,0.048794,-0.087066,0.044006,-0.003969,0.006014
13.991898,0.012000,0.052371,-0.085201,0.040495,-0.007118,0.005169
14.001949,0.014324,0.057086,-0.085100,0.037996,-0.010467,0.004271
14.012014,0.016473,0.060637,-0.082929,0.034596,-0.014017,0.003319
14.022067,0.019599,0.065311,-0.082876,0.031434,-0.017773,0.002311
14.032118,0.022562,0.068428,-0.079969,0.027744,-0.021740,0.001246
14.042171,0.026129,0.073411,-0.079536,0.023525,-0.025923,0.000122
14.052280,0.029160,0.076815,-0.075845,0.018779,-0.029943,-0.010216
14.062332,0.032805,0.081294,-0.074986,0.013891,-0.034187,-0.011459
14.072384,0.036686,0.086451,-0.073897,0.008105,-0.037514,-0.012764
14.082438,0.040048,0.088838,-0.069899,0.001809,-0.039933,-0.014134
14.092501,0.042889,0.093380,-0.068317,-0.004977,-0.042585,-0.015567
14.102565,0.045597,0.095480,-0.064185,-0.012240,-0.043570,-0.017067
14.112628,0.048940,0.100070,-0.062072,-0.019579,-0.045944,-0.018633
14.122691,0.051395,0.100637,-0.057392,-0.025828,-0.046658,-0.016072
14.132754,0.054492,0.104397,-0.055478,-0.033251,-0.049148,-0.017777
14.142818,0.056707,0.104450,-0.050983,-0.039529,-0.048459,-0.019553
14.152879,0.060331,0.108390,-0.048860,-0.046158,-0.050314,-0.021401
14.162942,0.061553,0.107407,-0.044146,-0.051960,-0.050139,-0.023321
14.173005,0.064950,0.110619,-0.042179,-0.058425,-0.052129,-0.025315
14.183066,0.066327,0.108831,-0.037995,-0.062844,-0.051708,-0.027384
14.193129,0.069880,0.111541,-0.035410,-0.068612,-0.053453,-0.029528
14.203193,0.071030,0.109172,-0.031752,-0.071872,-0.053547,-0.031747
14.213260,0.074351,0.111224,-0.029312,-0.076779,-0.056948,-0.034042
14.223324,0.075645,0.108501,-0.025040,-0.077950,-0.057166,-0.036412
14.233349,0.079101,0.109741,-0.021990,-0.082209,-0.059918,-0.038857
14.243401,0.080135,0.106134,-0.018260,-0.083411,-0.060239,-0.041376
14.253453,0.083699,0.105656,-0.015380,-0.086855,-0.063462,-0.043968
14.263584,0.084441,0.100645,-0.011450,-0.086016,-0.062708,-0.046632
14.273636,0.088072,0.100228,-0.008765,-0.089249,-0.066360,-0.049365
14.283688,0.091525,0.099799,-0.005425,-0.091940,-0.070589,-0.052165
14.293741,0.091733,0.094375,-0.001822,-0.090620,-0.071183,-0.055029
14.303796,0.095162,0.093089,0.001275,-0.092126,-0.074227,-0.057954
14.313851,0.094925,0.087148,0.004617,-0.089944,-0.073215,-0.060934
14.323903,0.098247,0.085693,0.008196,-0.091295,-0.076138,-0.063965
14.333955,0.097854,0.079555,0.012001,-0.088147,-0.074576,-0.067042
14.344007,0.100966,0.077499,0.015640,-0.088873,-0.077659,-0.070156
14.354059,0.100305,0.071126,0.019485,-0.085446,-0.076964,-0.073303
14.364111,0.103086,0.068824,0.023525,-0.085483,-0.079709,-0.076472
14.374165,0.101644,0.062582,0.027749,-0.081727,-0.078992,-0.079655
14.384218,0.104335,0.059649,0.031766,-0.081421,-0.081262,-0.082843
14.394270,0.102721,0.053159,0.036325,-0.077691,-0.078466,-0.074959
14.404322,0.105168,0.049991,0.041042,-0.077414,-0.080877,-0.078122
14.414367,0.102853,0.044427,0.045141,-0.073340,-0.077767,-0.081255
14.424428,0.104507,0.040675,0.050139,-0.072342,-0.079777,-0.084344
14.434488,0.101695,0.035310,0.054882,-0.067945,-0.076564,-0.024433
14.444549,0.102384,0.031781,0.059744,-0.067026,-0.077625,-0.027394
14.454601,0.098900,0.026285,0.063571,-0.062733,-0.074524,-0.030269
14.464662,0.099593,0.023415,0.068264,-0.061184,-0.075614,-0.033043
14.474726,0.099838,0.019753,0.072666,-0.059341,-0.075889,-0.035700
14.484788,0.095027,0.015697,0.076396,-0.054175,-0.071507,-0.038228
14.494849,0.093891,0.012790,0.080207,-0.052188,-0.070819,-0.040610
14.504913,0.088762,0.009140,0.082946,-0.047295,-0.065778,-0.042832
14.514965,0.087237,0.005527,0.086896,-0.045236,-0.064746,-0.044880
14.525015,0.086099,-0.000755,0.095345,-0.043972,-0.065431,-0.048404
14.535065,0.083387,-0.003774,0.099071,-0.042133,-0.063289,-0.049858
14.545114,0.075782,-0.007072,0.101310,-0.038238,-0.056666,-0.051094
14.555165,0.071662,-0.010632,0.104725,-0.036498,-0.052412,-0.052104
14.565215,0.064145,-0.013675,0.106252,-0.032727,-0.045174,-0.052882
14.575277,0.059332,-0.017333,0.108562,-0.031135,-0.041814,-0.053424
14.585329,0.051493,-0.020447,0.109736,-0.027914,-0.036225,-0.053728
14.595379,0.045972,-0.024147,0.112436,-0.026503,-0.033365,-0.053794
14.605432,0.038195,-0.027654,0.112835,-0.023471,-0.029425,-0.053622
14.615484,0.032748,-0.031343,0.115127,-0.022258,-0.026702,-0.053216
14.625534,0.025449,-0.034817,0.115486,-0.019809,-0.021776,-0.052581
14.635585,0.019747,-0.038447,0.116954,-0.019557,-0.017713,-0.051723
14.645634,0.013376,-0.041073,0.116848,-0.017682,-0.012629,-0.050653
14.655685,0.007501,-0.043837,0.117835,-0.017232,-0.008448,-0.049377
14.665746,0.000243,-0.045962,0.116853,-0.015531,-0.004436,-0.047908
14.675808,-0.006077,-0.048961,0.117701,-0.015240,0.000522,-0.046258
14.685870,-0.011815,-0.050543,0.116183,-0.014446,0.006019,-0.044439
14.695932,-0.017696,-0.052222,0.116482,-0.014665,0.012020,-0.042463
14.706066,-0.023681,-0.052460,0.114770,-0.013600,0.018488,-0.040347
14.716128,-0.030121,-0.055834,0.114861,-0.013150,0.025395,-0.022080
14.726189,-0.036977,-0.057373,0.114837,-0.012924,0.032320,-0.019720
14.736249,-0.042676,-0.057449,0.112015,-0.012150,0.039984,-0.017262
14.746310,-0.049480,-0.059876,0.111736,-0.011967,0.047977,-0.014716
14.756370,-0.055056,-0.059685,0.109031,-0.011984,0.054352,-0.012097
14.766431,-0.061267,-0.061061,0.109230,-0.011815,0.061354,-0.009419
14.776491,-0.065798,-0.060572,0.105468,-0.011072,0.067051,0.016578
14.786554,-0.071271,-0.061638,0.105364,-0.010514,0.073685,0.019339
14.796605,-0.074228,-0.061208,0.101670,-0.009755,0.075892,0.022127
14.806656,-0.079589,-0.062707,0.100864,-0.008793,0.080121,0.024931
14.816706,-0.080829,-0.062310,0.097218,-0.007627,0.080991,0.027737
14.826756,-0.085178,-0.063833,0.096838,-0.006255,0.083825,0.030542
14.836805,-0.086110,-0.063068,0.092850,-0.004679,0.082481,0.033334
14.846858,-0.089331,-0.064594,0.091741,-0.002898,0.083810,0.036109
14.856910,-0.088699,-0.063822,0.088166,-0.000916,0.080909,0.038857
14.866962,-0.091453,-0.065331,0.086704,0.001266,0.081397,0.041576
14.877015,-0.090691,-0.064150,0.082774,0.003643,0.077230,0.032430
14.887078,-0.092892,-0.065241,0.081720,0.006213,0.077557,0.035072
14.897139,-0.091159,-0.064395,0.078197,0.008969,0.072429,0.037667
14.907201,-0.092737,-0.065431,0.076407,0.011908,0.072145,0.040216
14.917260,-0.090732,-0.064140,0.073294,0.015022,0.067523,0.042712
14.927322,-0.092012,-0.065103,0.071152,0.018308,0.067336,0.045157
14.937434,-0.089687,-0.063731,0.068072,0.021375,0.063552,0.047544
14.947495,-0.090627,-0.064606,0.066347,0.024983,0.064185,0.023936
14.957555,-0.091760,-0.065427,0.064833,0.028358,0.065018,0.026210
14.967616,-0.088889,-0.064287,0.061244,0.031495,0.063000,0.028424
14.977676,-0.089265,-0.065001,0.059399,0.035535,0.063854,0.030580
14.987739,-0.086385,-0.063362,0.056627,0.039319,0.061080,0.032676
14.997803,-0.086362,-0.064334,0.054459,0.043230,0.061933,0.019073
15.007864,-0.083461,-0.062564,0.051752,0.046489,0.060298,0.021049
15.017925,-0.083408,-0.063014,0.050036,0.050237,0.061518,0.022966
15.027985,-0.079723,-0.061107,0.047026,0.053326,0.059496,0.024826
15.038048,-0.079644,-0.061410,0.045013,0.056887,0.060324,0.026627
15.048112,-0.076311,-0.059728,0.042856,0.059390,0.058669,0.028371
15.058172,-0.076215,-0.059497,0.041704,0.062738,0.059876,0.030059
15.068231,-0.072864,-0.057654,0.039271,0.064248,0.058217,0.031691
15.078290,-0.072367,-0.057634,0.037850,0.066586,0.058657,0.033268
15.088351,-0.069010,-0.055626,0.036300,0.067462,0.057389,0.034793
15.098412,-0.068892,-0.055815,0.035007,0.069912,0.058983,0.036265
15.108473,-0.065533,-0.053627,0.032829,0.070881,0.056964,0.022426
15.118535,-0.065424,-0.053637,0.030916,0.073416,0.056674,0.023797
15.128594,-0.062467,-0.050889,0.028890,0.074463,0.054688,0.025120
15.138657,-0.062382,-0.050715,0.027135,0.076678,0.054816,0.026394
15.148714,-0.059453,-0.048159,0.025658,0.077007,0.052107,0.027622
15.158777,-0.059026,-0.048559,0.024079,0.078879,0.051524,0.028805
15.168841,-0.058434,-0.048101,0.022784,0.080760,0.051163,0.029944
15.178901,-0.055777,-0.046024,0.021395,0.079982,0.048362,0.031041
15.188961,-0.055249,-0.045755,0.019917,0.081488,0.048077,0.032096
15.199022,-0.053042,-0.043481,0.018355,0.080700,0.045355,0.033110
15.209082,-0.052594,-0.043780,0.016711,0.082191,0.044778,0.034085
15.219142,-0.049712,-0.041311,0.014990,0.081760,0.041773,0.035022
15.229205,-0.049742,-0.041033,0.013196,0.083218,0.040922,0.035922
15.239265,-0.047347,-0.038749,0.011333,0.082745,0.039557,0.036787
15.249326,-0.046726,-0.037894,0.009404,0.084152,0.039972,0.037616
15.259386,-0.045214,-0.036179,0.007414,0.083239,0.037973,0.038412
15.269449,-0.044721,-0.035892,0.005366,0.084197,0.037380,0.039175
15.279509,-0.042200,-0.033220,0.003645,0.083209,0.034763,0.039907
15.289571,-0.042614,-0.033503,0.001493,0.084086,0.034702,0.040608
15.299630,-0.040243,-0.031020,-0.000706,0.083009,0.034150,0.041279
15.309694,-0.040051,-0.030349,-0.002947,0.083790,0.033873,0.041921
15.319756,-0.038607,-0.029202,-0.004847,0.082611,0.032349,0.042536
15.329818,-0.038204,-0.028344,-0.007164,0.083666,0.032251,0.043124
15.339880,-0.036176,-0.026248,-0.009131,0.082373,0.030529,0.043685
15.349940,-0.035958,-0.026350,-0.011127,0.082927,0.030241,0.044222
15.360010,-0.034499,-0.025595,-0.013146,0.081505,0.029096,0.044734
15.370070,-0.034096,-0.025135,-0.015571,0.081930,0.029774,0.045222
15.380132,-0.033606,-0.024205,-0.017634,0.082287,0.030367,0.045688
15.390193,-0.032269,-0.022807,-0.019712,0.080666,0.030496,0.046132
15.400254,-0.032375,-0.022848,-0.021803,0.081263,0.030928,0.046555
15.410315,-0.031637,-0.021659,-0.023900,0.079110,0.032427,0.046956
15.420376,-0.031207,-0.021152,-0.026007,0.079176,0.033853,0.047339
15.430435,-0.029939,-0.019038,-0.027736,0.076876,0.033301,0.047702
15.440498,-0.029744,-0.019512,-0.029845,0.076401,0.033061,0.048047
15.450548,-0.027956,-0.019528,-0.031191,0.074324,0.033137,0.048374
15.460597,-0.027628,-0.019468,-0.032915,0.074457,0.032005,0.048684
15.470647,-0.026853,-0.017805,-0.033484,0.071833,0.030047,0.048977
15.480698,-0.026400,-0.017214,-0.035191,0.071801,0.029939,0.049255
15.490756,-0.025886,-0.015788,-0.035356,0.069774,0.027483,0.049517
15.500819,-0.025318,-0.016201,-0.036655,0.069575,0.025737,0.049764
15.510881,-0.023930,-0.016927,-0.036789,0.067761,0.024319,0.049998
15.520933,-0.023635,-0.017586,-0.037666,0.067388,0.023232,0.050218
15.530983,-0.022909,-0.017801,-0.037763,0.066173,0.020190,0.050425
15.541044,-0.022515,-0.017953,-0.038215,0.066393,0.019771,0.050619
15.551108,-0.022075,-0.016901,-0.037496,0.064621,0.018544,0.050801
15.561173,-0.022355,-0.015791,-0.037898,0.064294,0.018420,0.050973
15.571226,-0.021829,-0.015006,-0.037887,0.062351,0.018635,0.051133
15.581278,-0.022025,-0.014929,-0.038225,0.062231,0.019575,0.051282
15.591331,-0.021800,-0.014038,-0.037768,0.060881,0.019713,0.051421
15.601382,-0.021539,-0.013859,-0.038421,0.060973,0.019817,0.051551
15.611443,-0.021624,-0.014014,-0.039037,0.060600,0.019123,0.051672
15.621503,-0.021294,-0.013742,-0.038091,0.059380,0.018397,0.051784
15.631566,-0.020551,-0.013807,-0.038631,0.059223,0.018784,0.051888
15.641629,-0.019778,-0.014212,-0.038368,0.058220,0.019142,0.051984
15.651689,-0.019357,-0.014195,-0.038063,0.058661,0.019473,0.052072
15.661751,-0.018146,-0.013760,-0.036952,0.058259,0.019777,0.052154
15.671811,-0.018052,-0.012906,-0.036938,0.058154,0.020055,0.052229
15.681872,-0.017936,-0.012401,-0.036119,0.057211,0.020311,0.052297
15.691925,-0.017795,-0.011863,-0.036013,0.057330,0.020544,0.052359
15.701974,-0.018015,-0.010915,-0.034718,0.056613,0.020756,0.052416
15.712024,-0.018215,-0.009938,-0.034516,0.056960,0.020949,0.052468
15.722073,-0.018014,-0.008936,-0.033124,0.056091,0.021123,0.052515
15.732133,-0.018176,-0.007910,-0.033203,0.055907,0.020899,0.052557
15.742197,-0.018322,-0.006098,-0.032087,0.054887,0.021040,0.052595
15.752261,-0.018453,-0.005792,-0.031300,0.054938,0.021166,0.052628
15.762321,-0.018569,-0.005849,-0.030079,0.054155,0.021278,0.052658
15.772383,-0.018672,-0.005889,-0.029949,0.053684,0.021378,0.052685
15.782442,-0.018763,-0.005914,-0.028240,0.052380,0.021466,0.033635
15.792505,-0.018843,-0.005543,-0.027997,0.052149,0.021542,0.033655
15.802560,-0.018912,-0.005161,-0.026558,0.051473,0.021991,0.033673
15.812610,-0.018590,-0.005150,-0.025824,0.051871,0.022049,0.033689
15.822757,-0.018642,-0.004749,-0.024269,0.051822,0.021717,0.033702
15.832819,-0.018686,-0.004721,-0.023806,0.052095,0.021378,0.033714
15.842878,-0.018723,-0.004687,-0.023279,0.052297,0.021414,0.033723
15.852940,-0.018754,-0.004649,-0.021553,0.051677,0.021825,0.033731
15.863001,-0.018398,-0.004607,-0.021291,0.051373,0.021850,0.033738
15.873064,-0.018419,-0.004563,-0.019449,0.051012,0.021870,0.033743
15.883123,-0.018436,-0.004517,-0.018308,0.050208,0.021887,0.033748
15.893185,-0.018449,-0.004471,-0.017486,0.049340,0.021899,0.033751
15.903246,-0.018459,-0.004426,-0.016608,0.048416,0.021909,0.033754
15.913307,-0.018467,-0.004763,-0.015286,0.047051,0.021917,0.033756
15.923370,-0.018473,-0.005104,-0.014664,0.046769,0.021923,0.033757
15.933431,-0.018477,-0.005065,-0.013986,0.046815,0.021927,0.033758
15.943492,-0.018480,-0.005031,-0.013624,0.047182,0.021930,0.033759
15.953552,-0.018482,-0.005001,-0.013201,0.047492,0.021931,0.033760
15.963614,-0.018484,-0.004976,-0.013101,0.047748,0.021933,0.033760
15.973671,-0.018484,-0.004956,-0.012555,0.047945,0.021933,0.002861
15.983735,-0.018103,-0.004941,-0.012331,0.048088,0.021934,0.002861
15.993796,-0.018103,-0.004932,-0.011662,0.048172,0.021934,0.002861
