t,q1,q2,q3,q4,q5,q6
0.000000,-0.337797,0.605974,-0.407607,-0.389677,-0.009728,-0.005531
0.010062,-0.337797,0.605974,-0.407607,-0.389677,-0.009728,-0.005531
0.020124,-0.337797,0.605592,-0.407607,-0.389677,-0.009728,-0.005531
0.030223,-0.337797,0.605974,-0.407607,-0.389677,-0.009728,-0.005531
0.040282,-0.337797,0.605974,-0.407607,-0.389677,-0.009728,-0.005531
0.050343,-0.337797,0.605974,-0.407607,-0.389677,-0.009728,-0.005531
0.060398,-0.337797,0.605974,-0.407225,-0.389677,-0.009728,-0.005531
0.070459,-0.337797,0.605974,-0.407225,-0.389677,-0.009728,-0.005531
0.080522,-0.337797,0.605974,-0.407225,-0.389677,-0.009728,-0.005531
0.090582,-0.337797,0.605974,-0.407225,-0.389677,-0.009728,-0.005531
0.100643,-0.337797,0.605974,-0.407607,-0.389677,-0.009728,-0.005531
0.110704,-0.337797,0.605974,-0.407225,-0.389677,-0.009728,-0.005531
0.120767,-0.337797,0.605974,-0.407225,-0.389677,-0.009728,-0.005531
0.130829,-0.337797,0.605974,-0.407607,-0.389677,-0.009728,-0.005531
0.140888,-0.337797,0.605974,-0.407607,-0.389677,-0.009728,-0.005531
0.150942,-0.337797,0.605974,-0.407607,-0.389677,-0.009728,-0.005531
0.161001,-0.337797,0.605974,-0.407607,-0.389677,-0.009728,-0.005531
0.171064,-0.337797,0.605974,-0.407607,-0.389677,-0.009728,-0.005531
0.181123,-0.337797,0.605974,-0.407607,-0.389677,-0.009728,-0.005531
0.191185,-0.337797,0.605974,-0.407607,-0.389677,-0.009728,-0.005531
0.201248,-0.337797,0.605974,-0.407225,-0.389677,-0.009728,-0.005531
0.211310,-0.337797,0.605974,-0.407607,-0.389677,-0.009728,-0.005531
0.221367,-0.337797,0.605974,-0.407607,-0.389677,-0.009728,-0.005531
0.231428,-0.337797,0.605974,-0.407225,-0.389677,-0.009728,-0.005531
0.241582,-0.337797,0.605974,-0.407225,-0.389677,-0.009728,-0.005531
0.251643,-0.337797,0.605974,-0.407607,-0.389677,-0.009728,-0.005531
0.261702,-0.337797,0.605974,-0.407607,-0.389677,-0.009728,-0.005531
0.271763,-0.337797,0.605974,-0.407225,-0.389677,-0.009728,-0.005531
0.281820,-0.337797,0.605974,-0.407225,-0.389677,-0.009728,-0.005531
0.291882,-0.337797,0.605974,-0.407607,-0.389677,-0.009728,-0.005531
0.301944,-0.337797,0.605974,-0.407225,-0.389677,-0.009728,-0.005531
0.312004,-0.337797,0.605974,-0.407225,-0.389677,-0.009728,-0.005531
0.322064,-0.337797,0.605974,-0.407607,-0.389677,-0.009728,-0.005531
0.332126,-0.337797,0.605974,-0.407607,-0.389677,-0.009728,-0.005531
0.342179,-0.337797,0.605974,-0.407607,-0.389677,-0.009728,-0.005531
0.352240,-0.337797,0.605974,-0.407607,-0.389677,-0.009728,-0.005531
0.362303,-0.337797,0.605974,-0.407607,-0.389677,-0.009728,-0.005531
0.372363,-0.337797,0.605974,-0.407607,-0.389677,-0.009728,-0.005531
0.382424,-0.337797,0.605974,-0.407607,-0.389677,-0.009728,-0.005531
0.392485,-0.337797,0.605974,-0.407225,-0.389677,-0.009728,-0.005531
0.402546,-0.337797,0.605974,-0.407607,-0.389677,-0.009728,-0.005531
0.412604,-0.337797,0.605974,-0.407607,-0.389677,-0.009728,-0.005531
0.422667,-0.337797,0.605974,-0.407607,-0.389677,-0.009728,-0.005531
0.432727,-0.337797,0.605974,-0.407607,-0.389677,-0.009728,-0.005531
0.442789,-0.337797,0.605974,-0.407607,-0.389677,-0.009728,-0.005531
0.452876,-0.337797,0.605974,-0.407607,-0.389677,-0.009728,-0.005531
0.462936,-0.337797,0.605974,-0.407607,-0.389677,-0.009728,-0.005531
0.472997,-0.337797,0.605974,-0.407607,-0.389677,-0.009728,-0.005531
0.483059,-0.337797,0.605974,-0.407607,-0.389677,-0.009728,-0.005531
0.493121,-0.337797,0.605974,-0.407607,-0.389677,-0.009728,-0.005531
0.503184,-0.337797,0.605974,-0.407607,-0.389677,-0.009728,-0.005531
0.513245,-0.337797,0.605974,-0.407607,-0.389677,-0.009728,-0.005531
0.523308,-0.337797,0.605974,-0.407607,-0.389677,-0.009728,-0.005531
0.533372,-0.337797,0.605974,-0.407607,-0.389677,-0.009728,-0.005531
0.543432,-0.337797,0.605974,-0.407607,-0.389677,-0.009728,-0.005531
0.553483,-0.337797,0.605974,-0.407607,-0.389677,-0.009728,-0.005531
0.563544,-0.337797,0.605974,-0.407607,-0.389677,-0.009728,-0.005531
0.573605,-0.337797,0.605974,-0.407607,-0.389677,-0.009728,-0.005531
0.583665,-0.337797,0.605974,-0.407607,-0.389677,-0.009728,-0.005531
0.593729,-0.337797,0.605974,-0.407607,-0.389677,-0.009728,-0.005531
0.603791,-0.337797,0.605974,-0.407607,-0.389677,-0.009728,-0.005531
0.613850,-0.337797,0.605974,-0.407607,-0.389677,-0.009728,-0.005531
0.623914,-0.337797,0.605974,-0.407607,-0.389677,-0.009728,-0.005531
0.633973,-0.337797,0.605974,-0.407607,-0.389677,-0.009728,-0.005531
0.644034,-0.337797,0.605974,-0.407607,-0.389677,-0.009728,-0.005531
0.654095,-0.337797,0.605974,-0.407607,-0.389677,-0.009728,-0.005531
0.664154,-0.337797,0.605974,-0.407607,-0.389677,-0.009728,-0.005531
0.674215,-0.337797,0.605974,-0.407607,-0.389677,-0.009728,-0.005531
0.684279,-0.337797,0.605974,-0.407607,-0.389677,-0.009728,-0.005531
0.694339,-0.337797,0.605974,-0.407607,-0.389677,-0.009728,-0.005531
0.704402,-0.337797,0.605974,-0.407607,-0.389677,-0.009728,-0.005531
0.714465,-0.337797,0.605974,-0.407607,-0.389677,-0.009728,-0.005531
0.724525,-0.337797,0.605974,-0.407607,-0.389677,-0.009728,-0.005531
0.734588,-0.337797,0.605974,-0.407607,-0.389677,-0.009728,-0.005531
0.744652,-0.337797,0.605974,-0.407607,-0.389677,-0.009728,-0.005531
0.754710,-0.337797,0.605974,-0.407607,-0.389677,-0.009728,-0.005531
0.764774,-0.337797,0.605974,-0.407607,-0.389677,-0.009728,-0.005531
0.774834,-0.337797,0.605974,-0.407607,-0.389677,-0.009728,-0.005531
0.784898,-0.337797,0.605974,-0.407607,-0.389677,-0.009728,-0.005531
0.794962,-0.337797,0.605974,-0.407607,-0.389677,-0.009728,-0.005531
0.805027,-0.337797,0.605974,-0.407607,-0.389677,-0.009728,-0.005531
0.815086,-0.337797,0.605974,-0.407607,-0.389677,-0.009728,-0.005531
0.825149,-0.337797,0.605974,-0.407607,-0.389677,-0.009728,-0.005531
0.835206,-0.337797,0.605974,-0.407607,-0.389677,-0.009728,-0.005531
0.845269,-0.337797,0.605974,-0.407607,-0.389677,-0.009728,-0.005531
0.855328,-0.337797,0.605974,-0.407607,-0.389677,-0.009728,-0.005531
0.865393,-0.337797,0.605974,-0.407607,-0.389677,-0.009728,-0.005531
0.875452,-0.337797,0.605974,-0.407607,-0.389677,-0.009728,-0.005531
0.885516,-0.337797,0.605974,-0.407607,-0.389677,-0.009728,-0.005531
0.895583,-0.337797,0.605974,-0.407988,-0.389677,-0.009728,-0.005531
0.905634,-0.337797,0.605974,-0.407988,-0.389677,-0.009728,-0.005531
0.915684,-0.337797,0.605974,-0.407988,-0.389677,-0.009728,-0.005531
0.925746,-0.337797,0.605974,-0.408370,-0.389677,-0.009728,-0.005531
0.935805,-0.337797,0.605974,-0.408370,-0.389677,-0.009728,-0.005531
0.945867,-0.337797,0.605974,-0.408751,-0.389677,-0.009728,-0.005531
0.955920,-0.337797,0.605974,-0.408751,-0.389677,-0.009728,-0.005531
0.965982,-0.337797,0.605974,-0.408751,-0.389677,-0.009728,-0.005531
0.976046,-0.337797,0.605974,-0.408751,-0.389677,-0.009728,-0.005531
0.986110,-0.337797,0.605974,-0.408751,-0.389677,-0.009728,-0.005531
0.996172,-0.337797,0.605592,-0.409133,-0.389677,-0.009728,-0.005531
1.006234,-0.337797,0.605592,-0.409133,-0.389677,-0.009728,-0.005531
1.016293,-0.337797,0.605592,-0.409133,-0.389677,-0.009728,-0.005531
1.026356,-0.337797,0.605592,-0.409133,-0.389677,-0.009728,-0.005531
1.036415,-0.337797,0.605974,-0.409133,-0.389677,-0.009728,-0.005531
1.046477,-0.338178,0.605974,-0.409133,-0.389677,-0.009728,-0.005531
1.056540,-0.337797,0.605974,-0.409133,-0.389677,-0.009728,-0.005531
1.066602,-0.337797,0.605974,-0.409133,-0.389677,-0.009728,-0.005531
1.076665,-0.338178,0.605974,-0.409133,-0.389677,-0.009728,-0.005531
1.086728,-0.338178,0.605974,-0.409514,-0.389677,-0.009728,-0.005531
1.096788,-0.337797,0.605974,-0.409514,-0.389677,-0.009728,-0.005531
1.106863,-0.338178,0.605974,-0.409895,-0.389677,-0.009728,-0.005531
1.116922,-0.338178,0.605974,-0.410277,-0.389677,-0.009728,-0.005531
1.126984,-0.338178,0.605974,-0.410658,-0.389677,-0.009728,-0.005531
1.137047,-0.338178,0.605974,-0.411421,-0.389677,-0.009728,-0.005531
1.147109,-0.338178,0.605974,-0.411421,-0.389677,-0.009728,-0.005531
1.157170,-0.338178,0.605974,-0.412184,-0.389677,-0.009728,-0.005531
1.167234,-0.338178,0.605974,-0.412947,-0.389296,-0.009728,-0.005531
1.177294,-0.338178,0.605974,-0.414092,-0.389296,-0.009728,-0.005531
1.187358,-0.338178,0.605974,-0.414855,-0.389296,-0.009728,-0.005531
1.197422,-0.338178,0.605974,-0.416381,-0.389296,-0.009728,-0.005531
1.207473,-0.338178,0.605974,-0.417525,-0.389296,-0.009728,-0.005531
1.217523,-0.338178,0.605974,-0.418669,-0.389296,-0.009728,-0.005531
1.227583,-0.338178,0.605974,-0.419432,-0.389296,-0.009728,-0.005531
1.237642,-0.338178,0.605974,-0.420958,-0.389296,-0.009728,-0.005531
1.247702,-0.338178,0.605592,-0.422103,-0.389296,-0.009728,-0.005531
1.257766,-0.338178,0.605592,-0.423629,-0.389296,-0.009728,-0.005531
1.267827,-0.338178,0.605592,-0.424392,-0.389296,-0.009728,-0.005531
1.277886,-0.338178,0.605592,-0.425917,-0.389296,-0.009728,-0.005531
1.287948,-0.338178,0.605592,-0.426680,-0.389296,-0.009728,-0.005531
1.298007,-0.338560,0.605592,-0.428588,-0.389296,-0.009728,-0.005531
1.308067,-0.338560,0.605592,-0.429732,-0.389296,-0.009728,-0.005531
1.318149,-0.338560,0.605592,-0.430877,-0.389296,-0.009728,-0.005531
1.328211,-0.338560,0.605974,-0.432021,-0.389296,-0.009728,-0.005531
1.338272,-0.338560,0.605592,-0.432784,-0.389296,-0.009728,-0.005531
1.348332,-0.338560,0.605592,-0.433928,-0.389296,-0.009728,-0.005531
1.358394,-0.338560,0.605592,-0.434691,-0.389296,-0.009728,-0.005531
1.368455,-0.338560,0.605592,-0.436217,-0.389296,-0.009728,-0.005531
1.378516,-0.338560,0.605592,-0.436980,-0.389296,-0.009728,-0.005531
1.388581,-0.338941,0.605592,-0.438125,-0.389296,-0.009728,-0.005531
1.398641,-0.338941,0.605592,-0.438888,-0.389296,-0.009728,-0.005531
1.408702,-0.339322,0.605592,-0.440414,-0.389296,-0.009728,-0.005531
1.418762,-0.339322,0.605592,-0.441176,-0.389296,-0.009728,-0.005531
1.428824,-0.339322,0.605592,-0.443084,-0.388533,-0.009728,-0.005531
1.438883,-0.339322,0.605592,-0.443847,-0.388151,-0.009728,-0.005531
1.448947,-0.339704,0.605592,-0.444991,-0.388151,-0.009728,-0.005531
1.459006,-0.339704,0.605592,-0.445373,-0.388151,-0.009728,-0.005531
1.469069,-0.340085,0.605592,-0.446136,-0.388151,-0.009728,-0.005531
1.479132,-0.340467,0.605211,-0.446517,-0.388151,-0.009728,-0.005531
1.489194,-0.340848,0.605211,-0.447280,-0.388151,-0.009728,-0.005531
1.499257,-0.340848,0.605211,-0.448043,-0.388151,-0.009728,-0.005531
1.509316,-0.341611,0.605211,-0.448806,-0.388151,-0.009728,-0.005531
1.519377,-0.341993,0.605211,-0.449187,-0.388151,-0.009728,-0.005531
1.529446,-0.343137,0.605211,-0.449950,-0.387388,-0.009728,-0.005531
1.539509,-0.343900,0.605211,-0.450713,-0.386625,-0.009728,-0.005531
1.549568,-0.344282,0.605211,-0.451476,-0.385863,-0.009728,-0.005531
1.559631,-0.345045,0.605211,-0.452621,-0.384718,-0.009728,-0.005531
1.569695,-0.345045,0.605211,-0.453765,-0.383955,-0.009728,-0.005531
1.579750,-0.345426,0.605211,-0.455291,-0.383192,-0.009728,-0.005531
1.589812,-0.345426,0.605211,-0.456054,-0.382048,-0.009728,-0.005531
1.599874,-0.345426,0.605211,-0.457198,-0.380522,-0.009728,-0.005531
1.609938,-0.345426,0.605211,-0.458343,-0.379377,-0.009728,-0.005531
1.619997,-0.345426,0.605211,-0.459487,-0.377852,-0.009728,-0.005531
1.630059,-0.345808,0.605211,-0.460250,-0.376707,-0.009728,-0.005531
1.640121,-0.345808,0.605211,-0.461395,-0.375563,-0.009728,-0.005531
1.650182,-0.345808,0.605211,-0.461776,-0.374418,-0.009728,-0.005531
1.660246,-0.345808,0.604829,-0.462921,-0.372892,-0.009728,-0.005531
1.670307,-0.345808,0.604829,-0.463684,-0.371366,-0.009728,-0.005531
1.680361,-0.345808,0.604829,-0.465209,-0.370222,-0.009728,-0.005531
1.690417,-0.346189,0.604829,-0.465972,-0.369078,-0.009728,-0.005531
1.700479,-0.346189,0.604829,-0.467498,-0.366789,-0.009728,-0.005531
1.710539,-0.346571,0.604829,-0.468261,-0.365263,-0.009728,-0.005531
1.720593,-0.346952,0.604829,-0.469406,-0.363737,-0.009346,-0.005531
1.730653,-0.346952,0.604829,-0.470169,-0.362974,-0.009346,-0.005531
1.740751,-0.347333,0.604448,-0.471695,-0.361448,-0.009346,-0.005531
1.750804,-0.347715,0.604448,-0.472457,-0.360304,-0.009346,-0.005531
1.760855,-0.348096,0.604448,-0.473602,-0.358778,-0.009346,-0.005531
1.770908,-0.348859,0.604448,-0.474365,-0.357252,-0.009346,-0.005531
1.780959,-0.349241,0.604448,-0.475128,-0.356870,-0.009346,-0.005531
1.791011,-0.350385,0.604448,-0.475891,-0.355344,-0.008965,-0.005531
1.801064,-0.350767,0.604448,-0.476654,-0.354200,-0.008965,-0.005531
1.811116,-0.351148,0.604448,-0.478561,-0.352293,-0.008965,-0.005531
1.821168,-0.351530,0.604067,-0.479706,-0.350767,-0.008965,-0.005531
1.831219,-0.351911,0.604067,-0.480468,-0.348478,-0.008965,-0.005531
1.841271,-0.352293,0.604067,-0.481613,-0.346571,-0.008965,-0.005531
1.851322,-0.352674,0.604067,-0.482757,-0.344282,-0.008965,-0.005531
1.861349,-0.353056,0.603685,-0.483520,-0.343137,-0.008965,-0.005531
1.871400,-0.353819,0.603304,-0.484665,-0.340848,-0.007820,-0.005531
1.881453,-0.354582,0.603304,-0.485809,-0.339322,-0.005913,-0.005531
1.891506,-0.356107,0.602922,-0.486954,-0.337415,-0.000954,-0.005531
1.901572,-0.357252,0.602922,-0.487716,-0.335889,0.003243,-0.005531
1.911632,-0.358396,0.602922,-0.488861,-0.333219,0.008583,-0.005531
1.921694,-0.359159,0.602922,-0.489624,-0.331693,0.010491,-0.005531
1.931754,-0.359922,0.602922,-0.491150,-0.329023,0.011254,-0.005531
1.941817,-0.360304,0.602922,-0.492294,-0.327115,0.012779,-0.005531
1.951876,-0.360304,0.602922,-0.493057,-0.325208,0.014687,-0.005531
1.961936,-0.360685,0.602541,-0.494583,-0.322919,0.017357,-0.005531
1.971997,-0.361067,0.602159,-0.495346,-0.321012,0.018502,-0.005531
1.982058,-0.361830,0.601396,-0.496109,-0.318341,0.020027,-0.005531
1.992119,-0.362211,0.600633,-0.496490,-0.317197,0.020790,-0.005531
2.002182,-0.362974,0.599489,-0.497253,-0.314527,0.022316,-0.005531
2.012241,-0.363355,0.598344,-0.498016,-0.313001,0.024224,-0.005531
2.022301,-0.364500,0.596818,-0.498779,-0.310330,0.026513,-0.005531
2.032365,-0.364881,0.595293,-0.498779,-0.308423,0.027276,-0.005531
2.042426,-0.366026,0.593004,-0.499161,-0.305371,0.027276,-0.001335
2.052489,-0.366789,0.591859,-0.499542,-0.303082,0.027276,-0.001335
2.062549,-0.368315,0.590715,-0.499924,-0.299649,0.028038,-0.001335
2.072612,-0.369078,0.589952,-0.500305,-0.297360,0.028038,0.001717
2.082671,-0.370603,0.588045,-0.501831,-0.294308,0.028038,0.001717
2.092733,-0.371366,0.586900,-0.502594,-0.292401,0.028038,0.001717
2.102792,-0.372511,0.584611,-0.504501,-0.289349,0.028038,0.001717
2.112855,-0.373655,0.582704,-0.505264,-0.287442,0.027657,0.001717
2.122918,-0.375181,0.579652,-0.506790,-0.285153,0.027657,0.001717
2.132978,-0.375944,0.578889,-0.507553,-0.284009,0.027657,0.001717
2.143039,-0.377089,0.578508,-0.508316,-0.281720,0.028038,0.001717
2.153099,-0.377852,0.577745,-0.509079,-0.280194,0.028038,0.001717
2.163162,-0.378614,0.577363,-0.510224,-0.279049,0.028420,0.001717
2.173222,-0.379759,0.575837,-0.511368,-0.277523,0.028801,0.001717
2.183274,-0.381285,0.574311,-0.512131,-0.275998,0.029183,0.005913
2.193334,-0.382811,0.572404,-0.513657,-0.274090,0.029564,0.005913
2.203396,-0.383955,0.570497,-0.514801,-0.272946,0.030327,0.005913
2.213455,-0.385100,0.566682,-0.517090,-0.270657,0.032235,0.005913
2.223516,-0.386244,0.565537,-0.517853,-0.268750,0.033761,0.005913
2.233577,-0.387770,0.565537,-0.519379,-0.266079,0.035286,0.005913
2.243639,-0.388533,0.565156,-0.520142,-0.264172,0.036049,0.005913
2.253698,-0.389296,0.564393,-0.521668,-0.261501,0.036049,0.005913
2.263760,-0.390059,0.563249,-0.522812,-0.259594,0.036049,0.005913
2.273823,-0.391203,0.560960,-0.524338,-0.256924,0.036431,0.005913
2.283876,-0.392348,0.559052,-0.525101,-0.255016,0.037575,0.005913
2.293937,-0.394255,0.555619,-0.526627,-0.252346,0.040627,0.005913
2.303997,-0.395781,0.553712,-0.527771,-0.250439,0.042535,0.005913
2.314059,-0.397688,0.552567,-0.529297,-0.247387,0.044060,0.007057
2.324117,-0.398833,0.552567,-0.530442,-0.245098,0.044060,0.007057
2.334178,-0.400740,0.552186,-0.531586,-0.241665,0.044442,0.007057
2.344237,-0.401503,0.551423,-0.532349,-0.239757,0.045205,0.007057
2.354313,-0.403029,0.549516,-0.533875,-0.237850,0.047494,0.007057
2.364376,-0.404555,0.547990,-0.534257,-0.235943,0.049401,0.013542
2.374436,-0.406462,0.546082,-0.534638,-0.234417,0.051690,0.013542
2.384499,-0.408370,0.542649,-0.535782,-0.232128,0.056268,0.013542
2.394559,-0.409514,0.540742,-0.536545,-0.230220,0.058938,0.015450
2.404622,-0.411803,0.539597,-0.536927,-0.226787,0.062371,0.015450
2.414685,-0.413329,0.538834,-0.537690,-0.224880,0.063897,0.015450
2.424750,-0.414855,0.536927,-0.538453,-0.221447,0.066567,0.015450
2.434810,-0.415999,0.535401,-0.539597,-0.219539,0.068856,0.015450
2.444872,-0.418669,0.532349,-0.540742,-0.216487,0.071145,0.015450
2.454933,-0.420195,0.530060,-0.541886,-0.214199,0.072671,0.015450
2.464994,-0.422103,0.528153,-0.542649,-0.211147,0.074960,0.015450
2.475054,-0.423629,0.527771,-0.543412,-0.208858,0.076486,0.015450
2.485115,-0.425536,0.527008,-0.544175,-0.206569,0.079156,0.015450
2.495177,-0.427062,0.525864,-0.544556,-0.205043,0.080301,0.015450
2.505238,-0.429351,0.522812,-0.544938,-0.202754,0.081827,0.015450
2.515301,-0.431640,0.520905,-0.545701,-0.200847,0.083734,0.015450
2.525362,-0.433928,0.516709,-0.546082,-0.198177,0.087549,0.015450
2.535424,-0.435836,0.515564,-0.546082,-0.196269,0.088693,0.015450
2.545484,-0.438888,0.514038,-0.546082,-0.193599,0.089456,0.015450
2.555547,-0.440032,0.512131,-0.546464,-0.191691,0.090219,0.015450
2.565618,-0.442702,0.509079,-0.546464,-0.188640,0.092508,0.017357
2.575680,-0.444991,0.506409,-0.546464,-0.187114,0.094034,0.017357
2.585737,-0.446517,0.504501,-0.546845,-0.185206,0.095178,0.017357
2.595800,-0.449569,0.502594,-0.546845,-0.181773,0.095560,0.017357
2.605860,-0.451476,0.501068,-0.546845,-0.179484,0.095560,0.017357
2.615920,-0.454147,0.498398,-0.546845,-0.176051,0.096704,0.017357
2.625980,-0.456435,0.496109,-0.547227,-0.174144,0.098230,0.017357
2.636042,-0.459106,0.492294,-0.547608,-0.171855,0.101282,0.028038
2.646101,-0.461395,0.491150,-0.547990,-0.169947,0.103952,0.028038
2.656163,-0.464828,0.489624,-0.547990,-0.166896,0.107767,0.028038
2.666223,-0.467117,0.487335,-0.547990,-0.164607,0.110437,0.028038
2.676284,-0.470550,0.484665,-0.548371,-0.161936,0.115396,0.028038
2.686325,-0.472457,0.482376,-0.548753,-0.160410,0.118448,0.031090
2.696388,-0.475891,0.479706,-0.549134,-0.157740,0.121881,0.031090
2.706453,-0.477798,0.478561,-0.549134,-0.155833,0.124170,0.031090
2.716513,-0.481231,0.476654,-0.549134,-0.153162,0.128748,0.031090
2.726574,-0.483139,0.474746,-0.549134,-0.151255,0.132944,0.031090
2.736634,-0.486191,0.472076,-0.549897,-0.148203,0.138285,0.031090
2.746694,-0.488479,0.469787,-0.549897,-0.146677,0.140192,0.035668
2.756754,-0.491913,0.466735,-0.550278,-0.143244,0.142481,0.035668
2.766816,-0.494202,0.465591,-0.550278,-0.141718,0.144770,0.035668
2.776979,-0.497253,0.462921,-0.550660,-0.139048,0.150111,0.036812
2.787040,-0.499542,0.461013,-0.551041,-0.137140,0.153162,0.036812
2.797099,-0.501831,0.459106,-0.551423,-0.135615,0.155451,0.036812
2.807164,-0.505264,0.455673,-0.552186,-0.133326,0.158122,0.036812
2.817226,-0.507553,0.454528,-0.552186,-0.131800,0.159648,0.036812
2.827286,-0.510986,0.452621,-0.552567,-0.128748,0.162318,0.036812
2.837348,-0.513657,0.450713,-0.553330,-0.127604,0.164607,0.043297
2.847408,-0.517472,0.447662,-0.554475,-0.125315,0.167659,0.043297
2.857471,-0.520142,0.445754,-0.554856,-0.123789,0.170329,0.043297
2.867531,-0.523194,0.442702,-0.555619,-0.121881,0.173762,0.043297
2.877582,-0.525864,0.441558,-0.555619,-0.121118,0.174525,0.047112
2.887642,-0.530060,0.438888,-0.555619,-0.119211,0.174907,0.047112
2.897703,-0.532731,0.436217,-0.555619,-0.117685,0.176814,0.047112
2.907763,-0.535782,0.432784,-0.556001,-0.115778,0.180629,0.047112
2.917827,-0.538834,0.430495,-0.556001,-0.115015,0.182536,0.047112
2.927886,-0.543412,0.428206,-0.556001,-0.113107,0.185206,0.047112
2.937947,-0.545701,0.426299,-0.556001,-0.111582,0.187877,0.050927
2.948007,-0.549516,0.422484,-0.556001,-0.109674,0.192836,0.051308
2.958069,-0.552567,0.420195,-0.556001,-0.108530,0.195888,0.052071
2.968131,-0.557527,0.417144,-0.556001,-0.106622,0.199702,0.052071
2.978192,-0.559815,0.415999,-0.556001,-0.105478,0.202754,0.052071
2.988244,-0.563630,0.413329,-0.556001,-0.103189,0.208095,0.052071
2.998303,-0.566300,0.411040,-0.556001,-0.101663,0.211910,0.052071
3.008367,-0.569734,0.409133,-0.556001,-0.100519,0.215343,0.052071
3.018426,-0.573167,0.405699,-0.556001,-0.098611,0.221065,0.052071
3.028485,-0.575837,0.404173,-0.556001,-0.097086,0.223354,0.058556
3.038546,-0.580415,0.401884,-0.556001,-0.095178,0.227169,0.058556
3.048608,-0.583085,0.399596,-0.556001,-0.094034,0.230983,0.058556
3.058671,-0.586900,0.396544,-0.556001,-0.092126,0.238231,0.058556
3.068732,-0.589952,0.393874,-0.556001,-0.090982,0.241665,0.058556
3.078791,-0.594530,0.391966,-0.556001,-0.089456,0.245861,0.058556
3.088853,-0.597200,0.390440,-0.555619,-0.088693,0.248531,0.058556
3.098912,-0.601015,0.387388,-0.555619,-0.087549,0.252346,0.058556
3.108975,-0.604067,0.385481,-0.555619,-0.086404,0.253491,0.058556
3.119035,-0.608644,0.382429,-0.555619,-0.084497,0.255779,0.058556
3.129096,-0.611315,0.380522,-0.555619,-0.083352,0.258068,0.058556
3.139156,-0.615511,0.378233,-0.555619,-0.082589,0.261501,0.058556
3.149219,-0.618944,0.376707,-0.555619,-0.082208,0.263790,0.058556
3.159281,-0.623140,0.373274,-0.555238,-0.080682,0.268368,0.058556
3.169341,-0.626192,0.371366,-0.555238,-0.079538,0.271038,0.058556
3.179404,-0.631151,0.367933,-0.555238,-0.078012,0.273327,0.058556
3.189464,-0.634203,0.366407,-0.555238,-0.077249,0.275235,0.058556
3.199530,-0.638018,0.363737,-0.554856,-0.076486,0.279812,0.065805
3.209591,-0.641070,0.361448,-0.554856,-0.076486,0.282483,0.065805
3.219651,-0.644503,0.359922,-0.554475,-0.076486,0.285534,0.065805
3.229712,-0.648699,0.356489,-0.554475,-0.076486,0.290875,0.065805
3.239772,-0.651369,0.354963,-0.554093,-0.076486,0.293927,0.065805
3.249833,-0.656329,0.353056,-0.554093,-0.076486,0.297742,0.065805
3.259894,-0.659380,0.350767,-0.553712,-0.076486,0.300793,0.065805
3.269957,-0.663577,0.347715,-0.553712,-0.076104,0.305371,0.065805
3.280016,-0.666247,0.346189,-0.553712,-0.075723,0.308423,0.065805
3.290077,-0.671206,0.343137,-0.554093,-0.075723,0.313382,0.065805
3.300136,-0.673877,0.341611,-0.553712,-0.075723,0.317197,0.065805
3.310198,-0.678073,0.339322,-0.553712,-0.075723,0.322156,0.065805
3.320260,-0.681506,0.337034,-0.553712,-0.075723,0.324826,0.065805
3.330321,-0.685321,0.333982,-0.553330,-0.075723,0.329404,0.065805
3.340378,-0.687991,0.331693,-0.553330,-0.075723,0.332074,0.065805
3.350437,-0.692950,0.329404,-0.552949,-0.075723,0.334745,0.065805
3.360499,-0.695239,0.327878,-0.552567,-0.075723,0.337034,0.065805
3.370562,-0.699054,0.324445,-0.552186,-0.075723,0.342374,0.065805
3.380627,-0.701724,0.322919,-0.551804,-0.075723,0.345426,0.065805
3.390690,-0.706302,0.319486,-0.551423,-0.075723,0.349241,0.065805
3.400750,-0.708591,0.317578,-0.550660,-0.075723,0.352293,0.065805
3.410851,-0.712406,0.315671,-0.549516,-0.075723,0.355726,0.065805
3.420912,-0.715076,0.313001,-0.548371,-0.075723,0.357252,0.065805
3.430972,-0.718128,0.311093,-0.547608,-0.075723,0.358015,0.065805
3.441033,-0.721561,0.308042,-0.546082,-0.075723,0.361448,0.065805
3.451093,-0.723850,0.305753,-0.544938,-0.075723,0.364500,0.065805
3.461155,-0.727665,0.303464,-0.543030,-0.075723,0.368315,0.084497
3.471216,-0.731098,0.301556,-0.541505,-0.075723,0.370985,0.088693
3.481268,-0.734150,0.298505,-0.539979,-0.075723,0.376707,0.088693
3.491327,-0.737201,0.296979,-0.538453,-0.075723,0.379377,0.088693
3.501358,-0.740635,0.293927,-0.536164,-0.075723,0.382048,0.088693
3.511411,-0.743687,0.292401,-0.534257,-0.075723,0.383955,0.088693
3.521463,-0.746357,0.290112,-0.531968,-0.075723,0.387770,0.110819
3.531515,-0.748646,0.288205,-0.530442,-0.075723,0.390059,0.110819
3.541566,-0.751698,0.285916,-0.528534,-0.075723,0.393492,0.110819
3.551619,-0.753986,0.284390,-0.527390,-0.075723,0.396162,0.110819
3.561671,-0.757420,0.282101,-0.524720,-0.075341,0.401503,0.110819
3.571723,-0.759327,0.280957,-0.523194,-0.075341,0.403410,0.110819
3.581775,-0.762379,0.279049,-0.520905,-0.075341,0.404173,0.110819
3.591827,-0.764668,0.277523,-0.518997,-0.075341,0.404936,0.110819
3.601878,-0.767720,0.275235,-0.516709,-0.074578,0.407988,0.110819
3.611930,-0.769627,0.274090,-0.515564,-0.074197,0.410277,0.110819
3.621982,-0.771153,0.272946,-0.514801,-0.073434,0.412566,0.110819
3.632034,-0.774205,0.271038,-0.512512,-0.071908,0.415618,0.110819
3.642085,-0.775731,0.269131,-0.510986,-0.071527,0.416762,0.110819
3.652137,-0.778782,0.267605,-0.508698,-0.071145,0.417144,0.110819
3.662189,-0.780690,0.266461,-0.507172,-0.071145,0.417906,0.110819
3.672241,-0.782979,0.264172,-0.504501,-0.071145,0.420577,0.110819
3.682292,-0.784504,0.262646,-0.502976,-0.071145,0.422103,0.110819
3.692344,-0.787175,0.261120,-0.501068,-0.071145,0.425154,0.110819
3.702409,-0.788701,0.259976,-0.499542,-0.070764,0.427825,0.110819
3.712474,-0.790608,0.258068,-0.496490,-0.071145,0.429732,0.114252
3.722536,-0.792515,0.256542,-0.494965,-0.071145,0.430495,0.114252
3.732599,-0.794423,0.254635,-0.492676,-0.070764,0.432403,0.114252
3.742663,-0.795567,0.253872,-0.491150,-0.070764,0.433547,0.114252
3.752727,-0.797475,0.251965,-0.489242,-0.070764,0.435073,0.114252
3.762789,-0.799001,0.250439,-0.487335,-0.070764,0.436217,0.114252
3.772852,-0.800526,0.248913,-0.485046,-0.070764,0.436599,0.114252
3.782915,-0.801289,0.248150,-0.483902,-0.070764,0.436599,0.125315
3.792945,-0.802815,0.246624,-0.481231,-0.070764,0.436599,0.125315
3.803008,-0.804341,0.245098,-0.480087,-0.070764,0.436599,0.125315
3.813138,-0.806249,0.243191,-0.478180,-0.070764,0.436980,0.125315
3.823201,-0.807393,0.242428,-0.477035,-0.070764,0.438125,0.125315
3.833263,-0.808156,0.241665,-0.475128,-0.070764,0.439269,0.125315
3.843326,-0.809682,0.240139,-0.472839,-0.070764,0.439651,0.125696
3.853360,-0.810445,0.238994,-0.471695,-0.070764,0.439651,0.125696
3.863416,-0.811208,0.237469,-0.470169,-0.070764,0.440032,0.125696
3.873480,-0.811589,0.236706,-0.468261,-0.070764,0.440032,0.125696
3.883543,-0.812734,0.235180,-0.466354,-0.070764,0.441176,0.125696
3.893608,-0.813115,0.234035,-0.465209,-0.070764,0.443084,0.125696
3.903669,-0.814641,0.232128,-0.463684,-0.070764,0.446899,0.125696
3.913725,-0.815404,0.231365,-0.462158,-0.070382,0.449187,0.125696
3.923788,-0.817311,0.230220,-0.459869,-0.070382,0.453002,0.125696
3.933854,-0.818074,0.229076,-0.458724,-0.070382,0.454528,0.125696
3.943915,-0.819219,0.227550,-0.456817,-0.070382,0.454910,0.125696
3.953977,-0.819600,0.226024,-0.455673,-0.070382,0.454910,0.125696
3.964040,-0.819982,0.224880,-0.453384,-0.070382,0.454910,0.125696
3.974101,-0.819982,0.223735,-0.452621,-0.070382,0.454910,0.125696
3.984163,-0.819982,0.222972,-0.450713,-0.070382,0.454910,0.125696
3.994227,-0.819982,0.222210,-0.449569,-0.070382,0.454910,0.125696
4.004287,-0.820363,0.220684,-0.448043,-0.070382,0.454528,0.125696
4.014350,-0.820363,0.219539,-0.446899,-0.070382,0.454528,0.125696
4.024435,-0.820363,0.218013,-0.444991,-0.070382,0.454528,0.125696
4.034500,-0.820363,0.217250,-0.443465,-0.070382,0.454528,0.125696
4.044561,-0.820363,0.216106,-0.442702,-0.070382,0.454528,0.125696
4.054625,-0.820363,0.214961,-0.441176,-0.070382,0.454910,0.125696
4.064677,-0.820363,0.213817,-0.440414,-0.070382,0.454910,0.125696
4.074739,-0.820363,0.213054,-0.438506,-0.070382,0.454528,0.125696
4.084802,-0.820363,0.212673,-0.437362,-0.070382,0.454528,0.125696
4.094865,-0.820363,0.211910,-0.436217,-0.070382,0.454528,0.125696
4.104929,-0.820363,0.211147,-0.435073,-0.070382,0.454528,0.125696
4.114991,-0.820363,0.210384,-0.433547,-0.070382,0.454528,0.125696
4.125054,-0.820363,0.210002,-0.432021,-0.070382,0.454528,0.125696
4.135118,-0.820363,0.208476,-0.430495,-0.070382,0.454528,0.125696
4.145180,-0.820363,0.207332,-0.429732,-0.070382,0.454528,0.125696
4.155242,-0.820363,0.206188,-0.428588,-0.070382,0.454528,0.125696
4.165306,-0.820363,0.205425,-0.427443,-0.070382,0.454528,0.125696
4.175371,-0.820363,0.204662,-0.425536,-0.070382,0.454528,0.125696
4.185432,-0.820363,0.204280,-0.424392,-0.070382,0.454528,0.125696
4.195493,-0.820363,0.203517,-0.422866,-0.070382,0.454528,0.125696
4.205558,-0.820363,0.203136,-0.422484,-0.070382,0.454528,0.125696
4.215620,-0.820363,0.201991,-0.420577,-0.070382,0.454528,0.125696
4.225683,-0.820363,0.201228,-0.419432,-0.070382,0.454528,0.125696
4.235745,-0.820363,0.200465,-0.417906,-0.070382,0.454528,0.129129
4.245807,-0.819982,0.200084,-0.417144,-0.070382,0.454528,0.129129
4.255870,-0.819982,0.199321,-0.416381,-0.070382,0.454528,0.129129
4.265934,-0.819982,0.198558,-0.414855,-0.070382,0.454528,0.129129
4.275998,-0.819982,0.198177,-0.413710,-0.070382,0.454528,0.129129
4.286060,-0.819982,0.197414,-0.412184,-0.070382,0.454147,0.129129
4.296123,-0.819982,0.196651,-0.411421,-0.070382,0.454147,0.129129
4.306187,-0.819982,0.195506,-0.409895,-0.070382,0.454147,0.129129
4.316247,-0.819982,0.194743,-0.408370,-0.070382,0.454147,0.129129
4.326310,-0.819600,0.193599,-0.406462,-0.070382,0.454147,0.129129
4.336360,-0.819219,0.193217,-0.405699,-0.070382,0.454147,0.129129
4.346418,-0.818837,0.192073,-0.403792,-0.070382,0.454147,0.129129
4.356480,-0.818837,0.191691,-0.402647,-0.070382,0.454147,0.129129
4.366543,-0.818456,0.191310,-0.401122,-0.070382,0.454147,0.129129
4.376607,-0.818456,0.190929,-0.399977,-0.070382,0.454147,0.129129
4.386673,-0.818456,0.190547,-0.398833,-0.070382,0.454147,0.129129
4.396738,-0.818074,0.190166,-0.397688,-0.070382,0.454147,0.129129
4.406800,-0.818074,0.189403,-0.396162,-0.070382,0.454147,0.129129
4.416863,-0.817693,0.189021,-0.394636,-0.070382,0.454147,0.129129
4.426899,-0.817311,0.188258,-0.393492,-0.070382,0.454147,0.129129
4.436963,-0.817311,0.187877,-0.392348,-0.070382,0.454147,0.129129
4.447014,-0.816930,0.187495,-0.391203,-0.070382,0.454147,0.129129
4.457074,-0.816930,0.187495,-0.390059,-0.070382,0.453765,0.129129
4.467138,-0.816548,0.187495,-0.388914,-0.070382,0.453765,0.129129
4.477198,-0.816167,0.187114,-0.387388,-0.070382,0.453384,0.129129
4.487259,-0.815785,0.187114,-0.386244,-0.070382,0.453384,0.129129
4.497321,-0.815785,0.187114,-0.385100,-0.070382,0.453384,0.129129
4.507383,-0.815404,0.186732,-0.384337,-0.070382,0.453384,0.129129
4.517447,-0.814641,0.186351,-0.382429,-0.070382,0.453384,0.129129
4.527509,-0.814641,0.186351,-0.381285,-0.070764,0.453384,0.129129
4.537573,-0.813497,0.185588,-0.379759,-0.070764,0.453002,0.129129
4.547636,-0.813115,0.185206,-0.378996,-0.070764,0.453002,0.129129
4.557696,-0.812352,0.184062,-0.377470,-0.070764,0.453002,0.128367
4.567760,-0.811589,0.183680,-0.376326,-0.070764,0.452621,0.128367
4.577813,-0.810063,0.183299,-0.374418,-0.071145,0.451095,0.128367
4.587877,-0.808919,0.182536,-0.373274,-0.071527,0.449569,0.128367
4.597942,-0.806630,0.181773,-0.371748,-0.072671,0.448425,0.128367
4.608005,-0.805867,0.181392,-0.370222,-0.072671,0.447280,0.124552
4.618067,-0.803960,0.180629,-0.368696,-0.072671,0.445754,0.124552
4.628130,-0.802815,0.180247,-0.367933,-0.072671,0.445373,0.124552
4.638195,-0.801671,0.179866,-0.366789,-0.072671,0.445373,0.124552
4.648257,-0.801289,0.179866,-0.366026,-0.072671,0.444610,0.124552
4.658311,-0.799763,0.179866,-0.364881,-0.072671,0.443084,0.124170
4.668360,-0.798619,0.179866,-0.364118,-0.072671,0.441939,0.124170
4.678416,-0.797475,0.179866,-0.363737,-0.072671,0.440414,0.124170
4.688478,-0.795567,0.180247,-0.362593,-0.072671,0.437743,0.124170
4.698542,-0.794041,0.180247,-0.362211,-0.072671,0.434310,0.124170
4.708606,-0.791752,0.179866,-0.360685,-0.072671,0.429351,0.124170
4.718671,-0.790608,0.179866,-0.359922,-0.073053,0.426680,0.124170
4.728733,-0.788701,0.179866,-0.358396,-0.073434,0.424773,0.124170
4.738797,-0.787556,0.180247,-0.357252,-0.073816,0.422866,0.124170
4.748859,-0.785649,0.180247,-0.355726,-0.074578,0.418669,0.124170
4.758924,-0.784123,0.180247,-0.354963,-0.074960,0.416762,0.124170
4.768978,-0.781834,0.180247,-0.353437,-0.074960,0.415236,0.124170
4.779038,-0.780308,0.180247,-0.352674,-0.074960,0.413710,0.124170
4.789102,-0.778401,0.180247,-0.351148,-0.074960,0.411803,0.124170
4.799168,-0.776875,0.180247,-0.350004,-0.075341,0.411421,0.120737
4.809228,-0.774968,0.180247,-0.348859,-0.076104,0.411040,0.120737
4.819292,-0.773823,0.180247,-0.348096,-0.076867,0.410277,0.120737
4.829358,-0.771534,0.180247,-0.346189,-0.078775,0.409133,0.120737
4.839415,-0.769627,0.180247,-0.345045,-0.079919,0.407607,0.120737
4.849470,-0.766957,0.180247,-0.343519,-0.081445,0.404173,0.120737
4.859534,-0.765431,0.180247,-0.342374,-0.083352,0.401884,0.120737
4.869605,-0.763142,0.180247,-0.341230,-0.085641,0.399596,0.120737
4.879669,-0.761997,0.180247,-0.340085,-0.086404,0.398451,0.120737
4.889732,-0.760472,0.180247,-0.338941,-0.087167,0.396925,0.120737
4.899796,-0.758183,0.180247,-0.337797,-0.088312,0.395781,0.120737
4.909856,-0.756275,0.180247,-0.337034,-0.089456,0.395018,0.120737
4.919920,-0.754368,0.180247,-0.335508,-0.091363,0.392348,0.120737
4.929984,-0.752842,0.180247,-0.334745,-0.092508,0.391203,0.120737
4.940049,-0.750172,0.180247,-0.333219,-0.093652,0.389296,0.120737
4.950109,-0.748646,0.180247,-0.332837,-0.094415,0.387770,0.111963
4.960163,-0.746357,0.180247,-0.331693,-0.095941,0.385481,0.111963
4.970215,-0.744068,0.180247,-0.330930,-0.097086,0.383955,0.111963
4.980265,-0.741779,0.180247,-0.329404,-0.098993,0.379759,0.111963
4.990317,-0.740253,0.180247,-0.328641,-0.100137,0.377470,0.111963
5.000367,-0.737583,0.180247,-0.327497,-0.100900,0.375181,0.111963
5.010428,-0.736057,0.180629,-0.327115,-0.101663,0.373274,0.111963
5.020493,-0.733768,0.180629,-0.326352,-0.103189,0.369841,0.111963
5.030553,-0.731479,0.180629,-0.325589,-0.103952,0.369459,0.111963
5.040616,-0.729191,0.180629,-0.324826,-0.105097,0.367170,0.111963
5.050677,-0.727665,0.180629,-0.324445,-0.106241,0.365644,0.111963
5.060737,-0.724994,0.180629,-0.323301,-0.106622,0.363355,0.111963
5.070802,-0.723468,0.180629,-0.322538,-0.106622,0.362211,0.111963
5.080864,-0.720798,0.180629,-0.321775,-0.107385,0.359159,0.111963
5.090927,-0.718509,0.180629,-0.321012,-0.107767,0.357633,0.111963
5.101056,-0.715839,0.180629,-0.319486,-0.108911,0.353819,0.111963
5.111118,-0.713931,0.180629,-0.318723,-0.110056,0.351148,0.111963
5.121177,-0.712024,0.180629,-0.318341,-0.110819,0.349622,0.111963
5.131240,-0.709735,0.181010,-0.316815,-0.111963,0.346189,0.111963
5.141299,-0.707446,0.181010,-0.316052,-0.112726,0.344663,0.111963
5.151361,-0.704776,0.181392,-0.314908,-0.113489,0.343137,0.111963
5.161421,-0.703250,0.181773,-0.314527,-0.114252,0.342374,0.111963
5.171475,-0.700961,0.182155,-0.313382,-0.115396,0.340848,0.102045
5.181524,-0.699054,0.182155,-0.312619,-0.116541,0.338941,0.102045
5.191579,-0.696765,0.182155,-0.311093,-0.118830,0.335889,0.102045
5.201632,-0.694476,0.182536,-0.310330,-0.119974,0.335126,0.102045
5.211695,-0.691424,0.182918,-0.308804,-0.121881,0.333219,0.102045
5.221756,-0.689899,0.182918,-0.307660,-0.123026,0.330549,0.102045
5.231818,-0.687228,0.182918,-0.306134,-0.125696,0.327878,0.102045
5.241882,-0.684939,0.182918,-0.305371,-0.126841,0.325589,0.102045
5.251947,-0.682650,0.182918,-0.304227,-0.128367,0.323301,0.102045
5.262009,-0.680743,0.183299,-0.303845,-0.129129,0.321393,0.102045
5.272071,-0.678073,0.183680,-0.302701,-0.131037,0.318341,0.087167
5.282135,-0.676165,0.184443,-0.302319,-0.132181,0.316434,0.087167
5.292197,-0.673877,0.185206,-0.301556,-0.134470,0.313001,0.087167
5.302259,-0.671969,0.185969,-0.300793,-0.136378,0.310712,0.087167
5.312335,-0.669299,0.187114,-0.300031,-0.139429,0.309186,0.087167
5.322399,-0.667391,0.187877,-0.299649,-0.141718,0.307660,0.087167
5.332461,-0.665866,0.189403,-0.298886,-0.144007,0.305753,0.087167
5.342524,-0.663195,0.190929,-0.298123,-0.147059,0.303082,0.087167
5.352587,-0.661288,0.192454,-0.297360,-0.148966,0.300031,0.087167
5.362651,-0.658999,0.194362,-0.296216,-0.152018,0.295453,0.087167
5.372713,-0.656710,0.195506,-0.295453,-0.154307,0.293927,0.087167
5.382777,-0.654040,0.197032,-0.294308,-0.157359,0.291257,0.087167
5.392840,-0.652895,0.198177,-0.293545,-0.159266,0.290494,0.087167
5.402904,-0.650225,0.199702,-0.292401,-0.161555,0.290494,0.087167
5.412966,-0.648318,0.200847,-0.292020,-0.163081,0.290112,0.087167
5.423029,-0.646410,0.202754,-0.291257,-0.164988,0.288205,0.087167
5.433093,-0.644121,0.203899,-0.290875,-0.165751,0.287442,0.087167
5.443158,-0.641451,0.206569,-0.290494,-0.166896,0.284771,0.087167
5.453220,-0.639925,0.207713,-0.290494,-0.168040,0.283627,0.087167
5.463283,-0.637255,0.209621,-0.290112,-0.170329,0.282864,0.087167
5.473346,-0.634966,0.210765,-0.290112,-0.171855,0.281338,0.087167
5.483360,-0.632296,0.213054,-0.289731,-0.173762,0.277142,0.087167
5.493422,-0.630388,0.214580,-0.289349,-0.174907,0.274853,0.087167
5.503484,-0.627718,0.216106,-0.288968,-0.176814,0.271801,0.087167
5.513548,-0.625811,0.217250,-0.288586,-0.178340,0.270275,0.087167
5.523602,-0.623140,0.219158,-0.288586,-0.180247,0.266461,0.087167
5.533664,-0.621614,0.219921,-0.288205,-0.182155,0.264172,0.087167
5.543718,-0.619707,0.220684,-0.287823,-0.183680,0.262264,0.087167
5.553770,-0.617037,0.222591,-0.287060,-0.186351,0.258068,0.087167
5.563822,-0.615892,0.223735,-0.285916,-0.188258,0.255398,0.087167
5.573874,-0.612840,0.225261,-0.285153,-0.190547,0.253491,0.087167
5.583926,-0.611315,0.226024,-0.284009,-0.192073,0.251202,0.087167
5.593978,-0.609026,0.227550,-0.283246,-0.194362,0.246624,0.087167
5.604030,-0.606737,0.228695,-0.282864,-0.195888,0.244717,0.087167
5.614093,-0.604448,0.230983,-0.281720,-0.198177,0.240902,0.087167
5.624158,-0.602922,0.231746,-0.280575,-0.199321,0.238994,0.087167
5.634220,-0.600633,0.233654,-0.279812,-0.201610,0.238994,0.087167
5.644283,-0.599489,0.234417,-0.279431,-0.203136,0.238994,0.087167
5.654347,-0.596818,0.236706,-0.277905,-0.204662,0.238994,0.087167
5.664363,-0.595293,0.238231,-0.277523,-0.205425,0.238994,0.087167
5.674419,-0.592622,0.240139,-0.277142,-0.206569,0.238994,0.087167
5.684483,-0.590715,0.241283,-0.276761,-0.207713,0.238994,0.087167
5.694548,-0.588426,0.243954,-0.276379,-0.209621,0.238994,0.087167
5.704609,-0.586900,0.245861,-0.275998,-0.211147,0.238613,0.087167
5.714673,-0.583848,0.247387,-0.275235,-0.213436,0.238231,0.087167
5.724736,-0.581941,0.249294,-0.275235,-0.215343,0.237469,0.082971
5.734760,-0.579652,0.251965,-0.274090,-0.218395,0.234798,0.082971
5.744822,-0.577745,0.253491,-0.273327,-0.220302,0.232509,0.082971
5.754885,-0.575837,0.255016,-0.272564,-0.222591,0.231365,0.082971
5.764944,-0.573548,0.256924,-0.271420,-0.226406,0.227932,0.082971
5.775006,-0.572023,0.258450,-0.271038,-0.228695,0.224880,0.082971
5.785066,-0.568971,0.260357,-0.269894,-0.232128,0.219921,0.082971
5.795135,-0.567445,0.261883,-0.269131,-0.234417,0.215724,0.082971
5.805193,-0.565156,0.264553,-0.268368,-0.237850,0.210384,0.082971
5.815257,-0.563249,0.265698,-0.267987,-0.240139,0.208095,0.082971
5.825318,-0.560960,0.268750,-0.267605,-0.242809,0.203517,0.082971
5.835365,-0.559434,0.270657,-0.267224,-0.244335,0.200084,0.082971
5.845427,-0.557145,0.272564,-0.267605,-0.246242,0.195125,0.082971
5.855489,-0.555619,0.274090,-0.267224,-0.247768,0.191691,0.082971
5.865550,-0.553330,0.277523,-0.267224,-0.250439,0.187495,0.082971
5.875613,-0.551804,0.279431,-0.267605,-0.251583,0.187114,0.082971
5.885677,-0.549897,0.281720,-0.267605,-0.254635,0.187114,0.082971
5.895741,-0.548371,0.283627,-0.267605,-0.256542,0.186732,0.082971
5.905806,-0.546082,0.285534,-0.267605,-0.259213,0.186732,0.082971
5.915869,-0.544556,0.287060,-0.267605,-0.260739,0.186732,0.082971
5.925929,-0.543030,0.290112,-0.267224,-0.263027,0.187114,0.082971
5.935991,-0.541505,0.291638,-0.267224,-0.264172,0.187495,0.082971
5.946060,-0.538834,0.294308,-0.267605,-0.266079,0.187114,0.082971
5.956121,-0.537308,0.295834,-0.267605,-0.267605,0.186732,0.082971
5.966179,-0.535782,0.296979,-0.267605,-0.269512,0.186732,0.082971
5.976241,-0.533494,0.299649,-0.267224,-0.271801,0.186732,0.082971
5.986300,-0.531586,0.301556,-0.267224,-0.273327,0.186351,0.082971
5.996362,-0.529679,0.303845,-0.267224,-0.275616,0.185588,0.082971
6.006422,-0.528534,0.305371,-0.267224,-0.277142,0.185206,0.082971
6.016482,-0.526246,0.308423,-0.267605,-0.279049,0.184062,0.082971
6.026543,-0.524720,0.309567,-0.267224,-0.280957,0.181392,0.082971
6.036599,-0.522431,0.311856,-0.267224,-0.284009,0.177195,0.082971
6.046661,-0.520523,0.314145,-0.267224,-0.285916,0.174525,0.082971
6.056720,-0.518235,0.316434,-0.267224,-0.288968,0.169947,0.082971
6.066783,-0.516709,0.318341,-0.267224,-0.290494,0.166514,0.082971
6.076846,-0.514801,0.321393,-0.267605,-0.293545,0.161555,0.082971
6.086906,-0.513657,0.322538,-0.267605,-0.295453,0.159266,0.082971
6.096970,-0.512131,0.324826,-0.267224,-0.298505,0.155451,0.082971
6.107029,-0.510605,0.327115,-0.267224,-0.300793,0.152781,0.082971
6.117090,-0.508698,0.329786,-0.267224,-0.303845,0.150874,0.082971
6.127151,-0.507172,0.331312,-0.267224,-0.305753,0.149348,0.082971
6.137212,-0.506027,0.333982,-0.267605,-0.308804,0.145914,0.082971
6.147271,-0.504501,0.335508,-0.267224,-0.310712,0.144007,0.082971
6.157328,-0.502594,0.338560,-0.267224,-0.313382,0.142481,0.082971
6.167380,-0.501450,0.340467,-0.267224,-0.315671,0.141718,0.082971
6.177443,-0.500305,0.341993,-0.267224,-0.317197,0.141718,0.082971
6.187493,-0.498398,0.345045,-0.267605,-0.320249,0.141718,0.082971
6.197545,-0.497253,0.346571,-0.267224,-0.322156,0.141337,0.082971
6.207605,-0.495346,0.348859,-0.267224,-0.324445,0.140574,0.082971
6.217656,-0.494202,0.350767,-0.267224,-0.325971,0.139811,0.082971
6.227705,-0.492294,0.353437,-0.267224,-0.327878,0.138666,0.082971
6.237755,-0.490768,0.355344,-0.267224,-0.329404,0.138285,0.082971
6.247806,-0.488479,0.358015,-0.267605,-0.331693,0.137522,0.082971
6.257854,-0.487716,0.359541,-0.267605,-0.333600,0.135615,0.082971
6.267903,-0.485428,0.362211,-0.267605,-0.336271,0.133326,0.082971
6.277957,-0.484665,0.364500,-0.267224,-0.337415,0.133326,0.082971
6.288006,-0.482757,0.367170,-0.267224,-0.339322,0.133326,0.082971
6.298057,-0.481613,0.368696,-0.267605,-0.340467,0.132563,0.082971
6.308106,-0.479706,0.371366,-0.267605,-0.342374,0.130274,0.082971
6.318158,-0.478943,0.373274,-0.267605,-0.343137,0.128367,0.082971
6.328207,-0.477035,0.376326,-0.267605,-0.345045,0.127222,0.082971
6.338259,-0.475891,0.378233,-0.267605,-0.346571,0.126841,0.082971
6.348308,-0.474365,0.380903,-0.267605,-0.348859,0.126841,0.082971
6.358368,-0.472839,0.382811,-0.267605,-0.350385,0.126459,0.082971
6.368468,-0.471695,0.384718,-0.267605,-0.352293,0.125696,0.082971
6.378520,-0.470550,0.387007,-0.267605,-0.353819,0.124933,0.082971
6.388571,-0.469787,0.389296,-0.267605,-0.354963,0.123789,0.082971
6.398621,-0.467880,0.391966,-0.267605,-0.356107,0.122644,0.082971
6.408672,-0.466354,0.393874,-0.267605,-0.356870,0.122263,0.082971
6.418722,-0.464828,0.396162,-0.267605,-0.359159,0.119974,0.082971
6.428773,-0.463684,0.397688,-0.267605,-0.361067,0.116541,0.056649
6.438824,-0.462158,0.400359,-0.267605,-0.363355,0.111200,0.056268
6.448872,-0.460632,0.402647,-0.267605,-0.364881,0.108911,0.056268
6.458923,-0.459106,0.405318,-0.267605,-0.367552,0.107767,0.056268
6.468972,-0.457961,0.407607,-0.267605,-0.369078,0.107767,0.056268
6.479023,-0.456817,0.409895,-0.267605,-0.370985,0.105859,0.056268
6.489074,-0.456435,0.411803,-0.267605,-0.372892,0.104334,0.056268
6.499125,-0.454910,0.414855,-0.267605,-0.374800,0.102808,0.056268
6.509176,-0.454147,0.416381,-0.267605,-0.375944,0.102808,0.056268
6.519226,-0.453002,0.419051,-0.267605,-0.378233,0.103189,0.056268
6.529278,-0.451858,0.420577,-0.267987,-0.380140,0.101663,0.056268
6.539326,-0.450332,0.422866,-0.267605,-0.382811,0.098230,0.056268
6.549379,-0.449187,0.424392,-0.267605,-0.384337,0.095941,0.056268
6.559475,-0.448043,0.427443,-0.267605,-0.386244,0.092889,0.056268
6.569527,-0.446899,0.428969,-0.267605,-0.387388,0.092126,0.056268
6.579577,-0.445754,0.430877,-0.267605,-0.388151,0.092126,0.056268
6.589627,-0.444228,0.433547,-0.268368,-0.389677,0.090219,0.056268
6.599679,-0.443465,0.434691,-0.268368,-0.390822,0.088312,0.056268
6.609731,-0.441939,0.436980,-0.268368,-0.392729,0.085641,0.056268
6.619783,-0.441176,0.438888,-0.268368,-0.394255,0.085260,0.056268
6.629836,-0.440414,0.441176,-0.268368,-0.395399,0.085641,0.056268
6.639885,-0.439269,0.443465,-0.268368,-0.396544,0.084878,0.056268
6.649937,-0.437743,0.445754,-0.268368,-0.399214,0.082589,0.056268
6.659986,-0.436599,0.446899,-0.268368,-0.400740,0.081064,0.056268
6.670038,-0.435454,0.449187,-0.268368,-0.402266,0.080301,0.056268
6.680087,-0.435073,0.451476,-0.268368,-0.402647,0.080301,0.056268
6.690137,-0.433928,0.453765,-0.268368,-0.403029,0.080682,0.056268
6.700189,-0.432784,0.455673,-0.268368,-0.403792,0.080301,0.056268
6.710238,-0.431258,0.457961,-0.268750,-0.405318,0.078012,0.056268
6.720291,-0.430114,0.459106,-0.268750,-0.406081,0.076867,0.056268
6.730344,-0.428969,0.461395,-0.268750,-0.406844,0.075723,0.056268
6.740394,-0.428206,0.462921,-0.268750,-0.407225,0.075341,0.056268
6.750485,-0.427062,0.465591,-0.268750,-0.407225,0.074960,0.056268
6.760537,-0.426299,0.467498,-0.269131,-0.407225,0.074578,0.056268
6.770588,-0.425536,0.469406,-0.269131,-0.407225,0.074197,0.056268
6.780639,-0.424010,0.470932,-0.269512,-0.407225,0.073816,0.056268
6.790691,-0.423629,0.472076,-0.269512,-0.407225,0.073434,0.056268
6.800741,-0.422484,0.474365,-0.269512,-0.407225,0.073434,0.056268
6.810790,-0.421721,0.476272,-0.269512,-0.407225,0.073816,0.056268
6.820840,-0.420195,0.478943,-0.269512,-0.407225,0.073816,0.056268
6.830889,-0.419051,0.480850,-0.269512,-0.407225,0.073434,0.056268
6.840940,-0.417906,0.483139,-0.269512,-0.407225,0.073434,0.056268
6.850990,-0.417525,0.483902,-0.269512,-0.407225,0.073053,0.056268
6.861041,-0.416381,0.485428,-0.269512,-0.407225,0.072290,0.056268
6.871092,-0.415999,0.486954,-0.269512,-0.407225,0.071527,0.056268
6.881143,-0.414473,0.490005,-0.269512,-0.407225,0.070001,0.056268
6.891194,-0.413329,0.491913,-0.269512,-0.407225,0.068475,0.056268
6.901243,-0.412184,0.494583,-0.269512,-0.407225,0.065042,0.056268
6.911292,-0.411421,0.495727,-0.269512,-0.407225,0.062753,0.056268
6.921342,-0.410658,0.496490,-0.269894,-0.407225,0.059319,0.056268
6.931393,-0.409895,0.497253,-0.269894,-0.407225,0.057794,0.056268
6.941442,-0.408751,0.499161,-0.269894,-0.407225,0.056649,0.056268
6.951493,-0.407988,0.501831,-0.269894,-0.407225,0.055886,0.056268
6.961542,-0.407225,0.503738,-0.269894,-0.407225,0.055505,0.056268
6.971592,-0.406462,0.506409,-0.269894,-0.407225,0.055886,0.056268
6.981643,-0.406462,0.506790,-0.269894,-0.407225,0.055886,0.056268
6.991696,-0.406081,0.507935,-0.269894,-0.407225,0.055886,0.056268
7.001759,-0.405699,0.508316,-0.270275,-0.407607,0.055886,0.026131
7.011824,-0.404936,0.509842,-0.270275,-0.407607,0.055886,0.026131
7.021886,-0.404555,0.511368,-0.270275,-0.407988,0.055886,0.026131
7.031949,-0.403792,0.514038,-0.270275,-0.409514,0.055886,0.026131
7.042012,-0.403410,0.516327,-0.270275,-0.411421,0.055886,0.026131
7.052076,-0.402647,0.519379,-0.270275,-0.414092,0.055505,0.026131
7.062139,-0.401884,0.520142,-0.270275,-0.415999,0.055505,0.026131
7.072201,-0.400740,0.520523,-0.270657,-0.418669,0.055505,0.026131
7.082266,-0.399977,0.520905,-0.270657,-0.420577,0.055505,0.026131
7.092322,-0.398833,0.522431,-0.271420,-0.423247,0.055505,0.026131
7.102365,-0.398070,0.523957,-0.271801,-0.424773,0.055886,0.026131
7.112425,-0.396925,0.527008,-0.271801,-0.427062,0.055886,0.026131
7.122477,-0.395781,0.529297,-0.272183,-0.428588,0.055505,0.026131
7.132527,-0.394636,0.532349,-0.272946,-0.431258,0.054742,0.026131
7.142576,-0.393874,0.532731,-0.273327,-0.433165,0.053597,0.026131
7.152648,-0.392729,0.532349,-0.274090,-0.434691,0.051308,0.013924
7.162698,-0.392348,0.532731,-0.274853,-0.435454,0.049783,0.013924
7.172751,-0.391966,0.532731,-0.275998,-0.435836,0.048638,0.013924
7.182803,-0.391585,0.533494,-0.277523,-0.435836,0.048257,0.013924
7.192855,-0.391203,0.534257,-0.279049,-0.435836,0.048257,0.013924
7.202904,-0.391203,0.536164,-0.280957,-0.435836,0.047112,0.013924
7.212955,-0.390822,0.537308,-0.282101,-0.435836,0.044823,0.013924
7.223004,-0.390440,0.540742,-0.283627,-0.435836,0.040627,0.013924
7.233053,-0.389677,0.543030,-0.284771,-0.435836,0.038338,0.013924
7.243104,-0.388914,0.543793,-0.287060,-0.437362,0.036049,0.013924
7.253154,-0.388151,0.543793,-0.288586,-0.438506,0.034905,0.013924
7.263204,-0.387007,0.544556,-0.290494,-0.440032,0.031472,0.013924
7.273256,-0.386625,0.545319,-0.292020,-0.440795,0.029183,0.013924
7.283306,-0.385863,0.546082,-0.293927,-0.441176,0.028801,0.013924
7.293348,-0.385481,0.546845,-0.295071,-0.441176,0.029183,0.013924
7.303397,-0.385100,0.548371,-0.296979,-0.441176,0.029564,0.013924
7.313447,-0.384337,0.549516,-0.298505,-0.441176,0.029183,0.013924
7.323497,-0.383574,0.552567,-0.300031,-0.441176,0.029183,0.013924
7.333548,-0.383192,0.554856,-0.301175,-0.441176,0.029183,0.013924
7.343639,-0.382429,0.556382,-0.303082,-0.441558,0.029183,0.010491
7.353690,-0.381666,0.556382,-0.304990,-0.441939,0.029183,0.010491
7.363739,-0.381285,0.556382,-0.306134,-0.441939,0.029183,0.010491
7.373791,-0.380903,0.557145,-0.307660,-0.441939,0.029183,0.010491
7.383841,-0.380522,0.557527,-0.308804,-0.441939,0.029183,0.010491
7.393893,-0.379759,0.558671,-0.309949,-0.442321,0.029183,0.010491
7.403943,-0.379759,0.559052,-0.311475,-0.442702,0.029183,0.010491
7.413994,-0.379377,0.560578,-0.312619,-0.443084,0.029564,0.006676
7.424057,-0.378996,0.561723,-0.313382,-0.443847,0.029564,0.006676
7.434119,-0.378614,0.564775,-0.314527,-0.444991,0.029183,0.006676
7.444179,-0.378614,0.566682,-0.315290,-0.444991,0.029183,0.006676
7.454243,-0.378614,0.568971,-0.317197,-0.445754,0.029183,0.006676
7.464303,-0.378614,0.568971,-0.318723,-0.445754,0.029183,0.006676
7.474369,-0.378233,0.568971,-0.320249,-0.445754,0.029183,0.006676
7.484430,-0.377852,0.569352,-0.321393,-0.445754,0.029183,0.006676
7.494494,-0.377470,0.570115,-0.323301,-0.445754,0.029183,0.006676
7.504559,-0.377089,0.570497,-0.324063,-0.445754,0.029183,0.006676
7.514610,-0.376326,0.571641,-0.325208,-0.445754,0.029183,0.006676
7.524660,-0.375944,0.572023,-0.325971,-0.445754,0.029183,0.006676
7.534713,-0.375181,0.572786,-0.327497,-0.445754,0.029183,0.006676
7.544774,-0.374800,0.573548,-0.328260,-0.445754,0.029183,0.006676
7.554838,-0.374037,0.575074,-0.330167,-0.445754,0.029183,0.006676
7.564898,-0.373274,0.576982,-0.330930,-0.445754,0.029183,0.006676
7.574962,-0.372892,0.578508,-0.332074,-0.445754,0.029183,0.006676
7.585015,-0.372129,0.581178,-0.333600,-0.445754,0.029183,0.006676
7.595077,-0.371366,0.581559,-0.335126,-0.445754,0.028801,0.004005
7.605143,-0.370603,0.581559,-0.336652,-0.445754,0.028801,0.004005
7.615206,-0.370222,0.581941,-0.337797,-0.445754,0.028801,0.004005
7.625266,-0.369459,0.581941,-0.339322,-0.445754,0.028801,0.004005
7.635328,-0.369459,0.582322,-0.340467,-0.445754,0.028801,0.004005
7.645392,-0.369078,0.582704,-0.342374,-0.445754,0.028801,0.004005
7.655457,-0.369078,0.583085,-0.343519,-0.445754,0.028801,0.004005
7.665517,-0.369078,0.583848,-0.344663,-0.445754,0.028801,0.004005
7.675581,-0.369078,0.584230,-0.345426,-0.445754,0.028801,0.004005
7.685644,-0.369078,0.584993,-0.346571,-0.445754,0.028801,0.004005
7.695701,-0.369078,0.585756,-0.347715,-0.445754,0.028420,0.004005
7.705770,-0.369078,0.586519,-0.349241,-0.445754,0.028420,0.004005
7.715834,-0.369078,0.587663,-0.350004,-0.445754,0.028038,0.004005
7.725896,-0.369078,0.589952,-0.351530,-0.445754,0.026513,0.004005
7.735957,-0.369078,0.591478,-0.352674,-0.445754,0.024987,0.004005
7.746016,-0.369078,0.592622,-0.354582,-0.445754,0.023079,0.004005
7.756078,-0.369078,0.593004,-0.356107,-0.445754,0.021935,0.004005
7.766134,-0.369078,0.593004,-0.357633,-0.445754,0.021935,0.004005
7.776202,-0.369078,0.593385,-0.358778,-0.445754,0.021553,0.004005
7.786261,-0.369078,0.593385,-0.359922,-0.445754,0.021553,0.004005
7.796322,-0.369078,0.593767,-0.361830,-0.445754,0.021553,0.004005
7.806388,-0.368696,0.593767,-0.362593,-0.445754,0.021553,0.004005
7.816452,-0.368696,0.594530,-0.364118,-0.445754,0.021935,0.004005
7.826516,-0.368696,0.594911,-0.365263,-0.445754,0.021935,0.004005
7.836575,-0.368315,0.595293,-0.366789,-0.445754,0.021935,0.004005
7.846637,-0.368315,0.595674,-0.367933,-0.445373,0.021935,0.004005
7.856698,-0.368315,0.596056,-0.369078,-0.445373,0.021553,0.004005
7.866764,-0.368315,0.596437,-0.370222,-0.445373,0.021553,0.004005
7.876823,-0.368315,0.596818,-0.371366,-0.445373,0.021553,0.004005
7.886885,-0.368315,0.596818,-0.372129,-0.445373,0.021553,0.004005
7.896946,-0.368315,0.596818,-0.373655,-0.445373,0.021553,0.004005
7.907011,-0.368315,0.596818,-0.374418,-0.445373,0.021553,0.004005
7.917072,-0.368315,0.596818,-0.375944,-0.445373,0.021553,0.004005
7.927135,-0.368315,0.596818,-0.376707,-0.445373,0.021553,0.004005
7.937199,-0.368315,0.596818,-0.378614,-0.445373,0.021553,0.004005
7.947256,-0.368315,0.596818,-0.380140,-0.445373,0.021553,0.004005
7.957320,-0.368315,0.596818,-0.381666,-0.445373,0.021553,0.004005
7.967382,-0.368315,0.596818,-0.382811,-0.445373,0.021553,0.004005
7.977442,-0.368315,0.596818,-0.384718,-0.445373,0.021553,0.004005
7.987506,-0.367933,0.597200,-0.386244,-0.445373,0.021553,0.004005
7.997671,-0.367933,0.597581,-0.387770,-0.445373,0.021553,0.004005
8.007738,-0.367552,0.597963,-0.388914,-0.445373,0.021553,0.004005
8.017790,-0.367552,0.598726,-0.390059,-0.445373,0.021553,0.004005
8.027853,-0.367552,0.599489,-0.391966,-0.445373,0.021553,0.004005
8.037910,-0.367552,0.600633,-0.393111,-0.444991,0.021553,0.004005
8.047974,-0.367552,0.602159,-0.394636,-0.444228,0.021553,0.004005
8.058028,-0.367552,0.603685,-0.395781,-0.443847,0.021553,0.004005
8.068088,-0.367552,0.605211,-0.397307,-0.443465,0.021553,0.004005
8.078152,-0.367552,0.605211,-0.398833,-0.443465,0.021553,0.004005
8.088211,-0.367170,0.605211,-0.400359,-0.443465,0.021553,0.004005
8.098273,-0.367170,0.605211,-0.401122,-0.443465,0.021553,0.004005
8.108338,-0.367170,0.605211,-0.402647,-0.443465,0.021553,0.004005
8.118361,-0.367170,0.605211,-0.403792,-0.443465,0.021553,0.004005
8.128414,-0.367170,0.605592,-0.405699,-0.443465,0.021553,0.004005
8.138466,-0.367170,0.605974,-0.406844,-0.443084,0.021553,0.004005
8.148519,-0.367170,0.606355,-0.407988,-0.442321,0.021553,0.004005
8.158570,-0.367170,0.606355,-0.409133,-0.441939,0.021553,0.004005
8.168621,-0.366789,0.606355,-0.410277,-0.440032,0.021553,0.004005
8.178672,-0.366789,0.606355,-0.411040,-0.438506,0.021553,0.004005
8.188725,-0.366407,0.605974,-0.412184,-0.436599,0.021553,0.004005
8.198777,-0.366407,0.605592,-0.413329,-0.435836,0.021553,0.004005
8.208828,-0.366026,0.605592,-0.414473,-0.433928,0.021553,0.004005
8.218879,-0.366026,0.605592,-0.415618,-0.432403,0.021553,0.004005
8.228929,-0.366026,0.605592,-0.417525,-0.430495,0.021553,0.004005
8.238981,-0.366026,0.605592,-0.418669,-0.429351,0.021553,0.004005
8.249032,-0.366026,0.605592,-0.419432,-0.428206,0.021553,0.004005
8.259085,-0.366026,0.605592,-0.420958,-0.426680,0.021553,0.004005
8.269137,-0.366026,0.605592,-0.422103,-0.425536,0.021553,0.004005
8.279191,-0.366026,0.605592,-0.424010,-0.424010,0.021553,0.004005
8.289242,-0.366026,0.605592,-0.424392,-0.422866,0.021553,0.004005
8.299295,-0.366026,0.605592,-0.425917,-0.421721,0.021553,0.004005
8.309348,-0.366026,0.605592,-0.426680,-0.420577,0.021553,0.004005
8.319400,-0.366026,0.605592,-0.428588,-0.418669,0.021553,0.004005
8.329451,-0.366026,0.605592,-0.430114,-0.417144,0.021553,0.004005
8.339504,-0.366026,0.605974,-0.431258,-0.414473,0.021553,0.004005
8.349556,-0.366026,0.605974,-0.432021,-0.412947,0.021553,0.004005
8.359608,-0.366026,0.605974,-0.433547,-0.411040,0.021553,0.004005
8.369660,-0.366026,0.605592,-0.434310,-0.409895,0.021553,0.004005
8.379711,-0.366026,0.605592,-0.435454,-0.408370,0.021935,0.004005
8.389763,-0.366026,0.605592,-0.436217,-0.407225,0.021935,0.004005
8.399815,-0.366026,0.605592,-0.437362,-0.404936,0.021553,0.004005
8.409868,-0.366026,0.605592,-0.438506,-0.403792,0.021553,0.004005
8.419920,-0.366026,0.605211,-0.439651,-0.402647,0.021553,0.004005
8.429972,-0.366026,0.605211,-0.440414,-0.401884,0.021553,0.004005
8.440024,-0.366026,0.605592,-0.442702,-0.399977,0.021553,0.004005
8.450076,-0.366026,0.605592,-0.443465,-0.398451,0.021553,0.004005
8.460129,-0.366026,0.605592,-0.444991,-0.396162,0.021553,0.004005
8.470183,-0.366026,0.605592,-0.446136,-0.395018,0.021553,0.004005
8.480235,-0.366026,0.605592,-0.446899,-0.393111,0.021553,0.004005
8.490286,-0.366026,0.605592,-0.448043,-0.391585,0.021553,0.004005
8.500353,-0.366026,0.605211,-0.449187,-0.390059,0.021553,0.004005
8.510406,-0.366026,0.605211,-0.449950,-0.389296,0.021553,0.004005
8.520459,-0.366407,0.605211,-0.450713,-0.388151,0.021553,0.004005
8.530512,-0.366407,0.605211,-0.451858,-0.385863,0.021553,0.004005
8.540564,-0.366407,0.605211,-0.452621,-0.384718,0.021553,0.004005
8.550616,-0.366407,0.605211,-0.454528,-0.382811,0.021553,0.004005
8.560668,-0.366407,0.605211,-0.455673,-0.381285,0.021553,0.004005
8.570720,-0.366407,0.605211,-0.457198,-0.378996,0.021553,0.004005
8.580772,-0.366407,0.605211,-0.457961,-0.377470,0.021553,0.004005
8.590825,-0.366407,0.605211,-0.459487,-0.375181,0.021935,0.004005
8.600877,-0.366407,0.604829,-0.460250,-0.374037,0.021935,0.004005
8.610931,-0.366407,0.604829,-0.461395,-0.372129,0.021935,0.004005
8.620984,-0.366407,0.604829,-0.462158,-0.370985,0.021935,0.004005
8.631036,-0.366407,0.604829,-0.463684,-0.369841,0.021935,0.004005
8.641087,-0.366789,0.604829,-0.464446,-0.369078,0.021935,0.004005
8.651140,-0.366789,0.604829,-0.465591,-0.367552,0.021935,0.004005
8.661192,-0.366789,0.604829,-0.466735,-0.366026,0.021935,0.003624
8.671243,-0.366789,0.604829,-0.468261,-0.363737,0.021935,0.003624
8.681296,-0.366789,0.604829,-0.469024,-0.362593,0.021935,0.003624
8.691350,-0.366789,0.604829,-0.470169,-0.360685,0.021935,0.003624
8.701402,-0.366789,0.604448,-0.471313,-0.359159,0.021935,0.003624
8.711458,-0.367170,0.604448,-0.472839,-0.357633,0.022316,0.003624
8.721512,-0.367170,0.604067,-0.473602,-0.357252,0.022316,0.003624
8.731565,-0.367552,0.604067,-0.474365,-0.356489,0.022316,0.003624
8.741616,-0.367933,0.604067,-0.474746,-0.355726,0.022316,0.003624
8.751669,-0.368696,0.604067,-0.476272,-0.354582,0.022316,0.003624
8.761721,-0.369078,0.604067,-0.477417,-0.353056,0.022316,0.003624
8.771772,-0.369078,0.604067,-0.478561,-0.351911,0.022316,0.003624
8.781824,-0.369459,0.604067,-0.480087,-0.350385,0.022316,0.003624
8.791876,-0.369459,0.604067,-0.480850,-0.348478,0.022316,0.003624
8.801928,-0.369459,0.604067,-0.481994,-0.346189,0.022316,0.003624
8.811982,-0.369459,0.604067,-0.483139,-0.344663,0.022316,0.003624
8.822035,-0.369459,0.604067,-0.484283,-0.342756,0.022316,0.003624
8.832088,-0.369841,0.603685,-0.485046,-0.341230,0.022316,0.003624
8.842139,-0.369841,0.603685,-0.486572,-0.338941,0.022316,0.003624
8.852191,-0.369841,0.603304,-0.486954,-0.337415,0.022316,0.003624
8.862243,-0.369841,0.603304,-0.488098,-0.335126,0.022316,0.003624
8.872294,-0.370222,0.603304,-0.488861,-0.333600,0.022316,0.003624
8.882346,-0.370222,0.603304,-0.490387,-0.331312,0.022316,0.004005
8.892397,-0.370603,0.603304,-0.491531,-0.330167,0.022316,0.004005
8.902450,-0.370603,0.603304,-0.492676,-0.327497,0.022316,0.004005
8.912504,-0.370603,0.603304,-0.493439,-0.325589,0.022316,0.004005
8.922556,-0.370603,0.602922,-0.494583,-0.324063,0.022316,0.004005
8.932608,-0.370603,0.602922,-0.495346,-0.322538,0.022316,0.004005
8.942660,-0.370985,0.602541,-0.496109,-0.320630,0.022316,0.004005
8.952711,-0.370985,0.602159,-0.496490,-0.319486,0.022316,0.004005
8.962763,-0.370985,0.601396,-0.496872,-0.318723,0.022698,0.004005
8.972815,-0.371366,0.600633,-0.497253,-0.317578,0.022698,0.004005
8.982868,-0.371748,0.599870,-0.497635,-0.316434,0.022698,0.004005
8.992920,-0.371748,0.598726,-0.498016,-0.314145,0.022698,0.004005
9.002972,-0.371748,0.597581,-0.498398,-0.312619,0.022698,0.004005
9.013026,-0.372129,0.596056,-0.498779,-0.310330,0.022698,0.004005
9.023087,-0.372129,0.594148,-0.498779,-0.308423,0.022698,0.004005
9.033124,-0.372511,0.592241,-0.499161,-0.305371,0.023079,0.004005
9.043176,-0.372892,0.591478,-0.499161,-0.303845,0.023461,0.004005
9.053230,-0.372892,0.590333,-0.499542,-0.300793,0.024224,0.004005
9.063284,-0.373274,0.589570,-0.499924,-0.298886,0.024987,0.004387
9.073336,-0.374037,0.588808,-0.501068,-0.296216,0.025368,0.004387
9.083349,-0.374418,0.587663,-0.501831,-0.294690,0.026131,0.004387
9.093358,-0.375181,0.586137,-0.503357,-0.292020,0.026131,0.004387
9.103410,-0.375944,0.584611,-0.504501,-0.290494,0.026131,0.004387
9.113462,-0.376326,0.581178,-0.505646,-0.288586,0.026513,0.004387
9.123515,-0.376707,0.579271,-0.506790,-0.287442,0.026513,0.004768
9.133567,-0.377470,0.578889,-0.507935,-0.285916,0.026513,0.004768
9.143619,-0.377852,0.578889,-0.508698,-0.285534,0.026513,0.004768
9.153670,-0.378233,0.578508,-0.509079,-0.285153,0.026894,0.004768
9.163722,-0.379377,0.578126,-0.510224,-0.285153,0.026894,0.004768
9.173774,-0.380140,0.578126,-0.510986,-0.285153,0.026894,0.004768
9.183826,-0.381285,0.577363,-0.511749,-0.285153,0.026894,0.004768
9.193877,-0.382048,0.576600,-0.512512,-0.285153,0.026894,0.004768
9.203929,-0.383192,0.575074,-0.513657,-0.285153,0.026894,0.004768
9.213981,-0.383574,0.574311,-0.514420,-0.284771,0.026894,0.004768
9.224033,-0.384337,0.573167,-0.516327,-0.282864,0.026894,0.004768
9.234085,-0.384718,0.571641,-0.517472,-0.281338,0.026894,0.004768
9.244147,-0.385100,0.568208,-0.518997,-0.278668,0.026894,0.004768
9.254210,-0.385863,0.567063,-0.519760,-0.277142,0.027276,0.007820
9.264270,-0.386625,0.566682,-0.520905,-0.274472,0.028038,0.007820
9.274332,-0.387007,0.566682,-0.521668,-0.273327,0.029946,0.007820
9.284395,-0.387770,0.566300,-0.522812,-0.271420,0.034524,0.007820
9.294457,-0.388533,0.565919,-0.523194,-0.269894,0.036812,0.007820
9.304517,-0.389296,0.565156,-0.524338,-0.267224,0.039483,0.007820
9.314583,-0.389677,0.564393,-0.525101,-0.265698,0.041390,0.007820
9.324643,-0.390822,0.562867,-0.526246,-0.263409,0.042916,0.007820
9.334705,-0.391203,0.562104,-0.527008,-0.261501,0.044060,0.007820
9.344787,-0.392348,0.560578,-0.528534,-0.258831,0.047494,0.008202
9.354839,-0.393492,0.559052,-0.529679,-0.256924,0.050164,0.008202
9.364890,-0.394636,0.557527,-0.530442,-0.255016,0.052834,0.008202
9.374944,-0.395781,0.554475,-0.531205,-0.252346,0.054742,0.008202
9.384998,-0.396544,0.553712,-0.531968,-0.250820,0.055123,0.008202
9.395049,-0.397307,0.553330,-0.532349,-0.248150,0.056268,0.008202
9.405100,-0.398070,0.553330,-0.532731,-0.246624,0.057412,0.008202
9.415151,-0.399596,0.552949,-0.533112,-0.245098,0.059319,0.008202
9.425203,-0.400359,0.552567,-0.533494,-0.243572,0.060464,0.008202
9.435256,-0.401503,0.551041,-0.533494,-0.241665,0.061227,0.008202
9.445307,-0.401884,0.550278,-0.533875,-0.240520,0.060845,0.008202
9.455359,-0.403029,0.549134,-0.534257,-0.239376,0.060845,0.008202
9.465410,-0.403792,0.547990,-0.534257,-0.238613,0.060845,0.008202
9.475463,-0.405699,0.545701,-0.534257,-0.236706,0.060845,0.008202
9.485515,-0.406844,0.543412,-0.534638,-0.235180,0.060845,0.008202
9.495567,-0.408370,0.541505,-0.535019,-0.232891,0.060845,0.008202
9.505635,-0.409514,0.540742,-0.535019,-0.231365,0.060845,0.012016
9.515696,-0.410658,0.540742,-0.535401,-0.228313,0.060845,0.012016
9.525758,-0.411803,0.540360,-0.535782,-0.226787,0.060845,0.012016
9.535818,-0.413329,0.539216,-0.536545,-0.224498,0.060845,0.012016
9.545882,-0.414092,0.537690,-0.536927,-0.222972,0.060845,0.012016
9.556055,-0.415618,0.536545,-0.537690,-0.221065,0.060845,0.012016
9.566117,-0.416762,0.536164,-0.538453,-0.219539,0.060845,0.012016
9.576181,-0.418288,0.535019,-0.539216,-0.218395,0.061227,0.012016
9.586243,-0.419814,0.533112,-0.539979,-0.216106,0.062753,0.012016
9.596306,-0.420958,0.530823,-0.540742,-0.214199,0.064660,0.012016
9.606369,-0.422484,0.529297,-0.541886,-0.212291,0.067330,0.012016
9.616431,-0.423629,0.529297,-0.542267,-0.210765,0.068475,0.012016
9.626494,-0.425154,0.529297,-0.543030,-0.208476,0.068475,0.012016
9.636554,-0.425536,0.528916,-0.543412,-0.207332,0.068475,0.012016
9.646617,-0.426680,0.527771,-0.543793,-0.206569,0.069238,0.012016
9.656680,-0.427443,0.526627,-0.543793,-0.206569,0.070382,0.012016
9.666744,-0.428588,0.525101,-0.544175,-0.206569,0.072671,0.012016
9.676806,-0.430114,0.524338,-0.544938,-0.206569,0.074578,0.012016
9.686867,-0.432021,0.522812,-0.545319,-0.206569,0.078393,0.012016
9.696929,-0.433165,0.521668,-0.545319,-0.206569,0.080301,0.012016
9.706983,-0.434691,0.518616,-0.545319,-0.206188,0.083352,0.012016
9.717035,-0.436217,0.517090,-0.545319,-0.205806,0.085641,0.012016
9.727089,-0.437743,0.516327,-0.545701,-0.204280,0.088312,0.012016
9.737140,-0.438506,0.515946,-0.545701,-0.202754,0.089456,0.012016
9.747192,-0.439651,0.514801,-0.546082,-0.200847,0.091363,0.012016
9.757244,-0.440414,0.512512,-0.546464,-0.199702,0.092508,0.012016
9.767304,-0.441939,0.510605,-0.547227,-0.197032,0.094034,0.016976
9.777350,-0.443465,0.509079,-0.547608,-0.195125,0.095178,0.018883
9.787401,-0.444610,0.507553,-0.547990,-0.193599,0.095560,0.018883
9.797454,-0.445754,0.505264,-0.548371,-0.190929,0.095178,0.018883
9.807509,-0.446899,0.504501,-0.548371,-0.189021,0.095178,0.018883
9.817561,-0.448043,0.503738,-0.548371,-0.186732,0.095178,0.018883
9.827613,-0.449187,0.502976,-0.548371,-0.185206,0.095178,0.018883
9.837667,-0.450713,0.501068,-0.548753,-0.182536,0.095178,0.018883
9.847719,-0.451858,0.499542,-0.549134,-0.181010,0.095178,0.018883
9.857771,-0.453765,0.498016,-0.549516,-0.178721,0.095178,0.018883
9.867823,-0.455673,0.496872,-0.549516,-0.177577,0.095178,0.018883
9.877841,-0.457580,0.493820,-0.549897,-0.174907,0.095941,0.026894
9.887903,-0.458724,0.493057,-0.549897,-0.173762,0.096323,0.026894
9.897966,-0.460250,0.492294,-0.549897,-0.172236,0.096704,0.026894
9.908029,-0.461395,0.491913,-0.549897,-0.170710,0.097086,0.026894
9.918090,-0.463302,0.490768,-0.549897,-0.168803,0.098611,0.026894
9.928153,-0.464446,0.490005,-0.550278,-0.167277,0.100900,0.026894
9.938214,-0.466735,0.488479,-0.551041,-0.165751,0.105478,0.026894
9.948275,-0.468643,0.487716,-0.551804,-0.164607,0.109293,0.026894
9.958329,-0.470932,0.486954,-0.552567,-0.162318,0.115015,0.026894
9.968384,-0.472076,0.486572,-0.553330,-0.160792,0.118067,0.027276
9.978449,-0.473602,0.485809,-0.554093,-0.159648,0.121118,0.027276
9.988510,-0.475128,0.484283,-0.554475,-0.157740,0.125315,0.027276
9.998573,-0.475891,0.482757,-0.555238,-0.156214,0.126841,0.027276
10.008637,-0.477417,0.480087,-0.555619,-0.154688,0.129892,0.027276
10.018699,-0.478561,0.479706,-0.555619,-0.153925,0.131800,0.027276
10.028761,-0.480468,0.478561,-0.555619,-0.152399,0.134852,0.032616
10.038824,-0.481613,0.477417,-0.555619,-0.151255,0.137903,0.032616
10.048886,-0.483902,0.475509,-0.556001,-0.149348,0.141718,0.032616
10.058948,-0.485046,0.474365,-0.556382,-0.148585,0.142863,0.032616
10.069011,-0.487335,0.472839,-0.556382,-0.147822,0.143626,0.032616
10.079073,-0.488098,0.471313,-0.556382,-0.147440,0.144388,0.032616
10.089136,-0.490005,0.468261,-0.556382,-0.145533,0.144388,0.035286
10.099199,-0.490768,0.467117,-0.556001,-0.144388,0.144388,0.035286
10.109264,-0.493439,0.465972,-0.556001,-0.142481,0.145151,0.035286
10.119325,-0.494583,0.465209,-0.556382,-0.141337,0.147059,0.035286
10.129388,-0.496872,0.462921,-0.556382,-0.139811,0.148203,0.035286
10.139452,-0.498398,0.461776,-0.556382,-0.139048,0.147440,0.035286
10.149513,-0.500687,0.459487,-0.556382,-0.137903,0.147059,0.035286
10.159576,-0.502213,0.458343,-0.556382,-0.137140,0.147822,0.038720
10.169630,-0.504501,0.455673,-0.556382,-0.135996,0.148203,0.038720
10.179695,-0.506027,0.454910,-0.556001,-0.135233,0.148203,0.038720
10.189882,-0.507935,0.454147,-0.556001,-0.134089,0.148203,0.038720
10.199944,-0.509079,0.453384,-0.556001,-0.132944,0.148966,0.038720
10.210007,-0.510605,0.452239,-0.556001,-0.131418,0.150111,0.038720
10.220071,-0.512894,0.450713,-0.556382,-0.129892,0.151255,0.038720
10.230133,-0.514420,0.449950,-0.556382,-0.129129,0.151637,0.038720
10.240195,-0.516709,0.448425,-0.556382,-0.129129,0.152018,0.038720
10.250258,-0.518616,0.446899,-0.556382,-0.129129,0.154307,0.038720
10.260323,-0.520905,0.444610,-0.556382,-0.129129,0.159648,0.038720
10.270385,-0.522431,0.443465,-0.556001,-0.128748,0.163462,0.038720
10.280448,-0.525101,0.442702,-0.556001,-0.128748,0.168040,0.038720
10.290512,-0.526246,0.441939,-0.556001,-0.128367,0.170710,0.038720
10.300572,-0.528153,0.440414,-0.556001,-0.127985,0.173762,0.038720
10.310633,-0.530060,0.439651,-0.556382,-0.127604,0.174525,0.038720
10.320690,-0.532349,0.438125,-0.556382,-0.126459,0.176814,0.038720
10.330750,-0.533494,0.436980,-0.556764,-0.126078,0.179103,0.038720
10.340810,-0.535401,0.435836,-0.557145,-0.124933,0.183299,0.038720
10.350870,-0.537308,0.434310,-0.557145,-0.123789,0.185588,0.038720
10.360931,-0.538834,0.431640,-0.556764,-0.122263,0.188640,0.038720
10.370991,-0.539979,0.430495,-0.556764,-0.121500,0.190547,0.038720
10.381051,-0.542267,0.428969,-0.556382,-0.118830,0.192836,0.038720
10.391111,-0.544175,0.427825,-0.556382,-0.116922,0.193599,0.038720
10.401168,-0.546464,0.425536,-0.556382,-0.114633,0.196269,0.038720
10.411231,-0.547608,0.424010,-0.556382,-0.113107,0.198177,0.042535
10.421291,-0.549516,0.422866,-0.556764,-0.111582,0.199321,0.042535
10.431356,-0.551804,0.421340,-0.556764,-0.110437,0.199702,0.042535
10.441417,-0.553330,0.419432,-0.556764,-0.109674,0.199702,0.042535
10.451477,-0.555619,0.417525,-0.556382,-0.108530,0.199702,0.042535
10.461539,-0.557145,0.416762,-0.556001,-0.107385,0.200084,0.042535
10.471600,-0.559815,0.415618,-0.556001,-0.105478,0.200084,0.042535
10.481663,-0.561341,0.414855,-0.556001,-0.104334,0.200084,0.042535
10.491726,-0.563630,0.412947,-0.556001,-0.102808,0.200084,0.042535
10.501785,-0.565156,0.411803,-0.556001,-0.102045,0.200084,0.053979
10.511844,-0.568208,0.410277,-0.556001,-0.101663,0.200084,0.053979
10.521906,-0.569734,0.408751,-0.556001,-0.101663,0.200847,0.053979
10.531965,-0.572023,0.406462,-0.556001,-0.100900,0.202373,0.053979
10.542027,-0.574311,0.405699,-0.556001,-0.099756,0.203899,0.053979
10.552086,-0.576600,0.404555,-0.556001,-0.097467,0.208858,0.059701
10.562148,-0.578126,0.403792,-0.556001,-0.096323,0.212673,0.059701
10.572207,-0.581559,0.402266,-0.556001,-0.095560,0.218013,0.059701
10.582270,-0.583467,0.401122,-0.556001,-0.095560,0.221447,0.059701
10.592329,-0.585374,0.399596,-0.556001,-0.095560,0.226406,0.059701
10.602390,-0.587663,0.398833,-0.556001,-0.095560,0.229076,0.059701
10.612449,-0.589952,0.397307,-0.556001,-0.095560,0.234417,0.059701
10.622511,-0.591478,0.396162,-0.556001,-0.095560,0.238994,0.059701
10.632572,-0.593385,0.394636,-0.556001,-0.095560,0.243572,0.059701
10.642634,-0.596056,0.393111,-0.556001,-0.095178,0.249294,0.059701
10.652694,-0.597200,0.391966,-0.556001,-0.095178,0.251583,0.059701
10.662755,-0.599870,0.390440,-0.556001,-0.095178,0.253109,0.059701
10.672814,-0.601396,0.389296,-0.556001,-0.095178,0.253491,0.059701
10.682877,-0.603304,0.387007,-0.556001,-0.095178,0.253491,0.059701
10.692937,-0.605211,0.385863,-0.556001,-0.095178,0.253491,0.061608
10.702994,-0.607500,0.384337,-0.556001,-0.095178,0.253491,0.061608
10.713054,-0.609026,0.382429,-0.556001,-0.095178,0.253109,0.061608
10.723113,-0.612078,0.380140,-0.555619,-0.095178,0.252728,0.061608
10.733174,-0.613603,0.379377,-0.555619,-0.094797,0.253491,0.061608
10.743234,-0.615892,0.377852,-0.555238,-0.093271,0.253872,0.061608
10.753297,-0.618563,0.376326,-0.555238,-0.092126,0.254635,0.061608
10.763354,-0.620851,0.374037,-0.555619,-0.090219,0.256924,0.061608
10.773416,-0.622377,0.372892,-0.555619,-0.089456,0.258831,0.061608
10.783477,-0.625811,0.370985,-0.555619,-0.089456,0.261120,0.061608
10.793538,-0.627718,0.369078,-0.555238,-0.089075,0.263409,0.061608
10.803598,-0.630388,0.367552,-0.554856,-0.088312,0.267987,0.061608
10.813661,-0.632296,0.366789,-0.554856,-0.087549,0.271420,0.061608
10.823749,-0.634585,0.365644,-0.554856,-0.085641,0.276379,0.061608
10.833811,-0.636873,0.364118,-0.554856,-0.084115,0.279049,0.061608
10.843870,-0.638399,0.362974,-0.554856,-0.082971,0.280575,0.061608
10.853929,-0.640688,0.361448,-0.554856,-0.082208,0.282864,0.061608
10.863990,-0.642977,0.360685,-0.554856,-0.081445,0.286297,0.061608
10.874051,-0.645266,0.358778,-0.554856,-0.079919,0.291257,0.061608
10.884113,-0.647173,0.357252,-0.554856,-0.078775,0.294690,0.061608
10.894173,-0.649844,0.355726,-0.554475,-0.076867,0.297742,0.061608
10.904231,-0.651369,0.354582,-0.554475,-0.076104,0.298886,0.061608
10.914292,-0.653277,0.353437,-0.554093,-0.075341,0.299649,0.061608
10.924353,-0.655566,0.352293,-0.554093,-0.074197,0.301175,0.061608
10.934415,-0.657855,0.350385,-0.554093,-0.073053,0.303845,0.072290
10.944477,-0.659380,0.349622,-0.554093,-0.072290,0.304608,0.072290
10.954534,-0.662432,0.348096,-0.554093,-0.071908,0.304227,0.072290
10.964596,-0.663958,0.346952,-0.554093,-0.071908,0.304608,0.072290
10.974654,-0.666247,0.345045,-0.554093,-0.071908,0.304990,0.072290
10.984718,-0.668536,0.343519,-0.553712,-0.071908,0.304990,0.072290
10.994777,-0.670825,0.342374,-0.553330,-0.071908,0.305753,0.072290
11.004841,-0.672351,0.341611,-0.552949,-0.071908,0.306134,0.072290
11.014899,-0.675402,0.340085,-0.552949,-0.071908,0.307660,0.072290
11.024962,-0.677310,0.338941,-0.552949,-0.071908,0.309567,0.072290
11.035017,-0.680362,0.337034,-0.552949,-0.071908,0.313382,0.072290
11.045078,-0.682269,0.336271,-0.552949,-0.071908,0.316434,0.072290
11.055139,-0.684176,0.335126,-0.552949,-0.071908,0.318723,0.085260
11.065199,-0.687228,0.333219,-0.552567,-0.071908,0.322919,0.085260
11.075260,-0.688754,0.331312,-0.552186,-0.071908,0.325589,0.085260
11.085320,-0.691806,0.330167,-0.551804,-0.071908,0.329786,0.085260
11.095381,-0.693713,0.329023,-0.551423,-0.071908,0.333600,0.085260
11.105441,-0.696384,0.327497,-0.551041,-0.071908,0.339322,0.094415
11.115505,-0.698672,0.325971,-0.550660,-0.071908,0.342374,0.095560
11.125564,-0.701343,0.324063,-0.549516,-0.071908,0.346571,0.095560
11.135626,-0.702869,0.322919,-0.549134,-0.071908,0.349241,0.095560
11.145685,-0.705921,0.320630,-0.548371,-0.071908,0.352293,0.095941
11.155747,-0.707446,0.318723,-0.547608,-0.071908,0.354582,0.095941
11.165806,-0.709735,0.317197,-0.546082,-0.071908,0.357633,0.095941
11.175867,-0.711643,0.316052,-0.545319,-0.071908,0.358015,0.095941
11.185927,-0.713550,0.313764,-0.543793,-0.071908,0.358396,0.095941
11.195988,-0.714694,0.312238,-0.542649,-0.071908,0.358396,0.098993
11.206048,-0.716983,0.310712,-0.541505,-0.071908,0.358015,0.098993
11.216108,-0.718891,0.309567,-0.540742,-0.071908,0.358015,0.098993
11.226168,-0.721180,0.306897,-0.539216,-0.071908,0.358778,0.098993
11.236228,-0.723087,0.306134,-0.538453,-0.071908,0.359159,0.098993
11.246286,-0.725757,0.304990,-0.536927,-0.071908,0.359541,0.098993
11.256348,-0.727283,0.304227,-0.535782,-0.071908,0.360685,0.098993
11.266409,-0.729953,0.302701,-0.534638,-0.071908,0.364118,0.098993
11.276468,-0.731479,0.301556,-0.533494,-0.071908,0.367170,0.099374
11.286530,-0.734150,0.300031,-0.531968,-0.071908,0.370603,0.099374
11.296589,-0.736057,0.299268,-0.530823,-0.071908,0.372892,0.099374
11.306651,-0.737583,0.298123,-0.530060,-0.071908,0.375563,0.099374
11.316711,-0.739872,0.296597,-0.528534,-0.071908,0.378996,0.099374
11.326772,-0.741398,0.295453,-0.527771,-0.071908,0.382048,0.099374
11.336832,-0.743687,0.293927,-0.525864,-0.071908,0.387007,0.099374
11.346894,-0.745212,0.293164,-0.524720,-0.071908,0.389677,0.099374
11.356953,-0.747120,0.291638,-0.523957,-0.071908,0.391966,0.099374
11.367015,-0.749027,0.290875,-0.522812,-0.071908,0.393874,0.099374
11.377075,-0.750553,0.289349,-0.521668,-0.071908,0.397307,0.099374
11.387136,-0.751698,0.288205,-0.520523,-0.071908,0.399214,0.099374
11.397199,-0.753986,0.287060,-0.518997,-0.071908,0.401503,0.099374
11.407262,-0.755894,0.285916,-0.518235,-0.071908,0.402266,0.099374
11.417325,-0.757420,0.284390,-0.516709,-0.071908,0.402647,0.099374
11.427387,-0.758564,0.282864,-0.515946,-0.071908,0.402266,0.106622
11.437450,-0.760853,0.281338,-0.514420,-0.071908,0.402266,0.106622
11.447514,-0.761997,0.280575,-0.513657,-0.071908,0.402266,0.106622
11.457578,-0.763905,0.279049,-0.512131,-0.071908,0.402266,0.106622
11.467639,-0.765049,0.278286,-0.511368,-0.071908,0.402266,0.106622
11.477703,-0.767720,0.276379,-0.510224,-0.071908,0.402266,0.106622
11.487766,-0.769245,0.275235,-0.509461,-0.071908,0.402266,0.106622
11.497827,-0.771153,0.274472,-0.508316,-0.071908,0.402266,0.106622
11.507890,-0.772679,0.273327,-0.507172,-0.071908,0.402647,0.114633
11.517953,-0.774586,0.271801,-0.505646,-0.071908,0.402647,0.114633
11.528018,-0.775731,0.270657,-0.504883,-0.071908,0.402647,0.115015
11.538080,-0.777256,0.268750,-0.503357,-0.071908,0.402647,0.115015
11.548143,-0.778019,0.267987,-0.502213,-0.071908,0.402647,0.115015
11.558206,-0.780308,0.266461,-0.500687,-0.071908,0.403792,0.115015
11.568268,-0.781834,0.265698,-0.499542,-0.071908,0.405699,0.115015
11.578330,-0.783742,0.264172,-0.498016,-0.071908,0.408751,0.115015
11.588394,-0.785267,0.263409,-0.497253,-0.071908,0.410277,0.115015
11.598459,-0.786793,0.262264,-0.496109,-0.071908,0.412947,0.115015
11.608521,-0.787938,0.261120,-0.494583,-0.071908,0.417525,0.115015
11.618584,-0.789082,0.260739,-0.493439,-0.071908,0.420958,0.115015
11.628648,-0.790608,0.259213,-0.491913,-0.071908,0.425917,0.121500
11.638712,-0.791752,0.257687,-0.491150,-0.071908,0.429351,0.121500
11.648774,-0.793660,0.256161,-0.489242,-0.071908,0.435454,0.121500
11.658837,-0.794804,0.255398,-0.487716,-0.071908,0.437743,0.122263
11.668901,-0.795949,0.254253,-0.486572,-0.071908,0.440414,0.122263
11.678966,-0.796330,0.253491,-0.485428,-0.071908,0.442321,0.122263
11.689031,-0.797856,0.251965,-0.483902,-0.071908,0.445373,0.122263
11.699093,-0.798619,0.250820,-0.482757,-0.071908,0.447280,0.122263
11.709156,-0.799763,0.249676,-0.481231,-0.071908,0.449569,0.122263
11.719220,-0.800526,0.248913,-0.480468,-0.071908,0.450713,0.122263
11.729285,-0.801671,0.247387,-0.479324,-0.071908,0.451476,0.122263
11.739349,-0.802434,0.246242,-0.478180,-0.071908,0.451476,0.122263
11.749359,-0.803578,0.244335,-0.476272,-0.071908,0.451476,0.122263
11.759415,-0.804723,0.243954,-0.475128,-0.071908,0.451476,0.122263
11.769479,-0.806249,0.242428,-0.473983,-0.071908,0.451476,0.122263
11.779543,-0.807012,0.241665,-0.472839,-0.071908,0.451476,0.122263
11.789608,-0.808156,0.240520,-0.471695,-0.071908,0.451476,0.122263
11.799669,-0.808919,0.239757,-0.470550,-0.071908,0.451095,0.122263
11.809732,-0.810063,0.238231,-0.468643,-0.071908,0.451095,0.122263
11.819796,-0.810445,0.237469,-0.467880,-0.071908,0.451095,0.122263
11.829860,-0.811208,0.236324,-0.466735,-0.071908,0.451095,0.122263
11.839922,-0.811589,0.235561,-0.465972,-0.071908,0.451476,0.122263
11.849984,-0.812352,0.234417,-0.464446,-0.071908,0.452239,0.122263
11.860048,-0.812734,0.233654,-0.463302,-0.071908,0.453002,0.125315
11.870111,-0.813497,0.232128,-0.461776,-0.071908,0.453384,0.125315
11.880174,-0.813878,0.231365,-0.460632,-0.071908,0.453384,0.125315
11.890235,-0.814641,0.230220,-0.459869,-0.071908,0.453384,0.125315
11.900297,-0.815404,0.229076,-0.458343,-0.071908,0.453384,0.125315
11.910361,-0.816167,0.228313,-0.457198,-0.071908,0.453765,0.125315
11.920377,-0.817311,0.226787,-0.455673,-0.071908,0.453765,0.125315
11.930429,-0.818074,0.226024,-0.454910,-0.071908,0.453765,0.125315
11.940481,-0.818837,0.225261,-0.453384,-0.071908,0.453765,0.125315
11.950533,-0.819219,0.224498,-0.452621,-0.071908,0.453765,0.125315
11.960585,-0.819600,0.223735,-0.451476,-0.071908,0.453765,0.125315
11.970637,-0.819982,0.223354,-0.450332,-0.071908,0.453765,0.125315
11.980689,-0.820363,0.222210,-0.449569,-0.071908,0.453765,0.125315
11.990740,-0.820363,0.221447,-0.448806,-0.071908,0.453765,0.125315
12.000792,-0.820363,0.219539,-0.446899,-0.071908,0.453765,0.125315
12.010844,-0.820363,0.218776,-0.445754,-0.071908,0.453765,0.125315
12.020896,-0.820363,0.217632,-0.443847,-0.071908,0.453765,0.125315
12.030950,-0.820363,0.216869,-0.443084,-0.071908,0.453765,0.125315
12.041002,-0.820363,0.215724,-0.441558,-0.071908,0.453765,0.125315
12.051055,-0.820363,0.214961,-0.440795,-0.071908,0.453765,0.125315
12.061107,-0.820363,0.214199,-0.439269,-0.071908,0.453765,0.125315
12.071159,-0.820745,0.213817,-0.438125,-0.071908,0.453765,0.125315
12.081211,-0.820745,0.213054,-0.436980,-0.071908,0.453765,0.125315
12.091263,-0.820745,0.212673,-0.435836,-0.071908,0.453765,0.125315
12.101314,-0.820745,0.211528,-0.434691,-0.071908,0.454147,0.125315
12.111367,-0.820745,0.211147,-0.433547,-0.071908,0.454147,0.125315
12.121420,-0.820745,0.210384,-0.432021,-0.071908,0.454147,0.125315
12.131472,-0.820745,0.209621,-0.430877,-0.071908,0.454147,0.125315
12.141526,-0.820745,0.208476,-0.429732,-0.071908,0.454147,0.125315
12.151579,-0.820745,0.207332,-0.428969,-0.071908,0.454147,0.129511
12.161632,-0.820745,0.206950,-0.428206,-0.071908,0.454147,0.129511
12.171685,-0.820745,0.206188,-0.426680,-0.071908,0.454147,0.129511
12.181737,-0.820745,0.205806,-0.425536,-0.071908,0.454147,0.129511
12.191788,-0.820745,0.205425,-0.424392,-0.071908,0.454147,0.129511
12.201841,-0.820745,0.205043,-0.423629,-0.071908,0.454147,0.129511
12.211892,-0.820745,0.204662,-0.422866,-0.071908,0.454147,0.129511
12.221945,-0.820745,0.204280,-0.422484,-0.071908,0.454147,0.129511
12.231998,-0.820745,0.203899,-0.421340,-0.071908,0.454147,0.129511
12.242049,-0.820745,0.203899,-0.420577,-0.071908,0.454147,0.129511
12.252100,-0.820745,0.203899,-0.420195,-0.071908,0.454147,0.129511
12.262152,-0.820745,0.203899,-0.419432,-0.071908,0.454147,0.129511
12.272206,-0.820745,0.203899,-0.418669,-0.071908,0.454147,0.129511
12.282260,-0.820745,0.203899,-0.418288,-0.071908,0.454147,0.129511
12.292311,-0.820745,0.204280,-0.417525,-0.071908,0.454147,0.129511
12.302364,-0.820745,0.204280,-0.417144,-0.071908,0.454147,0.129511
12.312415,-0.820745,0.204280,-0.416762,-0.071908,0.454147,0.129511
12.322479,-0.820745,0.204280,-0.416381,-0.071908,0.454147,0.129511
12.332542,-0.820745,0.204280,-0.415618,-0.071908,0.454147,0.129511
12.342606,-0.820745,0.204280,-0.415236,-0.071908,0.454147,0.129511
12.352668,-0.820745,0.204280,-0.415236,-0.071908,0.454147,0.129511
12.362730,-0.820745,0.204280,-0.415236,-0.071908,0.454147,0.129511
12.372794,-0.820745,0.204280,-0.414855,-0.071908,0.454147,0.129511
12.382855,-0.820745,0.204280,-0.414855,-0.071908,0.454147,0.129511
12.392918,-0.820745,0.204280,-0.414855,-0.071908,0.454147,0.129511
12.402981,-0.820745,0.204280,-0.414855,-0.071908,0.454147,0.129511
12.413043,-0.820745,0.204280,-0.415236,-0.071908,0.454147,0.129511
12.423105,-0.820745,0.204280,-0.415236,-0.071908,0.454147,0.129511
12.433169,-0.820745,0.204280,-0.415236,-0.071908,0.454147,0.129511
12.443233,-0.820745,0.204280,-0.414855,-0.071908,0.454147,0.129511
12.453295,-0.820745,0.204280,-0.414855,-0.071908,0.454147,0.129511
12.463358,-0.820745,0.204280,-0.414855,-0.071908,0.454147,0.129511
12.473420,-0.820745,0.204280,-0.414855,-0.071908,0.454147,0.129511
12.483483,-0.820745,0.204280,-0.414855,-0.071908,0.454147,0.129511
12.493545,-0.821126,0.204280,-0.414855,-0.071908,0.454147,0.129511
12.503609,-0.821126,0.204280,-0.415236,-0.071908,0.454147,0.129511
12.513674,-0.821126,0.204280,-0.415236,-0.071908,0.454147,0.129511
12.523736,-0.821508,0.204280,-0.415236,-0.071908,0.454147,0.129511
12.533799,-0.821508,0.204280,-0.415236,-0.071908,0.454147,0.129511
12.543863,-0.821508,0.204280,-0.415236,-0.071908,0.454147,0.129511
12.553927,-0.821508,0.204280,-0.415236,-0.071908,0.454147,0.129511
12.563989,-0.821508,0.204662,-0.415236,-0.071908,0.454147,0.129511
12.574052,-0.821508,0.204662,-0.415236,-0.071908,0.454147,0.129511
12.584116,-0.821508,0.205043,-0.415236,-0.071908,0.454147,0.129511
12.594181,-0.821508,0.205043,-0.415236,-0.071908,0.454147,0.129511
12.604242,-0.821508,0.205425,-0.415618,-0.071908,0.454147,0.129511
12.614305,-0.821508,0.205806,-0.415618,-0.071908,0.454147,0.129511
12.624361,-0.821508,0.206188,-0.415618,-0.071908,0.454147,0.129511
12.634417,-0.821508,0.206188,-0.415618,-0.071908,0.454147,0.129511
12.644481,-0.821508,0.206188,-0.415999,-0.071908,0.454147,0.129511
12.654536,-0.821508,0.206569,-0.415999,-0.071908,0.454147,0.129511
12.664663,-0.821508,0.206950,-0.416381,-0.071908,0.454147,0.129511
12.674723,-0.821508,0.206950,-0.416762,-0.071908,0.454147,0.129511
12.684786,-0.821508,0.206950,-0.417144,-0.071908,0.454147,0.129511
12.694850,-0.821508,0.206950,-0.417144,-0.071908,0.454147,0.129511
12.704914,-0.821508,0.207332,-0.417525,-0.071908,0.454147,0.129511
12.714977,-0.821508,0.207332,-0.417906,-0.071908,0.454147,0.129511
12.725040,-0.821508,0.207332,-0.418288,-0.071908,0.454147,0.129511
12.735104,-0.821508,0.207713,-0.418669,-0.071908,0.454147,0.129511
12.745164,-0.821126,0.208095,-0.419051,-0.071908,0.454147,0.129511
12.755227,-0.821126,0.208858,-0.419814,-0.071908,0.454147,0.129511
12.765289,-0.821126,0.209239,-0.420577,-0.071908,0.454147,0.129511
12.775354,-0.820745,0.210002,-0.421340,-0.071908,0.454147,0.129511
12.785360,-0.819982,0.211147,-0.422103,-0.071908,0.454147,0.129511
12.795413,-0.819600,0.213054,-0.423247,-0.071908,0.453765,0.129511
12.805465,-0.818837,0.214961,-0.424392,-0.071908,0.453765,0.129511
12.815517,-0.818074,0.217632,-0.426299,-0.071908,0.453765,0.129511
12.825571,-0.817311,0.219539,-0.427443,-0.071908,0.453765,0.129511
12.835623,-0.816167,0.221828,-0.430495,-0.071908,0.453765,0.129511
12.845677,-0.815785,0.224117,-0.431640,-0.071908,0.453384,0.129511
12.855729,-0.815023,0.228695,-0.433165,-0.071908,0.453002,0.129511
12.865782,-0.814641,0.231365,-0.435073,-0.071908,0.453002,0.129511
12.875834,-0.813497,0.234035,-0.438125,-0.071908,0.453002,0.129511
12.885886,-0.812352,0.235561,-0.439651,-0.071908,0.452621,0.129511
12.895947,-0.810445,0.240139,-0.442321,-0.071908,0.450332,0.129511
12.906010,-0.808919,0.243191,-0.443847,-0.071908,0.449187,0.129511
12.916064,-0.806249,0.246242,-0.446136,-0.071908,0.448425,0.129511
12.926128,-0.805104,0.247768,-0.448043,-0.071908,0.447280,0.129511
12.936190,-0.802815,0.250439,-0.449950,-0.071908,0.445373,0.129511
12.946251,-0.799001,0.255398,-0.453002,-0.071908,0.441939,0.129511
12.956311,-0.796712,0.257687,-0.455291,-0.071908,0.439651,0.129511
12.966373,-0.792897,0.259976,-0.457961,-0.071908,0.435836,0.129511
12.976432,-0.789845,0.262646,-0.459487,-0.071908,0.430877,0.129511
12.986495,-0.784886,0.267224,-0.462539,-0.071908,0.422484,0.129511
12.996554,-0.781453,0.269894,-0.464828,-0.071908,0.417144,0.129511
13.006616,-0.776493,0.272183,-0.468261,-0.071908,0.409895,0.129511
13.016681,-0.773060,0.274853,-0.470550,-0.071908,0.404173,0.129511
13.026743,-0.766957,0.279812,-0.473220,-0.071908,0.395399,0.129511
13.036804,-0.763142,0.282483,-0.475509,-0.071908,0.390059,0.129511
13.046862,-0.757038,0.285153,-0.479324,-0.071908,0.382811,0.129511
13.056923,-0.752842,0.287823,-0.481613,-0.071908,0.377089,0.129511
13.066982,-0.746357,0.293164,-0.483902,-0.071908,0.369078,0.129511
13.077045,-0.742161,0.296216,-0.486572,-0.071908,0.364500,0.129511
13.087103,-0.735676,0.298886,-0.490005,-0.071908,0.357633,0.129511
13.097154,-0.731098,0.302319,-0.492676,-0.071908,0.353056,0.129511
13.107203,-0.724231,0.307660,-0.495346,-0.071908,0.345426,0.129511
13.117257,-0.718891,0.310330,-0.497253,-0.071908,0.341230,0.129511
13.127309,-0.712024,0.314527,-0.500687,-0.071908,0.334745,0.129511
13.137361,-0.706302,0.317960,-0.502976,-0.071908,0.330167,0.129511
13.147412,-0.699054,0.322538,-0.506409,-0.071908,0.324063,0.129511
13.157461,-0.693332,0.325208,-0.508316,-0.071908,0.319867,0.129511
13.167510,-0.688373,0.329404,-0.510224,-0.071908,0.314908,0.129511
13.177559,-0.679980,0.334745,-0.513275,-0.071908,0.307279,0.129511
13.187608,-0.674640,0.337415,-0.515946,-0.071908,0.302319,0.129511
13.197660,-0.665866,0.342756,-0.518997,-0.071908,0.294308,0.129511
13.207715,-0.660143,0.346952,-0.520523,-0.071908,0.289349,0.129511
13.217768,-0.651751,0.352293,-0.523575,-0.072290,0.281720,0.123789
13.227820,-0.646029,0.355726,-0.525483,-0.072290,0.275616,0.123789
13.237872,-0.637636,0.361067,-0.528534,-0.072290,0.266842,0.094797
13.247924,-0.631533,0.364881,-0.530442,-0.072290,0.261501,0.094797
13.257976,-0.623140,0.370985,-0.532731,-0.072290,0.252728,0.094797
13.268028,-0.617800,0.374418,-0.534257,-0.072290,0.246624,0.094797
13.278080,-0.609026,0.380522,-0.536927,-0.072290,0.237850,0.094797
13.288133,-0.602922,0.384337,-0.538834,-0.072290,0.232509,0.094797
13.298184,-0.594911,0.390059,-0.541505,-0.072290,0.224117,0.060082
13.308238,-0.589189,0.393874,-0.542649,-0.072671,0.218776,0.060082
13.318291,-0.580797,0.399977,-0.544556,-0.073053,0.210002,0.060082
13.328342,-0.575074,0.404173,-0.546082,-0.073816,0.203899,0.060082
13.338349,-0.566300,0.410277,-0.547227,-0.075723,0.195506,0.060082
13.348401,-0.560960,0.414473,-0.548371,-0.077630,0.190166,0.060082
13.358454,-0.552567,0.420958,-0.549134,-0.080682,0.183299,0.060082
13.368506,-0.547227,0.424392,-0.549897,-0.083352,0.178721,0.060082
13.378557,-0.539597,0.430877,-0.550660,-0.087167,0.171855,0.060082
13.388609,-0.534257,0.435073,-0.551041,-0.090219,0.166896,0.060082
13.398660,-0.528534,0.438888,-0.551804,-0.093271,0.161936,0.060082
13.408714,-0.521286,0.446136,-0.552567,-0.097467,0.155070,0.060082
13.418767,-0.515946,0.449950,-0.552949,-0.100519,0.150492,0.060082
13.428819,-0.508316,0.456435,-0.554093,-0.105859,0.144007,0.060082
13.438871,-0.503357,0.461013,-0.554475,-0.109293,0.139811,0.052071
13.448923,-0.496109,0.467498,-0.555238,-0.114633,0.132944,0.052071
13.458976,-0.491150,0.472076,-0.555238,-0.118448,0.128748,0.052071
13.469027,-0.484283,0.478180,-0.555619,-0.124933,0.122263,0.052071
13.479081,-0.479324,0.482757,-0.555619,-0.129129,0.118448,0.052071
13.489133,-0.472839,0.488479,-0.555619,-0.135996,0.111963,0.052071
13.499184,-0.468643,0.492676,-0.555619,-0.140955,0.108148,0.052071
13.509238,-0.462539,0.498398,-0.555619,-0.147822,0.102808,0.052071
13.519290,-0.457961,0.502594,-0.555619,-0.152781,0.099756,0.026513
13.529342,-0.452239,0.509079,-0.555238,-0.160029,0.095178,0.026513
13.539396,-0.448043,0.512512,-0.555238,-0.164988,0.090982,0.026513
13.549448,-0.441939,0.518616,-0.555238,-0.172618,0.084497,0.026513
13.559500,-0.438888,0.522431,-0.555238,-0.177577,0.080682,0.026513
13.569552,-0.433165,0.528153,-0.555238,-0.185206,0.076486,0.018502
13.579604,-0.429351,0.532349,-0.554856,-0.190547,0.073434,0.018502
13.589656,-0.424773,0.537690,-0.554475,-0.198558,0.069238,0.018502
13.599709,-0.421340,0.541505,-0.554475,-0.203899,0.065805,0.018502
13.609763,-0.416381,0.546845,-0.554093,-0.211910,0.060082,0.018502
13.619816,-0.413710,0.549897,-0.553712,-0.217632,0.057031,0.018502
13.629869,-0.410277,0.553330,-0.553330,-0.222972,0.055123,0.018502
13.639920,-0.406462,0.558671,-0.552567,-0.231746,0.053216,0.018502
13.649972,-0.403792,0.561723,-0.551804,-0.237469,0.050927,0.014687
13.660023,-0.399977,0.566300,-0.551041,-0.247005,0.047875,0.014687
13.670075,-0.397307,0.569734,-0.549897,-0.253491,0.045205,0.013161
13.680127,-0.393874,0.573548,-0.547608,-0.263027,0.041390,0.013161
13.690179,-0.391203,0.576219,-0.546082,-0.269512,0.038720,0.013161
13.700231,-0.388151,0.580034,-0.543412,-0.279431,0.036812,0.013161
13.710285,-0.385863,0.582704,-0.541505,-0.285916,0.036049,0.013161
13.720337,-0.383192,0.584993,-0.538834,-0.295453,0.033379,0.013161
13.730388,-0.380903,0.586519,-0.536545,-0.301556,0.031090,0.013161
13.740440,-0.378614,0.589952,-0.532349,-0.310712,0.028801,0.013161
13.750492,-0.377089,0.591478,-0.529297,-0.317197,0.028420,0.013161
13.760544,-0.375181,0.594530,-0.525864,-0.326352,0.028420,0.013161
13.770597,-0.373655,0.595674,-0.522431,-0.332456,0.028420,0.013161
13.780650,-0.371748,0.596818,-0.517853,-0.340848,0.028038,0.013161
13.790701,-0.370222,0.597963,-0.514801,-0.346571,0.026513,0.013161
13.800751,-0.368696,0.599489,-0.509842,-0.354963,0.023842,0.013161
13.810805,-0.367933,0.600633,-0.506027,-0.359922,0.022698,0.013161
13.820968,-0.366789,0.601778,-0.500687,-0.368315,0.022316,0.013161
13.831019,-0.366407,0.602541,-0.497253,-0.373655,0.022316,0.013161
13.841072,-0.366026,0.603304,-0.493057,-0.378996,0.022316,0.013161
13.851123,-0.365263,0.604448,-0.486954,-0.387007,0.022316,0.013161
13.861175,-0.365263,0.604829,-0.483139,-0.391966,0.022316,0.013161
13.871227,-0.365263,0.604829,-0.476654,-0.398833,0.022316,0.013161
13.881279,-0.365263,0.604829,-0.472076,-0.403410,0.022316,0.013161
13.891327,-0.365263,0.604829,-0.465209,-0.409514,0.022316,0.013161
13.901377,-0.365263,0.604829,-0.460632,-0.413329,0.022316,0.013161
13.911445,-0.365263,0.604448,-0.453384,-0.418288,0.022316,0.013161
13.921506,-0.365263,0.604067,-0.449187,-0.421340,0.022316,0.013161
13.931568,-0.365644,0.602922,-0.441558,-0.425536,0.022316,0.013161
13.941627,-0.365644,0.602159,-0.436980,-0.428206,0.022316,0.013161
13.951689,-0.365644,0.599489,-0.429732,-0.431640,0.022316,0.013161
13.961741,-0.366026,0.598344,-0.425154,-0.433928,0.022316,0.013161
13.971792,-0.366407,0.596437,-0.417525,-0.436599,0.022698,0.013161
13.981845,-0.366789,0.594530,-0.412566,-0.438125,0.022698,0.013161
13.991898,-0.367933,0.591096,-0.405318,-0.440032,0.022698,0.013161
14.001949,-0.369078,0.588426,-0.399977,-0.440414,0.022698,0.013161
14.012014,-0.370603,0.584230,-0.392729,-0.441176,0.022698,0.013161
14.022067,-0.371366,0.580797,-0.387770,-0.441176,0.022698,0.013161
14.032118,-0.372511,0.575456,-0.380140,-0.441176,0.022698,0.013161
14.042171,-0.373274,0.571641,-0.375181,-0.441176,0.022698,0.013161
14.052280,-0.374800,0.565919,-0.367170,-0.441176,0.023079,0.004005
14.062332,-0.375944,0.560960,-0.362211,-0.440795,0.023461,0.004005
14.072384,-0.377089,0.556382,-0.357252,-0.440795,0.024987,0.004005
14.082438,-0.378996,0.548753,-0.349622,-0.440795,0.027657,0.004005
14.092501,-0.381666,0.543030,-0.344663,-0.440795,0.030327,0.004005
14.102565,-0.384718,0.534638,-0.337415,-0.440795,0.034905,0.004005
14.112628,-0.387388,0.528534,-0.332456,-0.440414,0.038338,0.004005
14.122691,-0.391203,0.518235,-0.325208,-0.438506,0.043679,0.008202
14.132754,-0.394636,0.510986,-0.321012,-0.437362,0.047494,0.008202
14.142818,-0.399214,0.499924,-0.314527,-0.434691,0.054742,0.008202
14.152879,-0.402647,0.492676,-0.310712,-0.432021,0.059701,0.008202
14.162942,-0.408751,0.480468,-0.304608,-0.428206,0.066949,0.008202
14.173005,-0.412947,0.472457,-0.301556,-0.424773,0.072290,0.008202
14.183066,-0.419432,0.459487,-0.296597,-0.419051,0.080301,0.008202
14.193129,-0.424010,0.451095,-0.293545,-0.414473,0.086404,0.008202
14.203193,-0.431258,0.437743,-0.289731,-0.407225,0.094415,0.008202
14.213260,-0.436599,0.428969,-0.287442,-0.401503,0.099374,0.008202
14.223324,-0.444228,0.415618,-0.283627,-0.391966,0.107767,0.008202
14.233349,-0.449950,0.406462,-0.281338,-0.385481,0.113870,0.008202
14.243401,-0.458343,0.392729,-0.278668,-0.375944,0.122644,0.008202
14.253453,-0.464446,0.382429,-0.277142,-0.368696,0.128748,0.008202
14.263584,-0.473602,0.367933,-0.274853,-0.357252,0.139048,0.008202
14.273636,-0.480087,0.358396,-0.274090,-0.350004,0.145151,0.008202
14.283688,-0.486954,0.349241,-0.272946,-0.342374,0.150874,0.008202
14.293741,-0.497253,0.335508,-0.271801,-0.330930,0.160410,0.008202
14.303796,-0.504501,0.326352,-0.271420,-0.322538,0.167659,0.008202
14.313851,-0.515564,0.313001,-0.271038,-0.310712,0.179103,0.008202
14.323903,-0.523194,0.304608,-0.270657,-0.302701,0.186732,0.008202
14.333955,-0.534638,0.292020,-0.270275,-0.290494,0.198939,0.008202
14.344007,-0.542649,0.284009,-0.270275,-0.282483,0.206569,0.008202
14.354059,-0.554475,0.272183,-0.270275,-0.270657,0.218013,0.008202
14.364111,-0.562867,0.264935,-0.270275,-0.262646,0.226024,0.008202
14.374165,-0.575456,0.254253,-0.270275,-0.251202,0.237469,0.008202
14.384218,-0.583848,0.247387,-0.270657,-0.243572,0.245861,0.008202
14.394270,-0.596437,0.237469,-0.270657,-0.232891,0.259213,0.019265
14.404322,-0.604829,0.231365,-0.270657,-0.226024,0.267224,0.019265
14.414367,-0.617800,0.223354,-0.271420,-0.215724,0.280575,0.019265
14.424428,-0.626574,0.217632,-0.271420,-0.208858,0.288586,0.019265
14.434488,-0.639544,0.210765,-0.271801,-0.198939,0.301556,0.082208
14.444549,-0.648699,0.206188,-0.272183,-0.192836,0.309949,0.082208
14.454601,-0.661669,0.200084,-0.273709,-0.183680,0.322156,0.082208
14.464662,-0.670062,0.197032,-0.274472,-0.177577,0.329786,0.082208
14.474726,-0.678454,0.193599,-0.275616,-0.171473,0.337797,0.082208
14.484788,-0.691424,0.190166,-0.277523,-0.162318,0.350004,0.082208
14.494849,-0.700198,0.188258,-0.279431,-0.156596,0.358015,0.082208
14.504913,-0.712406,0.185969,-0.282483,-0.148203,0.369841,0.082208
14.514965,-0.720417,0.184062,-0.284390,-0.142863,0.377089,0.082208
14.525015,-0.732624,0.182155,-0.287823,-0.135615,0.387007,0.082208
14.535065,-0.739872,0.181773,-0.290112,-0.131037,0.393492,0.082208
14.545114,-0.751316,0.181392,-0.293927,-0.124552,0.403792,0.082208
14.555165,-0.758564,0.181010,-0.296597,-0.120356,0.411040,0.082208
14.565215,-0.768482,0.181392,-0.301175,-0.114252,0.420577,0.082208
14.575277,-0.774968,0.181392,-0.304990,-0.110437,0.425536,0.082208
14.585329,-0.783742,0.182155,-0.309949,-0.105097,0.432021,0.082208
14.595379,-0.789464,0.182536,-0.313382,-0.101663,0.435073,0.082208
14.605432,-0.796712,0.183299,-0.319104,-0.096704,0.438506,0.082208
14.615484,-0.800908,0.184062,-0.322919,-0.093652,0.440032,0.082208
14.625534,-0.806249,0.185206,-0.328641,-0.089456,0.443084,0.082208
14.635585,-0.809300,0.186351,-0.333219,-0.087549,0.444610,0.082208
14.645634,-0.812352,0.188640,-0.339322,-0.084115,0.446517,0.082208
14.655685,-0.814260,0.190929,-0.344282,-0.082208,0.446899,0.082208
14.665746,-0.816930,0.193980,-0.351148,-0.079156,0.446517,0.082208
14.675808,-0.818074,0.196269,-0.356107,-0.077630,0.446517,0.082208
14.685870,-0.818074,0.200084,-0.363355,-0.075723,0.446517,0.082208
14.695932,-0.817693,0.203899,-0.368696,-0.074960,0.446517,0.082208
14.706066,-0.816930,0.209239,-0.375944,-0.073053,0.446517,0.082208
14.716128,-0.816167,0.211528,-0.381285,-0.071908,0.446517,0.098230
14.726189,-0.815404,0.215724,-0.386625,-0.071145,0.446136,0.098230
14.736249,-0.813115,0.221447,-0.394636,-0.070001,0.446136,0.098230
14.746310,-0.811589,0.224880,-0.399977,-0.069619,0.446136,0.098230
14.756370,-0.808537,0.230983,-0.407607,-0.069619,0.444228,0.098230
14.766431,-0.805867,0.235561,-0.412184,-0.069619,0.442702,0.098230
14.776491,-0.801289,0.242046,-0.420577,-0.069238,0.439651,0.121500
14.786554,-0.797475,0.247005,-0.425154,-0.069238,0.437362,0.121500
14.796605,-0.790990,0.253491,-0.433165,-0.069238,0.430495,0.121500
14.806656,-0.786793,0.258068,-0.438125,-0.069238,0.425536,0.121500
14.816706,-0.778401,0.264553,-0.445754,-0.069238,0.417144,0.121500
14.826756,-0.773060,0.269131,-0.449950,-0.069238,0.410658,0.121500
14.836805,-0.764286,0.275998,-0.457580,-0.069238,0.399977,0.121500
14.846858,-0.757801,0.280575,-0.462158,-0.069238,0.391966,0.121500
14.856910,-0.747501,0.287442,-0.469024,-0.069238,0.379759,0.121500
14.866962,-0.740635,0.292020,-0.473602,-0.069238,0.370985,0.121500
14.877015,-0.730335,0.299268,-0.480468,-0.069238,0.357633,0.109674
14.887078,-0.723087,0.304227,-0.484283,-0.069238,0.348859,0.109674
14.897139,-0.712024,0.311093,-0.490387,-0.069238,0.334745,0.109674
14.907201,-0.704395,0.316052,-0.494583,-0.069238,0.325589,0.109674
14.917260,-0.693332,0.323301,-0.499924,-0.069238,0.312238,0.109674
14.927322,-0.685702,0.328260,-0.504120,-0.069238,0.303464,0.109674
14.937434,-0.674640,0.335508,-0.509079,-0.069619,0.291257,0.109674
14.947495,-0.667010,0.340467,-0.512512,-0.069619,0.283627,0.083734
14.957555,-0.659762,0.345426,-0.515564,-0.070001,0.276379,0.083734
14.967616,-0.648699,0.352293,-0.520523,-0.070764,0.266461,0.083734
14.977676,-0.641070,0.357252,-0.523575,-0.070764,0.259594,0.083734
14.987739,-0.630388,0.364500,-0.527390,-0.071145,0.249294,0.083734
14.997803,-0.622759,0.369078,-0.530442,-0.071527,0.242809,0.068093
15.007864,-0.612459,0.376326,-0.533875,-0.072671,0.234035,0.068093
15.017925,-0.605211,0.381285,-0.536164,-0.073434,0.228313,0.068093
15.027985,-0.594530,0.388533,-0.539597,-0.074960,0.219539,0.068093
15.038048,-0.587663,0.393492,-0.541886,-0.076104,0.213817,0.068093
15.048112,-0.577745,0.400359,-0.544175,-0.078393,0.205806,0.068093
15.058172,-0.571260,0.405699,-0.545319,-0.079919,0.200847,0.068093
15.068231,-0.561723,0.412566,-0.547608,-0.083352,0.193217,0.068093
15.078290,-0.555238,0.417525,-0.548753,-0.086023,0.187877,0.068093
15.088351,-0.546082,0.424392,-0.549897,-0.090219,0.181010,0.068093
15.098412,-0.540360,0.428969,-0.550660,-0.092889,0.177195,0.068093
15.108473,-0.531586,0.435836,-0.552186,-0.097086,0.169947,0.052834
15.118535,-0.526246,0.440414,-0.553330,-0.099756,0.164607,0.052834
15.128594,-0.518235,0.447662,-0.554475,-0.103952,0.157740,0.052834
15.138657,-0.513275,0.452239,-0.555238,-0.107004,0.153162,0.052834
15.148714,-0.505646,0.459106,-0.555619,-0.111963,0.145914,0.052834
15.158777,-0.500687,0.462921,-0.556001,-0.115396,0.140955,0.052834
15.168841,-0.495727,0.467498,-0.556001,-0.118830,0.136378,0.052834
15.178901,-0.488861,0.473602,-0.556001,-0.124933,0.129511,0.052834
15.188961,-0.484283,0.477798,-0.556001,-0.128748,0.125315,0.052834
15.199022,-0.478180,0.483902,-0.556001,-0.134852,0.118830,0.052834
15.209082,-0.473983,0.487335,-0.556001,-0.138666,0.114633,0.052834
15.219142,-0.467498,0.493439,-0.556001,-0.144388,0.108148,0.052834
15.229205,-0.464065,0.497253,-0.556001,-0.148203,0.103952,0.052834
15.239265,-0.458343,0.502976,-0.556001,-0.153925,0.099374,0.052834
15.249326,-0.454528,0.507172,-0.556001,-0.157740,0.096704,0.052834
15.259386,-0.449950,0.512131,-0.556001,-0.163844,0.091745,0.052834
15.269449,-0.446517,0.515564,-0.556001,-0.168040,0.088312,0.052834
15.279509,-0.441176,0.521286,-0.555619,-0.174144,0.082971,0.052834
15.289571,-0.438888,0.523957,-0.555619,-0.178340,0.080301,0.052834
15.299630,-0.433928,0.529297,-0.555619,-0.184443,0.077249,0.052834
15.309694,-0.431258,0.532731,-0.555619,-0.188640,0.074578,0.052834
15.319756,-0.427443,0.536545,-0.555238,-0.194743,0.070764,0.052834
15.329818,-0.424773,0.539979,-0.555238,-0.198558,0.068475,0.052834
15.339880,-0.420577,0.544556,-0.554856,-0.204662,0.064660,0.052834
15.349940,-0.418288,0.546845,-0.554475,-0.208858,0.062371,0.052834
15.360010,-0.414855,0.549897,-0.554093,-0.214961,0.059319,0.052834
15.370070,-0.412566,0.552567,-0.554093,-0.219158,0.058175,0.052834
15.380132,-0.410277,0.555619,-0.553712,-0.223354,0.057031,0.052834
15.390193,-0.407225,0.559052,-0.553330,-0.229458,0.055505,0.052834
15.400254,-0.405699,0.560960,-0.552949,-0.233272,0.054360,0.052834
15.410315,-0.403410,0.564012,-0.552567,-0.239757,0.054360,0.052834
15.420376,-0.401503,0.566300,-0.552186,-0.243954,0.054360,0.052834
15.430435,-0.398833,0.570115,-0.551423,-0.250439,0.052453,0.052834
15.440498,-0.397307,0.571260,-0.551041,-0.255016,0.050927,0.052834
15.450548,-0.394255,0.572786,-0.549897,-0.261120,0.049783,0.052834
15.460597,-0.392729,0.574311,-0.549134,-0.264935,0.047494,0.052834
15.470647,-0.390822,0.577363,-0.547227,-0.271420,0.044442,0.052834
15.480698,-0.389296,0.579271,-0.546464,-0.275235,0.043297,0.052834
15.490756,-0.387770,0.581941,-0.544175,-0.280957,0.039864,0.052834
15.500819,-0.386244,0.582704,-0.543030,-0.284771,0.037194,0.052834
15.510881,-0.383955,0.583085,-0.540742,-0.290112,0.034905,0.052834
15.520933,-0.382811,0.583467,-0.539216,-0.293927,0.032998,0.052834
15.530983,-0.381285,0.584230,-0.536927,-0.298505,0.029183,0.052834
15.541044,-0.380140,0.584993,-0.535019,-0.301556,0.028038,0.052834
15.551108,-0.378996,0.586900,-0.531968,-0.306516,0.026131,0.052834
15.561173,-0.378614,0.588808,-0.530060,-0.309949,0.025368,0.052834
15.571226,-0.377470,0.590333,-0.527771,-0.314908,0.024987,0.052834
15.581278,-0.377089,0.591096,-0.525864,-0.317960,0.025368,0.052834
15.591331,-0.376326,0.592622,-0.523194,-0.322156,0.024987,0.052834
15.601382,-0.375563,0.593385,-0.521668,-0.324826,0.024605,0.052834
15.611443,-0.375181,0.593767,-0.520142,-0.327878,0.023461,0.052834
15.621503,-0.374418,0.594530,-0.517090,-0.331693,0.022316,0.052834
15.631566,-0.373274,0.594911,-0.515564,-0.334363,0.022316,0.052834
15.641629,-0.372129,0.594911,-0.513275,-0.337797,0.022316,0.052834
15.651689,-0.371366,0.595293,-0.510986,-0.339704,0.022316,0.052834
15.661751,-0.369841,0.596056,-0.507935,-0.342374,0.022316,0.052834
15.671811,-0.369459,0.597200,-0.506027,-0.344663,0.022316,0.052834
15.681872,-0.369078,0.597963,-0.503357,-0.347715,0.022316,0.052834
15.691925,-0.368696,0.598726,-0.501450,-0.349622,0.022316,0.052834
15.701974,-0.368696,0.599870,-0.498398,-0.352293,0.022316,0.052834
15.712024,-0.368696,0.601015,-0.496490,-0.353819,0.022316,0.052834
15.722073,-0.368315,0.602159,-0.493439,-0.356489,0.022316,0.052834
15.732133,-0.368315,0.603304,-0.491913,-0.358396,0.021935,0.052834
15.742197,-0.368315,0.605211,-0.489242,-0.361067,0.021935,0.052834
15.752261,-0.368315,0.605592,-0.486954,-0.362593,0.021935,0.052834
15.762321,-0.368315,0.605592,-0.484283,-0.364881,0.021935,0.052834
15.772383,-0.368315,0.605592,-0.482757,-0.366789,0.021935,0.052834
15.782442,-0.368315,0.605592,-0.479706,-0.369459,0.021935,0.033761
15.792505,-0.368315,0.605974,-0.478180,-0.370985,0.021935,0.033761
15.802560,-0.368315,0.606355,-0.475509,-0.372892,0.022316,0.033761
15.812610,-0.367933,0.606355,-0.473602,-0.373655,0.022316,0.033761
15.822757,-0.367933,0.606737,-0.470932,-0.374800,0.021935,0.033761
15.832819,-0.367933,0.606737,-0.469406,-0.375563,0.021553,0.033761
15.842878,-0.367933,0.606737,-0.467880,-0.376326,0.021553,0.033761
15.852940,-0.367933,0.606737,-0.465209,-0.377852,0.021935,0.033761
15.863001,-0.367552,0.606737,-0.464065,-0.378996,0.021935,0.033761
15.873064,-0.367552,0.606737,-0.461395,-0.380140,0.021935,0.033761
15.883123,-0.367552,0.606737,-0.459487,-0.381666,0.021935,0.033761
15.893185,-0.367552,0.606737,-0.457961,-0.383192,0.021935,0.033761
15.903246,-0.367552,0.606737,-0.456435,-0.384718,0.021935,0.033761
15.913307,-0.367552,0.606355,-0.454528,-0.386625,0.021935,0.033761
15.923370,-0.367552,0.605974,-0.453384,-0.387388,0.021935,0.033761
15.933431,-0.367552,0.605974,-0.452239,-0.387770,0.021935,0.033761
15.943492,-0.367552,0.605974,-0.451476,-0.387770,0.021935,0.033761
15.953552,-0.367552,0.605974,-0.450713,-0.387770,0.021935,0.033761
15.963614,-0.367552,0.605974,-0.450332,-0.387770,0.021935,0.033761
15.973671,-0.367552,0.605974,-0.449569,-0.387770,0.021935,0.002861
15.983735,-0.367170,0.605974,-0.449187,-0.387770,0.021935,0.002861
15.993796,-0.367170,0.605974,-0.448425,-0.387770,0.021935,0.002861
