t,px,py,pz,qw,qx,qy,qz
0.000000,0.142301,-0.050288,0.296970,0.980484,-0.018109,-0.092436,-0.172564
0.010054,0.142301,-0.050288,0.296970,0.980484,-0.018109,-0.092436,-0.172564
0.020107,0.142301,-0.050288,0.296970,0.980484,-0.018109,-0.092436,-0.172564
0.030159,0.142301,-0.050288,0.296970,0.980484,-0.018109,-0.092436,-0.172564
0.040210,0.142301,-0.050288,0.296970,0.980484,-0.018109,-0.092436,-0.172564
0.050261,0.142301,-0.050288,0.296970,0.980484,-0.018109,-0.092436,-0.172564
0.060312,0.142301,-0.050288,0.296970,0.980484,-0.018109,-0.092436,-0.172564
0.070365,0.142301,-0.050288,0.296970,0.980484,-0.018109,-0.092436,-0.172564
0.080416,0.142301,-0.050288,0.296970,0.980484,-0.018109,-0.092436,-0.172564
0.090468,0.142301,-0.050288,0.296970,0.980484,-0.018109,-0.092436,-0.172564
0.100520,0.142301,-0.050288,0.296970,0.980484,-0.018109,-0.092436,-0.172564
0.110573,0.142301,-0.050288,0.296970,0.980484,-0.018109,-0.092436,-0.172564
0.120625,0.142301,-0.050288,0.296970,0.980484,-0.018109,-0.092436,-0.172564
0.130677,0.142301,-0.050288,0.296970,0.980484,-0.018109,-0.092436,-0.172564
0.140730,0.142301,-0.050288,0.296970,0.980484,-0.018109,-0.092436,-0.172564
0.150782,0.142301,-0.050288,0.296970,0.980484,-0.018109,-0.092436,-0.172564
0.160833,0.142301,-0.050288,0.296970,0.980484,-0.018109,-0.092436,-0.172564
0.170885,0.142301,-0.050288,0.296970,0.980484,-0.018109,-0.092436,-0.172564
0.180938,0.142301,-0.050288,0.296970,0.980484,-0.018109,-0.092436,-0.172564
0.190961,0.142301,-0.050288,0.296970,0.980484,-0.018109,-0.092436,-0.172564
0.201015,0.142301,-0.050288,0.296970,0.980484,-0.018109,-0.092436,-0.172564
0.211067,0.142301,-0.050288,0.296970,0.980484,-0.018109,-0.092436,-0.172564
0.221119,0.142301,-0.050288,0.296970,0.980484,-0.018109,-0.092436,-0.172564
0.231172,0.142301,-0.050288,0.296970,0.980484,-0.018109,-0.092436,-0.172564
0.241227,0.142301,-0.050288,0.296970,0.980484,-0.018109,-0.092436,-0.172564
0.251280,0.142301,-0.050288,0.296970,0.980484,-0.018109,-0.092436,-0.172564
0.261332,0.142301,-0.050288,0.296970,0.980484,-0.018109,-0.092436,-0.172564
0.271385,0.142301,-0.050288,0.296970,0.980484,-0.018109,-0.092436,-0.172564
0.281437,0.142301,-0.050288,0.296970,0.980484,-0.018109,-0.092436,-0.172564
0.291489,0.142301,-0.050288,0.296970,0.980484,-0.018109,-0.092436,-0.172564
0.301540,0.142301,-0.050288,0.296970,0.980484,-0.018109,-0.092436,-0.172564
0.311592,0.142301,-0.050288,0.296970,0.980484,-0.018109,-0.092436,-0.172564
0.321643,0.142301,-0.050288,0.296970,0.980484,-0.018109,-0.092436,-0.172564
0.331695,0.142301,-0.050288,0.296970,0.980484,-0.018109,-0.092436,-0.172564
0.341747,0.142301,-0.050288,0.296970,0.980484,-0.018109,-0.092436,-0.172564
0.351798,0.142301,-0.050288,0.296970,0.980484,-0.018109,-0.092436,-0.172564
0.361851,0.142301,-0.050288,0.296970,0.980484,-0.018109,-0.092436,-0.172564
0.371903,0.142301,-0.050288,0.296970,0.980484,-0.018109,-0.092436,-0.172564
0.381954,0.142301,-0.050288,0.296970,0.980484,-0.018109,-0.092436,-0.172564
0.391961,0.142301,-0.050288,0.296970,0.980484,-0.018109,-0.092436,-0.172564
0.401975,0.142301,-0.050288,0.296970,0.980484,-0.018109,-0.092436,-0.172564
0.412027,0.142301,-0.050288,0.296970,0.980484,-0.018109,-0.092436,-0.172564
0.422079,0.142301,-0.050288,0.296970,0.980484,-0.018109,-0.092436,-0.172564
0.432131,0.142301,-0.050288,0.296970,0.980484,-0.018109,-0.092436,-0.172564
0.442184,0.142301,-0.050288,0.296970,0.980484,-0.018109,-0.092436,-0.172564
0.452235,0.142301,-0.050288,0.296970,0.980484,-0.018109,-0.092436,-0.172564
0.462288,0.142301,-0.050288,0.296970,0.980484,-0.018109,-0.092436,-0.172564
0.472340,0.142301,-0.050288,0.296970,0.980484,-0.018109,-0.092436,-0.172564
0.482392,0.142301,-0.050288,0.296970,0.980484,-0.018109,-0.092436,-0.172564
0.492443,0.142301,-0.050288,0.296970,0.980484,-0.018109,-0.092436,-0.172564
0.502495,0.142301,-0.050288,0.296970,0.980484,-0.018109,-0.092436,-0.172564
0.512546,0.142301,-0.050288,0.296970,0.980484,-0.018109,-0.092436,-0.172564
0.522597,0.142301,-0.050288,0.296970,0.980484,-0.018109,-0.092436,-0.172564
0.532649,0.142301,-0.050288,0.296970,0.980484,-0.018109,-0.092436,-0.172564
0.542714,0.142301,-0.050288,0.296970,0.980484,-0.018109,-0.092436,-0.172564
0.552777,0.142301,-0.050288,0.296970,0.980484,-0.018109,-0.092436,-0.172564
0.562838,0.142301,-0.050288,0.296970,0.980484,-0.018109,-0.092436,-0.172564
0.572891,0.142301,-0.050288,0.296970,0.980484,-0.018109,-0.092436,-0.172564
0.582944,0.142301,-0.050288,0.296970,0.980484,-0.018109,-0.092436,-0.172564
0.592961,0.142301,-0.050288,0.296970,0.980484,-0.018109,-0.092436,-0.172564
0.603015,0.142301,-0.050288,0.296970,0.980484,-0.018109,-0.092436,-0.172564
0.613067,0.142301,-0.050288,0.296970,0.980484,-0.018109,-0.092436,-0.172564
0.623122,0.142301,-0.050288,0.296970,0.980484,-0.018109,-0.092436,-0.172564
0.633175,0.142301,-0.050288,0.296970,0.980484,-0.018109,-0.092436,-0.172564
0.643228,0.142301,-0.050288,0.296970,0.980484,-0.018109,-0.092436,-0.172564
0.653280,0.142301,-0.050288,0.296970,0.980484,-0.018109,-0.092436,-0.172564
0.663334,0.142301,-0.050288,0.296970,0.980484,-0.018109,-0.092436,-0.172564
0.673387,0.142301,-0.050288,0.296970,0.980484,-0.018109,-0.092436,-0.172564
0.683440,0.142301,-0.050288,0.296970,0.980484,-0.018109,-0.092436,-0.172564
0.693493,0.142301,-0.050288,0.296970,0.980484,-0.018109,-0.092436,-0.172564
0.703546,0.142301,-0.050288,0.296970,0.980484,-0.018109,-0.092436,-0.172564
0.713601,0.142301,-0.050288,0.296970,0.980484,-0.018109,-0.092436,-0.172564
0.723655,0.142301,-0.050288,0.296970,0.980484,-0.018109,-0.092436,-0.172564
0.733705,0.142301,-0.050288,0.296970,0.980484,-0.018109,-0.092436,-0.172564
0.743766,0.142301,-0.050288,0.296970,0.980484,-0.018109,-0.092436,-0.172564
0.753829,0.142301,-0.050288,0.296970,0.980484,-0.018109,-0.092436,-0.172564
0.763887,0.142301,-0.050288,0.296970,0.980484,-0.018109,-0.092436,-0.172564
0.773946,0.142301,-0.050288,0.296970,0.980484,-0.018109,-0.092436,-0.172564
0.783972,0.142301,-0.050288,0.296970,0.980484,-0.018109,-0.092436,-0.172564
0.794034,0.142301,-0.050288,0.296970,0.980484,-0.018109,-0.092436,-0.172564
0.804091,0.142301,-0.050288,0.296970,0.980484,-0.018109,-0.092436,-0.172564
0.814144,0.142301,-0.050288,0.296970,0.980484,-0.018109,-0.092436,-0.172564
0.824197,0.142301,-0.050288,0.296970,0.980484,-0.018109,-0.092436,-0.172564
0.834250,0.142301,-0.050288,0.296970,0.980484,-0.018109,-0.092436,-0.172564
0.844301,0.142301,-0.050288,0.296970,0.980484,-0.018109,-0.092436,-0.172564
0.854362,0.142301,-0.050288,0.296970,0.980484,-0.018109,-0.092436,-0.172564
0.864421,0.142301,-0.050288,0.296970,0.980484,-0.018109,-0.092436,-0.172564
0.874483,0.142301,-0.050288,0.296970,0.980484,-0.018109,-0.092436,-0.172564
0.884536,0.142291,-0.050284,0.297103,0.980466,-0.018140,-0.092623,-0.172561
0.894588,0.142291,-0.050284,0.297103,0.980466,-0.018140,-0.092623,-0.172561
0.904649,0.142291,-0.050284,0.297103,0.980466,-0.018140,-0.092623,-0.172561
0.914704,0.142281,-0.050281,0.297236,0.980449,-0.018171,-0.092811,-0.172559
0.924756,0.142281,-0.050281,0.297236,0.980449,-0.018171,-0.092811,-0.172559
0.934808,0.142281,-0.050281,0.297236,0.980449,-0.018171,-0.092811,-0.172559
0.944860,0.142270,-0.050277,0.297368,0.980431,-0.018202,-0.092998,-0.172556
0.954927,0.142260,-0.050273,0.297501,0.980413,-0.018233,-0.093185,-0.172553
0.964961,0.142249,-0.050270,0.297634,0.980395,-0.018264,-0.093373,-0.172551
0.975013,0.142249,-0.050270,0.297634,0.980395,-0.018264,-0.093373,-0.172551
0.985065,0.142249,-0.050270,0.297634,0.980395,-0.018264,-0.093373,-0.172551
0.995117,0.142239,-0.050266,0.297766,0.980377,-0.018295,-0.093560,-0.172548
1.005168,0.142239,-0.050266,0.297766,0.980377,-0.018295,-0.093560,-0.172548
1.015220,0.142228,-0.050262,0.297899,0.980359,-0.018326,-0.093747,-0.172546
1.025291,0.142218,-0.050259,0.298032,0.980341,-0.018357,-0.093935,-0.172543
1.035343,0.142218,-0.050259,0.298032,0.980341,-0.018357,-0.093935,-0.172543
1.045395,0.142207,-0.050255,0.298164,0.980323,-0.018388,-0.094122,-0.172540
1.055446,0.142196,-0.050251,0.298297,0.980305,-0.018419,-0.094309,-0.172538
1.065495,0.142186,-0.050247,0.298430,0.980287,-0.018450,-0.094497,-0.172535
1.075545,0.142175,-0.050244,0.298562,0.980268,-0.018481,-0.094684,-0.172532
1.085597,0.142164,-0.050240,0.298695,0.980250,-0.018512,-0.094871,-0.172530
1.095649,0.142142,-0.050232,0.298960,0.980214,-0.018574,-0.095246,-0.172524
1.105701,0.142131,-0.050228,0.299093,0.980195,-0.018605,-0.095433,-0.172522
1.115752,0.142185,-0.050247,0.299175,0.980195,-0.018605,-0.095433,-0.172522
1.125804,0.142163,-0.050239,0.299441,0.980158,-0.018667,-0.095808,-0.172516
1.135856,0.142130,-0.050228,0.299838,0.980103,-0.018760,-0.096369,-0.172508
1.145906,0.142107,-0.050220,0.300104,0.980066,-0.018822,-0.096744,-0.172503
1.155962,0.142073,-0.050208,0.300501,0.980010,-0.018915,-0.097306,-0.172494
1.166014,0.142050,-0.050200,0.300766,0.979972,-0.018977,-0.097680,-0.172489
1.176066,0.142015,-0.050187,0.301164,0.979916,-0.019070,-0.098242,-0.172481
1.186119,0.141992,-0.050179,0.301429,0.979878,-0.019132,-0.098616,-0.172475
1.196171,0.141944,-0.050162,0.301959,0.979802,-0.019255,-0.099365,-0.172464
1.206226,0.141866,-0.050135,0.302141,0.979764,-0.019317,-0.099740,-0.172458
1.216289,0.141817,-0.050118,0.302671,0.979687,-0.019441,-0.100489,-0.172447
1.226352,0.141792,-0.050109,0.302936,0.979648,-0.019503,-0.100863,-0.172441
1.236406,0.141767,-0.050100,0.303201,0.979609,-0.019565,-0.101237,-0.172435
1.246460,0.141742,-0.050091,0.303466,0.979570,-0.019627,-0.101612,-0.172429
1.256512,0.141730,-0.050087,0.303599,0.979551,-0.019658,-0.101799,-0.172427
1.266564,0.141746,-0.050093,0.304079,0.979492,-0.019751,-0.102360,-0.172418
1.276617,0.141720,-0.050084,0.304344,0.979452,-0.019813,-0.102735,-0.172412
1.286668,0.141668,-0.050065,0.304873,0.979373,-0.019937,-0.103483,-0.172400
1.296721,0.141623,-0.050110,0.305138,0.979301,-0.020018,-0.103854,-0.172581
1.306776,0.141597,-0.050101,0.305403,0.979261,-0.020080,-0.104228,-0.172575
1.316828,0.141570,-0.050092,0.305668,0.979220,-0.020142,-0.104602,-0.172569
1.326880,0.141530,-0.050077,0.306065,0.979160,-0.020235,-0.105163,-0.172560
1.336944,0.141430,-0.050103,0.306247,0.979087,-0.020317,-0.105534,-0.172741
1.346975,0.141402,-0.050093,0.306511,0.979046,-0.020379,-0.105908,-0.172735
1.357031,0.141361,-0.050079,0.306908,0.978985,-0.020472,-0.106469,-0.172725
1.367084,0.141333,-0.050069,0.307173,0.978944,-0.020534,-0.106843,-0.172719
1.377137,0.141286,-0.050113,0.307437,0.978870,-0.020617,-0.107213,-0.172900
1.387189,0.141239,-0.050157,0.307702,0.978795,-0.020700,-0.107583,-0.173080
1.397241,0.141192,-0.050201,0.307967,0.978721,-0.020782,-0.107953,-0.173261
1.407296,0.141111,-0.050293,0.308363,0.978593,-0.020917,-0.108506,-0.173625
1.417349,0.141066,-0.050329,0.308628,0.978551,-0.021021,-0.108873,-0.173618
1.427404,0.140977,-0.050418,0.309121,0.978421,-0.021157,-0.109426,-0.173982
1.437465,0.140909,-0.050515,0.309385,0.978313,-0.021261,-0.109792,-0.174349
1.447522,0.140807,-0.050661,0.309782,0.978150,-0.021419,-0.110341,-0.174899
1.457582,0.140739,-0.050758,0.310046,0.978040,-0.021524,-0.110706,-0.175265
1.467640,0.140675,-0.050795,0.310442,0.977943,-0.021640,-0.111263,-0.175442
1.477693,0.140659,-0.050790,0.310575,0.977922,-0.021671,-0.111449,-0.175439
1.487751,0.140625,-0.050838,0.310707,0.977867,-0.021724,-0.111632,-0.175622
1.497812,0.140525,-0.050802,0.311020,0.977802,-0.021819,-0.112193,-0.175612
1.507866,0.140425,-0.050766,0.311334,0.977737,-0.021914,-0.112753,-0.175602
1.517926,0.140325,-0.050730,0.311647,0.977672,-0.022009,-0.113314,-0.175592
1.527965,0.140325,-0.050730,0.311707,0.977694,-0.021977,-0.113127,-0.175595
1.538025,0.140318,-0.050727,0.311863,0.977716,-0.021946,-0.112940,-0.175599
1.548086,0.140233,-0.050697,0.312104,0.977694,-0.021977,-0.113127,-0.175595
1.558148,0.140194,-0.050683,0.312523,0.977672,-0.022009,-0.113314,-0.175592
1.568211,0.140186,-0.050680,0.312619,0.977672,-0.022009,-0.113314,-0.175592
1.578276,0.140122,-0.050657,0.313207,0.977607,-0.022104,-0.113874,-0.175582
1.588328,0.140105,-0.050651,0.313399,0.977607,-0.022104,-0.113874,-0.175582
1.598391,0.140089,-0.050645,0.313650,0.977629,-0.022072,-0.113687,-0.175585
1.608451,0.140072,-0.050639,0.313901,0.977651,-0.022040,-0.113500,-0.175589
1.618511,0.140055,-0.050633,0.314153,0.977672,-0.022009,-0.113314,-0.175592
1.628572,0.140046,-0.050629,0.314308,0.977694,-0.021977,-0.113127,-0.175595
1.638631,0.140003,-0.050614,0.314727,0.977672,-0.022009,-0.113314,-0.175592
1.648690,0.139940,-0.050591,0.314800,0.977694,-0.021977,-0.113127,-0.175595
1.658750,0.139930,-0.050588,0.315015,0.977737,-0.021914,-0.112753,-0.175602
1.668810,0.139920,-0.050584,0.315170,0.977759,-0.021882,-0.112566,-0.175605
1.678871,0.139803,-0.050602,0.315506,0.977704,-0.021935,-0.112749,-0.175789
1.688931,0.139793,-0.050599,0.315662,0.977726,-0.021904,-0.112562,-0.175792
1.698990,0.139781,-0.050594,0.315876,0.977769,-0.021840,-0.112189,-0.175799
1.709051,0.139761,-0.050587,0.316127,0.977790,-0.021809,-0.112002,-0.175802
1.719112,0.139670,-0.050554,0.316427,0.977790,-0.021809,-0.112002,-0.175802
1.729172,0.139659,-0.050550,0.316582,0.977812,-0.021777,-0.111815,-0.175805
1.739232,0.139638,-0.050543,0.316833,0.977833,-0.021745,-0.111628,-0.175809
1.749292,0.139609,-0.050532,0.317120,0.977833,-0.021745,-0.111628,-0.175809
1.759351,0.139597,-0.050528,0.317275,0.977855,-0.021714,-0.111441,-0.175812
1.769412,0.139541,-0.050559,0.317658,0.977854,-0.021756,-0.111434,-0.175812
1.779473,0.139520,-0.050611,0.317717,0.977842,-0.021746,-0.111243,-0.176002
1.789535,0.139498,-0.050603,0.317968,0.977864,-0.021714,-0.111056,-0.176005
1.799596,0.139466,-0.050652,0.318123,0.977851,-0.021704,-0.110865,-0.176195
1.809656,0.139360,-0.050674,0.318386,0.977839,-0.021693,-0.110674,-0.176385
1.819716,0.139332,-0.050654,0.318673,0.977873,-0.021714,-0.110671,-0.176198
1.829774,0.139205,-0.050700,0.319032,0.977927,-0.021788,-0.110467,-0.176015
1.839836,0.139203,-0.050711,0.319114,0.978124,-0.021819,-0.109887,-0.175278
1.849896,0.139097,-0.050777,0.319305,0.978353,-0.021953,-0.109289,-0.174355
1.859957,0.138998,-0.050804,0.319472,0.978506,-0.022087,-0.109075,-0.173611
1.870017,0.138820,-0.050814,0.319747,0.978789,-0.022347,-0.108840,-0.172121
1.880076,0.138654,-0.050796,0.319963,0.978985,-0.022556,-0.108805,-0.171001
1.890139,0.138393,-0.050775,0.320323,0.979222,-0.022883,-0.108943,-0.169503
1.900198,0.138231,-0.050828,0.320370,0.979393,-0.023023,-0.108533,-0.168762
1.910260,0.138005,-0.050979,0.320608,0.979657,-0.023347,-0.108090,-0.167460
1.920320,0.137841,-0.050971,0.320787,0.979837,-0.023499,-0.107871,-0.166529
1.930379,0.137646,-0.051010,0.321060,0.979983,-0.023669,-0.107647,-0.165784
1.940440,0.137556,-0.051027,0.321191,0.980025,-0.023638,-0.107267,-0.165790
1.950500,0.137362,-0.051023,0.321560,0.979982,-0.023602,-0.107080,-0.166167
1.960559,0.137123,-0.050993,0.321786,0.979951,-0.023623,-0.107075,-0.166353
1.970622,0.136824,-0.050881,0.322119,0.979955,-0.023436,-0.107107,-0.166333
1.980683,0.136649,-0.050874,0.322333,0.979923,-0.023456,-0.107102,-0.166520
1.990744,0.136503,-0.050810,0.322511,0.979976,-0.023441,-0.106913,-0.166336
2.000803,0.136268,-0.050721,0.322831,0.979976,-0.023441,-0.106913,-0.166336
2.010862,0.136038,-0.050694,0.322961,0.979944,-0.023461,-0.106908,-0.166523
2.020924,0.135715,-0.050572,0.323423,0.979923,-0.023497,-0.107094,-0.166520
2.030986,0.135485,-0.050544,0.323552,0.979892,-0.023518,-0.107090,-0.166707
2.041045,0.135188,-0.050608,0.323871,0.979796,-0.023579,-0.107076,-0.167268
2.051105,0.134938,-0.050631,0.323999,0.979732,-0.023620,-0.107067,-0.167641
2.061165,0.134574,-0.050669,0.324328,0.979636,-0.023681,-0.107054,-0.168202
2.071226,0.134204,-0.050694,0.324693,0.979551,-0.023800,-0.107223,-0.168572
2.081285,0.133857,-0.050835,0.325105,0.979454,-0.023943,-0.107193,-0.169133
2.091345,0.133607,-0.051002,0.325338,0.979431,-0.024033,-0.106787,-0.169513
2.101406,0.133363,-0.051152,0.325571,0.979471,-0.024162,-0.106374,-0.169519
2.111465,0.133126,-0.051235,0.325877,0.979374,-0.024223,-0.106360,-0.170079
2.121526,0.132703,-0.051312,0.326371,0.979170,-0.024359,-0.106717,-0.171007
2.131588,0.132356,-0.051351,0.326543,0.979052,-0.024458,-0.106889,-0.171564
2.141648,0.131992,-0.051440,0.327061,0.978858,-0.024654,-0.107427,-0.172302
2.151710,0.131792,-0.051535,0.327140,0.978780,-0.024677,-0.107228,-0.172865
2.161770,0.131469,-0.051629,0.327454,0.978681,-0.024779,-0.107205,-0.173425
2.171830,0.131128,-0.051696,0.327876,0.978585,-0.025039,-0.107732,-0.173602
2.181891,0.130581,-0.051688,0.328327,0.978621,-0.025424,-0.108233,-0.173032
2.191951,0.130373,-0.051720,0.328535,0.978719,-0.025611,-0.108195,-0.172472
2.202010,0.130025,-0.051742,0.329072,0.978632,-0.025733,-0.108362,-0.172842
2.212070,0.129819,-0.051793,0.329244,0.978521,-0.025693,-0.108175,-0.173592
2.222130,0.129439,-0.051811,0.329564,0.978422,-0.025755,-0.108160,-0.174152
2.232190,0.129167,-0.051805,0.329781,0.978388,-0.025817,-0.108146,-0.174338
2.242282,0.128703,-0.051788,0.330182,0.978247,-0.025959,-0.108502,-0.174892
2.252344,0.128504,-0.051811,0.330352,0.978234,-0.025981,-0.108303,-0.175082
2.262403,0.128232,-0.051746,0.330662,0.978234,-0.026023,-0.108294,-0.175082
2.272465,0.127760,-0.051760,0.331024,0.978146,-0.026187,-0.108451,-0.175451
2.282527,0.127389,-0.051786,0.331247,0.978179,-0.026374,-0.108411,-0.175265
2.292587,0.126901,-0.051826,0.331607,0.978290,-0.026748,-0.108525,-0.174515
2.302649,0.126613,-0.051837,0.331820,0.978323,-0.026893,-0.108493,-0.174328
2.312711,0.126228,-0.051883,0.332062,0.978298,-0.026935,-0.108094,-0.174708
2.322770,0.125802,-0.051939,0.332449,0.978089,-0.027080,-0.108447,-0.175634
2.332830,0.125493,-0.052004,0.332645,0.978118,-0.027099,-0.107859,-0.175830
2.342890,0.125200,-0.052019,0.332856,0.978118,-0.027223,-0.107831,-0.175830
2.352950,0.124724,-0.052029,0.333176,0.978184,-0.027471,-0.107775,-0.175457
2.363011,0.124249,-0.052047,0.333473,0.978175,-0.027784,-0.108092,-0.175264
2.373071,0.123746,-0.052039,0.333898,0.978344,-0.028309,-0.108557,-0.173948
2.383133,0.123498,-0.052011,0.333976,0.978562,-0.028515,-0.108316,-0.172831
2.393194,0.122885,-0.051879,0.334415,0.978662,-0.028918,-0.108806,-0.171888
2.403254,0.122490,-0.051909,0.334665,0.978575,-0.029088,-0.108959,-0.172258
2.413317,0.122012,-0.051882,0.335015,0.978553,-0.029299,-0.109103,-0.172254
2.423378,0.121688,-0.051820,0.335135,0.978586,-0.029404,-0.109078,-0.172068
2.433440,0.121022,-0.051798,0.335568,0.978521,-0.029791,-0.109568,-0.172058
2.443502,0.120678,-0.051926,0.335737,0.978509,-0.029976,-0.109326,-0.172247
2.453561,0.120279,-0.051923,0.336003,0.978693,-0.030244,-0.109066,-0.171317
2.463621,0.119883,-0.051851,0.336378,0.978748,-0.030526,-0.109387,-0.170750
2.473715,0.119373,-0.051890,0.336686,0.978747,-0.030777,-0.109322,-0.170750
2.483777,0.118983,-0.051867,0.336967,0.978639,-0.030955,-0.109667,-0.171117
2.493839,0.118688,-0.051896,0.337113,0.978519,-0.031065,-0.109832,-0.171674
2.503898,0.118043,-0.051971,0.337280,0.978300,-0.031281,-0.109969,-0.172790
2.513958,0.117629,-0.052076,0.337430,0.978180,-0.031518,-0.110101,-0.173347
2.524019,0.117127,-0.052035,0.337805,0.978234,-0.031889,-0.110397,-0.172780
2.534079,0.116879,-0.052067,0.337747,0.978376,-0.032024,-0.109970,-0.172227
2.544142,0.116220,-0.052159,0.337909,0.978189,-0.032305,-0.110089,-0.173156
2.554202,0.115836,-0.052193,0.338057,0.978035,-0.032438,-0.110247,-0.173899
2.564262,0.115234,-0.052177,0.338181,0.977869,-0.032543,-0.110216,-0.174832
2.574323,0.114714,-0.052303,0.338368,0.977591,-0.032790,-0.110538,-0.176130
2.584382,0.114175,-0.052345,0.338449,0.977478,-0.032909,-0.110307,-0.176880
2.594444,0.113919,-0.052415,0.338352,0.977475,-0.032884,-0.109723,-0.177263
2.604503,0.113266,-0.052474,0.338507,0.977351,-0.033208,-0.109829,-0.177818
2.614563,0.112881,-0.052512,0.338613,0.977317,-0.033397,-0.109776,-0.178005
2.624625,0.112324,-0.052573,0.338689,0.977371,-0.033703,-0.109493,-0.177821
2.634686,0.111797,-0.052579,0.338781,0.977294,-0.034038,-0.109791,-0.178001
2.644745,0.111351,-0.052666,0.338723,0.977302,-0.034206,-0.109348,-0.178194
2.654805,0.111006,-0.052697,0.338698,0.977357,-0.034383,-0.109100,-0.178011
2.664865,0.110283,-0.052675,0.338883,0.977448,-0.034950,-0.109331,-0.177258
2.674924,0.110003,-0.052769,0.338780,0.977714,-0.035206,-0.108664,-0.176149
2.684984,0.109495,-0.052696,0.338847,0.978101,-0.035672,-0.108331,-0.174100
2.695044,0.109075,-0.052681,0.338858,0.978133,-0.035900,-0.108262,-0.173913
2.705104,0.108496,-0.052758,0.338963,0.978000,-0.036149,-0.108183,-0.174659
2.715164,0.108105,-0.052878,0.338934,0.977921,-0.036320,-0.107930,-0.175222
2.725225,0.107428,-0.052757,0.339073,0.978230,-0.036915,-0.107947,-0.173352
2.735281,0.107082,-0.052692,0.339132,0.978546,-0.037251,-0.107645,-0.171676
2.745336,0.106461,-0.052757,0.339321,0.978610,-0.037704,-0.107499,-0.171302
2.755389,0.105918,-0.052725,0.339455,0.978555,-0.037989,-0.107605,-0.171485
2.765441,0.105482,-0.052860,0.339514,0.978445,-0.038177,-0.107342,-0.172235
2.775494,0.104847,-0.052825,0.339646,0.978488,-0.038607,-0.107399,-0.171858
2.785548,0.104242,-0.052730,0.340031,0.978456,-0.039056,-0.107849,-0.171661
2.795601,0.103636,-0.052824,0.340124,0.978389,-0.039427,-0.107722,-0.172034
2.805665,0.103113,-0.052890,0.340288,0.978392,-0.036086,-0.108644,-0.172174
2.815725,0.102412,-0.052782,0.340449,0.978480,-0.036624,-0.108858,-0.171420
2.825784,0.101926,-0.052751,0.340647,0.978416,-0.037061,-0.109308,-0.171408
2.835844,0.101158,-0.052818,0.340789,0.978133,-0.037647,-0.109906,-0.172511
2.845903,0.100558,-0.052917,0.340895,0.977803,-0.038047,-0.110369,-0.173991
2.855965,0.099763,-0.052788,0.341123,0.977682,-0.038619,-0.110969,-0.174161
2.866025,0.099312,-0.052774,0.341189,0.977605,-0.038980,-0.111242,-0.174339
2.876085,0.098633,-0.052824,0.341325,0.977350,-0.039558,-0.111839,-0.175255
2.886145,0.097965,-0.052835,0.341496,0.977071,-0.040162,-0.112627,-0.176166
2.896207,0.097356,-0.052777,0.341556,0.977060,-0.040658,-0.112847,-0.175971
2.906267,0.096818,-0.052760,0.341617,0.976915,-0.041027,-0.113115,-0.176521
2.916328,0.096076,-0.052791,0.341674,0.976701,-0.041527,-0.113332,-0.177444
2.926388,0.095591,-0.052827,0.341734,0.976588,-0.041964,-0.113572,-0.177808
2.936447,0.094844,-0.052666,0.341817,0.976690,-0.042665,-0.113911,-0.176864
2.946509,0.094471,-0.052684,0.341804,0.976758,-0.043012,-0.113776,-0.176492
2.956570,0.093642,-0.052638,0.341957,0.976610,-0.043857,-0.114461,-0.176656
2.966630,0.093175,-0.052649,0.341976,0.977328,-0.022659,-0.118379,-0.174076
2.976711,0.092578,-0.052562,0.341986,0.977487,-0.023227,-0.118332,-0.173141
2.986771,0.092135,-0.052525,0.342003,0.977540,-0.023646,-0.118358,-0.172764
2.996830,0.091755,-0.052535,0.342023,0.977560,-0.024044,-0.118395,-0.172572
3.006891,0.091038,-0.052472,0.342060,0.977817,-0.019597,-0.119376,-0.170996
3.016950,0.090624,-0.052376,0.342073,0.977972,-0.020036,-0.119369,-0.170060
3.027010,0.090043,-0.052417,0.342082,0.977931,-0.020570,-0.119355,-0.170242
3.037070,0.089476,-0.052409,0.342163,0.977777,-0.021125,-0.119752,-0.170777
3.047129,0.088910,-0.052314,0.342111,0.977915,-0.021775,-0.119856,-0.169834
3.057190,0.088476,-0.052251,0.342120,0.978003,-0.022221,-0.119851,-0.169271
3.067249,0.087741,-0.052207,0.342187,0.977920,-0.022957,-0.120153,-0.169436
3.077309,0.087320,-0.052282,0.342201,0.977809,-0.023367,-0.120195,-0.169990
3.087369,0.086678,-0.052187,0.342340,0.977842,-0.021630,-0.121282,-0.169255
3.097429,0.086228,-0.052141,0.342384,0.977776,-0.022076,-0.121502,-0.169426
3.107489,0.085529,-0.052189,0.342451,0.977580,-0.020339,-0.122272,-0.170217
3.117549,0.085085,-0.052152,0.342458,0.977501,-0.020688,-0.122334,-0.170583
3.127609,0.084365,-0.052061,0.342552,0.977363,-0.021456,-0.122826,-0.170922
3.137672,0.083969,-0.052051,0.342633,0.977241,-0.021969,-0.123226,-0.171268
3.147736,0.083205,-0.052010,0.342760,0.977015,-0.022875,-0.123873,-0.171969
3.157798,0.082763,-0.051939,0.342797,0.976982,-0.023354,-0.124064,-0.171954
3.167857,0.082086,-0.051868,0.342762,0.976831,-0.024033,-0.124388,-0.172488
3.177916,0.081573,-0.051897,0.342834,0.976674,-0.021833,-0.125261,-0.173035
3.187975,0.080941,-0.051802,0.342926,0.976534,-0.022579,-0.125754,-0.173371
3.198034,0.080380,-0.051640,0.343001,0.976379,-0.023382,-0.126631,-0.173497
3.208094,0.079757,-0.051723,0.343044,0.976083,-0.024319,-0.127267,-0.174567
3.218153,0.079371,-0.051662,0.343153,0.976041,-0.025005,-0.127763,-0.174344
3.228265,0.078715,-0.051454,0.343246,0.976164,-0.022643,-0.129242,-0.172883
3.238326,0.078243,-0.051366,0.343381,0.976067,-0.023450,-0.129892,-0.172833
3.248385,0.077868,-0.051440,0.343459,0.975949,-0.024137,-0.130194,-0.173178
3.258444,0.077094,-0.051181,0.343663,0.975894,-0.025425,-0.131205,-0.172541
3.268503,0.076720,-0.051114,0.343732,0.975873,-0.026045,-0.131512,-0.172329
3.278557,0.076029,-0.051029,0.343915,0.975668,-0.027243,-0.132392,-0.172631
3.288617,0.075587,-0.050880,0.344043,0.975671,-0.028095,-0.132983,-0.172025
3.298676,0.074970,-0.050666,0.344219,0.975700,-0.029324,-0.133783,-0.171029
3.308735,0.074549,-0.050582,0.344224,0.975657,-0.030099,-0.134214,-0.170806
3.318794,0.073891,-0.050433,0.344399,0.975549,-0.031348,-0.135028,-0.170553
3.328853,0.073556,-0.050379,0.344376,0.975526,-0.031991,-0.135312,-0.170341
3.338912,0.072795,-0.050081,0.344602,0.975330,-0.033319,-0.136517,-0.170247
3.348972,0.072418,-0.050094,0.344579,0.975172,-0.033974,-0.136823,-0.170777
3.359033,0.071780,-0.049853,0.344653,0.975197,-0.033154,-0.137979,-0.169863
3.369093,0.071386,-0.049726,0.344651,0.975184,-0.033929,-0.138388,-0.169454
3.379152,0.070859,-0.049634,0.344672,0.975085,-0.034957,-0.138885,-0.169407
3.389212,0.070311,-0.049434,0.344721,0.974920,-0.035911,-0.139649,-0.169529
3.399271,0.069842,-0.049297,0.344523,0.974909,-0.036799,-0.139986,-0.169123
3.409330,0.069552,-0.049279,0.344376,0.974840,-0.037323,-0.140124,-0.169292
3.419396,0.068939,-0.049173,0.344112,0.974497,-0.038200,-0.140761,-0.170538
3.429457,0.068641,-0.049177,0.343966,0.974323,-0.038656,-0.140963,-0.171261
3.439516,0.068105,-0.048946,0.343695,0.974249,-0.039579,-0.141500,-0.171026
3.449575,0.067797,-0.048904,0.343449,0.974179,-0.040110,-0.141629,-0.171195
3.459637,0.067435,-0.048980,0.342987,0.974003,-0.040651,-0.141564,-0.172120
3.469698,0.067107,-0.048916,0.342644,0.973933,-0.041184,-0.141689,-0.172289
3.479758,0.066910,-0.048861,0.342371,0.974023,-0.041612,-0.141620,-0.171730
3.489817,0.066562,-0.048856,0.341807,0.974293,-0.035349,-0.142671,-0.170729
3.499878,0.066264,-0.048801,0.341558,0.974275,-0.035537,-0.142832,-0.170659
3.509938,0.066023,-0.048891,0.340849,0.974325,-0.035946,-0.142352,-0.170688
3.519998,0.065871,-0.048872,0.340455,0.974443,-0.036272,-0.142114,-0.170144
3.530057,0.065526,-0.048873,0.339890,0.974409,-0.036859,-0.141974,-0.170331
3.540117,0.065369,-0.048870,0.339497,0.974456,-0.037136,-0.141785,-0.170155
3.550177,0.065119,-0.048923,0.339001,0.974552,-0.037690,-0.141407,-0.169802
3.560236,0.065020,-0.048917,0.338482,0.974798,-0.037980,-0.140931,-0.168718
3.570296,0.064799,-0.048944,0.337989,0.974852,-0.038406,-0.140640,-0.168547
3.580355,0.064676,-0.049049,0.337575,0.974788,-0.038532,-0.140362,-0.169123
3.590421,0.064482,-0.049103,0.336869,0.974760,-0.038731,-0.140025,-0.169517
3.600487,0.064247,-0.049075,0.336499,0.974716,-0.039114,-0.140007,-0.169698
3.610550,0.064034,-0.049110,0.336009,0.974663,-0.039417,-0.139825,-0.170078
3.620610,0.063963,-0.049208,0.335656,0.974690,-0.039431,-0.139371,-0.170297
3.630672,0.063822,-0.049282,0.334977,0.974916,-0.033784,-0.139730,-0.169918
3.640730,0.063644,-0.049309,0.334456,0.974813,-0.033833,-0.139515,-0.170678
3.650789,0.063447,-0.049403,0.334032,0.974643,-0.033935,-0.139287,-0.171809
3.660849,0.063372,-0.049442,0.333615,0.974713,-0.034047,-0.138971,-0.171647
3.670909,0.063204,-0.049472,0.332867,0.974850,-0.034221,-0.138372,-0.171320
3.680967,0.063046,-0.049493,0.332475,0.974792,-0.034420,-0.138257,-0.171697
3.691027,0.062972,-0.049616,0.331731,0.974998,-0.034264,-0.137195,-0.171412
3.701089,0.062930,-0.049622,0.331277,0.975194,-0.034280,-0.136677,-0.170709
3.711156,0.062785,-0.049665,0.330663,0.975233,-0.034461,-0.136321,-0.170734
3.721216,0.062681,-0.049717,0.330113,0.975292,-0.034482,-0.135845,-0.170771
3.731275,0.062642,-0.049717,0.329696,0.975391,-0.034513,-0.135569,-0.170421
3.741334,0.062570,-0.049802,0.329060,0.975449,-0.034532,-0.135093,-0.170458
3.751396,0.062440,-0.049818,0.328800,0.975367,-0.034789,-0.135166,-0.170820
3.761456,0.062243,-0.049787,0.328078,0.975368,-0.034895,-0.134870,-0.171027
3.771520,0.062266,-0.049916,0.327555,0.975386,-0.034795,-0.134490,-0.171245
3.781583,0.062185,-0.049939,0.327042,0.975381,-0.034804,-0.134263,-0.171448
3.791642,0.062192,-0.050109,0.326485,0.975353,-0.034595,-0.133750,-0.172049
3.801702,0.061960,-0.050074,0.326018,0.975201,-0.034856,-0.133843,-0.172782
3.811763,0.061855,-0.050084,0.325724,0.975138,-0.034954,-0.133796,-0.173156
3.821823,0.061788,-0.050187,0.325092,0.975050,-0.034833,-0.133464,-0.173927
3.831884,0.061780,-0.050311,0.324621,0.975018,-0.034574,-0.132987,-0.174527
3.841943,0.061705,-0.050407,0.324024,0.974907,-0.034564,-0.132808,-0.175284
3.852004,0.061582,-0.050321,0.323753,0.974851,-0.034701,-0.132954,-0.175456
3.862064,0.061589,-0.050459,0.323098,0.974817,-0.034442,-0.132477,-0.176056
3.872124,0.061539,-0.050494,0.322684,0.974772,-0.034380,-0.132312,-0.176441
3.882184,0.061420,-0.050488,0.322291,0.974707,-0.034477,-0.132265,-0.176815
3.892244,0.061310,-0.050379,0.322016,0.974760,-0.034679,-0.132329,-0.176435
3.902303,0.061287,-0.050436,0.321472,0.974959,-0.034725,-0.131781,-0.175734
3.912362,0.061292,-0.050502,0.321029,0.975119,-0.034702,-0.131294,-0.175215
3.922425,0.061238,-0.050529,0.320609,0.975356,-0.029541,-0.131947,-0.174348
3.932484,0.061182,-0.050478,0.320312,0.975431,-0.029629,-0.131857,-0.173982
3.942545,0.061175,-0.050488,0.319671,0.975623,-0.029577,-0.131373,-0.173279
3.952605,0.061048,-0.050404,0.319396,0.975643,-0.029804,-0.131428,-0.173085
3.962664,0.061033,-0.050384,0.318976,0.975775,-0.029798,-0.131159,-0.172549
3.972725,0.061046,-0.050375,0.318657,0.975867,-0.029726,-0.130951,-0.172195
3.982786,0.061053,-0.050382,0.318340,0.975888,-0.029613,-0.130800,-0.172210
3.992846,0.061025,-0.050396,0.317925,0.975877,-0.029524,-0.130644,-0.172410
4.002906,0.060976,-0.050387,0.317728,0.975844,-0.029549,-0.130638,-0.172596
4.012965,0.060916,-0.050322,0.317335,0.975844,-0.029549,-0.130638,-0.172596
4.023025,0.060937,-0.050401,0.316899,0.975817,-0.029325,-0.130359,-0.172995
4.033086,0.060895,-0.050400,0.316385,0.975805,-0.029236,-0.130203,-0.173196
4.043145,0.060866,-0.050368,0.316188,0.975805,-0.029236,-0.130203,-0.173196
4.053205,0.060788,-0.050328,0.315794,0.975772,-0.029261,-0.130197,-0.173382
4.063265,0.060693,-0.050226,0.315521,0.975751,-0.029375,-0.130348,-0.173368
4.073324,0.060792,-0.050376,0.314842,0.975802,-0.028944,-0.129739,-0.173611
4.083386,0.060799,-0.050384,0.314524,0.975823,-0.028830,-0.129588,-0.173626
4.093446,0.060807,-0.050393,0.314207,0.975843,-0.028716,-0.129437,-0.173640
4.103507,0.060829,-0.050417,0.313988,0.975864,-0.028602,-0.129286,-0.173655
4.113569,0.060910,-0.050504,0.313428,0.975926,-0.028260,-0.128834,-0.173698
4.123633,0.060969,-0.050567,0.313088,0.975968,-0.028032,-0.128532,-0.173726
4.133697,0.060962,-0.050560,0.312672,0.975988,-0.027918,-0.128381,-0.173741
4.143756,0.060934,-0.050530,0.312475,0.975988,-0.027918,-0.128381,-0.173741
4.153816,0.060892,-0.050484,0.312179,0.975988,-0.027918,-0.128381,-0.173741
4.163875,0.060900,-0.050493,0.311861,0.976009,-0.027804,-0.128230,-0.173755
4.173936,0.060981,-0.050580,0.311301,0.976070,-0.027462,-0.127777,-0.173798
4.183996,0.061039,-0.050643,0.310961,0.976111,-0.027234,-0.127476,-0.173827
4.194164,0.061048,-0.050652,0.310642,0.976131,-0.027121,-0.127325,-0.173841
4.204226,0.061020,-0.050622,0.310445,0.976131,-0.027121,-0.127325,-0.173841
4.214286,0.061028,-0.050631,0.310127,0.976152,-0.027007,-0.127174,-0.173855
4.224348,0.060974,-0.050572,0.309732,0.976152,-0.027007,-0.127174,-0.173855
4.234409,0.061068,-0.050674,0.309270,0.976212,-0.026665,-0.126721,-0.173898
4.244468,0.061077,-0.050683,0.308952,0.976232,-0.026551,-0.126570,-0.173912
4.254528,0.061069,-0.050631,0.308754,0.976266,-0.026527,-0.126575,-0.173726
4.264588,0.061114,-0.050679,0.308315,0.976306,-0.026299,-0.126273,-0.173755
4.274650,0.061136,-0.050703,0.308095,0.976326,-0.026185,-0.126122,-0.173769
4.284712,0.061230,-0.050805,0.307633,0.976386,-0.025843,-0.125669,-0.173811
4.294772,0.061253,-0.050829,0.307413,0.976406,-0.025729,-0.125518,-0.173826
4.304832,0.061261,-0.050838,0.307094,0.976425,-0.025615,-0.125367,-0.173840
4.314891,0.061271,-0.050848,0.306775,0.976445,-0.025501,-0.125216,-0.173854
4.324951,0.061286,-0.050820,0.306357,0.976498,-0.025363,-0.125070,-0.173682
4.335012,0.061344,-0.050883,0.306016,0.976538,-0.025135,-0.124768,-0.173710
4.345073,0.061389,-0.050931,0.305575,0.976577,-0.024908,-0.124466,-0.173739
4.355137,0.061417,-0.050918,0.305256,0.976630,-0.024770,-0.124320,-0.173567
4.365199,0.061514,-0.050989,0.304695,0.976686,-0.024385,-0.123898,-0.173607
4.375260,0.061591,-0.051027,0.304354,0.976758,-0.024134,-0.123601,-0.173449
4.385320,0.061636,-0.051075,0.303913,0.976797,-0.023906,-0.123298,-0.173477
4.395384,0.061664,-0.051062,0.303593,0.976936,-0.019856,-0.123845,-0.172810
4.405444,0.061748,-0.051063,0.303152,0.977040,-0.019581,-0.123550,-0.172467
4.415504,0.061805,-0.051080,0.302746,0.977092,-0.019444,-0.123403,-0.172295
4.425611,0.061944,-0.051094,0.302183,0.977246,-0.019032,-0.122960,-0.171780
4.435671,0.061957,-0.051020,0.301986,0.977312,-0.018985,-0.122967,-0.171407
4.445733,0.062047,-0.051071,0.301742,0.977382,-0.018734,-0.122668,-0.171250
4.455795,0.062179,-0.051122,0.301278,0.977503,-0.018347,-0.122221,-0.170921
4.465857,0.062280,-0.051243,0.300913,0.977523,-0.017988,-0.121794,-0.171149
4.475919,0.062437,-0.051376,0.300427,0.977587,-0.017865,-0.121154,-0.171252
4.485972,0.062503,-0.051458,0.300184,0.977588,-0.017619,-0.120878,-0.171465
4.496027,0.062627,-0.051545,0.299818,0.977675,-0.017256,-0.120427,-0.171322
4.506089,0.062669,-0.051545,0.299597,0.977726,-0.017119,-0.120278,-0.171150
4.516150,0.062862,-0.051705,0.298987,0.977848,-0.016530,-0.119523,-0.171036
4.526189,0.062985,-0.051791,0.298620,0.977935,-0.016167,-0.119071,-0.170893
4.536250,0.063182,-0.051864,0.298131,0.978103,-0.015646,-0.118474,-0.170391
4.546310,0.063267,-0.051921,0.297888,0.978136,-0.015378,-0.118200,-0.170417
4.556378,0.063417,-0.051944,0.297422,0.978286,-0.014972,-0.117753,-0.169901
4.566436,0.063529,-0.051938,0.297079,0.978383,-0.014660,-0.117484,-0.169554
4.576491,0.063750,-0.052070,0.296470,0.978462,-0.013974,-0.116812,-0.169620
4.586545,0.063902,-0.052130,0.296105,0.978506,-0.013516,-0.116443,-0.169657
4.596608,0.064128,-0.052175,0.295617,0.978632,-0.012902,-0.115926,-0.169335
4.606671,0.064223,-0.052184,0.295273,0.978730,-0.012633,-0.115626,-0.168991
4.616732,0.064389,-0.052187,0.294807,0.978875,-0.012190,-0.115204,-0.168471
4.626793,0.064504,-0.052170,0.294462,0.979005,-0.011900,-0.114906,-0.167940
4.636855,0.064593,-0.052173,0.294023,0.978997,-0.011540,-0.114712,-0.168147
4.646915,0.064689,-0.052206,0.293684,0.978919,-0.011145,-0.114569,-0.168725
4.657050,0.064738,-0.052169,0.293272,0.978786,-0.010806,-0.114634,-0.169471
4.667113,0.064907,-0.052208,0.292907,0.978826,-0.010315,-0.114286,-0.169507
4.677174,0.064975,-0.052189,0.292688,0.978800,-0.010069,-0.114242,-0.169700
4.687235,0.065134,-0.052230,0.292229,0.978697,-0.009472,-0.114023,-0.170474
4.697297,0.065192,-0.052235,0.292013,0.978565,-0.009174,-0.114054,-0.171222
4.707358,0.065292,-0.052262,0.291581,0.978303,-0.008620,-0.114088,-0.172721
4.717419,0.065430,-0.052324,0.291251,0.978257,-0.008249,-0.113912,-0.173114
4.727481,0.065596,-0.052324,0.290822,0.978278,-0.007836,-0.113738,-0.173134
4.737542,0.065621,-0.052248,0.290797,0.978237,-0.007937,-0.114129,-0.173100
4.747603,0.065840,-0.052277,0.290341,0.978345,-0.007450,-0.113747,-0.172764
4.757665,0.065977,-0.052269,0.290097,0.978403,-0.007094,-0.113519,-0.172601
4.767726,0.066208,-0.052331,0.289707,0.978455,-0.006467,-0.113030,-0.172650
4.777787,0.066336,-0.052324,0.289499,0.978461,-0.006204,-0.112980,-0.172658
4.787849,0.066494,-0.052245,0.289191,0.978569,-0.005916,-0.112906,-0.172107
4.797911,0.066615,-0.052229,0.288979,0.978683,-0.005744,-0.112754,-0.171561
4.807973,0.066841,-0.052169,0.288661,0.978898,-0.005739,-0.112891,-0.170242
4.818035,0.066956,-0.052125,0.288557,0.978925,-0.005833,-0.113258,-0.169836
4.828096,0.067259,-0.052149,0.288090,0.979135,-0.005596,-0.113108,-0.168730
4.838158,0.067473,-0.052133,0.287701,0.979312,-0.005382,-0.112957,-0.167811
4.848220,0.067599,-0.051996,0.287603,0.979387,-0.005769,-0.113771,-0.166804
4.858281,0.067753,-0.051965,0.287373,0.979498,-0.005788,-0.113932,-0.166042
4.868343,0.067947,-0.051881,0.287142,0.979671,-0.005764,-0.114096,-0.164907
4.878405,0.068124,-0.051882,0.286941,0.979779,-0.005554,-0.113968,-0.164359
4.888467,0.068302,-0.051839,0.286715,0.979779,-0.005815,-0.114195,-0.164193
4.898530,0.068430,-0.051804,0.286578,0.979716,-0.005706,-0.114507,-0.164355
4.908592,0.068586,-0.051819,0.286397,0.979319,-0.010337,-0.114405,-0.166551
4.918653,0.068738,-0.051863,0.286105,0.979119,-0.009926,-0.114520,-0.167668
4.928715,0.068883,-0.051832,0.285974,0.978878,-0.009644,-0.115003,-0.168755
4.938777,0.068991,-0.051844,0.285803,0.978730,-0.009412,-0.115201,-0.169490
4.948839,0.069069,-0.051884,0.285668,0.978497,-0.009287,-0.115580,-0.170582
4.958901,0.069230,-0.051878,0.285484,0.978200,-0.009084,-0.116243,-0.171840
4.968965,0.069320,-0.051885,0.285385,0.977979,-0.009036,-0.116783,-0.172732
4.979027,0.069492,-0.051966,0.285043,0.977574,-0.008592,-0.117196,-0.174757
4.989090,0.069582,-0.051971,0.284904,0.977478,-0.008535,-0.117480,-0.175109
4.999151,0.069758,-0.051853,0.284764,0.977586,-0.008423,-0.117722,-0.174345
5.009213,0.069865,-0.051839,0.284588,0.977614,-0.008319,-0.117774,-0.174155
5.019275,0.070065,-0.051820,0.284389,0.977618,-0.007974,-0.117764,-0.174160
5.029337,0.070177,-0.051744,0.284303,0.977641,-0.007788,-0.117866,-0.173968
5.039399,0.070384,-0.051707,0.283971,0.977624,-0.007284,-0.117742,-0.174170
5.049461,0.070483,-0.051663,0.283849,0.977632,-0.007022,-0.117680,-0.174178
5.059523,0.070676,-0.051590,0.283701,0.977795,-0.006652,-0.117411,-0.173457
5.069586,0.070832,-0.051540,0.283454,0.977889,-0.006288,-0.117164,-0.173108
5.079648,0.071021,-0.051452,0.283208,0.977978,-0.005843,-0.116965,-0.172755
5.089712,0.071186,-0.051398,0.282963,0.977998,-0.005403,-0.116786,-0.172774
5.099774,0.071413,-0.051419,0.282470,0.977983,-0.004733,-0.116326,-0.173192
5.109835,0.071572,-0.051358,0.282222,0.978112,-0.004392,-0.116052,-0.172657
5.119889,0.071784,-0.051298,0.281848,0.978290,-0.003931,-0.115614,-0.171949
5.129952,0.071909,-0.051206,0.281725,0.978401,-0.003688,-0.115501,-0.171401
5.140015,0.072208,-0.051220,0.281203,0.978505,-0.002943,-0.114826,-0.171275
5.150078,0.072373,-0.051162,0.280957,0.978524,-0.002512,-0.114639,-0.171294
5.160141,0.072618,-0.051171,0.280560,0.978578,-0.001891,-0.114122,-0.171341
5.170203,0.072817,-0.051140,0.280321,0.978676,-0.007716,-0.112764,-0.171519
5.180267,0.073069,-0.051131,0.279960,0.978678,-0.007137,-0.112451,-0.171735
5.190329,0.073222,-0.051148,0.279794,0.978600,-0.006944,-0.112583,-0.172101
5.200391,0.073512,-0.051058,0.279482,0.978775,-0.006830,-0.112800,-0.170966
5.210454,0.073707,-0.051054,0.279222,0.978796,-0.013821,-0.111588,-0.171218
5.220547,0.074002,-0.051110,0.278829,0.978838,-0.013753,-0.111825,-0.170830
5.230609,0.074287,-0.051144,0.278453,0.978950,-0.013517,-0.111712,-0.170279
5.240670,0.074438,-0.051090,0.278427,0.978902,-0.013710,-0.112463,-0.170042
5.250733,0.074685,-0.051081,0.278288,0.978766,-0.013672,-0.113154,-0.170372
5.260795,0.074900,-0.051066,0.278163,0.978807,-0.013601,-0.113391,-0.169984
5.270857,0.075284,-0.051087,0.277896,0.978879,-0.013224,-0.113363,-0.169616
5.280918,0.075488,-0.051150,0.277837,0.978769,-0.013008,-0.113510,-0.170169
5.290971,0.075774,-0.051220,0.277807,0.978460,-0.012868,-0.114298,-0.171426
5.301032,0.075962,-0.051268,0.277686,0.978224,-0.012644,-0.114691,-0.172523
5.311094,0.076255,-0.051264,0.277590,0.978030,-0.012621,-0.115590,-0.173025
5.321156,0.076432,-0.051291,0.277501,0.977915,-0.012599,-0.116050,-0.173368
5.331218,0.076718,-0.051302,0.277367,0.977775,-0.012540,-0.116742,-0.173697
5.341279,0.076915,-0.051298,0.277277,0.977661,-0.014728,-0.116807,-0.174121
5.351341,0.077222,-0.051411,0.277081,0.977376,-0.014991,-0.117137,-0.175470
5.361403,0.077418,-0.051492,0.276867,0.977138,-0.014795,-0.117503,-0.176567
5.371466,0.077793,-0.051468,0.276664,0.977245,-0.014625,-0.117769,-0.175807
5.381528,0.077956,-0.051414,0.276696,0.977321,-0.014796,-0.118284,-0.175027
5.391591,0.078250,-0.051426,0.276617,0.977413,-0.014838,-0.118654,-0.174257
5.401644,0.078483,-0.051424,0.276513,0.977565,-0.014660,-0.118497,-0.173523
5.411707,0.078793,-0.051424,0.276383,0.977698,-0.014293,-0.118233,-0.172983
5.421769,0.078975,-0.051446,0.276409,0.977621,-0.014084,-0.118355,-0.173351
5.431831,0.079308,-0.051380,0.276350,0.977746,-0.013825,-0.118451,-0.172601
5.441891,0.079477,-0.051294,0.276401,0.977856,-0.013778,-0.118652,-0.171843
5.451953,0.079810,-0.051260,0.276439,0.977981,-0.013560,-0.118726,-0.171094
5.461970,0.080014,-0.051197,0.276533,0.978018,-0.016955,-0.118510,-0.170732
5.472030,0.080240,-0.051184,0.276463,0.978148,-0.016865,-0.118523,-0.169986
5.482089,0.080548,-0.051107,0.276472,0.978300,-0.016856,-0.118902,-0.168844
5.492151,0.080759,-0.051047,0.276529,0.978406,-0.016807,-0.119105,-0.168086
5.502213,0.081023,-0.050978,0.276667,0.978401,-0.016799,-0.119726,-0.167676
5.512273,0.081253,-0.050973,0.276599,0.978392,-0.016583,-0.119831,-0.167672
5.522333,0.081538,-0.050892,0.276702,0.978372,-0.016425,-0.120321,-0.167457
5.532393,0.081674,-0.050839,0.276826,0.978234,-0.016416,-0.120972,-0.167792
5.542455,0.081975,-0.050821,0.276804,0.978065,-0.016067,-0.121380,-0.168518
5.552518,0.082227,-0.050836,0.276836,0.977919,-0.015723,-0.121575,-0.169256
5.562577,0.082457,-0.050943,0.276816,0.977513,-0.015358,-0.122043,-0.171283
5.572638,0.082697,-0.050926,0.276748,0.977434,-0.015053,-0.122201,-0.171649
5.582700,0.082959,-0.050965,0.276724,0.977195,-0.014745,-0.122599,-0.172747
5.592765,0.083154,-0.051026,0.276656,0.976979,-0.014444,-0.122785,-0.173857
5.602830,0.083503,-0.051013,0.276636,0.976875,-0.014128,-0.123152,-0.174211
5.612895,0.083735,-0.051076,0.276439,0.976748,-0.013789,-0.123129,-0.174961
5.622956,0.084054,-0.051144,0.276154,0.976690,-0.013448,-0.123091,-0.175339
5.632972,0.084274,-0.051112,0.276116,0.976803,-0.013432,-0.123274,-0.174583
5.643027,0.084642,-0.051148,0.275699,0.976976,-0.013138,-0.122958,-0.173859
5.653089,0.084933,-0.051216,0.275468,0.976975,-0.012785,-0.122709,-0.174064
5.663151,0.085391,-0.051203,0.275057,0.977142,-0.012361,-0.122451,-0.173338
5.673215,0.085618,-0.051194,0.274946,0.977226,-0.012149,-0.122321,-0.172975
5.683277,0.086013,-0.051181,0.274528,0.977359,-0.011750,-0.122059,-0.172435
5.693340,0.086318,-0.051202,0.274293,0.977483,-0.015047,-0.121098,-0.172151
5.703401,0.086615,-0.051216,0.274092,0.977635,-0.014878,-0.120936,-0.171416
5.713464,0.087076,-0.051256,0.273702,0.977879,-0.014415,-0.120275,-0.170524
5.723527,0.087392,-0.051233,0.273500,0.978062,-0.014225,-0.120116,-0.169602
5.733589,0.087873,-0.051247,0.273277,0.978261,-0.013872,-0.119819,-0.168688
5.743652,0.088194,-0.051282,0.273136,0.978397,-0.013610,-0.119498,-0.168149
5.753716,0.088590,-0.051293,0.272810,0.978530,-0.013262,-0.119214,-0.167607
5.763778,0.088910,-0.051320,0.272706,0.978542,-0.012971,-0.119132,-0.167614
5.773840,0.089321,-0.051420,0.272386,0.978406,-0.012462,-0.118971,-0.168561
5.783903,0.089613,-0.051447,0.272184,0.978351,-0.012133,-0.118918,-0.168940
5.793967,0.090102,-0.051510,0.271866,0.978244,-0.011561,-0.118774,-0.169699
5.804029,0.090364,-0.051593,0.271664,0.978054,-0.011195,-0.118763,-0.170823
5.814091,0.090683,-0.051653,0.271500,0.977910,-0.010899,-0.118913,-0.171563
5.824153,0.090940,-0.051680,0.271388,0.977889,-0.010635,-0.118822,-0.171757
5.834215,0.091373,-0.051809,0.271087,0.977745,-0.016022,-0.117213,-0.173258
5.844278,0.091596,-0.051812,0.270934,0.977747,-0.015688,-0.116945,-0.173460
5.854342,0.092014,-0.051835,0.270890,0.977710,-0.015209,-0.116740,-0.173847
5.864404,0.092296,-0.051893,0.270837,0.977643,-0.014838,-0.116497,-0.174422
5.874466,0.092640,-0.051919,0.270822,0.977591,-0.018471,-0.115705,-0.174893
5.884528,0.092934,-0.051921,0.270802,0.977710,-0.018293,-0.115555,-0.174342
5.894590,0.093317,-0.051979,0.270789,0.977691,-0.017992,-0.115475,-0.174535
5.904653,0.093545,-0.051969,0.270838,0.977666,-0.017892,-0.115717,-0.174524
5.914715,0.093905,-0.051943,0.270856,0.977728,-0.017678,-0.115789,-0.174150
5.924777,0.094267,-0.051943,0.270801,0.977867,-0.017390,-0.115478,-0.173607
5.934840,0.094570,-0.051887,0.270850,0.978011,-0.017348,-0.115671,-0.172665
5.944902,0.094849,-0.051910,0.270826,0.978130,-0.017214,-0.115504,-0.172114
5.954977,0.095223,-0.051846,0.270840,0.978327,-0.017082,-0.115524,-0.170995
5.965039,0.095403,-0.051808,0.270883,0.978404,-0.017083,-0.115711,-0.170426
5.975102,0.095632,-0.051801,0.270892,0.978501,-0.017017,-0.115720,-0.169867
5.985166,0.096127,-0.051756,0.270837,0.978768,-0.016728,-0.115389,-0.168577
5.995221,0.096443,-0.051711,0.270811,0.978916,-0.016530,-0.115240,-0.167838
6.005283,0.096745,-0.051649,0.270894,0.978902,-0.016430,-0.115677,-0.167633
6.015342,0.097022,-0.051668,0.270905,0.978864,-0.016240,-0.115753,-0.167817
6.025404,0.097416,-0.051687,0.270920,0.978791,-0.015944,-0.115873,-0.168187
6.035465,0.097593,-0.051646,0.270998,0.978712,-0.015885,-0.116303,-0.168355
6.045527,0.098070,-0.051721,0.271015,0.978606,-0.015567,-0.116434,-0.168912
6.055587,0.098355,-0.051712,0.271060,0.978513,-0.015377,-0.116715,-0.169274
6.065650,0.098754,-0.051730,0.271073,0.978304,-0.014953,-0.116897,-0.170388
6.075710,0.098990,-0.051819,0.271118,0.978044,-0.014744,-0.117208,-0.171682
6.085773,0.099304,-0.051843,0.271199,0.977844,-0.015692,-0.117492,-0.172542
6.095835,0.099567,-0.051885,0.271205,0.977807,-0.015541,-0.117550,-0.172727
6.105897,0.099971,-0.051948,0.271285,0.977657,-0.015388,-0.118019,-0.173266
6.115958,0.100231,-0.051996,0.271290,0.977586,-0.015216,-0.118088,-0.173637
6.126016,0.100575,-0.051953,0.271367,0.977537,-0.015079,-0.118535,-0.173618
6.136078,0.100825,-0.052004,0.271408,0.977410,-0.014947,-0.118795,-0.174167
6.146140,0.101213,-0.052043,0.271376,0.977357,-0.014625,-0.118713,-0.174546
6.156202,0.101504,-0.052025,0.271378,0.977422,-0.014493,-0.118748,-0.174172
6.166264,0.101877,-0.052041,0.271415,0.977499,-0.014442,-0.118950,-0.173604
6.176325,0.102102,-0.052015,0.271451,0.977577,-0.014434,-0.119138,-0.173036
6.186388,0.102535,-0.052062,0.271414,0.977696,-0.014262,-0.118981,-0.172485
6.196450,0.102762,-0.052056,0.271413,0.977726,-0.014152,-0.119013,-0.172298
6.206511,0.103007,-0.052019,0.271413,0.977756,-0.013998,-0.119059,-0.172110
6.216573,0.103486,-0.052018,0.271303,0.977881,-0.013598,-0.118583,-0.171761
6.226635,0.103711,-0.052018,0.271301,0.977878,-0.013467,-0.118626,-0.171760
6.236697,0.104108,-0.052030,0.271262,0.977894,-0.013190,-0.118517,-0.171767
6.246758,0.104411,-0.052001,0.271223,0.978012,-0.013020,-0.118359,-0.171215
6.256800,0.104744,-0.052006,0.271219,0.978041,-0.012867,-0.118404,-0.171028
6.266859,0.105010,-0.052036,0.271215,0.978004,-0.012715,-0.118457,-0.171213
6.276920,0.105529,-0.052077,0.271061,0.978184,-0.012327,-0.117772,-0.170686
6.286981,0.105713,-0.052021,0.271094,0.978261,-0.012318,-0.117959,-0.170118
6.297035,0.106125,-0.052014,0.271013,0.978364,-0.012027,-0.117644,-0.169760
6.307094,0.106408,-0.052049,0.270935,0.978369,-0.011761,-0.117336,-0.169962
6.317148,0.106826,-0.052051,0.270817,0.978407,-0.015314,-0.116170,-0.170266
6.327207,0.107121,-0.052051,0.270737,0.978546,-0.015133,-0.115817,-0.169722
6.337267,0.107518,-0.052072,0.270653,0.978651,-0.014889,-0.115488,-0.169363
6.347327,0.107793,-0.052100,0.270608,0.978636,-0.014684,-0.115358,-0.169556
6.357387,0.108194,-0.052098,0.270560,0.978652,-0.014414,-0.115243,-0.169562
6.367446,0.108470,-0.052124,0.270514,0.978637,-0.014210,-0.115112,-0.169755
6.377506,0.108869,-0.052150,0.270428,0.978574,-0.013824,-0.114846,-0.170328
6.387568,0.109195,-0.052230,0.270308,0.978500,-0.013448,-0.114382,-0.171096
6.397629,0.109547,-0.052239,0.270223,0.978403,-0.013045,-0.114124,-0.171855
6.407688,0.109812,-0.052329,0.270103,0.978327,-0.012716,-0.113645,-0.172623
6.417749,0.110184,-0.052357,0.270145,0.978311,-0.012473,-0.113523,-0.172816
6.427802,0.110461,-0.052422,0.269964,0.978316,-0.012261,-0.113195,-0.173017
6.437862,0.110826,-0.052487,0.269908,0.978300,-0.012062,-0.113060,-0.173210
6.447923,0.111108,-0.052471,0.269893,0.978399,-0.011997,-0.113067,-0.172650
6.457986,0.111478,-0.052498,0.269871,0.978420,-0.017158,-0.112153,-0.172692
6.468048,0.111820,-0.052509,0.269779,0.978559,-0.016987,-0.111799,-0.172145
6.478110,0.112045,-0.052515,0.269730,0.978646,-0.016891,-0.111624,-0.171778
6.488170,0.112443,-0.052501,0.269669,0.978797,-0.016753,-0.111454,-0.171038
6.498232,0.112769,-0.052503,0.269707,0.978915,-0.016636,-0.111282,-0.170484
6.508286,0.113139,-0.052410,0.269685,0.979110,-0.016550,-0.111289,-0.169364
6.518346,0.113417,-0.052439,0.269594,0.979216,-0.016402,-0.110931,-0.169003
6.528400,0.113753,-0.052400,0.269607,0.979291,-0.016350,-0.111135,-0.168436
6.538460,0.113979,-0.052403,0.269495,0.979355,-0.016308,-0.111141,-0.168063
6.548522,0.114430,-0.052409,0.269390,0.979524,-0.016118,-0.110789,-0.167328
6.558585,0.114720,-0.052388,0.269333,0.979640,-0.016002,-0.110616,-0.166774
6.568644,0.115047,-0.052385,0.269307,0.979735,-0.015939,-0.110625,-0.166214
6.578703,0.115276,-0.052344,0.269385,0.979798,-0.015855,-0.110643,-0.165840
6.588763,0.115680,-0.052382,0.269210,0.979812,-0.015443,-0.109978,-0.166238
6.598824,0.115929,-0.052316,0.269192,0.979842,-0.015299,-0.110015,-0.166051
6.608884,0.116328,-0.052319,0.269087,0.979912,-0.015053,-0.109688,-0.165876
6.618945,0.116596,-0.052347,0.269027,0.979963,-0.014940,-0.109519,-0.165695
6.629008,0.116871,-0.052365,0.268967,0.979917,-0.014726,-0.109388,-0.166074
6.639069,0.117124,-0.052435,0.268907,0.979806,-0.014515,-0.109261,-0.166827
6.649129,0.117439,-0.052474,0.268878,0.979576,-0.014213,-0.109365,-0.168134
6.659182,0.117666,-0.052506,0.268786,0.979417,-0.013872,-0.109082,-0.169266
6.669242,0.118049,-0.052595,0.268606,0.979197,-0.013335,-0.108468,-0.170970
6.679301,0.118325,-0.052639,0.268568,0.979088,-0.012969,-0.107991,-0.171922
6.689364,0.118605,-0.052659,0.268565,0.978890,-0.012574,-0.107723,-0.173240
6.699423,0.118860,-0.052745,0.268466,0.978725,-0.012281,-0.107425,-0.174372
6.709485,0.119189,-0.052802,0.268323,0.978619,-0.013994,-0.106570,-0.175361
6.719545,0.119362,-0.052801,0.268270,0.978604,-0.013848,-0.106414,-0.175553
6.729651,0.119675,-0.052929,0.268054,0.978598,-0.013515,-0.105528,-0.176143
6.739704,0.119945,-0.053007,0.267878,0.978675,-0.013287,-0.104803,-0.176167
6.749764,0.120149,-0.053110,0.267709,0.978718,-0.013080,-0.104075,-0.176377
6.759824,0.120478,-0.053189,0.267587,0.978743,-0.012731,-0.103191,-0.176780
6.769886,0.120696,-0.053263,0.267416,0.978698,-0.016015,-0.101837,-0.177547
6.779947,0.121065,-0.053275,0.267160,0.978878,-0.015660,-0.100748,-0.177205
6.790010,0.121293,-0.053322,0.266988,0.978987,-0.015455,-0.100015,-0.177039
6.800072,0.121685,-0.053278,0.266731,0.979233,-0.015101,-0.098923,-0.176323
6.810133,0.122004,-0.053255,0.266515,0.979425,-0.014813,-0.098011,-0.175788
6.820192,0.122395,-0.053208,0.266256,0.979667,-0.014463,-0.096918,-0.175071
6.830252,0.122642,-0.053207,0.266082,0.979803,-0.014429,-0.096153,-0.174736
6.840306,0.123032,-0.053157,0.265822,0.980042,-0.014080,-0.095059,-0.174018
6.850365,0.123279,-0.053155,0.265648,0.980179,-0.013861,-0.094327,-0.173664
6.860428,0.123711,-0.053123,0.265475,0.980416,-0.013516,-0.093231,-0.172945
6.870478,0.124009,-0.053142,0.265256,0.980568,-0.013252,-0.092315,-0.172596
6.880538,0.124326,-0.053113,0.265037,0.980752,-0.012972,-0.091400,-0.172058
6.890597,0.124544,-0.053153,0.264993,0.980835,-0.012819,-0.090850,-0.171886
6.900656,0.124964,-0.053168,0.264685,0.981050,-0.012450,-0.089566,-0.171357
6.910716,0.125158,-0.053140,0.264552,0.981165,-0.012280,-0.089017,-0.170997
6.920775,0.125455,-0.053156,0.264331,0.981312,-0.012020,-0.088099,-0.170646
6.930835,0.125700,-0.053150,0.264153,0.981442,-0.011806,-0.087365,-0.170290
6.940929,0.126087,-0.053091,0.263886,0.981668,-0.011470,-0.086267,-0.169569
6.950989,0.126278,-0.053070,0.263752,0.981748,-0.011286,-0.085723,-0.169395
6.961049,0.126531,-0.053028,0.263611,0.981827,-0.011072,-0.085186,-0.169221
6.971112,0.126882,-0.053057,0.263342,0.981855,-0.010678,-0.084112,-0.169622
6.981174,0.127066,-0.053051,0.263208,0.981868,-0.010467,-0.083578,-0.169823
6.991228,0.127307,-0.053002,0.263139,0.981916,-0.010345,-0.083410,-0.169640
7.001288,0.127547,-0.053087,0.263060,0.981833,-0.010224,-0.083248,-0.170206
7.011349,0.127877,-0.053190,0.263001,0.981800,-0.010177,-0.083261,-0.170393
7.021409,0.128024,-0.053205,0.263012,0.981784,-0.010190,-0.083453,-0.170388
7.031469,0.128339,-0.053331,0.262989,0.981618,-0.011826,-0.083374,-0.171276
7.041529,0.128517,-0.053388,0.263123,0.981488,-0.011835,-0.083766,-0.171829
7.051589,0.128715,-0.053387,0.263295,0.981241,-0.011776,-0.084374,-0.172939
7.061650,0.128919,-0.053416,0.263356,0.981108,-0.011650,-0.084409,-0.173687
7.071704,0.129282,-0.053445,0.263389,0.981040,-0.011524,-0.084440,-0.174061
7.081767,0.129449,-0.053399,0.263531,0.981075,-0.011576,-0.084815,-0.173678
7.091820,0.129706,-0.053391,0.263655,0.981110,-0.011628,-0.085190,-0.173296
7.101874,0.129909,-0.053419,0.263714,0.981143,-0.011612,-0.085193,-0.173109
7.111932,0.130109,-0.053387,0.263919,0.981145,-0.011748,-0.085938,-0.172717
7.121964,0.130200,-0.053367,0.264239,0.981114,-0.011899,-0.086682,-0.172513
7.132024,0.130385,-0.053269,0.264609,0.981164,-0.011975,-0.087245,-0.171939
7.142087,0.130583,-0.053187,0.264773,0.981229,-0.011909,-0.087257,-0.171564
7.152148,0.130920,-0.053162,0.265004,0.981294,-0.011843,-0.087268,-0.171190
7.162207,0.131123,-0.053188,0.265291,0.981310,-0.011868,-0.087456,-0.170998
7.172267,0.131233,-0.053175,0.265500,0.981327,-0.011893,-0.087644,-0.170807
7.182332,0.131373,-0.053165,0.266135,0.981310,-0.012100,-0.088568,-0.170411
7.192396,0.131531,-0.053171,0.266430,0.981326,-0.012125,-0.088756,-0.170220
7.202460,0.131715,-0.053257,0.266908,0.981277,-0.012150,-0.088946,-0.170402
7.212521,0.131873,-0.053273,0.267300,0.981260,-0.012158,-0.089139,-0.170398
7.222583,0.132043,-0.053402,0.267777,0.981046,-0.012100,-0.089355,-0.171516
7.232644,0.132137,-0.053440,0.268083,0.980864,-0.012024,-0.089574,-0.172447
7.242706,0.132370,-0.053564,0.268417,0.980597,-0.011858,-0.089622,-0.173943
7.252767,0.132523,-0.053597,0.268808,0.980513,-0.011832,-0.089825,-0.174312
7.262829,0.132677,-0.053601,0.269464,0.980328,-0.011818,-0.090417,-0.175047
7.272890,0.132850,-0.053612,0.269589,0.980208,-0.011830,-0.090232,-0.175816
7.282953,0.133005,-0.053644,0.269979,0.979953,-0.011685,-0.090467,-0.177120
7.293016,0.133177,-0.053645,0.270237,0.979850,-0.011566,-0.090497,-0.177680
7.303078,0.133367,-0.053574,0.270759,0.979816,-0.011542,-0.090890,-0.177671
7.313140,0.133481,-0.053561,0.271063,0.979833,-0.011564,-0.091078,-0.177479
7.323202,0.133670,-0.053519,0.271320,0.979900,-0.011529,-0.091082,-0.177106
7.333266,0.133747,-0.053441,0.271671,0.979900,-0.011555,-0.091464,-0.176910
7.343328,0.133926,-0.053395,0.272193,0.979933,-0.011598,-0.091840,-0.176527
7.353390,0.134115,-0.053353,0.272449,0.980001,-0.011563,-0.091844,-0.176153
7.363452,0.134409,-0.053352,0.272742,0.980085,-0.011489,-0.091663,-0.175784
7.373513,0.134533,-0.053332,0.272913,0.980152,-0.011489,-0.091660,-0.175410
7.383647,0.134773,-0.053310,0.273253,0.980219,-0.011454,-0.091664,-0.175036
7.393708,0.134888,-0.053296,0.273556,0.980235,-0.011475,-0.091852,-0.174845
7.403770,0.134948,-0.053261,0.273907,0.980234,-0.011534,-0.092227,-0.174649
7.413838,0.135169,-0.053289,0.274247,0.980216,-0.015256,-0.091563,-0.174812
7.423901,0.135346,-0.053300,0.274369,0.980267,-0.015200,-0.091379,-0.174629
7.433956,0.135491,-0.053358,0.274756,0.980250,-0.015238,-0.091566,-0.174625
7.444016,0.135613,-0.053347,0.274926,0.980283,-0.015221,-0.091568,-0.174438
7.454077,0.135698,-0.053381,0.275494,0.980231,-0.015336,-0.092126,-0.174427
7.464136,0.135738,-0.053397,0.275844,0.980196,-0.015412,-0.092498,-0.174419
7.474198,0.135910,-0.053405,0.276098,0.980229,-0.015395,-0.092501,-0.174232
7.484261,0.136062,-0.053466,0.276352,0.980229,-0.015395,-0.092501,-0.174232
7.494323,0.136286,-0.053495,0.276690,0.980263,-0.015377,-0.092504,-0.174045
7.504383,0.136459,-0.053503,0.276944,0.980296,-0.015359,-0.092507,-0.173858
7.514442,0.136633,-0.053512,0.277197,0.980329,-0.015342,-0.092510,-0.173671
7.524502,0.136693,-0.053476,0.277547,0.980327,-0.015400,-0.092885,-0.173477
7.534567,0.136858,-0.053490,0.277933,0.980309,-0.015403,-0.093078,-0.173473
7.544626,0.137038,-0.053501,0.278053,0.980360,-0.015347,-0.092895,-0.173290
7.554686,0.137222,-0.053453,0.278571,0.980391,-0.015388,-0.093273,-0.172908
7.564745,0.137345,-0.053441,0.278740,0.980424,-0.015370,-0.093276,-0.172721
7.574804,0.137535,-0.053395,0.279125,0.980472,-0.015372,-0.093468,-0.172344
7.584858,0.137653,-0.053381,0.279426,0.980487,-0.015392,-0.093657,-0.172153
7.594920,0.137869,-0.053284,0.279678,0.980585,-0.015338,-0.093666,-0.171592
7.604982,0.137987,-0.053270,0.279978,0.980600,-0.015358,-0.093855,-0.171401
7.615044,0.138204,-0.053172,0.280230,0.980698,-0.015304,-0.093864,-0.170840
7.625107,0.138328,-0.053160,0.280398,0.980731,-0.015287,-0.093867,-0.170653
7.635268,0.138461,-0.053090,0.280831,0.980760,-0.015326,-0.094245,-0.170271
7.645331,0.138580,-0.053076,0.281131,0.980775,-0.015345,-0.094434,-0.170080
7.655392,0.138698,-0.053061,0.281431,0.980790,-0.015364,-0.094623,-0.169889
7.665453,0.138791,-0.053097,0.281864,0.980754,-0.015439,-0.094995,-0.169882
7.675516,0.138974,-0.053107,0.281982,0.980804,-0.015383,-0.094812,-0.169698
7.685578,0.139125,-0.053165,0.282366,0.980786,-0.015421,-0.094998,-0.169695
7.695640,0.139166,-0.053181,0.282715,0.980750,-0.015495,-0.095370,-0.169687
7.705701,0.139193,-0.053192,0.283329,0.980678,-0.015645,-0.096115,-0.169672
7.715763,0.139233,-0.053207,0.283678,0.980641,-0.015719,-0.096487,-0.169664
7.725825,0.139273,-0.053222,0.284027,0.980605,-0.015794,-0.096860,-0.169656
7.735894,0.139319,-0.053240,0.284243,0.980586,-0.015831,-0.097046,-0.169652
7.745949,0.139411,-0.053276,0.284675,0.980550,-0.015906,-0.097418,-0.169645
7.756013,0.139391,-0.053268,0.285073,0.980494,-0.016018,-0.097976,-0.169633
7.766078,0.139483,-0.053304,0.285602,0.980431,-0.017588,-0.098089,-0.169775
7.776143,0.139529,-0.053321,0.285818,0.980413,-0.017625,-0.098276,-0.169772
7.786206,0.139617,-0.053365,0.286249,0.980343,-0.017681,-0.098652,-0.169951
7.796269,0.139653,-0.053389,0.286598,0.980273,-0.017737,-0.099028,-0.170131
7.806333,0.139734,-0.053430,0.287163,0.980183,-0.017830,-0.099591,-0.170307
7.816397,0.139772,-0.053444,0.287511,0.980145,-0.017904,-0.099963,-0.170299
7.826459,0.139823,-0.053403,0.287992,0.980121,-0.017996,-0.100524,-0.170101
7.836521,0.139858,-0.053426,0.288341,0.980050,-0.018051,-0.100901,-0.170281
7.846583,0.139868,-0.053468,0.288955,0.979842,-0.018123,-0.101662,-0.171014
7.856644,0.139902,-0.053491,0.289303,0.979771,-0.018177,-0.102038,-0.171193
7.866706,0.140043,-0.053555,0.289817,0.979699,-0.018231,-0.102415,-0.171372
7.876768,0.140080,-0.053569,0.290166,0.979660,-0.018305,-0.102787,-0.171365
7.886845,0.140170,-0.053604,0.290597,0.979621,-0.018379,-0.103159,-0.171357
7.896908,0.140207,-0.053618,0.290945,0.979582,-0.018453,-0.103531,-0.171349
7.906970,0.140244,-0.053632,0.291293,0.979542,-0.018526,-0.103903,-0.171342
7.917032,0.140333,-0.053667,0.291724,0.979503,-0.018600,-0.104275,-0.171334
7.927095,0.140361,-0.053678,0.292205,0.979443,-0.018711,-0.104833,-0.171322
7.937157,0.140325,-0.053664,0.292831,0.979363,-0.018858,-0.105578,-0.171307
7.947219,0.140377,-0.053684,0.293010,0.979363,-0.018858,-0.105578,-0.171307
7.957281,0.140395,-0.053691,0.293623,0.979282,-0.019005,-0.106322,-0.171291
7.967343,0.140376,-0.053684,0.293888,0.979242,-0.019079,-0.106694,-0.171283
7.977405,0.140339,-0.053670,0.294418,0.979160,-0.019226,-0.107438,-0.171267
7.987466,0.140311,-0.053659,0.294816,0.979099,-0.019337,-0.107996,-0.171255
7.997528,0.140283,-0.053648,0.295213,0.979037,-0.019447,-0.108553,-0.171243
8.007590,0.140284,-0.053587,0.295478,0.979028,-0.019500,-0.108929,-0.171049
8.017651,0.140254,-0.053575,0.295876,0.978966,-0.019611,-0.109487,-0.171037
8.027714,0.140225,-0.053564,0.296273,0.978903,-0.019721,-0.110045,-0.171025
8.037777,0.140174,-0.053544,0.296935,0.978798,-0.019905,-0.110974,-0.171004
8.047839,0.140207,-0.053557,0.297283,0.978756,-0.019979,-0.111346,-0.170996
8.057902,0.140176,-0.053545,0.297680,0.978692,-0.020089,-0.111904,-0.170984
8.067964,0.140134,-0.053590,0.297945,0.978617,-0.020184,-0.112272,-0.171162
8.078027,0.140112,-0.053520,0.298474,0.978564,-0.020310,-0.113019,-0.170959
8.088090,0.140091,-0.053512,0.298739,0.978521,-0.020383,-0.113391,-0.170951
8.098152,0.140047,-0.053495,0.299269,0.978434,-0.020530,-0.114134,-0.170934
8.108214,0.140025,-0.053487,0.299533,0.978391,-0.020604,-0.114506,-0.170926
8.118277,0.139991,-0.053474,0.299930,0.978325,-0.020714,-0.115064,-0.170913
8.128331,0.139946,-0.053456,0.300460,0.978237,-0.020861,-0.115807,-0.170896
8.138358,0.139911,-0.053443,0.300857,0.978171,-0.020971,-0.116364,-0.170883
8.148419,0.139861,-0.053423,0.301482,0.978082,-0.021119,-0.117107,-0.170866
8.158480,0.139902,-0.053439,0.301697,0.978060,-0.021155,-0.117293,-0.170862
8.168542,0.139871,-0.053427,0.302154,0.978015,-0.021229,-0.117665,-0.170853
8.178603,0.139851,-0.053420,0.302478,0.977993,-0.021266,-0.117851,-0.170849
8.188664,0.139798,-0.053399,0.303104,0.977903,-0.021413,-0.118594,-0.170832
8.198725,0.139790,-0.053396,0.303296,0.977903,-0.021413,-0.118594,-0.170832
8.208786,0.139765,-0.053386,0.303716,0.977880,-0.021449,-0.118779,-0.170827
8.218848,0.139744,-0.053378,0.304041,0.977857,-0.021486,-0.118965,-0.170823
8.228909,0.139717,-0.053368,0.304617,0.977857,-0.021486,-0.118965,-0.170823
8.238970,0.139711,-0.053366,0.304870,0.977880,-0.021449,-0.118779,-0.170827
8.249032,0.139692,-0.053358,0.305254,0.977880,-0.021449,-0.118779,-0.170827
8.259093,0.139678,-0.053353,0.305542,0.977880,-0.021449,-0.118779,-0.170827
8.269154,0.139653,-0.053343,0.306023,0.977880,-0.021449,-0.118779,-0.170827
8.279215,0.139637,-0.053337,0.306311,0.977880,-0.021449,-0.118779,-0.170827
8.289277,0.139630,-0.053334,0.306563,0.977903,-0.021413,-0.118594,-0.170832
8.299338,0.139628,-0.053333,0.306719,0.977925,-0.021376,-0.118408,-0.170836
8.309400,0.139614,-0.053328,0.307067,0.977948,-0.021339,-0.118222,-0.170840
8.319461,0.139598,-0.053322,0.307355,0.977948,-0.021339,-0.118222,-0.170840
8.329522,0.139578,-0.053314,0.307799,0.977970,-0.021302,-0.118036,-0.170845
8.339585,0.139568,-0.053310,0.308051,0.977993,-0.021266,-0.117851,-0.170849
8.349646,0.139567,-0.053310,0.308267,0.978037,-0.021192,-0.117479,-0.170858
8.359707,0.139571,-0.053312,0.308387,0.978082,-0.021119,-0.117107,-0.170866
8.369843,0.139547,-0.053302,0.308771,0.978082,-0.021119,-0.117107,-0.170866
8.379905,0.139531,-0.053287,0.309058,0.978115,-0.021141,-0.117103,-0.170680
8.389967,0.139541,-0.053291,0.309082,0.978159,-0.021067,-0.116731,-0.170688
8.400029,0.139529,-0.053295,0.309394,0.978171,-0.020971,-0.116364,-0.170883
8.410091,0.139524,-0.053294,0.309550,0.978193,-0.020935,-0.116178,-0.170888
8.420153,0.139409,-0.053310,0.309983,0.978138,-0.020994,-0.116360,-0.171070
8.430215,0.139485,-0.053278,0.310125,0.978193,-0.020935,-0.116178,-0.170888
8.440277,0.139451,-0.053265,0.310605,0.978193,-0.020935,-0.116178,-0.170888
8.450338,0.139453,-0.053266,0.310725,0.978237,-0.020861,-0.115807,-0.170896
8.460400,0.139421,-0.053315,0.311036,0.978249,-0.020810,-0.115431,-0.171091
8.470463,0.139414,-0.053312,0.311192,0.978271,-0.020773,-0.115245,-0.171095
8.480524,0.139340,-0.053283,0.311456,0.978293,-0.020736,-0.115060,-0.171100
8.490586,0.139326,-0.053278,0.311708,0.978314,-0.020699,-0.114874,-0.171104
8.500647,0.139312,-0.053272,0.311959,0.978336,-0.020662,-0.114688,-0.171108
8.510709,0.139228,-0.053240,0.312200,0.978314,-0.020699,-0.114874,-0.171104
8.520771,0.139236,-0.053243,0.312284,0.978380,-0.020589,-0.114316,-0.171116
8.530834,0.139229,-0.053240,0.312439,0.978402,-0.020552,-0.114130,-0.171121
8.540896,0.139214,-0.053235,0.312750,0.978445,-0.020478,-0.113759,-0.171129
8.550958,0.139177,-0.053211,0.313170,0.978456,-0.020537,-0.113940,-0.170938
8.561019,0.139177,-0.053211,0.313349,0.978521,-0.020426,-0.113382,-0.170951
8.571082,0.139160,-0.053204,0.313600,0.978542,-0.020389,-0.113197,-0.170955
8.581144,0.139143,-0.053198,0.313911,0.978585,-0.020316,-0.112825,-0.170963
8.591206,0.139064,-0.053167,0.314115,0.978585,-0.020316,-0.112825,-0.170963
8.601274,0.139062,-0.053166,0.314294,0.978650,-0.020205,-0.112267,-0.170976
8.611337,0.139036,-0.053156,0.314581,0.978650,-0.020205,-0.112267,-0.170976
8.621399,0.138928,-0.053175,0.314882,0.978617,-0.020227,-0.112263,-0.171162
8.631460,0.138910,-0.053168,0.315073,0.978617,-0.020227,-0.112263,-0.171162
8.641522,0.138900,-0.053165,0.315228,0.978638,-0.020190,-0.112078,-0.171166
8.651584,0.138873,-0.053154,0.315516,0.978638,-0.020190,-0.112078,-0.171166
8.661697,0.138852,-0.053146,0.315826,0.978681,-0.020116,-0.111706,-0.171175
8.671759,0.138762,-0.053111,0.316126,0.978681,-0.020116,-0.111706,-0.171175
8.681820,0.138751,-0.053107,0.316281,0.978702,-0.020079,-0.111520,-0.171179
8.691880,0.138738,-0.053102,0.316496,0.978745,-0.020005,-0.111148,-0.171187
8.701942,0.138697,-0.053147,0.316747,0.978733,-0.019989,-0.110958,-0.171378
8.711972,0.138659,-0.053132,0.317129,0.978733,-0.019989,-0.110958,-0.171378
8.722033,0.138560,-0.053094,0.317406,0.978691,-0.020063,-0.111330,-0.171369
8.732095,0.138470,-0.053059,0.317646,0.978670,-0.020100,-0.111516,-0.171365
8.742156,0.138450,-0.053051,0.317837,0.978670,-0.020100,-0.111516,-0.171365
8.752219,0.138435,-0.053045,0.318052,0.978712,-0.020026,-0.111144,-0.171374
8.762284,0.138313,-0.053059,0.318387,0.978658,-0.020085,-0.111326,-0.171556
8.772348,0.138272,-0.053043,0.318770,0.978658,-0.020085,-0.111326,-0.171556
8.782412,0.138169,-0.053003,0.319105,0.978637,-0.020122,-0.111512,-0.171552
8.792467,0.138097,-0.052975,0.319296,0.978700,-0.020011,-0.110955,-0.171564
8.802536,0.138020,-0.052945,0.319463,0.978721,-0.019974,-0.110769,-0.171568
8.812597,0.137867,-0.052886,0.319738,0.978742,-0.019937,-0.110583,-0.171572
8.822656,0.137717,-0.052828,0.319954,0.978742,-0.019937,-0.110583,-0.171572
8.832715,0.137490,-0.052800,0.320146,0.978731,-0.019921,-0.110393,-0.171763
8.842774,0.137392,-0.052762,0.320445,0.978731,-0.019921,-0.110393,-0.171763
8.852834,0.137243,-0.052695,0.320660,0.978764,-0.019942,-0.110389,-0.171577
8.862893,0.137092,-0.052636,0.320875,0.978764,-0.019942,-0.110389,-0.171577
8.872953,0.136935,-0.052635,0.321018,0.978773,-0.019889,-0.110013,-0.171771
8.883013,0.136926,-0.052632,0.321136,0.978815,-0.019814,-0.109641,-0.171779
8.893073,0.136750,-0.052563,0.321541,0.978815,-0.019814,-0.109641,-0.171779
8.903135,0.136596,-0.052503,0.321756,0.978815,-0.019814,-0.109641,-0.171779
8.913194,0.136345,-0.052406,0.322209,0.978794,-0.019852,-0.109827,-0.171775
8.923254,0.136170,-0.052397,0.322423,0.978761,-0.019872,-0.109823,-0.171962
8.933313,0.136022,-0.052340,0.322601,0.978782,-0.019835,-0.109638,-0.171966
8.943374,0.135866,-0.052279,0.322815,0.978782,-0.019835,-0.109638,-0.171966
8.953475,0.135697,-0.052214,0.323124,0.978782,-0.019835,-0.109638,-0.171966
8.963535,0.135526,-0.052206,0.323278,0.978728,-0.019893,-0.109820,-0.172149
8.973595,0.135428,-0.052228,0.323385,0.978695,-0.019914,-0.109816,-0.172335
8.983655,0.135205,-0.052141,0.323610,0.978695,-0.019914,-0.109816,-0.172335
8.993714,0.134955,-0.052102,0.323870,0.978641,-0.019973,-0.109998,-0.172518
9.003774,0.134809,-0.052095,0.323915,0.978683,-0.019940,-0.109618,-0.172526
9.013834,0.134652,-0.052093,0.323996,0.978671,-0.019923,-0.109428,-0.172717
9.023894,0.134448,-0.052131,0.324268,0.978626,-0.019928,-0.109235,-0.173094
9.033953,0.134290,-0.052128,0.324349,0.978614,-0.019911,-0.109045,-0.173285
9.044013,0.134023,-0.052082,0.324703,0.978560,-0.019969,-0.109227,-0.173468
9.054072,0.133781,-0.052036,0.324926,0.978560,-0.020011,-0.109219,-0.173468
9.064132,0.133478,-0.052035,0.325374,0.978473,-0.020090,-0.109397,-0.173837
9.074193,0.133356,-0.052045,0.325634,0.978461,-0.020073,-0.109207,-0.174028
9.084252,0.133178,-0.052024,0.325867,0.978502,-0.020040,-0.108827,-0.174036
9.094306,0.133070,-0.052040,0.326031,0.978490,-0.020023,-0.108638,-0.174226
9.104366,0.132940,-0.052087,0.326254,0.978531,-0.020029,-0.108249,-0.174235
9.114427,0.132729,-0.052100,0.326537,0.978490,-0.020188,-0.108604,-0.174227
9.124482,0.132467,-0.052065,0.326794,0.978569,-0.020370,-0.108759,-0.173663
9.134541,0.132263,-0.052081,0.327040,0.978549,-0.020491,-0.108927,-0.173659
9.144602,0.131903,-0.052074,0.327343,0.978541,-0.020714,-0.109268,-0.173464
9.154664,0.131798,-0.052119,0.327411,0.978595,-0.020779,-0.109061,-0.173281
9.164727,0.131607,-0.052072,0.327693,0.978619,-0.020939,-0.109413,-0.172900
9.174788,0.131508,-0.052080,0.327798,0.978619,-0.020981,-0.109405,-0.172900
9.184847,0.131282,-0.052018,0.327923,0.978686,-0.021064,-0.109386,-0.172527
9.194910,0.131163,-0.052029,0.328122,0.978653,-0.021085,-0.109382,-0.172713
9.204972,0.130812,-0.051945,0.328518,0.978578,-0.021184,-0.109749,-0.172892
9.214996,0.130566,-0.051836,0.328809,0.978569,-0.021284,-0.110115,-0.172697
9.225059,0.130221,-0.051754,0.329167,0.978515,-0.021344,-0.110297,-0.172880
9.235121,0.130053,-0.051687,0.329375,0.978515,-0.021344,-0.110297,-0.172880
9.245252,0.129923,-0.051692,0.329632,0.978503,-0.021326,-0.110107,-0.173070
9.255317,0.129727,-0.051670,0.329876,0.978449,-0.021386,-0.110289,-0.173253
9.265379,0.129536,-0.051707,0.329989,0.978383,-0.021428,-0.110280,-0.173626
9.275441,0.129238,-0.051691,0.330336,0.978329,-0.021531,-0.110453,-0.173809
9.285503,0.128965,-0.051638,0.330625,0.978253,-0.021631,-0.110819,-0.173987
9.295565,0.128651,-0.051681,0.330935,0.978154,-0.021695,-0.110807,-0.174547
9.305628,0.128486,-0.051671,0.331011,0.978141,-0.021676,-0.110617,-0.174737
9.315690,0.128280,-0.051701,0.331202,0.978146,-0.021225,-0.110120,-0.175081
9.325751,0.128069,-0.051728,0.331408,0.978079,-0.021267,-0.110112,-0.175454
9.335816,0.127804,-0.051790,0.331456,0.978021,-0.021250,-0.109729,-0.176022
9.345877,0.127453,-0.051749,0.331715,0.977966,-0.021353,-0.109901,-0.176205
9.355939,0.127047,-0.051835,0.331974,0.977878,-0.021561,-0.110051,-0.176573
9.366001,0.126850,-0.051818,0.332178,0.977980,-0.021707,-0.110018,-0.176014
9.376061,0.126478,-0.051782,0.332493,0.978215,-0.022020,-0.109945,-0.174708
9.386116,0.126329,-0.051861,0.332652,0.978236,-0.022104,-0.109733,-0.174713
9.396178,0.125936,-0.051855,0.333003,0.978148,-0.022229,-0.109900,-0.175082
9.406240,0.125687,-0.051843,0.333085,0.978170,-0.022271,-0.109696,-0.175086
9.416304,0.125456,-0.051922,0.333251,0.978224,-0.022416,-0.109468,-0.174904
9.426366,0.125165,-0.051863,0.333571,0.978262,-0.022688,-0.109988,-0.174331
9.436389,0.124790,-0.051765,0.333969,0.978500,-0.019648,-0.111466,-0.172415
9.446451,0.124544,-0.051704,0.334100,0.978603,-0.019966,-0.111970,-0.171467
9.456514,0.124161,-0.051564,0.334282,0.978748,-0.020371,-0.112646,-0.170142
9.466576,0.123943,-0.051655,0.334368,0.978706,-0.020629,-0.112974,-0.170132
9.476636,0.123561,-0.051646,0.334635,0.978720,-0.021040,-0.113652,-0.169553
9.486697,0.123333,-0.051610,0.334656,0.978818,-0.021190,-0.113613,-0.168993
9.496774,0.122905,-0.051559,0.334857,0.978938,-0.021558,-0.113908,-0.168051
9.506836,0.122745,-0.051515,0.334928,0.979024,-0.021598,-0.113700,-0.167682
9.516899,0.122452,-0.051499,0.335172,0.978939,-0.021687,-0.113876,-0.168051
9.526959,0.122211,-0.051504,0.335177,0.978939,-0.021595,-0.113316,-0.168439
9.537014,0.121954,-0.051502,0.335254,0.978896,-0.021593,-0.113124,-0.168817
9.547073,0.121559,-0.051494,0.335561,0.978799,-0.021657,-0.113111,-0.169377
9.557134,0.121272,-0.051478,0.335767,0.978735,-0.021701,-0.113103,-0.169751
9.567188,0.121070,-0.051535,0.335821,0.978788,-0.021625,-0.112342,-0.169957
9.577248,0.120891,-0.051556,0.335855,0.978798,-0.021598,-0.111960,-0.170153
9.587311,0.120539,-0.051644,0.336116,0.978755,-0.021721,-0.111736,-0.170532
9.597372,0.120389,-0.051722,0.336236,0.978766,-0.021735,-0.111343,-0.170728
9.607434,0.119945,-0.051788,0.336576,0.978614,-0.021908,-0.111500,-0.171470
9.617497,0.119704,-0.051844,0.336774,0.978516,-0.021972,-0.111487,-0.172030
9.627559,0.119413,-0.051931,0.336812,0.978427,-0.021964,-0.111103,-0.172786
9.637621,0.119194,-0.051995,0.336917,0.978328,-0.022028,-0.111090,-0.173346
9.647675,0.118937,-0.052042,0.337187,0.978186,-0.022185,-0.111445,-0.173896
9.657734,0.118748,-0.052055,0.337270,0.978111,-0.022342,-0.111797,-0.174073
9.667787,0.118384,-0.052052,0.337437,0.977926,-0.022594,-0.112519,-0.174613
9.677849,0.118095,-0.052083,0.337562,0.977762,-0.022800,-0.113056,-0.175157
9.687910,0.117659,-0.052149,0.337856,0.977656,-0.023294,-0.113907,-0.175133
9.697971,0.117421,-0.052142,0.337851,0.977714,-0.023582,-0.114220,-0.174564
9.708030,0.117174,-0.052209,0.338025,0.977806,-0.023980,-0.114503,-0.173808
9.718091,0.116993,-0.052238,0.338034,0.977874,-0.024153,-0.114455,-0.173435
9.728153,0.116535,-0.052224,0.338223,0.977898,-0.024510,-0.114750,-0.173053
9.738213,0.116290,-0.052168,0.338293,0.978020,-0.024612,-0.114523,-0.172499
9.748276,0.115925,-0.052202,0.338369,0.977943,-0.024672,-0.114314,-0.173063
9.758338,0.115696,-0.052201,0.338311,0.977920,-0.024616,-0.113939,-0.173446
9.768404,0.115279,-0.052165,0.338390,0.977843,-0.024632,-0.113742,-0.174011
9.778465,0.114938,-0.052100,0.338536,0.977788,-0.024746,-0.113909,-0.174192
9.788530,0.114715,-0.052178,0.338600,0.977777,-0.024847,-0.113686,-0.174384
9.798592,0.114415,-0.052178,0.338471,0.978010,-0.023016,-0.113219,-0.173630
9.808646,0.114195,-0.052246,0.338535,0.978033,-0.023136,-0.112989,-0.173635
9.818700,0.113767,-0.052223,0.338611,0.978022,-0.023234,-0.112767,-0.173827
9.828762,0.113415,-0.052265,0.338626,0.977890,-0.023320,-0.112749,-0.174574
9.838816,0.113132,-0.052330,0.338621,0.977854,-0.023273,-0.112177,-0.175149
9.848876,0.112919,-0.052385,0.338685,0.977774,-0.023286,-0.111981,-0.175714
9.858937,0.112574,-0.052428,0.338663,0.977661,-0.023320,-0.111781,-0.176465
9.868998,0.112242,-0.052424,0.338677,0.977678,-0.017790,-0.112779,-0.176382
9.879060,0.111916,-0.052517,0.338779,0.977543,-0.017918,-0.112753,-0.177128
9.889122,0.111652,-0.052545,0.338789,0.977442,-0.017983,-0.112743,-0.177688
9.899182,0.111356,-0.052661,0.338762,0.977293,-0.018038,-0.112543,-0.178626
9.909245,0.111175,-0.052728,0.338696,0.977232,-0.017998,-0.112169,-0.179198
9.919306,0.110810,-0.052808,0.338672,0.977081,-0.018052,-0.111970,-0.180137
9.929367,0.110474,-0.052787,0.338720,0.976992,-0.018189,-0.112133,-0.180503
9.939428,0.110182,-0.052820,0.338784,0.976980,-0.018283,-0.111911,-0.180696
9.949488,0.109994,-0.052894,0.338716,0.977024,-0.018344,-0.111499,-0.180710
9.959550,0.109694,-0.052924,0.338777,0.977292,-0.018682,-0.111184,-0.179414
9.969609,0.109480,-0.052914,0.338908,0.977516,-0.019044,-0.111256,-0.178104
9.979673,0.109014,-0.052870,0.339081,0.977823,-0.019647,-0.111444,-0.176230
9.989734,0.108759,-0.052856,0.339086,0.977996,-0.019915,-0.111349,-0.175299
9.999794,0.108458,-0.052799,0.339273,0.978235,-0.020223,-0.111235,-0.173995
10.009854,0.108255,-0.052789,0.339367,0.978338,-0.020409,-0.111170,-0.173436
10.019916,0.107919,-0.052691,0.339464,0.978641,-0.020757,-0.111037,-0.171758
10.029976,0.107644,-0.052643,0.339558,0.978876,-0.021065,-0.110921,-0.170454
10.040038,0.107323,-0.052510,0.339907,0.979133,-0.021487,-0.111160,-0.168763
10.050097,0.106966,-0.052469,0.340219,0.979311,-0.021875,-0.111218,-0.167638
10.060156,0.106766,-0.052468,0.340276,0.979398,-0.021982,-0.110979,-0.167271
10.070217,0.106356,-0.052509,0.340408,0.979348,-0.022269,-0.111088,-0.167453
10.080278,0.106091,-0.052430,0.340539,0.979394,-0.022452,-0.111222,-0.167074
10.090341,0.105576,-0.052371,0.340653,0.979306,-0.022632,-0.111734,-0.167222
10.100400,0.105319,-0.052335,0.340729,0.979200,-0.022795,-0.112085,-0.167583
10.110462,0.104914,-0.052423,0.340806,0.978966,-0.023043,-0.112418,-0.168691
10.120525,0.104563,-0.052386,0.340918,0.978806,-0.023288,-0.112944,-0.169232
10.130578,0.104024,-0.052338,0.341102,0.978572,-0.023718,-0.113810,-0.169947
10.140640,0.103802,-0.052420,0.341140,0.978421,-0.023865,-0.113971,-0.170687
10.150702,0.103414,-0.052511,0.341142,0.978225,-0.023995,-0.113944,-0.171807
10.160765,0.103050,-0.052513,0.341216,0.978051,-0.024204,-0.114284,-0.172540
10.170827,0.102607,-0.052521,0.341254,0.977864,-0.024374,-0.114441,-0.173467
10.180889,0.102312,-0.052589,0.341254,0.977766,-0.024525,-0.114398,-0.174027
10.190954,0.101925,-0.052624,0.341325,0.977693,-0.024883,-0.114678,-0.174201
10.201016,0.101574,-0.052567,0.341431,0.977699,-0.025282,-0.115137,-0.173810
10.211072,0.101113,-0.052567,0.341500,0.977727,-0.025750,-0.115370,-0.173426
10.221134,0.100940,-0.052578,0.341462,0.977784,-0.025838,-0.115137,-0.173247
10.231196,0.100573,-0.052629,0.341423,0.977742,-0.025990,-0.114888,-0.173627
10.241259,0.100329,-0.052589,0.341420,0.977941,-0.020752,-0.115779,-0.172617
10.251321,0.099795,-0.052541,0.341522,0.977950,-0.021286,-0.116185,-0.172224
10.261384,0.099580,-0.052575,0.341591,0.977911,-0.021586,-0.116480,-0.172211
10.271446,0.099206,-0.052536,0.341729,0.977897,-0.022102,-0.117091,-0.171810
10.281509,0.098990,-0.052568,0.341798,0.977857,-0.022406,-0.117385,-0.171796
10.291572,0.098722,-0.052549,0.341829,0.977906,-0.022687,-0.117476,-0.171417
10.301635,0.098387,-0.052521,0.341824,0.977956,-0.019110,-0.118078,-0.171156
10.311698,0.098106,-0.052564,0.341821,0.977791,-0.019179,-0.118075,-0.172088
10.321760,0.097778,-0.052705,0.341781,0.977616,-0.019291,-0.117860,-0.173215
10.331823,0.097508,-0.052692,0.341811,0.977633,-0.019552,-0.117961,-0.173022
10.341885,0.097062,-0.052601,0.341981,0.977599,-0.020145,-0.118742,-0.172611
10.351946,0.096737,-0.052650,0.342082,0.977507,-0.020587,-0.119187,-0.172775
10.361973,0.096381,-0.052610,0.342145,0.977537,-0.020984,-0.119433,-0.172388
10.372028,0.096105,-0.052609,0.342175,0.977485,-0.021206,-0.119556,-0.172567
10.382089,0.095815,-0.052716,0.342061,0.977386,-0.021160,-0.118989,-0.173525
10.392151,0.095526,-0.052785,0.342019,0.977241,-0.021206,-0.118792,-0.174465
10.402213,0.095098,-0.052754,0.342007,0.977248,-0.021468,-0.118691,-0.174467
10.412275,0.094833,-0.052725,0.342034,0.977299,-0.021754,-0.118774,-0.174088
10.422338,0.094471,-0.052739,0.341985,0.977430,-0.022054,-0.118441,-0.173541
10.432400,0.094214,-0.052713,0.341975,0.977502,-0.022270,-0.118347,-0.173171
10.442462,0.093717,-0.052602,0.342028,0.977567,-0.022735,-0.118557,-0.172599
10.452524,0.093447,-0.052585,0.342055,0.977549,-0.022980,-0.118663,-0.172592
10.462586,0.093140,-0.052689,0.341973,0.977498,-0.023081,-0.118229,-0.173169
10.472649,0.092882,-0.052689,0.341927,0.977489,-0.023163,-0.117996,-0.173365
10.482710,0.092470,-0.052614,0.341908,0.977631,-0.023508,-0.117839,-0.172624
10.492773,0.092238,-0.052539,0.341896,0.977770,-0.023722,-0.117733,-0.171881
10.502834,0.091953,-0.052551,0.341883,0.977877,-0.024044,-0.117587,-0.171325
10.512896,0.091640,-0.052587,0.341943,0.977806,-0.024429,-0.117843,-0.171497
10.522936,0.091239,-0.052475,0.341958,0.977966,-0.023124,-0.118167,-0.170544
10.532998,0.090897,-0.052435,0.341979,0.977848,-0.023309,-0.118310,-0.171095
10.543072,0.090485,-0.052559,0.341930,0.977624,-0.021157,-0.118509,-0.172511
10.553131,0.090228,-0.052525,0.341954,0.977538,-0.021320,-0.118657,-0.172876
10.563191,0.090042,-0.052515,0.341981,0.977520,-0.021524,-0.118776,-0.172868
10.573251,0.089497,-0.052459,0.342100,0.977306,-0.022043,-0.119401,-0.173580
10.583310,0.089200,-0.052468,0.342158,0.977201,-0.022369,-0.119685,-0.173936
10.593369,0.088976,-0.052551,0.342112,0.977195,-0.022536,-0.119413,-0.174134
10.603428,0.088707,-0.052530,0.342134,0.977144,-0.022765,-0.119526,-0.174313
10.613491,0.088200,-0.052596,0.342183,0.976870,-0.023163,-0.119805,-0.175600
10.623555,0.087854,-0.052542,0.342237,0.976727,-0.023427,-0.120120,-0.176142
10.633614,0.087440,-0.052565,0.342323,0.976638,-0.023987,-0.120501,-0.176304
10.643673,0.087237,-0.052552,0.342382,0.976669,-0.024359,-0.120741,-0.175917
10.653734,0.086849,-0.052500,0.342500,0.976813,-0.021522,-0.121870,-0.174701
10.663793,0.086579,-0.052522,0.342466,0.976813,-0.021965,-0.122081,-0.174499
10.673853,0.086064,-0.052354,0.342646,0.976795,-0.022765,-0.122949,-0.173888
10.683912,0.085805,-0.052428,0.342703,0.976761,-0.023236,-0.123151,-0.173873
10.693971,0.085486,-0.052426,0.342789,0.976809,-0.023852,-0.123476,-0.173291
10.704031,0.085221,-0.052342,0.342876,0.976886,-0.024356,-0.123845,-0.172521
10.714090,0.084672,-0.052223,0.343053,0.976922,-0.021516,-0.125329,-0.171620
10.724153,0.084471,-0.052203,0.343110,0.976953,-0.021902,-0.125553,-0.171231
10.734212,0.084072,-0.052000,0.343254,0.977054,-0.022619,-0.126220,-0.170068
10.744271,0.083758,-0.052001,0.343341,0.976962,-0.023117,-0.126620,-0.170227
10.754379,0.083248,-0.051818,0.343514,0.976940,-0.023950,-0.127460,-0.169613
10.764438,0.082995,-0.051721,0.343600,0.976945,-0.024380,-0.127870,-0.169213
10.774498,0.082718,-0.051663,0.343686,0.976884,-0.024813,-0.128291,-0.169185
10.784559,0.082284,-0.051706,0.343803,0.976568,-0.025362,-0.128916,-0.170448
10.794622,0.081999,-0.051671,0.343890,0.976404,-0.025731,-0.129389,-0.170976
10.804684,0.081482,-0.051523,0.344065,0.976102,-0.026353,-0.130383,-0.171843
10.814745,0.081245,-0.051576,0.344123,0.975892,-0.026644,-0.130697,-0.172753
10.824806,0.080829,-0.051589,0.344239,0.975568,-0.027152,-0.131340,-0.174013
10.834868,0.080472,-0.051507,0.344354,0.975341,-0.027587,-0.131997,-0.174715
10.844927,0.079918,-0.051413,0.344526,0.974966,-0.028266,-0.132977,-0.175952
10.854990,0.079722,-0.051493,0.344460,0.974822,-0.026803,-0.133422,-0.176642
10.865051,0.079202,-0.051499,0.344602,0.974435,-0.027477,-0.134203,-0.178075
10.875114,0.078926,-0.051439,0.344685,0.974336,-0.027902,-0.134633,-0.178230
10.885174,0.078378,-0.051308,0.344849,0.974171,-0.028779,-0.135470,-0.178355
10.895235,0.078146,-0.051324,0.344900,0.974170,-0.029268,-0.135641,-0.178153
10.905297,0.077812,-0.051263,0.344881,0.974253,-0.029963,-0.135896,-0.177386
10.915359,0.077587,-0.051261,0.344930,0.974322,-0.030502,-0.136024,-0.176814
10.925419,0.077063,-0.051007,0.344952,0.974604,-0.031591,-0.136447,-0.174731
10.935479,0.076797,-0.050903,0.345026,0.974750,-0.032243,-0.136703,-0.173592
10.945541,0.076501,-0.050931,0.344976,0.974857,-0.032961,-0.136725,-0.172839
10.955601,0.076253,-0.050827,0.345017,0.974954,-0.033432,-0.136874,-0.172080
10.965663,0.075762,-0.050665,0.345029,0.975058,-0.034104,-0.136916,-0.171326
10.975722,0.075536,-0.050564,0.344998,0.975237,-0.034421,-0.136710,-0.170404
10.985845,0.075248,-0.050436,0.344882,0.975604,-0.034750,-0.136037,-0.168766
10.995905,0.074985,-0.050415,0.344816,0.975674,-0.034979,-0.135691,-0.168598
11.005966,0.074682,-0.050283,0.344812,0.975724,-0.035315,-0.135708,-0.168221
11.016028,0.074232,-0.050118,0.344755,0.975735,-0.035611,-0.135546,-0.168227
11.026094,0.073981,-0.050090,0.344691,0.975734,-0.035742,-0.135266,-0.168428
11.036153,0.073687,-0.050070,0.344492,0.975829,-0.035925,-0.134726,-0.168271
11.046214,0.073358,-0.049987,0.344489,0.975746,-0.036216,-0.134795,-0.168636
11.056275,0.072941,-0.049918,0.344441,0.975623,-0.036465,-0.134685,-0.169383
11.066336,0.072801,-0.049966,0.344265,0.975576,-0.036405,-0.134308,-0.169964
11.076398,0.072460,-0.049923,0.344227,0.975588,-0.032698,-0.134908,-0.170171
11.086460,0.072202,-0.049948,0.344146,0.975438,-0.032992,-0.134992,-0.170906
11.096519,0.071826,-0.049828,0.344113,0.975378,-0.033567,-0.135318,-0.170878
11.106581,0.071592,-0.049815,0.344031,0.975295,-0.033860,-0.135385,-0.171242
11.116641,0.071316,-0.049874,0.343912,0.975424,-0.027298,-0.136435,-0.170847
11.126702,0.071167,-0.049889,0.343804,0.975398,-0.027471,-0.136345,-0.171037
11.136764,0.070780,-0.049807,0.343735,0.975298,-0.027958,-0.136520,-0.171390
11.146824,0.070601,-0.049826,0.343496,0.975298,-0.028084,-0.136239,-0.171594
11.156888,0.070350,-0.049782,0.343278,0.975382,-0.028421,-0.136023,-0.171233
11.166947,0.070176,-0.049814,0.343204,0.975300,-0.028716,-0.136089,-0.171596
11.177007,0.069931,-0.049882,0.342724,0.975140,-0.028943,-0.136004,-0.172529
11.187069,0.069633,-0.049753,0.342607,0.974972,-0.029312,-0.136474,-0.173049
11.197132,0.069485,-0.049840,0.342103,0.974830,-0.029345,-0.136284,-0.173991
11.207193,0.069324,-0.049904,0.341815,0.974699,-0.029497,-0.136233,-0.174736
11.217336,0.069127,-0.049956,0.341428,0.974606,-0.029721,-0.136129,-0.175298
11.227398,0.068894,-0.049867,0.341281,0.974604,-0.030134,-0.136313,-0.175093
11.237459,0.068744,-0.049905,0.340990,0.974580,-0.030355,-0.136191,-0.175285
11.247519,0.068603,-0.050015,0.340575,0.974583,-0.030574,-0.135849,-0.175492
11.257581,0.068539,-0.050074,0.340258,0.974652,-0.030692,-0.135547,-0.175326
11.267641,0.068383,-0.050147,0.339745,0.974727,-0.030954,-0.135158,-0.175164
11.277703,0.068140,-0.050066,0.339596,0.974763,-0.031439,-0.135284,-0.174776
11.287763,0.067988,-0.050130,0.339082,0.974873,-0.031722,-0.134869,-0.174430
11.297824,0.067972,-0.050209,0.338641,0.975035,-0.031781,-0.134360,-0.173907
11.307883,0.067831,-0.050151,0.338244,0.975329,-0.032200,-0.134021,-0.172437
11.317943,0.067741,-0.050140,0.338042,0.975514,-0.032503,-0.133783,-0.171520
11.328003,0.067544,-0.050159,0.337644,0.975706,-0.032997,-0.133423,-0.170608
11.338062,0.067451,-0.050102,0.337346,0.975921,-0.033273,-0.133189,-0.169504
11.348129,0.067407,-0.050232,0.336870,0.976072,-0.033294,-0.132483,-0.169181
11.358190,0.067209,-0.050232,0.336733,0.975969,-0.033693,-0.132696,-0.169533
11.368249,0.067042,-0.050159,0.336425,0.976116,-0.033971,-0.132478,-0.168800
11.378309,0.067008,-0.050167,0.336103,0.976317,-0.034120,-0.132108,-0.167893
11.388369,0.066785,-0.050086,0.335768,0.976385,-0.034631,-0.132197,-0.167321
11.398428,0.066645,-0.050137,0.335440,0.976351,-0.034718,-0.131934,-0.167710
11.408489,0.066486,-0.050160,0.335054,0.976223,-0.034819,-0.131908,-0.168455
11.418549,0.066387,-0.050197,0.334860,0.976126,-0.034895,-0.131888,-0.169013
11.428608,0.066110,-0.050151,0.334618,0.975919,-0.035230,-0.132169,-0.169919
11.438668,0.065914,-0.050182,0.334448,0.975733,-0.035461,-0.132292,-0.170837
11.448730,0.065816,-0.050262,0.334038,0.975626,-0.035457,-0.132108,-0.171594
11.458791,0.065718,-0.050299,0.333844,0.975527,-0.035532,-0.132088,-0.172153
11.468854,0.065561,-0.050278,0.333674,0.975472,-0.033852,-0.132554,-0.172446
11.478917,0.065308,-0.050338,0.333407,0.975238,-0.033577,-0.132765,-0.173659
11.488976,0.065074,-0.050285,0.333261,0.975060,-0.033889,-0.133052,-0.174377
11.499036,0.064899,-0.050333,0.332873,0.974893,-0.034016,-0.133020,-0.175307
11.509095,0.064823,-0.050432,0.332559,0.974782,-0.034012,-0.132837,-0.176064
11.519154,0.064668,-0.050455,0.332171,0.974647,-0.034113,-0.132811,-0.176807
11.529214,0.064455,-0.050377,0.332023,0.974500,-0.034401,-0.133105,-0.177339
11.539274,0.064283,-0.050425,0.331635,0.974331,-0.034528,-0.133072,-0.178268
11.549333,0.064207,-0.050524,0.331320,0.974217,-0.034523,-0.132889,-0.179025
11.559392,0.064042,-0.050555,0.330930,0.974119,-0.034694,-0.132806,-0.179585
11.569451,0.063992,-0.050613,0.330613,0.974112,-0.034707,-0.132580,-0.179787
11.579510,0.063726,-0.050539,0.330362,0.974081,-0.035203,-0.132701,-0.179771
11.589569,0.063614,-0.050532,0.330064,0.974164,-0.035434,-0.132523,-0.179409
11.599630,0.063551,-0.050538,0.329642,0.974378,-0.035623,-0.132113,-0.178507
11.609696,0.063534,-0.050539,0.329320,0.974551,-0.035696,-0.131792,-0.177786
11.619761,0.063478,-0.050529,0.328896,0.974835,-0.035925,-0.131332,-0.176515
11.629814,0.063342,-0.050449,0.328714,0.975037,-0.036350,-0.131205,-0.175403
11.639876,0.063237,-0.050340,0.328304,0.975546,-0.036884,-0.130686,-0.172829
11.649936,0.063218,-0.050324,0.327976,0.976156,-0.028150,-0.131793,-0.170172
11.659998,0.063159,-0.050322,0.327552,0.976404,-0.028165,-0.131378,-0.169063
11.670060,0.063139,-0.050332,0.327232,0.976535,-0.028209,-0.131077,-0.168528
11.680122,0.063093,-0.050322,0.326810,0.976739,-0.028341,-0.130689,-0.167626
11.690184,0.062928,-0.050171,0.326654,0.976840,-0.028739,-0.130819,-0.166864
11.700245,0.062841,-0.050131,0.326353,0.976986,-0.028961,-0.130610,-0.166133
11.710308,0.062875,-0.050251,0.325792,0.977093,-0.028784,-0.130026,-0.165996
11.720369,0.062757,-0.050182,0.325616,0.977111,-0.029009,-0.130085,-0.165802
11.730431,0.062676,-0.050151,0.325320,0.977151,-0.029121,-0.129992,-0.165621
11.740493,0.062588,-0.050179,0.325124,0.977090,-0.029216,-0.129947,-0.165996
11.750554,0.062392,-0.050139,0.324754,0.976977,-0.029448,-0.130049,-0.166543
11.760616,0.062339,-0.050214,0.324439,0.976902,-0.029410,-0.129881,-0.167116
11.770677,0.062357,-0.050377,0.323883,0.976835,-0.029126,-0.129436,-0.167901
11.780739,0.062231,-0.050332,0.323710,0.976750,-0.029288,-0.129576,-0.168260
11.790800,0.062143,-0.050328,0.323417,0.976686,-0.029338,-0.129565,-0.168633
11.800862,0.062055,-0.050323,0.323123,0.976621,-0.029387,-0.129554,-0.169005
11.810924,0.061988,-0.050340,0.322612,0.976578,-0.029324,-0.129391,-0.169392
11.820986,0.061973,-0.050369,0.322295,0.976567,-0.029236,-0.129234,-0.169592
11.831047,0.061870,-0.050348,0.321904,0.976502,-0.029285,-0.129223,-0.169965
11.841108,0.061822,-0.050329,0.321707,0.976505,-0.029330,-0.129189,-0.169966
11.851171,0.061832,-0.050404,0.321268,0.976552,-0.029195,-0.128820,-0.169998
11.861235,0.061765,-0.050409,0.321071,0.976522,-0.029264,-0.128781,-0.170187
11.871297,0.061700,-0.050460,0.320655,0.976481,-0.029245,-0.128586,-0.170575
11.881360,0.061649,-0.050450,0.320459,0.976448,-0.029270,-0.128580,-0.170761
11.891422,0.061561,-0.050533,0.320044,0.976338,-0.029255,-0.128406,-0.171520
11.901484,0.061439,-0.050490,0.319871,0.976252,-0.029417,-0.128546,-0.171879
11.911644,0.061371,-0.050550,0.319456,0.976174,-0.029377,-0.128378,-0.172451
11.921706,0.061338,-0.050603,0.319139,0.976229,-0.025775,-0.128841,-0.172372
11.931768,0.061239,-0.050497,0.318867,0.976209,-0.025889,-0.128993,-0.172358
11.941829,0.061155,-0.050495,0.318573,0.976143,-0.025938,-0.128983,-0.172730
11.951891,0.061213,-0.050557,0.318233,0.976184,-0.025710,-0.128681,-0.172759
11.961954,0.061185,-0.050571,0.317818,0.976171,-0.025621,-0.128525,-0.172960
11.972016,0.061207,-0.050594,0.317599,0.976191,-0.025507,-0.128374,-0.172975
11.982077,0.061194,-0.050624,0.317282,0.976179,-0.025418,-0.128218,-0.173175
11.992139,0.061167,-0.050584,0.317085,0.976214,-0.025438,-0.128189,-0.172991
12.002201,0.061139,-0.050598,0.316669,0.976202,-0.025349,-0.128034,-0.173192
12.012263,0.061146,-0.050605,0.316352,0.976222,-0.025235,-0.127883,-0.173207
12.022327,0.061130,-0.050589,0.315971,0.976222,-0.025235,-0.127883,-0.173207
12.032389,0.061137,-0.050596,0.315654,0.976242,-0.025121,-0.127732,-0.173221
12.042443,0.061130,-0.050588,0.315238,0.976262,-0.025007,-0.127581,-0.173236
12.052505,0.061049,-0.050501,0.315064,0.976242,-0.025121,-0.127732,-0.173221
12.062567,0.061027,-0.050477,0.314549,0.976308,-0.023145,-0.127911,-0.172992
12.072630,0.061071,-0.050525,0.314111,0.976347,-0.022917,-0.127609,-0.173022
12.082692,0.061115,-0.050572,0.313672,0.976387,-0.022690,-0.127307,-0.173051
12.092746,0.061117,-0.050619,0.313453,0.976374,-0.022600,-0.127151,-0.173252
12.102809,0.061184,-0.050634,0.313013,0.976482,-0.022368,-0.126825,-0.172912
12.112864,0.061223,-0.050720,0.312673,0.976488,-0.022164,-0.126519,-0.173128
12.122918,0.061267,-0.050767,0.312234,0.976527,-0.021936,-0.126217,-0.173157
12.132962,0.061288,-0.050791,0.312015,0.976546,-0.021822,-0.126066,-0.173172
12.143015,0.061210,-0.050706,0.311840,0.976527,-0.021936,-0.126217,-0.173157
12.153069,0.061232,-0.050730,0.311621,0.976546,-0.021822,-0.126066,-0.173172
12.163130,0.061239,-0.050738,0.311303,0.976566,-0.021708,-0.125915,-0.173187
12.173193,0.061297,-0.050800,0.310962,0.976604,-0.021480,-0.125613,-0.173216
12.183254,0.061319,-0.050824,0.310742,0.976624,-0.021367,-0.125462,-0.173231
12.193272,0.061377,-0.050886,0.310402,0.976662,-0.021139,-0.125160,-0.173261
12.203333,0.061363,-0.050871,0.310303,0.976662,-0.021139,-0.125160,-0.173261
12.213395,0.061371,-0.050880,0.309985,0.976681,-0.021025,-0.125009,-0.173275
12.223456,0.061307,-0.050811,0.309909,0.976662,-0.021139,-0.125160,-0.173261
12.233518,0.061365,-0.050873,0.309568,0.976700,-0.020911,-0.124858,-0.173290
12.243579,0.061387,-0.050897,0.309348,0.976720,-0.020797,-0.124707,-0.173305
12.253642,0.061395,-0.050906,0.309029,0.976739,-0.020683,-0.124556,-0.173319
12.263704,0.061417,-0.050929,0.308810,0.976758,-0.020569,-0.124405,-0.173334
12.273765,0.061390,-0.050900,0.308612,0.976758,-0.020569,-0.124405,-0.173334
12.283827,0.061376,-0.050885,0.308514,0.976758,-0.020569,-0.124405,-0.173334
12.293889,0.061349,-0.050856,0.308316,0.976758,-0.020569,-0.124405,-0.173334
12.303951,0.061385,-0.050894,0.308195,0.976777,-0.020455,-0.124254,-0.173349
12.313971,0.061420,-0.050933,0.308074,0.976796,-0.020341,-0.124103,-0.173364
12.324027,0.061420,-0.050933,0.308074,0.976796,-0.020341,-0.124103,-0.173364
12.334092,0.061456,-0.050971,0.307953,0.976815,-0.020227,-0.123952,-0.173378
12.344118,0.061456,-0.050971,0.307953,0.976815,-0.020227,-0.123952,-0.173378
12.354258,0.061456,-0.050971,0.307953,0.976815,-0.020227,-0.123952,-0.173378
12.364311,0.061456,-0.050971,0.307953,0.976815,-0.020227,-0.123952,-0.173378
12.374373,0.061456,-0.050971,0.307953,0.976815,-0.020227,-0.123952,-0.173378
12.384434,0.061456,-0.050971,0.307953,0.976815,-0.020227,-0.123952,-0.173378
12.394497,0.061456,-0.050971,0.307953,0.976815,-0.020227,-0.123952,-0.173378
12.404559,0.061456,-0.050971,0.307953,0.976815,-0.020227,-0.123952,-0.173378
12.414621,0.061456,-0.050971,0.307953,0.976815,-0.020227,-0.123952,-0.173378
12.424682,0.061456,-0.050971,0.307953,0.976815,-0.020227,-0.123952,-0.173378
12.434743,0.061456,-0.050971,0.307953,0.976815,-0.020227,-0.123952,-0.173378
12.444795,0.061456,-0.050971,0.307953,0.976815,-0.020227,-0.123952,-0.173378
12.454850,0.061436,-0.050994,0.307953,0.976782,-0.020251,-0.123948,-0.173565
12.464912,0.061436,-0.050994,0.307953,0.976782,-0.020251,-0.123948,-0.173565
12.474971,0.061436,-0.050994,0.307953,0.976782,-0.020251,-0.123948,-0.173565
12.485033,0.061436,-0.050994,0.307953,0.976782,-0.020251,-0.123948,-0.173565
12.495095,0.061436,-0.050994,0.307953,0.976782,-0.020251,-0.123948,-0.173565
12.505157,0.061381,-0.050979,0.308074,0.976730,-0.020388,-0.124095,-0.173736
12.515219,0.061381,-0.050979,0.308074,0.976730,-0.020388,-0.124095,-0.173736
12.525281,0.061381,-0.050979,0.308074,0.976730,-0.020388,-0.124095,-0.173736
12.535342,0.061381,-0.050979,0.308074,0.976730,-0.020388,-0.124095,-0.173736
12.545405,0.061381,-0.050979,0.308074,0.976730,-0.020388,-0.124095,-0.173736
12.555466,0.061381,-0.050979,0.308074,0.976730,-0.020388,-0.124095,-0.173736
12.565528,0.061381,-0.050979,0.308074,0.976730,-0.020388,-0.124095,-0.173736
12.575589,0.061431,-0.051033,0.308051,0.976748,-0.020274,-0.123944,-0.173751
12.585666,0.061395,-0.050994,0.308172,0.976730,-0.020388,-0.124095,-0.173736
12.595718,0.061395,-0.050994,0.308172,0.976730,-0.020388,-0.124095,-0.173736
12.605780,0.061395,-0.050994,0.308172,0.976730,-0.020388,-0.124095,-0.173736
12.615843,0.061395,-0.050994,0.308172,0.976730,-0.020388,-0.124095,-0.173736
12.625907,0.061409,-0.051009,0.308271,0.976730,-0.020388,-0.124095,-0.173736
12.635970,0.061458,-0.051062,0.308249,0.976748,-0.020274,-0.123944,-0.173751
12.646033,0.061507,-0.051115,0.308226,0.976767,-0.020160,-0.123793,-0.173766
12.656094,0.061521,-0.051130,0.308325,0.976767,-0.020160,-0.123793,-0.173766
12.666156,0.061571,-0.051183,0.308302,0.976786,-0.020046,-0.123642,-0.173780
12.676217,0.061634,-0.051251,0.308378,0.976805,-0.019932,-0.123491,-0.173795
12.686280,0.061683,-0.051305,0.308355,0.976824,-0.019818,-0.123340,-0.173810
12.696341,0.061831,-0.051464,0.308287,0.976880,-0.019476,-0.122886,-0.173854
12.706404,0.061895,-0.051533,0.308363,0.976899,-0.019362,-0.122735,-0.173868
12.716465,0.061958,-0.051601,0.308438,0.976917,-0.019248,-0.122584,-0.173883
12.726527,0.062091,-0.051699,0.308491,0.976988,-0.018997,-0.122286,-0.173726
12.736590,0.062303,-0.051927,0.308498,0.977061,-0.018541,-0.121681,-0.173784
12.746658,0.062451,-0.052087,0.308428,0.977116,-0.018199,-0.121228,-0.173828
12.756721,0.062648,-0.052254,0.308556,0.977204,-0.017834,-0.120778,-0.173685
12.766784,0.062796,-0.052368,0.308706,0.977274,-0.017583,-0.120479,-0.173528
12.776847,0.062991,-0.052543,0.308834,0.977325,-0.017200,-0.120056,-0.173570
12.786910,0.063224,-0.052748,0.308838,0.977430,-0.016722,-0.119454,-0.173441
12.796974,0.063444,-0.052846,0.309184,0.977565,-0.016426,-0.119161,-0.172911
12.807028,0.063614,-0.052937,0.309333,0.977666,-0.016153,-0.118864,-0.172567
12.817156,0.063984,-0.053240,0.309387,0.977835,-0.015612,-0.117929,-0.172303
12.827215,0.064221,-0.053401,0.309610,0.977953,-0.015226,-0.117480,-0.171973
12.837275,0.064359,-0.053455,0.309880,0.978036,-0.015068,-0.117334,-0.171614
12.847335,0.064491,-0.053514,0.310469,0.978066,-0.015005,-0.117367,-0.171426
12.857394,0.064740,-0.053779,0.310667,0.978135,-0.014551,-0.116760,-0.171483
12.867454,0.065013,-0.053975,0.311084,0.978252,-0.014167,-0.116311,-0.171153
12.877516,0.065248,-0.054155,0.311306,0.978296,-0.013933,-0.115881,-0.171214
12.887578,0.065395,-0.054182,0.312118,0.978233,-0.013869,-0.116177,-0.171377
12.897639,0.065531,-0.054220,0.312610,0.978226,-0.013749,-0.116264,-0.171371
12.907699,0.065938,-0.054390,0.313002,0.978419,-0.013130,-0.115724,-0.170678
12.917761,0.066086,-0.054334,0.313614,0.978495,-0.013097,-0.115942,-0.170100
12.927821,0.066505,-0.054478,0.314230,0.978560,-0.012459,-0.115688,-0.169943
12.937883,0.066712,-0.054527,0.314600,0.978529,-0.012131,-0.115704,-0.170133
12.947942,0.067033,-0.054494,0.315389,0.978539,-0.011750,-0.115963,-0.169930
12.958002,0.067258,-0.054500,0.315981,0.978451,-0.011435,-0.116214,-0.170287
12.968063,0.067667,-0.054493,0.316746,0.978437,-0.010845,-0.116398,-0.170279
12.978126,0.067906,-0.054568,0.317216,0.978298,-0.010423,-0.116516,-0.171022
12.988187,0.068263,-0.054445,0.318130,0.978209,-0.009952,-0.117086,-0.171167
12.998250,0.068645,-0.054600,0.318551,0.978063,-0.009215,-0.116970,-0.172121
13.008310,0.068993,-0.054553,0.319563,0.977799,-0.008691,-0.117635,-0.173192
13.018370,0.069373,-0.054584,0.320006,0.977772,-0.008055,-0.117619,-0.173388
13.028432,0.069776,-0.054515,0.320799,0.977518,-0.007339,-0.118174,-0.174471
13.038492,0.070058,-0.054527,0.321488,0.977314,-0.006882,-0.118540,-0.175379
13.048554,0.070479,-0.054517,0.321931,0.977281,-0.006166,-0.118566,-0.175572
13.058616,0.070978,-0.054459,0.323009,0.977131,-0.005459,-0.119059,-0.176099
13.068679,0.071326,-0.054420,0.323476,0.977046,-0.004869,-0.119235,-0.176465
13.078739,0.072007,-0.054415,0.324278,0.977051,-0.003827,-0.119216,-0.176480
13.088790,0.072358,-0.054428,0.324840,0.976896,-0.003244,-0.119406,-0.177217
13.098851,0.072929,-0.054288,0.325913,0.976809,-0.002444,-0.119906,-0.177371
13.108911,0.073329,-0.054235,0.326473,0.976758,-0.001832,-0.120065,-0.177552
13.118971,0.074196,-0.054295,0.326996,0.976809,-0.000423,-0.119579,-0.177610
13.129026,0.074837,-0.054405,0.327349,0.976823,-0.001625,-0.118691,-0.178122
13.139081,0.075430,-0.054185,0.328318,0.976845,-0.000842,-0.119116,-0.177723
13.149143,0.075892,-0.054097,0.328967,0.976902,-0.000250,-0.119208,-0.177349
13.159205,0.076930,-0.054200,0.329425,0.977059,0.001322,-0.118325,-0.177066
13.169266,0.077365,-0.054110,0.329978,0.977007,0.001963,-0.118474,-0.177247
13.179327,0.078268,-0.054053,0.330611,0.977074,0.003299,-0.118108,-0.177105
13.189389,0.078916,-0.054086,0.331076,0.977071,0.004247,-0.117768,-0.177330
13.199451,0.079729,-0.053935,0.331856,0.977103,0.005388,-0.117712,-0.177160
13.209512,0.080428,-0.053911,0.332097,0.977258,0.006381,-0.117120,-0.176659
13.219574,0.081443,-0.053964,0.332695,0.977346,0.007689,-0.116496,-0.176536
13.229635,0.082040,-0.053867,0.333086,0.977395,0.008529,-0.116268,-0.176376
13.239697,0.083104,-0.053879,0.333644,0.977421,0.010017,-0.115534,-0.176637
13.249759,0.083876,-0.053904,0.333847,0.977483,0.011111,-0.114799,-0.176707
13.259929,0.084925,-0.053875,0.334303,0.977507,0.012569,-0.114034,-0.176969
13.269971,0.085706,-0.053885,0.334501,0.977568,0.013640,-0.113278,-0.177040
13.280025,0.086487,-0.053934,0.334862,0.977562,0.014520,-0.112860,-0.177269
13.290087,0.087600,-0.053780,0.335342,0.977745,0.015850,-0.112160,-0.176589
13.300148,0.088445,-0.053841,0.335499,0.977822,0.016929,-0.111186,-0.176677
13.310209,0.089563,-0.053786,0.335812,0.978027,-0.003248,-0.106237,-0.179351
13.320271,0.090429,-0.053821,0.335964,0.978052,-0.002127,-0.105286,-0.179789
13.330333,0.091743,-0.053851,0.336132,0.978138,-0.000794,-0.104402,-0.179850
13.340395,0.092653,-0.053810,0.336331,0.978236,-0.000020,-0.104087,-0.179501
13.350457,0.093980,-0.053829,0.336506,0.978343,0.001004,-0.103663,-0.179159
13.360518,0.094945,-0.053823,0.336518,0.978478,0.001713,-0.103305,-0.178624
13.370581,0.096298,-0.053831,0.336665,0.978516,0.002603,-0.103233,-0.178448
13.380642,0.097258,-0.053797,0.336741,0.978616,0.003168,-0.103220,-0.177892
13.390689,0.098595,-0.053808,0.336912,0.978542,-0.011712,-0.100450,-0.179524
13.400750,0.099631,-0.053802,0.336945,0.978634,-0.011067,-0.100270,-0.179162
13.410811,0.100962,-0.053794,0.337139,0.978687,-0.010406,-0.100496,-0.178784
13.420872,0.101964,-0.053752,0.337289,0.978867,-0.009917,-0.100441,-0.177855
13.430934,0.103451,-0.053798,0.337398,0.978955,-0.009132,-0.100300,-0.177492
13.440999,0.104361,-0.053751,0.337575,0.979013,-0.008690,-0.100439,-0.177116
13.451059,0.105759,-0.053784,0.337708,0.978980,-0.007952,-0.100488,-0.177305
13.461119,0.106720,-0.053701,0.337787,0.979037,-0.007473,-0.100633,-0.176928
13.471181,0.108161,-0.053756,0.337759,0.979022,-0.006848,-0.100831,-0.176923
13.481240,0.109083,-0.053723,0.337865,0.979029,-0.006480,-0.101140,-0.176725
13.491404,0.110524,-0.053746,0.337861,0.978996,-0.005906,-0.101513,-0.176713
13.501467,0.111323,-0.053621,0.337981,0.978983,-0.005714,-0.102354,-0.176305
13.511527,0.112284,-0.053623,0.337891,0.978990,-0.005374,-0.102647,-0.176108
13.521588,0.113646,-0.053568,0.337943,0.979059,-0.005003,-0.103328,-0.175334
13.531646,0.114506,-0.053492,0.338013,0.979063,-0.004780,-0.103974,-0.174935
13.541707,0.115845,-0.053493,0.338017,0.978978,-0.004293,-0.104509,-0.175102
13.551770,0.116694,-0.053414,0.338116,0.978895,-0.004073,-0.105356,-0.175067
13.561833,0.117930,-0.053385,0.338222,0.978755,-0.003760,-0.106427,-0.175210
13.571895,0.118893,-0.053323,0.338142,0.978775,-0.003465,-0.106888,-0.174819
13.581956,0.120140,-0.053248,0.338236,0.978736,-0.003192,-0.107929,-0.174402
13.592013,0.120841,-0.053270,0.338362,0.978566,-0.003113,-0.108937,-0.174733
13.602075,0.122105,-0.053182,0.338389,0.978505,-0.002868,-0.110161,-0.174309
13.612135,0.122935,-0.053185,0.338335,0.978439,-0.002682,-0.110793,-0.174282
13.622196,0.124004,-0.053103,0.338437,0.978270,-0.002551,-0.112385,-0.174214
13.632259,0.124762,-0.053024,0.338456,0.978299,-0.002522,-0.113348,-0.173426
13.642321,0.125849,-0.052932,0.338455,0.978297,-0.002514,-0.114884,-0.172426
13.652383,0.126522,-0.052882,0.338419,0.978201,-0.002498,-0.116050,-0.172188
13.662446,0.127579,-0.052896,0.338315,0.978060,-0.002475,-0.117606,-0.171933
13.672508,0.128296,-0.052799,0.338143,0.978015,-0.002382,-0.118589,-0.171517
13.682569,0.129164,-0.052790,0.337812,0.977782,-0.002385,-0.120339,-0.171626
13.692631,0.129770,-0.052695,0.337716,0.977658,-0.002384,-0.121692,-0.171379
13.702745,0.130593,-0.052639,0.337258,0.977509,-0.002371,-0.123240,-0.171123
13.712807,0.131234,-0.052581,0.336896,0.977493,-0.002366,-0.124195,-0.170521
13.722869,0.131623,-0.052496,0.336636,0.977332,-0.002416,-0.125539,-0.170460
13.732930,0.132381,-0.052470,0.335954,0.977133,-0.002345,-0.126912,-0.170584
13.742993,0.132970,-0.052452,0.335336,0.977093,-0.002251,-0.127507,-0.170371
13.753047,0.133672,-0.052486,0.334339,0.976950,-0.002247,-0.128667,-0.170318
13.763101,0.134058,-0.052422,0.333942,0.976874,-0.002334,-0.129798,-0.169892
13.773153,0.134624,-0.052379,0.332927,0.976780,-0.009039,-0.129588,-0.170369
13.783206,0.134988,-0.052354,0.332145,0.976773,-0.009055,-0.130157,-0.169974
13.793259,0.135513,-0.052272,0.331293,0.976735,-0.009171,-0.131470,-0.169176
13.803312,0.135843,-0.052232,0.330640,0.976702,-0.009222,-0.132225,-0.168774
13.813365,0.136365,-0.052234,0.329200,0.976675,-0.009062,-0.132450,-0.168766
13.823417,0.136623,-0.052284,0.328295,0.976625,-0.009087,-0.132830,-0.168750
13.833479,0.136951,-0.052231,0.327020,0.976600,-0.009196,-0.133762,-0.168154
13.843541,0.137115,-0.052294,0.326125,0.976551,-0.009270,-0.134133,-0.168139
13.853603,0.137511,-0.052326,0.324632,0.976566,-0.009293,-0.134507,-0.167751
13.863664,0.137693,-0.052396,0.323568,0.976306,-0.024379,-0.131899,-0.169809
13.873726,0.137857,-0.052460,0.321979,0.976281,-0.024416,-0.132085,-0.169804
13.883787,0.137974,-0.052505,0.320831,0.976281,-0.024416,-0.132085,-0.169804
13.893850,0.138149,-0.052572,0.319132,0.976331,-0.024342,-0.131714,-0.169814
13.903912,0.138291,-0.052626,0.317780,0.976406,-0.024233,-0.131157,-0.169828
13.913971,0.138340,-0.052706,0.315841,0.976474,-0.024111,-0.130411,-0.170033
13.924026,0.138382,-0.052722,0.314728,0.976523,-0.024038,-0.130040,-0.170042
13.934087,0.138393,-0.052726,0.313364,0.976622,-0.023891,-0.129298,-0.170060
13.944149,0.138372,-0.052779,0.311460,0.976737,-0.023695,-0.128181,-0.170274
13.954210,0.138167,-0.052700,0.310241,0.976761,-0.023659,-0.127995,-0.170279
13.964272,0.137979,-0.052748,0.308434,0.976794,-0.023560,-0.127244,-0.170670
13.974333,0.137917,-0.052784,0.306912,0.976906,-0.023364,-0.126126,-0.170883
13.984395,0.137591,-0.052709,0.304972,0.977050,-0.023190,-0.125004,-0.170910
13.994456,0.137331,-0.052669,0.303559,0.977112,-0.023067,-0.124257,-0.171115
14.004518,0.136856,-0.052604,0.301677,0.977165,-0.022929,-0.123320,-0.171510
14.014581,0.136564,-0.052551,0.300165,0.977296,-0.022693,-0.122017,-0.171727
14.024643,0.135917,-0.052418,0.298410,0.977346,-0.022554,-0.121080,-0.172122
14.034704,0.135478,-0.052366,0.296990,0.977395,-0.022414,-0.120143,-0.172516
14.044763,0.134696,-0.052297,0.295061,0.977377,-0.022319,-0.119198,-0.173284
14.054823,0.134101,-0.052290,0.293730,0.977354,-0.021947,-0.118686,-0.173811
14.064885,0.133189,-0.052058,0.291897,0.977489,-0.022014,-0.118092,-0.173451
14.074944,0.132536,-0.051859,0.290653,0.977644,-0.022155,-0.117868,-0.172710
14.085005,0.131436,-0.051732,0.289069,0.977721,-0.022575,-0.117974,-0.172146
14.095070,0.130684,-0.051633,0.287958,0.977853,-0.022889,-0.117906,-0.171401
14.105129,0.129369,-0.051457,0.286470,0.977884,-0.023434,-0.118370,-0.170828
14.115189,0.128339,-0.051407,0.285530,0.977827,-0.023978,-0.119026,-0.170624
14.125250,0.126855,-0.051229,0.284215,0.977844,-0.024728,-0.119829,-0.169857
14.135311,0.125811,-0.051186,0.283098,0.977896,-0.025290,-0.120089,-0.169289
14.145373,0.124658,-0.051060,0.282350,0.977998,-0.026009,-0.120698,-0.168153
14.155432,0.122890,-0.050937,0.281263,0.978052,-0.027099,-0.121605,-0.167007
14.165496,0.121671,-0.050945,0.280428,0.978039,-0.027767,-0.121832,-0.166812
14.175555,0.119745,-0.050806,0.279650,0.978120,-0.027152,-0.123200,-0.165428
14.185616,0.118371,-0.050751,0.279072,0.978091,-0.027996,-0.123764,-0.165037
14.195677,0.116362,-0.050654,0.278289,0.978038,-0.029178,-0.124430,-0.164641
14.205739,0.115047,-0.050655,0.277798,0.977993,-0.029938,-0.124617,-0.164632
14.215798,0.113048,-0.050608,0.277093,0.977957,-0.031108,-0.124881,-0.164432
14.225852,0.111755,-0.050616,0.276599,0.977991,-0.031842,-0.124672,-0.164246
14.235911,0.109731,-0.050604,0.275784,0.977940,-0.032959,-0.124543,-0.164429
14.245973,0.108159,-0.050547,0.275773,0.977734,-0.034045,-0.125403,-0.164774
14.256036,0.105999,-0.050413,0.275439,0.977680,-0.035516,-0.125937,-0.164378
14.266097,0.104555,-0.050392,0.275283,0.977610,-0.036550,-0.126204,-0.164365
14.276158,0.102482,-0.050403,0.275055,0.977421,-0.038008,-0.126525,-0.164906
14.286218,0.101078,-0.050403,0.274928,0.977344,-0.039018,-0.126585,-0.165084
14.296280,0.099076,-0.050377,0.274680,0.977331,-0.040510,-0.126468,-0.164889
14.306342,0.097725,-0.050405,0.274716,0.977222,-0.041549,-0.126501,-0.165253
14.316404,0.095726,-0.050367,0.274655,0.977121,-0.043114,-0.126532,-0.165427
14.326466,0.094501,-0.050387,0.274597,0.977156,-0.044096,-0.126160,-0.165242
14.336525,0.092668,-0.050448,0.274496,0.977130,-0.045554,-0.125595,-0.165431
14.346585,0.091431,-0.050471,0.274417,0.977102,-0.046529,-0.125206,-0.165618
14.356645,0.090273,-0.050570,0.274302,0.977068,-0.047453,-0.124625,-0.165998
14.366704,0.088579,-0.050666,0.274135,0.977035,-0.048842,-0.123838,-0.166378
14.376766,0.087417,-0.050742,0.274000,0.977032,-0.049821,-0.123209,-0.166571
14.386825,0.085856,-0.050842,0.273840,0.977208,-0.051195,-0.121974,-0.166029
14.396887,0.084856,-0.050941,0.273632,0.977382,-0.052087,-0.120938,-0.165487
14.406946,0.083402,-0.051156,0.273398,0.977511,-0.053277,-0.119329,-0.165514
14.417006,0.082436,-0.051326,0.273283,0.978079,-0.042876,-0.120207,-0.164539
14.427069,0.081114,-0.051591,0.273017,0.978475,-0.037558,-0.119493,-0.164006
14.437129,0.080239,-0.051793,0.272871,0.978523,-0.038223,-0.118309,-0.164422
14.447189,0.078952,-0.052045,0.272960,0.978581,-0.039347,-0.116869,-0.164843
14.457248,0.078223,-0.052249,0.272849,0.978701,-0.039727,-0.115376,-0.165087
14.467309,0.077152,-0.052596,0.272914,0.978842,-0.040383,-0.113289,-0.165538
14.477370,0.076421,-0.052830,0.273032,0.978873,-0.040809,-0.111971,-0.166147
14.487430,0.075395,-0.053132,0.273327,0.978920,-0.041371,-0.110128,-0.166961
14.497489,0.074870,-0.053544,0.273341,0.978964,-0.041324,-0.108195,-0.167972
14.507548,0.073965,-0.053924,0.273755,0.979005,-0.041820,-0.106360,-0.168787
14.517608,0.073376,-0.054105,0.274151,0.979083,-0.042298,-0.105393,-0.168819
14.527666,0.072540,-0.054406,0.274966,0.979089,-0.042953,-0.104095,-0.169423
14.537723,0.072080,-0.054691,0.275317,0.979946,-0.014517,-0.107800,-0.166955
14.547830,0.071348,-0.055081,0.276025,0.979847,-0.014923,-0.106473,-0.168349
14.557889,0.070897,-0.055269,0.276539,0.979790,-0.015131,-0.105693,-0.169148
14.567951,0.070431,-0.055486,0.277188,0.979684,-0.015459,-0.105067,-0.170121
14.578012,0.069742,-0.055589,0.278439,0.979654,-0.016194,-0.104585,-0.170519
14.588074,0.069368,-0.055769,0.279097,0.979575,-0.016419,-0.104010,-0.171303
14.598133,0.068810,-0.055964,0.280209,0.979435,-0.016787,-0.103352,-0.172465
14.608195,0.068414,-0.056030,0.281154,0.979230,-0.017196,-0.103359,-0.173580
14.618258,0.067983,-0.056188,0.282413,0.978991,-0.017457,-0.103025,-0.175094
14.628318,0.067584,-0.056195,0.283616,0.978784,-0.018070,-0.103340,-0.175999
14.638380,0.067254,-0.056249,0.285140,0.978680,-0.018492,-0.103301,-0.176556
14.648439,0.067054,-0.056243,0.286102,0.978602,-0.018752,-0.103368,-0.176922
14.658497,0.066772,-0.056283,0.287765,0.978333,-0.019115,-0.103648,-0.178204
14.668557,0.066613,-0.056295,0.288925,0.978378,-0.007567,-0.105904,-0.177494
14.678619,0.066467,-0.056235,0.290782,0.978282,-0.007647,-0.106239,-0.177819
14.688681,0.066386,-0.056148,0.291976,0.978252,-0.007874,-0.106544,-0.177791
14.698744,0.066323,-0.055984,0.294034,0.978244,-0.008398,-0.107308,-0.177349
14.708803,0.066381,-0.055999,0.295088,0.978278,-0.008378,-0.107309,-0.177162
14.718861,0.066477,-0.055909,0.297155,0.978383,-0.008522,-0.107620,-0.176388
14.728921,0.066471,-0.055758,0.298479,0.978437,-0.008799,-0.108083,-0.175787
14.738981,0.066629,-0.055687,0.300588,0.978558,-0.009034,-0.108548,-0.174812
14.749034,0.066877,-0.055720,0.301756,0.978689,-0.008914,-0.108582,-0.174064
14.759173,0.067083,-0.055566,0.303799,0.978856,-0.009181,-0.109232,-0.172700
14.769231,0.067295,-0.055499,0.305081,0.978929,-0.009080,-0.109498,-0.172119
14.779293,0.067541,-0.055443,0.306462,0.978965,-0.008925,-0.109817,-0.171722
14.789356,0.067923,-0.055251,0.308483,0.979022,-0.008759,-0.110580,-0.170914
14.799415,0.068332,-0.055343,0.309693,0.978924,-0.008109,-0.110615,-0.171480
14.809477,0.068777,-0.055135,0.311718,0.978760,-0.007680,-0.111634,-0.171776
14.819537,0.069243,-0.055040,0.312985,0.978794,-0.007138,-0.111979,-0.171381
14.829598,0.069896,-0.054956,0.314780,0.978656,-0.006402,-0.112734,-0.171703
14.839657,0.070396,-0.054835,0.316082,0.978598,-0.005848,-0.113330,-0.171661
14.849716,0.071210,-0.054801,0.317729,0.978306,-0.004646,-0.113982,-0.172929
14.859776,0.071705,-0.054719,0.319031,0.978069,-0.003994,-0.114691,-0.173813
14.869837,0.072650,-0.054666,0.320645,0.977818,-0.002580,-0.115210,-0.174908
14.879899,0.073249,-0.054616,0.321695,0.977645,-0.001882,-0.115549,-0.175656
14.889952,0.074205,-0.054554,0.323337,0.977338,-0.000545,-0.116223,-0.176923
14.900012,0.074853,-0.054456,0.324383,0.977159,0.000423,-0.116623,-0.177648
14.910073,0.075919,-0.054409,0.325954,0.976917,0.001979,-0.116938,-0.178759
14.920132,0.076653,-0.054362,0.326746,0.976770,0.003134,-0.116985,-0.179514
14.930191,0.077814,-0.054367,0.328060,0.976522,0.004882,-0.116950,-0.180843
14.940251,0.078550,-0.054320,0.328845,0.976413,0.005968,-0.116924,-0.181416
14.950312,0.079764,-0.054271,0.329925,0.976365,0.007696,-0.116568,-0.181837
14.960372,0.080620,-0.054257,0.330584,0.976383,0.008802,-0.116280,-0.181872
14.970441,0.081865,-0.054146,0.331688,0.976467,0.010347,-0.115965,-0.181541
14.980499,0.082675,-0.054058,0.332369,0.976506,0.011336,-0.115801,-0.181377
14.990560,0.083538,-0.054045,0.332835,0.976554,-0.009972,-0.111278,-0.184010
15.000624,0.084953,-0.053985,0.333680,0.976740,-0.008876,-0.110458,-0.183573
15.010688,0.085798,-0.053897,0.334297,0.976858,-0.008064,-0.110388,-0.183025
15.020749,0.087251,-0.053831,0.334894,0.977104,-0.006589,-0.109762,-0.182142
15.030808,0.088215,-0.053853,0.335295,0.977168,-0.005713,-0.109516,-0.181978
15.040868,0.089654,-0.053786,0.335951,0.977307,-0.004415,-0.109223,-0.181446
15.050928,0.090660,-0.053736,0.336343,0.977477,-0.003567,-0.108930,-0.180724
15.060991,0.092217,-0.053703,0.336644,0.977758,-0.002233,-0.108200,-0.179657
15.071049,0.093267,-0.053733,0.336811,0.977911,-0.001387,-0.107699,-0.179133
15.081110,0.094712,-0.053570,0.337401,0.978121,-0.000513,-0.107988,-0.177816
15.091161,0.095786,-0.053622,0.337468,0.978274,0.000285,-0.107459,-0.177292
15.101222,0.097263,-0.053571,0.337793,0.978450,0.001211,-0.107364,-0.176370
15.111275,0.098280,-0.053519,0.337957,0.978549,0.001836,-0.107370,-0.175814
15.121337,0.099731,-0.053509,0.338268,0.978615,-0.009416,-0.105082,-0.176582
15.131391,0.100730,-0.053498,0.338387,0.978741,-0.008808,-0.104880,-0.176035
15.141445,0.102220,-0.053513,0.338521,0.978897,-0.007848,-0.104396,-0.175502
15.151499,0.103262,-0.053499,0.338503,0.979040,-0.007185,-0.104005,-0.174964
15.161551,0.104752,-0.053546,0.338605,0.979056,-0.006345,-0.103888,-0.174974
15.171604,0.105638,-0.053534,0.338561,0.979062,-0.005832,-0.103858,-0.174978
15.181666,0.107016,-0.053590,0.338469,0.979011,-0.005036,-0.103727,-0.175362
15.191730,0.107992,-0.053534,0.338451,0.979101,-0.004599,-0.103850,-0.174799
15.201869,0.109284,-0.053536,0.338421,0.979085,-0.003994,-0.104038,-0.174794
15.211933,0.110123,-0.053565,0.338434,0.978988,-0.003635,-0.104357,-0.175155
15.221995,0.110993,-0.053542,0.338408,0.978976,-0.003217,-0.104483,-0.175152
15.232057,0.112295,-0.053502,0.338362,0.978994,-0.002627,-0.104653,-0.174960
15.242121,0.113219,-0.053564,0.338251,0.979055,-0.002195,-0.104378,-0.174788
15.252182,0.114411,-0.053523,0.338270,0.979074,-0.001804,-0.104874,-0.174394
15.262245,0.115188,-0.053561,0.338140,0.979031,-0.001480,-0.104970,-0.174578
15.272308,0.116426,-0.053551,0.338201,0.978964,-0.000978,-0.105312,-0.174752
15.282369,0.117293,-0.053566,0.338060,0.978954,-0.000632,-0.105406,-0.174750
15.292432,0.118276,-0.053558,0.338142,0.978801,-0.000371,-0.106272,-0.175085
15.302495,0.119048,-0.053485,0.338165,0.978858,-0.000175,-0.106700,-0.174506
15.312556,0.120111,-0.053471,0.338234,0.978806,0.000042,-0.107536,-0.174282
15.322619,0.120748,-0.053380,0.338170,0.978829,0.000224,-0.107963,-0.173890
15.332680,0.121790,-0.053499,0.338065,0.978749,0.000464,-0.108421,-0.174057
15.342742,0.122317,-0.053340,0.338206,0.978748,0.000491,-0.109389,-0.173453
15.352805,0.123234,-0.053316,0.338181,0.978730,0.000629,-0.110194,-0.173043
15.362869,0.123831,-0.053274,0.338145,0.978768,0.000676,-0.110775,-0.172456
15.372930,0.124637,-0.053198,0.338286,0.978847,0.000612,-0.111898,-0.171283
15.382993,0.125162,-0.053128,0.338255,0.978849,0.000684,-0.112490,-0.170882
15.393057,0.125900,-0.053074,0.338307,0.978721,0.000747,-0.113674,-0.170828
15.403121,0.126413,-0.053003,0.338309,0.978623,-0.009466,-0.112664,-0.171796
15.413228,0.127161,-0.052992,0.338226,0.978515,-0.009389,-0.113655,-0.171761
15.423290,0.127564,-0.052955,0.338270,0.978476,-0.009476,-0.114601,-0.171353
15.433352,0.127948,-0.052861,0.338479,0.978392,-0.009603,-0.115926,-0.170931
15.443416,0.128535,-0.052784,0.338481,0.978205,-0.009575,-0.117296,-0.171067
15.453477,0.128910,-0.052740,0.338307,0.978150,-0.009590,-0.118066,-0.170852
15.463539,0.129592,-0.052736,0.338094,0.978060,-0.009492,-0.118864,-0.170823
15.473603,0.129952,-0.052722,0.337919,0.977870,-0.009415,-0.119667,-0.171353
15.483664,0.130474,-0.052706,0.337700,0.977701,-0.009415,-0.120833,-0.171496
15.493726,0.130792,-0.052681,0.337366,0.977688,-0.009383,-0.121224,-0.171295
15.503787,0.131192,-0.052680,0.336940,0.977474,-0.009337,-0.122212,-0.171818
15.513849,0.131423,-0.052590,0.336723,0.977326,-0.009332,-0.123185,-0.171968
15.523912,0.131853,-0.052472,0.336355,0.977066,-0.020210,-0.122041,-0.173322
15.533972,0.132269,-0.052503,0.335804,0.977054,-0.020010,-0.121890,-0.173513
15.544027,0.132680,-0.052541,0.335208,0.976918,-0.019942,-0.122487,-0.173870
15.554090,0.132922,-0.052471,0.334881,0.976938,-0.019926,-0.122875,-0.173487
15.564151,0.133260,-0.052449,0.334330,0.976877,-0.019962,-0.123639,-0.173280
15.574213,0.133503,-0.052438,0.333870,0.976834,-0.022352,-0.123408,-0.173395
15.584276,0.133912,-0.052492,0.333199,0.976844,-0.022320,-0.123607,-0.173204
15.594340,0.134144,-0.052525,0.332702,0.976877,-0.022296,-0.123612,-0.173018
15.604402,0.134465,-0.052544,0.332135,0.976886,-0.022264,-0.123811,-0.172826
15.614464,0.134714,-0.052523,0.331638,0.976952,-0.022216,-0.123819,-0.172454
15.624525,0.134937,-0.052493,0.330866,0.977018,-0.022169,-0.123828,-0.172081
15.634587,0.135159,-0.052461,0.330499,0.977060,-0.022160,-0.124022,-0.171704
15.644651,0.135389,-0.052433,0.330096,0.977125,-0.022112,-0.124030,-0.171331
15.654711,0.135870,-0.052502,0.328976,0.977331,-0.021840,-0.122926,-0.170986
15.664771,0.136177,-0.052512,0.328488,0.977410,-0.021695,-0.122568,-0.170809
15.674828,0.136545,-0.052476,0.327713,0.977554,-0.021550,-0.122210,-0.170259
15.684889,0.136789,-0.052451,0.327177,0.977642,-0.021466,-0.122032,-0.169891
15.694951,0.136983,-0.052406,0.326498,0.977707,-0.021420,-0.122040,-0.169518
15.705014,0.137222,-0.052439,0.325888,0.977809,-0.021285,-0.121488,-0.169345
15.715078,0.137433,-0.052460,0.324946,0.977887,-0.021187,-0.121121,-0.169168
15.725139,0.137639,-0.052540,0.324372,0.977933,-0.021113,-0.120749,-0.169177
15.735201,0.137939,-0.052656,0.323558,0.978002,-0.021002,-0.120192,-0.169190
15.745262,0.138077,-0.052709,0.322996,0.978047,-0.020928,-0.119821,-0.169199
15.755325,0.138254,-0.052777,0.322111,0.978115,-0.020816,-0.119264,-0.169213
15.765383,0.138385,-0.052838,0.321548,0.978128,-0.020719,-0.118898,-0.169408
15.775444,0.138604,-0.052951,0.320686,0.978076,-0.020578,-0.118542,-0.169977
15.785504,0.138745,-0.053034,0.319991,0.978045,-0.020400,-0.118000,-0.170550
15.795566,0.138891,-0.053100,0.319237,0.978057,-0.020304,-0.117633,-0.170746
15.805625,0.138956,-0.053125,0.318686,0.978102,-0.020230,-0.117262,-0.170754
15.815686,0.139067,-0.053107,0.317908,0.978201,-0.020097,-0.116708,-0.170581
15.825748,0.139177,-0.053220,0.317308,0.978202,-0.019987,-0.116152,-0.170968
15.835815,0.139280,-0.053260,0.316457,0.978312,-0.019803,-0.115223,-0.170990
15.845876,0.139324,-0.053277,0.316038,0.978334,-0.019766,-0.115037,-0.170994
15.855936,0.139378,-0.053237,0.315714,0.978388,-0.019707,-0.114855,-0.170812
15.865998,0.139516,-0.053290,0.315018,0.978453,-0.019597,-0.114297,-0.170825
15.876061,0.139557,-0.053306,0.314598,0.978475,-0.019560,-0.114112,-0.170829
15.886125,0.139590,-0.053319,0.314155,0.978453,-0.019597,-0.114297,-0.170825
15.896185,0.139623,-0.053331,0.313772,0.978453,-0.019597,-0.114297,-0.170825
15.906246,0.139732,-0.053374,0.313243,0.978475,-0.019560,-0.114112,-0.170829
15.916306,0.139755,-0.053383,0.312956,0.978475,-0.019560,-0.114112,-0.170829
15.926368,0.139793,-0.053397,0.312536,0.978497,-0.019524,-0.113926,-0.170834
15.936428,0.139840,-0.053415,0.312140,0.978561,-0.019413,-0.113368,-0.170847
15.946491,0.139960,-0.053400,0.311826,0.978658,-0.019281,-0.112814,-0.170673
15.956555,0.139990,-0.053412,0.311562,0.978701,-0.019208,-0.112442,-0.170682
15.966615,0.140005,-0.053418,0.311430,0.978722,-0.019171,-0.112257,-0.170686
15.976678,0.140104,-0.053456,0.311116,0.978786,-0.019061,-0.111699,-0.170699
15.986737,0.140134,-0.053467,0.310852,0.978828,-0.018987,-0.111327,-0.170707
15.996800,0.140163,-0.053479,0.310587,0.978870,-0.018913,-0.110955,-0.170716
