t,px,py,pz,qw,qx,qy,qz
0.000000,0.140595,-0.051173,0.311204,0.976383,-0.022666,-0.128543,-0.172163
0.010054,0.140595,-0.051173,0.311204,0.976383,-0.022666,-0.128543,-0.172163
0.020107,0.140595,-0.051173,0.311204,0.976383,-0.022666,-0.128543,-0.172163
0.030159,0.140595,-0.051173,0.311204,0.976383,-0.022666,-0.128543,-0.172163
0.040210,0.140595,-0.051173,0.311204,0.976383,-0.022666,-0.128543,-0.172163
0.050261,0.140595,-0.051173,0.311204,0.976383,-0.022666,-0.128543,-0.172163
0.060312,0.140595,-0.051173,0.311204,0.976383,-0.022666,-0.128543,-0.172163
0.070365,0.140595,-0.051173,0.311204,0.976383,-0.022666,-0.128543,-0.172163
0.080416,0.140595,-0.051173,0.311204,0.976383,-0.022666,-0.128543,-0.172163
0.090468,0.140595,-0.051173,0.311204,0.976383,-0.022666,-0.128543,-0.172163
0.100520,0.140595,-0.051173,0.311204,0.976383,-0.022666,-0.128543,-0.172163
0.110573,0.140595,-0.051173,0.311204,0.976383,-0.022666,-0.128543,-0.172163
0.120625,0.140595,-0.051173,0.311204,0.976383,-0.022666,-0.128543,-0.172163
0.130677,0.140595,-0.051173,0.311204,0.976383,-0.022666,-0.128543,-0.172163
0.140730,0.140595,-0.051173,0.311204,0.976383,-0.022666,-0.128543,-0.172163
0.150782,0.140595,-0.051173,0.311204,0.976383,-0.022666,-0.128543,-0.172163
0.160833,0.140595,-0.051173,0.311204,0.976383,-0.022666,-0.128543,-0.172163
0.170885,0.140595,-0.051173,0.311204,0.976383,-0.022666,-0.128543,-0.172163
0.180938,0.140595,-0.051173,0.311204,0.976383,-0.022666,-0.128543,-0.172163
0.190961,0.140595,-0.051173,0.311204,0.976383,-0.022666,-0.128543,-0.172163
0.201015,0.140595,-0.051173,0.311204,0.976383,-0.022666,-0.128543,-0.172163
0.211067,0.140595,-0.051173,0.311204,0.976383,-0.022666,-0.128543,-0.172163
0.221119,0.140595,-0.051173,0.311204,0.976383,-0.022666,-0.128543,-0.172163
0.231172,0.140595,-0.051173,0.311204,0.976383,-0.022666,-0.128543,-0.172163
0.241227,0.140595,-0.051173,0.311204,0.976383,-0.022666,-0.128543,-0.172163
0.251280,0.140595,-0.051173,0.311204,0.976383,-0.022666,-0.128543,-0.172163
0.261332,0.140595,-0.051173,0.311204,0.976383,-0.022666,-0.128543,-0.172163
0.271385,0.140595,-0.051173,0.311204,0.976383,-0.022666,-0.128543,-0.172163
0.281437,0.140595,-0.051173,0.311210,0.976383,-0.022666,-0.128543,-0.172163
0.291489,0.140595,-0.051173,0.311222,0.976383,-0.022666,-0.128543,-0.172163
0.301540,0.140595,-0.051173,0.311234,0.976383,-0.022666,-0.128543,-0.172163
0.311592,0.140595,-0.051173,0.311248,0.976383,-0.022666,-0.128543,-0.172163
0.321643,0.140595,-0.051173,0.311262,0.976383,-0.022666,-0.128543,-0.172163
0.331695,0.140595,-0.051173,0.311277,0.976383,-0.022666,-0.128543,-0.172163
0.341747,0.140595,-0.051173,0.311293,0.976383,-0.022666,-0.128543,-0.172163
0.351798,0.140595,-0.051173,0.311311,0.976383,-0.022666,-0.128543,-0.172163
0.361851,0.140595,-0.051173,0.311329,0.976383,-0.022666,-0.128543,-0.172163
0.371903,0.140595,-0.051173,0.311348,0.976383,-0.022666,-0.128543,-0.172163
0.381954,0.140595,-0.051173,0.311369,0.976383,-0.022666,-0.128543,-0.172163
0.391961,0.140595,-0.051173,0.311389,0.976383,-0.022666,-0.128543,-0.172163
0.401975,0.140595,-0.051173,0.311412,0.976383,-0.022666,-0.128543,-0.172163
0.412027,0.140595,-0.051173,0.311435,0.976383,-0.022666,-0.128543,-0.172163
0.422079,0.140594,-0.051173,0.311460,0.976383,-0.022666,-0.128543,-0.172163
0.432131,0.140594,-0.051173,0.311486,0.976383,-0.022666,-0.128543,-0.172163
0.442184,0.140594,-0.051173,0.311513,0.976383,-0.022666,-0.128543,-0.172163
0.452235,0.140594,-0.051173,0.311541,0.976383,-0.022666,-0.128543,-0.172163
0.462288,0.140593,-0.051173,0.311571,0.976383,-0.022666,-0.128543,-0.172163
0.472340,0.140593,-0.051173,0.311602,0.976383,-0.022666,-0.128543,-0.172163
0.482392,0.140593,-0.051173,0.311634,0.976383,-0.022666,-0.128543,-0.172163
0.492443,0.140592,-0.051173,0.311668,0.976383,-0.022666,-0.128543,-0.172163
0.502495,0.140592,-0.051173,0.311702,0.976383,-0.022666,-0.128543,-0.172163
0.512546,0.140592,-0.051173,0.311739,0.976383,-0.022666,-0.128543,-0.172163
0.522597,0.140591,-0.051173,0.311776,0.976383,-0.022666,-0.128543,-0.172163
0.532649,0.140590,-0.051173,0.311815,0.976383,-0.022666,-0.128543,-0.172163
0.542714,0.140590,-0.051173,0.311856,0.976383,-0.022666,-0.128543,-0.172163
0.552777,0.140589,-0.051173,0.311898,0.976383,-0.022666,-0.128543,-0.172163
0.562838,0.140588,-0.051173,0.311941,0.976383,-0.022666,-0.128543,-0.172163
0.572891,0.140587,-0.051173,0.311986,0.976383,-0.022666,-0.128543,-0.172163
0.582944,0.140587,-0.051173,0.312034,0.976383,-0.022666,-0.128543,-0.172163
0.592961,0.140586,-0.051173,0.312081,0.976383,-0.022666,-0.128543,-0.172163
0.603015,0.140584,-0.051173,0.312131,0.976383,-0.022666,-0.128543,-0.172163
0.613067,0.140583,-0.051173,0.312183,0.976383,-0.022666,-0.128543,-0.172163
0.623122,0.140582,-0.051173,0.312237,0.976383,-0.022666,-0.128543,-0.172163
0.633175,0.140580,-0.051173,0.312291,0.976383,-0.022666,-0.128543,-0.172163
0.643228,0.140579,-0.051173,0.312347,0.976383,-0.022666,-0.128543,-0.172163
0.653280,0.140577,-0.051173,0.312406,0.976383,-0.022666,-0.128543,-0.172163
0.663334,0.140575,-0.051173,0.312466,0.976383,-0.022666,-0.128543,-0.172163
0.673387,0.140573,-0.051173,0.312528,0.976383,-0.022666,-0.128543,-0.172163
0.683440,0.140571,-0.051173,0.312591,0.976383,-0.022666,-0.128543,-0.172163
0.693493,0.140569,-0.051173,0.312656,0.976383,-0.022666,-0.128543,-0.172163
0.703546,0.140566,-0.051173,0.312724,0.976383,-0.022666,-0.128543,-0.172163
0.713601,0.140564,-0.051173,0.312793,0.976383,-0.022666,-0.128543,-0.172163
0.723655,0.140561,-0.051173,0.312864,0.976383,-0.022666,-0.128543,-0.172163
0.733705,0.140558,-0.051173,0.312938,0.976383,-0.022666,-0.128543,-0.172163
0.743766,0.140554,-0.051173,0.313012,0.976383,-0.022666,-0.128543,-0.172163
0.753829,0.140551,-0.051173,0.313089,0.976383,-0.022666,-0.128543,-0.172163
0.763887,0.140547,-0.051173,0.313168,0.976383,-0.022666,-0.128543,-0.172163
0.773946,0.140543,-0.051173,0.313248,0.976383,-0.022666,-0.128543,-0.172163
0.783972,0.140539,-0.051173,0.313331,0.976383,-0.022666,-0.128543,-0.172163
0.794034,0.140534,-0.051173,0.313416,0.976383,-0.022666,-0.128543,-0.172163
0.804091,0.140529,-0.051173,0.313503,0.976383,-0.022666,-0.128543,-0.172163
0.814144,0.140524,-0.051173,0.313592,0.976383,-0.022666,-0.128543,-0.172163
0.824197,0.140518,-0.051173,0.313683,0.976383,-0.022666,-0.128543,-0.172163
0.834250,0.140512,-0.051173,0.313776,0.976383,-0.022666,-0.128543,-0.172163
0.844301,0.140506,-0.051173,0.313871,0.976383,-0.022666,-0.128543,-0.172163
0.854362,0.140499,-0.051173,0.313969,0.976383,-0.022666,-0.128543,-0.172163
0.864421,0.140492,-0.051173,0.314068,0.976383,-0.022666,-0.128543,-0.172163
0.874483,0.140485,-0.051173,0.314169,0.976383,-0.022666,-0.128543,-0.172163
0.884536,0.140477,-0.051173,0.314273,0.976383,-0.022666,-0.128543,-0.172163
0.894588,0.140469,-0.051173,0.314380,0.976383,-0.022666,-0.128543,-0.172163
0.904649,0.140460,-0.051173,0.314487,0.976383,-0.022666,-0.128543,-0.172163
0.914704,0.140451,-0.051173,0.314599,0.976383,-0.022666,-0.128543,-0.172163
0.924756,0.140441,-0.051173,0.314711,0.976383,-0.022666,-0.128543,-0.172163
0.934808,0.140431,-0.051173,0.314826,0.976383,-0.022666,-0.128543,-0.172163
0.944860,0.140420,-0.051173,0.314944,0.976383,-0.022666,-0.128543,-0.172163
0.954927,0.140408,-0.051173,0.315063,0.976383,-0.022666,-0.128543,-0.172163
0.964961,0.140396,-0.051173,0.315185,0.976383,-0.022666,-0.128543,-0.172163
0.975013,0.140371,-0.051173,0.315436,0.976383,-0.022666,-0.128543,-0.172163
0.985065,0.140357,-0.051173,0.315564,0.976383,-0.022666,-0.128543,-0.172163
0.995117,0.140342,-0.051173,0.315695,0.976383,-0.022666,-0.128543,-0.172163
1.005168,0.140327,-0.051173,0.315829,0.976383,-0.022666,-0.128543,-0.172163
1.015220,0.140311,-0.051173,0.315965,0.976383,-0.022666,-0.128543,-0.172163
1.025291,0.140294,-0.051173,0.316103,0.976383,-0.022666,-0.128543,-0.172163
1.035343,0.140276,-0.051173,0.316244,0.976383,-0.022666,-0.128543,-0.172163
1.045395,0.140258,-0.051173,0.316387,0.976383,-0.022666,-0.128543,-0.172163
1.055446,0.140238,-0.051173,0.316532,0.976383,-0.022666,-0.128543,-0.172163
1.065495,0.140218,-0.051173,0.316680,0.976383,-0.022666,-0.128543,-0.172163
1.075545,0.140197,-0.051173,0.316831,0.976383,-0.022666,-0.128543,-0.172163
1.085597,0.140175,-0.051173,0.316984,0.976383,-0.022666,-0.128543,-0.172163
1.095649,0.140152,-0.051173,0.317139,0.976383,-0.022666,-0.128543,-0.172163
1.105701,0.140128,-0.051173,0.317297,0.976383,-0.022666,-0.128543,-0.172163
1.115752,0.140103,-0.051173,0.317457,0.976383,-0.022666,-0.128543,-0.172163
1.125804,0.140077,-0.051173,0.317620,0.976383,-0.022666,-0.128543,-0.172163
1.135856,0.140050,-0.051173,0.317785,0.976383,-0.022666,-0.128543,-0.172163
1.145906,0.140022,-0.051173,0.317952,0.976383,-0.022666,-0.128543,-0.172163
1.155962,0.139992,-0.051173,0.318122,0.976383,-0.022666,-0.128543,-0.172163
1.166014,0.139961,-0.051173,0.318295,0.976383,-0.022666,-0.128543,-0.172163
1.176066,0.139929,-0.051173,0.318470,0.976383,-0.022666,-0.128543,-0.172163
1.186119,0.139896,-0.051173,0.318647,0.976383,-0.022666,-0.128543,-0.172163
1.196171,0.139862,-0.051173,0.318827,0.976383,-0.022666,-0.128543,-0.172163
1.206226,0.139826,-0.051173,0.319010,0.976383,-0.022666,-0.128543,-0.172163
1.216289,0.139789,-0.051173,0.319195,0.976383,-0.022666,-0.128543,-0.172163
1.226352,0.139750,-0.051173,0.319382,0.976383,-0.022666,-0.128543,-0.172163
1.236406,0.139710,-0.051173,0.319571,0.976383,-0.022666,-0.128543,-0.172163
1.246460,0.139668,-0.051173,0.319764,0.976383,-0.022666,-0.128543,-0.172163
1.256512,0.139625,-0.051173,0.319958,0.976383,-0.022666,-0.128543,-0.172163
1.266564,0.139580,-0.051173,0.320155,0.976383,-0.022666,-0.128543,-0.172163
1.276617,0.139534,-0.051173,0.320355,0.976383,-0.022666,-0.128543,-0.172163
1.286668,0.139486,-0.051173,0.320557,0.976383,-0.022666,-0.128543,-0.172163
1.296721,0.139436,-0.051173,0.320761,0.976383,-0.022666,-0.128543,-0.172163
1.306776,0.139385,-0.051173,0.320968,0.976383,-0.022666,-0.128543,-0.172163
1.316828,0.139331,-0.051173,0.321178,0.976383,-0.022666,-0.128543,-0.172163
1.326880,0.139276,-0.051173,0.321390,0.976383,-0.022666,-0.128543,-0.172163
1.336944,0.139220,-0.051173,0.321603,0.976383,-0.022666,-0.128543,-0.172163
1.346975,0.139160,-0.051173,0.321820,0.976383,-0.022666,-0.128543,-0.172163
1.357031,0.139100,-0.051173,0.322038,0.976383,-0.022666,-0.128543,-0.172163
1.367084,0.139037,-0.051173,0.322259,0.976383,-0.022666,-0.128543,-0.172163
1.377137,0.138972,-0.051173,0.322483,0.976383,-0.022666,-0.128543,-0.172163
1.387189,0.138905,-0.051173,0.322709,0.976383,-0.022666,-0.128543,-0.172163
1.397241,0.138835,-0.051173,0.322937,0.976383,-0.022666,-0.128543,-0.172163
1.407296,0.138764,-0.051173,0.323166,0.976383,-0.022666,-0.128543,-0.172163
1.417349,0.138691,-0.051173,0.323399,0.976383,-0.022666,-0.128543,-0.172163
1.427404,0.138615,-0.051173,0.323634,0.976383,-0.022666,-0.128543,-0.172163
1.437465,0.138536,-0.051173,0.323871,0.976383,-0.022666,-0.128543,-0.172163
1.447522,0.138455,-0.051173,0.324110,0.976383,-0.022666,-0.128543,-0.172163
1.457582,0.138373,-0.051173,0.324351,0.976383,-0.022666,-0.128543,-0.172163
1.467640,0.138287,-0.051173,0.324594,0.976383,-0.022666,-0.128543,-0.172163
1.477693,0.138199,-0.051173,0.324840,0.976383,-0.022666,-0.128543,-0.172163
1.487751,0.138108,-0.051173,0.325088,0.976383,-0.022666,-0.128543,-0.172163
1.497812,0.138015,-0.051173,0.325338,0.976383,-0.022666,-0.128543,-0.172163
1.507866,0.137919,-0.051173,0.325589,0.976383,-0.022666,-0.128543,-0.172163
1.517926,0.137820,-0.051173,0.325842,0.976383,-0.022666,-0.128543,-0.172163
1.527965,0.137718,-0.051173,0.326098,0.976383,-0.022666,-0.128543,-0.172163
1.538025,0.137614,-0.051173,0.326356,0.976383,-0.022666,-0.128543,-0.172163
1.548086,0.137507,-0.051173,0.326615,0.976383,-0.022666,-0.128543,-0.172163
1.558148,0.137397,-0.051173,0.326876,0.976383,-0.022666,-0.128543,-0.172163
1.568211,0.137283,-0.051173,0.327139,0.976383,-0.022666,-0.128543,-0.172163
1.578276,0.137167,-0.051173,0.327405,0.976383,-0.022666,-0.128543,-0.172163
1.588328,0.137048,-0.051173,0.327671,0.976383,-0.022666,-0.128543,-0.172163
1.598391,0.136926,-0.051173,0.327939,0.976383,-0.022666,-0.128543,-0.172163
1.608451,0.136800,-0.051173,0.328209,0.976383,-0.022666,-0.128543,-0.172163
1.618511,0.136671,-0.051173,0.328480,0.976383,-0.022666,-0.128543,-0.172163
1.628572,0.136539,-0.051173,0.328753,0.976383,-0.022666,-0.128543,-0.172163
1.638631,0.136404,-0.051173,0.329028,0.976383,-0.022666,-0.128543,-0.172163
1.648690,0.136265,-0.051173,0.329304,0.976383,-0.022666,-0.128543,-0.172163
1.658750,0.136123,-0.051173,0.329581,0.976383,-0.022666,-0.128543,-0.172163
1.668810,0.135977,-0.051173,0.329860,0.976383,-0.022666,-0.128543,-0.172163
1.678871,0.135828,-0.051173,0.330141,0.976383,-0.022666,-0.128543,-0.172163
1.688931,0.135676,-0.051173,0.330422,0.976383,-0.022666,-0.128543,-0.172163
1.698990,0.135519,-0.051173,0.330705,0.976383,-0.022666,-0.128543,-0.172163
1.709051,0.135359,-0.051173,0.330989,0.976383,-0.022666,-0.128543,-0.172163
1.719112,0.135196,-0.051173,0.331273,0.976383,-0.022666,-0.128543,-0.172163
1.729172,0.135028,-0.051173,0.331559,0.976383,-0.022666,-0.128543,-0.172163
1.739232,0.134857,-0.051173,0.331845,0.976383,-0.022666,-0.128543,-0.172163
1.749292,0.134682,-0.051173,0.332133,0.976383,-0.022666,-0.128543,-0.172163
1.759351,0.134503,-0.051173,0.332422,0.976383,-0.022666,-0.128543,-0.172163
1.769412,0.134320,-0.051173,0.332711,0.976383,-0.022666,-0.128543,-0.172163
1.779473,0.134133,-0.051173,0.333002,0.976383,-0.022666,-0.128543,-0.172163
1.789535,0.133942,-0.051173,0.333293,0.976383,-0.022666,-0.128543,-0.172163
1.799596,0.133748,-0.051173,0.333584,0.976383,-0.022666,-0.128543,-0.172163
1.809656,0.133549,-0.051173,0.333876,0.976383,-0.022666,-0.128543,-0.172163
1.819716,0.133346,-0.051173,0.334168,0.976383,-0.022666,-0.128543,-0.172163
1.829774,0.133139,-0.051173,0.334461,0.976383,-0.022666,-0.128543,-0.172163
1.839836,0.132927,-0.051173,0.334754,0.976383,-0.022666,-0.128543,-0.172163
1.849896,0.132712,-0.051173,0.335047,0.976383,-0.022666,-0.128543,-0.172163
1.859957,0.132492,-0.051173,0.335340,0.976383,-0.022666,-0.128543,-0.172163
1.870017,0.132268,-0.051173,0.335633,0.976383,-0.022666,-0.128543,-0.172163
1.880076,0.132039,-0.051173,0.335927,0.976383,-0.022666,-0.128543,-0.172163
1.890139,0.131807,-0.051173,0.336220,0.976383,-0.022666,-0.128543,-0.172163
1.900198,0.131569,-0.051173,0.336513,0.976383,-0.022666,-0.128543,-0.172163
1.910260,0.131328,-0.051173,0.336806,0.976383,-0.022666,-0.128543,-0.172163
1.920320,0.131081,-0.051173,0.337099,0.976383,-0.022666,-0.128543,-0.172163
1.930379,0.130830,-0.051173,0.337391,0.976383,-0.022666,-0.128543,-0.172163
1.940440,0.130576,-0.051173,0.337683,0.976383,-0.022666,-0.128543,-0.172163
1.950500,0.130316,-0.051173,0.337974,0.976383,-0.022666,-0.128543,-0.172163
1.960559,0.130052,-0.051173,0.338264,0.976383,-0.022666,-0.128543,-0.172163
1.970622,0.129783,-0.051173,0.338554,0.976383,-0.022666,-0.128543,-0.172163
1.980683,0.129510,-0.051173,0.338842,0.976383,-0.022666,-0.128543,-0.172163
1.990744,0.129232,-0.051173,0.339131,0.976383,-0.022666,-0.128543,-0.172163
2.000803,0.128949,-0.051173,0.339417,0.976383,-0.022666,-0.128543,-0.172163
2.010862,0.128662,-0.051173,0.339703,0.976383,-0.022666,-0.128543,-0.172163
2.020924,0.128370,-0.051173,0.339987,0.976383,-0.022666,-0.128543,-0.172163
2.030986,0.128074,-0.051173,0.340270,0.976383,-0.022666,-0.128543,-0.172163
2.041045,0.127773,-0.051173,0.340552,0.976383,-0.022666,-0.128543,-0.172163
2.051105,0.127468,-0.051173,0.340832,0.976383,-0.022666,-0.128543,-0.172163
2.061165,0.127157,-0.051173,0.341111,0.976383,-0.022666,-0.128543,-0.172163
2.071226,0.126842,-0.051173,0.341388,0.976383,-0.022666,-0.128543,-0.172163
2.081285,0.126522,-0.051173,0.341663,0.976383,-0.022666,-0.128543,-0.172163
2.091345,0.126197,-0.051173,0.341936,0.976383,-0.022666,-0.128543,-0.172163
2.101406,0.125868,-0.051173,0.342208,0.976383,-0.022666,-0.128543,-0.172163
2.111465,0.125534,-0.051173,0.342477,0.976383,-0.022666,-0.128543,-0.172163
2.121526,0.125195,-0.051173,0.342744,0.976383,-0.022666,-0.128543,-0.172163
2.131588,0.124853,-0.051173,0.343008,0.976383,-0.022666,-0.128543,-0.172163
2.141648,0.124505,-0.051173,0.343270,0.976383,-0.022666,-0.128543,-0.172163
2.151710,0.124152,-0.051173,0.343530,0.976383,-0.022666,-0.128543,-0.172163
2.161770,0.123796,-0.051173,0.343787,0.976383,-0.022666,-0.128543,-0.172163
2.171830,0.123433,-0.051173,0.344042,0.976383,-0.022666,-0.128543,-0.172163
2.181891,0.123067,-0.051173,0.344294,0.976383,-0.022666,-0.128543,-0.172163
2.191951,0.122697,-0.051173,0.344542,0.976383,-0.022666,-0.128543,-0.172163
2.202010,0.122321,-0.051173,0.344788,0.976383,-0.022666,-0.128543,-0.172163
2.212070,0.121942,-0.051173,0.345031,0.976383,-0.022666,-0.128543,-0.172163
2.222130,0.121557,-0.051173,0.345271,0.976383,-0.022666,-0.128543,-0.172163
2.232190,0.121168,-0.051173,0.345507,0.976383,-0.022666,-0.128543,-0.172163
2.242282,0.120775,-0.051173,0.345739,0.976383,-0.022666,-0.128543,-0.172163
2.252344,0.120377,-0.051173,0.345969,0.976383,-0.022666,-0.128543,-0.172163
2.262403,0.119976,-0.051173,0.346194,0.976383,-0.022666,-0.128543,-0.172163
2.272465,0.119570,-0.051173,0.346416,0.976383,-0.022666,-0.128543,-0.172163
2.282527,0.119159,-0.051173,0.346635,0.976383,-0.022666,-0.128543,-0.172163
2.292587,0.118744,-0.051173,0.346849,0.976383,-0.022666,-0.128543,-0.172163
2.302649,0.118326,-0.051173,0.347059,0.976383,-0.022666,-0.128543,-0.172163
2.312711,0.117902,-0.051173,0.347265,0.976383,-0.022666,-0.128543,-0.172163
2.322770,0.117475,-0.051173,0.347467,0.976383,-0.022666,-0.128543,-0.172163
2.332830,0.117044,-0.051173,0.347664,0.976383,-0.022666,-0.128543,-0.172163
2.342890,0.116608,-0.051173,0.347858,0.976383,-0.022666,-0.128543,-0.172163
2.352950,0.116170,-0.051173,0.348046,0.976383,-0.022666,-0.128543,-0.172163
2.363011,0.115727,-0.051173,0.348230,0.976383,-0.022666,-0.128543,-0.172163
2.373071,0.115280,-0.051173,0.348410,0.976383,-0.022666,-0.128543,-0.172163
2.383133,0.114830,-0.051173,0.348585,0.976383,-0.022666,-0.128543,-0.172163
2.393194,0.114376,-0.051173,0.348754,0.976383,-0.022666,-0.128543,-0.172163
2.403254,0.113919,-0.051172,0.348919,0.976383,-0.022666,-0.128543,-0.172163
2.413317,0.113457,-0.051172,0.349079,0.976383,-0.022666,-0.128543,-0.172163
2.423378,0.112992,-0.051172,0.349233,0.976383,-0.022666,-0.128543,-0.172163
2.433440,0.112525,-0.051172,0.349383,0.976383,-0.022666,-0.128543,-0.172163
2.443502,0.112053,-0.051172,0.349527,0.976383,-0.022666,-0.128543,-0.172163
2.453561,0.111579,-0.051172,0.349665,0.976383,-0.022666,-0.128543,-0.172163
2.463621,0.111101,-0.051172,0.349799,0.976383,-0.022666,-0.128543,-0.172163
2.473715,0.110621,-0.051172,0.349926,0.976383,-0.022666,-0.128543,-0.172163
2.483777,0.110137,-0.051172,0.350048,0.976383,-0.022666,-0.128543,-0.172163
2.493839,0.109651,-0.051172,0.350164,0.976383,-0.022666,-0.128543,-0.172163
2.503898,0.109162,-0.051172,0.350275,0.976383,-0.022666,-0.128543,-0.172163
2.513958,0.108670,-0.051172,0.350379,0.976383,-0.022666,-0.128543,-0.172163
2.524019,0.108176,-0.051172,0.350478,0.976383,-0.022666,-0.128543,-0.172163
2.534079,0.107678,-0.051172,0.350571,0.976383,-0.022666,-0.128543,-0.172163
2.544142,0.107179,-0.051172,0.350657,0.976383,-0.022666,-0.128543,-0.172163
2.554202,0.106678,-0.051172,0.350738,0.976383,-0.022666,-0.128543,-0.172163
2.564262,0.106175,-0.051172,0.350812,0.976383,-0.022666,-0.128543,-0.172163
2.574323,0.105669,-0.051172,0.350880,0.976383,-0.022666,-0.128543,-0.172163
2.584382,0.105161,-0.051172,0.350942,0.976383,-0.022666,-0.128543,-0.172163
2.594444,0.104651,-0.051172,0.350997,0.976383,-0.022666,-0.128543,-0.172163
2.604503,0.104140,-0.051172,0.351046,0.976383,-0.022666,-0.128543,-0.172163
2.614563,0.103627,-0.051172,0.351088,0.976383,-0.022666,-0.128543,-0.172163
2.624625,0.103113,-0.051172,0.351124,0.976383,-0.022666,-0.128543,-0.172163
2.634686,0.102597,-0.051172,0.351153,0.976383,-0.022666,-0.128543,-0.172163
2.644745,0.102079,-0.051172,0.351175,0.976383,-0.022666,-0.128543,-0.172163
2.654805,0.101561,-0.051172,0.351191,0.976383,-0.022666,-0.128543,-0.172163
2.664865,0.101041,-0.051172,0.351200,0.976383,-0.022666,-0.128543,-0.172163
2.674924,0.100521,-0.051172,0.351203,0.976383,-0.022666,-0.128543,-0.172163
2.684984,0.100000,-0.051172,0.351198,0.976383,-0.022666,-0.128543,-0.172163
2.695044,0.098956,-0.051172,0.351169,0.976383,-0.022666,-0.128543,-0.172163
2.705104,0.098432,-0.051172,0.351144,0.976383,-0.022666,-0.128543,-0.172163
2.715164,0.097909,-0.051172,0.351113,0.976383,-0.022666,-0.128543,-0.172163
2.725225,0.097386,-0.051172,0.351074,0.976383,-0.022666,-0.128543,-0.172163
2.735281,0.096862,-0.051172,0.351028,0.976383,-0.022666,-0.128543,-0.172163
2.745336,0.096339,-0.051172,0.350976,0.976383,-0.022666,-0.128543,-0.172163
2.755389,0.095816,-0.051172,0.350916,0.976383,-0.022666,-0.128543,-0.172163
2.765441,0.095293,-0.051172,0.350850,0.976383,-0.022666,-0.128543,-0.172163
2.775494,0.094770,-0.051172,0.350776,0.976383,-0.022666,-0.128543,-0.172163
2.785548,0.094248,-0.051172,0.350696,0.976383,-0.022666,-0.128543,-0.172163
2.795601,0.093727,-0.051172,0.350609,0.976383,-0.022666,-0.128543,-0.172163
2.805665,0.093206,-0.051172,0.350515,0.976383,-0.022666,-0.128543,-0.172163
2.815725,0.092686,-0.051172,0.350413,0.976383,-0.022666,-0.128543,-0.172163
2.825784,0.092168,-0.051172,0.350305,0.976383,-0.022666,-0.128543,-0.172163
2.835844,0.091650,-0.051172,0.350190,0.976383,-0.022666,-0.128543,-0.172163
2.845903,0.091134,-0.051172,0.350068,0.976383,-0.022666,-0.128543,-0.172163
2.855965,0.090619,-0.051172,0.349939,0.976383,-0.022666,-0.128543,-0.172163
2.866025,0.090106,-0.051172,0.349803,0.976383,-0.022666,-0.128543,-0.172163
2.876085,0.089595,-0.051172,0.349661,0.976383,-0.022666,-0.128543,-0.172163
2.886145,0.089085,-0.051172,0.349511,0.976383,-0.022666,-0.128543,-0.172163
2.896207,0.088578,-0.051172,0.349355,0.976383,-0.022666,-0.128543,-0.172163
2.906267,0.088072,-0.051172,0.349192,0.976383,-0.022666,-0.128543,-0.172163
2.916328,0.087569,-0.051172,0.349022,0.976383,-0.022666,-0.128543,-0.172163
2.926388,0.087068,-0.051172,0.348846,0.976383,-0.022666,-0.128543,-0.172163
2.936447,0.086569,-0.051172,0.348663,0.976383,-0.022666,-0.128543,-0.172163
2.946509,0.086073,-0.051172,0.348474,0.976383,-0.022666,-0.128543,-0.172163
2.956570,0.085580,-0.051172,0.348278,0.976383,-0.022666,-0.128543,-0.172163
2.966630,0.085089,-0.051172,0.348075,0.976383,-0.022666,-0.128543,-0.172163
2.976711,0.084602,-0.051172,0.347866,0.976383,-0.022666,-0.128543,-0.172163
2.986771,0.084117,-0.051172,0.347651,0.976383,-0.022666,-0.128543,-0.172163
2.996830,0.083635,-0.051172,0.347429,0.976383,-0.022666,-0.128543,-0.172163
3.006891,0.083158,-0.051172,0.347202,0.976383,-0.022666,-0.128543,-0.172163
3.016950,0.082682,-0.051172,0.346968,0.976383,-0.022666,-0.128543,-0.172163
3.027010,0.082212,-0.051172,0.346728,0.976383,-0.022666,-0.128543,-0.172163
3.037070,0.081744,-0.051172,0.346482,0.976383,-0.022666,-0.128543,-0.172163
3.047129,0.081280,-0.051172,0.346230,0.976383,-0.022666,-0.128543,-0.172163
3.057190,0.080819,-0.051172,0.345972,0.976383,-0.022666,-0.128543,-0.172163
3.067249,0.080363,-0.051172,0.345709,0.976383,-0.022666,-0.128543,-0.172163
3.077309,0.079910,-0.051172,0.345439,0.976383,-0.022666,-0.128543,-0.172163
3.087369,0.079462,-0.051172,0.345164,0.976383,-0.022666,-0.128543,-0.172163
3.097429,0.079018,-0.051172,0.344884,0.976383,-0.022666,-0.128543,-0.172163
3.107489,0.078578,-0.051172,0.344598,0.976383,-0.022666,-0.128543,-0.172163
3.117549,0.078142,-0.051172,0.344307,0.976383,-0.022666,-0.128543,-0.172163
3.127609,0.077712,-0.051172,0.344011,0.976383,-0.022666,-0.128543,-0.172163
3.137672,0.077286,-0.051172,0.343709,0.976383,-0.022666,-0.128543,-0.172163
3.147736,0.076864,-0.051172,0.343402,0.976383,-0.022666,-0.128543,-0.172163
3.157798,0.076447,-0.051172,0.343091,0.976383,-0.022666,-0.128543,-0.172163
3.167857,0.076034,-0.051172,0.342774,0.976383,-0.022666,-0.128543,-0.172163
3.177916,0.075627,-0.051172,0.342453,0.976383,-0.022666,-0.128543,-0.172163
3.187975,0.075224,-0.051172,0.342127,0.976383,-0.022666,-0.128543,-0.172163
3.198034,0.074828,-0.051172,0.341797,0.976383,-0.022666,-0.128543,-0.172163
3.208094,0.074435,-0.051172,0.341462,0.976383,-0.022666,-0.128543,-0.172163
3.218153,0.074048,-0.051172,0.341123,0.976383,-0.022666,-0.128543,-0.172163
3.228265,0.073666,-0.051172,0.340780,0.976383,-0.022666,-0.128543,-0.172163
3.238326,0.073289,-0.051172,0.340432,0.976383,-0.022666,-0.128543,-0.172163
3.248385,0.072919,-0.051172,0.340082,0.976383,-0.022666,-0.128543,-0.172163
3.258444,0.072553,-0.051172,0.339727,0.976383,-0.022666,-0.128543,-0.172163
3.268503,0.072192,-0.051172,0.339368,0.976383,-0.022666,-0.128543,-0.172163
3.278557,0.071837,-0.051172,0.339005,0.976383,-0.022666,-0.128543,-0.172163
3.288617,0.071488,-0.051172,0.338639,0.976383,-0.022666,-0.128543,-0.172163
3.298676,0.071145,-0.051172,0.338270,0.976383,-0.022666,-0.128543,-0.172163
3.308735,0.070807,-0.051172,0.337898,0.976383,-0.022666,-0.128543,-0.172163
3.318794,0.070474,-0.051172,0.337522,0.976383,-0.022666,-0.128543,-0.172163
3.328853,0.070147,-0.051172,0.337143,0.976383,-0.022666,-0.128543,-0.172163
3.338912,0.069827,-0.051172,0.336762,0.976383,-0.022666,-0.128543,-0.172163
3.348972,0.069512,-0.051172,0.336378,0.976383,-0.022666,-0.128543,-0.172163
3.359033,0.069202,-0.051172,0.335991,0.976383,-0.022666,-0.128543,-0.172163
3.369093,0.068898,-0.051172,0.335601,0.976383,-0.022666,-0.128543,-0.172163
3.379152,0.068601,-0.051172,0.335210,0.976383,-0.022666,-0.128543,-0.172163
3.389212,0.068309,-0.051172,0.334816,0.976383,-0.022666,-0.128543,-0.172163
3.399271,0.068023,-0.051172,0.334420,0.976383,-0.022666,-0.128543,-0.172163
3.409330,0.067744,-0.051172,0.334023,0.976383,-0.022666,-0.128543,-0.172163
3.419396,0.067469,-0.051172,0.333623,0.976383,-0.022666,-0.128543,-0.172163
3.429457,0.067201,-0.051172,0.333221,0.976383,-0.022666,-0.128543,-0.172163
3.439516,0.066939,-0.051172,0.332819,0.976383,-0.022666,-0.128543,-0.172163
3.449575,0.066683,-0.051172,0.332414,0.976383,-0.022666,-0.128543,-0.172163
3.459637,0.066432,-0.051172,0.332008,0.976383,-0.022666,-0.128543,-0.172163
3.469698,0.066188,-0.051172,0.331601,0.976383,-0.022666,-0.128543,-0.172163
3.479758,0.065949,-0.051172,0.331193,0.976383,-0.022666,-0.128543,-0.172163
3.489817,0.065716,-0.051172,0.330783,0.976383,-0.022666,-0.128543,-0.172163
3.499878,0.065489,-0.051172,0.330374,0.976383,-0.022666,-0.128543,-0.172163
3.509938,0.065268,-0.051172,0.329963,0.976383,-0.022666,-0.128543,-0.172163
3.519998,0.065052,-0.051172,0.329552,0.976383,-0.022666,-0.128543,-0.172163
3.530057,0.064843,-0.051172,0.329140,0.976383,-0.022666,-0.128543,-0.172163
3.540117,0.064639,-0.051172,0.328728,0.976383,-0.022666,-0.128543,-0.172163
3.550177,0.064442,-0.051172,0.328317,0.976383,-0.022666,-0.128543,-0.172163
3.560236,0.064249,-0.051172,0.327904,0.976383,-0.022666,-0.128543,-0.172163
3.570296,0.064063,-0.051172,0.327492,0.976383,-0.022666,-0.128543,-0.172163
3.580355,0.063882,-0.051172,0.327080,0.976383,-0.022666,-0.128543,-0.172163
3.590421,0.063706,-0.051172,0.326668,0.976383,-0.022666,-0.128543,-0.172163
3.600487,0.063537,-0.051172,0.326257,0.976383,-0.022666,-0.128543,-0.172163
3.610550,0.063372,-0.051172,0.325846,0.976383,-0.022666,-0.128543,-0.172163
3.620610,0.063214,-0.051172,0.325436,0.976383,-0.022666,-0.128543,-0.172163
3.630672,0.063060,-0.051172,0.325026,0.976383,-0.022666,-0.128543,-0.172163
3.640730,0.062912,-0.051172,0.324618,0.976383,-0.022666,-0.128543,-0.172163
3.650789,0.062770,-0.051172,0.324210,0.976383,-0.022666,-0.128543,-0.172163
3.660849,0.062632,-0.051172,0.323804,0.976383,-0.022666,-0.128543,-0.172163
3.670909,0.062500,-0.051172,0.323398,0.976383,-0.022666,-0.128543,-0.172163
3.680967,0.062373,-0.051172,0.322994,0.976383,-0.022666,-0.128543,-0.172163
3.691027,0.062251,-0.051172,0.322591,0.976383,-0.022666,-0.128543,-0.172163
3.701089,0.062134,-0.051172,0.322191,0.976383,-0.022666,-0.128543,-0.172163
3.711156,0.062023,-0.051172,0.321791,0.976383,-0.022666,-0.128543,-0.172163
3.721216,0.061916,-0.051172,0.321393,0.976383,-0.022666,-0.128543,-0.172163
3.731275,0.061814,-0.051172,0.320997,0.976383,-0.022666,-0.128543,-0.172163
3.741334,0.061716,-0.051172,0.320603,0.976383,-0.022666,-0.128543,-0.172163
3.751396,0.061623,-0.051173,0.320211,0.976383,-0.022666,-0.128543,-0.172163
3.761456,0.061535,-0.051173,0.319820,0.976383,-0.022666,-0.128543,-0.172163
3.771520,0.061452,-0.051173,0.319433,0.976383,-0.022666,-0.128543,-0.172163
3.781583,0.061373,-0.051173,0.319048,0.976383,-0.022666,-0.128543,-0.172163
3.791642,0.061298,-0.051173,0.318664,0.976383,-0.022666,-0.128543,-0.172163
3.801702,0.061227,-0.051173,0.318284,0.976383,-0.022666,-0.128543,-0.172163
3.811763,0.061161,-0.051173,0.317906,0.976383,-0.022666,-0.128543,-0.172163
3.821823,0.061099,-0.051173,0.317530,0.976383,-0.022666,-0.128543,-0.172163
3.831884,0.061041,-0.051173,0.317157,0.976383,-0.022666,-0.128543,-0.172163
3.841943,0.060988,-0.051173,0.316787,0.976383,-0.022666,-0.128543,-0.172163
3.852004,0.060937,-0.051173,0.316419,0.976383,-0.022666,-0.128543,-0.172163
3.862064,0.060891,-0.051173,0.316055,0.976383,-0.022666,-0.128543,-0.172163
3.872124,0.060849,-0.051173,0.315694,0.976383,-0.022666,-0.128543,-0.172163
3.882184,0.060810,-0.051173,0.315336,0.976383,-0.022666,-0.128543,-0.172163
3.892244,0.060775,-0.051173,0.314981,0.976383,-0.022666,-0.128543,-0.172163
3.902303,0.060743,-0.051173,0.314629,0.976383,-0.022666,-0.128543,-0.172163
3.912362,0.060714,-0.051173,0.314281,0.976383,-0.022666,-0.128543,-0.172163
3.922425,0.060689,-0.051173,0.313936,0.976383,-0.022666,-0.128543,-0.172163
3.932484,0.060667,-0.051173,0.313595,0.976383,-0.022666,-0.128543,-0.172163
3.942545,0.060649,-0.051173,0.313256,0.976383,-0.022666,-0.128543,-0.172163
3.952605,0.060633,-0.051173,0.312921,0.976383,-0.022666,-0.128543,-0.172163
3.962664,0.060620,-0.051173,0.312590,0.976383,-0.022666,-0.128543,-0.172163
3.972725,0.060610,-0.051173,0.312263,0.976383,-0.022666,-0.128543,-0.172163
3.982786,0.060603,-0.051173,0.311939,0.976383,-0.022666,-0.128543,-0.172163
3.992846,0.060598,-0.051173,0.311619,0.976383,-0.022666,-0.128543,-0.172163
4.002906,0.060596,-0.051173,0.311303,0.976383,-0.022666,-0.128543,-0.172163
4.012965,0.060596,-0.051173,0.310989,0.976383,-0.022666,-0.128543,-0.172163
4.023025,0.060599,-0.051173,0.310675,0.976383,-0.022666,-0.128543,-0.172163
4.033086,0.060605,-0.051173,0.310361,0.976383,-0.022666,-0.128543,-0.172163
4.043145,0.060613,-0.051173,0.310046,0.976383,-0.022666,-0.128543,-0.172163
4.053205,0.060623,-0.051173,0.309732,0.976383,-0.022666,-0.128543,-0.172163
4.063265,0.060636,-0.051173,0.309419,0.976383,-0.022666,-0.128543,-0.172163
4.073324,0.060651,-0.051173,0.309105,0.976383,-0.022666,-0.128543,-0.172163
4.083386,0.060669,-0.051173,0.308791,0.976383,-0.022666,-0.128543,-0.172163
4.093446,0.060689,-0.051173,0.308478,0.976383,-0.022666,-0.128543,-0.172163
4.103507,0.060711,-0.051173,0.308164,0.976383,-0.022666,-0.128543,-0.172163
4.113569,0.060737,-0.051173,0.307851,0.976383,-0.022666,-0.128543,-0.172163
4.123633,0.060764,-0.051173,0.307538,0.976383,-0.022666,-0.128543,-0.172163
4.133697,0.060794,-0.051173,0.307225,0.976383,-0.022666,-0.128543,-0.172163
4.143756,0.060827,-0.051173,0.306913,0.976383,-0.022666,-0.128543,-0.172163
4.153816,0.060862,-0.051173,0.306601,0.976383,-0.022666,-0.128543,-0.172163
4.163875,0.060899,-0.051173,0.306289,0.976383,-0.022666,-0.128543,-0.172163
4.173936,0.060939,-0.051173,0.305977,0.976383,-0.022666,-0.128543,-0.172163
4.183996,0.060981,-0.051173,0.305666,0.976383,-0.022666,-0.128543,-0.172163
4.194164,0.061026,-0.051173,0.305355,0.976383,-0.022666,-0.128543,-0.172163
4.204226,0.061073,-0.051173,0.305044,0.976383,-0.022666,-0.128543,-0.172163
4.214286,0.061122,-0.051173,0.304734,0.976383,-0.022666,-0.128543,-0.172163
4.224348,0.061175,-0.051173,0.304424,0.976383,-0.022666,-0.128543,-0.172163
4.234409,0.061229,-0.051173,0.304115,0.976383,-0.022666,-0.128543,-0.172163
4.244468,0.061286,-0.051173,0.303806,0.976383,-0.022666,-0.128543,-0.172163
4.254528,0.061345,-0.051173,0.303498,0.976383,-0.022666,-0.128543,-0.172163
4.264588,0.061407,-0.051173,0.303189,0.976383,-0.022666,-0.128543,-0.172163
4.274650,0.061471,-0.051173,0.302882,0.976383,-0.022666,-0.128543,-0.172163
4.284712,0.061538,-0.051173,0.302575,0.976383,-0.022666,-0.128543,-0.172163
4.294772,0.061607,-0.051173,0.302268,0.976383,-0.022666,-0.128543,-0.172163
4.304832,0.061678,-0.051173,0.301962,0.976383,-0.022666,-0.128543,-0.172163
4.314891,0.061752,-0.051173,0.301657,0.976383,-0.022666,-0.128543,-0.172163
4.324951,0.061828,-0.051173,0.301352,0.976383,-0.022666,-0.128543,-0.172163
4.335012,0.061987,-0.051173,0.300745,0.976383,-0.022666,-0.128543,-0.172163
4.345073,0.062071,-0.051173,0.300442,0.976383,-0.022666,-0.128543,-0.172163
4.355137,0.062156,-0.051173,0.300139,0.976383,-0.022666,-0.128543,-0.172163
4.365199,0.062245,-0.051173,0.299838,0.976383,-0.022666,-0.128543,-0.172163
4.375260,0.062335,-0.051173,0.299537,0.976383,-0.022666,-0.128543,-0.172163
4.385320,0.062428,-0.051173,0.299237,0.976383,-0.022666,-0.128543,-0.172163
4.395384,0.062523,-0.051173,0.298938,0.976383,-0.022666,-0.128543,-0.172163
4.405444,0.062621,-0.051173,0.298639,0.976383,-0.022666,-0.128543,-0.172163
4.415504,0.062720,-0.051173,0.298341,0.976383,-0.022666,-0.128543,-0.172163
4.425611,0.062823,-0.051173,0.298044,0.976383,-0.022666,-0.128543,-0.172163
4.435671,0.062927,-0.051173,0.297748,0.976383,-0.022666,-0.128543,-0.172163
4.445733,0.063034,-0.051173,0.297452,0.976383,-0.022666,-0.128543,-0.172163
4.455795,0.063143,-0.051173,0.297158,0.976383,-0.022666,-0.128543,-0.172163
4.465857,0.063255,-0.051173,0.296864,0.976383,-0.022666,-0.128543,-0.172163
4.475919,0.063368,-0.051173,0.296571,0.976383,-0.022666,-0.128543,-0.172163
4.485972,0.063484,-0.051173,0.296279,0.976383,-0.022666,-0.128543,-0.172163
4.496027,0.063603,-0.051173,0.295988,0.976383,-0.022666,-0.128543,-0.172163
4.506089,0.063723,-0.051173,0.295698,0.976383,-0.022666,-0.128543,-0.172163
4.516150,0.063846,-0.051173,0.295409,0.976383,-0.022666,-0.128543,-0.172163
4.526189,0.063971,-0.051173,0.295121,0.976383,-0.022666,-0.128543,-0.172163
4.536250,0.064099,-0.051173,0.294834,0.976383,-0.022666,-0.128543,-0.172163
4.546310,0.064229,-0.051173,0.294548,0.976383,-0.022666,-0.128543,-0.172163
4.556378,0.064361,-0.051173,0.294263,0.976383,-0.022666,-0.128543,-0.172163
4.566436,0.064495,-0.051173,0.293978,0.976383,-0.022666,-0.128543,-0.172163
4.576491,0.064631,-0.051173,0.293695,0.976383,-0.022666,-0.128543,-0.172163
4.586545,0.064770,-0.051173,0.293414,0.976383,-0.022666,-0.128543,-0.172163
4.596608,0.064911,-0.051173,0.293133,0.976383,-0.022666,-0.128543,-0.172163
4.606671,0.065054,-0.051173,0.292853,0.976383,-0.022666,-0.128543,-0.172163
4.616732,0.065199,-0.051173,0.292574,0.976383,-0.022666,-0.128543,-0.172163
4.626793,0.065346,-0.051173,0.292297,0.976383,-0.022666,-0.128543,-0.172163
4.636855,0.065496,-0.051173,0.292021,0.976383,-0.022666,-0.128543,-0.172163
4.646915,0.065648,-0.051173,0.291746,0.976383,-0.022666,-0.128543,-0.172163
4.657050,0.065801,-0.051173,0.291472,0.976383,-0.022666,-0.128543,-0.172163
4.667113,0.065957,-0.051173,0.291199,0.976383,-0.022666,-0.128543,-0.172163
4.677174,0.066116,-0.051173,0.290928,0.976383,-0.022666,-0.128543,-0.172163
4.687235,0.066276,-0.051173,0.290658,0.976383,-0.022666,-0.128543,-0.172163
4.697297,0.066438,-0.051173,0.290389,0.976383,-0.022666,-0.128543,-0.172163
4.707358,0.066603,-0.051173,0.290121,0.976383,-0.022666,-0.128543,-0.172163
4.717419,0.066770,-0.051173,0.289855,0.976383,-0.022666,-0.128543,-0.172163
4.727481,0.066938,-0.051173,0.289590,0.976383,-0.022666,-0.128543,-0.172163
4.737542,0.067109,-0.051173,0.289326,0.976383,-0.022666,-0.128543,-0.172163
4.747603,0.067282,-0.051173,0.289064,0.976383,-0.022666,-0.128543,-0.172163
4.757665,0.067457,-0.051173,0.288803,0.976383,-0.022666,-0.128543,-0.172163
4.767726,0.067634,-0.051173,0.288543,0.976383,-0.022666,-0.128543,-0.172163
4.777787,0.067813,-0.051173,0.288285,0.976383,-0.022666,-0.128543,-0.172163
4.787849,0.067994,-0.051173,0.288028,0.976383,-0.022666,-0.128543,-0.172163
4.797911,0.068177,-0.051173,0.287773,0.976383,-0.022666,-0.128543,-0.172163
4.807973,0.068362,-0.051173,0.287519,0.976383,-0.022666,-0.128543,-0.172163
4.818035,0.068549,-0.051173,0.287267,0.976383,-0.022666,-0.128543,-0.172163
4.828096,0.068738,-0.051173,0.287016,0.976383,-0.022666,-0.128543,-0.172163
4.838158,0.068929,-0.051173,0.286766,0.976383,-0.022666,-0.128543,-0.172163
4.848220,0.069122,-0.051173,0.286518,0.976383,-0.022666,-0.128543,-0.172163
4.858281,0.069317,-0.051173,0.286272,0.976383,-0.022666,-0.128543,-0.172163
4.868343,0.069513,-0.051173,0.286027,0.976383,-0.022666,-0.128543,-0.172163
4.878405,0.069712,-0.051173,0.285784,0.976383,-0.022666,-0.128543,-0.172163
4.888467,0.069913,-0.051173,0.285542,0.976383,-0.022666,-0.128543,-0.172163
4.898530,0.070115,-0.051173,0.285302,0.976383,-0.022666,-0.128543,-0.172163
4.908592,0.070319,-0.051173,0.285063,0.976383,-0.022666,-0.128543,-0.172163
4.918653,0.070526,-0.051173,0.284826,0.976383,-0.022666,-0.128543,-0.172163
4.928715,0.070734,-0.051173,0.284591,0.976383,-0.022666,-0.128543,-0.172163
4.938777,0.070944,-0.051173,0.284357,0.976383,-0.022666,-0.128543,-0.172163
4.948839,0.071156,-0.051173,0.284125,0.976383,-0.022666,-0.128543,-0.172163
4.958901,0.071369,-0.051173,0.283895,0.976383,-0.022666,-0.128543,-0.172163
4.968965,0.071584,-0.051173,0.283666,0.976383,-0.022666,-0.128543,-0.172163
4.979027,0.071802,-0.051173,0.283439,0.976383,-0.022666,-0.128543,-0.172163
4.989090,0.072021,-0.051173,0.283214,0.976383,-0.022666,-0.128543,-0.172163
4.999151,0.072241,-0.051173,0.282990,0.976383,-0.022666,-0.128543,-0.172163
5.009213,0.072464,-0.051173,0.282768,0.976383,-0.022666,-0.128543,-0.172163
5.019275,0.072688,-0.051173,0.282548,0.976383,-0.022666,-0.128543,-0.172163
5.029337,0.072914,-0.051173,0.282330,0.976383,-0.022666,-0.128543,-0.172163
5.039399,0.073142,-0.051173,0.282113,0.976383,-0.022666,-0.128543,-0.172163
5.049461,0.073371,-0.051173,0.281899,0.976383,-0.022666,-0.128543,-0.172163
5.059523,0.073602,-0.051173,0.281686,0.976383,-0.022666,-0.128543,-0.172163
5.069586,0.073835,-0.051173,0.281475,0.976383,-0.022666,-0.128543,-0.172163
5.079648,0.074069,-0.051173,0.281265,0.976383,-0.022666,-0.128543,-0.172163
5.089712,0.074305,-0.051173,0.281058,0.976383,-0.022666,-0.128543,-0.172163
5.099774,0.074542,-0.051173,0.280852,0.976383,-0.022666,-0.128543,-0.172163
5.109835,0.074782,-0.051173,0.280649,0.976383,-0.022666,-0.128543,-0.172163
5.119889,0.075022,-0.051173,0.280447,0.976383,-0.022666,-0.128543,-0.172163
5.129952,0.075265,-0.051173,0.280247,0.976383,-0.022666,-0.128543,-0.172163
5.140015,0.075509,-0.051173,0.280049,0.976383,-0.022666,-0.128543,-0.172163
5.150078,0.075754,-0.051173,0.279853,0.976383,-0.022666,-0.128543,-0.172163
5.160141,0.076001,-0.051173,0.279659,0.976383,-0.022666,-0.128543,-0.172163
5.170203,0.076250,-0.051173,0.279467,0.976383,-0.022666,-0.128543,-0.172163
5.180267,0.076500,-0.051173,0.279276,0.976383,-0.022666,-0.128543,-0.172163
5.190329,0.076751,-0.051173,0.279088,0.976383,-0.022666,-0.128543,-0.172163
5.200391,0.077004,-0.051173,0.278902,0.976383,-0.022666,-0.128543,-0.172163
5.210454,0.077258,-0.051173,0.278718,0.976383,-0.022666,-0.128543,-0.172163
5.220547,0.077514,-0.051173,0.278535,0.976383,-0.022666,-0.128543,-0.172163
5.230609,0.077772,-0.051173,0.278355,0.976383,-0.022666,-0.128543,-0.172163
5.240670,0.078030,-0.051173,0.278177,0.976383,-0.022666,-0.128543,-0.172163
5.250733,0.078290,-0.051173,0.278001,0.976383,-0.022666,-0.128543,-0.172163
5.260795,0.078552,-0.051173,0.277826,0.976383,-0.022666,-0.128543,-0.172163
5.270857,0.078815,-0.051173,0.277654,0.976383,-0.022666,-0.128543,-0.172163
5.280918,0.079079,-0.051173,0.277484,0.976383,-0.022666,-0.128543,-0.172163
5.290971,0.079344,-0.051173,0.277316,0.976383,-0.022666,-0.128543,-0.172163
5.301032,0.079611,-0.051173,0.277150,0.976383,-0.022666,-0.128543,-0.172163
5.311094,0.079879,-0.051173,0.276987,0.976383,-0.022666,-0.128543,-0.172163
5.321156,0.080149,-0.051173,0.276825,0.976383,-0.022666,-0.128543,-0.172163
5.331218,0.080419,-0.051173,0.276666,0.976383,-0.022666,-0.128543,-0.172163
5.341279,0.080691,-0.051173,0.276508,0.976383,-0.022666,-0.128543,-0.172163
5.351341,0.080964,-0.051173,0.276353,0.976383,-0.022666,-0.128543,-0.172163
5.361403,0.081239,-0.051173,0.276200,0.976383,-0.022666,-0.128543,-0.172163
5.371466,0.081514,-0.051173,0.276049,0.976383,-0.022666,-0.128543,-0.172163
5.381528,0.081791,-0.051173,0.275900,0.976383,-0.022666,-0.128543,-0.172163
5.391591,0.082069,-0.051173,0.275753,0.976383,-0.022666,-0.128543,-0.172163
5.401644,0.082348,-0.051173,0.275609,0.976383,-0.022666,-0.128543,-0.172163
5.411707,0.082628,-0.051173,0.275467,0.976383,-0.022666,-0.128543,-0.172163
5.421769,0.082909,-0.051173,0.275327,0.976383,-0.022666,-0.128543,-0.172163
5.431831,0.083191,-0.051173,0.275189,0.976383,-0.022666,-0.128543,-0.172163
5.441891,0.083475,-0.051173,0.275053,0.976383,-0.022666,-0.128543,-0.172163
5.451953,0.083759,-0.051173,0.274920,0.976383,-0.022666,-0.128543,-0.172163
5.461970,0.084045,-0.051173,0.274789,0.976383,-0.022666,-0.128543,-0.172163
5.472030,0.084331,-0.051173,0.274660,0.976383,-0.022666,-0.128543,-0.172163
5.482089,0.084619,-0.051173,0.274533,0.976383,-0.022666,-0.128543,-0.172163
5.492151,0.084907,-0.051173,0.274409,0.976383,-0.022666,-0.128543,-0.172163
5.502213,0.085197,-0.051173,0.274287,0.976383,-0.022666,-0.128543,-0.172163
5.512273,0.085487,-0.051173,0.274167,0.976383,-0.022666,-0.128543,-0.172163
5.522333,0.085778,-0.051173,0.274050,0.976383,-0.022666,-0.128543,-0.172163
5.532393,0.086071,-0.051173,0.273935,0.976383,-0.022666,-0.128543,-0.172163
5.542455,0.086364,-0.051173,0.273822,0.976383,-0.022666,-0.128543,-0.172163
5.552518,0.086658,-0.051173,0.273711,0.976383,-0.022666,-0.128543,-0.172163
5.562577,0.086953,-0.051173,0.273603,0.976383,-0.022666,-0.128543,-0.172163
5.572638,0.087248,-0.051173,0.273497,0.976383,-0.022666,-0.128543,-0.172163
5.582700,0.087545,-0.051173,0.273393,0.976383,-0.022666,-0.128543,-0.172163
5.592765,0.087842,-0.051173,0.273292,0.976383,-0.022666,-0.128543,-0.172163
5.602830,0.088140,-0.051173,0.273193,0.976383,-0.022666,-0.128543,-0.172163
5.612895,0.088439,-0.051173,0.273096,0.976383,-0.022666,-0.128543,-0.172163
5.622956,0.088739,-0.051173,0.273002,0.976383,-0.022666,-0.128543,-0.172163
5.632972,0.089039,-0.051173,0.272910,0.976383,-0.022666,-0.128543,-0.172163
5.643027,0.089341,-0.051173,0.272820,0.976383,-0.022666,-0.128543,-0.172163
5.653089,0.089642,-0.051173,0.272733,0.976383,-0.022666,-0.128543,-0.172163
5.663151,0.089945,-0.051173,0.272648,0.976383,-0.022666,-0.128543,-0.172163
5.673215,0.090248,-0.051173,0.272566,0.976383,-0.022666,-0.128543,-0.172163
5.683277,0.090552,-0.051173,0.272486,0.976383,-0.022666,-0.128543,-0.172163
5.693340,0.090856,-0.051173,0.272408,0.976383,-0.022666,-0.128543,-0.172163
5.703401,0.091161,-0.051173,0.272333,0.976383,-0.022666,-0.128543,-0.172163
5.713464,0.091467,-0.051173,0.272260,0.976383,-0.022666,-0.128543,-0.172163
5.723527,0.091773,-0.051173,0.272189,0.976383,-0.022666,-0.128543,-0.172163
5.733589,0.092080,-0.051173,0.272121,0.976383,-0.022666,-0.128543,-0.172163
5.743652,0.092387,-0.051173,0.272056,0.976383,-0.022666,-0.128543,-0.172163
5.753716,0.092695,-0.051173,0.271992,0.976383,-0.022666,-0.128543,-0.172163
5.763778,0.093003,-0.051173,0.271931,0.976383,-0.022666,-0.128543,-0.172163
5.773840,0.093311,-0.051173,0.271873,0.976383,-0.022666,-0.128543,-0.172163
5.783903,0.093621,-0.051173,0.271817,0.976383,-0.022666,-0.128543,-0.172163
5.793967,0.093930,-0.051173,0.271763,0.976383,-0.022666,-0.128543,-0.172163
5.804029,0.094240,-0.051173,0.271712,0.976383,-0.022666,-0.128543,-0.172163
5.814091,0.094550,-0.051173,0.271664,0.976383,-0.022666,-0.128543,-0.172163
5.824153,0.094861,-0.051173,0.271617,0.976383,-0.022666,-0.128543,-0.172163
5.834215,0.095172,-0.051173,0.271574,0.976383,-0.022666,-0.128543,-0.172163
5.844278,0.095484,-0.051173,0.271532,0.976383,-0.022666,-0.128543,-0.172163
5.854342,0.095795,-0.051173,0.271493,0.976383,-0.022666,-0.128543,-0.172163
5.864404,0.096107,-0.051173,0.271457,0.976383,-0.022666,-0.128543,-0.172163
5.874466,0.096420,-0.051173,0.271423,0.976383,-0.022666,-0.128543,-0.172163
5.884528,0.096732,-0.051173,0.271391,0.976383,-0.022666,-0.128543,-0.172163
5.894590,0.097045,-0.051173,0.271362,0.976383,-0.022666,-0.128543,-0.172163
5.904653,0.097358,-0.051173,0.271335,0.976383,-0.022666,-0.128543,-0.172163
5.914715,0.097671,-0.051173,0.271311,0.976383,-0.022666,-0.128543,-0.172163
5.924777,0.097985,-0.051173,0.271289,0.976383,-0.022666,-0.128543,-0.172163
5.934840,0.098298,-0.051173,0.271270,0.976383,-0.022666,-0.128543,-0.172163
5.944902,0.098612,-0.051173,0.271253,0.976383,-0.022666,-0.128543,-0.172163
5.954977,0.098926,-0.051173,0.271239,0.976383,-0.022666,-0.128543,-0.172163
5.965039,0.099554,-0.051173,0.271218,0.976383,-0.022666,-0.128543,-0.172163
5.975102,0.099868,-0.051173,0.271211,0.976383,-0.022666,-0.128543,-0.172163
5.985166,0.100182,-0.051173,0.271206,0.976383,-0.022666,-0.128543,-0.172163
5.995221,0.100496,-0.051173,0.271204,0.976383,-0.022666,-0.128543,-0.172163
6.005283,0.100810,-0.051173,0.271205,0.976383,-0.022666,-0.128543,-0.172163
6.015342,0.101124,-0.051173,0.271208,0.976383,-0.022666,-0.128543,-0.172163
6.025404,0.101438,-0.051173,0.271213,0.976383,-0.022666,-0.128543,-0.172163
6.035465,0.101753,-0.051173,0.271221,0.976383,-0.022666,-0.128543,-0.172163
6.045527,0.102067,-0.051173,0.271231,0.976383,-0.022666,-0.128543,-0.172163
6.055587,0.102380,-0.051173,0.271244,0.976383,-0.022666,-0.128543,-0.172163
6.065650,0.102694,-0.051173,0.271259,0.976383,-0.022666,-0.128543,-0.172163
6.075710,0.103008,-0.051173,0.271277,0.976383,-0.022666,-0.128543,-0.172163
6.085773,0.103321,-0.051173,0.271297,0.976383,-0.022666,-0.128543,-0.172163
6.095835,0.103635,-0.051173,0.271320,0.976383,-0.022666,-0.128543,-0.172163
6.105897,0.103948,-0.051173,0.271345,0.976383,-0.022666,-0.128543,-0.172163
6.115958,0.104261,-0.051173,0.271373,0.976383,-0.022666,-0.128543,-0.172163
6.126016,0.104574,-0.051173,0.271403,0.976383,-0.022666,-0.128543,-0.172163
6.136078,0.104886,-0.051173,0.271435,0.976383,-0.022666,-0.128543,-0.172163
6.146140,0.105198,-0.051173,0.271470,0.976383,-0.022666,-0.128543,-0.172163
6.156202,0.105510,-0.051173,0.271507,0.976383,-0.022666,-0.128543,-0.172163
6.166264,0.105822,-0.051173,0.271547,0.976383,-0.022666,-0.128543,-0.172163
6.176325,0.106133,-0.051173,0.271589,0.976383,-0.022666,-0.128543,-0.172163
6.186388,0.106444,-0.051173,0.271634,0.976383,-0.022666,-0.128543,-0.172163
6.196450,0.106755,-0.051173,0.271681,0.976383,-0.022666,-0.128543,-0.172163
6.206511,0.107065,-0.051173,0.271731,0.976383,-0.022666,-0.128543,-0.172163
6.216573,0.107375,-0.051173,0.271783,0.976383,-0.022666,-0.128543,-0.172163
6.226635,0.107684,-0.051173,0.271837,0.976383,-0.022666,-0.128543,-0.172163
6.236697,0.107993,-0.051173,0.271894,0.976383,-0.022666,-0.128543,-0.172163
6.246758,0.108301,-0.051173,0.271954,0.976383,-0.022666,-0.128543,-0.172163
6.256800,0.108610,-0.051173,0.272015,0.976383,-0.022666,-0.128543,-0.172163
6.266859,0.108917,-0.051173,0.272079,0.976383,-0.022666,-0.128543,-0.172163
6.276920,0.109224,-0.051173,0.272146,0.976383,-0.022666,-0.128543,-0.172163
6.286981,0.109531,-0.051173,0.272215,0.976383,-0.022666,-0.128543,-0.172163
6.297035,0.109837,-0.051173,0.272286,0.976383,-0.022666,-0.128543,-0.172163
6.307094,0.110142,-0.051173,0.272360,0.976383,-0.022666,-0.128543,-0.172163
6.317148,0.110447,-0.051173,0.272436,0.976383,-0.022666,-0.128543,-0.172163
6.327207,0.110751,-0.051173,0.272515,0.976383,-0.022666,-0.128543,-0.172163
6.337267,0.111054,-0.051173,0.272596,0.976383,-0.022666,-0.128543,-0.172163
6.347327,0.111357,-0.051173,0.272679,0.976383,-0.022666,-0.128543,-0.172163
6.357387,0.111660,-0.051173,0.272765,0.976383,-0.022666,-0.128543,-0.172163
6.367446,0.111961,-0.051173,0.272853,0.976383,-0.022666,-0.128543,-0.172163
6.377506,0.112262,-0.051173,0.272943,0.976383,-0.022666,-0.128543,-0.172163
6.387568,0.112562,-0.051173,0.273036,0.976383,-0.022666,-0.128543,-0.172163
6.397629,0.112861,-0.051173,0.273131,0.976383,-0.022666,-0.128543,-0.172163
6.407688,0.113160,-0.051173,0.273229,0.976383,-0.022666,-0.128543,-0.172163
6.417749,0.113458,-0.051173,0.273329,0.976383,-0.022666,-0.128543,-0.172163
6.427802,0.113755,-0.051173,0.273431,0.976383,-0.022666,-0.128543,-0.172163
6.437862,0.114051,-0.051173,0.273535,0.976383,-0.022666,-0.128543,-0.172163
6.447923,0.114347,-0.051173,0.273642,0.976383,-0.022666,-0.128543,-0.172163
6.457986,0.114641,-0.051173,0.273751,0.976383,-0.022666,-0.128543,-0.172163
6.468048,0.114935,-0.051173,0.273863,0.976383,-0.022666,-0.128543,-0.172163
6.478110,0.115228,-0.051173,0.273977,0.976383,-0.022666,-0.128543,-0.172163
6.488170,0.115520,-0.051173,0.274093,0.976383,-0.022666,-0.128543,-0.172163
6.498232,0.115811,-0.051173,0.274211,0.976383,-0.022666,-0.128543,-0.172163
6.508286,0.116101,-0.051173,0.274332,0.976383,-0.022666,-0.128543,-0.172163
6.518346,0.116390,-0.051173,0.274455,0.976383,-0.022666,-0.128543,-0.172163
6.528400,0.116678,-0.051173,0.274580,0.976383,-0.022666,-0.128543,-0.172163
6.538460,0.116965,-0.051173,0.274707,0.976383,-0.022666,-0.128543,-0.172163
6.548522,0.117251,-0.051173,0.274837,0.976383,-0.022666,-0.128543,-0.172163
6.558585,0.117536,-0.051173,0.274969,0.976383,-0.022666,-0.128543,-0.172163
6.568644,0.117821,-0.051173,0.275103,0.976383,-0.022666,-0.128543,-0.172163
6.578703,0.118104,-0.051173,0.275240,0.976383,-0.022666,-0.128543,-0.172163
6.588763,0.118385,-0.051173,0.275378,0.976383,-0.022666,-0.128543,-0.172163
6.598824,0.118666,-0.051173,0.275519,0.976383,-0.022666,-0.128543,-0.172163
6.608884,0.118946,-0.051173,0.275662,0.976383,-0.022666,-0.128543,-0.172163
6.618945,0.119225,-0.051173,0.275807,0.976383,-0.022666,-0.128543,-0.172163
6.629008,0.119502,-0.051173,0.275955,0.976383,-0.022666,-0.128543,-0.172163
6.639069,0.119778,-0.051173,0.276104,0.976383,-0.022666,-0.128543,-0.172163
6.649129,0.120053,-0.051173,0.276256,0.976383,-0.022666,-0.128543,-0.172163
6.659182,0.120327,-0.051173,0.276410,0.976383,-0.022666,-0.128543,-0.172163
6.669242,0.120600,-0.051173,0.276566,0.976383,-0.022666,-0.128543,-0.172163
6.679301,0.120871,-0.051173,0.276724,0.976383,-0.022666,-0.128543,-0.172163
6.689364,0.121141,-0.051173,0.276884,0.976383,-0.022666,-0.128543,-0.172163
6.699423,0.121410,-0.051173,0.277047,0.976383,-0.022666,-0.128543,-0.172163
6.709485,0.121678,-0.051173,0.277211,0.976383,-0.022666,-0.128543,-0.172163
6.719545,0.121944,-0.051173,0.277378,0.976383,-0.022666,-0.128543,-0.172163
6.729651,0.122209,-0.051173,0.277547,0.976383,-0.022666,-0.128543,-0.172163
6.739704,0.122473,-0.051173,0.277717,0.976383,-0.022666,-0.128543,-0.172163
6.749764,0.122735,-0.051173,0.277890,0.976383,-0.022666,-0.128543,-0.172163
6.759824,0.122996,-0.051173,0.278065,0.976383,-0.022666,-0.128543,-0.172163
6.769886,0.123256,-0.051173,0.278242,0.976383,-0.022666,-0.128543,-0.172163
6.779947,0.123514,-0.051173,0.278421,0.976383,-0.022666,-0.128543,-0.172163
6.790010,0.123771,-0.051173,0.278602,0.976383,-0.022666,-0.128543,-0.172163
6.800072,0.124026,-0.051173,0.278785,0.976383,-0.022666,-0.128543,-0.172163
6.810133,0.124280,-0.051173,0.278970,0.976383,-0.022666,-0.128543,-0.172163
6.820192,0.124532,-0.051173,0.279157,0.976383,-0.022666,-0.128543,-0.172163
6.830252,0.124783,-0.051173,0.279346,0.976383,-0.022666,-0.128543,-0.172163
6.840306,0.125033,-0.051173,0.279537,0.976383,-0.022666,-0.128543,-0.172163
6.850365,0.125281,-0.051173,0.279730,0.976383,-0.022666,-0.128543,-0.172163
6.860428,0.125527,-0.051173,0.279925,0.976383,-0.022666,-0.128543,-0.172163
6.870478,0.125772,-0.051173,0.280122,0.976383,-0.022666,-0.128543,-0.172163
6.880538,0.126015,-0.051173,0.280320,0.976383,-0.022666,-0.128543,-0.172163
6.890597,0.126257,-0.051173,0.280521,0.976383,-0.022666,-0.128543,-0.172163
6.900656,0.126497,-0.051173,0.280724,0.976383,-0.022666,-0.128543,-0.172163
6.910716,0.126736,-0.051173,0.280928,0.976383,-0.022666,-0.128543,-0.172163
6.920775,0.126973,-0.051173,0.281134,0.976383,-0.022666,-0.128543,-0.172163
6.930835,0.127208,-0.051173,0.281342,0.976383,-0.022666,-0.128543,-0.172163
6.940929,0.127442,-0.051173,0.281552,0.976383,-0.022666,-0.128543,-0.172163
6.950989,0.127674,-0.051173,0.281764,0.976383,-0.022666,-0.128543,-0.172163
6.961049,0.127904,-0.051173,0.281978,0.976383,-0.022666,-0.128543,-0.172163
6.971112,0.128133,-0.051173,0.282193,0.976383,-0.022666,-0.128543,-0.172163
6.981174,0.128360,-0.051173,0.282410,0.976383,-0.022666,-0.128543,-0.172163
6.991228,0.128585,-0.051173,0.282629,0.976383,-0.022666,-0.128543,-0.172163
7.001288,0.128809,-0.051173,0.282850,0.976383,-0.022666,-0.128543,-0.172163
7.011349,0.129031,-0.051173,0.283072,0.976383,-0.022666,-0.128543,-0.172163
7.021409,0.129251,-0.051173,0.283296,0.976383,-0.022666,-0.128543,-0.172163
7.031469,0.129469,-0.051173,0.283522,0.976383,-0.022666,-0.128543,-0.172163
7.041529,0.129686,-0.051173,0.283750,0.976383,-0.022666,-0.128543,-0.172163
7.051589,0.129900,-0.051173,0.283979,0.976383,-0.022666,-0.128543,-0.172163
7.061650,0.130113,-0.051173,0.284210,0.976383,-0.022666,-0.128543,-0.172163
7.071704,0.130324,-0.051173,0.284443,0.976383,-0.022666,-0.128543,-0.172163
7.081767,0.130534,-0.051173,0.284677,0.976383,-0.022666,-0.128543,-0.172163
7.091820,0.130741,-0.051173,0.284913,0.976383,-0.022666,-0.128543,-0.172163
7.101874,0.130947,-0.051173,0.285151,0.976383,-0.022666,-0.128543,-0.172163
7.111932,0.131150,-0.051173,0.285390,0.976383,-0.022666,-0.128543,-0.172163
7.121964,0.131352,-0.051173,0.285631,0.976383,-0.022666,-0.128543,-0.172163
7.132024,0.131552,-0.051173,0.285873,0.976383,-0.022666,-0.128543,-0.172163
7.142087,0.131750,-0.051173,0.286117,0.976383,-0.022666,-0.128543,-0.172163
7.152148,0.131946,-0.051173,0.286362,0.976383,-0.022666,-0.128543,-0.172163
7.162207,0.132140,-0.051173,0.286609,0.976383,-0.022666,-0.128543,-0.172163
7.172267,0.132332,-0.051173,0.286858,0.976383,-0.022666,-0.128543,-0.172163
7.182332,0.132523,-0.051173,0.287108,0.976383,-0.022666,-0.128543,-0.172163
7.192396,0.132711,-0.051173,0.287359,0.976383,-0.022666,-0.128543,-0.172163
7.202460,0.132897,-0.051173,0.287612,0.976383,-0.022666,-0.128543,-0.172163
7.212521,0.133081,-0.051173,0.287867,0.976383,-0.022666,-0.128543,-0.172163
7.222583,0.133264,-0.051173,0.288123,0.976383,-0.022666,-0.128543,-0.172163
7.232644,0.133444,-0.051173,0.288380,0.976383,-0.022666,-0.128543,-0.172163
7.242706,0.133622,-0.051173,0.288639,0.976383,-0.022666,-0.128543,-0.172163
7.252767,0.133798,-0.051173,0.288899,0.976383,-0.022666,-0.128543,-0.172163
7.262829,0.133973,-0.051173,0.289160,0.976383,-0.022666,-0.128543,-0.172163
7.272890,0.134145,-0.051173,0.289423,0.976383,-0.022666,-0.128543,-0.172163
7.282953,0.134315,-0.051173,0.289687,0.976383,-0.022666,-0.128543,-0.172163
7.293016,0.134483,-0.051173,0.289953,0.976383,-0.022666,-0.128543,-0.172163
7.303078,0.134649,-0.051173,0.290220,0.976383,-0.022666,-0.128543,-0.172163
7.313140,0.134812,-0.051173,0.290488,0.976383,-0.022666,-0.128543,-0.172163
7.323202,0.134974,-0.051173,0.290757,0.976383,-0.022666,-0.128543,-0.172163
7.333266,0.135133,-0.051173,0.291028,0.976383,-0.022666,-0.128543,-0.172163
7.343328,0.135291,-0.051173,0.291299,0.976383,-0.022666,-0.128543,-0.172163
7.353390,0.135446,-0.051173,0.291573,0.976383,-0.022666,-0.128543,-0.172163
7.363452,0.135599,-0.051173,0.291847,0.976383,-0.022666,-0.128543,-0.172163
7.373513,0.135750,-0.051173,0.292122,0.976383,-0.022666,-0.128543,-0.172163
7.383647,0.135899,-0.051173,0.292399,0.976383,-0.022666,-0.128543,-0.172163
7.393708,0.136046,-0.051173,0.292677,0.976383,-0.022666,-0.128543,-0.172163
7.403770,0.136190,-0.051173,0.292956,0.976383,-0.022666,-0.128543,-0.172163
7.413838,0.136332,-0.051173,0.293236,0.976383,-0.022666,-0.128543,-0.172163
7.423901,0.136472,-0.051173,0.293517,0.976383,-0.022666,-0.128543,-0.172163
7.433956,0.136610,-0.051173,0.293800,0.976383,-0.022666,-0.128543,-0.172163
7.444016,0.136746,-0.051173,0.294083,0.976383,-0.022666,-0.128543,-0.172163
7.454077,0.136879,-0.051173,0.294367,0.976383,-0.022666,-0.128543,-0.172163
7.464136,0.137010,-0.051173,0.294653,0.976383,-0.022666,-0.128543,-0.172163
7.474198,0.137139,-0.051173,0.294939,0.976383,-0.022666,-0.128543,-0.172163
7.484261,0.137266,-0.051173,0.295227,0.976383,-0.022666,-0.128543,-0.172163
7.494323,0.137390,-0.051173,0.295515,0.976383,-0.022666,-0.128543,-0.172163
7.504383,0.137512,-0.051173,0.295805,0.976383,-0.022666,-0.128543,-0.172163
7.514442,0.137632,-0.051173,0.296095,0.976383,-0.022666,-0.128543,-0.172163
7.524502,0.137749,-0.051173,0.296387,0.976383,-0.022666,-0.128543,-0.172163
7.534567,0.137864,-0.051173,0.296679,0.976383,-0.022666,-0.128543,-0.172163
7.544626,0.137977,-0.051173,0.296972,0.976383,-0.022666,-0.128543,-0.172163
7.554686,0.138088,-0.051173,0.297266,0.976383,-0.022666,-0.128543,-0.172163
7.564745,0.138196,-0.051173,0.297561,0.976383,-0.022666,-0.128543,-0.172163
7.574804,0.138302,-0.051173,0.297857,0.976383,-0.022666,-0.128543,-0.172163
7.584858,0.138406,-0.051173,0.298153,0.976383,-0.022666,-0.128543,-0.172163
7.594920,0.138507,-0.051173,0.298451,0.976383,-0.022666,-0.128543,-0.172163
7.604982,0.138606,-0.051173,0.298749,0.976383,-0.022666,-0.128543,-0.172163
7.615044,0.138797,-0.051173,0.299347,0.976383,-0.022666,-0.128543,-0.172163
7.625107,0.138889,-0.051173,0.299648,0.976383,-0.022666,-0.128543,-0.172163
7.635268,0.138979,-0.051173,0.299949,0.976383,-0.022666,-0.128543,-0.172163
7.645331,0.139066,-0.051173,0.300251,0.976383,-0.022666,-0.128543,-0.172163
7.655392,0.139151,-0.051173,0.300553,0.976383,-0.022666,-0.128543,-0.172163
7.665453,0.139233,-0.051173,0.300856,0.976383,-0.022666,-0.128543,-0.172163
7.675516,0.139313,-0.051173,0.301160,0.976383,-0.022666,-0.128543,-0.172163
7.685578,0.139391,-0.051173,0.301465,0.976383,-0.022666,-0.128543,-0.172163
7.695640,0.139466,-0.051173,0.301770,0.976383,-0.022666,-0.128543,-0.172163
7.705701,0.139539,-0.051173,0.302075,0.976383,-0.022666,-0.128543,-0.172163
7.715763,0.139610,-0.051173,0.302381,0.976383,-0.022666,-0.128543,-0.172163
7.725825,0.139678,-0.051173,0.302688,0.976383,-0.022666,-0.128543,-0.172163
7.735894,0.139743,-0.051173,0.302995,0.976383,-0.022666,-0.128543,-0.172163
7.745949,0.139807,-0.051173,0.303303,0.976383,-0.022666,-0.128543,-0.172163
7.756013,0.139868,-0.051173,0.303611,0.976383,-0.022666,-0.128543,-0.172163
7.766078,0.139926,-0.051173,0.303920,0.976383,-0.022666,-0.128543,-0.172163
7.776143,0.139982,-0.051173,0.304229,0.976383,-0.022666,-0.128543,-0.172163
7.786206,0.140036,-0.051173,0.304538,0.976383,-0.022666,-0.128543,-0.172163
7.796269,0.140087,-0.051173,0.304848,0.976383,-0.022666,-0.128543,-0.172163
7.806333,0.140135,-0.051173,0.305159,0.976383,-0.022666,-0.128543,-0.172163
7.816397,0.140182,-0.051173,0.305470,0.976383,-0.022666,-0.128543,-0.172163
7.826459,0.140225,-0.051173,0.305781,0.976383,-0.022666,-0.128543,-0.172163
7.836521,0.140267,-0.051173,0.306092,0.976383,-0.022666,-0.128543,-0.172163
7.846583,0.140306,-0.051173,0.306404,0.976383,-0.022666,-0.128543,-0.172163
7.856644,0.140342,-0.051173,0.306716,0.976383,-0.022666,-0.128543,-0.172163
7.866706,0.140376,-0.051173,0.307028,0.976383,-0.022666,-0.128543,-0.172163
7.876768,0.140408,-0.051173,0.307341,0.976383,-0.022666,-0.128543,-0.172163
7.886845,0.140437,-0.051173,0.307653,0.976383,-0.022666,-0.128543,-0.172163
7.896908,0.140464,-0.051173,0.307966,0.976383,-0.022666,-0.128543,-0.172163
7.906970,0.140488,-0.051173,0.308280,0.976383,-0.022666,-0.128543,-0.172163
7.917032,0.140510,-0.051173,0.308593,0.976383,-0.022666,-0.128543,-0.172163
7.927095,0.140529,-0.051173,0.308907,0.976383,-0.022666,-0.128543,-0.172163
7.937157,0.140546,-0.051173,0.309220,0.976383,-0.022666,-0.128543,-0.172163
7.947219,0.140560,-0.051173,0.309534,0.976383,-0.022666,-0.128543,-0.172163
7.957281,0.140572,-0.051173,0.309848,0.976383,-0.022666,-0.128543,-0.172163
7.967343,0.140581,-0.051173,0.310162,0.976383,-0.022666,-0.128543,-0.172163
7.977405,0.140588,-0.051173,0.310476,0.976383,-0.022666,-0.128543,-0.172163
7.987466,0.140593,-0.051173,0.310790,0.976383,-0.022666,-0.128543,-0.172163
7.997528,0.140595,-0.051173,0.311104,0.976383,-0.022666,-0.128543,-0.172163
8.007590,0.140594,-0.051173,0.311419,0.976383,-0.022666,-0.128543,-0.172163
8.017651,0.140591,-0.051173,0.311733,0.976383,-0.022666,-0.128543,-0.172163
8.027714,0.140586,-0.051173,0.312047,0.976383,-0.022666,-0.128543,-0.172163
8.037777,0.140578,-0.051173,0.312361,0.976383,-0.022666,-0.128543,-0.172163
8.047839,0.140568,-0.051173,0.312675,0.976383,-0.022666,-0.128543,-0.172163
8.057902,0.140555,-0.051173,0.312989,0.976383,-0.022666,-0.128543,-0.172163
8.067964,0.140540,-0.051173,0.313303,0.976383,-0.022666,-0.128543,-0.172163
8.078027,0.140522,-0.051173,0.313616,0.976383,-0.022666,-0.128543,-0.172163
8.088090,0.140502,-0.051173,0.313930,0.976383,-0.022666,-0.128543,-0.172163
8.098152,0.140479,-0.051173,0.314243,0.976383,-0.022666,-0.128543,-0.172163
8.108214,0.140454,-0.051173,0.314556,0.976383,-0.022666,-0.128543,-0.172163
8.118277,0.140427,-0.051173,0.314869,0.976383,-0.022666,-0.128543,-0.172163
8.128331,0.140396,-0.051173,0.315182,0.976383,-0.022666,-0.128543,-0.172163
8.138358,0.140364,-0.051173,0.315494,0.976383,-0.022666,-0.128543,-0.172163
8.148419,0.140329,-0.051173,0.315807,0.976383,-0.022666,-0.128543,-0.172163
8.158480,0.140292,-0.051173,0.316119,0.976383,-0.022666,-0.128543,-0.172163
8.168542,0.140252,-0.051173,0.316430,0.976383,-0.022666,-0.128543,-0.172163
8.178603,0.140210,-0.051173,0.316741,0.976383,-0.022666,-0.128543,-0.172163
8.188664,0.140165,-0.051173,0.317052,0.976383,-0.022666,-0.128543,-0.172163
8.198725,0.140118,-0.051173,0.317363,0.976383,-0.022666,-0.128543,-0.172163
8.208786,0.140068,-0.051173,0.317673,0.976383,-0.022666,-0.128543,-0.172163
8.218848,0.140016,-0.051173,0.317983,0.976383,-0.022666,-0.128543,-0.172163
8.228909,0.139962,-0.051173,0.318292,0.976383,-0.022666,-0.128543,-0.172163
8.238970,0.139905,-0.051173,0.318601,0.976383,-0.022666,-0.128543,-0.172163
8.249032,0.139845,-0.051173,0.318910,0.976383,-0.022666,-0.128543,-0.172163
8.259093,0.139784,-0.051173,0.319218,0.976383,-0.022666,-0.128543,-0.172163
8.269154,0.139720,-0.051173,0.319525,0.976383,-0.022666,-0.128543,-0.172163
8.279215,0.139653,-0.051173,0.319832,0.976383,-0.022666,-0.128543,-0.172163
8.289277,0.139584,-0.051173,0.320139,0.976383,-0.022666,-0.128543,-0.172163
8.299338,0.139513,-0.051173,0.320445,0.976383,-0.022666,-0.128543,-0.172163
8.309400,0.139439,-0.051173,0.320750,0.976383,-0.022666,-0.128543,-0.172163
8.319461,0.139363,-0.051173,0.321055,0.976383,-0.022666,-0.128543,-0.172163
8.329522,0.139284,-0.051173,0.321359,0.976383,-0.022666,-0.128543,-0.172163
8.339585,0.139203,-0.051173,0.321663,0.976383,-0.022666,-0.128543,-0.172163
8.349646,0.139120,-0.051173,0.321966,0.976383,-0.022666,-0.128543,-0.172163
8.359707,0.139034,-0.051173,0.322268,0.976383,-0.022666,-0.128543,-0.172163
8.369843,0.138946,-0.051173,0.322569,0.976383,-0.022666,-0.128543,-0.172163
8.379905,0.138856,-0.051173,0.322870,0.976383,-0.022666,-0.128543,-0.172163
8.389967,0.138763,-0.051173,0.323170,0.976383,-0.022666,-0.128543,-0.172163
8.400029,0.138668,-0.051173,0.323470,0.976383,-0.022666,-0.128543,-0.172163
8.410091,0.138570,-0.051173,0.323768,0.976383,-0.022666,-0.128543,-0.172163
8.420153,0.138470,-0.051173,0.324066,0.976383,-0.022666,-0.128543,-0.172163
8.430215,0.138368,-0.051173,0.324363,0.976383,-0.022666,-0.128543,-0.172163
8.440277,0.138264,-0.051173,0.324660,0.976383,-0.022666,-0.128543,-0.172163
8.450338,0.138157,-0.051173,0.324955,0.976383,-0.022666,-0.128543,-0.172163
8.460400,0.138048,-0.051173,0.325250,0.976383,-0.022666,-0.128543,-0.172163
8.470463,0.137936,-0.051173,0.325543,0.976383,-0.022666,-0.128543,-0.172163
8.480524,0.137822,-0.051173,0.325836,0.976383,-0.022666,-0.128543,-0.172163
8.490586,0.137706,-0.051173,0.326128,0.976383,-0.022666,-0.128543,-0.172163
8.500647,0.137588,-0.051173,0.326419,0.976383,-0.022666,-0.128543,-0.172163
8.510709,0.137467,-0.051173,0.326709,0.976383,-0.022666,-0.128543,-0.172163
8.520771,0.137344,-0.051173,0.326998,0.976383,-0.022666,-0.128543,-0.172163
8.530834,0.137219,-0.051173,0.327286,0.976383,-0.022666,-0.128543,-0.172163
8.540896,0.137092,-0.051173,0.327574,0.976383,-0.022666,-0.128543,-0.172163
8.550958,0.136962,-0.051173,0.327860,0.976383,-0.022666,-0.128543,-0.172163
8.561019,0.136830,-0.051173,0.328145,0.976383,-0.022666,-0.128543,-0.172163
8.571082,0.136696,-0.051173,0.328429,0.976383,-0.022666,-0.128543,-0.172163
8.581144,0.136560,-0.051173,0.328712,0.976383,-0.022666,-0.128543,-0.172163
8.591206,0.136421,-0.051173,0.328994,0.976383,-0.022666,-0.128543,-0.172163
8.601274,0.136280,-0.051173,0.329275,0.976383,-0.022666,-0.128543,-0.172163
8.611337,0.136137,-0.051173,0.329554,0.976383,-0.022666,-0.128543,-0.172163
8.621399,0.135992,-0.051173,0.329833,0.976383,-0.022666,-0.128543,-0.172163
8.631460,0.135844,-0.051173,0.330110,0.976383,-0.022666,-0.128543,-0.172163
8.641522,0.135695,-0.051173,0.330387,0.976383,-0.022666,-0.128543,-0.172163
8.651584,0.135543,-0.051173,0.330662,0.976383,-0.022666,-0.128543,-0.172163
8.661697,0.135389,-0.051173,0.330936,0.976383,-0.022666,-0.128543,-0.172163
8.671759,0.135233,-0.051173,0.331208,0.976383,-0.022666,-0.128543,-0.172163
8.681820,0.135075,-0.051173,0.331480,0.976383,-0.022666,-0.128543,-0.172163
8.691880,0.134915,-0.051173,0.331750,0.976383,-0.022666,-0.128543,-0.172163
8.701942,0.134752,-0.051173,0.332019,0.976383,-0.022666,-0.128543,-0.172163
8.711972,0.134588,-0.051173,0.332286,0.976383,-0.022666,-0.128543,-0.172163
8.722033,0.134421,-0.051173,0.332553,0.976383,-0.022666,-0.128543,-0.172163
8.732095,0.134252,-0.051173,0.332818,0.976383,-0.022666,-0.128543,-0.172163
8.742156,0.134082,-0.051173,0.333081,0.976383,-0.022666,-0.128543,-0.172163
8.752219,0.133909,-0.051173,0.333344,0.976383,-0.022666,-0.128543,-0.172163
8.762284,0.133734,-0.051173,0.333605,0.976383,-0.022666,-0.128543,-0.172163
8.772348,0.133557,-0.051173,0.333864,0.976383,-0.022666,-0.128543,-0.172163
8.782412,0.133378,-0.051173,0.334122,0.976383,-0.022666,-0.128543,-0.172163
8.792467,0.133197,-0.051173,0.334379,0.976383,-0.022666,-0.128543,-0.172163
8.802536,0.133014,-0.051173,0.334634,0.976383,-0.022666,-0.128543,-0.172163
8.812597,0.132829,-0.051173,0.334888,0.976383,-0.022666,-0.128543,-0.172163
8.822656,0.132642,-0.051173,0.335141,0.976383,-0.022666,-0.128543,-0.172163
8.832715,0.132453,-0.051173,0.335392,0.976383,-0.022666,-0.128543,-0.172163
8.842774,0.132262,-0.051173,0.335641,0.976383,-0.022666,-0.128543,-0.172163
8.852834,0.132069,-0.051173,0.335889,0.976383,-0.022666,-0.128543,-0.172163
8.862893,0.131874,-0.051173,0.336136,0.976383,-0.022666,-0.128543,-0.172163
8.872953,0.131677,-0.051173,0.336380,0.976383,-0.022666,-0.128543,-0.172163
8.883013,0.131479,-0.051173,0.336624,0.976383,-0.022666,-0.128543,-0.172163
8.893073,0.131278,-0.051173,0.336866,0.976383,-0.022666,-0.128543,-0.172163
8.903135,0.131076,-0.051173,0.337106,0.976383,-0.022666,-0.128543,-0.172163
8.913194,0.130871,-0.051173,0.337344,0.976383,-0.022666,-0.128543,-0.172163
8.923254,0.130665,-0.051173,0.337581,0.976383,-0.022666,-0.128543,-0.172163
8.933313,0.130457,-0.051173,0.337817,0.976383,-0.022666,-0.128543,-0.172163
8.943374,0.130247,-0.051173,0.338050,0.976383,-0.022666,-0.128543,-0.172163
8.953475,0.130035,-0.051173,0.338282,0.976383,-0.022666,-0.128543,-0.172163
8.963535,0.129822,-0.051173,0.338513,0.976383,-0.022666,-0.128543,-0.172163
8.973595,0.129606,-0.051173,0.338742,0.976383,-0.022666,-0.128543,-0.172163
8.983655,0.129389,-0.051173,0.338969,0.976383,-0.022666,-0.128543,-0.172163
8.993714,0.129170,-0.051173,0.339194,0.976383,-0.022666,-0.128543,-0.172163
9.003774,0.128949,-0.051173,0.339417,0.976383,-0.022666,-0.128543,-0.172163
9.013834,0.128727,-0.051173,0.339639,0.976383,-0.022666,-0.128543,-0.172163
9.023894,0.128503,-0.051173,0.339859,0.976383,-0.022666,-0.128543,-0.172163
9.033953,0.128277,-0.051173,0.340078,0.976383,-0.022666,-0.128543,-0.172163
9.044013,0.128049,-0.051173,0.340294,0.976383,-0.022666,-0.128543,-0.172163
9.054072,0.127820,-0.051173,0.340509,0.976383,-0.022666,-0.128543,-0.172163
9.064132,0.127589,-0.051173,0.340722,0.976383,-0.022666,-0.128543,-0.172163
9.074193,0.127356,-0.051173,0.340933,0.976383,-0.022666,-0.128543,-0.172163
9.084252,0.127122,-0.051173,0.341142,0.976383,-0.022666,-0.128543,-0.172163
9.094306,0.126886,-0.051173,0.341349,0.976383,-0.022666,-0.128543,-0.172163
9.104366,0.126648,-0.051173,0.341555,0.976383,-0.022666,-0.128543,-0.172163
9.114427,0.126409,-0.051173,0.341759,0.976383,-0.022666,-0.128543,-0.172163
9.124482,0.126168,-0.051173,0.341961,0.976383,-0.022666,-0.128543,-0.172163
9.134541,0.125926,-0.051173,0.342160,0.976383,-0.022666,-0.128543,-0.172163
9.144602,0.125682,-0.051173,0.342358,0.976383,-0.022666,-0.128543,-0.172163
9.154664,0.125437,-0.051173,0.342554,0.976383,-0.022666,-0.128543,-0.172163
9.164727,0.125190,-0.051173,0.342749,0.976383,-0.022666,-0.128543,-0.172163
9.174788,0.124941,-0.051173,0.342941,0.976383,-0.022666,-0.128543,-0.172163
9.184847,0.124691,-0.051173,0.343131,0.976383,-0.022666,-0.128543,-0.172163
9.194910,0.124440,-0.051173,0.343319,0.976383,-0.022666,-0.128543,-0.172163
9.204972,0.124187,-0.051173,0.343506,0.976383,-0.022666,-0.128543,-0.172163
9.214996,0.123932,-0.051173,0.343690,0.976383,-0.022666,-0.128543,-0.172163
9.225059,0.123419,-0.051173,0.344052,0.976383,-0.022666,-0.128543,-0.172163
9.235121,0.123160,-0.051173,0.344231,0.976383,-0.022666,-0.128543,-0.172163
9.245252,0.122900,-0.051173,0.344407,0.976383,-0.022666,-0.128543,-0.172163
9.255317,0.122639,-0.051173,0.344581,0.976383,-0.022666,-0.128543,-0.172163
9.265379,0.122376,-0.051173,0.344753,0.976383,-0.022666,-0.128543,-0.172163
9.275441,0.122112,-0.051173,0.344923,0.976383,-0.022666,-0.128543,-0.172163
9.285503,0.121846,-0.051173,0.345091,0.976383,-0.022666,-0.128543,-0.172163
9.295565,0.121580,-0.051173,0.345257,0.976383,-0.022666,-0.128543,-0.172163
9.305628,0.121311,-0.051173,0.345421,0.976383,-0.022666,-0.128543,-0.172163
9.315690,0.121042,-0.051173,0.345582,0.976383,-0.022666,-0.128543,-0.172163
9.325751,0.120771,-0.051173,0.345742,0.976383,-0.022666,-0.128543,-0.172163
9.335816,0.120500,-0.051173,0.345899,0.976383,-0.022666,-0.128543,-0.172163
9.345877,0.120226,-0.051173,0.346055,0.976383,-0.022666,-0.128543,-0.172163
9.355939,0.119952,-0.051173,0.346208,0.976383,-0.022666,-0.128543,-0.172163
9.366001,0.119677,-0.051173,0.346359,0.976383,-0.022666,-0.128543,-0.172163
9.376061,0.119400,-0.051173,0.346507,0.976383,-0.022666,-0.128543,-0.172163
9.386116,0.119122,-0.051173,0.346654,0.976383,-0.022666,-0.128543,-0.172163
9.396178,0.118843,-0.051173,0.346798,0.976383,-0.022666,-0.128543,-0.172163
9.406240,0.118563,-0.051173,0.346941,0.976383,-0.022666,-0.128543,-0.172163
9.416304,0.118282,-0.051173,0.347081,0.976383,-0.022666,-0.128543,-0.172163
9.426366,0.117999,-0.051173,0.347218,0.976383,-0.022666,-0.128543,-0.172163
9.436389,0.117716,-0.051173,0.347354,0.976383,-0.022666,-0.128543,-0.172163
9.446451,0.117432,-0.051173,0.347487,0.976383,-0.022666,-0.128543,-0.172163
9.456514,0.117146,-0.051173,0.347618,0.976383,-0.022666,-0.128543,-0.172163
9.466576,0.116860,-0.051173,0.347747,0.976383,-0.022666,-0.128543,-0.172163
9.476636,0.116572,-0.051173,0.347874,0.976383,-0.022666,-0.128543,-0.172163
9.486697,0.116284,-0.051173,0.347998,0.976383,-0.022666,-0.128543,-0.172163
9.496774,0.115994,-0.051173,0.348120,0.976383,-0.022666,-0.128543,-0.172163
9.506836,0.115704,-0.051173,0.348240,0.976383,-0.022666,-0.128543,-0.172163
9.516899,0.115412,-0.051173,0.348358,0.976383,-0.022666,-0.128543,-0.172163
9.526959,0.115120,-0.051173,0.348473,0.976383,-0.022666,-0.128543,-0.172163
9.537014,0.114827,-0.051173,0.348586,0.976383,-0.022666,-0.128543,-0.172163
9.547073,0.114533,-0.051173,0.348696,0.976383,-0.022666,-0.128543,-0.172163
9.557134,0.114238,-0.051173,0.348805,0.976383,-0.022666,-0.128543,-0.172163
9.567188,0.113942,-0.051173,0.348911,0.976383,-0.022666,-0.128543,-0.172163
9.577248,0.113646,-0.051173,0.349014,0.976383,-0.022666,-0.128543,-0.172163
9.587311,0.113348,-0.051173,0.349116,0.976383,-0.022666,-0.128543,-0.172163
9.597372,0.113050,-0.051173,0.349215,0.976383,-0.022666,-0.128543,-0.172163
9.607434,0.112751,-0.051173,0.349311,0.976383,-0.022666,-0.128543,-0.172163
9.617497,0.112452,-0.051173,0.349406,0.976383,-0.022666,-0.128543,-0.172163
9.627559,0.112151,-0.051173,0.349498,0.976383,-0.022666,-0.128543,-0.172163
9.637621,0.111850,-0.051173,0.349587,0.976383,-0.022666,-0.128543,-0.172163
9.647675,0.111548,-0.051173,0.349674,0.976383,-0.022666,-0.128543,-0.172163
9.657734,0.111246,-0.051173,0.349759,0.976383,-0.022666,-0.128543,-0.172163
9.667787,0.110943,-0.051173,0.349842,0.976383,-0.022666,-0.128543,-0.172163
9.677849,0.110639,-0.051173,0.349922,0.976383,-0.022666,-0.128543,-0.172163
9.687910,0.110334,-0.051173,0.349999,0.976383,-0.022666,-0.128543,-0.172163
9.697971,0.110029,-0.051173,0.350075,0.976383,-0.022666,-0.128543,-0.172163
9.708030,0.109724,-0.051173,0.350148,0.976383,-0.022666,-0.128543,-0.172163
9.718091,0.109418,-0.051172,0.350218,0.976383,-0.022666,-0.128543,-0.172163
9.728153,0.109111,-0.051172,0.350286,0.976383,-0.022666,-0.128543,-0.172163
9.738213,0.108804,-0.051172,0.350352,0.976383,-0.022666,-0.128543,-0.172163
9.748276,0.108496,-0.051172,0.350415,0.976383,-0.022666,-0.128543,-0.172163
9.758338,0.108188,-0.051172,0.350476,0.976383,-0.022666,-0.128543,-0.172163
9.768404,0.107879,-0.051172,0.350534,0.976383,-0.022666,-0.128543,-0.172163
9.778465,0.107570,-0.051172,0.350590,0.976383,-0.022666,-0.128543,-0.172163
9.788530,0.107261,-0.051172,0.350644,0.976383,-0.022666,-0.128543,-0.172163
9.798592,0.106951,-0.051172,0.350695,0.976383,-0.022666,-0.128543,-0.172163
9.808646,0.106640,-0.051172,0.350744,0.976383,-0.022666,-0.128543,-0.172163
9.818700,0.106330,-0.051172,0.350790,0.976383,-0.022666,-0.128543,-0.172163
9.828762,0.106018,-0.051172,0.350834,0.976383,-0.022666,-0.128543,-0.172163
9.838816,0.105707,-0.051172,0.350875,0.976383,-0.022666,-0.128543,-0.172163
9.848876,0.105395,-0.051172,0.350914,0.976383,-0.022666,-0.128543,-0.172163
9.858937,0.105083,-0.051172,0.350951,0.976383,-0.022666,-0.128543,-0.172163
9.868998,0.104771,-0.051172,0.350985,0.976383,-0.022666,-0.128543,-0.172163
9.879060,0.104458,-0.051172,0.351016,0.976383,-0.022666,-0.128543,-0.172163
9.889122,0.104146,-0.051172,0.351045,0.976383,-0.022666,-0.128543,-0.172163
9.899182,0.103833,-0.051172,0.351072,0.976383,-0.022666,-0.128543,-0.172163
9.909245,0.103519,-0.051172,0.351096,0.976383,-0.022666,-0.128543,-0.172163
9.919306,0.103206,-0.051172,0.351118,0.976383,-0.022666,-0.128543,-0.172163
9.929367,0.102892,-0.051172,0.351137,0.976383,-0.022666,-0.128543,-0.172163
9.939428,0.102579,-0.051172,0.351154,0.976383,-0.022666,-0.128543,-0.172163
9.949488,0.102265,-0.051172,0.351168,0.976383,-0.022666,-0.128543,-0.172163
9.959550,0.101951,-0.051172,0.351180,0.976383,-0.022666,-0.128543,-0.172163
9.969609,0.101637,-0.051172,0.351190,0.976383,-0.022666,-0.128543,-0.172163
9.979673,0.101323,-0.051172,0.351197,0.976383,-0.022666,-0.128543,-0.172163
9.989734,0.101009,-0.051172,0.351201,0.976383,-0.022666,-0.128543,-0.172163
9.999794,0.100695,-0.051172,0.351203,0.976383,-0.022666,-0.128543,-0.172163
10.009854,0.100380,-0.051172,0.351203,0.976383,-0.022666,-0.128543,-0.172163
10.019916,0.100066,-0.051172,0.351200,0.976383,-0.022666,-0.128543,-0.172163
10.029976,0.099752,-0.051172,0.351194,0.976383,-0.022666,-0.128543,-0.172163
10.040038,0.099438,-0.051172,0.351186,0.976383,-0.022666,-0.128543,-0.172163
10.050097,0.099124,-0.051172,0.351176,0.976383,-0.022666,-0.128543,-0.172163
10.060156,0.098810,-0.051172,0.351163,0.976383,-0.022666,-0.128543,-0.172163
10.070217,0.098496,-0.051172,0.351148,0.976383,-0.022666,-0.128543,-0.172163
10.080278,0.098183,-0.051172,0.351130,0.976383,-0.022666,-0.128543,-0.172163
10.090341,0.097869,-0.051172,0.351110,0.976383,-0.022666,-0.128543,-0.172163
10.100400,0.097556,-0.051172,0.351088,0.976383,-0.022666,-0.128543,-0.172163
10.110462,0.097243,-0.051172,0.351062,0.976383,-0.022666,-0.128543,-0.172163
10.120525,0.096930,-0.051172,0.351035,0.976383,-0.022666,-0.128543,-0.172163
10.130578,0.096617,-0.051172,0.351005,0.976383,-0.022666,-0.128543,-0.172163
10.140640,0.096305,-0.051172,0.350972,0.976383,-0.022666,-0.128543,-0.172163
10.150702,0.095992,-0.051172,0.350937,0.976383,-0.022666,-0.128543,-0.172163
10.160765,0.095681,-0.051172,0.350900,0.976383,-0.022666,-0.128543,-0.172163
10.170827,0.095369,-0.051172,0.350860,0.976383,-0.022666,-0.128543,-0.172163
10.180889,0.095058,-0.051172,0.350818,0.976383,-0.022666,-0.128543,-0.172163
10.190954,0.094747,-0.051172,0.350773,0.976383,-0.022666,-0.128543,-0.172163
10.201016,0.094436,-0.051172,0.350726,0.976383,-0.022666,-0.128543,-0.172163
10.211072,0.094126,-0.051172,0.350677,0.976383,-0.022666,-0.128543,-0.172163
10.221134,0.093816,-0.051172,0.350625,0.976383,-0.022666,-0.128543,-0.172163
10.231196,0.093507,-0.051172,0.350570,0.976383,-0.022666,-0.128543,-0.172163
10.241259,0.093198,-0.051172,0.350513,0.976383,-0.022666,-0.128543,-0.172163
10.251321,0.092889,-0.051172,0.350454,0.976383,-0.022666,-0.128543,-0.172163
10.261384,0.092581,-0.051172,0.350392,0.976383,-0.022666,-0.128543,-0.172163
10.271446,0.092274,-0.051172,0.350328,0.976383,-0.022666,-0.128543,-0.172163
10.281509,0.091967,-0.051172,0.350261,0.976383,-0.022666,-0.128543,-0.172163
10.291572,0.091660,-0.051172,0.350192,0.976383,-0.022666,-0.128543,-0.172163
10.301635,0.091354,-0.051172,0.350121,0.976383,-0.022666,-0.128543,-0.172163
10.311698,0.091049,-0.051172,0.350047,0.976383,-0.022666,-0.128543,-0.172163
10.321760,0.090744,-0.051172,0.349971,0.976383,-0.022666,-0.128543,-0.172163
10.331823,0.090440,-0.051172,0.349893,0.976383,-0.022666,-0.128543,-0.172163
10.341885,0.090136,-0.051172,0.349812,0.976383,-0.022666,-0.128543,-0.172163
10.351946,0.089833,-0.051172,0.349728,0.976383,-0.022666,-0.128543,-0.172163
10.361973,0.089531,-0.051172,0.349643,0.976383,-0.022666,-0.128543,-0.172163
10.372028,0.089230,-0.051172,0.349554,0.976383,-0.022666,-0.128543,-0.172163
10.382089,0.088929,-0.051172,0.349464,0.976383,-0.022666,-0.128543,-0.172163
10.392151,0.088629,-0.051172,0.349371,0.976383,-0.022666,-0.128543,-0.172163
10.402213,0.088329,-0.051172,0.349276,0.976383,-0.022666,-0.128543,-0.172163
10.412275,0.088031,-0.051172,0.349178,0.976383,-0.022666,-0.128543,-0.172163
10.422338,0.087733,-0.051172,0.349079,0.976383,-0.022666,-0.128543,-0.172163
10.432400,0.087436,-0.051172,0.348976,0.976383,-0.022666,-0.128543,-0.172163
10.442462,0.087139,-0.051172,0.348872,0.976383,-0.022666,-0.128543,-0.172163
10.452524,0.086844,-0.051172,0.348765,0.976383,-0.022666,-0.128543,-0.172163
10.462586,0.086549,-0.051172,0.348656,0.976383,-0.022666,-0.128543,-0.172163
10.472649,0.086256,-0.051172,0.348544,0.976383,-0.022666,-0.128543,-0.172163
10.482710,0.085963,-0.051172,0.348431,0.976383,-0.022666,-0.128543,-0.172163
10.492773,0.085671,-0.051172,0.348315,0.976383,-0.022666,-0.128543,-0.172163
10.502834,0.085380,-0.051172,0.348196,0.976383,-0.022666,-0.128543,-0.172163
10.512896,0.085090,-0.051172,0.348076,0.976383,-0.022666,-0.128543,-0.172163
10.522936,0.084801,-0.051172,0.347953,0.976383,-0.022666,-0.128543,-0.172163
10.532998,0.084513,-0.051172,0.347828,0.976383,-0.022666,-0.128543,-0.172163
10.543072,0.084225,-0.051172,0.347700,0.976383,-0.022666,-0.128543,-0.172163
10.553131,0.083939,-0.051172,0.347570,0.976383,-0.022666,-0.128543,-0.172163
10.563191,0.083654,-0.051172,0.347438,0.976383,-0.022666,-0.128543,-0.172163
10.573251,0.083370,-0.051172,0.347304,0.976383,-0.022666,-0.128543,-0.172163
10.583310,0.083087,-0.051172,0.347168,0.976383,-0.022666,-0.128543,-0.172163
10.593369,0.082805,-0.051172,0.347029,0.976383,-0.022666,-0.128543,-0.172163
10.603428,0.082524,-0.051172,0.346888,0.976383,-0.022666,-0.128543,-0.172163
10.613491,0.082245,-0.051172,0.346745,0.976383,-0.022666,-0.128543,-0.172163
10.623555,0.081966,-0.051172,0.346600,0.976383,-0.022666,-0.128543,-0.172163
10.633614,0.081689,-0.051172,0.346453,0.976383,-0.022666,-0.128543,-0.172163
10.643673,0.081412,-0.051172,0.346303,0.976383,-0.022666,-0.128543,-0.172163
10.653734,0.081137,-0.051172,0.346151,0.976383,-0.022666,-0.128543,-0.172163
10.663793,0.080863,-0.051172,0.345998,0.976383,-0.022666,-0.128543,-0.172163
10.673853,0.080591,-0.051172,0.345842,0.976383,-0.022666,-0.128543,-0.172163
10.683912,0.080319,-0.051172,0.345683,0.976383,-0.022666,-0.128543,-0.172163
10.693971,0.080049,-0.051172,0.345523,0.976383,-0.022666,-0.128543,-0.172163
10.704031,0.079780,-0.051172,0.345361,0.976383,-0.022666,-0.128543,-0.172163
10.714090,0.079513,-0.051172,0.345196,0.976383,-0.022666,-0.128543,-0.172163
10.724153,0.079246,-0.051172,0.345029,0.976383,-0.022666,-0.128543,-0.172163
10.734212,0.078981,-0.051172,0.344861,0.976383,-0.022666,-0.128543,-0.172163
10.744271,0.078718,-0.051172,0.344690,0.976383,-0.022666,-0.128543,-0.172163
10.754379,0.078455,-0.051172,0.344517,0.976383,-0.022666,-0.128543,-0.172163
10.764438,0.078194,-0.051172,0.344342,0.976383,-0.022666,-0.128543,-0.172163
10.774498,0.077935,-0.051172,0.344165,0.976383,-0.022666,-0.128543,-0.172163
10.784559,0.077677,-0.051172,0.343986,0.976383,-0.022666,-0.128543,-0.172163
10.794622,0.077420,-0.051172,0.343805,0.976383,-0.022666,-0.128543,-0.172163
10.804684,0.077165,-0.051172,0.343622,0.976383,-0.022666,-0.128543,-0.172163
10.814745,0.076911,-0.051172,0.343437,0.976383,-0.022666,-0.128543,-0.172163
10.824806,0.076658,-0.051172,0.343250,0.976383,-0.022666,-0.128543,-0.172163
10.834868,0.076407,-0.051172,0.343061,0.976383,-0.022666,-0.128543,-0.172163
10.844927,0.076158,-0.051172,0.342870,0.976383,-0.022666,-0.128543,-0.172163
10.854990,0.075910,-0.051172,0.342677,0.976383,-0.022666,-0.128543,-0.172163
10.865051,0.075419,-0.051172,0.342286,0.976383,-0.022666,-0.128543,-0.172163
10.875114,0.075175,-0.051172,0.342087,0.976383,-0.022666,-0.128543,-0.172163
10.885174,0.074933,-0.051172,0.341886,0.976383,-0.022666,-0.128543,-0.172163
10.895235,0.074693,-0.051172,0.341684,0.976383,-0.022666,-0.128543,-0.172163
10.905297,0.074455,-0.051172,0.341480,0.976383,-0.022666,-0.128543,-0.172163
10.915359,0.074218,-0.051172,0.341273,0.976383,-0.022666,-0.128543,-0.172163
10.925419,0.073982,-0.051172,0.341065,0.976383,-0.022666,-0.128543,-0.172163
10.935479,0.073749,-0.051172,0.340855,0.976383,-0.022666,-0.128543,-0.172163
10.945541,0.073517,-0.051172,0.340643,0.976383,-0.022666,-0.128543,-0.172163
10.955601,0.073286,-0.051172,0.340430,0.976383,-0.022666,-0.128543,-0.172163
10.965663,0.073058,-0.051172,0.340215,0.976383,-0.022666,-0.128543,-0.172163
10.975722,0.072831,-0.051172,0.339997,0.976383,-0.022666,-0.128543,-0.172163
10.985845,0.072605,-0.051172,0.339778,0.976383,-0.022666,-0.128543,-0.172163
10.995905,0.072382,-0.051172,0.339558,0.976383,-0.022666,-0.128543,-0.172163
11.005966,0.072160,-0.051172,0.339335,0.976383,-0.022666,-0.128543,-0.172163
11.016028,0.071940,-0.051172,0.339111,0.976383,-0.022666,-0.128543,-0.172163
11.026094,0.071721,-0.051172,0.338885,0.976383,-0.022666,-0.128543,-0.172163
11.036153,0.071505,-0.051172,0.338657,0.976383,-0.022666,-0.128543,-0.172163
11.046214,0.071290,-0.051172,0.338428,0.976383,-0.022666,-0.128543,-0.172163
11.056275,0.071077,-0.051172,0.338197,0.976383,-0.022666,-0.128543,-0.172163
11.066336,0.070866,-0.051172,0.337964,0.976383,-0.022666,-0.128543,-0.172163
11.076398,0.070657,-0.051172,0.337730,0.976383,-0.022666,-0.128543,-0.172163
11.086460,0.070450,-0.051172,0.337494,0.976383,-0.022666,-0.128543,-0.172163
11.096519,0.070244,-0.051172,0.337257,0.976383,-0.022666,-0.128543,-0.172163
11.106581,0.070040,-0.051172,0.337017,0.976383,-0.022666,-0.128543,-0.172163
11.116641,0.069839,-0.051172,0.336777,0.976383,-0.022666,-0.128543,-0.172163
11.126702,0.069639,-0.051172,0.336534,0.976383,-0.022666,-0.128543,-0.172163
11.136764,0.069441,-0.051172,0.336290,0.976383,-0.022666,-0.128543,-0.172163
11.146824,0.069245,-0.051172,0.336045,0.976383,-0.022666,-0.128543,-0.172163
11.156888,0.069050,-0.051172,0.335798,0.976383,-0.022666,-0.128543,-0.172163
11.166947,0.068858,-0.051172,0.335549,0.976383,-0.022666,-0.128543,-0.172163
11.177007,0.068668,-0.051172,0.335299,0.976383,-0.022666,-0.128543,-0.172163
11.187069,0.068480,-0.051172,0.335048,0.976383,-0.022666,-0.128543,-0.172163
11.197132,0.068293,-0.051172,0.334795,0.976383,-0.022666,-0.128543,-0.172163
11.207193,0.068109,-0.051172,0.334541,0.976383,-0.022666,-0.128543,-0.172163
11.217336,0.067927,-0.051172,0.334285,0.976383,-0.022666,-0.128543,-0.172163
11.227398,0.067747,-0.051172,0.334027,0.976383,-0.022666,-0.128543,-0.172163
11.237459,0.067568,-0.051172,0.333769,0.976383,-0.022666,-0.128543,-0.172163
11.247519,0.067392,-0.051172,0.333509,0.976383,-0.022666,-0.128543,-0.172163
11.257581,0.067218,-0.051172,0.333247,0.976383,-0.022666,-0.128543,-0.172163
11.267641,0.067046,-0.051172,0.332984,0.976383,-0.022666,-0.128543,-0.172163
11.277703,0.066876,-0.051172,0.332720,0.976383,-0.022666,-0.128543,-0.172163
11.287763,0.066708,-0.051172,0.332455,0.976383,-0.022666,-0.128543,-0.172163
11.297824,0.066542,-0.051172,0.332188,0.976383,-0.022666,-0.128543,-0.172163
11.307883,0.066378,-0.051172,0.331920,0.976383,-0.022666,-0.128543,-0.172163
11.317943,0.066217,-0.051172,0.331650,0.976383,-0.022666,-0.128543,-0.172163
11.328003,0.066057,-0.051172,0.331380,0.976383,-0.022666,-0.128543,-0.172163
11.338062,0.065900,-0.051172,0.331108,0.976383,-0.022666,-0.128543,-0.172163
11.348129,0.065745,-0.051172,0.330835,0.976383,-0.022666,-0.128543,-0.172163
11.358190,0.065591,-0.051172,0.330560,0.976383,-0.022666,-0.128543,-0.172163
11.368249,0.065440,-0.051172,0.330285,0.976383,-0.022666,-0.128543,-0.172163
11.378309,0.065292,-0.051172,0.330008,0.976383,-0.022666,-0.128543,-0.172163
11.388369,0.065145,-0.051172,0.329730,0.976383,-0.022666,-0.128543,-0.172163
11.398428,0.065001,-0.051172,0.329451,0.976383,-0.022666,-0.128543,-0.172163
11.408489,0.064858,-0.051172,0.329171,0.976383,-0.022666,-0.128543,-0.172163
11.418549,0.064718,-0.051172,0.328890,0.976383,-0.022666,-0.128543,-0.172163
11.428608,0.064581,-0.051172,0.328608,0.976383,-0.022666,-0.128543,-0.172163
11.438668,0.064445,-0.051172,0.328324,0.976383,-0.022666,-0.128543,-0.172163
11.448730,0.064312,-0.051172,0.328040,0.976383,-0.022666,-0.128543,-0.172163
11.458791,0.064181,-0.051172,0.327754,0.976383,-0.022666,-0.128543,-0.172163
11.468854,0.064052,-0.051172,0.327468,0.976383,-0.022666,-0.128543,-0.172163
11.478917,0.063925,-0.051172,0.327180,0.976383,-0.022666,-0.128543,-0.172163
11.488976,0.063801,-0.051172,0.326892,0.976383,-0.022666,-0.128543,-0.172163
11.499036,0.063679,-0.051172,0.326602,0.976383,-0.022666,-0.128543,-0.172163
11.509095,0.063559,-0.051172,0.326312,0.976383,-0.022666,-0.128543,-0.172163
11.519154,0.063441,-0.051172,0.326021,0.976383,-0.022666,-0.128543,-0.172163
11.529214,0.063326,-0.051172,0.325728,0.976383,-0.022666,-0.128543,-0.172163
11.539274,0.063213,-0.051172,0.325435,0.976383,-0.022666,-0.128543,-0.172163
11.549333,0.063103,-0.051172,0.325141,0.976383,-0.022666,-0.128543,-0.172163
11.559392,0.062994,-0.051172,0.324846,0.976383,-0.022666,-0.128543,-0.172163
11.569451,0.062888,-0.051172,0.324551,0.976383,-0.022666,-0.128543,-0.172163
11.579510,0.062785,-0.051172,0.324254,0.976383,-0.022666,-0.128543,-0.172163
11.589569,0.062683,-0.051172,0.323957,0.976383,-0.022666,-0.128543,-0.172163
11.599630,0.062584,-0.051172,0.323659,0.976383,-0.022666,-0.128543,-0.172163
11.609696,0.062488,-0.051172,0.323360,0.976383,-0.022666,-0.128543,-0.172163
11.619761,0.062393,-0.051172,0.323060,0.976383,-0.022666,-0.128543,-0.172163
11.629814,0.062301,-0.051172,0.322760,0.976383,-0.022666,-0.128543,-0.172163
11.639876,0.062212,-0.051172,0.322458,0.976383,-0.022666,-0.128543,-0.172163
11.649936,0.062125,-0.051172,0.322157,0.976383,-0.022666,-0.128543,-0.172163
11.659998,0.062040,-0.051172,0.321854,0.976383,-0.022666,-0.128543,-0.172163
11.670060,0.061957,-0.051172,0.321551,0.976383,-0.022666,-0.128543,-0.172163
11.680122,0.061877,-0.051173,0.321247,0.976383,-0.022666,-0.128543,-0.172163
11.690184,0.061800,-0.051173,0.320943,0.976383,-0.022666,-0.128543,-0.172163
11.700245,0.061724,-0.051173,0.320638,0.976383,-0.022666,-0.128543,-0.172163
11.710308,0.061651,-0.051173,0.320332,0.976383,-0.022666,-0.128543,-0.172163
11.720369,0.061581,-0.051173,0.320026,0.976383,-0.022666,-0.128543,-0.172163
11.730431,0.061513,-0.051173,0.319719,0.976383,-0.022666,-0.128543,-0.172163
11.740493,0.061447,-0.051173,0.319412,0.976383,-0.022666,-0.128543,-0.172163
11.750554,0.061384,-0.051173,0.319104,0.976383,-0.022666,-0.128543,-0.172163
11.760616,0.061323,-0.051173,0.318796,0.976383,-0.022666,-0.128543,-0.172163
11.770677,0.061265,-0.051173,0.318488,0.976383,-0.022666,-0.128543,-0.172163
11.780739,0.061209,-0.051173,0.318178,0.976383,-0.022666,-0.128543,-0.172163
11.790800,0.061155,-0.051173,0.317869,0.976383,-0.022666,-0.128543,-0.172163
11.800862,0.061104,-0.051173,0.317559,0.976383,-0.022666,-0.128543,-0.172163
11.810924,0.061055,-0.051173,0.317249,0.976383,-0.022666,-0.128543,-0.172163
11.820986,0.061009,-0.051173,0.316938,0.976383,-0.022666,-0.128543,-0.172163
11.831047,0.060965,-0.051173,0.316627,0.976383,-0.022666,-0.128543,-0.172163
11.841108,0.060924,-0.051173,0.316315,0.976383,-0.022666,-0.128543,-0.172163
11.851171,0.060885,-0.051173,0.316004,0.976383,-0.022666,-0.128543,-0.172163
11.861235,0.060848,-0.051173,0.315692,0.976383,-0.022666,-0.128543,-0.172163
11.871297,0.060814,-0.051173,0.315379,0.976383,-0.022666,-0.128543,-0.172163
11.881360,0.060783,-0.051173,0.315067,0.976383,-0.022666,-0.128543,-0.172163
11.891422,0.060754,-0.051173,0.314754,0.976383,-0.022666,-0.128543,-0.172163
11.901484,0.060727,-0.051173,0.314441,0.976383,-0.022666,-0.128543,-0.172163
11.911644,0.060703,-0.051173,0.314128,0.976383,-0.022666,-0.128543,-0.172163
11.921706,0.060681,-0.051173,0.313814,0.976383,-0.022666,-0.128543,-0.172163
11.931768,0.060662,-0.051173,0.313501,0.976383,-0.022666,-0.128543,-0.172163
11.941829,0.060645,-0.051173,0.313187,0.976383,-0.022666,-0.128543,-0.172163
11.951891,0.060631,-0.051173,0.312873,0.976383,-0.022666,-0.128543,-0.172163
11.961954,0.060619,-0.051173,0.312559,0.976383,-0.022666,-0.128543,-0.172163
11.972016,0.060609,-0.051173,0.312245,0.976383,-0.022666,-0.128543,-0.172163
11.982077,0.060602,-0.051173,0.311931,0.976383,-0.022666,-0.128543,-0.172163
11.992139,0.060598,-0.051173,0.311617,0.976383,-0.022666,-0.128543,-0.172163
12.002201,0.060596,-0.051173,0.311303,0.976383,-0.022666,-0.128543,-0.172163
12.012263,0.060596,-0.051173,0.310995,0.976383,-0.022666,-0.128543,-0.172163
12.022327,0.060599,-0.051173,0.310698,0.976383,-0.022666,-0.128543,-0.172163
12.032389,0.060604,-0.051173,0.310414,0.976383,-0.022666,-0.128543,-0.172163
12.042443,0.060610,-0.051173,0.310140,0.976383,-0.022666,-0.128543,-0.172163
12.052505,0.060618,-0.051173,0.309879,0.976383,-0.022666,-0.128543,-0.172163
12.062567,0.060627,-0.051173,0.309629,0.976383,-0.022666,-0.128543,-0.172163
12.072630,0.060637,-0.051173,0.309391,0.976383,-0.022666,-0.128543,-0.172163
12.082692,0.060648,-0.051173,0.309165,0.976383,-0.022666,-0.128543,-0.172163
12.092746,0.060659,-0.051173,0.308951,0.976383,-0.022666,-0.128543,-0.172163
12.102809,0.060671,-0.051173,0.308749,0.976383,-0.022666,-0.128543,-0.172163
12.112864,0.060683,-0.051173,0.308559,0.976383,-0.022666,-0.128543,-0.172163
12.122918,0.060695,-0.051173,0.308381,0.976383,-0.022666,-0.128543,-0.172163
12.132962,0.060708,-0.051173,0.308214,0.976383,-0.022666,-0.128543,-0.172163
12.143015,0.060719,-0.051173,0.308060,0.976383,-0.022666,-0.128543,-0.172163
12.153069,0.060731,-0.051173,0.307917,0.976383,-0.022666,-0.128543,-0.172163
12.163130,0.060742,-0.051173,0.307787,0.976383,-0.022666,-0.128543,-0.172163
12.173193,0.060752,-0.051173,0.307669,0.976383,-0.022666,-0.128543,-0.172163
12.183254,0.060762,-0.051173,0.307562,0.976383,-0.022666,-0.128543,-0.172163
12.193272,0.060770,-0.051173,0.307467,0.976383,-0.022666,-0.128543,-0.172163
12.203333,0.060778,-0.051173,0.307385,0.976383,-0.022666,-0.128543,-0.172163
12.213395,0.060785,-0.051173,0.307315,0.976383,-0.022666,-0.128543,-0.172163
12.223456,0.060791,-0.051173,0.307257,0.976383,-0.022666,-0.128543,-0.172163
12.233518,0.060795,-0.051173,0.307211,0.976383,-0.022666,-0.128543,-0.172163
12.243579,0.060799,-0.051173,0.307176,0.976383,-0.022666,-0.128543,-0.172163
12.253642,0.060801,-0.051173,0.307154,0.976383,-0.022666,-0.128543,-0.172163
12.263704,0.060802,-0.051173,0.307143,0.976383,-0.022666,-0.128543,-0.172163
12.273765,0.060802,-0.051173,0.307143,0.976383,-0.022666,-0.128543,-0.172163
12.283827,0.060802,-0.051173,0.307143,0.976383,-0.022666,-0.128543,-0.172163
12.293889,0.060802,-0.051173,0.307143,0.976383,-0.022666,-0.128543,-0.172163
12.303951,0.060802,-0.051173,0.307143,0.976383,-0.022666,-0.128543,-0.172163
12.313971,0.060802,-0.051173,0.307143,0.976383,-0.022666,-0.128543,-0.172163
12.324027,0.060802,-0.051173,0.307143,0.976383,-0.022666,-0.128543,-0.172163
12.334092,0.060795,-0.051173,0.307213,0.976383,-0.022666,-0.128543,-0.172163
12.344118,0.060787,-0.051173,0.307299,0.976383,-0.022666,-0.128543,-0.172163
12.354258,0.060777,-0.051173,0.307398,0.976383,-0.022666,-0.128543,-0.172163
12.364311,0.060767,-0.051173,0.307509,0.976383,-0.022666,-0.128543,-0.172163
12.374373,0.060755,-0.051173,0.307632,0.976383,-0.022666,-0.128543,-0.172163
12.384434,0.060743,-0.051173,0.307767,0.976383,-0.022666,-0.128543,-0.172163
12.394497,0.060731,-0.051173,0.307915,0.976383,-0.022666,-0.128543,-0.172163
12.404559,0.060718,-0.051173,0.308074,0.976383,-0.022666,-0.128543,-0.172163
12.414621,0.060705,-0.051173,0.308246,0.976383,-0.022666,-0.128543,-0.172163
12.424682,0.060692,-0.051173,0.308430,0.976383,-0.022666,-0.128543,-0.172163
12.434743,0.060679,-0.051173,0.308627,0.976383,-0.022666,-0.128543,-0.172163
12.444795,0.060666,-0.051173,0.308834,0.976383,-0.022666,-0.128543,-0.172163
12.454850,0.060653,-0.051173,0.309056,0.976383,-0.022666,-0.128543,-0.172163
12.464912,0.060642,-0.051173,0.309289,0.976383,-0.022666,-0.128543,-0.172163
12.474971,0.060631,-0.051173,0.309534,0.976383,-0.022666,-0.128543,-0.172163
12.485033,0.060612,-0.051173,0.310060,0.976383,-0.022666,-0.128543,-0.172163
12.495095,0.060605,-0.051173,0.310343,0.976383,-0.022666,-0.128543,-0.172163
12.505157,0.060600,-0.051173,0.310637,0.976383,-0.022666,-0.128543,-0.172163
12.515219,0.060597,-0.051173,0.310943,0.976383,-0.022666,-0.128543,-0.172163
12.525281,0.060596,-0.051173,0.311261,0.976383,-0.022666,-0.128543,-0.172163
12.535342,0.060598,-0.051173,0.311592,0.976383,-0.022666,-0.128543,-0.172163
12.545405,0.060603,-0.051173,0.311933,0.976383,-0.022666,-0.128543,-0.172163
12.555466,0.060611,-0.051173,0.312288,0.976383,-0.022666,-0.128543,-0.172163
12.565528,0.060622,-0.051173,0.312655,0.976383,-0.022666,-0.128543,-0.172163
12.575589,0.060638,-0.051173,0.313033,0.976383,-0.022666,-0.128543,-0.172163
12.585666,0.060658,-0.051173,0.313423,0.976383,-0.022666,-0.128543,-0.172163
12.595718,0.060682,-0.051173,0.313825,0.976383,-0.022666,-0.128543,-0.172163
12.605780,0.060711,-0.051173,0.314238,0.976383,-0.022666,-0.128543,-0.172163
12.615843,0.060746,-0.051173,0.314664,0.976383,-0.022666,-0.128543,-0.172163
12.625907,0.060786,-0.051173,0.315100,0.976383,-0.022666,-0.128543,-0.172163
12.635970,0.060833,-0.051173,0.315548,0.976383,-0.022666,-0.128543,-0.172163
12.646033,0.060886,-0.051173,0.316008,0.976383,-0.022666,-0.128543,-0.172163
12.656094,0.060945,-0.051173,0.316478,0.976383,-0.022666,-0.128543,-0.172163
12.666156,0.061012,-0.051173,0.316960,0.976383,-0.022666,-0.128543,-0.172163
12.676217,0.061087,-0.051173,0.317452,0.976383,-0.022666,-0.128543,-0.172163
12.686280,0.061170,-0.051173,0.317955,0.976383,-0.022666,-0.128543,-0.172163
12.696341,0.061261,-0.051173,0.318469,0.976383,-0.022666,-0.128543,-0.172163
12.706404,0.061362,-0.051173,0.318993,0.976383,-0.022666,-0.128543,-0.172163
12.716465,0.061472,-0.051173,0.319527,0.976383,-0.022666,-0.128543,-0.172163
12.726527,0.061592,-0.051173,0.320072,0.976383,-0.022666,-0.128543,-0.172163
12.736590,0.061721,-0.051173,0.320625,0.976383,-0.022666,-0.128543,-0.172163
12.746658,0.061862,-0.051173,0.321188,0.976383,-0.022666,-0.128543,-0.172163
12.756721,0.062014,-0.051173,0.321760,0.976383,-0.022666,-0.128543,-0.172163
12.766784,0.062178,-0.051173,0.322342,0.976383,-0.022666,-0.128543,-0.172163
12.776847,0.062354,-0.051173,0.322931,0.976383,-0.022666,-0.128543,-0.172163
12.786910,0.062542,-0.051173,0.323529,0.976383,-0.022666,-0.128543,-0.172163
12.796974,0.062744,-0.051173,0.324134,0.976383,-0.022666,-0.128543,-0.172163
12.807028,0.062959,-0.051173,0.324747,0.976383,-0.022666,-0.128543,-0.172163
12.817156,0.063188,-0.051173,0.325367,0.976383,-0.022666,-0.128543,-0.172163
12.827215,0.063431,-0.051173,0.325995,0.976383,-0.022666,-0.128543,-0.172163
12.837275,0.063690,-0.051173,0.326627,0.976383,-0.022666,-0.128543,-0.172163
12.847335,0.063964,-0.051173,0.327267,0.976383,-0.022666,-0.128543,-0.172163
12.857394,0.064253,-0.051173,0.327911,0.976383,-0.022666,-0.128543,-0.172163
12.867454,0.064559,-0.051173,0.328562,0.976383,-0.022666,-0.128543,-0.172163
12.877516,0.064881,-0.051173,0.329215,0.976383,-0.022666,-0.128543,-0.172163
12.887578,0.065220,-0.051173,0.329873,0.976383,-0.022666,-0.128543,-0.172163
12.897639,0.065578,-0.051173,0.330535,0.976383,-0.022666,-0.128543,-0.172163
12.907699,0.065953,-0.051173,0.331199,0.976383,-0.022666,-0.128543,-0.172163
12.917761,0.066346,-0.051173,0.331865,0.976383,-0.022666,-0.128543,-0.172163
12.927821,0.066757,-0.051173,0.332532,0.976383,-0.022666,-0.128543,-0.172163
12.937883,0.067189,-0.051173,0.333202,0.976383,-0.022666,-0.128543,-0.172163
12.947942,0.067639,-0.051173,0.333871,0.976383,-0.022666,-0.128543,-0.172163
12.958002,0.068109,-0.051173,0.334539,0.976383,-0.022666,-0.128543,-0.172163
12.968063,0.068599,-0.051173,0.335207,0.976383,-0.022666,-0.128543,-0.172163
12.978126,0.069109,-0.051173,0.335872,0.976383,-0.022666,-0.128543,-0.172163
12.988187,0.069641,-0.051173,0.336536,0.976383,-0.022666,-0.128543,-0.172163
12.998250,0.070193,-0.051173,0.337196,0.976383,-0.022666,-0.128543,-0.172163
13.008310,0.070767,-0.051173,0.337852,0.976383,-0.022666,-0.128543,-0.172163
13.018370,0.071361,-0.051173,0.338503,0.976383,-0.022666,-0.128543,-0.172163
13.028432,0.071977,-0.051173,0.339149,0.976383,-0.022666,-0.128543,-0.172163
13.038492,0.072615,-0.051173,0.339787,0.976383,-0.022666,-0.128543,-0.172163
13.048554,0.073275,-0.051173,0.340419,0.976383,-0.022666,-0.128543,-0.172163
13.058616,0.073957,-0.051173,0.341042,0.976383,-0.022666,-0.128543,-0.172163
13.068679,0.074661,-0.051173,0.341656,0.976383,-0.022666,-0.128543,-0.172163
13.078739,0.075387,-0.051173,0.342259,0.976383,-0.022666,-0.128543,-0.172163
13.088790,0.076136,-0.051173,0.342852,0.976383,-0.022666,-0.128543,-0.172163
13.098851,0.076906,-0.051173,0.343433,0.976383,-0.022666,-0.128543,-0.172163
13.108911,0.077698,-0.051173,0.344000,0.976383,-0.022666,-0.128543,-0.172163
13.118971,0.078513,-0.051173,0.344554,0.976383,-0.022666,-0.128543,-0.172163
13.129026,0.079349,-0.051173,0.345093,0.976383,-0.022666,-0.128543,-0.172163
13.139081,0.080207,-0.051173,0.345616,0.976383,-0.022666,-0.128543,-0.172163
13.149143,0.081086,-0.051173,0.346122,0.976383,-0.022666,-0.128543,-0.172163
13.159205,0.081987,-0.051173,0.346610,0.976383,-0.022666,-0.128543,-0.172163
13.169266,0.082909,-0.051173,0.347080,0.976383,-0.022666,-0.128543,-0.172163
13.179327,0.083851,-0.051173,0.347529,0.976383,-0.022666,-0.128543,-0.172163
13.189389,0.084814,-0.051173,0.347957,0.976383,-0.022666,-0.128543,-0.172163
13.199451,0.085797,-0.051173,0.348364,0.976383,-0.022666,-0.128543,-0.172163
13.209512,0.086798,-0.051173,0.348747,0.976383,-0.022666,-0.128543,-0.172163
13.219574,0.087819,-0.051173,0.349107,0.976383,-0.022666,-0.128543,-0.172163
13.229635,0.088858,-0.051173,0.349441,0.976383,-0.022666,-0.128543,-0.172163
13.239697,0.089915,-0.051173,0.349750,0.976383,-0.022666,-0.128543,-0.172163
13.249759,0.090989,-0.051173,0.350032,0.976383,-0.022666,-0.128543,-0.172163
13.259929,0.092079,-0.051173,0.350285,0.976383,-0.022666,-0.128543,-0.172163
13.269971,0.093185,-0.051173,0.350510,0.976383,-0.022666,-0.128543,-0.172163
13.280025,0.094306,-0.051173,0.350705,0.976383,-0.022666,-0.128543,-0.172163
13.290087,0.095440,-0.051173,0.350868,0.976383,-0.022666,-0.128543,-0.172163
13.300148,0.096588,-0.051173,0.351001,0.976383,-0.022666,-0.128543,-0.172163
13.310209,0.097748,-0.051173,0.351101,0.976383,-0.022666,-0.128543,-0.172163
13.320271,0.098919,-0.051173,0.351167,0.976383,-0.022666,-0.128543,-0.172163
13.330333,0.100100,-0.051173,0.351199,0.976383,-0.022666,-0.128543,-0.172163
13.340395,0.101290,-0.051173,0.351196,0.976383,-0.022666,-0.128543,-0.172163
13.350457,0.102489,-0.051173,0.351157,0.976383,-0.022666,-0.128543,-0.172163
13.360518,0.103693,-0.051173,0.351082,0.976383,-0.022666,-0.128543,-0.172163
13.370581,0.104904,-0.051173,0.350969,0.976383,-0.022666,-0.128543,-0.172163
13.380642,0.106119,-0.051173,0.350819,0.976383,-0.022666,-0.128543,-0.172163
13.390689,0.107336,-0.051173,0.350630,0.976383,-0.022666,-0.128543,-0.172163
13.400750,0.108556,-0.051173,0.350402,0.976383,-0.022666,-0.128543,-0.172163
13.410811,0.109775,-0.051173,0.350134,0.976383,-0.022666,-0.128543,-0.172163
13.420872,0.110993,-0.051173,0.349827,0.976383,-0.022666,-0.128543,-0.172163
13.430934,0.112210,-0.051173,0.349479,0.976383,-0.022666,-0.128543,-0.172163
13.440999,0.113420,-0.051173,0.349090,0.976383,-0.022666,-0.128543,-0.172163
13.451059,0.114627,-0.051173,0.348660,0.976383,-0.022666,-0.128543,-0.172163
13.461119,0.115825,-0.051173,0.348189,0.976383,-0.022666,-0.128543,-0.172163
13.471181,0.117015,-0.051173,0.347676,0.976383,-0.022666,-0.128543,-0.172163
13.481240,0.118193,-0.051173,0.347123,0.976383,-0.022666,-0.128543,-0.172163
13.491404,0.119361,-0.051173,0.346527,0.976383,-0.022666,-0.128543,-0.172163
13.501467,0.120514,-0.051173,0.345890,0.976383,-0.022666,-0.128543,-0.172163
13.511527,0.121652,-0.051173,0.345210,0.976383,-0.022666,-0.128543,-0.172163
13.521588,0.122773,-0.051173,0.344491,0.976383,-0.022666,-0.128543,-0.172163
13.531646,0.123875,-0.051173,0.343729,0.976383,-0.022666,-0.128543,-0.172163
13.541707,0.124956,-0.051173,0.342927,0.976383,-0.022666,-0.128543,-0.172163
13.551770,0.126016,-0.051173,0.342085,0.976383,-0.022666,-0.128543,-0.172163
13.561833,0.127051,-0.051173,0.341203,0.976383,-0.022666,-0.128543,-0.172163
13.571895,0.128061,-0.051173,0.340281,0.976383,-0.022666,-0.128543,-0.172163
13.581956,0.129043,-0.051173,0.339321,0.976383,-0.022666,-0.128543,-0.172163
13.592013,0.129996,-0.051173,0.338323,0.976383,-0.022666,-0.128543,-0.172163
13.602075,0.130919,-0.051173,0.337287,0.976383,-0.022666,-0.128543,-0.172163
13.612135,0.131808,-0.051173,0.336216,0.976383,-0.022666,-0.128543,-0.172163
13.622196,0.132664,-0.051173,0.335108,0.976383,-0.022666,-0.128543,-0.172163
13.632259,0.133484,-0.051173,0.333967,0.976383,-0.022666,-0.128543,-0.172163
13.642321,0.134268,-0.051173,0.332791,0.976383,-0.022666,-0.128543,-0.172163
13.652383,0.135011,-0.051173,0.331585,0.976383,-0.022666,-0.128543,-0.172163
13.662446,0.135715,-0.051173,0.330346,0.976383,-0.022666,-0.128543,-0.172163
13.672508,0.136377,-0.051173,0.329079,0.976383,-0.022666,-0.128543,-0.172163
13.682569,0.136995,-0.051173,0.327784,0.976383,-0.022666,-0.128543,-0.172163
13.692631,0.137569,-0.051173,0.326461,0.976383,-0.022666,-0.128543,-0.172163
13.702745,0.138096,-0.051173,0.325114,0.976383,-0.022666,-0.128543,-0.172163
13.712807,0.138577,-0.051173,0.323744,0.976383,-0.022666,-0.128543,-0.172163
13.722869,0.139009,-0.051173,0.322351,0.976383,-0.022666,-0.128543,-0.172163
13.732930,0.139390,-0.051173,0.320939,0.976383,-0.022666,-0.128543,-0.172163
13.742993,0.139722,-0.051173,0.319509,0.976383,-0.022666,-0.128543,-0.172163
13.753047,0.140001,-0.051173,0.318062,0.976383,-0.022666,-0.128543,-0.172163
13.763101,0.140227,-0.051173,0.316601,0.976383,-0.022666,-0.128543,-0.172163
13.773153,0.140400,-0.051173,0.315129,0.976383,-0.022666,-0.128543,-0.172163
13.783206,0.140519,-0.051173,0.313645,0.976383,-0.022666,-0.128543,-0.172163
13.793259,0.140582,-0.051173,0.312153,0.976383,-0.022666,-0.128543,-0.172163
13.803312,0.140590,-0.051173,0.310656,0.976383,-0.022666,-0.128543,-0.172163
13.813365,0.140541,-0.051173,0.309155,0.976383,-0.022666,-0.128543,-0.172163
13.823417,0.140435,-0.051173,0.307652,0.976383,-0.022666,-0.128543,-0.172163
13.833479,0.140273,-0.051173,0.306150,0.976383,-0.022666,-0.128543,-0.172163
13.843541,0.140053,-0.051173,0.304651,0.976383,-0.022666,-0.128543,-0.172163
13.853603,0.139776,-0.051173,0.303157,0.976383,-0.022666,-0.128543,-0.172163
13.863664,0.139441,-0.051173,0.301672,0.976383,-0.022666,-0.128543,-0.172163
13.873726,0.139049,-0.051173,0.300196,0.976383,-0.022666,-0.128543,-0.172163
13.883787,0.138599,-0.051173,0.298733,0.976383,-0.022666,-0.128543,-0.172163
13.893850,0.138093,-0.051173,0.297284,0.976383,-0.022666,-0.128543,-0.172163
13.903912,0.137530,-0.051173,0.295852,0.976383,-0.022666,-0.128543,-0.172163
13.913971,0.136911,-0.051173,0.294440,0.976383,-0.022666,-0.128543,-0.172163
13.924026,0.136237,-0.051173,0.293050,0.976383,-0.022666,-0.128543,-0.172163
13.934087,0.135507,-0.051173,0.291685,0.976383,-0.022666,-0.128543,-0.172163
13.944149,0.134724,-0.051173,0.290345,0.976383,-0.022666,-0.128543,-0.172163
13.954210,0.133887,-0.051173,0.289034,0.976383,-0.022666,-0.128543,-0.172163
13.964272,0.132999,-0.051173,0.287755,0.976383,-0.022666,-0.128543,-0.172163
13.974333,0.132059,-0.051173,0.286509,0.976383,-0.022666,-0.128543,-0.172163
13.984395,0.131070,-0.051173,0.285298,0.976383,-0.022666,-0.128543,-0.172163
13.994456,0.130033,-0.051173,0.284125,0.976383,-0.022666,-0.128543,-0.172163
14.004518,0.128948,-0.051173,0.282991,0.976383,-0.022666,-0.128543,-0.172163
14.014581,0.127818,-0.051173,0.281899,0.976383,-0.022666,-0.128543,-0.172163
14.024643,0.126645,-0.051173,0.280851,0.976383,-0.022666,-0.128543,-0.172163
14.034704,0.125429,-0.051173,0.279849,0.976383,-0.022666,-0.128543,-0.172163
14.044763,0.124173,-0.051173,0.278894,0.976383,-0.022666,-0.128543,-0.172163
14.054823,0.122879,-0.051173,0.277988,0.976383,-0.022666,-0.128543,-0.172163
14.064885,0.121548,-0.051173,0.277133,0.976383,-0.022666,-0.128543,-0.172163
14.074944,0.120183,-0.051173,0.276330,0.976383,-0.022666,-0.128543,-0.172163
14.085005,0.117358,-0.051173,0.274888,0.976383,-0.022666,-0.128543,-0.172163
14.095070,0.115902,-0.051173,0.274251,0.976383,-0.022666,-0.128543,-0.172163
14.105129,0.114422,-0.051173,0.273672,0.976383,-0.022666,-0.128543,-0.172163
14.115189,0.112918,-0.051172,0.273151,0.976383,-0.022666,-0.128543,-0.172163
14.125250,0.111394,-0.051172,0.272691,0.976383,-0.022666,-0.128543,-0.172163
14.135311,0.109852,-0.051172,0.272292,0.976383,-0.022666,-0.128543,-0.172163
14.145373,0.108293,-0.051172,0.271954,0.976383,-0.022666,-0.128543,-0.172163
14.155432,0.106722,-0.051172,0.271678,0.976383,-0.022666,-0.128543,-0.172163
14.165496,0.105141,-0.051172,0.271465,0.976383,-0.022666,-0.128543,-0.172163
14.175555,0.103551,-0.051172,0.271315,0.976383,-0.022666,-0.128543,-0.172163
14.185616,0.101957,-0.051172,0.271229,0.976383,-0.022666,-0.128543,-0.172163
14.195677,0.100359,-0.051172,0.271207,0.976383,-0.022666,-0.128543,-0.172163
14.205739,0.098762,-0.051172,0.271248,0.976383,-0.022666,-0.128543,-0.172163
14.215798,0.097168,-0.051172,0.271353,0.976383,-0.022666,-0.128543,-0.172163
14.225852,0.095579,-0.051172,0.271522,0.976383,-0.022666,-0.128543,-0.172163
14.235911,0.093998,-0.051172,0.271754,0.976383,-0.022666,-0.128543,-0.172163
14.245973,0.092428,-0.051172,0.272049,0.976383,-0.022666,-0.128543,-0.172163
14.256036,0.090871,-0.051172,0.272406,0.976383,-0.022666,-0.128543,-0.172163
14.266097,0.089329,-0.051172,0.272825,0.976383,-0.022666,-0.128543,-0.172163
14.276158,0.087807,-0.051172,0.273305,0.976383,-0.022666,-0.128543,-0.172163
14.286218,0.086305,-0.051172,0.273846,0.976383,-0.022666,-0.128543,-0.172163
14.296280,0.084827,-0.051172,0.274445,0.976383,-0.022666,-0.128543,-0.172163
14.306342,0.083374,-0.051172,0.275103,0.976383,-0.022666,-0.128543,-0.172163
14.316404,0.081950,-0.051172,0.275818,0.976383,-0.022666,-0.128543,-0.172163
14.326466,0.080556,-0.051172,0.276588,0.976383,-0.022666,-0.128543,-0.172163
14.336525,0.079195,-0.051172,0.277412,0.976383,-0.022666,-0.128543,-0.172163
14.346585,0.077869,-0.051172,0.278290,0.976383,-0.022666,-0.128543,-0.172163
14.356645,0.076580,-0.051172,0.279218,0.976383,-0.022666,-0.128543,-0.172163
14.366704,0.075330,-0.051172,0.280196,0.976383,-0.022666,-0.128543,-0.172163
14.376766,0.074121,-0.051172,0.281222,0.976383,-0.022666,-0.128543,-0.172163
14.386825,0.072955,-0.051172,0.282293,0.976383,-0.022666,-0.128543,-0.172163
14.396887,0.071834,-0.051172,0.283408,0.976383,-0.022666,-0.128543,-0.172163
14.406946,0.070758,-0.051172,0.284566,0.976383,-0.022666,-0.128543,-0.172163
14.417006,0.069731,-0.051172,0.285763,0.976383,-0.022666,-0.128543,-0.172163
14.427069,0.068753,-0.051172,0.286999,0.976383,-0.022666,-0.128543,-0.172163
14.437129,0.067825,-0.051172,0.288270,0.976383,-0.022666,-0.128543,-0.172163
14.447189,0.066950,-0.051172,0.289574,0.976383,-0.022666,-0.128543,-0.172163
14.457248,0.066128,-0.051172,0.290910,0.976383,-0.022666,-0.128543,-0.172163
14.467309,0.065361,-0.051172,0.292274,0.976383,-0.022666,-0.128543,-0.172163
14.477370,0.064648,-0.051172,0.293665,0.976383,-0.022666,-0.128543,-0.172163
14.487430,0.063991,-0.051172,0.295080,0.976383,-0.022666,-0.128543,-0.172163
14.497489,0.063391,-0.051172,0.296517,0.976383,-0.022666,-0.128543,-0.172163
14.507548,0.062849,-0.051172,0.297974,0.976383,-0.022666,-0.128543,-0.172163
14.517608,0.062365,-0.051172,0.299446,0.976383,-0.022666,-0.128543,-0.172163
14.527666,0.061938,-0.051172,0.300934,0.976383,-0.022666,-0.128543,-0.172163
14.537723,0.061571,-0.051172,0.302434,0.976383,-0.022666,-0.128543,-0.172163
14.547830,0.061262,-0.051172,0.303943,0.976383,-0.022666,-0.128543,-0.172163
14.557889,0.061012,-0.051173,0.305460,0.976383,-0.022666,-0.128543,-0.172163
14.567951,0.060821,-0.051173,0.306980,0.976383,-0.022666,-0.128543,-0.172163
14.578012,0.060689,-0.051173,0.308504,0.976383,-0.022666,-0.128543,-0.172163
14.588074,0.060615,-0.051173,0.310027,0.976383,-0.022666,-0.128543,-0.172163
14.598133,0.060599,-0.051173,0.311548,0.976383,-0.022666,-0.128543,-0.172163
14.608195,0.060641,-0.051173,0.313064,0.976383,-0.022666,-0.128543,-0.172163
14.618258,0.060740,-0.051173,0.314573,0.976383,-0.022666,-0.128543,-0.172163
14.628318,0.060895,-0.051173,0.316074,0.976383,-0.022666,-0.128543,-0.172163
14.638380,0.061106,-0.051173,0.317563,0.976383,-0.022666,-0.128543,-0.172163
14.648439,0.061372,-0.051173,0.319037,0.976383,-0.022666,-0.128543,-0.172163
14.658497,0.061692,-0.051173,0.320497,0.976383,-0.022666,-0.128543,-0.172163
14.668557,0.062065,-0.051173,0.321939,0.976383,-0.022666,-0.128543,-0.172163
14.678619,0.062489,-0.051173,0.323360,0.976383,-0.022666,-0.128543,-0.172163
14.688681,0.062965,-0.051173,0.324761,0.976383,-0.022666,-0.128543,-0.172163
14.698744,0.063490,-0.051173,0.326138,0.976383,-0.022666,-0.128543,-0.172163
14.708803,0.064063,-0.051173,0.327490,0.976383,-0.022666,-0.128543,-0.172163
14.718861,0.064683,-0.051173,0.328815,0.976383,-0.022666,-0.128543,-0.172163
14.728921,0.065349,-0.051173,0.330112,0.976383,-0.022666,-0.128543,-0.172163
14.738981,0.066058,-0.051173,0.331378,0.976383,-0.022666,-0.128543,-0.172163
14.749034,0.066810,-0.051173,0.332614,0.976383,-0.022666,-0.128543,-0.172163
14.759173,0.067603,-0.051173,0.333816,0.976383,-0.022666,-0.128543,-0.172163
14.769231,0.068434,-0.051173,0.334984,0.976383,-0.022666,-0.128543,-0.172163
14.779293,0.069304,-0.051173,0.336117,0.976383,-0.022666,-0.128543,-0.172163
14.789356,0.070209,-0.051173,0.337213,0.976383,-0.022666,-0.128543,-0.172163
14.799415,0.071148,-0.051173,0.338272,0.976383,-0.022666,-0.128543,-0.172163
14.809477,0.072120,-0.051173,0.339293,0.976383,-0.022666,-0.128543,-0.172163
14.819537,0.073122,-0.051173,0.340274,0.976383,-0.022666,-0.128543,-0.172163
14.829598,0.074153,-0.051173,0.341215,0.976383,-0.022666,-0.128543,-0.172163
14.839657,0.075211,-0.051173,0.342115,0.976383,-0.022666,-0.128543,-0.172163
14.849716,0.076295,-0.051173,0.342974,0.976383,-0.022666,-0.128543,-0.172163
14.859776,0.077401,-0.051173,0.343790,0.976383,-0.022666,-0.128543,-0.172163
14.869837,0.078529,-0.051173,0.344564,0.976383,-0.022666,-0.128543,-0.172163
14.879899,0.079676,-0.051173,0.345296,0.976383,-0.022666,-0.128543,-0.172163
14.889952,0.080842,-0.051173,0.345984,0.976383,-0.022666,-0.128543,-0.172163
14.900012,0.082024,-0.051173,0.346629,0.976383,-0.022666,-0.128543,-0.172163
14.910073,0.083220,-0.051173,0.347231,0.976383,-0.022666,-0.128543,-0.172163
14.920132,0.084428,-0.051173,0.347789,0.976383,-0.022666,-0.128543,-0.172163
14.930191,0.085648,-0.051173,0.348304,0.976383,-0.022666,-0.128543,-0.172163
14.940251,0.086876,-0.051173,0.348776,0.976383,-0.022666,-0.128543,-0.172163
14.950312,0.088112,-0.051173,0.349204,0.976383,-0.022666,-0.128543,-0.172163
14.960372,0.089353,-0.051173,0.349590,0.976383,-0.022666,-0.128543,-0.172163
14.970441,0.090598,-0.051173,0.349932,0.976383,-0.022666,-0.128543,-0.172163
14.980499,0.091846,-0.051173,0.350233,0.976383,-0.022666,-0.128543,-0.172163
14.990560,0.093094,-0.051173,0.350492,0.976383,-0.022666,-0.128543,-0.172163
15.000624,0.094343,-0.051173,0.350710,0.976383,-0.022666,-0.128543,-0.172163
15.010688,0.095588,-0.051173,0.350887,0.976383,-0.022666,-0.128543,-0.172163
15.020749,0.096830,-0.051173,0.351024,0.976383,-0.022666,-0.128543,-0.172163
15.030808,0.098067,-0.051173,0.351122,0.976383,-0.022666,-0.128543,-0.172163
15.040868,0.099297,-0.051173,0.351181,0.976383,-0.022666,-0.128543,-0.172163
15.050928,0.100520,-0.051173,0.351202,0.976383,-0.022666,-0.128543,-0.172163
15.060991,0.101734,-0.051173,0.351186,0.976383,-0.022666,-0.128543,-0.172163
15.071049,0.102938,-0.051173,0.351133,0.976383,-0.022666,-0.128543,-0.172163
15.081110,0.104130,-0.051173,0.351046,0.976383,-0.022666,-0.128543,-0.172163
15.091161,0.105311,-0.051173,0.350923,0.976383,-0.022666,-0.128543,-0.172163
15.101222,0.106477,-0.051173,0.350767,0.976383,-0.022666,-0.128543,-0.172163
15.111275,0.107629,-0.051173,0.350579,0.976383,-0.022666,-0.128543,-0.172163
15.121337,0.108765,-0.051173,0.350359,0.976383,-0.022666,-0.128543,-0.172163
15.131391,0.109886,-0.051173,0.350108,0.976383,-0.022666,-0.128543,-0.172163
15.141445,0.110989,-0.051173,0.349828,0.976383,-0.022666,-0.128543,-0.172163
15.151499,0.112074,-0.051173,0.349520,0.976383,-0.022666,-0.128543,-0.172163
15.161551,0.113141,-0.051173,0.349184,0.976383,-0.022666,-0.128543,-0.172163
15.171604,0.114188,-0.051173,0.348822,0.976383,-0.022666,-0.128543,-0.172163
15.181666,0.115216,-0.051173,0.348434,0.976383,-0.022666,-0.128543,-0.172163
15.191730,0.116223,-0.051173,0.348023,0.976383,-0.022666,-0.128543,-0.172163
15.201869,0.117209,-0.051173,0.347589,0.976383,-0.022666,-0.128543,-0.172163
15.211933,0.118173,-0.051173,0.347133,0.976383,-0.022666,-0.128543,-0.172163
15.221995,0.119116,-0.051173,0.346656,0.976383,-0.022666,-0.128543,-0.172163
15.232057,0.120036,-0.051173,0.346160,0.976383,-0.022666,-0.128543,-0.172163
15.242121,0.120934,-0.051173,0.345645,0.976383,-0.022666,-0.128543,-0.172163
15.252182,0.121809,-0.051173,0.345113,0.976383,-0.022666,-0.128543,-0.172163
15.262245,0.122661,-0.051173,0.344565,0.976383,-0.022666,-0.128543,-0.172163
15.272308,0.123490,-0.051173,0.344002,0.976383,-0.022666,-0.128543,-0.172163
15.282369,0.124296,-0.051173,0.343424,0.976383,-0.022666,-0.128543,-0.172163
15.292432,0.125078,-0.051173,0.342834,0.976383,-0.022666,-0.128543,-0.172163
15.302495,0.125837,-0.051173,0.342232,0.976383,-0.022666,-0.128543,-0.172163
15.312556,0.126572,-0.051173,0.341619,0.976383,-0.022666,-0.128543,-0.172163
15.322619,0.127284,-0.051173,0.340996,0.976383,-0.022666,-0.128543,-0.172163
15.332680,0.127973,-0.051173,0.340364,0.976383,-0.022666,-0.128543,-0.172163
15.342742,0.128639,-0.051173,0.339725,0.976383,-0.022666,-0.128543,-0.172163
15.352805,0.129281,-0.051173,0.339079,0.976383,-0.022666,-0.128543,-0.172163
15.362869,0.129900,-0.051173,0.338427,0.976383,-0.022666,-0.128543,-0.172163
15.372930,0.130497,-0.051173,0.337770,0.976383,-0.022666,-0.128543,-0.172163
15.382993,0.131071,-0.051173,0.337109,0.976383,-0.022666,-0.128543,-0.172163
15.393057,0.131624,-0.051173,0.336445,0.976383,-0.022666,-0.128543,-0.172163
15.403121,0.132154,-0.051173,0.335779,0.976383,-0.022666,-0.128543,-0.172163
15.413228,0.132663,-0.051173,0.335112,0.976383,-0.022666,-0.128543,-0.172163
15.423290,0.133150,-0.051173,0.334444,0.976383,-0.022666,-0.128543,-0.172163
15.433352,0.133617,-0.051173,0.333775,0.976383,-0.022666,-0.128543,-0.172163
15.443416,0.134063,-0.051173,0.333109,0.976383,-0.022666,-0.128543,-0.172163
15.453477,0.134489,-0.051173,0.332444,0.976383,-0.022666,-0.128543,-0.172163
15.463539,0.134895,-0.051173,0.331781,0.976383,-0.022666,-0.128543,-0.172163
15.473603,0.135282,-0.051173,0.331122,0.976383,-0.022666,-0.128543,-0.172163
15.483664,0.135651,-0.051173,0.330466,0.976383,-0.022666,-0.128543,-0.172163
15.493726,0.136000,-0.051173,0.329815,0.976383,-0.022666,-0.128543,-0.172163
15.503787,0.136333,-0.051173,0.329169,0.976383,-0.022666,-0.128543,-0.172163
15.513849,0.136647,-0.051173,0.328529,0.976383,-0.022666,-0.128543,-0.172163
15.523912,0.136945,-0.051173,0.327896,0.976383,-0.022666,-0.128543,-0.172163
15.533972,0.137227,-0.051173,0.327268,0.976383,-0.022666,-0.128543,-0.172163
15.544027,0.137492,-0.051173,0.326649,0.976383,-0.022666,-0.128543,-0.172163
15.554090,0.137742,-0.051173,0.326038,0.976383,-0.022666,-0.128543,-0.172163
15.564151,0.137978,-0.051173,0.325434,0.976383,-0.022666,-0.128543,-0.172163
15.574213,0.138199,-0.051173,0.324839,0.976383,-0.022666,-0.128543,-0.172163
15.584276,0.138406,-0.051173,0.324254,0.976383,-0.022666,-0.128543,-0.172163
15.594340,0.138599,-0.051173,0.323679,0.976383,-0.022666,-0.128543,-0.172163
15.604402,0.138780,-0.051173,0.323113,0.976383,-0.022666,-0.128543,-0.172163
15.614464,0.138949,-0.051173,0.322558,0.976383,-0.022666,-0.128543,-0.172163
15.624525,0.139106,-0.051173,0.322014,0.976383,-0.022666,-0.128543,-0.172163
15.634587,0.139252,-0.051173,0.321480,0.976383,-0.022666,-0.128543,-0.172163
15.644651,0.139387,-0.051173,0.320958,0.976383,-0.022666,-0.128543,-0.172163
15.654711,0.139512,-0.051173,0.320448,0.976383,-0.022666,-0.128543,-0.172163
15.664771,0.139627,-0.051173,0.319950,0.976383,-0.022666,-0.128543,-0.172163
15.674828,0.139732,-0.051173,0.319464,0.976383,-0.022666,-0.128543,-0.172163
15.684889,0.139829,-0.051173,0.318991,0.976383,-0.022666,-0.128543,-0.172163
15.694951,0.139918,-0.051173,0.318531,0.976383,-0.022666,-0.128543,-0.172163
15.705014,0.140072,-0.051173,0.317648,0.976383,-0.022666,-0.128543,-0.172163
15.715078,0.140139,-0.051173,0.317227,0.976383,-0.022666,-0.128543,-0.172163
15.725139,0.140199,-0.051173,0.316819,0.976383,-0.022666,-0.128543,-0.172163
15.735201,0.140252,-0.051173,0.316425,0.976383,-0.022666,-0.128543,-0.172163
15.745262,0.140301,-0.051173,0.316045,0.976383,-0.022666,-0.128543,-0.172163
15.755325,0.140344,-0.051173,0.315679,0.976383,-0.022666,-0.128543,-0.172163
15.765383,0.140382,-0.051173,0.315326,0.976383,-0.022666,-0.128543,-0.172163
15.775444,0.140415,-0.051173,0.314988,0.976383,-0.022666,-0.128543,-0.172163
15.785504,0.140445,-0.051173,0.314665,0.976383,-0.022666,-0.128543,-0.172163
15.795566,0.140470,-0.051173,0.314355,0.976383,-0.022666,-0.128543,-0.172163
15.805625,0.140493,-0.051173,0.314061,0.976383,-0.022666,-0.128543,-0.172163
15.815686,0.140512,-0.051173,0.313781,0.976383,-0.022666,-0.128543,-0.172163
15.825748,0.140528,-0.051173,0.313515,0.976383,-0.022666,-0.128543,-0.172163
15.835815,0.140542,-0.051173,0.313264,0.976383,-0.022666,-0.128543,-0.172163
15.845876,0.140553,-0.051173,0.313028,0.976383,-0.022666,-0.128543,-0.172163
15.855936,0.140563,-0.051173,0.312808,0.976383,-0.022666,-0.128543,-0.172163
15.865998,0.140571,-0.051173,0.312601,0.976383,-0.022666,-0.128543,-0.172163
15.876061,0.140577,-0.051173,0.312410,0.976383,-0.022666,-0.128543,-0.172163
15.886125,0.140582,-0.051173,0.312234,0.976383,-0.022666,-0.128543,-0.172163
15.896185,0.140586,-0.051173,0.312073,0.976383,-0.022666,-0.128543,-0.172163
15.906246,0.140588,-0.051173,0.311927,0.976383,-0.022666,-0.128543,-0.172163
15.916306,0.140591,-0.051173,0.311797,0.976383,-0.022666,-0.128543,-0.172163
15.926368,0.140592,-0.051173,0.311681,0.976383,-0.022666,-0.128543,-0.172163
15.936428,0.140593,-0.051173,0.311581,0.976383,-0.022666,-0.128543,-0.172163
15.946491,0.140594,-0.051173,0.311497,0.976383,-0.022666,-0.128543,-0.172163
15.956555,0.140594,-0.051173,0.311427,0.976383,-0.022666,-0.128543,-0.172163
15.966615,0.140595,-0.051173,0.311373,0.976383,-0.022666,-0.128543,-0.172163
15.976678,0.140595,-0.051173,0.311334,0.976383,-0.022666,-0.128543,-0.172163
15.986737,0.140595,-0.051173,0.311311,0.976383,-0.022666,-0.128543,-0.172163
15.996800,0.140595,-0.051173,0.311303,0.976383,-0.022666,-0.128543,-0.172163
