t,q1,q2,q3,q4,q5,q6
0.000000,0.010888,-0.004128,0.029489,0.047799,-0.009728,-0.005531
0.010054,0.010888,-0.004128,0.029489,0.047799,-0.009728,-0.005531
0.020107,0.010888,-0.004128,0.029489,0.047799,-0.009728,-0.005531
0.030159,0.010888,-0.004128,0.029489,0.047799,-0.009728,-0.005531
0.040210,0.010888,-0.004128,0.029489,0.047799,-0.009728,-0.005531
0.050261,0.010888,-0.004128,0.029489,0.047799,-0.009728,-0.005531
0.060312,0.010888,-0.004128,0.029489,0.047799,-0.009728,-0.005531
0.070365,0.010888,-0.004128,0.029489,0.047799,-0.009728,-0.005531
0.080416,0.010888,-0.004128,0.029489,0.047799,-0.009728,-0.005531
0.090468,0.010888,-0.004128,0.029489,0.047799,-0.009728,-0.005531
0.100520,0.010888,-0.004128,0.029489,0.047799,-0.009728,-0.005531
0.110573,0.010888,-0.004128,0.029489,0.047799,-0.009728,-0.005531
0.120625,0.010888,-0.004128,0.029489,0.047799,-0.009728,-0.005531
0.130677,0.010888,-0.004128,0.029489,0.047799,-0.009728,-0.005531
0.140730,0.010888,-0.004128,0.029489,0.047799,-0.009728,-0.005531
0.150782,0.010888,-0.004128,0.029489,0.047799,-0.009728,-0.005531
0.160833,0.010888,-0.004128,0.029489,0.047799,-0.009728,-0.005531
0.170885,0.010888,-0.004128,0.029489,0.047799,-0.009728,-0.005531
0.180938,0.010888,-0.004128,0.029489,0.047799,-0.009728,-0.005531
0.190961,0.010888,-0.004128,0.029489,0.047799,-0.009728,-0.005531
0.201015,0.010888,-0.004128,0.029489,0.047799,-0.009728,-0.005531
0.211067,0.010888,-0.004128,0.029489,0.047799,-0.009728,-0.005531
0.221119,0.010888,-0.004128,0.029489,0.047799,-0.009728,-0.005531
0.231172,0.010888,-0.004128,0.029489,0.047799,-0.009728,-0.005531
0.241227,0.010888,-0.004128,0.029489,0.047799,-0.009728,-0.005531
0.251280,0.010888,-0.004128,0.029489,0.047799,-0.009728,-0.005531
0.261332,0.010888,-0.004128,0.029489,0.047799,-0.009728,-0.005531
0.271385,0.010888,-0.004128,0.029489,0.047799,-0.009728,-0.005531
0.281437,0.010888,-0.004131,0.029514,0.047777,-0.009728,-0.005531
0.291489,0.010888,-0.004135,0.029561,0.047734,-0.009728,-0.005531
0.301540,0.010888,-0.004140,0.029612,0.047688,-0.009728,-0.005531
0.311592,0.010888,-0.004146,0.029668,0.047638,-0.009728,-0.005531
0.321643,0.010888,-0.004151,0.029724,0.047587,-0.009728,-0.005531
0.331695,0.010888,-0.004157,0.029784,0.047532,-0.009728,-0.005531
0.341747,0.010888,-0.004163,0.029850,0.047473,-0.009728,-0.005532
0.351798,0.010888,-0.004170,0.029920,0.047410,-0.009728,-0.005532
0.361851,0.010889,-0.004177,0.029994,0.047343,-0.009728,-0.005532
0.371903,0.010889,-0.004184,0.030069,0.047275,-0.009729,-0.005532
0.381954,0.010889,-0.004192,0.030152,0.047199,-0.009729,-0.005532
0.391961,0.010889,-0.004199,0.030237,0.047122,-0.009729,-0.005532
0.401975,0.010890,-0.004208,0.030326,0.047041,-0.009729,-0.005532
0.412027,0.010890,-0.004216,0.030420,0.046956,-0.009730,-0.005532
0.422079,0.010890,-0.004225,0.030519,0.046865,-0.009730,-0.005532
0.432131,0.010891,-0.004235,0.030624,0.046771,-0.009731,-0.005532
0.442184,0.010891,-0.004244,0.030733,0.046671,-0.009731,-0.005532
0.452235,0.010892,-0.004255,0.030847,0.046567,-0.009732,-0.005532
0.462288,0.010893,-0.004265,0.030967,0.046458,-0.009732,-0.005533
0.472340,0.010894,-0.004276,0.031091,0.046345,-0.009733,-0.005533
0.482392,0.010894,-0.004287,0.031221,0.046226,-0.009734,-0.005533
0.492443,0.010895,-0.004298,0.031356,0.046103,-0.009735,-0.005533
0.502495,0.010897,-0.004310,0.031496,0.045974,-0.009736,-0.005534
0.512546,0.010898,-0.004322,0.031641,0.045841,-0.009737,-0.005534
0.522597,0.010899,-0.004335,0.031793,0.045702,-0.009739,-0.005534
0.532649,0.010901,-0.004347,0.031950,0.045558,-0.009740,-0.005535
0.542714,0.010903,-0.004360,0.032112,0.045408,-0.009742,-0.005535
0.552777,0.010904,-0.004374,0.032281,0.045253,-0.009744,-0.005536
0.562838,0.010907,-0.004387,0.032455,0.045091,-0.009746,-0.005536
0.572891,0.010909,-0.004401,0.032636,0.044925,-0.009748,-0.005537
0.582944,0.010911,-0.004415,0.032827,0.044748,-0.009751,-0.005538
0.592961,0.010914,-0.004429,0.033018,0.044570,-0.009753,-0.005538
0.603015,0.010917,-0.004443,0.033217,0.044386,-0.009756,-0.005539
0.613067,0.010921,-0.004458,0.033426,0.044191,-0.009759,-0.005540
0.623122,0.010924,-0.004473,0.033641,0.043991,-0.009763,-0.005541
0.633175,0.010928,-0.004487,0.033858,0.043789,-0.009767,-0.005542
0.643228,0.010932,-0.004502,0.034086,0.043576,-0.009771,-0.005543
0.653280,0.010937,-0.004517,0.034320,0.043356,-0.009775,-0.005544
0.663334,0.010942,-0.004532,0.034561,0.043130,-0.009780,-0.005545
0.673387,0.010947,-0.004547,0.034808,0.042898,-0.009785,-0.005547
0.683440,0.010953,-0.004561,0.035063,0.042658,-0.009791,-0.005548
0.693493,0.010959,-0.004576,0.035324,0.042412,-0.009797,-0.005550
0.703546,0.010966,-0.004591,0.035597,0.042154,-0.009803,-0.005552
0.713601,0.010973,-0.004605,0.035871,0.041894,-0.009810,-0.005554
0.723655,0.010981,-0.004620,0.036157,0.041622,-0.009818,-0.005556
0.733705,0.010990,-0.004634,0.036450,0.041343,-0.009826,-0.005558
0.743766,0.010999,-0.004647,0.036750,0.041058,-0.009835,-0.005560
0.753829,0.011008,-0.004661,0.037056,0.040764,-0.009844,-0.005563
0.763887,0.011018,-0.004674,0.037371,0.040463,-0.009854,-0.005565
0.773946,0.011029,-0.004686,0.037693,0.040153,-0.009864,-0.005568
0.783972,0.011041,-0.004698,0.038022,0.039836,-0.009876,-0.005571
0.794034,0.011054,-0.004710,0.038364,0.039505,-0.009888,-0.005574
0.804091,0.011067,-0.004721,0.038708,0.039172,-0.009900,-0.005578
0.814144,0.011081,-0.004731,0.039065,0.038826,-0.009914,-0.005581
0.824197,0.011096,-0.004741,0.039429,0.038471,-0.009929,-0.005585
0.834250,0.011112,-0.004750,0.039800,0.038109,-0.009944,-0.005589
0.844301,0.011129,-0.004757,0.040180,0.037738,-0.009960,-0.005594
0.854362,0.011146,-0.004764,0.040567,0.037357,-0.009977,-0.005598
0.864421,0.011165,-0.004770,0.040963,0.036968,-0.009996,-0.005603
0.874483,0.011185,-0.004775,0.041367,0.036568,-0.010015,-0.005608
0.884536,0.011207,-0.004779,0.041398,0.036159,-0.010036,-0.005614
0.894588,0.011229,-0.004782,0.041823,0.035737,-0.010057,-0.005620
0.904649,0.011253,-0.004783,0.042251,0.035310,-0.010080,-0.005626
0.914704,0.011278,-0.004783,0.042312,0.034868,-0.010104,-0.005632
0.924756,0.011304,-0.004781,0.042757,0.034421,-0.010130,-0.005639
0.934808,0.011332,-0.004778,0.043216,0.033959,-0.010157,-0.005646
0.944860,0.011361,-0.004773,0.043301,0.033488,-0.010185,-0.005654
0.954927,0.011392,-0.004767,0.043394,0.033006,-0.010215,-0.005662
0.964961,0.011425,-0.004758,0.043496,0.032514,-0.010246,-0.005670
0.975013,0.011494,-0.004735,0.044489,0.031498,-0.010314,-0.005688
0.985065,0.011532,-0.004721,0.045000,0.030974,-0.010350,-0.005698
0.995117,0.011572,-0.004704,0.045137,0.030437,-0.010388,-0.005708
1.005168,0.011613,-0.004685,0.045666,0.029890,-0.010428,-0.005719
1.015220,0.011656,-0.004663,0.045822,0.029331,-0.010470,-0.005730
1.025291,0.011702,-0.004639,0.045987,0.028760,-0.010514,-0.005742
1.035343,0.011750,-0.004612,0.046543,0.028177,-0.010560,-0.005754
1.045395,0.011800,-0.004582,0.046727,0.027582,-0.010608,-0.005767
1.055446,0.011852,-0.004550,0.046920,0.026975,-0.010659,-0.005781
1.065495,0.011907,-0.004514,0.047123,0.026355,-0.010712,-0.005795
1.075545,0.011964,-0.004475,0.047334,0.025723,-0.010767,-0.005810
1.085597,0.012023,-0.004433,0.047555,0.025079,-0.010825,-0.005825
1.095649,0.012086,-0.004387,0.047404,0.024421,-0.010885,-0.005841
1.105701,0.012151,-0.004338,0.047643,0.023751,-0.010948,-0.005858
1.115752,0.012219,-0.003904,0.047892,0.023068,-0.011013,-0.005876
1.125804,0.012290,-0.003847,0.047769,0.022372,-0.011082,-0.005894
1.135856,0.012363,-0.003786,0.047273,0.021662,-0.011153,-0.005913
1.145906,0.012440,-0.003722,0.047169,0.020939,-0.011227,-0.005933
1.155962,0.012521,-0.003652,0.046692,0.020202,-0.011305,-0.005954
1.166014,0.012604,-0.003579,0.046606,0.019452,-0.011385,-0.005976
1.176066,0.012691,-0.003501,0.046147,0.018688,-0.011469,-0.005998
1.186119,0.012781,-0.003418,0.046080,0.017910,-0.011557,-0.006022
1.196171,0.012875,-0.003330,0.045259,0.017117,-0.011648,-0.006046
1.206226,0.012973,-0.003619,0.045591,0.016311,-0.011742,-0.006071
1.216289,0.013075,-0.003521,0.044788,0.015490,-0.011840,-0.006097
1.226352,0.013180,-0.003418,0.044758,0.014654,-0.011942,-0.006125
1.236406,0.013289,-0.003310,0.044732,0.013809,-0.012047,-0.006153
1.246460,0.013403,-0.003195,0.044723,0.012941,-0.012158,-0.006182
1.256512,0.013521,-0.003075,0.045098,0.012064,-0.012271,-0.006213
1.266564,0.013643,-0.002568,0.044340,0.011171,-0.012389,-0.006245
1.276617,0.013770,-0.002435,0.044354,0.010261,-0.012512,-0.006277
1.286668,0.013902,-0.002297,0.043615,0.009336,-0.012639,-0.006311
1.296721,0.013657,-0.002151,0.043647,0.008395,-0.012771,-0.006347
1.306776,0.013798,-0.001999,0.043688,0.007439,-0.012907,-0.006383
1.316828,0.013944,-0.001841,0.043739,0.006467,-0.013049,-0.006421
1.326880,0.014096,-0.001675,0.043416,0.005480,-0.013195,-0.006460
1.336944,0.013870,-0.001884,0.043861,0.004481,-0.013346,-0.006501
1.346975,0.014033,-0.001703,0.043940,0.003458,-0.013503,-0.006543
1.357031,0.014200,-0.001516,0.043640,0.002427,-0.013664,-0.006586
1.367084,0.014374,-0.001320,0.043733,0.001376,-0.013832,-0.006631
1.377137,0.014172,-0.001117,0.043834,0.000308,-0.014005,-0.006678
1.387189,0.013976,-0.000905,0.043944,-0.000776,-0.014184,-0.006726
1.397241,0.013786,-0.000685,0.044061,-0.001877,-0.014369,-0.006775
1.407296,0.013220,-0.000457,0.043802,-0.002990,-0.014559,-0.006826
1.417349,0.013042,-0.000220,0.043935,-0.004122,-0.014375,-0.006879
1.427404,0.012490,0.000026,0.043314,-0.004891,-0.014579,-0.006933
1.437465,0.011945,0.000282,0.043464,-0.006059,-0.014789,-0.006990
1.447522,0.011025,0.000546,0.043240,-0.007244,-0.015006,-0.007048
1.457582,0.010493,0.000819,0.043401,-0.008441,-0.015229,-0.007108
1.467640,0.010350,0.001102,0.043191,-0.009658,-0.015459,-0.007169
1.477693,0.010596,0.001396,0.043753,-0.010894,-0.015697,-0.007233
1.487751,0.010468,0.001699,0.044321,-0.012147,-0.015942,-0.007299
1.497812,0.010730,0.001632,0.044515,-0.013417,-0.016195,-0.007366
1.507866,0.010998,0.001573,0.044713,-0.014700,-0.016454,-0.007436
1.517926,0.011276,0.001526,0.044920,-0.016004,-0.016722,-0.007508
1.527965,0.011561,0.001872,0.045516,-0.016564,-0.016998,-0.007582
1.538025,0.011855,0.002228,0.045737,-0.016760,-0.017282,-0.007658
1.548086,0.012157,0.002213,0.045962,-0.017350,-0.017573,-0.007736
1.558148,0.012468,0.002592,0.045432,-0.017580,-0.017874,-0.007816
1.568211,0.012789,0.002983,0.046053,-0.018591,-0.018183,-0.007899
1.578276,0.013118,0.003385,0.045155,-0.019239,-0.018502,-0.007985
1.588328,0.013456,0.003798,0.045403,-0.019899,-0.018828,-0.008072
1.598391,0.013805,0.004224,0.045278,-0.019818,-0.019165,-0.008162
1.608451,0.014163,0.004663,0.045159,-0.019756,-0.019511,-0.008255
1.618511,0.014530,0.005113,0.045043,-0.019707,-0.019865,-0.008350
1.628572,0.014908,0.005577,0.045315,-0.020060,-0.020230,-0.008448
1.638631,0.015296,0.006054,0.044830,-0.020433,-0.020605,-0.008548
1.648690,0.015694,0.006161,0.045491,-0.020818,-0.020990,-0.008651
1.658750,0.016103,0.006664,0.045396,-0.020462,-0.021385,-0.008757
1.668810,0.016524,0.007181,0.045687,-0.020887,-0.021792,-0.008866
1.678871,0.016575,0.007331,0.045601,-0.021331,-0.022209,-0.008978
1.688931,0.017016,0.007873,0.045898,-0.021787,-0.022635,-0.009092
1.698990,0.017471,0.008432,0.045819,-0.021502,-0.023074,-0.009210
1.709051,0.017937,0.009004,0.045744,-0.021616,-0.023525,-0.009331
1.719112,0.018414,0.009208,0.045669,-0.021743,-0.023986,-0.009454
1.729172,0.018905,0.009809,0.045981,-0.022274,-0.024459,-0.009581
1.739232,0.019406,0.010424,0.045912,-0.022435,-0.024944,-0.009711
1.749292,0.019921,0.011055,0.045848,-0.023000,-0.025441,-0.009845
1.759351,0.020450,0.011701,0.046168,-0.023583,-0.025952,-0.009981
1.769412,0.020609,0.012361,0.045725,-0.023797,-0.026092,-0.010121
1.779473,0.020782,0.013038,0.046430,-0.024795,-0.026628,-0.010265
1.789535,0.021350,0.013730,0.046374,-0.025048,-0.027177,-0.010412
1.799596,0.021549,0.014437,0.046699,-0.025694,-0.027738,-0.010562
1.809656,0.021764,0.014779,0.046645,-0.025599,-0.028313,-0.010717
1.819716,0.022373,0.015517,0.046589,-0.026278,-0.028520,-0.010874
1.829774,0.022234,0.015892,0.046155,-0.025834,-0.027979,-0.011036
1.839836,0.022493,0.016664,0.046485,-0.025789,-0.026690,-0.011202
1.849896,0.022001,0.017070,0.046431,-0.024992,-0.024269,-0.011371
1.859957,0.021908,0.017494,0.046760,-0.025360,-0.022626,-0.011544
1.870017,0.021447,0.017552,0.046704,-0.024976,-0.019091,-0.011721
1.880076,0.021385,0.017628,0.047032,-0.025376,-0.016716,-0.011903
1.890139,0.020956,0.017338,0.046974,-0.025405,-0.013210,-0.012088
1.900198,0.020544,0.017449,0.047681,-0.025455,-0.011248,-0.012278
1.910260,0.019003,0.017575,0.047620,-0.024752,-0.007011,-0.012471
1.920320,0.019006,0.017720,0.047941,-0.024832,-0.005081,-0.012670
1.930379,0.018646,0.017883,0.047879,-0.024546,-0.003167,-0.012873
1.940440,0.019063,0.018443,0.048193,-0.024651,-0.003557,-0.013080
1.950500,0.019500,0.018642,0.047743,-0.024012,-0.004729,-0.013292
1.960559,0.019952,0.018474,0.048051,-0.024146,-0.005535,-0.013508
1.970622,0.020806,0.017945,0.047976,-0.023536,-0.006359,-0.013347
1.980683,0.021295,0.018196,0.048276,-0.024079,-0.007200,-0.013573
1.990744,0.022186,0.018466,0.048574,-0.024259,-0.007679,-0.013804
2.000803,0.023093,0.018371,0.048484,-0.024067,-0.008556,-0.014039
2.010862,0.023641,0.018297,0.049155,-0.024654,-0.009453,-0.014279
2.020924,0.024587,0.017857,0.048673,-0.024106,-0.010367,-0.014525
2.030986,0.025171,0.017817,0.049330,-0.024714,-0.011299,-0.014775
2.041045,0.025014,0.017799,0.049221,-0.024577,-0.012253,-0.015031
2.051105,0.025257,0.017796,0.049866,-0.025210,-0.013225,-0.015291
2.061165,0.025141,0.017433,0.049744,-0.024715,-0.014218,-0.015558
2.071226,0.025044,0.017087,0.049613,-0.024608,-0.014848,-0.015830
2.081285,0.024207,0.017143,0.049095,-0.024136,-0.015119,-0.016107
2.091345,0.023390,0.017598,0.048949,-0.023670,-0.015027,-0.016390
2.101406,0.022596,0.018073,0.048798,-0.023218,-0.014196,-0.016678
2.111465,0.022584,0.018565,0.048636,-0.023536,-0.015290,-0.016972
2.121526,0.022216,0.018316,0.048085,-0.023486,-0.016790,-0.017272
2.131588,0.022250,0.018083,0.048669,-0.024204,-0.017927,-0.017578
2.141648,0.021924,0.018251,0.048098,-0.024930,-0.019087,-0.017889
2.151710,0.022006,0.018821,0.048664,-0.025670,-0.020271,-0.018207
2.161770,0.021727,0.019027,0.048456,-0.025652,-0.021094,-0.018531
2.171830,0.021474,0.019255,0.048239,-0.026790,-0.021179,-0.018861
2.181891,0.020861,0.018354,0.048009,-0.026787,-0.019377,-0.019197
2.191951,0.021035,0.018998,0.048149,-0.027553,-0.018362,-0.019539
2.202010,0.021236,0.019283,0.047136,-0.027187,-0.019280,-0.019889
2.212070,0.021841,0.019966,0.047253,-0.027586,-0.021364,-0.020244
2.222130,0.022093,0.019907,0.046979,-0.027232,-0.022712,-0.020606
2.232190,0.022748,0.020246,0.047072,-0.027643,-0.023701,-0.020975
2.242282,0.023047,0.019841,0.046770,-0.027676,-0.025095,-0.021350
2.252344,0.023757,0.020602,0.046838,-0.028101,-0.026136,-0.021732
2.262403,0.024872,0.020998,0.046510,-0.028144,-0.027200,-0.022121
2.272465,0.024868,0.020649,0.046168,-0.027809,-0.027907,-0.022516
2.282527,0.024895,0.020704,0.046194,-0.027864,-0.027498,-0.022920
2.292587,0.024182,0.020393,0.045823,-0.027536,-0.025206,-0.023330
2.302649,0.024641,0.020863,0.045818,-0.027973,-0.025229,-0.023747
2.312711,0.024749,0.020974,0.045418,-0.026891,-0.026044,-0.024172
2.322770,0.024883,0.021100,0.045001,-0.027332,-0.028028,-0.024603
2.332830,0.025044,0.021626,0.044568,-0.026248,-0.028513,-0.025042
2.342890,0.025618,0.022173,0.044501,-0.026695,-0.029028,-0.025490
2.352950,0.025455,0.021973,0.044035,-0.025994,-0.028042,-0.025944
2.363011,0.025321,0.021790,0.043933,-0.026436,-0.027466,-0.026406
2.373071,0.024837,0.021628,0.043434,-0.026881,-0.024250,-0.026876
2.383133,0.025525,0.022244,0.043678,-0.027322,-0.022586,-0.027353
2.393194,0.025860,0.021352,0.043142,-0.026997,-0.020950,-0.027838
2.403254,0.026225,0.021621,0.042968,-0.027432,-0.022012,-0.028331
2.413317,0.026623,0.021530,0.042396,-0.027107,-0.022345,-0.028833
2.423378,0.027812,0.021835,0.042567,-0.027536,-0.023085,-0.029342
2.433440,0.027505,0.021011,0.041955,-0.027199,-0.022710,-0.029860
2.443502,0.027233,0.021735,0.041706,-0.027243,-0.022750,-0.030386
2.453561,0.027370,0.022090,0.041055,-0.026515,-0.020909,-0.030920
2.463621,0.028300,0.022461,0.040383,-0.026925,-0.020624,-0.031462
2.473715,0.028117,0.022467,0.039691,-0.026184,-0.020368,-0.032012
2.483777,0.029114,0.022875,0.039360,-0.026968,-0.022055,-0.032572
2.493839,0.030140,0.023677,0.039389,-0.028122,-0.024150,-0.033140
2.503898,0.029670,0.022969,0.039396,-0.027741,-0.025894,-0.033716
2.513958,0.029614,0.023420,0.039381,-0.028497,-0.026905,-0.034301
2.524019,0.029972,0.023505,0.038582,-0.028481,-0.026040,-0.034894
2.534079,0.030748,0.024372,0.038906,-0.028842,-0.025592,-0.035497
2.544142,0.030027,0.023725,0.038824,-0.028426,-0.026698,-0.036108
2.554202,0.030863,0.024237,0.038721,-0.029143,-0.028979,-0.036728
2.564262,0.031351,0.023618,0.038594,-0.028323,-0.031291,-0.037357
2.574323,0.031108,0.023777,0.038443,-0.029017,-0.033634,-0.037994
2.584382,0.031284,0.023572,0.038270,-0.028178,-0.035251,-0.038642
2.594444,0.032252,0.024522,0.038454,-0.028086,-0.036896,-0.039298
2.604503,0.031726,0.023959,0.038232,-0.027598,-0.037427,-0.039962
2.614563,0.032377,0.024553,0.037987,-0.027859,-0.038371,-0.040636
2.624625,0.031917,0.024398,0.037717,-0.026961,-0.037439,-0.041318
2.634686,0.032252,0.024254,0.037804,-0.027574,-0.038065,-0.042010
2.644745,0.032244,0.024509,0.037866,-0.027032,-0.038345,-0.042713
2.654805,0.033027,0.025154,0.037903,-0.027233,-0.038654,-0.043423
2.664865,0.032317,0.024284,0.037533,-0.026654,-0.036322,-0.044142
2.674924,0.032401,0.025333,0.037519,-0.026439,-0.034022,-0.044871
2.684984,0.032518,0.025249,0.037099,-0.025443,-0.029846,-0.045608
2.695044,0.036282,0.027782,0.036943,-0.027593,-0.033030,-0.047111
2.705104,0.036120,0.027734,0.036445,-0.026927,-0.034293,-0.047877
2.715164,0.036366,0.028454,0.036303,-0.027000,-0.035581,-0.048651
2.725225,0.036261,0.027658,0.035752,-0.025908,-0.031559,-0.049435
2.735281,0.037332,0.028396,0.035176,-0.025558,-0.029092,-0.050227
2.745336,0.036526,0.028381,0.034191,-0.024424,-0.027418,-0.051028
2.755389,0.037278,0.028374,0.033561,-0.024031,-0.028444,-0.051838
2.765441,0.037296,0.029137,0.032905,-0.023615,-0.029880,-0.052658
2.775494,0.037344,0.028765,0.032222,-0.022795,-0.029057,-0.053486
2.785548,0.038185,0.028781,0.030750,-0.022334,-0.029406,-0.054323
2.795601,0.037530,0.028804,0.030014,-0.021467,-0.029402,-0.055168
2.805665,0.037666,0.029215,0.029250,-0.021720,-0.030570,-0.048393
2.815725,0.037836,0.028493,0.028460,-0.020807,-0.029100,-0.049257
2.825784,0.038786,0.028913,0.027643,-0.021389,-0.029935,-0.050127
2.835844,0.037866,0.028201,0.027180,-0.021569,-0.031188,-0.051009
2.845903,0.037731,0.028255,0.026691,-0.022102,-0.033988,-0.051897
2.855965,0.038003,0.027168,0.025793,-0.021465,-0.034523,-0.052793
2.866025,0.039063,0.027612,0.025250,-0.021944,-0.035846,-0.053697
2.876085,0.038622,0.027296,0.024681,-0.022396,-0.037192,-0.054609
2.886145,0.038587,0.026984,0.024084,-0.023202,-0.038943,-0.055529
2.896207,0.038956,0.026676,0.023461,-0.022836,-0.038808,-0.056457
2.906267,0.039729,0.026752,0.022811,-0.022822,-0.040603,-0.057392
2.916328,0.038998,0.026067,0.022135,-0.022017,-0.041655,-0.058334
2.926388,0.039433,0.026529,0.021432,-0.022328,-0.042727,-0.059284
2.936447,0.039506,0.025466,0.020703,-0.021464,-0.040767,-0.060240
2.946509,0.040361,0.026313,0.019947,-0.021334,-0.040732,-0.061203
2.956570,0.039326,0.025252,0.019166,-0.021174,-0.039952,-0.062173
2.966630,0.039835,0.025718,0.018358,-0.020984,-0.040332,-0.018898
2.976711,0.039979,0.025422,0.017525,-0.020000,-0.038439,-0.019880
2.986771,0.040901,0.025888,0.016666,-0.019749,-0.038467,-0.020868
2.996830,0.041836,0.026734,0.015782,-0.019848,-0.038891,-0.021861
3.006891,0.040871,0.026049,0.014874,-0.018769,-0.035886,-0.012177
3.016950,0.042219,0.026515,0.013937,-0.018426,-0.035194,-0.013182
3.027010,0.041658,0.026590,0.012980,-0.017667,-0.034882,-0.014190
3.037070,0.041875,0.026667,0.011996,-0.017641,-0.036110,-0.015203
3.047129,0.042101,0.026359,0.011369,-0.017201,-0.034295,-0.016220
3.057190,0.043097,0.026811,0.010336,-0.016730,-0.034012,-0.017242
3.067249,0.042192,0.026116,0.009280,-0.015846,-0.033352,-0.018267
3.077309,0.042435,0.026942,0.008200,-0.015693,-0.034604,-0.019295
3.087369,0.042300,0.026619,0.007097,-0.015889,-0.033570,-0.014986
3.097429,0.043311,0.027055,0.005971,-0.015672,-0.034827,-0.016019
3.107489,0.042033,0.026723,0.004822,-0.015042,-0.035701,-0.012096
3.117549,0.043044,0.027148,0.003651,-0.014380,-0.037338,-0.013135
3.127609,0.042518,0.026419,0.002460,-0.013684,-0.037439,-0.014172
3.137672,0.043521,0.027212,0.001245,-0.014102,-0.039067,-0.015212
3.147736,0.042231,0.026474,0.000009,-0.013726,-0.039165,-0.016254
3.157798,0.043222,0.026874,-0.001247,-0.013319,-0.040019,-0.017296
3.167857,0.042679,0.026121,-0.002143,-0.012499,-0.040484,-0.018337
3.177916,0.042508,0.026505,-0.003441,-0.012410,-0.042083,-0.013656
3.187975,0.042326,0.026119,-0.004758,-0.011909,-0.042526,-0.014697
3.198034,0.043268,0.025719,-0.005710,-0.012520,-0.043712,-0.015734
3.208094,0.041531,0.025695,-0.006684,-0.013102,-0.044127,-0.016771
3.218153,0.042449,0.026426,-0.008057,-0.013654,-0.044528,-0.017806
3.228265,0.042206,0.025621,-0.009068,-0.014175,-0.042241,-0.011590
3.238326,0.042706,0.025951,-0.010477,-0.014667,-0.042605,-0.012619
3.248385,0.042416,0.027030,-0.011900,-0.015128,-0.042943,-0.013643
3.258444,0.041728,0.025812,-0.013343,-0.015180,-0.040976,-0.014664
3.268503,0.042543,0.026491,-0.014801,-0.015203,-0.041275,-0.015682
3.278557,0.041044,0.026015,-0.016276,-0.015579,-0.040406,-0.016694
3.288617,0.041808,0.026290,-0.017765,-0.015926,-0.039892,-0.017701
3.298676,0.041392,0.025786,-0.019266,-0.016246,-0.037437,-0.018700
3.308735,0.041715,0.026036,-0.020403,-0.016539,-0.037247,-0.019695
3.318794,0.040482,0.025511,-0.021934,-0.016805,-0.035502,-0.020682
3.328853,0.041124,0.026118,-0.023097,-0.017045,-0.035633,-0.021663
3.338912,0.040580,0.024800,-0.024652,-0.017259,-0.034962,-0.022634
3.348972,0.040389,0.025379,-0.025839,-0.017448,-0.035787,-0.023598
3.359033,0.039780,0.024419,-0.027038,-0.017612,-0.033908,-0.020358
3.369093,0.040277,0.024590,-0.028248,-0.017751,-0.033517,-0.021305
3.379152,0.039202,0.024360,-0.029465,-0.017866,-0.032319,-0.022241
3.389212,0.039237,0.023738,-0.030694,-0.017959,-0.032613,-0.023168
3.399271,0.038849,0.023101,-0.031170,-0.018028,-0.031341,-0.024085
3.409330,0.039174,0.023590,-0.032033,-0.018075,-0.031928,-0.024989
3.419396,0.037935,0.022159,-0.032144,-0.018101,-0.033241,-0.025883
3.429457,0.038177,0.022620,-0.033026,-0.018106,-0.034892,-0.026766
3.439516,0.037984,0.021154,-0.033148,-0.018090,-0.034203,-0.027635
3.449575,0.038131,0.021201,-0.033661,-0.018054,-0.034618,-0.028493
3.459637,0.036704,0.020850,-0.033418,-0.017998,-0.034987,-0.029339
3.469698,0.036747,0.020479,-0.033558,-0.017924,-0.035302,-0.030169
3.479758,0.037508,0.020857,-0.034087,-0.017832,-0.034810,-0.030987
3.489817,0.036310,0.020074,-0.033476,-0.017721,-0.033506,-0.017677
3.499878,0.036199,0.020032,-0.034009,-0.017594,-0.033291,-0.017702
3.509938,0.034896,0.019595,-0.033023,-0.017451,-0.031885,-0.018477
3.519998,0.035446,0.019904,-0.033184,-0.017291,-0.031191,-0.019238
3.530057,0.034030,0.019046,-0.032580,-0.017116,-0.030058,-0.019981
3.540117,0.034471,0.019317,-0.032744,-0.016927,-0.030021,-0.020710
3.550177,0.032944,0.019186,-0.032524,-0.016723,-0.027637,-0.021422
3.560236,0.033273,0.019420,-0.032307,-0.016505,-0.025585,-0.022120
3.570296,0.032397,0.019251,-0.032087,-0.016275,-0.024238,-0.022799
3.580355,0.032231,0.019829,-0.032250,-0.016032,-0.025128,-0.023464
3.590421,0.031627,0.019245,-0.031269,-0.015777,-0.025201,-0.024112
3.600487,0.031342,0.019018,-0.031426,-0.015510,-0.025215,-0.024741
3.610550,0.030622,0.018776,-0.031202,-0.015233,-0.025177,-0.025355
3.620610,0.030603,0.019655,-0.031736,-0.014564,-0.025461,-0.025950
3.630672,0.030149,0.019373,-0.031125,-0.013503,-0.025693,-0.015085
3.640730,0.030014,0.019068,-0.030888,-0.012815,-0.027010,-0.015646
3.650789,0.029061,0.019128,-0.031031,-0.012117,-0.028274,-0.016190
3.660849,0.029192,0.019546,-0.031166,-0.011792,-0.027954,-0.016715
3.670909,0.028124,0.018803,-0.030155,-0.011078,-0.026055,-0.017224
3.680967,0.027757,0.018799,-0.030280,-0.010738,-0.026387,-0.017715
3.691027,0.026573,0.018778,-0.029638,-0.009246,-0.024377,-0.018188
3.701089,0.026855,0.019115,-0.029749,-0.008511,-0.023073,-0.018643
3.711156,0.025935,0.018668,-0.029090,-0.008152,-0.022095,-0.019080
3.721216,0.025343,0.018585,-0.028808,-0.007404,-0.021447,-0.019501
3.731275,0.025836,0.018861,-0.028897,-0.007033,-0.021124,-0.019903
3.741334,0.025132,0.018737,-0.028218,-0.006656,-0.020369,-0.020289
3.751396,0.024751,0.018971,-0.028671,-0.006657,-0.020703,-0.020657
3.761456,0.023936,0.017661,-0.027592,-0.005889,-0.020223,-0.021008
3.771520,0.023828,0.018235,-0.027264,-0.005881,-0.020453,-0.021341
3.781583,0.023666,0.018024,-0.026925,-0.005488,-0.020630,-0.021657
3.791642,0.023072,0.018559,-0.026579,-0.005091,-0.021141,-0.021958
3.801702,0.022042,0.017544,-0.026220,-0.004691,-0.021599,-0.022241
3.811763,0.021724,0.017653,-0.026612,-0.004289,-0.022008,-0.022507
3.821823,0.020975,0.017362,-0.025852,-0.003883,-0.022752,-0.022758
3.831884,0.020556,0.017811,-0.025841,-0.003095,-0.023447,-0.022993
3.841943,0.019706,0.017476,-0.025053,-0.003067,-0.024094,-0.023211
3.852004,0.019955,0.017122,-0.025402,-0.002656,-0.024697,-0.023415
3.862064,0.019391,0.017127,-0.024591,-0.002243,-0.025253,-0.023603
3.872124,0.019163,0.017111,-0.024529,-0.001830,-0.025765,-0.023777
3.882184,0.018507,0.016693,-0.024454,-0.001415,-0.025851,-0.023935
3.892244,0.018572,0.016257,-0.024751,-0.000999,-0.025134,-0.024080
3.902303,0.017447,0.016180,-0.024268,-0.000583,-0.022466,-0.024210
3.912362,0.016661,0.016463,-0.024152,-0.000167,-0.020521,-0.024326
3.922425,0.015834,0.016344,-0.024022,0.000250,-0.019298,-0.013748
3.932484,0.015730,0.016205,-0.024259,0.000666,-0.018419,-0.013838
3.942545,0.015206,0.015667,-0.023341,0.001084,-0.016359,-0.013916
3.952605,0.014643,0.015107,-0.023549,0.001500,-0.015406,-0.013981
3.962664,0.014424,0.014908,-0.023360,0.001916,-0.014035,-0.014033
3.972725,0.014551,0.015071,-0.023538,0.002331,-0.013394,-0.014075
3.982786,0.014643,0.015214,-0.023700,0.002745,-0.013482,-0.014105
3.992846,0.014320,0.014956,-0.023464,0.003158,-0.013538,-0.014124
4.002906,0.013964,0.015059,-0.023976,0.003569,-0.013562,-0.014132
4.012965,0.013958,0.014388,-0.023719,0.003983,-0.013557,-0.014130
4.023025,0.013540,0.014469,-0.023460,0.004400,-0.013903,-0.014118
4.033086,0.013090,0.013779,-0.022819,0.004821,-0.013838,-0.014096
4.043145,0.012991,0.013842,-0.023321,0.005246,-0.013743,-0.014064
4.053205,0.012478,0.013133,-0.023060,0.005674,-0.013618,-0.014021
4.063265,0.012317,0.012415,-0.023180,0.006107,-0.013463,-0.013968
4.073324,0.011742,0.012450,-0.022154,0.006543,-0.013278,-0.013906
4.083386,0.011518,0.012476,-0.022272,0.006984,-0.013063,-0.013833
4.093446,0.011263,0.012493,-0.022389,0.007428,-0.012819,-0.013750
4.103507,0.010977,0.012881,-0.022886,0.007877,-0.012545,-0.013657
4.113569,0.010660,0.012878,-0.022238,0.008330,-0.012242,-0.013554
4.123633,0.010312,0.013246,-0.022351,0.008787,-0.011909,-0.013441
4.133697,0.009933,0.012842,-0.022082,0.009248,-0.011546,-0.013318
4.143756,0.009523,0.012809,-0.022574,0.009714,-0.011154,-0.013186
4.153816,0.009083,0.012385,-0.022684,0.010184,-0.010733,-0.013043
4.163875,0.008613,0.012331,-0.022792,0.010659,-0.010283,-0.012891
4.173936,0.008112,0.012267,-0.022136,0.011138,-0.009804,-0.012729
4.183996,0.007581,0.012575,-0.022241,0.011622,-0.009295,-0.012557
4.194164,0.007020,0.012490,-0.022345,0.012111,-0.008758,-0.012375
4.204226,0.006429,0.012394,-0.022829,0.012605,-0.008192,-0.012184
4.214286,0.005807,0.012288,-0.022929,0.013104,-0.007597,-0.011983
4.224348,0.005157,0.011407,-0.022646,0.013608,-0.006974,-0.011773
4.234409,0.004476,0.011660,-0.022361,0.014117,-0.006323,-0.011553
4.244468,0.003766,0.011520,-0.022456,0.014631,-0.005643,-0.011324
4.254528,0.003408,0.011369,-0.022931,0.015151,-0.004936,-0.011086
4.264588,0.002640,0.011207,-0.022640,0.015676,-0.004200,-0.010839
4.274650,0.001843,0.011415,-0.023111,0.016207,-0.003437,-0.010582
4.284712,0.001017,0.011611,-0.022816,0.016743,-0.002646,-0.010317
4.294772,0.000162,0.011795,-0.023282,0.017286,-0.001828,-0.010042
4.304832,-0.000721,0.011586,-0.023365,0.017834,-0.000982,-0.009759
4.314891,-0.001632,0.011364,-0.023445,0.018388,-0.000110,-0.009466
4.324951,-0.002189,0.010750,-0.023141,0.018949,0.000790,-0.009165
4.335012,-0.004150,0.011391,-0.024434,0.020089,0.002668,-0.008538
4.345073,-0.005172,0.011121,-0.024123,0.020669,0.003646,-0.008211
4.355137,-0.005839,0.010838,-0.024192,0.021256,0.004651,-0.007876
4.365199,-0.006533,0.010542,-0.023494,0.021849,0.005299,-0.007533
4.375260,-0.007254,0.010615,-0.023557,0.022450,0.006355,-0.007182
4.385320,-0.008383,0.010294,-0.023236,0.023057,0.007436,-0.006822
4.395384,-0.009156,0.009960,-0.023294,0.023672,0.008543,0.001556
4.405444,-0.009574,0.009612,-0.022967,0.024295,0.009674,0.001931
4.415504,-0.010399,0.009251,-0.022637,0.024543,0.010829,0.002314
4.425611,-0.010486,0.008877,-0.021924,0.025180,0.012009,0.002704
4.435671,-0.010980,0.008490,-0.022351,0.025826,0.013213,0.003102
4.445733,-0.011880,0.008851,-0.022776,0.026479,0.014441,0.003507
4.455795,-0.012423,0.008817,-0.022435,0.027140,0.015693,0.003920
4.465857,-0.013753,0.009151,-0.022472,0.027810,0.016586,0.004340
4.475919,-0.014726,0.009471,-0.022124,0.028488,0.017503,0.004004
4.485972,-0.016104,0.009777,-0.022537,0.029175,0.018442,0.004437
4.496027,-0.017124,0.010068,-0.022564,0.029870,0.019785,0.004878
4.506089,-0.018167,0.009964,-0.022970,0.030574,0.021150,0.005325
4.516150,-0.019233,0.010227,-0.022228,0.031288,0.022538,0.005779
4.526189,-0.020321,0.010475,-0.022246,0.032010,0.023947,0.006239
4.536250,-0.020668,0.010708,-0.021879,0.032742,0.025377,0.006706
4.546310,-0.021801,0.010926,-0.022271,0.033483,0.026447,0.007179
4.556378,-0.022192,0.010748,-0.021897,0.034233,0.027919,0.007658
4.566436,-0.022604,0.010555,-0.021900,0.034994,0.029030,0.008143
4.576491,-0.023037,0.010728,-0.021137,0.035764,0.029398,0.008634
4.586545,-0.023490,0.010886,-0.021134,0.036544,0.029786,0.009130
4.596608,-0.023201,0.011028,-0.020745,0.037334,0.030194,0.009632
4.606671,-0.024077,0.010774,-0.020734,0.038135,0.031765,0.010140
4.616732,-0.024209,0.010503,-0.020338,0.038946,0.032973,0.010653
4.626793,-0.024741,0.010217,-0.020319,0.039768,0.034582,0.011171
4.636855,-0.025293,0.009533,-0.019915,0.040600,0.034683,0.011694
4.646915,-0.025863,0.009215,-0.019888,0.041443,0.034039,0.012222
4.657050,-0.026070,0.008118,-0.019476,0.042298,0.032650,0.012756
4.667113,-0.026295,0.008149,-0.019442,0.043163,0.032804,0.013293
4.677174,-0.026919,0.007782,-0.019784,0.044040,0.032974,0.013836
4.687235,-0.026797,0.007399,-0.019360,0.044928,0.031254,0.014383
4.697297,-0.027455,0.006999,-0.019694,0.045827,0.030314,0.014934
4.707358,-0.027367,0.006201,-0.019261,0.046739,0.027100,0.015490
4.717419,-0.028057,0.006149,-0.019206,0.047280,0.026954,0.016049
4.727481,-0.028001,0.005698,-0.018764,0.047833,0.026823,0.016613
4.737542,-0.028723,0.005231,-0.019462,0.048017,0.027470,0.017180
4.747603,-0.028697,0.005128,-0.019012,0.048595,0.028132,0.017751
4.757665,-0.029068,0.005008,-0.019319,0.049566,0.028808,0.018326
4.767726,-0.029071,0.005251,-0.019241,0.050550,0.028735,0.018905
4.777787,-0.029470,0.005096,-0.019540,0.051164,0.029057,0.019486
4.787849,-0.029120,0.004542,-0.019452,0.051792,0.029774,0.020071
4.797911,-0.029927,0.004352,-0.019741,0.052432,0.031648,0.020659
4.807973,-0.029603,0.004144,-0.019262,0.051558,0.033916,0.021250
4.818035,-0.030055,0.003918,-0.019542,0.051080,0.035053,0.021844
4.828096,-0.029756,0.004056,-0.018672,0.050232,0.036964,0.022441
4.838158,-0.029850,0.003795,-0.018178,0.050161,0.038886,0.023041
4.848220,-0.029574,0.003133,-0.018061,0.048577,0.040439,0.023643
4.858281,-0.030073,0.002835,-0.017939,0.048150,0.042383,0.024247
4.868343,-0.029820,0.002519,-0.017811,0.047737,0.044339,0.024854
4.878405,-0.030340,0.002566,-0.018060,0.048101,0.045923,0.025463
4.888467,-0.030107,0.002213,-0.017922,0.047715,0.045991,0.025311
4.898530,-0.030266,0.001842,-0.018160,0.047724,0.045688,0.025924
4.908592,-0.029671,0.001452,-0.018011,0.046983,0.041578,0.016621
4.918653,-0.029849,0.001043,-0.017857,0.047401,0.039385,0.017238
4.928715,-0.029272,0.000615,-0.018078,0.047451,0.036438,0.017856
4.938777,-0.029848,0.000169,-0.018294,0.047896,0.035407,0.018476
4.948839,-0.030814,-0.000296,-0.018504,0.047974,0.034001,0.019097
4.958901,-0.030261,-0.000780,-0.018328,0.047302,0.030697,0.019720
4.968965,-0.030861,-0.001283,-0.018526,0.047026,0.029306,0.020344
4.979027,-0.030704,-0.001806,-0.017956,0.046764,0.024871,0.020970
4.989090,-0.031699,-0.002347,-0.018143,0.046898,0.025020,0.021596
4.999151,-0.031175,-0.002907,-0.018324,0.047046,0.025939,0.022223
5.009213,-0.032182,-0.003487,-0.018499,0.047589,0.027245,0.022851
5.019275,-0.032051,-0.003705,-0.018667,0.048146,0.027031,0.023480
5.029337,-0.032307,-0.004323,-0.019211,0.049099,0.027585,0.024110
5.039399,-0.031805,-0.004961,-0.018986,0.050066,0.026619,0.024740
5.049461,-0.032452,-0.005618,-0.019517,0.051429,0.027183,0.025370
5.059523,-0.032341,-0.005913,-0.020042,0.052805,0.028514,0.026001
5.069586,-0.032616,-0.006610,-0.020179,0.054196,0.029468,0.026633
5.079648,-0.032131,-0.007325,-0.020309,0.055602,0.029664,0.027264
5.089712,-0.032032,-0.008061,-0.020433,0.057021,0.029481,0.027896
5.099774,-0.031935,-0.008816,-0.019787,0.058454,0.028538,0.028527
5.109835,-0.032224,-0.009590,-0.019897,0.059902,0.029888,0.029159
5.119889,-0.032133,-0.010384,-0.019619,0.061364,0.031240,0.029791
5.129952,-0.032427,-0.011198,-0.020097,0.062840,0.032594,0.030422
5.140015,-0.031959,-0.011650,-0.019423,0.064329,0.032425,0.031053
5.150078,-0.031875,-0.012503,-0.019506,0.065833,0.032258,0.031684
5.160141,-0.031793,-0.012995,-0.019200,0.067351,0.032092,0.032314
5.170203,-0.032093,-0.013506,-0.019268,0.068501,0.033454,0.020355
5.180267,-0.031631,-0.014037,-0.018947,0.069665,0.032527,0.020984
5.190329,-0.032314,-0.014587,-0.019000,0.070080,0.032365,0.021613
5.200391,-0.031472,-0.015157,-0.018283,0.069364,0.033728,0.022241
5.210454,-0.032156,-0.015747,-0.017940,0.069425,0.035474,0.008372
5.220547,-0.032458,-0.015975,-0.016827,0.067974,0.036457,0.008998
5.230609,-0.032760,-0.016223,-0.016087,0.067680,0.037820,0.009623
5.240670,-0.033061,-0.016872,-0.016103,0.066638,0.038421,0.010248
5.250733,-0.032598,-0.017158,-0.015729,0.065227,0.037113,0.010871
5.260795,-0.032897,-0.017465,-0.015729,0.064973,0.038093,0.011493
5.270857,-0.032051,-0.017028,-0.015339,0.064352,0.037927,0.012114
5.280918,-0.032728,-0.016992,-0.015705,0.064506,0.037379,0.012734
5.290971,-0.032260,-0.016594,-0.015681,0.062766,0.034158,0.013352
5.301032,-0.032552,-0.016978,-0.015648,0.062565,0.032080,0.013969
5.311094,-0.031697,-0.017000,-0.015226,0.060469,0.030000,0.014585
5.321156,-0.032366,-0.017423,-0.015177,0.059912,0.029825,0.015199
5.331218,-0.031888,-0.017484,-0.014739,0.058222,0.028503,0.015812
5.341279,-0.032169,-0.017945,-0.014673,0.057690,0.028322,0.011845
5.351341,-0.032066,-0.017663,-0.014217,0.056407,0.025468,0.011310
5.361403,-0.032722,-0.018162,-0.013753,0.055899,0.023756,0.011918
5.371466,-0.031849,-0.017918,-0.013280,0.054640,0.024328,0.012524
5.381528,-0.032498,-0.018455,-0.013561,0.054155,0.026423,0.013128
5.391591,-0.032761,-0.018248,-0.013452,0.052920,0.028133,0.013731
5.401644,-0.033401,-0.018442,-0.013715,0.053603,0.030220,0.014332
5.411707,-0.033274,-0.018272,-0.013969,0.054297,0.031159,0.014930
5.421769,-0.033906,-0.018503,-0.014596,0.055003,0.030949,0.015527
5.431831,-0.033006,-0.018370,-0.014832,0.054957,0.031497,0.016122
5.441891,-0.033246,-0.019019,-0.015441,0.055684,0.033184,0.016715
5.451953,-0.032718,-0.018541,-0.016040,0.055660,0.034104,0.017306
5.461970,-0.032948,-0.018845,-0.016630,0.055645,0.035782,0.011028
5.472030,-0.033553,-0.019166,-0.016829,0.056023,0.037836,0.011614
5.482089,-0.033008,-0.019124,-0.017018,0.055266,0.039503,0.012199
5.492151,-0.033221,-0.019481,-0.017580,0.055663,0.041165,0.012781
5.502213,-0.032664,-0.019474,-0.018132,0.054926,0.041295,0.013361
5.512273,-0.032864,-0.019866,-0.018292,0.055342,0.041419,0.013938
5.522333,-0.031914,-0.019894,-0.018824,0.055005,0.040774,0.014514
5.532393,-0.032101,-0.020703,-0.019347,0.055058,0.040123,0.015087
5.542455,-0.031137,-0.020765,-0.019478,0.054738,0.037558,0.015657
5.552518,-0.030929,-0.020844,-0.019981,0.055190,0.035749,0.016226
5.562577,-0.031096,-0.020939,-0.020092,0.054888,0.031645,0.016791
5.572638,-0.030875,-0.021433,-0.020193,0.055356,0.030587,0.017355
5.582700,-0.030646,-0.021562,-0.020284,0.055070,0.027995,0.017916
5.592765,-0.031173,-0.022088,-0.020364,0.055554,0.026159,0.018474
5.602830,-0.030166,-0.021868,-0.020435,0.054901,0.024317,0.019030
5.612895,-0.030678,-0.022426,-0.020113,0.055399,0.023230,0.019583
5.622956,-0.030800,-0.022618,-0.019400,0.055141,0.022517,0.020134
5.632972,-0.031297,-0.023208,-0.019439,0.055272,0.024467,0.020682
5.643027,-0.031404,-0.023431,-0.018323,0.055027,0.026027,0.021228
5.653089,-0.031884,-0.023670,-0.017960,0.055552,0.026055,0.021771
5.663151,-0.030830,-0.023541,-0.016823,0.054938,0.026456,0.022311
5.673215,-0.031294,-0.024191,-0.016819,0.055855,0.027612,0.022849
5.683277,-0.030605,-0.024474,-0.015661,0.055633,0.027997,0.023384
5.693340,-0.031052,-0.024770,-0.015255,0.056179,0.029900,0.016668
5.703401,-0.031491,-0.025081,-0.014837,0.056349,0.031795,0.017197
5.713464,-0.031158,-0.024643,-0.014028,0.056523,0.033300,0.017724
5.723527,-0.031198,-0.024982,-0.013588,0.056701,0.035178,0.018248
5.733589,-0.030466,-0.024189,-0.013138,0.056120,0.036284,0.018770
5.743652,-0.030870,-0.024173,-0.013059,0.056687,0.037764,0.019288
5.753716,-0.030501,-0.024169,-0.012205,0.056495,0.038472,0.019804
5.763778,-0.030505,-0.024179,-0.012103,0.056687,0.038409,0.020317
5.773840,-0.030119,-0.023819,-0.011226,0.056118,0.036048,0.020827
5.783903,-0.030105,-0.024234,-0.010720,0.056315,0.035204,0.021334
5.793967,-0.028937,-0.023518,-0.009821,0.055370,0.032444,0.021839
5.804029,-0.029286,-0.023957,-0.009293,0.055571,0.030437,0.022341
5.814091,-0.029243,-0.024026,-0.008753,0.055011,0.028804,0.022839
5.824153,-0.029573,-0.024488,-0.008583,0.055596,0.028687,0.023335
5.834215,-0.029512,-0.023817,-0.008020,0.055801,0.027035,0.011621
5.844278,-0.029823,-0.024682,-0.007826,0.057151,0.026900,0.012112
5.854342,-0.028980,-0.024032,-0.008003,0.057357,0.025229,0.012599
5.864404,-0.029271,-0.024155,-0.008169,0.058325,0.024313,0.013084
5.874466,-0.029172,-0.023907,-0.008322,0.058531,0.024149,0.005554
5.884528,-0.029444,-0.024050,-0.008464,0.059117,0.025503,0.006033
5.894590,-0.029325,-0.023439,-0.008595,0.058939,0.024940,0.006509
5.904653,-0.029577,-0.023982,-0.008713,0.059142,0.025130,0.006982
5.914715,-0.029057,-0.023771,-0.008820,0.058961,0.025310,0.007452
5.924777,-0.028908,-0.023568,-0.008915,0.059541,0.026244,0.007919
5.934840,-0.028749,-0.023756,-0.008999,0.059357,0.027932,0.008384
5.944902,-0.029343,-0.023951,-0.009070,0.059932,0.029610,0.008845
5.954977,-0.028783,-0.023772,-0.009130,0.059742,0.031278,0.009303
5.965039,-0.031066,-0.026871,-0.009214,0.062404,0.034585,0.010212
5.975102,-0.031619,-0.027477,-0.009238,0.062967,0.036224,0.010661
5.985166,-0.030637,-0.026564,-0.009250,0.062762,0.037854,0.011108
5.995221,-0.030408,-0.026802,-0.009250,0.063316,0.039092,0.011552
6.005283,-0.029787,-0.027046,-0.009239,0.062721,0.038794,0.011993
6.015342,-0.029919,-0.027295,-0.009215,0.062883,0.038487,0.012432
6.025404,-0.029277,-0.026787,-0.009180,0.062278,0.037025,0.012867
6.035465,-0.029389,-0.027810,-0.009132,0.062429,0.036698,0.013299
6.045527,-0.028727,-0.026549,-0.009073,0.061049,0.034835,0.013729
6.055587,-0.028436,-0.026819,-0.009001,0.060807,0.033725,0.014155
6.065650,-0.027372,-0.026330,-0.008918,0.060177,0.030317,0.014579
6.075710,-0.027824,-0.026608,-0.008822,0.059921,0.028043,0.015000
6.085773,-0.027503,-0.026508,-0.008715,0.058895,0.026140,0.013129
6.095835,-0.027934,-0.026794,-0.008595,0.059006,0.026135,0.013544
6.105897,-0.027592,-0.025938,-0.008464,0.057202,0.024595,0.013956
6.115958,-0.028002,-0.026229,-0.008320,0.057297,0.024188,0.014365
6.126016,-0.027258,-0.026141,-0.008165,0.056239,0.023391,0.014772
6.136078,-0.027648,-0.026437,-0.007998,0.055935,0.022583,0.015175
6.146140,-0.027265,-0.025972,-0.007818,0.055622,0.021384,0.015576
6.156202,-0.027253,-0.026272,-0.007627,0.055682,0.022083,0.015974
6.166264,-0.027231,-0.025810,-0.007424,0.054587,0.023153,0.016369
6.176325,-0.027579,-0.026493,-0.007209,0.054627,0.024594,0.016761
6.186388,-0.027536,-0.025652,-0.006982,0.053894,0.025645,0.017150
6.196450,-0.027865,-0.026337,-0.006743,0.054294,0.026303,0.017537
6.206511,-0.027801,-0.027022,-0.006492,0.054684,0.026571,0.017920
6.216573,-0.026964,-0.026181,-0.006229,0.054682,0.026447,0.018301
6.226635,-0.027262,-0.026866,-0.005955,0.055049,0.026695,0.018679
6.236697,-0.026786,-0.026406,-0.005669,0.054642,0.026170,0.019054
6.246758,-0.026682,-0.026708,-0.005370,0.054986,0.027160,0.019427
6.256800,-0.026567,-0.026627,-0.005061,0.054555,0.027379,0.019796
6.266859,-0.026824,-0.026926,-0.004739,0.054493,0.027205,0.020163
6.276920,-0.026307,-0.025698,-0.004406,0.054419,0.027785,0.020527
6.286981,-0.026543,-0.026756,-0.004061,0.054713,0.029118,0.020889
6.297035,-0.026006,-0.026286,-0.003704,0.054612,0.029297,0.021247
6.307094,-0.026222,-0.026577,-0.003336,0.055261,0.029085,0.021603
6.317148,-0.025665,-0.026102,-0.002956,0.055515,0.028862,0.013945
6.327207,-0.025861,-0.026387,-0.002565,0.056136,0.030156,0.014295
6.337267,-0.025665,-0.025905,-0.002162,0.055980,0.030678,0.014643
6.347327,-0.025840,-0.026183,-0.001747,0.056192,0.030426,0.014988
6.357387,-0.025243,-0.025694,-0.001322,0.055626,0.029783,0.015330
6.367446,-0.025398,-0.025963,-0.000884,0.055807,0.029513,0.015670
6.377506,-0.024780,-0.025466,-0.000436,0.055593,0.027706,0.016006
6.387568,-0.024916,-0.025345,0.000024,0.056126,0.026272,0.016340
6.397629,-0.024278,-0.025219,0.000495,0.056262,0.024065,0.016672
6.407688,-0.024775,-0.025470,0.000977,0.057145,0.022992,0.017001
6.417749,-0.024499,-0.024952,0.001089,0.056868,0.022292,0.017327
6.427802,-0.024976,-0.025192,0.001975,0.056956,0.022345,0.017650
6.437862,-0.025062,-0.024663,0.002491,0.056265,0.022007,0.017971
6.447923,-0.025138,-0.024891,0.003017,0.055939,0.023186,0.018289
6.457986,-0.025204,-0.024349,0.003555,0.054834,0.024354,0.007923
6.468048,-0.025260,-0.024182,0.004104,0.054856,0.025514,0.008236
6.478110,-0.025688,-0.024772,0.004663,0.055242,0.026664,0.008546
6.488170,-0.025343,-0.024210,0.005233,0.054467,0.027805,0.008854
6.498232,-0.025370,-0.024022,0.005432,0.054437,0.028936,0.009159
6.508286,-0.024625,-0.023827,0.006024,0.053626,0.030439,0.009462
6.518346,-0.025014,-0.024005,0.006626,0.053942,0.031552,0.009762
6.528400,-0.024630,-0.023795,0.007239,0.052715,0.032274,0.010059
6.538460,-0.025000,-0.024339,0.008244,0.052232,0.033368,0.010354
6.548522,-0.024598,-0.023349,0.008877,0.051350,0.034453,0.010646
6.558585,-0.024567,-0.023494,0.009521,0.051212,0.035528,0.010936
6.568644,-0.024527,-0.023250,0.010176,0.050293,0.036595,0.011223
6.578703,-0.024477,-0.023760,0.010459,0.050499,0.037270,0.011508
6.588763,-0.024036,-0.023116,0.011133,0.050687,0.036029,0.011790
6.598824,-0.023586,-0.023607,0.011818,0.050474,0.035924,0.012070
6.608884,-0.023127,-0.022944,0.012513,0.049861,0.035809,0.012347
6.618945,-0.023421,-0.023035,0.013218,0.049610,0.036449,0.012622
6.629008,-0.023324,-0.023116,0.013933,0.049340,0.035553,0.012894
6.639069,-0.023599,-0.023187,0.014657,0.049050,0.034267,0.013164
6.649129,-0.023103,-0.022866,0.015391,0.047978,0.031065,0.013432
6.659182,-0.022978,-0.023298,0.016135,0.048412,0.028617,0.013697
6.669242,-0.022463,-0.022575,0.016889,0.048445,0.024633,0.013959
6.679301,-0.022320,-0.022604,0.017271,0.049222,0.022549,0.014219
6.689364,-0.021786,-0.022622,0.017662,0.049597,0.019311,0.014477
6.699423,-0.022006,-0.022630,0.018444,0.049570,0.017209,0.014732
6.709485,-0.021836,-0.022244,0.019235,0.049523,0.015479,0.010789
6.719545,-0.022038,-0.022992,0.020035,0.049838,0.015266,0.011040
6.729651,-0.022612,-0.022584,0.020845,0.050514,0.014664,0.011288
6.739704,-0.023178,-0.022546,0.021663,0.051170,0.015197,0.011534
6.749764,-0.024116,-0.022878,0.022491,0.052187,0.015721,0.011777
6.759824,-0.024282,-0.022435,0.022946,0.053183,0.015093,0.012018
6.769886,-0.024820,-0.022743,0.023791,0.054159,0.014837,0.005009
6.779947,-0.024587,-0.022276,0.024645,0.055115,0.015335,0.005245
6.790010,-0.025108,-0.022559,0.025508,0.056050,0.016207,0.005480
6.800072,-0.024475,-0.022067,0.026379,0.056964,0.017070,0.005711
6.810133,-0.024216,-0.021945,0.027259,0.057858,0.017924,0.005941
6.820192,-0.023566,-0.021428,0.028147,0.058731,0.018770,0.006168
6.830252,-0.023670,-0.021661,0.029044,0.059583,0.019608,0.006012
6.840306,-0.023003,-0.021119,0.029949,0.060415,0.020437,0.006234
6.850365,-0.023090,-0.021327,0.030862,0.061226,0.021258,0.006455
6.860428,-0.022405,-0.020378,0.031401,0.062016,0.022071,0.006673
6.870478,-0.022475,-0.020178,0.032330,0.062785,0.022875,0.006889
6.880538,-0.022155,-0.019965,0.033267,0.063533,0.023671,0.007103
6.890597,-0.022589,-0.020120,0.033830,0.064261,0.024459,0.007314
6.900656,-0.022251,-0.019118,0.034782,0.064968,0.025238,0.007523
6.910716,-0.022287,-0.019628,0.035742,0.065654,0.026009,0.007730
6.920775,-0.022314,-0.019361,0.036710,0.066319,0.026773,0.007935
6.930835,-0.022333,-0.019462,0.037685,0.066963,0.027528,0.008138
6.940929,-0.021580,-0.018787,0.038667,0.067586,0.028275,0.008338
6.950989,-0.021582,-0.019242,0.039657,0.068189,0.028632,0.008536
6.961049,-0.021194,-0.019302,0.040654,0.068389,0.028600,0.008733
6.971112,-0.020798,-0.018585,0.041658,0.068951,0.027415,0.008926
6.981174,-0.020775,-0.018999,0.042669,0.069491,0.026985,0.009118
6.991228,-0.020363,-0.019017,0.043687,0.068866,0.026929,0.009308
7.001288,-0.020705,-0.018639,0.044711,0.067839,0.026102,0.009495
7.011349,-0.021039,-0.017485,0.045743,0.065647,0.026030,0.009681
7.021409,-0.021364,-0.017842,0.046781,0.064578,0.026332,0.009864
7.031469,-0.021682,-0.016659,0.047826,0.061963,0.025100,0.006612
7.041529,-0.021991,-0.016606,0.048495,0.060472,0.024241,0.006791
7.051589,-0.021530,-0.016539,0.049171,0.058579,0.021468,0.006968
7.061650,-0.021442,-0.016457,0.049854,0.057810,0.019831,0.007143
7.071704,-0.020964,-0.015216,0.050542,0.055876,0.018567,0.007315
7.081767,-0.020860,-0.015487,0.051237,0.054684,0.019204,0.007486
7.091820,-0.020748,-0.014981,0.051937,0.052709,0.019833,0.007655
7.101874,-0.021010,-0.014841,0.052644,0.051858,0.020454,0.007821
7.111932,-0.020882,-0.014687,0.053356,0.049461,0.021067,0.007986
7.121964,-0.021127,-0.015281,0.053693,0.048189,0.021673,0.008148
7.132024,-0.020602,-0.015479,0.053654,0.047277,0.022271,0.008308
7.142087,-0.020069,-0.015662,0.054002,0.047109,0.022480,0.008467
7.152148,-0.019529,-0.014687,0.053974,0.046157,0.022682,0.008623
7.162207,-0.019743,-0.014459,0.053951,0.045568,0.023257,0.008777
7.172267,-0.019950,-0.014980,0.054315,0.045339,0.023826,0.008930
7.182332,-0.020149,-0.015104,0.053540,0.044328,0.024768,0.009080
7.192396,-0.020340,-0.015214,0.053533,0.044060,0.025321,0.009228
7.202460,-0.020905,-0.014928,0.052768,0.044154,0.025485,0.009375
7.212521,-0.021081,-0.015008,0.052389,0.044229,0.025642,0.009519
7.222583,-0.021631,-0.014692,0.051634,0.044284,0.023884,0.009661
7.232644,-0.021791,-0.015124,0.051646,0.044319,0.022119,0.009802
7.242706,-0.021945,-0.014397,0.051281,0.043954,0.019202,0.009940
7.252767,-0.022090,-0.014418,0.050922,0.043951,0.018567,0.010077
7.262829,-0.021847,-0.014425,0.049803,0.043929,0.016780,0.010211
7.272890,-0.021596,-0.014416,0.050215,0.043888,0.014985,0.009962
7.282953,-0.021337,-0.014393,0.049868,0.043827,0.012039,0.010093
7.293016,-0.021071,-0.014355,0.049907,0.043748,0.010612,0.010221
7.303078,-0.020416,-0.014302,0.049187,0.043650,0.009940,0.010348
7.313140,-0.020517,-0.014616,0.049234,0.043534,0.010406,0.010473
7.323202,-0.020229,-0.014534,0.049285,0.043398,0.010865,0.010596
7.333266,-0.019933,-0.015200,0.049340,0.043245,0.010935,0.010717
7.343328,-0.019630,-0.015088,0.048636,0.043073,0.011379,0.010836
7.353390,-0.019320,-0.014961,0.048698,0.042882,0.011816,0.010953
7.363452,-0.019002,-0.014057,0.048382,0.042673,0.012246,0.011068
7.373513,-0.019059,-0.014282,0.048833,0.042447,0.013051,0.011182
7.383647,-0.018727,-0.013730,0.048524,0.042202,0.013467,0.011293
7.393708,-0.018769,-0.013926,0.048600,0.041939,0.013876,0.011403
7.403770,-0.018803,-0.014489,0.048680,0.041659,0.014278,0.011511
7.413838,-0.018831,-0.013893,0.048381,0.041360,0.014673,0.003987
7.423901,-0.018851,-0.013664,0.048847,0.041045,0.015061,0.004091
7.433956,-0.019246,-0.013421,0.048554,0.040711,0.015442,0.004193
7.444016,-0.019252,-0.013544,0.049027,0.040361,0.015817,0.004293
7.454077,-0.019632,-0.013652,0.048358,0.039993,0.016184,0.004392
7.464136,-0.020005,-0.014128,0.048455,0.039608,0.016545,0.004489
7.474198,-0.019990,-0.013826,0.048554,0.039206,0.016898,0.004583
7.484261,-0.020349,-0.013510,0.048656,0.038787,0.017245,0.004676
7.494323,-0.020319,-0.012798,0.048379,0.038351,0.017585,0.004767
7.504383,-0.020283,-0.012453,0.048486,0.037899,0.017918,0.004857
7.514442,-0.020239,-0.012094,0.048595,0.037430,0.018244,0.004944
7.524502,-0.020188,-0.012483,0.048706,0.036944,0.018564,0.005030
7.534567,-0.020131,-0.012095,0.048438,0.036443,0.018495,0.005113
7.544626,-0.020066,-0.011693,0.048934,0.035925,0.018801,0.005195
7.554686,-0.019613,-0.011276,0.048289,0.035390,0.019100,0.005275
7.564745,-0.019534,-0.011227,0.048789,0.034840,0.019392,0.005354
7.574804,-0.019067,-0.010783,0.048529,0.034274,0.019678,0.005430
7.584858,-0.018974,-0.010705,0.048651,0.033693,0.019957,0.005505
7.594920,-0.018112,-0.010232,0.048775,0.033095,0.020229,0.005578
7.604982,-0.018005,-0.010127,0.048901,0.032482,0.020495,0.005649
7.615044,-0.017390,-0.010256,0.050301,0.031211,0.021006,0.005786
7.625107,-0.017263,-0.010109,0.050812,0.030552,0.021252,0.005852
7.635268,-0.016747,-0.009948,0.050561,0.029878,0.021491,0.005916
7.645331,-0.016606,-0.009773,0.050693,0.029190,0.021723,0.005978
7.655392,-0.016459,-0.009584,0.050826,0.028486,0.021949,0.006039
7.665453,-0.016685,-0.009382,0.050579,0.027768,0.022168,0.006098
7.675516,-0.016524,-0.008784,0.051095,0.027035,0.022381,0.006155
7.685578,-0.016737,-0.008173,0.050849,0.026288,0.022587,0.006210
7.695640,-0.016944,-0.008311,0.050986,0.025527,0.022786,0.006263
7.705701,-0.017143,-0.008436,0.050360,0.024752,0.022979,0.006315
7.715763,-0.017336,-0.008547,0.050497,0.023962,0.023165,0.006365
7.725825,-0.017522,-0.008645,0.050635,0.023159,0.023345,0.006413
7.735894,-0.017702,-0.008729,0.051155,0.022342,0.023518,0.006459
7.745949,-0.017874,-0.008418,0.050913,0.021511,0.023685,0.006504
7.756013,-0.018040,-0.008858,0.051052,0.020666,0.023845,0.006547
7.766078,-0.018199,-0.008520,0.050428,0.020190,0.023999,0.003536
7.776143,-0.018351,-0.008551,0.050949,0.019319,0.024146,0.003576
7.786206,-0.018497,-0.008188,0.050706,0.018434,0.023905,0.003613
7.796269,-0.018636,-0.008193,0.050846,0.017537,0.023658,0.003649
7.806333,-0.018768,-0.007803,0.050222,0.016627,0.023404,0.003684
7.816397,-0.018894,-0.007782,0.050361,0.015704,0.023525,0.003716
7.826459,-0.018631,-0.007748,0.050118,0.014768,0.023640,0.003747
7.836521,-0.018743,-0.007700,0.050256,0.013819,0.023367,0.003776
7.846583,-0.018848,-0.007640,0.049631,0.012859,0.021942,0.003803
7.856644,-0.018947,-0.007568,0.049768,0.011886,0.021656,0.003829
7.866706,-0.019039,-0.006719,0.049142,0.010900,0.021364,0.003852
7.876768,-0.019124,-0.006621,0.049278,0.009903,0.021446,0.003875
7.886845,-0.019203,-0.006128,0.049032,0.008894,0.021522,0.003895
7.896908,-0.019275,-0.006004,0.049166,0.007873,0.021592,0.003914
7.906970,-0.019340,-0.005868,0.049300,0.006840,0.021655,0.003930
7.917032,-0.019399,-0.005338,0.049051,0.005796,0.021711,0.003946
7.927095,-0.019451,-0.005177,0.048801,0.004740,0.021762,0.003959
7.937157,-0.019496,-0.005385,0.048169,0.004054,0.021805,0.003971
7.947219,-0.019535,-0.005199,0.048679,0.003357,0.021843,0.003981
7.957281,-0.019567,-0.005001,0.048045,0.002268,0.021874,0.003989
7.967343,-0.019592,-0.005172,0.048553,0.001168,0.021898,0.003996
7.977405,-0.019611,-0.005330,0.048297,0.000056,0.021916,0.004001
7.987466,-0.019623,-0.005477,0.048421,-0.001066,0.021928,0.004004
7.997528,-0.019629,-0.005611,0.048544,-0.002198,0.021933,0.004005
8.007590,-0.019246,-0.005734,0.049046,-0.003341,0.021932,0.004005
8.017651,-0.019238,-0.005844,0.049166,-0.004494,0.021924,0.004003
8.027714,-0.019223,-0.005943,0.049283,-0.005658,0.021910,0.003999
8.037777,-0.019202,-0.006030,0.048636,-0.006831,0.021890,0.003993
8.047839,-0.019174,-0.005723,0.048750,-0.008015,0.021863,0.003986
8.057902,-0.019140,-0.005786,0.048862,-0.009208,0.021830,0.003977
8.067964,-0.019480,-0.005837,0.049354,-0.010412,0.021790,0.003967
8.078027,-0.019051,-0.005877,0.049080,-0.011625,0.021744,0.003954
8.088090,-0.018997,-0.005905,0.049568,-0.012847,0.021691,0.003940
8.098152,-0.018936,-0.005921,0.049290,-0.014079,0.021632,0.003924
8.108214,-0.018868,-0.005926,0.049773,-0.015320,0.021567,0.003907
8.118277,-0.018793,-0.005919,0.049872,-0.016570,0.021495,0.003888
8.128331,-0.018712,-0.005901,0.049587,-0.017829,0.021417,0.003867
8.138358,-0.018624,-0.005872,0.049682,-0.019097,0.021332,0.003844
8.148419,-0.018530,-0.005831,0.049011,-0.019993,0.021240,0.003819
8.158480,-0.018429,-0.005398,0.049481,-0.021278,0.021143,0.003793
8.168542,-0.018321,-0.005335,0.049187,-0.021810,0.021039,0.003765
8.178603,-0.018206,-0.005260,0.049271,-0.022349,0.020928,0.003736
8.188664,-0.018085,-0.005175,0.048589,-0.023279,0.020811,0.003704
8.198725,-0.017957,-0.005079,0.049049,-0.023835,0.020687,0.003671
8.208786,-0.017823,-0.004971,0.048743,-0.024018,0.020557,0.003636
8.218848,-0.017681,-0.004853,0.048815,-0.024591,0.020421,0.003600
8.228909,-0.017533,-0.004723,0.047740,-0.023645,0.020278,0.003561
8.238970,-0.017378,-0.004583,0.047807,-0.023470,0.020128,0.003521
8.249032,-0.017217,-0.004432,0.047489,-0.023303,0.019972,0.003480
8.259093,-0.017049,-0.004271,0.047549,-0.023525,0.019810,0.003436
8.269154,-0.016873,-0.004098,0.046843,-0.022991,0.019640,0.003391
8.279215,-0.016692,-0.003915,0.046897,-0.023227,0.019465,0.003344
8.289277,-0.016503,-0.003722,0.046947,-0.023090,0.019283,0.003295
8.299338,-0.016308,-0.003518,0.047375,-0.023340,0.019094,0.003244
8.309400,-0.016106,-0.003303,0.047037,-0.022835,0.018899,0.003192
8.319461,-0.015897,-0.003078,0.047077,-0.023100,0.018697,0.003138
8.329522,-0.015681,-0.002843,0.046350,-0.022227,0.018488,0.003082
8.339585,-0.015458,-0.002597,0.046383,-0.022123,0.018273,0.003024
8.349646,-0.015229,-0.002341,0.046412,-0.021645,0.018052,0.002965
8.359707,-0.014993,-0.002075,0.046818,-0.021555,0.017824,0.002904
8.369843,-0.014749,-0.001798,0.046458,-0.021471,0.017589,0.002841
8.379905,-0.014500,-0.001512,0.046475,-0.021774,0.017729,0.002776
8.389967,-0.014243,-0.001215,0.047252,-0.022084,0.017481,0.002710
8.400029,-0.013979,-0.000909,0.046879,-0.021255,0.016845,0.002642
8.410091,-0.013708,-0.000592,0.047266,-0.021577,0.016583,0.002571
8.420153,-0.013812,-0.000647,0.046886,-0.021523,0.016315,0.002500
8.430215,-0.013146,0.000071,0.047265,-0.022237,0.016040,0.002426
8.440277,-0.012855,0.000417,0.046494,-0.021813,0.015759,0.002351
8.450338,-0.012557,0.000773,0.046864,-0.021775,0.015471,0.002273
8.460400,-0.012633,0.001139,0.046467,-0.020981,0.015176,0.002194
8.470463,-0.012320,0.001515,0.046829,-0.021335,0.014874,0.002114
8.480524,-0.012001,0.001518,0.046804,-0.020932,0.014566,0.002031
8.490586,-0.011675,0.001913,0.046775,-0.020916,0.014250,0.001946
8.500647,-0.011341,0.002317,0.046741,-0.020904,0.013929,0.001860
8.510709,-0.011001,0.002349,0.047085,-0.021660,0.013600,0.001772
8.520771,-0.010654,0.002772,0.047423,-0.021277,0.013264,0.001682
8.530834,-0.010299,0.003205,0.047757,-0.021661,0.012922,0.001590
8.540896,-0.009938,0.003647,0.047323,-0.020905,0.012572,0.001497
8.550958,-0.009569,0.004098,0.046885,-0.021298,0.012598,0.001401
8.561019,-0.009193,0.004558,0.046823,-0.020551,0.012235,0.001304
8.571082,-0.008810,0.005028,0.046756,-0.020571,0.011865,0.001205
8.581144,-0.008420,0.005506,0.046303,-0.019833,0.011488,0.001104
8.591206,-0.008023,0.005613,0.046607,-0.020242,0.011104,0.001001
8.601274,-0.007618,0.006109,0.046525,-0.019512,0.010714,0.000896
8.611337,-0.007207,0.006615,0.046438,-0.019929,0.010316,0.000790
8.621399,-0.007169,0.006748,0.046346,-0.019969,0.009911,0.000681
8.631460,-0.006743,0.007272,0.046630,-0.020776,0.009500,0.000571
8.641522,-0.006310,0.007805,0.046909,-0.021204,0.009081,0.000459
8.651584,-0.005869,0.008346,0.046801,-0.021636,0.008655,0.000345
8.661697,-0.005421,0.008896,0.046307,-0.020927,0.008223,0.000229
8.671759,-0.004966,0.009073,0.046188,-0.020984,0.007783,0.000111
8.681820,-0.004503,0.009641,0.046445,-0.021425,0.007336,-0.000009
8.691880,-0.004033,0.010217,0.046316,-0.021107,0.006882,-0.000130
8.701942,-0.003937,0.010802,0.046181,-0.021173,0.006421,-0.000254
8.711972,-0.003452,0.011395,0.045658,-0.021242,0.005952,-0.000380
8.722033,-0.002960,0.011615,0.045893,-0.022459,0.005477,-0.000507
8.732095,-0.002460,0.011844,0.046123,-0.023296,0.004994,-0.000636
8.742156,-0.001953,0.012463,0.046347,-0.024136,0.004504,-0.000768
8.752219,-0.001438,0.013089,0.046183,-0.023834,0.004007,-0.000901
8.762284,-0.001297,0.013343,0.046014,-0.024297,0.003503,-0.001036
8.772348,-0.000767,0.013987,0.045457,-0.024382,0.002991,-0.001173
8.782412,-0.000230,0.014257,0.045276,-0.024849,0.002472,-0.001313
8.792467,0.000315,0.014535,0.045089,-0.023793,0.001945,-0.001454
8.802536,0.000868,0.014822,0.045277,-0.023884,0.001412,-0.001597
8.812597,0.001428,0.014735,0.045078,-0.023213,0.000871,-0.001742
8.822656,0.001996,0.014656,0.045255,-0.023308,0.000322,-0.001889
8.832715,0.002190,0.014203,0.045425,-0.022641,-0.000234,-0.002038
8.842774,0.002773,0.014522,0.045208,-0.022738,-0.000797,-0.002189
8.852834,0.003364,0.014467,0.045365,-0.022837,-0.000987,-0.002342
8.862893,0.003963,0.014419,0.045517,-0.022938,-0.001565,-0.002497
8.872953,0.004188,0.014380,0.045662,-0.022277,-0.002151,-0.002654
8.883013,0.004802,0.015111,0.045801,-0.022380,-0.002744,-0.002813
8.893073,0.005424,0.015087,0.045171,-0.021722,-0.003345,-0.002974
8.903135,0.006054,0.015071,0.045297,-0.021827,-0.003954,-0.003138
8.913194,0.006692,0.014681,0.044654,-0.021171,-0.004570,-0.003303
8.923254,0.006957,0.014680,0.044767,-0.021278,-0.005194,-0.003470
8.933313,0.007611,0.014686,0.044874,-0.021005,-0.005826,-0.003639
8.943374,0.008272,0.014700,0.044974,-0.021114,-0.006465,-0.003811
8.953475,0.008942,0.014721,0.044686,-0.020842,-0.007112,-0.003984
8.963535,0.009239,0.014750,0.045154,-0.021716,-0.007766,-0.004160
8.973595,0.009543,0.015168,0.045615,-0.022589,-0.008429,-0.004338
8.983655,0.010237,0.014830,0.045689,-0.022319,-0.009099,-0.004517
8.993714,0.010558,0.014499,0.045755,-0.022430,-0.009777,-0.004699
9.003774,0.010886,0.014557,0.046197,-0.022161,-0.010082,-0.004883
9.013834,0.011223,0.014622,0.046631,-0.022272,-0.010776,-0.005070
9.023894,0.011187,0.014694,0.046296,-0.021621,-0.011478,-0.005258
9.033953,0.011540,0.014773,0.046716,-0.021733,-0.012187,-0.005448
9.044013,0.011902,0.014478,0.046367,-0.021463,-0.012905,-0.005641
9.054072,0.012272,0.014190,0.046392,-0.021193,-0.013249,-0.005836
9.064132,0.012269,0.013909,0.045647,-0.020541,-0.013983,-0.006032
9.074193,0.012655,0.014398,0.045277,-0.020271,-0.014725,-0.006231
9.084252,0.013050,0.014512,0.044899,-0.019236,-0.015093,-0.006433
9.094306,0.013453,0.015015,0.044896,-0.019346,-0.015851,-0.006636
9.104366,0.013484,0.015524,0.044504,-0.018692,-0.015854,-0.006842
9.114427,0.013522,0.015658,0.044486,-0.019564,-0.015866,-0.007050
9.124482,0.013569,0.015418,0.044461,-0.019671,-0.014741,-0.007260
9.134541,0.013625,0.015566,0.044429,-0.020159,-0.014769,-0.007472
9.144602,0.013308,0.014957,0.044389,-0.020265,-0.014042,-0.007686
9.154664,0.013381,0.015500,0.044724,-0.020751,-0.013705,-0.007903
9.164727,0.013844,0.015668,0.044670,-0.021617,-0.013376,-0.008122
9.174788,0.014315,0.016223,0.044989,-0.022483,-0.013818,-0.008343
9.184847,0.014796,0.016022,0.045302,-0.022584,-0.013506,-0.008567
9.194910,0.015285,0.016591,0.045225,-0.023065,-0.014347,-0.008793
9.204972,0.015782,0.016021,0.044759,-0.022781,-0.015196,-0.009021
9.214996,0.016670,0.015839,0.044667,-0.023259,-0.015672,-0.009251
9.225059,0.018091,0.016257,0.044843,-0.024210,-0.017413,-0.009719
9.235121,0.019006,0.016475,0.044728,-0.024302,-0.018296,-0.009956
9.245252,0.019548,0.017081,0.044224,-0.024010,-0.019188,-0.010196
9.255317,0.020098,0.017312,0.044094,-0.024479,-0.020089,-0.010438
9.265379,0.020277,0.017549,0.044338,-0.024946,-0.020998,-0.010682
9.275441,0.020464,0.017410,0.043811,-0.024648,-0.021534,-0.010929
9.285503,0.021042,0.017277,0.043657,-0.025110,-0.022460,-0.011178
9.295565,0.020866,0.017150,0.043114,-0.024426,-0.023396,-0.011429
9.305628,0.021462,0.017410,0.043327,-0.024503,-0.024339,-0.011683
9.315690,0.021685,0.017676,0.042768,-0.023051,-0.025292,-0.011176
9.325751,0.021918,0.017949,0.042583,-0.023123,-0.026254,-0.011435
9.335816,0.021778,0.017845,0.042772,-0.022429,-0.027224,-0.011696
9.345877,0.022029,0.017365,0.042571,-0.022114,-0.027822,-0.011959
9.355939,0.021145,0.016892,0.042362,-0.021796,-0.027666,-0.012225
9.366001,0.021415,0.017186,0.042145,-0.021856,-0.026756,-0.012494
9.376061,0.020930,0.016724,0.041538,-0.020770,-0.023566,-0.012764
9.386116,0.020837,0.017411,0.041305,-0.020824,-0.023436,-0.013038
9.396178,0.020753,0.016960,0.040682,-0.020113,-0.024079,-0.013313
9.406240,0.021060,0.016895,0.040814,-0.019780,-0.024349,-0.013592
9.416304,0.020613,0.017218,0.040557,-0.019444,-0.023484,-0.013872
9.426366,0.020939,0.017164,0.040291,-0.020249,-0.022628,-0.014155
9.436389,0.020893,0.016734,0.040017,-0.021432,-0.019493,-0.007193
9.446451,0.021238,0.016691,0.040497,-0.022993,-0.017892,-0.007481
9.456514,0.021592,0.015890,0.040969,-0.024169,-0.015538,-0.007772
9.466576,0.021193,0.016238,0.041433,-0.025723,-0.015100,-0.008065
9.476636,0.020803,0.015829,0.041507,-0.026892,-0.013527,-0.008361
9.486697,0.021186,0.015807,0.041955,-0.027293,-0.012726,-0.008659
9.496774,0.020816,0.015026,0.042012,-0.027310,-0.010409,-0.008960
9.506836,0.021600,0.015395,0.042061,-0.027323,-0.010390,-0.009264
9.516899,0.022012,0.015388,0.041720,-0.027331,-0.011525,-0.009570
9.526959,0.022434,0.015386,0.041752,-0.026192,-0.012669,-0.009878
9.537014,0.022865,0.015388,0.041776,-0.025811,-0.013822,-0.010190
9.547073,0.022925,0.015014,0.041028,-0.024662,-0.014985,-0.010504
9.557134,0.023376,0.015026,0.040653,-0.024273,-0.016158,-0.010820
9.567188,0.023456,0.015424,0.040269,-0.022734,-0.016577,-0.011139
9.577248,0.023927,0.015827,0.040258,-0.022336,-0.017387,-0.011461
9.587311,0.023263,0.015853,0.039476,-0.021170,-0.017443,-0.011785
9.597372,0.023372,0.016647,0.039067,-0.020762,-0.017891,-0.012112
9.607434,0.022728,0.016301,0.038267,-0.019968,-0.018730,-0.012442
9.617497,0.022857,0.016722,0.037841,-0.019933,-0.019959,-0.012774
9.627559,0.022615,0.016767,0.037787,-0.019129,-0.021199,-0.013109
9.637621,0.022764,0.017197,0.037724,-0.019465,-0.022448,-0.013447
9.647675,0.022923,0.017632,0.037271,-0.020178,-0.023706,-0.013788
9.657734,0.023474,0.018071,0.037573,-0.021648,-0.024593,-0.014131
9.667787,0.023653,0.017752,0.037865,-0.023113,-0.025871,-0.014477
9.677849,0.023842,0.017818,0.038149,-0.024574,-0.027159,-0.014825
9.687910,0.022897,0.017507,0.038043,-0.026028,-0.026168,-0.015177
9.697971,0.023106,0.017582,0.038690,-0.027478,-0.025186,-0.015531
9.708030,0.022563,0.018042,0.038566,-0.028540,-0.023070,-0.015888
9.718091,0.022793,0.018507,0.038815,-0.029215,-0.022489,-0.016247
9.728153,0.022270,0.017831,0.038673,-0.029122,-0.021156,-0.016609
9.738213,0.022901,0.017922,0.038522,-0.028642,-0.020595,-0.016975
9.748276,0.022780,0.017635,0.038362,-0.027775,-0.021569,-0.017342
9.758338,0.023432,0.017734,0.038575,-0.027283,-0.022936,-0.017713
9.768404,0.023713,0.017074,0.038397,-0.026022,-0.024312,-0.018087
9.778465,0.024385,0.016799,0.038211,-0.025900,-0.025316,-0.018463
9.788530,0.024305,0.017291,0.038015,-0.025772,-0.025567,-0.018842
9.798592,0.024235,0.017024,0.038192,-0.024111,-0.024303,-0.015409
9.808646,0.024176,0.017523,0.037979,-0.023971,-0.024192,-0.015794
9.818700,0.024126,0.016882,0.037756,-0.022680,-0.024473,-0.016181
9.828762,0.024087,0.016626,0.037906,-0.022526,-0.025909,-0.016572
9.838816,0.024058,0.016754,0.037665,-0.021222,-0.026972,-0.016965
9.848876,0.024421,0.017268,0.037415,-0.021056,-0.028428,-0.017361
9.858937,0.024413,0.017022,0.037538,-0.020502,-0.029893,-0.017760
9.868998,0.024796,0.016780,0.037651,-0.020323,-0.031368,-0.006717
9.879060,0.024427,0.016922,0.037374,-0.020137,-0.032471,-0.007122
9.889122,0.024831,0.017068,0.037469,-0.020326,-0.033966,-0.007529
9.899182,0.024483,0.017217,0.037555,-0.020127,-0.035471,-0.007940
9.909245,0.024907,0.017751,0.037632,-0.019920,-0.036985,-0.008353
9.919306,0.024579,0.017525,0.037699,-0.019325,-0.038510,-0.008769
9.929367,0.025025,0.017303,0.037758,-0.019486,-0.039663,-0.009188
9.939428,0.025099,0.017464,0.037426,-0.018877,-0.040063,-0.009610
9.949488,0.025183,0.018011,0.037466,-0.018643,-0.040092,-0.010034
9.959550,0.024515,0.018179,0.037115,-0.018019,-0.036697,-0.010462
9.969609,0.024620,0.018731,0.036755,-0.018533,-0.034074,-0.010893
9.979673,0.023590,0.018142,0.036386,-0.018276,-0.029173,-0.011326
9.989734,0.023715,0.018318,0.036389,-0.018393,-0.027334,-0.011762
9.999794,0.023851,0.018498,0.035620,-0.017740,-0.024741,-0.012202
10.009854,0.024378,0.019062,0.035224,-0.017842,-0.024065,-0.012644
10.019916,0.024534,0.018865,0.034817,-0.017173,-0.020729,-0.013089
10.029976,0.024700,0.019053,0.034402,-0.016879,-0.018166,-0.013537
10.040038,0.025258,0.019243,0.033214,-0.016576,-0.015231,-0.013988
10.050097,0.025062,0.019436,0.032017,-0.015884,-0.012687,-0.014441
10.060156,0.025640,0.020013,0.031574,-0.015566,-0.012442,-0.014898
10.070217,0.025084,0.019830,0.031121,-0.015239,-0.012206,-0.015358
10.080278,0.026063,0.020030,0.030659,-0.015286,-0.012362,-0.015820
10.090341,0.025908,0.019088,0.030570,-0.015325,-0.012527,-0.015904
10.100400,0.026907,0.019294,0.030470,-0.016118,-0.014227,-0.016372
10.110462,0.026390,0.019120,0.030362,-0.016522,-0.015937,-0.016843
10.120525,0.027028,0.018948,0.030244,-0.017299,-0.017657,-0.017317
10.130578,0.026912,0.018015,0.030117,-0.018067,-0.019004,-0.017794
10.140640,0.027188,0.018611,0.029980,-0.018827,-0.020743,-0.018274
10.150702,0.026710,0.018446,0.029835,-0.018434,-0.022491,-0.018757
10.160765,0.027006,0.018283,0.029679,-0.018796,-0.024248,-0.019243
10.170827,0.026929,0.017740,0.029515,-0.018385,-0.026014,-0.019731
10.180889,0.026862,0.017963,0.029341,-0.018348,-0.027026,-0.020222
10.190954,0.026423,0.017805,0.029158,-0.018683,-0.026904,-0.020717
10.201016,0.026756,0.017650,0.028965,-0.019391,-0.026409,-0.021214
10.211072,0.025954,0.017115,0.028763,-0.019327,-0.024778,-0.021713
10.221134,0.026688,0.017727,0.028551,-0.019253,-0.025064,-0.022216
10.231196,0.026287,0.017577,0.028331,-0.018408,-0.025359,-0.022722
10.241259,0.027039,0.017810,0.028100,-0.018317,-0.025281,-0.012167
10.251321,0.026274,0.016900,0.027861,-0.018217,-0.023686,-0.012679
10.261384,0.026663,0.017518,0.027612,-0.019251,-0.024008,-0.013193
10.271446,0.026680,0.017375,0.027354,-0.020277,-0.023193,-0.013709
10.281509,0.027086,0.017996,0.027086,-0.021293,-0.023532,-0.014229
10.291572,0.027502,0.018237,0.026809,-0.021537,-0.023116,-0.014751
10.301635,0.027927,0.018098,0.026523,-0.021008,-0.023852,-0.007647
10.311698,0.028360,0.018341,0.026227,-0.020852,-0.026123,-0.008175
10.321760,0.027657,0.018587,0.025922,-0.020304,-0.027640,-0.008705
10.331823,0.028107,0.018833,0.025608,-0.020510,-0.027638,-0.009238
10.341885,0.028185,0.018317,0.025284,-0.021469,-0.026882,-0.009774
10.351946,0.027889,0.018566,0.024951,-0.022418,-0.026896,-0.010313
10.361973,0.027982,0.018434,0.024609,-0.022594,-0.026156,-0.010854
10.372028,0.028466,0.018685,0.024257,-0.022761,-0.026949,-0.011398
10.382089,0.028194,0.018937,0.023896,-0.021392,-0.028513,-0.011945
10.392151,0.028312,0.019190,0.023526,-0.020776,-0.030465,-0.012494
10.402213,0.028056,0.018681,0.023146,-0.019768,-0.030136,-0.013046
10.412275,0.028570,0.018935,0.022757,-0.019895,-0.029815,-0.013600
10.422338,0.027948,0.018809,0.022359,-0.018867,-0.027975,-0.014157
10.432400,0.028477,0.019065,0.021952,-0.018592,-0.027668,-0.014716
10.442462,0.028251,0.018178,0.021535,-0.017926,-0.026223,-0.015278
10.452524,0.028795,0.018436,0.021109,-0.018012,-0.026693,-0.015842
10.462586,0.028202,0.018694,0.020674,-0.016943,-0.027169,-0.016409
10.472649,0.028759,0.018953,0.020230,-0.016246,-0.028033,-0.016978
10.482710,0.028561,0.018449,0.019776,-0.015157,-0.026234,-0.017549
10.492773,0.029514,0.018709,0.019313,-0.014820,-0.025585,-0.018123
10.502834,0.029328,0.018969,0.018842,-0.014473,-0.024179,-0.018699
10.512896,0.029149,0.019230,0.018360,-0.014879,-0.024305,-0.019278
10.522936,0.029358,0.018728,0.017870,-0.014130,-0.022911,-0.016425
10.532998,0.029954,0.018607,0.017371,-0.013751,-0.024575,-0.017008
10.543072,0.029030,0.018487,0.016862,-0.012599,-0.027007,-0.013016
10.553131,0.030019,0.018749,0.016345,-0.012581,-0.028682,-0.013603
10.563191,0.031013,0.019392,0.015818,-0.012933,-0.029598,-0.014193
10.573251,0.030487,0.018510,0.015282,-0.012894,-0.030520,-0.014784
10.583310,0.030729,0.018771,0.014737,-0.013225,-0.031447,-0.015378
10.593369,0.030594,0.019415,0.014184,-0.012783,-0.031615,-0.015973
10.603428,0.031227,0.019677,0.013621,-0.012711,-0.032551,-0.016571
10.613491,0.029958,0.019175,0.013049,-0.012247,-0.033872,-0.017170
10.623555,0.030600,0.019055,0.012468,-0.012154,-0.035580,-0.017772
10.633614,0.029720,0.018935,0.011879,-0.012431,-0.035002,-0.018375
10.643673,0.030370,0.019578,0.011280,-0.013079,-0.034809,-0.018980
10.653734,0.029880,0.019457,0.010673,-0.013716,-0.032713,-0.012338
10.663793,0.029774,0.019717,0.010438,-0.014342,-0.032146,-0.012947
10.673853,0.029672,0.018833,0.009813,-0.014957,-0.030819,-0.013557
10.683912,0.029192,0.019474,0.009179,-0.015562,-0.030258,-0.014169
10.693971,0.028715,0.019733,0.008536,-0.016155,-0.028555,-0.014782
10.704031,0.029384,0.019991,0.007885,-0.016737,-0.027618,-0.015397
10.714090,0.028531,0.019104,0.007224,-0.017309,-0.025920,-0.008383
10.724153,0.029205,0.019743,0.006556,-0.017869,-0.025750,-0.009001
10.734212,0.029881,0.019237,0.005878,-0.018418,-0.024056,-0.009620
10.744271,0.029797,0.019492,0.005192,-0.018957,-0.024271,-0.010240
10.754379,0.029714,0.018603,0.004497,-0.019484,-0.022962,-0.010861
10.764438,0.030776,0.018857,0.003794,-0.020000,-0.023179,-0.011484
10.774498,0.031458,0.019110,0.003082,-0.020506,-0.023779,-0.012108
10.784559,0.030615,0.018980,0.002361,-0.021000,-0.025524,-0.012732
10.794622,0.031299,0.019232,0.001633,-0.021483,-0.027270,-0.013358
10.804684,0.031601,0.018337,0.000895,-0.021956,-0.029397,-0.013984
10.814745,0.031903,0.018968,0.000150,-0.022417,-0.031524,-0.014612
10.824806,0.031442,0.018834,-0.000604,-0.022867,-0.033650,-0.015240
10.834868,0.032125,0.018699,-0.001367,-0.023306,-0.035776,-0.015869
10.844927,0.031663,0.017800,-0.002137,-0.023735,-0.037901,-0.016498
10.854990,0.031963,0.018426,-0.002534,-0.024152,-0.040025,-0.013695
10.865051,0.032939,0.019291,-0.004116,-0.024954,-0.043887,-0.014956
10.875114,0.033616,0.019531,-0.004920,-0.025338,-0.044862,-0.015587
10.885174,0.032764,0.018625,-0.005731,-0.025712,-0.044308,-0.016219
10.895235,0.032672,0.019243,-0.006550,-0.026074,-0.043752,-0.016850
10.905297,0.032197,0.019097,-0.006996,-0.026426,-0.041667,-0.017482
10.915359,0.032099,0.019712,-0.007831,-0.026767,-0.040342,-0.018114
10.925419,0.031236,0.018418,-0.008293,-0.026716,-0.035198,-0.018745
10.935479,0.031513,0.018648,-0.009144,-0.027035,-0.033103,-0.019377
10.945541,0.030260,0.018876,-0.009621,-0.027344,-0.030241,-0.020008
10.955601,0.030910,0.019103,-0.010487,-0.027260,-0.029282,-0.020639
10.965663,0.030030,0.018183,-0.011361,-0.026021,-0.026793,-0.021269
10.975722,0.030670,0.018405,-0.012243,-0.025154,-0.025443,-0.021899
10.985845,0.030542,0.018244,-0.013132,-0.023131,-0.021799,-0.022529
10.995905,0.030409,0.018463,-0.014029,-0.021860,-0.021201,-0.023157
11.005966,0.031033,0.018298,-0.014933,-0.020961,-0.020979,-0.023785
11.016028,0.030888,0.017368,-0.015845,-0.018906,-0.020751,-0.024412
11.026094,0.031117,0.017580,-0.016764,-0.017604,-0.021279,-0.025038
11.036153,0.030577,0.017408,-0.017309,-0.015911,-0.020275,-0.025662
11.046214,0.030792,0.017234,-0.018242,-0.014969,-0.021171,-0.026286
11.056275,0.030237,0.016676,-0.019183,-0.013255,-0.022060,-0.026908
11.066336,0.030818,0.017260,-0.019749,-0.012293,-0.023703,-0.027529
11.076398,0.030628,0.017079,-0.020704,-0.010940,-0.024958,-0.020138
11.086460,0.030430,0.017277,-0.021284,-0.010721,-0.026203,-0.020756
11.096519,0.030222,0.016709,-0.021871,-0.010492,-0.025915,-0.021372
11.106581,0.030387,0.016902,-0.022466,-0.010253,-0.026761,-0.021986
11.116641,0.029398,0.017092,-0.023067,-0.009623,-0.026836,-0.008484
11.126702,0.029924,0.017660,-0.023674,-0.009364,-0.027663,-0.009094
11.136764,0.029296,0.017082,-0.024289,-0.008714,-0.027718,-0.009702
11.146824,0.029420,0.017263,-0.024528,-0.008054,-0.028143,-0.010308
11.156888,0.029152,0.017060,-0.024774,-0.007385,-0.027032,-0.010912
11.166947,0.029254,0.017618,-0.025408,-0.007469,-0.027818,-0.011513
11.177007,0.028581,0.017027,-0.024523,-0.007543,-0.028973,-0.012111
11.187069,0.029422,0.016434,-0.024788,-0.007608,-0.030880,-0.012707
11.197132,0.029487,0.016219,-0.023915,-0.007664,-0.032774,-0.013300
11.207193,0.029540,0.016383,-0.023811,-0.007710,-0.034275,-0.013890
11.217336,0.029198,0.016162,-0.023332,-0.007748,-0.035000,-0.014477
11.227398,0.029606,0.015938,-0.023622,-0.007776,-0.034949,-0.015061
11.237459,0.029618,0.016091,-0.023536,-0.007795,-0.035266,-0.015641
11.247519,0.028853,0.016242,-0.023075,-0.007805,-0.034807,-0.016218
11.257581,0.029218,0.016770,-0.023001,-0.007807,-0.034715,-0.016792
11.267641,0.028424,0.016532,-0.022169,-0.007799,-0.033464,-0.017362
11.277703,0.028377,0.016291,-0.022488,-0.007783,-0.032579,-0.017928
11.287763,0.027552,0.016046,-0.021668,-0.007759,-0.030917,-0.018490
11.297824,0.027855,0.016560,-0.021235,-0.007726,-0.030002,-0.019048
11.307883,0.027761,0.016308,-0.020808,-0.007684,-0.026783,-0.019602
11.317943,0.028031,0.016815,-0.021149,-0.007635,-0.025073,-0.020152
11.328003,0.026759,0.016555,-0.020732,-0.007577,-0.021821,-0.020697
11.338062,0.027376,0.016673,-0.020701,-0.007511,-0.020078,-0.021238
11.348129,0.026832,0.017168,-0.020295,-0.007055,-0.018700,-0.021774
11.358190,0.026650,0.017278,-0.020656,-0.007355,-0.019212,-0.022305
11.368249,0.026832,0.017003,-0.020641,-0.006884,-0.017798,-0.022832
11.378309,0.027377,0.017486,-0.020631,-0.006786,-0.016367,-0.023353
11.388369,0.027140,0.016821,-0.020244,-0.007063,-0.014917,-0.023869
11.398428,0.026883,0.016915,-0.020243,-0.006569,-0.015355,-0.024380
11.408489,0.026988,0.016622,-0.019865,-0.006449,-0.016920,-0.024886
11.418549,0.027455,0.017089,-0.020255,-0.006322,-0.018464,-0.025386
11.428608,0.027138,0.016407,-0.020268,-0.006188,-0.019990,-0.025880
11.438668,0.026800,0.016483,-0.020666,-0.006046,-0.021495,-0.026369
11.448730,0.026823,0.016555,-0.020306,-0.005898,-0.022980,-0.026852
11.458791,0.027206,0.017003,-0.020713,-0.005742,-0.024444,-0.027329
11.468854,0.027567,0.017066,-0.021124,-0.005580,-0.025888,-0.023984
11.478917,0.026381,0.016742,-0.021158,-0.005411,-0.027310,-0.023304
11.488976,0.026317,0.016414,-0.021577,-0.005236,-0.028711,-0.023762
11.499036,0.025848,0.016081,-0.021237,-0.005054,-0.030091,-0.024214
11.509095,0.025738,0.016506,-0.021282,-0.004866,-0.031448,-0.024658
11.519154,0.025605,0.016163,-0.020949,-0.004671,-0.032783,-0.025097
11.529214,0.025830,0.015815,-0.021383,-0.004471,-0.034095,-0.025528
11.539274,0.025268,0.015462,-0.021058,-0.004264,-0.035384,-0.025952
11.549333,0.025064,0.015867,-0.021117,-0.004051,-0.036651,-0.026369
11.559392,0.024453,0.015504,-0.020798,-0.003832,-0.037131,-0.026779
11.569451,0.024581,0.015899,-0.020864,-0.003608,-0.037587,-0.027182
11.579510,0.023540,0.015144,-0.020933,-0.003378,-0.036493,-0.027577
11.589569,0.023236,0.015146,-0.021005,-0.003142,-0.035376,-0.027964
11.599630,0.022907,0.015143,-0.020698,-0.002901,-0.033089,-0.028344
11.609696,0.023316,0.015516,-0.020776,-0.002654,-0.031922,-0.028717
11.619761,0.022935,0.015502,-0.020475,-0.002402,-0.028823,-0.029081
11.629814,0.022528,0.015482,-0.020940,-0.002145,-0.026080,-0.029437
11.639876,0.021713,0.015075,-0.020644,-0.001882,-0.019878,-0.029786
11.649936,0.021634,0.015426,-0.020732,-0.001615,-0.016703,-0.011815
11.659998,0.021147,0.015388,-0.020442,-0.001343,-0.013883,-0.011765
11.670060,0.021396,0.015727,-0.020535,-0.001065,-0.012945,-0.012089
11.680122,0.021236,0.015678,-0.020249,-0.000783,-0.010835,-0.012404
11.690184,0.021429,0.015242,-0.020728,-0.000496,-0.009463,-0.012710
11.700245,0.021214,0.015180,-0.020827,-0.000205,-0.007682,-0.013008
11.710308,0.020970,0.015494,-0.020166,0.000091,-0.007018,-0.013297
11.720369,0.021080,0.015421,-0.020651,0.000392,-0.006709,-0.013577
11.730431,0.021161,0.015341,-0.020756,0.000697,-0.006373,-0.013849
11.740493,0.020832,0.015636,-0.021245,0.001006,-0.006772,-0.014111
11.750554,0.020092,0.014780,-0.020972,0.001320,-0.007144,-0.014364
11.760616,0.019706,0.015062,-0.021082,0.001638,-0.007869,-0.014608
11.770677,0.019290,0.015337,-0.020431,0.001960,-0.008948,-0.014843
11.780739,0.019226,0.015224,-0.020925,0.002286,-0.009618,-0.015069
11.790800,0.019132,0.015104,-0.021040,0.002617,-0.010259,-0.015285
11.800862,0.019009,0.014978,-0.021155,0.002951,-0.010871,-0.015491
11.810924,0.018857,0.014463,-0.020509,0.003290,-0.011455,-0.015689
11.820986,0.019055,0.014703,-0.020627,0.003632,-0.012011,-0.015876
11.831047,0.018843,0.014174,-0.020364,0.003978,-0.012537,-0.016054
11.841108,0.018981,0.014400,-0.020865,0.004328,-0.012654,-0.016223
11.851171,0.018708,0.014619,-0.020604,0.004682,-0.012359,-0.016381
11.861235,0.018404,0.014831,-0.021106,0.005040,-0.012418,-0.016530
11.871297,0.017689,0.014654,-0.020847,0.005401,-0.012446,-0.016669
11.881360,0.017705,0.014850,-0.021351,0.005766,-0.012827,-0.016798
11.891422,0.016547,0.014658,-0.021092,0.006135,-0.013179,-0.016917
11.901484,0.016120,0.014457,-0.021597,0.006508,-0.013501,-0.017027
11.911644,0.015282,0.014249,-0.021339,0.006884,-0.013794,-0.017126
11.921706,0.014794,0.014415,-0.021462,0.007264,-0.014057,-0.009967
11.931768,0.015037,0.013809,-0.021586,0.007648,-0.014290,-0.010046
11.941829,0.014487,0.013577,-0.021710,0.008035,-0.014494,-0.010115
11.951891,0.014669,0.014100,-0.021834,0.008426,-0.014667,-0.010174
11.961954,0.014438,0.013851,-0.021577,0.008821,-0.014811,-0.010223
11.972016,0.014557,0.014357,-0.022082,0.009219,-0.014926,-0.010262
11.982077,0.014263,0.014473,-0.022206,0.009621,-0.015010,-0.010290
11.992139,0.014320,0.014581,-0.022711,0.010027,-0.014683,-0.010309
12.002201,0.013964,0.014298,-0.022453,0.010437,-0.014707,-0.010317
12.012263,0.013959,0.014371,-0.022549,0.010841,-0.014702,-0.010316
12.022327,0.013925,0.014026,-0.022223,0.010855,-0.014670,-0.010305
12.032389,0.013867,0.014020,-0.022223,0.011235,-0.014614,-0.010286
12.042443,0.013787,0.013598,-0.021802,0.011604,-0.014537,-0.010260
12.052505,0.013688,0.013135,-0.022090,0.011959,-0.014443,-0.010228
12.062567,0.013574,0.012256,-0.021188,0.012301,-0.014334,-0.006376
12.072630,0.013446,0.012105,-0.020621,0.012630,-0.014211,-0.006334
12.082692,0.013309,0.011916,-0.020004,0.012944,-0.014080,-0.006290
12.092746,0.012782,0.012074,-0.020101,0.013243,-0.013941,-0.006242
12.102809,0.013013,0.011820,-0.019391,0.013528,-0.013415,-0.006193
12.112864,0.012478,0.011910,-0.019009,0.013797,-0.013269,-0.006144
12.122918,0.012324,0.011587,-0.018199,0.014051,-0.013121,-0.006094
12.132962,0.012171,0.011615,-0.018107,0.014290,-0.012975,-0.006044
12.143015,0.012022,0.010846,-0.017963,0.014511,-0.012831,-0.005995
12.153069,0.011876,0.010812,-0.017776,0.014718,-0.012692,-0.005948
12.163130,0.011738,0.010362,-0.017153,0.014907,-0.012560,-0.005903
12.173193,0.011608,0.010265,-0.016485,0.015080,-0.012436,-0.005861
12.183254,0.011487,0.010139,-0.016152,0.015236,-0.012319,-0.005822
12.193272,0.011376,0.009983,-0.015388,0.015376,-0.012214,-0.005786
12.203333,0.011278,0.009796,-0.015336,0.015496,-0.012120,-0.005754
12.213395,0.011193,0.009198,-0.014473,0.015600,-0.012038,-0.005726
12.223456,0.011120,0.008573,-0.014326,0.015686,-0.011969,-0.005703
12.233518,0.011062,0.008301,-0.013368,0.015755,-0.011913,-0.005684
12.243579,0.011018,0.008001,-0.012745,0.015806,-0.011871,-0.005670
12.253642,0.010990,0.007290,-0.011689,0.015839,-0.011844,-0.005661
12.263704,0.010977,0.006933,-0.010968,0.015855,-0.011831,-0.005656
12.273765,0.010977,0.006170,-0.010205,0.015855,-0.011831,-0.005656
12.283827,0.010977,0.005788,-0.009824,0.015855,-0.011831,-0.005656
12.293889,0.010977,0.005025,-0.009061,0.015855,-0.011831,-0.005656
12.303951,0.010977,0.005025,-0.008679,0.015855,-0.011831,-0.005656
12.313971,0.010977,0.005025,-0.008298,0.015855,-0.011831,-0.005656
12.324027,0.010977,0.005025,-0.008298,0.015855,-0.011831,-0.005656
12.334092,0.011065,0.004862,-0.007637,0.015751,-0.011916,-0.005685
12.344118,0.011172,0.004660,-0.007292,0.015624,-0.012019,-0.005720
12.354258,0.011293,0.004425,-0.006893,0.015478,-0.012134,-0.005759
12.364311,0.011425,0.004162,-0.006446,0.015314,-0.012261,-0.005802
12.374373,0.011566,0.003869,-0.005954,0.015134,-0.012396,-0.005848
12.384434,0.011717,0.003543,-0.005408,0.014936,-0.012540,-0.005896
12.394497,0.011874,0.003187,-0.004814,0.014722,-0.012690,-0.005947
12.404559,0.012035,0.002802,-0.004175,0.014492,-0.012845,-0.006000
12.414621,0.012201,0.002382,-0.003484,0.014244,-0.013003,-0.006054
12.424682,0.012367,0.001930,-0.002744,0.013981,-0.013163,-0.006108
12.434743,0.012534,0.001442,-0.001952,0.013701,-0.013322,-0.006162
12.444795,0.012697,0.000924,-0.001116,0.013407,-0.013478,-0.006215
12.454850,0.012474,0.000366,-0.000224,0.013096,-0.013629,-0.006266
12.464912,0.012623,-0.000223,0.000712,0.012772,-0.013772,-0.006315
12.474971,0.012762,-0.000851,0.001700,0.012432,-0.013906,-0.006360
12.485033,0.012996,-0.002216,0.003819,0.011712,-0.014130,-0.006436
12.495095,0.013086,-0.002959,0.004957,0.011330,-0.014215,-0.006465
12.505157,0.012771,-0.003740,0.005761,0.010936,-0.014279,-0.006487
12.515219,0.012811,-0.004562,0.006995,0.010529,-0.014317,-0.006500
12.525281,0.012821,-0.005425,0.008279,0.010110,-0.014327,-0.006503
12.535342,0.012797,-0.006330,0.009612,0.009679,-0.014304,-0.006495
12.545405,0.012737,-0.007277,0.010991,0.009237,-0.014246,-0.006475
12.555466,0.012635,-0.008270,0.012423,0.008784,-0.014148,-0.006442
12.565528,0.012487,-0.009309,0.013904,0.008319,-0.014007,-0.006394
12.575589,0.012291,-0.010010,0.015431,0.007846,-0.013819,-0.006331
12.585666,0.012040,-0.011142,0.016629,0.007362,-0.013579,-0.006249
12.595718,0.011732,-0.012320,0.018253,0.006870,-0.013284,-0.006149
12.605780,0.011362,-0.013546,0.019926,0.006370,-0.012930,-0.006029
12.615843,0.010923,-0.014825,0.021650,0.005861,-0.012511,-0.005887
12.625907,0.010414,-0.015771,0.023037,0.005346,-0.012023,-0.005721
12.635970,0.009829,-0.016769,0.024853,0.004824,-0.011463,-0.005532
12.646033,0.009163,-0.017819,0.026715,0.004296,-0.010826,-0.005316
12.656094,0.008411,-0.018923,0.028243,0.003764,-0.010106,-0.005072
12.666156,0.007569,-0.020082,0.030198,0.003227,-0.009300,-0.004800
12.676217,0.006632,-0.020914,0.031817,0.002686,-0.008403,-0.004497
12.686280,0.005594,-0.022185,0.033862,0.002143,-0.007410,-0.004162
12.696341,0.004452,-0.022749,0.035952,0.001599,-0.006316,-0.003793
12.706404,0.003200,-0.023753,0.037704,0.001054,-0.005118,-0.003390
12.716465,0.001834,-0.024816,0.039498,0.000509,-0.003810,-0.002950
12.726527,0.000730,-0.025557,0.041334,-0.000034,-0.002388,-0.002472
12.736590,-0.000875,-0.025592,0.043206,-0.000573,-0.000850,-0.001957
12.746658,-0.002611,-0.026453,0.045504,-0.001108,0.000812,-0.001401
12.756721,-0.004099,-0.026614,0.047078,-0.001638,0.002602,-0.000803
12.766784,-0.005722,-0.027219,0.048689,-0.002160,0.004523,-0.000162
12.776847,-0.007483,-0.027502,0.050332,-0.002672,0.006193,0.000521
12.786910,-0.009391,-0.027852,0.052396,-0.003175,0.008386,0.001249
12.796974,-0.010681,-0.027881,0.053344,-0.003663,0.010718,0.002022
12.807028,-0.012506,-0.028741,0.055092,-0.004138,0.013198,0.002842
12.817156,-0.014483,-0.028137,0.056866,-0.004595,0.015823,0.003326
12.827215,-0.016620,-0.028366,0.058290,-0.005034,0.018602,0.004240
12.837275,-0.018913,-0.029419,0.059739,-0.005450,0.021532,0.005200
12.847335,-0.021372,-0.029780,0.060070,-0.005843,0.024239,0.006210
12.857394,-0.024754,-0.029823,0.061566,-0.006209,0.027481,0.007267
12.867454,-0.027542,-0.029554,0.062323,-0.006545,0.030886,0.008374
12.877516,-0.030493,-0.030113,0.063858,-0.006848,0.033684,0.009146
12.887578,-0.032847,-0.030357,0.063502,-0.007116,0.035498,0.010347
12.897639,-0.035756,-0.031435,0.064307,-0.007345,0.038242,0.011598
12.907699,-0.037683,-0.031052,0.065120,-0.007532,0.041524,0.012895
12.917761,-0.040159,-0.032262,0.065561,-0.007673,0.044966,0.014238
12.927821,-0.041656,-0.031632,0.065625,-0.007765,0.046661,0.015627
12.937883,-0.044467,-0.032981,0.066841,-0.007804,0.048902,0.017062
12.947942,-0.045530,-0.033250,0.066528,-0.007787,0.050151,0.018540
12.958002,-0.047896,-0.034349,0.066974,-0.007708,0.051553,0.020060
12.968063,-0.048513,-0.034370,0.066652,-0.007566,0.051964,0.021622
12.978126,-0.051572,-0.035603,0.067466,-0.007355,0.053286,0.023223
12.988187,-0.051731,-0.036138,0.066741,-0.007072,0.052846,0.024863
12.998250,-0.054331,-0.036744,0.067529,-0.006712,0.053318,0.026541
13.008310,-0.055159,-0.037031,0.066389,-0.006271,0.051631,0.028253
13.018370,-0.057268,-0.038144,0.067133,-0.005746,0.053128,0.029997
13.028432,-0.057600,-0.038940,0.066707,-0.005132,0.050937,0.031772
13.038492,-0.060346,-0.040181,0.066633,-0.004425,0.051538,0.033577
13.048554,-0.062066,-0.041485,0.067288,-0.003621,0.052635,0.035408
13.058616,-0.062372,-0.041324,0.065618,-0.002716,0.051552,0.037263
13.068679,-0.064690,-0.043131,0.066197,-0.001706,0.052859,0.039142
13.078739,-0.064435,-0.042710,0.065205,-0.000587,0.052354,0.041040
13.088790,-0.067322,-0.044254,0.065311,0.000644,0.053462,0.042955
13.098851,-0.066857,-0.044329,0.063457,0.001991,0.052361,0.044887
13.108911,-0.069136,-0.045987,0.063455,0.003458,0.054002,0.046831
13.118971,-0.068429,-0.045410,0.063012,0.005048,0.053037,0.048785
13.129026,-0.070449,-0.046030,0.063270,0.006763,0.054417,0.046171
13.139081,-0.069840,-0.046697,0.061551,0.008606,0.054312,0.048138
13.149143,-0.071948,-0.048182,0.060909,0.010583,0.056922,0.050110
13.159205,-0.071035,-0.047044,0.060193,0.012694,0.056512,0.052083
13.169266,-0.073197,-0.049003,0.059780,0.014943,0.058033,0.054056
13.179327,-0.071939,-0.048719,0.058523,0.017331,0.056897,0.056025
13.189389,-0.073738,-0.049620,0.057944,0.019860,0.058056,0.057989
13.199451,-0.072483,-0.049798,0.056132,0.022532,0.056924,0.059946
13.209512,-0.073879,-0.051153,0.056133,0.025347,0.059208,0.061890
13.219574,-0.073354,-0.050259,0.054515,0.027929,0.058810,0.063825
13.229635,-0.074709,-0.052068,0.053942,0.031039,0.060293,0.065747
13.239697,-0.073359,-0.051236,0.052122,0.034298,0.058310,0.067653
13.249759,-0.074635,-0.052339,0.051723,0.037706,0.059338,0.069543
13.259929,-0.073185,-0.051936,0.050069,0.041260,0.057260,0.071412
13.269971,-0.074353,-0.053085,0.049449,0.044966,0.058184,0.073262
13.280025,-0.075839,-0.053870,0.048332,0.048059,0.059048,0.075090
13.290087,-0.073434,-0.053522,0.046333,0.051680,0.057930,0.076893
13.300148,-0.074771,-0.054335,0.045359,0.055833,0.059034,0.078674
13.310209,-0.072975,-0.054012,0.043498,0.060135,0.056625,0.036177
13.320271,-0.073761,-0.054838,0.042273,0.064584,0.056420,0.037904
13.330333,-0.071778,-0.053755,0.040919,0.067267,0.054213,0.039602
13.340395,-0.071990,-0.054582,0.039816,0.070098,0.054968,0.041272
13.350457,-0.070192,-0.053495,0.038578,0.071547,0.053717,0.042913
13.360518,-0.070571,-0.054303,0.037967,0.073894,0.055029,0.044520
13.370581,-0.068554,-0.053194,0.036836,0.074477,0.053186,0.046098
13.380642,-0.068712,-0.053975,0.035946,0.076341,0.054285,0.047643
13.390689,-0.066840,-0.052824,0.034533,0.076808,0.052214,0.017110
13.400750,-0.066758,-0.053176,0.033356,0.078935,0.052700,0.018588
13.410811,-0.065022,-0.051970,0.031652,0.079279,0.051538,0.020031
13.420872,-0.065072,-0.052259,0.029801,0.081659,0.053309,0.021440
13.430934,-0.063085,-0.050220,0.027800,0.082253,0.051904,0.022814
13.440999,-0.063253,-0.050806,0.025651,0.084867,0.052659,0.024152
13.451059,-0.061384,-0.049058,0.023349,0.085691,0.050237,0.025455
13.461119,-0.060903,-0.049544,0.021278,0.088145,0.050352,0.026722
13.471181,-0.059146,-0.047687,0.019434,0.088038,0.048433,0.027953
13.481240,-0.059157,-0.048054,0.017056,0.090315,0.048668,0.029146
13.491404,-0.057125,-0.046068,0.014904,0.090022,0.046484,0.030304
13.501467,-0.056859,-0.047059,0.012599,0.091721,0.046833,0.031425
13.511527,-0.056838,-0.047214,0.010520,0.093509,0.047051,0.032509
13.521588,-0.054767,-0.045376,0.007906,0.093082,0.046368,0.033556
13.531646,-0.054466,-0.045742,0.005136,0.095022,0.046697,0.034567
13.541707,-0.052495,-0.043724,0.002215,0.095116,0.044216,0.035540
13.551770,-0.051911,-0.043899,-0.000862,0.096800,0.043509,0.036477
13.561833,-0.050039,-0.042060,-0.004089,0.096245,0.041138,0.037376
13.571895,-0.049173,-0.041641,-0.007088,0.098029,0.040920,0.038239
13.581956,-0.047018,-0.039577,-0.010617,0.097558,0.039419,0.039064
13.592013,-0.047393,-0.039684,-0.014296,0.099412,0.038928,0.039853
13.602075,-0.044955,-0.037373,-0.017739,0.098233,0.037154,0.040605
13.612135,-0.044663,-0.036835,-0.021326,0.100120,0.036768,0.041320
13.622196,-0.042706,-0.035017,-0.025059,0.098967,0.034721,0.041999
13.632259,-0.042131,-0.034576,-0.028930,0.100477,0.035588,0.042640
13.642321,-0.040271,-0.032460,-0.032560,0.098928,0.035556,0.043245
13.652383,-0.039794,-0.032090,-0.036323,0.100023,0.035385,0.043813
13.662446,-0.038413,-0.029650,-0.039839,0.098039,0.034316,0.044344
13.672508,-0.037270,-0.028944,-0.043480,0.099061,0.033871,0.044838
13.682569,-0.035985,-0.027296,-0.046102,0.096597,0.032144,0.045295
13.692631,-0.034940,-0.026608,-0.049993,0.097126,0.031425,0.045716
13.702745,-0.033369,-0.024962,-0.052472,0.094905,0.030185,0.046099
13.712807,-0.032419,-0.023880,-0.055826,0.095267,0.030334,0.046446
13.722869,-0.031707,-0.023735,-0.059292,0.095916,0.029581,0.046755
13.732930,-0.030087,-0.021849,-0.061331,0.093398,0.027544,0.047027
13.742993,-0.029086,-0.020503,-0.064230,0.093806,0.026894,0.047262
13.753047,-0.027940,-0.018546,-0.065318,0.090647,0.025722,0.047459
13.763101,-0.027029,-0.017494,-0.068777,0.090766,0.025552,0.047618
13.773153,-0.025589,-0.015815,-0.070027,0.088429,0.024860,0.034006
13.783206,-0.024765,-0.014645,-0.072499,0.088587,0.024787,0.034089
13.793259,-0.023028,-0.012450,-0.074270,0.085493,0.024571,0.034133
13.803312,-0.021904,-0.010748,-0.077246,0.085240,0.024209,0.034138
13.813365,-0.020246,-0.008386,-0.077602,0.082853,0.022556,0.034104
13.823417,-0.019580,-0.006500,-0.079915,0.082516,0.021899,0.034030
13.833479,-0.017996,-0.004319,-0.080352,0.078866,0.021475,0.033917
13.843541,-0.017400,-0.002218,-0.082725,0.078374,0.020899,0.033762
13.853603,-0.015882,0.000959,-0.082831,0.074542,0.020170,0.033567
13.863664,-0.014967,0.003689,-0.084851,0.073831,0.019285,0.002430
13.873726,-0.013888,0.006364,-0.084582,0.070507,0.018244,0.002151
13.883787,-0.012645,0.009373,-0.086211,0.069129,0.017043,0.001830
13.893850,-0.011234,0.012722,-0.085914,0.066248,0.015680,0.001464
13.903912,-0.009652,0.016421,-0.087117,0.064900,0.014152,0.001055
13.913971,-0.008279,0.019708,-0.085987,0.062013,0.012457,0.000601
13.924026,-0.006349,0.023735,-0.087858,0.060624,0.010593,0.000101
13.934087,-0.004239,0.027745,-0.088903,0.059193,0.008555,-0.000445
13.944149,-0.002326,0.031744,-0.087971,0.056558,0.006339,-0.001039
13.954210,0.000152,0.035350,-0.088857,0.054231,0.003945,-0.001681
13.964272,0.002057,0.039329,-0.087738,0.050673,0.001368,-0.002371
13.974333,0.004537,0.044446,-0.088035,0.048158,-0.001396,-0.003112
13.984395,0.007215,0.048031,-0.086304,0.045151,-0.003969,-0.003905
13.994456,0.010093,0.052752,-0.086345,0.042021,-0.007118,-0.004749
14.004518,0.012798,0.056323,-0.084337,0.038377,-0.010467,-0.005647
14.014581,0.016091,0.061400,-0.084073,0.035740,-0.014017,-0.006600
14.024643,0.019217,0.064548,-0.082113,0.032579,-0.017773,-0.007608
14.034704,0.022562,0.069572,-0.081495,0.028889,-0.021740,-0.008673
14.044763,0.025366,0.072648,-0.078392,0.024670,-0.025923,-0.009796
14.054823,0.028398,0.077578,-0.077371,0.019923,-0.029943,-0.010216
14.064885,0.032042,0.080150,-0.073842,0.015035,-0.032661,-0.011459
14.074944,0.036305,0.084925,-0.072371,0.009249,-0.035226,-0.012764
14.085005,0.044415,0.097576,-0.072132,-0.003833,-0.041822,-0.015567
14.095070,0.048268,0.102728,-0.070289,-0.010714,-0.043952,-0.017067
14.105129,0.051229,0.104267,-0.065887,-0.017672,-0.045562,-0.018633
14.115189,0.054447,0.108267,-0.063496,-0.025447,-0.048184,-0.020269
14.125250,0.057162,0.108975,-0.058911,-0.032488,-0.049148,-0.021973
14.135311,0.060521,0.112843,-0.055560,-0.040292,-0.051129,-0.023749
14.145373,0.064146,0.116020,-0.053056,-0.047302,-0.052222,-0.025597
14.155432,0.065749,0.115037,-0.048343,-0.053105,-0.051283,-0.027517
14.165496,0.068765,0.117867,-0.045230,-0.059569,-0.053655,-0.029512
14.175555,0.070142,0.115697,-0.041047,-0.063989,-0.052471,-0.027766
14.185616,0.073314,0.117263,-0.038080,-0.069756,-0.054597,-0.029909
14.195677,0.074463,0.114132,-0.033660,-0.072635,-0.054691,-0.032129
14.205739,0.077785,0.115802,-0.030838,-0.077542,-0.057711,-0.034423
14.215798,0.078696,0.112316,-0.026566,-0.079094,-0.057929,-0.036793
14.225852,0.082153,0.113556,-0.023516,-0.082972,-0.060681,-0.039238
14.235911,0.082805,0.109186,-0.018641,-0.083411,-0.061384,-0.041757
14.245973,0.085988,0.108326,-0.016143,-0.086855,-0.064987,-0.044350
14.256036,0.086730,0.102553,-0.012213,-0.086398,-0.064616,-0.047013
14.266097,0.089979,0.101754,-0.009146,-0.089249,-0.067505,-0.049747
14.276158,0.089999,0.096366,-0.005425,-0.088506,-0.068300,-0.052547
14.286218,0.093259,0.095138,-0.002203,-0.090620,-0.071564,-0.055411
14.296280,0.093255,0.089274,0.001656,-0.088693,-0.070793,-0.058335
14.306342,0.096451,0.087911,0.004617,-0.090325,-0.074360,-0.061316
14.316404,0.096340,0.081497,0.008196,-0.087862,-0.074230,-0.064347
14.326466,0.099762,0.079937,0.011620,-0.088910,-0.076865,-0.067423
14.336525,0.099059,0.074066,0.015259,-0.085821,-0.076133,-0.070538
14.346585,0.102212,0.071508,0.019104,-0.086209,-0.079253,-0.073684
14.356645,0.104993,0.069206,0.023143,-0.086627,-0.082379,-0.076853
14.366704,0.103933,0.062963,0.027367,-0.083253,-0.081662,-0.080037
14.376766,0.106243,0.059649,0.031766,-0.082947,-0.083933,-0.083224
14.386825,0.104629,0.053541,0.035944,-0.078836,-0.080755,-0.086403
14.396887,0.106694,0.050372,0.040661,-0.078177,-0.081258,-0.089566
14.406946,0.103997,0.044427,0.045141,-0.073721,-0.078148,-0.092699
14.417006,0.105270,0.041056,0.049758,-0.072723,-0.079777,-0.072900
14.427069,0.102077,0.035310,0.054501,-0.068326,-0.076564,-0.062962
14.437129,0.102765,0.031781,0.059362,-0.067026,-0.077625,-0.065923
14.447189,0.098900,0.026285,0.063190,-0.062733,-0.074143,-0.068798
14.457248,0.099593,0.023033,0.067882,-0.060802,-0.074851,-0.071572
14.467309,0.095260,0.018609,0.071522,-0.055907,-0.070930,-0.074229
14.477370,0.094646,0.015316,0.075633,-0.053794,-0.071126,-0.076757
14.487430,0.090076,0.010883,0.078681,-0.048755,-0.067767,-0.079139
14.497489,0.088381,0.008758,0.082946,-0.046532,-0.067686,-0.081361
14.507548,0.082659,0.005146,0.085752,-0.042184,-0.063220,-0.083409
14.517608,0.080888,0.001970,0.089376,-0.040688,-0.061203,-0.085270
14.527666,0.075037,-0.001137,0.091149,-0.037105,-0.056275,-0.086933
14.537723,0.072324,-0.003774,0.094875,-0.035648,-0.054515,-0.030021
14.547830,0.065483,-0.006690,0.097114,-0.032516,-0.050180,-0.031258
14.557889,0.062507,-0.009869,0.100529,-0.031157,-0.048597,-0.032268
14.567951,0.058423,-0.012912,0.103582,-0.030057,-0.046318,-0.033045
14.578012,0.052084,-0.016188,0.104366,-0.027320,-0.040670,-0.033588
14.588074,0.047679,-0.019302,0.107447,-0.026388,-0.037750,-0.033892
14.598133,0.040631,-0.022239,0.108621,-0.023832,-0.032983,-0.033957
14.608195,0.035906,-0.025747,0.110927,-0.023090,-0.030569,-0.033785
14.618258,0.029315,-0.028291,0.111694,-0.021114,-0.027084,-0.033379
14.628318,0.023541,-0.031765,0.113197,-0.020572,-0.023302,-0.032744
14.638380,0.017077,-0.033869,0.113139,-0.019176,-0.018095,-0.031887
14.648439,0.011850,-0.037258,0.115322,-0.018826,-0.013773,-0.030816
14.658497,0.005212,-0.039259,0.114784,-0.017613,-0.009974,-0.029540
14.668557,-0.000902,-0.042147,0.116090,-0.017056,-0.005199,-0.004038
14.678619,-0.006840,-0.043620,0.114650,-0.015621,-0.000241,-0.002007
14.688681,-0.012578,-0.046728,0.115802,-0.015209,0.005256,-0.000188
14.698744,-0.018078,-0.048025,0.113811,-0.014665,0.011257,0.001788
14.708803,-0.024444,-0.050552,0.115151,-0.014363,0.017725,0.003904
14.718861,-0.030121,-0.050874,0.112572,-0.013150,0.024632,0.006150
14.728921,-0.036595,-0.053940,0.112929,-0.012542,0.031939,0.008509
14.738981,-0.042676,-0.054016,0.110108,-0.011769,0.039602,0.010967
14.749034,-0.049098,-0.055680,0.110591,-0.011585,0.047214,0.013513
14.759173,-0.054675,-0.056252,0.107886,-0.010840,0.055115,0.016132
14.769231,-0.060886,-0.058390,0.107704,-0.009907,0.062117,0.018810
14.779293,-0.066943,-0.060190,0.106994,-0.008783,0.068577,0.021537
14.789356,-0.070508,-0.060493,0.103838,-0.007462,0.073303,0.024298
14.799415,-0.076135,-0.061590,0.103195,-0.005940,0.077418,0.027087
14.809477,-0.078445,-0.061944,0.099719,-0.004215,0.078595,0.029890
14.819537,-0.082355,-0.063454,0.098744,-0.002668,0.082898,0.032697
14.829598,-0.084034,-0.063070,0.095694,-0.001296,0.083444,0.035502
14.839657,-0.087254,-0.064594,0.094376,0.000280,0.086296,0.038293
14.849716,-0.087423,-0.063831,0.091360,0.002061,0.083429,0.041068
14.859776,-0.090607,-0.065348,0.089692,0.004043,0.084342,0.043816
14.869837,-0.089546,-0.064187,0.086323,0.006225,0.080634,0.046535
14.879899,-0.092217,-0.065676,0.085063,0.008602,0.081426,0.048834
14.889952,-0.090985,-0.064478,0.081338,0.010791,0.077175,0.051475
14.900012,-0.092685,-0.065921,0.079723,0.013546,0.077007,0.054071
14.910073,-0.090829,-0.064287,0.075644,0.016486,0.072527,0.056619
14.920132,-0.092258,-0.065666,0.074438,0.019599,0.072101,0.059115
14.930191,-0.090105,-0.063959,0.070770,0.022886,0.066955,0.061560
14.940251,-0.091595,-0.065257,0.069216,0.026334,0.066985,0.063948
14.950312,-0.089101,-0.063844,0.065966,0.029942,0.063422,0.066280
14.960372,-0.090234,-0.064664,0.064452,0.033317,0.064255,0.068553
14.970441,-0.087363,-0.063142,0.060863,0.036836,0.061856,0.070767
14.980499,-0.088120,-0.064238,0.059017,0.040494,0.062710,0.072924
14.990560,-0.089055,-0.065269,0.057771,0.043897,0.063369,0.029242
15.000624,-0.085599,-0.063189,0.054459,0.047426,0.060789,0.030135
15.010688,-0.086131,-0.064090,0.052515,0.050685,0.062205,0.032112
15.020749,-0.082645,-0.062251,0.050036,0.053289,0.060373,0.034029
15.030808,-0.083156,-0.062633,0.048552,0.055997,0.061021,0.035889
15.040868,-0.079644,-0.060647,0.045776,0.058032,0.058417,0.037690
15.050928,-0.079363,-0.060872,0.044001,0.060916,0.059432,0.039433
15.060991,-0.075834,-0.058734,0.042086,0.062738,0.057969,0.041122
15.071049,-0.075915,-0.058798,0.040797,0.065393,0.058980,0.042754
15.081110,-0.071985,-0.056871,0.038232,0.065823,0.057513,0.044331
15.091161,-0.072062,-0.056770,0.037063,0.068225,0.058533,0.045856
15.101222,-0.068892,-0.054671,0.035007,0.068767,0.057076,0.047328
15.111275,-0.068203,-0.054771,0.033592,0.070500,0.057345,0.048748
15.121337,-0.065424,-0.052493,0.031298,0.071127,0.055529,0.025323
15.131391,-0.065138,-0.052415,0.029652,0.073319,0.056214,0.026646
15.141445,-0.062382,-0.049952,0.027517,0.074390,0.054435,0.027920
15.151499,-0.061742,-0.049685,0.026039,0.076626,0.054778,0.029148
15.161551,-0.059026,-0.047033,0.024079,0.076590,0.051906,0.030331
15.171604,-0.058815,-0.047338,0.022784,0.078471,0.051545,0.031470
15.181666,-0.056540,-0.045261,0.021395,0.078456,0.048362,0.032567
15.191730,-0.055630,-0.044992,0.019917,0.079581,0.048458,0.033622
15.201869,-0.053423,-0.043100,0.018355,0.079174,0.046118,0.034636
15.211933,-0.053357,-0.043017,0.016711,0.080284,0.045160,0.035611
15.221995,-0.052764,-0.042837,0.014990,0.081760,0.044444,0.036548
15.232057,-0.050124,-0.040651,0.013196,0.081311,0.042066,0.037448
15.242121,-0.050017,-0.039894,0.011333,0.083127,0.042227,0.038312
15.252182,-0.047871,-0.037894,0.009404,0.082245,0.040735,0.039142
15.262245,-0.047884,-0.037705,0.007795,0.083620,0.040262,0.039938
15.272308,-0.045484,-0.035129,0.005366,0.083053,0.037380,0.040701
15.282369,-0.044871,-0.034364,0.003645,0.083972,0.036670,0.041433
15.292432,-0.043377,-0.032740,0.001493,0.082941,0.034321,0.042133
15.302495,-0.042532,-0.032164,-0.000706,0.083772,0.034532,0.042805
15.312556,-0.040813,-0.029967,-0.002947,0.082264,0.033111,0.043447
15.322619,-0.040133,-0.029965,-0.004847,0.083374,0.033112,0.044062
15.332680,-0.039349,-0.027581,-0.006782,0.082140,0.031869,0.044650
15.342742,-0.038465,-0.027774,-0.009131,0.082755,0.032055,0.045211
15.352805,-0.037102,-0.025968,-0.011127,0.081401,0.031385,0.045748
15.362869,-0.036788,-0.025595,-0.013146,0.081887,0.032148,0.046259
15.372930,-0.035622,-0.023990,-0.015571,0.080404,0.033207,0.046748
15.382993,-0.035132,-0.023824,-0.017634,0.081142,0.033418,0.047214
15.393057,-0.033794,-0.022425,-0.019712,0.079522,0.032022,0.047658
15.403121,-0.033138,-0.022086,-0.021803,0.079737,0.031691,0.027099
15.413228,-0.032019,-0.020515,-0.023519,0.077966,0.030519,0.027501
15.423290,-0.031970,-0.020389,-0.025626,0.078031,0.031183,0.027883
15.433352,-0.031465,-0.020182,-0.028118,0.077639,0.031394,0.028247
15.443416,-0.030126,-0.019130,-0.029845,0.075638,0.029627,0.028591
15.453477,-0.029863,-0.019146,-0.031191,0.075469,0.029703,0.028918
15.463539,-0.028772,-0.017560,-0.032534,0.073694,0.028571,0.029228
15.473603,-0.028379,-0.017423,-0.033866,0.073359,0.026995,0.029522
15.483664,-0.027544,-0.016451,-0.034809,0.071038,0.025742,0.029799
15.493726,-0.027412,-0.016551,-0.035738,0.071300,0.025957,0.030061
15.503787,-0.026843,-0.016201,-0.035892,0.069193,0.024212,0.030309
15.513849,-0.026219,-0.016545,-0.036789,0.068524,0.023175,0.030543
15.523912,-0.024779,-0.016060,-0.037285,0.067007,0.021706,0.008255
15.533972,-0.024435,-0.015512,-0.037763,0.067317,0.020953,0.008462
15.544027,-0.024041,-0.014901,-0.037452,0.065249,0.019771,0.008657
15.554090,-0.023601,-0.014993,-0.038259,0.065384,0.020070,0.008839
15.564151,-0.023118,-0.014647,-0.037898,0.063149,0.019946,0.009010
15.574213,-0.022973,-0.014624,-0.038268,0.063114,0.020161,0.004211
15.584276,-0.022788,-0.013785,-0.037844,0.061468,0.020337,0.004360
15.594340,-0.022945,-0.013656,-0.038149,0.061644,0.020858,0.004500
15.604402,-0.022684,-0.013096,-0.038039,0.060592,0.020961,0.004630
15.614464,-0.022387,-0.012870,-0.038274,0.060600,0.021412,0.004751
15.624525,-0.022057,-0.012979,-0.037328,0.059762,0.021830,0.004863
15.634587,-0.021696,-0.012663,-0.037868,0.059604,0.022217,0.004966
15.644651,-0.021303,-0.012304,-0.038368,0.059746,0.022576,0.005062
15.654711,-0.020883,-0.011144,-0.036919,0.059424,0.022906,0.005151
15.664771,-0.020434,-0.010326,-0.037334,0.059785,0.022829,0.005232
15.674828,-0.019578,-0.009473,-0.036557,0.058917,0.023107,0.005307
15.684889,-0.019080,-0.008967,-0.036500,0.058737,0.023363,0.005376
15.694951,-0.018558,-0.008811,-0.035631,0.057711,0.023596,0.005438
15.705014,-0.018596,-0.008412,-0.037187,0.060012,0.024001,0.005546
15.715078,-0.018395,-0.008173,-0.035412,0.058761,0.024175,0.005593
15.725139,-0.018558,-0.007528,-0.035111,0.058578,0.024332,0.005635
15.735201,-0.018704,-0.006480,-0.033994,0.057557,0.024473,0.005673
15.745262,-0.018834,-0.006174,-0.033589,0.057608,0.024599,0.005707
15.755325,-0.018951,-0.005849,-0.031987,0.056826,0.024712,0.005737
15.765383,-0.019054,-0.005507,-0.031475,0.056736,0.024430,0.005764
15.775444,-0.019145,-0.004769,-0.029765,0.055051,0.023373,0.005787
15.785504,-0.019224,-0.004399,-0.028760,0.054820,0.022305,0.005808
15.795566,-0.019293,-0.004017,-0.027321,0.053762,0.021991,0.005826
15.805625,-0.019353,-0.004006,-0.026587,0.053779,0.022049,0.005841
15.815686,-0.019023,-0.003986,-0.025032,0.053348,0.022099,0.005855
15.825748,-0.019449,-0.003577,-0.024187,0.053239,0.021760,0.005866
15.835815,-0.019486,-0.003543,-0.022516,0.053442,0.021795,0.005875
15.845876,-0.019517,-0.003505,-0.021934,0.053203,0.021825,0.005884
15.855936,-0.019161,-0.003463,-0.021673,0.053281,0.021850,0.005890
15.865998,-0.019182,-0.003037,-0.020212,0.052538,0.021870,0.005896
15.876061,-0.019199,-0.002991,-0.019453,0.052115,0.021887,0.005900
15.886125,-0.019212,-0.002945,-0.018249,0.050484,0.021899,0.005903
15.896185,-0.019222,-0.002900,-0.017371,0.049560,0.021909,0.005906
15.906246,-0.019230,-0.002474,-0.016049,0.048195,0.021917,0.005908
15.916306,-0.019236,-0.002433,-0.015427,0.047532,0.021923,0.005910
15.926368,-0.019240,-0.002395,-0.014367,0.046815,0.021927,0.005911
15.936428,-0.019243,-0.002361,-0.013624,0.047182,0.021930,0.005911
15.946491,-0.018864,-0.001949,-0.013201,0.047492,0.021931,0.005912
15.956555,-0.018865,-0.001924,-0.012720,0.047748,0.021933,0.005912
15.966615,-0.018866,-0.001904,-0.012555,0.047945,0.021933,0.005912
15.976678,-0.018866,-0.001508,-0.011949,0.048088,0.021934,0.005913
15.986737,-0.018866,-0.001499,-0.011280,0.048172,0.021934,0.005913
15.996800,-0.018866,-0.001496,-0.010546,0.048199,0.021934,0.005913
