t,q1,q2,q3,q4,q5,q6
0.000000,-0.338178,0.606737,-0.406844,-0.388533,-0.009728,-0.005531
0.010054,-0.338178,0.606737,-0.406844,-0.388533,-0.009728,-0.005531
0.020107,-0.338178,0.606737,-0.406844,-0.388533,-0.009728,-0.005531
0.030159,-0.338178,0.606737,-0.406844,-0.388533,-0.009728,-0.005531
0.040210,-0.338178,0.606737,-0.406844,-0.388533,-0.009728,-0.005531
0.050261,-0.338178,0.606737,-0.406844,-0.388533,-0.009728,-0.005531
0.060312,-0.338178,0.606737,-0.406844,-0.388533,-0.009728,-0.005531
0.070365,-0.338178,0.606737,-0.406844,-0.388533,-0.009728,-0.005531
0.080416,-0.338178,0.606737,-0.406844,-0.388533,-0.009728,-0.005531
0.090468,-0.338178,0.606737,-0.406844,-0.388533,-0.009728,-0.005531
0.100520,-0.338178,0.606737,-0.406844,-0.388533,-0.009728,-0.005531
0.110573,-0.338178,0.606737,-0.406844,-0.388533,-0.009728,-0.005531
0.120625,-0.338178,0.606737,-0.406844,-0.388533,-0.009728,-0.005531
0.130677,-0.338178,0.606737,-0.406844,-0.388533,-0.009728,-0.005531
0.140730,-0.338178,0.606737,-0.406844,-0.388533,-0.009728,-0.005531
0.150782,-0.338178,0.606737,-0.406844,-0.388533,-0.009728,-0.005531
0.160833,-0.338178,0.606737,-0.406844,-0.388533,-0.009728,-0.005531
0.170885,-0.338178,0.606737,-0.406844,-0.388533,-0.009728,-0.005531
0.180938,-0.338178,0.606737,-0.406844,-0.388533,-0.009728,-0.005531
0.190961,-0.338178,0.606737,-0.406844,-0.388533,-0.009728,-0.005531
0.201015,-0.338178,0.606737,-0.406844,-0.388533,-0.009728,-0.005531
0.211067,-0.338178,0.606737,-0.406844,-0.388533,-0.009728,-0.005531
0.221119,-0.338178,0.606737,-0.406844,-0.388533,-0.009728,-0.005531
0.231172,-0.338178,0.606737,-0.406844,-0.388533,-0.009728,-0.005531
0.241227,-0.338178,0.606737,-0.406844,-0.388533,-0.009728,-0.005531
0.251280,-0.338178,0.606737,-0.406844,-0.388533,-0.009728,-0.005531
0.261332,-0.338178,0.606737,-0.406844,-0.388533,-0.009728,-0.005531
0.271385,-0.338178,0.606737,-0.406844,-0.388533,-0.009728,-0.005531
0.281437,-0.338178,0.606737,-0.406844,-0.388533,-0.009728,-0.005531
0.291489,-0.338178,0.606737,-0.406844,-0.388533,-0.009728,-0.005531
0.301540,-0.338178,0.606737,-0.406844,-0.388533,-0.009728,-0.005531
0.311592,-0.338178,0.606737,-0.406844,-0.388533,-0.009728,-0.005531
0.321643,-0.338178,0.606737,-0.406844,-0.388533,-0.009728,-0.005531
0.331695,-0.338178,0.606737,-0.406844,-0.388533,-0.009728,-0.005531
0.341747,-0.338178,0.606737,-0.406844,-0.388533,-0.009728,-0.005531
0.351798,-0.338178,0.606737,-0.406844,-0.388533,-0.009728,-0.005531
0.361851,-0.338178,0.606737,-0.406844,-0.388533,-0.009728,-0.005531
0.371903,-0.338178,0.606737,-0.406844,-0.388533,-0.009728,-0.005531
0.381954,-0.338178,0.606737,-0.406844,-0.388533,-0.009728,-0.005531
0.391961,-0.338178,0.606737,-0.406844,-0.388533,-0.009728,-0.005531
0.401975,-0.338178,0.606737,-0.406844,-0.388533,-0.009728,-0.005531
0.412027,-0.338178,0.606737,-0.406844,-0.388533,-0.009728,-0.005531
0.422079,-0.338178,0.606737,-0.406844,-0.388533,-0.009728,-0.005531
0.432131,-0.338178,0.606737,-0.406844,-0.388533,-0.009728,-0.005531
0.442184,-0.338178,0.606737,-0.406844,-0.388533,-0.009728,-0.005531
0.452235,-0.338178,0.606737,-0.406844,-0.388533,-0.009728,-0.005531
0.462288,-0.338178,0.606737,-0.406844,-0.388533,-0.009728,-0.005531
0.472340,-0.338178,0.606737,-0.406844,-0.388533,-0.009728,-0.005531
0.482392,-0.338178,0.606737,-0.406844,-0.388533,-0.009728,-0.005531
0.492443,-0.338178,0.606737,-0.406844,-0.388533,-0.009728,-0.005531
0.502495,-0.338178,0.606737,-0.406844,-0.388533,-0.009728,-0.005531
0.512546,-0.338178,0.606737,-0.406844,-0.388533,-0.009728,-0.005531
0.522597,-0.338178,0.606737,-0.406844,-0.388533,-0.009728,-0.005531
0.532649,-0.338178,0.606737,-0.406844,-0.388533,-0.009728,-0.005531
0.542714,-0.338178,0.606737,-0.406844,-0.388533,-0.009728,-0.005531
0.552777,-0.338178,0.606737,-0.406844,-0.388533,-0.009728,-0.005531
0.562838,-0.338178,0.606737,-0.406844,-0.388533,-0.009728,-0.005531
0.572891,-0.338178,0.606737,-0.406844,-0.388533,-0.009728,-0.005531
0.582944,-0.338178,0.606737,-0.406844,-0.388533,-0.009728,-0.005531
0.592961,-0.338178,0.606737,-0.406844,-0.388533,-0.009728,-0.005531
0.603015,-0.338178,0.606737,-0.406844,-0.388533,-0.009728,-0.005531
0.613067,-0.338178,0.606737,-0.406844,-0.388533,-0.009728,-0.005531
0.623122,-0.338178,0.606737,-0.406844,-0.388533,-0.009728,-0.005531
0.633175,-0.338178,0.606737,-0.406844,-0.388533,-0.009728,-0.005531
0.643228,-0.338178,0.606737,-0.406844,-0.388533,-0.009728,-0.005531
0.653280,-0.338178,0.606737,-0.406844,-0.388533,-0.009728,-0.005531
0.663334,-0.338178,0.606737,-0.406844,-0.388533,-0.009728,-0.005531
0.673387,-0.338178,0.606737,-0.406844,-0.388533,-0.009728,-0.005531
0.683440,-0.338178,0.606737,-0.406844,-0.388533,-0.009728,-0.005531
0.693493,-0.338178,0.606737,-0.406844,-0.388533,-0.009728,-0.005531
0.703546,-0.338178,0.606737,-0.406844,-0.388533,-0.009728,-0.005531
0.713601,-0.338178,0.606737,-0.406844,-0.388533,-0.009728,-0.005531
0.723655,-0.338178,0.606737,-0.406844,-0.388533,-0.009728,-0.005531
0.733705,-0.338178,0.606737,-0.406844,-0.388533,-0.009728,-0.005531
0.743766,-0.338178,0.606737,-0.406844,-0.388533,-0.009728,-0.005531
0.753829,-0.338178,0.606737,-0.406844,-0.388533,-0.009728,-0.005531
0.763887,-0.338178,0.606737,-0.406844,-0.388533,-0.009728,-0.005531
0.773946,-0.338178,0.606737,-0.406844,-0.388533,-0.009728,-0.005531
0.783972,-0.338178,0.606737,-0.406844,-0.388533,-0.009728,-0.005531
0.794034,-0.338178,0.606737,-0.406844,-0.388533,-0.009728,-0.005531
0.804091,-0.338178,0.606737,-0.406844,-0.388533,-0.009728,-0.005531
0.814144,-0.338178,0.606737,-0.406844,-0.388533,-0.009728,-0.005531
0.824197,-0.338178,0.606737,-0.406844,-0.388533,-0.009728,-0.005531
0.834250,-0.338178,0.606737,-0.406844,-0.388533,-0.009728,-0.005531
0.844301,-0.338178,0.606737,-0.406844,-0.388533,-0.009728,-0.005531
0.854362,-0.338178,0.606737,-0.406844,-0.388533,-0.009728,-0.005531
0.864421,-0.338178,0.606737,-0.406844,-0.388533,-0.009728,-0.005531
0.874483,-0.338178,0.606737,-0.406844,-0.388533,-0.009728,-0.005531
0.884536,-0.338178,0.606737,-0.407225,-0.388533,-0.009728,-0.005531
0.894588,-0.338178,0.606737,-0.407225,-0.388533,-0.009728,-0.005531
0.904649,-0.338178,0.606737,-0.407225,-0.388533,-0.009728,-0.005531
0.914704,-0.338178,0.606737,-0.407607,-0.388533,-0.009728,-0.005531
0.924756,-0.338178,0.606737,-0.407607,-0.388533,-0.009728,-0.005531
0.934808,-0.338178,0.606737,-0.407607,-0.388533,-0.009728,-0.005531
0.944860,-0.338178,0.606737,-0.407988,-0.388533,-0.009728,-0.005531
0.954927,-0.338178,0.606737,-0.408370,-0.388533,-0.009728,-0.005531
0.964961,-0.338178,0.606737,-0.408751,-0.388533,-0.009728,-0.005531
0.975013,-0.338178,0.606737,-0.408751,-0.388533,-0.009728,-0.005531
0.985065,-0.338178,0.606737,-0.408751,-0.388533,-0.009728,-0.005531
0.995117,-0.338178,0.606737,-0.409133,-0.388533,-0.009728,-0.005531
1.005168,-0.338178,0.606737,-0.409133,-0.388533,-0.009728,-0.005531
1.015220,-0.338178,0.606737,-0.409514,-0.388533,-0.009728,-0.005531
1.025291,-0.338178,0.606737,-0.409895,-0.388533,-0.009728,-0.005531
1.035343,-0.338178,0.606737,-0.409895,-0.388533,-0.009728,-0.005531
1.045395,-0.338178,0.606737,-0.410277,-0.388533,-0.009728,-0.005531
1.055446,-0.338178,0.606737,-0.410658,-0.388533,-0.009728,-0.005531
1.065495,-0.338178,0.606737,-0.411040,-0.388533,-0.009728,-0.005531
1.075545,-0.338178,0.606737,-0.411421,-0.388533,-0.009728,-0.005531
1.085597,-0.338178,0.606737,-0.411803,-0.388533,-0.009728,-0.005531
1.095649,-0.338178,0.606737,-0.412566,-0.388533,-0.009728,-0.005531
1.105701,-0.338178,0.606737,-0.412947,-0.388533,-0.009728,-0.005531
1.115752,-0.338178,0.607118,-0.413329,-0.388533,-0.009728,-0.005531
1.125804,-0.338178,0.607118,-0.414092,-0.388533,-0.009728,-0.005531
1.135856,-0.338178,0.607118,-0.415236,-0.388533,-0.009728,-0.005531
1.145906,-0.338178,0.607118,-0.415999,-0.388533,-0.009728,-0.005531
1.155962,-0.338178,0.607118,-0.417144,-0.388533,-0.009728,-0.005531
1.166014,-0.338178,0.607118,-0.417906,-0.388533,-0.009728,-0.005531
1.176066,-0.338178,0.607118,-0.419051,-0.388533,-0.009728,-0.005531
1.186119,-0.338178,0.607118,-0.419814,-0.388533,-0.009728,-0.005531
1.196171,-0.338178,0.607118,-0.421340,-0.388533,-0.009728,-0.005531
1.206226,-0.338178,0.606737,-0.421721,-0.388533,-0.009728,-0.005531
1.216289,-0.338178,0.606737,-0.423247,-0.388533,-0.009728,-0.005531
1.226352,-0.338178,0.606737,-0.424010,-0.388533,-0.009728,-0.005531
1.236406,-0.338178,0.606737,-0.424773,-0.388533,-0.009728,-0.005531
1.246460,-0.338178,0.606737,-0.425536,-0.388533,-0.009728,-0.005531
1.256512,-0.338178,0.606737,-0.425917,-0.388533,-0.009728,-0.005531
1.266564,-0.338178,0.607118,-0.427443,-0.388533,-0.009728,-0.005531
1.276617,-0.338178,0.607118,-0.428206,-0.388533,-0.009728,-0.005531
1.286668,-0.338178,0.607118,-0.429732,-0.388533,-0.009728,-0.005531
1.296721,-0.338560,0.607118,-0.430495,-0.388533,-0.009728,-0.005531
1.306776,-0.338560,0.607118,-0.431258,-0.388533,-0.009728,-0.005531
1.316828,-0.338560,0.607118,-0.432021,-0.388533,-0.009728,-0.005531
1.326880,-0.338560,0.607118,-0.433165,-0.388533,-0.009728,-0.005531
1.336944,-0.338941,0.606737,-0.433547,-0.388533,-0.009728,-0.005531
1.346975,-0.338941,0.606737,-0.434310,-0.388533,-0.009728,-0.005531
1.357031,-0.338941,0.606737,-0.435454,-0.388533,-0.009728,-0.005531
1.367084,-0.338941,0.606737,-0.436217,-0.388533,-0.009728,-0.005531
1.377137,-0.339322,0.606737,-0.436980,-0.388533,-0.009728,-0.005531
1.387189,-0.339704,0.606737,-0.437743,-0.388533,-0.009728,-0.005531
1.397241,-0.340085,0.606737,-0.438506,-0.388533,-0.009728,-0.005531
1.407296,-0.340848,0.606737,-0.439651,-0.388533,-0.009728,-0.005531
1.417349,-0.341230,0.606737,-0.440414,-0.388533,-0.009346,-0.005531
1.427404,-0.341993,0.606737,-0.441939,-0.388151,-0.009346,-0.005531
1.437465,-0.342756,0.606737,-0.442702,-0.388151,-0.009346,-0.005531
1.447522,-0.343900,0.606737,-0.443847,-0.388151,-0.009346,-0.005531
1.457582,-0.344663,0.606737,-0.444610,-0.388151,-0.009346,-0.005531
1.467640,-0.345045,0.606737,-0.445754,-0.388151,-0.009346,-0.005531
1.477693,-0.345045,0.606737,-0.446136,-0.388151,-0.009346,-0.005531
1.487751,-0.345426,0.606737,-0.446517,-0.388151,-0.009346,-0.005531
1.497812,-0.345426,0.606355,-0.447280,-0.388151,-0.009346,-0.005531
1.507866,-0.345426,0.605974,-0.448043,-0.388151,-0.009346,-0.005531
1.517926,-0.345426,0.605592,-0.448806,-0.388151,-0.009346,-0.005531
1.527965,-0.345426,0.605592,-0.449187,-0.387388,-0.009346,-0.005531
1.538025,-0.345426,0.605592,-0.449950,-0.386244,-0.009346,-0.005531
1.548086,-0.345426,0.605211,-0.450713,-0.385481,-0.009346,-0.005531
1.558148,-0.345426,0.605211,-0.452239,-0.384337,-0.009346,-0.005531
1.568211,-0.345426,0.605211,-0.452621,-0.383955,-0.009346,-0.005531
1.578276,-0.345426,0.605211,-0.454528,-0.383192,-0.009346,-0.005531
1.588328,-0.345426,0.605211,-0.455291,-0.382429,-0.009346,-0.005531
1.598391,-0.345426,0.605211,-0.456435,-0.380903,-0.009346,-0.005531
1.608451,-0.345426,0.605211,-0.457580,-0.379377,-0.009346,-0.005531
1.618511,-0.345426,0.605211,-0.458724,-0.377852,-0.009346,-0.005531
1.628572,-0.345426,0.605211,-0.459487,-0.376707,-0.009346,-0.005531
1.638631,-0.345426,0.605211,-0.461013,-0.375563,-0.009346,-0.005531
1.648690,-0.345426,0.604829,-0.461395,-0.374418,-0.009346,-0.005531
1.658750,-0.345426,0.604829,-0.462539,-0.372511,-0.009346,-0.005531
1.668810,-0.345426,0.604829,-0.463302,-0.371366,-0.009346,-0.005531
1.678871,-0.345808,0.604448,-0.464446,-0.370222,-0.009346,-0.005531
1.688931,-0.345808,0.604448,-0.465209,-0.369078,-0.009346,-0.005531
1.698990,-0.345808,0.604448,-0.466354,-0.367170,-0.009346,-0.005531
1.709051,-0.345808,0.604448,-0.467498,-0.365644,-0.009346,-0.005531
1.719112,-0.345808,0.604067,-0.468643,-0.364118,-0.009346,-0.005531
1.729172,-0.345808,0.604067,-0.469406,-0.362974,-0.009346,-0.005531
1.739232,-0.345808,0.604067,-0.470550,-0.361448,-0.009346,-0.005531
1.749292,-0.345808,0.604067,-0.471695,-0.360304,-0.009346,-0.005531
1.759351,-0.345808,0.604067,-0.472457,-0.359159,-0.009346,-0.005531
1.769412,-0.346189,0.604067,-0.473983,-0.357633,-0.008965,-0.005531
1.779473,-0.346571,0.604067,-0.474365,-0.356870,-0.008965,-0.005531
1.789535,-0.346571,0.604067,-0.475509,-0.355344,-0.008965,-0.005531
1.799596,-0.346952,0.604067,-0.476272,-0.354200,-0.008965,-0.005531
1.809656,-0.347333,0.603685,-0.477417,-0.352293,-0.008965,-0.005531
1.819716,-0.347333,0.603685,-0.478561,-0.351148,-0.008583,-0.005531
1.829774,-0.348096,0.603304,-0.480087,-0.348859,-0.007439,-0.005531
1.839836,-0.348478,0.603304,-0.480850,-0.346952,-0.005531,-0.005531
1.849896,-0.349622,0.602922,-0.481994,-0.344282,-0.002480,-0.005531
1.859957,-0.350385,0.602541,-0.482757,-0.342756,-0.000191,-0.005531
1.870017,-0.351530,0.601778,-0.483902,-0.340467,0.004005,-0.005531
1.880076,-0.352293,0.601015,-0.484665,-0.338941,0.007057,-0.005531
1.890139,-0.353437,0.599870,-0.485809,-0.337034,0.011254,-0.005531
1.900198,-0.354582,0.599107,-0.486191,-0.335126,0.013924,-0.005531
1.910260,-0.356870,0.598344,-0.487335,-0.332456,0.018883,-0.005531
1.920320,-0.357633,0.597581,-0.488098,-0.330549,0.021553,-0.005531
1.930379,-0.358778,0.596818,-0.489242,-0.328260,0.024224,-0.005531
1.940440,-0.359159,0.596437,-0.490005,-0.326352,0.024605,-0.005531
1.950500,-0.359541,0.595674,-0.491531,-0.323682,0.024224,-0.005531
1.960559,-0.359922,0.594530,-0.492294,-0.321775,0.024224,-0.005531
1.970622,-0.359922,0.593004,-0.493439,-0.319104,0.024224,-0.005150
1.980683,-0.360304,0.592241,-0.494202,-0.317578,0.024224,-0.005150
1.990744,-0.360304,0.591478,-0.494965,-0.315671,0.024605,-0.005150
2.000803,-0.360304,0.590333,-0.496109,-0.313382,0.024605,-0.005150
2.010862,-0.360685,0.589189,-0.496490,-0.311856,0.024605,-0.005150
2.020924,-0.360685,0.587663,-0.498016,-0.309186,0.024605,-0.005150
2.030986,-0.361067,0.586519,-0.498398,-0.307660,0.024605,-0.005150
2.041045,-0.362211,0.585374,-0.499542,-0.305371,0.024605,-0.005150
2.051105,-0.362974,0.584230,-0.499924,-0.303845,0.024605,-0.005150
2.061165,-0.364118,0.582704,-0.501068,-0.301175,0.024605,-0.005150
2.071226,-0.365263,0.581178,-0.502213,-0.298886,0.024987,-0.005150
2.081285,-0.367170,0.580034,-0.503738,-0.296216,0.025750,-0.005150
2.091345,-0.369078,0.579271,-0.504883,-0.293545,0.026894,-0.005150
2.101406,-0.370985,0.578508,-0.506027,-0.290875,0.028801,-0.005150
2.111465,-0.372129,0.577745,-0.507172,-0.288968,0.028801,-0.005150
2.121526,-0.373655,0.576219,-0.508698,-0.286679,0.028420,-0.005150
2.131588,-0.374800,0.574693,-0.509079,-0.285153,0.028420,-0.005150
2.141648,-0.376326,0.573548,-0.510605,-0.283627,0.028420,-0.005150
2.151710,-0.377470,0.572786,-0.510986,-0.282101,0.028420,-0.005150
2.161770,-0.378996,0.571641,-0.512131,-0.279812,0.028801,-0.005150
2.171830,-0.380522,0.570497,-0.513275,-0.278668,0.029946,-0.005150
2.181891,-0.382429,0.568208,-0.514420,-0.276379,0.032998,-0.005150
2.191951,-0.383574,0.567445,-0.515183,-0.274853,0.035286,-0.005150
2.202010,-0.384718,0.566300,-0.517090,-0.272183,0.035668,-0.005150
2.212070,-0.385481,0.565537,-0.517853,-0.270275,0.034905,-0.005150
2.222130,-0.386625,0.564012,-0.518997,-0.267605,0.034905,-0.005150
2.232190,-0.387388,0.562867,-0.519760,-0.265698,0.035286,-0.005150
2.242282,-0.388533,0.560960,-0.520905,-0.263409,0.035286,-0.005150
2.252344,-0.389296,0.560197,-0.521668,-0.261501,0.035668,-0.005150
2.262403,-0.389677,0.559052,-0.522812,-0.259213,0.036049,-0.005150
2.272465,-0.391203,0.557145,-0.523957,-0.256542,0.036812,-0.005150
2.282527,-0.392729,0.555619,-0.524720,-0.254253,0.038720,-0.005150
2.292587,-0.395018,0.553712,-0.525864,-0.251583,0.042535,-0.005150
2.302649,-0.396162,0.552567,-0.526627,-0.249676,0.044060,-0.005150
2.312711,-0.397688,0.551041,-0.527771,-0.246242,0.044823,-0.005150
2.322770,-0.399214,0.549516,-0.528916,-0.244335,0.044442,-0.005150
2.332830,-0.400740,0.548371,-0.530060,-0.240902,0.045586,-0.005150
2.342890,-0.401884,0.547227,-0.530823,-0.238994,0.046731,-0.005150
2.352950,-0.403792,0.545319,-0.531968,-0.235943,0.049401,-0.005150
2.363011,-0.405699,0.543412,-0.532731,-0.234035,0.051690,-0.005150
2.373071,-0.407988,0.541505,-0.533875,-0.232128,0.056649,-0.005150
2.383133,-0.409133,0.540360,-0.534257,-0.230220,0.060082,-0.005150
2.393194,-0.410658,0.537690,-0.535401,-0.227550,0.063516,-0.005150
2.403254,-0.412184,0.536164,-0.536164,-0.225643,0.064279,-0.005150
2.413317,-0.413710,0.534257,-0.537308,-0.222972,0.065805,-0.005150
2.423378,-0.414473,0.532731,-0.537690,-0.221065,0.066949,-0.005150
2.433440,-0.416762,0.530060,-0.538834,-0.218395,0.069238,-0.005150
2.443502,-0.419051,0.528916,-0.539597,-0.216106,0.071145,-0.005150
2.453561,-0.420958,0.527390,-0.540742,-0.213054,0.074960,-0.005150
2.463621,-0.422103,0.525864,-0.541886,-0.211147,0.077249,-0.005150
2.473715,-0.424392,0.523957,-0.543030,-0.208095,0.079538,-0.005150
2.483777,-0.425536,0.522431,-0.543793,-0.206569,0.079919,-0.005150
2.493839,-0.426680,0.521286,-0.544175,-0.205425,0.079919,-0.005150
2.503898,-0.429351,0.518616,-0.544556,-0.202754,0.080301,-0.005150
2.513958,-0.431640,0.517090,-0.544938,-0.201228,0.081445,-0.005150
2.524019,-0.433547,0.515183,-0.546082,-0.198939,0.084497,-0.005150
2.534079,-0.435073,0.514038,-0.546082,-0.197032,0.087167,-0.005150
2.544142,-0.438125,0.511368,-0.546464,-0.194362,0.088312,-0.005150
2.554202,-0.439651,0.509842,-0.546845,-0.192836,0.088312,-0.005150
2.564262,-0.441558,0.507172,-0.547227,-0.189784,0.088312,-0.005150
2.574323,-0.444228,0.505264,-0.547608,-0.188258,0.088312,-0.005150
2.584382,-0.446517,0.502976,-0.547990,-0.185206,0.089075,-0.005150
2.594444,-0.448043,0.501831,-0.547990,-0.182918,0.089837,-0.005150
2.604503,-0.451095,0.499161,-0.548371,-0.180247,0.091745,-0.005150
2.614563,-0.453002,0.497635,-0.548753,-0.178340,0.093271,-0.005150
2.624625,-0.456054,0.495346,-0.549134,-0.175288,0.096704,-0.005150
2.634686,-0.458343,0.493057,-0.549134,-0.173762,0.098611,-0.005150
2.644745,-0.461013,0.491150,-0.549134,-0.171092,0.100900,-0.005150
2.654805,-0.462921,0.489624,-0.549134,-0.169184,0.103189,-0.005150
2.664865,-0.466354,0.486572,-0.549516,-0.166514,0.108148,-0.005150
2.674924,-0.469024,0.485428,-0.549516,-0.164225,0.113107,-0.005150
2.684984,-0.471695,0.483139,-0.549897,-0.161173,0.119974,-0.005150
2.695044,-0.473602,0.481231,-0.549897,-0.159266,0.122263,-0.005150
2.705104,-0.476654,0.478943,-0.550278,-0.156596,0.123789,-0.005150
2.715164,-0.479324,0.477417,-0.550278,-0.154688,0.125315,-0.005150
2.725225,-0.482376,0.474365,-0.550660,-0.151637,0.132181,-0.005150
2.735281,-0.484283,0.472839,-0.551041,-0.149348,0.137522,-0.005150
2.745336,-0.488098,0.470550,-0.551804,-0.146296,0.142100,-0.005150
2.755389,-0.490387,0.468261,-0.552186,-0.144007,0.144007,-0.005150
2.765441,-0.493439,0.466735,-0.552567,-0.141718,0.145533,-0.005150
2.775494,-0.496490,0.464065,-0.552949,-0.139048,0.149348,-0.005150
2.785548,-0.498779,0.461776,-0.554093,-0.136759,0.152018,-0.005150
2.795601,-0.502594,0.459487,-0.554475,-0.134089,0.155070,-0.005150
2.805665,-0.505646,0.457580,-0.554856,-0.132563,0.156977,0.002480
2.815725,-0.508698,0.454528,-0.555238,-0.129892,0.161555,0.002480
2.825784,-0.510986,0.452621,-0.555619,-0.128748,0.163844,0.002480
2.835844,-0.515183,0.449569,-0.555619,-0.127222,0.165751,0.002480
2.845903,-0.518616,0.447280,-0.555619,-0.126078,0.166133,0.002480
2.855965,-0.521668,0.443847,-0.556001,-0.123789,0.168803,0.002480
2.866025,-0.523957,0.441939,-0.556001,-0.122644,0.170710,0.002480
2.876085,-0.527771,0.439269,-0.556001,-0.121500,0.172618,0.002480
2.886145,-0.531205,0.436599,-0.556001,-0.120737,0.174144,0.002480
2.896207,-0.534257,0.433928,-0.556001,-0.118830,0.177577,0.002480
2.906267,-0.536927,0.431640,-0.556001,-0.117304,0.179103,0.002480
2.916328,-0.541123,0.428588,-0.556001,-0.115015,0.181392,0.002480
2.926388,-0.544175,0.426680,-0.556001,-0.113870,0.183680,0.002480
2.936447,-0.547608,0.423247,-0.556001,-0.111582,0.189021,0.002480
2.946509,-0.550278,0.421721,-0.556001,-0.110056,0.192454,0.002480
2.956570,-0.554856,0.418288,-0.556001,-0.108530,0.196651,0.002480
2.966630,-0.557908,0.416381,-0.556001,-0.107004,0.199702,0.046731
2.976711,-0.561341,0.413710,-0.556001,-0.104715,0.205043,0.046731
2.986771,-0.564012,0.411803,-0.556001,-0.103189,0.208476,0.046731
2.996830,-0.566682,0.410277,-0.556001,-0.102045,0.211528,0.046731
3.006891,-0.571260,0.407225,-0.556001,-0.099756,0.218013,0.057412
3.016950,-0.573548,0.405318,-0.556001,-0.098230,0.222210,0.057412
3.027010,-0.577745,0.403029,-0.556001,-0.096323,0.226024,0.057412
3.037070,-0.581178,0.400740,-0.556001,-0.095178,0.228313,0.057412
3.047129,-0.584611,0.398070,-0.555619,-0.093652,0.233654,0.057412
3.057190,-0.587282,0.396162,-0.555619,-0.092126,0.237469,0.057412
3.067249,-0.591859,0.393111,-0.555619,-0.090219,0.241665,0.057412
3.077309,-0.595293,0.391585,-0.555619,-0.089075,0.243954,0.057412
3.087369,-0.599107,0.388914,-0.555619,-0.088312,0.248531,0.062753
3.097429,-0.601778,0.387007,-0.555619,-0.087167,0.250820,0.062753
3.107489,-0.606737,0.384337,-0.555619,-0.085641,0.253491,0.067712
3.117549,-0.609407,0.382429,-0.555619,-0.084115,0.255398,0.067712
3.127609,-0.613603,0.379377,-0.555619,-0.082589,0.258831,0.067712
3.137672,-0.616274,0.377852,-0.555619,-0.082208,0.260739,0.067712
3.147736,-0.621233,0.374800,-0.555619,-0.081064,0.264172,0.067712
3.157798,-0.623903,0.372892,-0.555619,-0.079919,0.266842,0.067712
3.167857,-0.628099,0.369841,-0.555238,-0.078393,0.269894,0.067712
3.177916,-0.631914,0.367933,-0.555238,-0.077630,0.271801,0.073434
3.187975,-0.635729,0.365263,-0.555238,-0.076486,0.274853,0.073434
3.198034,-0.638399,0.362593,-0.554856,-0.076486,0.277142,0.073434
3.208094,-0.643740,0.360304,-0.554475,-0.076486,0.280194,0.073434
3.218153,-0.646410,0.358778,-0.554475,-0.076486,0.283246,0.073434
3.228265,-0.650225,0.355726,-0.554093,-0.076486,0.288968,0.080682
3.238326,-0.653277,0.353819,-0.554093,-0.076486,0.292020,0.080682
3.248385,-0.657092,0.352674,-0.554093,-0.076486,0.295071,0.080682
3.258444,-0.661288,0.349241,-0.554093,-0.076104,0.300412,0.080682
3.268503,-0.663958,0.347715,-0.554093,-0.075723,0.303464,0.080682
3.278557,-0.668917,0.345045,-0.554093,-0.075723,0.307660,0.080682
3.288617,-0.671588,0.343137,-0.554093,-0.075723,0.311475,0.080682
3.298676,-0.675402,0.340467,-0.554093,-0.075723,0.317197,0.080682
3.308735,-0.678454,0.338560,-0.553712,-0.075723,0.320630,0.080682
3.318794,-0.683032,0.335889,-0.553712,-0.075723,0.325589,0.080682
3.328853,-0.685702,0.334363,-0.553330,-0.075723,0.328641,0.080682
3.338912,-0.689517,0.330930,-0.553330,-0.075723,0.332456,0.080682
3.348972,-0.692950,0.329404,-0.552949,-0.075723,0.334745,0.080682
3.359033,-0.696765,0.326352,-0.552567,-0.075723,0.339704,0.084878
3.369093,-0.699435,0.324445,-0.552186,-0.075723,0.343137,0.084878
3.379152,-0.703632,0.322156,-0.551804,-0.075723,0.347333,0.084878
3.389212,-0.706683,0.319486,-0.551423,-0.075723,0.350004,0.084878
3.399271,-0.710117,0.316815,-0.550278,-0.075723,0.354200,0.084878
3.409330,-0.712787,0.315290,-0.549516,-0.075723,0.356489,0.084878
3.419396,-0.716983,0.311856,-0.547990,-0.075723,0.358015,0.084878
3.429457,-0.719654,0.310330,-0.547227,-0.075723,0.359159,0.084878
3.439516,-0.722705,0.306897,-0.545701,-0.075723,0.362593,0.084878
3.449575,-0.725376,0.304990,-0.544556,-0.075723,0.364881,0.084878
3.459637,-0.729572,0.302701,-0.542649,-0.075723,0.367170,0.084878
3.469698,-0.732242,0.300412,-0.541123,-0.075723,0.369459,0.084878
3.479758,-0.734150,0.298886,-0.539979,-0.075723,0.372511,0.084878
3.489817,-0.737964,0.296216,-0.537690,-0.075723,0.376326,0.098993
3.499878,-0.740635,0.294308,-0.536545,-0.075723,0.378996,0.099756
3.509938,-0.744450,0.292020,-0.533875,-0.075723,0.382811,0.099756
3.519998,-0.746357,0.290494,-0.532349,-0.075723,0.385863,0.099756
3.530057,-0.750172,0.287823,-0.530060,-0.075723,0.389296,0.099756
3.540117,-0.752079,0.286297,-0.528534,-0.075723,0.391585,0.099756
3.550177,-0.755894,0.284390,-0.526627,-0.075723,0.396162,0.099756
3.560236,-0.757801,0.282864,-0.524720,-0.075723,0.400359,0.099756
3.570296,-0.760853,0.280957,-0.522812,-0.075723,0.403792,0.099756
3.580355,-0.763142,0.279812,-0.521286,-0.075723,0.404936,0.099756
3.590421,-0.765812,0.277523,-0.518616,-0.075723,0.406844,0.099756
3.600487,-0.768101,0.275616,-0.517090,-0.075723,0.408751,0.099756
3.610550,-0.770771,0.273709,-0.515183,-0.075723,0.410658,0.099756
3.620610,-0.772679,0.272946,-0.514038,-0.075341,0.412184,0.099756
3.630672,-0.774968,0.271038,-0.511749,-0.074578,0.413710,0.111200
3.640730,-0.776875,0.269131,-0.509842,-0.074197,0.414092,0.111200
3.650789,-0.779545,0.267605,-0.508316,-0.073816,0.414473,0.111200
3.660849,-0.781071,0.266461,-0.506790,-0.073816,0.416381,0.111200
3.670909,-0.783742,0.264172,-0.504120,-0.073434,0.419814,0.111200
3.680967,-0.785649,0.262646,-0.502594,-0.073434,0.420958,0.111200
3.691027,-0.788319,0.261120,-0.500305,-0.072290,0.424392,0.111200
3.701089,-0.789464,0.259976,-0.498779,-0.071908,0.427062,0.111200
3.711156,-0.791752,0.258068,-0.496490,-0.071908,0.429351,0.111200
3.721216,-0.793660,0.256542,-0.494583,-0.071527,0.431258,0.111200
3.731275,-0.794423,0.255398,-0.493057,-0.071527,0.432784,0.111200
3.741334,-0.796330,0.253872,-0.490768,-0.071527,0.434691,0.111200
3.751396,-0.797856,0.252728,-0.489624,-0.071908,0.435454,0.111200
3.761456,-0.799763,0.250057,-0.486954,-0.071527,0.436980,0.111200
3.771520,-0.800908,0.249294,-0.485046,-0.071908,0.437743,0.111200
3.781583,-0.802052,0.247768,-0.483139,-0.071908,0.438506,0.111200
3.791642,-0.803578,0.247005,-0.481231,-0.071908,0.438888,0.111200
3.801702,-0.805486,0.244717,-0.479324,-0.071908,0.439269,0.111200
3.811763,-0.806630,0.243572,-0.478180,-0.071908,0.439651,0.111200
3.821823,-0.808156,0.242046,-0.475891,-0.071908,0.439651,0.111200
3.831884,-0.809300,0.241283,-0.474365,-0.071527,0.439651,0.111200
3.841943,-0.810826,0.239757,-0.472076,-0.071908,0.439651,0.111200
3.852004,-0.811208,0.238231,-0.470932,-0.071908,0.439651,0.111200
3.862064,-0.812352,0.237087,-0.468643,-0.071908,0.439651,0.111200
3.872124,-0.813115,0.235943,-0.467117,-0.071908,0.439651,0.111200
3.882184,-0.814260,0.234417,-0.465591,-0.071908,0.440032,0.111200
3.892244,-0.814641,0.232891,-0.464446,-0.071908,0.441176,0.111200
3.902303,-0.816167,0.231746,-0.462539,-0.071908,0.444228,0.111200
3.912362,-0.817311,0.230983,-0.461013,-0.071908,0.446517,0.111200
3.922425,-0.818456,0.229839,-0.459487,-0.071908,0.448043,0.121881
3.932484,-0.818837,0.228695,-0.458343,-0.071908,0.449187,0.121881
3.942545,-0.819600,0.227169,-0.456054,-0.071908,0.451476,0.121881
3.952605,-0.820363,0.225643,-0.454910,-0.071908,0.452621,0.121881
3.962664,-0.820745,0.224498,-0.453384,-0.071908,0.454147,0.121881
3.972725,-0.820745,0.223735,-0.452239,-0.071908,0.454910,0.121881
3.982786,-0.820745,0.222972,-0.451095,-0.071908,0.454910,0.121881
3.992846,-0.821126,0.221828,-0.449569,-0.071908,0.454910,0.121881
4.002906,-0.821508,0.221065,-0.448806,-0.071908,0.454910,0.121881
4.012965,-0.821508,0.219539,-0.447280,-0.071908,0.454910,0.121881
4.023025,-0.821889,0.218776,-0.445754,-0.071908,0.454528,0.121881
4.033086,-0.822271,0.217250,-0.443847,-0.071908,0.454528,0.121881
4.043145,-0.822271,0.216487,-0.443084,-0.071908,0.454528,0.121881
4.053205,-0.822652,0.214961,-0.441558,-0.071908,0.454528,0.121881
4.063265,-0.822652,0.213436,-0.440414,-0.071908,0.454528,0.121881
4.073324,-0.823033,0.212673,-0.438125,-0.071908,0.454528,0.121881
4.083386,-0.823033,0.211910,-0.436980,-0.071908,0.454528,0.121881
4.093446,-0.823033,0.211147,-0.435836,-0.071908,0.454528,0.121881
4.103507,-0.823033,0.210765,-0.435073,-0.071908,0.454528,0.121881
4.113569,-0.823033,0.210002,-0.433165,-0.071908,0.454528,0.121881
4.123633,-0.823033,0.209621,-0.432021,-0.071908,0.454528,0.121881
4.133697,-0.823033,0.208476,-0.430495,-0.071908,0.454528,0.121881
4.143756,-0.823033,0.207713,-0.429732,-0.071908,0.454528,0.121881
4.153816,-0.823033,0.206569,-0.428588,-0.071908,0.454528,0.121881
4.163875,-0.823033,0.205806,-0.427443,-0.071908,0.454528,0.121881
4.173936,-0.823033,0.205043,-0.425536,-0.071908,0.454528,0.121881
4.183996,-0.823033,0.204662,-0.424392,-0.071908,0.454528,0.121881
4.194164,-0.823033,0.203899,-0.423247,-0.071908,0.454528,0.121881
4.204226,-0.823033,0.203136,-0.422484,-0.071908,0.454528,0.121881
4.214286,-0.823033,0.202373,-0.421340,-0.071908,0.454528,0.121881
4.224348,-0.823033,0.200847,-0.419814,-0.071908,0.454528,0.121881
4.234409,-0.823033,0.200465,-0.418288,-0.071908,0.454528,0.121881
4.244468,-0.823033,0.199702,-0.417144,-0.071908,0.454528,0.121881
4.254528,-0.822652,0.198939,-0.416381,-0.071908,0.454528,0.121881
4.264588,-0.822652,0.198177,-0.414855,-0.071908,0.454528,0.121881
4.274650,-0.822652,0.197795,-0.414092,-0.071908,0.454528,0.121881
4.284712,-0.822652,0.197414,-0.412566,-0.071908,0.454528,0.121881
4.294772,-0.822652,0.197032,-0.411803,-0.071908,0.454528,0.121881
4.304832,-0.822652,0.196269,-0.410658,-0.071908,0.454528,0.121881
4.314891,-0.822652,0.195506,-0.409514,-0.071908,0.454528,0.121881
4.324951,-0.822271,0.194362,-0.407988,-0.071908,0.454528,0.121881
4.335012,-0.822271,0.193980,-0.406844,-0.071908,0.454528,0.121881
4.345073,-0.822271,0.193217,-0.405318,-0.071908,0.454528,0.121881
4.355137,-0.821889,0.192454,-0.404173,-0.071908,0.454528,0.121881
4.365199,-0.821508,0.191691,-0.402266,-0.071908,0.454147,0.121881
4.375260,-0.821126,0.191310,-0.401122,-0.071908,0.454147,0.121881
4.385320,-0.821126,0.190547,-0.399596,-0.071908,0.454147,0.121881
4.395384,-0.820745,0.189784,-0.398451,-0.071908,0.454147,0.129892
4.405444,-0.819982,0.189021,-0.396925,-0.071908,0.454147,0.129892
4.415504,-0.819600,0.188258,-0.395399,-0.072290,0.454147,0.129892
4.425611,-0.818456,0.187495,-0.393492,-0.072290,0.454147,0.129892
4.435671,-0.817693,0.186732,-0.392729,-0.072290,0.454147,0.129892
4.445733,-0.817311,0.186732,-0.391966,-0.072290,0.454147,0.129892
4.455795,-0.816548,0.186351,-0.390440,-0.072290,0.454147,0.129892
4.465857,-0.816548,0.186351,-0.389296,-0.072290,0.453765,0.129892
4.475919,-0.816167,0.186351,-0.387770,-0.072290,0.453384,0.129129
4.485972,-0.816167,0.186351,-0.387007,-0.072290,0.453002,0.129129
4.496027,-0.815785,0.186351,-0.385863,-0.072290,0.453002,0.129129
4.506089,-0.815404,0.185969,-0.385100,-0.072290,0.453002,0.129129
4.516150,-0.815023,0.185969,-0.383192,-0.072290,0.453002,0.129129
4.526189,-0.814641,0.185969,-0.382048,-0.072290,0.453002,0.129129
4.536250,-0.813497,0.185969,-0.380522,-0.072290,0.453002,0.129129
4.546310,-0.813115,0.185969,-0.379759,-0.072290,0.452621,0.129129
4.556378,-0.811971,0.185588,-0.378233,-0.072290,0.452621,0.129129
4.566436,-0.810826,0.185206,-0.377089,-0.072290,0.452239,0.129129
4.576491,-0.809682,0.185206,-0.375181,-0.072290,0.451095,0.129129
4.586545,-0.808537,0.185206,-0.374037,-0.072290,0.449950,0.129129
4.596608,-0.806630,0.185206,-0.372511,-0.072290,0.448806,0.129129
4.606671,-0.805867,0.184825,-0.371366,-0.072290,0.448806,0.129129
4.616732,-0.804341,0.184443,-0.369841,-0.072290,0.448425,0.129129
4.626793,-0.803197,0.184062,-0.368696,-0.072290,0.448425,0.129129
4.636855,-0.802052,0.183299,-0.367170,-0.072290,0.446899,0.129129
4.646915,-0.800908,0.182918,-0.366026,-0.072290,0.444610,0.129129
4.657050,-0.799382,0.181773,-0.364500,-0.072290,0.441558,0.129129
4.667113,-0.797856,0.181773,-0.363355,-0.072290,0.440032,0.129129
4.677174,-0.796712,0.181392,-0.362593,-0.072290,0.438506,0.129129
4.687235,-0.794804,0.181010,-0.361067,-0.072290,0.435073,0.129129
4.697297,-0.793660,0.180629,-0.360304,-0.072290,0.432403,0.129129
4.707358,-0.791752,0.179866,-0.358778,-0.072290,0.427443,0.129129
4.717419,-0.790608,0.179866,-0.357633,-0.072671,0.425536,0.129129
4.727481,-0.788701,0.179484,-0.356107,-0.073053,0.423629,0.129129
4.737542,-0.787556,0.179103,-0.355726,-0.073816,0.422484,0.129129
4.747603,-0.785649,0.179103,-0.354200,-0.074197,0.421340,0.129129
4.757665,-0.784123,0.179103,-0.353437,-0.074197,0.420195,0.129129
4.767726,-0.782216,0.179484,-0.352293,-0.074197,0.418288,0.129129
4.777787,-0.780690,0.179484,-0.351530,-0.074578,0.416762,0.129129
4.787849,-0.778401,0.179103,-0.350385,-0.074960,0.415618,0.129129
4.797911,-0.777256,0.179103,-0.349622,-0.075341,0.415618,0.129129
4.807973,-0.774968,0.179103,-0.348096,-0.077249,0.415999,0.129129
4.818035,-0.773442,0.179103,-0.347333,-0.078775,0.415236,0.129129
4.828096,-0.771153,0.179484,-0.345426,-0.080682,0.415236,0.129129
4.838158,-0.769245,0.179484,-0.343900,-0.081827,0.415236,0.129129
4.848220,-0.766957,0.179103,-0.342756,-0.084497,0.414855,0.129129
4.858281,-0.765431,0.179103,-0.341611,-0.086023,0.414855,0.129129
4.868343,-0.763142,0.179103,-0.340467,-0.087549,0.414855,0.129129
4.878405,-0.761616,0.179484,-0.339704,-0.088312,0.414473,0.129129
4.888467,-0.759327,0.179484,-0.338560,-0.089837,0.412566,0.128367
4.898530,-0.757420,0.179484,-0.337797,-0.090982,0.410277,0.128367
4.908592,-0.754749,0.179484,-0.336652,-0.092889,0.404173,0.118448
4.918653,-0.752842,0.179484,-0.335508,-0.093652,0.399977,0.118448
4.928715,-0.750172,0.179484,-0.334745,-0.094797,0.395018,0.118448
4.938777,-0.748646,0.179484,-0.333982,-0.095560,0.391966,0.118448
4.948839,-0.747501,0.179484,-0.333219,-0.096704,0.388533,0.118448
4.958901,-0.744831,0.179484,-0.332074,-0.098611,0.383192,0.118448
4.968965,-0.743305,0.179484,-0.331312,-0.100137,0.379759,0.118448
4.979027,-0.741016,0.179484,-0.329786,-0.101663,0.373274,0.118448
4.989090,-0.739872,0.179484,-0.329023,-0.102808,0.371366,0.118448
4.999151,-0.737201,0.179484,-0.328260,-0.103952,0.370222,0.118448
5.009213,-0.736057,0.179484,-0.327497,-0.104715,0.369459,0.118448
5.019275,-0.733768,0.179866,-0.326734,-0.105478,0.367170,0.118448
5.029337,-0.731861,0.179866,-0.326352,-0.105859,0.365644,0.118448
5.039399,-0.729191,0.179866,-0.325208,-0.106241,0.362593,0.118448
5.049461,-0.727665,0.179866,-0.324826,-0.106241,0.361067,0.118448
5.059523,-0.725376,0.180247,-0.324445,-0.106241,0.360304,0.118448
5.069586,-0.723468,0.180247,-0.323682,-0.106241,0.359159,0.118448
5.079648,-0.720798,0.180247,-0.322919,-0.106241,0.357252,0.118448
5.089712,-0.718509,0.180247,-0.322156,-0.106241,0.354963,0.118448
5.099774,-0.716220,0.180247,-0.320630,-0.106241,0.351911,0.118448
5.109835,-0.714313,0.180247,-0.319867,-0.106241,0.351148,0.118448
5.119889,-0.712024,0.180247,-0.318723,-0.106241,0.350385,0.118448
5.129952,-0.710117,0.180247,-0.318341,-0.106241,0.349622,0.118448
5.140015,-0.707446,0.180629,-0.316815,-0.106241,0.347333,0.118448
5.150078,-0.705158,0.180629,-0.316052,-0.106241,0.345045,0.118448
5.160141,-0.702869,0.181010,-0.314908,-0.106241,0.342756,0.118448
5.170203,-0.700961,0.181392,-0.314145,-0.106622,0.341993,0.105859
5.180267,-0.698291,0.181773,-0.313001,-0.107004,0.338941,0.105859
5.190329,-0.696765,0.182155,-0.312238,-0.108148,0.336652,0.105859
5.200391,-0.693713,0.182536,-0.310712,-0.110437,0.335889,0.105859
5.210454,-0.692187,0.182918,-0.309567,-0.111963,0.335508,0.091363
5.220547,-0.690280,0.183680,-0.307660,-0.115015,0.334363,0.091363
5.230609,-0.688373,0.184443,-0.306134,-0.116922,0.333600,0.091363
5.240670,-0.686465,0.184825,-0.305371,-0.119593,0.332074,0.091363
5.250733,-0.683795,0.185588,-0.304227,-0.122644,0.328641,0.091363
5.260795,-0.681888,0.186351,-0.303464,-0.124552,0.327497,0.091363
5.270857,-0.678836,0.187877,-0.302319,-0.126841,0.325208,0.091363
5.280918,-0.677310,0.189021,-0.301938,-0.128367,0.322538,0.091363
5.290971,-0.674640,0.190547,-0.301175,-0.131800,0.317197,0.091363
5.301032,-0.672732,0.191310,-0.300412,-0.133707,0.313001,0.091363
5.311094,-0.669680,0.192454,-0.299268,-0.137522,0.308804,0.091363
5.321156,-0.668154,0.193217,-0.298505,-0.139811,0.306516,0.091363
5.331218,-0.665484,0.194362,-0.297360,-0.143244,0.303082,0.091363
5.341279,-0.663577,0.195125,-0.296597,-0.145533,0.300793,0.086786
5.351341,-0.661288,0.196651,-0.295453,-0.148585,0.295834,0.085641
5.361403,-0.659762,0.197414,-0.294308,-0.150874,0.292020,0.085641
5.371466,-0.656710,0.198939,-0.293164,-0.153925,0.290494,0.085641
5.381528,-0.655184,0.199702,-0.292782,-0.156214,0.290494,0.085641
5.391591,-0.653277,0.201228,-0.292020,-0.159266,0.290112,0.085641
5.401644,-0.651751,0.202373,-0.291638,-0.160410,0.290112,0.085641
5.411707,-0.649462,0.203899,-0.291257,-0.161555,0.288968,0.085641
5.421769,-0.647936,0.205043,-0.291257,-0.162699,0.286679,0.085641
5.431831,-0.644884,0.206569,-0.290875,-0.164607,0.285153,0.085641
5.441891,-0.642977,0.207332,-0.290875,-0.165751,0.284771,0.085641
5.451953,-0.640307,0.209239,-0.290875,-0.167659,0.283627,0.085641
5.461970,-0.638399,0.210384,-0.290875,-0.169566,0.283246,0.078775
5.472030,-0.636873,0.211528,-0.290494,-0.171092,0.283246,0.078775
5.482089,-0.634203,0.213054,-0.290112,-0.173762,0.282864,0.078775
5.492151,-0.632296,0.214199,-0.290112,-0.175288,0.282483,0.078775
5.502213,-0.629625,0.215724,-0.290112,-0.177958,0.280575,0.078775
5.512273,-0.627718,0.216869,-0.289731,-0.179484,0.278668,0.078775
5.522333,-0.624666,0.218395,-0.289731,-0.181773,0.275998,0.078775
5.532393,-0.622759,0.219158,-0.289731,-0.183680,0.273327,0.078775
5.542455,-0.619707,0.220684,-0.289349,-0.185969,0.268750,0.078775
5.552518,-0.617418,0.222210,-0.289349,-0.187495,0.264935,0.078775
5.562577,-0.615511,0.223735,-0.288968,-0.189784,0.258831,0.078775
5.572638,-0.613222,0.224880,-0.288586,-0.191310,0.255779,0.078775
5.582700,-0.610933,0.226406,-0.288205,-0.193599,0.251202,0.078775
5.592765,-0.609407,0.227550,-0.287823,-0.195125,0.247387,0.078775
5.602830,-0.606355,0.229458,-0.287442,-0.197795,0.243572,0.078775
5.612895,-0.604829,0.230602,-0.286679,-0.199321,0.240520,0.078775
5.622956,-0.602922,0.232128,-0.285534,-0.201610,0.237850,0.078775
5.632972,-0.601396,0.233272,-0.285153,-0.203517,0.237850,0.078775
5.643027,-0.599489,0.234798,-0.283627,-0.205806,0.237469,0.078775
5.653089,-0.597963,0.236324,-0.282864,-0.207332,0.235561,0.078775
5.663151,-0.594911,0.238231,-0.281338,-0.210002,0.234035,0.078775
5.673215,-0.593385,0.239376,-0.280957,-0.211147,0.233272,0.078775
5.683277,-0.590715,0.240902,-0.279431,-0.213436,0.231746,0.078775
5.693340,-0.589189,0.242428,-0.278668,-0.214961,0.231746,0.071527
5.703401,-0.587663,0.243954,-0.277905,-0.216869,0.231746,0.071527
5.713464,-0.585374,0.246242,-0.276761,-0.218776,0.231365,0.071527
5.723527,-0.583467,0.247768,-0.275998,-0.220684,0.231365,0.071527
5.733589,-0.580797,0.250439,-0.275235,-0.223354,0.230602,0.071527
5.743652,-0.579271,0.252346,-0.274853,-0.224880,0.230220,0.071527
5.753716,-0.576982,0.254253,-0.273709,-0.227169,0.229076,0.071527
5.763778,-0.575074,0.256161,-0.273327,-0.229076,0.227169,0.071527
5.773840,-0.572786,0.258450,-0.272183,-0.231746,0.222972,0.071527
5.783903,-0.570878,0.259976,-0.271420,-0.233654,0.220302,0.071527
5.793967,-0.567826,0.262646,-0.270275,-0.236706,0.215724,0.071527
5.804029,-0.566300,0.264172,-0.269512,-0.238613,0.211910,0.071527
5.814091,-0.564393,0.266079,-0.268750,-0.241283,0.208476,0.071527
5.824153,-0.562867,0.267605,-0.268368,-0.242809,0.206569,0.071527
5.834215,-0.560960,0.270275,-0.267605,-0.244717,0.203136,0.059319
5.844278,-0.559434,0.271420,-0.267224,-0.245480,0.201228,0.059319
5.854342,-0.556764,0.274090,-0.267224,-0.247387,0.197795,0.059319
5.864404,-0.555238,0.275998,-0.267224,-0.248531,0.195125,0.059319
5.874466,-0.553330,0.278286,-0.267224,-0.250439,0.193217,0.051308
5.884528,-0.551804,0.280194,-0.267224,-0.251965,0.192836,0.051308
5.894590,-0.549897,0.282864,-0.267224,-0.254253,0.190547,0.051308
5.904653,-0.548371,0.284390,-0.267224,-0.256161,0.189021,0.051308
5.914715,-0.546082,0.286679,-0.267224,-0.258450,0.187495,0.051308
5.924777,-0.544175,0.288968,-0.267224,-0.259976,0.186732,0.051308
5.934840,-0.542267,0.290875,-0.267224,-0.262264,0.186732,0.051308
5.944902,-0.541123,0.292782,-0.267224,-0.263790,0.186732,0.051308
5.954977,-0.538834,0.295071,-0.267224,-0.266079,0.186732,0.051308
5.965039,-0.537690,0.296216,-0.267224,-0.267605,0.186732,0.051308
5.975102,-0.536545,0.297742,-0.267224,-0.269131,0.186732,0.051308
5.985166,-0.533875,0.300793,-0.267224,-0.271420,0.186732,0.051308
5.995221,-0.531968,0.302701,-0.267224,-0.272946,0.186351,0.051308
6.005283,-0.529679,0.304608,-0.267224,-0.275616,0.184443,0.051308
6.015342,-0.528153,0.306516,-0.267224,-0.277523,0.182536,0.051308
6.025404,-0.525864,0.309186,-0.267224,-0.280194,0.179484,0.051308
6.035465,-0.524338,0.310330,-0.267224,-0.282101,0.177577,0.051308
6.045527,-0.522049,0.313764,-0.267224,-0.285534,0.174144,0.051308
6.055587,-0.520142,0.315671,-0.267224,-0.287823,0.171473,0.051308
6.065650,-0.517472,0.318341,-0.267224,-0.290494,0.166514,0.051308
6.075710,-0.516327,0.320249,-0.267224,-0.292782,0.162699,0.051308
6.085773,-0.514420,0.322538,-0.267224,-0.295834,0.159266,0.049020
6.095835,-0.513275,0.324445,-0.267224,-0.297742,0.157740,0.049020
6.105897,-0.511368,0.327497,-0.267224,-0.301556,0.154688,0.049020
6.115958,-0.510224,0.329404,-0.267224,-0.303464,0.152781,0.049020
6.126016,-0.507935,0.331693,-0.267224,-0.306516,0.150492,0.049020
6.136078,-0.506790,0.333600,-0.267224,-0.308804,0.148203,0.049020
6.146140,-0.504883,0.336271,-0.267224,-0.311093,0.145533,0.049020
6.156202,-0.503357,0.338178,-0.267224,-0.313001,0.144770,0.049020
6.166264,-0.501831,0.340848,-0.267224,-0.316052,0.144388,0.049020
6.176325,-0.500687,0.342374,-0.267224,-0.317960,0.144388,0.049020
6.186388,-0.499161,0.345426,-0.267224,-0.320630,0.144007,0.049020
6.196450,-0.498016,0.346952,-0.267224,-0.322156,0.143244,0.049020
6.206511,-0.496490,0.348478,-0.267224,-0.323682,0.142100,0.049020
6.216573,-0.494202,0.351530,-0.267224,-0.325589,0.140574,0.049020
6.226635,-0.493057,0.353056,-0.267224,-0.327115,0.139429,0.049020
6.236697,-0.491150,0.355726,-0.267224,-0.329404,0.137522,0.049020
6.246758,-0.489624,0.357633,-0.267224,-0.330930,0.137140,0.049020
6.256800,-0.488098,0.359922,-0.267224,-0.333219,0.135996,0.049020
6.266859,-0.486954,0.361830,-0.267224,-0.335126,0.134470,0.049020
6.276920,-0.485046,0.365263,-0.267224,-0.337034,0.133707,0.049020
6.286981,-0.483902,0.366407,-0.267224,-0.338560,0.133707,0.049020
6.297035,-0.481994,0.369078,-0.267224,-0.340467,0.132563,0.049020
6.307094,-0.480850,0.370985,-0.267224,-0.341611,0.131037,0.049020
6.317148,-0.478943,0.373655,-0.267224,-0.343137,0.129511,0.041009
6.327207,-0.477798,0.375563,-0.267224,-0.344282,0.129511,0.041009
6.337267,-0.476272,0.378233,-0.267224,-0.346189,0.128748,0.041009
6.347327,-0.475128,0.380140,-0.267224,-0.347715,0.127222,0.041009
6.357387,-0.473220,0.382811,-0.267224,-0.350004,0.125315,0.041009
6.367446,-0.472076,0.384718,-0.267224,-0.351530,0.123789,0.041009
6.377506,-0.470169,0.387388,-0.267224,-0.353437,0.120737,0.041009
6.387568,-0.469024,0.389677,-0.267224,-0.354582,0.118067,0.041009
6.397629,-0.467117,0.391966,-0.267224,-0.356107,0.114633,0.041009
6.407688,-0.466354,0.393874,-0.267224,-0.356870,0.112345,0.041009
6.417749,-0.464828,0.396544,-0.267605,-0.358778,0.110437,0.041009
6.427802,-0.464065,0.398451,-0.267224,-0.360304,0.109293,0.041009
6.437862,-0.462921,0.401122,-0.267224,-0.362593,0.107767,0.041009
6.447923,-0.461776,0.403029,-0.267224,-0.364500,0.107767,0.041009
6.457986,-0.460632,0.405699,-0.267224,-0.367170,0.107767,0.030327
6.468048,-0.459487,0.407988,-0.267224,-0.368696,0.107767,0.030327
6.478110,-0.458724,0.409514,-0.267224,-0.369841,0.107767,0.030327
6.488170,-0.457198,0.412184,-0.267224,-0.372129,0.107767,0.030327
6.498232,-0.456054,0.414473,-0.267605,-0.373655,0.107767,0.030327
6.508286,-0.454147,0.416762,-0.267605,-0.375944,0.108148,0.030327
6.518346,-0.453384,0.418669,-0.267605,-0.377089,0.108148,0.030327
6.528400,-0.451858,0.420958,-0.267605,-0.379759,0.107767,0.030327
6.538460,-0.451095,0.422484,-0.267224,-0.381666,0.107767,0.030327
6.548522,-0.449569,0.425536,-0.267224,-0.383955,0.107767,0.030327
6.558585,-0.448425,0.427443,-0.267224,-0.385481,0.107767,0.030327
6.568644,-0.447280,0.429732,-0.267224,-0.387770,0.107767,0.030327
6.578703,-0.446136,0.431258,-0.267605,-0.388914,0.107385,0.030327
6.588763,-0.444610,0.433928,-0.267605,-0.390059,0.105097,0.030327
6.598824,-0.443084,0.435454,-0.267605,-0.391585,0.103952,0.030327
6.608884,-0.441558,0.438125,-0.267605,-0.393492,0.102808,0.030327
6.618945,-0.440795,0.440032,-0.267605,-0.395018,0.102426,0.030327
6.629008,-0.439651,0.441939,-0.267605,-0.396544,0.100519,0.030327
6.639069,-0.438888,0.443847,-0.267605,-0.398070,0.098230,0.030327
6.649129,-0.437362,0.446136,-0.267605,-0.400359,0.094034,0.030327
6.659182,-0.436217,0.447662,-0.267605,-0.401122,0.090600,0.030327
6.669242,-0.434691,0.450332,-0.267605,-0.402266,0.085641,0.030327
6.679301,-0.433547,0.452239,-0.267987,-0.402647,0.082589,0.030327
6.689364,-0.432021,0.454147,-0.268368,-0.403410,0.078393,0.030327
6.699423,-0.431258,0.456054,-0.268368,-0.404555,0.075341,0.030327
6.709485,-0.430114,0.458343,-0.268368,-0.405699,0.072671,0.026131
6.719545,-0.429351,0.459487,-0.268368,-0.406462,0.071527,0.026131
6.729651,-0.428969,0.461776,-0.268368,-0.406844,0.070001,0.026131
6.739704,-0.428588,0.463684,-0.268368,-0.407225,0.069619,0.026131
6.749764,-0.428588,0.465209,-0.268368,-0.407225,0.069238,0.026131
6.759824,-0.427825,0.467498,-0.268750,-0.407225,0.067712,0.026131
6.769886,-0.427443,0.469024,-0.268750,-0.407225,0.066567,0.018883
6.779947,-0.426299,0.471313,-0.268750,-0.407225,0.066186,0.018883
6.790010,-0.425917,0.472839,-0.268750,-0.407225,0.066186,0.018883
6.800072,-0.424392,0.475128,-0.268750,-0.407225,0.066186,0.018883
6.810133,-0.423247,0.477035,-0.268750,-0.407225,0.066186,0.018883
6.820192,-0.421721,0.479324,-0.268750,-0.407225,0.066186,0.018883
6.830252,-0.420958,0.480850,-0.268750,-0.407225,0.066186,0.018502
6.840306,-0.419432,0.483139,-0.268750,-0.407225,0.066186,0.018502
6.850365,-0.418669,0.484665,-0.268750,-0.407225,0.066186,0.018502
6.860428,-0.417144,0.487335,-0.269131,-0.407225,0.066186,0.018502
6.870478,-0.416381,0.489242,-0.269131,-0.407225,0.066186,0.018502
6.880538,-0.415236,0.491150,-0.269131,-0.407225,0.066186,0.018502
6.890597,-0.414855,0.492676,-0.269512,-0.407225,0.066186,0.018502
6.900656,-0.413710,0.495346,-0.269512,-0.407225,0.066186,0.018502
6.910716,-0.412947,0.496490,-0.269512,-0.407225,0.066186,0.018502
6.920775,-0.412184,0.498398,-0.269512,-0.407225,0.066186,0.018502
6.930835,-0.411421,0.499924,-0.269512,-0.407225,0.066186,0.018502
6.940929,-0.409895,0.502213,-0.269512,-0.407225,0.066186,0.018502
6.950989,-0.409133,0.503357,-0.269512,-0.407225,0.065805,0.018502
6.961049,-0.407988,0.504883,-0.269512,-0.407607,0.065042,0.018502
6.971112,-0.406844,0.507172,-0.269512,-0.407607,0.063134,0.018502
6.981174,-0.406081,0.508316,-0.269512,-0.407607,0.061990,0.018502
6.991228,-0.404936,0.509842,-0.269512,-0.408751,0.061227,0.018502
7.001288,-0.404555,0.511749,-0.269512,-0.410277,0.059701,0.018502
7.011349,-0.404173,0.514420,-0.269512,-0.412947,0.058938,0.018502
7.021409,-0.403792,0.515564,-0.269512,-0.414473,0.058556,0.018502
7.031469,-0.403410,0.518235,-0.269512,-0.417525,0.056649,0.015068
7.041529,-0.403029,0.519760,-0.269894,-0.419432,0.055123,0.015068
7.051589,-0.401884,0.521286,-0.270275,-0.421721,0.051690,0.015068
7.061650,-0.401122,0.522812,-0.270657,-0.422866,0.049401,0.015068
7.071704,-0.399977,0.525483,-0.271038,-0.425154,0.047494,0.015068
7.081767,-0.399214,0.526627,-0.271420,-0.426680,0.047494,0.015068
7.091820,-0.398451,0.528534,-0.271801,-0.428969,0.047494,0.015068
7.101874,-0.398070,0.530060,-0.272183,-0.430114,0.047494,0.015068
7.111932,-0.397307,0.531586,-0.272564,-0.432784,0.047494,0.015068
7.121964,-0.396925,0.532349,-0.273327,-0.434310,0.047494,0.015068
7.132024,-0.395781,0.533494,-0.274472,-0.435454,0.047494,0.015068
7.142087,-0.394636,0.534638,-0.275235,-0.435836,0.047112,0.015068
7.152148,-0.393492,0.536927,-0.276379,-0.436980,0.046731,0.015068
7.162207,-0.393111,0.538453,-0.277523,-0.437743,0.046731,0.015068
7.172267,-0.392729,0.539216,-0.278286,-0.438125,0.046731,0.015068
7.182332,-0.392348,0.540360,-0.280194,-0.439269,0.047112,0.015068
7.192396,-0.391966,0.541505,-0.281338,-0.439651,0.047112,0.015068
7.202460,-0.391966,0.543030,-0.283246,-0.439651,0.046731,0.015068
7.212521,-0.391585,0.544175,-0.284771,-0.439651,0.046349,0.015068
7.222583,-0.391585,0.545701,-0.286679,-0.439651,0.044060,0.015068
7.232644,-0.391203,0.546464,-0.287823,-0.439651,0.041772,0.015068
7.242706,-0.390822,0.548371,-0.289349,-0.440032,0.038338,0.015068
7.252767,-0.390440,0.549516,-0.290875,-0.440032,0.037194,0.015068
7.262829,-0.389677,0.550660,-0.293164,-0.440032,0.034905,0.015068
7.272890,-0.388914,0.551804,-0.293927,-0.440032,0.032616,0.014687
7.282953,-0.388151,0.552949,-0.295453,-0.440032,0.029183,0.014687
7.293016,-0.387388,0.554093,-0.296597,-0.440032,0.027276,0.014687
7.303078,-0.386244,0.555238,-0.298505,-0.440032,0.026131,0.014687
7.313140,-0.385863,0.556001,-0.299649,-0.440032,0.026131,0.014687
7.323202,-0.385100,0.557145,-0.300793,-0.440032,0.026131,0.014687
7.333266,-0.384337,0.557527,-0.301938,-0.440032,0.025750,0.014687
7.343328,-0.383574,0.558671,-0.303845,-0.440032,0.025750,0.014687
7.353390,-0.382811,0.559815,-0.304990,-0.440032,0.025750,0.014687
7.363452,-0.382048,0.561723,-0.306516,-0.440032,0.025750,0.014687
7.373513,-0.381666,0.562486,-0.307279,-0.440032,0.026131,0.014687
7.383647,-0.380903,0.564012,-0.308804,-0.440032,0.026131,0.014687
7.393708,-0.380522,0.564775,-0.309949,-0.440032,0.026131,0.014687
7.403770,-0.380140,0.565156,-0.311093,-0.440032,0.026131,0.014687
7.413838,-0.379759,0.566682,-0.312619,-0.440032,0.026131,0.007057
7.423901,-0.379377,0.567826,-0.313382,-0.440032,0.026131,0.007057
7.433956,-0.379377,0.568971,-0.314908,-0.440032,0.026131,0.007057
7.444016,-0.378996,0.569734,-0.315671,-0.440032,0.026131,0.007057
7.454077,-0.378996,0.570497,-0.317578,-0.440032,0.026131,0.007057
7.464136,-0.378996,0.570878,-0.318723,-0.440032,0.026131,0.007057
7.474198,-0.378614,0.572023,-0.319867,-0.440032,0.026131,0.007057
7.484261,-0.378614,0.573167,-0.321012,-0.440032,0.026131,0.007057
7.494323,-0.378233,0.574693,-0.322538,-0.440032,0.026131,0.007057
7.504383,-0.377852,0.575837,-0.323682,-0.440032,0.026131,0.007057
7.514442,-0.377470,0.576982,-0.324826,-0.440032,0.026131,0.007057
7.524502,-0.377089,0.577363,-0.325971,-0.440032,0.026131,0.007057
7.534567,-0.376707,0.578508,-0.327497,-0.440032,0.025750,0.007057
7.544626,-0.376326,0.579652,-0.328260,-0.440032,0.025750,0.007057
7.554686,-0.375563,0.580797,-0.330167,-0.440032,0.025750,0.007057
7.564745,-0.375181,0.581559,-0.330930,-0.440032,0.025750,0.007057
7.574804,-0.374418,0.582704,-0.332456,-0.440032,0.025750,0.007057
7.584858,-0.374037,0.583467,-0.333600,-0.440032,0.025750,0.007057
7.594920,-0.372892,0.584611,-0.334745,-0.440032,0.025750,0.007057
7.604982,-0.372511,0.585374,-0.335889,-0.440032,0.025750,0.007057
7.615044,-0.371366,0.586519,-0.337034,-0.440032,0.025750,0.007057
7.625107,-0.370985,0.587282,-0.337797,-0.440032,0.025750,0.007057
7.635268,-0.370222,0.588045,-0.339322,-0.440032,0.025750,0.007057
7.645331,-0.369841,0.588808,-0.340467,-0.440032,0.025750,0.007057
7.655392,-0.369459,0.589570,-0.341611,-0.440032,0.025750,0.007057
7.665453,-0.369459,0.590333,-0.343137,-0.440032,0.025750,0.007057
7.675516,-0.369078,0.591478,-0.343900,-0.440032,0.025750,0.007057
7.685578,-0.369078,0.592622,-0.345426,-0.440032,0.025750,0.007057
7.695640,-0.369078,0.593004,-0.346571,-0.440032,0.025750,0.007057
7.705701,-0.369078,0.593385,-0.348478,-0.440032,0.025750,0.007057
7.715763,-0.369078,0.593767,-0.349622,-0.440032,0.025750,0.007057
7.725825,-0.369078,0.594148,-0.350767,-0.440032,0.025750,0.007057
7.735894,-0.369078,0.594530,-0.351530,-0.440032,0.025750,0.007057
7.745949,-0.369078,0.595293,-0.353056,-0.440032,0.025750,0.007057
7.756013,-0.369078,0.595293,-0.354200,-0.440032,0.025750,0.007057
7.766078,-0.369078,0.596056,-0.356107,-0.439651,0.025750,0.004005
7.776143,-0.369078,0.596437,-0.356870,-0.439651,0.025750,0.004005
7.786206,-0.369078,0.597200,-0.358396,-0.439651,0.025368,0.004005
7.796269,-0.369078,0.597581,-0.359541,-0.439651,0.024987,0.004005
7.806333,-0.369078,0.598344,-0.361448,-0.439651,0.024605,0.004005
7.816397,-0.369078,0.598726,-0.362593,-0.439651,0.024605,0.004005
7.826459,-0.368696,0.599107,-0.364118,-0.439651,0.024605,0.004005
7.836521,-0.368696,0.599489,-0.365263,-0.439651,0.024224,0.004005
7.846583,-0.368696,0.599870,-0.367170,-0.439651,0.022698,0.004005
7.856644,-0.368696,0.600252,-0.368315,-0.439651,0.022316,0.004005
7.866706,-0.368696,0.601396,-0.370222,-0.439651,0.021935,0.004005
7.876768,-0.368696,0.601778,-0.371366,-0.439651,0.021935,0.004005
7.886845,-0.368696,0.602541,-0.372892,-0.439651,0.021935,0.004005
7.896908,-0.368696,0.602922,-0.374037,-0.439651,0.021935,0.004005
7.906970,-0.368696,0.603304,-0.375181,-0.439651,0.021935,0.004005
7.917032,-0.368696,0.604067,-0.376707,-0.439651,0.021935,0.004005
7.927095,-0.368696,0.604448,-0.378233,-0.439651,0.021935,0.004005
7.937157,-0.368696,0.604448,-0.380140,-0.439269,0.021935,0.004005
7.947219,-0.368696,0.604829,-0.380903,-0.438888,0.021935,0.004005
7.957281,-0.368696,0.605211,-0.382811,-0.438888,0.021935,0.004005
7.967343,-0.368696,0.605211,-0.383574,-0.438888,0.021935,0.004005
7.977405,-0.368696,0.605211,-0.385100,-0.438888,0.021935,0.004005
7.987466,-0.368696,0.605211,-0.386244,-0.438888,0.021935,0.004005
7.997528,-0.368696,0.605211,-0.387388,-0.438888,0.021935,0.004005
8.007590,-0.368315,0.605211,-0.388151,-0.438888,0.021935,0.004005
8.017651,-0.368315,0.605211,-0.389296,-0.438888,0.021935,0.004005
8.027714,-0.368315,0.605211,-0.390440,-0.438888,0.021935,0.004005
8.037777,-0.368315,0.605211,-0.392348,-0.438888,0.021935,0.004005
8.047839,-0.368315,0.605592,-0.393492,-0.438888,0.021935,0.004005
8.057902,-0.368315,0.605592,-0.394636,-0.438888,0.021935,0.004005
8.067964,-0.368696,0.605592,-0.395399,-0.438888,0.021935,0.004005
8.078027,-0.368315,0.605592,-0.396925,-0.438888,0.021935,0.004005
8.088090,-0.368315,0.605592,-0.397688,-0.438888,0.021935,0.004005
8.098152,-0.368315,0.605592,-0.399214,-0.438888,0.021935,0.004005
8.108214,-0.368315,0.605592,-0.399977,-0.438888,0.021935,0.004005
8.118277,-0.368315,0.605592,-0.401122,-0.438888,0.021935,0.004005
8.128331,-0.368315,0.605592,-0.402647,-0.438888,0.021935,0.004005
8.138358,-0.368315,0.605592,-0.403792,-0.438888,0.021935,0.004005
8.148419,-0.368315,0.605592,-0.405699,-0.438506,0.021935,0.004005
8.158480,-0.368315,0.605974,-0.406462,-0.438506,0.021935,0.004005
8.168542,-0.368315,0.605974,-0.407988,-0.437743,0.021935,0.004005
8.178603,-0.368315,0.605974,-0.409133,-0.436980,0.021935,0.004005
8.188664,-0.368315,0.605974,-0.411040,-0.436599,0.021935,0.004005
8.198725,-0.368315,0.605974,-0.411803,-0.435836,0.021935,0.004005
8.208786,-0.368315,0.605974,-0.413329,-0.434691,0.021935,0.004005
8.218848,-0.368315,0.605974,-0.414473,-0.433928,0.021935,0.004005
8.228909,-0.368315,0.605974,-0.416762,-0.431640,0.021935,0.004005
8.238970,-0.368315,0.605974,-0.417906,-0.430114,0.021935,0.004005
8.249032,-0.368315,0.605974,-0.419432,-0.428588,0.021935,0.004005
8.259093,-0.368315,0.605974,-0.420577,-0.427443,0.021935,0.004005
8.269154,-0.368315,0.605974,-0.422484,-0.425536,0.021935,0.004005
8.279215,-0.368315,0.605974,-0.423629,-0.424392,0.021935,0.004005
8.289277,-0.368315,0.605974,-0.424773,-0.422866,0.021935,0.004005
8.299338,-0.368315,0.605974,-0.425536,-0.421721,0.021935,0.004005
8.309400,-0.368315,0.605974,-0.427062,-0.419814,0.021935,0.004005
8.319461,-0.368315,0.605974,-0.428206,-0.418669,0.021935,0.004005
8.329522,-0.368315,0.605974,-0.430114,-0.416381,0.021935,0.004005
8.339585,-0.368315,0.605974,-0.431258,-0.414855,0.021935,0.004005
8.349646,-0.368315,0.605974,-0.432403,-0.412947,0.021935,0.004005
8.359707,-0.368315,0.605974,-0.433165,-0.411421,0.021935,0.004005
8.369843,-0.368315,0.605974,-0.434691,-0.409895,0.021935,0.004005
8.379905,-0.368315,0.605974,-0.435836,-0.408751,0.022316,0.004005
8.389967,-0.368315,0.605974,-0.436217,-0.407607,0.022316,0.004005
8.400029,-0.368315,0.605974,-0.437743,-0.405318,0.021935,0.004005
8.410091,-0.368315,0.605974,-0.438506,-0.404173,0.021935,0.004005
8.420153,-0.368696,0.605592,-0.440032,-0.402647,0.021935,0.004005
8.430215,-0.368315,0.605974,-0.440795,-0.401884,0.021935,0.004005
8.440277,-0.368315,0.605974,-0.442702,-0.399977,0.021935,0.004005
8.450338,-0.368315,0.605974,-0.443465,-0.398451,0.021935,0.004005
8.460400,-0.368696,0.605974,-0.444991,-0.396162,0.021935,0.004005
8.470463,-0.368696,0.605974,-0.445754,-0.395018,0.021935,0.004005
8.480524,-0.368696,0.605592,-0.446899,-0.393111,0.021935,0.004005
8.490586,-0.368696,0.605592,-0.448043,-0.391585,0.021935,0.004005
8.500647,-0.368696,0.605592,-0.449187,-0.390059,0.021935,0.004005
8.510709,-0.368696,0.605211,-0.449950,-0.389296,0.021935,0.004005
8.520771,-0.368696,0.605211,-0.450713,-0.387388,0.021935,0.004005
8.530834,-0.368696,0.605211,-0.451476,-0.386244,0.021935,0.004005
8.540896,-0.368696,0.605211,-0.453002,-0.383955,0.021935,0.004005
8.550958,-0.368696,0.605211,-0.454528,-0.382811,0.022316,0.004005
8.561019,-0.368696,0.605211,-0.455673,-0.380522,0.022316,0.004005
8.571082,-0.368696,0.605211,-0.456817,-0.378996,0.022316,0.004005
8.581144,-0.368696,0.605211,-0.458343,-0.376707,0.022316,0.004005
8.591206,-0.368696,0.604829,-0.459106,-0.375563,0.022316,0.004005
8.601274,-0.368696,0.604829,-0.460250,-0.373274,0.022316,0.004005
8.611337,-0.368696,0.604829,-0.461395,-0.372129,0.022316,0.004005
8.621399,-0.369078,0.604448,-0.462539,-0.370603,0.022316,0.004005
8.631460,-0.369078,0.604448,-0.463302,-0.369841,0.022316,0.004005
8.641522,-0.369078,0.604448,-0.464065,-0.368696,0.022316,0.004005
8.651584,-0.369078,0.604448,-0.465209,-0.367552,0.022316,0.004005
8.661697,-0.369078,0.604448,-0.466735,-0.365263,0.022316,0.004005
8.671759,-0.369078,0.604067,-0.467880,-0.363737,0.022316,0.004005
8.681820,-0.369078,0.604067,-0.468643,-0.362593,0.022316,0.004005
8.691880,-0.369078,0.604067,-0.469787,-0.360685,0.022316,0.004005
8.701942,-0.369459,0.604067,-0.470932,-0.359159,0.022316,0.004005
8.711972,-0.369459,0.604067,-0.472457,-0.357633,0.022316,0.004005
8.722033,-0.369459,0.603685,-0.473220,-0.357252,0.022316,0.004005
8.732095,-0.369459,0.603304,-0.473983,-0.356489,0.022316,0.004005
8.742156,-0.369459,0.603304,-0.474746,-0.355726,0.022316,0.004005
8.752219,-0.369459,0.603304,-0.475891,-0.353819,0.022316,0.004005
8.762284,-0.369841,0.602922,-0.477035,-0.352674,0.022316,0.004005
8.772348,-0.369841,0.602922,-0.478561,-0.351148,0.022316,0.004005
8.782412,-0.369841,0.602541,-0.479706,-0.350004,0.022316,0.004005
8.792467,-0.369841,0.602159,-0.480850,-0.347333,0.022316,0.004005
8.802536,-0.369841,0.601778,-0.481613,-0.345808,0.022316,0.004005
8.812597,-0.369841,0.601015,-0.482757,-0.343519,0.022316,0.004005
8.822656,-0.369841,0.600252,-0.483520,-0.341993,0.022316,0.004005
8.832715,-0.370222,0.599107,-0.484283,-0.339704,0.022316,0.004005
8.842774,-0.370222,0.598726,-0.485428,-0.338178,0.022316,0.004005
8.852834,-0.370222,0.597963,-0.486191,-0.336652,0.022698,0.004005
8.862893,-0.370222,0.597200,-0.486954,-0.335126,0.022698,0.004005
8.872953,-0.370603,0.596437,-0.487716,-0.332837,0.022698,0.004005
8.883013,-0.370603,0.596437,-0.488479,-0.331312,0.022698,0.004005
8.893073,-0.370603,0.595674,-0.490005,-0.329023,0.022698,0.004005
8.903135,-0.370603,0.594911,-0.490768,-0.327497,0.022698,0.004005
8.913194,-0.370603,0.593767,-0.492294,-0.325208,0.022698,0.004005
8.923254,-0.370985,0.593004,-0.493057,-0.323682,0.022698,0.004005
8.933313,-0.370985,0.592241,-0.493820,-0.321775,0.022698,0.004005
8.943374,-0.370985,0.591478,-0.494583,-0.320249,0.022698,0.004005
8.953475,-0.370985,0.590715,-0.495727,-0.318341,0.022698,0.004005
8.963535,-0.371366,0.589952,-0.496109,-0.317578,0.022698,0.004005
8.973595,-0.371748,0.589570,-0.496490,-0.316815,0.022698,0.004005
8.983655,-0.371748,0.588426,-0.497253,-0.314908,0.022698,0.004005
8.993714,-0.372129,0.587282,-0.498016,-0.313382,0.022698,0.004005
9.003774,-0.372511,0.586519,-0.498398,-0.311475,0.023079,0.004005
9.013834,-0.372892,0.585756,-0.498779,-0.309949,0.023079,0.004005
9.023894,-0.373655,0.584993,-0.499924,-0.307660,0.023079,0.004005
9.033953,-0.374037,0.584230,-0.500305,-0.306134,0.023079,0.004005
9.044013,-0.374418,0.583085,-0.501450,-0.304227,0.023079,0.004005
9.054072,-0.374800,0.581941,-0.502213,-0.302319,0.023461,0.004005
9.064132,-0.375563,0.580797,-0.503738,-0.300031,0.023461,0.004005
9.074193,-0.375944,0.580415,-0.504883,-0.298123,0.023461,0.004005
9.084252,-0.376326,0.579652,-0.506027,-0.295453,0.023842,0.004005
9.094306,-0.376707,0.579271,-0.506790,-0.293927,0.023842,0.004005
9.104366,-0.377470,0.578889,-0.507935,-0.291638,0.024605,0.004005
9.114427,-0.378233,0.578126,-0.508698,-0.290875,0.025368,0.004005
9.124482,-0.378996,0.576982,-0.509461,-0.289349,0.027276,0.004005
9.134541,-0.379759,0.576219,-0.510224,-0.288205,0.028038,0.004005
9.144602,-0.380903,0.574693,-0.510986,-0.286679,0.029564,0.004005
9.154664,-0.381666,0.574311,-0.511368,-0.285534,0.030709,0.004005
9.164727,-0.382048,0.573548,-0.512131,-0.284771,0.031853,0.004005
9.174788,-0.382429,0.573167,-0.512512,-0.284009,0.032235,0.004005
9.184847,-0.382811,0.572023,-0.512894,-0.282483,0.033379,0.004005
9.194910,-0.383192,0.571641,-0.513657,-0.281338,0.033379,0.004005
9.204972,-0.383574,0.570115,-0.514801,-0.279431,0.033379,0.004005
9.214996,-0.383574,0.568971,-0.515564,-0.278286,0.033761,0.004005
9.225059,-0.383955,0.567445,-0.516709,-0.275998,0.033761,0.004005
9.235121,-0.383955,0.566682,-0.517472,-0.274472,0.033761,0.004005
9.245252,-0.384337,0.566300,-0.518616,-0.272564,0.033761,0.004005
9.255317,-0.384718,0.565537,-0.519379,-0.271420,0.033761,0.004005
9.265379,-0.385481,0.564775,-0.519760,-0.270275,0.033761,0.004005
9.275441,-0.386244,0.563630,-0.520905,-0.268368,0.034142,0.004005
9.285503,-0.386625,0.562486,-0.521668,-0.267224,0.034142,0.004005
9.295565,-0.387770,0.561341,-0.522812,-0.264935,0.034142,0.004005
9.305628,-0.388151,0.560578,-0.523194,-0.263409,0.034142,0.004005
9.315690,-0.388914,0.559815,-0.524338,-0.260357,0.034142,0.004768
9.325751,-0.389677,0.559052,-0.525101,-0.258831,0.034142,0.004768
9.335816,-0.390822,0.557908,-0.525483,-0.256542,0.034142,0.004768
9.345877,-0.391585,0.556382,-0.526246,-0.254635,0.034524,0.004768
9.355939,-0.393492,0.554856,-0.527008,-0.252728,0.035668,0.004768
9.366001,-0.394255,0.554093,-0.527771,-0.251202,0.037575,0.004768
9.376061,-0.395781,0.552567,-0.528916,-0.248531,0.041772,0.004768
9.386116,-0.396925,0.552186,-0.529679,-0.247005,0.042916,0.004768
9.396178,-0.398070,0.550660,-0.530823,-0.244717,0.043297,0.004768
9.406240,-0.398833,0.549516,-0.531205,-0.242809,0.044060,0.004768
9.416304,-0.400359,0.548753,-0.531968,-0.240902,0.045968,0.004768
9.426366,-0.401122,0.547608,-0.532731,-0.240139,0.047875,0.004768
9.436389,-0.402266,0.546082,-0.533494,-0.239757,0.052071,0.012016
9.446451,-0.403029,0.544938,-0.533494,-0.239757,0.054742,0.012016
9.456514,-0.403792,0.543030,-0.533494,-0.239376,0.058175,0.012016
9.466576,-0.405318,0.542267,-0.533494,-0.239376,0.059701,0.012016
9.476636,-0.406844,0.540742,-0.533875,-0.238994,0.062371,0.012016
9.486697,-0.407607,0.539597,-0.533875,-0.237850,0.064279,0.012016
9.496774,-0.409133,0.537690,-0.534257,-0.236324,0.067712,0.012016
9.506836,-0.409514,0.536927,-0.534638,-0.234798,0.068856,0.012016
9.516899,-0.410277,0.535782,-0.535401,-0.233272,0.068856,0.012016
9.526959,-0.411040,0.534638,-0.535782,-0.230602,0.068856,0.012016
9.537014,-0.411803,0.533494,-0.536164,-0.228695,0.068856,0.012016
9.547073,-0.412947,0.531968,-0.537308,-0.226024,0.068856,0.012016
9.557134,-0.413710,0.530823,-0.538071,-0.224117,0.068856,0.012016
9.567188,-0.414855,0.530060,-0.538834,-0.221065,0.069619,0.012016
9.577248,-0.415618,0.529297,-0.539216,-0.219158,0.070001,0.012016
9.587311,-0.417525,0.528153,-0.540360,-0.216487,0.071145,0.012016
9.597372,-0.418669,0.527771,-0.541123,-0.214580,0.071908,0.012016
9.607434,-0.420577,0.526246,-0.542267,-0.212291,0.072290,0.012016
9.617497,-0.421721,0.525483,-0.543030,-0.210765,0.072290,0.012016
9.627559,-0.423247,0.524338,-0.543412,-0.208476,0.072290,0.012016
9.637621,-0.424392,0.523575,-0.543793,-0.207332,0.072290,0.012016
9.647675,-0.425536,0.522812,-0.544556,-0.206569,0.072290,0.012016
9.657734,-0.426299,0.522049,-0.544556,-0.206569,0.072671,0.012016
9.667787,-0.427443,0.520523,-0.544556,-0.206569,0.072671,0.012016
9.677849,-0.428588,0.519379,-0.544556,-0.206569,0.072671,0.012016
9.687910,-0.430877,0.517853,-0.544938,-0.206569,0.074960,0.012016
9.697971,-0.432021,0.516709,-0.544556,-0.206569,0.077249,0.012016
9.708030,-0.433928,0.515946,-0.544938,-0.206188,0.080682,0.012016
9.718091,-0.435073,0.515183,-0.544938,-0.205425,0.082589,0.012016
9.728153,-0.436980,0.513275,-0.545319,-0.203899,0.085260,0.012016
9.738213,-0.437743,0.512131,-0.545701,-0.201991,0.087167,0.012016
9.748276,-0.439269,0.510605,-0.546082,-0.199702,0.087549,0.012016
9.758338,-0.440032,0.509461,-0.546082,-0.197795,0.087549,0.012016
9.768404,-0.441176,0.507553,-0.546464,-0.195125,0.087549,0.012016
9.778465,-0.441939,0.506027,-0.546845,-0.193599,0.087930,0.012016
9.788530,-0.443465,0.505264,-0.547227,-0.192073,0.089075,0.012016
9.798592,-0.444991,0.503738,-0.547227,-0.189021,0.091745,0.015831
9.808646,-0.446517,0.502976,-0.547608,-0.187495,0.093271,0.015831
9.818700,-0.448043,0.501068,-0.547990,-0.184825,0.094415,0.015831
9.828762,-0.449569,0.499542,-0.547990,-0.183299,0.094415,0.015831
9.838816,-0.451095,0.498398,-0.548371,-0.180629,0.094797,0.015831
9.848876,-0.452239,0.497635,-0.548753,-0.179103,0.094797,0.015831
9.858937,-0.453765,0.496109,-0.548753,-0.177195,0.094797,0.015831
9.868998,-0.454910,0.494583,-0.548753,-0.175669,0.094797,0.027276
9.879060,-0.456817,0.493439,-0.549134,-0.174144,0.095178,0.027276
9.889122,-0.457961,0.492294,-0.549134,-0.172999,0.095178,0.027276
9.899182,-0.459869,0.491150,-0.549134,-0.171473,0.095178,0.027276
9.909245,-0.461013,0.490387,-0.549134,-0.169947,0.095178,0.027276
9.919306,-0.462921,0.488861,-0.549134,-0.168040,0.095178,0.027276
9.929367,-0.464065,0.487335,-0.549134,-0.166896,0.095560,0.027276
9.939428,-0.465591,0.486191,-0.549516,-0.164988,0.096704,0.027276
9.949488,-0.467117,0.485428,-0.549516,-0.163462,0.098230,0.027276
9.959550,-0.469406,0.484283,-0.549897,-0.161555,0.103189,0.027276
9.969609,-0.470932,0.483520,-0.550278,-0.160792,0.107385,0.027276
9.979673,-0.473602,0.481613,-0.550660,-0.159266,0.113870,0.027276
9.989734,-0.475128,0.480468,-0.550660,-0.158122,0.117304,0.027276
9.999794,-0.476654,0.479324,-0.551423,-0.156214,0.121500,0.027276
10.009854,-0.477798,0.478561,-0.551804,-0.155070,0.123789,0.027276
10.019916,-0.479324,0.477035,-0.552186,-0.153162,0.128748,0.027276
10.029976,-0.480850,0.475891,-0.552567,-0.151637,0.132944,0.027276
10.040038,-0.481994,0.474746,-0.553712,-0.150111,0.137522,0.027276
10.050097,-0.483902,0.473602,-0.554856,-0.148203,0.141718,0.027276
10.060156,-0.485046,0.472839,-0.555238,-0.146677,0.143626,0.027276
10.070217,-0.487335,0.471313,-0.555619,-0.145151,0.145533,0.027276
10.080278,-0.488098,0.470169,-0.556001,-0.144007,0.147059,0.027276
10.090341,-0.490005,0.467880,-0.556001,-0.142863,0.148585,0.027657
10.100400,-0.490768,0.466735,-0.556001,-0.142481,0.148585,0.027657
10.110462,-0.493057,0.465209,-0.556001,-0.141718,0.148585,0.027657
10.120525,-0.494202,0.463684,-0.556001,-0.141337,0.148585,0.027657
10.130578,-0.496109,0.461395,-0.556001,-0.140955,0.148966,0.027657
10.140640,-0.497635,0.460632,-0.556001,-0.140574,0.148966,0.027657
10.150702,-0.499924,0.459106,-0.556001,-0.139048,0.148966,0.027657
10.160765,-0.501450,0.457580,-0.556001,-0.138285,0.148966,0.027657
10.170827,-0.503357,0.455673,-0.556001,-0.136759,0.148966,0.027657
10.180889,-0.505264,0.454528,-0.556001,-0.135615,0.149729,0.027657
10.190954,-0.507553,0.453002,-0.556001,-0.134852,0.151637,0.027657
10.201016,-0.509079,0.451476,-0.556001,-0.134470,0.153925,0.027657
10.211072,-0.511749,0.449569,-0.556001,-0.133326,0.157359,0.027657
10.221134,-0.512894,0.448806,-0.556001,-0.132181,0.158885,0.027657
10.231196,-0.515183,0.447280,-0.556001,-0.130274,0.160410,0.027657
10.241259,-0.516327,0.446136,-0.556001,-0.129129,0.162318,0.038720
10.251321,-0.518997,0.443847,-0.556001,-0.127985,0.165751,0.038720
10.261384,-0.520523,0.443084,-0.556001,-0.127985,0.167277,0.038720
10.271446,-0.522431,0.441558,-0.556001,-0.127985,0.169947,0.038720
10.281509,-0.523957,0.440795,-0.556001,-0.127985,0.171473,0.038720
10.291572,-0.525483,0.439651,-0.556001,-0.127222,0.173762,0.038720
10.301635,-0.527008,0.438125,-0.556001,-0.125696,0.174907,0.046349
10.311698,-0.528534,0.436980,-0.556001,-0.124552,0.174525,0.046349
10.321760,-0.531205,0.435836,-0.556001,-0.123026,0.174907,0.046349
10.331823,-0.532731,0.434691,-0.556001,-0.122263,0.176814,0.046349
10.341885,-0.534638,0.432784,-0.556001,-0.122263,0.179484,0.046349
10.351946,-0.536927,0.431640,-0.556001,-0.122263,0.181392,0.046349
10.361973,-0.538834,0.430114,-0.556001,-0.121500,0.184062,0.046349
10.372028,-0.540360,0.428969,-0.556001,-0.120737,0.185206,0.046349
10.382089,-0.542649,0.427825,-0.556001,-0.118448,0.185588,0.046349
10.392151,-0.544556,0.426680,-0.556001,-0.116922,0.185588,0.046349
10.402213,-0.546845,0.424773,-0.556001,-0.115015,0.187877,0.046349
10.412275,-0.548371,0.423629,-0.556001,-0.114252,0.190166,0.046349
10.422338,-0.551041,0.422103,-0.556001,-0.112345,0.193980,0.046349
10.432400,-0.552567,0.420958,-0.556001,-0.111200,0.196269,0.046349
10.442462,-0.554856,0.418669,-0.556001,-0.109674,0.199702,0.046349
10.452524,-0.556382,0.417525,-0.556001,-0.108911,0.201228,0.046349
10.462586,-0.559052,0.416381,-0.556001,-0.107004,0.202754,0.046349
10.472649,-0.560578,0.415236,-0.556001,-0.105478,0.203899,0.046349
10.482710,-0.562867,0.413329,-0.556001,-0.103571,0.207713,0.046349
10.492773,-0.564012,0.412184,-0.556001,-0.102426,0.210384,0.046349
10.502834,-0.566300,0.411040,-0.556001,-0.101282,0.213817,0.046349
10.512896,-0.568589,0.409895,-0.556001,-0.100900,0.215724,0.046349
10.522936,-0.570497,0.407988,-0.556001,-0.099374,0.219158,0.049783
10.532998,-0.572023,0.406462,-0.556001,-0.098230,0.219539,0.049783
10.543072,-0.575074,0.404936,-0.556001,-0.096323,0.219158,0.054360
10.553131,-0.576219,0.403792,-0.556001,-0.095560,0.219539,0.054360
10.563191,-0.577363,0.403029,-0.556001,-0.095178,0.220684,0.054360
10.573251,-0.580034,0.400740,-0.556001,-0.094415,0.221828,0.054360
10.583310,-0.581941,0.399596,-0.556001,-0.094034,0.222972,0.054360
10.593369,-0.584230,0.398833,-0.556001,-0.092889,0.224880,0.054360
10.603428,-0.585756,0.397688,-0.556001,-0.092126,0.226024,0.054360
10.613491,-0.589189,0.395781,-0.556001,-0.090982,0.226787,0.054360
10.623555,-0.590715,0.394255,-0.556001,-0.090219,0.227169,0.054360
10.633614,-0.593767,0.392729,-0.556001,-0.089837,0.229839,0.054360
10.643673,-0.595293,0.391966,-0.556001,-0.089837,0.232128,0.054360
10.653734,-0.597963,0.390440,-0.556001,-0.089837,0.236324,0.061608
10.663793,-0.600252,0.389296,-0.555619,-0.089837,0.238994,0.061608
10.673853,-0.602541,0.387007,-0.555619,-0.089837,0.242428,0.061608
10.683912,-0.605211,0.386244,-0.555619,-0.089837,0.245098,0.061608
10.693971,-0.607881,0.385100,-0.555619,-0.089837,0.248913,0.061608
10.704031,-0.609407,0.383955,-0.555619,-0.089837,0.251965,0.061608
10.714090,-0.612459,0.381666,-0.555619,-0.089837,0.255779,0.069238
10.724153,-0.613985,0.380903,-0.555619,-0.089837,0.258068,0.069238
10.734212,-0.615511,0.378996,-0.555619,-0.089837,0.261883,0.069238
10.744271,-0.617800,0.377852,-0.555619,-0.089837,0.263790,0.069238
10.754379,-0.620089,0.375563,-0.555619,-0.089837,0.267224,0.069238
10.764438,-0.621233,0.374418,-0.555619,-0.089837,0.269131,0.069238
10.774498,-0.622759,0.373274,-0.555619,-0.089837,0.270657,0.069238
10.784559,-0.625811,0.371748,-0.555619,-0.089837,0.271038,0.069238
10.794622,-0.627337,0.370603,-0.555619,-0.089837,0.271420,0.069238
10.804684,-0.629244,0.368315,-0.555619,-0.089837,0.271420,0.069238
10.814745,-0.631151,0.367552,-0.555619,-0.089837,0.271420,0.069238
10.824806,-0.633822,0.366026,-0.555619,-0.089837,0.271420,0.069238
10.834868,-0.635348,0.364500,-0.555619,-0.089837,0.271420,0.069238
10.844927,-0.638018,0.362211,-0.555619,-0.089837,0.271420,0.069238
10.854990,-0.639925,0.361448,-0.555238,-0.089837,0.271420,0.072671
10.865051,-0.643359,0.359541,-0.555238,-0.089837,0.271801,0.072671
10.875114,-0.644884,0.358396,-0.555238,-0.089837,0.272946,0.072671
10.885174,-0.647936,0.356107,-0.555238,-0.089837,0.275616,0.072671
10.895235,-0.650225,0.355344,-0.555238,-0.089837,0.278286,0.072671
10.905297,-0.652895,0.353819,-0.554856,-0.089837,0.282483,0.072671
10.915359,-0.655184,0.353056,-0.554856,-0.089837,0.285916,0.072671
10.925419,-0.658236,0.350385,-0.554475,-0.089456,0.293164,0.072671
10.935479,-0.660143,0.349241,-0.554475,-0.089456,0.297360,0.072671
10.945541,-0.663577,0.348096,-0.554093,-0.089456,0.302319,0.072671
10.955601,-0.665103,0.346952,-0.554093,-0.089075,0.305371,0.072671
10.965663,-0.668154,0.344663,-0.554093,-0.087549,0.309949,0.072671
10.975722,-0.669680,0.343519,-0.554093,-0.086404,0.313382,0.072671
10.985845,-0.671969,0.341993,-0.554093,-0.084115,0.319104,0.072671
10.995905,-0.674258,0.340848,-0.554093,-0.082589,0.321775,0.072671
11.005966,-0.675784,0.339322,-0.554093,-0.081445,0.324063,0.072671
11.016028,-0.678073,0.337034,-0.554093,-0.079156,0.326352,0.072671
11.026094,-0.679980,0.335889,-0.554093,-0.077630,0.327878,0.072671
11.036153,-0.682650,0.334363,-0.553712,-0.075723,0.330930,0.072671
11.046214,-0.684558,0.332837,-0.553712,-0.074578,0.332074,0.072671
11.056275,-0.687228,0.330930,-0.553712,-0.072671,0.333219,0.072671
11.066336,-0.688754,0.330167,-0.553330,-0.071527,0.333600,0.072671
11.076398,-0.691043,0.328641,-0.553330,-0.070001,0.334363,0.080682
11.086460,-0.693332,0.327497,-0.552949,-0.069619,0.335126,0.080682
11.096519,-0.695621,0.325589,-0.552567,-0.069238,0.337415,0.080682
11.106581,-0.697528,0.324445,-0.552186,-0.068856,0.338560,0.080682
11.116641,-0.700580,0.323301,-0.551804,-0.068093,0.340467,0.094797
11.126702,-0.702106,0.322538,-0.551423,-0.067712,0.341611,0.094797
11.136764,-0.704776,0.320630,-0.551041,-0.066949,0.343519,0.094797
11.146824,-0.706683,0.319486,-0.550278,-0.066186,0.345045,0.094797
11.156888,-0.708972,0.317960,-0.549516,-0.065423,0.348096,0.094797
11.166947,-0.710880,0.317197,-0.549134,-0.065423,0.349241,0.094797
11.177007,-0.713550,0.315290,-0.547227,-0.065423,0.350004,0.094797
11.187069,-0.714694,0.313382,-0.546464,-0.065423,0.350004,0.094797
11.197132,-0.716602,0.311856,-0.544556,-0.065423,0.350004,0.094797
11.207193,-0.718509,0.310712,-0.543412,-0.065423,0.350385,0.094797
11.217336,-0.720798,0.309186,-0.541886,-0.065423,0.351530,0.094797
11.227398,-0.722324,0.307660,-0.541123,-0.065423,0.353437,0.094797
11.237459,-0.724231,0.306516,-0.539979,-0.065423,0.354963,0.094797
11.247519,-0.726902,0.305371,-0.538453,-0.065423,0.357252,0.094797
11.257581,-0.728428,0.304608,-0.537308,-0.065423,0.359159,0.094797
11.267641,-0.731098,0.303082,-0.535401,-0.065423,0.362211,0.094797
11.277703,-0.733005,0.301556,-0.534638,-0.065423,0.364881,0.094797
11.287763,-0.735676,0.300031,-0.532731,-0.065423,0.368315,0.094797
11.297824,-0.737201,0.299268,-0.531205,-0.065423,0.370985,0.094797
11.307883,-0.739109,0.297742,-0.529679,-0.065423,0.375944,0.094797
11.317943,-0.740635,0.296979,-0.528916,-0.065423,0.379377,0.094797
11.328003,-0.743687,0.295453,-0.527390,-0.065423,0.384337,0.094797
11.338062,-0.744831,0.294308,-0.526246,-0.065423,0.387770,0.094797
11.348129,-0.747120,0.293545,-0.524720,-0.065042,0.390822,0.094797
11.358190,-0.749027,0.292401,-0.523957,-0.065423,0.391966,0.094797
11.368249,-0.750553,0.290875,-0.522812,-0.065042,0.395018,0.094797
11.378309,-0.751698,0.290112,-0.521668,-0.065042,0.398070,0.094797
11.388369,-0.753605,0.288205,-0.520142,-0.065423,0.401122,0.094797
11.398428,-0.755512,0.287060,-0.518997,-0.065042,0.402266,0.094797
11.408489,-0.757038,0.285534,-0.517472,-0.065042,0.402266,0.094797
11.418549,-0.758183,0.284771,-0.516709,-0.065042,0.402266,0.094797
11.428608,-0.760090,0.282864,-0.515564,-0.065042,0.402266,0.094797
11.438668,-0.761997,0.281720,-0.514801,-0.065042,0.402266,0.094797
11.448730,-0.763523,0.280575,-0.513275,-0.065042,0.402266,0.094797
11.458791,-0.764668,0.279812,-0.512512,-0.065042,0.402266,0.094797
11.468854,-0.765812,0.278668,-0.511749,-0.065042,0.402266,0.098611
11.478917,-0.768482,0.277142,-0.510605,-0.065042,0.402266,0.099756
11.488976,-0.770008,0.275616,-0.509842,-0.065042,0.402266,0.099756
11.499036,-0.771916,0.274090,-0.508316,-0.065042,0.402266,0.099756
11.509095,-0.773442,0.273327,-0.507172,-0.065042,0.402266,0.099756
11.519154,-0.774968,0.271801,-0.505646,-0.065042,0.402266,0.099756
11.529214,-0.776112,0.270275,-0.504883,-0.065042,0.402266,0.099756
11.539274,-0.778019,0.268750,-0.503357,-0.065042,0.402266,0.099756
11.549333,-0.779545,0.267987,-0.502213,-0.065042,0.402266,0.099756
11.559392,-0.781453,0.266461,-0.500687,-0.065042,0.403029,0.099756
11.569451,-0.782597,0.265698,-0.499542,-0.065042,0.403792,0.099756
11.579510,-0.784886,0.263790,-0.498398,-0.065042,0.406081,0.099756
11.589569,-0.786412,0.262646,-0.497253,-0.065042,0.408370,0.099756
11.599630,-0.787938,0.261501,-0.495727,-0.065042,0.411803,0.099756
11.609696,-0.788701,0.260739,-0.494583,-0.065042,0.414092,0.099756
11.619761,-0.790227,0.259594,-0.493057,-0.065042,0.418288,0.099756
11.629814,-0.791752,0.258450,-0.492294,-0.065042,0.422103,0.099756
11.639876,-0.793660,0.256924,-0.490768,-0.065042,0.429351,0.099756
11.649936,-0.794804,0.256161,-0.489624,-0.065042,0.433547,0.118067
11.659998,-0.796330,0.255016,-0.488098,-0.065042,0.437362,0.118448
11.670060,-0.797093,0.254253,-0.486954,-0.065042,0.439269,0.118448
11.680122,-0.798238,0.253109,-0.485428,-0.065042,0.442321,0.118448
11.690184,-0.799001,0.251583,-0.484665,-0.065042,0.444610,0.118448
11.700245,-0.800145,0.250439,-0.483520,-0.065042,0.447280,0.118448
11.710308,-0.801289,0.249676,-0.481613,-0.065042,0.448806,0.118448
11.720369,-0.802052,0.248531,-0.480850,-0.065042,0.449950,0.118448
11.730431,-0.802815,0.247387,-0.479706,-0.065042,0.451095,0.118448
11.740493,-0.803960,0.246624,-0.478943,-0.065042,0.451476,0.118448
11.750554,-0.805486,0.244717,-0.477417,-0.065042,0.451858,0.118448
11.760616,-0.806630,0.243954,-0.476272,-0.065042,0.451858,0.118448
11.770677,-0.807774,0.243191,-0.474365,-0.065042,0.451476,0.118448
11.780739,-0.808537,0.242046,-0.473602,-0.065042,0.451476,0.118448
11.790800,-0.809300,0.240902,-0.472457,-0.065042,0.451476,0.118448
11.800862,-0.810063,0.239757,-0.471313,-0.065042,0.451476,0.118448
11.810924,-0.810826,0.238231,-0.469406,-0.065042,0.451476,0.118448
11.820986,-0.811208,0.237469,-0.468261,-0.065042,0.451476,0.118448
11.831047,-0.811971,0.235943,-0.466735,-0.065042,0.451476,0.118448
11.841108,-0.812352,0.235180,-0.465972,-0.065042,0.451858,0.118448
11.851171,-0.813115,0.234417,-0.464446,-0.065042,0.452621,0.118448
11.861235,-0.813878,0.233654,-0.463684,-0.065042,0.453002,0.118448
11.871297,-0.815023,0.232509,-0.462158,-0.065042,0.453384,0.118448
11.881360,-0.815404,0.231746,-0.461395,-0.065042,0.453384,0.118448
11.891422,-0.816930,0.230602,-0.459869,-0.065042,0.453384,0.118448
11.901484,-0.817693,0.229458,-0.459106,-0.065042,0.453384,0.118448
11.911644,-0.818837,0.228313,-0.457580,-0.065042,0.453384,0.118448
11.921706,-0.819600,0.227550,-0.456435,-0.065042,0.453384,0.125696
11.931768,-0.819600,0.226024,-0.455291,-0.065042,0.453384,0.125696
11.941829,-0.820363,0.224880,-0.454147,-0.065042,0.453384,0.125696
11.951891,-0.820363,0.224498,-0.453002,-0.065042,0.453384,0.125696
11.961954,-0.820745,0.223354,-0.451476,-0.065042,0.453384,0.125696
11.972016,-0.820745,0.222972,-0.450713,-0.065042,0.453384,0.125696
11.982077,-0.821126,0.222210,-0.449569,-0.065042,0.453384,0.125696
11.992139,-0.821126,0.221447,-0.448806,-0.065042,0.453765,0.125696
12.002201,-0.821508,0.220302,-0.447280,-0.065042,0.453765,0.125696
12.012263,-0.821508,0.219539,-0.446136,-0.065042,0.453765,0.125696
12.022327,-0.821508,0.218395,-0.444610,-0.065423,0.453765,0.125696
12.032389,-0.821508,0.217632,-0.443465,-0.065423,0.453765,0.125696
12.042443,-0.821508,0.216487,-0.441939,-0.065423,0.453765,0.125696
12.052505,-0.821508,0.215343,-0.441176,-0.065423,0.453765,0.125696
12.062567,-0.821508,0.213817,-0.439269,-0.065423,0.453765,0.129511
12.072630,-0.821508,0.213054,-0.437743,-0.065423,0.453765,0.129511
12.082692,-0.821508,0.212291,-0.436217,-0.065423,0.453765,0.129511
12.092746,-0.821889,0.211910,-0.435454,-0.065423,0.453765,0.129511
12.102809,-0.821508,0.211147,-0.433928,-0.065423,0.454147,0.129511
12.112864,-0.821889,0.210765,-0.432784,-0.065423,0.454147,0.129511
12.122918,-0.821889,0.210002,-0.431258,-0.065423,0.454147,0.129511
12.132962,-0.821889,0.209621,-0.430495,-0.065423,0.454147,0.129511
12.143015,-0.821889,0.208476,-0.429732,-0.065423,0.454147,0.129511
12.153069,-0.821889,0.208095,-0.428969,-0.065423,0.454147,0.129511
12.163130,-0.821889,0.207332,-0.427825,-0.065423,0.454147,0.129511
12.173193,-0.821889,0.206950,-0.426680,-0.065423,0.454147,0.129511
12.183254,-0.821889,0.206569,-0.425917,-0.065423,0.454147,0.129511
12.193272,-0.821889,0.206188,-0.424773,-0.065423,0.454147,0.129511
12.203333,-0.821889,0.205806,-0.424392,-0.065423,0.454147,0.129511
12.213395,-0.821889,0.205043,-0.423247,-0.065423,0.454147,0.129511
12.223456,-0.821889,0.204280,-0.422866,-0.065423,0.454147,0.129511
12.233518,-0.821889,0.203899,-0.421721,-0.065423,0.454147,0.129511
12.243579,-0.821889,0.203517,-0.420958,-0.065423,0.454147,0.129511
12.253642,-0.821889,0.202754,-0.419814,-0.065423,0.454147,0.129511
12.263704,-0.821889,0.202373,-0.419051,-0.065423,0.454147,0.129511
12.273765,-0.821889,0.201610,-0.418288,-0.065423,0.454147,0.129511
12.283827,-0.821889,0.201228,-0.417906,-0.065423,0.454147,0.129511
12.293889,-0.821889,0.200465,-0.417144,-0.065423,0.454147,0.129511
12.303951,-0.821889,0.200465,-0.416762,-0.065423,0.454147,0.129511
12.313971,-0.821889,0.200465,-0.416381,-0.065423,0.454147,0.129511
12.324027,-0.821889,0.200465,-0.416381,-0.065423,0.454147,0.129511
12.334092,-0.821889,0.200465,-0.415999,-0.065423,0.454147,0.129511
12.344118,-0.821889,0.200465,-0.415999,-0.065423,0.454147,0.129511
12.354258,-0.821889,0.200465,-0.415999,-0.065423,0.454147,0.129511
12.364311,-0.821889,0.200465,-0.415999,-0.065423,0.454147,0.129511
12.374373,-0.821889,0.200465,-0.415999,-0.065423,0.454147,0.129511
12.384434,-0.821889,0.200465,-0.415999,-0.065423,0.454147,0.129511
12.394497,-0.821889,0.200465,-0.415999,-0.065423,0.454147,0.129511
12.404559,-0.821889,0.200465,-0.415999,-0.065423,0.454147,0.129511
12.414621,-0.821889,0.200465,-0.415999,-0.065423,0.454147,0.129511
12.424682,-0.821889,0.200465,-0.415999,-0.065423,0.454147,0.129511
12.434743,-0.821889,0.200465,-0.415999,-0.065423,0.454147,0.129511
12.444795,-0.821889,0.200465,-0.415999,-0.065423,0.454147,0.129511
12.454850,-0.822271,0.200465,-0.415999,-0.065423,0.454147,0.129511
12.464912,-0.822271,0.200465,-0.415999,-0.065423,0.454147,0.129511
12.474971,-0.822271,0.200465,-0.415999,-0.065423,0.454147,0.129511
12.485033,-0.822271,0.200465,-0.415999,-0.065423,0.454147,0.129511
12.495095,-0.822271,0.200465,-0.415999,-0.065423,0.454147,0.129511
12.505157,-0.822652,0.200465,-0.416381,-0.065423,0.454147,0.129511
12.515219,-0.822652,0.200465,-0.416381,-0.065423,0.454147,0.129511
12.525281,-0.822652,0.200465,-0.416381,-0.065423,0.454147,0.129511
12.535342,-0.822652,0.200465,-0.416381,-0.065423,0.454147,0.129511
12.545405,-0.822652,0.200465,-0.416381,-0.065423,0.454147,0.129511
12.555466,-0.822652,0.200465,-0.416381,-0.065423,0.454147,0.129511
12.565528,-0.822652,0.200465,-0.416381,-0.065423,0.454147,0.129511
12.575589,-0.822652,0.200847,-0.416381,-0.065423,0.454147,0.129511
12.585666,-0.822652,0.200847,-0.416762,-0.065423,0.454147,0.129511
12.595718,-0.822652,0.200847,-0.416762,-0.065423,0.454147,0.129511
12.605780,-0.822652,0.200847,-0.416762,-0.065423,0.454147,0.129511
12.615843,-0.822652,0.200847,-0.416762,-0.065423,0.454147,0.129511
12.625907,-0.822652,0.201228,-0.417144,-0.065423,0.454147,0.129511
12.635970,-0.822652,0.201610,-0.417144,-0.065423,0.454147,0.129511
12.646033,-0.822652,0.201991,-0.417144,-0.065423,0.454147,0.129511
12.656094,-0.822652,0.202373,-0.417525,-0.065423,0.454147,0.129511
12.666156,-0.822652,0.202754,-0.417525,-0.065423,0.454147,0.129511
12.676217,-0.822652,0.203517,-0.417906,-0.065423,0.454147,0.129511
12.686280,-0.822652,0.203899,-0.417906,-0.065423,0.454147,0.129511
12.696341,-0.822652,0.205043,-0.417906,-0.065423,0.454147,0.129511
12.706404,-0.822652,0.205806,-0.418288,-0.065423,0.454147,0.129511
12.716465,-0.822652,0.206569,-0.418669,-0.065423,0.454147,0.129511
12.726527,-0.822271,0.207713,-0.419051,-0.065423,0.454147,0.129511
12.736590,-0.822271,0.209621,-0.419432,-0.065423,0.454147,0.129511
12.746658,-0.822271,0.210765,-0.419432,-0.065423,0.454147,0.129511
12.756721,-0.821889,0.212673,-0.420195,-0.065423,0.454147,0.129511
12.766784,-0.821508,0.214199,-0.420958,-0.065423,0.454147,0.129511
12.776847,-0.821126,0.216106,-0.421721,-0.065423,0.453765,0.129511
12.786910,-0.820745,0.218013,-0.422103,-0.065423,0.453765,0.129511
12.796974,-0.819600,0.220302,-0.423629,-0.065423,0.453765,0.129511
12.807028,-0.818837,0.221828,-0.424392,-0.065423,0.453765,0.129511
12.817156,-0.818074,0.224880,-0.425154,-0.065423,0.453765,0.129129
12.827215,-0.817311,0.227169,-0.426299,-0.065423,0.453765,0.129129
12.837275,-0.816548,0.228695,-0.427443,-0.065423,0.453765,0.129129
12.847335,-0.815785,0.230983,-0.429732,-0.065423,0.453384,0.129129
12.857394,-0.815785,0.233654,-0.430877,-0.065423,0.453384,0.129129
12.867454,-0.815023,0.236706,-0.432784,-0.065423,0.453384,0.129129
12.877516,-0.814260,0.238994,-0.433928,-0.065423,0.452621,0.128748
12.887578,-0.812734,0.241665,-0.436980,-0.065423,0.450713,0.128748
12.897639,-0.811589,0.243572,-0.438888,-0.065423,0.449569,0.128748
12.907699,-0.809300,0.247005,-0.440795,-0.065423,0.448806,0.128748
12.917761,-0.807393,0.248913,-0.443084,-0.065423,0.448043,0.128748
12.927821,-0.804341,0.252728,-0.445754,-0.065423,0.445373,0.128748
12.937883,-0.802434,0.254635,-0.447280,-0.065423,0.443084,0.128748
12.947942,-0.798619,0.257687,-0.450332,-0.065423,0.439651,0.128748
12.958002,-0.795949,0.259976,-0.452621,-0.065423,0.436217,0.128748
12.968063,-0.791371,0.263409,-0.455673,-0.065423,0.431640,0.128748
12.978126,-0.789082,0.265698,-0.457580,-0.065423,0.427825,0.128748
12.988187,-0.783742,0.268750,-0.461013,-0.065423,0.422103,0.128748
12.998250,-0.780690,0.271801,-0.462921,-0.065423,0.417144,0.128748
13.008310,-0.775731,0.275235,-0.466735,-0.065423,0.409895,0.128748
13.018370,-0.771916,0.277905,-0.468643,-0.065423,0.405699,0.128748
13.028432,-0.766194,0.280957,-0.471695,-0.065423,0.397688,0.128748
13.038492,-0.762760,0.283627,-0.474365,-0.065423,0.392348,0.128748
13.048554,-0.758183,0.286297,-0.476272,-0.065423,0.387388,0.128748
13.058616,-0.752079,0.290494,-0.480468,-0.065423,0.380140,0.128748
13.068679,-0.747883,0.292782,-0.482376,-0.065423,0.375181,0.128748
13.078739,-0.741016,0.297360,-0.485809,-0.065423,0.368315,0.128748
13.088790,-0.737201,0.300031,-0.488098,-0.065423,0.362974,0.128748
13.098851,-0.729953,0.304227,-0.492294,-0.065423,0.355344,0.128748
13.108911,-0.725376,0.306897,-0.494583,-0.065423,0.350385,0.128748
13.118971,-0.717746,0.311856,-0.497253,-0.065423,0.342756,0.128748
13.129026,-0.712787,0.315671,-0.499161,-0.065423,0.337415,0.124170
13.139081,-0.705158,0.319486,-0.502976,-0.065423,0.330549,0.124170
13.149143,-0.700198,0.322538,-0.505646,-0.065423,0.326352,0.124170
13.159205,-0.692187,0.328260,-0.508316,-0.065423,0.319104,0.124170
13.169266,-0.687228,0.330930,-0.510605,-0.065423,0.313764,0.124170
13.179327,-0.678836,0.335889,-0.513657,-0.065423,0.305753,0.124170
13.189389,-0.673495,0.339704,-0.515946,-0.065423,0.300031,0.124170
13.199451,-0.665103,0.344282,-0.519379,-0.065423,0.292020,0.124170
13.209512,-0.659380,0.347715,-0.520905,-0.065423,0.287442,0.124170
13.219574,-0.651751,0.353437,-0.523957,-0.065805,0.280194,0.124170
13.229635,-0.646029,0.356489,-0.525864,-0.065805,0.274853,0.124170
13.239697,-0.637636,0.362211,-0.528916,-0.065805,0.266079,0.124170
13.249759,-0.631914,0.366026,-0.530442,-0.065805,0.260357,0.124170
13.259929,-0.623522,0.371366,-0.533112,-0.065805,0.251583,0.124170
13.269971,-0.617800,0.375181,-0.534638,-0.065805,0.245861,0.124170
13.280025,-0.612459,0.379377,-0.536545,-0.066567,0.240139,0.124170
13.290087,-0.603304,0.384718,-0.539216,-0.066949,0.232509,0.124170
13.300148,-0.597963,0.388914,-0.540742,-0.066949,0.227169,0.124170
13.310209,-0.589570,0.394255,-0.543030,-0.066949,0.218395,0.079919
13.320271,-0.583848,0.398451,-0.544556,-0.066949,0.211910,0.079919
13.330333,-0.575456,0.404555,-0.546082,-0.068856,0.203517,0.079919
13.340395,-0.569352,0.408751,-0.547227,-0.070764,0.198177,0.079919
13.350457,-0.561341,0.414855,-0.548371,-0.074197,0.190929,0.079919
13.360518,-0.555619,0.419051,-0.548753,-0.076867,0.186351,0.079919
13.370581,-0.547608,0.425154,-0.549516,-0.081445,0.178721,0.079919
13.380642,-0.541886,0.429351,-0.549897,-0.084878,0.174144,0.079919
13.390689,-0.534257,0.435454,-0.550660,-0.089837,0.166514,0.047875
13.400750,-0.528534,0.440032,-0.551041,-0.093271,0.161555,0.047875
13.410811,-0.521286,0.446136,-0.551804,-0.098611,0.155070,0.047875
13.420872,-0.515946,0.450713,-0.552567,-0.102045,0.151637,0.047875
13.430934,-0.508698,0.457580,-0.553330,-0.107385,0.145151,0.047875
13.440999,-0.503738,0.461776,-0.554093,-0.110819,0.140955,0.047875
13.451059,-0.496872,0.468261,-0.554856,-0.116159,0.133707,0.047875
13.461119,-0.491531,0.472457,-0.555238,-0.119974,0.129129,0.047875
13.471181,-0.485046,0.478943,-0.555238,-0.126459,0.122644,0.047875
13.481240,-0.480468,0.483139,-0.555619,-0.130655,0.118448,0.047875
13.491404,-0.473983,0.489624,-0.555619,-0.137522,0.111963,0.047875
13.501467,-0.469406,0.493057,-0.555619,-0.142481,0.108148,0.047875
13.511527,-0.465209,0.497253,-0.555238,-0.147440,0.104334,0.047875
13.521588,-0.459106,0.503357,-0.555238,-0.154688,0.099756,0.047875
13.531646,-0.454910,0.507172,-0.555238,-0.159648,0.096323,0.047875
13.541707,-0.449187,0.513275,-0.555238,-0.166514,0.090219,0.047875
13.551770,-0.444991,0.517090,-0.555238,-0.171855,0.086023,0.047875
13.561833,-0.439651,0.522812,-0.555238,-0.179484,0.080301,0.047875
13.571895,-0.435454,0.527008,-0.554856,-0.184825,0.076867,0.047875
13.581956,-0.430114,0.532731,-0.554856,-0.192454,0.072290,0.047875
13.592013,-0.427443,0.536164,-0.554856,-0.197795,0.068856,0.047875
13.602075,-0.422103,0.541886,-0.554475,-0.206188,0.064279,0.047875
13.612135,-0.419051,0.545701,-0.554093,-0.211528,0.061227,0.047875
13.622196,-0.414473,0.550660,-0.553712,-0.219921,0.056649,0.047875
13.632259,-0.411421,0.554093,-0.553330,-0.225643,0.055123,0.047875
13.642321,-0.407225,0.559052,-0.552567,-0.234417,0.052834,0.047875
13.652383,-0.404555,0.562104,-0.551804,-0.240520,0.050546,0.047875
13.662446,-0.401122,0.567063,-0.550660,-0.249676,0.047494,0.047875
13.672508,-0.398070,0.570115,-0.549516,-0.255779,0.045205,0.047875
13.682569,-0.395018,0.573930,-0.547227,-0.265316,0.041772,0.047875
13.692631,-0.392348,0.576600,-0.546082,-0.271801,0.039483,0.047875
13.702745,-0.389296,0.580034,-0.543412,-0.280957,0.036812,0.047875
13.712807,-0.387007,0.582704,-0.541505,-0.287442,0.035668,0.047875
13.722869,-0.385100,0.584230,-0.539597,-0.293545,0.033761,0.047875
13.732930,-0.382429,0.587282,-0.536164,-0.302701,0.030709,0.047875
13.742993,-0.380522,0.589570,-0.533494,-0.308804,0.029183,0.047875
13.753047,-0.378614,0.592241,-0.528916,-0.318341,0.027276,0.047875
13.763101,-0.377089,0.593767,-0.526627,-0.324445,0.026513,0.047875
13.773153,-0.375181,0.595674,-0.522049,-0.332837,0.025368,0.034142
13.783206,-0.374037,0.596818,-0.518616,-0.338560,0.024987,0.034142
13.793259,-0.372129,0.598726,-0.514420,-0.347333,0.024605,0.034142
13.803312,-0.370985,0.599870,-0.511368,-0.353056,0.024224,0.034142
13.813365,-0.369459,0.601396,-0.505646,-0.360685,0.022698,0.034142
13.823417,-0.369078,0.602159,-0.501831,-0.366026,0.022316,0.034142
13.833479,-0.367933,0.602922,-0.496109,-0.374418,0.022316,0.034142
13.843541,-0.367933,0.603304,-0.492294,-0.379377,0.022316,0.034142
13.853603,-0.367170,0.604448,-0.486191,-0.387388,0.022316,0.034142
13.863664,-0.367170,0.604829,-0.481994,-0.391966,0.022316,0.003243
13.873726,-0.367170,0.604829,-0.475509,-0.398833,0.022316,0.003243
13.883787,-0.367170,0.604829,-0.470932,-0.403410,0.022316,0.003243
13.893850,-0.367170,0.604829,-0.464446,-0.409133,0.022316,0.003243
13.903912,-0.367170,0.604829,-0.459487,-0.412947,0.022316,0.003243
13.913971,-0.367552,0.604067,-0.452239,-0.417906,0.022316,0.003243
13.924026,-0.367552,0.603685,-0.448043,-0.420958,0.022316,0.003243
13.934087,-0.367552,0.602922,-0.443084,-0.423629,0.022316,0.003243
13.944149,-0.367933,0.601778,-0.436217,-0.427062,0.022316,0.003243
13.954210,-0.367933,0.599870,-0.431258,-0.429732,0.022316,0.003243
13.964272,-0.368696,0.597963,-0.424392,-0.433165,0.022316,0.003243
13.974333,-0.369078,0.596818,-0.419051,-0.435073,0.022316,0.003243
13.984395,-0.369459,0.593767,-0.411803,-0.436980,0.022698,0.003243
13.994456,-0.369841,0.591478,-0.406462,-0.438506,0.022698,0.003243
14.004518,-0.370603,0.587663,-0.399214,-0.440032,0.022698,0.003243
14.014581,-0.370985,0.584993,-0.393874,-0.440032,0.022698,0.003243
14.024643,-0.371748,0.580034,-0.387007,-0.440032,0.022698,0.003243
14.034704,-0.372511,0.576600,-0.381666,-0.440032,0.022698,0.003243
14.044763,-0.374037,0.570878,-0.374037,-0.440032,0.022698,0.003243
14.054823,-0.375563,0.566682,-0.368696,-0.440032,0.023079,0.004005
14.064885,-0.376707,0.559815,-0.361067,-0.439651,0.024987,0.004005
14.074944,-0.377470,0.554856,-0.355726,-0.439651,0.027276,0.004005
14.085005,-0.380140,0.547227,-0.348478,-0.439651,0.031090,0.004005
14.095070,-0.382048,0.541886,-0.343519,-0.439269,0.034524,0.004005
14.105129,-0.385100,0.532731,-0.336271,-0.438506,0.038720,0.004005
14.115189,-0.388151,0.525864,-0.331312,-0.438125,0.042153,0.004005
14.125250,-0.391966,0.515564,-0.324445,-0.436599,0.047494,0.004005
14.135311,-0.395399,0.508316,-0.319104,-0.435454,0.052071,0.004005
14.145373,-0.398833,0.500305,-0.314908,-0.433165,0.057794,0.004005
14.155432,-0.404555,0.488098,-0.308804,-0.429351,0.065805,0.004005
14.165496,-0.409133,0.479706,-0.304608,-0.425917,0.070764,0.004005
14.175555,-0.415618,0.466354,-0.299649,-0.420195,0.079538,0.007820
14.185616,-0.420577,0.456817,-0.296216,-0.415618,0.085260,0.007820
14.195677,-0.427825,0.442702,-0.291638,-0.407988,0.093271,0.007820
14.205739,-0.433165,0.433547,-0.288968,-0.402266,0.098611,0.007820
14.215798,-0.441176,0.419432,-0.285153,-0.393111,0.107004,0.007820
14.225852,-0.446899,0.410277,-0.282864,-0.386244,0.113107,0.007820
14.235911,-0.455673,0.395781,-0.279049,-0.375944,0.121500,0.007820
14.245973,-0.462158,0.385100,-0.277905,-0.368696,0.127222,0.007820
14.256036,-0.471313,0.369841,-0.275616,-0.357633,0.137140,0.007820
14.266097,-0.478180,0.359922,-0.274472,-0.350004,0.144007,0.007820
14.276158,-0.488479,0.345808,-0.272946,-0.338941,0.153162,0.007820
14.286218,-0.495727,0.336271,-0.272183,-0.330930,0.160029,0.007820
14.296280,-0.506409,0.322538,-0.271038,-0.319104,0.171092,0.007820
14.306342,-0.514038,0.313764,-0.271038,-0.311093,0.177958,0.007820
14.316404,-0.525101,0.300412,-0.270657,-0.299268,0.188640,0.007820
14.326466,-0.532731,0.292401,-0.270657,-0.291257,0.196651,0.007820
14.336525,-0.544556,0.280575,-0.270657,-0.279431,0.208095,0.007820
14.346585,-0.552567,0.272564,-0.270657,-0.271420,0.215724,0.007820
14.356645,-0.560960,0.265316,-0.270657,-0.263790,0.223354,0.007820
14.366704,-0.573167,0.254635,-0.270657,-0.252728,0.234798,0.007820
14.376766,-0.581941,0.247387,-0.270657,-0.245098,0.243191,0.007820
14.386825,-0.594530,0.237850,-0.271038,-0.234035,0.256924,0.007820
14.396887,-0.603304,0.231746,-0.271038,-0.226787,0.266842,0.007820
14.406946,-0.616655,0.223354,-0.271420,-0.216106,0.280194,0.007820
14.417006,-0.625811,0.218013,-0.271801,-0.209239,0.288586,0.030709
14.427069,-0.639162,0.210765,-0.272183,-0.199321,0.301556,0.043679
14.437129,-0.648318,0.206188,-0.272564,-0.192836,0.309949,0.043679
14.447189,-0.661669,0.200084,-0.274090,-0.183680,0.322538,0.043679
14.457248,-0.670062,0.196651,-0.274853,-0.177195,0.330549,0.043679
14.467309,-0.683032,0.192454,-0.276761,-0.168040,0.342756,0.043679
14.477370,-0.691806,0.189784,-0.278286,-0.161936,0.350385,0.043679
14.487430,-0.704013,0.186351,-0.280957,-0.153162,0.361067,0.043679
14.497489,-0.712787,0.185588,-0.282483,-0.147440,0.367933,0.043679
14.507548,-0.724994,0.183680,-0.285534,-0.139811,0.378614,0.043679
14.517608,-0.732624,0.182536,-0.287823,-0.135233,0.386244,0.043679
14.527666,-0.743687,0.181773,-0.292020,-0.128748,0.396162,0.043679
14.537723,-0.750935,0.181773,-0.294308,-0.124552,0.402266,0.102045
14.547830,-0.761616,0.181773,-0.298123,-0.118830,0.410277,0.102045
14.557889,-0.767720,0.181773,-0.300793,-0.115015,0.414855,0.102045
14.567951,-0.774205,0.182155,-0.303845,-0.111582,0.419432,0.102045
14.578012,-0.782216,0.182536,-0.309186,-0.106622,0.426680,0.102045
14.588074,-0.787556,0.183299,-0.312238,-0.103571,0.430495,0.102045
14.598133,-0.794804,0.184443,-0.317197,-0.098993,0.435454,0.102045
14.608195,-0.799001,0.185206,-0.321012,-0.096323,0.437362,0.102045
14.618258,-0.804341,0.187114,-0.326352,-0.092508,0.439651,0.102045
14.628318,-0.808156,0.188258,-0.330930,-0.090219,0.441558,0.102045
14.638380,-0.811971,0.190929,-0.337034,-0.087167,0.444228,0.102045
14.648439,-0.813878,0.192454,-0.340848,-0.085260,0.445373,0.102045
14.658497,-0.816548,0.195506,-0.347333,-0.082589,0.445373,0.102045
14.668557,-0.818074,0.197795,-0.351911,-0.080682,0.445754,0.126078
14.678619,-0.818837,0.201610,-0.359159,-0.078012,0.445754,0.126459
14.688681,-0.818837,0.203899,-0.363737,-0.076486,0.445754,0.126459
14.698744,-0.818074,0.208095,-0.371366,-0.074960,0.445754,0.126459
14.708803,-0.817693,0.211147,-0.375563,-0.073816,0.445754,0.126459
14.718861,-0.816167,0.216487,-0.383574,-0.071908,0.445754,0.126459
14.728921,-0.815023,0.219158,-0.388533,-0.070764,0.445754,0.126459
14.738981,-0.813115,0.224880,-0.396544,-0.069619,0.445754,0.126459
14.749034,-0.811208,0.229076,-0.401122,-0.069238,0.445373,0.126459
14.759173,-0.808156,0.234417,-0.408751,-0.068475,0.444991,0.126459
14.769231,-0.805486,0.238231,-0.413710,-0.067712,0.443465,0.126459
14.779293,-0.802434,0.242428,-0.419051,-0.066949,0.441176,0.126459
14.789356,-0.796712,0.248150,-0.426680,-0.066186,0.436980,0.126459
14.799415,-0.792897,0.253109,-0.431640,-0.065423,0.432021,0.126459
14.809477,-0.785649,0.258831,-0.439269,-0.064660,0.424010,0.126459
14.819537,-0.779927,0.263409,-0.444228,-0.064279,0.419051,0.126459
14.829598,-0.771916,0.269894,-0.451095,-0.064279,0.410277,0.126459
14.839657,-0.765431,0.274472,-0.456054,-0.064279,0.403792,0.126459
14.849716,-0.755894,0.281338,-0.462539,-0.064279,0.391585,0.126459
14.859776,-0.749409,0.285916,-0.467498,-0.064279,0.383192,0.126459
14.869837,-0.738727,0.293164,-0.473983,-0.064279,0.370222,0.126459
14.879899,-0.731861,0.297742,-0.478180,-0.064279,0.361830,0.126078
14.889952,-0.721180,0.304990,-0.484665,-0.064660,0.348478,0.126078
14.900012,-0.713550,0.309567,-0.488861,-0.064660,0.339322,0.126078
14.910073,-0.702487,0.317197,-0.495346,-0.064660,0.325971,0.126078
14.920132,-0.694858,0.321775,-0.498779,-0.064660,0.316815,0.126078
14.930191,-0.683795,0.329404,-0.504501,-0.064660,0.303082,0.126078
14.940251,-0.676547,0.333982,-0.507935,-0.064660,0.294690,0.126078
14.950312,-0.665484,0.341230,-0.512894,-0.064660,0.282864,0.126078
14.960372,-0.658236,0.346189,-0.515946,-0.065042,0.275616,0.126078
14.970441,-0.647173,0.353437,-0.520905,-0.065423,0.265316,0.126078
14.980499,-0.639925,0.358015,-0.523957,-0.065805,0.258450,0.126078
14.990560,-0.633059,0.362593,-0.526246,-0.066567,0.251583,0.080301
15.000624,-0.621996,0.370222,-0.530442,-0.067330,0.241665,0.079156
15.010688,-0.615129,0.374800,-0.533112,-0.068475,0.235943,0.079156
15.020749,-0.604448,0.382048,-0.536164,-0.070382,0.227169,0.079156
15.030808,-0.597963,0.387007,-0.538071,-0.072290,0.221065,0.079156
15.040868,-0.587663,0.394255,-0.541123,-0.074960,0.211910,0.079156
15.050928,-0.580797,0.399214,-0.543030,-0.076867,0.206569,0.079156
15.060991,-0.570878,0.406462,-0.544938,-0.079919,0.198939,0.079156
15.071049,-0.564775,0.411421,-0.546082,-0.082208,0.193980,0.079156
15.081110,-0.554856,0.418288,-0.548371,-0.086786,0.186732,0.079156
15.091161,-0.549134,0.423247,-0.549134,-0.089456,0.182155,0.079156
15.101222,-0.540360,0.430114,-0.550660,-0.094034,0.175288,0.079156
15.111275,-0.534257,0.434691,-0.551423,-0.097467,0.170329,0.079156
15.121337,-0.526246,0.441558,-0.552949,-0.102045,0.163462,0.054360
15.131391,-0.520905,0.446136,-0.553712,-0.105097,0.159266,0.054360
15.141445,-0.513275,0.453002,-0.554856,-0.109293,0.152781,0.054360
15.151499,-0.507935,0.457580,-0.555238,-0.112345,0.148585,0.054360
15.161551,-0.500687,0.464446,-0.556001,-0.117685,0.141337,0.054360
15.171604,-0.496109,0.468261,-0.556001,-0.121118,0.136759,0.054360
15.181666,-0.489624,0.474365,-0.556001,-0.126459,0.129511,0.054360
15.191730,-0.484665,0.478561,-0.556001,-0.130655,0.125696,0.054360
15.201869,-0.478561,0.484283,-0.556001,-0.136378,0.119593,0.054360
15.211933,-0.474746,0.488098,-0.556001,-0.140574,0.115015,0.054360
15.221995,-0.470550,0.491913,-0.556001,-0.144388,0.110819,0.054360
15.232057,-0.464446,0.497635,-0.556001,-0.150111,0.105097,0.054360
15.242121,-0.461013,0.501831,-0.556001,-0.153544,0.102045,0.054360
15.252182,-0.455673,0.507172,-0.556001,-0.159648,0.097467,0.054360
15.262245,-0.452621,0.510605,-0.555619,-0.163462,0.094034,0.054360
15.272308,-0.447280,0.516327,-0.556001,-0.169184,0.088312,0.054360
15.282369,-0.443847,0.520142,-0.555619,-0.173381,0.084878,0.054360
15.292432,-0.439651,0.524720,-0.555619,-0.179484,0.079919,0.054360
15.302495,-0.436217,0.528153,-0.555619,-0.183680,0.077630,0.054360
15.312556,-0.432021,0.533112,-0.555619,-0.190166,0.073816,0.054360
15.322619,-0.428969,0.535782,-0.555238,-0.193980,0.071527,0.054360
15.332680,-0.425917,0.540742,-0.554856,-0.200084,0.068093,0.054360
15.342742,-0.422866,0.543030,-0.554856,-0.204280,0.066186,0.054360
15.352805,-0.419432,0.547227,-0.554475,-0.210384,0.063516,0.054360
15.362869,-0.417144,0.549897,-0.554093,-0.214580,0.062371,0.054360
15.372930,-0.414092,0.553712,-0.554093,-0.220684,0.061608,0.054360
15.382993,-0.411803,0.556001,-0.553712,-0.224498,0.060082,0.054360
15.393057,-0.408751,0.559434,-0.553330,-0.230602,0.057031,0.054360
15.403121,-0.406462,0.561723,-0.552949,-0.234798,0.055123,0.033379
15.413228,-0.403792,0.565156,-0.552186,-0.240902,0.052453,0.033379
15.423290,-0.402266,0.567063,-0.551804,-0.245098,0.051690,0.033379
15.433352,-0.400359,0.568971,-0.551804,-0.249676,0.050546,0.033379
15.443416,-0.397688,0.571641,-0.551041,-0.255779,0.047494,0.033379
15.453477,-0.396162,0.573167,-0.549897,-0.259976,0.046349,0.033379
15.463539,-0.393874,0.576219,-0.548753,-0.265698,0.044060,0.033379
15.473603,-0.392348,0.577745,-0.547608,-0.269894,0.041390,0.033379
15.483664,-0.390440,0.580034,-0.546082,-0.275998,0.039101,0.033379
15.493726,-0.389296,0.581178,-0.544556,-0.279431,0.038338,0.033379
15.503787,-0.387770,0.582704,-0.542267,-0.285153,0.035668,0.033379
15.513849,-0.386244,0.583467,-0.540742,-0.289349,0.033761,0.033379
15.523912,-0.383955,0.584993,-0.538834,-0.294308,0.031472,0.010872
15.533972,-0.382811,0.586519,-0.536927,-0.297360,0.029946,0.010872
15.544027,-0.381666,0.588045,-0.534257,-0.302701,0.028038,0.010872
15.554090,-0.380522,0.588808,-0.532731,-0.305753,0.027657,0.010872
15.564151,-0.379377,0.589952,-0.530060,-0.311093,0.026894,0.010872
15.574213,-0.378614,0.590715,-0.528153,-0.314145,0.026513,0.005913
15.584276,-0.377852,0.592241,-0.525483,-0.318723,0.026131,0.005913
15.594340,-0.377470,0.593004,-0.523575,-0.321393,0.026131,0.005913
15.604402,-0.376707,0.594148,-0.521286,-0.325208,0.025750,0.005913
15.614464,-0.375944,0.594911,-0.519379,-0.327878,0.025750,0.005913
15.624525,-0.375181,0.595293,-0.516327,-0.331312,0.025750,0.005913
15.634587,-0.374418,0.596056,-0.514801,-0.333982,0.025750,0.005913
15.644651,-0.373655,0.596818,-0.513275,-0.336271,0.025750,0.005913
15.654711,-0.372892,0.598344,-0.509842,-0.338941,0.025750,0.005913
15.664771,-0.372129,0.599489,-0.508316,-0.340848,0.025368,0.005913
15.674828,-0.370985,0.600633,-0.505646,-0.343900,0.025368,0.005913
15.684889,-0.370222,0.601396,-0.503738,-0.346189,0.025368,0.005913
15.694951,-0.369459,0.601778,-0.501068,-0.349241,0.025368,0.005913
15.705014,-0.369078,0.602541,-0.499161,-0.350767,0.025368,0.005913
15.715078,-0.368696,0.602922,-0.495727,-0.353819,0.025368,0.005913
15.725139,-0.368696,0.603685,-0.493820,-0.355726,0.025368,0.005913
15.735201,-0.368696,0.604829,-0.491150,-0.358396,0.025368,0.005913
15.745262,-0.368696,0.605211,-0.489242,-0.359922,0.025368,0.005913
15.755325,-0.368696,0.605592,-0.486191,-0.362211,0.025368,0.005913
15.765383,-0.368696,0.605974,-0.484283,-0.363737,0.024987,0.005913
15.775444,-0.368696,0.606737,-0.481231,-0.366789,0.023842,0.005913
15.785504,-0.368696,0.607118,-0.478943,-0.368315,0.022698,0.005913
15.795566,-0.368696,0.607500,-0.476272,-0.370603,0.022316,0.005913
15.805625,-0.368696,0.607500,-0.474365,-0.371748,0.022316,0.005913
15.815686,-0.368315,0.607500,-0.471695,-0.373274,0.022316,0.005913
15.825748,-0.368696,0.607881,-0.469787,-0.374418,0.021935,0.005913
15.835815,-0.368696,0.607881,-0.467117,-0.375181,0.021935,0.005913
15.845876,-0.368696,0.607881,-0.465591,-0.376326,0.021935,0.005913
15.855936,-0.368315,0.607881,-0.464446,-0.377089,0.021935,0.005913
15.865998,-0.368315,0.608263,-0.462158,-0.378614,0.021935,0.005913
15.876061,-0.368315,0.608263,-0.460632,-0.379759,0.021935,0.005913
15.886125,-0.368315,0.608263,-0.458724,-0.382048,0.021935,0.005913
15.896185,-0.368315,0.608263,-0.457198,-0.383574,0.021935,0.005913
15.906246,-0.368315,0.608644,-0.455291,-0.385481,0.021935,0.005913
15.916306,-0.368315,0.608644,-0.454147,-0.386625,0.021935,0.005913
15.926368,-0.368315,0.608644,-0.452621,-0.387770,0.021935,0.005913
15.936428,-0.368315,0.608644,-0.451476,-0.387770,0.021935,0.005913
15.946491,-0.367933,0.609026,-0.450713,-0.387770,0.021935,0.005913
15.956555,-0.367933,0.609026,-0.449950,-0.387770,0.021935,0.005913
15.966615,-0.367933,0.609026,-0.449569,-0.387770,0.021935,0.005913
15.976678,-0.367933,0.609407,-0.448806,-0.387770,0.021935,0.005913
15.986737,-0.367933,0.609407,-0.448043,-0.387770,0.021935,0.005913
15.996800,-0.367933,0.609407,-0.447280,-0.387770,0.021935,0.005913
