t,q1,q2,q3,q4,q5,q6
0.000000,-0.338178,0.605974,-0.406462,-0.387770,-0.001717,-0.005531
0.010060,-0.338178,0.605974,-0.406462,-0.387770,-0.001717,-0.005531
0.020114,-0.338178,0.605974,-0.406462,-0.387770,-0.001717,-0.005531
0.030165,-0.338178,0.605974,-0.406462,-0.387770,-0.001717,-0.005531
0.040229,-0.338178,0.605974,-0.406462,-0.387770,-0.001717,-0.005531
0.050283,-0.338178,0.605974,-0.406462,-0.387770,-0.001717,-0.005531
0.060347,-0.338178,0.605974,-0.406462,-0.387770,-0.001717,-0.005531
0.070411,-0.338178,0.605974,-0.406462,-0.387770,-0.001717,-0.005531
0.080473,-0.338178,0.605974,-0.406462,-0.387770,-0.001717,-0.005531
0.090536,-0.338178,0.605974,-0.406462,-0.387770,-0.001717,-0.005531
0.100600,-0.338178,0.605974,-0.406462,-0.387770,-0.001717,-0.005531
0.110755,-0.338178,0.605974,-0.406462,-0.387770,-0.001717,-0.005531
0.120812,-0.338178,0.605974,-0.406462,-0.387770,-0.001717,-0.005531
0.130864,-0.338178,0.605974,-0.406462,-0.387770,-0.001717,-0.005531
0.140924,-0.338178,0.605974,-0.406462,-0.387770,-0.001717,-0.005531
0.150984,-0.338178,0.605974,-0.406462,-0.387770,-0.001717,-0.005531
0.161037,-0.338178,0.605974,-0.406462,-0.387770,-0.001717,-0.005531
0.171101,-0.338178,0.605974,-0.406462,-0.387770,-0.001717,-0.005531
0.181167,-0.338178,0.605974,-0.406462,-0.387770,-0.001717,-0.005531
0.191228,-0.338178,0.605974,-0.406462,-0.387770,-0.001717,-0.005531
0.201283,-0.338178,0.605974,-0.406462,-0.387770,-0.001717,-0.005531
0.211346,-0.338178,0.605974,-0.406462,-0.387770,-0.001717,-0.005531
0.221414,-0.338178,0.605974,-0.406462,-0.387770,-0.001717,-0.005531
0.231469,-0.338178,0.605974,-0.406462,-0.387770,-0.001717,-0.005531
0.241522,-0.338178,0.605974,-0.406462,-0.387770,-0.001717,-0.005531
0.251574,-0.338178,0.605974,-0.406462,-0.387770,-0.001717,-0.005531
0.261626,-0.338178,0.605974,-0.406462,-0.387770,-0.001717,-0.005531
0.271678,-0.338178,0.605974,-0.406462,-0.387770,-0.001717,-0.005531
0.281731,-0.338178,0.605974,-0.406462,-0.387770,-0.001717,-0.005531
0.291785,-0.338178,0.605974,-0.406462,-0.387770,-0.001717,-0.005531
0.301837,-0.338178,0.605974,-0.406462,-0.387770,-0.001717,-0.005531
0.311888,-0.338178,0.605974,-0.406462,-0.387770,-0.001717,-0.005531
0.321942,-0.338178,0.605974,-0.406462,-0.387770,-0.001717,-0.005531
0.331994,-0.338178,0.605974,-0.406462,-0.387770,-0.001717,-0.005531
0.342046,-0.338178,0.605974,-0.406462,-0.387770,-0.001717,-0.005531
0.352099,-0.338178,0.605974,-0.406462,-0.387770,-0.001717,-0.005531
0.362151,-0.338178,0.605974,-0.406462,-0.387770,-0.001717,-0.005531
0.372204,-0.338178,0.605974,-0.406462,-0.387770,-0.001717,-0.005531
0.382233,-0.338178,0.605974,-0.406462,-0.387770,-0.001717,-0.005531
0.392294,-0.338178,0.605974,-0.406462,-0.387770,-0.001717,-0.005531
0.402354,-0.338178,0.605974,-0.406462,-0.387770,-0.001717,-0.005531
0.412417,-0.338178,0.605974,-0.406462,-0.387770,-0.001717,-0.005531
0.422471,-0.338178,0.605974,-0.406462,-0.387770,-0.001717,-0.005531
0.432523,-0.338178,0.605974,-0.406462,-0.387770,-0.001717,-0.005531
0.442575,-0.338178,0.605974,-0.406462,-0.387770,-0.001717,-0.005531
0.452626,-0.338178,0.605974,-0.406462,-0.387770,-0.001717,-0.005531
0.462679,-0.338178,0.605974,-0.406462,-0.387770,-0.001717,-0.005531
0.472741,-0.338178,0.605974,-0.406462,-0.387770,-0.001717,-0.005531
0.482808,-0.338178,0.605974,-0.406462,-0.387770,-0.001717,-0.005531
0.492872,-0.338178,0.605974,-0.406462,-0.387770,-0.001717,-0.005531
0.502925,-0.338178,0.605974,-0.406462,-0.387770,-0.001717,-0.005531
0.513028,-0.338178,0.605974,-0.406462,-0.387770,-0.001717,-0.005531
0.523081,-0.338178,0.605974,-0.406462,-0.387770,-0.001717,-0.005531
0.533133,-0.338178,0.605974,-0.406462,-0.387770,-0.001717,-0.005531
0.543185,-0.338178,0.605974,-0.406462,-0.387770,-0.001717,-0.005531
0.553226,-0.338178,0.605974,-0.406462,-0.387770,-0.001717,-0.005531
0.563285,-0.338178,0.605974,-0.406462,-0.387770,-0.001717,-0.005531
0.573346,-0.338178,0.605974,-0.406462,-0.387770,-0.001717,-0.005531
0.583413,-0.338178,0.605974,-0.406462,-0.387770,-0.001717,-0.005531
0.593477,-0.338178,0.605974,-0.406462,-0.387770,-0.001717,-0.005531
0.603537,-0.338178,0.605974,-0.406462,-0.387770,-0.001717,-0.005531
0.613600,-0.338178,0.605974,-0.406462,-0.387770,-0.001717,-0.005531
0.623661,-0.338178,0.605974,-0.406462,-0.387770,-0.001717,-0.005531
0.633714,-0.338178,0.605974,-0.406462,-0.387770,-0.001717,-0.005531
0.643766,-0.338178,0.605974,-0.406462,-0.387770,-0.001717,-0.005531
0.653818,-0.338178,0.605974,-0.406462,-0.387770,-0.001717,-0.005531
0.663870,-0.338178,0.605974,-0.406462,-0.387770,-0.001717,-0.005531
0.673921,-0.338178,0.605974,-0.406462,-0.387770,-0.001717,-0.005531
0.683976,-0.338178,0.605974,-0.406462,-0.387770,-0.001717,-0.005531
0.694029,-0.338178,0.605974,-0.406462,-0.387770,-0.001717,-0.005531
0.704080,-0.338178,0.605974,-0.406462,-0.387770,-0.001717,-0.005531
0.714132,-0.338178,0.605974,-0.406462,-0.387770,-0.001717,-0.005531
0.724226,-0.338178,0.605974,-0.406462,-0.387770,-0.001717,-0.005531
0.734280,-0.338178,0.605974,-0.406462,-0.387770,-0.001717,-0.005531
0.744334,-0.338178,0.605974,-0.406462,-0.387770,-0.001717,-0.005531
0.754397,-0.338178,0.605974,-0.406462,-0.387770,-0.001717,-0.005531
0.764456,-0.338178,0.605974,-0.406462,-0.387770,-0.001717,-0.005531
0.774517,-0.338178,0.605974,-0.406462,-0.387770,-0.001717,-0.005531
0.784582,-0.338178,0.605974,-0.406462,-0.387770,-0.001717,-0.005531
0.794642,-0.338178,0.605974,-0.406844,-0.387770,-0.001717,-0.005531
0.804699,-0.338178,0.605974,-0.406844,-0.387770,-0.001717,-0.005531
0.814752,-0.338178,0.605974,-0.406844,-0.387770,-0.001717,-0.005531
0.824803,-0.338178,0.605974,-0.406462,-0.387770,-0.001717,-0.005531
0.834865,-0.338178,0.605974,-0.406844,-0.387770,-0.001717,-0.005531
0.844928,-0.338178,0.605974,-0.406844,-0.387770,-0.001717,-0.005531
0.854987,-0.338178,0.605974,-0.406844,-0.387770,-0.001717,-0.005531
0.865050,-0.338178,0.605974,-0.406844,-0.387770,-0.001717,-0.005531
0.875110,-0.338178,0.605974,-0.406844,-0.387770,-0.001717,-0.005531
0.885175,-0.338178,0.605974,-0.406844,-0.387770,-0.001717,-0.005531
0.895238,-0.338178,0.605974,-0.406844,-0.387770,-0.001717,-0.005531
0.905297,-0.338178,0.605974,-0.406844,-0.387770,-0.001717,-0.005531
0.915360,-0.338178,0.605974,-0.407225,-0.387770,-0.001717,-0.005531
0.925423,-0.338178,0.605974,-0.407225,-0.387770,-0.001717,-0.005531
0.935483,-0.338178,0.605974,-0.407225,-0.387770,-0.001717,-0.005531
0.945544,-0.338178,0.605974,-0.407607,-0.387770,-0.001717,-0.005531
0.955604,-0.338178,0.605974,-0.407607,-0.387770,-0.001717,-0.005531
0.965666,-0.338178,0.605974,-0.407988,-0.387770,-0.001717,-0.005531
0.975726,-0.338178,0.605974,-0.408370,-0.387770,-0.001717,-0.005531
0.985779,-0.338178,0.605974,-0.408751,-0.387770,-0.001717,-0.005531
0.995832,-0.338178,0.605974,-0.408751,-0.387770,-0.001717,-0.005531
1.005883,-0.338178,0.605974,-0.408751,-0.387770,-0.001717,-0.005531
1.015944,-0.338178,0.605974,-0.409133,-0.387770,-0.001717,-0.005531
1.025996,-0.338178,0.605974,-0.409514,-0.387770,-0.001717,-0.005531
1.036050,-0.338178,0.605974,-0.409514,-0.387770,-0.001717,-0.005531
1.046101,-0.338178,0.605974,-0.410277,-0.387770,-0.001717,-0.005531
1.056161,-0.338178,0.605974,-0.410658,-0.387770,-0.001717,-0.005531
1.066213,-0.338178,0.605974,-0.411040,-0.387770,-0.001717,-0.005531
1.076218,-0.338178,0.605974,-0.411421,-0.387770,-0.001717,-0.005531
1.086229,-0.338178,0.605974,-0.411803,-0.387770,-0.001717,-0.005531
1.096280,-0.338178,0.605974,-0.412184,-0.387770,-0.001717,-0.005531
1.106333,-0.338178,0.605974,-0.412947,-0.387770,-0.001717,-0.005531
1.116385,-0.338178,0.605974,-0.412947,-0.387770,-0.001717,-0.005531
1.126438,-0.338178,0.605974,-0.414092,-0.387770,-0.001717,-0.005531
1.136490,-0.338178,0.605974,-0.414855,-0.387770,-0.001717,-0.005531
1.146543,-0.338560,0.606355,-0.415999,-0.387770,-0.001717,-0.005531
1.156594,-0.338560,0.606355,-0.416762,-0.387770,-0.001717,-0.005531
1.166647,-0.338560,0.606355,-0.417906,-0.387770,-0.001717,-0.005531
1.176706,-0.338560,0.606355,-0.418669,-0.387770,-0.001717,-0.005531
1.186772,-0.338560,0.605974,-0.419432,-0.387770,-0.001717,-0.005531
1.196833,-0.338560,0.605974,-0.420577,-0.387770,-0.001717,-0.005531
1.206891,-0.338560,0.605974,-0.421721,-0.387770,-0.001717,-0.005531
1.216958,-0.338560,0.605974,-0.422484,-0.387770,-0.001717,-0.005531
1.227020,-0.338560,0.605974,-0.423629,-0.387770,-0.001717,-0.005531
1.237079,-0.338560,0.605974,-0.424392,-0.387770,-0.001717,-0.005531
1.247203,-0.338941,0.605974,-0.425154,-0.387770,-0.001717,-0.005531
1.257263,-0.338941,0.605974,-0.425917,-0.387770,-0.001717,-0.005531
1.267324,-0.338941,0.605974,-0.426680,-0.387770,-0.001717,-0.005531
1.277383,-0.338941,0.605974,-0.427825,-0.387770,-0.001717,-0.005531
1.287446,-0.339322,0.605974,-0.428969,-0.387388,-0.001717,-0.005531
1.297505,-0.339322,0.605974,-0.430114,-0.387388,-0.001717,-0.005531
1.307567,-0.339322,0.605974,-0.430877,-0.387388,-0.001717,-0.005531
1.317632,-0.339704,0.605974,-0.432021,-0.387388,-0.001717,-0.005531
1.327693,-0.339704,0.605974,-0.432403,-0.387388,-0.001717,-0.005531
1.337754,-0.339704,0.605974,-0.433547,-0.387388,-0.001717,-0.005531
1.347815,-0.340085,0.605974,-0.433928,-0.387388,-0.001717,-0.005531
1.357875,-0.340467,0.605974,-0.435073,-0.387388,-0.001717,-0.005531
1.367929,-0.340467,0.605974,-0.435836,-0.387388,-0.001717,-0.005531
1.377990,-0.340848,0.605974,-0.436980,-0.387388,-0.001717,-0.005531
1.388056,-0.341611,0.605974,-0.437362,-0.387388,-0.001717,-0.005531
1.398117,-0.342374,0.605974,-0.438125,-0.387388,-0.001717,-0.005531
1.408177,-0.343137,0.605974,-0.439269,-0.387388,-0.001717,-0.005531
1.418241,-0.343900,0.605974,-0.440032,-0.387388,-0.001717,-0.005531
1.428301,-0.344282,0.605974,-0.441176,-0.387007,-0.001717,-0.005531
1.438361,-0.344663,0.605974,-0.442702,-0.386625,-0.001717,-0.005531
1.448423,-0.344663,0.605974,-0.443465,-0.386244,-0.001717,-0.005531
1.458483,-0.345045,0.605974,-0.444610,-0.386244,-0.001717,-0.005531
1.468543,-0.345045,0.605974,-0.444991,-0.386625,-0.001717,-0.005531
1.478601,-0.345045,0.605974,-0.446136,-0.386244,-0.001717,-0.005531
1.488667,-0.345045,0.605974,-0.446517,-0.386625,-0.001717,-0.005531
1.498728,-0.345045,0.605974,-0.447280,-0.386625,-0.001717,-0.005531
1.508791,-0.345045,0.605592,-0.447662,-0.386244,-0.001717,-0.005531
1.518870,-0.345045,0.605592,-0.448806,-0.386625,-0.001717,-0.005531
1.528922,-0.345045,0.605592,-0.449187,-0.386244,-0.001717,-0.005531
1.538970,-0.345045,0.605592,-0.449569,-0.386625,-0.001717,-0.005531
1.549021,-0.345045,0.605592,-0.450332,-0.386244,-0.001717,-0.005531
1.559071,-0.345045,0.605592,-0.451095,-0.386244,-0.001717,-0.005531
1.569122,-0.345045,0.605592,-0.452239,-0.386244,-0.001717,-0.005531
1.579173,-0.345045,0.605592,-0.452621,-0.386244,-0.001717,-0.005531
1.589224,-0.345045,0.605592,-0.454147,-0.385863,-0.001717,-0.005531
1.599274,-0.345045,0.605592,-0.454910,-0.385100,-0.001717,-0.005531
1.609324,-0.345426,0.605592,-0.456435,-0.383955,-0.001717,-0.005531
1.619375,-0.345426,0.605592,-0.457580,-0.382811,-0.001717,-0.005531
1.629427,-0.345426,0.605211,-0.458724,-0.380903,-0.001717,-0.005531
1.639478,-0.345426,0.605211,-0.459487,-0.379377,-0.001717,-0.005531
1.649540,-0.345808,0.604829,-0.461395,-0.377089,-0.001717,-0.005531
1.659604,-0.345808,0.604829,-0.461776,-0.375944,-0.001717,-0.005150
1.669662,-0.345808,0.604448,-0.462921,-0.373655,-0.001717,-0.005150
1.679721,-0.345808,0.604067,-0.464065,-0.372129,-0.001717,-0.005150
1.689775,-0.345808,0.604067,-0.465209,-0.369841,-0.001717,-0.005150
1.699838,-0.345808,0.604067,-0.466354,-0.368696,-0.001717,-0.005150
1.709899,-0.346189,0.604067,-0.467498,-0.366407,-0.001335,-0.001717
1.719962,-0.346189,0.604067,-0.468643,-0.364881,-0.001335,-0.001717
1.730024,-0.346952,0.604067,-0.469787,-0.363355,-0.001335,-0.001717
1.740083,-0.346952,0.604067,-0.470550,-0.362211,-0.001335,-0.001717
1.750146,-0.347333,0.604067,-0.471695,-0.360304,-0.001335,-0.001717
1.760206,-0.347715,0.603685,-0.472839,-0.359159,-0.001335,-0.001717
1.770284,-0.348478,0.603685,-0.473983,-0.357633,-0.000572,-0.001717
1.780345,-0.348859,0.603685,-0.474746,-0.356870,0.000191,-0.001717
1.790410,-0.349622,0.603685,-0.475128,-0.355726,0.001335,-0.001717
1.800475,-0.350767,0.603685,-0.476272,-0.353819,0.002098,-0.001717
1.810536,-0.351148,0.603304,-0.477035,-0.352293,0.002098,-0.001717
1.820602,-0.351530,0.602922,-0.478180,-0.350767,0.002098,-0.001717
1.830661,-0.351911,0.602922,-0.479324,-0.349241,0.002098,-0.001717
1.840721,-0.352293,0.602541,-0.480468,-0.346189,0.002098,-0.001717
1.850781,-0.352674,0.602159,-0.481613,-0.344663,0.002098,-0.001717
1.860843,-0.353437,0.601396,-0.482376,-0.341993,0.002098,-0.001717
1.870905,-0.354200,0.600633,-0.483139,-0.340085,0.002098,-0.001717
1.880967,-0.355726,0.599489,-0.483902,-0.338178,0.003624,-0.001717
1.891030,-0.356870,0.598726,-0.484283,-0.336652,0.005913,-0.001717
1.901092,-0.358015,0.597963,-0.485428,-0.334363,0.009728,-0.001717
1.911154,-0.358778,0.597581,-0.486191,-0.332837,0.010491,-0.001717
1.921218,-0.359541,0.596437,-0.487335,-0.330167,0.010491,-0.001717
1.931233,-0.359922,0.596056,-0.487716,-0.328260,0.010491,-0.001717
1.941292,-0.360685,0.594911,-0.488861,-0.325589,0.010872,-0.001717
1.951344,-0.361067,0.593767,-0.490005,-0.324063,0.011254,-0.001717
1.961396,-0.361830,0.592622,-0.491150,-0.321775,0.013542,-0.001717
1.971449,-0.362593,0.591859,-0.491913,-0.319867,0.015831,-0.001717
1.981502,-0.363355,0.591096,-0.493439,-0.317578,0.018120,-0.001717
1.991554,-0.363737,0.590333,-0.494202,-0.315671,0.018502,-0.001717
2.001607,-0.364500,0.589189,-0.495346,-0.313001,0.018502,0.001717
2.011659,-0.364881,0.588426,-0.496109,-0.311475,0.018883,0.001717
2.021720,-0.366026,0.586900,-0.497253,-0.308804,0.019646,0.001717
2.031773,-0.366407,0.586137,-0.498398,-0.307279,0.020027,0.001717
2.041824,-0.367170,0.585374,-0.498779,-0.305753,0.020409,0.001717
2.051876,-0.368696,0.584611,-0.499924,-0.303464,0.020409,0.001717
2.061928,-0.369459,0.583848,-0.500687,-0.301938,0.020409,0.001717
2.071980,-0.370603,0.581941,-0.502213,-0.298886,0.020790,0.001717
2.082033,-0.371366,0.580797,-0.503357,-0.296979,0.020790,0.001717
2.092085,-0.372511,0.579652,-0.504883,-0.293545,0.020790,0.001717
2.102137,-0.373274,0.578889,-0.506027,-0.291638,0.020790,0.001717
2.112189,-0.374800,0.577745,-0.507172,-0.288968,0.020790,0.001717
2.122219,-0.375563,0.576982,-0.508316,-0.287060,0.020790,0.001717
2.132272,-0.376707,0.574693,-0.509079,-0.285153,0.020790,0.001717
2.142324,-0.377470,0.573930,-0.510224,-0.284009,0.021553,0.001717
2.152376,-0.378614,0.572786,-0.510986,-0.281338,0.024224,0.001717
2.162428,-0.380140,0.572023,-0.511749,-0.279812,0.026894,0.001717
2.172480,-0.382048,0.570878,-0.513275,-0.278286,0.029946,0.001717
2.182533,-0.382811,0.569352,-0.513657,-0.276379,0.031853,0.001717
2.192585,-0.384337,0.567445,-0.514801,-0.274090,0.034524,0.001717
2.202637,-0.385481,0.566300,-0.515946,-0.272564,0.035668,0.001717
2.212691,-0.386625,0.565156,-0.517472,-0.269894,0.036812,0.001717
2.222744,-0.387388,0.564012,-0.518235,-0.267605,0.037194,0.001717
2.232796,-0.387770,0.562867,-0.518997,-0.266079,0.037194,0.001717
2.242848,-0.388914,0.561341,-0.520523,-0.263409,0.037957,0.001717
2.252900,-0.389677,0.560197,-0.521286,-0.261501,0.039101,0.001717
2.262952,-0.390822,0.559052,-0.522812,-0.258450,0.040246,0.001717
2.273003,-0.391966,0.558289,-0.523957,-0.256542,0.041009,0.001717
2.283056,-0.393874,0.556001,-0.524720,-0.253491,0.043679,0.001717
2.293108,-0.395018,0.554856,-0.525483,-0.251583,0.045205,0.001717
2.303161,-0.396925,0.552949,-0.526627,-0.248913,0.046349,0.001717
2.313212,-0.397688,0.551804,-0.527390,-0.246624,0.046349,0.001717
2.323267,-0.399977,0.549516,-0.528916,-0.243954,0.046349,0.001717
2.333321,-0.400740,0.548753,-0.529679,-0.241665,0.046731,0.001717
2.343382,-0.401884,0.547227,-0.530823,-0.238613,0.047112,0.001717
2.353444,-0.403029,0.546464,-0.531586,-0.236706,0.047112,0.001717
2.363496,-0.405318,0.543793,-0.532349,-0.234035,0.047112,0.001717
2.373549,-0.406844,0.542649,-0.533112,-0.232509,0.048257,0.001717
2.383602,-0.408751,0.540360,-0.533875,-0.229458,0.051690,0.001717
2.393655,-0.409895,0.538453,-0.534638,-0.227550,0.053979,0.001717
2.403707,-0.412566,0.536164,-0.535782,-0.225261,0.055886,0.001717
2.413760,-0.414092,0.535019,-0.536545,-0.223354,0.057412,0.001717
2.423811,-0.415236,0.533494,-0.536927,-0.221447,0.060082,0.001717
2.433864,-0.417906,0.530823,-0.537690,-0.218776,0.063897,0.001717
2.443916,-0.419432,0.529297,-0.538453,-0.216869,0.066567,0.001717
2.453968,-0.421721,0.527390,-0.539597,-0.213436,0.071145,0.001717
2.464020,-0.423247,0.525864,-0.540360,-0.211528,0.073816,0.001717
2.474072,-0.425536,0.523575,-0.541886,-0.208476,0.077630,0.001717
2.484126,-0.426680,0.522431,-0.542267,-0.206569,0.079919,0.001717
2.494179,-0.428588,0.520523,-0.543412,-0.204662,0.081827,0.001717
2.504218,-0.430495,0.518616,-0.543793,-0.202754,0.083352,0.001717
2.514270,-0.432784,0.516327,-0.544556,-0.200465,0.086786,0.002480
2.524323,-0.434310,0.515183,-0.545319,-0.198939,0.088312,0.002480
2.534374,-0.436980,0.512512,-0.545701,-0.196269,0.088693,0.002480
2.544426,-0.438125,0.510986,-0.546082,-0.194362,0.088693,0.002480
2.554478,-0.440032,0.509079,-0.546464,-0.191691,0.088693,0.002480
2.564530,-0.441176,0.507172,-0.546845,-0.190166,0.088693,0.002480
2.574582,-0.444610,0.504501,-0.547227,-0.187495,0.088693,0.002480
2.584635,-0.446136,0.502976,-0.547608,-0.185969,0.089837,0.024605
2.594699,-0.448425,0.500305,-0.547990,-0.182918,0.091363,0.024605
2.604751,-0.450713,0.498779,-0.547990,-0.180629,0.092508,0.024605
2.614803,-0.452621,0.497635,-0.548371,-0.178721,0.094034,0.024605
2.624856,-0.455673,0.494965,-0.548753,-0.175669,0.096323,0.024605
2.634909,-0.457961,0.493057,-0.548753,-0.174144,0.097848,0.024605
2.644961,-0.460250,0.490768,-0.548753,-0.171473,0.100900,0.024605
2.655012,-0.462921,0.489624,-0.548753,-0.169566,0.103189,0.024605
2.665064,-0.465972,0.486572,-0.549134,-0.166896,0.107385,0.024605
2.675116,-0.468261,0.485428,-0.549134,-0.164988,0.111200,0.024605
2.685168,-0.471313,0.482757,-0.549134,-0.161555,0.118067,0.024605
2.695219,-0.473983,0.480468,-0.549516,-0.159648,0.121500,0.024605
2.705271,-0.477417,0.478180,-0.549516,-0.156596,0.125696,0.024605
2.715323,-0.479706,0.476272,-0.549516,-0.154307,0.128367,0.028038
2.725389,-0.483139,0.473602,-0.549516,-0.151255,0.134470,0.028038
2.735452,-0.485046,0.472076,-0.549897,-0.148966,0.138285,0.028038
2.745505,-0.488861,0.469406,-0.549897,-0.145914,0.142100,0.028038
2.755567,-0.490768,0.467498,-0.550278,-0.144007,0.143626,0.028038
2.765625,-0.494583,0.464828,-0.550278,-0.141337,0.145914,0.028038
2.775687,-0.496872,0.462539,-0.550278,-0.139429,0.148203,0.028038
2.785754,-0.500305,0.460250,-0.550660,-0.136759,0.150874,0.028038
2.795815,-0.502594,0.458343,-0.550660,-0.135233,0.152399,0.028038
2.805908,-0.506027,0.455291,-0.551041,-0.132944,0.155833,0.028038
2.815970,-0.508316,0.453765,-0.551423,-0.131037,0.158503,0.028038
2.826034,-0.510986,0.451858,-0.551804,-0.129511,0.160410,0.028038
2.836094,-0.514801,0.448806,-0.552186,-0.127222,0.163462,0.028038
2.846154,-0.517472,0.447280,-0.552186,-0.125696,0.165751,0.028038
2.856215,-0.521286,0.444228,-0.552567,-0.123407,0.168803,0.028038
2.866229,-0.523575,0.442321,-0.553712,-0.122263,0.170710,0.028038
2.876291,-0.527390,0.440032,-0.554093,-0.120737,0.174144,0.028038
2.886357,-0.530060,0.437743,-0.554475,-0.119211,0.175669,0.028038
2.896422,-0.533875,0.435454,-0.554856,-0.116922,0.178340,0.028038
2.906483,-0.536164,0.433547,-0.555238,-0.115778,0.180629,0.028038
2.916546,-0.540360,0.430114,-0.555238,-0.113870,0.183680,0.028038
2.926609,-0.543412,0.428206,-0.555238,-0.112726,0.185588,0.028038
2.936671,-0.547227,0.424773,-0.555238,-0.110819,0.189784,0.028038
2.946734,-0.549897,0.422866,-0.555238,-0.109674,0.193217,0.028038
2.956797,-0.553712,0.420195,-0.555238,-0.108530,0.197795,0.039101
2.966861,-0.556764,0.417906,-0.555238,-0.107767,0.200847,0.039101
2.976923,-0.560578,0.415236,-0.555238,-0.105859,0.205425,0.039101
2.986989,-0.563630,0.412566,-0.555238,-0.104334,0.208095,0.039101
2.997052,-0.567445,0.410277,-0.555238,-0.102045,0.212291,0.039101
3.007115,-0.570497,0.408370,-0.555238,-0.100900,0.215343,0.039101
3.017176,-0.574311,0.405318,-0.555238,-0.098993,0.221065,0.039101
3.027242,-0.576982,0.403410,-0.555238,-0.097467,0.224498,0.039101
3.037304,-0.581559,0.399977,-0.555238,-0.095560,0.227932,0.039101
3.047364,-0.583848,0.398451,-0.555238,-0.094797,0.230602,0.039101
3.057424,-0.587663,0.395399,-0.555238,-0.093271,0.234798,0.039101
3.067488,-0.590715,0.393111,-0.555238,-0.091745,0.237469,0.039101
3.077548,-0.595293,0.390822,-0.555238,-0.089837,0.242428,0.039101
3.087613,-0.598344,0.388914,-0.555238,-0.088693,0.245480,0.039101
3.097742,-0.602159,0.385863,-0.555238,-0.087930,0.250057,0.039101
3.107804,-0.605592,0.384337,-0.555238,-0.086786,0.252346,0.039101
3.117863,-0.608644,0.382429,-0.555238,-0.086023,0.254253,0.039101
3.127926,-0.612840,0.379377,-0.555238,-0.083734,0.257687,0.039101
3.137986,-0.615511,0.377852,-0.555238,-0.082971,0.260357,0.039101
3.148048,-0.620470,0.374800,-0.555238,-0.082208,0.264553,0.039101
3.158107,-0.622759,0.372892,-0.554856,-0.081064,0.267605,0.039101
3.168170,-0.627337,0.369841,-0.554856,-0.079538,0.271420,0.039101
3.178234,-0.630770,0.367933,-0.554856,-0.078393,0.273327,0.039101
3.188300,-0.634966,0.365263,-0.554856,-0.076867,0.276379,0.039101
3.198361,-0.638018,0.362593,-0.554856,-0.076486,0.279049,0.039101
3.208424,-0.642596,0.360304,-0.554475,-0.075723,0.282483,0.039101
3.218490,-0.645647,0.358778,-0.554475,-0.075723,0.285153,0.039101
3.228553,-0.649844,0.355726,-0.554093,-0.075723,0.290494,0.058556
3.238612,-0.652514,0.353819,-0.554093,-0.075723,0.293927,0.058556
3.248673,-0.657855,0.351530,-0.554093,-0.075723,0.297742,0.058556
3.258735,-0.660525,0.349241,-0.554093,-0.075723,0.300793,0.058556
3.268798,-0.664721,0.346952,-0.554093,-0.075723,0.305371,0.086023
3.278861,-0.667773,0.345426,-0.554093,-0.075723,0.308042,0.086023
3.288924,-0.671969,0.342374,-0.554093,-0.075723,0.312619,0.086023
3.298987,-0.674640,0.340848,-0.554093,-0.075723,0.315671,0.086023
3.309050,-0.678836,0.337797,-0.554093,-0.075723,0.320249,0.086023
3.319105,-0.681888,0.335889,-0.553712,-0.075723,0.323682,0.086023
3.329163,-0.686084,0.333600,-0.553712,-0.075723,0.328641,0.086023
3.339226,-0.688754,0.331312,-0.553330,-0.075723,0.331693,0.086023
3.349285,-0.693713,0.328641,-0.552949,-0.075723,0.335126,0.086023
3.359347,-0.696002,0.326734,-0.552567,-0.075723,0.338178,0.086023
3.369407,-0.700198,0.324063,-0.552186,-0.075723,0.343137,0.086023
3.379458,-0.702487,0.322538,-0.551804,-0.075723,0.346571,0.086023
3.389526,-0.707446,0.319104,-0.551041,-0.075723,0.350767,0.089075
3.399578,-0.709354,0.317578,-0.550278,-0.075723,0.353819,0.091363
3.409632,-0.712406,0.315671,-0.549516,-0.075723,0.356107,0.091363
3.419685,-0.716220,0.312238,-0.547990,-0.075723,0.357633,0.091363
3.429738,-0.718891,0.310712,-0.547227,-0.075723,0.358396,0.091363
3.439790,-0.722324,0.307660,-0.545319,-0.075723,0.361067,0.091363
3.449842,-0.724994,0.305753,-0.544175,-0.075723,0.363355,0.091363
3.459894,-0.728809,0.303082,-0.542649,-0.075723,0.366407,0.091363
3.469946,-0.731861,0.300793,-0.541123,-0.075723,0.368696,0.091363
3.479997,-0.734913,0.298505,-0.539216,-0.075723,0.372511,0.091363
3.490051,-0.737583,0.296597,-0.537690,-0.075723,0.375181,0.091363
3.500104,-0.741398,0.293927,-0.535401,-0.075723,0.378996,0.091363
3.510157,-0.744068,0.292401,-0.533875,-0.075723,0.381285,0.091363
3.520210,-0.746738,0.290112,-0.531205,-0.075723,0.386625,0.103189
3.530228,-0.749790,0.288205,-0.530060,-0.075723,0.388914,0.103189
3.540279,-0.752461,0.285916,-0.527771,-0.075723,0.393111,0.103189
3.550330,-0.755131,0.284771,-0.526246,-0.075341,0.396544,0.103189
3.560397,-0.758183,0.282864,-0.523957,-0.074197,0.402266,0.103189
3.570459,-0.760090,0.281338,-0.522812,-0.073816,0.404173,0.103189
3.580522,-0.763142,0.279431,-0.520905,-0.072671,0.406081,0.103189
3.590586,-0.765049,0.277905,-0.519379,-0.071908,0.407607,0.103189
3.600715,-0.768101,0.275235,-0.516709,-0.071145,0.409895,0.103189
3.610768,-0.769627,0.274090,-0.515564,-0.070764,0.411040,0.103189
3.620826,-0.771153,0.272946,-0.514420,-0.070382,0.412184,0.103189
3.630879,-0.774205,0.271420,-0.512131,-0.069619,0.413710,0.103189
3.640931,-0.775731,0.269512,-0.510224,-0.069619,0.413710,0.103189
3.650982,-0.778401,0.267987,-0.508316,-0.069619,0.413710,0.114252
3.661046,-0.780308,0.266842,-0.506790,-0.069619,0.414473,0.114252
3.671107,-0.782597,0.264553,-0.504120,-0.069619,0.417144,0.114252
3.681160,-0.784504,0.262646,-0.502594,-0.069619,0.418669,0.114252
3.691213,-0.787556,0.261120,-0.500305,-0.069619,0.421721,0.114252
3.701265,-0.788701,0.260357,-0.498779,-0.069619,0.424773,0.114252
3.711317,-0.790990,0.258068,-0.496109,-0.069619,0.428588,0.114252
3.721370,-0.793278,0.256542,-0.494583,-0.069619,0.430114,0.114252
3.731424,-0.794804,0.255016,-0.492676,-0.069619,0.432784,0.114252
3.741476,-0.795949,0.253872,-0.491150,-0.070001,0.433928,0.114252
3.751537,-0.798238,0.251583,-0.488861,-0.069619,0.435454,0.114252
3.761597,-0.799382,0.250057,-0.486954,-0.070001,0.436217,0.114252
3.771649,-0.800908,0.248531,-0.484665,-0.069619,0.436980,0.122263
3.781701,-0.801671,0.247768,-0.483139,-0.070001,0.437362,0.122644
3.791754,-0.803197,0.246242,-0.480850,-0.070001,0.437743,0.122644
3.801807,-0.804723,0.244335,-0.479706,-0.070001,0.438506,0.122644
3.811859,-0.805867,0.243191,-0.478561,-0.070001,0.439269,0.122644
3.821912,-0.807393,0.242046,-0.476654,-0.070001,0.440032,0.122644
3.831964,-0.808537,0.240902,-0.474746,-0.070001,0.440032,0.122644
3.842016,-0.809682,0.239376,-0.472457,-0.070001,0.440414,0.122644
3.852068,-0.810826,0.237850,-0.471313,-0.070001,0.440414,0.122644
3.862118,-0.811589,0.236706,-0.469024,-0.070001,0.441939,0.122644
3.872169,-0.812352,0.235943,-0.467498,-0.070001,0.443465,0.122644
3.882221,-0.813497,0.234417,-0.465972,-0.070001,0.446136,0.122644
3.892273,-0.814260,0.233272,-0.464828,-0.070001,0.447280,0.122644
3.902325,-0.815404,0.231746,-0.462921,-0.070001,0.450332,0.128748
3.912377,-0.816167,0.230983,-0.461395,-0.070001,0.452239,0.128748
3.922433,-0.817693,0.229839,-0.459487,-0.070001,0.454528,0.128748
3.932486,-0.818456,0.228695,-0.458343,-0.070001,0.454910,0.128748
3.942552,-0.818837,0.226787,-0.456435,-0.070001,0.454528,0.128748
3.952617,-0.819219,0.225643,-0.454910,-0.070001,0.454528,0.128748
3.962676,-0.819600,0.224498,-0.453002,-0.070001,0.454528,0.128748
3.972739,-0.819982,0.223735,-0.452239,-0.070001,0.454528,0.128748
3.982803,-0.820363,0.222591,-0.450332,-0.070001,0.454528,0.128748
3.992865,-0.820363,0.221828,-0.449187,-0.070001,0.454528,0.128748
4.002879,-0.820745,0.221065,-0.448043,-0.070001,0.454528,0.128748
4.012932,-0.821126,0.219539,-0.446517,-0.070001,0.454528,0.128748
4.022989,-0.821126,0.218776,-0.445373,-0.070001,0.454528,0.128748
4.033041,-0.821126,0.217632,-0.443465,-0.070001,0.454528,0.129129
4.043102,-0.821126,0.216487,-0.442321,-0.070001,0.454528,0.129129
4.053162,-0.821508,0.214961,-0.440795,-0.070001,0.454528,0.129129
4.063226,-0.821508,0.213817,-0.439651,-0.070001,0.454528,0.129129
4.073278,-0.821508,0.212673,-0.437362,-0.070001,0.454528,0.129129
4.083331,-0.821508,0.212291,-0.436599,-0.070001,0.454528,0.129129
4.093384,-0.821889,0.211147,-0.435073,-0.070001,0.454528,0.129129
4.103436,-0.821889,0.210765,-0.434310,-0.070001,0.454528,0.129129
4.113496,-0.821889,0.210002,-0.432403,-0.070001,0.454528,0.129129
4.123560,-0.821889,0.209621,-0.431258,-0.070382,0.454528,0.129129
4.133620,-0.821889,0.208476,-0.430114,-0.070382,0.454528,0.129129
4.143679,-0.821889,0.207713,-0.429351,-0.070382,0.454528,0.129129
4.153739,-0.821889,0.206569,-0.428206,-0.070382,0.454528,0.129129
4.163798,-0.821889,0.206188,-0.427062,-0.070382,0.454528,0.129129
4.173860,-0.821889,0.205425,-0.425154,-0.070382,0.454528,0.129129
4.183924,-0.821889,0.204662,-0.424392,-0.070382,0.454528,0.129129
4.193988,-0.821889,0.203899,-0.422866,-0.070382,0.454528,0.129129
4.204049,-0.821508,0.203136,-0.422103,-0.070382,0.454528,0.129129
4.214107,-0.821508,0.201991,-0.421340,-0.070382,0.454528,0.129129
4.224173,-0.821508,0.200847,-0.419432,-0.070382,0.454528,0.129129
4.234235,-0.821508,0.200084,-0.418288,-0.070382,0.454528,0.129129
4.244294,-0.821508,0.199321,-0.417144,-0.070382,0.454528,0.129129
4.254355,-0.821508,0.198939,-0.416381,-0.070382,0.454528,0.129129
4.264414,-0.821508,0.197795,-0.414855,-0.070382,0.454528,0.129129
4.274477,-0.821508,0.197414,-0.414092,-0.070382,0.454528,0.129129
4.284543,-0.821508,0.197032,-0.412566,-0.070382,0.454528,0.129129
4.294603,-0.821508,0.196651,-0.412184,-0.070382,0.454528,0.129129
4.304664,-0.821126,0.195888,-0.410658,-0.070382,0.454528,0.129129
4.314724,-0.821126,0.195125,-0.409514,-0.070382,0.454528,0.129129
4.324777,-0.821126,0.193980,-0.407607,-0.070382,0.454528,0.129129
4.334829,-0.821126,0.193599,-0.406462,-0.070382,0.454528,0.129129
4.344881,-0.821126,0.192454,-0.405318,-0.070382,0.454528,0.129129
4.354932,-0.821126,0.192073,-0.403792,-0.070382,0.454528,0.129129
4.364991,-0.820745,0.191310,-0.402266,-0.070382,0.454147,0.129129
4.375044,-0.820363,0.190929,-0.401122,-0.070382,0.454147,0.129129
4.385108,-0.819982,0.190166,-0.399596,-0.070382,0.454147,0.129129
4.395168,-0.819600,0.189784,-0.398451,-0.070382,0.454147,0.129129
4.405233,-0.818837,0.188640,-0.396925,-0.070382,0.454147,0.129129
4.415289,-0.818456,0.187877,-0.395399,-0.070382,0.454147,0.129129
4.425365,-0.817693,0.187114,-0.393492,-0.070382,0.454147,0.129129
4.435418,-0.817311,0.186732,-0.392729,-0.070382,0.454147,0.129129
4.445470,-0.816930,0.186732,-0.391966,-0.070382,0.454147,0.129129
4.455522,-0.816930,0.186351,-0.390440,-0.070382,0.454147,0.129129
4.465574,-0.816548,0.186351,-0.389296,-0.070382,0.453765,0.129129
4.475626,-0.816167,0.186351,-0.387388,-0.070382,0.453765,0.129129
4.485691,-0.816167,0.186351,-0.387007,-0.070382,0.453384,0.129129
4.495752,-0.815785,0.186351,-0.385481,-0.070382,0.453384,0.129129
4.505813,-0.815785,0.186351,-0.384718,-0.070382,0.453384,0.129129
4.515873,-0.815023,0.185969,-0.383192,-0.070382,0.453384,0.129129
4.525937,-0.814641,0.185969,-0.381666,-0.070382,0.453002,0.129129
4.535997,-0.814260,0.185969,-0.380140,-0.070382,0.453002,0.129129
4.546056,-0.813497,0.185969,-0.379377,-0.070382,0.453002,0.129129
4.556116,-0.812352,0.185969,-0.378233,-0.070382,0.452621,0.129129
4.566175,-0.811589,0.185969,-0.376707,-0.070382,0.452621,0.129129
4.576238,-0.810063,0.185969,-0.374800,-0.070382,0.451476,0.129129
4.586303,-0.808919,0.185969,-0.373655,-0.070382,0.449950,0.128748
4.596361,-0.807012,0.185588,-0.372511,-0.070382,0.448806,0.128748
4.606420,-0.805867,0.185206,-0.371366,-0.070382,0.448806,0.128748
4.616479,-0.804341,0.184825,-0.369459,-0.070382,0.448806,0.128748
4.626541,-0.803197,0.184825,-0.368315,-0.070764,0.448806,0.128748
4.636603,-0.801671,0.184062,-0.366789,-0.070764,0.448043,0.124170
4.646662,-0.800908,0.184062,-0.366026,-0.070764,0.446517,0.124170
4.656728,-0.799382,0.183299,-0.364118,-0.070764,0.443847,0.124170
4.666789,-0.797856,0.182918,-0.362974,-0.070764,0.441939,0.124170
4.676849,-0.796712,0.182536,-0.362211,-0.070764,0.440795,0.124170
4.686912,-0.794423,0.181773,-0.360685,-0.071527,0.437743,0.124170
4.696972,-0.793278,0.181392,-0.359541,-0.072290,0.433928,0.120737
4.707034,-0.790990,0.181010,-0.357252,-0.073053,0.429732,0.120737
4.717088,-0.789845,0.180247,-0.356107,-0.073434,0.427062,0.120737
4.727139,-0.787938,0.179866,-0.355344,-0.074578,0.424773,0.120737
4.737200,-0.786793,0.179866,-0.354582,-0.074578,0.423247,0.120737
4.747259,-0.784886,0.179484,-0.353437,-0.074960,0.422484,0.120737
4.757322,-0.783742,0.179484,-0.352674,-0.074960,0.422484,0.120737
4.767381,-0.781453,0.179484,-0.351911,-0.074960,0.421340,0.120737
4.777443,-0.780308,0.179484,-0.351148,-0.075341,0.419814,0.116922
4.787494,-0.778019,0.179484,-0.350004,-0.076104,0.418669,0.116922
4.797544,-0.776493,0.179484,-0.349241,-0.077249,0.418669,0.116922
4.807593,-0.774586,0.179484,-0.347715,-0.079538,0.418288,0.116922
4.817644,-0.772679,0.179484,-0.346952,-0.080682,0.417144,0.116922
4.827698,-0.770390,0.179484,-0.345045,-0.082589,0.414855,0.116922
4.837749,-0.768482,0.179484,-0.343900,-0.084115,0.413329,0.116922
4.847809,-0.766194,0.179484,-0.342374,-0.086786,0.409133,0.116922
4.857870,-0.764668,0.179103,-0.341611,-0.087930,0.406844,0.116922
4.867933,-0.761997,0.179103,-0.340467,-0.089456,0.404173,0.116922
4.877986,-0.760853,0.179484,-0.339704,-0.090600,0.402266,0.113107
4.888036,-0.758183,0.179484,-0.338941,-0.092126,0.398451,0.113107
4.898087,-0.756275,0.179484,-0.337797,-0.092889,0.395399,0.113107
4.908137,-0.754368,0.179484,-0.337034,-0.093271,0.390059,0.113107
4.918189,-0.752842,0.179484,-0.336271,-0.093271,0.387770,0.113107
4.928239,-0.750172,0.179484,-0.335508,-0.094415,0.385100,0.113107
4.938300,-0.749027,0.179484,-0.334745,-0.095178,0.383574,0.108148
4.948359,-0.747501,0.179484,-0.333982,-0.095560,0.381666,0.108148
4.958411,-0.745212,0.179484,-0.332837,-0.097467,0.379759,0.108148
4.968464,-0.743305,0.179484,-0.331693,-0.098993,0.378614,0.108148
4.978515,-0.741016,0.179484,-0.330549,-0.100519,0.375563,0.108148
4.988568,-0.739872,0.179484,-0.329404,-0.101663,0.374800,0.108148
4.998620,-0.737201,0.179484,-0.328260,-0.103189,0.374418,0.108148
5.008673,-0.735294,0.179484,-0.327497,-0.103952,0.374037,0.108148
5.018725,-0.733387,0.179484,-0.326734,-0.105097,0.373655,0.108148
5.028777,-0.731098,0.179866,-0.325971,-0.105859,0.373274,0.108148
5.038829,-0.728428,0.179866,-0.325208,-0.106241,0.371748,0.108148
5.048881,-0.727283,0.179866,-0.324445,-0.106241,0.370985,0.108148
5.058934,-0.724613,0.179866,-0.323682,-0.106241,0.370603,0.108148
5.068985,-0.722705,0.179866,-0.323301,-0.106241,0.370603,0.105097
5.079037,-0.719654,0.179866,-0.322156,-0.106241,0.370603,0.105097
5.089090,-0.718128,0.180247,-0.321393,-0.106241,0.370222,0.099756
5.099142,-0.715076,0.180247,-0.320249,-0.106622,0.369459,0.099756
5.109194,-0.713169,0.180247,-0.319104,-0.106622,0.367933,0.099756
5.119221,-0.710498,0.180247,-0.318341,-0.106622,0.364500,0.099756
5.129273,-0.708591,0.180247,-0.317197,-0.106622,0.362211,0.099756
5.139326,-0.706302,0.180629,-0.316815,-0.106622,0.359922,0.099756
5.149378,-0.703632,0.181010,-0.315671,-0.106622,0.354582,0.099756
5.159430,-0.702106,0.181392,-0.314908,-0.106622,0.350767,0.099756
5.169482,-0.698672,0.181773,-0.313764,-0.107767,0.343900,0.099756
5.179534,-0.697147,0.182155,-0.312619,-0.108911,0.339704,0.099756
5.189587,-0.694476,0.182536,-0.311093,-0.111582,0.334363,0.099756
5.199639,-0.692569,0.182918,-0.309949,-0.113107,0.330930,0.099756
5.209691,-0.690280,0.183680,-0.308042,-0.116159,0.325208,0.099756
5.219743,-0.688754,0.184062,-0.306897,-0.118067,0.322538,0.099756
5.229796,-0.686084,0.184825,-0.305371,-0.121500,0.318341,0.099756
5.239848,-0.684558,0.185206,-0.304608,-0.123789,0.316052,0.099756
5.249898,-0.681888,0.186732,-0.303464,-0.126078,0.314145,0.099756
5.259949,-0.680362,0.187495,-0.302701,-0.127222,0.312619,0.099756
5.269998,-0.678073,0.189021,-0.302319,-0.129511,0.309949,0.099756
5.280047,-0.676165,0.189784,-0.301938,-0.131418,0.308804,0.099756
5.290098,-0.673877,0.191310,-0.301175,-0.134470,0.307660,0.099756
5.300147,-0.672351,0.192073,-0.300031,-0.136378,0.306516,0.099756
5.310196,-0.668917,0.193217,-0.299268,-0.139811,0.305753,0.099756
5.320252,-0.667391,0.193980,-0.298505,-0.142100,0.305371,0.099756
5.330304,-0.665103,0.194743,-0.297360,-0.145533,0.304227,0.099756
5.340356,-0.662814,0.195506,-0.296597,-0.147059,0.302701,0.099756
5.350404,-0.660143,0.197032,-0.295453,-0.150111,0.299268,0.099756
5.360454,-0.658618,0.197795,-0.294308,-0.152018,0.297742,0.094415
5.370504,-0.656329,0.198558,-0.293545,-0.154307,0.296216,0.094415
5.380556,-0.653658,0.199702,-0.292782,-0.157359,0.293927,0.094415
5.390608,-0.652132,0.200847,-0.292020,-0.159266,0.292782,0.094415
5.400662,-0.649081,0.202373,-0.291638,-0.160792,0.291638,0.094415
5.410711,-0.647173,0.203517,-0.291638,-0.162318,0.290875,0.094415
5.420764,-0.645266,0.205043,-0.291257,-0.163844,0.289349,0.094415
5.430816,-0.642977,0.206188,-0.290875,-0.164988,0.287823,0.094415
5.440868,-0.640688,0.207332,-0.290494,-0.166896,0.285153,0.094415
5.450921,-0.638781,0.208858,-0.290494,-0.168421,0.284009,0.094415
5.460974,-0.635729,0.210384,-0.290112,-0.171092,0.283627,0.094415
5.471025,-0.634203,0.211910,-0.290112,-0.172618,0.283627,0.094415
5.481077,-0.631151,0.213436,-0.289731,-0.174907,0.282864,0.094415
5.491130,-0.629625,0.214580,-0.289731,-0.176814,0.281720,0.078775
5.501182,-0.626955,0.216106,-0.289731,-0.178721,0.279431,0.078775
5.511233,-0.625048,0.217250,-0.289349,-0.179866,0.277142,0.078775
5.521286,-0.622377,0.218776,-0.289349,-0.182155,0.273709,0.078775
5.531338,-0.620470,0.219539,-0.288968,-0.184062,0.272183,0.078775
5.541391,-0.617418,0.221065,-0.288586,-0.186732,0.267987,0.078775
5.551443,-0.615892,0.222210,-0.288586,-0.188258,0.264172,0.078775
5.561500,-0.613222,0.224117,-0.287823,-0.190547,0.258831,0.078775
5.571553,-0.611315,0.225261,-0.287442,-0.192073,0.256542,0.078775
5.581604,-0.609789,0.226024,-0.286679,-0.193599,0.252728,0.078775
5.591668,-0.607500,0.227932,-0.286297,-0.196269,0.248531,0.078775
5.601729,-0.605211,0.229076,-0.285534,-0.198177,0.245861,0.078775
5.611789,-0.603304,0.230602,-0.284009,-0.200084,0.241283,0.078775
5.621842,-0.601778,0.231746,-0.283246,-0.201610,0.239376,0.078775
5.631894,-0.599489,0.233272,-0.282101,-0.204280,0.238613,0.078775
5.641946,-0.597963,0.234417,-0.281338,-0.205806,0.238613,0.078775
5.651998,-0.595674,0.236706,-0.280194,-0.207713,0.238613,0.078775
5.662050,-0.593767,0.237850,-0.279431,-0.209239,0.238613,0.078775
5.672103,-0.591478,0.239757,-0.278286,-0.211147,0.238613,0.078775
5.682154,-0.589952,0.240902,-0.277523,-0.211910,0.238613,0.078775
5.692207,-0.587282,0.243572,-0.277142,-0.213817,0.238613,0.078775
5.702219,-0.585756,0.245098,-0.276379,-0.215343,0.238613,0.078775
5.712228,-0.583085,0.247387,-0.275235,-0.218013,0.238613,0.078775
5.722281,-0.580797,0.248913,-0.274853,-0.219539,0.237850,0.078775
5.732334,-0.578508,0.251583,-0.273709,-0.222591,0.235561,0.078775
5.742386,-0.576982,0.253109,-0.273327,-0.224498,0.234035,0.068856
5.752493,-0.574311,0.255016,-0.272183,-0.227169,0.231365,0.068856
5.762546,-0.572786,0.256542,-0.271420,-0.229076,0.228313,0.063897
5.772606,-0.571260,0.258450,-0.271038,-0.230983,0.226024,0.063897
5.782659,-0.567826,0.260357,-0.269894,-0.234035,0.220684,0.063897
5.792712,-0.566300,0.262264,-0.269131,-0.236324,0.216106,0.063897
5.802764,-0.564775,0.264553,-0.268368,-0.238994,0.211528,0.063897
5.812815,-0.562867,0.265698,-0.267987,-0.240902,0.209239,0.063897
5.822869,-0.560960,0.268368,-0.267605,-0.243191,0.204280,0.063897
5.832921,-0.559434,0.269894,-0.267224,-0.244335,0.200847,0.063897
5.842972,-0.556764,0.272183,-0.267224,-0.245480,0.196651,0.063897
5.853024,-0.555619,0.274090,-0.267224,-0.246242,0.193599,0.063897
5.863075,-0.553330,0.277142,-0.267224,-0.248531,0.190547,0.063897
5.873124,-0.552186,0.278286,-0.267224,-0.250439,0.189784,0.063897
5.883180,-0.550278,0.280957,-0.267224,-0.252728,0.189403,0.063897
5.893230,-0.549134,0.282483,-0.267224,-0.254635,0.189021,0.063897
5.903279,-0.546845,0.284771,-0.267224,-0.257305,0.188640,0.063897
5.913338,-0.545319,0.286679,-0.267224,-0.258831,0.188258,0.063897
5.923403,-0.543412,0.289349,-0.267224,-0.261120,0.187114,0.063897
5.933462,-0.541505,0.290875,-0.267224,-0.262646,0.187114,0.052834
5.943519,-0.539216,0.292782,-0.267224,-0.264935,0.187114,0.052834
5.953578,-0.538071,0.294308,-0.267224,-0.266461,0.186732,0.050546
5.963631,-0.535782,0.296597,-0.267224,-0.269131,0.186732,0.050546
5.973683,-0.534257,0.298123,-0.267224,-0.271038,0.186732,0.050546
5.983742,-0.531586,0.300793,-0.267224,-0.272946,0.186351,0.050546
5.993794,-0.530442,0.302701,-0.267224,-0.274472,0.185588,0.050546
6.003847,-0.528916,0.303845,-0.267224,-0.275998,0.185206,0.050546
6.013896,-0.527008,0.306134,-0.267224,-0.278286,0.183299,0.050546
6.023949,-0.525483,0.308042,-0.267224,-0.280194,0.182155,0.050546
6.033999,-0.523575,0.309949,-0.267224,-0.283246,0.178721,0.050546
6.044049,-0.522049,0.311856,-0.267224,-0.285153,0.176814,0.050546
6.054098,-0.519379,0.315290,-0.267224,-0.288205,0.173381,0.050546
6.064147,-0.517853,0.316434,-0.267224,-0.290112,0.169566,0.050546
6.074195,-0.515946,0.318723,-0.267224,-0.292401,0.163462,0.050546
6.084246,-0.514801,0.321012,-0.267224,-0.294690,0.160792,0.050546
6.094306,-0.512894,0.322919,-0.267224,-0.297360,0.159266,0.050546
6.104365,-0.511749,0.324826,-0.267224,-0.299649,0.158122,0.050546
6.114425,-0.509842,0.327878,-0.267224,-0.303082,0.155070,0.050546
6.124490,-0.507935,0.329404,-0.267224,-0.304990,0.153162,0.050546
6.134551,-0.506409,0.331693,-0.267224,-0.308042,0.150492,0.050546
6.144612,-0.505264,0.333600,-0.267224,-0.309567,0.148966,0.050546
6.154670,-0.503357,0.336271,-0.267224,-0.311856,0.148585,0.050546
6.164729,-0.502213,0.338178,-0.267224,-0.314145,0.148585,0.050546
6.174792,-0.500687,0.340848,-0.267224,-0.317197,0.148203,0.050546
6.184847,-0.499542,0.342756,-0.267224,-0.319104,0.147059,0.050546
6.194896,-0.497253,0.345426,-0.267224,-0.321775,0.144388,0.045205
6.204945,-0.495727,0.346952,-0.267224,-0.322919,0.143626,0.045205
6.214994,-0.493820,0.349622,-0.267224,-0.324826,0.141718,0.045205
6.225061,-0.492294,0.351530,-0.267224,-0.326352,0.140192,0.045205
6.235120,-0.490387,0.353819,-0.267224,-0.328641,0.137903,0.045205
6.245182,-0.489242,0.355726,-0.267224,-0.330167,0.136759,0.045205
6.255299,-0.487335,0.358396,-0.267224,-0.332837,0.134470,0.045205
6.265349,-0.486191,0.360304,-0.267224,-0.334745,0.134089,0.045205
6.275398,-0.484665,0.362211,-0.267224,-0.336271,0.134089,0.045205
6.285459,-0.482757,0.365644,-0.267224,-0.338560,0.133707,0.045205
6.295520,-0.481613,0.367170,-0.267224,-0.340085,0.132181,0.045205
6.305583,-0.479706,0.370222,-0.267224,-0.341993,0.129511,0.045205
6.315643,-0.478561,0.372129,-0.267224,-0.343137,0.129129,0.045205
6.325696,-0.476654,0.374800,-0.267224,-0.345045,0.129129,0.045205
6.335756,-0.475509,0.377470,-0.267224,-0.346952,0.127985,0.045205
6.345816,-0.473602,0.379759,-0.267224,-0.349622,0.125696,0.045205
6.355875,-0.472076,0.381666,-0.267224,-0.351148,0.124170,0.045205
6.365938,-0.470169,0.384718,-0.267224,-0.353437,0.121118,0.045205
6.375999,-0.469024,0.386625,-0.267224,-0.354582,0.118067,0.045205
6.386050,-0.466735,0.390059,-0.267224,-0.356107,0.115015,0.045205
6.396100,-0.465972,0.391585,-0.267224,-0.356870,0.114252,0.045205
6.406150,-0.464446,0.394255,-0.267605,-0.358778,0.113489,0.045205
6.416200,-0.464065,0.396162,-0.267605,-0.360685,0.111963,0.036812
6.426254,-0.462539,0.398833,-0.267224,-0.362974,0.110056,0.036812
6.436318,-0.461395,0.400740,-0.267224,-0.364500,0.109674,0.036812
6.446377,-0.459869,0.403792,-0.267224,-0.367170,0.108911,0.036812
6.456434,-0.458724,0.405699,-0.267224,-0.368315,0.108530,0.036812
6.466487,-0.457198,0.408370,-0.267605,-0.370222,0.107767,0.036812
6.476540,-0.456435,0.410277,-0.267605,-0.371748,0.107767,0.036812
6.486593,-0.454910,0.412947,-0.267605,-0.374037,0.108148,0.036812
6.496645,-0.453765,0.414855,-0.267605,-0.375181,0.108148,0.036812
6.506697,-0.452621,0.417144,-0.267605,-0.377089,0.108148,0.036812
6.516750,-0.451476,0.418669,-0.267605,-0.378614,0.108148,0.036812
6.526803,-0.450713,0.420577,-0.267605,-0.380522,0.107767,0.036812
6.536854,-0.449187,0.422866,-0.267224,-0.382811,0.107767,0.036812
6.546906,-0.448043,0.424773,-0.267605,-0.384337,0.107767,0.036812
6.556958,-0.446899,0.427443,-0.267605,-0.386625,0.107767,0.036812
6.567009,-0.445754,0.429351,-0.267605,-0.387770,0.107767,0.036812
6.577061,-0.443847,0.431640,-0.267605,-0.389296,0.107004,0.036812
6.587120,-0.442702,0.433547,-0.267987,-0.390059,0.107004,0.036812
6.597173,-0.441558,0.435836,-0.267987,-0.391966,0.107004,0.036812
6.607219,-0.440795,0.437362,-0.267987,-0.393492,0.106622,0.026513
6.617228,-0.439651,0.440032,-0.267987,-0.395399,0.105097,0.026513
6.627280,-0.438506,0.441558,-0.267987,-0.396544,0.103189,0.026513
6.637333,-0.436599,0.444228,-0.267987,-0.398451,0.099374,0.026513
6.647384,-0.435454,0.445754,-0.267987,-0.399977,0.096323,0.026513
6.657437,-0.433928,0.448043,-0.267987,-0.401503,0.090600,0.026513
6.667489,-0.432784,0.449950,-0.267987,-0.402266,0.086786,0.026513
6.677539,-0.431258,0.452621,-0.267987,-0.403029,0.080682,0.026513
6.687592,-0.430114,0.454147,-0.268368,-0.403792,0.077630,0.026513
6.697645,-0.429351,0.456435,-0.268368,-0.404936,0.074960,0.026513
6.707697,-0.428588,0.457961,-0.268368,-0.405699,0.073816,0.026513
6.717751,-0.428588,0.459487,-0.268368,-0.406462,0.073434,0.026513
6.727803,-0.428588,0.462158,-0.268368,-0.407225,0.073434,0.026513
6.737855,-0.428206,0.464065,-0.268368,-0.407225,0.073434,0.026513
6.747907,-0.428206,0.465972,-0.268368,-0.407225,0.073434,0.026513
6.757959,-0.427443,0.467498,-0.268368,-0.407225,0.073434,0.026513
6.768010,-0.427062,0.469787,-0.268368,-0.407225,0.073434,0.026513
6.778062,-0.426299,0.471313,-0.268368,-0.407225,0.073434,0.026513
6.788115,-0.424773,0.473602,-0.268368,-0.407225,0.073434,0.026513
6.798169,-0.423629,0.475128,-0.268368,-0.407225,0.073053,0.026513
6.808228,-0.422103,0.477798,-0.268368,-0.407225,0.073053,0.022316
6.818281,-0.420958,0.478943,-0.268368,-0.407225,0.073053,0.022316
6.828333,-0.419051,0.481613,-0.268750,-0.407225,0.072290,0.022316
6.838384,-0.418288,0.483139,-0.268750,-0.407225,0.071145,0.022316
6.848444,-0.416381,0.485046,-0.268750,-0.407225,0.070382,0.022316
6.858503,-0.415618,0.486954,-0.268750,-0.407225,0.070382,0.022316
6.868564,-0.414855,0.489624,-0.269131,-0.407225,0.070382,0.022316
6.878623,-0.414092,0.490768,-0.269131,-0.407225,0.070001,0.022316
6.888687,-0.412947,0.493439,-0.269131,-0.407225,0.068475,0.022316
6.898746,-0.412184,0.494965,-0.269512,-0.407225,0.066567,0.022316
6.908805,-0.411040,0.496490,-0.269512,-0.407225,0.064660,0.022316
6.918867,-0.409895,0.498016,-0.269512,-0.407225,0.063516,0.022316
6.928940,-0.408370,0.500687,-0.269512,-0.407225,0.061990,0.022316
6.938994,-0.407607,0.502213,-0.269512,-0.407607,0.060464,0.022316
6.949053,-0.406844,0.503357,-0.269512,-0.407607,0.058556,0.022316
6.959111,-0.405699,0.505264,-0.269512,-0.407988,0.056268,0.022316
6.969164,-0.405318,0.506790,-0.269512,-0.409133,0.056268,0.022316
6.979216,-0.404936,0.508698,-0.269512,-0.411421,0.056268,0.022316
6.989268,-0.404936,0.510224,-0.269512,-0.413329,0.056268,0.022316
6.999322,-0.404555,0.512894,-0.269512,-0.415618,0.056268,0.022316
7.009374,-0.404555,0.514801,-0.269512,-0.417525,0.056268,0.022316
7.019426,-0.404555,0.517090,-0.269894,-0.420195,0.055886,0.018120
7.029479,-0.404555,0.518616,-0.269894,-0.421721,0.055886,0.018120
7.039531,-0.403792,0.520142,-0.270657,-0.423629,0.055886,0.018120
7.049584,-0.403410,0.521286,-0.271038,-0.425154,0.055886,0.018120
7.059635,-0.402647,0.522812,-0.271420,-0.427443,0.055886,0.018120
7.069687,-0.401884,0.524720,-0.271420,-0.428588,0.055505,0.018120
7.079739,-0.400740,0.527008,-0.271801,-0.430495,0.055505,0.018120
7.089802,-0.399977,0.527771,-0.272183,-0.432021,0.055505,0.014305
7.099855,-0.398451,0.529679,-0.272564,-0.434310,0.055505,0.014305
7.109906,-0.397688,0.530823,-0.272946,-0.435454,0.055505,0.014305
7.119961,-0.395781,0.531968,-0.274090,-0.436599,0.055123,0.014305
7.130025,-0.394636,0.532731,-0.274853,-0.437362,0.054742,0.014305
7.140122,-0.393492,0.533875,-0.275998,-0.438506,0.053597,0.014305
7.150174,-0.392729,0.535019,-0.276379,-0.439269,0.052071,0.013542
7.160218,-0.391966,0.536545,-0.277523,-0.439269,0.051308,0.013542
7.170270,-0.391585,0.538834,-0.279049,-0.439269,0.050927,0.013542
7.180322,-0.391203,0.540360,-0.280575,-0.439269,0.050927,0.013542
7.190387,-0.390822,0.541886,-0.282483,-0.439269,0.050546,0.013542
7.200451,-0.390822,0.543030,-0.283627,-0.439269,0.049020,0.013542
7.210503,-0.390440,0.544556,-0.285534,-0.439269,0.045968,0.013542
7.220557,-0.390059,0.544938,-0.286679,-0.439269,0.043679,0.013542
7.230609,-0.389296,0.546082,-0.288205,-0.439269,0.039483,0.013542
7.240662,-0.388533,0.547227,-0.289349,-0.439269,0.037194,0.013542
7.250713,-0.387770,0.548753,-0.291257,-0.439269,0.033761,0.013542
7.260765,-0.387007,0.550278,-0.292782,-0.439269,0.031853,0.013542
7.270818,-0.385863,0.551804,-0.293927,-0.439269,0.029564,0.013542
7.280877,-0.385100,0.552949,-0.295071,-0.439269,0.029183,0.010491
7.290931,-0.384718,0.554475,-0.296597,-0.439269,0.029183,0.010491
7.300983,-0.384337,0.555238,-0.298123,-0.439269,0.029564,0.010491
7.311035,-0.383192,0.556001,-0.299649,-0.439269,0.029564,0.010491
7.321090,-0.382429,0.556764,-0.300412,-0.439269,0.029564,0.010491
7.331151,-0.381666,0.557908,-0.301938,-0.439269,0.029564,0.010491
7.341211,-0.380903,0.558289,-0.303082,-0.439269,0.029564,0.010491
7.351319,-0.380140,0.559434,-0.304990,-0.439269,0.029564,0.010491
7.361380,-0.379759,0.560578,-0.306134,-0.439269,0.029946,0.010491
7.371439,-0.379759,0.561723,-0.306897,-0.439269,0.029946,0.010491
7.381502,-0.379377,0.564012,-0.308042,-0.439269,0.029946,0.010491
7.391565,-0.379377,0.564775,-0.309186,-0.439269,0.029946,0.010491
7.401626,-0.379377,0.566300,-0.311093,-0.439269,0.029946,0.010491
7.411687,-0.379377,0.567445,-0.312238,-0.439269,0.029946,0.010491
7.421753,-0.379377,0.568971,-0.313382,-0.439269,0.029564,0.010491
7.431813,-0.379377,0.569352,-0.314145,-0.439269,0.029564,0.010491
7.441874,-0.378996,0.569734,-0.315671,-0.439269,0.029564,0.010491
7.451934,-0.378996,0.570115,-0.316815,-0.439269,0.029564,0.010491
7.461993,-0.378614,0.570878,-0.318723,-0.439269,0.029564,0.010491
7.472046,-0.378233,0.572023,-0.319486,-0.439269,0.029564,0.010491
7.482098,-0.377852,0.573548,-0.320630,-0.439269,0.029564,0.010491
7.492151,-0.377470,0.574693,-0.321775,-0.439269,0.029564,0.010491
7.502203,-0.377089,0.576219,-0.322919,-0.439269,0.029564,0.010491
7.512218,-0.376707,0.576982,-0.324063,-0.439269,0.029564,0.010491
7.522228,-0.375944,0.578126,-0.325208,-0.439269,0.029564,0.010491
7.532280,-0.375563,0.578889,-0.326352,-0.439269,0.029564,0.010491
7.542332,-0.374800,0.580415,-0.327878,-0.439269,0.029564,0.010491
7.552383,-0.374037,0.580797,-0.328641,-0.439269,0.029564,0.010491
7.562435,-0.372892,0.581559,-0.330549,-0.439269,0.029564,0.010491
7.572486,-0.372511,0.582322,-0.331312,-0.439269,0.029564,0.010491
7.582538,-0.371748,0.583085,-0.332456,-0.439269,0.029564,0.010491
7.592594,-0.370603,0.583848,-0.333600,-0.439269,0.029564,0.010491
7.602646,-0.370222,0.584611,-0.334363,-0.439269,0.029564,0.010491
7.612698,-0.369459,0.585756,-0.335889,-0.439269,0.029564,0.010491
7.622757,-0.369078,0.586137,-0.336652,-0.439269,0.029564,0.010491
7.632809,-0.368696,0.587282,-0.338178,-0.439269,0.029564,0.010491
7.642861,-0.368696,0.588045,-0.338941,-0.439269,0.029564,0.010491
7.652912,-0.368696,0.588808,-0.340848,-0.439269,0.029564,0.010491
7.662964,-0.368696,0.589570,-0.342374,-0.439269,0.029564,0.010491
7.673016,-0.368696,0.590715,-0.343900,-0.439269,0.029183,0.010491
7.683067,-0.368696,0.591859,-0.344663,-0.439269,0.029183,0.010491
7.693120,-0.368696,0.592622,-0.346189,-0.439269,0.028801,0.010491
7.703172,-0.368696,0.593004,-0.347333,-0.439269,0.028420,0.007057
7.713228,-0.368696,0.593385,-0.349241,-0.439269,0.028420,0.007057
7.723281,-0.368696,0.593767,-0.350004,-0.439269,0.028420,0.007057
7.733334,-0.368696,0.594530,-0.351148,-0.439269,0.028420,0.007057
7.743385,-0.368696,0.594911,-0.352293,-0.439269,0.028420,0.007057
7.753436,-0.368696,0.595293,-0.353819,-0.439269,0.026513,0.003624
7.763488,-0.368696,0.595293,-0.354963,-0.439269,0.024987,0.003624
7.773653,-0.368315,0.595674,-0.356489,-0.439269,0.023079,0.003624
7.783714,-0.368315,0.596056,-0.357252,-0.439269,0.021935,0.003624
7.793778,-0.368315,0.596818,-0.358396,-0.439269,0.021553,0.003624
7.803840,-0.368315,0.597200,-0.359922,-0.439269,0.021172,0.003624
7.813901,-0.368315,0.597581,-0.361067,-0.439269,0.021172,0.003624
7.823966,-0.368315,0.597581,-0.362593,-0.439269,0.021172,0.003624
7.834026,-0.368315,0.597963,-0.363355,-0.439269,0.021172,0.003624
7.844085,-0.368315,0.598344,-0.365263,-0.439269,0.021172,0.003624
7.854145,-0.368315,0.598726,-0.366407,-0.439269,0.021172,0.003624
7.864204,-0.367933,0.599489,-0.368315,-0.439269,0.021172,0.003624
7.874267,-0.367933,0.599870,-0.369459,-0.439269,0.021172,0.003624
7.884331,-0.367552,0.601015,-0.371366,-0.439269,0.021172,0.003624
7.894393,-0.367552,0.601396,-0.372511,-0.439269,0.021172,0.003624
7.904455,-0.367552,0.602159,-0.374418,-0.439269,0.021172,0.003624
7.914514,-0.367552,0.602922,-0.375181,-0.439269,0.021172,0.003624
7.924580,-0.367170,0.603685,-0.377089,-0.438888,0.021172,0.003624
7.934641,-0.366789,0.604448,-0.378614,-0.438888,0.021172,0.003624
7.944700,-0.366407,0.604829,-0.380522,-0.438888,0.021172,0.003624
7.954762,-0.366407,0.605211,-0.381285,-0.438888,0.021172,0.003624
7.964824,-0.366026,0.605592,-0.382811,-0.438888,0.021172,0.003624
7.974885,-0.365644,0.605592,-0.383955,-0.438888,0.021172,0.003624
7.984964,-0.365263,0.605974,-0.385100,-0.438888,0.021172,0.003624
7.995026,-0.364881,0.605974,-0.386244,-0.438888,0.021172,0.003624
8.005090,-0.364500,0.605974,-0.387007,-0.438888,0.021172,0.003624
8.015150,-0.363737,0.605974,-0.388151,-0.438888,0.021172,0.003624
8.025217,-0.363355,0.605974,-0.388533,-0.438888,0.021172,0.003624
8.035279,-0.363355,0.605974,-0.390059,-0.438888,0.021172,0.003624
8.045339,-0.362974,0.605974,-0.391203,-0.438888,0.021172,0.003624
8.055402,-0.362974,0.605974,-0.393111,-0.438888,0.021172,0.003624
8.065461,-0.362974,0.605974,-0.393874,-0.438888,0.021172,0.003624
8.075521,-0.362974,0.605974,-0.395018,-0.438888,0.021172,0.003624
8.085586,-0.362974,0.605974,-0.396162,-0.438888,0.021172,0.003624
8.095646,-0.362974,0.605592,-0.397688,-0.438888,0.021172,0.003624
8.105704,-0.362974,0.605592,-0.398833,-0.438888,0.021172,0.003624
8.115764,-0.362974,0.605592,-0.399977,-0.438888,0.021172,0.003624
8.125830,-0.362974,0.605592,-0.401122,-0.438888,0.021172,0.003624
8.135892,-0.362974,0.605974,-0.402647,-0.438888,0.021172,0.003624
8.145952,-0.362974,0.605592,-0.404173,-0.438506,0.021172,0.003624
8.156005,-0.362974,0.605974,-0.405699,-0.438506,0.021172,0.003624
8.166057,-0.362974,0.605974,-0.406844,-0.437743,0.021172,0.003624
8.176109,-0.362974,0.605974,-0.408751,-0.436599,0.021172,0.003624
8.186167,-0.362974,0.605974,-0.409895,-0.435836,0.021172,0.003624
8.196230,-0.362974,0.605974,-0.411421,-0.434691,0.021172,0.003624
8.206282,-0.362974,0.605592,-0.412566,-0.433547,0.021172,0.003624
8.216333,-0.362593,0.605592,-0.414473,-0.431640,0.021172,0.003624
8.226385,-0.362974,0.605592,-0.415999,-0.430495,0.021172,0.003624
8.236448,-0.362974,0.605592,-0.417906,-0.428969,0.021172,0.003624
8.246500,-0.362974,0.605974,-0.418669,-0.427825,0.021172,0.003624
8.256552,-0.362974,0.605592,-0.419814,-0.426680,0.021172,0.003624
8.266605,-0.362974,0.605974,-0.421721,-0.424773,0.021172,0.003624
8.276668,-0.362974,0.605592,-0.422866,-0.423629,0.021172,0.003624
8.286732,-0.362974,0.605592,-0.424010,-0.422484,0.021172,0.003624
8.296794,-0.362974,0.605592,-0.425154,-0.421340,0.021172,0.003624
8.306856,-0.362974,0.605592,-0.426299,-0.419814,0.021172,0.003624
8.316917,-0.362974,0.605592,-0.427825,-0.418288,0.021172,0.003624
8.326980,-0.362974,0.605592,-0.429732,-0.416381,0.021172,0.003624
8.337042,-0.362974,0.605592,-0.430495,-0.414855,0.021172,0.003624
8.347105,-0.362974,0.605592,-0.432021,-0.412566,0.021172,0.003624
8.357170,-0.362974,0.605592,-0.432784,-0.411421,0.021172,0.003624
8.367231,-0.362974,0.605592,-0.434310,-0.409895,0.021172,0.003624
8.377294,-0.362974,0.605592,-0.435073,-0.408751,0.021553,0.003624
8.387358,-0.362974,0.605592,-0.436599,-0.407225,0.021553,0.003624
8.397423,-0.362974,0.605592,-0.437362,-0.405699,0.021553,0.003624
8.407484,-0.362974,0.605592,-0.438888,-0.403792,0.021553,0.003624
8.417547,-0.362974,0.605592,-0.439651,-0.403029,0.021553,0.003624
8.427611,-0.362974,0.605592,-0.440795,-0.401503,0.021553,0.003624
8.437671,-0.362974,0.605592,-0.442321,-0.400359,0.021553,0.003624
8.447754,-0.362974,0.605592,-0.443847,-0.397688,0.021553,0.003624
8.457818,-0.362974,0.605592,-0.444610,-0.396162,0.021553,0.003624
8.467879,-0.362974,0.605592,-0.445373,-0.395018,0.021553,0.003624
8.477942,-0.362974,0.605592,-0.446517,-0.393111,0.021553,0.003624
8.488006,-0.362974,0.605592,-0.447662,-0.391585,0.021553,0.003624
8.498070,-0.362974,0.605211,-0.448806,-0.390059,0.021553,0.003624
8.508132,-0.362974,0.605211,-0.449569,-0.389296,0.021553,0.003624
8.518194,-0.362974,0.605211,-0.450713,-0.387388,0.021553,0.003624
8.528233,-0.362974,0.605211,-0.451476,-0.385863,0.021553,0.003624
8.538296,-0.362974,0.605211,-0.453002,-0.383955,0.021553,0.003624
8.548361,-0.362974,0.605211,-0.454147,-0.382811,0.021553,0.003624
8.558425,-0.362974,0.605211,-0.455673,-0.380140,0.021553,0.003624
8.568486,-0.362974,0.605211,-0.456817,-0.378614,0.021553,0.003624
8.578549,-0.362974,0.605211,-0.458343,-0.376707,0.021553,0.003624
8.588613,-0.362974,0.604829,-0.459106,-0.375563,0.021553,0.003624
8.598677,-0.362974,0.604829,-0.460250,-0.373655,0.021553,0.003624
8.608729,-0.362974,0.604829,-0.461395,-0.372129,0.021553,0.003624
8.618782,-0.363355,0.604829,-0.462158,-0.370603,0.021553,0.003624
8.628834,-0.363355,0.604448,-0.462921,-0.369841,0.021553,0.003624
8.638887,-0.363355,0.604448,-0.464065,-0.368696,0.021553,0.003624
8.648938,-0.363355,0.604448,-0.464828,-0.367933,0.021553,0.003624
8.659029,-0.363355,0.604448,-0.466354,-0.365263,0.021553,0.003624
8.669082,-0.363355,0.604448,-0.467498,-0.364118,0.021553,0.003624
8.679133,-0.363355,0.604448,-0.468261,-0.362974,0.021553,0.003624
8.689185,-0.363737,0.604448,-0.469406,-0.360685,0.021553,0.003624
8.699218,-0.363737,0.604067,-0.470169,-0.359159,0.021553,0.003624
8.709228,-0.363737,0.604067,-0.471695,-0.357633,0.021553,0.003624
8.719280,-0.363737,0.604067,-0.472457,-0.357252,0.021935,0.003624
8.729333,-0.363737,0.604067,-0.473602,-0.356870,0.021935,0.003624
8.739385,-0.363737,0.604067,-0.473983,-0.356107,0.021935,0.003624
8.749437,-0.364118,0.604067,-0.475509,-0.354582,0.021935,0.003624
8.759489,-0.364118,0.604067,-0.476272,-0.353056,0.021935,0.003624
8.769541,-0.364500,0.603685,-0.477798,-0.351530,0.021935,0.003624
8.779594,-0.364500,0.603685,-0.478561,-0.350385,0.021935,0.003624
8.789647,-0.364500,0.603304,-0.480087,-0.348096,0.021935,0.003624
8.799699,-0.364500,0.603304,-0.481231,-0.346189,0.021935,0.003624
8.809751,-0.364500,0.602922,-0.482376,-0.343900,0.021935,0.003624
8.819804,-0.364881,0.602922,-0.483139,-0.342374,0.021935,0.003624
8.829865,-0.365263,0.602159,-0.484283,-0.340085,0.021935,0.003624
8.839926,-0.365644,0.601396,-0.485046,-0.338560,0.021935,0.003624
8.850040,-0.366026,0.600252,-0.486191,-0.336652,0.021935,0.003624
8.860103,-0.366026,0.599870,-0.486572,-0.335126,0.021935,0.003624
8.870164,-0.366407,0.599107,-0.487335,-0.333219,0.021935,0.003624
8.880227,-0.367170,0.598344,-0.488479,-0.330930,0.021935,0.003624
8.890291,-0.368315,0.597963,-0.489242,-0.329404,0.022316,0.003624
8.900352,-0.369078,0.596818,-0.490005,-0.326734,0.022316,0.003624
8.910415,-0.369459,0.596437,-0.490768,-0.325208,0.022698,0.003624
8.920478,-0.369841,0.595293,-0.492294,-0.323301,0.022698,0.003624
8.930539,-0.370222,0.594530,-0.493057,-0.321775,0.022698,0.003624
8.940602,-0.370603,0.593004,-0.493820,-0.319486,0.022698,0.003624
8.950665,-0.370603,0.592241,-0.494583,-0.317960,0.022698,0.003624
8.960726,-0.370985,0.591478,-0.495346,-0.316434,0.022698,0.003624
8.970789,-0.371366,0.590715,-0.496109,-0.314908,0.022698,0.003624
8.980852,-0.371748,0.589570,-0.496490,-0.313001,0.022698,0.003624
8.990914,-0.371748,0.588808,-0.497253,-0.311856,0.022698,0.003624
9.000977,-0.371748,0.587282,-0.498016,-0.310330,0.022698,0.003624
9.011040,-0.371748,0.586519,-0.498398,-0.308804,0.022698,0.003624
9.021106,-0.371748,0.585374,-0.499161,-0.306897,0.022698,0.003624
9.031167,-0.372129,0.584230,-0.499924,-0.305753,0.022698,0.003624
9.041229,-0.372129,0.583085,-0.500687,-0.303845,0.022698,0.003624
9.051292,-0.372511,0.581559,-0.501450,-0.302319,0.022698,0.003624
9.061353,-0.372892,0.580415,-0.502594,-0.300031,0.023079,0.003624
9.071416,-0.373274,0.579652,-0.503738,-0.298505,0.023079,0.003624
9.081503,-0.374037,0.579271,-0.504883,-0.295834,0.023461,0.004005
9.091567,-0.374418,0.578889,-0.505646,-0.293927,0.023461,0.004005
9.101631,-0.374800,0.578508,-0.506790,-0.292401,0.023461,0.004005
9.111693,-0.375944,0.577745,-0.508316,-0.290875,0.023461,0.004005
9.121760,-0.376326,0.577363,-0.508698,-0.289731,0.023842,0.004005
9.131822,-0.377089,0.576219,-0.509461,-0.288205,0.024605,0.004005
9.141885,-0.377852,0.575456,-0.510605,-0.287060,0.025368,0.004005
9.151946,-0.378614,0.574311,-0.511368,-0.285534,0.026894,0.004768
9.162008,-0.379377,0.573930,-0.511749,-0.285153,0.027657,0.004768
9.172072,-0.380522,0.572786,-0.512512,-0.284009,0.029564,0.004768
9.182134,-0.381285,0.572404,-0.512894,-0.282864,0.031090,0.004768
9.192197,-0.382429,0.571260,-0.513657,-0.280957,0.033761,0.004768
9.202262,-0.383192,0.569734,-0.514420,-0.279812,0.034524,0.004768
9.212326,-0.383574,0.568208,-0.515564,-0.278286,0.034524,0.006294
9.222392,-0.383955,0.567445,-0.516327,-0.276379,0.034524,0.006294
9.232456,-0.384718,0.567063,-0.517472,-0.274090,0.034524,0.008202
9.242518,-0.385481,0.566682,-0.518235,-0.272564,0.034524,0.008202
9.252580,-0.386244,0.565919,-0.519379,-0.271038,0.034524,0.008202
9.262644,-0.387007,0.565537,-0.519760,-0.269512,0.034524,0.008202
9.272705,-0.388151,0.564775,-0.520905,-0.267987,0.034142,0.008202
9.282771,-0.388914,0.564012,-0.521286,-0.266842,0.034142,0.008202
9.292835,-0.389296,0.562486,-0.522049,-0.264935,0.034142,0.008202
9.302898,-0.389677,0.561723,-0.522812,-0.263409,0.034142,0.008202
9.312962,-0.390440,0.560578,-0.523575,-0.261120,0.034142,0.008202
9.323024,-0.391203,0.559815,-0.523957,-0.259213,0.034142,0.008202
9.333088,-0.392348,0.558289,-0.524720,-0.256924,0.034524,0.008202
9.343151,-0.393111,0.557145,-0.525101,-0.255398,0.034905,0.008202
9.353212,-0.394636,0.555238,-0.525864,-0.253109,0.035668,0.008202
9.363231,-0.395399,0.554093,-0.526627,-0.252346,0.036812,0.008202
9.373334,-0.396544,0.553330,-0.527390,-0.250439,0.039101,0.008202
9.383396,-0.397307,0.552567,-0.527771,-0.248913,0.041009,0.008202
9.393460,-0.398451,0.551804,-0.528534,-0.247387,0.042153,0.008202
9.403520,-0.399977,0.549897,-0.530060,-0.245480,0.042535,0.008202
9.413580,-0.400740,0.549134,-0.530823,-0.243954,0.042916,0.008202
9.423643,-0.401884,0.547990,-0.531586,-0.241665,0.044442,0.008202
9.433705,-0.402266,0.547227,-0.532349,-0.240520,0.045968,0.008202
9.443768,-0.403410,0.545701,-0.533494,-0.239757,0.049020,0.008202
9.453832,-0.403792,0.544556,-0.533494,-0.239376,0.050927,0.008202
9.463894,-0.405699,0.542649,-0.533875,-0.238994,0.053216,0.008202
9.473957,-0.406844,0.541886,-0.533875,-0.238231,0.055123,0.008202
9.484017,-0.408370,0.540742,-0.534257,-0.236324,0.059319,0.008202
9.494080,-0.409133,0.539979,-0.534638,-0.235180,0.062371,0.008202
9.504143,-0.410277,0.538071,-0.535401,-0.233272,0.065805,0.008202
9.514207,-0.411421,0.536927,-0.535782,-0.232128,0.068093,0.008202
9.524233,-0.412566,0.536164,-0.536545,-0.229458,0.068856,0.012398
9.534289,-0.413329,0.535401,-0.536927,-0.227550,0.068475,0.012398
9.544353,-0.414473,0.533875,-0.538071,-0.225261,0.068475,0.012398
9.554415,-0.415236,0.533112,-0.538453,-0.223354,0.068856,0.016594
9.564460,-0.416381,0.530823,-0.539597,-0.221065,0.068856,0.016594
9.574522,-0.416762,0.530442,-0.539979,-0.219539,0.068856,0.016594
9.584582,-0.418288,0.529297,-0.540742,-0.217250,0.068856,0.016594
9.594644,-0.419432,0.528916,-0.541505,-0.215724,0.068856,0.016594
9.604708,-0.421340,0.527771,-0.542649,-0.213436,0.068856,0.016594
9.614768,-0.422103,0.527008,-0.543030,-0.211910,0.068856,0.016594
9.624839,-0.424010,0.525864,-0.543793,-0.210002,0.068856,0.016594
9.634899,-0.425154,0.524720,-0.544175,-0.208858,0.068856,0.016594
9.644960,-0.425917,0.523957,-0.544556,-0.208095,0.068856,0.016594
9.655013,-0.427062,0.522812,-0.544938,-0.207332,0.068856,0.019265
9.665065,-0.428206,0.522049,-0.545319,-0.207332,0.068856,0.019265
9.675119,-0.429732,0.520523,-0.545319,-0.207332,0.069619,0.019265
9.685170,-0.431258,0.518997,-0.545319,-0.207332,0.070764,0.019265
9.695231,-0.433165,0.517472,-0.545319,-0.207332,0.074197,0.019265
9.705292,-0.434310,0.516709,-0.545319,-0.207332,0.076486,0.019265
9.715354,-0.436599,0.515946,-0.545701,-0.207332,0.079919,0.019265
9.725418,-0.437743,0.515183,-0.545701,-0.207332,0.081827,0.019265
9.735475,-0.439269,0.513275,-0.545701,-0.207332,0.085260,0.020027
9.745538,-0.440414,0.512131,-0.545701,-0.206950,0.086786,0.020027
9.755599,-0.441939,0.510605,-0.545701,-0.206188,0.088312,0.020027
9.765662,-0.443465,0.509461,-0.546082,-0.205043,0.089456,0.020027
9.775721,-0.444610,0.507553,-0.546082,-0.202754,0.093271,0.020027
9.785784,-0.445754,0.506027,-0.546464,-0.200847,0.095178,0.020027
9.795843,-0.447280,0.504501,-0.547227,-0.197795,0.095941,0.020027
9.805905,-0.448425,0.503357,-0.547227,-0.194743,0.095941,0.020027
9.815964,-0.449950,0.501068,-0.547608,-0.191310,0.095941,0.020027
9.826027,-0.451095,0.499542,-0.547990,-0.189021,0.096704,0.020027
9.836085,-0.452621,0.498398,-0.548371,-0.185588,0.097848,0.020027
9.846148,-0.453765,0.497253,-0.548753,-0.183680,0.098230,0.020027
9.856212,-0.454910,0.496109,-0.549134,-0.181773,0.098611,0.023842
9.866273,-0.456817,0.493820,-0.549134,-0.178721,0.098993,0.023842
9.876336,-0.458343,0.493057,-0.549134,-0.176814,0.099374,0.023842
9.886399,-0.459869,0.491913,-0.549134,-0.174144,0.101663,0.023842
9.896464,-0.461395,0.491150,-0.549516,-0.172618,0.103952,0.023842
9.906526,-0.463302,0.490005,-0.549516,-0.170329,0.107385,0.023842
9.916588,-0.464446,0.488861,-0.549897,-0.168803,0.110056,0.027657
9.926648,-0.466354,0.487335,-0.549897,-0.166896,0.113489,0.027657
9.936710,-0.467880,0.486572,-0.549897,-0.165370,0.115015,0.027657
9.946774,-0.469406,0.485428,-0.550278,-0.163081,0.118448,0.027657
9.956838,-0.470932,0.484283,-0.550660,-0.161936,0.120737,0.027657
9.966900,-0.472457,0.482757,-0.551423,-0.160410,0.123026,0.027657
9.976963,-0.473602,0.481613,-0.551423,-0.159266,0.123789,0.030709
9.987027,-0.475128,0.480468,-0.551804,-0.156977,0.124552,0.031090
9.997092,-0.476272,0.479706,-0.552186,-0.155833,0.124552,0.031090
10.007154,-0.477798,0.478943,-0.552949,-0.153925,0.124552,0.031090
10.017217,-0.478943,0.477798,-0.553330,-0.152781,0.124933,0.031090
10.027234,-0.481231,0.476654,-0.554475,-0.150874,0.125696,0.031090
10.037298,-0.482376,0.475509,-0.554856,-0.149348,0.126841,0.031090
10.047361,-0.484665,0.473983,-0.555619,-0.147822,0.128748,0.031090
10.057426,-0.486191,0.473220,-0.556001,-0.147059,0.129892,0.031090
10.067491,-0.487716,0.472076,-0.556001,-0.145914,0.130655,0.031090
10.077553,-0.489624,0.470169,-0.556001,-0.144770,0.132563,0.031090
10.087616,-0.490768,0.468261,-0.556001,-0.144007,0.133326,0.031090
10.097679,-0.493820,0.466735,-0.556001,-0.143244,0.134852,0.031090
10.107743,-0.494965,0.465591,-0.556001,-0.142481,0.137903,0.034905
10.117803,-0.496872,0.463684,-0.556001,-0.141337,0.142100,0.034905
10.127867,-0.498398,0.462158,-0.556001,-0.140955,0.144007,0.034905
10.137928,-0.500687,0.460632,-0.556001,-0.139429,0.145914,0.034905
10.147991,-0.501831,0.459487,-0.556001,-0.138666,0.147440,0.034905
10.158054,-0.503738,0.457961,-0.556001,-0.137140,0.149348,0.034905
10.168118,-0.505264,0.456054,-0.556001,-0.136378,0.150492,0.039101
10.178183,-0.507172,0.454528,-0.556001,-0.135233,0.153925,0.039101
10.188233,-0.508698,0.453384,-0.556001,-0.134852,0.156596,0.039101
10.198444,-0.510986,0.451858,-0.556001,-0.134089,0.160410,0.039101
10.208507,-0.512512,0.450332,-0.556001,-0.133326,0.162699,0.039101
10.218571,-0.514420,0.449187,-0.556001,-0.131418,0.164988,0.039101
10.228636,-0.515946,0.448043,-0.556001,-0.130274,0.165370,0.039101
10.238698,-0.518235,0.446517,-0.556001,-0.129129,0.166514,0.039101
10.248761,-0.519379,0.444991,-0.556001,-0.128367,0.166896,0.039101
10.258821,-0.521286,0.443084,-0.556001,-0.127985,0.166896,0.039101
10.268884,-0.522431,0.442321,-0.556001,-0.127985,0.166896,0.039101
10.278978,-0.524720,0.441176,-0.556001,-0.127604,0.167277,0.039101
10.289042,-0.525864,0.440032,-0.556001,-0.126841,0.167277,0.039101
10.299107,-0.527008,0.438888,-0.556001,-0.126078,0.167277,0.039101
10.309132,-0.529679,0.437362,-0.556001,-0.124170,0.167277,0.039101
10.319197,-0.531968,0.436599,-0.556001,-0.123407,0.168040,0.039101
10.329219,-0.533875,0.435073,-0.556001,-0.122644,0.171473,0.039101
10.339228,-0.535401,0.433928,-0.556001,-0.122263,0.174144,0.039101
10.349281,-0.538071,0.431258,-0.556001,-0.122263,0.176814,0.039101
10.359334,-0.539597,0.430495,-0.556001,-0.122263,0.177958,0.042916
10.369385,-0.541886,0.428969,-0.556001,-0.121118,0.181392,0.042916
10.379437,-0.543793,0.428206,-0.556001,-0.119974,0.183299,0.042916
10.389489,-0.546464,0.427062,-0.556001,-0.117685,0.186351,0.042916
10.399542,-0.547990,0.425536,-0.556382,-0.116159,0.189403,0.042916
10.409594,-0.550278,0.424010,-0.556382,-0.115015,0.193599,0.042916
10.419658,-0.551804,0.422866,-0.556382,-0.114252,0.196269,0.042916
10.429721,-0.553712,0.420958,-0.556382,-0.112345,0.201228,0.042916
10.439784,-0.556001,0.419432,-0.556001,-0.111200,0.203899,0.042916
10.449846,-0.557908,0.417525,-0.556001,-0.109293,0.207713,0.042916
10.459908,-0.559434,0.416762,-0.556001,-0.108148,0.208858,0.042916
10.469963,-0.562104,0.415236,-0.556001,-0.106241,0.210765,0.052834
10.480027,-0.563249,0.414092,-0.556001,-0.105097,0.212673,0.052834
10.490092,-0.564393,0.412947,-0.556001,-0.103571,0.214199,0.052834
10.500157,-0.567063,0.411421,-0.556001,-0.102045,0.216869,0.052834
10.510219,-0.568589,0.410277,-0.556001,-0.101663,0.218776,0.052834
10.520283,-0.570878,0.408751,-0.556001,-0.100137,0.221065,0.052834
10.530348,-0.572404,0.407225,-0.556001,-0.099374,0.221447,0.052834
10.540412,-0.575456,0.405318,-0.556001,-0.097467,0.222591,0.052834
10.550477,-0.576600,0.404555,-0.556001,-0.096323,0.223354,0.052834
10.560539,-0.578889,0.403029,-0.556001,-0.095178,0.224498,0.052834
10.570603,-0.580797,0.401503,-0.556001,-0.094415,0.225643,0.052834
10.580667,-0.583467,0.399596,-0.556001,-0.094034,0.226406,0.052834
10.590731,-0.584611,0.398833,-0.556001,-0.093271,0.226406,0.052834
10.600796,-0.587663,0.397688,-0.556001,-0.092126,0.226406,0.052834
10.610861,-0.589189,0.396162,-0.556001,-0.091363,0.226406,0.052834
10.620922,-0.591859,0.393874,-0.556001,-0.090219,0.226406,0.052834
10.630986,-0.593767,0.392729,-0.556001,-0.089837,0.226406,0.052834
10.641046,-0.596056,0.391585,-0.556001,-0.089837,0.226406,0.052834
10.651109,-0.597963,0.390440,-0.555619,-0.089837,0.226787,0.052834
10.661162,-0.600252,0.388151,-0.555619,-0.089837,0.226787,0.052834
10.671215,-0.602159,0.387007,-0.555619,-0.089837,0.226787,0.052834
10.681267,-0.605211,0.385863,-0.555619,-0.089837,0.226787,0.052834
10.691318,-0.606737,0.384718,-0.555619,-0.089837,0.227932,0.052834
10.701399,-0.609026,0.383192,-0.555619,-0.089837,0.230602,0.052834
10.711462,-0.611696,0.381666,-0.555619,-0.089837,0.233272,0.052834
10.721526,-0.613603,0.380522,-0.555619,-0.089837,0.236706,0.052834
10.731590,-0.615892,0.378996,-0.555619,-0.089837,0.243954,0.052834
10.741655,-0.618563,0.377852,-0.555619,-0.089837,0.248913,0.052834
10.751720,-0.620851,0.375944,-0.555619,-0.089837,0.256924,0.052834
10.761783,-0.622377,0.374800,-0.555619,-0.089837,0.261501,0.052834
10.771843,-0.625429,0.373274,-0.555619,-0.089837,0.267987,0.052834
10.781906,-0.627337,0.372129,-0.555619,-0.089837,0.271801,0.052834
10.791968,-0.629244,0.370222,-0.555619,-0.089837,0.278286,0.052834
10.802029,-0.631151,0.368696,-0.555619,-0.089837,0.282101,0.052834
10.812092,-0.633440,0.367170,-0.555619,-0.089837,0.287823,0.052834
10.822155,-0.634585,0.366026,-0.555619,-0.089837,0.290494,0.052834
10.832222,-0.637255,0.364118,-0.555619,-0.089837,0.293927,0.058175
10.842230,-0.638781,0.362593,-0.555238,-0.089837,0.295453,0.058175
10.852292,-0.641070,0.361067,-0.555238,-0.089837,0.297360,0.058175
10.862355,-0.642977,0.359922,-0.555238,-0.089837,0.297742,0.058175
10.872420,-0.645266,0.357633,-0.555238,-0.089837,0.297742,0.058175
10.882484,-0.646792,0.356107,-0.555238,-0.089837,0.297360,0.058175
10.892547,-0.649462,0.354963,-0.554856,-0.089837,0.297360,0.058175
10.902563,-0.650988,0.353819,-0.554856,-0.089837,0.297360,0.058175
10.912695,-0.653658,0.352293,-0.554856,-0.089456,0.297360,0.058175
10.922749,-0.655947,0.350767,-0.554856,-0.089456,0.297360,0.058175
10.932801,-0.657855,0.349622,-0.554475,-0.089456,0.297360,0.058175
10.942853,-0.660143,0.348096,-0.554475,-0.089456,0.297360,0.058175
10.952905,-0.662432,0.347333,-0.554475,-0.089075,0.297360,0.058175
10.962957,-0.665103,0.345426,-0.554475,-0.088312,0.298123,0.058175
10.973008,-0.667391,0.343900,-0.554475,-0.087549,0.298123,0.058175
10.983059,-0.670062,0.342374,-0.554475,-0.085260,0.298886,0.058175
10.993112,-0.671588,0.341230,-0.554475,-0.083734,0.299649,0.080301
11.003163,-0.674258,0.339704,-0.554475,-0.081445,0.301938,0.080301
11.013215,-0.676165,0.337797,-0.554093,-0.079919,0.303845,0.085260
11.023269,-0.679599,0.336271,-0.554093,-0.077630,0.306897,0.085260
11.033321,-0.681125,0.335508,-0.554093,-0.076104,0.309949,0.085260
11.043373,-0.683795,0.333982,-0.553712,-0.074578,0.315290,0.085260
11.053425,-0.685702,0.332456,-0.553330,-0.073434,0.318341,0.085260
11.063477,-0.688373,0.330930,-0.553330,-0.071527,0.322919,0.085260
11.073530,-0.689899,0.330167,-0.552949,-0.070764,0.325971,0.091363
11.083581,-0.692950,0.328641,-0.552567,-0.069619,0.331312,0.091363
11.093633,-0.694476,0.327497,-0.552186,-0.069238,0.335508,0.091363
11.103686,-0.696765,0.325589,-0.551423,-0.068856,0.340848,0.091363
11.113737,-0.699054,0.324826,-0.551423,-0.068856,0.343519,0.091363
11.123790,-0.700198,0.324063,-0.550660,-0.068475,0.346571,0.091363
11.133842,-0.702106,0.322538,-0.549897,-0.067712,0.350385,0.091363
11.143893,-0.704013,0.321775,-0.549134,-0.067330,0.352293,0.091363
11.153944,-0.706683,0.319486,-0.548371,-0.067330,0.355344,0.091363
11.163996,-0.708209,0.318341,-0.547227,-0.067330,0.357252,0.091363
11.174048,-0.710498,0.316815,-0.546082,-0.067330,0.357252,0.091363
11.184114,-0.712406,0.315671,-0.544938,-0.067330,0.357252,0.091363
11.194174,-0.714313,0.313001,-0.543412,-0.067330,0.357252,0.091363
11.204235,-0.715457,0.312238,-0.542267,-0.067330,0.357252,0.091363
11.214296,-0.718128,0.310712,-0.540742,-0.066949,0.357252,0.091363
11.224359,-0.720035,0.309567,-0.539979,-0.066949,0.357252,0.091363
11.234422,-0.722324,0.307660,-0.538453,-0.065805,0.357252,0.091363
11.244487,-0.724231,0.306516,-0.537690,-0.065423,0.357252,0.091363
11.254548,-0.726902,0.304990,-0.536545,-0.065423,0.357252,0.091363
11.264611,-0.728428,0.304227,-0.535401,-0.065042,0.357633,0.095178
11.274670,-0.731098,0.302701,-0.533494,-0.065423,0.359159,0.095178
11.284733,-0.732624,0.301175,-0.531968,-0.065423,0.360304,0.095178
11.294795,-0.735294,0.299649,-0.530823,-0.065042,0.361830,0.095178
11.304857,-0.736820,0.298886,-0.529679,-0.065423,0.362974,0.095178
11.314972,-0.738727,0.297742,-0.528534,-0.065042,0.366789,0.095178
11.325036,-0.740635,0.296597,-0.527390,-0.065042,0.370222,0.095178
11.335095,-0.742924,0.295834,-0.526627,-0.064279,0.373655,0.095178
11.345159,-0.745212,0.294308,-0.525101,-0.064279,0.380140,0.095178
11.355222,-0.746357,0.293545,-0.524338,-0.064279,0.383192,0.095178
11.365281,-0.749409,0.292020,-0.523194,-0.064279,0.386625,0.095178
11.375345,-0.750553,0.290875,-0.522049,-0.064279,0.389296,0.095178
11.385405,-0.752079,0.289349,-0.520523,-0.064279,0.394636,0.095178
11.395466,-0.753605,0.287823,-0.518997,-0.064279,0.398451,0.095178
11.405530,-0.756275,0.286679,-0.517853,-0.064279,0.402647,0.095178
11.415591,-0.757420,0.285534,-0.516709,-0.064279,0.405699,0.095178
11.425654,-0.759327,0.283627,-0.515946,-0.064279,0.407988,0.095178
11.435718,-0.760853,0.282101,-0.514801,-0.064279,0.408751,0.095178
11.445783,-0.762760,0.280957,-0.513275,-0.064279,0.409133,0.095178
11.455843,-0.763905,0.279812,-0.512131,-0.064279,0.409133,0.095178
11.465907,-0.765431,0.278286,-0.510986,-0.064279,0.409133,0.095178
11.475970,-0.767338,0.277142,-0.510224,-0.064279,0.409133,0.095178
11.486029,-0.769627,0.275235,-0.509079,-0.064279,0.409133,0.095178
11.496091,-0.770771,0.274090,-0.507935,-0.064279,0.409133,0.095178
11.506153,-0.773060,0.272564,-0.506409,-0.064279,0.409133,0.095178
11.516216,-0.774205,0.271801,-0.505646,-0.064279,0.409133,0.095178
11.526299,-0.776112,0.269512,-0.504120,-0.064279,0.409133,0.095178
11.536361,-0.777256,0.268750,-0.503357,-0.064279,0.409133,0.095178
11.546424,-0.778782,0.267605,-0.502213,-0.064279,0.409514,0.095178
11.556484,-0.781071,0.266461,-0.500687,-0.064279,0.410277,0.095178
11.566546,-0.782216,0.265698,-0.499542,-0.064279,0.410658,0.095178
11.576609,-0.784123,0.263790,-0.498398,-0.064279,0.410658,0.095178
11.586673,-0.785267,0.262646,-0.497253,-0.064279,0.410658,0.095178
11.596735,-0.786793,0.261501,-0.495727,-0.064279,0.411421,0.095178
11.606798,-0.787938,0.260739,-0.494583,-0.064279,0.412566,0.095178
11.616862,-0.789464,0.259594,-0.493057,-0.064279,0.414092,0.095178
11.626927,-0.790227,0.258450,-0.492294,-0.064279,0.415618,0.095178
11.636988,-0.792897,0.256542,-0.490768,-0.064279,0.420577,0.095178
11.647051,-0.794041,0.256161,-0.489624,-0.064279,0.424773,0.095178
11.657115,-0.795567,0.255016,-0.487716,-0.064279,0.430495,0.106622
11.667180,-0.796330,0.254253,-0.486954,-0.064279,0.432403,0.106622
11.677240,-0.797856,0.252728,-0.485046,-0.064279,0.434691,0.106622
11.687303,-0.798619,0.251583,-0.484283,-0.064279,0.436217,0.106622
11.697367,-0.799382,0.250057,-0.482376,-0.064279,0.438888,0.106622
11.707429,-0.800145,0.249294,-0.481231,-0.064279,0.440414,0.106622
11.717492,-0.801289,0.248150,-0.480087,-0.064279,0.443847,0.106622
11.727557,-0.802052,0.247387,-0.479324,-0.064279,0.446136,0.106622
11.737610,-0.803578,0.245861,-0.477798,-0.064279,0.448043,0.106622
11.747673,-0.805104,0.245098,-0.476654,-0.064279,0.449950,0.106622
11.757736,-0.805867,0.244335,-0.475509,-0.064279,0.451095,0.106622
11.767800,-0.807393,0.243191,-0.473983,-0.064279,0.451476,0.106622
11.777864,-0.808156,0.242046,-0.473220,-0.064279,0.451476,0.106622
11.787928,-0.808537,0.240902,-0.472076,-0.064279,0.451476,0.106622
11.797991,-0.808919,0.239757,-0.470932,-0.064279,0.451476,0.106622
11.808054,-0.809300,0.238231,-0.468643,-0.064279,0.451476,0.106622
11.818118,-0.809300,0.237469,-0.467880,-0.064279,0.451476,0.106622
11.828183,-0.809682,0.236324,-0.466354,-0.064279,0.451476,0.106622
11.838247,-0.810063,0.235180,-0.465591,-0.064279,0.451476,0.106622
11.848310,-0.810445,0.234417,-0.464065,-0.064279,0.451858,0.106622
11.858373,-0.810826,0.233272,-0.463302,-0.064279,0.451858,0.106622
11.868433,-0.811208,0.232128,-0.461776,-0.064279,0.451858,0.106622
11.878496,-0.811589,0.231365,-0.460632,-0.064279,0.451858,0.106622
11.888557,-0.812352,0.229839,-0.459487,-0.064279,0.452239,0.106622
11.898622,-0.812734,0.229458,-0.458343,-0.064279,0.452621,0.106622
11.908685,-0.814260,0.228313,-0.456817,-0.064660,0.453384,0.106622
11.918745,-0.815023,0.227169,-0.455673,-0.064660,0.453384,0.106622
11.928810,-0.816548,0.225643,-0.454528,-0.064279,0.453765,0.106622
11.938875,-0.817693,0.224880,-0.453765,-0.064279,0.453765,0.106622
11.948930,-0.818837,0.224117,-0.452239,-0.064279,0.453765,0.106622
11.958992,-0.819600,0.223735,-0.451476,-0.064279,0.453765,0.106622
11.969053,-0.819982,0.223354,-0.450332,-0.064660,0.453765,0.106622
11.979118,-0.820363,0.222210,-0.449569,-0.064660,0.453765,0.106622
11.989180,-0.820745,0.221447,-0.448806,-0.064660,0.453765,0.106622
11.999243,-0.820745,0.219921,-0.447280,-0.064660,0.453765,0.106622
12.009306,-0.820745,0.219158,-0.446136,-0.064660,0.453765,0.106622
12.019367,-0.820745,0.218013,-0.444228,-0.064660,0.453765,0.106622
12.029430,-0.820745,0.217250,-0.443084,-0.064660,0.453765,0.106622
12.039494,-0.820745,0.216106,-0.441558,-0.064660,0.453765,0.125696
12.049559,-0.820745,0.214961,-0.440795,-0.064660,0.453765,0.125696
12.059618,-0.820745,0.213436,-0.438888,-0.064660,0.453765,0.125696
12.069681,-0.820745,0.213054,-0.437362,-0.064660,0.453765,0.125696
12.079745,-0.820745,0.211910,-0.436217,-0.064660,0.453765,0.125696
12.089807,-0.820745,0.211528,-0.435454,-0.064660,0.453765,0.125696
12.099870,-0.821126,0.210765,-0.433928,-0.064660,0.453765,0.125696
12.109934,-0.820745,0.210002,-0.432784,-0.064660,0.454147,0.125696
12.119994,-0.821126,0.209239,-0.431258,-0.064660,0.454147,0.125696
12.130057,-0.820745,0.208476,-0.430495,-0.064660,0.454147,0.125696
12.140121,-0.821126,0.207713,-0.429351,-0.064660,0.454147,0.125696
12.150186,-0.821126,0.206950,-0.428588,-0.064660,0.454147,0.125696
12.160239,-0.821126,0.206188,-0.427443,-0.064660,0.454147,0.125696
12.170301,-0.821126,0.205806,-0.426680,-0.064660,0.454147,0.125696
12.180354,-0.821126,0.205806,-0.425536,-0.064660,0.454147,0.125696
12.190407,-0.821126,0.205043,-0.424392,-0.064660,0.454147,0.125696
12.200459,-0.821126,0.204662,-0.424010,-0.064660,0.454147,0.125696
12.210511,-0.821126,0.204280,-0.422866,-0.064660,0.454147,0.125696
12.220562,-0.821126,0.203899,-0.422484,-0.064660,0.454147,0.125696
12.230614,-0.821126,0.203517,-0.421721,-0.064660,0.454147,0.125696
12.240666,-0.821126,0.203136,-0.420958,-0.064660,0.454147,0.125696
12.250719,-0.821126,0.202754,-0.419814,-0.064660,0.454147,0.125696
12.260772,-0.821126,0.202373,-0.419051,-0.064660,0.454147,0.125696
12.270824,-0.821126,0.201991,-0.418288,-0.064660,0.454147,0.125696
12.280876,-0.821126,0.201610,-0.417906,-0.064660,0.454147,0.125696
12.290927,-0.821126,0.201228,-0.417144,-0.064660,0.454147,0.125696
12.300979,-0.821126,0.201228,-0.416762,-0.064660,0.454147,0.125696
12.311031,-0.821126,0.200847,-0.416381,-0.064660,0.454147,0.125696
12.321083,-0.821126,0.200847,-0.415999,-0.064660,0.454147,0.129892
12.331135,-0.821126,0.200847,-0.415618,-0.064660,0.454147,0.129892
12.341187,-0.821126,0.200847,-0.415618,-0.064660,0.453765,0.129892
12.351218,-0.821126,0.200847,-0.415618,-0.064660,0.453765,0.129892
12.361270,-0.821126,0.200847,-0.415618,-0.064660,0.453765,0.129892
12.371322,-0.821126,0.200465,-0.415618,-0.064660,0.453765,0.129892
12.381387,-0.821126,0.200465,-0.415618,-0.064660,0.453765,0.129892
12.391453,-0.821126,0.200465,-0.415618,-0.064660,0.453765,0.129892
12.401515,-0.821126,0.200465,-0.415618,-0.064660,0.453765,0.129892
12.411573,-0.821126,0.200465,-0.415618,-0.064660,0.453765,0.129892
12.421637,-0.821126,0.200465,-0.415618,-0.064660,0.453765,0.129892
12.431701,-0.821126,0.200465,-0.415618,-0.064660,0.453765,0.129892
12.441763,-0.821126,0.200465,-0.415618,-0.064660,0.453765,0.129892
12.451824,-0.821126,0.200465,-0.415618,-0.064660,0.453765,0.129892
12.461888,-0.821126,0.200847,-0.415618,-0.064660,0.453765,0.129892
12.471950,-0.821126,0.200847,-0.415618,-0.064660,0.453765,0.129892
12.482012,-0.821126,0.200847,-0.415618,-0.064660,0.453765,0.129892
12.492076,-0.821126,0.200847,-0.415618,-0.064660,0.453765,0.129892
12.502142,-0.821126,0.200847,-0.415618,-0.064660,0.453765,0.129892
12.512203,-0.821126,0.200847,-0.415618,-0.064660,0.453765,0.129892
12.522229,-0.821126,0.200847,-0.415618,-0.064660,0.453765,0.129892
12.532283,-0.821126,0.200847,-0.415618,-0.064660,0.453765,0.129892
12.542346,-0.821126,0.200847,-0.415618,-0.064660,0.453765,0.129892
12.552410,-0.821126,0.200847,-0.415618,-0.064660,0.453765,0.129892
12.562471,-0.821126,0.200847,-0.415618,-0.064660,0.453765,0.129892
12.572525,-0.821126,0.200847,-0.415618,-0.064660,0.453765,0.129892
12.582586,-0.821126,0.200847,-0.415618,-0.064660,0.453765,0.129892
12.592648,-0.821126,0.200847,-0.415618,-0.064660,0.453765,0.129892
12.602701,-0.821126,0.201228,-0.415618,-0.064660,0.453765,0.129892
12.612753,-0.821126,0.201228,-0.415999,-0.064660,0.453765,0.129892
12.622809,-0.821126,0.201991,-0.415999,-0.064660,0.453765,0.129892
12.632870,-0.821126,0.201991,-0.415999,-0.064660,0.453765,0.129892
12.642930,-0.821126,0.202754,-0.416381,-0.064660,0.453765,0.129892
12.652991,-0.821126,0.203136,-0.416762,-0.064660,0.453765,0.129892
12.663054,-0.821126,0.203517,-0.416762,-0.064660,0.453765,0.129892
12.673113,-0.821126,0.204662,-0.417144,-0.064660,0.453765,0.129892
12.683174,-0.821126,0.205425,-0.417525,-0.064660,0.453765,0.129892
12.693223,-0.821126,0.206188,-0.417906,-0.064660,0.453765,0.129892
12.703287,-0.821126,0.206950,-0.418288,-0.064660,0.453765,0.129892
12.713344,-0.821126,0.208095,-0.418669,-0.064660,0.453765,0.129892
12.723406,-0.821126,0.208858,-0.419051,-0.064660,0.453765,0.129892
12.733466,-0.821126,0.210002,-0.419051,-0.064660,0.453765,0.129892
12.743518,-0.821126,0.211147,-0.419051,-0.064660,0.453765,0.129892
12.753578,-0.820745,0.212673,-0.419814,-0.064660,0.453765,0.129892
12.763639,-0.820745,0.213817,-0.420195,-0.064660,0.453765,0.129892
12.773699,-0.820363,0.215724,-0.420958,-0.064660,0.453765,0.129892
12.783762,-0.819982,0.217250,-0.421340,-0.064660,0.453765,0.129892
12.793826,-0.819219,0.219158,-0.422103,-0.064660,0.453765,0.129892
12.803885,-0.818837,0.220684,-0.422866,-0.064660,0.453765,0.129892
12.813946,-0.818074,0.222591,-0.424010,-0.064660,0.453765,0.129892
12.824011,-0.817693,0.224880,-0.424773,-0.064660,0.453765,0.129892
12.834072,-0.816930,0.227550,-0.425917,-0.064660,0.453765,0.129892
12.844134,-0.816548,0.229076,-0.427443,-0.064660,0.453765,0.129892
12.854196,-0.815785,0.231746,-0.429351,-0.064660,0.453384,0.129892
12.864258,-0.815023,0.234035,-0.430877,-0.064660,0.453384,0.129892
12.874322,-0.814641,0.236706,-0.432784,-0.064660,0.452621,0.129892
12.884383,-0.814260,0.239376,-0.433928,-0.064660,0.451858,0.129892
12.894446,-0.812734,0.242046,-0.436599,-0.064279,0.450332,0.128748
12.904509,-0.811589,0.243954,-0.438506,-0.064660,0.449950,0.128748
12.914570,-0.809300,0.247005,-0.440795,-0.064279,0.449569,0.128748
12.924637,-0.807393,0.248913,-0.443084,-0.064660,0.449187,0.128748
12.934700,-0.805486,0.251583,-0.444610,-0.064279,0.448806,0.128748
12.944765,-0.802434,0.255016,-0.446899,-0.064279,0.446899,0.128748
12.954830,-0.799763,0.256924,-0.448806,-0.064660,0.444991,0.128748
12.964894,-0.795949,0.259976,-0.452239,-0.064279,0.439651,0.128748
12.974955,-0.792897,0.262264,-0.454528,-0.064279,0.436217,0.128748
12.985017,-0.788319,0.266079,-0.457198,-0.064279,0.430114,0.124170
12.995082,-0.784504,0.268368,-0.459106,-0.064279,0.425917,0.124170
13.005147,-0.779164,0.271801,-0.462539,-0.064279,0.418669,0.124170
13.015208,-0.775731,0.274472,-0.465209,-0.064279,0.413329,0.124170
13.025230,-0.769627,0.278668,-0.468643,-0.064279,0.404173,0.124170
13.035286,-0.765431,0.280957,-0.470932,-0.064279,0.397307,0.124170
13.045350,-0.758946,0.284771,-0.474365,-0.064279,0.387770,0.124170
13.055413,-0.753986,0.287823,-0.477035,-0.064279,0.382048,0.124170
13.065473,-0.747501,0.292401,-0.481231,-0.064279,0.372892,0.124170
13.075536,-0.742924,0.295453,-0.483139,-0.064279,0.368315,0.124170
13.085600,-0.736057,0.299649,-0.486954,-0.064660,0.360304,0.124170
13.095663,-0.731098,0.303082,-0.489242,-0.064279,0.354200,0.124170
13.105726,-0.723850,0.307660,-0.493439,-0.064279,0.345426,0.124170
13.115788,-0.718509,0.310712,-0.495727,-0.064660,0.340848,0.124170
13.125851,-0.711261,0.315671,-0.498779,-0.064660,0.334363,0.109674
13.135914,-0.705921,0.318723,-0.501068,-0.064660,0.329786,0.109674
13.145977,-0.697910,0.323682,-0.505264,-0.064660,0.322919,0.109674
13.156041,-0.692569,0.327497,-0.507172,-0.064660,0.318723,0.109674
13.166103,-0.684558,0.332456,-0.509842,-0.064660,0.311856,0.109674
13.176165,-0.679217,0.335508,-0.512131,-0.064660,0.307279,0.109674
13.186235,-0.671206,0.340848,-0.515564,-0.064660,0.299268,0.109674
13.196297,-0.665103,0.343900,-0.517853,-0.064660,0.293927,0.109674
13.206361,-0.657092,0.349241,-0.520523,-0.064660,0.287060,0.109674
13.216396,-0.651369,0.353056,-0.522431,-0.064660,0.282483,0.109674
13.226449,-0.645647,0.356489,-0.524338,-0.064660,0.277142,0.109674
13.236500,-0.637255,0.361830,-0.527390,-0.064660,0.269131,0.109674
13.246564,-0.631533,0.365644,-0.529679,-0.064660,0.263790,0.109674
13.256628,-0.622759,0.370985,-0.532349,-0.064660,0.254635,0.109674
13.266681,-0.616655,0.374800,-0.533875,-0.065042,0.248531,0.109674
13.276733,-0.608263,0.380522,-0.536545,-0.065805,0.239376,0.082971
13.286786,-0.602159,0.384337,-0.538071,-0.066949,0.234035,0.082971
13.296838,-0.593767,0.390440,-0.539979,-0.067712,0.226024,0.082971
13.306890,-0.588045,0.394255,-0.541886,-0.068856,0.220302,0.082971
13.316943,-0.579271,0.399977,-0.543412,-0.070764,0.211147,0.082971
13.326995,-0.573548,0.404555,-0.544556,-0.072671,0.205043,0.082971
13.337047,-0.565156,0.410277,-0.546082,-0.075341,0.197032,0.082971
13.347099,-0.559815,0.414855,-0.546845,-0.077630,0.192073,0.082971
13.357150,-0.551423,0.420958,-0.548371,-0.081445,0.184825,0.082971
13.367202,-0.546082,0.424773,-0.548753,-0.084497,0.180247,0.082971
13.377219,-0.538071,0.430877,-0.549897,-0.089075,0.172999,0.082971
13.387271,-0.532731,0.435073,-0.549897,-0.092508,0.168040,0.082971
13.397324,-0.525101,0.441558,-0.550660,-0.097086,0.160410,0.082971
13.407377,-0.519760,0.445754,-0.551041,-0.100519,0.155833,0.082971
13.417430,-0.512512,0.451858,-0.552186,-0.105859,0.149729,0.082971
13.427482,-0.507172,0.456054,-0.552186,-0.108911,0.145914,0.082971
13.437536,-0.500305,0.462539,-0.552949,-0.113870,0.139429,0.082971
13.447589,-0.495346,0.466735,-0.553712,-0.117304,0.134852,0.082971
13.457641,-0.488098,0.473220,-0.554475,-0.122644,0.127985,0.082971
13.467693,-0.483520,0.477417,-0.554856,-0.126078,0.124170,0.082971
13.477779,-0.477035,0.483902,-0.554856,-0.132181,0.117685,0.082971
13.487831,-0.472076,0.487716,-0.555238,-0.136759,0.113107,0.082971
13.497883,-0.467880,0.491913,-0.555238,-0.141718,0.109293,0.082971
13.507935,-0.461395,0.497635,-0.554856,-0.148966,0.103952,0.082971
13.517987,-0.457198,0.502213,-0.554856,-0.153544,0.100900,0.082971
13.528040,-0.451095,0.507935,-0.554856,-0.160792,0.095560,0.082971
13.538092,-0.446899,0.511749,-0.554856,-0.165751,0.091745,0.082971
13.548144,-0.441176,0.517853,-0.554856,-0.173381,0.085260,0.082971
13.558195,-0.437743,0.522049,-0.554856,-0.178340,0.081445,0.082971
13.568228,-0.432021,0.527771,-0.554856,-0.186351,0.076867,0.082971
13.578280,-0.428206,0.531586,-0.554475,-0.191310,0.073816,0.082971
13.588332,-0.423247,0.536927,-0.554475,-0.199321,0.069619,0.082971
13.598384,-0.419814,0.541123,-0.554093,-0.204662,0.066567,0.082971
13.608436,-0.415236,0.546464,-0.553712,-0.213054,0.061227,0.082971
13.618488,-0.412184,0.549516,-0.553712,-0.218395,0.058556,0.082971
13.628541,-0.407607,0.555238,-0.552949,-0.227169,0.055123,0.082971
13.638595,-0.404936,0.558671,-0.552567,-0.232891,0.053597,0.082971
13.648647,-0.401503,0.563249,-0.551423,-0.242046,0.051308,0.082971
13.658699,-0.398451,0.566300,-0.550660,-0.248531,0.049020,0.082971
13.668752,-0.395018,0.570878,-0.549134,-0.257687,0.045586,0.082971
13.678806,-0.392348,0.573548,-0.547227,-0.264172,0.043679,0.082971
13.688857,-0.389677,0.577363,-0.545319,-0.273709,0.039864,0.082971
13.698916,-0.387007,0.579652,-0.543412,-0.279812,0.038338,0.082971
13.708979,-0.383955,0.583085,-0.540360,-0.289349,0.035286,0.082971
13.719039,-0.382048,0.584993,-0.538453,-0.295834,0.033379,0.082971
13.729094,-0.379759,0.586900,-0.536545,-0.301938,0.031090,0.082971
13.739155,-0.377470,0.589952,-0.531968,-0.311093,0.029183,0.082971
13.749220,-0.376326,0.591859,-0.529297,-0.317197,0.029183,0.082971
13.759281,-0.374418,0.594530,-0.525864,-0.326734,0.029183,0.082971
13.769344,-0.372892,0.595674,-0.522431,-0.332456,0.029183,0.082971
13.779407,-0.370985,0.596818,-0.517853,-0.340848,0.029183,0.082971
13.789467,-0.369841,0.598344,-0.514420,-0.346571,0.028801,0.082971
13.799530,-0.368315,0.600252,-0.509842,-0.354963,0.028801,0.082971
13.809594,-0.367552,0.601396,-0.506027,-0.360304,0.029183,0.082971
13.819654,-0.366407,0.602159,-0.500687,-0.368696,0.029183,0.082971
13.829718,-0.365644,0.602922,-0.496872,-0.374037,0.029183,0.082971
13.839782,-0.364881,0.604067,-0.490768,-0.381666,0.029183,0.082971
13.849844,-0.364118,0.604448,-0.486954,-0.387007,0.029183,0.082971
13.859904,-0.363737,0.605211,-0.480468,-0.394255,0.028801,0.082971
13.869968,-0.363355,0.605211,-0.476272,-0.398833,0.028801,0.082971
13.880031,-0.363355,0.605211,-0.469406,-0.405318,0.028801,0.082971
13.890092,-0.363355,0.604829,-0.464828,-0.408751,0.028801,0.082971
13.900151,-0.363355,0.604829,-0.457961,-0.414092,0.028801,0.082971
13.910213,-0.363355,0.604448,-0.453002,-0.417525,0.028801,0.082971
13.920278,-0.363355,0.603685,-0.446517,-0.421721,0.028801,0.082971
13.930340,-0.363355,0.602922,-0.441558,-0.424010,0.028801,0.082971
13.940402,-0.363737,0.601778,-0.434691,-0.427825,0.028801,0.082971
13.950453,-0.363737,0.599870,-0.429732,-0.430114,0.028801,0.082971
13.960505,-0.364118,0.598726,-0.425154,-0.432021,0.028801,0.082971
13.970557,-0.364500,0.596818,-0.417525,-0.434691,0.029183,0.082971
13.980609,-0.364881,0.594911,-0.412566,-0.436217,0.029183,0.082971
13.990661,-0.365644,0.591478,-0.405318,-0.438125,0.029183,0.082971
14.000713,-0.366407,0.589189,-0.400359,-0.439269,0.029183,0.082971
14.010762,-0.368315,0.584993,-0.392729,-0.439651,0.029183,0.082971
14.020814,-0.369841,0.581941,-0.387388,-0.440032,0.029564,0.052834
14.030866,-0.370985,0.576600,-0.380140,-0.439651,0.030709,0.052834
14.040918,-0.371748,0.572404,-0.375181,-0.439651,0.030709,0.052834
14.050969,-0.373274,0.566682,-0.367170,-0.439651,0.030327,0.052834
14.061021,-0.374800,0.561723,-0.362211,-0.439651,0.030327,0.052834
14.071073,-0.376707,0.554856,-0.354200,-0.439651,0.031090,0.052834
14.081125,-0.378233,0.549516,-0.349622,-0.439651,0.031090,0.052834
14.091175,-0.381666,0.541505,-0.341611,-0.438888,0.032616,0.052834
14.101237,-0.383574,0.535401,-0.337034,-0.438888,0.034524,0.052834
14.111296,-0.387770,0.525864,-0.329404,-0.438888,0.037575,0.052834
14.121358,-0.390440,0.519379,-0.324826,-0.438506,0.040246,0.052834
14.131420,-0.395399,0.509079,-0.317960,-0.438125,0.044442,0.052834
14.141483,-0.398833,0.501831,-0.313764,-0.436599,0.047494,0.052834
14.151547,-0.404173,0.490768,-0.307660,-0.433928,0.052834,0.052834
14.161612,-0.408751,0.482376,-0.303845,-0.431258,0.057412,0.052834
14.171666,-0.414855,0.470169,-0.299268,-0.426680,0.065805,0.052834
14.181728,-0.419814,0.461395,-0.295834,-0.422484,0.071527,0.052834
14.191791,-0.424773,0.453002,-0.292782,-0.418288,0.077630,0.052834
14.201855,-0.432021,0.440032,-0.288968,-0.410658,0.086786,0.052834
14.211922,-0.437362,0.430495,-0.286679,-0.404936,0.093271,0.052834
14.221986,-0.445373,0.417144,-0.283246,-0.395399,0.102808,0.052834
14.232048,-0.451095,0.408370,-0.280957,-0.388533,0.110056,0.052834
14.242111,-0.459487,0.393874,-0.278286,-0.378614,0.121118,0.052834
14.252171,-0.465209,0.384337,-0.276761,-0.370985,0.128748,0.052834
14.262232,-0.475128,0.369078,-0.274853,-0.359541,0.139429,0.052834
14.272296,-0.481231,0.359541,-0.273709,-0.351911,0.146296,0.052834
14.282361,-0.491150,0.345808,-0.272183,-0.340467,0.155833,0.052834
14.292425,-0.498016,0.336271,-0.271420,-0.332456,0.163081,0.052834
14.302486,-0.508698,0.322538,-0.270657,-0.320249,0.174525,0.052834
14.312550,-0.515946,0.313764,-0.270275,-0.312619,0.181392,0.052834
14.322611,-0.527008,0.300412,-0.269894,-0.300412,0.192073,0.052834
14.332667,-0.534638,0.292401,-0.269894,-0.292020,0.199702,0.011254
14.342731,-0.546082,0.280194,-0.269894,-0.279812,0.210765,0.011254
14.352793,-0.553712,0.272564,-0.269894,-0.271801,0.218013,0.011254
14.362853,-0.565919,0.261501,-0.269894,-0.260357,0.229076,0.011254
14.372915,-0.574693,0.254635,-0.269894,-0.252728,0.236706,0.011254
14.382968,-0.586900,0.244717,-0.270275,-0.241283,0.248150,0.011254
14.393029,-0.594911,0.238231,-0.270275,-0.234417,0.256161,0.011254
14.403091,-0.603304,0.232128,-0.270657,-0.227169,0.264553,0.011254
14.413151,-0.615892,0.223735,-0.270657,-0.216869,0.276761,0.011254
14.423212,-0.625429,0.218395,-0.271038,-0.210002,0.284771,0.011254
14.433277,-0.638018,0.211147,-0.271801,-0.200084,0.298123,0.011254
14.443342,-0.647173,0.206569,-0.271801,-0.193217,0.306897,0.011254
14.453403,-0.660143,0.200465,-0.272946,-0.183680,0.319486,0.011254
14.463467,-0.668917,0.197414,-0.274090,-0.177577,0.327878,0.011254
14.473529,-0.681888,0.192454,-0.275998,-0.168803,0.340467,0.011254
14.483590,-0.690280,0.189784,-0.277142,-0.162699,0.348859,0.011254
14.493643,-0.702869,0.186732,-0.279812,-0.153925,0.360685,0.011254
14.503697,-0.711643,0.185206,-0.281338,-0.148203,0.368315,0.011254
14.513758,-0.723850,0.183299,-0.284390,-0.140574,0.378996,0.011254
14.523820,-0.731479,0.181773,-0.286679,-0.135615,0.385863,0.011254
14.533881,-0.742542,0.181392,-0.290112,-0.129129,0.396162,0.011254
14.543942,-0.749790,0.181010,-0.293164,-0.124933,0.402647,0.011254
14.554002,-0.759709,0.181010,-0.296979,-0.119211,0.411421,0.011254
14.564064,-0.766194,0.181010,-0.300031,-0.115396,0.416381,0.011254
14.574125,-0.775349,0.181392,-0.304227,-0.110437,0.422866,0.011254
14.584188,-0.781071,0.181773,-0.308042,-0.107385,0.427825,0.011254
14.594238,-0.788701,0.182536,-0.312619,-0.102808,0.433928,0.011254
14.604299,-0.793278,0.182918,-0.316052,-0.100137,0.436599,0.011254
14.614360,-0.797475,0.183680,-0.319867,-0.097086,0.438506,0.011254
14.624425,-0.802815,0.185206,-0.325208,-0.093271,0.440414,0.011254
14.634486,-0.806249,0.186732,-0.329023,-0.090982,0.441939,0.011254
14.644547,-0.810063,0.188640,-0.335126,-0.087930,0.444610,0.011254
14.654607,-0.812352,0.190547,-0.339704,-0.086023,0.446136,0.011254
14.664670,-0.814641,0.193599,-0.346189,-0.083352,0.446517,0.011254
14.674733,-0.816167,0.196269,-0.350767,-0.081827,0.446136,0.011254
14.684792,-0.817311,0.199702,-0.358396,-0.078775,0.446517,0.070382
14.694856,-0.817311,0.202754,-0.362593,-0.077630,0.446517,0.070382
14.704914,-0.816930,0.206569,-0.370603,-0.075723,0.446136,0.070382
14.714976,-0.816548,0.209621,-0.375181,-0.074960,0.446517,0.070382
14.725035,-0.815404,0.215343,-0.382811,-0.073434,0.446517,0.070382
14.735098,-0.814260,0.218395,-0.387388,-0.072290,0.446136,0.126841
14.745159,-0.811208,0.224117,-0.396162,-0.070764,0.446136,0.126841
14.755221,-0.808919,0.228695,-0.401122,-0.070001,0.444991,0.126841
14.765281,-0.805486,0.234417,-0.408751,-0.069238,0.442702,0.126841
14.775342,-0.802434,0.238994,-0.414092,-0.068475,0.441558,0.126841
14.785406,-0.797093,0.245861,-0.422103,-0.067712,0.438506,0.126841
14.795467,-0.793278,0.250057,-0.427443,-0.066949,0.434310,0.126841
14.805527,-0.786030,0.256924,-0.435073,-0.066186,0.427062,0.126841
14.815587,-0.780690,0.261501,-0.440032,-0.065423,0.421721,0.126841
14.825649,-0.775349,0.266461,-0.445754,-0.065423,0.415618,0.126841
14.835715,-0.766194,0.273709,-0.452621,-0.065423,0.406462,0.126841
14.845780,-0.759709,0.278668,-0.457961,-0.065423,0.398451,0.126841
14.855841,-0.749790,0.285916,-0.464446,-0.065423,0.385481,0.126841
14.865902,-0.742542,0.290875,-0.469787,-0.065423,0.376326,0.126841
14.875961,-0.731861,0.298123,-0.476272,-0.065423,0.361830,0.126841
14.886014,-0.724613,0.303464,-0.480850,-0.065423,0.351911,0.126841
14.896079,-0.713550,0.310330,-0.486954,-0.065423,0.337415,0.126841
14.906140,-0.705921,0.315671,-0.491150,-0.065423,0.327878,0.126841
14.916203,-0.694476,0.322919,-0.497253,-0.065423,0.314145,0.126841
14.926256,-0.687228,0.328260,-0.501068,-0.065423,0.304990,0.126841
14.936310,-0.675784,0.335126,-0.506790,-0.065805,0.291257,0.126841
14.946363,-0.668154,0.340467,-0.509842,-0.065805,0.283246,0.126841
14.956415,-0.657092,0.347333,-0.514801,-0.065805,0.271801,0.126841
14.966467,-0.649844,0.352674,-0.518616,-0.066186,0.264553,0.126841
14.976519,-0.638399,0.359541,-0.522812,-0.066567,0.254635,0.126841
14.986573,-0.631151,0.364500,-0.525864,-0.066567,0.247768,0.126841
14.996626,-0.620470,0.371748,-0.530060,-0.066567,0.238231,0.126841
15.006677,-0.613222,0.376326,-0.532731,-0.066949,0.232891,0.126841
15.016728,-0.602922,0.383574,-0.536164,-0.066949,0.224880,0.126841
15.026780,-0.596056,0.388151,-0.538453,-0.068093,0.219539,0.126841
15.036832,-0.585374,0.395399,-0.541505,-0.070764,0.211910,0.126841
15.046884,-0.578508,0.399977,-0.543030,-0.072671,0.207332,0.126841
15.056938,-0.572404,0.404936,-0.544175,-0.074960,0.203136,0.126841
15.066990,-0.562867,0.411803,-0.546082,-0.078775,0.195888,0.126841
15.077042,-0.556382,0.416762,-0.547227,-0.081827,0.191310,0.126841
15.087094,-0.546845,0.423629,-0.548753,-0.086786,0.184062,0.126841
15.097146,-0.540742,0.428206,-0.549134,-0.090219,0.179484,0.126841
15.107198,-0.531968,0.435073,-0.550278,-0.095560,0.172236,0.126841
15.117218,-0.526246,0.440032,-0.551041,-0.098993,0.167277,0.126841
15.127270,-0.517853,0.446517,-0.552186,-0.104334,0.159648,0.126841
15.137322,-0.512894,0.451095,-0.552567,-0.107767,0.154688,0.126841
15.147374,-0.504883,0.457961,-0.554093,-0.112726,0.147822,0.126841
15.157426,-0.499924,0.462158,-0.554475,-0.115778,0.143244,0.126841
15.167478,-0.492676,0.469024,-0.555238,-0.121118,0.135615,0.126841
15.177532,-0.488098,0.473220,-0.555238,-0.124552,0.130655,0.126841
15.187584,-0.481231,0.479324,-0.555619,-0.130274,0.124170,0.126841
15.197636,-0.477417,0.483520,-0.555619,-0.134470,0.119593,0.126841
15.207688,-0.470932,0.489624,-0.555619,-0.140574,0.113107,0.126841
15.217740,-0.466735,0.493057,-0.555619,-0.144388,0.109293,0.126841
15.227792,-0.461395,0.498398,-0.555619,-0.150492,0.103952,0.126841
15.237845,-0.457580,0.502594,-0.555619,-0.154688,0.101282,0.126841
15.247897,-0.452621,0.508316,-0.555619,-0.160410,0.096323,0.126841
15.257949,-0.448806,0.511368,-0.555619,-0.164225,0.092889,0.126841
15.268001,-0.443847,0.516709,-0.555619,-0.169947,0.087930,0.126841
15.278052,-0.440795,0.520523,-0.555619,-0.174144,0.084115,0.126841
15.288104,-0.435836,0.525101,-0.555619,-0.180247,0.080682,0.126841
15.298157,-0.433165,0.528534,-0.555238,-0.184443,0.078393,0.126841
15.308292,-0.428588,0.533112,-0.555238,-0.190547,0.074578,0.126841
15.318345,-0.426299,0.535782,-0.555238,-0.194743,0.073053,0.126841
15.328397,-0.423629,0.539216,-0.554856,-0.198558,0.071145,0.126841
15.338449,-0.419814,0.543412,-0.554475,-0.205043,0.067712,0.126841
15.348501,-0.417525,0.546082,-0.554475,-0.208858,0.065805,0.126841
15.358554,-0.414092,0.549897,-0.554093,-0.214961,0.063516,0.126841
15.368606,-0.411421,0.552567,-0.554093,-0.219158,0.062371,0.126841
15.378657,-0.408370,0.556382,-0.553712,-0.225643,0.060082,0.126841
15.388709,-0.406462,0.558671,-0.553330,-0.229458,0.057794,0.126841
15.398762,-0.403410,0.561723,-0.552567,-0.235943,0.055123,0.126841
15.408813,-0.401503,0.564393,-0.552186,-0.240139,0.054742,0.126841
15.418865,-0.399214,0.567445,-0.551804,-0.246624,0.053979,0.126841
15.428917,-0.397688,0.569352,-0.551423,-0.251202,0.052834,0.126841
15.438969,-0.394636,0.571641,-0.550278,-0.257305,0.050927,0.126841
15.449022,-0.393111,0.573548,-0.549134,-0.261501,0.048638,0.126841
15.459073,-0.391203,0.576219,-0.547608,-0.267605,0.045968,0.124552
15.469125,-0.389677,0.577745,-0.546845,-0.271420,0.044442,0.113489
15.479177,-0.387007,0.580415,-0.544938,-0.277142,0.042916,0.113489
15.489218,-0.385863,0.581559,-0.543412,-0.280957,0.040246,0.113489
15.499270,-0.383955,0.582704,-0.541505,-0.286297,0.036812,0.113489
15.509322,-0.382429,0.583467,-0.539979,-0.290112,0.034524,0.113489
15.519374,-0.380903,0.584993,-0.537690,-0.295071,0.030709,0.113489
15.529426,-0.379759,0.586137,-0.536164,-0.298123,0.029564,0.113489
15.539478,-0.378614,0.588045,-0.533494,-0.303464,0.029564,0.113489
15.549530,-0.378233,0.589189,-0.531586,-0.306897,0.029564,0.113489
15.559582,-0.377089,0.590333,-0.528916,-0.311475,0.029564,0.113489
15.569635,-0.376326,0.591096,-0.527390,-0.314908,0.029564,0.113489
15.579743,-0.375563,0.592622,-0.524720,-0.319104,0.029564,0.113489
15.589795,-0.374800,0.593385,-0.522812,-0.321775,0.029564,0.113489
15.599847,-0.373655,0.594148,-0.521286,-0.324445,0.029564,0.113489
15.609899,-0.372511,0.594911,-0.518616,-0.328641,0.029564,0.113489
15.619951,-0.371748,0.595293,-0.516709,-0.330930,0.029564,0.113489
15.630003,-0.369841,0.596056,-0.514420,-0.334745,0.029564,0.113489
15.640055,-0.369459,0.596818,-0.512512,-0.337034,0.029564,0.113489
15.650107,-0.368696,0.597963,-0.509461,-0.339704,0.029564,0.113489
15.660158,-0.367933,0.598726,-0.507553,-0.341993,0.029564,0.113489
15.670210,-0.367552,0.599870,-0.505264,-0.345045,0.029564,0.113489
15.680261,-0.367552,0.600633,-0.502976,-0.347333,0.029564,0.113489
15.690314,-0.367170,0.601778,-0.500305,-0.350385,0.029564,0.113489
15.700366,-0.366789,0.602541,-0.498398,-0.351911,0.029183,0.113489
15.710418,-0.366789,0.604067,-0.495346,-0.354963,0.028801,0.113489
15.720470,-0.366407,0.604829,-0.493439,-0.356489,0.028420,0.113489
15.730523,-0.366407,0.605211,-0.490768,-0.359159,0.028038,0.113489
15.740575,-0.366026,0.605211,-0.488861,-0.360685,0.027657,0.113489
15.750627,-0.366026,0.605592,-0.485809,-0.362593,0.026131,0.113489
15.760677,-0.365644,0.606355,-0.483902,-0.364118,0.024987,0.113489
15.770730,-0.364881,0.606737,-0.480850,-0.366789,0.023079,0.113489
15.780781,-0.364500,0.607118,-0.478943,-0.368315,0.021935,0.113489
15.790834,-0.363737,0.607118,-0.476272,-0.370222,0.021172,0.113489
15.800898,-0.363737,0.607118,-0.474365,-0.370985,0.020790,0.113489
15.810951,-0.363355,0.607500,-0.471695,-0.372511,0.020790,0.113489
15.821002,-0.363355,0.607500,-0.469787,-0.373655,0.020790,0.113489
15.831055,-0.363355,0.607118,-0.467498,-0.374800,0.020790,0.004005
15.841108,-0.362974,0.607118,-0.465972,-0.375181,0.020790,0.004005
15.851159,-0.362974,0.607118,-0.464828,-0.375944,0.020790,0.004005
15.861211,-0.362593,0.607118,-0.462539,-0.376707,0.020790,0.004005
15.871218,-0.362593,0.607118,-0.461395,-0.377852,0.020790,0.004005
15.881228,-0.362593,0.607118,-0.459106,-0.380140,0.020790,0.004005
15.891280,-0.362593,0.607118,-0.457961,-0.381666,0.020790,0.004005
15.901332,-0.362593,0.607118,-0.456054,-0.383574,0.020409,0.004005
15.911384,-0.362593,0.607118,-0.454528,-0.385100,0.020409,0.004005
15.921437,-0.362593,0.607118,-0.453002,-0.387007,0.020409,0.003624
15.931489,-0.362593,0.607118,-0.452239,-0.387388,0.020409,0.003624
15.941541,-0.362593,0.607118,-0.451095,-0.387770,0.020409,0.003624
15.951595,-0.362593,0.607118,-0.450332,-0.387770,0.019646,0.003624
15.961647,-0.362593,0.607118,-0.449569,-0.387770,0.018120,0.003624
15.971699,-0.362593,0.607118,-0.449187,-0.387770,0.017739,0.003624
15.981751,-0.362593,0.607118,-0.448043,-0.387770,0.016976,0.003624
15.991803,-0.362593,0.607118,-0.447280,-0.387770,0.016213,0.003624
