t,q1,q2,q3,q4,q5,q6
0.000000,0.010888,-0.004891,0.029870,0.048562,-0.001717,-0.005531
0.010060,0.010888,-0.004891,0.029870,0.048562,-0.001717,-0.005531
0.020114,0.010888,-0.004891,0.029870,0.048562,-0.001717,-0.005531
0.030165,0.010888,-0.004891,0.029870,0.048562,-0.001717,-0.005531
0.040229,0.010888,-0.004891,0.029870,0.048562,-0.001717,-0.005531
0.050283,0.010888,-0.004891,0.029870,0.048562,-0.001717,-0.005531
0.060347,0.010888,-0.004891,0.029870,0.048562,-0.001717,-0.005531
0.070411,0.010888,-0.004891,0.029870,0.048562,-0.001717,-0.005531
0.080473,0.010888,-0.004891,0.029870,0.048562,-0.001717,-0.005531
0.090536,0.010888,-0.004891,0.029870,0.048562,-0.001717,-0.005531
0.100600,0.010888,-0.004891,0.029870,0.048562,-0.001717,-0.005531
0.110755,0.010888,-0.004891,0.029870,0.048562,-0.001717,-0.005531
0.120812,0.010888,-0.004891,0.029870,0.048562,-0.001717,-0.005531
0.130864,0.010888,-0.004891,0.029870,0.048562,-0.001717,-0.005531
0.140924,0.010888,-0.004891,0.029870,0.048562,-0.001717,-0.005531
0.150984,0.010888,-0.004891,0.029870,0.048562,-0.001717,-0.005531
0.161037,0.010888,-0.004891,0.029870,0.048562,-0.001717,-0.005531
0.171101,0.010888,-0.004891,0.029870,0.048562,-0.001717,-0.005531
0.181167,0.010888,-0.004891,0.029870,0.048562,-0.001717,-0.005531
0.191228,0.010888,-0.004891,0.029870,0.048562,-0.001717,-0.005531
0.201283,0.010888,-0.004891,0.029870,0.048562,-0.001717,-0.005531
0.211346,0.010888,-0.004891,0.029870,0.048562,-0.001717,-0.005531
0.221414,0.010888,-0.004891,0.029870,0.048562,-0.001717,-0.005531
0.231469,0.010888,-0.004891,0.029870,0.048562,-0.001717,-0.005531
0.241522,0.010888,-0.004891,0.029870,0.048562,-0.001717,-0.005531
0.251574,0.010888,-0.004891,0.029870,0.048562,-0.001717,-0.005531
0.261626,0.010888,-0.004891,0.029870,0.048562,-0.001717,-0.005531
0.271678,0.010888,-0.004891,0.029870,0.048562,-0.001717,-0.005531
0.281731,0.010888,-0.004894,0.029895,0.048540,-0.001717,-0.005531
0.291785,0.010888,-0.004898,0.029942,0.048497,-0.001717,-0.005531
0.301837,0.010888,-0.004903,0.029993,0.048451,-0.001717,-0.005531
0.311888,0.010888,-0.004909,0.030049,0.048401,-0.001717,-0.005531
0.321942,0.010888,-0.004914,0.030105,0.048350,-0.001717,-0.005531
0.331994,0.010888,-0.004920,0.030166,0.048295,-0.001717,-0.005531
0.342046,0.010888,-0.004926,0.030231,0.048236,-0.001717,-0.005532
0.352099,0.010888,-0.004933,0.030301,0.048173,-0.001717,-0.005532
0.362151,0.010889,-0.004940,0.030375,0.048105,-0.001717,-0.005532
0.372204,0.010889,-0.004947,0.030450,0.048038,-0.001718,-0.005532
0.382233,0.010889,-0.004954,0.030534,0.047962,-0.001718,-0.005532
0.392294,0.010889,-0.004962,0.030618,0.047885,-0.001718,-0.005532
0.402354,0.010890,-0.004971,0.030707,0.047804,-0.001718,-0.005532
0.412417,0.010890,-0.004979,0.030802,0.047719,-0.001719,-0.005532
0.422471,0.010890,-0.004988,0.030901,0.047628,-0.001719,-0.005532
0.432523,0.010891,-0.004998,0.031005,0.047534,-0.001720,-0.005532
0.442575,0.010891,-0.005007,0.031114,0.047434,-0.001720,-0.005532
0.452626,0.010892,-0.005017,0.031229,0.047330,-0.001721,-0.005532
0.462679,0.010893,-0.005028,0.031348,0.047221,-0.001721,-0.005533
0.472741,0.010894,-0.005039,0.031472,0.047108,-0.001722,-0.005533
0.482808,0.010894,-0.005050,0.031602,0.046989,-0.001723,-0.005533
0.492872,0.010895,-0.005061,0.031737,0.046866,-0.001724,-0.005533
0.502925,0.010897,-0.005073,0.031877,0.046737,-0.001725,-0.005534
0.513028,0.010898,-0.005085,0.032023,0.046604,-0.001726,-0.005534
0.523081,0.010899,-0.005098,0.032174,0.046465,-0.001728,-0.005534
0.533133,0.010901,-0.005110,0.032331,0.046320,-0.001729,-0.005535
0.543185,0.010903,-0.005123,0.032494,0.046171,-0.001731,-0.005535
0.553226,0.010904,-0.005137,0.032662,0.046015,-0.001733,-0.005536
0.563285,0.010907,-0.005150,0.032837,0.045854,-0.001735,-0.005536
0.573346,0.010909,-0.005164,0.033017,0.045687,-0.001737,-0.005537
0.583413,0.010911,-0.005178,0.033208,0.045511,-0.001740,-0.005538
0.593477,0.010914,-0.005192,0.033400,0.045333,-0.001742,-0.005538
0.603537,0.010917,-0.005206,0.033599,0.045149,-0.001745,-0.005539
0.613600,0.010921,-0.005221,0.033808,0.044954,-0.001748,-0.005540
0.623661,0.010924,-0.005235,0.034023,0.044754,-0.001752,-0.005541
0.633714,0.010928,-0.005250,0.034239,0.044552,-0.001756,-0.005542
0.643766,0.010932,-0.005265,0.034468,0.044339,-0.001760,-0.005543
0.653818,0.010937,-0.005280,0.034702,0.044119,-0.001764,-0.005544
0.663870,0.010942,-0.005295,0.034943,0.043893,-0.001769,-0.005545
0.673921,0.010947,-0.005310,0.035190,0.043661,-0.001774,-0.005547
0.683976,0.010953,-0.005324,0.035444,0.043421,-0.001780,-0.005548
0.694029,0.010959,-0.005339,0.035706,0.043175,-0.001786,-0.005550
0.704080,0.010966,-0.005354,0.035978,0.042917,-0.001792,-0.005552
0.714132,0.010973,-0.005368,0.036252,0.042657,-0.001799,-0.005554
0.724226,0.010981,-0.005383,0.036539,0.042385,-0.001807,-0.005556
0.734280,0.010990,-0.005397,0.036832,0.042106,-0.001815,-0.005558
0.744334,0.010999,-0.005410,0.037131,0.041820,-0.001824,-0.005560
0.754397,0.011008,-0.005424,0.037438,0.041527,-0.001833,-0.005563
0.764456,0.011018,-0.005437,0.037752,0.041226,-0.001843,-0.005565
0.774517,0.011029,-0.005449,0.038074,0.040916,-0.001853,-0.005568
0.784582,0.011041,-0.005461,0.038404,0.040599,-0.001865,-0.005571
0.794642,0.011054,-0.005473,0.038364,0.040268,-0.001877,-0.005574
0.804699,0.011067,-0.005484,0.038708,0.039935,-0.001889,-0.005578
0.814752,0.011081,-0.005494,0.039065,0.039589,-0.001903,-0.005581
0.824803,0.011096,-0.005504,0.039811,0.039234,-0.001918,-0.005585
0.834865,0.011112,-0.005513,0.039800,0.038872,-0.001933,-0.005589
0.844928,0.011129,-0.005520,0.040180,0.038501,-0.001949,-0.005594
0.854987,0.011146,-0.005527,0.040567,0.038120,-0.001966,-0.005598
0.865050,0.011185,-0.005538,0.041367,0.037331,-0.002004,-0.005608
0.875110,0.011207,-0.005542,0.041780,0.036922,-0.002025,-0.005614
0.885175,0.011229,-0.005545,0.042205,0.036499,-0.002046,-0.005620
0.895238,0.011253,-0.005546,0.042633,0.036073,-0.002069,-0.005626
0.905297,0.011278,-0.005546,0.043075,0.035631,-0.002093,-0.005632
0.915360,0.011304,-0.005544,0.043138,0.035184,-0.002119,-0.005639
0.925423,0.011332,-0.005541,0.043597,0.034722,-0.002146,-0.005646
0.935483,0.011361,-0.005536,0.044064,0.034251,-0.002174,-0.005654
0.945544,0.011392,-0.005529,0.044157,0.033769,-0.002204,-0.005662
0.955604,0.011425,-0.005521,0.044640,0.033277,-0.002235,-0.005670
0.965666,0.011459,-0.005511,0.044751,0.032775,-0.002268,-0.005679
0.975726,0.011494,-0.005498,0.044871,0.032261,-0.002303,-0.005688
0.985779,0.011532,-0.005484,0.045000,0.031736,-0.002339,-0.005698
0.995832,0.011572,-0.005467,0.045519,0.031200,-0.002377,-0.005708
1.005883,0.011613,-0.005448,0.046047,0.030653,-0.002417,-0.005719
1.015944,0.011656,-0.005426,0.046204,0.030094,-0.002459,-0.005730
1.025996,0.011702,-0.005402,0.046369,0.029523,-0.002503,-0.005742
1.036050,0.011750,-0.005375,0.046925,0.028940,-0.002549,-0.005754
1.046101,0.011800,-0.005345,0.046727,0.028345,-0.002597,-0.005767
1.056161,0.011852,-0.005313,0.046920,0.027738,-0.002648,-0.005781
1.066213,0.011907,-0.005277,0.047123,0.027118,-0.002701,-0.005795
1.076218,0.011964,-0.005238,0.047334,0.026486,-0.002756,-0.005810
1.086229,0.012023,-0.005196,0.047555,0.025842,-0.002814,-0.005825
1.096280,0.012086,-0.005150,0.047785,0.025184,-0.002874,-0.005841
1.106333,0.012151,-0.005101,0.047643,0.024514,-0.002937,-0.005858
1.116385,0.012219,-0.005048,0.048274,0.023831,-0.003002,-0.005876
1.126438,0.012290,-0.004992,0.047769,0.023135,-0.003071,-0.005894
1.136490,0.012363,-0.004931,0.047655,0.022425,-0.003142,-0.005913
1.146543,0.012059,-0.004485,0.047169,0.021702,-0.003216,-0.005933
1.156594,0.012139,-0.004415,0.047073,0.020965,-0.003294,-0.005954
1.166647,0.012223,-0.004342,0.046606,0.020215,-0.003374,-0.005976
1.176706,0.012310,-0.004264,0.046529,0.019451,-0.003458,-0.005998
1.186772,0.012400,-0.004562,0.046461,0.018672,-0.003546,-0.006022
1.196833,0.012494,-0.004475,0.046022,0.017880,-0.003637,-0.006046
1.206891,0.012592,-0.004382,0.045591,0.017074,-0.003731,-0.006071
1.216958,0.012693,-0.004284,0.045551,0.016253,-0.003829,-0.006097
1.227020,0.012799,-0.004181,0.045139,0.015417,-0.003931,-0.006125
1.237079,0.012908,-0.004073,0.045114,0.014571,-0.004036,-0.006153
1.247203,0.012640,-0.003958,0.045104,0.013704,-0.004147,-0.006182
1.257263,0.012758,-0.003838,0.045098,0.012827,-0.004260,-0.006213
1.267324,0.012880,-0.003712,0.045102,0.011934,-0.004378,-0.006245
1.277383,0.013007,-0.003580,0.044735,0.011024,-0.004501,-0.006277
1.287446,0.012757,-0.003441,0.044377,0.010480,-0.004628,-0.006311
1.297505,0.012894,-0.003296,0.044029,0.009540,-0.004760,-0.006347
1.307567,0.013035,-0.003144,0.044070,0.008584,-0.004896,-0.006383
1.317632,0.012800,-0.002985,0.043739,0.007612,-0.005038,-0.006421
1.327693,0.012951,-0.002819,0.044179,0.006624,-0.005184,-0.006460
1.337754,0.013108,-0.002647,0.043861,0.005625,-0.005335,-0.006501
1.347815,0.012889,-0.002466,0.044322,0.004603,-0.005492,-0.006543
1.357875,0.012675,-0.002279,0.044022,0.003571,-0.005653,-0.006586
1.367929,0.012848,-0.002083,0.044114,0.002520,-0.005821,-0.006631
1.377990,0.012646,-0.001879,0.043834,0.001453,-0.005994,-0.006678
1.388056,0.012068,-0.001668,0.044325,0.000368,-0.006173,-0.006726
1.398117,0.011497,-0.001448,0.044443,-0.000732,-0.006358,-0.006775
1.408177,0.010931,-0.001220,0.044184,-0.001845,-0.006548,-0.006826
1.418241,0.010372,-0.000983,0.044317,-0.002978,-0.006746,-0.006879
1.428301,0.010201,-0.000737,0.044077,-0.003747,-0.006949,-0.006933
1.438361,0.010037,-0.000481,0.043464,-0.004533,-0.007159,-0.006990
1.448423,0.010262,-0.000217,0.043621,-0.005336,-0.007376,-0.007048
1.458483,0.010111,0.000056,0.043401,-0.006533,-0.007599,-0.007108
1.468543,0.010350,0.000340,0.043954,-0.008132,-0.007830,-0.007169
1.478601,0.010596,0.000633,0.043753,-0.008986,-0.008067,-0.007233
1.488667,0.010850,0.000936,0.044321,-0.010621,-0.008313,-0.007299
1.498728,0.011111,0.001250,0.044515,-0.011891,-0.008565,-0.007366
1.508791,0.011380,0.001192,0.045094,-0.012793,-0.008824,-0.007436
1.518870,0.011657,0.001526,0.044920,-0.014479,-0.009092,-0.007508
1.528922,0.011943,0.001872,0.045516,-0.015420,-0.009368,-0.007582
1.538970,0.012237,0.002228,0.046119,-0.017141,-0.009652,-0.007658
1.549021,0.012539,0.002595,0.046343,-0.018113,-0.009944,-0.007736
1.559071,0.012850,0.002973,0.046576,-0.019487,-0.010244,-0.007816
1.569122,0.013170,0.003364,0.046435,-0.020880,-0.010554,-0.007899
1.579173,0.013500,0.003767,0.047062,-0.022290,-0.010872,-0.007985
1.589224,0.013838,0.004180,0.046548,-0.023332,-0.011199,-0.008072
1.599274,0.014186,0.004606,0.046804,-0.024014,-0.011535,-0.008162
1.609324,0.014163,0.005045,0.046304,-0.024334,-0.011881,-0.008255
1.619375,0.014530,0.005495,0.046187,-0.024666,-0.012236,-0.008350
1.629427,0.014908,0.005577,0.046078,-0.024256,-0.012601,-0.008448
1.639478,0.015296,0.006054,0.046356,-0.024247,-0.012976,-0.008548
1.649540,0.015313,0.006161,0.045491,-0.023488,-0.013360,-0.008651
1.659604,0.015722,0.006664,0.046159,-0.023895,-0.013756,-0.008376
1.669662,0.016143,0.006800,0.046069,-0.023176,-0.014162,-0.008485
1.679721,0.016575,0.006949,0.045983,-0.023238,-0.014579,-0.008597
1.689775,0.017016,0.007492,0.045898,-0.022550,-0.015006,-0.008711
1.699838,0.017471,0.008050,0.045819,-0.023028,-0.015445,-0.008829
1.709899,0.017556,0.008623,0.045744,-0.022379,-0.015514,-0.005516
1.719962,0.018033,0.009208,0.045669,-0.022506,-0.015975,-0.005640
1.730024,0.017760,0.009809,0.045600,-0.022655,-0.016448,-0.005767
1.740083,0.018262,0.010424,0.045912,-0.023198,-0.016933,-0.005896
1.750146,0.018395,0.011055,0.045848,-0.023000,-0.017430,-0.006030
1.760206,0.018543,0.011320,0.045787,-0.023583,-0.017941,-0.006167
1.770284,0.018320,0.011979,0.045725,-0.023797,-0.017700,-0.006306
1.780345,0.018493,0.012656,0.046049,-0.024795,-0.017472,-0.006450
1.790410,0.018298,0.013349,0.046756,-0.025429,-0.016877,-0.006597
1.800475,0.017735,0.014055,0.046699,-0.025313,-0.016675,-0.006747
1.810536,0.017949,0.014397,0.047026,-0.025599,-0.017251,-0.006902
1.820602,0.018176,0.014754,0.046971,-0.025897,-0.017839,-0.007059
1.830661,0.018420,0.015510,0.046918,-0.026215,-0.018442,-0.007221
1.840721,0.018678,0.015902,0.046867,-0.025026,-0.019060,-0.007387
1.850781,0.018949,0.016307,0.046812,-0.025373,-0.019691,-0.007556
1.860843,0.018856,0.016350,0.047141,-0.024597,-0.020338,-0.007729
1.870905,0.018777,0.016407,0.047467,-0.024595,-0.020998,-0.007906
1.880967,0.017952,0.016102,0.047795,-0.024613,-0.020149,-0.008088
1.891030,0.017522,0.016194,0.048500,-0.025024,-0.018551,-0.008273
1.901092,0.017111,0.016304,0.048444,-0.024692,-0.015444,-0.008463
1.911154,0.017096,0.016812,0.048765,-0.025134,-0.015404,-0.008657
1.921218,0.017099,0.016575,0.048704,-0.024450,-0.016144,-0.008855
1.931233,0.017501,0.017120,0.049405,-0.024546,-0.016900,-0.009058
1.941292,0.017537,0.016917,0.049338,-0.023888,-0.017291,-0.009265
1.951344,0.017974,0.016734,0.049269,-0.024394,-0.017699,-0.009477
1.961396,0.018045,0.016567,0.049196,-0.024146,-0.016216,-0.009693
1.971449,0.018136,0.016801,0.049502,-0.024299,-0.014752,-0.009914
1.981502,0.018243,0.017051,0.049039,-0.024079,-0.013304,-0.010139
1.991554,0.018752,0.017322,0.049337,-0.024259,-0.013783,-0.010370
2.001607,0.018897,0.017227,0.049247,-0.023685,-0.014659,-0.007172
2.011659,0.019444,0.017534,0.049536,-0.024273,-0.015175,-0.007413
2.021720,0.019246,0.017094,0.049436,-0.023725,-0.015326,-0.007658
2.031773,0.019830,0.017436,0.049330,-0.024333,-0.015877,-0.007908
2.041824,0.020055,0.017799,0.049984,-0.024958,-0.016450,-0.008164
2.051876,0.019535,0.018178,0.049866,-0.024829,-0.017421,-0.008425
2.061928,0.019801,0.018578,0.050125,-0.025478,-0.018415,-0.008692
2.071980,0.019703,0.017850,0.049613,-0.024608,-0.019045,-0.008963
2.082033,0.020011,0.017906,0.049477,-0.024899,-0.020079,-0.009241
2.092085,0.019956,0.017979,0.048949,-0.023670,-0.021131,-0.009523
2.102137,0.020307,0.018455,0.048798,-0.023981,-0.022207,-0.009812
2.112189,0.019914,0.018565,0.048636,-0.023536,-0.023301,-0.010106
2.122219,0.020309,0.019079,0.048467,-0.023867,-0.024419,-0.010406
2.132272,0.020342,0.018083,0.048669,-0.024204,-0.025557,-0.010711
2.142324,0.020780,0.018632,0.048480,-0.025312,-0.025953,-0.011023
2.152376,0.020861,0.018821,0.048664,-0.024907,-0.024467,-0.011341
2.162428,0.020582,0.019409,0.048837,-0.025652,-0.023001,-0.011664
2.172480,0.019948,0.019636,0.048239,-0.026408,-0.021179,-0.011995
2.182533,0.020480,0.019499,0.048772,-0.026787,-0.020522,-0.012331
2.192585,0.020272,0.018998,0.048531,-0.026790,-0.019125,-0.012673
2.202637,0.020473,0.019283,0.048280,-0.027568,-0.019280,-0.013022
2.212691,0.020697,0.019584,0.047635,-0.027204,-0.019457,-0.013377
2.222744,0.021330,0.019907,0.047742,-0.027232,-0.020424,-0.013740
2.232796,0.022367,0.020246,0.047835,-0.028024,-0.021794,-0.014108
2.242848,0.022666,0.020222,0.047152,-0.027676,-0.022425,-0.014483
2.252900,0.023376,0.020602,0.047220,-0.028101,-0.022703,-0.014866
2.262952,0.023727,0.020998,0.046510,-0.027381,-0.023003,-0.015254
2.273003,0.024105,0.021794,0.046168,-0.027809,-0.023711,-0.015650
2.283056,0.023750,0.021086,0.046194,-0.027101,-0.022539,-0.016053
2.293108,0.024182,0.021538,0.046205,-0.027536,-0.022536,-0.016463
2.303161,0.023878,0.021245,0.045818,-0.027210,-0.022940,-0.016880
2.313212,0.024749,0.021737,0.045800,-0.027272,-0.024518,-0.017305
2.323267,0.024120,0.021100,0.045001,-0.026951,-0.026121,-0.017737
2.333321,0.025044,0.022007,0.044949,-0.027011,-0.027368,-0.018176
2.343382,0.025618,0.022173,0.044501,-0.026313,-0.028647,-0.018623
2.353444,0.026218,0.023117,0.044416,-0.026757,-0.030331,-0.019077
2.363496,0.025702,0.022171,0.044315,-0.026436,-0.032043,-0.019539
2.373549,0.025982,0.022773,0.044197,-0.027263,-0.032642,-0.020009
2.383602,0.025906,0.022244,0.044060,-0.026559,-0.030978,-0.020487
2.393655,0.026623,0.022115,0.043905,-0.026997,-0.030486,-0.020972
2.403707,0.025843,0.021621,0.043350,-0.027051,-0.030405,-0.021465
2.413760,0.026242,0.022293,0.043159,-0.027488,-0.030738,-0.021967
2.423811,0.027049,0.022598,0.043330,-0.027918,-0.029952,-0.022476
2.433864,0.026361,0.021774,0.043099,-0.027580,-0.028051,-0.022993
2.443916,0.026851,0.022116,0.042850,-0.028005,-0.027328,-0.023519
2.453968,0.026607,0.022090,0.042199,-0.026896,-0.024724,-0.024053
2.464020,0.027155,0.022461,0.041909,-0.027306,-0.024057,-0.024595
2.474072,0.026972,0.022086,0.040835,-0.026566,-0.022276,-0.025146
2.484126,0.027970,0.022875,0.040886,-0.026968,-0.022055,-0.025706
2.494179,0.028232,0.022914,0.040152,-0.027359,-0.022242,-0.026273
2.504218,0.028526,0.022969,0.040159,-0.027741,-0.022842,-0.026849
2.514270,0.028470,0.022657,0.039763,-0.027734,-0.021564,-0.026671
2.524323,0.029209,0.023505,0.039345,-0.028481,-0.022225,-0.027264
2.534374,0.028841,0.022846,0.039287,-0.028079,-0.024066,-0.027868
2.544426,0.030027,0.023344,0.039206,-0.028426,-0.026317,-0.028479
2.554478,0.030482,0.023474,0.039102,-0.027998,-0.028597,-0.029098
2.564530,0.031732,0.023618,0.038975,-0.028704,-0.030909,-0.029727
2.574582,0.030726,0.023014,0.038825,-0.028255,-0.033253,-0.030365
2.584635,0.031666,0.023572,0.038651,-0.028941,-0.034488,-0.008887
2.594699,0.031870,0.022996,0.038454,-0.028086,-0.035370,-0.009542
2.604751,0.032108,0.023577,0.038614,-0.027979,-0.036664,-0.010207
2.614803,0.032759,0.024553,0.038368,-0.028240,-0.037608,-0.010881
2.624856,0.032298,0.024016,0.038098,-0.027343,-0.037820,-0.011563
2.634909,0.032634,0.024254,0.038185,-0.027956,-0.038828,-0.012255
2.644961,0.033007,0.024128,0.038247,-0.027413,-0.038345,-0.012957
2.655012,0.035750,0.027336,0.038296,-0.029705,-0.041281,-0.014387
2.665064,0.035453,0.026478,0.037901,-0.029109,-0.039744,-0.015115
2.675116,0.035951,0.027538,0.037862,-0.029258,-0.038620,-0.015853
2.685168,0.035719,0.027083,0.037797,-0.027863,-0.034474,-0.016600
2.695219,0.035901,0.027020,0.037325,-0.027975,-0.033793,-0.017356
2.705271,0.035357,0.026971,0.037208,-0.026927,-0.032385,-0.018122
2.715323,0.035984,0.027310,0.037066,-0.026618,-0.032529,-0.015463
2.725389,0.035498,0.026895,0.036897,-0.025527,-0.029270,-0.016246
2.735452,0.036569,0.027633,0.036320,-0.025177,-0.028329,-0.017039
2.745505,0.035763,0.027236,0.036098,-0.024042,-0.027418,-0.017840
2.755567,0.036896,0.027611,0.035469,-0.024031,-0.028825,-0.018650
2.765625,0.036152,0.027230,0.035194,-0.023234,-0.029499,-0.019469
2.775687,0.036963,0.027239,0.034893,-0.023177,-0.030201,-0.020297
2.785754,0.036660,0.027255,0.034183,-0.022334,-0.030550,-0.021134
2.795815,0.037530,0.027660,0.033828,-0.022611,-0.032072,-0.021980
2.805908,0.037284,0.026926,0.033065,-0.022101,-0.031714,-0.022834
2.815970,0.038217,0.027730,0.032274,-0.021951,-0.032152,-0.023699
2.826034,0.038786,0.028150,0.031458,-0.022152,-0.033368,-0.024569
2.836094,0.038247,0.027438,0.030614,-0.021569,-0.033477,-0.025450
2.846154,0.038875,0.028255,0.030124,-0.021721,-0.034370,-0.026338
2.856215,0.038384,0.027549,0.029227,-0.021083,-0.034523,-0.027234
2.866229,0.039445,0.027993,0.027539,-0.021563,-0.035846,-0.028138
2.876291,0.039004,0.028059,0.026588,-0.021633,-0.035666,-0.029051
2.886357,0.039731,0.028129,0.025610,-0.021676,-0.037417,-0.029971
2.896422,0.039337,0.028202,0.024605,-0.020928,-0.038045,-0.030898
2.906483,0.040492,0.028659,0.023574,-0.021297,-0.039077,-0.031833
2.916546,0.039761,0.027593,0.022898,-0.020873,-0.039366,-0.032775
2.926609,0.040196,0.028055,0.022195,-0.021183,-0.040820,-0.033725
2.936671,0.039887,0.026992,0.021465,-0.020701,-0.040004,-0.034681
2.946734,0.040742,0.027457,0.020710,-0.020953,-0.039969,-0.035644
2.956797,0.040471,0.027160,0.019929,-0.021174,-0.038807,-0.025551
2.966861,0.040980,0.027244,0.019121,-0.021747,-0.039187,-0.026527
2.976923,0.040742,0.026948,0.018288,-0.021144,-0.038057,-0.027509
2.986989,0.041282,0.026650,0.017429,-0.020893,-0.038849,-0.028497
2.997052,0.041073,0.026734,0.016544,-0.019848,-0.038128,-0.029491
3.007115,0.041634,0.027194,0.015637,-0.019913,-0.038557,-0.030488
3.017176,0.041456,0.026515,0.014700,-0.019189,-0.036339,-0.031493
3.027242,0.042421,0.026972,0.013742,-0.018811,-0.036408,-0.032500
3.037304,0.041494,0.025904,0.012759,-0.018022,-0.036492,-0.033513
3.047364,0.042864,0.026740,0.011750,-0.018346,-0.037346,-0.034531
3.057424,0.042716,0.026048,0.010718,-0.017875,-0.036682,-0.035552
3.067488,0.043336,0.026116,0.009661,-0.017372,-0.037549,-0.036577
3.077548,0.042435,0.026179,0.008581,-0.016456,-0.036130,-0.037606
3.087613,0.043063,0.026619,0.007478,-0.016271,-0.036622,-0.038637
3.097742,0.042929,0.025911,0.006352,-0.016435,-0.035590,-0.039671
3.107804,0.043178,0.026723,0.005203,-0.016186,-0.036846,-0.040707
3.117863,0.043807,0.027148,0.004032,-0.016287,-0.038482,-0.041745
3.127926,0.043281,0.026419,0.002841,-0.014828,-0.038583,-0.042783
3.137986,0.044284,0.027212,0.001627,-0.014865,-0.039449,-0.043823
3.148048,0.042994,0.026474,0.000391,-0.014871,-0.038784,-0.044864
3.158107,0.044367,0.026874,-0.000484,-0.014463,-0.039256,-0.045906
3.168170,0.043442,0.026121,-0.001762,-0.013643,-0.038958,-0.046948
3.178234,0.043653,0.026505,-0.003059,-0.013173,-0.040557,-0.047989
3.188300,0.043089,0.026119,-0.004376,-0.012290,-0.041000,-0.049030
3.198361,0.043649,0.025719,-0.005710,-0.012520,-0.041805,-0.050067
3.208424,0.042675,0.025695,-0.006684,-0.012339,-0.041839,-0.051103
3.218490,0.043212,0.026426,-0.008057,-0.012891,-0.042620,-0.052138
3.228553,0.042587,0.025621,-0.009068,-0.013412,-0.040715,-0.033716
3.238612,0.043469,0.025951,-0.010477,-0.013904,-0.040698,-0.034745
3.248673,0.041653,0.025885,-0.011900,-0.014365,-0.040273,-0.035769
3.258735,0.042491,0.025812,-0.013343,-0.014798,-0.040594,-0.036790
3.268798,0.041780,0.025728,-0.014801,-0.015203,-0.039368,-0.010341
3.278861,0.042189,0.026397,-0.016276,-0.015579,-0.040025,-0.011353
3.288924,0.041426,0.025527,-0.017765,-0.015926,-0.038748,-0.012360
3.298987,0.042155,0.026167,-0.019266,-0.016246,-0.038963,-0.013359
3.309050,0.041334,0.025273,-0.020784,-0.016539,-0.037629,-0.014354
3.319105,0.041626,0.025511,-0.021934,-0.016805,-0.037410,-0.015342
3.329163,0.040742,0.025355,-0.023479,-0.017045,-0.035633,-0.016322
3.339226,0.041343,0.025181,-0.024652,-0.017259,-0.035725,-0.017293
3.349285,0.039626,0.024616,-0.025839,-0.017448,-0.035406,-0.018258
3.359347,0.040543,0.024801,-0.027038,-0.017612,-0.035433,-0.019214
3.369407,0.039514,0.024208,-0.028248,-0.017751,-0.033517,-0.020161
3.379458,0.040347,0.024742,-0.029465,-0.017866,-0.033082,-0.021096
3.389526,0.038474,0.023356,-0.030313,-0.017959,-0.031850,-0.018972
3.399578,0.039612,0.023864,-0.031170,-0.018028,-0.031722,-0.017600
3.409632,0.039556,0.023971,-0.032033,-0.018075,-0.032310,-0.018504
3.419685,0.038698,0.022540,-0.032144,-0.018101,-0.033622,-0.019398
3.429738,0.038940,0.023001,-0.033026,-0.018106,-0.035655,-0.020281
3.439790,0.038366,0.021917,-0.032767,-0.018090,-0.035729,-0.021150
3.449842,0.038512,0.021964,-0.033280,-0.018054,-0.036144,-0.022008
3.459894,0.037467,0.021232,-0.033418,-0.017998,-0.035749,-0.022854
3.469946,0.037128,0.020860,-0.033558,-0.017924,-0.036065,-0.023684
3.479997,0.036745,0.020475,-0.033324,-0.017832,-0.034810,-0.024502
3.490051,0.036691,0.020455,-0.033476,-0.017721,-0.034650,-0.025307
3.500104,0.035436,0.019651,-0.032865,-0.017594,-0.033291,-0.026095
3.510157,0.035277,0.019977,-0.033023,-0.017451,-0.033411,-0.026870
3.520210,0.035065,0.019522,-0.032039,-0.017291,-0.030428,-0.015805
3.530228,0.034412,0.019427,-0.032580,-0.017116,-0.030440,-0.016548
3.540279,0.034089,0.018936,-0.031981,-0.016927,-0.028495,-0.017277
3.550330,0.033707,0.019567,-0.032142,-0.016342,-0.027256,-0.017989
3.560397,0.032892,0.019420,-0.031544,-0.014980,-0.023678,-0.018686
3.570459,0.033160,0.019633,-0.032087,-0.014368,-0.023856,-0.019366
3.580522,0.032231,0.019448,-0.031869,-0.012980,-0.023984,-0.020030
3.590586,0.032390,0.019626,-0.032032,-0.011962,-0.024438,-0.020678
3.600715,0.031342,0.018637,-0.031044,-0.010933,-0.024071,-0.021308
3.610768,0.031766,0.019157,-0.031584,-0.010274,-0.024795,-0.021922
3.620826,0.032129,0.019655,-0.032117,-0.009605,-0.025461,-0.022517
3.630879,0.030912,0.019755,-0.031506,-0.008544,-0.025693,-0.023096
3.640931,0.031158,0.019450,-0.031269,-0.008237,-0.027391,-0.023657
3.650982,0.030206,0.019510,-0.031031,-0.007920,-0.029037,-0.013138
3.661046,0.029955,0.019928,-0.031166,-0.007596,-0.029861,-0.013664
3.671107,0.029268,0.019184,-0.030155,-0.007263,-0.028726,-0.014173
3.681160,0.028902,0.018799,-0.030280,-0.006924,-0.028676,-0.014663
3.691213,0.027336,0.018778,-0.029638,-0.006576,-0.027048,-0.015136
3.701265,0.027618,0.019497,-0.029749,-0.006223,-0.025362,-0.015591
3.711317,0.026698,0.018668,-0.028709,-0.005863,-0.022858,-0.016029
3.721370,0.025724,0.018585,-0.028808,-0.005497,-0.022592,-0.016449
3.731424,0.025454,0.018479,-0.028516,-0.005126,-0.021124,-0.016852
3.741476,0.025513,0.018737,-0.028599,-0.005130,-0.021132,-0.017237
3.751537,0.024369,0.017826,-0.027908,-0.004368,-0.020703,-0.017605
3.761597,0.024318,0.017661,-0.027592,-0.004363,-0.020986,-0.017956
3.771649,0.023828,0.017472,-0.026882,-0.003592,-0.021215,-0.010278
3.781701,0.024048,0.018024,-0.026925,-0.003581,-0.021775,-0.010213
3.791754,0.023453,0.017796,-0.026198,-0.003183,-0.022285,-0.010513
3.801807,0.022805,0.017163,-0.026602,-0.002784,-0.022362,-0.010796
3.811859,0.022487,0.017271,-0.026994,-0.002382,-0.022390,-0.011063
3.821912,0.021738,0.017362,-0.026615,-0.001976,-0.022371,-0.011314
3.831964,0.021319,0.017430,-0.026222,-0.001569,-0.023066,-0.011548
3.842016,0.020851,0.017094,-0.025435,-0.001160,-0.023331,-0.011767
3.852068,0.020336,0.016741,-0.025784,-0.000748,-0.023934,-0.011971
3.862118,0.020154,0.016746,-0.024972,-0.000336,-0.022964,-0.012159
3.872169,0.019926,0.017111,-0.024910,0.000078,-0.021950,-0.012332
3.882221,0.019270,0.016693,-0.024835,0.000492,-0.019748,-0.012491
3.892273,0.018953,0.016639,-0.025132,0.000908,-0.019030,-0.012635
3.902325,0.018210,0.016180,-0.024649,0.001325,-0.016362,-0.006662
3.912377,0.017806,0.016463,-0.024534,0.001741,-0.014798,-0.006778
3.922433,0.016597,0.016344,-0.024022,0.002157,-0.012813,-0.006882
3.932486,0.016112,0.016205,-0.024259,0.002574,-0.012697,-0.006972
3.942552,0.015969,0.015286,-0.023722,0.002991,-0.013307,-0.007049
3.952617,0.015787,0.015107,-0.023549,0.003408,-0.013498,-0.007114
3.962676,0.015568,0.014908,-0.022979,0.003823,-0.013654,-0.007167
3.972739,0.015314,0.015071,-0.023538,0.004238,-0.013775,-0.007208
3.982803,0.015024,0.014832,-0.022937,0.004652,-0.013863,-0.007238
3.992865,0.015083,0.014956,-0.023083,0.005065,-0.013919,-0.007257
4.002879,0.014727,0.015059,-0.023213,0.005477,-0.013944,-0.007265
4.012932,0.014340,0.014388,-0.022956,0.005891,-0.013939,-0.007264
4.022989,0.014303,0.014469,-0.023079,0.006308,-0.013903,-0.007252
4.033041,0.014235,0.014160,-0.022437,0.006729,-0.013838,-0.006848
4.043102,0.014135,0.013842,-0.022558,0.007153,-0.013743,-0.006816
4.053162,0.013623,0.013133,-0.022297,0.007582,-0.013618,-0.006773
4.063226,0.013461,0.012796,-0.022417,0.008014,-0.013463,-0.006720
4.073278,0.013268,0.012450,-0.021391,0.008451,-0.013278,-0.006658
4.083331,0.013044,0.012858,-0.021890,0.008891,-0.013063,-0.006585
4.093384,0.012407,0.012493,-0.021626,0.009336,-0.012819,-0.006502
4.103436,0.012121,0.012881,-0.022123,0.009784,-0.012545,-0.006409
4.113496,0.011804,0.012878,-0.021475,0.010237,-0.012242,-0.006306
4.123560,0.011456,0.013246,-0.021588,0.010313,-0.011909,-0.006193
4.133620,0.011077,0.012842,-0.021700,0.010774,-0.011546,-0.006070
4.143679,0.010668,0.012809,-0.022193,0.011240,-0.011154,-0.005938
4.153739,0.010228,0.012385,-0.022303,0.011710,-0.010733,-0.005795
4.163798,0.009757,0.012713,-0.022411,0.012185,-0.010283,-0.005643
4.173860,0.009257,0.012649,-0.021755,0.012664,-0.009804,-0.005480
4.183924,0.008725,0.012575,-0.022241,0.013148,-0.009295,-0.005309
4.193988,0.008164,0.012490,-0.021964,0.013637,-0.008758,-0.005127
4.204049,0.007954,0.012394,-0.022447,0.014131,-0.008192,-0.004936
4.214107,0.007333,0.011906,-0.022929,0.014630,-0.007597,-0.004735
4.224173,0.006682,0.011407,-0.022265,0.015134,-0.006974,-0.004525
4.234235,0.006002,0.011279,-0.022361,0.015643,-0.006323,-0.004305
4.244294,0.005292,0.011139,-0.022456,0.016157,-0.005643,-0.004076
4.254355,0.004553,0.011369,-0.022931,0.016677,-0.004936,-0.003838
4.264414,0.003785,0.010826,-0.022640,0.017202,-0.004200,-0.003591
4.274477,0.002987,0.011033,-0.023111,0.017733,-0.003437,-0.003334
4.284543,0.002161,0.011229,-0.022816,0.018269,-0.002646,-0.003069
4.294603,0.001307,0.011413,-0.023664,0.018811,-0.001828,-0.002794
4.304664,0.000805,0.011204,-0.023365,0.019360,-0.000982,-0.002510
4.314724,-0.000106,0.010983,-0.023445,0.019914,-0.000110,-0.002218
4.324777,-0.001045,0.010368,-0.022760,0.020475,0.000790,-0.001917
4.334829,-0.002012,0.010504,-0.022835,0.021042,0.001715,-0.001608
4.344881,-0.003006,0.009865,-0.022908,0.021615,0.002668,-0.001290
4.354932,-0.004028,0.009976,-0.022598,0.022195,0.003646,-0.000963
4.364991,-0.004695,0.009693,-0.022284,0.022782,0.004269,-0.000628
4.375044,-0.006491,0.010234,-0.023557,0.023976,0.006355,0.000066
4.385108,-0.007238,0.009913,-0.023236,0.024583,0.007436,0.000426
4.395168,-0.008012,0.009960,-0.023294,0.025198,0.008543,0.000793
4.405233,-0.008429,0.009231,-0.022967,0.025820,0.009674,0.001168
4.415289,-0.009254,0.008870,-0.022637,0.026450,0.010829,0.001551
4.425365,-0.009723,0.008496,-0.021924,0.027088,0.012009,0.001941
4.435418,-0.010598,0.008490,-0.022351,0.027733,0.013213,0.002339
4.445470,-0.011498,0.008851,-0.022776,0.028386,0.014441,0.002745
4.455522,-0.012804,0.008817,-0.022435,0.029048,0.015693,0.003157
4.465574,-0.013753,0.009151,-0.022472,0.029718,0.016586,0.003577
4.475626,-0.014726,0.009471,-0.021743,0.030396,0.017884,0.004004
4.485691,-0.016104,0.009777,-0.022537,0.031082,0.018823,0.004437
4.495752,-0.017124,0.010068,-0.022183,0.031778,0.020167,0.004878
4.505813,-0.018548,0.010345,-0.022588,0.032482,0.021532,0.005325
4.515873,-0.019233,0.010227,-0.022228,0.033195,0.022919,0.005779
4.525937,-0.020321,0.010475,-0.021864,0.033917,0.023947,0.006239
4.535997,-0.021431,0.010708,-0.021497,0.034649,0.025377,0.006706
4.546056,-0.022182,0.010926,-0.021889,0.035390,0.026828,0.007179
4.556116,-0.022573,0.011130,-0.021897,0.036141,0.027919,0.007658
4.566175,-0.023367,0.011318,-0.021519,0.036901,0.029411,0.008143
4.576238,-0.023418,0.011491,-0.020756,0.037671,0.029779,0.008634
4.586303,-0.023872,0.011649,-0.020752,0.038451,0.029786,0.008749
4.596361,-0.023583,0.011410,-0.020745,0.039242,0.030194,0.009251
4.606420,-0.024077,0.011155,-0.020734,0.040042,0.031765,0.009758
4.616479,-0.024209,0.010885,-0.019956,0.040853,0.033355,0.010271
4.626541,-0.024741,0.010980,-0.019938,0.041294,0.034964,0.010789
4.636603,-0.024911,0.010296,-0.019534,0.042126,0.035828,0.006735
4.646662,-0.025863,0.010360,-0.019888,0.042969,0.035946,0.007263
4.656728,-0.026070,0.009644,-0.019095,0.043824,0.034939,0.007796
4.666789,-0.026295,0.009293,-0.019060,0.044689,0.034711,0.008334
4.676849,-0.026919,0.008927,-0.019403,0.045566,0.035263,0.008877
4.686912,-0.026416,0.008162,-0.018979,0.045691,0.033925,0.009424
4.696972,-0.027074,0.007762,-0.018931,0.045827,0.031840,0.006542
4.707034,-0.026604,0.007345,-0.017735,0.045976,0.029389,0.007097
4.717088,-0.027294,0.006530,-0.017680,0.046517,0.028480,0.007657
4.727139,-0.027238,0.006080,-0.018001,0.046308,0.027968,0.008220
4.737200,-0.027960,0.005994,-0.018318,0.047254,0.028233,0.008788
4.747259,-0.027934,0.005509,-0.018249,0.047832,0.029276,0.009359
4.757322,-0.028686,0.005389,-0.018556,0.048803,0.031097,0.009934
4.767381,-0.028308,0.005251,-0.018860,0.049787,0.031787,0.010512
4.777443,-0.029088,0.005096,-0.019158,0.050401,0.032109,0.007279
4.787494,-0.028738,0.004924,-0.019071,0.050647,0.032826,0.007864
4.797544,-0.029164,0.004734,-0.019360,0.050524,0.034700,0.008452
4.807593,-0.029222,0.004526,-0.018881,0.049270,0.036205,0.009043
4.817644,-0.029292,0.004300,-0.019160,0.049172,0.036960,0.009637
4.827698,-0.028993,0.004056,-0.018290,0.048325,0.036582,0.010234
4.837749,-0.029087,0.003795,-0.018178,0.047872,0.036979,0.010833
4.847809,-0.028812,0.003515,-0.017679,0.046288,0.034717,0.011435
4.857870,-0.029310,0.002835,-0.017939,0.046243,0.034372,0.012040
4.867933,-0.028675,0.002519,-0.017811,0.045830,0.033658,0.012647
4.877986,-0.029577,0.002566,-0.018060,0.045812,0.033716,0.009441
4.888036,-0.028963,0.002213,-0.018303,0.045426,0.031877,0.010052
4.898087,-0.029122,0.001842,-0.018160,0.045816,0.030810,0.010665
4.908137,-0.029290,0.001452,-0.018392,0.046602,0.027464,0.011280
4.918189,-0.029849,0.001043,-0.018620,0.047782,0.027178,0.011897
4.928239,-0.029272,0.000615,-0.018841,0.047832,0.026520,0.012515
4.938300,-0.030229,0.000169,-0.019057,0.048277,0.027014,0.008176
4.948359,-0.030814,-0.000296,-0.019267,0.049118,0.027135,0.008798
4.958411,-0.030643,-0.000780,-0.019090,0.048447,0.027263,0.009420
4.968464,-0.030861,-0.001283,-0.018908,0.048171,0.028162,0.010044
4.978515,-0.030704,-0.001806,-0.018719,0.047909,0.027160,0.010670
4.988568,-0.031699,-0.002347,-0.018524,0.048042,0.028454,0.011296
4.998620,-0.031175,-0.002907,-0.018324,0.047808,0.030135,0.011923
5.008673,-0.031419,-0.003487,-0.018499,0.048352,0.031823,0.012551
5.018725,-0.031670,-0.004086,-0.018667,0.048527,0.033516,0.013180
5.028777,-0.031544,-0.004323,-0.018830,0.049099,0.035215,0.013810
5.038829,-0.031042,-0.004961,-0.018986,0.050066,0.035774,0.014440
5.048881,-0.032071,-0.005618,-0.019136,0.051429,0.037101,0.015070
5.058934,-0.031578,-0.006295,-0.019279,0.052805,0.038814,0.015701
5.068985,-0.031853,-0.006991,-0.019797,0.054196,0.040913,0.013281
5.079037,-0.030987,-0.007707,-0.019546,0.055602,0.043015,0.013912
5.089090,-0.031650,-0.008061,-0.019670,0.057021,0.044740,0.009203
5.099142,-0.030791,-0.008816,-0.019405,0.058073,0.046086,0.009835
5.109194,-0.031079,-0.009590,-0.019134,0.059521,0.046673,0.010467
5.119221,-0.030607,-0.010384,-0.019237,0.060982,0.045354,0.011098
5.129273,-0.030901,-0.011198,-0.018952,0.062458,0.045183,0.011730
5.139326,-0.030815,-0.011650,-0.019423,0.063948,0.045014,0.012361
5.149378,-0.030349,-0.012122,-0.019124,0.065452,0.041795,0.012991
5.159430,-0.031030,-0.012613,-0.019200,0.066969,0.040103,0.013622
5.169482,-0.029804,-0.013124,-0.018886,0.067357,0.035361,0.014252
5.179534,-0.030486,-0.013655,-0.018565,0.067758,0.033290,0.014881
5.189587,-0.030025,-0.014206,-0.017856,0.066647,0.030076,0.015509
5.199639,-0.030327,-0.014776,-0.017520,0.066694,0.028769,0.016137
5.209691,-0.030248,-0.014984,-0.016414,0.065229,0.025174,0.016764
5.219743,-0.030932,-0.015594,-0.016064,0.064922,0.024631,0.017391
5.229796,-0.030471,-0.015841,-0.015324,0.063103,0.022561,0.018016
5.239848,-0.031153,-0.016490,-0.015340,0.062441,0.022399,0.018640
5.249898,-0.030691,-0.016014,-0.014966,0.061793,0.022617,0.019263
5.259949,-0.031371,-0.016320,-0.014966,0.062303,0.023215,0.019885
5.269998,-0.031288,-0.015883,-0.015339,0.061681,0.022668,0.020506
5.280047,-0.031584,-0.016229,-0.015705,0.061454,0.023646,0.021126
5.290098,-0.031497,-0.015831,-0.015681,0.060096,0.024622,0.021745
5.300147,-0.032170,-0.016215,-0.015267,0.059894,0.025595,0.022362
5.310196,-0.030934,-0.016237,-0.015226,0.058180,0.026948,0.022977
5.320252,-0.031603,-0.016660,-0.015177,0.057623,0.028681,0.023591
5.330304,-0.031506,-0.017102,-0.014739,0.055933,0.029647,0.024204
5.340356,-0.031406,-0.017564,-0.014673,0.056164,0.030230,0.024815
5.350404,-0.030921,-0.017281,-0.014217,0.054881,0.028902,0.025425
5.360454,-0.031578,-0.017781,-0.013753,0.054754,0.029478,0.020692
5.370504,-0.031467,-0.018299,-0.013661,0.054258,0.030051,0.021298
5.380556,-0.030972,-0.018455,-0.013561,0.053011,0.029857,0.021902
5.390608,-0.031616,-0.018630,-0.013452,0.052920,0.030803,0.022505
5.400662,-0.030731,-0.018442,-0.013715,0.053221,0.031746,0.023106
5.410711,-0.030985,-0.018653,-0.014351,0.053534,0.033066,0.023704
5.420764,-0.031235,-0.018503,-0.014596,0.053859,0.033619,0.024301
5.430816,-0.031099,-0.018751,-0.014832,0.054575,0.034167,0.024896
5.440868,-0.030957,-0.019019,-0.015059,0.054540,0.033566,0.025489
5.450921,-0.031192,-0.018923,-0.015659,0.054897,0.034486,0.026080
5.460974,-0.030277,-0.018845,-0.015867,0.054119,0.036164,0.026668
5.471025,-0.030883,-0.018785,-0.016447,0.054497,0.038218,0.027255
5.481077,-0.029957,-0.018743,-0.016637,0.054121,0.039503,0.027839
5.491130,-0.030550,-0.019100,-0.017198,0.054137,0.040402,0.012781
5.501182,-0.029994,-0.019093,-0.017750,0.054163,0.040150,0.013361
5.511233,-0.030194,-0.019485,-0.017911,0.054961,0.039893,0.013938
5.521286,-0.029625,-0.019513,-0.018443,0.054623,0.038485,0.014514
5.531338,-0.029812,-0.020321,-0.018584,0.054676,0.038978,0.015087
5.541391,-0.028848,-0.020383,-0.018715,0.053975,0.036795,0.015657
5.551443,-0.029403,-0.020844,-0.019218,0.054427,0.034986,0.016226
5.561500,-0.028807,-0.020558,-0.018947,0.054125,0.031645,0.016791
5.571553,-0.028967,-0.021052,-0.019048,0.054593,0.031349,0.017355
5.581604,-0.029501,-0.021943,-0.018758,0.055070,0.029521,0.017916
5.591668,-0.029265,-0.021707,-0.018839,0.054409,0.027304,0.018474
5.601729,-0.029022,-0.022249,-0.018527,0.054519,0.026605,0.019030
5.611789,-0.029152,-0.022426,-0.017443,0.054636,0.023992,0.019583
5.621842,-0.029656,-0.023000,-0.017111,0.055141,0.024042,0.020134
5.631894,-0.029389,-0.023208,-0.016387,0.054509,0.025229,0.020682
5.641946,-0.029878,-0.023813,-0.016034,0.055027,0.027172,0.021228
5.651998,-0.029595,-0.023288,-0.015290,0.055170,0.029107,0.021771
5.662050,-0.029686,-0.023923,-0.014915,0.055701,0.031033,0.022311
5.672103,-0.029387,-0.023810,-0.014149,0.055855,0.032952,0.022849
5.682154,-0.029842,-0.024474,-0.013754,0.057159,0.034863,0.023384
5.692207,-0.029145,-0.023626,-0.013729,0.057324,0.036766,0.023916
5.702219,-0.029584,-0.023937,-0.013311,0.057875,0.038661,0.024445
5.712228,-0.028869,-0.023499,-0.012502,0.057286,0.040548,0.024972
5.722281,-0.028528,-0.023837,-0.012444,0.057845,0.041663,0.025496
5.732334,-0.028177,-0.023045,-0.011612,0.056883,0.041244,0.026018
5.742386,-0.028581,-0.023410,-0.011533,0.057069,0.041579,0.016618
5.752493,-0.027831,-0.023406,-0.010679,0.056495,0.040761,0.017134
5.762546,-0.028217,-0.023797,-0.010195,0.056687,0.039553,0.012687
5.772606,-0.028593,-0.023819,-0.010082,0.056881,0.039100,0.013198
5.782659,-0.027053,-0.023853,-0.009194,0.055934,0.035585,0.013705
5.792712,-0.027411,-0.023899,-0.008677,0.055752,0.032825,0.014209
5.802764,-0.027760,-0.023575,-0.008148,0.055190,0.030056,0.014711
5.812815,-0.027718,-0.024408,-0.007990,0.055393,0.029567,0.015210
5.822869,-0.027666,-0.023725,-0.007820,0.055215,0.026398,0.015706
5.832921,-0.027986,-0.024198,-0.007638,0.056183,0.024746,0.016199
5.842972,-0.027153,-0.023919,-0.007826,0.057151,0.022322,0.016689
5.853024,-0.027835,-0.024032,-0.008003,0.058501,0.021033,0.017177
5.863075,-0.027364,-0.023011,-0.008169,0.058325,0.019735,0.017661
5.873124,-0.028027,-0.023907,-0.008322,0.058531,0.020716,0.018143
5.883180,-0.027918,-0.023287,-0.008464,0.058354,0.022070,0.018622
5.893230,-0.028562,-0.023821,-0.008595,0.058558,0.023414,0.019098
5.903279,-0.028051,-0.023601,-0.008713,0.057997,0.024748,0.019571
5.913338,-0.028294,-0.023771,-0.008820,0.058579,0.026073,0.020041
5.923403,-0.028145,-0.023187,-0.008915,0.058397,0.026626,0.020508
5.933462,-0.027986,-0.023756,-0.008999,0.058975,0.028313,0.009909
5.943519,-0.027436,-0.023951,-0.009070,0.058788,0.029991,0.010371
5.953578,-0.028020,-0.024535,-0.009130,0.059361,0.031278,0.008540
5.963631,-0.027450,-0.024364,-0.009178,0.058786,0.032936,0.008996
5.973683,-0.027632,-0.024964,-0.009214,0.058971,0.034585,0.009449
5.983742,-0.026660,-0.024425,-0.009238,0.059152,0.035843,0.009899
5.993794,-0.027204,-0.024657,-0.009250,0.059710,0.036709,0.010345
6.003847,-0.027356,-0.025657,-0.009250,0.060264,0.037947,0.010789
6.013896,-0.027117,-0.025520,-0.009239,0.060051,0.037650,0.011230
6.023949,-0.027248,-0.025769,-0.009215,0.060213,0.038105,0.011669
6.033999,-0.026988,-0.026024,-0.009180,0.059226,0.036262,0.012104
6.044049,-0.027100,-0.026284,-0.009132,0.059378,0.035935,0.012536
6.054098,-0.026056,-0.025024,-0.009073,0.058379,0.034072,0.012966
6.064147,-0.026147,-0.026056,-0.009001,0.058518,0.031818,0.013392
6.074195,-0.025846,-0.025949,-0.008918,0.058269,0.027265,0.013816
6.084246,-0.026298,-0.025845,-0.008822,0.058013,0.026135,0.014237
6.094306,-0.025977,-0.026127,-0.008715,0.057369,0.026140,0.014655
6.104365,-0.026408,-0.026412,-0.008595,0.057099,0.026517,0.015070
6.114425,-0.026066,-0.025556,-0.008464,0.055676,0.024976,0.015482
6.124490,-0.025713,-0.026229,-0.008320,0.055771,0.024570,0.015891
6.134551,-0.025732,-0.026141,-0.008165,0.054713,0.023391,0.016298
6.144612,-0.026122,-0.026437,-0.007998,0.055172,0.023346,0.016701
6.154670,-0.025739,-0.025972,-0.007818,0.054859,0.024436,0.017102
6.164729,-0.026108,-0.026272,-0.007627,0.054537,0.025897,0.017500
6.174792,-0.026086,-0.025810,-0.007424,0.053443,0.026968,0.017895
6.184847,-0.026435,-0.026112,-0.007209,0.053483,0.027265,0.018287
6.194896,-0.025629,-0.025652,-0.006982,0.052749,0.026026,0.013335
6.204945,-0.025576,-0.026337,-0.006743,0.053531,0.026685,0.013722
6.214994,-0.025131,-0.025878,-0.006492,0.053540,0.026189,0.014106
6.225061,-0.026499,-0.028392,-0.005955,0.055812,0.027458,0.014864
6.235120,-0.026023,-0.028313,-0.005669,0.055405,0.026551,0.015240
6.245182,-0.026300,-0.028615,-0.005370,0.055749,0.026779,0.015612
6.255299,-0.025804,-0.028153,-0.005061,0.054937,0.025853,0.015982
6.265349,-0.026061,-0.028452,-0.004739,0.054875,0.026824,0.016349
6.275398,-0.025926,-0.028750,-0.004406,0.055182,0.028167,0.016713
6.285459,-0.025399,-0.027519,-0.004061,0.054713,0.029118,0.017074
6.295520,-0.025625,-0.028194,-0.003704,0.054994,0.028916,0.017433
6.305583,-0.025078,-0.027340,-0.003336,0.054880,0.027559,0.017788
6.315643,-0.025283,-0.027628,-0.002956,0.055515,0.028481,0.018141
6.325696,-0.024716,-0.027150,-0.002565,0.055373,0.029775,0.018492
6.335756,-0.024902,-0.026668,-0.002162,0.055217,0.029915,0.018839
6.345816,-0.024314,-0.026564,-0.001747,0.054284,0.028900,0.019184
6.355875,-0.024098,-0.026838,-0.001322,0.054481,0.028639,0.019526
6.365938,-0.023490,-0.025963,-0.000884,0.053900,0.026842,0.019866
6.375999,-0.023636,-0.026229,-0.000436,0.054448,0.025036,0.020203
6.386050,-0.022627,-0.024964,0.000024,0.054600,0.023220,0.020537
6.396100,-0.023134,-0.025601,0.000495,0.055499,0.023683,0.020868
6.406150,-0.022868,-0.025089,0.000596,0.055238,0.024137,0.021197
6.416200,-0.023736,-0.025334,0.001089,0.054961,0.023818,0.013130
6.426254,-0.023450,-0.024811,0.001975,0.054286,0.023108,0.013454
6.436318,-0.023536,-0.025044,0.002491,0.054358,0.023914,0.013775
6.446377,-0.023230,-0.024128,0.003017,0.053269,0.024330,0.014093
6.456434,-0.023296,-0.024349,0.003555,0.053689,0.025117,0.014408
6.466487,-0.022971,-0.023801,0.003722,0.053330,0.025514,0.014721
6.476540,-0.023399,-0.024009,0.004281,0.053335,0.026664,0.015031
6.486593,-0.023054,-0.023447,0.004852,0.052559,0.028186,0.015339
6.496645,-0.023081,-0.023641,0.005432,0.052911,0.029317,0.015644
6.506697,-0.023099,-0.023445,0.006024,0.052482,0.030439,0.015947
6.516750,-0.023106,-0.024005,0.006626,0.052417,0.031552,0.016247
6.526803,-0.023486,-0.024176,0.007239,0.051952,0.032274,0.016544
6.536854,-0.023093,-0.023957,0.008244,0.051088,0.033368,0.016839
6.546906,-0.023072,-0.024112,0.008496,0.050968,0.034453,0.017131
6.556958,-0.023041,-0.023494,0.009140,0.050068,0.035528,0.017421
6.567009,-0.023001,-0.023631,0.009794,0.050293,0.036595,0.017708
6.577061,-0.022188,-0.023378,0.010459,0.050118,0.036889,0.017993
6.587120,-0.022129,-0.023497,0.010752,0.050687,0.037937,0.018275
6.597173,-0.022060,-0.023226,0.011437,0.050093,0.038976,0.018555
6.607219,-0.022364,-0.023707,0.012132,0.049861,0.039624,0.008533
6.617228,-0.022276,-0.023035,0.012836,0.049228,0.039119,0.008807
6.627280,-0.022180,-0.023497,0.013551,0.049340,0.038224,0.009080
6.637333,-0.021311,-0.022805,0.014276,0.048669,0.035412,0.009350
6.647384,-0.021195,-0.023248,0.015010,0.048360,0.033354,0.009617
6.657437,-0.020689,-0.022916,0.015754,0.048031,0.028617,0.009882
6.667489,-0.020555,-0.022956,0.016507,0.048445,0.025778,0.010144
6.677539,-0.020031,-0.022222,0.017271,0.048840,0.020641,0.010405
6.687592,-0.019879,-0.022622,0.017662,0.049215,0.018548,0.010662
6.697645,-0.020099,-0.022248,0.018444,0.049189,0.016827,0.010918
6.707697,-0.020310,-0.022626,0.019235,0.049523,0.016623,0.011171
6.717751,-0.021275,-0.022992,0.020035,0.049838,0.017174,0.011421
6.727803,-0.022231,-0.022203,0.020845,0.050133,0.018097,0.011669
6.737855,-0.022796,-0.022165,0.021663,0.051170,0.019012,0.011915
6.747907,-0.023734,-0.022115,0.022491,0.052187,0.019917,0.012159
6.757959,-0.023900,-0.022435,0.023327,0.053183,0.020815,0.012400
6.768010,-0.024439,-0.021980,0.024173,0.054159,0.021703,0.012639
6.778062,-0.024587,-0.022276,0.025027,0.055115,0.022583,0.012875
6.788115,-0.023963,-0.021796,0.025890,0.056050,0.023455,0.013109
6.798169,-0.023713,-0.022067,0.026761,0.056964,0.023936,0.013341
6.808228,-0.023071,-0.021182,0.027641,0.057858,0.024791,0.009374
6.818281,-0.022803,-0.021809,0.028529,0.058731,0.025637,0.009601
6.828333,-0.021763,-0.020899,0.029044,0.059583,0.025712,0.009826
6.838384,-0.021858,-0.021119,0.029949,0.060415,0.025397,0.010049
6.848444,-0.020801,-0.020946,0.030862,0.061226,0.025454,0.010270
6.858503,-0.020879,-0.020759,0.031783,0.062016,0.026267,0.010488
6.868564,-0.020949,-0.019796,0.032330,0.062785,0.027071,0.010704
6.878623,-0.021010,-0.020346,0.033267,0.063533,0.027486,0.010917
6.888687,-0.020681,-0.019357,0.034212,0.064261,0.026748,0.011129
6.898746,-0.020725,-0.019499,0.034782,0.064968,0.025620,0.011338
6.908805,-0.020379,-0.019628,0.035742,0.065654,0.024484,0.011545
6.918867,-0.020025,-0.019742,0.036710,0.066319,0.024102,0.011750
6.928940,-0.019281,-0.018699,0.037685,0.066963,0.023331,0.011952
6.938994,-0.019291,-0.018787,0.038667,0.067205,0.022552,0.012153
6.949053,-0.019293,-0.019242,0.039657,0.067808,0.021384,0.012351
6.959111,-0.018905,-0.018921,0.040654,0.068008,0.019826,0.012547
6.969164,-0.019272,-0.018967,0.041658,0.067425,0.020549,0.012741
6.979216,-0.019631,-0.018617,0.042669,0.065676,0.021263,0.012933
6.989268,-0.020363,-0.018635,0.043687,0.064288,0.021970,0.013123
6.999322,-0.020705,-0.017495,0.044711,0.062498,0.022669,0.013310
7.009374,-0.021420,-0.017103,0.045743,0.061069,0.023360,0.013495
7.019426,-0.022127,-0.016316,0.046399,0.058856,0.023662,0.009482
7.029479,-0.022826,-0.016277,0.047444,0.057767,0.024337,0.009664
7.039531,-0.022754,-0.016224,0.047732,0.056276,0.025004,0.009843
7.049584,-0.023056,-0.016539,0.048408,0.055146,0.025664,0.010020
7.059635,-0.022968,-0.016457,0.049091,0.053232,0.026316,0.010194
7.069687,-0.022872,-0.015979,0.050161,0.052442,0.026578,0.010367
7.079739,-0.022386,-0.015106,0.050855,0.050869,0.027215,0.010538
7.089802,-0.022274,-0.015744,0.051556,0.049657,0.027844,0.006892
7.099855,-0.021391,-0.015223,0.052263,0.047662,0.028465,0.007058
7.109906,-0.021263,-0.015450,0.052975,0.046791,0.029078,0.007223
7.119961,-0.019983,-0.015663,0.052930,0.045900,0.029302,0.007385
7.130025,-0.019458,-0.016242,0.053272,0.045370,0.029519,0.007545
7.140122,-0.018925,-0.016425,0.053239,0.044439,0.028965,0.007704
7.150174,-0.018766,-0.016594,0.053974,0.043869,0.028022,0.007097
7.160218,-0.018599,-0.016367,0.053951,0.044042,0.027835,0.007252
7.170270,-0.018805,-0.015361,0.053552,0.044195,0.028022,0.007404
7.180322,-0.019004,-0.015104,0.053158,0.044328,0.028582,0.007554
7.190387,-0.019196,-0.014833,0.052388,0.044442,0.028754,0.007702
7.200451,-0.019761,-0.014928,0.052386,0.044536,0.027774,0.007849
7.210503,-0.019937,-0.014627,0.051626,0.044610,0.025261,0.007993
7.220557,-0.020105,-0.015455,0.051634,0.044665,0.023503,0.008135
7.230609,-0.019884,-0.015506,0.051264,0.044701,0.019830,0.008276
7.240662,-0.019656,-0.015542,0.051281,0.044717,0.018058,0.008414
7.250713,-0.019420,-0.015181,0.050540,0.044714,0.015133,0.008551
7.260765,-0.019176,-0.014806,0.050185,0.044692,0.013728,0.008685
7.270818,-0.018544,-0.014416,0.050215,0.044651,0.011934,0.008818
7.280877,-0.018285,-0.014393,0.050250,0.044590,0.012039,0.005897
7.290931,-0.018401,-0.013974,0.049907,0.044511,0.012519,0.006025
7.300983,-0.018509,-0.014302,0.049569,0.044413,0.013374,0.006152
7.311035,-0.017847,-0.014616,0.049234,0.044297,0.013839,0.006277
7.321090,-0.017558,-0.014915,0.049667,0.044161,0.014298,0.006400
7.331151,-0.017263,-0.014818,0.049340,0.044008,0.014749,0.006521
7.341211,-0.016960,-0.015469,0.049399,0.043836,0.015194,0.006640
7.351319,-0.016650,-0.015343,0.048698,0.043645,0.015631,0.006757
7.361380,-0.016713,-0.015201,0.048764,0.043436,0.016443,0.006872
7.371439,-0.017151,-0.015045,0.049215,0.043210,0.016866,0.006986
7.381502,-0.017201,-0.013730,0.049287,0.042965,0.017282,0.007097
7.391565,-0.017624,-0.013926,0.049363,0.042702,0.017691,0.007207
7.401626,-0.018040,-0.013345,0.048680,0.042422,0.018093,0.007314
7.411687,-0.018449,-0.013130,0.048762,0.042123,0.018488,0.007420
7.421753,-0.018851,-0.012520,0.048847,0.041808,0.018495,0.007524
7.431813,-0.019246,-0.013039,0.049317,0.041474,0.018876,0.007626
7.441874,-0.019252,-0.013544,0.049027,0.041124,0.019250,0.007727
7.451934,-0.019632,-0.014034,0.049121,0.040756,0.019617,0.007825
7.461993,-0.019624,-0.014128,0.048455,0.040371,0.019978,0.007922
7.472046,-0.019609,-0.013826,0.048936,0.039969,0.020331,0.008017
7.482098,-0.019586,-0.013129,0.049038,0.039550,0.020678,0.008109
7.492151,-0.019556,-0.012798,0.049142,0.039114,0.021018,0.008201
7.502203,-0.019520,-0.012071,0.049249,0.038662,0.021351,0.008290
7.512218,-0.019476,-0.012094,0.049358,0.038193,0.021677,0.008377
7.522228,-0.019044,-0.011720,0.049469,0.037707,0.021997,0.008463
7.532280,-0.018986,-0.011713,0.049582,0.037206,0.022310,0.008547
7.542332,-0.018540,-0.010930,0.049316,0.036688,0.022615,0.008629
7.552383,-0.018087,-0.011276,0.049815,0.036153,0.022915,0.008709
7.562435,-0.017245,-0.011227,0.049171,0.035603,0.023207,0.008787
7.572486,-0.017159,-0.011164,0.049673,0.035037,0.023493,0.008864
7.582538,-0.016685,-0.011087,0.049795,0.034456,0.023772,0.008938
7.592594,-0.015823,-0.010995,0.049920,0.033858,0.024044,0.009011
7.602646,-0.015716,-0.010890,0.050427,0.033245,0.024310,0.009083
7.612698,-0.015221,-0.010389,0.050172,0.032617,0.024569,0.009152
7.622757,-0.015101,-0.010637,0.050682,0.031973,0.024821,0.009220
7.632809,-0.014974,-0.010109,0.050430,0.031315,0.025067,0.009285
7.642861,-0.015221,-0.009948,0.050943,0.030641,0.025306,0.009349
7.652912,-0.015462,-0.009773,0.050312,0.029952,0.025538,0.009412
7.662964,-0.015696,-0.009584,0.050063,0.029249,0.025764,0.009472
7.673016,-0.015922,-0.009000,0.049816,0.028531,0.025601,0.009531
7.683067,-0.016143,-0.008403,0.050332,0.027798,0.025814,0.009588
7.693120,-0.016356,-0.008173,0.050086,0.027051,0.025639,0.009643
7.703172,-0.016562,-0.008311,0.050223,0.026290,0.025456,0.006263
7.713228,-0.016762,-0.008436,0.049597,0.025515,0.025649,0.006315
7.723281,-0.016955,-0.008547,0.050116,0.024725,0.025836,0.006365
7.733334,-0.017141,-0.008263,0.050254,0.023922,0.026015,0.006413
7.743385,-0.017320,-0.008348,0.050392,0.023105,0.026189,0.006459
7.753436,-0.017493,-0.008418,0.050150,0.022274,0.024448,0.003071
7.763488,-0.017659,-0.008858,0.050289,0.021429,0.023082,0.003114
7.773653,-0.017436,-0.008902,0.050046,0.020571,0.021328,0.003155
7.783714,-0.017589,-0.008933,0.050567,0.019700,0.020331,0.003194
7.793778,-0.017734,-0.008569,0.050706,0.018816,0.020090,0.003232
7.803840,-0.017873,-0.008574,0.050464,0.017918,0.019843,0.003268
7.813901,-0.018005,-0.008566,0.050603,0.017008,0.019971,0.003302
7.823966,-0.018131,-0.008926,0.050361,0.016085,0.020092,0.003335
7.834026,-0.018249,-0.008892,0.050881,0.015149,0.020207,0.003365
7.844085,-0.018361,-0.008845,0.050256,0.014201,0.020315,0.003394
7.854145,-0.018467,-0.008785,0.050394,0.013240,0.020417,0.003422
7.864204,-0.018184,-0.008330,0.049768,0.012267,0.020512,0.003447
7.874267,-0.018276,-0.008245,0.049905,0.011282,0.020601,0.003471
7.884331,-0.017980,-0.007384,0.049278,0.010284,0.020683,0.003493
7.894393,-0.018059,-0.007273,0.049413,0.009275,0.020759,0.003513
7.904455,-0.018131,-0.006767,0.048785,0.008254,0.020829,0.003532
7.914514,-0.018196,-0.006250,0.049300,0.007221,0.020892,0.003549
7.924580,-0.017873,-0.005720,0.048669,0.006558,0.020948,0.003564
7.934641,-0.017544,-0.005177,0.048420,0.005503,0.020999,0.003578
7.944700,-0.017207,-0.005003,0.047787,0.004436,0.021042,0.003589
7.954762,-0.017246,-0.004817,0.048298,0.003357,0.021080,0.003599
7.964824,-0.016897,-0.004619,0.048045,0.002268,0.021111,0.003608
7.974885,-0.016541,-0.004790,0.048172,0.001168,0.021135,0.003614
7.984964,-0.016178,-0.004567,0.048297,0.000056,0.021153,0.003619
7.995026,-0.015814,-0.004848,0.049688,-0.002198,0.021170,0.003624
8.005090,-0.015431,-0.004971,0.050191,-0.003341,0.021169,0.003623
8.015150,-0.014660,-0.005081,0.050310,-0.004494,0.021161,0.003621
8.025217,-0.014264,-0.005180,0.051190,-0.005658,0.021147,0.003617
8.035279,-0.014243,-0.005267,0.050925,-0.006831,0.021127,0.003612
8.045339,-0.013834,-0.005341,0.051039,-0.008015,0.021100,0.003605
8.055402,-0.013799,-0.005404,0.050388,-0.009208,0.021067,0.003596
8.065461,-0.013758,-0.005456,0.050880,-0.010412,0.021027,0.003585
8.075521,-0.013710,-0.005495,0.050988,-0.011625,0.020981,0.003573
8.085586,-0.013656,-0.005523,0.051094,-0.012847,0.020928,0.003559
8.095646,-0.013595,-0.005921,0.050816,-0.014079,0.020869,0.003543
8.105704,-0.013527,-0.005926,0.050917,-0.015320,0.020804,0.003525
8.115764,-0.013453,-0.005919,0.051016,-0.016570,0.020732,0.003506
8.125830,-0.013372,-0.005901,0.051113,-0.017829,0.020654,0.003485
8.135892,-0.013284,-0.005491,0.050826,-0.019097,0.020569,0.003462
8.145952,-0.013189,-0.005831,0.050537,-0.019993,0.020478,0.003438
8.156005,-0.013088,-0.005398,0.050244,-0.021278,0.020380,0.003412
8.166057,-0.012980,-0.005335,0.050331,-0.021810,0.020276,0.003384
8.176109,-0.012866,-0.005260,0.049652,-0.021968,0.020165,0.003354
8.186167,-0.012745,-0.005175,0.049733,-0.022516,0.020048,0.003323
8.196230,-0.012617,-0.005079,0.049430,-0.022691,0.019924,0.003290
8.206282,-0.012482,-0.005353,0.049506,-0.022874,0.019794,0.003255
8.216333,-0.011959,-0.005234,0.048815,-0.022302,0.019658,0.003218
8.226385,-0.012193,-0.005105,0.048503,-0.022501,0.019515,0.003180
8.236448,-0.012038,-0.004965,0.047807,-0.022326,0.019365,0.003140
8.246500,-0.011876,-0.004432,0.048252,-0.022540,0.019209,0.003098
8.256552,-0.011708,-0.004652,0.048312,-0.022762,0.019047,0.003055
8.266605,-0.011533,-0.004098,0.047606,-0.022228,0.018878,0.003009
8.276668,-0.011351,-0.004297,0.047660,-0.022464,0.018702,0.002962
8.286732,-0.011162,-0.004103,0.047710,-0.022708,0.018520,0.002913
8.296794,-0.010967,-0.003899,0.047757,-0.022959,0.018331,0.002863
8.306856,-0.010765,-0.003685,0.047800,-0.022835,0.018136,0.002810
8.316917,-0.010556,-0.003460,0.047458,-0.022718,0.017934,0.002756
8.326980,-0.010340,-0.003224,0.046732,-0.022227,0.017725,0.002701
8.337042,-0.010118,-0.002978,0.047146,-0.022123,0.017510,0.002643
8.347105,-0.009888,-0.002722,0.046793,-0.021264,0.017289,0.002584
8.357170,-0.009652,-0.002456,0.047200,-0.021555,0.017061,0.002522
8.367231,-0.009409,-0.002180,0.046839,-0.021471,0.016826,0.002459
8.377294,-0.009159,-0.001893,0.047238,-0.021774,0.016966,0.002395
8.387358,-0.008902,-0.001597,0.046870,-0.021702,0.016718,0.002328
8.397423,-0.008638,-0.001290,0.047261,-0.021637,0.016463,0.002260
8.407484,-0.008368,-0.000973,0.046885,-0.021195,0.016202,0.002190
8.417547,-0.008090,-0.000647,0.047267,-0.021904,0.015934,0.002118
8.427611,-0.007806,-0.000310,0.047265,-0.021856,0.015659,0.002045
8.437671,-0.007514,0.000036,0.046876,-0.022194,0.015377,0.001969
8.447754,-0.007216,0.000392,0.046483,-0.021013,0.015089,0.001892
8.457818,-0.006911,0.000758,0.046849,-0.020981,0.014794,0.001813
8.467879,-0.006598,0.001133,0.047210,-0.021335,0.014493,0.001732
8.477942,-0.006279,0.001518,0.047185,-0.020932,0.014184,0.001649
8.488006,-0.005953,0.001913,0.047156,-0.020916,0.013869,0.001565
8.498070,-0.005619,0.001936,0.047123,-0.020904,0.013547,0.001479
8.508132,-0.005279,0.002349,0.047466,-0.021660,0.013218,0.001391
8.518194,-0.004932,0.002772,0.047423,-0.021277,0.012883,0.001301
8.528233,-0.004577,0.003205,0.047757,-0.021279,0.012540,0.001209
8.538296,-0.004216,0.003647,0.047323,-0.020905,0.012191,0.001115
8.548361,-0.003847,0.004098,0.047266,-0.021298,0.011835,0.001020
8.558425,-0.003471,0.004558,0.046823,-0.020170,0.011472,0.000923
8.568486,-0.003088,0.005028,0.046756,-0.020190,0.011102,0.000823
8.578549,-0.002698,0.005506,0.046303,-0.019833,0.010725,0.000722
8.588613,-0.002301,0.005613,0.046607,-0.020242,0.010341,0.000620
8.598677,-0.001896,0.006109,0.046525,-0.019893,0.009951,0.000515
8.608729,-0.001485,0.006615,0.046438,-0.019929,0.009553,0.000408
8.618782,-0.001447,0.007130,0.046728,-0.019969,0.009148,0.000300
8.628834,-0.001021,0.007272,0.047012,-0.020776,0.008737,0.000190
8.638887,-0.000588,0.007805,0.046909,-0.021204,0.008318,0.000077
8.648938,-0.000147,0.008346,0.047183,-0.022017,0.007892,-0.000037
8.659029,0.000301,0.008896,0.046688,-0.020927,0.007460,-0.000153
8.669082,0.000757,0.009455,0.046569,-0.021365,0.007020,-0.000270
8.679133,0.001219,0.010022,0.046827,-0.021807,0.006573,-0.000390
8.689185,0.001308,0.010599,0.046697,-0.021107,0.006119,-0.000512
8.699218,0.001785,0.010802,0.046943,-0.021173,0.005658,-0.000636
8.709228,0.002270,0.011395,0.046421,-0.021242,0.005189,-0.000761
8.719280,0.002762,0.011997,0.046656,-0.022459,0.005095,-0.000889
8.729333,0.003262,0.012607,0.046504,-0.023677,0.004613,-0.001018
8.739385,0.003769,0.013225,0.047110,-0.024517,0.004123,-0.001149
8.749437,0.003903,0.013852,0.046565,-0.024597,0.003626,-0.001283
8.759489,0.004425,0.014488,0.046777,-0.024679,0.003121,-0.001418
8.769541,0.004573,0.014750,0.046220,-0.024763,0.002609,-0.001555
8.779594,0.005111,0.015401,0.046420,-0.025231,0.002090,-0.001694
8.789647,0.005656,0.015680,0.045852,-0.024556,0.001564,-0.001835
8.799699,0.006208,0.016347,0.045659,-0.024265,0.001030,-0.001978
8.809751,0.006768,0.016642,0.045460,-0.023595,0.000489,-0.002123
8.819804,0.006955,0.017326,0.045636,-0.023689,-0.000059,-0.002270
8.829865,0.007149,0.017255,0.045425,-0.023022,-0.000615,-0.002419
8.839926,0.007351,0.017192,0.045589,-0.023120,-0.001179,-0.002570
8.850040,0.007560,0.016756,0.045365,-0.022837,-0.001750,-0.002723
8.860103,0.008159,0.017090,0.045898,-0.022938,-0.002328,-0.002879
8.870164,0.008384,0.017050,0.046044,-0.022658,-0.002914,-0.003036
8.880227,0.008235,0.017019,0.045801,-0.021999,-0.003507,-0.003195
8.890291,0.007713,0.017376,0.045934,-0.022103,-0.003727,-0.003356
8.900352,0.007580,0.016978,0.046060,-0.021064,-0.004335,-0.003519
8.910415,0.007837,0.017351,0.046180,-0.021171,-0.004570,-0.003684
8.920478,0.008101,0.016968,0.045530,-0.020897,-0.005194,-0.003852
8.930539,0.008374,0.016975,0.045636,-0.021005,-0.005826,-0.004021
8.940602,0.008654,0.016226,0.045737,-0.020351,-0.006465,-0.004192
8.950665,0.009324,0.016247,0.045830,-0.020461,-0.007112,-0.004366
8.960726,0.009620,0.016276,0.045917,-0.020571,-0.007766,-0.004541
8.970789,0.009925,0.016312,0.045997,-0.020682,-0.008429,-0.004719
8.980852,0.010237,0.015974,0.046452,-0.020412,-0.009099,-0.004899
8.990914,0.010939,0.016025,0.046518,-0.020904,-0.009777,-0.005081
9.000977,0.011649,0.015320,0.046578,-0.021016,-0.010463,-0.005265
9.011040,0.012368,0.015385,0.047012,-0.021128,-0.011157,-0.005451
9.021106,0.013094,0.015076,0.047058,-0.020858,-0.011859,-0.005639
9.031167,0.013448,0.014773,0.047098,-0.021351,-0.012569,-0.005830
9.041229,0.014191,0.014478,0.047130,-0.021082,-0.013287,-0.006022
9.051292,0.014561,0.013809,0.047155,-0.021193,-0.014012,-0.006217
9.061353,0.014939,0.013528,0.046791,-0.020541,-0.014365,-0.006414
9.071416,0.015325,0.013635,0.046421,-0.020652,-0.015106,-0.006613
9.081503,0.015339,0.014131,0.046043,-0.019618,-0.015475,-0.006433
9.091567,0.015742,0.014633,0.046040,-0.019346,-0.016233,-0.006636
9.101631,0.016154,0.015142,0.045648,-0.019455,-0.016999,-0.006842
9.111693,0.015811,0.015277,0.044868,-0.019564,-0.017773,-0.007050
9.121760,0.016240,0.015800,0.045224,-0.020053,-0.018174,-0.007260
9.131822,0.016296,0.015566,0.045192,-0.020159,-0.018202,-0.007472
9.141885,0.016360,0.015720,0.044771,-0.020646,-0.018238,-0.007686
9.151946,0.016433,0.015500,0.044724,-0.020751,-0.017519,-0.007140
9.162008,0.016514,0.016049,0.045051,-0.021999,-0.017572,-0.007359
9.172072,0.016223,0.015842,0.044989,-0.022483,-0.016489,-0.007580
9.182134,0.016322,0.016404,0.045302,-0.022965,-0.015795,-0.007804
9.192197,0.016048,0.016209,0.045225,-0.022683,-0.013966,-0.008030
9.202262,0.016164,0.015640,0.045141,-0.023163,-0.014052,-0.008258
9.212326,0.016670,0.015076,0.044667,-0.023259,-0.014909,-0.006962
9.222392,0.017186,0.015282,0.044568,-0.022973,-0.015776,-0.007195
9.232456,0.017328,0.015876,0.044080,-0.022303,-0.016650,-0.005523
9.242518,0.017480,0.016475,0.043965,-0.022394,-0.017533,-0.005760
9.252580,0.017640,0.016700,0.043461,-0.022484,-0.018425,-0.006000
9.262644,0.017810,0.017312,0.043713,-0.022571,-0.019326,-0.006242
9.272705,0.017606,0.017549,0.043193,-0.022657,-0.020616,-0.006486
9.282771,0.017794,0.017791,0.043429,-0.023122,-0.021534,-0.006733
9.292835,0.018371,0.017277,0.043276,-0.022822,-0.022460,-0.006982
9.302898,0.018958,0.017531,0.043114,-0.022900,-0.023396,-0.007233
9.312962,0.019173,0.017410,0.042945,-0.022214,-0.024339,-0.007487
9.323024,0.019396,0.017676,0.043150,-0.021907,-0.025292,-0.007743
9.333088,0.019247,0.017186,0.042965,-0.021215,-0.025872,-0.008002
9.343151,0.019489,0.017082,0.043153,-0.021284,-0.026461,-0.008263
9.353212,0.018977,0.016221,0.042952,-0.020588,-0.026678,-0.008526
9.363231,0.019238,0.016129,0.042743,-0.021414,-0.026521,-0.008792
9.373334,0.019126,0.016424,0.042526,-0.021093,-0.025230,-0.009060
9.383396,0.019404,0.016724,0.042683,-0.021151,-0.024328,-0.009331
9.393460,0.019311,0.017030,0.042449,-0.021206,-0.024199,-0.009604
9.403520,0.018846,0.016197,0.041445,-0.020876,-0.024842,-0.009880
9.413580,0.019153,0.016514,0.041196,-0.020925,-0.025494,-0.010158
9.423643,0.019087,0.016455,0.040938,-0.020207,-0.025010,-0.010439
9.433705,0.019795,0.016782,0.040672,-0.020630,-0.024536,-0.010722
9.443768,0.019748,0.016352,0.040017,-0.021432,-0.022544,-0.011008
9.453832,0.020475,0.016309,0.040497,-0.022612,-0.021707,-0.011296
9.463894,0.019685,0.015508,0.040588,-0.023788,-0.020497,-0.011587
9.473957,0.019667,0.015857,0.041052,-0.024578,-0.019678,-0.011880
9.484017,0.019277,0.015829,0.041126,-0.024221,-0.016579,-0.012176
9.494080,0.019660,0.016188,0.041192,-0.024623,-0.014634,-0.012474
9.504143,0.019672,0.015408,0.040868,-0.024258,-0.012316,-0.012775
9.514207,0.019693,0.015395,0.040917,-0.024652,-0.011153,-0.013078
9.524233,0.019723,0.015770,0.040576,-0.023517,-0.011525,-0.009188
9.534289,0.020145,0.016149,0.040608,-0.023140,-0.013050,-0.009497
9.544353,0.020195,0.015769,0.039868,-0.022377,-0.014204,-0.009808
9.554415,0.020636,0.016158,0.039883,-0.021992,-0.014985,-0.005926
9.564460,0.020706,0.015026,0.039127,-0.021221,-0.016158,-0.006242
9.574522,0.021549,0.015806,0.039125,-0.021208,-0.017340,-0.006561
9.584582,0.021256,0.015827,0.038733,-0.020428,-0.018531,-0.006883
9.594644,0.021356,0.016616,0.038332,-0.020407,-0.019732,-0.007208
9.604708,0.020702,0.016647,0.037541,-0.019618,-0.020943,-0.007535
9.614768,0.021202,0.017064,0.037505,-0.019587,-0.022163,-0.007864
9.624839,0.020569,0.017104,0.037078,-0.019170,-0.023393,-0.008197
9.634899,0.020708,0.017148,0.037024,-0.019511,-0.024632,-0.008532
9.644960,0.021238,0.017579,0.036961,-0.020228,-0.025881,-0.008870
9.655013,0.022711,0.018834,0.037191,-0.022411,-0.028408,-0.006883
9.665065,0.022890,0.019278,0.037103,-0.023876,-0.029686,-0.007229
9.675119,0.022698,0.018963,0.037386,-0.025336,-0.030211,-0.007577
9.685170,0.022516,0.018652,0.037661,-0.026791,-0.030364,-0.007929
9.695231,0.021962,0.018345,0.037928,-0.028241,-0.028238,-0.008283
9.705292,0.022182,0.018805,0.038185,-0.029684,-0.027266,-0.008640
9.715354,0.021267,0.019270,0.038052,-0.031123,-0.025160,-0.008999
9.725418,0.021507,0.019738,0.038291,-0.032556,-0.024589,-0.009361
9.735475,0.021376,0.019066,0.038522,-0.033983,-0.022502,-0.008964
9.745538,0.021636,0.019161,0.038744,-0.035023,-0.022332,-0.009331
9.755599,0.021525,0.018879,0.038957,-0.035675,-0.022173,-0.009702
9.765662,0.021424,0.018982,0.038779,-0.035940,-0.022404,-0.010076
9.775721,0.021715,0.018325,0.038974,-0.035055,-0.019975,-0.010452
9.785784,0.022016,0.018054,0.038778,-0.034546,-0.019464,-0.010831
9.795843,0.021946,0.017787,0.038192,-0.032885,-0.020106,-0.011213
9.805905,0.022268,0.017905,0.038360,-0.031219,-0.021522,-0.011597
9.815964,0.022219,0.016882,0.038137,-0.029165,-0.022947,-0.011985
9.826027,0.022561,0.016626,0.037906,-0.028249,-0.023620,-0.012375
9.836085,0.022532,0.016754,0.037665,-0.026182,-0.023921,-0.012769
9.846148,0.022895,0.016887,0.037415,-0.025634,-0.024994,-0.013165
9.856212,0.023268,0.017022,0.037156,-0.025080,-0.026078,-0.009749
9.866273,0.022889,0.016017,0.037269,-0.023375,-0.027171,-0.010150
9.876336,0.022901,0.016541,0.037374,-0.022808,-0.028275,-0.010555
9.886399,0.022924,0.016687,0.037469,-0.021470,-0.027481,-0.010963
9.896464,0.022957,0.017217,0.037173,-0.021271,-0.026697,-0.011373
9.906526,0.022618,0.017370,0.037250,-0.020302,-0.024778,-0.011786
9.916588,0.023053,0.017525,0.036937,-0.020088,-0.023633,-0.008387
9.926648,0.022736,0.017303,0.036995,-0.019486,-0.021734,-0.008806
9.936710,0.022810,0.017846,0.037044,-0.019259,-0.021752,-0.009228
9.946774,0.022894,0.018011,0.036703,-0.018261,-0.019873,-0.009653
9.956838,0.022989,0.018179,0.036352,-0.018401,-0.019149,-0.010081
9.966900,0.023094,0.017968,0.035611,-0.018151,-0.018434,-0.010511
9.976963,0.023590,0.018142,0.035623,-0.018276,-0.019255,-0.007893
9.987027,0.023715,0.018318,0.035245,-0.017249,-0.020086,-0.007948
9.997092,0.024232,0.018879,0.034857,-0.017358,-0.021689,-0.008387
10.007154,0.024378,0.019443,0.034079,-0.016698,-0.023303,-0.008829
10.017217,0.024916,0.019628,0.033673,-0.016792,-0.024544,-0.009274
10.027234,0.024319,0.019816,0.032495,-0.016116,-0.025414,-0.009722
10.037298,0.024876,0.020006,0.032070,-0.015813,-0.025912,-0.010173
10.047361,0.024299,0.019818,0.031254,-0.015503,-0.025657,-0.010627
10.057426,0.024496,0.020395,0.030811,-0.015947,-0.026175,-0.011083
10.067491,0.024702,0.020593,0.030740,-0.016002,-0.027084,-0.011543
10.077553,0.024537,0.020030,0.030659,-0.016049,-0.026858,-0.012005
10.087616,0.025145,0.019470,0.030570,-0.016469,-0.027786,-0.012471
10.097679,0.023855,0.019294,0.030470,-0.016881,-0.027960,-0.012939
10.107743,0.024483,0.019501,0.030362,-0.017285,-0.026619,-0.009595
10.117803,0.024358,0.018948,0.030244,-0.017299,-0.024142,-0.010069
10.127867,0.024623,0.018778,0.030117,-0.018067,-0.023964,-0.010546
10.137928,0.024136,0.018611,0.029980,-0.017683,-0.023795,-0.011026
10.147991,0.024803,0.018827,0.029835,-0.018053,-0.024016,-0.011509
10.158054,0.024717,0.018664,0.029679,-0.017651,-0.023866,-0.011994
10.168118,0.025021,0.018122,0.029515,-0.018004,-0.024488,-0.008287
10.178183,0.024954,0.017963,0.029341,-0.017966,-0.022830,-0.008778
10.188233,0.025278,0.018187,0.029158,-0.018683,-0.021945,-0.009272
10.198444,0.024849,0.018032,0.028965,-0.019009,-0.019924,-0.009769
10.208507,0.025191,0.017878,0.028763,-0.019327,-0.019438,-0.010269
10.218571,0.025162,0.018108,0.028551,-0.018491,-0.018961,-0.010772
10.228636,0.025524,0.018340,0.028331,-0.018408,-0.020400,-0.011277
10.238698,0.025131,0.018191,0.028100,-0.018317,-0.021085,-0.011786
10.248761,0.025893,0.018045,0.027861,-0.018598,-0.022542,-0.012297
10.258821,0.025900,0.017518,0.027612,-0.019251,-0.024389,-0.012811
10.268884,0.026680,0.018138,0.027354,-0.020277,-0.026245,-0.013328
10.278978,0.026323,0.018377,0.027086,-0.020912,-0.027728,-0.013847
10.289042,0.027121,0.018618,0.026809,-0.021155,-0.029601,-0.014370
10.299107,0.027927,0.018861,0.026523,-0.021390,-0.031482,-0.014895
10.309132,0.027215,0.018723,0.026227,-0.020470,-0.033371,-0.015423
10.319197,0.026894,0.019349,0.025922,-0.020685,-0.034506,-0.015953
10.329219,0.026963,0.019214,0.025608,-0.020891,-0.032979,-0.016486
10.339228,0.027422,0.019462,0.025284,-0.021469,-0.032222,-0.017022
10.349281,0.026744,0.018185,0.024951,-0.022418,-0.031474,-0.017561
10.359334,0.027219,0.018816,0.024609,-0.023357,-0.032259,-0.014288
10.369385,0.026940,0.018685,0.024257,-0.023142,-0.030764,-0.014831
10.379437,0.027050,0.019319,0.023896,-0.022918,-0.030801,-0.015378
10.389489,0.026404,0.019571,0.023526,-0.021539,-0.029702,-0.015927
10.399542,0.026911,0.019444,0.022765,-0.020912,-0.028611,-0.016479
10.409594,0.026663,0.019317,0.022376,-0.020658,-0.026382,-0.017033
10.419658,0.027185,0.019572,0.021978,-0.020774,-0.025686,-0.017590
10.429721,0.027333,0.019065,0.021570,-0.019737,-0.022709,-0.018149
10.439784,0.027107,0.018941,0.021535,-0.019452,-0.022027,-0.018711
10.449846,0.027269,0.018436,0.021109,-0.018393,-0.020208,-0.019275
10.459908,0.027820,0.019075,0.020674,-0.018088,-0.021065,-0.019842
10.469963,0.027234,0.018953,0.020230,-0.017009,-0.021167,-0.010493
10.480027,0.028180,0.019212,0.019776,-0.016683,-0.021275,-0.011064
10.490092,0.029132,0.019472,0.019313,-0.015965,-0.021770,-0.011638
10.500157,0.028565,0.019350,0.018842,-0.015236,-0.021127,-0.012214
10.510219,0.029149,0.019611,0.018360,-0.015642,-0.021253,-0.012793
10.520283,0.028976,0.019491,0.017870,-0.014892,-0.021004,-0.013374
10.530348,0.029572,0.019370,0.017371,-0.014895,-0.022668,-0.013957
10.540412,0.028648,0.018869,0.016862,-0.013743,-0.023574,-0.014542
10.550477,0.029637,0.019512,0.016345,-0.013344,-0.024867,-0.015129
10.560539,0.029487,0.019392,0.015818,-0.012933,-0.025784,-0.015718
10.570603,0.029724,0.019272,0.015282,-0.012894,-0.026705,-0.016310
10.580667,0.029203,0.018771,0.014737,-0.013225,-0.028013,-0.016904
10.590731,0.030213,0.019415,0.014184,-0.013164,-0.030089,-0.017499
10.600796,0.029320,0.019677,0.013621,-0.012711,-0.032169,-0.018097
10.610861,0.029958,0.019557,0.013049,-0.012628,-0.034254,-0.018696
10.620922,0.029455,0.018674,0.012468,-0.012154,-0.036342,-0.019298
10.630986,0.029720,0.018935,0.011879,-0.012431,-0.038435,-0.019901
10.641046,0.029607,0.019196,0.011280,-0.013079,-0.040531,-0.020506
10.651109,0.029880,0.019457,0.011054,-0.013716,-0.042250,-0.021112
10.661162,0.029774,0.018573,0.010438,-0.014342,-0.044353,-0.021721
10.671215,0.030054,0.018833,0.009813,-0.014957,-0.046460,-0.022331
10.681267,0.029192,0.019092,0.009179,-0.015562,-0.048569,-0.022943
10.691318,0.029859,0.019351,0.008536,-0.016155,-0.049537,-0.023556
10.701399,0.029766,0.019228,0.007885,-0.016737,-0.048981,-0.024171
10.711462,0.029293,0.019104,0.007224,-0.017309,-0.048427,-0.024787
10.721526,0.029586,0.019362,0.006556,-0.017869,-0.047113,-0.025404
10.731590,0.029500,0.019237,0.005878,-0.018418,-0.041986,-0.026023
10.741655,0.029034,0.019492,0.005192,-0.018957,-0.039149,-0.026643
10.751720,0.028951,0.018984,0.004497,-0.019484,-0.033262,-0.027265
10.761783,0.029632,0.019238,0.003794,-0.020000,-0.030809,-0.027887
10.771843,0.028788,0.019110,0.003082,-0.020506,-0.026450,-0.028511
10.781906,0.029089,0.019362,0.002361,-0.021000,-0.024761,-0.029136
10.791968,0.029391,0.018850,0.001633,-0.021483,-0.020403,-0.029761
10.802029,0.029694,0.018719,0.000895,-0.021956,-0.018715,-0.030388
10.812092,0.029615,0.018586,0.000150,-0.022417,-0.015120,-0.031015
10.822155,0.030680,0.018834,-0.000604,-0.022867,-0.014576,-0.031643
10.832222,0.030218,0.018318,-0.001367,-0.023306,-0.013269,-0.026932
10.842230,0.030900,0.018182,-0.001756,-0.023735,-0.013868,-0.027561
10.852292,0.030819,0.018044,-0.002534,-0.024152,-0.014085,-0.028191
10.862355,0.031117,0.018287,-0.003321,-0.024558,-0.015826,-0.028821
10.872420,0.031032,0.017384,-0.004116,-0.024954,-0.017947,-0.029452
10.882484,0.031708,0.017242,-0.004920,-0.025338,-0.020447,-0.030083
10.892547,0.031238,0.017481,-0.005350,-0.025712,-0.022564,-0.030715
10.902563,0.031909,0.017717,-0.006169,-0.026074,-0.024678,-0.031347
10.912695,0.031434,0.017571,-0.006996,-0.026045,-0.026789,-0.031978
10.922749,0.031336,0.017423,-0.007831,-0.026386,-0.028897,-0.032610
10.932801,0.031617,0.017655,-0.008293,-0.026716,-0.031002,-0.033242
10.942853,0.031513,0.017504,-0.009144,-0.027035,-0.033103,-0.033873
10.952905,0.031404,0.018113,-0.010002,-0.026962,-0.035200,-0.034504
10.962957,0.030910,0.017577,-0.010869,-0.026497,-0.036530,-0.035135
10.973008,0.030793,0.017420,-0.011743,-0.026021,-0.038619,-0.035765
10.983059,0.030289,0.017261,-0.012624,-0.024009,-0.039939,-0.036395
10.993112,0.030924,0.017482,-0.013514,-0.022749,-0.041254,-0.014899
11.003163,0.030409,0.017319,-0.014410,-0.020716,-0.041038,-0.015528
11.013215,0.030652,0.016772,-0.014933,-0.019435,-0.041197,-0.011196
11.023269,0.029362,0.016605,-0.015845,-0.017380,-0.040206,-0.011823
11.033321,0.029973,0.017198,-0.016764,-0.016078,-0.039209,-0.012449
11.043373,0.029432,0.017027,-0.017309,-0.014766,-0.035916,-0.013074
11.053425,0.029648,0.016853,-0.017861,-0.013825,-0.034904,-0.013697
11.063477,0.029092,0.016676,-0.018801,-0.012111,-0.032359,-0.014320
11.073530,0.029674,0.017260,-0.019368,-0.011530,-0.031333,-0.008837
11.083581,0.028721,0.017079,-0.019941,-0.010559,-0.028009,-0.009456
11.093633,0.029285,0.017277,-0.020521,-0.010340,-0.025822,-0.010074
11.103686,0.029078,0.016709,-0.020727,-0.010111,-0.022481,-0.010690
11.113737,0.028861,0.017283,-0.021703,-0.010253,-0.021802,-0.011305
11.123790,0.029779,0.017855,-0.021922,-0.010004,-0.020732,-0.011917
11.133842,0.029924,0.017660,-0.022148,-0.009364,-0.018889,-0.012527
11.143893,0.030059,0.018226,-0.022381,-0.009095,-0.018944,-0.013136
11.153944,0.029420,0.017263,-0.022621,-0.009198,-0.017843,-0.013742
11.163996,0.029915,0.017442,-0.022485,-0.009292,-0.017877,-0.014345
11.174048,0.029635,0.017236,-0.022356,-0.009376,-0.019807,-0.014946
11.184114,0.029725,0.017409,-0.022234,-0.009450,-0.021725,-0.015545
11.194174,0.029803,0.016053,-0.021736,-0.009516,-0.023632,-0.016140
11.204235,0.030632,0.016601,-0.021626,-0.009571,-0.025526,-0.016733
11.214296,0.029921,0.016383,-0.021141,-0.009236,-0.027409,-0.017323
11.224359,0.029961,0.016543,-0.021424,-0.009274,-0.029278,-0.017910
11.234422,0.029606,0.015938,-0.020951,-0.008157,-0.031135,-0.018494
11.244487,0.029618,0.016091,-0.021247,-0.007795,-0.032978,-0.019075
11.254548,0.028853,0.015860,-0.021167,-0.007805,-0.034807,-0.019652
11.264611,0.029218,0.016389,-0.021093,-0.007425,-0.036241,-0.016410
11.274670,0.028424,0.016151,-0.020262,-0.007799,-0.036515,-0.016980
11.284733,0.028759,0.015910,-0.019818,-0.007783,-0.037157,-0.017546
11.294795,0.027934,0.015665,-0.019761,-0.007377,-0.037402,-0.018108
11.304857,0.028237,0.016179,-0.019709,-0.007726,-0.038013,-0.018667
11.314972,0.028142,0.016308,-0.019663,-0.007303,-0.035938,-0.019221
11.325036,0.029811,0.017700,-0.020732,-0.007195,-0.035936,-0.020316
11.335095,0.029284,0.018199,-0.021083,-0.006366,-0.034193,-0.020856
11.345159,0.028739,0.017931,-0.020676,-0.006292,-0.029381,-0.021392
11.355222,0.029321,0.018423,-0.021038,-0.006211,-0.027986,-0.021924
11.365281,0.027977,0.018147,-0.021022,-0.006121,-0.026191,-0.022450
11.375345,0.028522,0.018249,-0.021012,-0.006024,-0.025140,-0.022972
11.385405,0.028666,0.017965,-0.020625,-0.005919,-0.021402,-0.023488
11.395466,0.028790,0.017678,-0.020243,-0.005806,-0.019170,-0.023999
11.405530,0.027751,0.017767,-0.020247,-0.005686,-0.016538,-0.024504
11.415591,0.028218,0.017852,-0.020255,-0.005559,-0.015031,-0.025005
11.425654,0.027901,0.017170,-0.020649,-0.005425,-0.014267,-0.025499
11.435718,0.027945,0.016864,-0.020666,-0.005283,-0.015010,-0.025988
11.445783,0.027586,0.016936,-0.020306,-0.005135,-0.016113,-0.026470
11.455843,0.027969,0.017003,-0.020332,-0.004979,-0.017578,-0.026947
11.465907,0.027949,0.016684,-0.020361,-0.004817,-0.019021,-0.027418
11.475970,0.027525,0.016742,-0.020776,-0.004648,-0.020444,-0.027882
11.486029,0.026698,0.016032,-0.020814,-0.004473,-0.021845,-0.028340
11.496091,0.026992,0.016081,-0.020855,-0.004291,-0.023224,-0.028791
11.506153,0.026120,0.015743,-0.020519,-0.004103,-0.024581,-0.029236
11.516216,0.026368,0.016163,-0.020949,-0.003908,-0.025916,-0.029674
11.526299,0.025830,0.015052,-0.020620,-0.003708,-0.027228,-0.030105
11.536361,0.026031,0.015462,-0.021058,-0.003501,-0.028518,-0.030530
11.546424,0.025827,0.015486,-0.021117,-0.003288,-0.029403,-0.030947
11.556484,0.024835,0.015504,-0.020798,-0.003069,-0.029883,-0.031357
11.566546,0.024963,0.015899,-0.020864,-0.002845,-0.030720,-0.031759
11.576609,0.024303,0.015144,-0.020933,-0.002615,-0.031916,-0.032155
11.586673,0.024381,0.015146,-0.021005,-0.002379,-0.033087,-0.032542
11.596735,0.024052,0.015143,-0.020698,-0.002138,-0.033470,-0.032922
11.606798,0.024078,0.015516,-0.020776,-0.001891,-0.033448,-0.033294
11.616862,0.023698,0.015502,-0.020475,-0.001639,-0.033019,-0.033659
11.626927,0.024054,0.015482,-0.020940,-0.001382,-0.032565,-0.034015
11.636988,0.022476,0.014694,-0.020644,-0.001119,-0.028652,-0.034363
11.647051,0.022397,0.015426,-0.020732,-0.000852,-0.025477,-0.034704
11.657115,0.021910,0.015388,-0.020060,-0.000580,-0.020750,-0.023591
11.667180,0.022159,0.015727,-0.020535,-0.000302,-0.019811,-0.023915
11.677240,0.021617,0.015297,-0.019867,-0.000020,-0.018465,-0.024230
11.687303,0.021811,0.015242,-0.020346,0.000267,-0.017855,-0.024536
11.697367,0.021977,0.014799,-0.019683,0.000558,-0.016074,-0.024834
11.707429,0.022115,0.015113,-0.019784,0.000854,-0.015411,-0.025123
11.717492,0.021843,0.015039,-0.019888,0.001155,-0.012813,-0.025403
11.727557,0.021924,0.015341,-0.020375,0.001460,-0.011332,-0.025674
11.737610,0.021213,0.014873,-0.020100,0.001769,-0.010206,-0.025937
11.747673,0.020474,0.015161,-0.020209,0.002083,-0.009051,-0.026190
11.757736,0.020469,0.015443,-0.020319,0.002401,-0.008632,-0.026434
11.767800,0.019671,0.015337,-0.020049,0.002723,-0.008948,-0.026669
11.777864,0.019607,0.015224,-0.020544,0.003049,-0.009618,-0.026894
11.787928,0.019895,0.015104,-0.020658,0.003380,-0.010259,-0.027110
11.797991,0.020154,0.014978,-0.020774,0.003714,-0.010871,-0.027317
11.808054,0.020383,0.014463,-0.019746,0.004052,-0.011455,-0.027514
11.818118,0.020963,0.014703,-0.020245,0.004395,-0.012011,-0.027702
11.828183,0.021132,0.014555,-0.019982,0.004741,-0.012537,-0.027880
11.838247,0.021270,0.014400,-0.020483,0.005091,-0.013035,-0.028048
11.848310,0.021378,0.014619,-0.020222,0.005445,-0.013122,-0.028207
11.858373,0.021456,0.014450,-0.020725,0.005803,-0.013562,-0.028356
11.868433,0.021503,0.014272,-0.020465,0.006164,-0.013972,-0.028495
11.878496,0.021520,0.014469,-0.020588,0.006529,-0.014353,-0.028624
11.888557,0.021124,0.013895,-0.020710,0.006898,-0.014324,-0.028743
11.898622,0.021080,0.014457,-0.020834,0.007271,-0.014264,-0.028852
11.908685,0.019859,0.014249,-0.020576,0.007266,-0.013794,-0.028952
11.918745,0.019371,0.014033,-0.020699,0.007646,-0.014057,-0.029041
11.928810,0.018089,0.013428,-0.020823,0.008411,-0.013909,-0.029120
11.938875,0.017157,0.013577,-0.021329,0.008798,-0.014112,-0.029189
11.948930,0.016195,0.013718,-0.021072,0.009189,-0.014286,-0.029248
11.958992,0.015582,0.014233,-0.021577,0.009584,-0.014430,-0.029297
11.969053,0.015320,0.014739,-0.021701,0.009601,-0.014544,-0.029336
11.979118,0.015026,0.014473,-0.022206,0.010003,-0.014628,-0.029364
11.989180,0.014702,0.014581,-0.022711,0.010409,-0.014683,-0.029383
11.999243,0.014727,0.013917,-0.022453,0.010818,-0.014707,-0.029391
12.009306,0.014722,0.013989,-0.022549,0.011223,-0.014702,-0.029389
12.019367,0.014688,0.013644,-0.021841,0.011617,-0.014670,-0.029378
12.029430,0.014630,0.013638,-0.021842,0.011998,-0.014614,-0.029360
12.039494,0.014550,0.013216,-0.021420,0.012367,-0.014537,-0.010260
12.049559,0.014451,0.012754,-0.021708,0.012722,-0.014443,-0.010228
12.059618,0.014337,0.011875,-0.020807,0.013064,-0.014334,-0.010190
12.069681,0.014209,0.012105,-0.020240,0.013393,-0.014211,-0.010149
12.079745,0.014072,0.011535,-0.020004,0.013707,-0.014080,-0.010104
12.089807,0.013927,0.011693,-0.020101,0.014006,-0.013941,-0.010057
12.099870,0.013394,0.011438,-0.019391,0.014291,-0.013797,-0.010008
12.109934,0.013623,0.011147,-0.019009,0.014560,-0.013269,-0.009958
12.119994,0.013087,0.010824,-0.018199,0.014814,-0.013121,-0.009908
12.130057,0.013315,0.010470,-0.018107,0.015053,-0.012975,-0.009859
12.140121,0.012784,0.010083,-0.017582,0.015274,-0.012831,-0.009810
12.150186,0.012639,0.009667,-0.017394,0.015481,-0.012692,-0.009763
12.160239,0.012501,0.009217,-0.016771,0.015670,-0.012560,-0.009718
12.170301,0.012371,0.009120,-0.016485,0.015843,-0.012436,-0.009676
12.180354,0.012249,0.009376,-0.015771,0.015999,-0.012319,-0.009636
12.190407,0.012139,0.008839,-0.015007,0.016139,-0.012214,-0.009601
12.200459,0.012041,0.008652,-0.014955,0.016259,-0.012120,-0.009569
12.210511,0.011956,0.008435,-0.014092,0.016363,-0.012038,-0.009541
12.220562,0.011883,0.008192,-0.013945,0.016449,-0.011969,-0.009518
12.230614,0.011825,0.007919,-0.013368,0.016518,-0.011913,-0.009499
12.240666,0.011781,0.007620,-0.012745,0.016569,-0.011871,-0.009485
12.250719,0.011753,0.007290,-0.011689,0.016602,-0.011844,-0.009475
12.260772,0.011740,0.006933,-0.010968,0.016618,-0.011831,-0.009471
12.270824,0.011740,0.006551,-0.010205,0.016618,-0.011831,-0.009471
12.280876,0.011740,0.006170,-0.009824,0.016618,-0.011831,-0.009471
12.290927,0.011740,0.005788,-0.009061,0.016618,-0.011831,-0.009471
12.300979,0.011740,0.005788,-0.008679,0.016618,-0.011831,-0.009471
12.311031,0.011740,0.005407,-0.008298,0.016618,-0.011831,-0.009471
12.321083,0.011740,0.005407,-0.007916,0.016618,-0.011831,-0.005275
12.331135,0.011828,0.005244,-0.007256,0.016514,-0.011916,-0.005304
12.341187,0.011935,0.005041,-0.006910,0.016387,-0.012400,-0.005338
12.351218,0.012056,0.004807,-0.006512,0.016241,-0.012516,-0.005378
12.361270,0.012188,0.004543,-0.006065,0.016077,-0.012642,-0.005420
12.371322,0.012329,0.003869,-0.005572,0.015897,-0.012777,-0.005466
12.381387,0.012480,0.003543,-0.005026,0.015699,-0.012921,-0.005515
12.391453,0.012637,0.003187,-0.004433,0.015484,-0.013072,-0.005566
12.401515,0.012798,0.002802,-0.003794,0.015255,-0.013226,-0.005618
12.411573,0.012964,0.002382,-0.003102,0.015007,-0.013385,-0.005672
12.421637,0.013130,0.001930,-0.002363,0.014744,-0.013544,-0.005726
12.431701,0.013297,0.001442,-0.001571,0.014464,-0.013704,-0.005780
12.441763,0.013460,0.000924,-0.000735,0.014170,-0.013859,-0.005833
12.451824,0.013618,0.000366,0.000157,0.013859,-0.014011,-0.005885
12.461888,0.013768,0.000158,0.001093,0.013535,-0.014154,-0.005933
12.471950,0.013907,-0.000470,0.002081,0.013195,-0.014287,-0.005978
12.482012,0.014032,-0.001133,0.003116,0.012842,-0.014407,-0.006019
12.492076,0.014141,-0.001835,0.004201,0.012475,-0.014511,-0.006054
12.502142,0.014230,-0.002578,0.005339,0.012093,-0.014597,-0.006084
12.512203,0.014297,-0.003359,0.006524,0.011699,-0.014660,-0.006105
12.522229,0.014337,-0.004180,0.007758,0.011292,-0.014698,-0.006118
12.532283,0.014347,-0.005043,0.009041,0.010873,-0.014708,-0.006121
12.542346,0.014323,-0.005949,0.010375,0.010442,-0.014686,-0.006114
12.552410,0.014263,-0.006895,0.011754,0.010000,-0.014627,-0.006094
12.562471,0.014160,-0.007889,0.013186,0.009547,-0.014530,-0.006061
12.572525,0.014013,-0.008927,0.014667,0.009082,-0.014389,-0.006013
12.582586,0.013817,-0.010010,0.016194,0.008609,-0.014201,-0.005949
12.592648,0.013566,-0.011142,0.017773,0.008125,-0.013961,-0.005868
12.602701,0.013258,-0.011938,0.019398,0.007633,-0.013666,-0.005768
12.612753,0.012887,-0.013164,0.020688,0.007133,-0.013311,-0.005647
12.622809,0.012449,-0.013681,0.022413,0.006624,-0.012892,-0.005505
12.632870,0.011940,-0.015008,0.024182,0.006109,-0.012405,-0.005340
12.642930,0.011355,-0.015625,0.025616,0.005587,-0.011845,-0.005150
12.652991,0.010689,-0.016675,0.027097,0.005059,-0.011207,-0.004934
12.663054,0.009937,-0.017779,0.029006,0.004527,-0.010488,-0.004691
12.673113,0.009095,-0.018174,0.030579,0.003990,-0.009682,-0.004418
12.683174,0.008158,-0.019007,0.032199,0.003449,-0.008784,-0.004115
12.693223,0.007120,-0.019896,0.033862,0.002906,-0.007791,-0.003780
12.703287,0.005978,-0.020842,0.035571,0.002362,-0.006698,-0.003412
12.713344,0.004726,-0.021464,0.037322,0.001817,-0.005499,-0.003008
12.723406,0.003360,-0.022527,0.039116,0.001272,-0.004191,-0.002568
12.733466,0.001875,-0.023268,0.041334,0.000729,-0.002769,-0.002091
12.743518,0.000269,-0.024066,0.043588,0.000190,-0.001232,-0.001575
12.753578,-0.001086,-0.024546,0.045122,-0.000345,0.000431,-0.001019
12.763639,-0.002954,-0.025470,0.047078,-0.000875,0.002221,-0.000421
12.773699,-0.004578,-0.025693,0.048689,-0.001397,0.004141,0.000219
12.783762,-0.006339,-0.026358,0.050714,-0.001909,0.006193,0.000902
12.793826,-0.007865,-0.026708,0.052396,-0.002412,0.008386,0.001631
12.803885,-0.009918,-0.027500,0.054107,-0.002900,0.010718,0.002403
12.813946,-0.011743,-0.027978,0.055473,-0.003375,0.013198,0.003223
12.824011,-0.014101,-0.028137,0.057247,-0.003832,0.015823,0.004089
12.834072,-0.016238,-0.027984,0.058672,-0.004271,0.018602,0.005003
12.844134,-0.018913,-0.029038,0.059739,-0.004687,0.021532,0.005963
12.854196,-0.021372,-0.029017,0.060452,-0.005080,0.024239,0.006973
12.864258,-0.023991,-0.029441,0.061566,-0.005446,0.027481,0.008030
12.874322,-0.027161,-0.029554,0.062323,-0.005782,0.030123,0.009137
12.884383,-0.030493,-0.029731,0.063858,-0.006085,0.032921,0.010290
12.894446,-0.032847,-0.029975,0.063883,-0.005972,0.035117,0.010347
12.904509,-0.035756,-0.031054,0.064688,-0.006582,0.038624,0.011598
12.914570,-0.037683,-0.031052,0.065120,-0.006388,0.042287,0.012895
12.924637,-0.040159,-0.032262,0.065561,-0.006910,0.046111,0.014238
12.934700,-0.042800,-0.032776,0.066770,-0.006621,0.050095,0.015627
12.944765,-0.044467,-0.032600,0.067222,-0.006660,0.052717,0.017062
12.954830,-0.046674,-0.034013,0.068054,-0.007024,0.055491,0.018540
12.964894,-0.047896,-0.034349,0.067356,-0.006564,0.054987,0.020060
12.974955,-0.050038,-0.035515,0.067797,-0.006422,0.056541,0.021622
12.985017,-0.056308,-0.038809,0.070556,-0.005927,0.060857,0.020285
12.995082,-0.058145,-0.040178,0.071344,-0.005567,0.062092,0.021964
13.005147,-0.058592,-0.040464,0.070585,-0.005127,0.060405,0.023675
13.015208,-0.061083,-0.041577,0.070566,-0.004601,0.060758,0.025419
13.025230,-0.061033,-0.041229,0.069759,-0.003987,0.057423,0.027195
13.035286,-0.063016,-0.042851,0.070066,-0.003280,0.056497,0.028999
13.045350,-0.062829,-0.043011,0.069196,-0.002476,0.053016,0.030830
13.055413,-0.064279,-0.043994,0.069052,-0.001571,0.053459,0.032686
13.065473,-0.064309,-0.043513,0.067341,-0.000561,0.050570,0.034564
13.075536,-0.066343,-0.044617,0.067876,0.000557,0.052354,0.036462
13.085600,-0.066177,-0.044635,0.066455,0.001407,0.050791,0.038378
13.095663,-0.068001,-0.045474,0.066508,0.003136,0.051216,0.040309
13.105726,-0.067610,-0.045224,0.064599,0.004602,0.049043,0.042253
13.115788,-0.069192,-0.046554,0.064538,0.005811,0.051130,0.044208
13.125851,-0.068923,-0.046030,0.063651,0.007526,0.051365,0.031675
13.135914,-0.070603,-0.047460,0.063459,0.009369,0.053549,0.033642
13.145977,-0.069659,-0.047037,0.061290,0.011346,0.053489,0.035614
13.156041,-0.071417,-0.047807,0.061337,0.013457,0.056131,0.037587
13.166103,-0.070527,-0.047478,0.060543,0.015706,0.056125,0.039560
13.176165,-0.072321,-0.049100,0.060049,0.018094,0.058423,0.041529
13.186235,-0.071450,-0.048475,0.058325,0.020623,0.057293,0.043493
13.196297,-0.072483,-0.050179,0.057658,0.023295,0.058831,0.045449
13.206361,-0.071590,-0.049628,0.056515,0.026110,0.058826,0.047394
13.216396,-0.072973,-0.050641,0.056041,0.029073,0.061099,0.049329
13.226449,-0.074328,-0.052068,0.055468,0.032184,0.062582,0.051251
13.236500,-0.072977,-0.051618,0.053648,0.035442,0.061362,0.053157
13.246564,-0.074254,-0.052721,0.052486,0.038850,0.062771,0.055047
13.256628,-0.072422,-0.052318,0.050832,0.042404,0.060311,0.056915
13.266681,-0.073209,-0.053466,0.050212,0.045729,0.060854,0.058765
13.276733,-0.071643,-0.052726,0.048332,0.048822,0.058285,0.033890
13.286786,-0.072289,-0.053904,0.047478,0.051680,0.059456,0.035694
13.296838,-0.070575,-0.052809,0.046122,0.055070,0.057889,0.037474
13.306890,-0.071449,-0.054012,0.044642,0.058228,0.058532,0.039229
13.316943,-0.069183,-0.053313,0.043418,0.060769,0.055657,0.040956
13.326995,-0.069870,-0.053755,0.042445,0.063452,0.055739,0.042654
13.337047,-0.067793,-0.053056,0.040960,0.065521,0.053824,0.044324
13.347099,-0.068666,-0.053495,0.040104,0.068113,0.054862,0.045964
13.357150,-0.066374,-0.052396,0.038348,0.069317,0.053503,0.047572
13.367202,-0.067028,-0.053575,0.037599,0.071425,0.054712,0.049150
13.377219,-0.064897,-0.052449,0.035946,0.072144,0.053141,0.050695
13.387271,-0.065314,-0.053205,0.035295,0.074137,0.053740,0.052205
13.397324,-0.063325,-0.051650,0.033737,0.075121,0.051556,0.053684
13.407377,-0.063496,-0.052351,0.032415,0.077372,0.052301,0.055126
13.417430,-0.061638,-0.051114,0.030182,0.077844,0.051401,0.056536
13.427482,-0.061559,-0.051746,0.028945,0.080727,0.052667,0.057910
13.437536,-0.059819,-0.050043,0.026795,0.081815,0.051133,0.059248
13.447589,-0.059858,-0.050584,0.024493,0.084546,0.051381,0.060551
13.457641,-0.057470,-0.048781,0.022041,0.085475,0.049208,0.061817
13.467693,-0.057620,-0.049213,0.019815,0.088420,0.049959,0.063048
13.477779,-0.055723,-0.047291,0.017819,0.088789,0.047905,0.064242
13.487831,-0.055218,-0.047975,0.015285,0.090785,0.047628,0.065400
13.497883,-0.055333,-0.048204,0.012981,0.092484,0.047978,0.066520
13.507935,-0.053024,-0.046832,0.010901,0.091983,0.046670,0.067605
13.517987,-0.052860,-0.046520,0.008287,0.094227,0.047513,0.068652
13.528040,-0.050651,-0.044979,0.005518,0.093877,0.045934,0.069662
13.538092,-0.050206,-0.045250,0.002596,0.095879,0.045742,0.070636
13.548144,-0.048097,-0.043136,-0.000481,0.095275,0.042746,0.071572
13.558195,-0.048132,-0.042823,-0.003708,0.097389,0.042282,0.072472
13.568228,-0.045739,-0.040878,-0.007088,0.096503,0.040920,0.073335
13.578280,-0.045110,-0.040722,-0.010235,0.098703,0.040945,0.074160
13.588332,-0.043197,-0.038921,-0.013915,0.097886,0.039691,0.074949
13.598384,-0.042666,-0.038136,-0.017357,0.099759,0.039442,0.075701
13.608436,-0.040848,-0.036072,-0.020944,0.098594,0.036768,0.076416
13.618488,-0.040417,-0.036161,-0.025059,0.100493,0.036629,0.077094
13.628541,-0.038316,-0.033432,-0.028549,0.098951,0.035588,0.077736
13.638595,-0.037982,-0.032841,-0.032560,0.100454,0.036319,0.078341
13.648647,-0.036742,-0.030946,-0.035941,0.098497,0.036148,0.078908
13.658699,-0.035743,-0.030413,-0.039839,0.099184,0.035842,0.079440
13.668752,-0.034218,-0.028181,-0.043099,0.097154,0.034252,0.079934
13.678806,-0.033314,-0.027677,-0.046102,0.097741,0.034051,0.080391
13.688857,-0.032269,-0.025845,-0.049231,0.095219,0.031806,0.080812
13.698916,-0.031080,-0.025344,-0.052472,0.096049,0.031711,0.081195
13.708979,-0.029367,-0.023498,-0.054682,0.093360,0.029952,0.081542
13.719039,-0.028655,-0.022973,-0.058148,0.093628,0.029200,0.081851
13.729094,-0.027417,-0.022231,-0.061713,0.094161,0.027926,0.082123
13.739155,-0.026034,-0.020122,-0.062705,0.091517,0.026894,0.082358
13.749220,-0.025651,-0.018927,-0.065700,0.091792,0.027629,0.082555
13.759281,-0.024358,-0.016731,-0.068014,0.088477,0.028223,0.082714
13.769344,-0.023300,-0.015815,-0.070409,0.088811,0.028675,0.082835
13.779407,-0.021713,-0.014645,-0.071736,0.086298,0.028984,0.082918
13.789467,-0.020739,-0.012832,-0.074270,0.086256,0.028767,0.082962
13.799530,-0.019233,-0.010366,-0.075720,0.083332,0.028786,0.082967
13.809594,-0.018339,-0.008386,-0.077984,0.083234,0.029041,0.082933
13.819654,-0.016910,-0.006500,-0.078771,0.079846,0.028766,0.082859
13.829718,-0.015707,-0.004319,-0.081115,0.079247,0.028341,0.082745
13.839782,-0.014348,-0.001455,-0.081199,0.076085,0.027766,0.082591
13.849844,-0.012830,0.000959,-0.083594,0.074923,0.027036,0.082396
13.859904,-0.011533,0.004071,-0.083325,0.071542,0.025771,0.082159
13.869968,-0.010074,0.006746,-0.085345,0.070507,0.024729,0.081880
13.880031,-0.008831,0.009755,-0.084686,0.067222,0.023528,0.081558
13.890092,-0.007420,0.012722,-0.086296,0.066629,0.022166,0.081193
13.900151,-0.005837,0.016421,-0.085591,0.063755,0.020637,0.080783
13.910213,-0.004083,0.020089,-0.086750,0.062394,0.018943,0.080329
13.920278,-0.002152,0.023735,-0.086332,0.059861,0.017078,0.079829
13.930340,-0.000043,0.027745,-0.087377,0.058811,0.015040,0.079283
13.940402,0.001870,0.031744,-0.086445,0.055795,0.012824,0.078689
13.950453,0.004348,0.035350,-0.087331,0.053850,0.010430,0.078048
13.960505,0.006635,0.040092,-0.088501,0.051817,0.007853,0.077357
13.970557,0.009115,0.044446,-0.086509,0.048540,0.005470,0.076616
13.980609,0.011792,0.049175,-0.087066,0.045914,0.002516,0.075824
13.990661,0.014289,0.052752,-0.085201,0.042402,-0.000633,0.074979
14.000713,0.016994,0.057849,-0.085481,0.039140,-0.003982,0.074081
14.010762,0.018762,0.061400,-0.082929,0.036122,-0.007532,0.073129
14.020814,0.021125,0.066455,-0.082494,0.032579,-0.010907,0.041984
14.030866,0.024088,0.069572,-0.079969,0.029270,-0.013729,0.040919
14.040918,0.027655,0.074174,-0.079536,0.025051,-0.017912,0.039796
14.050969,0.030686,0.077578,-0.075845,0.020305,-0.022695,0.038613
14.061021,0.033950,0.082057,-0.074986,0.015035,-0.027320,0.037370
14.071073,0.037068,0.084925,-0.070845,0.009249,-0.031411,0.036065
14.081125,0.040811,0.089601,-0.069899,0.002953,-0.036500,0.034695
14.091175,0.042889,0.091854,-0.065265,-0.003070,-0.040297,0.033262
14.101237,0.046742,0.096243,-0.063804,-0.010333,-0.043952,0.031762
14.111296,0.048559,0.097400,-0.059020,-0.018053,-0.046707,0.030195
14.121358,0.052158,0.101782,-0.057011,-0.025828,-0.050091,0.028560
14.131420,0.053729,0.102490,-0.052426,-0.034014,-0.052200,0.026855
14.141483,0.057088,0.106358,-0.050220,-0.041436,-0.055707,0.025080
14.151547,0.058805,0.106483,-0.045808,-0.048065,-0.057181,0.023232
14.161612,0.061553,0.109315,-0.043383,-0.055012,-0.059675,0.021311
14.171666,0.063043,0.108330,-0.039890,-0.060332,-0.058614,0.019317
14.181728,0.065946,0.110738,-0.037232,-0.066278,-0.060482,0.017248
14.191791,0.069117,0.113448,-0.034647,-0.072427,-0.062227,0.015105
14.201855,0.070267,0.111461,-0.030990,-0.075305,-0.061177,0.012886
14.211922,0.073589,0.112750,-0.028549,-0.080212,-0.063051,0.010591
14.221986,0.074500,0.110027,-0.024658,-0.081383,-0.062125,0.008221
14.232048,0.077956,0.111649,-0.021608,-0.085261,-0.063733,0.005776
14.242111,0.078991,0.107278,-0.017878,-0.086081,-0.061765,0.003257
14.252171,0.082936,0.107563,-0.014998,-0.089144,-0.063462,0.000665
14.262232,0.082915,0.101790,-0.011450,-0.088305,-0.062327,-0.001999
14.272296,0.086927,0.101373,-0.008383,-0.091157,-0.065216,-0.004732
14.282361,0.087329,0.096366,-0.004663,-0.090032,-0.065630,-0.007533
14.292425,0.090970,0.095138,-0.001440,-0.092146,-0.068512,-0.010397
14.302486,0.090966,0.089274,0.002038,-0.089837,-0.067360,-0.013321
14.312550,0.094544,0.087911,0.005380,-0.091851,-0.070927,-0.016301
14.322611,0.094432,0.081497,0.008959,-0.089006,-0.070797,-0.019333
14.332667,0.097854,0.079937,0.012383,-0.089673,-0.073813,-0.063990
14.342731,0.097533,0.073684,0.016022,-0.086202,-0.073463,-0.067105
14.352793,0.101068,0.071508,0.019867,-0.086590,-0.076964,-0.070251
14.362853,0.100034,0.065391,0.023906,-0.083194,-0.076657,-0.073420
14.372915,0.102407,0.062963,0.028130,-0.083253,-0.079754,-0.076604
14.382968,0.101283,0.056978,0.032147,-0.079132,-0.078974,-0.079791
14.393029,0.104247,0.053922,0.036707,-0.079217,-0.081518,-0.082970
14.403091,0.106694,0.050754,0.041042,-0.078558,-0.083547,-0.086133
14.413151,0.104760,0.044809,0.045904,-0.074484,-0.081582,-0.089266
14.423212,0.105652,0.041438,0.050521,-0.073486,-0.083591,-0.092355
14.433277,0.103221,0.035692,0.054882,-0.069089,-0.079997,-0.095387
14.443342,0.103910,0.032162,0.060125,-0.067408,-0.080676,-0.098348
14.453403,0.100426,0.026666,0.064334,-0.062733,-0.077194,-0.101223
14.463467,0.100737,0.023796,0.068645,-0.061184,-0.077521,-0.103998
14.473529,0.096405,0.018609,0.072285,-0.056670,-0.073219,-0.106655
14.483590,0.096171,0.015316,0.076778,-0.054557,-0.072652,-0.109182
14.493643,0.091220,0.011264,0.079825,-0.049518,-0.068149,-0.111564
14.503697,0.089525,0.008377,0.084090,-0.047295,-0.067304,-0.113786
14.513758,0.083804,0.004764,0.086896,-0.042947,-0.062838,-0.115834
14.523820,0.082033,0.001207,0.090520,-0.041069,-0.061584,-0.117695
14.533881,0.076181,-0.001518,0.093056,-0.037487,-0.056275,-0.119358
14.543942,0.073469,-0.004537,0.096020,-0.036029,-0.054134,-0.120813
14.554002,0.067390,-0.007453,0.098258,-0.032898,-0.049036,-0.122049
14.564064,0.064032,-0.010632,0.101292,-0.031539,-0.047071,-0.123059
14.574125,0.057279,-0.013675,0.103200,-0.028912,-0.042885,-0.123837
14.584188,0.053228,-0.016951,0.105511,-0.028083,-0.039525,-0.124379
14.594238,0.046534,-0.020065,0.107066,-0.025625,-0.034317,-0.124683
14.604299,0.042157,-0.023765,0.109766,-0.024977,-0.031839,-0.124748
14.614360,0.037432,-0.027272,0.112072,-0.023853,-0.029425,-0.124576
14.624425,0.030841,-0.030198,0.112838,-0.021877,-0.026321,-0.124170
14.634486,0.025449,-0.033291,0.115104,-0.021335,-0.022920,-0.123535
14.644547,0.018984,-0.036158,0.115047,-0.019938,-0.017713,-0.122678
14.654607,0.013376,-0.039166,0.116466,-0.019589,-0.013010,-0.121607
14.664670,0.007120,-0.041166,0.115928,-0.018376,-0.008830,-0.120332
14.674733,0.001006,-0.043673,0.117234,-0.018201,-0.004817,-0.118863
14.684792,-0.005314,-0.045527,0.115413,-0.016384,0.000522,-0.058084
14.694856,-0.011052,-0.047872,0.116946,-0.016353,0.006019,-0.056264
14.704914,-0.016933,-0.049551,0.114574,-0.015428,0.011639,-0.054289
14.714976,-0.023299,-0.052078,0.115533,-0.015507,0.018488,-0.052173
14.725035,-0.036977,-0.057755,0.118652,-0.015212,0.032702,-0.047568
14.735098,-0.043820,-0.060501,0.119263,-0.014439,0.039984,0.011349
14.745159,-0.049098,-0.060639,0.115551,-0.013111,0.047977,0.013895
14.755221,-0.055438,-0.061974,0.115516,-0.012366,0.055115,0.016514
14.765281,-0.060886,-0.062205,0.112663,-0.011433,0.061354,0.019191
14.775342,-0.066943,-0.063624,0.111954,-0.010309,0.068958,0.021918
14.785406,-0.070889,-0.062782,0.108416,-0.008988,0.074829,0.024680
14.795467,-0.076517,-0.064641,0.107392,-0.007466,0.079707,0.027468
14.805527,-0.078826,-0.063852,0.103916,-0.005741,0.081647,0.030271
14.815587,-0.083118,-0.065361,0.102940,-0.003812,0.085568,0.033078
14.825649,-0.087467,-0.066503,0.101034,-0.002440,0.088785,0.035883
14.835715,-0.088017,-0.065357,0.097809,-0.000864,0.088966,0.038675
14.845780,-0.091238,-0.066502,0.095938,0.000917,0.090295,0.041450
14.855841,-0.090988,-0.065348,0.092743,0.002899,0.086631,0.044198
14.865902,-0.093360,-0.066475,0.090519,0.005081,0.086738,0.046916
14.875961,-0.092217,-0.065294,0.086970,0.007458,0.081426,0.049597
14.886014,-0.094418,-0.066004,0.085153,0.010028,0.080608,0.052238
14.896079,-0.092685,-0.065158,0.081631,0.012783,0.075100,0.054833
14.906140,-0.094263,-0.065812,0.079840,0.015723,0.074434,0.057382
14.916203,-0.091877,-0.064521,0.075964,0.018837,0.069430,0.059878
14.926256,-0.093538,-0.065103,0.074204,0.022123,0.068862,0.062323
14.936310,-0.090832,-0.064113,0.070361,0.025190,0.063552,0.064711
14.946363,-0.091771,-0.064606,0.069018,0.028798,0.063803,0.067043
14.956415,-0.089090,-0.063520,0.065596,0.032554,0.060440,0.069316
14.966467,-0.090034,-0.063905,0.063152,0.036073,0.061093,0.071530
14.976519,-0.086594,-0.062712,0.060162,0.039731,0.058895,0.073687
14.986573,-0.087148,-0.063362,0.058153,0.043897,0.059554,0.075782
14.996626,-0.084073,-0.061663,0.054840,0.048189,0.057355,0.077820
15.006677,-0.084224,-0.062564,0.052896,0.052211,0.059153,0.079796
15.016728,-0.081119,-0.060725,0.050036,0.056722,0.058085,0.081714
15.026780,-0.081249,-0.061488,0.048170,0.060193,0.059496,0.083574
15.036832,-0.077356,-0.059502,0.045394,0.062228,0.058417,0.085374
15.046884,-0.077074,-0.060109,0.044001,0.065112,0.060195,0.087118
15.056938,-0.077360,-0.060259,0.042849,0.067697,0.062165,0.088806
15.066990,-0.074008,-0.058417,0.040797,0.068826,0.060887,0.090438
15.077042,-0.073511,-0.058397,0.039376,0.070783,0.062090,0.092015
15.087094,-0.069773,-0.056389,0.037445,0.070895,0.060440,0.093540
15.097146,-0.069273,-0.056578,0.036533,0.072582,0.061272,0.095012
15.107198,-0.065915,-0.054390,0.034737,0.072407,0.059253,0.096433
15.117218,-0.065424,-0.054019,0.033205,0.074179,0.059344,0.097803
15.127270,-0.062086,-0.052034,0.031178,0.074082,0.056595,0.099126
15.137322,-0.062001,-0.051860,0.029806,0.075915,0.056342,0.100400
15.147374,-0.058690,-0.049303,0.027184,0.076245,0.054015,0.101628
15.157426,-0.058263,-0.049322,0.025604,0.078497,0.053813,0.102811
15.167478,-0.055382,-0.046575,0.023547,0.078471,0.050400,0.103950
15.177532,-0.055014,-0.046406,0.022158,0.080363,0.049507,0.105047
15.187584,-0.052197,-0.044229,0.020299,0.079962,0.046932,0.106102
15.197636,-0.052279,-0.043863,0.018736,0.081082,0.046118,0.107116
15.207688,-0.049542,-0.041491,0.017093,0.080284,0.043252,0.108091
15.217740,-0.048949,-0.041692,0.015372,0.081760,0.042918,0.109028
15.227792,-0.047072,-0.039888,0.013578,0.080929,0.040922,0.109928
15.237845,-0.046584,-0.039131,0.011715,0.081982,0.041464,0.110793
15.247897,-0.044819,-0.036750,0.009786,0.081482,0.039590,0.111622
15.257949,-0.044070,-0.036942,0.007795,0.082857,0.039118,0.112418
15.268001,-0.042051,-0.034748,0.005747,0.082290,0.036999,0.113181
15.278052,-0.041819,-0.033983,0.003645,0.083209,0.035907,0.113913
15.288104,-0.039562,-0.032358,0.001493,0.082178,0.035084,0.114614
15.298157,-0.039480,-0.031783,-0.000324,0.083009,0.035295,0.115285
15.308292,-0.037380,-0.029967,-0.002566,0.081882,0.033873,0.115928
15.318345,-0.037463,-0.029965,-0.004847,0.082611,0.034638,0.116542
15.328397,-0.037060,-0.029107,-0.006782,0.083666,0.034921,0.117130
15.338449,-0.035413,-0.027393,-0.008749,0.081992,0.033581,0.117692
15.348501,-0.035195,-0.027113,-0.011127,0.082927,0.033674,0.118228
15.358554,-0.033736,-0.025595,-0.013146,0.081505,0.033293,0.118740
15.368606,-0.032952,-0.025135,-0.015571,0.081930,0.033970,0.119228
15.378657,-0.031699,-0.023442,-0.017634,0.079998,0.033418,0.119694
15.388709,-0.031506,-0.023188,-0.019712,0.080666,0.032785,0.120138
15.398762,-0.030086,-0.022086,-0.021421,0.078593,0.031691,0.120561
15.408813,-0.029730,-0.021278,-0.023519,0.078729,0.032808,0.120963
15.418865,-0.028918,-0.020008,-0.025626,0.076506,0.033472,0.121345
15.428917,-0.028795,-0.019801,-0.027736,0.076113,0.033683,0.121708
15.438969,-0.027074,-0.019130,-0.029082,0.074112,0.033061,0.122053
15.449022,-0.026811,-0.018765,-0.030429,0.073943,0.031992,0.122380
15.459073,-0.026102,-0.017560,-0.031389,0.071787,0.030479,0.120401
15.469125,-0.025708,-0.017423,-0.033103,0.071833,0.030047,0.109632
15.479177,-0.024111,-0.016070,-0.033665,0.069893,0.029557,0.109909
15.489218,-0.023979,-0.016170,-0.034593,0.069774,0.027865,0.110171
15.499270,-0.023029,-0.016201,-0.035129,0.068049,0.025356,0.110419
15.509322,-0.022404,-0.016545,-0.036026,0.067761,0.023938,0.110652
15.519374,-0.021727,-0.016060,-0.036140,0.066244,0.020943,0.110872
15.529426,-0.021383,-0.015894,-0.037000,0.066554,0.020572,0.111079
15.539478,-0.020989,-0.014901,-0.036689,0.064486,0.021297,0.111274
15.549530,-0.021312,-0.014612,-0.037115,0.064239,0.021977,0.111456
15.559582,-0.020829,-0.014265,-0.036754,0.062768,0.022616,0.111627
15.569635,-0.020684,-0.014243,-0.037505,0.062351,0.023213,0.111787
15.579743,-0.020499,-0.013404,-0.037081,0.061086,0.023771,0.111937
15.589795,-0.020275,-0.013275,-0.037386,0.061263,0.024291,0.112076
15.599847,-0.019632,-0.013096,-0.038039,0.061355,0.024776,0.112206
15.609899,-0.018954,-0.012870,-0.037511,0.059837,0.025226,0.112327
15.619951,-0.018624,-0.012979,-0.037709,0.060143,0.025645,0.112439
15.630003,-0.017118,-0.012663,-0.037486,0.058841,0.026032,0.112543
15.640055,-0.017107,-0.012304,-0.037605,0.058983,0.026390,0.112638
15.650107,-0.016686,-0.011525,-0.036537,0.058661,0.026721,0.112727
15.660158,-0.016238,-0.011089,-0.036571,0.058640,0.027025,0.112808
15.670210,-0.016145,-0.010236,-0.036175,0.057772,0.027303,0.112883
15.680261,-0.016410,-0.009730,-0.035738,0.057592,0.027559,0.112952
15.690314,-0.016269,-0.008811,-0.034868,0.056567,0.027792,0.113014
15.700366,-0.016108,-0.008245,-0.034718,0.056994,0.027623,0.113071
15.710418,-0.016307,-0.006887,-0.033372,0.055815,0.027434,0.113123
15.720470,-0.016106,-0.006266,-0.033124,0.056091,0.027227,0.113169
15.730523,-0.016269,-0.006002,-0.032059,0.055144,0.027003,0.113211
15.740575,-0.016034,-0.006098,-0.031706,0.055268,0.026762,0.113249
15.750627,-0.016164,-0.005792,-0.030156,0.054938,0.025362,0.113283
15.760677,-0.015899,-0.005086,-0.029698,0.054918,0.024330,0.113313
15.770730,-0.015239,-0.004744,-0.028042,0.053684,0.022522,0.113340
15.780781,-0.014948,-0.004388,-0.027477,0.053525,0.021466,0.113363
15.790834,-0.014265,-0.004399,-0.026090,0.052912,0.020779,0.113384
15.800898,-0.014334,-0.004398,-0.025414,0.053380,0.020465,0.113402
15.810951,-0.014013,-0.004006,-0.023916,0.053016,0.020523,0.113417
15.821002,-0.014064,-0.003986,-0.023125,0.052967,0.020573,0.113431
15.831055,-0.014108,-0.004340,-0.021899,0.052858,0.020615,0.003959
15.841108,-0.013764,-0.004306,-0.021372,0.053442,0.020651,0.003968
15.851159,-0.013795,-0.004268,-0.021171,0.053584,0.020681,0.003976
15.861211,-0.013439,-0.004226,-0.019765,0.053662,0.020706,0.003983
15.871218,-0.013460,-0.004181,-0.019449,0.053301,0.020726,0.003988
15.881228,-0.013477,-0.004135,-0.017927,0.051734,0.020742,0.003993
15.891280,-0.013490,-0.004089,-0.017486,0.050865,0.020755,0.003996
15.901332,-0.013500,-0.004044,-0.016226,0.049560,0.020383,0.003999
15.911384,-0.013508,-0.004000,-0.015286,0.048577,0.020391,0.004001
15.921437,-0.013514,-0.003959,-0.014283,0.047151,0.020397,0.003621
15.931489,-0.013518,-0.003921,-0.013986,0.047197,0.020401,0.003622
15.941541,-0.013521,-0.003887,-0.013243,0.047182,0.020404,0.003623
15.951595,-0.013523,-0.003857,-0.012820,0.047492,0.019643,0.003623
15.961647,-0.013524,-0.003831,-0.012338,0.047748,0.018118,0.003623
15.971699,-0.013525,-0.003811,-0.012174,0.047945,0.017737,0.003624
15.981751,-0.013526,-0.003796,-0.011186,0.048088,0.016975,0.003624
15.991803,-0.013526,-0.003788,-0.010517,0.048172,0.016212,0.003624
