t,px,py,pz,qw,qx,qy,qz
0.000000,0.140595,-0.051173,0.311204,0.976383,-0.022666,-0.128543,-0.172163
0.010064,0.140595,-0.051173,0.311204,0.976383,-0.022666,-0.128543,-0.172163
0.020128,0.140595,-0.051173,0.311204,0.976383,-0.022666,-0.128543,-0.172163
0.030194,0.140595,-0.051173,0.311204,0.976383,-0.022666,-0.128543,-0.172163
0.040254,0.140595,-0.051173,0.311204,0.976383,-0.022666,-0.128543,-0.172163
0.050303,0.140595,-0.051173,0.311204,0.976383,-0.022666,-0.128543,-0.172163
0.060358,0.140595,-0.051173,0.311204,0.976383,-0.022666,-0.128543,-0.172163
0.070410,0.140595,-0.051173,0.311204,0.976383,-0.022666,-0.128543,-0.172163
0.080463,0.140595,-0.051173,0.311204,0.976383,-0.022666,-0.128543,-0.172163
0.090517,0.140595,-0.051173,0.311204,0.976383,-0.022666,-0.128543,-0.172163
0.100578,0.140595,-0.051173,0.311204,0.976383,-0.022666,-0.128543,-0.172163
0.110630,0.140595,-0.051173,0.311204,0.976383,-0.022666,-0.128543,-0.172163
0.120682,0.140595,-0.051173,0.311204,0.976383,-0.022666,-0.128543,-0.172163
0.130734,0.140595,-0.051173,0.311204,0.976383,-0.022666,-0.128543,-0.172163
0.140785,0.140595,-0.051173,0.311204,0.976383,-0.022666,-0.128543,-0.172163
0.150838,0.140595,-0.051173,0.311204,0.976383,-0.022666,-0.128543,-0.172163
0.160891,0.140595,-0.051173,0.311204,0.976383,-0.022666,-0.128543,-0.172163
0.170950,0.140595,-0.051173,0.311204,0.976383,-0.022666,-0.128543,-0.172163
0.181009,0.140595,-0.051173,0.311204,0.976383,-0.022666,-0.128543,-0.172163
0.191065,0.140595,-0.051173,0.311204,0.976383,-0.022666,-0.128543,-0.172163
0.201127,0.140595,-0.051173,0.311204,0.976383,-0.022666,-0.128543,-0.172163
0.211191,0.140595,-0.051173,0.311204,0.976383,-0.022666,-0.128543,-0.172163
0.221254,0.140595,-0.051173,0.311204,0.976383,-0.022666,-0.128543,-0.172163
0.231307,0.140595,-0.051173,0.311204,0.976383,-0.022666,-0.128543,-0.172163
0.241361,0.140595,-0.051173,0.311204,0.976383,-0.022666,-0.128543,-0.172163
0.251413,0.140595,-0.051173,0.311204,0.976383,-0.022666,-0.128543,-0.172163
0.261465,0.140595,-0.051173,0.311204,0.976383,-0.022666,-0.128543,-0.172163
0.271518,0.140595,-0.051173,0.311204,0.976383,-0.022666,-0.128543,-0.172163
0.281573,0.140595,-0.051173,0.311210,0.976383,-0.022666,-0.128543,-0.172163
0.291633,0.140595,-0.051173,0.311222,0.976383,-0.022666,-0.128543,-0.172163
0.301695,0.140595,-0.051173,0.311234,0.976383,-0.022666,-0.128543,-0.172163
0.311748,0.140595,-0.051173,0.311248,0.976383,-0.022666,-0.128543,-0.172163
0.321802,0.140595,-0.051173,0.311262,0.976383,-0.022666,-0.128543,-0.172163
0.331854,0.140595,-0.051173,0.311277,0.976383,-0.022666,-0.128543,-0.172163
0.341906,0.140595,-0.051173,0.311293,0.976383,-0.022666,-0.128543,-0.172163
0.351958,0.140595,-0.051173,0.311311,0.976383,-0.022666,-0.128543,-0.172163
0.362010,0.140595,-0.051173,0.311329,0.976383,-0.022666,-0.128543,-0.172163
0.372062,0.140595,-0.051173,0.311348,0.976383,-0.022666,-0.128543,-0.172163
0.382115,0.140595,-0.051173,0.311369,0.976383,-0.022666,-0.128543,-0.172163
0.392298,0.140595,-0.051173,0.311389,0.976383,-0.022666,-0.128543,-0.172163
0.402365,0.140595,-0.051173,0.311412,0.976383,-0.022666,-0.128543,-0.172163
0.412429,0.140595,-0.051173,0.311435,0.976383,-0.022666,-0.128543,-0.172163
0.422495,0.140594,-0.051173,0.311460,0.976383,-0.022666,-0.128543,-0.172163
0.432550,0.140594,-0.051173,0.311486,0.976383,-0.022666,-0.128543,-0.172163
0.442612,0.140594,-0.051173,0.311513,0.976383,-0.022666,-0.128543,-0.172163
0.452676,0.140594,-0.051173,0.311541,0.976383,-0.022666,-0.128543,-0.172163
0.462708,0.140593,-0.051173,0.311571,0.976383,-0.022666,-0.128543,-0.172163
0.472769,0.140593,-0.051173,0.311602,0.976383,-0.022666,-0.128543,-0.172163
0.482832,0.140593,-0.051173,0.311634,0.976383,-0.022666,-0.128543,-0.172163
0.492884,0.140592,-0.051173,0.311668,0.976383,-0.022666,-0.128543,-0.172163
0.502936,0.140592,-0.051173,0.311702,0.976383,-0.022666,-0.128543,-0.172163
0.512999,0.140592,-0.051173,0.311739,0.976383,-0.022666,-0.128543,-0.172163
0.523060,0.140591,-0.051173,0.311776,0.976383,-0.022666,-0.128543,-0.172163
0.533112,0.140590,-0.051173,0.311815,0.976383,-0.022666,-0.128543,-0.172163
0.543164,0.140590,-0.051173,0.311856,0.976383,-0.022666,-0.128543,-0.172163
0.553217,0.140589,-0.051173,0.311898,0.976383,-0.022666,-0.128543,-0.172163
0.563269,0.140588,-0.051173,0.311941,0.976383,-0.022666,-0.128543,-0.172163
0.573296,0.140587,-0.051173,0.311986,0.976383,-0.022666,-0.128543,-0.172163
0.583349,0.140587,-0.051173,0.312034,0.976383,-0.022666,-0.128543,-0.172163
0.593401,0.140586,-0.051173,0.312081,0.976383,-0.022666,-0.128543,-0.172163
0.603453,0.140584,-0.051173,0.312131,0.976383,-0.022666,-0.128543,-0.172163
0.613505,0.140583,-0.051173,0.312183,0.976383,-0.022666,-0.128543,-0.172163
0.623557,0.140582,-0.051173,0.312237,0.976383,-0.022666,-0.128543,-0.172163
0.633611,0.140580,-0.051173,0.312291,0.976383,-0.022666,-0.128543,-0.172163
0.643665,0.140579,-0.051173,0.312347,0.976383,-0.022666,-0.128543,-0.172163
0.653728,0.140577,-0.051173,0.312406,0.976383,-0.022666,-0.128543,-0.172163
0.663787,0.140575,-0.051173,0.312466,0.976383,-0.022666,-0.128543,-0.172163
0.673850,0.140573,-0.051173,0.312528,0.976383,-0.022666,-0.128543,-0.172163
0.683913,0.140571,-0.051173,0.312591,0.976383,-0.022666,-0.128543,-0.172163
0.693966,0.140569,-0.051173,0.312656,0.976383,-0.022666,-0.128543,-0.172163
0.704018,0.140566,-0.051173,0.312724,0.976383,-0.022666,-0.128543,-0.172163
0.714069,0.140564,-0.051173,0.312793,0.976383,-0.022666,-0.128543,-0.172163
0.724122,0.140561,-0.051173,0.312864,0.976383,-0.022666,-0.128543,-0.172163
0.734174,0.140558,-0.051173,0.312938,0.976383,-0.022666,-0.128543,-0.172163
0.744237,0.140554,-0.051173,0.313012,0.976383,-0.022666,-0.128543,-0.172163
0.754293,0.140551,-0.051173,0.313089,0.976383,-0.022666,-0.128543,-0.172163
0.764357,0.140547,-0.051173,0.313168,0.976383,-0.022666,-0.128543,-0.172163
0.774418,0.140543,-0.051173,0.313248,0.976383,-0.022666,-0.128543,-0.172163
0.784482,0.140539,-0.051173,0.313331,0.976383,-0.022666,-0.128543,-0.172163
0.794542,0.140534,-0.051173,0.313416,0.976383,-0.022666,-0.128543,-0.172163
0.804605,0.140529,-0.051173,0.313503,0.976383,-0.022666,-0.128543,-0.172163
0.814667,0.140524,-0.051173,0.313592,0.976383,-0.022666,-0.128543,-0.172163
0.824730,0.140518,-0.051173,0.313683,0.976383,-0.022666,-0.128543,-0.172163
0.834791,0.140512,-0.051173,0.313776,0.976383,-0.022666,-0.128543,-0.172163
0.844855,0.140506,-0.051173,0.313871,0.976383,-0.022666,-0.128543,-0.172163
0.854954,0.140499,-0.051173,0.313969,0.976383,-0.022666,-0.128543,-0.172163
0.865019,0.140485,-0.051173,0.314169,0.976383,-0.022666,-0.128543,-0.172163
0.875083,0.140477,-0.051173,0.314273,0.976383,-0.022666,-0.128543,-0.172163
0.885147,0.140469,-0.051173,0.314380,0.976383,-0.022666,-0.128543,-0.172163
0.895213,0.140460,-0.051173,0.314487,0.976383,-0.022666,-0.128543,-0.172163
0.905277,0.140451,-0.051173,0.314599,0.976383,-0.022666,-0.128543,-0.172163
0.915301,0.140441,-0.051173,0.314711,0.976383,-0.022666,-0.128543,-0.172163
0.925367,0.140431,-0.051173,0.314826,0.976383,-0.022666,-0.128543,-0.172163
0.935428,0.140420,-0.051173,0.314944,0.976383,-0.022666,-0.128543,-0.172163
0.945491,0.140408,-0.051173,0.315063,0.976383,-0.022666,-0.128543,-0.172163
0.955553,0.140396,-0.051173,0.315185,0.976383,-0.022666,-0.128543,-0.172163
0.965619,0.140384,-0.051173,0.315309,0.976383,-0.022666,-0.128543,-0.172163
0.975685,0.140371,-0.051173,0.315436,0.976383,-0.022666,-0.128543,-0.172163
0.985752,0.140357,-0.051173,0.315564,0.976383,-0.022666,-0.128543,-0.172163
0.995818,0.140342,-0.051173,0.315695,0.976383,-0.022666,-0.128543,-0.172163
1.005882,0.140327,-0.051173,0.315829,0.976383,-0.022666,-0.128543,-0.172163
1.015949,0.140311,-0.051173,0.315965,0.976383,-0.022666,-0.128543,-0.172163
1.026012,0.140294,-0.051173,0.316103,0.976383,-0.022666,-0.128543,-0.172163
1.036076,0.140276,-0.051173,0.316244,0.976383,-0.022666,-0.128543,-0.172163
1.046140,0.140258,-0.051173,0.316387,0.976383,-0.022666,-0.128543,-0.172163
1.056203,0.140238,-0.051173,0.316532,0.976383,-0.022666,-0.128543,-0.172163
1.066256,0.140218,-0.051173,0.316680,0.976383,-0.022666,-0.128543,-0.172163
1.076321,0.140197,-0.051173,0.316831,0.976383,-0.022666,-0.128543,-0.172163
1.086383,0.140175,-0.051173,0.316984,0.976383,-0.022666,-0.128543,-0.172163
1.096451,0.140152,-0.051173,0.317139,0.976383,-0.022666,-0.128543,-0.172163
1.106516,0.140128,-0.051173,0.317297,0.976383,-0.022666,-0.128543,-0.172163
1.116581,0.140103,-0.051173,0.317457,0.976383,-0.022666,-0.128543,-0.172163
1.126642,0.140077,-0.051173,0.317620,0.976383,-0.022666,-0.128543,-0.172163
1.136709,0.140050,-0.051173,0.317785,0.976383,-0.022666,-0.128543,-0.172163
1.146776,0.140022,-0.051173,0.317952,0.976383,-0.022666,-0.128543,-0.172163
1.156841,0.139992,-0.051173,0.318122,0.976383,-0.022666,-0.128543,-0.172163
1.166908,0.139961,-0.051173,0.318295,0.976383,-0.022666,-0.128543,-0.172163
1.176974,0.139929,-0.051173,0.318470,0.976383,-0.022666,-0.128543,-0.172163
1.187041,0.139896,-0.051173,0.318647,0.976383,-0.022666,-0.128543,-0.172163
1.197106,0.139862,-0.051173,0.318827,0.976383,-0.022666,-0.128543,-0.172163
1.207168,0.139826,-0.051173,0.319010,0.976383,-0.022666,-0.128543,-0.172163
1.217229,0.139789,-0.051173,0.319195,0.976383,-0.022666,-0.128543,-0.172163
1.227295,0.139750,-0.051173,0.319382,0.976383,-0.022666,-0.128543,-0.172163
1.237356,0.139710,-0.051173,0.319571,0.976383,-0.022666,-0.128543,-0.172163
1.247418,0.139668,-0.051173,0.319764,0.976383,-0.022666,-0.128543,-0.172163
1.257478,0.139625,-0.051173,0.319958,0.976383,-0.022666,-0.128543,-0.172163
1.267531,0.139580,-0.051173,0.320155,0.976383,-0.022666,-0.128543,-0.172163
1.277584,0.139534,-0.051173,0.320355,0.976383,-0.022666,-0.128543,-0.172163
1.287638,0.139486,-0.051173,0.320557,0.976383,-0.022666,-0.128543,-0.172163
1.297694,0.139436,-0.051173,0.320761,0.976383,-0.022666,-0.128543,-0.172163
1.307748,0.139385,-0.051173,0.320968,0.976383,-0.022666,-0.128543,-0.172163
1.317801,0.139331,-0.051173,0.321178,0.976383,-0.022666,-0.128543,-0.172163
1.327854,0.139276,-0.051173,0.321390,0.976383,-0.022666,-0.128543,-0.172163
1.337918,0.139220,-0.051173,0.321603,0.976383,-0.022666,-0.128543,-0.172163
1.347981,0.139160,-0.051173,0.321820,0.976383,-0.022666,-0.128543,-0.172163
1.358043,0.139100,-0.051173,0.322038,0.976383,-0.022666,-0.128543,-0.172163
1.368105,0.139037,-0.051173,0.322259,0.976383,-0.022666,-0.128543,-0.172163
1.378169,0.138972,-0.051173,0.322483,0.976383,-0.022666,-0.128543,-0.172163
1.388234,0.138905,-0.051173,0.322709,0.976383,-0.022666,-0.128543,-0.172163
1.398298,0.138835,-0.051173,0.322937,0.976383,-0.022666,-0.128543,-0.172163
1.408353,0.138764,-0.051173,0.323166,0.976383,-0.022666,-0.128543,-0.172163
1.418417,0.138691,-0.051173,0.323399,0.976383,-0.022666,-0.128543,-0.172163
1.428480,0.138615,-0.051173,0.323634,0.976383,-0.022666,-0.128543,-0.172163
1.438544,0.138536,-0.051173,0.323871,0.976383,-0.022666,-0.128543,-0.172163
1.448605,0.138455,-0.051173,0.324110,0.976383,-0.022666,-0.128543,-0.172163
1.458669,0.138373,-0.051173,0.324351,0.976383,-0.022666,-0.128543,-0.172163
1.468732,0.138287,-0.051173,0.324594,0.976383,-0.022666,-0.128543,-0.172163
1.478794,0.138199,-0.051173,0.324840,0.976383,-0.022666,-0.128543,-0.172163
1.488848,0.138108,-0.051173,0.325088,0.976383,-0.022666,-0.128543,-0.172163
1.498911,0.138015,-0.051173,0.325338,0.976383,-0.022666,-0.128543,-0.172163
1.508973,0.137919,-0.051173,0.325589,0.976383,-0.022666,-0.128543,-0.172163
1.519034,0.137820,-0.051173,0.325842,0.976383,-0.022666,-0.128543,-0.172163
1.529098,0.137718,-0.051173,0.326098,0.976383,-0.022666,-0.128543,-0.172163
1.539159,0.137614,-0.051173,0.326356,0.976383,-0.022666,-0.128543,-0.172163
1.549222,0.137507,-0.051173,0.326615,0.976383,-0.022666,-0.128543,-0.172163
1.559290,0.137397,-0.051173,0.326876,0.976383,-0.022666,-0.128543,-0.172163
1.569353,0.137283,-0.051173,0.327139,0.976383,-0.022666,-0.128543,-0.172163
1.579414,0.137167,-0.051173,0.327405,0.976383,-0.022666,-0.128543,-0.172163
1.589475,0.137048,-0.051173,0.327671,0.976383,-0.022666,-0.128543,-0.172163
1.599539,0.136926,-0.051173,0.327939,0.976383,-0.022666,-0.128543,-0.172163
1.609601,0.136800,-0.051173,0.328209,0.976383,-0.022666,-0.128543,-0.172163
1.619664,0.136671,-0.051173,0.328480,0.976383,-0.022666,-0.128543,-0.172163
1.629727,0.136539,-0.051173,0.328753,0.976383,-0.022666,-0.128543,-0.172163
1.639787,0.136404,-0.051173,0.329028,0.976383,-0.022666,-0.128543,-0.172163
1.649851,0.136265,-0.051173,0.329304,0.976383,-0.022666,-0.128543,-0.172163
1.659912,0.136123,-0.051173,0.329581,0.976383,-0.022666,-0.128543,-0.172163
1.669975,0.135977,-0.051173,0.329860,0.976383,-0.022666,-0.128543,-0.172163
1.680036,0.135828,-0.051173,0.330141,0.976383,-0.022666,-0.128543,-0.172163
1.690099,0.135676,-0.051173,0.330422,0.976383,-0.022666,-0.128543,-0.172163
1.700151,0.135519,-0.051173,0.330705,0.976383,-0.022666,-0.128543,-0.172163
1.710216,0.135359,-0.051173,0.330989,0.976383,-0.022666,-0.128543,-0.172163
1.720277,0.135196,-0.051173,0.331273,0.976383,-0.022666,-0.128543,-0.172163
1.730340,0.135028,-0.051173,0.331559,0.976383,-0.022666,-0.128543,-0.172163
1.740401,0.134857,-0.051173,0.331845,0.976383,-0.022666,-0.128543,-0.172163
1.750463,0.134682,-0.051173,0.332133,0.976383,-0.022666,-0.128543,-0.172163
1.760525,0.134503,-0.051173,0.332422,0.976383,-0.022666,-0.128543,-0.172163
1.770589,0.134320,-0.051173,0.332711,0.976383,-0.022666,-0.128543,-0.172163
1.780651,0.134133,-0.051173,0.333002,0.976383,-0.022666,-0.128543,-0.172163
1.790714,0.133942,-0.051173,0.333293,0.976383,-0.022666,-0.128543,-0.172163
1.800775,0.133748,-0.051173,0.333584,0.976383,-0.022666,-0.128543,-0.172163
1.810835,0.133549,-0.051173,0.333876,0.976383,-0.022666,-0.128543,-0.172163
1.820899,0.133346,-0.051173,0.334168,0.976383,-0.022666,-0.128543,-0.172163
1.830959,0.133139,-0.051173,0.334461,0.976383,-0.022666,-0.128543,-0.172163
1.841022,0.132927,-0.051173,0.334754,0.976383,-0.022666,-0.128543,-0.172163
1.851086,0.132712,-0.051173,0.335047,0.976383,-0.022666,-0.128543,-0.172163
1.861151,0.132492,-0.051173,0.335340,0.976383,-0.022666,-0.128543,-0.172163
1.871214,0.132268,-0.051173,0.335633,0.976383,-0.022666,-0.128543,-0.172163
1.881277,0.132039,-0.051173,0.335927,0.976383,-0.022666,-0.128543,-0.172163
1.891295,0.131807,-0.051173,0.336220,0.976383,-0.022666,-0.128543,-0.172163
1.901351,0.131569,-0.051173,0.336513,0.976383,-0.022666,-0.128543,-0.172163
1.911404,0.131328,-0.051173,0.336806,0.976383,-0.022666,-0.128543,-0.172163
1.921467,0.131081,-0.051173,0.337099,0.976383,-0.022666,-0.128543,-0.172163
1.931529,0.130830,-0.051173,0.337391,0.976383,-0.022666,-0.128543,-0.172163
1.941590,0.130576,-0.051173,0.337683,0.976383,-0.022666,-0.128543,-0.172163
1.951649,0.130316,-0.051173,0.337974,0.976383,-0.022666,-0.128543,-0.172163
1.961713,0.130052,-0.051173,0.338264,0.976383,-0.022666,-0.128543,-0.172163
1.971773,0.129783,-0.051173,0.338554,0.976383,-0.022666,-0.128543,-0.172163
1.981836,0.129510,-0.051173,0.338842,0.976383,-0.022666,-0.128543,-0.172163
1.991898,0.129232,-0.051173,0.339131,0.976383,-0.022666,-0.128543,-0.172163
2.001960,0.128949,-0.051173,0.339417,0.976383,-0.022666,-0.128543,-0.172163
2.012023,0.128662,-0.051173,0.339703,0.976383,-0.022666,-0.128543,-0.172163
2.022083,0.128370,-0.051173,0.339987,0.976383,-0.022666,-0.128543,-0.172163
2.032145,0.128074,-0.051173,0.340270,0.976383,-0.022666,-0.128543,-0.172163
2.042208,0.127773,-0.051173,0.340552,0.976383,-0.022666,-0.128543,-0.172163
2.052274,0.127468,-0.051173,0.340832,0.976383,-0.022666,-0.128543,-0.172163
2.062294,0.127157,-0.051173,0.341111,0.976383,-0.022666,-0.128543,-0.172163
2.072349,0.126842,-0.051173,0.341388,0.976383,-0.022666,-0.128543,-0.172163
2.082410,0.126522,-0.051173,0.341663,0.976383,-0.022666,-0.128543,-0.172163
2.092472,0.126197,-0.051173,0.341936,0.976383,-0.022666,-0.128543,-0.172163
2.102534,0.125868,-0.051173,0.342208,0.976383,-0.022666,-0.128543,-0.172163
2.112598,0.125534,-0.051173,0.342477,0.976383,-0.022666,-0.128543,-0.172163
2.122664,0.125195,-0.051173,0.342744,0.976383,-0.022666,-0.128543,-0.172163
2.132729,0.124853,-0.051173,0.343008,0.976383,-0.022666,-0.128543,-0.172163
2.142792,0.124505,-0.051173,0.343270,0.976383,-0.022666,-0.128543,-0.172163
2.152855,0.124152,-0.051173,0.343530,0.976383,-0.022666,-0.128543,-0.172163
2.162907,0.123796,-0.051173,0.343787,0.976383,-0.022666,-0.128543,-0.172163
2.172959,0.123433,-0.051173,0.344042,0.976383,-0.022666,-0.128543,-0.172163
2.183011,0.123067,-0.051173,0.344294,0.976383,-0.022666,-0.128543,-0.172163
2.193062,0.122697,-0.051173,0.344542,0.976383,-0.022666,-0.128543,-0.172163
2.203114,0.122321,-0.051173,0.344788,0.976383,-0.022666,-0.128543,-0.172163
2.213166,0.121942,-0.051173,0.345031,0.976383,-0.022666,-0.128543,-0.172163
2.223215,0.121557,-0.051173,0.345271,0.976383,-0.022666,-0.128543,-0.172163
2.233267,0.121168,-0.051173,0.345507,0.976383,-0.022666,-0.128543,-0.172163
2.243318,0.120775,-0.051173,0.345739,0.976383,-0.022666,-0.128543,-0.172163
2.253379,0.120377,-0.051173,0.345969,0.976383,-0.022666,-0.128543,-0.172163
2.263441,0.119976,-0.051173,0.346194,0.976383,-0.022666,-0.128543,-0.172163
2.273502,0.119570,-0.051173,0.346416,0.976383,-0.022666,-0.128543,-0.172163
2.283568,0.119159,-0.051173,0.346635,0.976383,-0.022666,-0.128543,-0.172163
2.293629,0.118744,-0.051173,0.346849,0.976383,-0.022666,-0.128543,-0.172163
2.303692,0.118326,-0.051173,0.347059,0.976383,-0.022666,-0.128543,-0.172163
2.313753,0.117902,-0.051173,0.347265,0.976383,-0.022666,-0.128543,-0.172163
2.323807,0.117475,-0.051173,0.347467,0.976383,-0.022666,-0.128543,-0.172163
2.333862,0.117044,-0.051173,0.347664,0.976383,-0.022666,-0.128543,-0.172163
2.343915,0.116608,-0.051173,0.347858,0.976383,-0.022666,-0.128543,-0.172163
2.353967,0.116170,-0.051173,0.348046,0.976383,-0.022666,-0.128543,-0.172163
2.364029,0.115727,-0.051173,0.348230,0.976383,-0.022666,-0.128543,-0.172163
2.374090,0.115280,-0.051173,0.348410,0.976383,-0.022666,-0.128543,-0.172163
2.384156,0.114830,-0.051173,0.348585,0.976383,-0.022666,-0.128543,-0.172163
2.394217,0.114376,-0.051173,0.348754,0.976383,-0.022666,-0.128543,-0.172163
2.404278,0.113919,-0.051172,0.348919,0.976383,-0.022666,-0.128543,-0.172163
2.414298,0.113457,-0.051172,0.349079,0.976383,-0.022666,-0.128543,-0.172163
2.424360,0.112992,-0.051172,0.349233,0.976383,-0.022666,-0.128543,-0.172163
2.434424,0.112525,-0.051172,0.349383,0.976383,-0.022666,-0.128543,-0.172163
2.444485,0.112053,-0.051172,0.349527,0.976383,-0.022666,-0.128543,-0.172163
2.454548,0.111579,-0.051172,0.349665,0.976383,-0.022666,-0.128543,-0.172163
2.464612,0.111101,-0.051172,0.349799,0.976383,-0.022666,-0.128543,-0.172163
2.474677,0.110621,-0.051172,0.349926,0.976383,-0.022666,-0.128543,-0.172163
2.484739,0.110137,-0.051172,0.350048,0.976383,-0.022666,-0.128543,-0.172163
2.494802,0.109651,-0.051172,0.350164,0.976383,-0.022666,-0.128543,-0.172163
2.504866,0.109162,-0.051172,0.350275,0.976383,-0.022666,-0.128543,-0.172163
2.514931,0.108670,-0.051172,0.350379,0.976383,-0.022666,-0.128543,-0.172163
2.524986,0.108176,-0.051172,0.350478,0.976383,-0.022666,-0.128543,-0.172163
2.535049,0.107179,-0.051172,0.350657,0.976383,-0.022666,-0.128543,-0.172163
2.545112,0.106678,-0.051172,0.350738,0.976383,-0.022666,-0.128543,-0.172163
2.555179,0.106175,-0.051172,0.350812,0.976383,-0.022666,-0.128543,-0.172163
2.565243,0.105669,-0.051172,0.350880,0.976383,-0.022666,-0.128543,-0.172163
2.575310,0.105161,-0.051172,0.350942,0.976383,-0.022666,-0.128543,-0.172163
2.585375,0.104651,-0.051172,0.350997,0.976383,-0.022666,-0.128543,-0.172163
2.595441,0.104140,-0.051172,0.351046,0.976383,-0.022666,-0.128543,-0.172163
2.605505,0.103627,-0.051172,0.351088,0.976383,-0.022666,-0.128543,-0.172163
2.615572,0.103113,-0.051172,0.351124,0.976383,-0.022666,-0.128543,-0.172163
2.625634,0.102597,-0.051172,0.351153,0.976383,-0.022666,-0.128543,-0.172163
2.635696,0.102079,-0.051172,0.351175,0.976383,-0.022666,-0.128543,-0.172163
2.645759,0.101561,-0.051172,0.351191,0.976383,-0.022666,-0.128543,-0.172163
2.655824,0.101041,-0.051172,0.351200,0.976383,-0.022666,-0.128543,-0.172163
2.665877,0.100521,-0.051172,0.351203,0.976383,-0.022666,-0.128543,-0.172163
2.675940,0.100000,-0.051172,0.351198,0.976383,-0.022666,-0.128543,-0.172163
2.686003,0.099479,-0.051172,0.351187,0.976383,-0.022666,-0.128543,-0.172163
2.696067,0.098956,-0.051172,0.351169,0.976383,-0.022666,-0.128543,-0.172163
2.706129,0.098432,-0.051172,0.351144,0.976383,-0.022666,-0.128543,-0.172163
2.716188,0.097909,-0.051172,0.351113,0.976383,-0.022666,-0.128543,-0.172163
2.726250,0.097386,-0.051172,0.351074,0.976383,-0.022666,-0.128543,-0.172163
2.736310,0.096862,-0.051172,0.351028,0.976383,-0.022666,-0.128543,-0.172163
2.746372,0.096339,-0.051172,0.350976,0.976383,-0.022666,-0.128543,-0.172163
2.756457,0.095816,-0.051172,0.350916,0.976383,-0.022666,-0.128543,-0.172163
2.766521,0.095293,-0.051172,0.350850,0.976383,-0.022666,-0.128543,-0.172163
2.776581,0.094770,-0.051172,0.350776,0.976383,-0.022666,-0.128543,-0.172163
2.786645,0.094248,-0.051172,0.350696,0.976383,-0.022666,-0.128543,-0.172163
2.796708,0.093727,-0.051172,0.350609,0.976383,-0.022666,-0.128543,-0.172163
2.806770,0.093206,-0.051172,0.350515,0.976383,-0.022666,-0.128543,-0.172163
2.816833,0.092686,-0.051172,0.350413,0.976383,-0.022666,-0.128543,-0.172163
2.826891,0.092168,-0.051172,0.350305,0.976383,-0.022666,-0.128543,-0.172163
2.836952,0.091650,-0.051172,0.350190,0.976383,-0.022666,-0.128543,-0.172163
2.847004,0.091134,-0.051172,0.350068,0.976383,-0.022666,-0.128543,-0.172163
2.857067,0.090619,-0.051172,0.349939,0.976383,-0.022666,-0.128543,-0.172163
2.867126,0.090106,-0.051172,0.349803,0.976383,-0.022666,-0.128543,-0.172163
2.877189,0.089595,-0.051172,0.349661,0.976383,-0.022666,-0.128543,-0.172163
2.887251,0.089085,-0.051172,0.349511,0.976383,-0.022666,-0.128543,-0.172163
2.897291,0.088578,-0.051172,0.349355,0.976383,-0.022666,-0.128543,-0.172163
2.907349,0.088072,-0.051172,0.349192,0.976383,-0.022666,-0.128543,-0.172163
2.917401,0.087569,-0.051172,0.349022,0.976383,-0.022666,-0.128543,-0.172163
2.927453,0.087068,-0.051172,0.348846,0.976383,-0.022666,-0.128543,-0.172163
2.937505,0.086569,-0.051172,0.348663,0.976383,-0.022666,-0.128543,-0.172163
2.947557,0.086073,-0.051172,0.348474,0.976383,-0.022666,-0.128543,-0.172163
2.957608,0.085580,-0.051172,0.348278,0.976383,-0.022666,-0.128543,-0.172163
2.967690,0.085089,-0.051172,0.348075,0.976383,-0.022666,-0.128543,-0.172163
2.977742,0.084602,-0.051172,0.347866,0.976383,-0.022666,-0.128543,-0.172163
2.987791,0.084117,-0.051172,0.347651,0.976383,-0.022666,-0.128543,-0.172163
2.997842,0.083635,-0.051172,0.347429,0.976383,-0.022666,-0.128543,-0.172163
3.007894,0.083158,-0.051172,0.347202,0.976383,-0.022666,-0.128543,-0.172163
3.017944,0.082682,-0.051172,0.346968,0.976383,-0.022666,-0.128543,-0.172163
3.027995,0.082212,-0.051172,0.346728,0.976383,-0.022666,-0.128543,-0.172163
3.038047,0.081744,-0.051172,0.346482,0.976383,-0.022666,-0.128543,-0.172163
3.048098,0.081280,-0.051172,0.346230,0.976383,-0.022666,-0.128543,-0.172163
3.058149,0.080819,-0.051172,0.345972,0.976383,-0.022666,-0.128543,-0.172163
3.068201,0.080363,-0.051172,0.345709,0.976383,-0.022666,-0.128543,-0.172163
3.078252,0.079910,-0.051172,0.345439,0.976383,-0.022666,-0.128543,-0.172163
3.088303,0.079462,-0.051172,0.345164,0.976383,-0.022666,-0.128543,-0.172163
3.098354,0.079018,-0.051172,0.344884,0.976383,-0.022666,-0.128543,-0.172163
3.108406,0.078578,-0.051172,0.344598,0.976383,-0.022666,-0.128543,-0.172163
3.118459,0.078142,-0.051172,0.344307,0.976383,-0.022666,-0.128543,-0.172163
3.128510,0.077712,-0.051172,0.344011,0.976383,-0.022666,-0.128543,-0.172163
3.138562,0.077286,-0.051172,0.343709,0.976383,-0.022666,-0.128543,-0.172163
3.148614,0.076864,-0.051172,0.343402,0.976383,-0.022666,-0.128543,-0.172163
3.158671,0.076447,-0.051172,0.343091,0.976383,-0.022666,-0.128543,-0.172163
3.168722,0.076034,-0.051172,0.342774,0.976383,-0.022666,-0.128543,-0.172163
3.178774,0.075627,-0.051172,0.342453,0.976383,-0.022666,-0.128543,-0.172163
3.188823,0.075224,-0.051172,0.342127,0.976383,-0.022666,-0.128543,-0.172163
3.198874,0.074828,-0.051172,0.341797,0.976383,-0.022666,-0.128543,-0.172163
3.208925,0.074435,-0.051172,0.341462,0.976383,-0.022666,-0.128543,-0.172163
3.218977,0.074048,-0.051172,0.341123,0.976383,-0.022666,-0.128543,-0.172163
3.229028,0.073666,-0.051172,0.340780,0.976383,-0.022666,-0.128543,-0.172163
3.239080,0.073289,-0.051172,0.340432,0.976383,-0.022666,-0.128543,-0.172163
3.249131,0.072919,-0.051172,0.340082,0.976383,-0.022666,-0.128543,-0.172163
3.259183,0.072553,-0.051172,0.339727,0.976383,-0.022666,-0.128543,-0.172163
3.269235,0.072192,-0.051172,0.339368,0.976383,-0.022666,-0.128543,-0.172163
3.279292,0.071837,-0.051172,0.339005,0.976383,-0.022666,-0.128543,-0.172163
3.289349,0.071488,-0.051172,0.338639,0.976383,-0.022666,-0.128543,-0.172163
3.299416,0.071145,-0.051172,0.338270,0.976383,-0.022666,-0.128543,-0.172163
3.309479,0.070807,-0.051172,0.337898,0.976383,-0.022666,-0.128543,-0.172163
3.319542,0.070474,-0.051172,0.337522,0.976383,-0.022666,-0.128543,-0.172163
3.329606,0.070147,-0.051172,0.337143,0.976383,-0.022666,-0.128543,-0.172163
3.339673,0.069827,-0.051172,0.336762,0.976383,-0.022666,-0.128543,-0.172163
3.349737,0.069512,-0.051172,0.336378,0.976383,-0.022666,-0.128543,-0.172163
3.359793,0.069202,-0.051172,0.335991,0.976383,-0.022666,-0.128543,-0.172163
3.369890,0.068898,-0.051172,0.335601,0.976383,-0.022666,-0.128543,-0.172163
3.379955,0.068601,-0.051172,0.335210,0.976383,-0.022666,-0.128543,-0.172163
3.390020,0.068309,-0.051172,0.334816,0.976383,-0.022666,-0.128543,-0.172163
3.400084,0.068023,-0.051172,0.334420,0.976383,-0.022666,-0.128543,-0.172163
3.410145,0.067744,-0.051172,0.334023,0.976383,-0.022666,-0.128543,-0.172163
3.420208,0.067469,-0.051172,0.333623,0.976383,-0.022666,-0.128543,-0.172163
3.430327,0.067201,-0.051172,0.333221,0.976383,-0.022666,-0.128543,-0.172163
3.440391,0.066939,-0.051172,0.332819,0.976383,-0.022666,-0.128543,-0.172163
3.450455,0.066683,-0.051172,0.332414,0.976383,-0.022666,-0.128543,-0.172163
3.460518,0.066432,-0.051172,0.332008,0.976383,-0.022666,-0.128543,-0.172163
3.470580,0.066188,-0.051172,0.331601,0.976383,-0.022666,-0.128543,-0.172163
3.480645,0.065949,-0.051172,0.331193,0.976383,-0.022666,-0.128543,-0.172163
3.490705,0.065716,-0.051172,0.330783,0.976383,-0.022666,-0.128543,-0.172163
3.500768,0.065489,-0.051172,0.330374,0.976383,-0.022666,-0.128543,-0.172163
3.510833,0.065268,-0.051172,0.329963,0.976383,-0.022666,-0.128543,-0.172163
3.520898,0.065052,-0.051172,0.329552,0.976383,-0.022666,-0.128543,-0.172163
3.530960,0.064843,-0.051172,0.329140,0.976383,-0.022666,-0.128543,-0.172163
3.541020,0.064639,-0.051172,0.328728,0.976383,-0.022666,-0.128543,-0.172163
3.551075,0.064442,-0.051172,0.328317,0.976383,-0.022666,-0.128543,-0.172163
3.561136,0.064249,-0.051172,0.327904,0.976383,-0.022666,-0.128543,-0.172163
3.571200,0.064063,-0.051172,0.327492,0.976383,-0.022666,-0.128543,-0.172163
3.581261,0.063882,-0.051172,0.327080,0.976383,-0.022666,-0.128543,-0.172163
3.591302,0.063706,-0.051172,0.326668,0.976383,-0.022666,-0.128543,-0.172163
3.601440,0.063537,-0.051172,0.326257,0.976383,-0.022666,-0.128543,-0.172163
3.611504,0.063372,-0.051172,0.325846,0.976383,-0.022666,-0.128543,-0.172163
3.621568,0.063214,-0.051172,0.325436,0.976383,-0.022666,-0.128543,-0.172163
3.631629,0.063060,-0.051172,0.325026,0.976383,-0.022666,-0.128543,-0.172163
3.641690,0.062912,-0.051172,0.324618,0.976383,-0.022666,-0.128543,-0.172163
3.651752,0.062770,-0.051172,0.324210,0.976383,-0.022666,-0.128543,-0.172163
3.661815,0.062632,-0.051172,0.323804,0.976383,-0.022666,-0.128543,-0.172163
3.671878,0.062500,-0.051172,0.323398,0.976383,-0.022666,-0.128543,-0.172163
3.681939,0.062373,-0.051172,0.322994,0.976383,-0.022666,-0.128543,-0.172163
3.692002,0.062251,-0.051172,0.322591,0.976383,-0.022666,-0.128543,-0.172163
3.702060,0.062134,-0.051172,0.322191,0.976383,-0.022666,-0.128543,-0.172163
3.712123,0.062023,-0.051172,0.321791,0.976383,-0.022666,-0.128543,-0.172163
3.722186,0.061916,-0.051172,0.321393,0.976383,-0.022666,-0.128543,-0.172163
3.732248,0.061814,-0.051172,0.320997,0.976383,-0.022666,-0.128543,-0.172163
3.742302,0.061716,-0.051172,0.320603,0.976383,-0.022666,-0.128543,-0.172163
3.752358,0.061623,-0.051173,0.320211,0.976383,-0.022666,-0.128543,-0.172163
3.762419,0.061535,-0.051173,0.319820,0.976383,-0.022666,-0.128543,-0.172163
3.772475,0.061452,-0.051173,0.319433,0.976383,-0.022666,-0.128543,-0.172163
3.782536,0.061373,-0.051173,0.319048,0.976383,-0.022666,-0.128543,-0.172163
3.792599,0.061298,-0.051173,0.318664,0.976383,-0.022666,-0.128543,-0.172163
3.802663,0.061227,-0.051173,0.318284,0.976383,-0.022666,-0.128543,-0.172163
3.812733,0.061161,-0.051173,0.317906,0.976383,-0.022666,-0.128543,-0.172163
3.822798,0.061099,-0.051173,0.317530,0.976383,-0.022666,-0.128543,-0.172163
3.832862,0.061041,-0.051173,0.317157,0.976383,-0.022666,-0.128543,-0.172163
3.842925,0.060988,-0.051173,0.316787,0.976383,-0.022666,-0.128543,-0.172163
3.852991,0.060937,-0.051173,0.316419,0.976383,-0.022666,-0.128543,-0.172163
3.863056,0.060891,-0.051173,0.316055,0.976383,-0.022666,-0.128543,-0.172163
3.873119,0.060849,-0.051173,0.315694,0.976383,-0.022666,-0.128543,-0.172163
3.883184,0.060810,-0.051173,0.315336,0.976383,-0.022666,-0.128543,-0.172163
3.893250,0.060775,-0.051173,0.314981,0.976383,-0.022666,-0.128543,-0.172163
3.903291,0.060743,-0.051173,0.314629,0.976383,-0.022666,-0.128543,-0.172163
3.913354,0.060714,-0.051173,0.314281,0.976383,-0.022666,-0.128543,-0.172163
3.923417,0.060689,-0.051173,0.313936,0.976383,-0.022666,-0.128543,-0.172163
3.933481,0.060667,-0.051173,0.313595,0.976383,-0.022666,-0.128543,-0.172163
3.943542,0.060649,-0.051173,0.313256,0.976383,-0.022666,-0.128543,-0.172163
3.953606,0.060633,-0.051173,0.312921,0.976383,-0.022666,-0.128543,-0.172163
3.963669,0.060620,-0.051173,0.312590,0.976383,-0.022666,-0.128543,-0.172163
3.973734,0.060610,-0.051173,0.312263,0.976383,-0.022666,-0.128543,-0.172163
3.983795,0.060603,-0.051173,0.311939,0.976383,-0.022666,-0.128543,-0.172163
3.993858,0.060598,-0.051173,0.311619,0.976383,-0.022666,-0.128543,-0.172163
4.003922,0.060596,-0.051173,0.311303,0.976383,-0.022666,-0.128543,-0.172163
4.013984,0.060596,-0.051173,0.310989,0.976383,-0.022666,-0.128543,-0.172163
4.024038,0.060599,-0.051173,0.310675,0.976383,-0.022666,-0.128543,-0.172163
4.034101,0.060605,-0.051173,0.310361,0.976383,-0.022666,-0.128543,-0.172163
4.044163,0.060613,-0.051173,0.310046,0.976383,-0.022666,-0.128543,-0.172163
4.054224,0.060623,-0.051173,0.309732,0.976383,-0.022666,-0.128543,-0.172163
4.064288,0.060636,-0.051173,0.309419,0.976383,-0.022666,-0.128543,-0.172163
4.074350,0.060651,-0.051173,0.309105,0.976383,-0.022666,-0.128543,-0.172163
4.084412,0.060669,-0.051173,0.308791,0.976383,-0.022666,-0.128543,-0.172163
4.094476,0.060689,-0.051173,0.308478,0.976383,-0.022666,-0.128543,-0.172163
4.104538,0.060711,-0.051173,0.308164,0.976383,-0.022666,-0.128543,-0.172163
4.114599,0.060737,-0.051173,0.307851,0.976383,-0.022666,-0.128543,-0.172163
4.124663,0.060764,-0.051173,0.307538,0.976383,-0.022666,-0.128543,-0.172163
4.134728,0.060794,-0.051173,0.307225,0.976383,-0.022666,-0.128543,-0.172163
4.144790,0.060827,-0.051173,0.306913,0.976383,-0.022666,-0.128543,-0.172163
4.154853,0.060862,-0.051173,0.306601,0.976383,-0.022666,-0.128543,-0.172163
4.164917,0.060899,-0.051173,0.306289,0.976383,-0.022666,-0.128543,-0.172163
4.174978,0.060939,-0.051173,0.305977,0.976383,-0.022666,-0.128543,-0.172163
4.185041,0.061026,-0.051173,0.305355,0.976383,-0.022666,-0.128543,-0.172163
4.195104,0.061073,-0.051173,0.305044,0.976383,-0.022666,-0.128543,-0.172163
4.205166,0.061122,-0.051173,0.304734,0.976383,-0.022666,-0.128543,-0.172163
4.215227,0.061175,-0.051173,0.304424,0.976383,-0.022666,-0.128543,-0.172163
4.225292,0.061229,-0.051173,0.304115,0.976383,-0.022666,-0.128543,-0.172163
4.235346,0.061286,-0.051173,0.303806,0.976383,-0.022666,-0.128543,-0.172163
4.245409,0.061345,-0.051173,0.303498,0.976383,-0.022666,-0.128543,-0.172163
4.255537,0.061407,-0.051173,0.303189,0.976383,-0.022666,-0.128543,-0.172163
4.265603,0.061471,-0.051173,0.302882,0.976383,-0.022666,-0.128543,-0.172163
4.275664,0.061538,-0.051173,0.302575,0.976383,-0.022666,-0.128543,-0.172163
4.285732,0.061607,-0.051173,0.302268,0.976383,-0.022666,-0.128543,-0.172163
4.295792,0.061678,-0.051173,0.301962,0.976383,-0.022666,-0.128543,-0.172163
4.305855,0.061752,-0.051173,0.301657,0.976383,-0.022666,-0.128543,-0.172163
4.315917,0.061828,-0.051173,0.301352,0.976383,-0.022666,-0.128543,-0.172163
4.325979,0.061906,-0.051173,0.301048,0.976383,-0.022666,-0.128543,-0.172163
4.336040,0.061987,-0.051173,0.300745,0.976383,-0.022666,-0.128543,-0.172163
4.346105,0.062071,-0.051173,0.300442,0.976383,-0.022666,-0.128543,-0.172163
4.356167,0.062156,-0.051173,0.300139,0.976383,-0.022666,-0.128543,-0.172163
4.366227,0.062245,-0.051173,0.299838,0.976383,-0.022666,-0.128543,-0.172163
4.376279,0.062335,-0.051173,0.299537,0.976383,-0.022666,-0.128543,-0.172163
4.386283,0.062428,-0.051173,0.299237,0.976383,-0.022666,-0.128543,-0.172163
4.396336,0.062523,-0.051173,0.298938,0.976383,-0.022666,-0.128543,-0.172163
4.406388,0.062621,-0.051173,0.298639,0.976383,-0.022666,-0.128543,-0.172163
4.416440,0.062720,-0.051173,0.298341,0.976383,-0.022666,-0.128543,-0.172163
4.426492,0.062823,-0.051173,0.298044,0.976383,-0.022666,-0.128543,-0.172163
4.436546,0.062927,-0.051173,0.297748,0.976383,-0.022666,-0.128543,-0.172163
4.446599,0.063034,-0.051173,0.297452,0.976383,-0.022666,-0.128543,-0.172163
4.456662,0.063143,-0.051173,0.297158,0.976383,-0.022666,-0.128543,-0.172163
4.466722,0.063255,-0.051173,0.296864,0.976383,-0.022666,-0.128543,-0.172163
4.476784,0.063368,-0.051173,0.296571,0.976383,-0.022666,-0.128543,-0.172163
4.486919,0.063484,-0.051173,0.296279,0.976383,-0.022666,-0.128543,-0.172163
4.496984,0.063603,-0.051173,0.295988,0.976383,-0.022666,-0.128543,-0.172163
4.507042,0.063723,-0.051173,0.295698,0.976383,-0.022666,-0.128543,-0.172163
4.517105,0.063846,-0.051173,0.295409,0.976383,-0.022666,-0.128543,-0.172163
4.527167,0.063971,-0.051173,0.295121,0.976383,-0.022666,-0.128543,-0.172163
4.537222,0.064099,-0.051173,0.294834,0.976383,-0.022666,-0.128543,-0.172163
4.547284,0.064229,-0.051173,0.294548,0.976383,-0.022666,-0.128543,-0.172163
4.557345,0.064361,-0.051173,0.294263,0.976383,-0.022666,-0.128543,-0.172163
4.567407,0.064495,-0.051173,0.293978,0.976383,-0.022666,-0.128543,-0.172163
4.577470,0.064631,-0.051173,0.293695,0.976383,-0.022666,-0.128543,-0.172163
4.587531,0.064770,-0.051173,0.293414,0.976383,-0.022666,-0.128543,-0.172163
4.597593,0.064911,-0.051173,0.293133,0.976383,-0.022666,-0.128543,-0.172163
4.607653,0.065054,-0.051173,0.292853,0.976383,-0.022666,-0.128543,-0.172163
4.617715,0.065199,-0.051173,0.292574,0.976383,-0.022666,-0.128543,-0.172163
4.627776,0.065346,-0.051173,0.292297,0.976383,-0.022666,-0.128543,-0.172163
4.637838,0.065496,-0.051173,0.292021,0.976383,-0.022666,-0.128543,-0.172163
4.647902,0.065648,-0.051173,0.291746,0.976383,-0.022666,-0.128543,-0.172163
4.657967,0.065801,-0.051173,0.291472,0.976383,-0.022666,-0.128543,-0.172163
4.668028,0.065957,-0.051173,0.291199,0.976383,-0.022666,-0.128543,-0.172163
4.678089,0.066116,-0.051173,0.290928,0.976383,-0.022666,-0.128543,-0.172163
4.688149,0.066276,-0.051173,0.290658,0.976383,-0.022666,-0.128543,-0.172163
4.698219,0.066438,-0.051173,0.290389,0.976383,-0.022666,-0.128543,-0.172163
4.708281,0.066603,-0.051173,0.290121,0.976383,-0.022666,-0.128543,-0.172163
4.718346,0.066770,-0.051173,0.289855,0.976383,-0.022666,-0.128543,-0.172163
4.728410,0.066938,-0.051173,0.289590,0.976383,-0.022666,-0.128543,-0.172163
4.738470,0.067109,-0.051173,0.289326,0.976383,-0.022666,-0.128543,-0.172163
4.748523,0.067282,-0.051173,0.289064,0.976383,-0.022666,-0.128543,-0.172163
4.758583,0.067457,-0.051173,0.288803,0.976383,-0.022666,-0.128543,-0.172163
4.768644,0.067634,-0.051173,0.288543,0.976383,-0.022666,-0.128543,-0.172163
4.778703,0.067813,-0.051173,0.288285,0.976383,-0.022666,-0.128543,-0.172163
4.788764,0.067994,-0.051173,0.288028,0.976383,-0.022666,-0.128543,-0.172163
4.798823,0.068177,-0.051173,0.287773,0.976383,-0.022666,-0.128543,-0.172163
4.808885,0.068362,-0.051173,0.287519,0.976383,-0.022666,-0.128543,-0.172163
4.818948,0.068549,-0.051173,0.287267,0.976383,-0.022666,-0.128543,-0.172163
4.829009,0.068738,-0.051173,0.287016,0.976383,-0.022666,-0.128543,-0.172163
4.839069,0.068929,-0.051173,0.286766,0.976383,-0.022666,-0.128543,-0.172163
4.849132,0.069122,-0.051173,0.286518,0.976383,-0.022666,-0.128543,-0.172163
4.859194,0.069317,-0.051173,0.286272,0.976383,-0.022666,-0.128543,-0.172163
4.869255,0.069513,-0.051173,0.286027,0.976383,-0.022666,-0.128543,-0.172163
4.879317,0.069712,-0.051173,0.285784,0.976383,-0.022666,-0.128543,-0.172163
4.889378,0.069913,-0.051173,0.285542,0.976383,-0.022666,-0.128543,-0.172163
4.899441,0.070115,-0.051173,0.285302,0.976383,-0.022666,-0.128543,-0.172163
4.909503,0.070319,-0.051173,0.285063,0.976383,-0.022666,-0.128543,-0.172163
4.919564,0.070526,-0.051173,0.284826,0.976383,-0.022666,-0.128543,-0.172163
4.929625,0.070734,-0.051173,0.284591,0.976383,-0.022666,-0.128543,-0.172163
4.939687,0.070944,-0.051173,0.284357,0.976383,-0.022666,-0.128543,-0.172163
4.949752,0.071156,-0.051173,0.284125,0.976383,-0.022666,-0.128543,-0.172163
4.959814,0.071369,-0.051173,0.283895,0.976383,-0.022666,-0.128543,-0.172163
4.969874,0.071584,-0.051173,0.283666,0.976383,-0.022666,-0.128543,-0.172163
4.979936,0.071802,-0.051173,0.283439,0.976383,-0.022666,-0.128543,-0.172163
4.989996,0.072021,-0.051173,0.283214,0.976383,-0.022666,-0.128543,-0.172163
5.000060,0.072241,-0.051173,0.282990,0.976383,-0.022666,-0.128543,-0.172163
5.010124,0.072464,-0.051173,0.282768,0.976383,-0.022666,-0.128543,-0.172163
5.020184,0.072688,-0.051173,0.282548,0.976383,-0.022666,-0.128543,-0.172163
5.030246,0.072914,-0.051173,0.282330,0.976383,-0.022666,-0.128543,-0.172163
5.040307,0.073142,-0.051173,0.282113,0.976383,-0.022666,-0.128543,-0.172163
5.050370,0.073371,-0.051173,0.281899,0.976383,-0.022666,-0.128543,-0.172163
5.060432,0.073602,-0.051173,0.281686,0.976383,-0.022666,-0.128543,-0.172163
5.070490,0.073835,-0.051173,0.281475,0.976383,-0.022666,-0.128543,-0.172163
5.080550,0.074069,-0.051173,0.281265,0.976383,-0.022666,-0.128543,-0.172163
5.090612,0.074305,-0.051173,0.281058,0.976383,-0.022666,-0.128543,-0.172163
5.100673,0.074542,-0.051173,0.280852,0.976383,-0.022666,-0.128543,-0.172163
5.110736,0.074782,-0.051173,0.280649,0.976383,-0.022666,-0.128543,-0.172163
5.120788,0.075022,-0.051173,0.280447,0.976383,-0.022666,-0.128543,-0.172163
5.130838,0.075265,-0.051173,0.280247,0.976383,-0.022666,-0.128543,-0.172163
5.140900,0.075509,-0.051173,0.280049,0.976383,-0.022666,-0.128543,-0.172163
5.150961,0.075754,-0.051173,0.279853,0.976383,-0.022666,-0.128543,-0.172163
5.161023,0.076001,-0.051173,0.279659,0.976383,-0.022666,-0.128543,-0.172163
5.171083,0.076250,-0.051173,0.279467,0.976383,-0.022666,-0.128543,-0.172163
5.181145,0.076500,-0.051173,0.279276,0.976383,-0.022666,-0.128543,-0.172163
5.191205,0.076751,-0.051173,0.279088,0.976383,-0.022666,-0.128543,-0.172163
5.201266,0.077004,-0.051173,0.278902,0.976383,-0.022666,-0.128543,-0.172163
5.211327,0.077258,-0.051173,0.278718,0.976383,-0.022666,-0.128543,-0.172163
5.221390,0.077514,-0.051173,0.278535,0.976383,-0.022666,-0.128543,-0.172163
5.231454,0.077772,-0.051173,0.278355,0.976383,-0.022666,-0.128543,-0.172163
5.241517,0.078030,-0.051173,0.278177,0.976383,-0.022666,-0.128543,-0.172163
5.251578,0.078290,-0.051173,0.278001,0.976383,-0.022666,-0.128543,-0.172163
5.261640,0.078552,-0.051173,0.277826,0.976383,-0.022666,-0.128543,-0.172163
5.271702,0.078815,-0.051173,0.277654,0.976383,-0.022666,-0.128543,-0.172163
5.281765,0.079079,-0.051173,0.277484,0.976383,-0.022666,-0.128543,-0.172163
5.291825,0.079344,-0.051173,0.277316,0.976383,-0.022666,-0.128543,-0.172163
5.301887,0.079611,-0.051173,0.277150,0.976383,-0.022666,-0.128543,-0.172163
5.311946,0.079879,-0.051173,0.276987,0.976383,-0.022666,-0.128543,-0.172163
5.322008,0.080149,-0.051173,0.276825,0.976383,-0.022666,-0.128543,-0.172163
5.332069,0.080419,-0.051173,0.276666,0.976383,-0.022666,-0.128543,-0.172163
5.342130,0.080691,-0.051173,0.276508,0.976383,-0.022666,-0.128543,-0.172163
5.352205,0.080964,-0.051173,0.276353,0.976383,-0.022666,-0.128543,-0.172163
5.362265,0.081239,-0.051173,0.276200,0.976383,-0.022666,-0.128543,-0.172163
5.372328,0.081514,-0.051173,0.276049,0.976383,-0.022666,-0.128543,-0.172163
5.382387,0.081791,-0.051173,0.275900,0.976383,-0.022666,-0.128543,-0.172163
5.392449,0.082069,-0.051173,0.275753,0.976383,-0.022666,-0.128543,-0.172163
5.402514,0.082348,-0.051173,0.275609,0.976383,-0.022666,-0.128543,-0.172163
5.412576,0.082628,-0.051173,0.275467,0.976383,-0.022666,-0.128543,-0.172163
5.422635,0.082909,-0.051173,0.275327,0.976383,-0.022666,-0.128543,-0.172163
5.432696,0.083191,-0.051173,0.275189,0.976383,-0.022666,-0.128543,-0.172163
5.442758,0.083475,-0.051173,0.275053,0.976383,-0.022666,-0.128543,-0.172163
5.452823,0.083759,-0.051173,0.274920,0.976383,-0.022666,-0.128543,-0.172163
5.462883,0.084045,-0.051173,0.274789,0.976383,-0.022666,-0.128543,-0.172163
5.472947,0.084331,-0.051173,0.274660,0.976383,-0.022666,-0.128543,-0.172163
5.483009,0.084619,-0.051173,0.274533,0.976383,-0.022666,-0.128543,-0.172163
5.493071,0.084907,-0.051173,0.274409,0.976383,-0.022666,-0.128543,-0.172163
5.503131,0.085197,-0.051173,0.274287,0.976383,-0.022666,-0.128543,-0.172163
5.513194,0.085487,-0.051173,0.274167,0.976383,-0.022666,-0.128543,-0.172163
5.523255,0.085778,-0.051173,0.274050,0.976383,-0.022666,-0.128543,-0.172163
5.533308,0.086071,-0.051173,0.273935,0.976383,-0.022666,-0.128543,-0.172163
5.543369,0.086364,-0.051173,0.273822,0.976383,-0.022666,-0.128543,-0.172163
5.553433,0.086658,-0.051173,0.273711,0.976383,-0.022666,-0.128543,-0.172163
5.563566,0.086953,-0.051173,0.273603,0.976383,-0.022666,-0.128543,-0.172163
5.573628,0.087248,-0.051173,0.273497,0.976383,-0.022666,-0.128543,-0.172163
5.583687,0.087545,-0.051173,0.273393,0.976383,-0.022666,-0.128543,-0.172163
5.593750,0.087842,-0.051173,0.273292,0.976383,-0.022666,-0.128543,-0.172163
5.603809,0.088140,-0.051173,0.273193,0.976383,-0.022666,-0.128543,-0.172163
5.613872,0.088439,-0.051173,0.273096,0.976383,-0.022666,-0.128543,-0.172163
5.623932,0.088739,-0.051173,0.273002,0.976383,-0.022666,-0.128543,-0.172163
5.633994,0.089039,-0.051173,0.272910,0.976383,-0.022666,-0.128543,-0.172163
5.644058,0.089341,-0.051173,0.272820,0.976383,-0.022666,-0.128543,-0.172163
5.654119,0.089642,-0.051173,0.272733,0.976383,-0.022666,-0.128543,-0.172163
5.664181,0.089945,-0.051173,0.272648,0.976383,-0.022666,-0.128543,-0.172163
5.674241,0.090248,-0.051173,0.272566,0.976383,-0.022666,-0.128543,-0.172163
5.684304,0.090552,-0.051173,0.272486,0.976383,-0.022666,-0.128543,-0.172163
5.694361,0.090856,-0.051173,0.272408,0.976383,-0.022666,-0.128543,-0.172163
5.704423,0.091161,-0.051173,0.272333,0.976383,-0.022666,-0.128543,-0.172163
5.714482,0.091467,-0.051173,0.272260,0.976383,-0.022666,-0.128543,-0.172163
5.724544,0.091773,-0.051173,0.272189,0.976383,-0.022666,-0.128543,-0.172163
5.734606,0.092080,-0.051173,0.272121,0.976383,-0.022666,-0.128543,-0.172163
5.744667,0.092387,-0.051173,0.272056,0.976383,-0.022666,-0.128543,-0.172163
5.754732,0.092695,-0.051173,0.271992,0.976383,-0.022666,-0.128543,-0.172163
5.764786,0.093003,-0.051173,0.271931,0.976383,-0.022666,-0.128543,-0.172163
5.774851,0.093311,-0.051173,0.271873,0.976383,-0.022666,-0.128543,-0.172163
5.784912,0.093621,-0.051173,0.271817,0.976383,-0.022666,-0.128543,-0.172163
5.794973,0.093930,-0.051173,0.271763,0.976383,-0.022666,-0.128543,-0.172163
5.805033,0.094550,-0.051173,0.271664,0.976383,-0.022666,-0.128543,-0.172163
5.815093,0.094861,-0.051173,0.271617,0.976383,-0.022666,-0.128543,-0.172163
5.825154,0.095172,-0.051173,0.271574,0.976383,-0.022666,-0.128543,-0.172163
5.835215,0.095484,-0.051173,0.271532,0.976383,-0.022666,-0.128543,-0.172163
5.845277,0.095795,-0.051173,0.271493,0.976383,-0.022666,-0.128543,-0.172163
5.855341,0.096107,-0.051173,0.271457,0.976383,-0.022666,-0.128543,-0.172163
5.865404,0.096420,-0.051173,0.271423,0.976383,-0.022666,-0.128543,-0.172163
5.875455,0.096732,-0.051173,0.271391,0.976383,-0.022666,-0.128543,-0.172163
5.885519,0.097045,-0.051173,0.271362,0.976383,-0.022666,-0.128543,-0.172163
5.895585,0.097358,-0.051173,0.271335,0.976383,-0.022666,-0.128543,-0.172163
5.905647,0.097671,-0.051173,0.271311,0.976383,-0.022666,-0.128543,-0.172163
5.915714,0.097985,-0.051173,0.271289,0.976383,-0.022666,-0.128543,-0.172163
5.925777,0.098298,-0.051173,0.271270,0.976383,-0.022666,-0.128543,-0.172163
5.935842,0.098612,-0.051173,0.271253,0.976383,-0.022666,-0.128543,-0.172163
5.945908,0.098926,-0.051173,0.271239,0.976383,-0.022666,-0.128543,-0.172163
5.955975,0.099240,-0.051173,0.271227,0.976383,-0.022666,-0.128543,-0.172163
5.966041,0.099554,-0.051173,0.271218,0.976383,-0.022666,-0.128543,-0.172163
5.976106,0.099868,-0.051173,0.271211,0.976383,-0.022666,-0.128543,-0.172163
5.986172,0.100182,-0.051173,0.271206,0.976383,-0.022666,-0.128543,-0.172163
5.996236,0.100496,-0.051173,0.271204,0.976383,-0.022666,-0.128543,-0.172163
6.006354,0.100810,-0.051173,0.271205,0.976383,-0.022666,-0.128543,-0.172163
6.016420,0.101124,-0.051173,0.271208,0.976383,-0.022666,-0.128543,-0.172163
6.026486,0.101438,-0.051173,0.271213,0.976383,-0.022666,-0.128543,-0.172163
6.036551,0.101753,-0.051173,0.271221,0.976383,-0.022666,-0.128543,-0.172163
6.046617,0.102067,-0.051173,0.271231,0.976383,-0.022666,-0.128543,-0.172163
6.056683,0.102380,-0.051173,0.271244,0.976383,-0.022666,-0.128543,-0.172163
6.066750,0.102694,-0.051173,0.271259,0.976383,-0.022666,-0.128543,-0.172163
6.076810,0.103008,-0.051173,0.271277,0.976383,-0.022666,-0.128543,-0.172163
6.086872,0.103321,-0.051173,0.271297,0.976383,-0.022666,-0.128543,-0.172163
6.096936,0.103635,-0.051173,0.271320,0.976383,-0.022666,-0.128543,-0.172163
6.107000,0.103948,-0.051173,0.271345,0.976383,-0.022666,-0.128543,-0.172163
6.117061,0.104261,-0.051173,0.271373,0.976383,-0.022666,-0.128543,-0.172163
6.127123,0.104574,-0.051173,0.271403,0.976383,-0.022666,-0.128543,-0.172163
6.137185,0.104886,-0.051173,0.271435,0.976383,-0.022666,-0.128543,-0.172163
6.147248,0.105198,-0.051173,0.271470,0.976383,-0.022666,-0.128543,-0.172163
6.157314,0.105510,-0.051173,0.271507,0.976383,-0.022666,-0.128543,-0.172163
6.167379,0.105822,-0.051173,0.271547,0.976383,-0.022666,-0.128543,-0.172163
6.177439,0.106133,-0.051173,0.271589,0.976383,-0.022666,-0.128543,-0.172163
6.187501,0.106444,-0.051173,0.271634,0.976383,-0.022666,-0.128543,-0.172163
6.197562,0.106755,-0.051173,0.271681,0.976383,-0.022666,-0.128543,-0.172163
6.207625,0.107065,-0.051173,0.271731,0.976383,-0.022666,-0.128543,-0.172163
6.217688,0.107375,-0.051173,0.271783,0.976383,-0.022666,-0.128543,-0.172163
6.227752,0.107684,-0.051173,0.271837,0.976383,-0.022666,-0.128543,-0.172163
6.237926,0.107993,-0.051173,0.271894,0.976383,-0.022666,-0.128543,-0.172163
6.247989,0.108301,-0.051173,0.271954,0.976383,-0.022666,-0.128543,-0.172163
6.258049,0.108610,-0.051173,0.272015,0.976383,-0.022666,-0.128543,-0.172163
6.268112,0.108917,-0.051173,0.272079,0.976383,-0.022666,-0.128543,-0.172163
6.278172,0.109224,-0.051173,0.272146,0.976383,-0.022666,-0.128543,-0.172163
6.288234,0.109531,-0.051173,0.272215,0.976383,-0.022666,-0.128543,-0.172163
6.298294,0.109837,-0.051173,0.272286,0.976383,-0.022666,-0.128543,-0.172163
6.308356,0.110142,-0.051173,0.272360,0.976383,-0.022666,-0.128543,-0.172163
6.318419,0.110447,-0.051173,0.272436,0.976383,-0.022666,-0.128543,-0.172163
6.328479,0.110751,-0.051173,0.272515,0.976383,-0.022666,-0.128543,-0.172163
6.338542,0.111054,-0.051173,0.272596,0.976383,-0.022666,-0.128543,-0.172163
6.348601,0.111357,-0.051173,0.272679,0.976383,-0.022666,-0.128543,-0.172163
6.358662,0.111660,-0.051173,0.272765,0.976383,-0.022666,-0.128543,-0.172163
6.368723,0.111961,-0.051173,0.272853,0.976383,-0.022666,-0.128543,-0.172163
6.378778,0.112262,-0.051173,0.272943,0.976383,-0.022666,-0.128543,-0.172163
6.388840,0.112562,-0.051173,0.273036,0.976383,-0.022666,-0.128543,-0.172163
6.398905,0.112861,-0.051173,0.273131,0.976383,-0.022666,-0.128543,-0.172163
6.408966,0.113160,-0.051173,0.273229,0.976383,-0.022666,-0.128543,-0.172163
6.419029,0.113458,-0.051173,0.273329,0.976383,-0.022666,-0.128543,-0.172163
6.429089,0.113755,-0.051173,0.273431,0.976383,-0.022666,-0.128543,-0.172163
6.439152,0.114051,-0.051173,0.273535,0.976383,-0.022666,-0.128543,-0.172163
6.449216,0.114347,-0.051173,0.273642,0.976383,-0.022666,-0.128543,-0.172163
6.459276,0.114641,-0.051173,0.273751,0.976383,-0.022666,-0.128543,-0.172163
6.469337,0.114935,-0.051173,0.273863,0.976383,-0.022666,-0.128543,-0.172163
6.479402,0.115228,-0.051173,0.273977,0.976383,-0.022666,-0.128543,-0.172163
6.489464,0.115520,-0.051173,0.274093,0.976383,-0.022666,-0.128543,-0.172163
6.499527,0.115811,-0.051173,0.274211,0.976383,-0.022666,-0.128543,-0.172163
6.509591,0.116101,-0.051173,0.274332,0.976383,-0.022666,-0.128543,-0.172163
6.519656,0.116390,-0.051173,0.274455,0.976383,-0.022666,-0.128543,-0.172163
6.529714,0.116678,-0.051173,0.274580,0.976383,-0.022666,-0.128543,-0.172163
6.539777,0.116965,-0.051173,0.274707,0.976383,-0.022666,-0.128543,-0.172163
6.549837,0.117251,-0.051173,0.274837,0.976383,-0.022666,-0.128543,-0.172163
6.559900,0.117536,-0.051173,0.274969,0.976383,-0.022666,-0.128543,-0.172163
6.569961,0.117821,-0.051173,0.275103,0.976383,-0.022666,-0.128543,-0.172163
6.580022,0.118104,-0.051173,0.275240,0.976383,-0.022666,-0.128543,-0.172163
6.590084,0.118385,-0.051173,0.275378,0.976383,-0.022666,-0.128543,-0.172163
6.600141,0.118666,-0.051173,0.275519,0.976383,-0.022666,-0.128543,-0.172163
6.610202,0.118946,-0.051173,0.275662,0.976383,-0.022666,-0.128543,-0.172163
6.620266,0.119225,-0.051173,0.275807,0.976383,-0.022666,-0.128543,-0.172163
6.630325,0.119502,-0.051173,0.275955,0.976383,-0.022666,-0.128543,-0.172163
6.640385,0.119778,-0.051173,0.276104,0.976383,-0.022666,-0.128543,-0.172163
6.650447,0.120053,-0.051173,0.276256,0.976383,-0.022666,-0.128543,-0.172163
6.660507,0.120327,-0.051173,0.276410,0.976383,-0.022666,-0.128543,-0.172163
6.670569,0.120600,-0.051173,0.276566,0.976383,-0.022666,-0.128543,-0.172163
6.680630,0.120871,-0.051173,0.276724,0.976383,-0.022666,-0.128543,-0.172163
6.690691,0.121141,-0.051173,0.276884,0.976383,-0.022666,-0.128543,-0.172163
6.700753,0.121410,-0.051173,0.277047,0.976383,-0.022666,-0.128543,-0.172163
6.710813,0.121678,-0.051173,0.277211,0.976383,-0.022666,-0.128543,-0.172163
6.720874,0.121944,-0.051173,0.277378,0.976383,-0.022666,-0.128543,-0.172163
6.730934,0.122209,-0.051173,0.277547,0.976383,-0.022666,-0.128543,-0.172163
6.740994,0.122473,-0.051173,0.277717,0.976383,-0.022666,-0.128543,-0.172163
6.751055,0.122735,-0.051173,0.277890,0.976383,-0.022666,-0.128543,-0.172163
6.761118,0.122996,-0.051173,0.278065,0.976383,-0.022666,-0.128543,-0.172163
6.771180,0.123256,-0.051173,0.278242,0.976383,-0.022666,-0.128543,-0.172163
6.781243,0.123514,-0.051173,0.278421,0.976383,-0.022666,-0.128543,-0.172163
6.791306,0.123771,-0.051173,0.278602,0.976383,-0.022666,-0.128543,-0.172163
6.801371,0.124026,-0.051173,0.278785,0.976383,-0.022666,-0.128543,-0.172163
6.811433,0.124280,-0.051173,0.278970,0.976383,-0.022666,-0.128543,-0.172163
6.821496,0.124532,-0.051173,0.279157,0.976383,-0.022666,-0.128543,-0.172163
6.831560,0.124783,-0.051173,0.279346,0.976383,-0.022666,-0.128543,-0.172163
6.841625,0.125033,-0.051173,0.279537,0.976383,-0.022666,-0.128543,-0.172163
6.851687,0.125281,-0.051173,0.279730,0.976383,-0.022666,-0.128543,-0.172163
6.861750,0.125527,-0.051173,0.279925,0.976383,-0.022666,-0.128543,-0.172163
6.871810,0.125772,-0.051173,0.280122,0.976383,-0.022666,-0.128543,-0.172163
6.881873,0.126015,-0.051173,0.280320,0.976383,-0.022666,-0.128543,-0.172163
6.891939,0.126257,-0.051173,0.280521,0.976383,-0.022666,-0.128543,-0.172163
6.901999,0.126497,-0.051173,0.280724,0.976383,-0.022666,-0.128543,-0.172163
6.912059,0.126736,-0.051173,0.280928,0.976383,-0.022666,-0.128543,-0.172163
6.922119,0.126973,-0.051173,0.281134,0.976383,-0.022666,-0.128543,-0.172163
6.932178,0.127208,-0.051173,0.281342,0.976383,-0.022666,-0.128543,-0.172163
6.942240,0.127442,-0.051173,0.281552,0.976383,-0.022666,-0.128543,-0.172163
6.952291,0.127674,-0.051173,0.281764,0.976383,-0.022666,-0.128543,-0.172163
6.962345,0.127904,-0.051173,0.281978,0.976383,-0.022666,-0.128543,-0.172163
6.972405,0.128133,-0.051173,0.282193,0.976383,-0.022666,-0.128543,-0.172163
6.982468,0.128360,-0.051173,0.282410,0.976383,-0.022666,-0.128543,-0.172163
6.992532,0.128585,-0.051173,0.282629,0.976383,-0.022666,-0.128543,-0.172163
7.002593,0.128809,-0.051173,0.282850,0.976383,-0.022666,-0.128543,-0.172163
7.012652,0.129031,-0.051173,0.283072,0.976383,-0.022666,-0.128543,-0.172163
7.022714,0.129251,-0.051173,0.283296,0.976383,-0.022666,-0.128543,-0.172163
7.032774,0.129469,-0.051173,0.283522,0.976383,-0.022666,-0.128543,-0.172163
7.042836,0.129686,-0.051173,0.283750,0.976383,-0.022666,-0.128543,-0.172163
7.052900,0.129900,-0.051173,0.283979,0.976383,-0.022666,-0.128543,-0.172163
7.062961,0.130113,-0.051173,0.284210,0.976383,-0.022666,-0.128543,-0.172163
7.072985,0.130324,-0.051173,0.284443,0.976383,-0.022666,-0.128543,-0.172163
7.083048,0.130534,-0.051173,0.284677,0.976383,-0.022666,-0.128543,-0.172163
7.093112,0.130741,-0.051173,0.284913,0.976383,-0.022666,-0.128543,-0.172163
7.103178,0.130947,-0.051173,0.285151,0.976383,-0.022666,-0.128543,-0.172163
7.113232,0.131150,-0.051173,0.285390,0.976383,-0.022666,-0.128543,-0.172163
7.123285,0.131352,-0.051173,0.285631,0.976383,-0.022666,-0.128543,-0.172163
7.133350,0.131552,-0.051173,0.285873,0.976383,-0.022666,-0.128543,-0.172163
7.143412,0.131750,-0.051173,0.286117,0.976383,-0.022666,-0.128543,-0.172163
7.153474,0.131946,-0.051173,0.286362,0.976383,-0.022666,-0.128543,-0.172163
7.163536,0.132140,-0.051173,0.286609,0.976383,-0.022666,-0.128543,-0.172163
7.173599,0.132332,-0.051173,0.286858,0.976383,-0.022666,-0.128543,-0.172163
7.183660,0.132523,-0.051173,0.287108,0.976383,-0.022666,-0.128543,-0.172163
7.193722,0.132711,-0.051173,0.287359,0.976383,-0.022666,-0.128543,-0.172163
7.203782,0.132897,-0.051173,0.287612,0.976383,-0.022666,-0.128543,-0.172163
7.213842,0.133081,-0.051173,0.287867,0.976383,-0.022666,-0.128543,-0.172163
7.223903,0.133264,-0.051173,0.288123,0.976383,-0.022666,-0.128543,-0.172163
7.233963,0.133444,-0.051173,0.288380,0.976383,-0.022666,-0.128543,-0.172163
7.244025,0.133622,-0.051173,0.288639,0.976383,-0.022666,-0.128543,-0.172163
7.254088,0.133798,-0.051173,0.288899,0.976383,-0.022666,-0.128543,-0.172163
7.264152,0.133973,-0.051173,0.289160,0.976383,-0.022666,-0.128543,-0.172163
7.274212,0.134145,-0.051173,0.289423,0.976383,-0.022666,-0.128543,-0.172163
7.284276,0.134315,-0.051173,0.289687,0.976383,-0.022666,-0.128543,-0.172163
7.294292,0.134483,-0.051173,0.289953,0.976383,-0.022666,-0.128543,-0.172163
7.304357,0.134649,-0.051173,0.290220,0.976383,-0.022666,-0.128543,-0.172163
7.314425,0.134812,-0.051173,0.290488,0.976383,-0.022666,-0.128543,-0.172163
7.324486,0.134974,-0.051173,0.290757,0.976383,-0.022666,-0.128543,-0.172163
7.334551,0.135133,-0.051173,0.291028,0.976383,-0.022666,-0.128543,-0.172163
7.344619,0.135291,-0.051173,0.291299,0.976383,-0.022666,-0.128543,-0.172163
7.354681,0.135446,-0.051173,0.291573,0.976383,-0.022666,-0.128543,-0.172163
7.364745,0.135599,-0.051173,0.291847,0.976383,-0.022666,-0.128543,-0.172163
7.374806,0.135750,-0.051173,0.292122,0.976383,-0.022666,-0.128543,-0.172163
7.384869,0.135899,-0.051173,0.292399,0.976383,-0.022666,-0.128543,-0.172163
7.394930,0.136046,-0.051173,0.292677,0.976383,-0.022666,-0.128543,-0.172163
7.404989,0.136190,-0.051173,0.292956,0.976383,-0.022666,-0.128543,-0.172163
7.415053,0.136472,-0.051173,0.293517,0.976383,-0.022666,-0.128543,-0.172163
7.425112,0.136610,-0.051173,0.293800,0.976383,-0.022666,-0.128543,-0.172163
7.435172,0.136746,-0.051173,0.294083,0.976383,-0.022666,-0.128543,-0.172163
7.445232,0.136879,-0.051173,0.294367,0.976383,-0.022666,-0.128543,-0.172163
7.455295,0.137010,-0.051173,0.294653,0.976383,-0.022666,-0.128543,-0.172163
7.465350,0.137139,-0.051173,0.294939,0.976383,-0.022666,-0.128543,-0.172163
7.475415,0.137266,-0.051173,0.295227,0.976383,-0.022666,-0.128543,-0.172163
7.485467,0.137390,-0.051173,0.295515,0.976383,-0.022666,-0.128543,-0.172163
7.495530,0.137512,-0.051173,0.295805,0.976383,-0.022666,-0.128543,-0.172163
7.505593,0.137632,-0.051173,0.296095,0.976383,-0.022666,-0.128543,-0.172163
7.515659,0.137749,-0.051173,0.296387,0.976383,-0.022666,-0.128543,-0.172163
7.525711,0.137864,-0.051173,0.296679,0.976383,-0.022666,-0.128543,-0.172163
7.535765,0.137977,-0.051173,0.296972,0.976383,-0.022666,-0.128543,-0.172163
7.545789,0.138088,-0.051173,0.297266,0.976383,-0.022666,-0.128543,-0.172163
7.555856,0.138196,-0.051173,0.297561,0.976383,-0.022666,-0.128543,-0.172163
7.565920,0.138302,-0.051173,0.297857,0.976383,-0.022666,-0.128543,-0.172163
7.575981,0.138406,-0.051173,0.298153,0.976383,-0.022666,-0.128543,-0.172163
7.586045,0.138507,-0.051173,0.298451,0.976383,-0.022666,-0.128543,-0.172163
7.596110,0.138606,-0.051173,0.298749,0.976383,-0.022666,-0.128543,-0.172163
7.606172,0.138703,-0.051173,0.299048,0.976383,-0.022666,-0.128543,-0.172163
7.616233,0.138797,-0.051173,0.299347,0.976383,-0.022666,-0.128543,-0.172163
7.626298,0.138889,-0.051173,0.299648,0.976383,-0.022666,-0.128543,-0.172163
7.636363,0.138979,-0.051173,0.299949,0.976383,-0.022666,-0.128543,-0.172163
7.646429,0.139066,-0.051173,0.300251,0.976383,-0.022666,-0.128543,-0.172163
7.656490,0.139151,-0.051173,0.300553,0.976383,-0.022666,-0.128543,-0.172163
7.666554,0.139233,-0.051173,0.300856,0.976383,-0.022666,-0.128543,-0.172163
7.676619,0.139313,-0.051173,0.301160,0.976383,-0.022666,-0.128543,-0.172163
7.686684,0.139391,-0.051173,0.301465,0.976383,-0.022666,-0.128543,-0.172163
7.696747,0.139466,-0.051173,0.301770,0.976383,-0.022666,-0.128543,-0.172163
7.706813,0.139539,-0.051173,0.302075,0.976383,-0.022666,-0.128543,-0.172163
7.716876,0.139610,-0.051173,0.302381,0.976383,-0.022666,-0.128543,-0.172163
7.726938,0.139678,-0.051173,0.302688,0.976383,-0.022666,-0.128543,-0.172163
7.737001,0.139743,-0.051173,0.302995,0.976383,-0.022666,-0.128543,-0.172163
7.747067,0.139807,-0.051173,0.303303,0.976383,-0.022666,-0.128543,-0.172163
7.757154,0.139868,-0.051173,0.303611,0.976383,-0.022666,-0.128543,-0.172163
7.767214,0.139926,-0.051173,0.303920,0.976383,-0.022666,-0.128543,-0.172163
7.777275,0.139982,-0.051173,0.304229,0.976383,-0.022666,-0.128543,-0.172163
7.787340,0.140036,-0.051173,0.304538,0.976383,-0.022666,-0.128543,-0.172163
7.797404,0.140087,-0.051173,0.304848,0.976383,-0.022666,-0.128543,-0.172163
7.807468,0.140135,-0.051173,0.305159,0.976383,-0.022666,-0.128543,-0.172163
7.817529,0.140182,-0.051173,0.305470,0.976383,-0.022666,-0.128543,-0.172163
7.827594,0.140225,-0.051173,0.305781,0.976383,-0.022666,-0.128543,-0.172163
7.837656,0.140267,-0.051173,0.306092,0.976383,-0.022666,-0.128543,-0.172163
7.847719,0.140306,-0.051173,0.306404,0.976383,-0.022666,-0.128543,-0.172163
7.857780,0.140342,-0.051173,0.306716,0.976383,-0.022666,-0.128543,-0.172163
7.867843,0.140376,-0.051173,0.307028,0.976383,-0.022666,-0.128543,-0.172163
7.877907,0.140408,-0.051173,0.307341,0.976383,-0.022666,-0.128543,-0.172163
7.887972,0.140437,-0.051173,0.307653,0.976383,-0.022666,-0.128543,-0.172163
7.898038,0.140464,-0.051173,0.307966,0.976383,-0.022666,-0.128543,-0.172163
7.908101,0.140488,-0.051173,0.308280,0.976383,-0.022666,-0.128543,-0.172163
7.918164,0.140510,-0.051173,0.308593,0.976383,-0.022666,-0.128543,-0.172163
7.928228,0.140529,-0.051173,0.308907,0.976383,-0.022666,-0.128543,-0.172163
7.938294,0.140546,-0.051173,0.309220,0.976383,-0.022666,-0.128543,-0.172163
7.948358,0.140560,-0.051173,0.309534,0.976383,-0.022666,-0.128543,-0.172163
7.958422,0.140572,-0.051173,0.309848,0.976383,-0.022666,-0.128543,-0.172163
7.968474,0.140581,-0.051173,0.310162,0.976383,-0.022666,-0.128543,-0.172163
7.978536,0.140588,-0.051173,0.310476,0.976383,-0.022666,-0.128543,-0.172163
7.988598,0.140593,-0.051173,0.310790,0.976383,-0.022666,-0.128543,-0.172163
7.998660,0.140595,-0.051173,0.311104,0.976383,-0.022666,-0.128543,-0.172163
8.008722,0.140594,-0.051173,0.311419,0.976383,-0.022666,-0.128543,-0.172163
8.018781,0.140591,-0.051173,0.311733,0.976383,-0.022666,-0.128543,-0.172163
8.028845,0.140586,-0.051173,0.312047,0.976383,-0.022666,-0.128543,-0.172163
8.038907,0.140578,-0.051173,0.312361,0.976383,-0.022666,-0.128543,-0.172163
8.048969,0.140568,-0.051173,0.312675,0.976383,-0.022666,-0.128543,-0.172163
8.059019,0.140555,-0.051173,0.312989,0.976383,-0.022666,-0.128543,-0.172163
8.069071,0.140540,-0.051173,0.313303,0.976383,-0.022666,-0.128543,-0.172163
8.079133,0.140522,-0.051173,0.313616,0.976383,-0.022666,-0.128543,-0.172163
8.089196,0.140502,-0.051173,0.313930,0.976383,-0.022666,-0.128543,-0.172163
8.099258,0.140479,-0.051173,0.314243,0.976383,-0.022666,-0.128543,-0.172163
8.109321,0.140454,-0.051173,0.314556,0.976383,-0.022666,-0.128543,-0.172163
8.119385,0.140427,-0.051173,0.314869,0.976383,-0.022666,-0.128543,-0.172163
8.129449,0.140396,-0.051173,0.315182,0.976383,-0.022666,-0.128543,-0.172163
8.139511,0.140364,-0.051173,0.315494,0.976383,-0.022666,-0.128543,-0.172163
8.149574,0.140329,-0.051173,0.315807,0.976383,-0.022666,-0.128543,-0.172163
8.159635,0.140292,-0.051173,0.316119,0.976383,-0.022666,-0.128543,-0.172163
8.169698,0.140252,-0.051173,0.316430,0.976383,-0.022666,-0.128543,-0.172163
8.179759,0.140210,-0.051173,0.316741,0.976383,-0.022666,-0.128543,-0.172163
8.189821,0.140165,-0.051173,0.317052,0.976383,-0.022666,-0.128543,-0.172163
8.199886,0.140118,-0.051173,0.317363,0.976383,-0.022666,-0.128543,-0.172163
8.209952,0.140068,-0.051173,0.317673,0.976383,-0.022666,-0.128543,-0.172163
8.220013,0.140016,-0.051173,0.317983,0.976383,-0.022666,-0.128543,-0.172163
8.230077,0.139962,-0.051173,0.318292,0.976383,-0.022666,-0.128543,-0.172163
8.240142,0.139905,-0.051173,0.318601,0.976383,-0.022666,-0.128543,-0.172163
8.250205,0.139845,-0.051173,0.318910,0.976383,-0.022666,-0.128543,-0.172163
8.260267,0.139784,-0.051173,0.319218,0.976383,-0.022666,-0.128543,-0.172163
8.270294,0.139720,-0.051173,0.319525,0.976383,-0.022666,-0.128543,-0.172163
8.280358,0.139653,-0.051173,0.319832,0.976383,-0.022666,-0.128543,-0.172163
8.290418,0.139584,-0.051173,0.320139,0.976383,-0.022666,-0.128543,-0.172163
8.300482,0.139513,-0.051173,0.320445,0.976383,-0.022666,-0.128543,-0.172163
8.310546,0.139439,-0.051173,0.320750,0.976383,-0.022666,-0.128543,-0.172163
8.320608,0.139363,-0.051173,0.321055,0.976383,-0.022666,-0.128543,-0.172163
8.330660,0.139284,-0.051173,0.321359,0.976383,-0.022666,-0.128543,-0.172163
8.340714,0.139203,-0.051173,0.321663,0.976383,-0.022666,-0.128543,-0.172163
8.350765,0.139120,-0.051173,0.321966,0.976383,-0.022666,-0.128543,-0.172163
8.360818,0.139034,-0.051173,0.322268,0.976383,-0.022666,-0.128543,-0.172163
8.370870,0.138946,-0.051173,0.322569,0.976383,-0.022666,-0.128543,-0.172163
8.380922,0.138856,-0.051173,0.322870,0.976383,-0.022666,-0.128543,-0.172163
8.390974,0.138763,-0.051173,0.323170,0.976383,-0.022666,-0.128543,-0.172163
8.401026,0.138668,-0.051173,0.323470,0.976383,-0.022666,-0.128543,-0.172163
8.411078,0.138570,-0.051173,0.323768,0.976383,-0.022666,-0.128543,-0.172163
8.421131,0.138470,-0.051173,0.324066,0.976383,-0.022666,-0.128543,-0.172163
8.431184,0.138368,-0.051173,0.324363,0.976383,-0.022666,-0.128543,-0.172163
8.441235,0.138264,-0.051173,0.324660,0.976383,-0.022666,-0.128543,-0.172163
8.451287,0.138157,-0.051173,0.324955,0.976383,-0.022666,-0.128543,-0.172163
8.461337,0.138048,-0.051173,0.325250,0.976383,-0.022666,-0.128543,-0.172163
8.471389,0.137936,-0.051173,0.325543,0.976383,-0.022666,-0.128543,-0.172163
8.481444,0.137822,-0.051173,0.325836,0.976383,-0.022666,-0.128543,-0.172163
8.491497,0.137706,-0.051173,0.326128,0.976383,-0.022666,-0.128543,-0.172163
8.501552,0.137588,-0.051173,0.326419,0.976383,-0.022666,-0.128543,-0.172163
8.511610,0.137467,-0.051173,0.326709,0.976383,-0.022666,-0.128543,-0.172163
8.521664,0.137344,-0.051173,0.326998,0.976383,-0.022666,-0.128543,-0.172163
8.531727,0.137219,-0.051173,0.327286,0.976383,-0.022666,-0.128543,-0.172163
8.541790,0.137092,-0.051173,0.327574,0.976383,-0.022666,-0.128543,-0.172163
8.551854,0.136962,-0.051173,0.327860,0.976383,-0.022666,-0.128543,-0.172163
8.561914,0.136830,-0.051173,0.328145,0.976383,-0.022666,-0.128543,-0.172163
8.571978,0.136696,-0.051173,0.328429,0.976383,-0.022666,-0.128543,-0.172163
8.582039,0.136560,-0.051173,0.328712,0.976383,-0.022666,-0.128543,-0.172163
8.592101,0.136421,-0.051173,0.328994,0.976383,-0.022666,-0.128543,-0.172163
8.602162,0.136280,-0.051173,0.329275,0.976383,-0.022666,-0.128543,-0.172163
8.612224,0.136137,-0.051173,0.329554,0.976383,-0.022666,-0.128543,-0.172163
8.622276,0.135992,-0.051173,0.329833,0.976383,-0.022666,-0.128543,-0.172163
8.632341,0.135844,-0.051173,0.330110,0.976383,-0.022666,-0.128543,-0.172163
8.642405,0.135695,-0.051173,0.330387,0.976383,-0.022666,-0.128543,-0.172163
8.652469,0.135543,-0.051173,0.330662,0.976383,-0.022666,-0.128543,-0.172163
8.662531,0.135389,-0.051173,0.330936,0.976383,-0.022666,-0.128543,-0.172163
8.672598,0.135233,-0.051173,0.331208,0.976383,-0.022666,-0.128543,-0.172163
8.682664,0.135075,-0.051173,0.331480,0.976383,-0.022666,-0.128543,-0.172163
8.692729,0.134915,-0.051173,0.331750,0.976383,-0.022666,-0.128543,-0.172163
8.702794,0.134752,-0.051173,0.332019,0.976383,-0.022666,-0.128543,-0.172163
8.712855,0.134588,-0.051173,0.332286,0.976383,-0.022666,-0.128543,-0.172163
8.722917,0.134421,-0.051173,0.332553,0.976383,-0.022666,-0.128543,-0.172163
8.732981,0.134252,-0.051173,0.332818,0.976383,-0.022666,-0.128543,-0.172163
8.743041,0.134082,-0.051173,0.333081,0.976383,-0.022666,-0.128543,-0.172163
8.753093,0.133909,-0.051173,0.333344,0.976383,-0.022666,-0.128543,-0.172163
8.763145,0.133734,-0.051173,0.333605,0.976383,-0.022666,-0.128543,-0.172163
8.773197,0.133557,-0.051173,0.333864,0.976383,-0.022666,-0.128543,-0.172163
8.783250,0.133378,-0.051173,0.334122,0.976383,-0.022666,-0.128543,-0.172163
8.793284,0.133197,-0.051173,0.334379,0.976383,-0.022666,-0.128543,-0.172163
8.803338,0.133014,-0.051173,0.334634,0.976383,-0.022666,-0.128543,-0.172163
8.813390,0.132829,-0.051173,0.334888,0.976383,-0.022666,-0.128543,-0.172163
8.823443,0.132642,-0.051173,0.335141,0.976383,-0.022666,-0.128543,-0.172163
8.833475,0.132453,-0.051173,0.335392,0.976383,-0.022666,-0.128543,-0.172163
8.843541,0.132262,-0.051173,0.335641,0.976383,-0.022666,-0.128543,-0.172163
8.853605,0.132069,-0.051173,0.335889,0.976383,-0.022666,-0.128543,-0.172163
8.863669,0.131874,-0.051173,0.336136,0.976383,-0.022666,-0.128543,-0.172163
8.873722,0.131677,-0.051173,0.336380,0.976383,-0.022666,-0.128543,-0.172163
8.883787,0.131479,-0.051173,0.336624,0.976383,-0.022666,-0.128543,-0.172163
8.893850,0.131278,-0.051173,0.336866,0.976383,-0.022666,-0.128543,-0.172163
8.903914,0.131076,-0.051173,0.337106,0.976383,-0.022666,-0.128543,-0.172163
8.913979,0.130871,-0.051173,0.337344,0.976383,-0.022666,-0.128543,-0.172163
8.924033,0.130665,-0.051173,0.337581,0.976383,-0.022666,-0.128543,-0.172163
8.934088,0.130457,-0.051173,0.337817,0.976383,-0.022666,-0.128543,-0.172163
8.944142,0.130247,-0.051173,0.338050,0.976383,-0.022666,-0.128543,-0.172163
8.954195,0.130035,-0.051173,0.338282,0.976383,-0.022666,-0.128543,-0.172163
8.964249,0.129822,-0.051173,0.338513,0.976383,-0.022666,-0.128543,-0.172163
8.974304,0.129606,-0.051173,0.338742,0.976383,-0.022666,-0.128543,-0.172163
8.984358,0.129389,-0.051173,0.338969,0.976383,-0.022666,-0.128543,-0.172163
8.994410,0.129170,-0.051173,0.339194,0.976383,-0.022666,-0.128543,-0.172163
9.004466,0.128949,-0.051173,0.339417,0.976383,-0.022666,-0.128543,-0.172163
9.014521,0.128727,-0.051173,0.339639,0.976383,-0.022666,-0.128543,-0.172163
9.024584,0.128503,-0.051173,0.339859,0.976383,-0.022666,-0.128543,-0.172163
9.034647,0.128277,-0.051173,0.340078,0.976383,-0.022666,-0.128543,-0.172163
9.044708,0.128049,-0.051173,0.340294,0.976383,-0.022666,-0.128543,-0.172163
9.054771,0.127820,-0.051173,0.340509,0.976383,-0.022666,-0.128543,-0.172163
9.064834,0.127589,-0.051173,0.340722,0.976383,-0.022666,-0.128543,-0.172163
9.074897,0.127356,-0.051173,0.340933,0.976383,-0.022666,-0.128543,-0.172163
9.084951,0.127122,-0.051173,0.341142,0.976383,-0.022666,-0.128543,-0.172163
9.095005,0.126648,-0.051173,0.341555,0.976383,-0.022666,-0.128543,-0.172163
9.105067,0.126409,-0.051173,0.341759,0.976383,-0.022666,-0.128543,-0.172163
9.115131,0.126168,-0.051173,0.341961,0.976383,-0.022666,-0.128543,-0.172163
9.125192,0.125926,-0.051173,0.342160,0.976383,-0.022666,-0.128543,-0.172163
9.135255,0.125682,-0.051173,0.342358,0.976383,-0.022666,-0.128543,-0.172163
9.145320,0.125437,-0.051173,0.342554,0.976383,-0.022666,-0.128543,-0.172163
9.155384,0.125190,-0.051173,0.342749,0.976383,-0.022666,-0.128543,-0.172163
9.165449,0.124941,-0.051173,0.342941,0.976383,-0.022666,-0.128543,-0.172163
9.175511,0.124691,-0.051173,0.343131,0.976383,-0.022666,-0.128543,-0.172163
9.185574,0.124440,-0.051173,0.343319,0.976383,-0.022666,-0.128543,-0.172163
9.195638,0.124187,-0.051173,0.343506,0.976383,-0.022666,-0.128543,-0.172163
9.205704,0.123932,-0.051173,0.343690,0.976383,-0.022666,-0.128543,-0.172163
9.215766,0.123676,-0.051173,0.343872,0.976383,-0.022666,-0.128543,-0.172163
9.225830,0.123419,-0.051173,0.344052,0.976383,-0.022666,-0.128543,-0.172163
9.235894,0.123160,-0.051173,0.344231,0.976383,-0.022666,-0.128543,-0.172163
9.245958,0.122900,-0.051173,0.344407,0.976383,-0.022666,-0.128543,-0.172163
9.256023,0.122639,-0.051173,0.344581,0.976383,-0.022666,-0.128543,-0.172163
9.266086,0.122376,-0.051173,0.344753,0.976383,-0.022666,-0.128543,-0.172163
9.276143,0.122112,-0.051173,0.344923,0.976383,-0.022666,-0.128543,-0.172163
9.286205,0.121846,-0.051173,0.345091,0.976383,-0.022666,-0.128543,-0.172163
9.296259,0.121580,-0.051173,0.345257,0.976383,-0.022666,-0.128543,-0.172163
9.306325,0.121311,-0.051173,0.345421,0.976383,-0.022666,-0.128543,-0.172163
9.316380,0.121042,-0.051173,0.345582,0.976383,-0.022666,-0.128543,-0.172163
9.326432,0.120771,-0.051173,0.345742,0.976383,-0.022666,-0.128543,-0.172163
9.336484,0.120500,-0.051173,0.345899,0.976383,-0.022666,-0.128543,-0.172163
9.346536,0.120226,-0.051173,0.346055,0.976383,-0.022666,-0.128543,-0.172163
9.356589,0.119952,-0.051173,0.346208,0.976383,-0.022666,-0.128543,-0.172163
9.366642,0.119677,-0.051173,0.346359,0.976383,-0.022666,-0.128543,-0.172163
9.376695,0.119400,-0.051173,0.346507,0.976383,-0.022666,-0.128543,-0.172163
9.386747,0.119122,-0.051173,0.346654,0.976383,-0.022666,-0.128543,-0.172163
9.396799,0.118843,-0.051173,0.346798,0.976383,-0.022666,-0.128543,-0.172163
9.406851,0.118563,-0.051173,0.346941,0.976383,-0.022666,-0.128543,-0.172163
9.416942,0.118282,-0.051173,0.347081,0.976383,-0.022666,-0.128543,-0.172163
9.427007,0.117999,-0.051173,0.347218,0.976383,-0.022666,-0.128543,-0.172163
9.437071,0.117716,-0.051173,0.347354,0.976383,-0.022666,-0.128543,-0.172163
9.447136,0.117432,-0.051173,0.347487,0.976383,-0.022666,-0.128543,-0.172163
9.457203,0.117146,-0.051173,0.347618,0.976383,-0.022666,-0.128543,-0.172163
9.467268,0.116860,-0.051173,0.347747,0.976383,-0.022666,-0.128543,-0.172163
9.477295,0.116572,-0.051173,0.347874,0.976383,-0.022666,-0.128543,-0.172163
9.487361,0.116284,-0.051173,0.347998,0.976383,-0.022666,-0.128543,-0.172163
9.497427,0.115994,-0.051173,0.348120,0.976383,-0.022666,-0.128543,-0.172163
9.507494,0.115704,-0.051173,0.348240,0.976383,-0.022666,-0.128543,-0.172163
9.517541,0.115412,-0.051173,0.348358,0.976383,-0.022666,-0.128543,-0.172163
9.527593,0.115120,-0.051173,0.348473,0.976383,-0.022666,-0.128543,-0.172163
9.537645,0.114827,-0.051173,0.348586,0.976383,-0.022666,-0.128543,-0.172163
9.547697,0.114533,-0.051173,0.348696,0.976383,-0.022666,-0.128543,-0.172163
9.557750,0.114238,-0.051173,0.348805,0.976383,-0.022666,-0.128543,-0.172163
9.567801,0.113942,-0.051173,0.348911,0.976383,-0.022666,-0.128543,-0.172163
9.577855,0.113646,-0.051173,0.349014,0.976383,-0.022666,-0.128543,-0.172163
9.587907,0.113348,-0.051173,0.349116,0.976383,-0.022666,-0.128543,-0.172163
9.597959,0.113050,-0.051173,0.349215,0.976383,-0.022666,-0.128543,-0.172163
9.608010,0.112751,-0.051173,0.349311,0.976383,-0.022666,-0.128543,-0.172163
9.618063,0.112452,-0.051173,0.349406,0.976383,-0.022666,-0.128543,-0.172163
9.628115,0.112151,-0.051173,0.349498,0.976383,-0.022666,-0.128543,-0.172163
9.638167,0.111850,-0.051173,0.349587,0.976383,-0.022666,-0.128543,-0.172163
9.648219,0.111548,-0.051173,0.349674,0.976383,-0.022666,-0.128543,-0.172163
9.658272,0.111246,-0.051173,0.349759,0.976383,-0.022666,-0.128543,-0.172163
9.668282,0.110943,-0.051173,0.349842,0.976383,-0.022666,-0.128543,-0.172163
9.678336,0.110639,-0.051173,0.349922,0.976383,-0.022666,-0.128543,-0.172163
9.688399,0.110334,-0.051173,0.349999,0.976383,-0.022666,-0.128543,-0.172163
9.698455,0.110029,-0.051173,0.350075,0.976383,-0.022666,-0.128543,-0.172163
9.708516,0.109724,-0.051173,0.350148,0.976383,-0.022666,-0.128543,-0.172163
9.718580,0.109418,-0.051172,0.350218,0.976383,-0.022666,-0.128543,-0.172163
9.728648,0.109111,-0.051172,0.350286,0.976383,-0.022666,-0.128543,-0.172163
9.738712,0.108804,-0.051172,0.350352,0.976383,-0.022666,-0.128543,-0.172163
9.748779,0.108496,-0.051172,0.350415,0.976383,-0.022666,-0.128543,-0.172163
9.758844,0.108188,-0.051172,0.350476,0.976383,-0.022666,-0.128543,-0.172163
9.768906,0.107879,-0.051172,0.350534,0.976383,-0.022666,-0.128543,-0.172163
9.778969,0.107570,-0.051172,0.350590,0.976383,-0.022666,-0.128543,-0.172163
9.789031,0.107261,-0.051172,0.350644,0.976383,-0.022666,-0.128543,-0.172163
9.799093,0.106951,-0.051172,0.350695,0.976383,-0.022666,-0.128543,-0.172163
9.809156,0.106640,-0.051172,0.350744,0.976383,-0.022666,-0.128543,-0.172163
9.819218,0.106330,-0.051172,0.350790,0.976383,-0.022666,-0.128543,-0.172163
9.829278,0.106018,-0.051172,0.350834,0.976383,-0.022666,-0.128543,-0.172163
9.839336,0.105707,-0.051172,0.350875,0.976383,-0.022666,-0.128543,-0.172163
9.849399,0.105395,-0.051172,0.350914,0.976383,-0.022666,-0.128543,-0.172163
9.859465,0.105083,-0.051172,0.350951,0.976383,-0.022666,-0.128543,-0.172163
9.869527,0.104771,-0.051172,0.350985,0.976383,-0.022666,-0.128543,-0.172163
9.879583,0.104458,-0.051172,0.351016,0.976383,-0.022666,-0.128543,-0.172163
9.889645,0.104146,-0.051172,0.351045,0.976383,-0.022666,-0.128543,-0.172163
9.899701,0.103833,-0.051172,0.351072,0.976383,-0.022666,-0.128543,-0.172163
9.909755,0.103519,-0.051172,0.351096,0.976383,-0.022666,-0.128543,-0.172163
9.919820,0.103206,-0.051172,0.351118,0.976383,-0.022666,-0.128543,-0.172163
9.929879,0.102892,-0.051172,0.351137,0.976383,-0.022666,-0.128543,-0.172163
9.939940,0.102579,-0.051172,0.351154,0.976383,-0.022666,-0.128543,-0.172163
9.950005,0.102265,-0.051172,0.351168,0.976383,-0.022666,-0.128543,-0.172163
9.960066,0.101951,-0.051172,0.351180,0.976383,-0.022666,-0.128543,-0.172163
9.970130,0.101637,-0.051172,0.351190,0.976383,-0.022666,-0.128543,-0.172163
9.980193,0.101323,-0.051172,0.351197,0.976383,-0.022666,-0.128543,-0.172163
9.990255,0.101009,-0.051172,0.351201,0.976383,-0.022666,-0.128543,-0.172163
10.000316,0.100695,-0.051172,0.351203,0.976383,-0.022666,-0.128543,-0.172163
10.010380,0.100380,-0.051172,0.351203,0.976383,-0.022666,-0.128543,-0.172163
10.020442,0.100066,-0.051172,0.351200,0.976383,-0.022666,-0.128543,-0.172163
10.030503,0.099752,-0.051172,0.351194,0.976383,-0.022666,-0.128543,-0.172163
10.040568,0.099438,-0.051172,0.351186,0.976383,-0.022666,-0.128543,-0.172163
10.050629,0.099124,-0.051172,0.351176,0.976383,-0.022666,-0.128543,-0.172163
10.060692,0.098810,-0.051172,0.351163,0.976383,-0.022666,-0.128543,-0.172163
10.070754,0.098496,-0.051172,0.351148,0.976383,-0.022666,-0.128543,-0.172163
10.080816,0.098183,-0.051172,0.351130,0.976383,-0.022666,-0.128543,-0.172163
10.090876,0.097869,-0.051172,0.351110,0.976383,-0.022666,-0.128543,-0.172163
10.100938,0.097556,-0.051172,0.351088,0.976383,-0.022666,-0.128543,-0.172163
10.111002,0.097243,-0.051172,0.351062,0.976383,-0.022666,-0.128543,-0.172163
10.121066,0.096930,-0.051172,0.351035,0.976383,-0.022666,-0.128543,-0.172163
10.131166,0.096617,-0.051172,0.351005,0.976383,-0.022666,-0.128543,-0.172163
10.141222,0.096305,-0.051172,0.350972,0.976383,-0.022666,-0.128543,-0.172163
10.151287,0.095992,-0.051172,0.350937,0.976383,-0.022666,-0.128543,-0.172163
10.161342,0.095681,-0.051172,0.350900,0.976383,-0.022666,-0.128543,-0.172163
10.171396,0.095369,-0.051172,0.350860,0.976383,-0.022666,-0.128543,-0.172163
10.181451,0.095058,-0.051172,0.350818,0.976383,-0.022666,-0.128543,-0.172163
10.191506,0.094747,-0.051172,0.350773,0.976383,-0.022666,-0.128543,-0.172163
10.201562,0.094436,-0.051172,0.350726,0.976383,-0.022666,-0.128543,-0.172163
10.211625,0.094126,-0.051172,0.350677,0.976383,-0.022666,-0.128543,-0.172163
10.221690,0.093816,-0.051172,0.350625,0.976383,-0.022666,-0.128543,-0.172163
10.231754,0.093507,-0.051172,0.350570,0.976383,-0.022666,-0.128543,-0.172163
10.241818,0.093198,-0.051172,0.350513,0.976383,-0.022666,-0.128543,-0.172163
10.251880,0.092889,-0.051172,0.350454,0.976383,-0.022666,-0.128543,-0.172163
10.261944,0.092581,-0.051172,0.350392,0.976383,-0.022666,-0.128543,-0.172163
10.272008,0.092274,-0.051172,0.350328,0.976383,-0.022666,-0.128543,-0.172163
10.282070,0.091967,-0.051172,0.350261,0.976383,-0.022666,-0.128543,-0.172163
10.292134,0.091660,-0.051172,0.350192,0.976383,-0.022666,-0.128543,-0.172163
10.302196,0.091354,-0.051172,0.350121,0.976383,-0.022666,-0.128543,-0.172163
10.312258,0.091049,-0.051172,0.350047,0.976383,-0.022666,-0.128543,-0.172163
10.322319,0.090744,-0.051172,0.349971,0.976383,-0.022666,-0.128543,-0.172163
10.332383,0.090440,-0.051172,0.349893,0.976383,-0.022666,-0.128543,-0.172163
10.342447,0.090136,-0.051172,0.349812,0.976383,-0.022666,-0.128543,-0.172163
10.352512,0.089833,-0.051172,0.349728,0.976383,-0.022666,-0.128543,-0.172163
10.362608,0.089531,-0.051172,0.349643,0.976383,-0.022666,-0.128543,-0.172163
10.372663,0.089230,-0.051172,0.349554,0.976383,-0.022666,-0.128543,-0.172163
10.382727,0.088929,-0.051172,0.349464,0.976383,-0.022666,-0.128543,-0.172163
10.392792,0.088629,-0.051172,0.349371,0.976383,-0.022666,-0.128543,-0.172163
10.402855,0.088329,-0.051172,0.349276,0.976383,-0.022666,-0.128543,-0.172163
10.412919,0.088031,-0.051172,0.349178,0.976383,-0.022666,-0.128543,-0.172163
10.422980,0.087733,-0.051172,0.349079,0.976383,-0.022666,-0.128543,-0.172163
10.433043,0.087436,-0.051172,0.348976,0.976383,-0.022666,-0.128543,-0.172163
10.443107,0.087139,-0.051172,0.348872,0.976383,-0.022666,-0.128543,-0.172163
10.453171,0.086844,-0.051172,0.348765,0.976383,-0.022666,-0.128543,-0.172163
10.463233,0.086549,-0.051172,0.348656,0.976383,-0.022666,-0.128543,-0.172163
10.473295,0.086256,-0.051172,0.348544,0.976383,-0.022666,-0.128543,-0.172163
10.483356,0.085963,-0.051172,0.348431,0.976383,-0.022666,-0.128543,-0.172163
10.493417,0.085671,-0.051172,0.348315,0.976383,-0.022666,-0.128543,-0.172163
10.503482,0.085380,-0.051172,0.348196,0.976383,-0.022666,-0.128543,-0.172163
10.513543,0.085090,-0.051172,0.348076,0.976383,-0.022666,-0.128543,-0.172163
10.523607,0.084801,-0.051172,0.347953,0.976383,-0.022666,-0.128543,-0.172163
10.533667,0.084513,-0.051172,0.347828,0.976383,-0.022666,-0.128543,-0.172163
10.543730,0.084225,-0.051172,0.347700,0.976383,-0.022666,-0.128543,-0.172163
10.553792,0.083939,-0.051172,0.347570,0.976383,-0.022666,-0.128543,-0.172163
10.563857,0.083654,-0.051172,0.347438,0.976383,-0.022666,-0.128543,-0.172163
10.573922,0.083370,-0.051172,0.347304,0.976383,-0.022666,-0.128543,-0.172163
10.583987,0.083087,-0.051172,0.347168,0.976383,-0.022666,-0.128543,-0.172163
10.594050,0.082805,-0.051172,0.347029,0.976383,-0.022666,-0.128543,-0.172163
10.604111,0.082524,-0.051172,0.346888,0.976383,-0.022666,-0.128543,-0.172163
10.614176,0.082245,-0.051172,0.346745,0.976383,-0.022666,-0.128543,-0.172163
10.624236,0.081966,-0.051172,0.346600,0.976383,-0.022666,-0.128543,-0.172163
10.634299,0.081689,-0.051172,0.346453,0.976383,-0.022666,-0.128543,-0.172163
10.644360,0.081412,-0.051172,0.346303,0.976383,-0.022666,-0.128543,-0.172163
10.654422,0.081137,-0.051172,0.346151,0.976383,-0.022666,-0.128543,-0.172163
10.664482,0.080863,-0.051172,0.345998,0.976383,-0.022666,-0.128543,-0.172163
10.674543,0.080591,-0.051172,0.345842,0.976383,-0.022666,-0.128543,-0.172163
10.684603,0.080319,-0.051172,0.345683,0.976383,-0.022666,-0.128543,-0.172163
10.694665,0.080049,-0.051172,0.345523,0.976383,-0.022666,-0.128543,-0.172163
10.704724,0.079780,-0.051172,0.345361,0.976383,-0.022666,-0.128543,-0.172163
10.714785,0.079513,-0.051172,0.345196,0.976383,-0.022666,-0.128543,-0.172163
10.724846,0.079246,-0.051172,0.345029,0.976383,-0.022666,-0.128543,-0.172163
10.734910,0.078981,-0.051172,0.344861,0.976383,-0.022666,-0.128543,-0.172163
10.744974,0.078718,-0.051172,0.344690,0.976383,-0.022666,-0.128543,-0.172163
10.755036,0.078194,-0.051172,0.344342,0.976383,-0.022666,-0.128543,-0.172163
10.765097,0.077935,-0.051172,0.344165,0.976383,-0.022666,-0.128543,-0.172163
10.775161,0.077677,-0.051172,0.343986,0.976383,-0.022666,-0.128543,-0.172163
10.785223,0.077420,-0.051172,0.343805,0.976383,-0.022666,-0.128543,-0.172163
10.795283,0.077165,-0.051172,0.343622,0.976383,-0.022666,-0.128543,-0.172163
10.805336,0.076911,-0.051172,0.343437,0.976383,-0.022666,-0.128543,-0.172163
10.815399,0.076658,-0.051172,0.343250,0.976383,-0.022666,-0.128543,-0.172163
10.825463,0.076407,-0.051172,0.343061,0.976383,-0.022666,-0.128543,-0.172163
10.835527,0.076158,-0.051172,0.342870,0.976383,-0.022666,-0.128543,-0.172163
10.845589,0.075910,-0.051172,0.342677,0.976383,-0.022666,-0.128543,-0.172163
10.855652,0.075663,-0.051172,0.342482,0.976383,-0.022666,-0.128543,-0.172163
10.865711,0.075419,-0.051172,0.342286,0.976383,-0.022666,-0.128543,-0.172163
10.875774,0.075175,-0.051172,0.342087,0.976383,-0.022666,-0.128543,-0.172163
10.885835,0.074933,-0.051172,0.341886,0.976383,-0.022666,-0.128543,-0.172163
10.895897,0.074693,-0.051172,0.341684,0.976383,-0.022666,-0.128543,-0.172163
10.905960,0.074455,-0.051172,0.341480,0.976383,-0.022666,-0.128543,-0.172163
10.916025,0.074218,-0.051172,0.341273,0.976383,-0.022666,-0.128543,-0.172163
10.926087,0.073982,-0.051172,0.341065,0.976383,-0.022666,-0.128543,-0.172163
10.936150,0.073749,-0.051172,0.340855,0.976383,-0.022666,-0.128543,-0.172163
10.946214,0.073517,-0.051172,0.340643,0.976383,-0.022666,-0.128543,-0.172163
10.956278,0.073286,-0.051172,0.340430,0.976383,-0.022666,-0.128543,-0.172163
10.966296,0.073058,-0.051172,0.340215,0.976383,-0.022666,-0.128543,-0.172163
10.976357,0.072831,-0.051172,0.339997,0.976383,-0.022666,-0.128543,-0.172163
10.986420,0.072605,-0.051172,0.339778,0.976383,-0.022666,-0.128543,-0.172163
10.996481,0.072382,-0.051172,0.339558,0.976383,-0.022666,-0.128543,-0.172163
11.006543,0.072160,-0.051172,0.339335,0.976383,-0.022666,-0.128543,-0.172163
11.016668,0.071940,-0.051172,0.339111,0.976383,-0.022666,-0.128543,-0.172163
11.026731,0.071721,-0.051172,0.338885,0.976383,-0.022666,-0.128543,-0.172163
11.036792,0.071505,-0.051172,0.338657,0.976383,-0.022666,-0.128543,-0.172163
11.046855,0.071290,-0.051172,0.338428,0.976383,-0.022666,-0.128543,-0.172163
11.056916,0.071077,-0.051172,0.338197,0.976383,-0.022666,-0.128543,-0.172163
11.066979,0.070866,-0.051172,0.337964,0.976383,-0.022666,-0.128543,-0.172163
11.077032,0.070657,-0.051172,0.337730,0.976383,-0.022666,-0.128543,-0.172163
11.087096,0.070450,-0.051172,0.337494,0.976383,-0.022666,-0.128543,-0.172163
11.097161,0.070244,-0.051172,0.337257,0.976383,-0.022666,-0.128543,-0.172163
11.107223,0.070040,-0.051172,0.337017,0.976383,-0.022666,-0.128543,-0.172163
11.117286,0.069839,-0.051172,0.336777,0.976383,-0.022666,-0.128543,-0.172163
11.127300,0.069639,-0.051172,0.336534,0.976383,-0.022666,-0.128543,-0.172163
11.137355,0.069441,-0.051172,0.336290,0.976383,-0.022666,-0.128543,-0.172163
11.147416,0.069245,-0.051172,0.336045,0.976383,-0.022666,-0.128543,-0.172163
11.157479,0.069050,-0.051172,0.335798,0.976383,-0.022666,-0.128543,-0.172163
11.167541,0.068858,-0.051172,0.335549,0.976383,-0.022666,-0.128543,-0.172163
11.177603,0.068668,-0.051172,0.335299,0.976383,-0.022666,-0.128543,-0.172163
11.187666,0.068480,-0.051172,0.335048,0.976383,-0.022666,-0.128543,-0.172163
11.197730,0.068293,-0.051172,0.334795,0.976383,-0.022666,-0.128543,-0.172163
11.207790,0.068109,-0.051172,0.334541,0.976383,-0.022666,-0.128543,-0.172163
11.217853,0.067927,-0.051172,0.334285,0.976383,-0.022666,-0.128543,-0.172163
11.227926,0.067747,-0.051172,0.334027,0.976383,-0.022666,-0.128543,-0.172163
11.237988,0.067568,-0.051172,0.333769,0.976383,-0.022666,-0.128543,-0.172163
11.248050,0.067392,-0.051172,0.333509,0.976383,-0.022666,-0.128543,-0.172163
11.258112,0.067218,-0.051172,0.333247,0.976383,-0.022666,-0.128543,-0.172163
11.268174,0.067046,-0.051172,0.332984,0.976383,-0.022666,-0.128543,-0.172163
11.278237,0.066876,-0.051172,0.332720,0.976383,-0.022666,-0.128543,-0.172163
11.288298,0.066708,-0.051172,0.332455,0.976383,-0.022666,-0.128543,-0.172163
11.298361,0.066542,-0.051172,0.332188,0.976383,-0.022666,-0.128543,-0.172163
11.308425,0.066378,-0.051172,0.331920,0.976383,-0.022666,-0.128543,-0.172163
11.318487,0.066217,-0.051172,0.331650,0.976383,-0.022666,-0.128543,-0.172163
11.328550,0.066057,-0.051172,0.331380,0.976383,-0.022666,-0.128543,-0.172163
11.338613,0.065900,-0.051172,0.331108,0.976383,-0.022666,-0.128543,-0.172163
11.348674,0.065745,-0.051172,0.330835,0.976383,-0.022666,-0.128543,-0.172163
11.358727,0.065591,-0.051172,0.330560,0.976383,-0.022666,-0.128543,-0.172163
11.368779,0.065440,-0.051172,0.330285,0.976383,-0.022666,-0.128543,-0.172163
11.378831,0.065292,-0.051172,0.330008,0.976383,-0.022666,-0.128543,-0.172163
11.388883,0.065145,-0.051172,0.329730,0.976383,-0.022666,-0.128543,-0.172163
11.398936,0.065001,-0.051172,0.329451,0.976383,-0.022666,-0.128543,-0.172163
11.408987,0.064858,-0.051172,0.329171,0.976383,-0.022666,-0.128543,-0.172163
11.419038,0.064718,-0.051172,0.328890,0.976383,-0.022666,-0.128543,-0.172163
11.429089,0.064581,-0.051172,0.328608,0.976383,-0.022666,-0.128543,-0.172163
11.439222,0.064445,-0.051172,0.328324,0.976383,-0.022666,-0.128543,-0.172163
11.449275,0.064312,-0.051172,0.328040,0.976383,-0.022666,-0.128543,-0.172163
11.459327,0.064181,-0.051172,0.327754,0.976383,-0.022666,-0.128543,-0.172163
11.469391,0.064052,-0.051172,0.327468,0.976383,-0.022666,-0.128543,-0.172163
11.479455,0.063925,-0.051172,0.327180,0.976383,-0.022666,-0.128543,-0.172163
11.489508,0.063801,-0.051172,0.326892,0.976383,-0.022666,-0.128543,-0.172163
11.499560,0.063679,-0.051172,0.326602,0.976383,-0.022666,-0.128543,-0.172163
11.509612,0.063559,-0.051172,0.326312,0.976383,-0.022666,-0.128543,-0.172163
11.519666,0.063441,-0.051172,0.326021,0.976383,-0.022666,-0.128543,-0.172163
11.529718,0.063326,-0.051172,0.325728,0.976383,-0.022666,-0.128543,-0.172163
11.539770,0.063213,-0.051172,0.325435,0.976383,-0.022666,-0.128543,-0.172163
11.549821,0.063103,-0.051172,0.325141,0.976383,-0.022666,-0.128543,-0.172163
11.559875,0.062994,-0.051172,0.324846,0.976383,-0.022666,-0.128543,-0.172163
11.569926,0.062888,-0.051172,0.324551,0.976383,-0.022666,-0.128543,-0.172163
11.579978,0.062785,-0.051172,0.324254,0.976383,-0.022666,-0.128543,-0.172163
11.590030,0.062683,-0.051172,0.323957,0.976383,-0.022666,-0.128543,-0.172163
11.600094,0.062584,-0.051172,0.323659,0.976383,-0.022666,-0.128543,-0.172163
11.610155,0.062488,-0.051172,0.323360,0.976383,-0.022666,-0.128543,-0.172163
11.620218,0.062393,-0.051172,0.323060,0.976383,-0.022666,-0.128543,-0.172163
11.630284,0.062301,-0.051172,0.322760,0.976383,-0.022666,-0.128543,-0.172163
11.640348,0.062212,-0.051172,0.322458,0.976383,-0.022666,-0.128543,-0.172163
11.650521,0.062125,-0.051172,0.322157,0.976383,-0.022666,-0.128543,-0.172163
11.660585,0.062040,-0.051172,0.321854,0.976383,-0.022666,-0.128543,-0.172163
11.670648,0.061957,-0.051172,0.321551,0.976383,-0.022666,-0.128543,-0.172163
11.680713,0.061877,-0.051173,0.321247,0.976383,-0.022666,-0.128543,-0.172163
11.690775,0.061800,-0.051173,0.320943,0.976383,-0.022666,-0.128543,-0.172163
11.700838,0.061724,-0.051173,0.320638,0.976383,-0.022666,-0.128543,-0.172163
11.710902,0.061651,-0.051173,0.320332,0.976383,-0.022666,-0.128543,-0.172163
11.720967,0.061581,-0.051173,0.320026,0.976383,-0.022666,-0.128543,-0.172163
11.731029,0.061513,-0.051173,0.319719,0.976383,-0.022666,-0.128543,-0.172163
11.741092,0.061447,-0.051173,0.319412,0.976383,-0.022666,-0.128543,-0.172163
11.751156,0.061384,-0.051173,0.319104,0.976383,-0.022666,-0.128543,-0.172163
11.761221,0.061323,-0.051173,0.318796,0.976383,-0.022666,-0.128543,-0.172163
11.771282,0.061265,-0.051173,0.318488,0.976383,-0.022666,-0.128543,-0.172163
11.781345,0.061209,-0.051173,0.318178,0.976383,-0.022666,-0.128543,-0.172163
11.791409,0.061155,-0.051173,0.317869,0.976383,-0.022666,-0.128543,-0.172163
11.801470,0.061104,-0.051173,0.317559,0.976383,-0.022666,-0.128543,-0.172163
11.811534,0.061055,-0.051173,0.317249,0.976383,-0.022666,-0.128543,-0.172163
11.821597,0.061009,-0.051173,0.316938,0.976383,-0.022666,-0.128543,-0.172163
11.831659,0.060965,-0.051173,0.316627,0.976383,-0.022666,-0.128543,-0.172163
11.841721,0.060924,-0.051173,0.316315,0.976383,-0.022666,-0.128543,-0.172163
11.851785,0.060885,-0.051173,0.316004,0.976383,-0.022666,-0.128543,-0.172163
11.861847,0.060848,-0.051173,0.315692,0.976383,-0.022666,-0.128543,-0.172163
11.871909,0.060814,-0.051173,0.315379,0.976383,-0.022666,-0.128543,-0.172163
11.881973,0.060783,-0.051173,0.315067,0.976383,-0.022666,-0.128543,-0.172163
11.892035,0.060754,-0.051173,0.314754,0.976383,-0.022666,-0.128543,-0.172163
11.902094,0.060727,-0.051173,0.314441,0.976383,-0.022666,-0.128543,-0.172163
11.912156,0.060703,-0.051173,0.314128,0.976383,-0.022666,-0.128543,-0.172163
11.922219,0.060681,-0.051173,0.313814,0.976383,-0.022666,-0.128543,-0.172163
11.932282,0.060662,-0.051173,0.313501,0.976383,-0.022666,-0.128543,-0.172163
11.942344,0.060645,-0.051173,0.313187,0.976383,-0.022666,-0.128543,-0.172163
11.952407,0.060631,-0.051173,0.312873,0.976383,-0.022666,-0.128543,-0.172163
11.962531,0.060619,-0.051173,0.312559,0.976383,-0.022666,-0.128543,-0.172163
11.972583,0.060609,-0.051173,0.312245,0.976383,-0.022666,-0.128543,-0.172163
11.982644,0.060602,-0.051173,0.311931,0.976383,-0.022666,-0.128543,-0.172163
11.992699,0.060598,-0.051173,0.311617,0.976383,-0.022666,-0.128543,-0.172163
12.002725,0.060596,-0.051173,0.311303,0.976383,-0.022666,-0.128543,-0.172163
12.012792,0.060596,-0.051173,0.310995,0.976383,-0.022666,-0.128543,-0.172163
12.022856,0.060599,-0.051173,0.310698,0.976383,-0.022666,-0.128543,-0.172163
12.032921,0.060604,-0.051173,0.310414,0.976383,-0.022666,-0.128543,-0.172163
12.042974,0.060610,-0.051173,0.310140,0.976383,-0.022666,-0.128543,-0.172163
12.053039,0.060618,-0.051173,0.309879,0.976383,-0.022666,-0.128543,-0.172163
12.063104,0.060627,-0.051173,0.309629,0.976383,-0.022666,-0.128543,-0.172163
12.073169,0.060637,-0.051173,0.309391,0.976383,-0.022666,-0.128543,-0.172163
12.083231,0.060648,-0.051173,0.309165,0.976383,-0.022666,-0.128543,-0.172163
12.093293,0.060659,-0.051173,0.308951,0.976383,-0.022666,-0.128543,-0.172163
12.103356,0.060671,-0.051173,0.308749,0.976383,-0.022666,-0.128543,-0.172163
12.113416,0.060683,-0.051173,0.308559,0.976383,-0.022666,-0.128543,-0.172163
12.123480,0.060695,-0.051173,0.308381,0.976383,-0.022666,-0.128543,-0.172163
12.133540,0.060708,-0.051173,0.308214,0.976383,-0.022666,-0.128543,-0.172163
12.143602,0.060719,-0.051173,0.308060,0.976383,-0.022666,-0.128543,-0.172163
12.153665,0.060731,-0.051173,0.307917,0.976383,-0.022666,-0.128543,-0.172163
12.163729,0.060742,-0.051173,0.307787,0.976383,-0.022666,-0.128543,-0.172163
12.173794,0.060752,-0.051173,0.307669,0.976383,-0.022666,-0.128543,-0.172163
12.183856,0.060762,-0.051173,0.307562,0.976383,-0.022666,-0.128543,-0.172163
12.193909,0.060770,-0.051173,0.307467,0.976383,-0.022666,-0.128543,-0.172163
12.203973,0.060778,-0.051173,0.307385,0.976383,-0.022666,-0.128543,-0.172163
12.214038,0.060785,-0.051173,0.307315,0.976383,-0.022666,-0.128543,-0.172163
12.224098,0.060791,-0.051173,0.307257,0.976383,-0.022666,-0.128543,-0.172163
12.234161,0.060795,-0.051173,0.307211,0.976383,-0.022666,-0.128543,-0.172163
12.244221,0.060799,-0.051173,0.307176,0.976383,-0.022666,-0.128543,-0.172163
12.254283,0.060801,-0.051173,0.307154,0.976383,-0.022666,-0.128543,-0.172163
12.264349,0.060802,-0.051173,0.307143,0.976383,-0.022666,-0.128543,-0.172163
12.274413,0.060802,-0.051173,0.307143,0.976383,-0.022666,-0.128543,-0.172163
12.284476,0.060802,-0.051173,0.307143,0.976383,-0.022666,-0.128543,-0.172163
12.294539,0.060802,-0.051173,0.307143,0.976383,-0.022666,-0.128543,-0.172163
12.304599,0.060802,-0.051173,0.307143,0.976383,-0.022666,-0.128543,-0.172163
12.314662,0.060802,-0.051173,0.307143,0.976383,-0.022666,-0.128543,-0.172163
12.324725,0.060802,-0.051173,0.307143,0.976383,-0.022666,-0.128543,-0.172163
12.334790,0.060795,-0.051173,0.307213,0.976383,-0.022666,-0.128543,-0.172163
12.344854,0.060787,-0.051173,0.307299,0.976383,-0.022666,-0.128543,-0.172163
12.354916,0.060777,-0.051173,0.307398,0.976383,-0.022666,-0.128543,-0.172163
12.364976,0.060767,-0.051173,0.307509,0.976383,-0.022666,-0.128543,-0.172163
12.375038,0.060743,-0.051173,0.307767,0.976383,-0.022666,-0.128543,-0.172163
12.385102,0.060731,-0.051173,0.307915,0.976383,-0.022666,-0.128543,-0.172163
12.395166,0.060718,-0.051173,0.308074,0.976383,-0.022666,-0.128543,-0.172163
12.405218,0.060705,-0.051173,0.308246,0.976383,-0.022666,-0.128543,-0.172163
12.415280,0.060692,-0.051173,0.308430,0.976383,-0.022666,-0.128543,-0.172163
12.425344,0.060679,-0.051173,0.308627,0.976383,-0.022666,-0.128543,-0.172163
12.435404,0.060666,-0.051173,0.308834,0.976383,-0.022666,-0.128543,-0.172163
12.445466,0.060653,-0.051173,0.309056,0.976383,-0.022666,-0.128543,-0.172163
12.455530,0.060642,-0.051173,0.309289,0.976383,-0.022666,-0.128543,-0.172163
12.465592,0.060631,-0.051173,0.309534,0.976383,-0.022666,-0.128543,-0.172163
12.475655,0.060621,-0.051173,0.309791,0.976383,-0.022666,-0.128543,-0.172163
12.485715,0.060612,-0.051173,0.310060,0.976383,-0.022666,-0.128543,-0.172163
12.495778,0.060605,-0.051173,0.310343,0.976383,-0.022666,-0.128543,-0.172163
12.505840,0.060600,-0.051173,0.310637,0.976383,-0.022666,-0.128543,-0.172163
12.515904,0.060597,-0.051173,0.310943,0.976383,-0.022666,-0.128543,-0.172163
12.525967,0.060596,-0.051173,0.311261,0.976383,-0.022666,-0.128543,-0.172163
12.536028,0.060598,-0.051173,0.311592,0.976383,-0.022666,-0.128543,-0.172163
12.546089,0.060603,-0.051173,0.311933,0.976383,-0.022666,-0.128543,-0.172163
12.556152,0.060611,-0.051173,0.312288,0.976383,-0.022666,-0.128543,-0.172163
12.566216,0.060622,-0.051173,0.312655,0.976383,-0.022666,-0.128543,-0.172163
12.576276,0.060638,-0.051173,0.313033,0.976383,-0.022666,-0.128543,-0.172163
12.586295,0.060658,-0.051173,0.313423,0.976383,-0.022666,-0.128543,-0.172163
12.596356,0.060682,-0.051173,0.313825,0.976383,-0.022666,-0.128543,-0.172163
12.606420,0.060711,-0.051173,0.314238,0.976383,-0.022666,-0.128543,-0.172163
12.616472,0.060746,-0.051173,0.314664,0.976383,-0.022666,-0.128543,-0.172163
12.626534,0.060786,-0.051173,0.315100,0.976383,-0.022666,-0.128543,-0.172163
12.636596,0.060833,-0.051173,0.315548,0.976383,-0.022666,-0.128543,-0.172163
12.646655,0.060886,-0.051173,0.316008,0.976383,-0.022666,-0.128543,-0.172163
12.656718,0.060945,-0.051173,0.316478,0.976383,-0.022666,-0.128543,-0.172163
12.666775,0.061012,-0.051173,0.316960,0.976383,-0.022666,-0.128543,-0.172163
12.676840,0.061087,-0.051173,0.317452,0.976383,-0.022666,-0.128543,-0.172163
12.686904,0.061170,-0.051173,0.317955,0.976383,-0.022666,-0.128543,-0.172163
12.696966,0.061261,-0.051173,0.318469,0.976383,-0.022666,-0.128543,-0.172163
12.707027,0.061362,-0.051173,0.318993,0.976383,-0.022666,-0.128543,-0.172163
12.717088,0.061472,-0.051173,0.319527,0.976383,-0.022666,-0.128543,-0.172163
12.727151,0.061592,-0.051173,0.320072,0.976383,-0.022666,-0.128543,-0.172163
12.737215,0.061721,-0.051173,0.320625,0.976383,-0.022666,-0.128543,-0.172163
12.747274,0.061862,-0.051173,0.321188,0.976383,-0.022666,-0.128543,-0.172163
12.757293,0.062014,-0.051173,0.321760,0.976383,-0.022666,-0.128543,-0.172163
12.767349,0.062178,-0.051173,0.322342,0.976383,-0.022666,-0.128543,-0.172163
12.777411,0.062354,-0.051173,0.322931,0.976383,-0.022666,-0.128543,-0.172163
12.787472,0.062542,-0.051173,0.323529,0.976383,-0.022666,-0.128543,-0.172163
12.797534,0.062744,-0.051173,0.324134,0.976383,-0.022666,-0.128543,-0.172163
12.807594,0.062959,-0.051173,0.324747,0.976383,-0.022666,-0.128543,-0.172163
12.817656,0.063188,-0.051173,0.325367,0.976383,-0.022666,-0.128543,-0.172163
12.827727,0.063431,-0.051173,0.325995,0.976383,-0.022666,-0.128543,-0.172163
12.837793,0.063690,-0.051173,0.326627,0.976383,-0.022666,-0.128543,-0.172163
12.847846,0.063964,-0.051173,0.327267,0.976383,-0.022666,-0.128543,-0.172163
12.857904,0.064253,-0.051173,0.327911,0.976383,-0.022666,-0.128543,-0.172163
12.867967,0.064559,-0.051173,0.328562,0.976383,-0.022666,-0.128543,-0.172163
12.878030,0.064881,-0.051173,0.329215,0.976383,-0.022666,-0.128543,-0.172163
12.888094,0.065220,-0.051173,0.329873,0.976383,-0.022666,-0.128543,-0.172163
12.898158,0.065578,-0.051173,0.330535,0.976383,-0.022666,-0.128543,-0.172163
12.908219,0.065953,-0.051173,0.331199,0.976383,-0.022666,-0.128543,-0.172163
12.918283,0.066346,-0.051173,0.331865,0.976383,-0.022666,-0.128543,-0.172163
12.928297,0.066757,-0.051173,0.332532,0.976383,-0.022666,-0.128543,-0.172163
12.938353,0.067189,-0.051173,0.333202,0.976383,-0.022666,-0.128543,-0.172163
12.948417,0.067639,-0.051173,0.333871,0.976383,-0.022666,-0.128543,-0.172163
12.958477,0.068109,-0.051173,0.334539,0.976383,-0.022666,-0.128543,-0.172163
12.968541,0.068599,-0.051173,0.335207,0.976383,-0.022666,-0.128543,-0.172163
12.978604,0.069109,-0.051173,0.335872,0.976383,-0.022666,-0.128543,-0.172163
12.988669,0.069641,-0.051173,0.336536,0.976383,-0.022666,-0.128543,-0.172163
12.998731,0.070193,-0.051173,0.337196,0.976383,-0.022666,-0.128543,-0.172163
13.008795,0.070767,-0.051173,0.337852,0.976383,-0.022666,-0.128543,-0.172163
13.018856,0.071361,-0.051173,0.338503,0.976383,-0.022666,-0.128543,-0.172163
13.028918,0.071977,-0.051173,0.339149,0.976383,-0.022666,-0.128543,-0.172163
13.039013,0.072615,-0.051173,0.339787,0.976383,-0.022666,-0.128543,-0.172163
13.049078,0.073275,-0.051173,0.340419,0.976383,-0.022666,-0.128543,-0.172163
13.059143,0.073957,-0.051173,0.341042,0.976383,-0.022666,-0.128543,-0.172163
13.069204,0.074661,-0.051173,0.341656,0.976383,-0.022666,-0.128543,-0.172163
13.079264,0.075387,-0.051173,0.342259,0.976383,-0.022666,-0.128543,-0.172163
13.089326,0.076136,-0.051173,0.342852,0.976383,-0.022666,-0.128543,-0.172163
13.099389,0.076906,-0.051173,0.343433,0.976383,-0.022666,-0.128543,-0.172163
13.109453,0.077698,-0.051173,0.344000,0.976383,-0.022666,-0.128543,-0.172163
13.119514,0.078513,-0.051173,0.344554,0.976383,-0.022666,-0.128543,-0.172163
13.129578,0.079349,-0.051173,0.345093,0.976383,-0.022666,-0.128543,-0.172163
13.139641,0.080207,-0.051173,0.345616,0.976383,-0.022666,-0.128543,-0.172163
13.149701,0.081086,-0.051173,0.346122,0.976383,-0.022666,-0.128543,-0.172163
13.159765,0.081987,-0.051173,0.346610,0.976383,-0.022666,-0.128543,-0.172163
13.169826,0.082909,-0.051173,0.347080,0.976383,-0.022666,-0.128543,-0.172163
13.179888,0.083851,-0.051173,0.347529,0.976383,-0.022666,-0.128543,-0.172163
13.189951,0.084814,-0.051173,0.347957,0.976383,-0.022666,-0.128543,-0.172163
13.200016,0.085797,-0.051173,0.348364,0.976383,-0.022666,-0.128543,-0.172163
13.210075,0.086798,-0.051173,0.348747,0.976383,-0.022666,-0.128543,-0.172163
13.220139,0.087819,-0.051173,0.349107,0.976383,-0.022666,-0.128543,-0.172163
13.230203,0.088858,-0.051173,0.349441,0.976383,-0.022666,-0.128543,-0.172163
13.240265,0.089915,-0.051173,0.349750,0.976383,-0.022666,-0.128543,-0.172163
13.250293,0.090989,-0.051173,0.350032,0.976383,-0.022666,-0.128543,-0.172163
13.260358,0.092079,-0.051173,0.350285,0.976383,-0.022666,-0.128543,-0.172163
13.270541,0.093185,-0.051173,0.350510,0.976383,-0.022666,-0.128543,-0.172163
13.280605,0.094306,-0.051173,0.350705,0.976383,-0.022666,-0.128543,-0.172163
13.290667,0.095440,-0.051173,0.350868,0.976383,-0.022666,-0.128543,-0.172163
13.300730,0.096588,-0.051173,0.351001,0.976383,-0.022666,-0.128543,-0.172163
13.310789,0.097748,-0.051173,0.351101,0.976383,-0.022666,-0.128543,-0.172163
13.320852,0.098919,-0.051173,0.351167,0.976383,-0.022666,-0.128543,-0.172163
13.330916,0.100100,-0.051173,0.351199,0.976383,-0.022666,-0.128543,-0.172163
13.340981,0.101290,-0.051173,0.351196,0.976383,-0.022666,-0.128543,-0.172163
13.351040,0.102489,-0.051173,0.351157,0.976383,-0.022666,-0.128543,-0.172163
13.361104,0.103693,-0.051173,0.351082,0.976383,-0.022666,-0.128543,-0.172163
13.371168,0.104904,-0.051173,0.350969,0.976383,-0.022666,-0.128543,-0.172163
13.381233,0.106119,-0.051173,0.350819,0.976383,-0.022666,-0.128543,-0.172163
13.391296,0.107336,-0.051173,0.350630,0.976383,-0.022666,-0.128543,-0.172163
13.401359,0.108556,-0.051173,0.350402,0.976383,-0.022666,-0.128543,-0.172163
13.411423,0.109775,-0.051173,0.350134,0.976383,-0.022666,-0.128543,-0.172163
13.421484,0.110993,-0.051173,0.349827,0.976383,-0.022666,-0.128543,-0.172163
13.431547,0.112210,-0.051173,0.349479,0.976383,-0.022666,-0.128543,-0.172163
13.441611,0.113420,-0.051173,0.349090,0.976383,-0.022666,-0.128543,-0.172163
13.451664,0.114627,-0.051173,0.348660,0.976383,-0.022666,-0.128543,-0.172163
13.461717,0.115825,-0.051173,0.348189,0.976383,-0.022666,-0.128543,-0.172163
13.471768,0.117015,-0.051173,0.347676,0.976383,-0.022666,-0.128543,-0.172163
13.481822,0.118193,-0.051173,0.347123,0.976383,-0.022666,-0.128543,-0.172163
13.491884,0.119361,-0.051173,0.346527,0.976383,-0.022666,-0.128543,-0.172163
13.501967,0.120514,-0.051173,0.345890,0.976383,-0.022666,-0.128543,-0.172163
13.512032,0.121652,-0.051173,0.345210,0.976383,-0.022666,-0.128543,-0.172163
13.522085,0.122773,-0.051173,0.344491,0.976383,-0.022666,-0.128543,-0.172163
13.532140,0.123875,-0.051173,0.343729,0.976383,-0.022666,-0.128543,-0.172163
13.542193,0.124956,-0.051173,0.342927,0.976383,-0.022666,-0.128543,-0.172163
13.552247,0.126016,-0.051173,0.342085,0.976383,-0.022666,-0.128543,-0.172163
13.562299,0.127051,-0.051173,0.341203,0.976383,-0.022666,-0.128543,-0.172163
13.572361,0.128061,-0.051173,0.340281,0.976383,-0.022666,-0.128543,-0.172163
13.582425,0.129043,-0.051173,0.339321,0.976383,-0.022666,-0.128543,-0.172163
13.592485,0.129996,-0.051173,0.338323,0.976383,-0.022666,-0.128543,-0.172163
13.602539,0.130919,-0.051173,0.337287,0.976383,-0.022666,-0.128543,-0.172163
13.612592,0.131808,-0.051173,0.336216,0.976383,-0.022666,-0.128543,-0.172163
13.622644,0.132664,-0.051173,0.335108,0.976383,-0.022666,-0.128543,-0.172163
13.632696,0.133484,-0.051173,0.333967,0.976383,-0.022666,-0.128543,-0.172163
13.642748,0.134268,-0.051173,0.332791,0.976383,-0.022666,-0.128543,-0.172163
13.652800,0.135011,-0.051173,0.331585,0.976383,-0.022666,-0.128543,-0.172163
13.662853,0.135715,-0.051173,0.330346,0.976383,-0.022666,-0.128543,-0.172163
13.672914,0.136377,-0.051173,0.329079,0.976383,-0.022666,-0.128543,-0.172163
13.682975,0.136995,-0.051173,0.327784,0.976383,-0.022666,-0.128543,-0.172163
13.693036,0.137569,-0.051173,0.326461,0.976383,-0.022666,-0.128543,-0.172163
13.703101,0.138096,-0.051173,0.325114,0.976383,-0.022666,-0.128543,-0.172163
13.713162,0.138577,-0.051173,0.323744,0.976383,-0.022666,-0.128543,-0.172163
13.723225,0.139009,-0.051173,0.322351,0.976383,-0.022666,-0.128543,-0.172163
13.733291,0.139390,-0.051173,0.320939,0.976383,-0.022666,-0.128543,-0.172163
13.743346,0.139722,-0.051173,0.319509,0.976383,-0.022666,-0.128543,-0.172163
13.753467,0.140001,-0.051173,0.318062,0.976383,-0.022666,-0.128543,-0.172163
13.763531,0.140227,-0.051173,0.316601,0.976383,-0.022666,-0.128543,-0.172163
13.773592,0.140400,-0.051173,0.315129,0.976383,-0.022666,-0.128543,-0.172163
13.783655,0.140519,-0.051173,0.313645,0.976383,-0.022666,-0.128543,-0.172163
13.793720,0.140582,-0.051173,0.312153,0.976383,-0.022666,-0.128543,-0.172163
13.803784,0.140590,-0.051173,0.310656,0.976383,-0.022666,-0.128543,-0.172163
13.813843,0.140541,-0.051173,0.309155,0.976383,-0.022666,-0.128543,-0.172163
13.823905,0.140435,-0.051173,0.307652,0.976383,-0.022666,-0.128543,-0.172163
13.833967,0.140273,-0.051173,0.306150,0.976383,-0.022666,-0.128543,-0.172163
13.844028,0.140053,-0.051173,0.304651,0.976383,-0.022666,-0.128543,-0.172163
13.854092,0.139776,-0.051173,0.303157,0.976383,-0.022666,-0.128543,-0.172163
13.864153,0.139441,-0.051173,0.301672,0.976383,-0.022666,-0.128543,-0.172163
13.874216,0.139049,-0.051173,0.300196,0.976383,-0.022666,-0.128543,-0.172163
13.884280,0.138599,-0.051173,0.298733,0.976383,-0.022666,-0.128543,-0.172163
13.894341,0.138093,-0.051173,0.297284,0.976383,-0.022666,-0.128543,-0.172163
13.904402,0.137530,-0.051173,0.295852,0.976383,-0.022666,-0.128543,-0.172163
13.914466,0.136911,-0.051173,0.294440,0.976383,-0.022666,-0.128543,-0.172163
13.924526,0.136237,-0.051173,0.293050,0.976383,-0.022666,-0.128543,-0.172163
13.934590,0.135507,-0.051173,0.291685,0.976383,-0.022666,-0.128543,-0.172163
13.944646,0.134724,-0.051173,0.290345,0.976383,-0.022666,-0.128543,-0.172163
13.954710,0.133887,-0.051173,0.289034,0.976383,-0.022666,-0.128543,-0.172163
13.964777,0.132999,-0.051173,0.287755,0.976383,-0.022666,-0.128543,-0.172163
13.974842,0.132059,-0.051173,0.286509,0.976383,-0.022666,-0.128543,-0.172163
13.984904,0.131070,-0.051173,0.285298,0.976383,-0.022666,-0.128543,-0.172163
13.994966,0.130033,-0.051173,0.284125,0.976383,-0.022666,-0.128543,-0.172163
14.005026,0.127818,-0.051173,0.281899,0.976383,-0.022666,-0.128543,-0.172163
14.015087,0.126645,-0.051173,0.280851,0.976383,-0.022666,-0.128543,-0.172163
14.025152,0.125429,-0.051173,0.279849,0.976383,-0.022666,-0.128543,-0.172163
14.035214,0.124173,-0.051173,0.278894,0.976383,-0.022666,-0.128543,-0.172163
14.045276,0.122879,-0.051173,0.277988,0.976383,-0.022666,-0.128543,-0.172163
14.055340,0.121548,-0.051173,0.277133,0.976383,-0.022666,-0.128543,-0.172163
14.065403,0.120183,-0.051173,0.276330,0.976383,-0.022666,-0.128543,-0.172163
14.075468,0.118785,-0.051173,0.275581,0.976383,-0.022666,-0.128543,-0.172163
14.085531,0.117358,-0.051173,0.274888,0.976383,-0.022666,-0.128543,-0.172163
14.095589,0.115902,-0.051173,0.274251,0.976383,-0.022666,-0.128543,-0.172163
14.105653,0.114422,-0.051173,0.273672,0.976383,-0.022666,-0.128543,-0.172163
14.115715,0.112918,-0.051172,0.273151,0.976383,-0.022666,-0.128543,-0.172163
14.125777,0.111394,-0.051172,0.272691,0.976383,-0.022666,-0.128543,-0.172163
14.135839,0.109852,-0.051172,0.272292,0.976383,-0.022666,-0.128543,-0.172163
14.145899,0.108293,-0.051172,0.271954,0.976383,-0.022666,-0.128543,-0.172163
14.155960,0.106722,-0.051172,0.271678,0.976383,-0.022666,-0.128543,-0.172163
14.166022,0.105141,-0.051172,0.271465,0.976383,-0.022666,-0.128543,-0.172163
14.176084,0.103551,-0.051172,0.271315,0.976383,-0.022666,-0.128543,-0.172163
14.186148,0.101957,-0.051172,0.271229,0.976383,-0.022666,-0.128543,-0.172163
14.196208,0.100359,-0.051172,0.271207,0.976383,-0.022666,-0.128543,-0.172163
14.206269,0.098762,-0.051172,0.271248,0.976383,-0.022666,-0.128543,-0.172163
14.216292,0.097168,-0.051172,0.271353,0.976383,-0.022666,-0.128543,-0.172163
14.226344,0.095579,-0.051172,0.271522,0.976383,-0.022666,-0.128543,-0.172163
14.236396,0.093998,-0.051172,0.271754,0.976383,-0.022666,-0.128543,-0.172163
14.246448,0.092428,-0.051172,0.272049,0.976383,-0.022666,-0.128543,-0.172163
14.256511,0.090871,-0.051172,0.272406,0.976383,-0.022666,-0.128543,-0.172163
14.266574,0.089329,-0.051172,0.272825,0.976383,-0.022666,-0.128543,-0.172163
14.276639,0.087807,-0.051172,0.273305,0.976383,-0.022666,-0.128543,-0.172163
14.286698,0.086305,-0.051172,0.273846,0.976383,-0.022666,-0.128543,-0.172163
14.296762,0.084827,-0.051172,0.274445,0.976383,-0.022666,-0.128543,-0.172163
14.306826,0.083374,-0.051172,0.275103,0.976383,-0.022666,-0.128543,-0.172163
14.316886,0.081950,-0.051172,0.275818,0.976383,-0.022666,-0.128543,-0.172163
14.326947,0.080556,-0.051172,0.276588,0.976383,-0.022666,-0.128543,-0.172163
14.337009,0.079195,-0.051172,0.277412,0.976383,-0.022666,-0.128543,-0.172163
14.347072,0.077869,-0.051172,0.278290,0.976383,-0.022666,-0.128543,-0.172163
14.357136,0.076580,-0.051172,0.279218,0.976383,-0.022666,-0.128543,-0.172163
14.367197,0.075330,-0.051172,0.280196,0.976383,-0.022666,-0.128543,-0.172163
14.377260,0.074121,-0.051172,0.281222,0.976383,-0.022666,-0.128543,-0.172163
14.387297,0.072955,-0.051172,0.282293,0.976383,-0.022666,-0.128543,-0.172163
14.397361,0.071834,-0.051172,0.283408,0.976383,-0.022666,-0.128543,-0.172163
14.407471,0.070758,-0.051172,0.284566,0.976383,-0.022666,-0.128543,-0.172163
14.417535,0.069731,-0.051172,0.285763,0.976383,-0.022666,-0.128543,-0.172163
14.427601,0.068753,-0.051172,0.286999,0.976383,-0.022666,-0.128543,-0.172163
14.437665,0.067825,-0.051172,0.288270,0.976383,-0.022666,-0.128543,-0.172163
14.447725,0.066950,-0.051172,0.289574,0.976383,-0.022666,-0.128543,-0.172163
14.457789,0.066128,-0.051172,0.290910,0.976383,-0.022666,-0.128543,-0.172163
14.467853,0.065361,-0.051172,0.292274,0.976383,-0.022666,-0.128543,-0.172163
14.477918,0.064648,-0.051172,0.293665,0.976383,-0.022666,-0.128543,-0.172163
14.487979,0.063991,-0.051172,0.295080,0.976383,-0.022666,-0.128543,-0.172163
14.498043,0.063391,-0.051172,0.296517,0.976383,-0.022666,-0.128543,-0.172163
14.508106,0.062849,-0.051172,0.297974,0.976383,-0.022666,-0.128543,-0.172163
14.518172,0.062365,-0.051172,0.299446,0.976383,-0.022666,-0.128543,-0.172163
14.528234,0.061938,-0.051172,0.300934,0.976383,-0.022666,-0.128543,-0.172163
14.538298,0.061571,-0.051172,0.302434,0.976383,-0.022666,-0.128543,-0.172163
14.548362,0.061262,-0.051172,0.303943,0.976383,-0.022666,-0.128543,-0.172163
14.558423,0.061012,-0.051173,0.305460,0.976383,-0.022666,-0.128543,-0.172163
14.568485,0.060821,-0.051173,0.306980,0.976383,-0.022666,-0.128543,-0.172163
14.578546,0.060689,-0.051173,0.308504,0.976383,-0.022666,-0.128543,-0.172163
14.588609,0.060615,-0.051173,0.310027,0.976383,-0.022666,-0.128543,-0.172163
14.598670,0.060599,-0.051173,0.311548,0.976383,-0.022666,-0.128543,-0.172163
14.608734,0.060641,-0.051173,0.313064,0.976383,-0.022666,-0.128543,-0.172163
14.618787,0.060740,-0.051173,0.314573,0.976383,-0.022666,-0.128543,-0.172163
14.628849,0.060895,-0.051173,0.316074,0.976383,-0.022666,-0.128543,-0.172163
14.638912,0.061106,-0.051173,0.317563,0.976383,-0.022666,-0.128543,-0.172163
14.648974,0.061372,-0.051173,0.319037,0.976383,-0.022666,-0.128543,-0.172163
14.659036,0.061692,-0.051173,0.320497,0.976383,-0.022666,-0.128543,-0.172163
14.669100,0.062065,-0.051173,0.321939,0.976383,-0.022666,-0.128543,-0.172163
14.679163,0.062489,-0.051173,0.323360,0.976383,-0.022666,-0.128543,-0.172163
14.689225,0.062965,-0.051173,0.324761,0.976383,-0.022666,-0.128543,-0.172163
14.699289,0.063490,-0.051173,0.326138,0.976383,-0.022666,-0.128543,-0.172163
14.709354,0.064063,-0.051173,0.327490,0.976383,-0.022666,-0.128543,-0.172163
14.719417,0.064683,-0.051173,0.328815,0.976383,-0.022666,-0.128543,-0.172163
14.729479,0.065349,-0.051173,0.330112,0.976383,-0.022666,-0.128543,-0.172163
14.739542,0.066058,-0.051173,0.331378,0.976383,-0.022666,-0.128543,-0.172163
14.749602,0.066810,-0.051173,0.332614,0.976383,-0.022666,-0.128543,-0.172163
14.759666,0.067603,-0.051173,0.333816,0.976383,-0.022666,-0.128543,-0.172163
14.769729,0.068434,-0.051173,0.334984,0.976383,-0.022666,-0.128543,-0.172163
14.779792,0.069304,-0.051173,0.336117,0.976383,-0.022666,-0.128543,-0.172163
14.789857,0.070209,-0.051173,0.337213,0.976383,-0.022666,-0.128543,-0.172163
14.799921,0.071148,-0.051173,0.338272,0.976383,-0.022666,-0.128543,-0.172163
14.809984,0.072120,-0.051173,0.339293,0.976383,-0.022666,-0.128543,-0.172163
14.820048,0.073122,-0.051173,0.340274,0.976383,-0.022666,-0.128543,-0.172163
14.830170,0.074153,-0.051173,0.341215,0.976383,-0.022666,-0.128543,-0.172163
14.840234,0.075211,-0.051173,0.342115,0.976383,-0.022666,-0.128543,-0.172163
14.850317,0.076295,-0.051173,0.342974,0.976383,-0.022666,-0.128543,-0.172163
14.860382,0.077401,-0.051173,0.343790,0.976383,-0.022666,-0.128543,-0.172163
14.870445,0.078529,-0.051173,0.344564,0.976383,-0.022666,-0.128543,-0.172163
14.880510,0.079676,-0.051173,0.345296,0.976383,-0.022666,-0.128543,-0.172163
14.890575,0.080842,-0.051173,0.345984,0.976383,-0.022666,-0.128543,-0.172163
14.900631,0.082024,-0.051173,0.346629,0.976383,-0.022666,-0.128543,-0.172163
14.910686,0.083220,-0.051173,0.347231,0.976383,-0.022666,-0.128543,-0.172163
14.920741,0.084428,-0.051173,0.347789,0.976383,-0.022666,-0.128543,-0.172163
14.930798,0.085648,-0.051173,0.348304,0.976383,-0.022666,-0.128543,-0.172163
14.940860,0.086876,-0.051173,0.348776,0.976383,-0.022666,-0.128543,-0.172163
14.950922,0.088112,-0.051173,0.349204,0.976383,-0.022666,-0.128543,-0.172163
14.960985,0.089353,-0.051173,0.349590,0.976383,-0.022666,-0.128543,-0.172163
14.971049,0.090598,-0.051173,0.349932,0.976383,-0.022666,-0.128543,-0.172163
14.981111,0.091846,-0.051173,0.350233,0.976383,-0.022666,-0.128543,-0.172163
14.991174,0.093094,-0.051173,0.350492,0.976383,-0.022666,-0.128543,-0.172163
15.001238,0.094343,-0.051173,0.350710,0.976383,-0.022666,-0.128543,-0.172163
15.011296,0.095588,-0.051173,0.350887,0.976383,-0.022666,-0.128543,-0.172163
15.021357,0.096830,-0.051173,0.351024,0.976383,-0.022666,-0.128543,-0.172163
15.031419,0.098067,-0.051173,0.351122,0.976383,-0.022666,-0.128543,-0.172163
15.041482,0.099297,-0.051173,0.351181,0.976383,-0.022666,-0.128543,-0.172163
15.051547,0.100520,-0.051173,0.351202,0.976383,-0.022666,-0.128543,-0.172163
15.061601,0.101734,-0.051173,0.351186,0.976383,-0.022666,-0.128543,-0.172163
15.071664,0.102938,-0.051173,0.351133,0.976383,-0.022666,-0.128543,-0.172163
15.081725,0.104130,-0.051173,0.351046,0.976383,-0.022666,-0.128543,-0.172163
15.091786,0.105311,-0.051173,0.350923,0.976383,-0.022666,-0.128543,-0.172163
15.101848,0.106477,-0.051173,0.350767,0.976383,-0.022666,-0.128543,-0.172163
15.111908,0.107629,-0.051173,0.350579,0.976383,-0.022666,-0.128543,-0.172163
15.121971,0.108765,-0.051173,0.350359,0.976383,-0.022666,-0.128543,-0.172163
15.132030,0.109886,-0.051173,0.350108,0.976383,-0.022666,-0.128543,-0.172163
15.142092,0.110989,-0.051173,0.349828,0.976383,-0.022666,-0.128543,-0.172163
15.152151,0.112074,-0.051173,0.349520,0.976383,-0.022666,-0.128543,-0.172163
15.162204,0.113141,-0.051173,0.349184,0.976383,-0.022666,-0.128543,-0.172163
15.172254,0.114188,-0.051173,0.348822,0.976383,-0.022666,-0.128543,-0.172163
15.182306,0.115216,-0.051173,0.348434,0.976383,-0.022666,-0.128543,-0.172163
15.192365,0.116223,-0.051173,0.348023,0.976383,-0.022666,-0.128543,-0.172163
15.202426,0.117209,-0.051173,0.347589,0.976383,-0.022666,-0.128543,-0.172163
15.212487,0.118173,-0.051173,0.347133,0.976383,-0.022666,-0.128543,-0.172163
15.222549,0.119116,-0.051173,0.346656,0.976383,-0.022666,-0.128543,-0.172163
15.232611,0.120036,-0.051173,0.346160,0.976383,-0.022666,-0.128543,-0.172163
15.242671,0.120934,-0.051173,0.345645,0.976383,-0.022666,-0.128543,-0.172163
15.252730,0.121809,-0.051173,0.345113,0.976383,-0.022666,-0.128543,-0.172163
15.262788,0.122661,-0.051173,0.344565,0.976383,-0.022666,-0.128543,-0.172163
15.272851,0.123490,-0.051173,0.344002,0.976383,-0.022666,-0.128543,-0.172163
15.282915,0.124296,-0.051173,0.343424,0.976383,-0.022666,-0.128543,-0.172163
15.292977,0.125078,-0.051173,0.342834,0.976383,-0.022666,-0.128543,-0.172163
15.303040,0.125837,-0.051173,0.342232,0.976383,-0.022666,-0.128543,-0.172163
15.313103,0.126572,-0.051173,0.341619,0.976383,-0.022666,-0.128543,-0.172163
15.323160,0.127284,-0.051173,0.340996,0.976383,-0.022666,-0.128543,-0.172163
15.333213,0.127973,-0.051173,0.340364,0.976383,-0.022666,-0.128543,-0.172163
15.343277,0.128639,-0.051173,0.339725,0.976383,-0.022666,-0.128543,-0.172163
15.353340,0.129281,-0.051173,0.339079,0.976383,-0.022666,-0.128543,-0.172163
15.363403,0.129900,-0.051173,0.338427,0.976383,-0.022666,-0.128543,-0.172163
15.373465,0.130497,-0.051173,0.337770,0.976383,-0.022666,-0.128543,-0.172163
15.383527,0.131071,-0.051173,0.337109,0.976383,-0.022666,-0.128543,-0.172163
15.393581,0.131624,-0.051173,0.336445,0.976383,-0.022666,-0.128543,-0.172163
15.403636,0.132154,-0.051173,0.335779,0.976383,-0.022666,-0.128543,-0.172163
15.413702,0.132663,-0.051173,0.335112,0.976383,-0.022666,-0.128543,-0.172163
15.423768,0.133150,-0.051173,0.334444,0.976383,-0.022666,-0.128543,-0.172163
15.433837,0.133617,-0.051173,0.333775,0.976383,-0.022666,-0.128543,-0.172163
15.443898,0.134063,-0.051173,0.333109,0.976383,-0.022666,-0.128543,-0.172163
15.453962,0.134489,-0.051173,0.332444,0.976383,-0.022666,-0.128543,-0.172163
15.464023,0.134895,-0.051173,0.331781,0.976383,-0.022666,-0.128543,-0.172163
15.474087,0.135282,-0.051173,0.331122,0.976383,-0.022666,-0.128543,-0.172163
15.484146,0.135651,-0.051173,0.330466,0.976383,-0.022666,-0.128543,-0.172163
15.494209,0.136000,-0.051173,0.329815,0.976383,-0.022666,-0.128543,-0.172163
15.504270,0.136333,-0.051173,0.329169,0.976383,-0.022666,-0.128543,-0.172163
15.514333,0.136647,-0.051173,0.328529,0.976383,-0.022666,-0.128543,-0.172163
15.524385,0.136945,-0.051173,0.327896,0.976383,-0.022666,-0.128543,-0.172163
15.534449,0.137227,-0.051173,0.327268,0.976383,-0.022666,-0.128543,-0.172163
15.544513,0.137492,-0.051173,0.326649,0.976383,-0.022666,-0.128543,-0.172163
15.554574,0.137742,-0.051173,0.326038,0.976383,-0.022666,-0.128543,-0.172163
15.564637,0.137978,-0.051173,0.325434,0.976383,-0.022666,-0.128543,-0.172163
15.574699,0.138199,-0.051173,0.324839,0.976383,-0.022666,-0.128543,-0.172163
15.584763,0.138406,-0.051173,0.324254,0.976383,-0.022666,-0.128543,-0.172163
15.594827,0.138599,-0.051173,0.323679,0.976383,-0.022666,-0.128543,-0.172163
15.604891,0.138780,-0.051173,0.323113,0.976383,-0.022666,-0.128543,-0.172163
15.614951,0.138949,-0.051173,0.322558,0.976383,-0.022666,-0.128543,-0.172163
15.625016,0.139252,-0.051173,0.321480,0.976383,-0.022666,-0.128543,-0.172163
15.635079,0.139387,-0.051173,0.320958,0.976383,-0.022666,-0.128543,-0.172163
15.645141,0.139512,-0.051173,0.320448,0.976383,-0.022666,-0.128543,-0.172163
15.655203,0.139627,-0.051173,0.319950,0.976383,-0.022666,-0.128543,-0.172163
15.665267,0.139732,-0.051173,0.319464,0.976383,-0.022666,-0.128543,-0.172163
15.675291,0.139829,-0.051173,0.318991,0.976383,-0.022666,-0.128543,-0.172163
15.685354,0.139918,-0.051173,0.318531,0.976383,-0.022666,-0.128543,-0.172163
15.695415,0.139999,-0.051173,0.318083,0.976383,-0.022666,-0.128543,-0.172163
15.705480,0.140072,-0.051173,0.317648,0.976383,-0.022666,-0.128543,-0.172163
15.715532,0.140139,-0.051173,0.317227,0.976383,-0.022666,-0.128543,-0.172163
15.725587,0.140199,-0.051173,0.316819,0.976383,-0.022666,-0.128543,-0.172163
15.735681,0.140252,-0.051173,0.316425,0.976383,-0.022666,-0.128543,-0.172163
15.745745,0.140301,-0.051173,0.316045,0.976383,-0.022666,-0.128543,-0.172163
15.755920,0.140344,-0.051173,0.315679,0.976383,-0.022666,-0.128543,-0.172163
15.765974,0.140382,-0.051173,0.315326,0.976383,-0.022666,-0.128543,-0.172163
15.776028,0.140415,-0.051173,0.314988,0.976383,-0.022666,-0.128543,-0.172163
15.786092,0.140445,-0.051173,0.314665,0.976383,-0.022666,-0.128543,-0.172163
15.796148,0.140470,-0.051173,0.314355,0.976383,-0.022666,-0.128543,-0.172163
15.806204,0.140493,-0.051173,0.314061,0.976383,-0.022666,-0.128543,-0.172163
15.816260,0.140512,-0.051173,0.313781,0.976383,-0.022666,-0.128543,-0.172163
15.826315,0.140528,-0.051173,0.313515,0.976383,-0.022666,-0.128543,-0.172163
15.836368,0.140542,-0.051173,0.313264,0.976383,-0.022666,-0.128543,-0.172163
15.846425,0.140553,-0.051173,0.313028,0.976383,-0.022666,-0.128543,-0.172163
15.856487,0.140563,-0.051173,0.312808,0.976383,-0.022666,-0.128543,-0.172163
15.866551,0.140571,-0.051173,0.312601,0.976383,-0.022666,-0.128543,-0.172163
15.876615,0.140577,-0.051173,0.312410,0.976383,-0.022666,-0.128543,-0.172163
15.886678,0.140582,-0.051173,0.312234,0.976383,-0.022666,-0.128543,-0.172163
15.896741,0.140586,-0.051173,0.312073,0.976383,-0.022666,-0.128543,-0.172163
15.906806,0.140588,-0.051173,0.311927,0.976383,-0.022666,-0.128543,-0.172163
15.916860,0.140591,-0.051173,0.311797,0.976383,-0.022666,-0.128543,-0.172163
15.926925,0.140592,-0.051173,0.311681,0.976383,-0.022666,-0.128543,-0.172163
15.936988,0.140593,-0.051173,0.311581,0.976383,-0.022666,-0.128543,-0.172163
15.947049,0.140594,-0.051173,0.311497,0.976383,-0.022666,-0.128543,-0.172163
15.957111,0.140594,-0.051173,0.311427,0.976383,-0.022666,-0.128543,-0.172163
15.967220,0.140595,-0.051173,0.311373,0.976383,-0.022666,-0.128543,-0.172163
15.977274,0.140595,-0.051173,0.311334,0.976383,-0.022666,-0.128543,-0.172163
15.987328,0.140595,-0.051173,0.311311,0.976383,-0.022666,-0.128543,-0.172163
15.997382,0.140595,-0.051173,0.311303,0.976383,-0.022666,-0.128543,-0.172163
