t,px,py,pz,qw,qx,qy,qz
0.000000,0.143212,-0.050041,0.294300,0.981817,-0.016091,-0.087979,-0.167438
0.010064,0.143212,-0.050041,0.294300,0.981817,-0.016091,-0.087979,-0.167438
0.020128,0.143212,-0.050041,0.294300,0.981817,-0.016091,-0.087979,-0.167438
0.030194,0.143212,-0.050041,0.294300,0.981817,-0.016091,-0.087979,-0.167438
0.040254,0.143212,-0.050041,0.294300,0.981817,-0.016091,-0.087979,-0.167438
0.050303,0.143212,-0.050041,0.294300,0.981817,-0.016091,-0.087979,-0.167438
0.060358,0.143212,-0.050041,0.294300,0.981817,-0.016091,-0.087979,-0.167438
0.070410,0.143212,-0.050041,0.294300,0.981817,-0.016091,-0.087979,-0.167438
0.080463,0.143212,-0.050041,0.294300,0.981817,-0.016091,-0.087979,-0.167438
0.090517,0.143212,-0.050041,0.294300,0.981817,-0.016091,-0.087979,-0.167438
0.100578,0.143212,-0.050041,0.294300,0.981817,-0.016091,-0.087979,-0.167438
0.110630,0.143212,-0.050041,0.294300,0.981817,-0.016091,-0.087979,-0.167438
0.120682,0.143212,-0.050041,0.294300,0.981817,-0.016091,-0.087979,-0.167438
0.130734,0.143212,-0.050041,0.294300,0.981817,-0.016091,-0.087979,-0.167438
0.140785,0.143212,-0.050041,0.294300,0.981817,-0.016091,-0.087979,-0.167438
0.150838,0.143212,-0.050041,0.294300,0.981817,-0.016091,-0.087979,-0.167438
0.160891,0.143212,-0.050041,0.294300,0.981817,-0.016091,-0.087979,-0.167438
0.170950,0.143212,-0.050041,0.294300,0.981817,-0.016091,-0.087979,-0.167438
0.181009,0.143212,-0.050041,0.294300,0.981817,-0.016091,-0.087979,-0.167438
0.191065,0.143212,-0.050041,0.294300,0.981817,-0.016091,-0.087979,-0.167438
0.201127,0.143212,-0.050041,0.294300,0.981817,-0.016091,-0.087979,-0.167438
0.211191,0.143212,-0.050041,0.294300,0.981817,-0.016091,-0.087979,-0.167438
0.221254,0.143212,-0.050041,0.294300,0.981817,-0.016091,-0.087979,-0.167438
0.231307,0.143212,-0.050041,0.294300,0.981817,-0.016091,-0.087979,-0.167438
0.241361,0.143212,-0.050041,0.294300,0.981817,-0.016091,-0.087979,-0.167438
0.251413,0.143212,-0.050041,0.294300,0.981817,-0.016091,-0.087979,-0.167438
0.261465,0.143212,-0.050041,0.294300,0.981817,-0.016091,-0.087979,-0.167438
0.271518,0.143212,-0.050041,0.294300,0.981817,-0.016091,-0.087979,-0.167438
0.281573,0.143212,-0.050041,0.294300,0.981817,-0.016091,-0.087979,-0.167438
0.291633,0.143212,-0.050041,0.294300,0.981817,-0.016091,-0.087979,-0.167438
0.301695,0.143212,-0.050041,0.294300,0.981817,-0.016091,-0.087979,-0.167438
0.311748,0.143212,-0.050041,0.294300,0.981817,-0.016091,-0.087979,-0.167438
0.321802,0.143212,-0.050041,0.294300,0.981817,-0.016091,-0.087979,-0.167438
0.331854,0.143212,-0.050041,0.294300,0.981817,-0.016091,-0.087979,-0.167438
0.341906,0.143212,-0.050041,0.294300,0.981817,-0.016091,-0.087979,-0.167438
0.351958,0.143212,-0.050041,0.294300,0.981817,-0.016091,-0.087979,-0.167438
0.362010,0.143212,-0.050041,0.294300,0.981817,-0.016091,-0.087979,-0.167438
0.372062,0.143212,-0.050041,0.294300,0.981817,-0.016091,-0.087979,-0.167438
0.382115,0.143212,-0.050041,0.294300,0.981817,-0.016091,-0.087979,-0.167438
0.392298,0.143212,-0.050041,0.294300,0.981817,-0.016091,-0.087979,-0.167438
0.402365,0.143212,-0.050041,0.294300,0.981817,-0.016091,-0.087979,-0.167438
0.412429,0.143212,-0.050041,0.294300,0.981817,-0.016091,-0.087979,-0.167438
0.422495,0.143212,-0.050041,0.294300,0.981817,-0.016091,-0.087979,-0.167438
0.432550,0.143212,-0.050041,0.294300,0.981817,-0.016091,-0.087979,-0.167438
0.442612,0.143212,-0.050041,0.294300,0.981817,-0.016091,-0.087979,-0.167438
0.452676,0.143212,-0.050041,0.294300,0.981817,-0.016091,-0.087979,-0.167438
0.462708,0.143212,-0.050041,0.294300,0.981817,-0.016091,-0.087979,-0.167438
0.472769,0.143212,-0.050041,0.294300,0.981817,-0.016091,-0.087979,-0.167438
0.482832,0.143212,-0.050041,0.294300,0.981817,-0.016091,-0.087979,-0.167438
0.492884,0.143212,-0.050041,0.294300,0.981817,-0.016091,-0.087979,-0.167438
0.502936,0.143212,-0.050041,0.294300,0.981817,-0.016091,-0.087979,-0.167438
0.512999,0.143212,-0.050041,0.294300,0.981817,-0.016091,-0.087979,-0.167438
0.523060,0.143212,-0.050041,0.294300,0.981817,-0.016091,-0.087979,-0.167438
0.533112,0.143212,-0.050041,0.294300,0.981817,-0.016091,-0.087979,-0.167438
0.543164,0.143212,-0.050041,0.294300,0.981817,-0.016091,-0.087979,-0.167438
0.553217,0.143212,-0.050041,0.294300,0.981817,-0.016091,-0.087979,-0.167438
0.563269,0.143212,-0.050041,0.294300,0.981817,-0.016091,-0.087979,-0.167438
0.573296,0.143212,-0.050041,0.294300,0.981817,-0.016091,-0.087979,-0.167438
0.583349,0.143212,-0.050041,0.294300,0.981817,-0.016091,-0.087979,-0.167438
0.593401,0.143212,-0.050041,0.294300,0.981817,-0.016091,-0.087979,-0.167438
0.603453,0.143212,-0.050041,0.294300,0.981817,-0.016091,-0.087979,-0.167438
0.613505,0.143212,-0.050041,0.294300,0.981817,-0.016091,-0.087979,-0.167438
0.623557,0.143212,-0.050041,0.294300,0.981817,-0.016091,-0.087979,-0.167438
0.633611,0.143212,-0.050041,0.294300,0.981817,-0.016091,-0.087979,-0.167438
0.643665,0.143212,-0.050041,0.294300,0.981817,-0.016091,-0.087979,-0.167438
0.653728,0.143212,-0.050041,0.294300,0.981817,-0.016091,-0.087979,-0.167438
0.663787,0.143212,-0.050041,0.294300,0.981817,-0.016091,-0.087979,-0.167438
0.673850,0.143212,-0.050041,0.294300,0.981817,-0.016091,-0.087979,-0.167438
0.683913,0.143212,-0.050041,0.294300,0.981817,-0.016091,-0.087979,-0.167438
0.693966,0.143212,-0.050041,0.294300,0.981817,-0.016091,-0.087979,-0.167438
0.704018,0.143212,-0.050041,0.294300,0.981817,-0.016091,-0.087979,-0.167438
0.714069,0.143212,-0.050041,0.294300,0.981817,-0.016091,-0.087979,-0.167438
0.724122,0.143212,-0.050041,0.294300,0.981817,-0.016091,-0.087979,-0.167438
0.734174,0.143212,-0.050041,0.294300,0.981817,-0.016091,-0.087979,-0.167438
0.744237,0.143212,-0.050041,0.294300,0.981817,-0.016091,-0.087979,-0.167438
0.754293,0.143212,-0.050041,0.294300,0.981817,-0.016091,-0.087979,-0.167438
0.764357,0.143212,-0.050041,0.294300,0.981817,-0.016091,-0.087979,-0.167438
0.774418,0.143212,-0.050041,0.294300,0.981817,-0.016091,-0.087979,-0.167438
0.784482,0.143212,-0.050041,0.294300,0.981817,-0.016091,-0.087979,-0.167438
0.794542,0.143212,-0.050041,0.294300,0.981817,-0.016091,-0.087979,-0.167438
0.804605,0.143212,-0.050041,0.294300,0.981817,-0.016091,-0.087979,-0.167438
0.814667,0.143212,-0.050041,0.294300,0.981817,-0.016091,-0.087979,-0.167438
0.824730,0.143212,-0.050041,0.294300,0.981817,-0.016091,-0.087979,-0.167438
0.834791,0.143212,-0.050041,0.294300,0.981817,-0.016091,-0.087979,-0.167438
0.844855,0.143212,-0.050041,0.294300,0.981817,-0.016091,-0.087979,-0.167438
0.854954,0.143212,-0.050041,0.294300,0.981817,-0.016091,-0.087979,-0.167438
0.865019,0.143212,-0.050041,0.294300,0.981817,-0.016091,-0.087979,-0.167438
0.875083,0.143212,-0.050041,0.294300,0.981817,-0.016091,-0.087979,-0.167438
0.885147,0.143212,-0.050041,0.294300,0.981817,-0.016091,-0.087979,-0.167438
0.895213,0.143212,-0.050041,0.294300,0.981817,-0.016091,-0.087979,-0.167438
0.905277,0.143212,-0.050041,0.294300,0.981817,-0.016091,-0.087979,-0.167438
0.915301,0.143212,-0.050041,0.294300,0.981817,-0.016091,-0.087979,-0.167438
0.925367,0.143212,-0.050041,0.294300,0.981817,-0.016091,-0.087979,-0.167438
0.935428,0.143212,-0.050041,0.294300,0.981817,-0.016091,-0.087979,-0.167438
0.945491,0.143203,-0.050037,0.294433,0.981800,-0.016122,-0.088166,-0.167436
0.955553,0.143203,-0.050037,0.294433,0.981800,-0.016122,-0.088166,-0.167436
0.965619,0.143194,-0.050034,0.294565,0.981784,-0.016154,-0.088353,-0.167433
0.975685,0.143185,-0.050031,0.294698,0.981767,-0.016185,-0.088541,-0.167430
0.985752,0.143166,-0.050025,0.294964,0.981733,-0.016249,-0.088915,-0.167425
0.995818,0.143211,-0.050040,0.295179,0.981716,-0.016280,-0.089103,-0.167423
1.005882,0.143193,-0.050034,0.295444,0.981681,-0.016343,-0.089477,-0.167417
1.015949,0.143174,-0.050027,0.295710,0.981647,-0.016406,-0.089852,-0.167412
1.026012,0.143145,-0.050017,0.296108,0.981595,-0.016501,-0.090414,-0.167404
1.036076,0.143126,-0.050011,0.296374,0.981560,-0.016564,-0.090788,-0.167398
1.046140,0.143087,-0.049997,0.296904,0.981491,-0.016690,-0.091537,-0.167387
1.056203,0.143057,-0.049986,0.297303,0.981438,-0.016785,-0.092099,-0.167379
1.066256,0.143016,-0.049972,0.297833,0.981367,-0.016911,-0.092848,-0.167368
1.076321,0.142966,-0.050016,0.298231,0.981282,-0.017024,-0.093407,-0.167547
1.086383,0.142945,-0.050009,0.298497,0.981246,-0.017087,-0.093781,-0.167541
1.096451,0.142903,-0.049994,0.299027,0.981174,-0.017213,-0.094530,-0.167530
1.106516,0.142805,-0.049960,0.299475,0.981101,-0.017340,-0.095279,-0.167518
1.116581,0.142772,-0.049948,0.299873,0.981046,-0.017434,-0.095840,-0.167510
1.126642,0.142739,-0.049937,0.300271,0.980991,-0.017529,-0.096402,-0.167501
1.136709,0.142694,-0.049921,0.300801,0.980917,-0.017656,-0.097151,-0.167489
1.146776,0.142660,-0.049909,0.301199,0.980861,-0.017750,-0.097712,-0.167480
1.156841,0.142660,-0.049970,0.301679,0.980772,-0.017864,-0.098270,-0.167659
1.166908,0.142649,-0.049966,0.301812,0.980754,-0.017895,-0.098457,-0.167656
1.176974,0.142547,-0.049931,0.302259,0.980678,-0.018022,-0.099206,-0.167644
1.187041,0.142504,-0.049977,0.302524,0.980608,-0.018104,-0.099577,-0.167825
1.197106,0.142456,-0.049960,0.303054,0.980531,-0.018231,-0.100325,-0.167812
1.207168,0.142444,-0.049955,0.303187,0.980512,-0.018262,-0.100512,-0.167809
1.217229,0.142402,-0.049941,0.303680,0.980454,-0.018357,-0.101073,-0.167800
1.227295,0.142377,-0.049932,0.303945,0.980415,-0.018420,-0.101447,-0.167794
1.237356,0.142352,-0.049923,0.304210,0.980376,-0.018484,-0.101821,-0.167788
1.247418,0.142339,-0.049919,0.304343,0.980357,-0.018515,-0.102009,-0.167785
1.257478,0.142295,-0.049964,0.304608,0.980286,-0.018598,-0.102379,-0.167966
1.267531,0.142269,-0.049955,0.304872,0.980247,-0.018661,-0.102753,-0.167959
1.277584,0.142243,-0.049946,0.305137,0.980207,-0.018725,-0.103127,-0.167953
1.287638,0.142218,-0.049937,0.305402,0.980168,-0.018788,-0.103501,-0.167947
1.297694,0.142159,-0.049978,0.305799,0.980076,-0.018903,-0.104059,-0.168124
1.307748,0.142114,-0.050023,0.306064,0.980004,-0.018986,-0.104429,-0.168305
1.317801,0.142087,-0.050013,0.306329,0.979964,-0.019050,-0.104803,-0.168298
1.327854,0.142060,-0.050004,0.306593,0.979924,-0.019113,-0.105177,-0.168292
1.337918,0.142028,-0.050053,0.306726,0.979871,-0.019165,-0.105360,-0.168476
1.347981,0.142001,-0.050044,0.306991,0.979831,-0.019229,-0.105734,-0.168469
1.358043,0.141987,-0.050039,0.307123,0.979811,-0.019260,-0.105921,-0.168466
1.368105,0.141974,-0.050034,0.307255,0.979790,-0.019292,-0.106108,-0.168463
1.378169,0.141960,-0.050029,0.307388,0.979770,-0.019324,-0.106295,-0.168459
1.388234,0.141932,-0.050020,0.307652,0.979729,-0.019387,-0.106669,-0.168453
1.398298,0.141886,-0.050064,0.307917,0.979656,-0.019471,-0.107039,-0.168633
1.408353,0.141865,-0.050057,0.308145,0.979636,-0.019503,-0.107226,-0.168630
1.418417,0.141851,-0.050052,0.308277,0.979615,-0.019535,-0.107413,-0.168627
1.428480,0.141818,-0.050101,0.308410,0.979562,-0.019587,-0.107596,-0.168810
1.438544,0.141790,-0.050091,0.308674,0.979521,-0.019651,-0.107970,-0.168804
1.448605,0.141742,-0.050135,0.308939,0.979448,-0.019735,-0.108340,-0.168984
1.458669,0.141714,-0.050125,0.309203,0.979406,-0.019799,-0.108714,-0.168977
1.468732,0.141656,-0.050105,0.309732,0.979322,-0.019926,-0.109461,-0.168964
1.478794,0.141612,-0.050089,0.310129,0.979259,-0.020022,-0.110022,-0.168953
1.488848,0.141568,-0.050073,0.310525,0.979196,-0.020117,-0.110582,-0.168943
1.498911,0.141538,-0.050063,0.310790,0.979154,-0.020181,-0.110956,-0.168936
1.508973,0.141531,-0.050060,0.310886,0.979154,-0.020181,-0.110956,-0.168936
1.519034,0.141482,-0.050104,0.311210,0.979100,-0.020234,-0.111139,-0.169120
1.529098,0.141398,-0.050074,0.311451,0.979079,-0.020266,-0.111326,-0.169116
1.539159,0.141368,-0.050063,0.311716,0.979036,-0.020330,-0.111699,-0.169109
1.549222,0.141337,-0.050053,0.311980,0.978993,-0.020394,-0.112073,-0.169102
1.559290,0.141306,-0.050042,0.312244,0.978950,-0.020457,-0.112446,-0.169096
1.569353,0.141256,-0.050085,0.312508,0.978875,-0.020543,-0.112816,-0.169275
1.579414,0.141209,-0.050068,0.312905,0.978810,-0.020638,-0.113376,-0.169265
1.589475,0.141178,-0.050057,0.313169,0.978767,-0.020702,-0.113750,-0.169258
1.599539,0.141119,-0.050097,0.313529,0.978691,-0.020788,-0.114119,-0.169437
1.609601,0.141119,-0.050097,0.313588,0.978713,-0.020756,-0.113933,-0.169441
1.619664,0.140982,-0.050108,0.314153,0.978637,-0.020841,-0.114302,-0.169620
1.629727,0.140965,-0.050103,0.314345,0.978637,-0.020841,-0.114302,-0.169620
1.639787,0.140905,-0.050142,0.314824,0.978604,-0.020863,-0.114298,-0.169807
1.649851,0.140904,-0.050141,0.314943,0.978648,-0.020799,-0.113925,-0.169814
1.659912,0.140840,-0.050240,0.315290,0.978605,-0.020811,-0.113730,-0.170191
1.669975,0.140795,-0.050284,0.315578,0.978572,-0.020832,-0.113726,-0.170378
1.680036,0.140755,-0.050391,0.315756,0.978572,-0.020779,-0.113158,-0.170762
1.690099,0.140728,-0.050432,0.315971,0.978616,-0.020758,-0.112777,-0.170769
1.700151,0.140643,-0.050584,0.316318,0.978539,-0.020790,-0.112579,-0.171332
1.710216,0.140621,-0.050636,0.316437,0.978550,-0.020747,-0.112201,-0.171526
1.720277,0.140580,-0.050743,0.316556,0.978527,-0.020724,-0.111820,-0.171906
1.730340,0.140528,-0.050845,0.316830,0.978525,-0.020669,-0.111252,-0.172290
1.740401,0.140506,-0.050898,0.316949,0.978535,-0.020625,-0.110875,-0.172484
1.750463,0.140401,-0.050981,0.317081,0.978512,-0.020602,-0.110493,-0.172864
1.760525,0.140378,-0.051033,0.317200,0.978521,-0.020558,-0.110116,-0.173058
1.770589,0.140194,-0.051027,0.317550,0.978467,-0.020612,-0.110299,-0.173241
1.780651,0.140084,-0.051048,0.317790,0.978412,-0.020666,-0.110482,-0.173424
1.790714,0.140009,-0.051071,0.317826,0.978455,-0.020642,-0.110101,-0.173431
1.800775,0.139933,-0.051165,0.318149,0.978367,-0.020717,-0.110280,-0.173801
1.810835,0.139799,-0.051287,0.318377,0.978343,-0.020735,-0.109891,-0.174181
1.820899,0.139703,-0.051313,0.318545,0.978331,-0.020723,-0.109700,-0.174371
1.830959,0.139598,-0.051385,0.318676,0.978339,-0.020719,-0.109316,-0.174565
1.841022,0.139436,-0.051367,0.318893,0.978373,-0.020782,-0.109305,-0.174378
1.851086,0.139190,-0.051308,0.319313,0.978439,-0.020866,-0.109290,-0.174005
1.861151,0.139029,-0.051249,0.319625,0.978443,-0.020679,-0.109323,-0.173984
1.871214,0.138891,-0.051198,0.319828,0.978505,-0.020579,-0.108764,-0.173994
1.881277,0.138747,-0.051145,0.320008,0.978526,-0.020545,-0.108577,-0.173998
1.891295,0.138519,-0.051121,0.320200,0.978514,-0.020533,-0.108387,-0.174188
1.901351,0.138317,-0.051036,0.320333,0.978547,-0.020553,-0.108383,-0.174001
1.911404,0.137938,-0.050887,0.320789,0.978518,-0.020675,-0.108939,-0.173804
1.921467,0.137813,-0.050812,0.320872,0.978638,-0.020704,-0.108742,-0.173248
1.931529,0.137684,-0.050726,0.320992,0.978769,-0.020787,-0.108728,-0.172501
1.941590,0.137447,-0.050631,0.321350,0.978945,-0.020987,-0.108885,-0.171377
1.951649,0.137347,-0.050675,0.321480,0.979052,-0.021044,-0.108490,-0.171011
1.961713,0.137092,-0.050671,0.321766,0.979105,-0.021113,-0.108284,-0.170827
1.971773,0.136845,-0.050660,0.321992,0.979170,-0.021237,-0.108262,-0.170454
1.981836,0.136569,-0.050708,0.322276,0.979352,-0.021471,-0.108026,-0.169523
1.991898,0.136352,-0.050747,0.322621,0.979428,-0.021692,-0.108178,-0.168959
2.001960,0.135994,-0.050742,0.323048,0.979492,-0.021857,-0.108146,-0.168586
2.012023,0.135797,-0.050836,0.323188,0.979470,-0.021868,-0.107758,-0.168966
2.022083,0.135321,-0.050892,0.323698,0.979299,-0.022022,-0.108113,-0.169706
2.032145,0.135049,-0.050956,0.323885,0.979255,-0.022069,-0.107911,-0.170083
2.042208,0.134825,-0.051047,0.324156,0.979178,-0.022094,-0.107712,-0.170647
2.052274,0.134608,-0.051072,0.324500,0.979165,-0.020325,-0.108211,-0.170624
2.062294,0.134402,-0.051110,0.324771,0.979121,-0.020330,-0.108018,-0.171002
2.072349,0.134261,-0.051174,0.325030,0.979080,-0.020147,-0.107856,-0.171358
2.082410,0.133946,-0.051228,0.325443,0.978982,-0.020209,-0.107845,-0.171919
2.092472,0.133656,-0.051233,0.325796,0.978895,-0.020287,-0.108023,-0.172288
2.102534,0.133337,-0.051334,0.326135,0.978838,-0.020316,-0.107632,-0.172856
2.112598,0.133200,-0.051378,0.326393,0.978858,-0.020361,-0.107429,-0.172860
2.122664,0.132841,-0.051395,0.326683,0.979011,-0.020569,-0.107193,-0.172117
2.132729,0.132549,-0.051416,0.326976,0.979003,-0.020787,-0.107536,-0.171922
2.142792,0.132252,-0.051445,0.327269,0.978962,-0.020986,-0.107882,-0.171915
2.152855,0.131737,-0.051465,0.327555,0.978843,-0.021127,-0.108048,-0.172471
2.162907,0.131556,-0.051509,0.327633,0.978797,-0.021130,-0.107854,-0.172848
2.172959,0.131216,-0.051548,0.328114,0.978657,-0.021268,-0.108213,-0.173401
2.183011,0.131018,-0.051584,0.328287,0.978612,-0.021271,-0.108019,-0.173778
2.193062,0.130783,-0.051664,0.328554,0.978533,-0.021294,-0.107821,-0.174342
2.203114,0.130474,-0.051713,0.328844,0.978391,-0.021433,-0.108180,-0.174894
2.213166,0.130017,-0.051692,0.329248,0.978283,-0.021593,-0.108535,-0.175259
2.223215,0.129800,-0.051767,0.329419,0.978237,-0.021637,-0.108332,-0.175636
2.233267,0.129390,-0.051735,0.329965,0.978250,-0.021821,-0.108487,-0.175446
2.243318,0.129117,-0.051748,0.330144,0.978338,-0.021946,-0.108266,-0.175077
2.253379,0.128594,-0.051790,0.330350,0.978459,-0.022215,-0.108014,-0.174521
2.263441,0.128286,-0.051787,0.330696,0.978505,-0.022420,-0.108164,-0.174144
2.273502,0.127950,-0.051752,0.330883,0.978659,-0.022585,-0.107933,-0.173401
2.283568,0.127754,-0.051736,0.331088,0.978758,-0.022729,-0.107901,-0.172841
2.293629,0.127211,-0.051700,0.331494,0.978717,-0.022976,-0.108234,-0.172833
2.303692,0.126842,-0.051697,0.331752,0.978705,-0.021253,-0.108726,-0.172809
2.313753,0.126377,-0.051700,0.332075,0.978673,-0.021398,-0.108695,-0.172996
2.323807,0.126093,-0.051721,0.332251,0.978694,-0.021480,-0.108482,-0.173000
2.333862,0.125749,-0.051670,0.332470,0.978694,-0.021562,-0.108463,-0.173000
2.343915,0.125340,-0.051722,0.332783,0.978562,-0.021645,-0.108447,-0.173747
2.353967,0.125036,-0.051864,0.332828,0.978470,-0.021684,-0.108051,-0.174502
2.364029,0.124686,-0.051918,0.333189,0.978591,-0.021908,-0.107804,-0.173947
2.374090,0.124424,-0.051849,0.333398,0.978758,-0.022091,-0.107758,-0.173013
2.384156,0.123880,-0.051818,0.333723,0.978857,-0.022357,-0.107694,-0.172454
2.394217,0.123476,-0.051873,0.333975,0.978837,-0.022605,-0.107830,-0.172449
2.404278,0.123010,-0.051917,0.334160,0.978958,-0.022867,-0.107571,-0.171894
2.414298,0.122488,-0.051797,0.334533,0.978974,-0.023230,-0.108262,-0.171317
2.424360,0.122020,-0.051800,0.334789,0.979020,-0.023521,-0.108385,-0.170940
2.434424,0.121750,-0.051799,0.334901,0.979085,-0.023686,-0.108343,-0.170566
2.444485,0.121171,-0.051789,0.335292,0.978979,-0.023942,-0.108671,-0.170931
2.454548,0.120817,-0.051797,0.335411,0.978881,-0.024004,-0.108658,-0.171492
2.464612,0.120240,-0.051859,0.335670,0.978696,-0.024195,-0.108808,-0.172421
2.474677,0.119945,-0.051872,0.335838,0.978684,-0.024252,-0.108599,-0.172612
2.484739,0.119276,-0.051904,0.336173,0.978557,-0.024640,-0.109089,-0.172972
2.494802,0.118880,-0.051913,0.336418,0.978503,-0.024831,-0.109236,-0.173155
2.504866,0.118383,-0.051998,0.336594,0.978525,-0.025074,-0.108978,-0.173159
2.514931,0.117906,-0.051958,0.336915,0.978462,-0.025383,-0.109486,-0.173147
2.524986,0.117179,-0.051996,0.337393,0.978355,-0.025770,-0.109778,-0.173512
2.535049,0.116856,-0.052012,0.337629,0.978368,-0.026006,-0.109911,-0.173321
2.545112,0.116542,-0.052023,0.337828,0.978434,-0.026214,-0.109855,-0.172948
2.555179,0.115870,-0.052049,0.338117,0.978426,-0.026668,-0.110125,-0.172753
2.565243,0.115488,-0.052087,0.338227,0.978427,-0.026877,-0.110069,-0.172753
2.575310,0.114936,-0.052024,0.338509,0.978451,-0.027227,-0.110364,-0.172371
2.585375,0.114456,-0.052075,0.338658,0.978364,-0.027488,-0.110491,-0.172740
2.595441,0.113891,-0.052161,0.338737,0.978354,-0.027751,-0.110221,-0.172932
2.605505,0.113485,-0.052128,0.338756,0.978387,-0.027939,-0.110168,-0.172745
2.615572,0.112855,-0.052238,0.338744,0.978310,-0.028201,-0.109899,-0.173309
2.625634,0.112488,-0.052211,0.338886,0.978356,-0.028462,-0.110020,-0.172932
2.635696,0.111723,-0.052199,0.338950,0.978402,-0.028932,-0.110081,-0.172555
2.645759,0.111308,-0.052177,0.338964,0.978501,-0.029204,-0.110000,-0.171995
2.655824,0.110770,-0.052270,0.338907,0.978611,-0.029513,-0.109512,-0.171631
2.665877,0.110278,-0.052235,0.338922,0.978611,-0.029721,-0.109450,-0.171631
2.675940,0.109764,-0.052261,0.338900,0.978666,-0.029977,-0.109175,-0.171449
2.686003,0.109321,-0.052298,0.338912,0.978634,-0.030205,-0.109106,-0.171636
2.696067,0.108635,-0.052292,0.338964,0.978581,-0.030572,-0.109192,-0.171819
2.706129,0.108265,-0.052372,0.338936,0.978537,-0.030723,-0.108948,-0.172196
2.716188,0.107662,-0.052403,0.338912,0.978642,-0.027057,-0.109361,-0.171951
2.726250,0.107240,-0.052391,0.338919,0.978644,-0.027263,-0.109296,-0.171951
2.736310,0.106670,-0.052545,0.338855,0.978556,-0.027478,-0.108836,-0.172709
2.746372,0.106230,-0.052569,0.338861,0.978524,-0.027704,-0.108765,-0.172896
2.756457,0.105595,-0.052652,0.338832,0.978515,-0.028035,-0.108460,-0.173088
2.766521,0.105251,-0.052643,0.338834,0.978616,-0.028300,-0.108370,-0.172529
2.776581,0.104889,-0.052693,0.338800,0.978638,-0.028486,-0.108109,-0.172535
2.786645,0.104249,-0.052764,0.338804,0.978608,-0.028873,-0.107982,-0.172722
2.796708,0.103877,-0.052814,0.338805,0.978576,-0.029098,-0.107908,-0.172909
2.806770,0.103178,-0.052815,0.338843,0.978788,-0.016978,-0.110186,-0.171884
2.816833,0.102817,-0.052857,0.338807,0.978813,-0.017160,-0.109923,-0.171893
2.826891,0.102271,-0.052895,0.338805,0.978887,-0.017565,-0.109776,-0.171523
2.836952,0.101740,-0.052878,0.338875,0.978853,-0.017975,-0.110034,-0.171510
2.847004,0.101070,-0.052879,0.339033,0.978888,-0.018548,-0.110227,-0.171125
2.857067,0.100732,-0.052925,0.338939,0.978893,-0.018792,-0.110140,-0.171127
2.867126,0.100009,-0.052918,0.339040,0.978807,-0.019374,-0.110539,-0.171295
2.877189,0.099654,-0.052940,0.338999,0.978866,-0.019574,-0.110261,-0.171117
2.887251,0.098971,-0.052968,0.339154,0.978733,-0.020053,-0.110501,-0.171665
2.897291,0.098457,-0.052913,0.339218,0.978728,-0.017051,-0.111366,-0.171457
2.907349,0.097871,-0.053018,0.339207,0.978671,-0.017461,-0.111223,-0.171833
2.917401,0.097441,-0.052977,0.339234,0.978725,-0.017813,-0.111284,-0.171455
2.927453,0.096740,-0.053005,0.339200,0.978628,-0.018360,-0.111491,-0.171816
2.937505,0.096304,-0.052955,0.339261,0.978661,-0.018782,-0.111726,-0.171429
2.947557,0.095555,-0.052973,0.339349,0.978578,-0.019463,-0.112076,-0.171596
2.957608,0.095186,-0.052985,0.339337,0.978751,-0.016264,-0.112545,-0.170633
2.967690,0.094554,-0.052959,0.339388,0.978789,-0.016856,-0.112708,-0.170248
2.977742,0.094010,-0.052946,0.339443,0.978691,-0.017288,-0.112954,-0.170607
2.987791,0.093575,-0.052892,0.339499,0.978691,-0.017699,-0.113191,-0.170406
2.997842,0.092924,-0.052920,0.339512,0.978616,-0.018187,-0.113208,-0.170775
3.007894,0.092422,-0.052808,0.339599,0.978650,-0.017573,-0.113799,-0.170249
3.017944,0.091839,-0.052839,0.339647,0.978656,-0.018197,-0.113945,-0.170051
3.027995,0.091240,-0.052706,0.339800,0.978597,-0.018878,-0.114681,-0.169824
3.038047,0.090648,-0.052790,0.339774,0.978544,-0.019340,-0.114497,-0.170202
3.048098,0.090214,-0.052730,0.339825,0.978510,-0.019741,-0.114738,-0.170187
3.058149,0.089465,-0.052713,0.339933,0.978399,-0.017501,-0.115779,-0.170364
3.068201,0.089007,-0.052646,0.340052,0.978395,-0.018142,-0.116314,-0.169958
3.078252,0.088293,-0.052552,0.340155,0.978405,-0.018396,-0.116869,-0.169488
3.088303,0.087809,-0.052566,0.340200,0.978343,-0.018913,-0.117060,-0.169660
3.098354,0.087169,-0.052532,0.340234,0.978317,-0.019538,-0.117195,-0.169648
3.108406,0.086556,-0.052413,0.340376,0.978190,-0.020254,-0.117916,-0.169791
3.118459,0.085963,-0.052413,0.340484,0.978088,-0.021023,-0.118404,-0.169945
3.128510,0.085427,-0.052349,0.340557,0.977969,-0.021567,-0.118791,-0.170294
3.138562,0.084765,-0.052326,0.340620,0.977889,-0.022308,-0.119080,-0.170458
3.148614,0.084324,-0.052264,0.340660,0.977932,-0.019229,-0.119897,-0.170010
3.158671,0.083565,-0.052218,0.340787,0.977746,-0.020142,-0.120533,-0.170526
3.168722,0.083133,-0.052099,0.340896,0.977739,-0.020776,-0.121055,-0.170117
3.178774,0.082728,-0.052100,0.340975,0.977654,-0.021355,-0.121414,-0.170278
3.188823,0.082008,-0.052030,0.341081,0.977422,-0.022406,-0.122397,-0.170772
3.198874,0.081568,-0.051999,0.341100,0.977315,-0.023077,-0.122919,-0.170923
3.208925,0.080831,-0.051859,0.341327,0.977091,-0.024203,-0.124065,-0.171219
3.218977,0.080357,-0.051784,0.341465,0.976994,-0.024990,-0.124730,-0.171174
3.229028,0.079789,-0.051773,0.341506,0.976903,-0.025963,-0.125299,-0.171131
3.239080,0.079275,-0.051593,0.341670,0.976884,-0.026865,-0.126092,-0.170518
3.249131,0.078595,-0.051509,0.341861,0.976679,-0.027982,-0.127021,-0.170825
3.259183,0.078119,-0.051437,0.341997,0.976510,-0.028747,-0.127705,-0.171150
3.269235,0.077482,-0.051308,0.341966,0.976426,-0.029810,-0.128423,-0.170911
3.279292,0.077122,-0.051298,0.341948,0.976371,-0.030450,-0.128727,-0.170886
3.289349,0.076424,-0.051077,0.342160,0.976237,-0.031657,-0.129791,-0.170625
3.299416,0.075926,-0.050973,0.342196,0.976066,-0.032440,-0.130458,-0.170950
3.309479,0.075405,-0.050981,0.342107,0.975924,-0.033327,-0.130853,-0.171289
3.319542,0.074935,-0.050827,0.342140,0.975852,-0.034139,-0.131480,-0.171057
3.329606,0.074395,-0.050799,0.341952,0.975743,-0.035057,-0.131845,-0.171210
3.339673,0.074064,-0.050740,0.341930,0.975752,-0.035716,-0.132114,-0.170814
3.349737,0.073450,-0.050566,0.341886,0.975730,-0.036872,-0.132745,-0.170205
3.359793,0.073097,-0.050482,0.341766,0.975738,-0.037538,-0.133006,-0.169810
3.369890,0.072458,-0.050355,0.341722,0.975579,-0.038662,-0.133678,-0.169942
3.379955,0.072132,-0.050288,0.341696,0.975587,-0.039334,-0.133931,-0.169547
3.390020,0.071841,-0.050271,0.341550,0.975550,-0.039866,-0.134060,-0.169532
3.400084,0.071247,-0.050080,0.341502,0.975454,-0.040953,-0.134731,-0.169293
3.410145,0.070831,-0.050005,0.341502,0.975301,-0.041685,-0.135192,-0.169628
3.420208,0.070472,-0.050019,0.341256,0.975269,-0.042371,-0.135225,-0.169617
3.430327,0.070047,-0.049910,0.341161,0.975221,-0.039687,-0.136314,-0.169669
3.440391,0.069658,-0.049925,0.340821,0.975088,-0.040307,-0.136407,-0.170212
3.450455,0.069431,-0.049918,0.340552,0.975075,-0.040702,-0.136389,-0.170208
3.460518,0.068868,-0.049784,0.340378,0.974938,-0.041717,-0.136885,-0.170349
3.470580,0.068601,-0.049739,0.340229,0.974900,-0.042214,-0.137024,-0.170333
3.480645,0.068253,-0.049778,0.339762,0.974896,-0.042860,-0.136848,-0.170335
3.490705,0.067898,-0.049647,0.339537,0.975472,-0.029257,-0.139523,-0.167724
3.500768,0.067635,-0.049715,0.339044,0.975533,-0.029776,-0.139187,-0.167556
3.510833,0.067385,-0.049657,0.338896,0.975465,-0.030204,-0.139374,-0.167721
3.520898,0.066965,-0.049580,0.338575,0.975349,-0.030911,-0.139619,-0.168064
3.530960,0.066746,-0.049567,0.338304,0.975341,-0.031312,-0.139588,-0.168060
3.541020,0.066482,-0.049499,0.337833,0.975475,-0.031855,-0.139420,-0.167321
3.551075,0.066218,-0.049508,0.337467,0.975366,-0.032237,-0.139432,-0.167872
3.561136,0.065919,-0.049417,0.337121,0.975401,-0.030696,-0.139906,-0.167562
3.571200,0.065678,-0.049445,0.336850,0.975292,-0.031079,-0.139916,-0.168113
3.581261,0.065394,-0.049416,0.336381,0.975326,-0.031604,-0.139787,-0.167930
3.591302,0.065242,-0.049406,0.335986,0.975409,-0.031898,-0.139570,-0.167570
3.601440,0.065007,-0.049468,0.335496,0.975327,-0.032225,-0.139388,-0.168137
3.611504,0.064842,-0.049447,0.335323,0.975346,-0.030459,-0.139793,-0.168022
3.621568,0.064619,-0.049412,0.334955,0.975267,-0.030767,-0.139838,-0.168385
3.631629,0.064420,-0.049528,0.334347,0.975137,-0.030942,-0.139554,-0.169335
3.641690,0.064306,-0.049589,0.333838,0.975031,-0.030942,-0.139374,-0.170094
3.651752,0.063983,-0.049562,0.333495,0.974792,-0.031365,-0.139617,-0.171183
3.661815,0.063801,-0.049521,0.333224,0.974745,-0.031646,-0.139666,-0.171360
3.671878,0.063646,-0.049580,0.332613,0.974714,-0.031789,-0.139365,-0.171754
3.681939,0.063523,-0.049692,0.332199,0.974611,-0.031886,-0.139119,-0.172516
3.692002,0.063263,-0.049612,0.331631,0.974641,-0.032311,-0.139045,-0.172329
3.702060,0.063188,-0.049651,0.331213,0.974711,-0.032422,-0.138728,-0.172167
3.712123,0.063033,-0.049735,0.330694,0.974792,-0.032727,-0.138277,-0.172013
3.722186,0.062987,-0.049726,0.330272,0.975001,-0.032877,-0.137883,-0.171113
3.732248,0.062818,-0.049654,0.329676,0.975192,-0.033232,-0.137576,-0.170203
3.742302,0.062725,-0.049718,0.329258,0.975229,-0.033365,-0.137252,-0.170227
3.752358,0.062624,-0.049739,0.328739,0.975475,-0.030400,-0.137394,-0.169254
3.762419,0.062664,-0.049851,0.328177,0.975622,-0.030258,-0.136776,-0.168936
3.772475,0.062515,-0.049783,0.327587,0.975665,-0.030424,-0.136645,-0.168758
3.782536,0.062396,-0.049767,0.327195,0.975639,-0.030546,-0.136571,-0.168948
3.792599,0.062283,-0.049821,0.326679,0.975641,-0.030653,-0.136276,-0.169157
3.802663,0.062288,-0.049887,0.326236,0.975799,-0.030640,-0.135783,-0.168641
3.812733,0.062247,-0.049924,0.325596,0.975995,-0.030694,-0.135228,-0.167942
3.822798,0.062130,-0.049855,0.325419,0.976014,-0.030923,-0.135283,-0.167747
3.832862,0.062081,-0.049922,0.325102,0.975975,-0.030910,-0.135085,-0.168136
3.842925,0.062055,-0.050058,0.324349,0.975948,-0.030698,-0.134576,-0.168740
3.852991,0.062042,-0.050132,0.323815,0.975927,-0.030525,-0.134261,-0.169142
3.863056,0.061792,-0.050044,0.323468,0.975754,-0.030852,-0.134541,-0.169857
3.873119,0.061704,-0.050040,0.323175,0.975689,-0.030903,-0.134529,-0.170229
3.883184,0.061705,-0.050108,0.322643,0.975629,-0.030661,-0.134277,-0.170812
3.893250,0.061710,-0.050200,0.322206,0.975608,-0.030488,-0.133961,-0.171214
3.903291,0.061679,-0.050299,0.321671,0.975553,-0.030339,-0.133640,-0.171801
3.913354,0.061669,-0.050320,0.321353,0.975578,-0.030274,-0.133454,-0.171818
3.923417,0.061604,-0.050340,0.320841,0.975534,-0.030212,-0.133291,-0.172204
3.933481,0.061647,-0.050385,0.320404,0.975577,-0.029987,-0.132987,-0.172233
3.943542,0.061565,-0.050342,0.320011,0.975544,-0.030012,-0.132982,-0.172419
3.953606,0.061589,-0.050411,0.319574,0.975555,-0.029812,-0.132673,-0.172634
3.963669,0.061492,-0.050352,0.319083,0.975522,-0.029838,-0.132667,-0.172820
3.973734,0.061426,-0.050326,0.318789,0.975489,-0.029863,-0.132661,-0.173006
3.983795,0.061419,-0.050395,0.318252,0.975501,-0.029709,-0.132318,-0.173224
3.993858,0.061424,-0.050488,0.317814,0.975579,-0.025998,-0.132632,-0.173145
4.003922,0.061400,-0.050494,0.317398,0.975602,-0.025932,-0.132447,-0.173162
4.013984,0.061357,-0.050468,0.317199,0.975641,-0.025998,-0.132384,-0.172981
4.024038,0.061311,-0.050480,0.316777,0.975779,-0.026086,-0.132045,-0.172450
4.034101,0.061348,-0.050549,0.316431,0.975934,-0.026012,-0.131589,-0.171933
4.044163,0.061378,-0.050602,0.315991,0.976014,-0.025852,-0.131224,-0.171781
4.054224,0.061247,-0.050538,0.315717,0.975963,-0.026036,-0.131336,-0.171954
4.064288,0.061235,-0.050568,0.315399,0.975951,-0.025947,-0.131180,-0.172155
4.074350,0.061267,-0.050591,0.314862,0.976028,-0.025740,-0.130850,-0.172001
4.084412,0.061311,-0.050638,0.314423,0.976070,-0.025513,-0.130548,-0.172031
4.094476,0.061202,-0.050521,0.314052,0.976049,-0.025627,-0.130699,-0.172016
4.104538,0.061158,-0.050474,0.313757,0.976049,-0.025627,-0.130699,-0.172016
4.114599,0.061166,-0.050483,0.313439,0.976070,-0.025513,-0.130548,-0.172031
4.124663,0.061188,-0.050506,0.313219,0.976090,-0.025399,-0.130397,-0.172046
4.134728,0.061269,-0.050593,0.312660,0.976151,-0.025058,-0.129944,-0.172090
4.144790,0.061341,-0.050671,0.312418,0.976192,-0.024830,-0.129642,-0.172120
4.154853,0.061399,-0.050733,0.312077,0.976233,-0.024602,-0.129340,-0.172150
4.164917,0.061421,-0.050757,0.311858,0.976253,-0.024489,-0.129189,-0.172165
4.174978,0.061479,-0.050819,0.311517,0.976293,-0.024261,-0.128887,-0.172194
4.185041,0.061487,-0.050827,0.311199,0.976313,-0.024147,-0.128736,-0.172209
4.195104,0.061567,-0.050913,0.310639,0.976374,-0.023806,-0.128283,-0.172254
4.205166,0.061539,-0.050883,0.310441,0.976374,-0.023806,-0.128283,-0.172254
4.215227,0.061447,-0.050784,0.310168,0.976354,-0.023920,-0.128434,-0.172239
4.225292,0.061474,-0.050769,0.309850,0.976406,-0.023781,-0.128287,-0.172067
4.235346,0.061505,-0.050802,0.309312,0.976446,-0.023554,-0.127985,-0.172097
4.245409,0.061556,-0.050856,0.309005,0.976466,-0.023440,-0.127834,-0.172112
4.255537,0.061607,-0.050911,0.308531,0.976526,-0.023099,-0.127381,-0.172156
4.265603,0.061615,-0.050920,0.308212,0.976546,-0.022985,-0.127230,-0.172171
4.275664,0.061567,-0.050869,0.307951,0.976526,-0.023099,-0.127381,-0.172156
4.285732,0.061690,-0.051000,0.307233,0.976624,-0.022530,-0.126626,-0.172230
4.295792,0.061656,-0.050964,0.307071,0.976605,-0.022644,-0.126777,-0.172215
4.305855,0.061687,-0.050997,0.306531,0.976644,-0.022416,-0.126474,-0.172245
4.315917,0.061764,-0.051035,0.306190,0.976716,-0.022164,-0.126176,-0.172088
4.325979,0.061795,-0.051068,0.305651,0.976755,-0.021937,-0.125874,-0.172117
4.336040,0.061817,-0.051092,0.305430,0.976774,-0.021823,-0.125723,-0.172132
4.346105,0.061812,-0.051087,0.305012,0.976794,-0.021709,-0.125572,-0.172146
4.356167,0.061786,-0.051059,0.304815,0.976794,-0.021709,-0.125572,-0.172146
4.366227,0.061885,-0.051121,0.304252,0.976885,-0.021344,-0.125122,-0.172004
4.376279,0.061946,-0.051153,0.303812,0.976920,-0.021074,-0.124852,-0.172031
4.386283,0.061990,-0.051200,0.303371,0.976959,-0.020846,-0.124550,-0.172061
4.396336,0.062013,-0.051224,0.303151,0.976978,-0.020732,-0.124398,-0.172075
4.406388,0.062125,-0.051299,0.302687,0.977068,-0.020368,-0.123948,-0.171933
4.416440,0.062182,-0.051360,0.302344,0.977106,-0.020141,-0.123646,-0.171962
4.426492,0.062342,-0.051486,0.301857,0.977214,-0.019662,-0.123044,-0.171834
4.436546,0.062408,-0.051569,0.301614,0.977216,-0.019416,-0.122769,-0.172047
4.446599,0.062437,-0.051555,0.301295,0.977267,-0.019279,-0.122621,-0.171876
4.456662,0.062411,-0.051527,0.301097,0.977267,-0.019279,-0.122621,-0.171876
4.466722,0.062509,-0.051588,0.300533,0.977356,-0.018915,-0.122171,-0.171733
4.476784,0.062573,-0.051610,0.300091,0.977426,-0.018665,-0.121872,-0.171575
4.486919,0.062609,-0.051559,0.299672,0.977509,-0.018505,-0.121727,-0.171217
4.496984,0.062670,-0.051535,0.299451,0.977593,-0.018345,-0.121583,-0.170859
4.507042,0.062697,-0.051473,0.299352,0.977658,-0.018299,-0.121590,-0.170486
4.517105,0.062855,-0.051596,0.298864,0.977764,-0.017822,-0.120987,-0.170357
4.527167,0.062998,-0.051658,0.298497,0.977887,-0.017250,-0.120571,-0.170004
4.537222,0.063132,-0.051745,0.298134,0.977901,-0.016808,-0.120204,-0.170228
4.547284,0.063234,-0.051786,0.297891,0.977932,-0.016499,-0.119961,-0.170253
4.557345,0.063441,-0.051859,0.297405,0.978028,-0.015901,-0.119446,-0.170119
4.567407,0.063546,-0.051891,0.297161,0.978094,-0.015612,-0.119175,-0.169959
4.577470,0.063763,-0.051938,0.296672,0.978294,-0.015070,-0.118578,-0.169270
4.587531,0.063905,-0.051997,0.296304,0.978412,-0.014687,-0.118127,-0.168940
4.597593,0.064044,-0.052064,0.295937,0.978486,-0.014847,-0.117605,-0.168862
4.607653,0.064186,-0.052121,0.295569,0.978603,-0.014465,-0.117154,-0.168531
4.617715,0.064362,-0.052214,0.295079,0.978736,-0.013970,-0.116549,-0.168215
4.627776,0.064470,-0.052236,0.294833,0.978835,-0.013701,-0.116250,-0.167869
4.637838,0.064639,-0.052344,0.294344,0.978899,-0.013173,-0.115697,-0.167922
4.647902,0.064731,-0.052406,0.294103,0.978824,-0.012815,-0.115528,-0.168502
4.657967,0.064884,-0.052579,0.293624,0.978536,-0.012072,-0.115263,-0.170401
4.668028,0.065022,-0.052668,0.293262,0.978438,-0.011549,-0.114993,-0.171178
4.678089,0.065209,-0.052783,0.292817,0.978194,-0.010878,-0.114880,-0.172690
4.688149,0.065367,-0.052845,0.292454,0.978127,-0.010337,-0.114607,-0.173280
4.698219,0.065510,-0.052926,0.292168,0.977810,-0.009873,-0.114823,-0.174948
4.708281,0.065618,-0.052947,0.291830,0.977689,-0.009426,-0.114726,-0.175709
4.718346,0.065769,-0.052999,0.291462,0.977731,-0.008981,-0.114344,-0.175746
4.728410,0.065924,-0.053042,0.291094,0.977809,-0.008553,-0.113935,-0.175599
4.738470,0.066038,-0.053067,0.290851,0.977798,-0.008201,-0.113731,-0.175808
4.748523,0.066293,-0.053165,0.290373,0.977815,-0.007554,-0.113270,-0.176041
4.758583,0.066365,-0.053113,0.290225,0.977753,-0.007491,-0.113557,-0.176205
4.768644,0.066576,-0.053155,0.289770,0.977789,-0.006972,-0.113223,-0.176239
4.778703,0.066731,-0.053127,0.289526,0.977845,-0.006580,-0.113018,-0.176074
4.788764,0.066973,-0.053163,0.289040,0.977784,-0.005829,-0.112652,-0.176674
4.798823,0.067134,-0.053209,0.288674,0.977750,-0.005320,-0.112336,-0.177081
4.808885,0.067325,-0.053205,0.288343,0.977731,-0.004859,-0.112202,-0.177284
4.818948,0.067489,-0.053241,0.287976,0.977732,-0.004370,-0.111859,-0.177505
4.829009,0.067721,-0.053183,0.287606,0.977907,-0.003852,-0.111467,-0.176797
4.839069,0.067868,-0.053144,0.287358,0.978073,-0.003555,-0.111155,-0.176080
4.849132,0.068112,-0.053141,0.286864,0.978221,-0.005008,-0.110234,-0.175804
4.859194,0.068289,-0.053141,0.286493,0.978366,-0.004591,-0.109790,-0.175285
4.869255,0.068446,-0.053099,0.286247,0.978429,-0.008518,-0.108782,-0.175413
4.879317,0.068593,-0.053057,0.285998,0.978595,-0.008225,-0.108472,-0.174693
4.889378,0.068801,-0.052937,0.285750,0.978860,-0.007871,-0.108167,-0.173413
4.899441,0.068944,-0.052903,0.285502,0.978988,-0.007562,-0.107880,-0.172877
4.909503,0.069180,-0.052911,0.285008,0.979046,-0.010113,-0.106808,-0.173083
4.919564,0.069308,-0.052917,0.284764,0.979000,-0.009723,-0.106632,-0.173474
4.929625,0.069458,-0.052934,0.284466,0.978973,-0.009455,-0.106590,-0.173667
4.939687,0.069730,-0.052928,0.284123,0.979029,-0.009229,-0.106713,-0.173287
4.949752,0.069889,-0.052882,0.283930,0.979057,-0.009284,-0.107106,-0.172885
4.959814,0.070106,-0.052810,0.283683,0.979099,-0.009382,-0.107684,-0.172281
4.969874,0.070254,-0.052789,0.283491,0.979021,-0.009383,-0.108144,-0.172435
4.979936,0.070423,-0.052831,0.283217,0.978696,-0.009225,-0.108782,-0.173885
4.989996,0.070558,-0.052840,0.282989,0.978600,-0.009141,-0.109081,-0.174238
5.000060,0.070733,-0.052773,0.282834,0.978501,-0.009161,-0.109750,-0.174376
5.010124,0.070901,-0.052767,0.282705,0.978439,-0.009054,-0.110051,-0.174542
5.020184,0.071050,-0.052629,0.282707,0.978446,-0.009340,-0.110954,-0.173913
5.030246,0.071193,-0.052611,0.282477,0.978456,-0.009303,-0.111188,-0.173710
5.040307,0.071297,-0.052513,0.282382,0.978323,-0.009551,-0.112158,-0.173823
5.050370,0.071451,-0.052514,0.282251,0.978297,-0.009495,-0.112415,-0.173805
5.060432,0.071681,-0.052459,0.282067,0.978318,-0.009454,-0.112860,-0.173399
5.070490,0.071844,-0.052367,0.281890,0.978411,-0.009271,-0.112937,-0.172835
5.080550,0.072054,-0.052315,0.281726,0.978396,-0.008995,-0.113103,-0.172826
5.090612,0.072071,-0.052250,0.281740,0.978159,-0.009042,-0.113793,-0.173709
5.100673,0.072247,-0.052212,0.281515,0.977985,-0.008789,-0.114208,-0.174428
5.110736,0.072436,-0.052208,0.281278,0.977995,-0.009888,-0.113734,-0.174621
5.120788,0.072592,-0.052129,0.281140,0.977888,-0.010043,-0.114037,-0.175014
5.130838,0.072695,-0.052049,0.281090,0.977860,-0.009940,-0.114316,-0.174995
5.140900,0.072800,-0.051960,0.281039,0.977867,-0.009854,-0.114575,-0.174791
5.150961,0.072976,-0.051942,0.280740,0.977766,-0.009463,-0.114614,-0.175353
5.161023,0.073088,-0.051903,0.280599,0.977739,-0.009397,-0.114870,-0.175335
5.171083,0.073359,-0.051841,0.280286,0.977884,-0.009302,-0.115089,-0.174387
5.181145,0.073537,-0.051791,0.280152,0.977961,-0.009251,-0.115304,-0.173812
5.191205,0.073694,-0.051632,0.280116,0.978050,-0.009438,-0.116016,-0.172826
5.201266,0.073908,-0.051599,0.279856,0.978180,-0.009309,-0.116046,-0.172078
5.211327,0.074078,-0.051539,0.279626,0.978149,-0.009158,-0.116348,-0.172058
5.221390,0.074257,-0.051553,0.279351,0.978195,-0.008714,-0.115946,-0.172092
5.231454,0.074546,-0.051489,0.279121,0.978319,-0.008257,-0.115735,-0.171552
5.241517,0.074663,-0.051384,0.279070,0.978288,-0.008106,-0.116036,-0.171532
5.251578,0.074938,-0.051351,0.278842,0.978272,-0.007577,-0.115906,-0.171734
5.261640,0.075055,-0.051311,0.278703,0.978138,-0.007410,-0.116246,-0.172271
5.271702,0.075245,-0.051307,0.278519,0.977949,-0.007273,-0.116795,-0.172980
5.281765,0.075355,-0.051262,0.278377,0.977922,-0.007200,-0.117050,-0.172962
5.291825,0.075567,-0.051197,0.278226,0.977852,-0.007185,-0.117704,-0.172915
5.301887,0.075798,-0.051180,0.278067,0.977839,-0.006937,-0.117837,-0.172908
5.311946,0.076076,-0.051210,0.277765,0.977664,-0.006661,-0.118242,-0.173629
5.322008,0.076239,-0.051248,0.277543,0.977496,-0.006508,-0.118579,-0.174352
5.332069,0.076437,-0.051213,0.277525,0.977373,-0.006595,-0.119400,-0.174478
5.342130,0.076654,-0.051182,0.277398,0.977449,-0.006531,-0.119615,-0.173904
5.352205,0.076882,-0.051170,0.277369,0.977490,-0.006448,-0.119851,-0.173514
5.362265,0.077213,-0.051181,0.277224,0.977510,-0.006172,-0.119983,-0.173321
5.372328,0.077433,-0.051214,0.277163,0.977345,-0.011310,-0.119191,-0.174533
5.382387,0.077735,-0.051298,0.276984,0.977176,-0.010871,-0.119250,-0.175466
5.392449,0.077964,-0.051339,0.277018,0.977168,-0.010702,-0.119336,-0.175462
5.402514,0.078324,-0.051300,0.277001,0.977382,-0.010629,-0.119519,-0.174145
5.412576,0.078541,-0.051252,0.277025,0.977513,-0.010496,-0.119548,-0.173398
5.422635,0.078888,-0.051231,0.277031,0.977551,-0.010090,-0.119531,-0.173217
5.432696,0.079031,-0.051190,0.277122,0.977432,-0.010009,-0.120014,-0.173559
5.442758,0.079285,-0.051243,0.277101,0.977297,-0.009822,-0.120347,-0.174098
5.452823,0.079518,-0.051235,0.277035,0.977323,-0.009628,-0.120433,-0.173907
5.462883,0.079910,-0.051210,0.277081,0.977447,-0.009365,-0.120525,-0.173158
5.472947,0.080149,-0.051194,0.277183,0.977468,-0.009359,-0.120931,-0.172757
5.483009,0.080462,-0.051150,0.277160,0.977432,-0.009099,-0.121268,-0.172737
5.493071,0.080688,-0.051220,0.277003,0.977165,-0.017607,-0.119868,-0.174557
5.503131,0.081014,-0.051263,0.276950,0.977120,-0.017328,-0.120010,-0.174738
5.513194,0.081243,-0.051203,0.276781,0.977287,-0.017214,-0.120026,-0.173806
5.523255,0.081499,-0.051072,0.276852,0.977436,-0.017382,-0.120731,-0.172458
5.533308,0.081685,-0.050991,0.276846,0.977524,-0.017411,-0.121106,-0.171690
5.543369,0.082057,-0.051060,0.276439,0.977521,-0.016965,-0.120906,-0.171892
5.553433,0.082352,-0.051087,0.276114,0.977588,-0.016605,-0.120650,-0.171724
5.563566,0.082693,-0.051099,0.275866,0.977647,-0.016385,-0.120738,-0.171348
5.573628,0.082945,-0.051026,0.275830,0.977754,-0.016286,-0.120962,-0.170590
5.583687,0.083208,-0.051027,0.275632,0.977800,-0.016008,-0.120875,-0.170411
5.593750,0.083670,-0.051070,0.275156,0.977869,-0.015340,-0.120349,-0.170448
5.603809,0.083894,-0.051150,0.274959,0.977678,-0.014964,-0.120359,-0.171570
5.613872,0.084268,-0.051262,0.274442,0.977563,-0.014187,-0.119718,-0.172733
5.623932,0.084505,-0.051250,0.274334,0.977575,-0.013892,-0.119643,-0.172741
5.633994,0.084899,-0.051263,0.274074,0.977659,-0.013377,-0.119244,-0.172582
5.644058,0.085214,-0.051348,0.273905,0.977679,-0.012951,-0.118820,-0.172797
5.654119,0.085694,-0.051405,0.273654,0.977797,-0.012460,-0.118401,-0.172453
5.664181,0.085948,-0.051446,0.273380,0.977815,-0.012038,-0.117974,-0.172668
5.674241,0.086269,-0.051459,0.273148,0.977811,-0.011610,-0.117756,-0.172871
5.684304,0.086537,-0.051475,0.273041,0.977894,-0.011403,-0.117624,-0.172507
5.694361,0.087062,-0.051523,0.272620,0.978153,-0.010826,-0.116805,-0.171626
5.704423,0.087332,-0.051482,0.272414,0.978302,-0.010618,-0.116657,-0.170890
5.714482,0.087728,-0.051539,0.272225,0.978250,-0.012697,-0.116184,-0.171371
5.724544,0.087999,-0.051662,0.271933,0.978094,-0.012397,-0.116142,-0.172309
5.734606,0.088382,-0.051671,0.271681,0.978049,-0.012083,-0.116282,-0.172490
5.744667,0.088679,-0.051663,0.271514,0.978110,-0.011913,-0.116340,-0.172115
5.754732,0.089160,-0.051690,0.271253,0.978262,-0.011456,-0.115895,-0.171583
5.764786,0.089414,-0.051730,0.271143,0.978207,-0.011176,-0.115821,-0.171963
5.774851,0.089872,-0.051811,0.270883,0.978118,-0.010585,-0.115479,-0.172733
5.784912,0.090096,-0.051886,0.270809,0.977976,-0.010381,-0.115592,-0.173475
5.794973,0.090319,-0.051893,0.270863,0.977916,-0.010267,-0.115850,-0.173648
5.805033,0.090685,-0.051901,0.270793,0.978047,-0.010137,-0.115875,-0.172902
5.815093,0.090951,-0.051881,0.270714,0.978178,-0.010048,-0.115883,-0.172155
5.825154,0.091367,-0.051933,0.270613,0.978155,-0.009706,-0.115824,-0.172348
5.835215,0.091555,-0.051887,0.270699,0.978039,-0.009600,-0.116290,-0.172697
5.845277,0.092021,-0.051903,0.270504,0.977889,-0.016055,-0.115054,-0.173890
5.855341,0.092308,-0.051916,0.270523,0.977814,-0.015805,-0.115164,-0.174260
5.865404,0.092575,-0.051907,0.270649,0.977713,-0.015784,-0.115789,-0.174416
5.875455,0.092911,-0.051876,0.270535,0.977899,-0.015604,-0.115628,-0.173493
5.885519,0.093391,-0.051847,0.270524,0.978116,-0.015360,-0.115485,-0.172382
5.895585,0.093647,-0.051843,0.270442,0.978146,-0.015212,-0.115538,-0.172194
5.905647,0.094083,-0.051876,0.270300,0.978076,-0.014719,-0.115339,-0.172767
5.915714,0.094318,-0.051868,0.270312,0.978071,-0.014550,-0.115403,-0.172766
5.925777,0.094641,-0.051775,0.270361,0.978248,-0.014486,-0.115597,-0.171637
5.935842,0.094939,-0.051762,0.270337,0.978399,-0.014330,-0.115431,-0.170900
5.945908,0.095350,-0.051760,0.270319,0.978479,-0.014050,-0.115323,-0.170534
5.955975,0.095589,-0.051740,0.270329,0.978508,-0.013901,-0.115373,-0.170346
5.966041,0.095952,-0.051758,0.270251,0.978400,-0.013588,-0.115508,-0.170901
5.976106,0.096243,-0.051787,0.270191,0.978402,-0.013266,-0.115229,-0.171104
5.986172,0.096591,-0.051770,0.270204,0.978497,-0.013116,-0.115268,-0.170543
5.996236,0.096874,-0.051780,0.270176,0.978648,-0.013004,-0.115085,-0.169806
6.006354,0.097273,-0.051790,0.270153,0.978763,-0.012788,-0.114946,-0.169254
6.016420,0.097504,-0.051791,0.270162,0.978691,-0.012580,-0.115033,-0.169625
6.026486,0.097795,-0.051847,0.270042,0.978572,-0.012266,-0.114968,-0.170377
6.036551,0.098182,-0.051879,0.270055,0.978430,-0.011934,-0.115111,-0.171119
6.046617,0.098361,-0.051858,0.270098,0.978303,-0.011770,-0.115388,-0.171667
6.056683,0.098740,-0.051883,0.270146,0.978140,-0.011500,-0.115707,-0.172400
6.066750,0.099057,-0.051967,0.270082,0.978109,-0.011206,-0.115420,-0.172789
6.076810,0.099393,-0.051953,0.270125,0.978117,-0.011078,-0.115660,-0.172592
6.086872,0.099635,-0.052032,0.270131,0.978046,-0.010954,-0.115715,-0.172963
6.096936,0.100029,-0.052019,0.270174,0.978018,-0.010763,-0.115982,-0.172952
6.107000,0.100241,-0.052031,0.270214,0.977960,-0.010678,-0.116218,-0.173127
6.117061,0.100583,-0.051966,0.270327,0.977960,-0.010650,-0.116817,-0.172726
6.127123,0.100859,-0.051971,0.270330,0.978059,-0.010583,-0.116823,-0.172166
6.137185,0.101269,-0.051911,0.270368,0.978201,-0.010490,-0.117027,-0.171224
6.147248,0.101582,-0.051955,0.270371,0.978231,-0.010383,-0.117058,-0.171036
6.157314,0.101901,-0.051972,0.270409,0.978206,-0.010273,-0.117295,-0.171026
6.167379,0.102154,-0.052022,0.270409,0.978237,-0.010207,-0.117311,-0.170839
6.177439,0.102616,-0.051985,0.270408,0.978398,-0.010053,-0.117335,-0.169905
6.187501,0.102813,-0.051873,0.270517,0.978398,-0.010061,-0.117921,-0.169504
6.197562,0.103227,-0.051978,0.270482,0.978143,-0.009620,-0.117912,-0.171000
6.207625,0.103455,-0.051981,0.270483,0.978002,-0.009365,-0.118018,-0.171743
6.217688,0.103796,-0.051974,0.270482,0.977962,-0.009129,-0.118101,-0.171927
6.227752,0.104074,-0.051972,0.270478,0.978060,-0.009061,-0.118106,-0.171368
6.237926,0.104514,-0.052015,0.270401,0.978198,-0.008833,-0.117766,-0.170826
6.247989,0.104687,-0.051986,0.270435,0.978174,-0.008762,-0.117987,-0.170815
6.258049,0.104952,-0.052015,0.270431,0.978136,-0.008612,-0.118041,-0.171000
6.268112,0.105393,-0.052046,0.270388,0.978151,-0.008338,-0.117930,-0.171008
6.278172,0.105632,-0.052018,0.270385,0.978112,-0.008145,-0.117997,-0.171192
6.288234,0.106024,-0.052061,0.270307,0.978012,-0.007732,-0.117752,-0.171953
6.298294,0.106364,-0.052105,0.270191,0.978104,-0.007452,-0.117239,-0.171793
6.308356,0.106739,-0.052179,0.270071,0.978298,-0.007277,-0.116676,-0.171075
6.318419,0.106962,-0.052192,0.270029,0.978384,-0.007175,-0.116498,-0.170710
6.328479,0.107354,-0.052221,0.269945,0.978453,-0.006912,-0.116178,-0.170541
6.338542,0.107621,-0.052245,0.269937,0.978416,-0.006764,-0.116229,-0.170726
6.348601,0.108042,-0.052336,0.269851,0.978316,-0.006401,-0.115967,-0.171487
6.358662,0.108300,-0.052302,0.269772,0.978352,-0.006119,-0.115657,-0.171504
6.368723,0.108724,-0.052269,0.269686,0.978385,-0.005755,-0.115372,-0.171520
6.378778,0.109047,-0.052329,0.269601,0.978354,-0.005478,-0.115071,-0.171909
6.388840,0.109445,-0.052351,0.269513,0.978286,-0.005098,-0.114806,-0.172484
6.398905,0.109711,-0.052411,0.269429,0.978289,-0.004885,-0.114480,-0.172688
6.408966,0.110043,-0.052423,0.269377,0.978382,-0.008497,-0.113643,-0.172572
6.419029,0.110331,-0.052411,0.269327,0.978501,-0.008378,-0.113467,-0.172020
6.429089,0.110745,-0.052482,0.269269,0.978552,-0.008219,-0.113311,-0.171841
6.439152,0.110966,-0.052485,0.269258,0.978481,-0.008054,-0.113369,-0.172213
6.449216,0.111362,-0.052460,0.269237,0.978510,-0.007866,-0.113420,-0.172025
6.459276,0.111716,-0.052446,0.269146,0.978613,-0.007632,-0.113083,-0.171668
6.469337,0.111948,-0.052442,0.269098,0.978597,-0.007435,-0.112948,-0.171861
6.479402,0.112412,-0.052447,0.268963,0.978685,-0.007089,-0.112451,-0.171698
6.489464,0.112681,-0.052473,0.268909,0.978770,-0.006993,-0.112272,-0.171333
6.499527,0.112962,-0.052452,0.268891,0.978868,-0.006929,-0.112276,-0.170773
6.509591,0.113228,-0.052486,0.268836,0.978919,-0.006814,-0.112107,-0.170594
6.519656,0.113607,-0.052518,0.268775,0.978868,-0.006558,-0.111992,-0.170974
6.529714,0.113807,-0.052538,0.268796,0.978813,-0.006508,-0.112208,-0.171152
6.539777,0.114199,-0.052535,0.268732,0.978896,-0.006331,-0.112052,-0.170786
6.549837,0.114486,-0.052543,0.268639,0.978932,-0.006104,-0.111721,-0.170802
6.559900,0.114897,-0.052509,0.268575,0.978845,-0.005748,-0.111638,-0.171367
6.569961,0.115113,-0.052521,0.268559,0.978707,-0.005546,-0.111713,-0.172112
6.580022,0.115497,-0.052539,0.268552,0.978708,-0.005262,-0.111403,-0.172314
6.590084,0.115722,-0.052539,0.268497,0.978793,-0.005169,-0.111222,-0.171949
6.600141,0.116084,-0.052593,0.268428,0.978793,-0.016111,-0.109095,-0.172636
6.610202,0.116293,-0.052614,0.268410,0.978758,-0.016010,-0.109125,-0.172822
6.620266,0.116613,-0.052672,0.268309,0.978663,-0.015709,-0.108824,-0.173580
6.630325,0.116817,-0.052729,0.268254,0.978513,-0.015479,-0.108703,-0.174518
6.640385,0.117208,-0.052745,0.268147,0.978517,-0.015199,-0.108388,-0.174717
6.650447,0.117423,-0.052748,0.268126,0.978550,-0.015138,-0.108401,-0.174530
6.660507,0.117896,-0.052751,0.267903,0.978749,-0.016865,-0.107132,-0.174039
6.670569,0.118146,-0.052714,0.267809,0.978854,-0.016687,-0.106782,-0.173677
6.680630,0.118397,-0.052697,0.267679,0.978912,-0.016422,-0.106263,-0.173693
6.690691,0.118747,-0.052680,0.267573,0.978950,-0.016167,-0.105938,-0.173704
6.700753,0.118976,-0.052666,0.267514,0.979069,-0.016098,-0.105753,-0.173150
6.710813,0.119336,-0.052657,0.267334,0.979279,-0.015865,-0.105021,-0.172425
6.720874,0.119615,-0.052695,0.267196,0.979337,-0.015643,-0.104491,-0.172442
6.730934,0.119945,-0.052766,0.267076,0.979396,-0.015495,-0.103568,-0.172676
6.740994,0.120160,-0.052848,0.266907,0.979372,-0.015209,-0.102864,-0.173258
6.751055,0.120487,-0.052926,0.266785,0.979399,-0.014858,-0.101979,-0.173658
6.761118,0.120734,-0.052928,0.266614,0.979540,-0.014631,-0.101250,-0.173307
6.771180,0.121104,-0.052930,0.266358,0.979751,-0.014290,-0.100155,-0.172779
6.781243,0.121423,-0.052908,0.266144,0.979942,-0.013998,-0.099244,-0.172245
6.791306,0.121871,-0.052842,0.265976,0.980182,-0.013605,-0.098160,-0.171529
6.801371,0.122063,-0.052827,0.265846,0.980269,-0.013409,-0.097620,-0.171358
6.811433,0.122466,-0.052748,0.265588,0.980474,-0.013002,-0.096542,-0.170828
6.821496,0.122709,-0.052755,0.265415,0.980577,-0.012762,-0.095817,-0.170662
6.831560,0.123066,-0.052756,0.265287,0.980729,-0.012459,-0.094910,-0.170314
6.841625,0.123356,-0.052792,0.265070,0.980816,-0.012158,-0.094007,-0.170339
6.851687,0.123732,-0.052895,0.264898,0.980820,-0.011762,-0.092938,-0.170931
6.861750,0.123939,-0.052989,0.264724,0.980701,-0.013143,-0.091945,-0.172044
6.871810,0.124190,-0.053122,0.264505,0.980553,-0.012764,-0.091073,-0.173377
6.881873,0.124423,-0.053151,0.264330,0.980552,-0.012483,-0.090363,-0.173769
6.891939,0.124744,-0.053237,0.264199,0.980501,-0.012125,-0.089480,-0.174541
6.901999,0.124938,-0.053192,0.264200,0.980499,-0.011919,-0.089140,-0.174737
6.912059,0.125140,-0.053150,0.264068,0.980514,-0.011670,-0.088616,-0.174938
6.922119,0.125610,-0.053167,0.263846,0.980627,-0.011229,-0.087353,-0.174971
6.932178,0.125855,-0.053103,0.263971,0.980743,-0.011136,-0.087175,-0.174414
6.942240,0.126148,-0.053106,0.263881,0.980907,-0.010943,-0.086434,-0.173871
6.952291,0.126396,-0.053089,0.263702,0.981070,-0.010751,-0.085693,-0.173329
6.962345,0.126733,-0.053111,0.263699,0.981232,-0.010559,-0.084952,-0.172786
6.972405,0.126882,-0.053118,0.263904,0.981250,-0.010587,-0.085139,-0.172594
6.982468,0.127246,-0.053160,0.264002,0.981331,-0.010511,-0.084958,-0.172224
6.992532,0.127421,-0.053255,0.263969,0.981265,-0.010479,-0.084969,-0.172598
7.002593,0.127621,-0.053370,0.264133,0.981118,-0.010563,-0.085540,-0.173146
7.012652,0.127785,-0.053459,0.264268,0.981019,-0.010618,-0.085921,-0.173511
7.022714,0.128044,-0.053562,0.264423,0.980837,-0.010653,-0.086506,-0.174245
7.032774,0.128255,-0.053556,0.264521,0.980821,-0.010631,-0.086706,-0.174240
7.042836,0.128434,-0.053595,0.264692,0.980739,-0.010711,-0.087274,-0.174413
7.052900,0.128691,-0.053608,0.264876,0.980722,-0.010689,-0.087474,-0.174408
7.062961,0.128957,-0.053587,0.265001,0.980655,-0.010659,-0.087873,-0.174586
7.072985,0.129117,-0.053539,0.265180,0.980673,-0.010753,-0.088432,-0.174198
7.083048,0.129315,-0.053381,0.265395,0.980773,-0.010871,-0.089176,-0.173244
7.093112,0.129554,-0.053308,0.265491,0.980856,-0.010862,-0.089367,-0.172678
7.103178,0.129867,-0.053169,0.265614,0.980921,-0.010828,-0.089759,-0.172107
7.113232,0.129985,-0.053112,0.265765,0.980920,-0.010861,-0.090139,-0.171910
7.123285,0.130107,-0.053047,0.266012,0.980952,-0.010910,-0.090514,-0.171527
7.133350,0.130403,-0.052986,0.266157,0.981083,-0.010875,-0.090515,-0.170778
7.143412,0.130562,-0.052994,0.266225,0.981115,-0.010858,-0.090517,-0.170591
7.153474,0.130806,-0.053037,0.266635,0.981094,-0.012608,-0.090597,-0.170550
7.163536,0.130974,-0.053048,0.266761,0.981144,-0.012549,-0.090414,-0.170368
7.173599,0.131080,-0.053189,0.267154,0.980963,-0.012541,-0.090618,-0.171298
7.183660,0.131150,-0.053267,0.267593,0.980764,-0.012540,-0.091014,-0.172225
7.193722,0.131334,-0.053372,0.267939,0.980498,-0.012371,-0.091064,-0.173721
7.203782,0.131523,-0.053489,0.268019,0.980398,-0.012222,-0.090713,-0.174477
7.213842,0.131721,-0.053561,0.268364,0.980263,-0.012120,-0.090741,-0.175225
7.223903,0.131806,-0.053615,0.268669,0.980179,-0.012127,-0.090937,-0.175594
7.233963,0.132065,-0.053673,0.269099,0.980178,-0.012093,-0.090945,-0.175594
7.244025,0.132233,-0.053693,0.269224,0.980195,-0.012018,-0.090766,-0.175599
7.254088,0.132490,-0.053760,0.269654,0.980161,-0.011968,-0.090779,-0.175786
7.264152,0.132603,-0.053717,0.270128,0.980076,-0.012003,-0.091356,-0.175959
7.274212,0.132815,-0.053607,0.270615,0.980058,-0.011905,-0.091571,-0.175954
7.284276,0.132938,-0.053568,0.270823,0.980006,-0.011859,-0.091776,-0.176136
7.294292,0.133208,-0.053481,0.271033,0.980022,-0.011682,-0.091620,-0.176141
7.304357,0.133390,-0.053456,0.271290,0.980022,-0.011613,-0.091634,-0.176141
7.314425,0.133622,-0.053304,0.271547,0.980190,-0.011560,-0.091638,-0.175206
7.324486,0.133761,-0.053242,0.271718,0.980256,-0.011525,-0.091643,-0.174832
7.334551,0.133975,-0.053150,0.271841,0.980373,-0.011434,-0.091463,-0.174276
7.344619,0.134274,-0.053151,0.272002,0.980474,-0.011321,-0.091096,-0.173910
7.354681,0.134451,-0.053153,0.272125,0.980557,-0.011281,-0.090907,-0.173541
7.364745,0.134619,-0.053152,0.272514,0.980607,-0.011320,-0.091090,-0.173162
7.374806,0.134734,-0.053138,0.272817,0.980623,-0.011341,-0.091278,-0.172971
7.384869,0.134811,-0.053179,0.273518,0.980521,-0.011480,-0.092027,-0.173140
7.394930,0.134911,-0.053219,0.273689,0.980521,-0.011480,-0.092027,-0.173140
7.404989,0.135117,-0.053301,0.273896,0.980538,-0.011441,-0.091841,-0.173145
7.415053,0.135272,-0.053363,0.274018,0.980555,-0.011402,-0.091655,-0.173149
7.425112,0.135388,-0.053350,0.274321,0.980571,-0.011423,-0.091843,-0.172958
7.435172,0.135489,-0.053390,0.274490,0.980571,-0.011423,-0.091843,-0.172958
7.445232,0.135655,-0.053397,0.274878,0.980587,-0.011445,-0.092031,-0.172766
7.455295,0.135812,-0.053459,0.274999,0.980604,-0.011406,-0.091845,-0.172770
7.465350,0.136085,-0.053527,0.275290,0.980588,-0.011316,-0.091671,-0.172962
7.475415,0.136237,-0.053588,0.275543,0.980588,-0.011316,-0.091671,-0.172962
7.485467,0.136395,-0.053591,0.276195,0.980570,-0.011414,-0.092232,-0.172761
7.495530,0.136548,-0.053652,0.276449,0.980570,-0.011414,-0.092232,-0.172761
7.505593,0.136798,-0.053631,0.276653,0.980652,-0.011340,-0.092050,-0.172392
7.515659,0.136924,-0.053630,0.276786,0.980641,-0.013512,-0.091476,-0.172606
7.525711,0.137116,-0.053595,0.277038,0.980674,-0.013460,-0.091486,-0.172419
7.535765,0.137170,-0.053575,0.277292,0.980606,-0.013484,-0.091870,-0.172598
7.545789,0.137239,-0.053520,0.277642,0.980505,-0.013457,-0.092265,-0.172964
7.555856,0.137416,-0.053377,0.277907,0.980537,-0.013334,-0.092289,-0.172776
7.565920,0.137568,-0.053275,0.278208,0.980552,-0.013285,-0.092491,-0.172585
7.575981,0.137841,-0.053168,0.278581,0.980567,-0.013199,-0.092701,-0.172394
7.586045,0.138040,-0.053134,0.278796,0.980618,-0.013110,-0.092524,-0.172211
7.596110,0.138253,-0.053147,0.279434,0.980631,-0.013221,-0.093081,-0.171825
7.606172,0.138320,-0.053113,0.279651,0.980646,-0.013240,-0.093270,-0.171634
7.616233,0.138491,-0.053118,0.280035,0.980662,-0.013260,-0.093459,-0.171443
7.626298,0.138617,-0.053106,0.280298,0.980694,-0.013242,-0.093461,-0.171256
7.636363,0.138700,-0.053148,0.280768,0.980609,-0.013335,-0.094024,-0.171430
7.646429,0.138689,-0.053144,0.281130,0.980573,-0.013410,-0.094397,-0.171422
7.656490,0.138785,-0.053191,0.281430,0.980523,-0.013429,-0.094588,-0.171605
7.666554,0.138822,-0.053215,0.281779,0.980454,-0.013485,-0.094965,-0.171784
7.676619,0.138905,-0.053237,0.282381,0.980415,-0.013651,-0.095705,-0.171580
7.686684,0.139005,-0.053276,0.282777,0.980398,-0.013688,-0.095891,-0.171576
7.696747,0.139156,-0.053334,0.283160,0.980379,-0.013725,-0.096077,-0.171572
7.706813,0.139202,-0.053352,0.283376,0.980361,-0.013762,-0.096263,-0.171568
7.716876,0.139374,-0.053357,0.283759,0.980376,-0.013781,-0.096452,-0.171376
7.726938,0.139414,-0.053373,0.284108,0.980340,-0.013855,-0.096825,-0.171368
7.737001,0.139506,-0.053409,0.284540,0.980303,-0.013928,-0.097197,-0.171360
7.747067,0.139552,-0.053427,0.284756,0.980285,-0.013965,-0.097383,-0.171355
7.757154,0.139645,-0.053462,0.285188,0.980248,-0.014039,-0.097756,-0.171347
7.767214,0.139677,-0.053475,0.285670,0.980193,-0.014150,-0.098314,-0.171334
7.777275,0.139716,-0.053490,0.286018,0.980156,-0.014224,-0.098686,-0.171326
7.787340,0.139794,-0.053520,0.286715,0.980082,-0.014372,-0.099431,-0.171309
7.797404,0.139861,-0.053485,0.286931,0.980096,-0.014390,-0.099620,-0.171117
7.807468,0.139959,-0.053523,0.287230,0.980077,-0.014427,-0.099806,-0.171113
7.817529,0.139958,-0.053461,0.287628,0.980053,-0.014519,-0.100367,-0.170913
7.827594,0.139989,-0.053473,0.288109,0.979944,-0.017807,-0.100371,-0.171227
7.837656,0.139987,-0.053411,0.288507,0.979919,-0.017898,-0.100933,-0.171029
7.847719,0.140045,-0.053372,0.288856,0.979913,-0.017952,-0.101308,-0.170834
7.857780,0.140082,-0.053386,0.289204,0.979875,-0.018026,-0.101681,-0.170827
7.867843,0.140193,-0.053368,0.289635,0.979869,-0.018080,-0.102056,-0.170632
7.877907,0.140243,-0.053326,0.290116,0.979843,-0.018170,-0.102618,-0.170434
7.887972,0.140354,-0.053307,0.290547,0.979836,-0.018224,-0.102994,-0.170239
7.898038,0.140350,-0.053244,0.290945,0.979810,-0.018314,-0.103556,-0.170041
7.908101,0.140398,-0.053201,0.291426,0.979783,-0.018404,-0.104117,-0.169843
7.918164,0.140401,-0.053141,0.291691,0.979775,-0.018457,-0.104493,-0.169648
7.928228,0.140386,-0.053074,0.292317,0.979728,-0.018584,-0.105241,-0.169446
7.938294,0.140334,-0.052993,0.292596,0.979720,-0.018636,-0.105617,-0.169251
7.948358,0.140372,-0.052946,0.293209,0.979672,-0.018762,-0.106365,-0.169049
7.958422,0.140344,-0.052935,0.293606,0.979611,-0.018871,-0.106923,-0.169037
7.968474,0.140351,-0.052938,0.294352,0.979509,-0.019053,-0.107853,-0.169018
7.978536,0.140395,-0.052955,0.294567,0.979488,-0.019090,-0.108040,-0.169014
7.988598,0.140439,-0.052971,0.294783,0.979468,-0.019126,-0.108226,-0.169010
7.998660,0.140391,-0.052953,0.295445,0.979364,-0.019308,-0.109156,-0.168990
8.008722,0.140361,-0.052942,0.295842,0.979302,-0.019417,-0.109714,-0.168978
8.018781,0.140321,-0.052926,0.296372,0.979218,-0.019563,-0.110458,-0.168962
8.028845,0.140301,-0.052919,0.296637,0.979176,-0.019636,-0.110830,-0.168954
8.038907,0.140270,-0.052907,0.297034,0.979113,-0.019745,-0.111388,-0.168942
8.048969,0.140239,-0.052895,0.297432,0.979049,-0.019854,-0.111946,-0.168930
8.059019,0.140186,-0.052875,0.298094,0.978942,-0.020036,-0.112876,-0.168910
8.069071,0.140218,-0.052887,0.298441,0.978899,-0.020109,-0.113248,-0.168901
8.079133,0.140174,-0.052870,0.298971,0.978812,-0.020254,-0.113991,-0.168885
8.089196,0.140163,-0.052866,0.299103,0.978791,-0.020291,-0.114177,-0.168881
8.099258,0.140118,-0.052849,0.299632,0.978703,-0.020436,-0.114921,-0.168864
8.109321,0.140085,-0.052836,0.300029,0.978638,-0.020545,-0.115479,-0.168852
8.119385,0.140027,-0.052814,0.300691,0.978527,-0.020727,-0.116408,-0.168831
8.129449,0.140004,-0.052806,0.300956,0.978483,-0.020800,-0.116780,-0.168822
8.139511,0.139965,-0.052791,0.301449,0.978416,-0.020909,-0.117337,-0.168809
8.149574,0.140006,-0.052807,0.301664,0.978394,-0.020946,-0.117523,-0.168805
8.159635,0.140078,-0.052834,0.302226,0.978327,-0.021055,-0.118081,-0.168792
8.169698,0.140037,-0.052818,0.302719,0.978259,-0.021164,-0.118638,-0.168780
8.179759,0.140087,-0.052837,0.303054,0.978281,-0.021127,-0.118452,-0.168784
8.189821,0.140137,-0.052856,0.303233,0.978281,-0.021127,-0.118452,-0.168784
8.199886,0.140108,-0.052845,0.303594,0.978236,-0.021200,-0.118824,-0.168775
8.209952,0.140070,-0.052831,0.304146,0.978191,-0.021273,-0.119196,-0.168767
8.220013,0.140057,-0.052826,0.304435,0.978191,-0.021273,-0.119196,-0.168767
8.230077,0.140034,-0.052817,0.304915,0.978191,-0.021273,-0.119196,-0.168767
8.240142,0.140087,-0.052837,0.305154,0.978214,-0.021237,-0.119010,-0.168771
8.250205,0.140113,-0.052847,0.305657,0.978191,-0.021273,-0.119196,-0.168767
8.260267,0.140165,-0.052867,0.305896,0.978214,-0.021237,-0.119010,-0.168771
8.270294,0.140288,-0.052914,0.306145,0.978281,-0.021127,-0.118452,-0.168784
8.280358,0.140273,-0.052908,0.306433,0.978281,-0.021127,-0.118452,-0.168784
8.290418,0.140320,-0.052926,0.306768,0.978304,-0.021091,-0.118267,-0.168788
8.300482,0.140296,-0.052917,0.307092,0.978281,-0.021127,-0.118452,-0.168784
8.310546,0.140356,-0.052940,0.307295,0.978327,-0.021055,-0.118081,-0.168792
8.320608,0.140345,-0.052936,0.307487,0.978327,-0.021055,-0.118081,-0.168792
8.330660,0.140385,-0.052951,0.307917,0.978349,-0.021018,-0.117895,-0.168797
8.340714,0.140377,-0.052948,0.308169,0.978371,-0.020982,-0.117709,-0.168801
8.350765,0.140370,-0.052945,0.308481,0.978416,-0.020909,-0.117337,-0.168809
8.360818,0.140375,-0.052947,0.308601,0.978461,-0.020836,-0.116966,-0.168818
8.370870,0.140382,-0.052950,0.308781,0.978527,-0.020727,-0.116408,-0.168831
8.380922,0.140378,-0.052948,0.308937,0.978549,-0.020691,-0.116222,-0.168835
8.390974,0.140368,-0.052944,0.309188,0.978572,-0.020655,-0.116036,-0.168839
8.401026,0.140378,-0.052948,0.309212,0.978616,-0.020582,-0.115664,-0.168847
8.411078,0.140362,-0.052942,0.309560,0.978638,-0.020545,-0.115479,-0.168852
8.421131,0.140365,-0.052943,0.309679,0.978682,-0.020473,-0.115107,-0.168860
8.431184,0.140360,-0.052941,0.309835,0.978703,-0.020436,-0.114921,-0.168864
8.441235,0.140357,-0.052940,0.310051,0.978747,-0.020363,-0.114549,-0.168872
8.451287,0.140360,-0.052941,0.310170,0.978791,-0.020291,-0.114177,-0.168881
8.461337,0.140349,-0.052937,0.310482,0.978834,-0.020218,-0.113805,-0.168889
8.471389,0.140329,-0.052929,0.310770,0.978834,-0.020218,-0.113805,-0.168889
8.481444,0.140325,-0.052928,0.311045,0.978899,-0.020109,-0.113248,-0.168901
8.491497,0.140327,-0.052929,0.311164,0.978942,-0.020036,-0.112876,-0.168910
8.501552,0.140286,-0.052974,0.311512,0.978931,-0.020021,-0.112686,-0.169100
8.511610,0.140264,-0.052966,0.311740,0.978910,-0.020058,-0.112872,-0.169096
8.521664,0.140273,-0.052969,0.311823,0.978974,-0.019948,-0.112314,-0.169109
8.531727,0.140243,-0.052958,0.312147,0.978953,-0.019985,-0.112500,-0.169104
8.541790,0.140236,-0.052955,0.312362,0.978995,-0.019912,-0.112128,-0.169113
8.551854,0.140214,-0.052947,0.312650,0.978995,-0.019912,-0.112128,-0.169113
8.561914,0.140206,-0.052944,0.312865,0.979038,-0.019839,-0.111756,-0.169121
8.571978,0.140214,-0.052947,0.312948,0.979102,-0.019730,-0.111198,-0.169133
8.582039,0.140198,-0.052941,0.313259,0.979144,-0.019657,-0.110826,-0.169141
8.592101,0.140190,-0.052938,0.313474,0.979186,-0.019584,-0.110454,-0.169149
8.602162,0.140119,-0.052911,0.313702,0.979228,-0.019511,-0.110082,-0.169157
8.612224,0.140095,-0.052901,0.313990,0.979228,-0.019511,-0.110082,-0.169157
8.622276,0.140015,-0.052871,0.314254,0.979249,-0.019475,-0.109896,-0.169161
8.632341,0.139990,-0.052862,0.314482,0.979228,-0.019511,-0.110082,-0.169157
8.642405,0.139981,-0.052858,0.314637,0.979249,-0.019475,-0.109896,-0.169161
8.652469,0.139943,-0.052904,0.314888,0.979237,-0.019459,-0.109706,-0.169352
8.662531,0.139933,-0.052901,0.315043,0.979258,-0.019423,-0.109520,-0.169356
8.672598,0.139906,-0.052890,0.315390,0.979279,-0.019386,-0.109334,-0.169360
8.682664,0.139871,-0.052877,0.315714,0.979258,-0.019423,-0.109520,-0.169356
8.692729,0.139867,-0.052876,0.315892,0.979321,-0.019313,-0.108962,-0.169368
8.702794,0.139827,-0.052921,0.316143,0.979309,-0.019297,-0.108773,-0.169559
8.712855,0.139798,-0.052910,0.316490,0.979330,-0.019261,-0.108587,-0.169563
8.722917,0.139779,-0.052903,0.316681,0.979330,-0.019261,-0.108587,-0.169563
8.732981,0.139697,-0.052872,0.316886,0.979330,-0.019261,-0.108587,-0.169563
8.743041,0.139669,-0.052861,0.317173,0.979330,-0.019261,-0.108587,-0.169563
8.753093,0.139509,-0.052790,0.317522,0.979341,-0.019318,-0.108768,-0.169372
8.763145,0.139405,-0.052811,0.317726,0.979309,-0.019339,-0.108765,-0.169559
8.773197,0.139376,-0.052800,0.318013,0.979309,-0.019339,-0.108765,-0.169559
8.783250,0.139363,-0.052795,0.318168,0.979330,-0.019302,-0.108579,-0.169563
8.793284,0.139264,-0.052818,0.318395,0.979339,-0.019250,-0.108203,-0.169757
8.803338,0.139170,-0.052782,0.318695,0.979339,-0.019250,-0.108203,-0.169757
8.813390,0.139000,-0.052717,0.319103,0.979339,-0.019250,-0.108203,-0.169757
8.823443,0.138912,-0.052683,0.319366,0.979359,-0.019213,-0.108017,-0.169761
8.833475,0.138623,-0.052572,0.319703,0.979359,-0.019213,-0.108017,-0.169761
8.843541,0.138471,-0.052575,0.319788,0.979347,-0.019197,-0.107827,-0.169952
8.853605,0.138237,-0.052485,0.320148,0.979327,-0.019234,-0.108013,-0.169948
8.863669,0.138077,-0.052484,0.320268,0.979294,-0.019254,-0.108010,-0.170135
8.873722,0.137769,-0.052426,0.320545,0.979241,-0.019312,-0.108192,-0.170318
8.883787,0.137491,-0.052379,0.320594,0.979209,-0.019332,-0.108188,-0.170504
8.893850,0.137343,-0.052322,0.320750,0.979188,-0.019369,-0.108374,-0.170500
8.903914,0.137105,-0.052290,0.320977,0.979156,-0.019390,-0.108370,-0.170687
8.913979,0.137004,-0.052311,0.321144,0.979144,-0.019374,-0.108181,-0.170878
8.924033,0.136806,-0.052355,0.321418,0.979099,-0.019378,-0.107987,-0.171255
8.934088,0.136624,-0.052404,0.321537,0.979034,-0.019419,-0.107980,-0.171629
8.944142,0.136413,-0.052501,0.321774,0.978976,-0.019407,-0.107597,-0.172197
8.954195,0.136169,-0.052457,0.322036,0.978956,-0.019485,-0.107775,-0.172193
8.964249,0.135891,-0.052398,0.322525,0.978915,-0.019600,-0.108138,-0.172185
8.974304,0.135642,-0.052361,0.322786,0.978861,-0.019658,-0.108321,-0.172368
8.984358,0.135366,-0.052313,0.323238,0.978808,-0.019716,-0.108503,-0.172551
8.994410,0.135209,-0.052251,0.323451,0.978808,-0.019716,-0.108503,-0.172551
9.004466,0.134932,-0.052262,0.323770,0.978742,-0.019757,-0.108495,-0.172924
9.014521,0.134733,-0.052243,0.324114,0.978688,-0.019816,-0.108677,-0.173107
9.024584,0.134487,-0.052146,0.324469,0.978668,-0.019853,-0.108863,-0.173102
9.034647,0.134386,-0.052107,0.324707,0.978647,-0.019890,-0.109049,-0.173098
9.044708,0.134212,-0.052038,0.325014,0.978647,-0.019890,-0.109049,-0.173098
9.054771,0.134171,-0.052081,0.325168,0.978635,-0.019874,-0.108859,-0.173289
9.064834,0.133987,-0.052058,0.325438,0.978655,-0.019878,-0.108665,-0.173293
9.074897,0.133877,-0.052015,0.325734,0.978655,-0.019878,-0.108665,-0.173293
9.084951,0.133689,-0.052000,0.326004,0.978643,-0.019861,-0.108475,-0.173484
9.095005,0.133546,-0.052061,0.326263,0.978597,-0.019865,-0.108282,-0.173861
9.105067,0.133219,-0.051981,0.326591,0.978597,-0.019906,-0.108274,-0.173861
9.115131,0.132934,-0.051986,0.326885,0.978490,-0.020023,-0.108638,-0.174226
9.125192,0.132601,-0.051962,0.327116,0.978457,-0.020085,-0.108625,-0.174413
9.135255,0.132442,-0.051928,0.327232,0.978523,-0.020167,-0.108608,-0.174040
9.145320,0.132259,-0.051885,0.327478,0.978569,-0.020288,-0.108776,-0.173663
9.155384,0.131811,-0.051862,0.327863,0.978453,-0.020544,-0.109498,-0.173833
9.165449,0.131665,-0.051862,0.327847,0.978441,-0.020527,-0.109308,-0.174024
9.175511,0.131436,-0.051887,0.328188,0.978361,-0.020234,-0.109552,-0.174351
9.185574,0.131325,-0.051900,0.328351,0.978349,-0.020216,-0.109363,-0.174542
9.195638,0.131110,-0.051978,0.328523,0.978303,-0.020261,-0.109161,-0.174919
9.205704,0.130974,-0.052030,0.328722,0.978270,-0.020323,-0.109148,-0.175106
9.215766,0.130873,-0.052124,0.328681,0.978386,-0.020312,-0.108376,-0.174936
9.225830,0.130679,-0.052123,0.328890,0.978453,-0.020436,-0.108349,-0.174563
9.235894,0.130364,-0.052111,0.329311,0.978492,-0.020739,-0.108864,-0.173991
9.245958,0.130108,-0.052093,0.329470,0.978504,-0.020882,-0.109027,-0.173800
9.256023,0.129703,-0.052005,0.329743,0.978550,-0.021046,-0.109185,-0.173423
9.266086,0.129407,-0.051960,0.330126,0.978575,-0.021251,-0.109528,-0.173041
9.276143,0.129108,-0.051962,0.330437,0.978641,-0.021417,-0.109491,-0.172668
9.286205,0.128825,-0.051931,0.330725,0.978633,-0.021602,-0.109838,-0.172473
9.296259,0.128487,-0.051887,0.330949,0.978669,-0.020006,-0.110116,-0.172284
9.306325,0.128288,-0.051862,0.331192,0.978615,-0.020067,-0.110297,-0.172466
9.316380,0.128030,-0.051812,0.331407,0.978582,-0.020088,-0.110293,-0.172653
9.326432,0.127935,-0.051821,0.331474,0.978603,-0.020089,-0.110099,-0.172658
9.336484,0.127725,-0.051791,0.331774,0.978570,-0.020110,-0.110095,-0.172844
9.346536,0.127588,-0.051848,0.331934,0.978525,-0.020111,-0.109902,-0.173222
9.356589,0.127450,-0.051951,0.332022,0.978521,-0.020072,-0.109330,-0.173609
9.366642,0.127163,-0.051993,0.332178,0.978434,-0.020196,-0.109498,-0.173978
9.376695,0.126822,-0.051964,0.332364,0.978389,-0.020196,-0.109306,-0.174355
9.386747,0.126514,-0.052004,0.332613,0.978268,-0.020300,-0.109479,-0.174911
9.396799,0.126164,-0.051970,0.332834,0.978201,-0.020342,-0.109471,-0.175284
9.406851,0.125901,-0.051973,0.332952,0.978134,-0.020384,-0.109463,-0.175657
9.416942,0.125470,-0.052016,0.333050,0.978021,-0.020426,-0.109263,-0.176408
9.427007,0.125144,-0.052046,0.333370,0.977857,-0.020614,-0.109806,-0.176954
9.437071,0.124997,-0.052096,0.333565,0.977790,-0.020656,-0.109798,-0.177327
9.447136,0.124780,-0.052162,0.333695,0.977764,-0.020655,-0.109411,-0.177709
9.457203,0.124556,-0.052179,0.333934,0.977675,-0.020739,-0.109588,-0.178077
9.467268,0.124319,-0.052189,0.334231,0.977607,-0.020781,-0.109580,-0.178450
9.477295,0.124095,-0.052261,0.334376,0.977484,-0.020886,-0.109753,-0.179005
9.487361,0.123628,-0.052310,0.334578,0.977375,-0.021137,-0.110086,-0.179369
9.497427,0.123354,-0.052244,0.334823,0.977491,-0.021346,-0.110229,-0.178619
9.507494,0.123050,-0.052208,0.334814,0.977820,-0.021657,-0.109955,-0.176945
9.517541,0.122814,-0.052184,0.334835,0.978023,-0.021906,-0.109891,-0.175827
9.527593,0.122252,-0.052098,0.334990,0.978196,-0.022392,-0.110354,-0.174508
9.537645,0.122010,-0.052089,0.335010,0.978330,-0.022601,-0.110300,-0.173761
9.547697,0.121699,-0.052065,0.334999,0.978584,-0.022868,-0.110034,-0.172460
9.557750,0.121539,-0.051971,0.335141,0.978794,-0.023100,-0.110167,-0.171149
9.567801,0.121324,-0.051918,0.335123,0.978979,-0.023241,-0.109932,-0.170220
9.577855,0.121092,-0.051886,0.335142,0.979045,-0.023366,-0.109899,-0.169847
9.587907,0.120786,-0.051856,0.335130,0.979164,-0.023507,-0.109666,-0.169291
9.597959,0.120641,-0.051852,0.335069,0.979303,-0.023558,-0.109260,-0.168740
9.608010,0.120358,-0.051896,0.335144,0.979357,-0.023697,-0.109028,-0.168558
9.618063,0.120204,-0.051917,0.335083,0.979446,-0.021631,-0.108993,-0.168338
9.628115,0.119812,-0.051904,0.335077,0.979370,-0.021646,-0.108797,-0.168904
9.638167,0.119548,-0.051949,0.335095,0.979274,-0.021708,-0.108784,-0.169464
9.648219,0.119235,-0.052026,0.335242,0.979123,-0.021838,-0.108951,-0.170206
9.658272,0.119138,-0.052081,0.335211,0.979112,-0.021853,-0.108753,-0.170398
9.668282,0.118920,-0.052145,0.335315,0.979014,-0.021915,-0.108741,-0.170958
9.678336,0.118699,-0.052217,0.335420,0.978883,-0.021957,-0.108735,-0.171705
9.688399,0.118456,-0.052313,0.335544,0.978826,-0.021964,-0.108344,-0.172275
9.698455,0.118139,-0.052311,0.335819,0.978753,-0.022163,-0.108685,-0.172452
9.708516,0.117943,-0.052334,0.335885,0.978840,-0.022278,-0.108457,-0.172084
9.718580,0.117633,-0.052382,0.336013,0.978982,-0.022446,-0.108016,-0.171534
9.728648,0.117404,-0.052419,0.336172,0.978970,-0.022499,-0.107807,-0.171725
9.738712,0.117040,-0.052475,0.336502,0.978785,-0.022610,-0.107980,-0.172654
9.748779,0.116815,-0.052585,0.336533,0.978694,-0.022594,-0.107596,-0.173410
9.758844,0.116305,-0.052551,0.336944,0.978533,-0.022845,-0.108121,-0.173956
9.768906,0.116074,-0.052550,0.337175,0.978446,-0.022936,-0.108296,-0.174324
9.778969,0.115754,-0.052560,0.337410,0.978326,-0.023047,-0.108465,-0.174879
9.789031,0.115534,-0.052616,0.337512,0.978226,-0.023109,-0.108452,-0.175439
9.799093,0.115156,-0.052748,0.337746,0.978037,-0.023304,-0.108602,-0.176367
9.809156,0.114867,-0.052770,0.337852,0.977936,-0.023366,-0.108588,-0.176927
9.819218,0.114343,-0.052679,0.338115,0.977752,-0.023629,-0.109306,-0.177467
9.829278,0.114135,-0.052685,0.338252,0.977664,-0.023721,-0.109480,-0.177835
9.839336,0.113686,-0.052734,0.338308,0.977553,-0.020334,-0.110287,-0.178363
9.849399,0.113221,-0.052711,0.338528,0.977389,-0.020590,-0.110812,-0.178906
9.859465,0.112795,-0.052705,0.338583,0.977266,-0.020746,-0.110971,-0.179459
9.869527,0.112557,-0.052675,0.338593,0.977267,-0.020830,-0.110948,-0.179460
9.879583,0.112260,-0.052723,0.338675,0.977297,-0.021182,-0.111239,-0.179076
9.889645,0.111955,-0.052767,0.338792,0.977305,-0.021587,-0.111711,-0.178687
9.899701,0.111433,-0.052734,0.338919,0.977348,-0.022058,-0.112162,-0.178112
9.909755,0.111256,-0.052744,0.338924,0.977452,-0.022246,-0.112102,-0.177553
9.919820,0.111018,-0.052703,0.338932,0.977625,-0.022476,-0.112026,-0.176622
9.929879,0.110730,-0.052691,0.339030,0.977898,-0.022852,-0.111901,-0.175131
9.939940,0.110413,-0.052618,0.339076,0.978013,-0.023115,-0.112013,-0.174380
9.950005,0.110008,-0.052566,0.339088,0.978217,-0.023449,-0.111901,-0.173262
9.960066,0.109777,-0.052525,0.339058,0.978406,-0.023624,-0.111641,-0.172336
9.970130,0.109534,-0.052542,0.338954,0.978703,-0.023811,-0.110977,-0.171048
9.980193,0.109293,-0.052505,0.338960,0.978836,-0.024018,-0.110905,-0.170302
9.990255,0.108892,-0.052427,0.339006,0.978948,-0.024323,-0.111002,-0.169550
10.000316,0.108700,-0.052486,0.338973,0.979004,-0.024454,-0.110761,-0.169370
10.010380,0.108359,-0.052499,0.338944,0.979092,-0.024646,-0.110498,-0.169003
10.020442,0.108214,-0.052477,0.338874,0.979319,-0.020939,-0.110727,-0.168033
10.030503,0.107836,-0.052375,0.338883,0.979419,-0.021124,-0.110661,-0.167474
10.040568,0.107496,-0.052374,0.338889,0.979388,-0.021269,-0.110617,-0.167661
10.050629,0.107211,-0.052484,0.338785,0.979421,-0.021322,-0.110006,-0.167867
10.060692,0.106963,-0.052488,0.338753,0.979410,-0.021366,-0.109795,-0.168060
10.070754,0.106693,-0.052561,0.338686,0.979290,-0.021313,-0.109427,-0.169006
10.080816,0.106526,-0.052575,0.338653,0.979245,-0.021296,-0.109239,-0.169386
10.090876,0.105973,-0.052650,0.338698,0.978965,-0.021481,-0.109400,-0.170874
10.100938,0.105786,-0.052704,0.338664,0.978887,-0.021484,-0.109207,-0.171440
10.111002,0.105472,-0.052842,0.338632,0.978711,-0.021550,-0.109003,-0.172567
10.121066,0.105211,-0.052855,0.338635,0.978612,-0.021612,-0.108990,-0.173127
10.131166,0.104833,-0.052947,0.338603,0.978467,-0.021697,-0.108776,-0.174066
10.141222,0.104559,-0.053002,0.338569,0.978354,-0.021721,-0.108580,-0.174819
10.151287,0.104271,-0.053049,0.338608,0.978200,-0.021863,-0.108743,-0.175559
10.161342,0.103851,-0.053165,0.338683,0.978040,-0.018231,-0.109771,-0.176228
10.171396,0.103661,-0.053202,0.338684,0.977973,-0.018314,-0.109750,-0.176601
10.181451,0.103306,-0.053220,0.338685,0.977942,-0.018497,-0.109692,-0.176789
10.191506,0.102957,-0.053188,0.338758,0.977905,-0.018782,-0.109997,-0.176775
10.201562,0.102576,-0.053269,0.338722,0.977896,-0.018986,-0.109731,-0.176970
10.211625,0.102375,-0.053297,0.338757,0.977947,-0.019249,-0.109834,-0.176592
10.221690,0.102005,-0.053291,0.338827,0.978049,-0.019697,-0.110067,-0.175834
10.231754,0.101712,-0.053285,0.338933,0.978129,-0.020168,-0.110492,-0.175069
10.241818,0.101299,-0.053171,0.339037,0.978412,-0.017176,-0.111500,-0.173156
10.251880,0.101108,-0.053191,0.339034,0.978517,-0.017400,-0.111409,-0.172598
10.261944,0.100804,-0.053277,0.338994,0.978611,-0.017663,-0.111105,-0.172235
10.272008,0.100564,-0.053228,0.338991,0.978714,-0.017845,-0.111027,-0.171677
10.282070,0.100058,-0.053125,0.339131,0.978672,-0.018329,-0.111654,-0.171462
10.292134,0.099801,-0.053075,0.339200,0.978701,-0.018623,-0.111942,-0.171075
10.302196,0.099410,-0.053096,0.339303,0.978612,-0.019048,-0.112396,-0.171240
10.312258,0.099137,-0.053065,0.339408,0.978520,-0.019350,-0.112895,-0.171404
10.322319,0.098615,-0.052977,0.339582,0.978354,-0.019848,-0.113730,-0.171740
10.332383,0.098306,-0.053032,0.339651,0.978182,-0.020109,-0.114054,-0.172472
10.342447,0.098032,-0.053066,0.339609,0.978208,-0.020253,-0.113798,-0.172481
10.352512,0.097880,-0.053122,0.339661,0.978303,-0.018508,-0.113875,-0.172087
10.362608,0.097393,-0.053096,0.339813,0.978302,-0.018957,-0.114107,-0.171887
10.372663,0.097012,-0.053024,0.340004,0.978244,-0.019328,-0.114574,-0.171864
10.382727,0.096662,-0.052910,0.340158,0.978273,-0.019631,-0.114855,-0.171477
10.392792,0.096303,-0.052915,0.340148,0.978313,-0.019905,-0.114745,-0.171293
10.402855,0.096023,-0.052960,0.340106,0.978271,-0.020007,-0.114512,-0.171675
10.412919,0.095556,-0.052917,0.340220,0.978223,-0.020308,-0.114603,-0.171856
10.422980,0.095247,-0.052813,0.340246,0.978343,-0.018699,-0.115019,-0.171071
10.433043,0.094861,-0.052845,0.340270,0.978330,-0.019064,-0.115079,-0.171066
10.443107,0.094668,-0.052889,0.340228,0.978321,-0.019143,-0.114850,-0.171262
10.453171,0.094284,-0.052933,0.340255,0.978138,-0.019365,-0.114991,-0.172187
10.463233,0.093930,-0.052906,0.340317,0.977965,-0.019593,-0.115327,-0.172916
10.473295,0.093551,-0.052960,0.340306,0.977767,-0.019725,-0.115305,-0.174035
10.483356,0.093277,-0.052982,0.340298,0.977633,-0.019813,-0.115290,-0.174781
10.493417,0.092898,-0.053033,0.340287,0.977433,-0.019945,-0.115267,-0.175900
10.503482,0.092528,-0.053029,0.340347,0.977258,-0.020218,-0.115586,-0.176629
10.513543,0.092106,-0.053002,0.340332,0.977089,-0.020328,-0.115566,-0.177561
10.523607,0.091823,-0.053051,0.340287,0.976975,-0.020387,-0.115358,-0.178315
10.533667,0.091506,-0.053131,0.340275,0.976950,-0.018779,-0.115605,-0.178470
10.543730,0.091162,-0.053029,0.340402,0.976978,-0.019298,-0.116196,-0.177879
10.553792,0.090751,-0.053030,0.340527,0.977009,-0.019990,-0.116713,-0.177289
10.563857,0.090534,-0.053044,0.340589,0.977078,-0.020412,-0.116932,-0.176716
10.573922,0.090173,-0.052948,0.340711,0.977279,-0.021128,-0.117410,-0.175196
10.583987,0.089864,-0.052947,0.340804,0.977292,-0.021651,-0.117795,-0.174801
10.594050,0.089576,-0.052911,0.340896,0.977338,-0.022153,-0.118182,-0.174219
10.604111,0.089159,-0.052747,0.341050,0.977478,-0.022892,-0.118857,-0.172875
10.614176,0.089007,-0.052819,0.341079,0.977497,-0.023206,-0.118922,-0.172683
10.624236,0.088628,-0.052766,0.341201,0.977486,-0.023815,-0.119472,-0.172278
10.634299,0.088361,-0.052692,0.341292,0.977562,-0.024304,-0.119856,-0.171510
10.644360,0.087825,-0.052566,0.341476,0.977508,-0.025118,-0.120727,-0.171088
10.654422,0.087538,-0.052523,0.341566,0.977550,-0.025636,-0.121102,-0.170507
10.664482,0.087228,-0.052526,0.341617,0.977738,-0.022645,-0.121861,-0.169308
10.674543,0.086959,-0.052456,0.341707,0.977779,-0.023123,-0.122250,-0.168725
10.684603,0.086495,-0.052370,0.341856,0.977747,-0.023874,-0.122935,-0.168310
10.694665,0.086154,-0.052280,0.341942,0.977686,-0.024292,-0.123368,-0.168283
10.704724,0.085680,-0.052282,0.341986,0.977519,-0.024727,-0.123610,-0.169013
10.714785,0.085502,-0.052281,0.341936,0.977614,-0.024870,-0.123323,-0.168653
10.724846,0.085078,-0.052189,0.341978,0.977612,-0.025323,-0.123523,-0.168452
10.734910,0.084731,-0.052146,0.341990,0.977529,-0.025586,-0.123621,-0.168817
10.744974,0.084285,-0.052087,0.342069,0.977337,-0.026014,-0.124072,-0.169536
10.755036,0.083934,-0.052023,0.342153,0.977140,-0.026353,-0.124564,-0.170252
10.765097,0.083421,-0.052026,0.342102,0.976835,-0.026706,-0.124865,-0.171724
10.775161,0.083169,-0.051988,0.342082,0.976840,-0.026889,-0.124779,-0.171726
10.785223,0.082858,-0.051930,0.341983,0.976926,-0.026974,-0.124313,-0.171563
10.795283,0.082612,-0.052074,0.341900,0.976741,-0.026975,-0.123936,-0.172887
10.805336,0.082321,-0.052092,0.341917,0.976553,-0.027175,-0.124081,-0.173809
10.815399,0.081812,-0.051999,0.341949,0.976522,-0.023496,-0.125049,-0.173827
10.825463,0.081518,-0.052004,0.341962,0.976475,-0.023830,-0.125104,-0.174007
10.835527,0.081172,-0.051972,0.341895,0.976577,-0.024106,-0.124745,-0.173652
10.845589,0.080830,-0.051893,0.341937,0.976541,-0.024501,-0.124973,-0.173635
10.855652,0.080292,-0.051803,0.342035,0.976361,-0.025137,-0.125523,-0.174156
10.865711,0.080070,-0.051843,0.342056,0.976243,-0.025385,-0.125633,-0.174706
10.875774,0.079707,-0.051890,0.341974,0.976217,-0.020535,-0.126627,-0.174769
10.885835,0.079535,-0.051911,0.341903,0.976275,-0.020891,-0.126644,-0.174392
10.895897,0.079150,-0.051830,0.342008,0.976412,-0.021730,-0.127019,-0.173242
10.905960,0.078901,-0.051734,0.342052,0.976515,-0.022172,-0.127185,-0.172482
10.916025,0.078539,-0.051665,0.342087,0.976589,-0.022732,-0.127299,-0.171910
10.926087,0.078219,-0.051646,0.342003,0.976508,-0.023051,-0.127363,-0.172275
10.936150,0.077807,-0.051500,0.342065,0.976601,-0.021793,-0.127992,-0.171446
10.946214,0.077534,-0.051403,0.341979,0.976656,-0.022109,-0.128023,-0.171068
10.956278,0.077171,-0.051402,0.341962,0.976571,-0.022722,-0.128350,-0.171227
10.966296,0.077042,-0.051380,0.341856,0.976655,-0.022531,-0.128303,-0.170810
10.976357,0.076634,-0.051285,0.341904,0.976487,-0.023213,-0.129029,-0.171128
10.986420,0.076336,-0.051295,0.341767,0.976316,-0.023584,-0.129294,-0.171852
10.996481,0.076051,-0.051272,0.341628,0.976284,-0.024043,-0.129478,-0.171835
11.006543,0.075829,-0.051218,0.341583,0.976282,-0.024432,-0.129689,-0.171630
11.016668,0.075556,-0.051235,0.341537,0.976293,-0.023264,-0.130139,-0.171391
11.026731,0.075229,-0.051118,0.341423,0.976306,-0.023815,-0.130467,-0.170990
11.036792,0.074930,-0.051022,0.341403,0.976319,-0.024368,-0.130793,-0.170589
11.046855,0.074713,-0.051058,0.341197,0.976403,-0.024740,-0.130571,-0.170227
11.056916,0.074437,-0.050989,0.341273,0.976380,-0.025274,-0.130914,-0.170012
11.066979,0.074235,-0.050980,0.341101,0.976508,-0.025737,-0.130837,-0.169266
11.077032,0.073954,-0.050926,0.341177,0.976417,-0.026230,-0.131220,-0.169421
11.087096,0.073600,-0.050900,0.341193,0.976238,-0.026868,-0.131756,-0.169936
11.097161,0.073430,-0.050946,0.341086,0.976179,-0.027060,-0.131665,-0.170312
11.107223,0.073057,-0.050800,0.341089,0.976205,-0.027788,-0.132095,-0.169716
11.117286,0.072892,-0.050806,0.341013,0.976261,-0.028164,-0.132079,-0.169340
11.127300,0.072453,-0.050723,0.340925,0.976012,-0.028766,-0.132651,-0.170225
11.137355,0.072286,-0.050758,0.340855,0.975859,-0.028962,-0.132792,-0.170957
11.147416,0.071951,-0.050738,0.340838,0.975594,-0.029400,-0.133248,-0.172037
11.157479,0.071769,-0.050791,0.340767,0.975442,-0.029645,-0.133361,-0.172771
11.167541,0.071381,-0.050666,0.340766,0.975434,-0.030409,-0.133773,-0.172361
11.177603,0.071214,-0.050620,0.340594,0.975524,-0.030765,-0.133757,-0.171799
11.187666,0.070872,-0.050598,0.340572,0.975330,-0.031302,-0.134136,-0.172510
11.197730,0.070664,-0.050637,0.340406,0.975141,-0.031527,-0.134268,-0.173428
11.207790,0.070376,-0.050582,0.340168,0.975000,-0.031894,-0.134517,-0.173964
11.217853,0.070114,-0.050484,0.339927,0.974961,-0.032282,-0.134727,-0.173945
11.227926,0.069860,-0.050498,0.339656,0.975026,-0.032812,-0.134613,-0.173573
11.237988,0.069676,-0.050443,0.339700,0.975058,-0.033247,-0.134774,-0.173185
11.248050,0.069513,-0.050395,0.339527,0.975148,-0.033607,-0.134751,-0.172623
11.258112,0.069160,-0.050308,0.339237,0.975140,-0.034044,-0.134707,-0.172620
11.268174,0.069067,-0.050354,0.338971,0.975195,-0.034039,-0.134268,-0.172650
11.278237,0.068854,-0.050367,0.338795,0.975257,-0.034521,-0.134176,-0.172277
11.288298,0.068765,-0.050349,0.338593,0.975474,-0.034849,-0.133920,-0.171174
11.298361,0.068600,-0.050326,0.338197,0.975695,-0.035273,-0.133603,-0.170073
11.308425,0.068331,-0.050200,0.338170,0.975668,-0.035790,-0.133939,-0.169858
11.318487,0.068067,-0.050154,0.338021,0.975634,-0.036282,-0.134077,-0.169841
11.328550,0.067957,-0.050139,0.337728,0.975674,-0.036449,-0.133963,-0.169661
11.338613,0.067806,-0.050184,0.337436,0.975616,-0.036644,-0.133858,-0.170037
11.348674,0.067635,-0.050166,0.337265,0.975566,-0.036916,-0.133919,-0.170215
11.358727,0.067479,-0.050149,0.336871,0.975681,-0.037224,-0.133696,-0.169667
11.368779,0.067315,-0.050115,0.336697,0.975700,-0.037541,-0.133709,-0.169476
11.378831,0.067088,-0.050120,0.336428,0.975620,-0.037888,-0.133730,-0.169842
11.388883,0.066958,-0.050138,0.336135,0.975594,-0.038057,-0.133630,-0.170032
11.398936,0.066705,-0.050027,0.335886,0.975726,-0.036897,-0.134011,-0.169231
11.408987,0.066604,-0.049995,0.335590,0.975836,-0.037108,-0.133845,-0.168681
11.419038,0.066487,-0.050077,0.335173,0.975872,-0.037292,-0.133500,-0.168702
11.429089,0.066379,-0.050114,0.334977,0.975847,-0.037461,-0.133399,-0.168892
11.439222,0.066178,-0.050084,0.334705,0.975834,-0.037805,-0.133399,-0.168887
11.449275,0.066087,-0.050105,0.334510,0.975806,-0.037926,-0.133329,-0.169076
11.459327,0.065936,-0.050068,0.334338,0.975755,-0.038152,-0.133416,-0.169253
11.469391,0.065747,-0.050125,0.333949,0.975630,-0.038349,-0.133324,-0.170000
11.479455,0.065629,-0.050143,0.333658,0.975533,-0.038426,-0.133302,-0.170558
11.489508,0.065454,-0.050147,0.333174,0.975402,-0.038527,-0.133272,-0.171303
11.499560,0.065259,-0.050133,0.332907,0.975248,-0.038735,-0.133399,-0.172034
11.509612,0.065059,-0.050110,0.332635,0.975200,-0.039057,-0.133421,-0.172214
11.519666,0.064996,-0.050177,0.332317,0.975233,-0.039142,-0.133137,-0.172232
11.529718,0.064894,-0.050249,0.331901,0.975232,-0.039251,-0.132846,-0.172436
11.539770,0.064760,-0.050335,0.331707,0.975067,-0.039378,-0.132808,-0.173366
11.549821,0.064664,-0.050415,0.331295,0.974958,-0.039373,-0.132622,-0.174122
11.559875,0.064530,-0.050370,0.331124,0.974868,-0.039530,-0.132763,-0.174482
11.569926,0.064457,-0.050505,0.330591,0.974783,-0.039465,-0.132389,-0.175252
11.579978,0.064353,-0.050498,0.330296,0.974790,-0.039607,-0.132293,-0.175256
11.590030,0.064122,-0.050473,0.329925,0.974744,-0.039976,-0.132280,-0.175437
11.600094,0.063987,-0.050411,0.329749,0.974798,-0.040269,-0.132289,-0.175061
11.610155,0.063844,-0.050350,0.329254,0.974949,-0.040547,-0.132060,-0.174329
11.620218,0.063786,-0.050408,0.328933,0.975016,-0.040649,-0.131751,-0.174162
11.630284,0.063737,-0.050441,0.328609,0.975189,-0.040817,-0.131367,-0.173443
11.640348,0.063701,-0.050467,0.328288,0.975325,-0.040914,-0.131040,-0.172906
11.650521,0.063669,-0.050484,0.327965,0.975494,-0.041033,-0.130689,-0.172185
11.660585,0.063649,-0.050493,0.327644,0.975627,-0.041082,-0.130395,-0.171646
11.670648,0.063606,-0.050535,0.327324,0.975691,-0.041134,-0.130118,-0.171478
11.680713,0.063484,-0.050493,0.326926,0.975838,-0.041407,-0.129887,-0.170746
11.690775,0.063345,-0.050448,0.326750,0.975822,-0.041657,-0.129942,-0.170738
11.700838,0.063233,-0.050407,0.326355,0.975898,-0.041839,-0.129793,-0.170373
11.710902,0.063152,-0.050376,0.326059,0.975936,-0.041954,-0.129702,-0.170192
11.720967,0.063013,-0.050343,0.325569,0.975908,-0.042071,-0.129628,-0.170381
11.731029,0.062978,-0.050394,0.325253,0.975866,-0.042010,-0.129459,-0.170765
11.741092,0.062863,-0.050404,0.324955,0.975875,-0.042195,-0.129327,-0.170771
11.751156,0.062810,-0.050367,0.324753,0.976017,-0.042374,-0.129160,-0.170036
11.761221,0.062778,-0.050384,0.324430,0.976185,-0.042487,-0.128807,-0.169314
11.771282,0.062801,-0.050484,0.324090,0.976200,-0.042335,-0.128461,-0.169526
11.781345,0.062746,-0.050527,0.323677,0.976124,-0.042251,-0.128317,-0.170095
11.791409,0.062638,-0.050546,0.323384,0.976026,-0.042324,-0.128293,-0.170653
11.801470,0.062516,-0.050540,0.322992,0.975963,-0.042419,-0.128244,-0.171027
11.811534,0.062390,-0.050496,0.322819,0.975875,-0.042580,-0.128380,-0.171387
11.821597,0.062320,-0.050555,0.322405,0.975800,-0.042541,-0.128203,-0.171958
11.831659,0.062248,-0.050535,0.322112,0.975732,-0.042544,-0.128220,-0.172329
11.841721,0.062140,-0.050609,0.321601,0.975588,-0.042509,-0.128061,-0.173270
11.851785,0.062091,-0.050590,0.321404,0.975590,-0.042554,-0.128027,-0.173271
11.861847,0.062045,-0.050617,0.320989,0.975581,-0.042512,-0.127834,-0.173471
11.871909,0.061993,-0.050607,0.320793,0.975548,-0.042537,-0.127826,-0.173657
11.881973,0.062036,-0.050651,0.320356,0.976008,-0.031331,-0.129468,-0.172235
11.892035,0.061984,-0.050641,0.320160,0.975975,-0.031355,-0.129462,-0.172421
11.902094,0.061935,-0.050677,0.319745,0.975930,-0.031292,-0.129298,-0.172807
11.912156,0.061868,-0.050651,0.319451,0.975898,-0.031317,-0.129292,-0.172994
11.922219,0.061894,-0.050711,0.319012,0.975943,-0.031137,-0.128956,-0.173023
11.932282,0.061847,-0.050661,0.318718,0.975943,-0.031137,-0.128956,-0.173023
11.942344,0.061762,-0.050659,0.318424,0.975877,-0.031186,-0.128944,-0.173395
11.952407,0.061659,-0.050594,0.318250,0.975822,-0.031324,-0.129090,-0.173568
11.962531,0.061544,-0.050559,0.317759,0.975756,-0.031373,-0.129078,-0.173940
11.972583,0.061530,-0.050589,0.317442,0.975744,-0.031285,-0.128920,-0.174140
11.982644,0.061589,-0.050651,0.317102,0.975786,-0.031059,-0.128617,-0.174167
11.992699,0.061505,-0.050649,0.316808,0.975720,-0.031108,-0.128605,-0.174540
12.002725,0.061436,-0.050664,0.316611,0.975653,-0.031157,-0.128593,-0.174912
12.012792,0.061454,-0.050724,0.316169,0.975772,-0.031062,-0.128169,-0.174575
12.022856,0.061483,-0.050808,0.315825,0.975855,-0.030946,-0.127773,-0.174422
12.032921,0.061486,-0.050852,0.315284,0.975974,-0.030849,-0.127351,-0.174085
12.042974,0.061403,-0.050797,0.315207,0.975955,-0.031007,-0.127469,-0.174073
12.053039,0.061409,-0.050755,0.314787,0.976119,-0.030975,-0.127209,-0.173350
12.063104,0.061422,-0.050746,0.314467,0.976211,-0.030902,-0.127004,-0.172995
12.073169,0.061435,-0.050792,0.313929,0.976255,-0.030719,-0.126669,-0.173024
12.083231,0.061461,-0.050776,0.313611,0.976309,-0.030581,-0.126524,-0.172851
12.093293,0.061347,-0.050698,0.313339,0.976255,-0.030719,-0.126669,-0.173024
12.103356,0.061268,-0.050612,0.313164,0.976234,-0.030833,-0.126820,-0.173010
12.113416,0.061326,-0.050675,0.312824,0.976490,-0.022784,-0.127900,-0.172018
12.123480,0.061384,-0.050737,0.312483,0.976529,-0.022556,-0.127598,-0.172048
12.133540,0.061432,-0.050800,0.312179,0.976513,-0.022422,-0.127475,-0.172247
12.143602,0.061461,-0.050831,0.311925,0.976553,-0.022194,-0.127173,-0.172277
12.153665,0.061475,-0.050847,0.311740,0.976553,-0.022194,-0.127173,-0.172277
12.163729,0.061547,-0.050924,0.311498,0.976592,-0.021967,-0.126871,-0.172307
12.173794,0.061576,-0.050955,0.311243,0.976631,-0.021739,-0.126569,-0.172336
12.183856,0.061598,-0.050979,0.311024,0.976650,-0.021625,-0.126418,-0.172351
12.193909,0.061699,-0.051087,0.310695,0.976689,-0.021397,-0.126116,-0.172381
12.203973,0.061720,-0.051110,0.310475,0.976709,-0.021283,-0.125965,-0.172396
12.214038,0.061792,-0.051187,0.310233,0.976747,-0.021056,-0.125663,-0.172425
12.224098,0.061856,-0.051256,0.309857,0.976805,-0.020714,-0.125210,-0.172470
12.234161,0.061878,-0.051279,0.309637,0.976824,-0.020600,-0.125059,-0.172484
12.244221,0.061942,-0.051348,0.309429,0.976843,-0.020486,-0.124908,-0.172499
12.254283,0.062013,-0.051424,0.309186,0.976881,-0.020258,-0.124605,-0.172529
12.264349,0.062120,-0.051539,0.308822,0.976938,-0.019917,-0.124152,-0.172573
12.274413,0.062113,-0.051531,0.308689,0.976957,-0.019803,-0.124001,-0.172588
12.284476,0.062177,-0.051600,0.308481,0.976976,-0.019689,-0.123850,-0.172602
12.294539,0.062212,-0.051638,0.308359,0.976995,-0.019575,-0.123699,-0.172617
12.304599,0.062233,-0.051660,0.308139,0.977014,-0.019461,-0.123548,-0.172632
12.314662,0.062184,-0.051607,0.308162,0.976995,-0.019575,-0.123699,-0.172617
12.324725,0.062156,-0.051577,0.307965,0.976995,-0.019575,-0.123699,-0.172617
12.334790,0.062142,-0.051562,0.307866,0.976995,-0.019575,-0.123699,-0.172617
12.344854,0.062120,-0.051540,0.307634,0.977014,-0.019461,-0.123548,-0.172632
12.354916,0.062064,-0.051479,0.307692,0.976976,-0.019689,-0.123850,-0.172602
12.364976,0.062043,-0.051457,0.307460,0.976995,-0.019575,-0.123699,-0.172617
12.375038,0.062023,-0.051435,0.307396,0.976976,-0.019689,-0.123850,-0.172602
12.385102,0.062044,-0.051458,0.307176,0.976995,-0.019575,-0.123699,-0.172617
12.395166,0.062030,-0.051443,0.307077,0.976995,-0.019575,-0.123699,-0.172617
12.405218,0.062037,-0.051450,0.307042,0.977014,-0.019461,-0.123548,-0.172632
12.415280,0.062041,-0.051442,0.307041,0.977049,-0.019480,-0.123520,-0.172448
12.425344,0.062076,-0.051480,0.306920,0.977068,-0.019366,-0.123369,-0.172462
12.435404,0.062136,-0.051557,0.306713,0.977051,-0.019233,-0.123245,-0.172661
12.445466,0.062136,-0.051557,0.306713,0.977051,-0.019233,-0.123245,-0.172661
12.455530,0.062143,-0.051564,0.306678,0.977070,-0.019119,-0.123094,-0.172676
12.465592,0.062136,-0.051557,0.306713,0.977051,-0.019233,-0.123245,-0.172661
12.475655,0.062172,-0.051594,0.306591,0.977070,-0.019119,-0.123094,-0.172676
12.485715,0.062172,-0.051594,0.306591,0.977070,-0.019119,-0.123094,-0.172676
12.495778,0.062172,-0.051594,0.306591,0.977070,-0.019119,-0.123094,-0.172676
12.505840,0.062172,-0.051594,0.306591,0.977070,-0.019119,-0.123094,-0.172676
12.515904,0.062227,-0.051654,0.306533,0.977107,-0.018891,-0.122792,-0.172705
12.525967,0.062227,-0.051654,0.306533,0.977107,-0.018891,-0.122792,-0.172705
12.536028,0.062221,-0.051647,0.306568,0.977088,-0.019005,-0.122943,-0.172691
12.546089,0.062221,-0.051647,0.306568,0.977088,-0.019005,-0.122943,-0.172691
12.556152,0.062221,-0.051647,0.306568,0.977088,-0.019005,-0.122943,-0.172691
12.566216,0.062227,-0.051654,0.306533,0.977107,-0.018891,-0.122792,-0.172705
12.576276,0.062227,-0.051654,0.306533,0.977107,-0.018891,-0.122792,-0.172705
12.586295,0.062221,-0.051647,0.306568,0.977088,-0.019005,-0.122943,-0.172691
12.596356,0.062227,-0.051654,0.306533,0.977107,-0.018891,-0.122792,-0.172705
12.606420,0.062185,-0.051609,0.306690,0.977070,-0.019119,-0.123094,-0.172676
12.616472,0.062185,-0.051609,0.306690,0.977070,-0.019119,-0.123094,-0.172676
12.626534,0.062235,-0.051662,0.306667,0.977088,-0.019005,-0.122943,-0.172691
12.636596,0.062235,-0.051662,0.306667,0.977088,-0.019005,-0.122943,-0.172691
12.646655,0.062284,-0.051715,0.306644,0.977107,-0.018891,-0.122792,-0.172705
12.656718,0.062284,-0.051715,0.306644,0.977107,-0.018891,-0.122792,-0.172705
12.666775,0.062353,-0.051789,0.306684,0.977144,-0.018664,-0.122490,-0.172735
12.676840,0.062396,-0.051835,0.306696,0.977144,-0.018664,-0.122490,-0.172735
12.686904,0.062500,-0.051947,0.306615,0.977200,-0.018322,-0.122036,-0.172779
12.696966,0.062564,-0.052015,0.306691,0.977218,-0.018208,-0.121885,-0.172793
12.707027,0.062760,-0.052226,0.306598,0.977291,-0.017752,-0.121280,-0.172852
12.717088,0.062823,-0.052294,0.306673,0.977309,-0.017638,-0.121129,-0.172866
12.727151,0.063054,-0.052495,0.306678,0.977415,-0.017160,-0.120528,-0.172738
12.737215,0.063209,-0.052662,0.306741,0.977451,-0.016932,-0.120225,-0.172768
12.747274,0.063426,-0.052895,0.306710,0.977541,-0.016363,-0.119469,-0.172840
12.757293,0.063539,-0.053016,0.306761,0.977576,-0.016135,-0.119166,-0.172869
12.767349,0.063751,-0.053197,0.306985,0.977662,-0.015771,-0.118715,-0.172726
12.777411,0.063850,-0.053257,0.307158,0.977713,-0.015634,-0.118567,-0.172554
12.787472,0.064048,-0.053423,0.307283,0.977798,-0.015270,-0.118116,-0.172411
12.797534,0.064209,-0.053561,0.307531,0.977831,-0.015002,-0.117843,-0.172438
12.807594,0.064434,-0.053801,0.307950,0.977883,-0.014661,-0.117389,-0.172482
12.817656,0.064516,-0.053843,0.308342,0.977916,-0.014638,-0.117392,-0.172295
12.827727,0.064765,-0.054027,0.308663,0.977990,-0.014794,-0.116871,-0.172217
12.837793,0.064945,-0.054184,0.309007,0.978022,-0.014527,-0.116598,-0.172244
12.847846,0.065100,-0.054255,0.309375,0.978104,-0.014369,-0.116452,-0.171885
12.857904,0.065275,-0.054300,0.310061,0.978203,-0.014302,-0.116460,-0.171325
12.867967,0.065482,-0.054426,0.310403,0.978302,-0.014031,-0.116162,-0.170981
12.878030,0.065545,-0.054399,0.311141,0.978222,-0.014306,-0.116548,-0.171153
12.888094,0.065752,-0.054465,0.311608,0.978264,-0.014051,-0.116486,-0.170975
12.898158,0.066045,-0.054585,0.312149,0.978321,-0.013643,-0.116301,-0.170810
12.908219,0.066289,-0.054688,0.312493,0.978367,-0.014209,-0.115924,-0.170757
12.918283,0.066440,-0.054657,0.313429,0.978247,-0.014157,-0.116455,-0.171087
12.928297,0.066580,-0.054626,0.314044,0.978217,-0.014069,-0.116753,-0.171063
12.938353,0.066875,-0.054601,0.314828,0.978303,-0.016058,-0.116489,-0.170577
12.948417,0.067108,-0.054652,0.315294,0.978343,-0.015763,-0.116454,-0.170397
12.958477,0.067498,-0.054734,0.315934,0.978356,-0.015179,-0.116405,-0.170409
12.968541,0.067742,-0.054722,0.316527,0.978266,-0.014820,-0.116684,-0.170765
12.978604,0.067837,-0.054627,0.317620,0.977785,-0.014693,-0.117838,-0.172726
12.988669,0.068182,-0.054609,0.318185,0.977814,-0.014194,-0.117940,-0.172538
12.998731,0.068695,-0.054742,0.318900,0.977695,-0.013307,-0.117910,-0.173299
13.008795,0.068939,-0.054747,0.319493,0.977533,-0.012907,-0.118233,-0.174024
13.018856,0.069210,-0.054564,0.320559,0.977190,-0.012482,-0.119292,-0.175250
13.028918,0.069424,-0.054548,0.321278,0.976861,-0.012067,-0.119896,-0.176698
13.039013,0.070085,-0.054736,0.321844,0.976658,-0.010792,-0.119687,-0.178037
13.049078,0.070528,-0.054747,0.322383,0.976627,-0.010070,-0.119716,-0.178231
13.059143,0.070778,-0.054631,0.323000,0.976472,-0.009662,-0.120239,-0.178752
13.069204,0.071237,-0.054508,0.324105,0.976263,-0.008981,-0.120943,-0.179449
13.079264,0.071687,-0.054514,0.324641,0.976232,-0.008258,-0.120959,-0.179644
13.089326,0.072476,-0.054671,0.325171,0.976186,-0.006892,-0.120503,-0.180258
13.099389,0.072720,-0.054481,0.325908,0.976082,-0.006571,-0.121152,-0.180395
13.109453,0.073405,-0.054412,0.326831,0.975993,-0.005499,-0.121376,-0.180762
13.119514,0.073952,-0.054426,0.327334,0.976051,-0.004682,-0.121186,-0.180602
13.129578,0.074724,-0.054384,0.328002,0.976222,-0.003577,-0.120901,-0.179893
13.139641,0.075279,-0.054334,0.328406,0.976350,-0.002763,-0.120675,-0.179362
13.149701,0.076118,-0.054270,0.329167,0.976478,-0.001567,-0.120443,-0.178836
13.159765,0.076627,-0.054178,0.329911,0.976526,-0.003908,-0.120012,-0.178828
13.169826,0.077551,-0.054164,0.330421,0.976692,-0.002538,-0.119432,-0.178329
13.179888,0.078178,-0.054098,0.330695,0.976873,-0.001627,-0.119016,-0.177626
13.189951,0.079046,-0.053990,0.331484,0.976946,-0.000485,-0.118957,-0.177270
13.200016,0.079696,-0.054027,0.331948,0.976912,0.000486,-0.118634,-0.177679
13.210075,0.080782,-0.054006,0.332477,0.977143,0.002058,-0.117692,-0.177022
13.220139,0.081403,-0.053948,0.332744,0.977288,0.002920,-0.117244,-0.176506
13.230203,0.082450,-0.053902,0.333246,0.977374,0.004349,-0.116674,-0.176378
13.240265,0.083220,-0.054001,0.333547,0.977336,0.005474,-0.115995,-0.177002
13.250293,0.084174,-0.053889,0.334161,0.977296,0.006849,-0.115628,-0.177416
13.260358,0.084958,-0.053889,0.334360,0.977435,0.007903,-0.114844,-0.177114
13.270541,0.086177,-0.053894,0.334749,0.977610,-0.008958,-0.110323,-0.178959
13.280605,0.086928,-0.053868,0.335068,0.977678,-0.007974,-0.109729,-0.179003
13.290667,0.087753,-0.053896,0.335135,0.977745,-0.006824,-0.108797,-0.179253
13.300730,0.088887,-0.053875,0.335580,0.977764,-0.005401,-0.107988,-0.179685
13.310789,0.089664,-0.053848,0.335875,0.977759,-0.004580,-0.107730,-0.179893
13.320852,0.091066,-0.053832,0.336066,0.978023,-0.003067,-0.106484,-0.179231
13.330916,0.091909,-0.053782,0.336191,0.978193,-0.002187,-0.105798,-0.178717
13.340981,0.093187,-0.053814,0.336406,0.978263,-0.000808,-0.104728,-0.178975
13.351040,0.094083,-0.053816,0.336565,0.978274,0.000050,-0.104260,-0.179195
13.361104,0.095438,-0.053801,0.336697,0.978361,0.001193,-0.103679,-0.179049
13.371168,0.096486,-0.053829,0.336633,0.978530,0.002034,-0.102961,-0.178535
13.381233,0.097758,-0.053803,0.336806,0.978553,0.002815,-0.103044,-0.178349
13.391296,0.098726,-0.053767,0.336841,0.978635,0.003462,-0.102861,-0.177990
13.401359,0.100108,-0.053771,0.336878,0.978675,0.004305,-0.102754,-0.177815
13.411423,0.101059,-0.053739,0.336941,0.978742,0.004846,-0.102728,-0.177446
13.421484,0.102526,-0.053726,0.336964,0.978888,0.005633,-0.102568,-0.176712
13.431547,0.103573,-0.053764,0.336854,0.978989,0.006257,-0.102163,-0.176365
13.441611,0.104947,-0.053743,0.336902,0.978978,0.007007,-0.102213,-0.176366
13.451664,0.105853,-0.053680,0.336857,0.979046,0.007505,-0.102161,-0.175998
13.461717,0.107327,-0.053691,0.336762,0.979158,0.008225,-0.101970,-0.175452
13.471768,0.108304,-0.053623,0.336743,0.979279,0.008629,-0.102066,-0.174701
13.481822,0.109660,-0.053654,0.336709,0.979256,0.009210,-0.102246,-0.174694
13.491884,0.110739,-0.053646,0.336515,0.979306,0.009776,-0.102013,-0.174523
13.501967,0.112114,-0.053604,0.336504,0.979300,0.010322,-0.102366,-0.174319
13.512032,0.112976,-0.053540,0.336544,0.979320,0.010582,-0.102822,-0.173921
13.522085,0.113993,-0.053536,0.336499,0.979408,0.010933,-0.102900,-0.173357
13.532140,0.115327,-0.053521,0.336543,0.979370,0.011310,-0.103590,-0.173133
13.542193,0.116255,-0.053484,0.336567,0.979321,0.011614,-0.104068,-0.173107
13.552247,0.117574,-0.053476,0.336635,0.979200,0.001376,-0.103095,-0.174749
13.562299,0.118426,-0.053375,0.336728,0.979152,0.001574,-0.103927,-0.174525
13.572361,0.119680,-0.053263,0.336862,0.979096,0.001816,-0.105156,-0.174095
13.582425,0.120548,-0.053318,0.336905,0.978965,0.002016,-0.105806,-0.174440
13.592485,0.121814,-0.053244,0.336898,0.978892,0.002304,-0.106851,-0.174206
13.602539,0.122554,-0.053164,0.337019,0.978790,0.002425,-0.107858,-0.174159
13.612592,0.123696,-0.053126,0.337081,0.978611,0.002600,-0.109272,-0.174281
13.622644,0.124554,-0.053046,0.337022,0.978681,0.002749,-0.109870,-0.173506
13.632696,0.125627,-0.052969,0.337060,0.978599,0.002738,-0.111604,-0.172864
13.642748,0.126302,-0.052911,0.337025,0.978542,0.002724,-0.112757,-0.172435
13.652800,0.127303,-0.052817,0.337004,0.978503,0.002608,-0.114648,-0.171411
13.662853,0.127924,-0.052709,0.336915,0.978489,0.002524,-0.115967,-0.170601
13.672914,0.128969,-0.052631,0.336626,0.978449,0.002531,-0.117500,-0.169780
13.682975,0.129505,-0.052566,0.336447,0.978297,0.002499,-0.118851,-0.169715
13.693036,0.130478,-0.052533,0.335993,0.978161,0.002645,-0.120046,-0.169657
13.703101,0.131018,-0.052454,0.335773,0.978060,0.002644,-0.121203,-0.169414
13.713162,0.131751,-0.052363,0.335357,0.977858,0.002640,-0.122944,-0.169329
13.723225,0.132344,-0.052300,0.334836,0.977819,0.002770,-0.123547,-0.169114
13.733291,0.133043,-0.052305,0.334319,0.977547,0.002734,-0.125290,-0.169401
13.743346,0.133523,-0.052270,0.333841,0.977554,0.002696,-0.126039,-0.168804
13.753467,0.134223,-0.052194,0.333032,0.977613,0.002608,-0.127147,-0.167629
13.763531,0.134558,-0.052098,0.332550,0.977573,0.002497,-0.128266,-0.167013
13.773592,0.134897,-0.052004,0.332031,0.977553,0.002426,-0.129200,-0.166406
13.783655,0.135464,-0.052056,0.331133,0.977311,0.002457,-0.130381,-0.166907
13.793720,0.135910,-0.052019,0.330303,0.977293,0.002550,-0.130780,-0.166701
13.803784,0.136388,-0.051985,0.329162,0.977261,0.002546,-0.131539,-0.166290
13.813843,0.136708,-0.051948,0.328507,0.977197,0.002519,-0.132299,-0.166065
13.823905,0.137139,-0.051963,0.327399,0.976915,-0.017833,-0.129775,-0.168751
13.833967,0.137413,-0.052008,0.326361,0.976923,-0.017845,-0.129964,-0.168559
13.844028,0.137708,-0.052060,0.325012,0.976882,-0.017930,-0.130523,-0.168356
13.854092,0.137802,-0.052036,0.324201,0.976816,-0.018051,-0.131269,-0.168146
13.864153,0.138160,-0.052103,0.322383,0.976930,-0.017977,-0.130895,-0.167785
13.874216,0.138252,-0.052138,0.321403,0.976880,-0.018050,-0.131266,-0.167774
13.884280,0.138342,-0.052172,0.319826,0.976856,-0.018087,-0.131452,-0.167768
13.894341,0.138469,-0.052221,0.318605,0.976905,-0.018014,-0.131081,-0.167780
13.904402,0.138508,-0.052236,0.316871,0.976930,-0.017977,-0.130895,-0.167785
13.914466,0.138536,-0.052246,0.315830,0.976930,-0.017977,-0.130895,-0.167785
13.924526,0.138560,-0.052316,0.314022,0.976971,-0.017893,-0.130335,-0.167989
13.934590,0.138553,-0.052313,0.312789,0.977044,-0.017783,-0.129779,-0.168006
13.944646,0.138462,-0.052279,0.311006,0.976995,-0.023451,-0.128226,-0.168784
13.954710,0.138335,-0.052230,0.309702,0.977069,-0.023342,-0.127669,-0.168797
13.964777,0.138044,-0.052179,0.307860,0.977109,-0.023257,-0.127108,-0.168997
13.974842,0.137894,-0.052182,0.306615,0.977174,-0.023136,-0.126361,-0.169202
13.984904,0.137777,-0.052137,0.305237,0.977294,-0.022953,-0.125433,-0.169224
13.994966,0.137285,-0.052069,0.303428,0.977301,-0.022892,-0.124868,-0.169610
14.005026,0.137012,-0.052075,0.302073,0.977391,-0.022594,-0.123958,-0.169795
14.015087,0.136470,-0.052045,0.300165,0.977435,-0.022444,-0.122831,-0.170381
14.025152,0.135958,-0.052146,0.298879,0.977365,-0.022414,-0.122067,-0.171331
14.035214,0.135066,-0.052205,0.296868,0.977284,-0.022414,-0.121104,-0.172472
14.045276,0.134543,-0.052159,0.295624,0.977321,-0.022417,-0.120525,-0.172671
14.055340,0.133673,-0.052004,0.293651,0.977446,-0.022472,-0.119741,-0.172502
14.065403,0.132935,-0.051977,0.292542,0.977380,-0.022655,-0.119704,-0.172875
14.075468,0.131919,-0.051876,0.290651,0.977402,-0.022456,-0.119348,-0.173025
14.085531,0.131050,-0.051713,0.289540,0.977390,-0.022737,-0.119676,-0.172830
14.095589,0.129733,-0.051710,0.287915,0.977345,-0.023316,-0.119941,-0.172821
14.105653,0.128807,-0.051591,0.286800,0.977399,-0.023738,-0.120237,-0.172253
14.115715,0.127373,-0.051493,0.285278,0.977453,-0.024391,-0.120480,-0.171685
14.125777,0.126311,-0.051427,0.284394,0.977384,-0.024882,-0.120953,-0.171672
14.135839,0.124694,-0.051352,0.283077,0.977360,-0.021963,-0.122394,-0.171184
14.145899,0.123529,-0.051297,0.282286,0.977359,-0.022601,-0.122826,-0.170796
14.155960,0.121767,-0.051182,0.281190,0.977355,-0.023656,-0.123738,-0.170020
14.166022,0.120482,-0.051097,0.280690,0.977282,-0.024489,-0.124702,-0.169617
14.176084,0.118642,-0.051019,0.279596,0.977257,-0.025523,-0.125222,-0.169224
14.186148,0.117386,-0.050972,0.279059,0.977221,-0.026257,-0.125619,-0.169023
14.196208,0.116140,-0.050899,0.278609,0.977250,-0.027042,-0.125997,-0.168449
14.206269,0.114248,-0.050857,0.277816,0.977281,-0.028215,-0.126267,-0.167876
14.216292,0.112979,-0.050900,0.277365,0.977261,-0.028982,-0.126252,-0.167872
14.226344,0.111130,-0.050861,0.276522,0.977396,-0.030079,-0.125937,-0.167128
14.236396,0.109786,-0.050801,0.276183,0.977449,-0.030971,-0.126068,-0.166560
14.246448,0.107725,-0.050717,0.275796,0.977543,-0.032399,-0.126226,-0.165614
14.256511,0.106322,-0.050628,0.275561,0.977570,-0.033403,-0.126505,-0.165041
14.266574,0.104264,-0.050530,0.275225,0.977630,-0.034868,-0.126629,-0.164281
14.276639,0.102914,-0.050593,0.274982,0.977548,-0.035790,-0.126528,-0.164651
14.286698,0.100908,-0.050553,0.274793,0.977545,-0.037313,-0.126610,-0.164265
14.296762,0.099570,-0.050485,0.274747,0.977596,-0.038372,-0.126638,-0.163697
14.306826,0.097647,-0.050480,0.274603,0.977604,-0.039711,-0.126159,-0.163700
14.316886,0.096258,-0.050463,0.274626,0.977497,-0.040750,-0.126181,-0.164064
14.326947,0.094391,-0.050524,0.274507,0.977436,-0.042041,-0.125494,-0.164632
14.337009,0.093120,-0.050516,0.274437,0.977410,-0.042966,-0.125135,-0.164820
14.347072,0.091333,-0.050535,0.274419,0.977386,-0.044360,-0.124579,-0.165010
14.357136,0.090142,-0.050622,0.274433,0.977297,-0.045325,-0.124186,-0.165571
14.367197,0.088411,-0.050711,0.274394,0.977178,-0.046732,-0.123596,-0.166320
14.377260,0.087215,-0.050737,0.274459,0.977071,-0.047865,-0.123520,-0.166685
14.387297,0.085708,-0.050921,0.274178,0.977115,-0.049044,-0.122168,-0.167083
14.397361,0.084683,-0.050997,0.274099,0.977170,-0.049900,-0.121360,-0.167096
14.407471,0.083197,-0.051151,0.274063,0.977228,-0.051293,-0.120286,-0.167111
14.417535,0.082297,-0.051321,0.273919,0.977299,-0.051981,-0.119113,-0.167322
14.427601,0.081508,-0.051504,0.273748,0.977458,-0.052569,-0.117765,-0.167164
14.437665,0.080198,-0.051746,0.273610,0.977587,-0.053687,-0.116135,-0.167195
14.447725,0.079364,-0.051899,0.273557,0.977720,-0.054362,-0.114927,-0.167033
14.457789,0.078147,-0.052120,0.273611,0.977879,-0.055402,-0.113293,-0.166877
14.467853,0.077411,-0.052331,0.273630,0.978002,-0.055924,-0.111925,-0.166906
14.477918,0.076352,-0.052671,0.273791,0.978132,-0.056561,-0.109828,-0.167324
14.487979,0.075642,-0.052856,0.273905,0.978220,-0.056974,-0.108496,-0.167538
14.498043,0.074696,-0.053211,0.274178,0.978280,-0.057420,-0.106476,-0.168329
14.508106,0.074131,-0.053477,0.274378,0.978354,-0.057630,-0.105023,-0.168734
14.518172,0.073310,-0.053848,0.274898,0.978387,-0.058035,-0.103220,-0.169519
14.528234,0.072829,-0.054154,0.275115,0.978425,-0.058145,-0.101811,-0.170111
14.538298,0.072090,-0.054500,0.275911,0.978442,-0.058645,-0.100368,-0.170699
14.548362,0.071659,-0.054773,0.276362,0.978455,-0.058748,-0.099173,-0.171285
14.558423,0.071017,-0.055173,0.277142,0.978358,-0.058955,-0.097678,-0.172623
14.568485,0.070620,-0.055375,0.277666,0.978292,-0.059115,-0.096890,-0.173386
14.578546,0.070015,-0.055574,0.278866,0.978239,-0.059612,-0.096095,-0.173958
14.588609,0.069683,-0.055775,0.279361,0.978259,-0.059649,-0.095150,-0.174352
14.598670,0.069117,-0.055917,0.280598,0.978116,-0.060096,-0.094611,-0.175291
14.608734,0.068725,-0.056073,0.281516,0.977882,-0.060436,-0.094379,-0.176598
14.618787,0.068290,-0.056218,0.282640,0.977688,-0.060590,-0.093813,-0.177914
14.628849,0.068047,-0.056246,0.283469,0.977621,-0.060802,-0.093663,-0.178288
14.638912,0.067715,-0.056250,0.284548,0.977410,-0.061220,-0.093835,-0.179211
14.648974,0.067378,-0.056247,0.286065,0.977219,-0.061527,-0.093853,-0.180139
14.659036,0.067209,-0.056262,0.287093,0.977081,-0.061598,-0.093806,-0.180884
14.669100,0.067038,-0.056275,0.288729,0.976922,-0.061781,-0.093912,-0.181625
14.679163,0.066914,-0.056240,0.289925,0.976811,-0.062041,-0.094195,-0.181988
14.689225,0.066747,-0.056063,0.291742,0.976727,-0.062488,-0.094807,-0.181968
14.699289,0.066804,-0.056123,0.292860,0.976748,-0.062376,-0.094654,-0.181973
14.709354,0.066895,-0.056076,0.294707,0.976830,-0.062434,-0.094843,-0.181409
14.719417,0.066821,-0.055901,0.296058,0.976815,-0.062844,-0.095479,-0.181016
14.729479,0.066881,-0.055676,0.297988,0.976936,-0.063180,-0.096164,-0.179878
14.739542,0.067061,-0.055626,0.299235,0.977107,-0.063089,-0.096224,-0.178946
14.749602,0.067175,-0.055530,0.301334,0.977145,-0.063294,-0.096773,-0.178372
14.759666,0.067293,-0.055461,0.302643,0.977135,-0.063351,-0.097198,-0.178175
14.769729,0.067638,-0.055472,0.304646,0.977261,-0.063369,-0.097645,-0.177233
14.779792,0.067838,-0.055403,0.305998,0.977262,-0.063478,-0.098264,-0.176844
14.789857,0.068274,-0.055466,0.308014,0.977182,-0.063270,-0.098877,-0.177019
14.799921,0.068631,-0.055468,0.309316,0.977158,-0.063005,-0.099295,-0.177012
14.809984,0.069142,-0.055464,0.311237,0.976940,-0.062527,-0.100096,-0.177930
14.820048,0.069631,-0.055458,0.312515,0.976903,-0.061978,-0.100474,-0.178114
14.830170,0.070225,-0.055392,0.314434,0.976648,-0.061316,-0.101387,-0.179218
14.840234,0.070787,-0.055408,0.315588,0.976529,-0.060522,-0.101692,-0.179965
14.850317,0.071435,-0.055281,0.317411,0.976132,-0.059612,-0.102750,-0.181812
14.860382,0.072035,-0.055352,0.318439,0.975927,-0.058653,-0.102922,-0.183122
14.870445,0.072500,-0.055196,0.319765,0.975702,-0.058056,-0.103751,-0.184039
14.880510,0.073401,-0.055087,0.321402,0.975505,-0.056741,-0.104344,-0.185156
14.890575,0.074081,-0.055074,0.322423,0.975366,-0.055699,-0.104534,-0.186093
14.900631,0.075049,-0.054980,0.323930,0.975116,-0.054204,-0.104982,-0.187587
14.910686,0.075761,-0.054938,0.324945,0.974975,-0.053125,-0.105170,-0.188524
14.920741,0.076824,-0.054845,0.326450,0.974757,-0.051609,-0.105591,-0.189831
14.930798,0.077690,-0.054893,0.327182,0.974978,-0.044889,-0.106294,-0.190013
14.940860,0.078875,-0.054804,0.328391,0.974996,-0.043214,-0.106116,-0.190409
14.950922,0.079685,-0.054695,0.329302,0.975028,-0.042206,-0.106212,-0.190416
14.960985,0.080943,-0.054635,0.330322,0.975119,-0.040628,-0.105950,-0.190441
14.971049,0.081870,-0.054601,0.330852,0.975286,-0.039455,-0.105469,-0.190096
14.981111,0.083116,-0.054465,0.332020,0.975408,-0.038102,-0.105488,-0.189736
14.991174,0.084103,-0.054421,0.332416,0.975668,-0.036906,-0.104787,-0.189025
15.001238,0.085480,-0.054328,0.333198,0.975994,-0.035448,-0.104195,-0.187941
15.011296,0.086449,-0.054263,0.333693,0.976227,-0.034569,-0.103958,-0.187025
15.021357,0.087847,-0.054104,0.334533,0.976618,-0.033345,-0.103651,-0.185369
15.031419,0.088885,-0.054080,0.334805,0.976904,-0.032459,-0.103196,-0.184273
15.041482,0.090305,-0.053958,0.335363,0.977183,-0.031233,-0.102881,-0.183174
15.051547,0.091377,-0.053943,0.335756,0.977375,-0.030398,-0.102605,-0.182444
15.061601,0.092800,-0.053793,0.336337,0.977703,-0.029335,-0.102407,-0.180966
15.071664,0.093945,-0.053818,0.336467,0.977967,-0.028426,-0.101738,-0.180060
15.081725,0.094865,-0.053649,0.336821,0.978152,-0.027765,-0.101784,-0.179131
15.091786,0.096498,-0.053681,0.337047,0.978376,-0.026585,-0.101214,-0.178410
15.101848,0.097350,-0.053600,0.337248,0.978403,-0.026036,-0.101420,-0.178221
15.111908,0.098950,-0.053587,0.337404,0.978538,-0.024901,-0.101027,-0.177867
15.121971,0.099852,-0.053569,0.337598,0.978498,-0.024353,-0.101228,-0.178051
15.132030,0.101310,-0.053449,0.337810,0.978663,-0.023430,-0.101144,-0.177313
15.142092,0.102337,-0.053447,0.337833,0.979026,-0.002461,-0.104608,-0.174812
15.152151,0.103714,-0.053445,0.337851,0.979038,-0.001621,-0.104494,-0.174823
15.162204,0.104786,-0.053452,0.337700,0.979126,-0.000870,-0.103938,-0.174669
15.172254,0.106162,-0.053424,0.337742,0.979086,-0.000081,-0.104003,-0.174857
15.182306,0.107121,-0.053438,0.337655,0.979106,0.000485,-0.103786,-0.174871
15.192365,0.108516,-0.053451,0.337519,0.979172,0.001274,-0.103431,-0.174706
15.202426,0.109438,-0.053509,0.337459,0.979178,0.001703,-0.103365,-0.174712
15.212487,0.110822,-0.053497,0.337383,0.979174,0.002392,-0.103375,-0.174715
15.222549,0.111670,-0.053509,0.337354,0.979128,0.002782,-0.103498,-0.174898
15.232611,0.112960,-0.053479,0.337305,0.979213,0.003289,-0.103627,-0.174333
15.242671,0.113820,-0.053451,0.337268,0.979270,0.003628,-0.103712,-0.173957
15.252730,0.114985,-0.053462,0.337285,0.979185,0.004028,-0.104226,-0.174120
15.262788,0.115917,-0.053474,0.337201,0.979190,0.004455,-0.104148,-0.174126
15.272851,0.117088,-0.053458,0.337207,0.979078,-0.011965,-0.101643,-0.175874
15.282915,0.117738,-0.053474,0.337240,0.978969,-0.011763,-0.102097,-0.176233
15.292977,0.118921,-0.053397,0.337273,0.979076,-0.011508,-0.102738,-0.175279
15.303040,0.119592,-0.053338,0.337336,0.979049,-0.011365,-0.103361,-0.175073
15.313103,0.120640,-0.053367,0.337367,0.978987,-0.011123,-0.104011,-0.175052
15.323160,0.121387,-0.053434,0.337216,0.978983,-0.010891,-0.104070,-0.175051
15.333213,0.121987,-0.053319,0.337316,0.978886,-0.016780,-0.103801,-0.175288
15.343277,0.122916,-0.053266,0.337292,0.978838,-0.016592,-0.104628,-0.175080
15.353340,0.123506,-0.053186,0.337351,0.978845,-0.016491,-0.105235,-0.174690
15.363403,0.124419,-0.053217,0.337228,0.978763,-0.016353,-0.106049,-0.174668
15.373465,0.124924,-0.053093,0.337364,0.978728,-0.016335,-0.107025,-0.174268
15.383527,0.125712,-0.052974,0.337323,0.978739,-0.016315,-0.108192,-0.173489
15.393581,0.126216,-0.052918,0.337326,0.978790,-0.016366,-0.108952,-0.172721
15.403636,0.126984,-0.052906,0.337150,0.978885,-0.016458,-0.109894,-0.171574
15.413702,0.127406,-0.052800,0.337230,0.978924,-0.016612,-0.111017,-0.170608
15.423768,0.128128,-0.052744,0.336965,0.978916,-0.016595,-0.111988,-0.170021
15.433837,0.128576,-0.052665,0.336877,0.978928,-0.016617,-0.112755,-0.169439
15.443898,0.129152,-0.052513,0.336700,0.978810,-0.016592,-0.114120,-0.169213
15.453962,0.129592,-0.052524,0.336480,0.978679,-0.016503,-0.114726,-0.169570
15.464023,0.130136,-0.052498,0.336190,0.978623,-0.016473,-0.115507,-0.169361
15.474087,0.130507,-0.052468,0.335977,0.978524,-0.016401,-0.116107,-0.169531
15.484146,0.131017,-0.052444,0.335817,0.978216,-0.016211,-0.117128,-0.170622
15.494209,0.131384,-0.052438,0.335566,0.978039,-0.016028,-0.117562,-0.171356
15.504270,0.131802,-0.052354,0.335199,0.977815,-0.015832,-0.118386,-0.172079
15.514333,0.132182,-0.052380,0.334816,0.977726,-0.015693,-0.118612,-0.172446
15.524385,0.132719,-0.052401,0.334388,0.977658,-0.015631,-0.119205,-0.172428
15.534449,0.132957,-0.052320,0.334097,0.977689,-0.015679,-0.119770,-0.171852
15.544513,0.133206,-0.052360,0.333889,0.977655,-0.015772,-0.120329,-0.171648
15.554574,0.133642,-0.052357,0.333218,0.977730,-0.015742,-0.120524,-0.171083
15.564637,0.133937,-0.052366,0.332842,0.977740,-0.015712,-0.120721,-0.170891
15.574699,0.134216,-0.052358,0.332515,0.977664,-0.017536,-0.121361,-0.170698
15.584763,0.134436,-0.052327,0.332186,0.977683,-0.017566,-0.121739,-0.170314
15.594827,0.134730,-0.052206,0.331607,0.977744,-0.017588,-0.122308,-0.169552
15.604891,0.134888,-0.052100,0.331324,0.977739,-0.017609,-0.122881,-0.169162
15.614951,0.135271,-0.052101,0.330840,0.977715,-0.017507,-0.123095,-0.169157
15.625016,0.135516,-0.052106,0.330305,0.977705,-0.017354,-0.122934,-0.169349
15.635079,0.135859,-0.052109,0.329605,0.977639,-0.017168,-0.122974,-0.169721
15.645141,0.136153,-0.052173,0.329058,0.977552,-0.022492,-0.121857,-0.170403
15.655203,0.136483,-0.052191,0.328356,0.977584,-0.022423,-0.121870,-0.170217
15.665267,0.136623,-0.052195,0.327904,0.977561,-0.022413,-0.122065,-0.170212
15.675291,0.136925,-0.052271,0.327201,0.977528,-0.022344,-0.122079,-0.170399
15.685354,0.137225,-0.052346,0.326580,0.977565,-0.022164,-0.121537,-0.170598
15.695415,0.137463,-0.052438,0.325756,0.977588,-0.022127,-0.121351,-0.170603
15.705480,0.137535,-0.052405,0.325316,0.977598,-0.022141,-0.121541,-0.170412
15.715532,0.137776,-0.052438,0.324587,0.977653,-0.022081,-0.121359,-0.170230
15.725587,0.137927,-0.052436,0.324061,0.977709,-0.022021,-0.121178,-0.170048
15.735681,0.138201,-0.052420,0.323259,0.977843,-0.021865,-0.120629,-0.169688
15.745745,0.138377,-0.052427,0.322566,0.977944,-0.021733,-0.120076,-0.169514
15.755920,0.138561,-0.052447,0.321716,0.977990,-0.021614,-0.119713,-0.169523
15.765974,0.138706,-0.052442,0.321190,0.978045,-0.021555,-0.119532,-0.169341
15.776028,0.138831,-0.052429,0.320794,0.978077,-0.021532,-0.119536,-0.169154
15.786092,0.139009,-0.052497,0.319872,0.978168,-0.021387,-0.118792,-0.169171
15.796148,0.139158,-0.052493,0.319309,0.978245,-0.021292,-0.118425,-0.168993
15.806204,0.139322,-0.052555,0.318481,0.978335,-0.021146,-0.117682,-0.169010
15.816260,0.139439,-0.052600,0.318013,0.978380,-0.021074,-0.117310,-0.169018
15.826315,0.139565,-0.052648,0.317390,0.978402,-0.021037,-0.117124,-0.169023
15.836368,0.139663,-0.052685,0.317053,0.978424,-0.021001,-0.116938,-0.169027
15.846425,0.139802,-0.052738,0.316357,0.978491,-0.020892,-0.116380,-0.169039
15.856487,0.139862,-0.052761,0.315806,0.978535,-0.020819,-0.116009,-0.169048
15.866551,0.139957,-0.052797,0.315409,0.978535,-0.020819,-0.116009,-0.169048
15.876615,0.139998,-0.052813,0.314990,0.978557,-0.020783,-0.115823,-0.169052
15.886678,0.140039,-0.052829,0.314511,0.978557,-0.020783,-0.115823,-0.169052
15.896741,0.140107,-0.052793,0.314055,0.978634,-0.020688,-0.115455,-0.168874
15.906806,0.140154,-0.052811,0.313599,0.978678,-0.020616,-0.115083,-0.168882
15.916860,0.140256,-0.052850,0.313286,0.978743,-0.020507,-0.114525,-0.168894
15.926925,0.140298,-0.052927,0.312757,0.978798,-0.020383,-0.113778,-0.169097
15.936988,0.140313,-0.052933,0.312625,0.978819,-0.020347,-0.113592,-0.169101
15.947049,0.140379,-0.052897,0.312229,0.978916,-0.020216,-0.113038,-0.168927
15.957111,0.140425,-0.052914,0.311832,0.978981,-0.020107,-0.112480,-0.168939
15.967220,0.140485,-0.052937,0.311304,0.979066,-0.019962,-0.111736,-0.168955
15.977274,0.140530,-0.052954,0.310907,0.979130,-0.019853,-0.111178,-0.168967
15.987328,0.140483,-0.052936,0.310729,0.979130,-0.019853,-0.111178,-0.168967
15.997382,0.140512,-0.052948,0.310465,0.979172,-0.019780,-0.110806,-0.168975
