t,q1,q2,q3,q4,q5,q6
0.000000,-0.335889,0.610170,-0.400359,-0.388914,-0.001717,-0.002480
0.010064,-0.335889,0.610170,-0.400359,-0.388914,-0.001717,-0.002480
0.020128,-0.335889,0.610170,-0.400359,-0.388914,-0.001717,-0.002480
0.030194,-0.335889,0.610170,-0.400359,-0.388914,-0.001717,-0.002480
0.040254,-0.335889,0.610170,-0.400359,-0.388914,-0.001717,-0.002480
0.050303,-0.335889,0.610170,-0.400359,-0.388914,-0.001717,-0.002480
0.060358,-0.335889,0.610170,-0.400359,-0.388914,-0.001717,-0.002480
0.070410,-0.335889,0.610170,-0.400359,-0.388914,-0.001717,-0.002480
0.080463,-0.335889,0.610170,-0.400359,-0.388914,-0.001717,-0.002480
0.090517,-0.335889,0.610170,-0.400359,-0.388914,-0.001717,-0.002480
0.100578,-0.335889,0.610170,-0.400359,-0.388914,-0.001717,-0.002480
0.110630,-0.335889,0.610170,-0.400359,-0.388914,-0.001717,-0.002480
0.120682,-0.335889,0.610170,-0.400359,-0.388914,-0.001717,-0.002480
0.130734,-0.335889,0.610170,-0.400359,-0.388914,-0.001717,-0.002480
0.140785,-0.335889,0.610170,-0.400359,-0.388914,-0.001717,-0.002480
0.150838,-0.335889,0.610170,-0.400359,-0.388914,-0.001717,-0.002480
0.160891,-0.335889,0.610170,-0.400359,-0.388914,-0.001717,-0.002480
0.170950,-0.335889,0.610170,-0.400359,-0.388914,-0.001717,-0.002480
0.181009,-0.335889,0.610170,-0.400359,-0.388914,-0.001717,-0.002480
0.191065,-0.335889,0.610170,-0.400359,-0.388914,-0.001717,-0.002480
0.201127,-0.335889,0.610170,-0.400359,-0.388914,-0.001717,-0.002480
0.211191,-0.335889,0.610170,-0.400359,-0.388914,-0.001717,-0.002480
0.221254,-0.335889,0.610170,-0.400359,-0.388914,-0.001717,-0.002480
0.231307,-0.335889,0.610170,-0.400359,-0.388914,-0.001717,-0.002480
0.241361,-0.335889,0.610170,-0.400359,-0.388914,-0.001717,-0.002480
0.251413,-0.335889,0.610170,-0.400359,-0.388914,-0.001717,-0.002480
0.261465,-0.335889,0.610170,-0.400359,-0.388914,-0.001717,-0.002480
0.271518,-0.335889,0.610170,-0.400359,-0.388914,-0.001717,-0.002480
0.281573,-0.335889,0.610170,-0.400359,-0.388914,-0.001717,-0.002480
0.291633,-0.335889,0.610170,-0.400359,-0.388914,-0.001717,-0.002480
0.301695,-0.335889,0.610170,-0.400359,-0.388914,-0.001717,-0.002480
0.311748,-0.335889,0.610170,-0.400359,-0.388914,-0.001717,-0.002480
0.321802,-0.335889,0.610170,-0.400359,-0.388914,-0.001717,-0.002480
0.331854,-0.335889,0.610170,-0.400359,-0.388914,-0.001717,-0.002480
0.341906,-0.335889,0.610170,-0.400359,-0.388914,-0.001717,-0.002480
0.351958,-0.335889,0.610170,-0.400359,-0.388914,-0.001717,-0.002480
0.362010,-0.335889,0.610170,-0.400359,-0.388914,-0.001717,-0.002480
0.372062,-0.335889,0.610170,-0.400359,-0.388914,-0.001717,-0.002480
0.382115,-0.335889,0.610170,-0.400359,-0.388914,-0.001717,-0.002480
0.392298,-0.335889,0.610170,-0.400359,-0.388914,-0.001717,-0.002480
0.402365,-0.335889,0.610170,-0.400359,-0.388914,-0.001717,-0.002480
0.412429,-0.335889,0.610170,-0.400359,-0.388914,-0.001717,-0.002480
0.422495,-0.335889,0.610170,-0.400359,-0.388914,-0.001717,-0.002480
0.432550,-0.335889,0.610170,-0.400359,-0.388914,-0.001717,-0.002480
0.442612,-0.335889,0.610170,-0.400359,-0.388914,-0.001717,-0.002480
0.452676,-0.335889,0.610170,-0.400359,-0.388914,-0.001717,-0.002480
0.462708,-0.335889,0.610170,-0.400359,-0.388914,-0.001717,-0.002480
0.472769,-0.335889,0.610170,-0.400359,-0.388914,-0.001717,-0.002480
0.482832,-0.335889,0.610170,-0.400359,-0.388914,-0.001717,-0.002480
0.492884,-0.335889,0.610170,-0.400359,-0.388914,-0.001717,-0.002480
0.502936,-0.335889,0.610170,-0.400359,-0.388914,-0.001717,-0.002480
0.512999,-0.335889,0.610170,-0.400359,-0.388914,-0.001717,-0.002480
0.523060,-0.335889,0.610170,-0.400359,-0.388914,-0.001717,-0.002480
0.533112,-0.335889,0.610170,-0.400359,-0.388914,-0.001717,-0.002480
0.543164,-0.335889,0.610170,-0.400359,-0.388914,-0.001717,-0.002480
0.553217,-0.335889,0.610170,-0.400359,-0.388914,-0.001717,-0.002480
0.563269,-0.335889,0.610170,-0.400359,-0.388914,-0.001717,-0.002480
0.573296,-0.335889,0.610170,-0.400359,-0.388914,-0.001717,-0.002480
0.583349,-0.335889,0.610170,-0.400359,-0.388914,-0.001717,-0.002480
0.593401,-0.335889,0.610170,-0.400359,-0.388914,-0.001717,-0.002480
0.603453,-0.335889,0.610170,-0.400359,-0.388914,-0.001717,-0.002480
0.613505,-0.335889,0.610170,-0.400359,-0.388914,-0.001717,-0.002480
0.623557,-0.335889,0.610170,-0.400359,-0.388914,-0.001717,-0.002480
0.633611,-0.335889,0.610170,-0.400359,-0.388914,-0.001717,-0.002480
0.643665,-0.335889,0.610170,-0.400359,-0.388914,-0.001717,-0.002480
0.653728,-0.335889,0.610170,-0.400359,-0.388914,-0.001717,-0.002480
0.663787,-0.335889,0.610170,-0.400359,-0.388914,-0.001717,-0.002480
0.673850,-0.335889,0.610170,-0.400359,-0.388914,-0.001717,-0.002480
0.683913,-0.335889,0.610170,-0.400359,-0.388914,-0.001717,-0.002480
0.693966,-0.335889,0.610170,-0.400359,-0.388914,-0.001717,-0.002480
0.704018,-0.335889,0.610170,-0.400359,-0.388914,-0.001717,-0.002480
0.714069,-0.335889,0.610170,-0.400359,-0.388914,-0.001717,-0.002480
0.724122,-0.335889,0.610170,-0.400359,-0.388914,-0.001717,-0.002480
0.734174,-0.335889,0.610170,-0.400359,-0.388914,-0.001717,-0.002480
0.744237,-0.335889,0.610170,-0.400359,-0.388914,-0.001717,-0.002480
0.754293,-0.335889,0.610170,-0.400359,-0.388914,-0.001717,-0.002480
0.764357,-0.335889,0.610170,-0.400359,-0.388914,-0.001717,-0.002480
0.774418,-0.335889,0.610170,-0.400359,-0.388914,-0.001717,-0.002480
0.784482,-0.335889,0.610170,-0.400359,-0.388914,-0.001717,-0.002480
0.794542,-0.335889,0.610170,-0.400359,-0.388914,-0.001717,-0.002480
0.804605,-0.335889,0.610170,-0.400359,-0.388914,-0.001717,-0.002480
0.814667,-0.335889,0.610170,-0.400359,-0.388914,-0.001717,-0.002480
0.824730,-0.335889,0.610170,-0.400359,-0.388914,-0.001717,-0.002480
0.834791,-0.335889,0.610170,-0.400359,-0.388914,-0.001717,-0.002480
0.844855,-0.335889,0.610170,-0.400359,-0.388914,-0.001717,-0.002480
0.854954,-0.335889,0.610170,-0.400359,-0.388914,-0.001717,-0.002480
0.865019,-0.335889,0.610170,-0.400359,-0.388914,-0.001717,-0.002480
0.875083,-0.335889,0.610170,-0.400359,-0.388914,-0.001717,-0.002480
0.885147,-0.335889,0.610170,-0.400359,-0.388914,-0.001717,-0.002480
0.895213,-0.335889,0.610170,-0.400359,-0.388914,-0.001717,-0.002480
0.905277,-0.335889,0.610170,-0.400359,-0.388914,-0.001717,-0.002480
0.915301,-0.335889,0.610170,-0.400359,-0.388914,-0.001717,-0.002480
0.925367,-0.335889,0.610170,-0.400359,-0.388914,-0.001717,-0.002480
0.935428,-0.335889,0.610170,-0.400359,-0.388914,-0.001717,-0.002480
0.945491,-0.335889,0.610170,-0.400740,-0.388914,-0.001717,-0.002480
0.955553,-0.335889,0.610170,-0.400740,-0.388914,-0.001717,-0.002480
0.965619,-0.335889,0.610170,-0.401122,-0.388914,-0.001717,-0.002480
0.975685,-0.335889,0.610170,-0.401503,-0.388914,-0.001717,-0.002480
0.985752,-0.335889,0.610170,-0.402266,-0.388914,-0.001717,-0.002480
0.995818,-0.335889,0.610552,-0.403029,-0.388914,-0.001717,-0.002480
1.005882,-0.335889,0.610552,-0.403792,-0.388914,-0.001717,-0.002480
1.015949,-0.335889,0.610552,-0.404555,-0.388914,-0.001717,-0.002480
1.026012,-0.335889,0.610552,-0.405699,-0.388914,-0.001717,-0.002480
1.036076,-0.335889,0.610552,-0.406462,-0.388914,-0.001717,-0.002480
1.046140,-0.335889,0.610552,-0.407988,-0.388914,-0.001717,-0.002480
1.056203,-0.335889,0.610552,-0.409133,-0.388914,-0.001717,-0.002480
1.066256,-0.335889,0.610552,-0.410658,-0.388914,-0.001717,-0.002480
1.076321,-0.336271,0.610552,-0.411803,-0.388914,-0.001717,-0.002480
1.086383,-0.336271,0.610552,-0.412566,-0.388914,-0.001717,-0.002480
1.096451,-0.336271,0.610552,-0.414092,-0.388914,-0.001717,-0.002480
1.106516,-0.336271,0.610170,-0.415236,-0.388914,-0.001717,-0.002480
1.116581,-0.336271,0.610170,-0.416381,-0.388914,-0.001717,-0.002480
1.126642,-0.336271,0.610170,-0.417525,-0.388914,-0.001717,-0.002480
1.136709,-0.336271,0.610170,-0.419051,-0.388914,-0.001717,-0.002480
1.146776,-0.336271,0.610170,-0.420195,-0.388914,-0.001717,-0.002480
1.156841,-0.336652,0.610552,-0.421721,-0.388914,-0.001717,-0.002480
1.166908,-0.336652,0.610552,-0.422103,-0.388914,-0.001717,-0.002480
1.176974,-0.336652,0.610170,-0.423247,-0.388914,-0.001717,-0.002480
1.187041,-0.337034,0.610170,-0.424010,-0.388914,-0.001717,-0.002480
1.197106,-0.337034,0.610170,-0.425536,-0.388914,-0.001717,-0.002480
1.207168,-0.337034,0.610170,-0.425917,-0.388914,-0.001717,-0.002480
1.217229,-0.337034,0.610170,-0.427443,-0.388533,-0.001717,-0.002480
1.227295,-0.337034,0.610170,-0.428206,-0.388533,-0.001717,-0.002480
1.237356,-0.337034,0.610170,-0.428969,-0.388533,-0.001717,-0.002480
1.247418,-0.337034,0.610170,-0.429351,-0.388533,-0.001717,-0.002480
1.257478,-0.337415,0.610170,-0.430114,-0.388533,-0.001717,-0.002480
1.267531,-0.337415,0.610170,-0.430877,-0.388533,-0.001717,-0.002480
1.277584,-0.337415,0.610170,-0.431640,-0.388533,-0.001717,-0.002480
1.287638,-0.337415,0.610170,-0.432403,-0.388533,-0.001717,-0.002480
1.297694,-0.337797,0.610170,-0.433547,-0.388533,-0.001717,-0.002480
1.307748,-0.338178,0.610170,-0.434310,-0.388533,-0.001717,-0.002480
1.317801,-0.338178,0.610170,-0.435073,-0.388533,-0.001717,-0.002480
1.327854,-0.338178,0.610170,-0.435836,-0.388533,-0.001717,-0.002480
1.337918,-0.338560,0.610170,-0.436217,-0.388533,-0.001717,-0.002480
1.347981,-0.338560,0.610170,-0.436980,-0.388533,-0.001717,-0.002480
1.358043,-0.338560,0.610170,-0.437362,-0.388533,-0.001717,-0.002480
1.368105,-0.338560,0.610170,-0.437743,-0.388533,-0.001717,-0.002480
1.378169,-0.338560,0.610170,-0.438125,-0.388533,-0.001717,-0.002480
1.388234,-0.338560,0.610170,-0.438888,-0.388533,-0.001717,-0.002480
1.398298,-0.338941,0.610170,-0.439651,-0.388533,-0.001717,-0.002480
1.408353,-0.338941,0.610170,-0.440414,-0.388151,-0.001717,-0.002480
1.418417,-0.338941,0.610170,-0.440795,-0.388151,-0.001717,-0.002480
1.428480,-0.339322,0.610170,-0.441176,-0.388151,-0.001717,-0.002480
1.438544,-0.339322,0.610170,-0.441939,-0.388151,-0.001717,-0.002480
1.448605,-0.339704,0.610170,-0.442702,-0.388151,-0.001717,-0.002480
1.458669,-0.339704,0.610170,-0.443465,-0.388151,-0.001717,-0.002480
1.468732,-0.339704,0.610170,-0.444991,-0.388151,-0.001717,-0.002480
1.478794,-0.339704,0.610170,-0.446136,-0.388151,-0.001717,-0.002480
1.488848,-0.339704,0.610170,-0.447280,-0.388151,-0.001717,-0.002480
1.498911,-0.339704,0.610170,-0.448043,-0.388151,-0.001717,-0.002480
1.508973,-0.339704,0.610170,-0.448425,-0.387770,-0.001717,-0.002480
1.519034,-0.340085,0.610170,-0.449569,-0.387007,-0.001717,-0.002480
1.529098,-0.340085,0.609789,-0.450332,-0.386244,-0.001717,-0.002480
1.539159,-0.340085,0.609789,-0.451095,-0.386244,-0.001717,-0.002480
1.549222,-0.340085,0.609789,-0.451858,-0.386244,-0.001717,-0.002480
1.559290,-0.340085,0.609789,-0.452621,-0.386244,-0.001717,-0.002480
1.569353,-0.340467,0.609789,-0.453384,-0.386244,-0.001717,-0.002480
1.579414,-0.340467,0.609789,-0.454528,-0.386244,-0.001717,-0.002480
1.589475,-0.340467,0.609789,-0.455291,-0.386244,-0.001717,-0.002480
1.599539,-0.340848,0.609789,-0.456435,-0.385863,-0.001717,-0.002480
1.609601,-0.340848,0.609789,-0.456817,-0.385100,-0.001717,-0.002480
1.619664,-0.341230,0.609407,-0.458724,-0.383574,-0.001717,-0.002480
1.629727,-0.341230,0.609407,-0.459487,-0.382811,-0.001717,-0.002480
1.639787,-0.341611,0.609407,-0.461395,-0.380903,-0.001717,-0.002480
1.649851,-0.341611,0.609407,-0.462158,-0.379377,-0.001717,-0.002480
1.659912,-0.342374,0.609407,-0.463684,-0.377470,-0.001717,-0.002480
1.669975,-0.342756,0.609407,-0.464828,-0.376326,-0.001717,-0.002480
1.680036,-0.343519,0.609407,-0.465972,-0.374037,-0.001717,-0.002480
1.690099,-0.343900,0.609407,-0.467117,-0.372129,-0.001335,-0.002480
1.700151,-0.345045,0.609407,-0.468643,-0.370222,-0.001335,-0.002480
1.710216,-0.345426,0.609407,-0.469406,-0.368696,-0.001335,-0.002480
1.720277,-0.346189,0.609407,-0.470169,-0.367170,-0.001335,-0.002480
1.730340,-0.346952,0.609407,-0.471695,-0.364500,-0.001335,-0.002480
1.740401,-0.347333,0.609407,-0.472457,-0.362974,-0.001335,-0.002480
1.750463,-0.348096,0.609026,-0.473220,-0.361067,-0.001335,-0.002480
1.760525,-0.348478,0.609026,-0.473983,-0.359541,-0.001335,-0.002480
1.770589,-0.348859,0.608263,-0.475128,-0.358015,-0.001335,-0.002480
1.780651,-0.349241,0.607881,-0.475891,-0.357252,-0.001335,-0.002480
1.790714,-0.349622,0.607500,-0.476272,-0.355726,-0.000954,-0.002480
1.800775,-0.350385,0.607500,-0.477417,-0.354963,-0.000954,-0.002480
1.810835,-0.351530,0.607118,-0.478561,-0.352674,-0.000572,-0.002480
1.820899,-0.351911,0.606737,-0.479324,-0.351148,-0.000572,-0.002480
1.830959,-0.352674,0.606355,-0.480087,-0.349241,-0.000191,-0.002480
1.841022,-0.353056,0.605592,-0.480850,-0.347715,0.000572,-0.002480
1.851086,-0.353437,0.604448,-0.482376,-0.345045,0.001717,-0.002480
1.861151,-0.353437,0.603685,-0.483520,-0.343137,0.001717,-0.002098
1.871214,-0.353437,0.602922,-0.484665,-0.340085,0.001717,-0.002098
1.881277,-0.353437,0.602159,-0.485428,-0.338178,0.001717,-0.002098
1.891295,-0.353819,0.601015,-0.486191,-0.335889,0.001717,-0.002098
1.901351,-0.353819,0.599870,-0.486572,-0.334363,0.002098,-0.002098
1.911404,-0.353819,0.597963,-0.487716,-0.332456,0.002480,-0.002098
1.921467,-0.353819,0.597200,-0.488098,-0.330930,0.003624,-0.002098
1.931529,-0.353819,0.596437,-0.488479,-0.329786,0.005150,-0.002098
1.941590,-0.354200,0.595293,-0.489624,-0.327878,0.007820,-0.002098
1.951649,-0.354963,0.594911,-0.490387,-0.325971,0.009346,-0.002098
1.961713,-0.355726,0.593767,-0.491531,-0.323301,0.010491,-0.002098
1.971773,-0.356489,0.592622,-0.492294,-0.321393,0.012016,-0.002098
1.981836,-0.358015,0.591478,-0.493439,-0.318723,0.015450,-0.002098
1.991898,-0.359159,0.590715,-0.494583,-0.317197,0.017739,-0.002098
2.001960,-0.360304,0.589189,-0.496109,-0.314145,0.019646,-0.002098
2.012023,-0.361448,0.588426,-0.496872,-0.311856,0.020027,-0.002098
2.022083,-0.362974,0.586519,-0.498398,-0.309186,0.020027,-0.002098
2.032145,-0.364118,0.585374,-0.499161,-0.306897,0.020409,-0.002098
2.042208,-0.365263,0.584611,-0.500305,-0.304608,0.020409,-0.002098
2.052274,-0.366026,0.583848,-0.501450,-0.303082,0.020790,0.001717
2.062294,-0.366789,0.583085,-0.502594,-0.300793,0.020790,0.001717
2.072349,-0.367552,0.582704,-0.503738,-0.298886,0.020790,0.002098
2.082410,-0.368696,0.581559,-0.505264,-0.296216,0.020790,0.002098
2.092472,-0.369459,0.580415,-0.506409,-0.294308,0.020790,0.002098
2.102534,-0.370985,0.579271,-0.507935,-0.290875,0.021172,0.002098
2.112598,-0.371748,0.578889,-0.509079,-0.288968,0.021935,0.002098
2.122664,-0.373274,0.577363,-0.510224,-0.285916,0.024987,0.002098
2.132729,-0.374418,0.576219,-0.510986,-0.284771,0.026513,0.002098
2.142792,-0.375563,0.575074,-0.511749,-0.283627,0.027657,0.002098
2.152855,-0.377089,0.572786,-0.512512,-0.280957,0.028038,0.002098
2.162907,-0.377852,0.572023,-0.512894,-0.279431,0.028038,0.002098
2.172959,-0.378996,0.570878,-0.514420,-0.277523,0.028038,0.002098
2.183011,-0.379759,0.570115,-0.515183,-0.275616,0.028038,0.002098
2.193062,-0.380903,0.569352,-0.516327,-0.273327,0.028038,0.002098
2.203114,-0.382048,0.568208,-0.517090,-0.272183,0.028038,0.002098
2.213166,-0.383192,0.566300,-0.518235,-0.269894,0.028420,0.002098
2.223215,-0.384337,0.565537,-0.518997,-0.267987,0.028801,0.002098
2.233267,-0.385481,0.564012,-0.520905,-0.264935,0.030327,0.002098
2.243318,-0.386625,0.562867,-0.521668,-0.262646,0.032235,0.002098
2.253379,-0.388914,0.560578,-0.522431,-0.259213,0.035668,0.002098
2.263441,-0.390059,0.559434,-0.523575,-0.257305,0.037575,0.002098
2.273502,-0.391203,0.557908,-0.524338,-0.254635,0.040246,0.002098
2.283568,-0.391966,0.557145,-0.525101,-0.253109,0.042153,0.002098
2.293629,-0.393492,0.554856,-0.526246,-0.250439,0.043679,0.002098
2.303692,-0.394636,0.553330,-0.527008,-0.248531,0.044442,0.005913
2.313753,-0.396162,0.551423,-0.528153,-0.245480,0.045586,0.005913
2.323807,-0.397307,0.550278,-0.528916,-0.243191,0.046731,0.005913
2.333862,-0.398070,0.548753,-0.529679,-0.240902,0.047494,0.005913
2.343915,-0.399596,0.547227,-0.530823,-0.238231,0.047494,0.005913
2.353967,-0.401503,0.546082,-0.531205,-0.235943,0.047875,0.005913
2.364029,-0.403410,0.544938,-0.532731,-0.232891,0.050927,0.005913
2.374090,-0.404173,0.543793,-0.533494,-0.230983,0.053597,0.005913
2.384156,-0.406081,0.541505,-0.534638,-0.227550,0.056649,0.005913
2.394217,-0.407988,0.539979,-0.535401,-0.225643,0.058556,0.005913
2.404278,-0.410277,0.538071,-0.536164,-0.222591,0.061990,0.005913
2.414298,-0.411421,0.535782,-0.536927,-0.221065,0.064279,0.005913
2.424360,-0.413329,0.533875,-0.537690,-0.218776,0.066949,0.005913
2.434424,-0.414473,0.532731,-0.538071,-0.217250,0.068856,0.005913
2.444485,-0.416381,0.530442,-0.539216,-0.214580,0.070001,0.005913
2.454548,-0.417525,0.528916,-0.539597,-0.212673,0.070001,0.005913
2.464612,-0.419814,0.526627,-0.540360,-0.210002,0.070382,0.005913
2.474677,-0.420958,0.525483,-0.541123,-0.207713,0.071145,0.005913
2.484739,-0.423629,0.522812,-0.541886,-0.205425,0.073053,0.005913
2.494802,-0.425154,0.521286,-0.542649,-0.203517,0.074197,0.005913
2.504866,-0.427825,0.519379,-0.543412,-0.200465,0.076867,0.005913
2.514931,-0.429351,0.517472,-0.544175,-0.198939,0.078393,0.005913
2.524986,-0.432403,0.514801,-0.545701,-0.195506,0.080682,0.005913
2.535049,-0.433928,0.513657,-0.546464,-0.193980,0.082589,0.005913
2.545112,-0.435454,0.512512,-0.547227,-0.192073,0.084878,0.005913
2.555179,-0.438506,0.509842,-0.547990,-0.189403,0.088312,0.005913
2.565243,-0.440414,0.508316,-0.548371,-0.187495,0.090219,0.005913
2.575310,-0.442321,0.506027,-0.549134,-0.185206,0.092889,0.005913
2.585375,-0.444610,0.504120,-0.549516,-0.183299,0.094415,0.005913
2.595441,-0.447662,0.501831,-0.549897,-0.180247,0.097086,0.005913
2.605505,-0.449187,0.499924,-0.549897,-0.178340,0.098993,0.005913
2.615572,-0.452621,0.497253,-0.549897,-0.175288,0.101282,0.005913
2.625634,-0.454147,0.495727,-0.550278,-0.173762,0.103571,0.005913
2.635696,-0.457580,0.492294,-0.550278,-0.170710,0.107767,0.005913
2.645759,-0.459487,0.490387,-0.550278,-0.168803,0.110819,0.005913
2.655824,-0.462921,0.488098,-0.550278,-0.165751,0.115015,0.005913
2.665877,-0.464828,0.485809,-0.550278,-0.163462,0.116922,0.005913
2.675940,-0.467498,0.483520,-0.550278,-0.160792,0.119974,0.005913
2.686003,-0.469787,0.481613,-0.550278,-0.158885,0.121881,0.005913
2.696067,-0.472839,0.478561,-0.550278,-0.156214,0.124552,0.005913
2.706129,-0.475128,0.477035,-0.550278,-0.154307,0.126078,0.005913
2.716188,-0.478180,0.474365,-0.550278,-0.151255,0.128748,0.013924
2.726250,-0.480087,0.472457,-0.550278,-0.149348,0.130655,0.013924
2.736310,-0.483902,0.470169,-0.550278,-0.146296,0.132944,0.013924
2.746372,-0.486191,0.468261,-0.550278,-0.144388,0.134852,0.013924
2.756457,-0.490005,0.465591,-0.550278,-0.141337,0.138285,0.013924
2.766521,-0.491913,0.464065,-0.550278,-0.139811,0.141337,0.013924
2.776581,-0.494202,0.462539,-0.550278,-0.137903,0.143626,0.013924
2.786645,-0.498016,0.459869,-0.550278,-0.135233,0.147059,0.013924
2.796708,-0.500305,0.458343,-0.550278,-0.133707,0.148966,0.013924
2.806770,-0.503738,0.455291,-0.550278,-0.131037,0.151637,0.039483
2.816833,-0.506027,0.453765,-0.550278,-0.129129,0.153925,0.039483
2.826891,-0.509461,0.451476,-0.550278,-0.126841,0.158122,0.039483
2.836952,-0.512131,0.449187,-0.550278,-0.125315,0.160792,0.039483
2.847004,-0.515946,0.446517,-0.550660,-0.123026,0.165370,0.039483
2.857067,-0.518235,0.444991,-0.550278,-0.121881,0.167659,0.039483
2.867126,-0.522049,0.441939,-0.550278,-0.119974,0.171092,0.039483
2.877189,-0.524338,0.440414,-0.550278,-0.118067,0.173762,0.039483
2.887251,-0.528153,0.437743,-0.550660,-0.115778,0.176432,0.039483
2.897291,-0.530442,0.435454,-0.550660,-0.114252,0.178340,0.046349
2.907349,-0.534638,0.433165,-0.550660,-0.111963,0.181773,0.046349
2.917401,-0.536927,0.431258,-0.550660,-0.110437,0.184825,0.046349
2.927453,-0.541123,0.428206,-0.550278,-0.108530,0.188258,0.046349
2.937505,-0.543412,0.426299,-0.550278,-0.107385,0.191310,0.046349
2.947557,-0.547990,0.423247,-0.550278,-0.105478,0.195506,0.046349
2.957608,-0.550660,0.421721,-0.550278,-0.103952,0.199321,0.053597
2.967690,-0.554475,0.419051,-0.550278,-0.102045,0.203899,0.053597
2.977742,-0.557527,0.416762,-0.550278,-0.100519,0.206188,0.053597
2.987791,-0.559815,0.414855,-0.550278,-0.099374,0.208858,0.053597
2.997842,-0.564012,0.412184,-0.550278,-0.097086,0.212291,0.053597
3.007894,-0.566300,0.409895,-0.550278,-0.095941,0.215343,0.055886
3.017944,-0.570497,0.407607,-0.550278,-0.094415,0.219921,0.055886
3.027995,-0.573167,0.404936,-0.550278,-0.093652,0.222972,0.055886
3.038047,-0.577745,0.402647,-0.550278,-0.091363,0.226787,0.055886
3.048098,-0.580034,0.400740,-0.550278,-0.090219,0.229076,0.055886
3.058149,-0.584611,0.397688,-0.550278,-0.088693,0.232509,0.061990
3.068201,-0.587282,0.395781,-0.550278,-0.088312,0.235943,0.061990
3.078252,-0.591478,0.392729,-0.550278,-0.086786,0.240902,0.063134
3.088303,-0.594911,0.390822,-0.550278,-0.085641,0.243954,0.063134
3.098354,-0.599107,0.388151,-0.550278,-0.083734,0.248150,0.063134
3.108406,-0.602159,0.385481,-0.550278,-0.082971,0.250820,0.063134
3.118459,-0.606355,0.383192,-0.550278,-0.082208,0.254635,0.063134
3.128510,-0.609407,0.380903,-0.550278,-0.081064,0.256924,0.063134
3.138562,-0.613985,0.378233,-0.550278,-0.079538,0.261120,0.063134
3.148614,-0.616655,0.376326,-0.550278,-0.078393,0.263790,0.070382
3.158671,-0.621614,0.373274,-0.550278,-0.077249,0.267605,0.070382
3.168722,-0.623903,0.371366,-0.550278,-0.076867,0.270657,0.070382
3.178774,-0.626955,0.369841,-0.550278,-0.076486,0.273327,0.070382
3.188823,-0.631533,0.366789,-0.549897,-0.076486,0.276761,0.070382
3.198874,-0.634585,0.364881,-0.549516,-0.076486,0.279431,0.070382
3.208925,-0.638781,0.361830,-0.549516,-0.076486,0.282864,0.070382
3.218977,-0.641833,0.359922,-0.549516,-0.076486,0.285916,0.070382
3.229028,-0.646410,0.357633,-0.549134,-0.076486,0.290494,0.070382
3.239080,-0.649081,0.355344,-0.549134,-0.076486,0.294308,0.070382
3.249131,-0.653658,0.352674,-0.549134,-0.076486,0.298123,0.070382
3.259183,-0.656710,0.350767,-0.549134,-0.076486,0.300412,0.070382
3.269235,-0.660906,0.347715,-0.548371,-0.076486,0.304990,0.070382
3.279292,-0.663958,0.346189,-0.547990,-0.076486,0.308042,0.070382
3.289349,-0.667773,0.343137,-0.547990,-0.076486,0.312238,0.070382
3.299416,-0.670825,0.340848,-0.547608,-0.076486,0.314527,0.070382
3.309479,-0.675402,0.338560,-0.546845,-0.076486,0.318341,0.070382
3.319542,-0.678073,0.336271,-0.546464,-0.076486,0.321393,0.070382
3.329606,-0.682650,0.333600,-0.545319,-0.076486,0.325589,0.070382
3.339673,-0.685321,0.332074,-0.544938,-0.076486,0.329023,0.070382
3.349737,-0.689517,0.329023,-0.544175,-0.076486,0.334363,0.070382
3.359793,-0.692187,0.327115,-0.543412,-0.076486,0.337797,0.070382
3.369890,-0.696765,0.324063,-0.542649,-0.076486,0.341993,0.070382
3.379955,-0.699435,0.322538,-0.542267,-0.076486,0.345426,0.070382
3.390020,-0.702106,0.321012,-0.541505,-0.076486,0.348096,0.070382
3.400084,-0.705921,0.317960,-0.540742,-0.076486,0.352293,0.070382
3.410145,-0.708972,0.316052,-0.540360,-0.076486,0.354582,0.070382
3.420208,-0.712787,0.314145,-0.539216,-0.076486,0.358396,0.070382
3.430327,-0.715457,0.311856,-0.538453,-0.076486,0.359922,0.077249
3.440391,-0.719272,0.309567,-0.536927,-0.076486,0.362593,0.077249
3.450455,-0.721561,0.308042,-0.535782,-0.076486,0.364881,0.077249
3.460518,-0.725757,0.304990,-0.534638,-0.076486,0.368696,0.077249
3.470580,-0.728046,0.303464,-0.533875,-0.076486,0.370985,0.077249
3.480645,-0.732242,0.301175,-0.531968,-0.076486,0.375181,0.077249
3.490705,-0.734913,0.298886,-0.530823,-0.076486,0.378996,0.106622
3.500768,-0.738727,0.296979,-0.528916,-0.076486,0.383192,0.106622
3.510833,-0.740635,0.295453,-0.528153,-0.076486,0.384718,0.106622
3.520898,-0.744068,0.292782,-0.526627,-0.076486,0.387388,0.106622
3.530960,-0.746357,0.291257,-0.525483,-0.076486,0.389677,0.106622
3.541020,-0.749027,0.288968,-0.523575,-0.076486,0.393874,0.106622
3.551075,-0.751698,0.287060,-0.522049,-0.076486,0.395399,0.106622
3.561136,-0.753986,0.284771,-0.520523,-0.076486,0.397688,0.110819
3.571200,-0.756657,0.283246,-0.519379,-0.076486,0.399214,0.110819
3.581261,-0.759709,0.280957,-0.517472,-0.076486,0.402647,0.110819
3.591302,-0.761616,0.279431,-0.515946,-0.076486,0.405318,0.110819
3.601440,-0.764668,0.277523,-0.514038,-0.076486,0.407225,0.110819
3.611504,-0.766194,0.276379,-0.513275,-0.076486,0.408370,0.115015
3.621568,-0.768101,0.274472,-0.511749,-0.076486,0.409514,0.115015
3.631629,-0.771153,0.272564,-0.509461,-0.076486,0.410658,0.115015
3.641690,-0.772679,0.271038,-0.507553,-0.076486,0.410658,0.115015
3.651752,-0.775349,0.268750,-0.506027,-0.076486,0.411040,0.115015
3.661815,-0.776875,0.267224,-0.504883,-0.076486,0.412184,0.115015
3.671878,-0.779164,0.265316,-0.502594,-0.076486,0.413710,0.115015
3.681939,-0.781453,0.264172,-0.501068,-0.076486,0.414473,0.115015
3.692002,-0.783742,0.261501,-0.498779,-0.076486,0.417144,0.115015
3.702060,-0.785267,0.260357,-0.497253,-0.076486,0.419051,0.115015
3.712123,-0.788319,0.258831,-0.495346,-0.076486,0.422484,0.115015
3.722186,-0.789464,0.257687,-0.493820,-0.076486,0.425536,0.115015
3.732248,-0.791371,0.255398,-0.491531,-0.076486,0.429351,0.115015
3.742302,-0.793278,0.254253,-0.490005,-0.076486,0.431258,0.115015
3.752358,-0.795186,0.252728,-0.488098,-0.076486,0.434310,0.121500
3.762419,-0.796330,0.251965,-0.486191,-0.076486,0.436217,0.121500
3.772475,-0.797475,0.249676,-0.483902,-0.076486,0.437743,0.121500
3.782536,-0.798619,0.248150,-0.482376,-0.076486,0.438506,0.121500
3.792599,-0.800526,0.246624,-0.480468,-0.076486,0.440032,0.121500
3.802663,-0.801671,0.245861,-0.478943,-0.076486,0.442321,0.121500
3.812733,-0.803197,0.244335,-0.476654,-0.076486,0.445373,0.121500
3.822798,-0.803960,0.243191,-0.475891,-0.076486,0.446517,0.121500
3.832862,-0.805104,0.242428,-0.474746,-0.076486,0.446899,0.121500
3.842925,-0.806630,0.240902,-0.472076,-0.076486,0.447280,0.121500
3.852991,-0.807393,0.239757,-0.470169,-0.076486,0.447280,0.121500
3.863056,-0.808919,0.237469,-0.468643,-0.076486,0.447280,0.121500
3.873119,-0.809682,0.236324,-0.467498,-0.076486,0.447280,0.121500
3.883184,-0.810063,0.235180,-0.465591,-0.076486,0.446517,0.121500
3.893250,-0.810826,0.234417,-0.464065,-0.076486,0.446517,0.121500
3.903291,-0.811971,0.233272,-0.462158,-0.076486,0.446517,0.121500
3.913354,-0.812352,0.232509,-0.461013,-0.076486,0.446899,0.121500
3.923417,-0.813115,0.230983,-0.459106,-0.076486,0.446899,0.121500
3.933481,-0.813115,0.230220,-0.457580,-0.076486,0.446899,0.121500
3.943542,-0.813497,0.228695,-0.456054,-0.076486,0.446899,0.121500
3.953606,-0.813878,0.227932,-0.454528,-0.076486,0.446899,0.121500
3.963669,-0.814260,0.226024,-0.452621,-0.076486,0.446899,0.121500
3.973734,-0.814641,0.224880,-0.451476,-0.076486,0.446899,0.121500
3.983795,-0.815404,0.223735,-0.449569,-0.076486,0.447280,0.121500
3.993858,-0.816167,0.222972,-0.448043,-0.076486,0.447280,0.128748
4.003922,-0.816548,0.221828,-0.446517,-0.076486,0.447662,0.128748
4.013984,-0.816930,0.221065,-0.445754,-0.076486,0.448425,0.128748
4.024038,-0.818074,0.219921,-0.444228,-0.076486,0.450713,0.128748
4.034101,-0.818837,0.219539,-0.443084,-0.076486,0.452621,0.128748
4.044163,-0.819219,0.218776,-0.441558,-0.076486,0.453384,0.128748
4.054224,-0.819982,0.217250,-0.440414,-0.076486,0.453765,0.128748
4.064288,-0.820363,0.216487,-0.439269,-0.076486,0.453765,0.128748
4.074350,-0.820363,0.215343,-0.437362,-0.076486,0.454147,0.128748
4.084412,-0.820363,0.214580,-0.435836,-0.076486,0.454147,0.128748
4.094476,-0.820363,0.212673,-0.434310,-0.076486,0.454147,0.128748
4.104538,-0.820363,0.211528,-0.433165,-0.076486,0.454147,0.128748
4.114599,-0.820363,0.210765,-0.432021,-0.076486,0.454147,0.128748
4.124663,-0.820363,0.210384,-0.431258,-0.076486,0.454147,0.128748
4.134728,-0.820363,0.209621,-0.429351,-0.076486,0.454147,0.128748
4.144790,-0.820363,0.209621,-0.428588,-0.076486,0.454147,0.128748
4.154853,-0.820363,0.209239,-0.427443,-0.076486,0.454147,0.128748
4.164917,-0.820363,0.208858,-0.426680,-0.076486,0.454147,0.128748
4.174978,-0.820363,0.208476,-0.425536,-0.076486,0.454147,0.128748
4.185041,-0.820363,0.207713,-0.424392,-0.076486,0.454147,0.128748
4.195104,-0.820363,0.206950,-0.422484,-0.076486,0.454147,0.128748
4.205166,-0.820363,0.206188,-0.421721,-0.076486,0.454147,0.128748
4.215227,-0.820363,0.204662,-0.420577,-0.076486,0.454147,0.128748
4.225292,-0.819982,0.203899,-0.419432,-0.076486,0.454147,0.128748
4.235346,-0.819982,0.202754,-0.417525,-0.076486,0.454147,0.128748
4.245409,-0.819982,0.202373,-0.416381,-0.076867,0.454147,0.128748
4.255537,-0.819982,0.201610,-0.414855,-0.076486,0.454147,0.128748
4.265603,-0.819982,0.200847,-0.413710,-0.076486,0.454147,0.128748
4.275664,-0.819982,0.199702,-0.412566,-0.076867,0.454147,0.128748
4.285732,-0.819982,0.198939,-0.410277,-0.076486,0.454147,0.128748
4.295792,-0.819982,0.198177,-0.409514,-0.076867,0.454147,0.128748
4.305855,-0.819982,0.197032,-0.407607,-0.076867,0.454147,0.128748
4.315917,-0.819600,0.196651,-0.406462,-0.076867,0.454147,0.128748
4.325979,-0.819600,0.195506,-0.404555,-0.076867,0.454147,0.128748
4.336040,-0.819600,0.195125,-0.403792,-0.076867,0.454147,0.128748
4.346105,-0.819600,0.193980,-0.402266,-0.076867,0.454147,0.128748
4.356167,-0.819600,0.193217,-0.401503,-0.076867,0.454147,0.128748
4.366227,-0.819219,0.192454,-0.399596,-0.076867,0.454147,0.128748
4.376279,-0.818837,0.191691,-0.398070,-0.076867,0.453765,0.128748
4.386283,-0.818837,0.190929,-0.396544,-0.076867,0.453765,0.128748
4.396336,-0.818837,0.190547,-0.395781,-0.076867,0.453765,0.128748
4.406388,-0.818456,0.190166,-0.394255,-0.076867,0.453765,0.128748
4.416440,-0.818456,0.189784,-0.393111,-0.076867,0.453765,0.128748
4.426492,-0.818074,0.189784,-0.391585,-0.076867,0.453765,0.128748
4.436546,-0.818074,0.189784,-0.390822,-0.076867,0.453384,0.128748
4.446599,-0.817693,0.189021,-0.389677,-0.076867,0.453384,0.128748
4.456662,-0.817693,0.188258,-0.388914,-0.076867,0.453384,0.128748
4.466722,-0.817311,0.187495,-0.387007,-0.076867,0.453384,0.128748
4.476784,-0.816930,0.186732,-0.385481,-0.076867,0.453384,0.128748
4.486919,-0.816167,0.185588,-0.383955,-0.076867,0.453384,0.128748
4.496984,-0.815404,0.185206,-0.383192,-0.076867,0.453384,0.128748
4.507042,-0.814641,0.184825,-0.382811,-0.076867,0.453384,0.128748
4.517105,-0.814260,0.184825,-0.381285,-0.076867,0.453384,0.128748
4.527167,-0.813497,0.184825,-0.380140,-0.076867,0.453384,0.129129
4.537222,-0.812734,0.184825,-0.378996,-0.076867,0.452239,0.129129
4.547284,-0.811971,0.184825,-0.378233,-0.076867,0.451476,0.129129
4.557345,-0.810445,0.184825,-0.376707,-0.076867,0.450332,0.129129
4.567407,-0.809682,0.184825,-0.375944,-0.076867,0.449950,0.129129
4.577470,-0.808156,0.184825,-0.374418,-0.076867,0.449950,0.129129
4.587531,-0.807393,0.184825,-0.373274,-0.076867,0.449950,0.129129
4.597593,-0.806630,0.184825,-0.372129,-0.076867,0.449569,0.127985
4.607653,-0.805867,0.184825,-0.370985,-0.076867,0.449569,0.127985
4.617715,-0.805104,0.184825,-0.369459,-0.076867,0.449569,0.127985
4.627776,-0.804341,0.184825,-0.368696,-0.076867,0.449569,0.127985
4.637838,-0.803578,0.184825,-0.367170,-0.076867,0.448806,0.127985
4.647902,-0.802815,0.184825,-0.366407,-0.076867,0.446899,0.127985
4.657967,-0.801671,0.184825,-0.364881,-0.076867,0.441939,0.127985
4.668028,-0.800526,0.184825,-0.363737,-0.076867,0.439269,0.127985
4.678089,-0.798619,0.184825,-0.362211,-0.077249,0.434310,0.127985
4.688149,-0.797093,0.184825,-0.361067,-0.077249,0.431640,0.127985
4.698219,-0.795186,0.184825,-0.359922,-0.078012,0.426299,0.127985
4.708281,-0.793660,0.184443,-0.358778,-0.078012,0.423247,0.127985
4.718346,-0.792515,0.184443,-0.357633,-0.078012,0.422103,0.127985
4.728410,-0.791371,0.184443,-0.356489,-0.078012,0.421340,0.127985
4.738470,-0.790227,0.184443,-0.355726,-0.078012,0.419814,0.127985
4.748523,-0.788319,0.184825,-0.354200,-0.078393,0.417525,0.127985
4.758583,-0.786793,0.184443,-0.353437,-0.079156,0.415618,0.127985
4.768644,-0.784886,0.184443,-0.351911,-0.079538,0.413710,0.127985
4.778703,-0.782979,0.184443,-0.351148,-0.079538,0.412184,0.127985
4.788764,-0.780308,0.184443,-0.349622,-0.079538,0.408370,0.127985
4.798823,-0.778782,0.184443,-0.348478,-0.079538,0.406081,0.127985
4.808885,-0.776493,0.184443,-0.347333,-0.079919,0.403410,0.127985
4.818948,-0.774968,0.184443,-0.346189,-0.079919,0.401503,0.127985
4.829009,-0.772297,0.184443,-0.345045,-0.079919,0.400359,0.127985
4.839069,-0.770771,0.184443,-0.344282,-0.079919,0.400359,0.127985
4.849132,-0.768482,0.184443,-0.342756,-0.079919,0.399214,0.123789
4.859194,-0.766957,0.184443,-0.341611,-0.079919,0.398833,0.123789
4.869255,-0.765049,0.184443,-0.340848,-0.079919,0.397688,0.115015
4.879317,-0.763523,0.184443,-0.340085,-0.079919,0.397688,0.115015
4.889378,-0.760853,0.184443,-0.339322,-0.079919,0.397688,0.115015
4.899441,-0.759327,0.184443,-0.338560,-0.079919,0.397307,0.115015
4.909503,-0.757038,0.184443,-0.337034,-0.079919,0.395399,0.108530
4.919564,-0.755512,0.184443,-0.336271,-0.079919,0.393111,0.108530
4.929625,-0.753986,0.184443,-0.335126,-0.080682,0.391203,0.108530
4.939687,-0.751316,0.184825,-0.333600,-0.082589,0.389296,0.108530
4.949752,-0.749409,0.184825,-0.332456,-0.084497,0.388151,0.108530
4.959814,-0.746738,0.184825,-0.330930,-0.087167,0.386625,0.108530
4.969874,-0.744831,0.184825,-0.329786,-0.089075,0.384337,0.108530
4.979936,-0.742542,0.184825,-0.328260,-0.091363,0.378996,0.108530
4.989996,-0.741016,0.184825,-0.327115,-0.092889,0.376707,0.108530
5.000060,-0.738346,0.184825,-0.325971,-0.095178,0.373655,0.108530
5.010124,-0.736439,0.185206,-0.325208,-0.096704,0.371366,0.108530
5.020184,-0.733768,0.185206,-0.324445,-0.099374,0.369841,0.108530
5.030246,-0.732242,0.185206,-0.323301,-0.100900,0.368696,0.108530
5.040307,-0.729953,0.184825,-0.322156,-0.103571,0.366026,0.108530
5.050370,-0.728428,0.185206,-0.321393,-0.105097,0.364500,0.108530
5.060432,-0.725757,0.185588,-0.320249,-0.107385,0.362593,0.108530
5.070490,-0.723468,0.185588,-0.319486,-0.108148,0.361448,0.108530
5.080550,-0.720798,0.185969,-0.318723,-0.109293,0.358778,0.108530
5.090612,-0.719272,0.185588,-0.318341,-0.110437,0.355344,0.108530
5.100673,-0.716602,0.185588,-0.317197,-0.111963,0.351148,0.108530
5.110736,-0.714694,0.185969,-0.316434,-0.112345,0.349241,0.105478
5.120788,-0.712024,0.185969,-0.315671,-0.113489,0.345808,0.104715
5.130838,-0.710117,0.185969,-0.315290,-0.114252,0.343900,0.104715
5.140900,-0.708209,0.185969,-0.314908,-0.115015,0.342374,0.104715
5.150961,-0.705921,0.185969,-0.313764,-0.115778,0.338941,0.104715
5.161023,-0.704395,0.185969,-0.313001,-0.116922,0.337415,0.104715
5.171083,-0.701724,0.186351,-0.311475,-0.119211,0.336652,0.104715
5.181145,-0.699817,0.186732,-0.310712,-0.120737,0.335889,0.104715
5.191205,-0.697147,0.186732,-0.309949,-0.123026,0.335126,0.104715
5.201266,-0.695239,0.187114,-0.308804,-0.124552,0.334745,0.104715
5.211327,-0.692950,0.187114,-0.307660,-0.126078,0.332456,0.104715
5.221390,-0.691424,0.187495,-0.306897,-0.126078,0.330930,0.104715
5.231454,-0.688373,0.188258,-0.306134,-0.126841,0.329023,0.104715
5.241517,-0.686084,0.188258,-0.305753,-0.127604,0.326734,0.104715
5.251578,-0.683032,0.189021,-0.304990,-0.128367,0.323301,0.104715
5.261640,-0.681125,0.189021,-0.304227,-0.129511,0.320249,0.104715
5.271702,-0.678836,0.189403,-0.303082,-0.131800,0.316434,0.104715
5.281765,-0.677310,0.189403,-0.302319,-0.132944,0.314908,0.104715
5.291825,-0.674640,0.189784,-0.301175,-0.135615,0.312238,0.104715
5.301887,-0.672351,0.190547,-0.300412,-0.137140,0.309949,0.104715
5.311946,-0.669680,0.191310,-0.298886,-0.139811,0.305753,0.104715
5.322008,-0.668154,0.191691,-0.297742,-0.141718,0.302701,0.104715
5.332069,-0.665866,0.192454,-0.296979,-0.144770,0.300031,0.104715
5.342130,-0.663958,0.193217,-0.296216,-0.146677,0.299268,0.104715
5.352205,-0.662051,0.194362,-0.295834,-0.148585,0.298123,0.104715
5.362265,-0.659380,0.195888,-0.295071,-0.150874,0.295834,0.104715
5.372328,-0.657473,0.197032,-0.294690,-0.152399,0.292782,0.093652
5.382387,-0.655184,0.198558,-0.293927,-0.154307,0.288586,0.093652
5.392449,-0.653658,0.200084,-0.293927,-0.155833,0.287060,0.093652
5.402514,-0.650988,0.201991,-0.293545,-0.158503,0.287060,0.093652
5.412576,-0.649081,0.203136,-0.293545,-0.159648,0.286679,0.093652
5.422635,-0.646029,0.205043,-0.293545,-0.161173,0.284009,0.093652
5.432696,-0.644121,0.205806,-0.293545,-0.162699,0.281338,0.093652
5.442758,-0.642214,0.207332,-0.293164,-0.164988,0.278286,0.093652
5.452823,-0.640307,0.208476,-0.292782,-0.166514,0.276761,0.093652
5.462883,-0.637255,0.210765,-0.292782,-0.168803,0.275235,0.093652
5.472947,-0.635348,0.212291,-0.292782,-0.171092,0.274090,0.093652
5.483009,-0.632296,0.213817,-0.292401,-0.173381,0.271038,0.093652
5.493071,-0.630770,0.214961,-0.291638,-0.175288,0.267987,0.075723
5.503131,-0.628481,0.216869,-0.291257,-0.177577,0.265316,0.075723
5.513194,-0.626574,0.217632,-0.290494,-0.179103,0.265316,0.075723
5.523255,-0.623903,0.218776,-0.290112,-0.182155,0.265316,0.075723
5.533308,-0.621996,0.219539,-0.289731,-0.184062,0.264935,0.075723
5.543369,-0.619707,0.221065,-0.288205,-0.186351,0.262264,0.075723
5.553433,-0.617800,0.222210,-0.287060,-0.187877,0.260739,0.075723
5.563566,-0.615511,0.223735,-0.285916,-0.190547,0.259213,0.075723
5.573628,-0.613222,0.224880,-0.285534,-0.192454,0.258450,0.075723
5.583687,-0.611315,0.226024,-0.284771,-0.193980,0.256924,0.075723
5.593750,-0.608263,0.227932,-0.283246,-0.195888,0.253872,0.075723
5.603809,-0.606737,0.229076,-0.282483,-0.197414,0.250057,0.075723
5.613872,-0.604448,0.230602,-0.280957,-0.198558,0.245480,0.075723
5.623932,-0.602541,0.231746,-0.280575,-0.199702,0.243572,0.075723
5.633994,-0.599870,0.233654,-0.279812,-0.201228,0.241283,0.075723
5.644058,-0.598344,0.235561,-0.279431,-0.202373,0.239376,0.075723
5.654119,-0.595674,0.238231,-0.278668,-0.204662,0.237469,0.075723
5.664181,-0.594148,0.239376,-0.277905,-0.205425,0.235561,0.075723
5.674241,-0.591859,0.240902,-0.277142,-0.206950,0.232891,0.075723
5.684304,-0.590333,0.242428,-0.276761,-0.208476,0.232128,0.075723
5.694361,-0.587663,0.245098,-0.275616,-0.210384,0.231365,0.075723
5.704423,-0.585756,0.246242,-0.274853,-0.211910,0.230983,0.075723
5.714482,-0.583467,0.248531,-0.274090,-0.214580,0.228313,0.070764
5.724544,-0.582322,0.250057,-0.272946,-0.216869,0.225261,0.070764
5.734606,-0.579652,0.251965,-0.271801,-0.219921,0.222210,0.070764
5.744667,-0.577745,0.253491,-0.271038,-0.222210,0.221065,0.070764
5.754732,-0.575074,0.256161,-0.270275,-0.224498,0.219539,0.070764
5.764786,-0.573548,0.257687,-0.269894,-0.226024,0.217250,0.070764
5.774851,-0.570878,0.260357,-0.269131,-0.228313,0.213054,0.070764
5.784912,-0.569734,0.261883,-0.268750,-0.230220,0.210384,0.070764
5.794973,-0.568208,0.263409,-0.268750,-0.232128,0.208476,0.070764
5.805033,-0.566300,0.265698,-0.268368,-0.234798,0.208095,0.070764
5.815093,-0.564775,0.267224,-0.267987,-0.236706,0.208095,0.070764
5.825154,-0.562486,0.269894,-0.267605,-0.239376,0.205425,0.070764
5.835215,-0.560578,0.271038,-0.267605,-0.241283,0.202754,0.070764
5.845277,-0.557527,0.273709,-0.266842,-0.244335,0.198939,0.056649
5.855341,-0.555619,0.275616,-0.266842,-0.246242,0.196269,0.056649
5.865404,-0.553712,0.277523,-0.266842,-0.249294,0.193980,0.056649
5.875455,-0.551804,0.279431,-0.266461,-0.251202,0.193980,0.056649
5.885519,-0.549134,0.282483,-0.266461,-0.253872,0.193599,0.056649
5.895585,-0.547608,0.284009,-0.266079,-0.255779,0.192454,0.056649
5.905647,-0.544938,0.286679,-0.265698,-0.258068,0.188640,0.056649
5.915714,-0.543412,0.288205,-0.265698,-0.259594,0.187114,0.056649
5.925777,-0.541123,0.290112,-0.265698,-0.261883,0.187114,0.056649
5.935842,-0.539597,0.292020,-0.265698,-0.263409,0.187114,0.056649
5.945908,-0.537308,0.294690,-0.265698,-0.265698,0.185588,0.056649
5.955975,-0.535782,0.296216,-0.265698,-0.267224,0.184443,0.056649
5.966041,-0.533494,0.298505,-0.265316,-0.269894,0.181010,0.056649
5.976106,-0.531968,0.300412,-0.265316,-0.271038,0.179103,0.056649
5.986172,-0.530060,0.302701,-0.265316,-0.273327,0.178340,0.056649
5.996236,-0.528916,0.304608,-0.265316,-0.274853,0.178721,0.056649
6.006354,-0.527008,0.307279,-0.265316,-0.277142,0.177958,0.056649
6.016420,-0.525483,0.308804,-0.265316,-0.278668,0.175669,0.056649
6.026486,-0.523957,0.310712,-0.264935,-0.280575,0.172618,0.056649
6.036551,-0.521668,0.313382,-0.264935,-0.283246,0.168803,0.056649
6.046617,-0.520142,0.314527,-0.264935,-0.284771,0.166133,0.056649
6.056683,-0.517853,0.317197,-0.264935,-0.287823,0.162318,0.056649
6.066750,-0.516709,0.319486,-0.264935,-0.289349,0.160410,0.056649
6.076810,-0.514801,0.321775,-0.264935,-0.292020,0.158885,0.056649
6.086872,-0.514038,0.323682,-0.264935,-0.293927,0.157359,0.056649
6.096936,-0.511749,0.326352,-0.264935,-0.296979,0.155070,0.056649
6.107000,-0.510605,0.327878,-0.264935,-0.298886,0.153544,0.056649
6.117061,-0.508316,0.330167,-0.264935,-0.302319,0.152018,0.056649
6.127123,-0.507172,0.332074,-0.264935,-0.304227,0.152018,0.056649
6.137185,-0.504883,0.334745,-0.264935,-0.307279,0.151637,0.056649
6.147248,-0.503738,0.337034,-0.264935,-0.309567,0.150874,0.056649
6.157314,-0.502213,0.339322,-0.264935,-0.312238,0.149348,0.056649
6.167379,-0.501450,0.341230,-0.264935,-0.314145,0.148966,0.056649
6.177439,-0.499161,0.344282,-0.264935,-0.317197,0.148585,0.056649
6.187501,-0.497253,0.345426,-0.264935,-0.319486,0.147440,0.056649
6.197562,-0.495346,0.348478,-0.264935,-0.322156,0.142481,0.056649
6.207625,-0.493820,0.350004,-0.264935,-0.323682,0.139429,0.056649
6.217688,-0.491913,0.352293,-0.264935,-0.325971,0.137140,0.056649
6.227752,-0.490768,0.354200,-0.264935,-0.327878,0.137140,0.056649
6.237926,-0.489242,0.357252,-0.264935,-0.330167,0.136759,0.056649
6.247989,-0.488098,0.358396,-0.264935,-0.331693,0.135615,0.056649
6.258049,-0.486954,0.360304,-0.264935,-0.333600,0.134089,0.056649
6.268112,-0.485046,0.363355,-0.264935,-0.336271,0.132181,0.056649
6.278172,-0.483520,0.364881,-0.264935,-0.337797,0.130274,0.056649
6.288234,-0.481613,0.367552,-0.264935,-0.339704,0.126841,0.056649
6.298294,-0.480468,0.369841,-0.264935,-0.340848,0.126078,0.056649
6.308356,-0.479706,0.372511,-0.264935,-0.342374,0.126841,0.056649
6.318419,-0.478943,0.374037,-0.264935,-0.343519,0.126841,0.056649
6.328479,-0.477417,0.376707,-0.264935,-0.345426,0.125696,0.056649
6.338542,-0.476272,0.378614,-0.264935,-0.347333,0.124170,0.056649
6.348601,-0.474746,0.381666,-0.264935,-0.349622,0.121118,0.056649
6.358662,-0.473220,0.383192,-0.264935,-0.350385,0.119593,0.056649
6.368723,-0.470932,0.385863,-0.264935,-0.352293,0.117304,0.056649
6.378778,-0.469787,0.388151,-0.264935,-0.353819,0.115396,0.056649
6.388840,-0.467880,0.390822,-0.264935,-0.355726,0.112345,0.056649
6.398905,-0.467117,0.392729,-0.264935,-0.356870,0.111200,0.056649
6.408966,-0.465972,0.395018,-0.264935,-0.358778,0.111200,0.049020
6.419029,-0.464828,0.396925,-0.264935,-0.360304,0.111200,0.049020
6.429089,-0.463684,0.399977,-0.264935,-0.362974,0.110437,0.049020
6.439152,-0.462539,0.401503,-0.264935,-0.364500,0.108530,0.049020
6.449216,-0.460632,0.404173,-0.264935,-0.367170,0.107004,0.049020
6.459276,-0.459106,0.406462,-0.264935,-0.368696,0.106241,0.049020
6.469337,-0.457961,0.407988,-0.264935,-0.369841,0.104715,0.049020
6.479402,-0.456054,0.411040,-0.264935,-0.371748,0.103189,0.049020
6.489464,-0.455291,0.412947,-0.264935,-0.373274,0.103189,0.049020
6.499527,-0.454147,0.414855,-0.264935,-0.375181,0.103189,0.049020
6.509591,-0.453384,0.416762,-0.264935,-0.376707,0.102808,0.049020
6.519656,-0.451858,0.419432,-0.264935,-0.378996,0.100519,0.049020
6.529714,-0.451095,0.420958,-0.264935,-0.380903,0.099374,0.049020
6.539777,-0.449569,0.423629,-0.264935,-0.383192,0.098611,0.049020
6.549837,-0.448425,0.425536,-0.264935,-0.384337,0.097467,0.049020
6.559900,-0.446136,0.428206,-0.264935,-0.386625,0.094034,0.049020
6.569961,-0.444991,0.429732,-0.264935,-0.388151,0.091363,0.049020
6.580022,-0.443465,0.432403,-0.265316,-0.389677,0.089456,0.049020
6.590084,-0.442702,0.433928,-0.265316,-0.390822,0.089456,0.049020
6.600141,-0.441939,0.436599,-0.265316,-0.393111,0.089837,0.026513
6.610202,-0.441176,0.438125,-0.265316,-0.394636,0.088693,0.026513
6.620266,-0.440032,0.440414,-0.265316,-0.396162,0.086023,0.026513
6.630325,-0.439269,0.441939,-0.265316,-0.397307,0.083352,0.026513
6.640385,-0.437743,0.444610,-0.265316,-0.399214,0.081445,0.026513
6.650447,-0.436980,0.446136,-0.265316,-0.400740,0.081064,0.026513
6.660507,-0.435454,0.449187,-0.265316,-0.401884,0.081064,0.022316
6.670569,-0.434310,0.450713,-0.265316,-0.402647,0.080682,0.022316
6.680630,-0.433165,0.452239,-0.265316,-0.403029,0.079538,0.022316
6.690691,-0.431640,0.454528,-0.265316,-0.404555,0.078012,0.022316
6.700753,-0.430877,0.456054,-0.265316,-0.405699,0.078393,0.022316
6.710813,-0.429732,0.458343,-0.265316,-0.406462,0.078775,0.022316
6.720874,-0.428969,0.460250,-0.265316,-0.407225,0.078012,0.022316
6.730934,-0.428206,0.462539,-0.265698,-0.407225,0.076867,0.021935
6.740994,-0.427825,0.464065,-0.265698,-0.407225,0.075341,0.021935
6.751055,-0.427062,0.466354,-0.266079,-0.407225,0.073816,0.021935
6.761118,-0.426299,0.467880,-0.266079,-0.407225,0.073816,0.021935
6.771180,-0.425154,0.470169,-0.266079,-0.407225,0.073816,0.021935
6.781243,-0.424010,0.472076,-0.266079,-0.407225,0.073816,0.021935
6.791306,-0.422103,0.474746,-0.266461,-0.407225,0.073434,0.021935
6.801371,-0.421340,0.475891,-0.266461,-0.407225,0.073053,0.021935
6.811433,-0.419432,0.478180,-0.266461,-0.407225,0.072290,0.021935
6.821496,-0.418669,0.479706,-0.266461,-0.407225,0.071908,0.021935
6.831560,-0.417525,0.481994,-0.266842,-0.407225,0.071527,0.021935
6.841625,-0.416762,0.483902,-0.266842,-0.407225,0.070764,0.021935
6.851687,-0.415999,0.486572,-0.267224,-0.407225,0.068856,0.021935
6.861750,-0.415618,0.488098,-0.267224,-0.407225,0.066567,0.018502
6.871810,-0.415236,0.490005,-0.267224,-0.407225,0.063516,0.018502
6.881873,-0.414473,0.491531,-0.267224,-0.407225,0.061990,0.018502
6.891939,-0.413710,0.493820,-0.267605,-0.407225,0.059701,0.018502
6.901999,-0.412566,0.494965,-0.267987,-0.407225,0.058175,0.018502
6.912059,-0.411421,0.496109,-0.267987,-0.407225,0.056649,0.018502
6.922119,-0.409895,0.499161,-0.268368,-0.407225,0.055123,0.018502
6.932178,-0.408751,0.500687,-0.269131,-0.407607,0.055123,0.018502
6.942240,-0.407988,0.502594,-0.269512,-0.407607,0.055505,0.018502
6.952291,-0.407225,0.504120,-0.269512,-0.407607,0.055886,0.018502
6.962345,-0.406462,0.506409,-0.270275,-0.407607,0.056268,0.018502
6.972405,-0.406081,0.507553,-0.271038,-0.408370,0.056268,0.018502
6.982468,-0.405318,0.510224,-0.271801,-0.409895,0.056268,0.018502
6.992532,-0.405318,0.511749,-0.271801,-0.411421,0.055505,0.018502
7.002593,-0.405318,0.513657,-0.272183,-0.414092,0.054360,0.018502
7.012652,-0.405318,0.515183,-0.272564,-0.415999,0.053597,0.018502
7.022714,-0.404936,0.517472,-0.272946,-0.419051,0.051690,0.018502
7.032774,-0.404173,0.518997,-0.273327,-0.420577,0.050927,0.018502
7.042836,-0.403792,0.520523,-0.273709,-0.422866,0.050164,0.018502
7.052900,-0.403029,0.522431,-0.274472,-0.424392,0.049401,0.018502
7.062961,-0.401884,0.524338,-0.274853,-0.426680,0.047875,0.018502
7.072985,-0.401122,0.525483,-0.275235,-0.428588,0.047875,0.018502
7.083048,-0.399596,0.526627,-0.275616,-0.430877,0.048257,0.018502
7.093112,-0.398451,0.528153,-0.275998,-0.432403,0.048257,0.018502
7.103178,-0.396544,0.530060,-0.276379,-0.434691,0.047494,0.018502
7.113232,-0.395781,0.530823,-0.276761,-0.435836,0.047112,0.018502
7.123285,-0.395018,0.531586,-0.277523,-0.436599,0.047112,0.018502
7.133350,-0.393874,0.533494,-0.278286,-0.437743,0.047494,0.018502
7.143412,-0.393492,0.534638,-0.278668,-0.438506,0.047494,0.018502
7.153474,-0.393111,0.536545,-0.280194,-0.439651,0.047494,0.015068
7.163536,-0.392729,0.537690,-0.280957,-0.439651,0.047494,0.015068
7.173599,-0.393111,0.538834,-0.282483,-0.439651,0.045968,0.015068
7.183660,-0.393111,0.539597,-0.284009,-0.439651,0.044060,0.015068
7.193722,-0.392729,0.541123,-0.285534,-0.439651,0.040627,0.015068
7.203782,-0.392729,0.542649,-0.286297,-0.439651,0.039101,0.015068
7.213842,-0.392348,0.544175,-0.287823,-0.439651,0.037194,0.015068
7.223903,-0.392348,0.544938,-0.288968,-0.439651,0.036431,0.015068
7.233963,-0.391966,0.546845,-0.290875,-0.439651,0.036049,0.015068
7.244025,-0.391585,0.547990,-0.291638,-0.439651,0.035668,0.015068
7.254088,-0.391203,0.549897,-0.293545,-0.439651,0.034905,0.015068
7.264152,-0.390440,0.550660,-0.295071,-0.440032,0.033761,0.015068
7.274212,-0.388914,0.551804,-0.296979,-0.439651,0.032235,0.015068
7.284276,-0.388151,0.552567,-0.297742,-0.440032,0.031090,0.015068
7.294292,-0.386625,0.554093,-0.298886,-0.440032,0.029564,0.015068
7.304357,-0.385863,0.555238,-0.300031,-0.440032,0.028801,0.015068
7.314425,-0.384337,0.556382,-0.301175,-0.440032,0.029183,0.015068
7.324486,-0.383574,0.557145,-0.301938,-0.440032,0.029183,0.015068
7.334551,-0.382429,0.558289,-0.302701,-0.440032,0.029183,0.015068
7.344619,-0.381666,0.560197,-0.303845,-0.440032,0.029183,0.015068
7.354681,-0.381285,0.561341,-0.304608,-0.440032,0.029564,0.015068
7.364745,-0.380903,0.562486,-0.306134,-0.440032,0.029946,0.015068
7.374806,-0.380522,0.563249,-0.307279,-0.440032,0.029946,0.015068
7.384869,-0.380522,0.564012,-0.309567,-0.440032,0.029564,0.015068
7.394930,-0.380522,0.564775,-0.310330,-0.440032,0.029564,0.015068
7.404989,-0.380522,0.566300,-0.311475,-0.440032,0.029564,0.015068
7.415053,-0.380522,0.567445,-0.312238,-0.440032,0.029564,0.015068
7.425112,-0.380140,0.568208,-0.313382,-0.440032,0.029564,0.015068
7.435172,-0.380140,0.568971,-0.314145,-0.440032,0.029564,0.015068
7.445232,-0.379759,0.570115,-0.315671,-0.440032,0.029564,0.015068
7.455295,-0.379759,0.571260,-0.316434,-0.440032,0.029564,0.015068
7.465350,-0.379377,0.573167,-0.317960,-0.440032,0.028801,0.015068
7.475415,-0.379377,0.574311,-0.319104,-0.440032,0.028801,0.015068
7.485467,-0.378996,0.575456,-0.321393,-0.440032,0.028801,0.015068
7.495530,-0.378996,0.576600,-0.322538,-0.440032,0.028801,0.015068
7.505593,-0.378233,0.578126,-0.323682,-0.440032,0.028801,0.015068
7.515659,-0.377852,0.578889,-0.324445,-0.439651,0.028420,0.010491
7.525711,-0.377089,0.580034,-0.325589,-0.439651,0.028038,0.010491
7.535765,-0.376707,0.580415,-0.326352,-0.440032,0.027276,0.010491
7.545789,-0.375944,0.580797,-0.327497,-0.440032,0.025750,0.010491
7.555856,-0.374418,0.581559,-0.328641,-0.439651,0.024605,0.010491
7.565920,-0.373274,0.582322,-0.329786,-0.439651,0.023842,0.010491
7.575981,-0.371748,0.583848,-0.331312,-0.440032,0.022698,0.010491
7.586045,-0.370985,0.584993,-0.332456,-0.439651,0.022316,0.010491
7.596110,-0.370603,0.586519,-0.334745,-0.440032,0.022698,0.010491
7.606172,-0.370222,0.586900,-0.335508,-0.440032,0.022698,0.010491
7.616233,-0.369841,0.588045,-0.337034,-0.440032,0.022698,0.010491
7.626298,-0.369459,0.588808,-0.338178,-0.439651,0.022698,0.010491
7.636363,-0.369459,0.589570,-0.339704,-0.440032,0.022316,0.010491
7.646429,-0.369459,0.589570,-0.340848,-0.439651,0.022316,0.010491
7.656490,-0.369459,0.590333,-0.341993,-0.439651,0.021935,0.010491
7.666554,-0.369459,0.590715,-0.343137,-0.439651,0.021553,0.010491
7.676619,-0.369459,0.591478,-0.345045,-0.440032,0.021935,0.010491
7.686684,-0.369459,0.592241,-0.346571,-0.439651,0.021935,0.010491
7.696747,-0.369459,0.593385,-0.348096,-0.439651,0.021935,0.010491
7.706813,-0.369459,0.593767,-0.348859,-0.439651,0.021935,0.010491
7.716876,-0.369078,0.594911,-0.350385,-0.439651,0.021935,0.010491
7.726938,-0.369078,0.595293,-0.351530,-0.439651,0.021935,0.010491
7.737001,-0.369078,0.596056,-0.353056,-0.439651,0.021935,0.010491
7.747067,-0.369078,0.596437,-0.353819,-0.439651,0.021935,0.010491
7.757154,-0.369078,0.597200,-0.355344,-0.439651,0.021935,0.010491
7.767214,-0.369078,0.597581,-0.356870,-0.439651,0.021935,0.010491
7.777275,-0.369078,0.597963,-0.358015,-0.439651,0.021935,0.010491
7.787340,-0.369078,0.598726,-0.360304,-0.439651,0.021935,0.010491
7.797404,-0.368696,0.599107,-0.361067,-0.439651,0.021935,0.010491
7.807468,-0.368696,0.599870,-0.362211,-0.439651,0.021935,0.010491
7.817529,-0.368315,0.599870,-0.363355,-0.439651,0.021935,0.010491
7.827594,-0.368315,0.600252,-0.364881,-0.439651,0.021935,0.004005
7.837656,-0.367933,0.600252,-0.366026,-0.439651,0.021935,0.004005
7.847719,-0.367552,0.600633,-0.367170,-0.439651,0.021935,0.004005
7.857780,-0.367552,0.601015,-0.368315,-0.439651,0.021935,0.004005
7.867843,-0.367170,0.601778,-0.369841,-0.439651,0.021935,0.004005
7.877907,-0.366789,0.602159,-0.371366,-0.439651,0.021935,0.004005
7.887972,-0.366407,0.602922,-0.372892,-0.439651,0.021935,0.004005
7.898038,-0.366026,0.602922,-0.374037,-0.439651,0.021935,0.004005
7.908101,-0.365644,0.603304,-0.375563,-0.439651,0.021935,0.004005
7.918164,-0.365263,0.603304,-0.376326,-0.439651,0.021935,0.004005
7.928228,-0.364881,0.603304,-0.378233,-0.439269,0.021935,0.004005
7.938294,-0.364500,0.602922,-0.378996,-0.438888,0.021935,0.004005
7.948358,-0.364118,0.603304,-0.380903,-0.438888,0.021935,0.004005
7.958422,-0.364118,0.603304,-0.382048,-0.438888,0.021935,0.004005
7.968474,-0.364118,0.603685,-0.384337,-0.438888,0.021935,0.004005
7.978536,-0.364118,0.604067,-0.385100,-0.438888,0.021935,0.004005
7.988598,-0.364118,0.604448,-0.385863,-0.438888,0.021935,0.004005
7.998660,-0.364118,0.604448,-0.387770,-0.438888,0.021935,0.004005
8.008722,-0.364118,0.604448,-0.388914,-0.438888,0.021935,0.004005
8.018781,-0.364118,0.604448,-0.390440,-0.438888,0.021935,0.004005
8.028845,-0.364118,0.604448,-0.391203,-0.438888,0.021935,0.004005
8.038907,-0.364118,0.604448,-0.392348,-0.438888,0.021935,0.004005
8.048969,-0.364118,0.604448,-0.393492,-0.438888,0.021935,0.004005
8.059019,-0.364118,0.604448,-0.395399,-0.438888,0.021935,0.004005
8.069071,-0.364118,0.604829,-0.396544,-0.438888,0.021935,0.004005
8.079133,-0.364118,0.604829,-0.398070,-0.438888,0.021935,0.004005
8.089196,-0.364118,0.604829,-0.398451,-0.438888,0.021935,0.004005
8.099258,-0.364118,0.604829,-0.399977,-0.438888,0.021935,0.004005
8.109321,-0.364118,0.604829,-0.401122,-0.438888,0.021935,0.004005
8.119385,-0.364118,0.604829,-0.403029,-0.438888,0.021935,0.004005
8.129449,-0.364118,0.604829,-0.403792,-0.438888,0.021935,0.004005
8.139511,-0.364118,0.604829,-0.405318,-0.438506,0.021935,0.004005
8.149574,-0.364118,0.605211,-0.406081,-0.438506,0.021935,0.004005
8.159635,-0.364118,0.605974,-0.407988,-0.438506,0.021935,0.004005
8.169698,-0.364118,0.605974,-0.409514,-0.438125,0.021935,0.004005
8.179759,-0.364118,0.606355,-0.411040,-0.436599,0.021935,0.004005
8.189821,-0.364118,0.606737,-0.411803,-0.436217,0.021935,0.004005
8.199886,-0.364118,0.606737,-0.412947,-0.435836,0.021935,0.004005
8.209952,-0.364118,0.606737,-0.414855,-0.434691,0.021935,0.004005
8.220013,-0.364118,0.606737,-0.415999,-0.433547,0.021935,0.004005
8.230077,-0.364118,0.606737,-0.417906,-0.431640,0.021935,0.004005
8.240142,-0.364118,0.607118,-0.419051,-0.430495,0.021935,0.004005
8.250205,-0.364118,0.607500,-0.420958,-0.429351,0.021935,0.004005
8.260267,-0.364118,0.607881,-0.422103,-0.428206,0.021935,0.004005
8.270294,-0.364118,0.608644,-0.423629,-0.426299,0.021935,0.004005
8.280358,-0.364118,0.608644,-0.424773,-0.425154,0.021935,0.004005
8.290418,-0.364118,0.609026,-0.426299,-0.423629,0.021935,0.004005
8.300482,-0.364118,0.609026,-0.427443,-0.422866,0.021935,0.004005
8.310546,-0.364118,0.609407,-0.428588,-0.421340,0.021935,0.004005
8.320608,-0.364118,0.609407,-0.429351,-0.420577,0.021935,0.004005
8.330660,-0.364118,0.609789,-0.431258,-0.418669,0.021935,0.004005
8.340714,-0.364118,0.609789,-0.432403,-0.417144,0.021935,0.004005
8.350765,-0.364118,0.609789,-0.433928,-0.414855,0.021935,0.004005
8.360818,-0.364118,0.609789,-0.434691,-0.413329,0.021935,0.004005
8.370870,-0.364118,0.609789,-0.435836,-0.411040,0.021935,0.004005
8.380922,-0.364118,0.609789,-0.436599,-0.409895,0.021935,0.004005
8.390974,-0.364118,0.609789,-0.437743,-0.408370,0.021935,0.004005
8.401026,-0.364118,0.609789,-0.438125,-0.407225,0.021935,0.004005
8.411078,-0.364118,0.609789,-0.439651,-0.405318,0.021935,0.004005
8.421131,-0.364118,0.609789,-0.440414,-0.403792,0.021935,0.004005
8.431184,-0.364118,0.609789,-0.441176,-0.402647,0.021935,0.004005
8.441235,-0.364118,0.609789,-0.442321,-0.400740,0.021935,0.004005
8.451287,-0.364118,0.609789,-0.443084,-0.399214,0.021935,0.004005
8.461337,-0.364118,0.609789,-0.444610,-0.396925,0.021935,0.004005
8.471389,-0.364118,0.609789,-0.445754,-0.395781,0.021935,0.004005
8.481444,-0.364118,0.609789,-0.447280,-0.393111,0.021935,0.004005
8.491497,-0.364118,0.609789,-0.448043,-0.391585,0.021935,0.004005
8.501552,-0.364500,0.609789,-0.449569,-0.389677,0.021935,0.004005
8.511610,-0.364500,0.609789,-0.450332,-0.389296,0.021935,0.004005
8.521664,-0.364500,0.609789,-0.451095,-0.387388,0.021935,0.004005
8.531727,-0.364500,0.609789,-0.452239,-0.386625,0.021935,0.004005
8.541790,-0.364500,0.609789,-0.453384,-0.384718,0.021935,0.004005
8.551854,-0.364500,0.609789,-0.454528,-0.383574,0.021935,0.004005
8.561914,-0.364500,0.609789,-0.455673,-0.381666,0.021935,0.004005
8.571978,-0.364500,0.609789,-0.456435,-0.379759,0.021935,0.004005
8.582039,-0.364500,0.609789,-0.457961,-0.377470,0.021935,0.004005
8.592101,-0.364500,0.609789,-0.459106,-0.375563,0.021935,0.004005
8.602162,-0.364500,0.609407,-0.460250,-0.373274,0.021935,0.004005
8.612224,-0.364500,0.609407,-0.461395,-0.372129,0.021935,0.004005
8.622276,-0.364500,0.609026,-0.462539,-0.370222,0.021935,0.004005
8.632341,-0.364500,0.609026,-0.463302,-0.369841,0.021935,0.004005
8.642405,-0.364500,0.609026,-0.464065,-0.368696,0.021935,0.004005
8.652469,-0.364881,0.609026,-0.465209,-0.367170,0.021935,0.004005
8.662531,-0.364881,0.609026,-0.465972,-0.366026,0.021935,0.004005
8.672598,-0.364881,0.609026,-0.467498,-0.364118,0.021935,0.004005
8.682664,-0.364881,0.609026,-0.468643,-0.363355,0.021935,0.004005
8.692729,-0.364881,0.609026,-0.469787,-0.361067,0.021935,0.004005
8.702794,-0.365263,0.609026,-0.470932,-0.359541,0.021935,0.004005
8.712855,-0.365263,0.609026,-0.472457,-0.357633,0.021935,0.004005
8.722917,-0.365263,0.609026,-0.473220,-0.356870,0.021935,0.004005
8.732981,-0.365263,0.608644,-0.473983,-0.355726,0.021935,0.004005
8.743041,-0.365263,0.608644,-0.475128,-0.354582,0.021935,0.004005
8.753093,-0.365263,0.607881,-0.476272,-0.353056,0.022316,0.004005
8.763145,-0.365644,0.607500,-0.477035,-0.351911,0.022316,0.004005
8.773197,-0.365644,0.607500,-0.478180,-0.350767,0.022316,0.004005
8.783250,-0.365644,0.607500,-0.478943,-0.349622,0.022316,0.004005
8.793284,-0.366026,0.607118,-0.480087,-0.347333,0.022316,0.004005
8.803338,-0.366026,0.606737,-0.481231,-0.345808,0.022316,0.004005
8.813390,-0.366026,0.605974,-0.482757,-0.343519,0.022316,0.004005
8.823443,-0.366026,0.605592,-0.483902,-0.341611,0.022316,0.004005
8.833475,-0.366026,0.604067,-0.485046,-0.338941,0.022316,0.004005
8.843541,-0.366407,0.603304,-0.485428,-0.337415,0.022316,0.004005
8.853605,-0.366407,0.602159,-0.486572,-0.335508,0.022316,0.004005
8.863669,-0.366789,0.601396,-0.486954,-0.334363,0.022316,0.004005
8.873722,-0.367170,0.599870,-0.487716,-0.332456,0.022316,0.004005
8.883787,-0.367552,0.598344,-0.487716,-0.330930,0.022316,0.004005
8.893850,-0.367552,0.597581,-0.488098,-0.330167,0.022316,0.004005
8.903914,-0.367933,0.596437,-0.488861,-0.328260,0.022316,0.004005
8.913979,-0.368315,0.596056,-0.489624,-0.326734,0.022316,0.004005
8.924033,-0.369078,0.595293,-0.490768,-0.324445,0.022316,0.004005
8.934088,-0.369841,0.594530,-0.491150,-0.323301,0.022316,0.004005
8.944142,-0.370985,0.593767,-0.492294,-0.320630,0.022316,0.004005
8.954195,-0.371366,0.592622,-0.493057,-0.319104,0.022698,0.004005
8.964249,-0.371748,0.591478,-0.494583,-0.317197,0.023079,0.004005
8.974304,-0.372129,0.590333,-0.495346,-0.315671,0.023079,0.004005
8.984358,-0.372511,0.589189,-0.496872,-0.313382,0.023079,0.004005
8.994410,-0.372511,0.588426,-0.497635,-0.311856,0.023079,0.004005
9.004466,-0.373274,0.587282,-0.498779,-0.309567,0.023079,0.004005
9.014521,-0.373655,0.586519,-0.499924,-0.308042,0.023079,0.004005
9.024584,-0.373655,0.585374,-0.501068,-0.306134,0.023079,0.004005
9.034647,-0.373655,0.584993,-0.501831,-0.305371,0.023079,0.004005
9.044708,-0.373655,0.584230,-0.502976,-0.303464,0.023079,0.004005
9.054771,-0.374037,0.584230,-0.503738,-0.302319,0.023079,0.004005
9.064834,-0.374418,0.583467,-0.504883,-0.300031,0.023461,0.004005
9.074897,-0.374418,0.583085,-0.506027,-0.298505,0.023461,0.004005
9.084951,-0.374800,0.582322,-0.507172,-0.296216,0.023461,0.004005
9.095005,-0.375563,0.581941,-0.508316,-0.294308,0.023461,0.004005
9.105067,-0.375944,0.580415,-0.509461,-0.291638,0.023842,0.004005
9.115131,-0.376707,0.579271,-0.510224,-0.290494,0.023842,0.004005
9.125192,-0.377470,0.577745,-0.510986,-0.288205,0.024224,0.004005
9.135255,-0.377852,0.576982,-0.511368,-0.287060,0.025368,0.004005
9.145320,-0.378233,0.576219,-0.512131,-0.285916,0.026513,0.004005
9.155384,-0.379377,0.574311,-0.512894,-0.284771,0.027276,0.004005
9.165449,-0.379759,0.573548,-0.512894,-0.283627,0.027276,0.004005
9.175511,-0.380522,0.572786,-0.514038,-0.282101,0.027276,0.004768
9.185574,-0.380903,0.572404,-0.514801,-0.280575,0.027276,0.004768
9.195638,-0.382048,0.571641,-0.515564,-0.278668,0.027657,0.004768
9.205704,-0.382811,0.571260,-0.516327,-0.277523,0.028038,0.004768
9.215766,-0.383955,0.570878,-0.516709,-0.275235,0.029564,0.004768
9.225830,-0.384718,0.570115,-0.517472,-0.273709,0.031090,0.004768
9.235894,-0.385863,0.568971,-0.518616,-0.272564,0.033379,0.004768
9.245958,-0.386625,0.567826,-0.518997,-0.271420,0.034524,0.004768
9.256023,-0.387388,0.565919,-0.519760,-0.269131,0.036049,0.004768
9.266086,-0.388151,0.564775,-0.520905,-0.267605,0.037575,0.004768
9.276143,-0.389296,0.563630,-0.522049,-0.265316,0.039483,0.004768
9.286205,-0.390059,0.562486,-0.522812,-0.264172,0.040627,0.004768
9.296259,-0.390822,0.560960,-0.523575,-0.261883,0.041390,0.008202
9.306325,-0.391203,0.560197,-0.524338,-0.260739,0.041390,0.008202
9.316380,-0.391585,0.559052,-0.525101,-0.258831,0.041390,0.008202
9.326432,-0.391966,0.558671,-0.525483,-0.257687,0.041772,0.008202
9.336484,-0.392348,0.557908,-0.526627,-0.255779,0.041772,0.008202
9.346536,-0.393111,0.557527,-0.527390,-0.254253,0.041772,0.008202
9.356589,-0.394255,0.557145,-0.528153,-0.251965,0.042153,0.008202
9.366642,-0.395399,0.556001,-0.528534,-0.250820,0.042535,0.008202
9.376695,-0.396162,0.554475,-0.529297,-0.248150,0.042535,0.008202
9.386747,-0.397307,0.553330,-0.530060,-0.246624,0.042535,0.008202
9.396799,-0.398070,0.551804,-0.530823,-0.244335,0.042535,0.008202
9.406851,-0.398833,0.550660,-0.531205,-0.242809,0.042535,0.008202
9.416942,-0.400359,0.548753,-0.531586,-0.240139,0.042535,0.008202
9.427007,-0.401503,0.547608,-0.532349,-0.239376,0.042535,0.008202
9.437071,-0.402266,0.547227,-0.533112,-0.238231,0.042535,0.008202
9.447136,-0.403410,0.546464,-0.533875,-0.235943,0.042916,0.008202
9.457203,-0.404173,0.545701,-0.534638,-0.234798,0.042916,0.008202
9.467268,-0.404936,0.544938,-0.535782,-0.232891,0.042916,0.008202
9.477295,-0.406081,0.544175,-0.536164,-0.232128,0.042916,0.008202
9.487361,-0.407988,0.542267,-0.536545,-0.230602,0.044060,0.008202
9.497427,-0.408751,0.541123,-0.537308,-0.229076,0.046349,0.008202
9.507494,-0.410277,0.539597,-0.537308,-0.227169,0.051308,0.008202
9.517541,-0.411421,0.538453,-0.537308,-0.226024,0.054742,0.008202
9.527593,-0.413329,0.535782,-0.537308,-0.224498,0.059319,0.008202
9.537645,-0.414473,0.534638,-0.537308,-0.223354,0.061990,0.008202
9.547697,-0.415999,0.533112,-0.537308,-0.221447,0.066186,0.008202
9.557750,-0.416381,0.532349,-0.537690,-0.220684,0.069238,0.008202
9.567801,-0.417144,0.531205,-0.537690,-0.219158,0.071908,0.008202
9.577855,-0.417906,0.530060,-0.537690,-0.218013,0.073434,0.008202
9.587907,-0.419051,0.528534,-0.537690,-0.216106,0.075723,0.008202
9.597959,-0.419814,0.527771,-0.537690,-0.214580,0.077630,0.008202
9.608010,-0.421340,0.526627,-0.538071,-0.212673,0.079538,0.008202
9.618063,-0.422103,0.525864,-0.538071,-0.211147,0.080301,0.012398
9.628115,-0.423247,0.523957,-0.538071,-0.208858,0.080301,0.012398
9.638167,-0.424392,0.522812,-0.538071,-0.207713,0.080301,0.012398
9.648219,-0.425917,0.521668,-0.538453,-0.206569,0.080301,0.012398
9.658272,-0.426680,0.521286,-0.538453,-0.205806,0.080682,0.012398
9.668282,-0.427825,0.520523,-0.538834,-0.204662,0.080682,0.012398
9.678336,-0.428969,0.519760,-0.539216,-0.203517,0.080301,0.012398
9.688399,-0.430495,0.518997,-0.539979,-0.201228,0.080682,0.012398
9.698455,-0.431640,0.517853,-0.540742,-0.200084,0.081445,0.012398
9.708516,-0.432784,0.517090,-0.541123,-0.198558,0.083352,0.012398
9.718580,-0.434691,0.515946,-0.541886,-0.195888,0.086404,0.012398
9.728648,-0.435836,0.515183,-0.542649,-0.193980,0.087167,0.012398
9.738712,-0.437362,0.514038,-0.543793,-0.192073,0.086786,0.012398
9.748779,-0.438888,0.513275,-0.544175,-0.190166,0.086786,0.012398
9.758844,-0.440414,0.511368,-0.545319,-0.188258,0.087167,0.012398
9.768906,-0.441176,0.510605,-0.546082,-0.187114,0.087167,0.012398
9.778969,-0.442321,0.509461,-0.546845,-0.185588,0.087167,0.012398
9.789031,-0.443465,0.508698,-0.547227,-0.184443,0.087167,0.012398
9.799093,-0.445754,0.507553,-0.547990,-0.182918,0.087549,0.012398
9.809156,-0.446899,0.506409,-0.548371,-0.181392,0.087549,0.012398
9.819218,-0.448043,0.504120,-0.548753,-0.180247,0.087549,0.012398
9.829278,-0.448806,0.503357,-0.549134,-0.179484,0.087549,0.012398
9.839336,-0.450713,0.501450,-0.549134,-0.177958,0.087549,0.019646
9.849399,-0.452239,0.499542,-0.549516,-0.176814,0.087930,0.019646
9.859465,-0.453765,0.497635,-0.549516,-0.175288,0.088312,0.019646
9.869527,-0.454528,0.496490,-0.549516,-0.174144,0.089075,0.019646
9.879583,-0.456435,0.495346,-0.549516,-0.173762,0.091745,0.019646
9.889645,-0.458343,0.494202,-0.549516,-0.173762,0.094415,0.019646
9.899701,-0.460632,0.491913,-0.549516,-0.172618,0.097848,0.019646
9.909755,-0.461776,0.491150,-0.549516,-0.171855,0.100137,0.019646
9.919820,-0.462921,0.490005,-0.549516,-0.170710,0.103189,0.019646
9.929879,-0.464828,0.488861,-0.549897,-0.169184,0.108148,0.019646
9.939940,-0.465972,0.487335,-0.549897,-0.168040,0.110819,0.019646
9.950005,-0.467880,0.485428,-0.549897,-0.166133,0.115015,0.019646
9.960066,-0.469024,0.484283,-0.549897,-0.164607,0.118067,0.019646
9.970130,-0.470932,0.483139,-0.549897,-0.162318,0.122644,0.019646
9.980193,-0.472076,0.481994,-0.549897,-0.161173,0.125315,0.019646
9.990255,-0.473602,0.480087,-0.549897,-0.159648,0.128367,0.019646
10.000316,-0.475128,0.479324,-0.549897,-0.158503,0.130274,0.019646
10.010380,-0.477035,0.477798,-0.549897,-0.156596,0.132944,0.019646
10.020442,-0.477798,0.477035,-0.549897,-0.155070,0.134852,0.027276
10.030503,-0.478943,0.475128,-0.549897,-0.153162,0.137140,0.027276
10.040568,-0.480468,0.473602,-0.549897,-0.151637,0.138285,0.027276
10.050629,-0.482757,0.472457,-0.549897,-0.149348,0.140192,0.027276
10.060692,-0.483902,0.471313,-0.549897,-0.147822,0.140955,0.027276
10.070754,-0.485428,0.470169,-0.549897,-0.145914,0.140574,0.027276
10.080816,-0.486191,0.469406,-0.549897,-0.144770,0.140574,0.027276
10.090876,-0.488861,0.467117,-0.549897,-0.142863,0.140192,0.027276
10.100938,-0.490005,0.466354,-0.549897,-0.141718,0.140192,0.027276
10.111002,-0.492294,0.465209,-0.549897,-0.140192,0.140192,0.027276
10.121066,-0.493439,0.464065,-0.549897,-0.139048,0.140192,0.027276
10.131166,-0.495727,0.462539,-0.549897,-0.137140,0.140574,0.027276
10.141222,-0.497253,0.461395,-0.549897,-0.135615,0.140574,0.027276
10.151287,-0.498779,0.460250,-0.549897,-0.134852,0.140574,0.027276
10.161342,-0.501450,0.458724,-0.549897,-0.134089,0.140955,0.035286
10.171396,-0.502594,0.457961,-0.549897,-0.133326,0.141337,0.035286
10.181451,-0.504501,0.456435,-0.549897,-0.131800,0.142863,0.035286
10.191506,-0.506027,0.454910,-0.549897,-0.131037,0.144388,0.035286
10.201562,-0.508698,0.453384,-0.549897,-0.129129,0.146677,0.035286
10.211625,-0.510224,0.452621,-0.549897,-0.128748,0.148966,0.035286
10.221690,-0.512512,0.451095,-0.549897,-0.127985,0.152781,0.035286
10.231754,-0.514420,0.449950,-0.549897,-0.127985,0.156214,0.035286
10.241818,-0.516327,0.448043,-0.549897,-0.127222,0.161173,0.042535
10.251880,-0.517853,0.447280,-0.549897,-0.126459,0.163844,0.042535
10.261944,-0.520523,0.446136,-0.549897,-0.124933,0.167277,0.042535
10.272008,-0.521668,0.444991,-0.549897,-0.123789,0.169566,0.042535
10.282070,-0.523575,0.442702,-0.549897,-0.123026,0.171855,0.042535
10.292134,-0.524720,0.441558,-0.549897,-0.122644,0.173762,0.042535
10.302196,-0.527008,0.440032,-0.549897,-0.122263,0.175669,0.042535
10.312258,-0.528153,0.438888,-0.549897,-0.122263,0.176432,0.042535
10.322319,-0.530060,0.436599,-0.549897,-0.121881,0.177577,0.042535
10.332383,-0.531968,0.435454,-0.549897,-0.121500,0.177958,0.042535
10.342447,-0.533875,0.434310,-0.549897,-0.119974,0.179866,0.042535
10.352512,-0.535401,0.433928,-0.550278,-0.118830,0.181773,0.046349
10.362608,-0.538071,0.432021,-0.550660,-0.117304,0.184825,0.046349
10.372663,-0.539597,0.430495,-0.551041,-0.116541,0.186351,0.046349
10.382727,-0.540742,0.428969,-0.551423,-0.115396,0.188258,0.046349
10.392792,-0.543030,0.427443,-0.551423,-0.113870,0.190929,0.046349
10.402855,-0.544938,0.426299,-0.551423,-0.112345,0.192073,0.046349
10.412919,-0.547227,0.424392,-0.551804,-0.110437,0.193980,0.046349
10.422980,-0.548371,0.422866,-0.551804,-0.109293,0.196269,0.050164
10.433043,-0.551041,0.421340,-0.551804,-0.108148,0.198939,0.050164
10.443107,-0.552567,0.420577,-0.551804,-0.107004,0.200084,0.050164
10.453171,-0.554856,0.419051,-0.551804,-0.105859,0.200465,0.050164
10.463233,-0.556382,0.417525,-0.551804,-0.105097,0.200465,0.050164
10.473295,-0.558671,0.415999,-0.551804,-0.103571,0.200465,0.050164
10.483356,-0.560197,0.414855,-0.551804,-0.102426,0.200465,0.050164
10.493417,-0.562486,0.413329,-0.551804,-0.100900,0.200465,0.050164
10.503482,-0.564393,0.411803,-0.551804,-0.100137,0.200847,0.050164
10.513543,-0.566300,0.409895,-0.551804,-0.098230,0.200847,0.050164
10.523607,-0.568208,0.408751,-0.551804,-0.096704,0.201228,0.050164
10.533667,-0.570878,0.407607,-0.551804,-0.095560,0.203136,0.053979
10.543730,-0.572404,0.406081,-0.551804,-0.095560,0.205806,0.053979
10.553792,-0.575456,0.404555,-0.551804,-0.095560,0.210002,0.053979
10.563857,-0.577363,0.403792,-0.551804,-0.095560,0.213054,0.053979
10.573922,-0.579652,0.402266,-0.551804,-0.095560,0.218395,0.053979
10.583987,-0.581941,0.401122,-0.551804,-0.095560,0.221447,0.053979
10.594050,-0.583848,0.399977,-0.551804,-0.095560,0.224498,0.053979
10.604111,-0.585756,0.398070,-0.551804,-0.095560,0.229076,0.053979
10.614176,-0.587663,0.397688,-0.551804,-0.095560,0.231365,0.053979
10.624236,-0.589952,0.396162,-0.551804,-0.095560,0.234417,0.053979
10.634299,-0.591478,0.395018,-0.551804,-0.095560,0.237469,0.053979
10.644360,-0.594148,0.392729,-0.551804,-0.095560,0.240902,0.053979
10.654422,-0.596056,0.391585,-0.551804,-0.095560,0.243954,0.053979
10.664482,-0.598726,0.390440,-0.551804,-0.095178,0.248150,0.061227
10.674543,-0.600252,0.389296,-0.551804,-0.095178,0.250820,0.061227
10.684603,-0.602922,0.387388,-0.551804,-0.095178,0.254253,0.061227
10.694665,-0.604448,0.385863,-0.551804,-0.094797,0.255779,0.061227
10.704724,-0.607500,0.383955,-0.551804,-0.093652,0.257305,0.061227
10.714785,-0.609026,0.383192,-0.551804,-0.092508,0.259594,0.061227
10.724846,-0.611315,0.381285,-0.551804,-0.091363,0.262264,0.061227
10.734910,-0.613222,0.379759,-0.551804,-0.090219,0.263409,0.061227
10.744974,-0.615511,0.377852,-0.551804,-0.089456,0.264172,0.061227
10.755036,-0.617037,0.376326,-0.551804,-0.089075,0.264172,0.061227
10.765097,-0.620089,0.374037,-0.551423,-0.087930,0.264172,0.061227
10.775161,-0.621614,0.372892,-0.551423,-0.086786,0.265698,0.061227
10.785223,-0.623522,0.371366,-0.551423,-0.084497,0.267987,0.061227
10.795283,-0.626192,0.370603,-0.551423,-0.082971,0.267987,0.061227
10.805336,-0.628099,0.369459,-0.551423,-0.082208,0.267987,0.061227
10.815399,-0.630770,0.367170,-0.551423,-0.080682,0.269512,0.069619
10.825463,-0.633059,0.366026,-0.551423,-0.079919,0.271420,0.069619
10.835527,-0.635729,0.364500,-0.551423,-0.078012,0.274853,0.069619
10.845589,-0.637636,0.362974,-0.551423,-0.077249,0.276761,0.069619
10.855652,-0.640688,0.360685,-0.551423,-0.076486,0.278668,0.069619
10.865711,-0.642596,0.359922,-0.551423,-0.076104,0.279431,0.069619
10.875774,-0.645647,0.358396,-0.551041,-0.075341,0.280957,0.080301
10.885835,-0.647555,0.357633,-0.550660,-0.075341,0.283627,0.080301
10.895897,-0.650607,0.356107,-0.550660,-0.075341,0.288968,0.080301
10.905960,-0.652132,0.354963,-0.550660,-0.074960,0.292020,0.080301
10.916025,-0.654803,0.353437,-0.550660,-0.074197,0.295834,0.080301
10.926087,-0.657092,0.351911,-0.550278,-0.073434,0.297360,0.080301
10.936150,-0.659380,0.350004,-0.550278,-0.072671,0.300793,0.084115
10.946214,-0.660906,0.348478,-0.549897,-0.071908,0.303082,0.084115
10.956278,-0.663958,0.346952,-0.549516,-0.071908,0.305753,0.084115
10.966296,-0.665103,0.346189,-0.549134,-0.071527,0.307660,0.084878
10.976357,-0.667391,0.344282,-0.548753,-0.071908,0.309186,0.084878
10.986420,-0.669680,0.342756,-0.547990,-0.071908,0.309949,0.084878
10.996481,-0.671969,0.341230,-0.547227,-0.071908,0.312238,0.084878
11.006543,-0.673495,0.340085,-0.546845,-0.071908,0.314145,0.084878
11.016668,-0.676165,0.338941,-0.546464,-0.071908,0.316815,0.088312
11.026731,-0.678073,0.337034,-0.545701,-0.071908,0.319486,0.088312
11.036792,-0.679980,0.335508,-0.545319,-0.071908,0.322156,0.088312
11.046855,-0.682650,0.334363,-0.544556,-0.071527,0.325589,0.088312
11.056916,-0.684558,0.333219,-0.544556,-0.071527,0.327878,0.088312
11.066979,-0.686847,0.332074,-0.543793,-0.071527,0.331693,0.088312
11.077032,-0.688754,0.330930,-0.543793,-0.071527,0.333219,0.088312
11.087096,-0.691424,0.329404,-0.543412,-0.071908,0.334745,0.088312
11.097161,-0.693332,0.328641,-0.543030,-0.071527,0.335889,0.088312
11.107223,-0.695621,0.326734,-0.542649,-0.071527,0.339322,0.088312
11.117286,-0.697528,0.325971,-0.542267,-0.071527,0.341993,0.088312
11.127300,-0.700198,0.323682,-0.541505,-0.071527,0.342756,0.088312
11.137355,-0.701724,0.322919,-0.541123,-0.071527,0.342756,0.088312
11.147416,-0.704013,0.321393,-0.540742,-0.071527,0.342756,0.088312
11.157479,-0.705921,0.320630,-0.540360,-0.071527,0.343137,0.088312
11.167541,-0.708591,0.318723,-0.539979,-0.071527,0.346571,0.088312
11.177603,-0.710117,0.317578,-0.539216,-0.071527,0.349241,0.088312
11.187666,-0.712787,0.316052,-0.538834,-0.071527,0.350385,0.088312
11.197730,-0.714694,0.314908,-0.538071,-0.071527,0.350385,0.088312
11.207790,-0.716602,0.313001,-0.536927,-0.071527,0.351148,0.088312
11.217853,-0.718128,0.311093,-0.535782,-0.071527,0.352674,0.088312
11.227926,-0.721180,0.309567,-0.534638,-0.071527,0.356489,0.088312
11.237988,-0.722705,0.308804,-0.534638,-0.071527,0.358778,0.088312
11.248050,-0.724231,0.307660,-0.533875,-0.071527,0.361448,0.088312
11.258112,-0.726902,0.305371,-0.532731,-0.070764,0.364118,0.088312
11.268174,-0.728428,0.304608,-0.531968,-0.070001,0.365644,0.088312
11.278237,-0.731098,0.303464,-0.531205,-0.070001,0.369078,0.088312
11.288298,-0.732624,0.302701,-0.530442,-0.070001,0.372892,0.088312
11.298361,-0.734913,0.301175,-0.528916,-0.070001,0.377470,0.088312
11.308425,-0.736439,0.299649,-0.528534,-0.070001,0.379377,0.088312
11.318487,-0.738727,0.298123,-0.527771,-0.070001,0.381666,0.088312
11.328550,-0.739872,0.296979,-0.526627,-0.070001,0.383192,0.088312
11.338613,-0.741779,0.295834,-0.525483,-0.070001,0.384337,0.088312
11.348674,-0.743305,0.294690,-0.524720,-0.070001,0.385481,0.088312
11.358727,-0.745212,0.293164,-0.523194,-0.070001,0.388533,0.088312
11.368779,-0.746738,0.292020,-0.522431,-0.070001,0.390440,0.088312
11.378831,-0.749027,0.290494,-0.521286,-0.070001,0.391966,0.088312
11.388883,-0.750553,0.289349,-0.520142,-0.070001,0.393111,0.088312
11.398936,-0.752461,0.287442,-0.518997,-0.070001,0.396162,0.091745
11.408987,-0.753605,0.286297,-0.517853,-0.070001,0.398451,0.091745
11.419038,-0.755894,0.285153,-0.516327,-0.070001,0.400740,0.091745
11.429089,-0.757420,0.284390,-0.515564,-0.070001,0.401884,0.091745
11.439222,-0.759327,0.282864,-0.514420,-0.070001,0.403792,0.091745
11.449275,-0.760472,0.282101,-0.513657,-0.070001,0.404555,0.091745
11.459327,-0.761616,0.280957,-0.512894,-0.070001,0.405318,0.091745
11.469391,-0.763905,0.279431,-0.511368,-0.070001,0.406081,0.091745
11.479455,-0.765049,0.278286,-0.510224,-0.070001,0.406081,0.091745
11.489508,-0.766575,0.276379,-0.508316,-0.070001,0.406081,0.091745
11.499560,-0.768101,0.274853,-0.507172,-0.070001,0.406081,0.091745
11.509612,-0.770008,0.273327,-0.506027,-0.070001,0.407607,0.091745
11.519666,-0.771534,0.272564,-0.504883,-0.070001,0.409133,0.091745
11.529718,-0.773442,0.271420,-0.503357,-0.070001,0.410658,0.091745
11.539770,-0.775349,0.270657,-0.502594,-0.070001,0.410658,0.091745
11.549821,-0.776875,0.269512,-0.501068,-0.070001,0.410658,0.091745
11.559875,-0.777638,0.268368,-0.500305,-0.070001,0.410658,0.091745
11.569926,-0.779545,0.267224,-0.498398,-0.070001,0.411040,0.091745
11.579978,-0.780690,0.266079,-0.497253,-0.070001,0.412184,0.091745
11.590030,-0.782979,0.264172,-0.495727,-0.070001,0.414092,0.091745
11.600094,-0.784123,0.263027,-0.494965,-0.070001,0.415999,0.091745
11.610155,-0.785649,0.261120,-0.493057,-0.070001,0.419051,0.091745
11.620218,-0.787175,0.260357,-0.491913,-0.070001,0.420958,0.091745
11.630284,-0.788701,0.259594,-0.490768,-0.070001,0.424010,0.091745
11.640348,-0.789845,0.258831,-0.489624,-0.070001,0.426299,0.091745
11.650521,-0.790990,0.258068,-0.488479,-0.070001,0.428969,0.091745
11.660585,-0.791752,0.257305,-0.487335,-0.070001,0.430877,0.091745
11.670648,-0.792897,0.256542,-0.486191,-0.070001,0.432403,0.091745
11.680713,-0.794423,0.255016,-0.484665,-0.070001,0.435454,0.091745
11.690775,-0.795567,0.253872,-0.483902,-0.070001,0.436599,0.091745
11.700838,-0.796712,0.252346,-0.482376,-0.070001,0.438506,0.091745
11.710902,-0.797475,0.251202,-0.481231,-0.070001,0.439651,0.091745
11.720967,-0.798619,0.249294,-0.479324,-0.070001,0.440414,0.091745
11.731029,-0.799382,0.248531,-0.478180,-0.070001,0.440414,0.091745
11.741092,-0.800908,0.247387,-0.477035,-0.070001,0.441939,0.091745
11.751156,-0.801671,0.246624,-0.476272,-0.070001,0.444228,0.091745
11.761221,-0.802815,0.245861,-0.475128,-0.070001,0.446899,0.091745
11.771282,-0.803578,0.245480,-0.473983,-0.070001,0.447280,0.091745
11.781345,-0.804341,0.244335,-0.472457,-0.070001,0.446899,0.091745
11.791409,-0.805486,0.243191,-0.471313,-0.070001,0.446899,0.091745
11.801470,-0.806630,0.241665,-0.469787,-0.070001,0.447280,0.091745
11.811534,-0.807393,0.240520,-0.469024,-0.070001,0.447280,0.091745
11.821597,-0.808537,0.239376,-0.467498,-0.070001,0.447280,0.091745
11.831659,-0.808919,0.238231,-0.466354,-0.070001,0.446899,0.091745
11.841721,-0.810445,0.236706,-0.464446,-0.070001,0.446517,0.091745
11.851785,-0.810826,0.235943,-0.463684,-0.070001,0.446899,0.091745
11.861847,-0.811589,0.234798,-0.462158,-0.070001,0.447280,0.091745
11.871909,-0.811971,0.234035,-0.461395,-0.070001,0.447280,0.091745
11.881973,-0.811971,0.233272,-0.459869,-0.070001,0.447280,0.114252
11.892035,-0.812352,0.232509,-0.459106,-0.070001,0.447280,0.114252
11.902094,-0.813115,0.231365,-0.457580,-0.070001,0.447280,0.114252
11.912156,-0.813497,0.230220,-0.456435,-0.070001,0.447280,0.114252
11.922219,-0.813878,0.229458,-0.454910,-0.070001,0.447662,0.114252
11.932282,-0.813878,0.228313,-0.453765,-0.070001,0.447662,0.114252
11.942344,-0.814641,0.227169,-0.452621,-0.070001,0.447662,0.114252
11.952407,-0.815023,0.226024,-0.451858,-0.070001,0.447662,0.114252
11.962531,-0.815785,0.224117,-0.449950,-0.070001,0.447662,0.114252
11.972583,-0.816167,0.223354,-0.448806,-0.070001,0.447662,0.114252
11.982644,-0.816167,0.222972,-0.447662,-0.070001,0.447662,0.114252
11.992699,-0.816930,0.221828,-0.446517,-0.070001,0.447662,0.114252
12.002725,-0.817693,0.221065,-0.445754,-0.070001,0.447662,0.114252
12.012792,-0.818456,0.220302,-0.444228,-0.070001,0.449187,0.114252
12.022856,-0.819219,0.219921,-0.443084,-0.070001,0.450332,0.114252
12.032921,-0.819982,0.218776,-0.441176,-0.070001,0.451858,0.114252
12.042974,-0.820363,0.218013,-0.440795,-0.070001,0.452239,0.114252
12.053039,-0.820363,0.216869,-0.439269,-0.070001,0.453765,0.114252
12.063104,-0.820363,0.216106,-0.438125,-0.070001,0.454528,0.114252
12.073169,-0.820745,0.214961,-0.436217,-0.070001,0.454910,0.114252
12.083231,-0.820363,0.214199,-0.435073,-0.070001,0.454910,0.114252
12.093293,-0.820745,0.212673,-0.433928,-0.070001,0.454910,0.114252
12.103356,-0.820745,0.211528,-0.433165,-0.070001,0.454910,0.114252
12.113416,-0.820745,0.211147,-0.432021,-0.070001,0.454910,0.130274
12.123480,-0.820745,0.210765,-0.430877,-0.070001,0.454910,0.130274
12.133540,-0.820745,0.210384,-0.429732,-0.070382,0.454528,0.130274
12.143602,-0.820745,0.210002,-0.428969,-0.070001,0.454528,0.130274
12.153665,-0.820745,0.209621,-0.428206,-0.070382,0.454528,0.130274
12.163729,-0.820745,0.209621,-0.427443,-0.070382,0.454528,0.130274
12.173794,-0.820745,0.209239,-0.426680,-0.070001,0.454528,0.130274
12.183856,-0.820745,0.208858,-0.425917,-0.070001,0.454528,0.130274
12.193909,-0.820745,0.208858,-0.424773,-0.070382,0.454528,0.130274
12.203973,-0.820745,0.208476,-0.424010,-0.070382,0.454528,0.130274
12.214038,-0.820745,0.208476,-0.423247,-0.070382,0.454528,0.130274
12.224098,-0.820745,0.208095,-0.422103,-0.070001,0.454528,0.130274
12.234161,-0.820745,0.207713,-0.421340,-0.070001,0.454528,0.130274
12.244221,-0.820745,0.207713,-0.420577,-0.070382,0.454528,0.130274
12.254283,-0.820745,0.207713,-0.419814,-0.070382,0.454528,0.130274
12.264349,-0.820745,0.207713,-0.418669,-0.070382,0.454528,0.130274
12.274413,-0.820745,0.207332,-0.418288,-0.070001,0.454528,0.130274
12.284476,-0.820745,0.207332,-0.417525,-0.070382,0.454528,0.130274
12.294539,-0.820745,0.207332,-0.417144,-0.070382,0.454528,0.130274
12.304599,-0.820745,0.206950,-0.416381,-0.070382,0.454528,0.130274
12.314662,-0.820745,0.206569,-0.416381,-0.070382,0.454528,0.130274
12.324725,-0.820745,0.205806,-0.415618,-0.070382,0.454528,0.130274
12.334790,-0.820745,0.205425,-0.415236,-0.070382,0.454528,0.130274
12.344854,-0.820745,0.204662,-0.414473,-0.070001,0.454528,0.130274
12.354916,-0.820745,0.204280,-0.414473,-0.070382,0.454528,0.130274
12.364976,-0.820745,0.203517,-0.413710,-0.070001,0.454528,0.130274
12.375038,-0.820745,0.203136,-0.413329,-0.070382,0.454528,0.130274
12.385102,-0.820745,0.202754,-0.412566,-0.070382,0.454528,0.130274
12.395166,-0.820745,0.202373,-0.412184,-0.070382,0.454528,0.130274
12.405218,-0.820745,0.202373,-0.412184,-0.070001,0.454528,0.130274
12.415280,-0.820745,0.202373,-0.412184,-0.070001,0.454910,0.130274
12.425344,-0.820745,0.202373,-0.411803,-0.070001,0.454910,0.130274
12.435404,-0.820745,0.202373,-0.411040,-0.070382,0.454528,0.130274
12.445466,-0.820745,0.202373,-0.411040,-0.070382,0.454528,0.130274
12.455530,-0.820745,0.202373,-0.411040,-0.070001,0.454528,0.130274
12.465592,-0.820745,0.202373,-0.411040,-0.070382,0.454528,0.130274
12.475655,-0.820745,0.202373,-0.410658,-0.070382,0.454528,0.130274
12.485715,-0.820745,0.202373,-0.410658,-0.070382,0.454528,0.130274
12.495778,-0.820745,0.202373,-0.410658,-0.070382,0.454528,0.130274
12.505840,-0.820745,0.202373,-0.410658,-0.070382,0.454528,0.130274
12.515904,-0.820745,0.202754,-0.410658,-0.070001,0.454528,0.130274
12.525967,-0.820745,0.202754,-0.410658,-0.070001,0.454528,0.130274
12.536028,-0.820745,0.202754,-0.410658,-0.070382,0.454528,0.130274
12.546089,-0.820745,0.202754,-0.410658,-0.070382,0.454528,0.130274
12.556152,-0.820745,0.202754,-0.410658,-0.070382,0.454528,0.130274
12.566216,-0.820745,0.202754,-0.410658,-0.070001,0.454528,0.130274
12.576276,-0.820745,0.202754,-0.410658,-0.070001,0.454528,0.130274
12.586295,-0.820745,0.202754,-0.410658,-0.070382,0.454528,0.130274
12.596356,-0.820745,0.202754,-0.410658,-0.070001,0.454528,0.130274
12.606420,-0.820745,0.202754,-0.411040,-0.070382,0.454528,0.130274
12.616472,-0.820745,0.202754,-0.411040,-0.070382,0.454528,0.130274
12.626534,-0.820745,0.203136,-0.411040,-0.070382,0.454528,0.130274
12.636596,-0.820745,0.203136,-0.411040,-0.070382,0.454528,0.130274
12.646655,-0.820745,0.203517,-0.411040,-0.070382,0.454528,0.130274
12.656718,-0.820745,0.203517,-0.411040,-0.070382,0.454528,0.130274
12.666775,-0.820745,0.204280,-0.411421,-0.070001,0.454528,0.130274
12.676840,-0.820745,0.204662,-0.411421,-0.070382,0.454528,0.130274
12.686904,-0.820745,0.205425,-0.411421,-0.070001,0.454528,0.130274
12.696966,-0.820745,0.206188,-0.411803,-0.070001,0.454528,0.130274
12.707027,-0.820745,0.207713,-0.411803,-0.070001,0.454528,0.130274
12.717088,-0.820745,0.208476,-0.412184,-0.070001,0.454528,0.130274
12.727151,-0.820363,0.210384,-0.412566,-0.070001,0.454528,0.130274
12.737215,-0.820363,0.211910,-0.412947,-0.070382,0.454528,0.130274
12.747274,-0.820363,0.213817,-0.413329,-0.070001,0.454528,0.130274
12.757293,-0.820363,0.214961,-0.413710,-0.070001,0.454528,0.130274
12.767349,-0.819982,0.217250,-0.414855,-0.070001,0.454528,0.130274
12.777411,-0.819600,0.218395,-0.415618,-0.070001,0.454528,0.130274
12.787472,-0.819219,0.220302,-0.416381,-0.070001,0.454528,0.130274
12.797534,-0.818837,0.222210,-0.417525,-0.070001,0.454147,0.130274
12.807594,-0.818837,0.225261,-0.419432,-0.070001,0.454147,0.130274
12.817656,-0.818456,0.226787,-0.420958,-0.070001,0.454147,0.130274
12.827727,-0.817693,0.229458,-0.422484,-0.070001,0.453765,0.129129
12.837793,-0.817311,0.231746,-0.424010,-0.070001,0.453384,0.129129
12.847846,-0.816548,0.233654,-0.425536,-0.070001,0.453384,0.129129
12.857904,-0.815404,0.236324,-0.428206,-0.070001,0.453384,0.129129
12.867967,-0.814641,0.238613,-0.429732,-0.070001,0.453384,0.129129
12.878030,-0.813497,0.240520,-0.432403,-0.070001,0.451858,0.128748
12.888094,-0.811971,0.242809,-0.434310,-0.070001,0.450713,0.128748
12.898158,-0.810063,0.245861,-0.436599,-0.070001,0.449187,0.128748
12.908219,-0.808537,0.248150,-0.438125,-0.070001,0.448043,0.126841
12.918283,-0.806249,0.250820,-0.441558,-0.070001,0.444991,0.126841
12.928297,-0.804341,0.252728,-0.443847,-0.070001,0.443084,0.126841
12.938353,-0.801289,0.255779,-0.446899,-0.070001,0.441558,0.122263
12.948417,-0.799382,0.258068,-0.448806,-0.070001,0.440032,0.122263
12.958477,-0.795949,0.261501,-0.451476,-0.070001,0.436599,0.122263
12.968541,-0.792897,0.263790,-0.453765,-0.070001,0.432784,0.122263
12.978604,-0.789464,0.266079,-0.457580,-0.070001,0.425154,0.122263
12.988669,-0.785649,0.268750,-0.459869,-0.070001,0.421721,0.122263
12.998731,-0.781071,0.272946,-0.462921,-0.070001,0.415618,0.122263
13.008795,-0.778019,0.275235,-0.465209,-0.070001,0.411040,0.122263
13.018856,-0.772297,0.277905,-0.469024,-0.070001,0.402647,0.122263
13.028918,-0.768864,0.280194,-0.471695,-0.070001,0.396162,0.122263
13.039013,-0.763142,0.284771,-0.474365,-0.070001,0.387770,0.122263
13.049078,-0.758564,0.287823,-0.476654,-0.070001,0.382811,0.122263
13.059143,-0.754368,0.289731,-0.478943,-0.070001,0.377470,0.122263
13.069204,-0.747883,0.293545,-0.483139,-0.070001,0.369459,0.122263
13.079264,-0.743305,0.296597,-0.485428,-0.070001,0.364500,0.122263
13.089326,-0.736820,0.301556,-0.488098,-0.070001,0.356870,0.122263
13.099389,-0.732242,0.303464,-0.490768,-0.070001,0.351911,0.122263
13.109453,-0.724613,0.308042,-0.494583,-0.070001,0.343519,0.122263
13.119514,-0.719654,0.311475,-0.496872,-0.070001,0.338941,0.122263
13.129578,-0.712406,0.316052,-0.499924,-0.070001,0.333219,0.122263
13.139641,-0.707065,0.319104,-0.501831,-0.070001,0.329023,0.122263
13.149701,-0.699054,0.324063,-0.505264,-0.070001,0.322156,0.122263
13.159765,-0.693713,0.327497,-0.508316,-0.070001,0.317578,0.116159
13.169826,-0.685702,0.332456,-0.510986,-0.070001,0.310712,0.116159
13.179888,-0.679980,0.335508,-0.512512,-0.070001,0.306516,0.116159
13.189951,-0.671588,0.340467,-0.515946,-0.070382,0.298886,0.116159
13.200016,-0.666247,0.344282,-0.518235,-0.070382,0.292782,0.116159
13.210075,-0.657473,0.350004,-0.521286,-0.070001,0.285534,0.116159
13.220139,-0.652132,0.353056,-0.522812,-0.070001,0.281338,0.116159
13.230203,-0.643359,0.358396,-0.525483,-0.070382,0.272946,0.116159
13.240265,-0.638018,0.362593,-0.527390,-0.070382,0.266461,0.116159
13.250293,-0.629244,0.367552,-0.530442,-0.070382,0.256924,0.116159
13.260358,-0.623522,0.371366,-0.531968,-0.070382,0.251965,0.116159
13.270541,-0.614748,0.377470,-0.534638,-0.070382,0.243954,0.078393
13.280605,-0.609026,0.381285,-0.536545,-0.070382,0.238231,0.078393
13.290667,-0.603304,0.385100,-0.537690,-0.070382,0.232128,0.078393
13.300730,-0.594911,0.390822,-0.540360,-0.070764,0.222972,0.078393
13.310789,-0.589189,0.394636,-0.541886,-0.071908,0.216869,0.078393
13.320852,-0.580034,0.401122,-0.543793,-0.073053,0.209239,0.078393
13.330916,-0.574311,0.404936,-0.544938,-0.073816,0.204662,0.078393
13.340981,-0.566300,0.411040,-0.546845,-0.074960,0.196269,0.078393
13.351040,-0.560578,0.415236,-0.547990,-0.076486,0.190166,0.078393
13.361104,-0.552186,0.421340,-0.549134,-0.079538,0.182155,0.078393
13.371168,-0.546464,0.425917,-0.549516,-0.081827,0.177577,0.078393
13.381233,-0.538834,0.431640,-0.550278,-0.086404,0.170329,0.078393
13.391296,-0.533112,0.435836,-0.550660,-0.089456,0.165370,0.078393
13.401359,-0.525483,0.441939,-0.551041,-0.094415,0.158122,0.078393
13.411423,-0.520142,0.446136,-0.551423,-0.097848,0.153544,0.078393
13.421484,-0.512512,0.452621,-0.551804,-0.103189,0.147440,0.078393
13.431547,-0.507553,0.457198,-0.551804,-0.106622,0.143244,0.078393
13.441611,-0.500305,0.463302,-0.552186,-0.111963,0.135996,0.078393
13.451664,-0.495346,0.467117,-0.552186,-0.115396,0.131800,0.078393
13.461717,-0.488479,0.473602,-0.552186,-0.121118,0.126078,0.078393
13.471768,-0.483520,0.477798,-0.552186,-0.125315,0.122644,0.078393
13.481822,-0.477417,0.483902,-0.552186,-0.131418,0.116541,0.078393
13.491884,-0.472457,0.488479,-0.551804,-0.135615,0.111963,0.078393
13.501967,-0.465972,0.494583,-0.551804,-0.142100,0.105859,0.078393
13.512032,-0.461776,0.498398,-0.551804,-0.146677,0.102426,0.078393
13.522085,-0.457580,0.502976,-0.551804,-0.151255,0.099374,0.078393
13.532140,-0.451858,0.509079,-0.551804,-0.158503,0.094034,0.078393
13.542193,-0.447662,0.513275,-0.551804,-0.163462,0.089837,0.078393
13.552247,-0.441939,0.519379,-0.551804,-0.171092,0.082971,0.056649
13.562299,-0.437743,0.523194,-0.551804,-0.176432,0.079156,0.056649
13.572361,-0.432021,0.528916,-0.551804,-0.184443,0.074197,0.056649
13.582425,-0.428969,0.533112,-0.551804,-0.189784,0.070382,0.056649
13.592485,-0.423629,0.538834,-0.551423,-0.197795,0.065423,0.056649
13.602539,-0.420195,0.542267,-0.551423,-0.203136,0.061990,0.056649
13.612592,-0.415618,0.547608,-0.551041,-0.211528,0.057031,0.056649
13.622644,-0.412184,0.551423,-0.550660,-0.216869,0.055123,0.056649
13.632696,-0.407988,0.556382,-0.549897,-0.226024,0.052071,0.056649
13.642748,-0.405318,0.559434,-0.549134,-0.232128,0.050164,0.056649
13.652800,-0.401503,0.564012,-0.547990,-0.241665,0.048257,0.056649
13.662853,-0.398833,0.566682,-0.546845,-0.248150,0.047112,0.056649
13.672914,-0.395018,0.571260,-0.544938,-0.257687,0.044823,0.056649
13.682975,-0.392729,0.573548,-0.543412,-0.264172,0.042535,0.056649
13.693036,-0.389296,0.577745,-0.541123,-0.272946,0.039101,0.056649
13.703101,-0.387007,0.580034,-0.539597,-0.279049,0.037194,0.056649
13.713162,-0.383955,0.583085,-0.536927,-0.288205,0.034142,0.056649
13.723225,-0.381666,0.585374,-0.534638,-0.293927,0.032235,0.056649
13.733291,-0.379377,0.588426,-0.531586,-0.303464,0.029183,0.056649
13.743346,-0.377852,0.590333,-0.529297,-0.309186,0.028801,0.056649
13.753467,-0.375563,0.593004,-0.525483,-0.317960,0.028801,0.056649
13.763531,-0.374037,0.594148,-0.522812,-0.324063,0.028420,0.056649
13.773592,-0.372511,0.595293,-0.520142,-0.329786,0.028038,0.056649
13.783655,-0.370985,0.597581,-0.515946,-0.338560,0.025368,0.056649
13.793720,-0.369459,0.599107,-0.512512,-0.344282,0.024224,0.056649
13.803784,-0.367933,0.600633,-0.507553,-0.352293,0.023461,0.056649
13.813843,-0.366789,0.601778,-0.504501,-0.358015,0.022698,0.056649
13.823905,-0.365644,0.603304,-0.499542,-0.366407,0.021553,0.015068
13.833967,-0.365263,0.604067,-0.495346,-0.371748,0.021553,0.015068
13.844028,-0.364881,0.604829,-0.489624,-0.379377,0.021553,0.015068
13.854092,-0.364500,0.604829,-0.485809,-0.384718,0.021553,0.015068
13.864153,-0.364118,0.605592,-0.478943,-0.391585,0.021935,0.015068
13.874216,-0.364118,0.605592,-0.474746,-0.396544,0.021935,0.015068
13.884280,-0.364118,0.605211,-0.468261,-0.403029,0.021935,0.015068
13.894341,-0.364118,0.605211,-0.463684,-0.406844,0.021935,0.015068
13.904402,-0.364118,0.604448,-0.456817,-0.412566,0.021935,0.015068
13.914466,-0.364118,0.604067,-0.452621,-0.416381,0.021935,0.015068
13.924526,-0.364500,0.603304,-0.445754,-0.421340,0.021935,0.015068
13.934590,-0.364500,0.602541,-0.441176,-0.424010,0.021935,0.015068
13.944646,-0.364500,0.601015,-0.434310,-0.428206,0.021935,0.003243
13.954710,-0.364500,0.599489,-0.429351,-0.430495,0.021935,0.003243
13.964777,-0.364881,0.596818,-0.422103,-0.433928,0.021935,0.003243
13.974842,-0.365263,0.595293,-0.417525,-0.435454,0.021935,0.003243
13.984904,-0.365263,0.593767,-0.412566,-0.436980,0.021935,0.003243
13.994966,-0.366026,0.589952,-0.405318,-0.439269,0.021935,0.003243
14.005026,-0.366789,0.587663,-0.400359,-0.440032,0.022316,0.003624
14.015087,-0.367933,0.583467,-0.393111,-0.440795,0.022316,0.003624
14.025152,-0.369841,0.580034,-0.388151,-0.440795,0.022316,0.003624
14.035214,-0.372511,0.573930,-0.380140,-0.440795,0.022698,0.003624
14.045276,-0.373655,0.570115,-0.375181,-0.440795,0.023461,0.003624
14.055340,-0.375181,0.563630,-0.367170,-0.440795,0.025368,0.003624
14.065403,-0.377089,0.558671,-0.362211,-0.440795,0.026513,0.003624
14.075468,-0.379377,0.551423,-0.354200,-0.440795,0.028420,0.004387
14.085531,-0.380903,0.545319,-0.348859,-0.440795,0.030327,0.004387
14.095589,-0.385100,0.536545,-0.341230,-0.440414,0.034524,0.004387
14.105653,-0.387388,0.530060,-0.335889,-0.440032,0.037957,0.004387
14.115715,-0.391585,0.520142,-0.328641,-0.438125,0.043297,0.004387
14.125777,-0.394636,0.512894,-0.324063,-0.436599,0.046349,0.004387
14.135839,-0.399596,0.501831,-0.317197,-0.434310,0.051308,0.012016
14.145899,-0.403410,0.493820,-0.313001,-0.431640,0.055886,0.012016
14.155960,-0.409133,0.481613,-0.306897,-0.427825,0.063134,0.012016
14.166022,-0.413329,0.472839,-0.303464,-0.424773,0.068093,0.012016
14.176084,-0.419814,0.459869,-0.297742,-0.419051,0.075341,0.012016
14.186148,-0.424392,0.451095,-0.294690,-0.414473,0.080301,0.012016
14.196208,-0.428969,0.442321,-0.292020,-0.409514,0.086023,0.012016
14.206269,-0.436599,0.428969,-0.287823,-0.401503,0.094797,0.012016
14.216292,-0.442321,0.420195,-0.285534,-0.395399,0.100519,0.012016
14.226344,-0.450332,0.406844,-0.281720,-0.385863,0.110056,0.012016
14.236396,-0.456054,0.397307,-0.279812,-0.378996,0.116922,0.012016
14.246448,-0.465209,0.382811,-0.277523,-0.367933,0.127985,0.012016
14.256511,-0.471313,0.372892,-0.275998,-0.360685,0.135233,0.012016
14.266574,-0.480850,0.358396,-0.274090,-0.349241,0.146296,0.012016
14.276639,-0.488098,0.349241,-0.272946,-0.341611,0.152781,0.012016
14.286698,-0.498398,0.335508,-0.271801,-0.330167,0.163844,0.012016
14.296762,-0.505264,0.326352,-0.271420,-0.322156,0.171855,0.012016
14.306826,-0.515946,0.313382,-0.271038,-0.309567,0.182536,0.012016
14.316886,-0.523575,0.304227,-0.271038,-0.301175,0.189403,0.012016
14.326947,-0.535019,0.292020,-0.271038,-0.288586,0.199702,0.012016
14.337009,-0.542649,0.283627,-0.271038,-0.280194,0.206950,0.012016
14.347072,-0.554093,0.272183,-0.271420,-0.268368,0.218013,0.012016
14.357136,-0.562486,0.264935,-0.271801,-0.260739,0.225261,0.012016
14.367197,-0.574693,0.254253,-0.272183,-0.249676,0.235943,0.012016
14.377260,-0.583085,0.247005,-0.272564,-0.242809,0.243572,0.012016
14.387297,-0.595674,0.237850,-0.272564,-0.232128,0.255398,0.012016
14.397361,-0.604067,0.231746,-0.272946,-0.224880,0.263790,0.012016
14.407471,-0.617037,0.223354,-0.273709,-0.214961,0.276761,0.012016
14.417535,-0.625811,0.218395,-0.274090,-0.208095,0.285153,0.012016
14.427601,-0.634203,0.214199,-0.274472,-0.201610,0.293927,0.012016
14.437665,-0.647555,0.207332,-0.275235,-0.192073,0.307279,0.012016
14.447725,-0.656329,0.203136,-0.275998,-0.185588,0.316434,0.012016
14.457789,-0.669299,0.197414,-0.277523,-0.176432,0.329786,0.012016
14.467853,-0.678073,0.194362,-0.278668,-0.170329,0.338560,0.012016
14.477918,-0.691043,0.190547,-0.280957,-0.161173,0.350767,0.012016
14.487979,-0.699435,0.187877,-0.282483,-0.155070,0.358778,0.012016
14.498043,-0.711643,0.185206,-0.285153,-0.146677,0.369459,0.012016
14.508106,-0.719654,0.184062,-0.287060,-0.141337,0.376707,0.012016
14.518172,-0.731098,0.182918,-0.290494,-0.134089,0.386625,0.012016
14.528234,-0.738727,0.182536,-0.292401,-0.129511,0.393111,0.012016
14.538298,-0.749409,0.182536,-0.296597,-0.123407,0.402647,0.012016
14.548362,-0.756275,0.182918,-0.299268,-0.119211,0.408370,0.012016
14.558423,-0.766194,0.183680,-0.303464,-0.113489,0.415618,0.012016
14.568485,-0.771916,0.184062,-0.306134,-0.110056,0.419814,0.012016
14.578546,-0.779927,0.185206,-0.311475,-0.105097,0.426680,0.012016
14.588609,-0.785267,0.185969,-0.314145,-0.101663,0.431258,0.012016
14.598670,-0.792134,0.187114,-0.319486,-0.097086,0.436217,0.012016
14.608734,-0.797093,0.188258,-0.323301,-0.094415,0.438506,0.012016
14.618787,-0.802434,0.189784,-0.328260,-0.090219,0.441176,0.012016
14.628849,-0.805104,0.190929,-0.331693,-0.087930,0.443084,0.012016
14.638912,-0.808156,0.192073,-0.335889,-0.085641,0.444228,0.012016
14.648974,-0.811208,0.194362,-0.341993,-0.082208,0.445373,0.012016
14.659036,-0.812734,0.196269,-0.346189,-0.079919,0.445373,0.012016
14.669100,-0.814260,0.199702,-0.352674,-0.077249,0.445373,0.012016
14.679163,-0.815023,0.201991,-0.357252,-0.075723,0.445373,0.012016
14.689225,-0.815023,0.205043,-0.364118,-0.073434,0.445373,0.012016
14.699289,-0.815023,0.208476,-0.368696,-0.071908,0.445373,0.012016
14.709354,-0.813878,0.213436,-0.375944,-0.070001,0.445373,0.012016
14.719417,-0.813115,0.215724,-0.380903,-0.068856,0.445373,0.012016
14.729479,-0.810826,0.219921,-0.388151,-0.067330,0.445373,0.012016
14.739542,-0.808919,0.223735,-0.393111,-0.066186,0.445373,0.012016
14.749602,-0.807012,0.229076,-0.401122,-0.064660,0.444610,0.012016
14.759666,-0.805104,0.232509,-0.406081,-0.063897,0.443084,0.012016
14.769729,-0.802052,0.238994,-0.413710,-0.063516,0.441939,0.012016
14.779792,-0.799382,0.242809,-0.418669,-0.063516,0.440032,0.012016
14.789857,-0.795186,0.249676,-0.426299,-0.063516,0.435454,0.012016
14.799921,-0.791371,0.254253,-0.431258,-0.063516,0.431640,0.012016
14.809984,-0.785267,0.260739,-0.438506,-0.063516,0.423629,0.012016
14.820048,-0.779927,0.265698,-0.443465,-0.063516,0.417906,0.012016
14.830170,-0.772297,0.272183,-0.450713,-0.063516,0.407988,0.012016
14.840234,-0.766194,0.277142,-0.455291,-0.063516,0.400359,0.012016
14.850317,-0.757038,0.283246,-0.462158,-0.063516,0.387388,0.012016
14.860382,-0.750935,0.288205,-0.466354,-0.063516,0.378614,0.012016
14.870445,-0.744068,0.292401,-0.471313,-0.063516,0.369841,0.012016
14.880510,-0.733387,0.299268,-0.477798,-0.063516,0.356870,0.012016
14.890575,-0.726139,0.304227,-0.481994,-0.063516,0.347715,0.012016
14.900631,-0.715076,0.311093,-0.488098,-0.063516,0.333600,0.012016
14.910686,-0.707446,0.316052,-0.492294,-0.063516,0.324063,0.012016
14.920741,-0.696002,0.323301,-0.498398,-0.063897,0.309949,0.012016
14.930798,-0.688373,0.328641,-0.501831,-0.063897,0.300793,0.023079
14.940860,-0.676928,0.335889,-0.507172,-0.063897,0.288586,0.023079
14.950922,-0.668917,0.340848,-0.510986,-0.064279,0.280575,0.023079
14.960985,-0.657855,0.348096,-0.515564,-0.065042,0.269512,0.023079
14.971049,-0.650225,0.353056,-0.518235,-0.065423,0.262646,0.023079
14.981111,-0.639162,0.360304,-0.523194,-0.066567,0.252346,0.023079
14.991174,-0.631533,0.365263,-0.525483,-0.066949,0.246242,0.023079
15.001238,-0.620851,0.372511,-0.529297,-0.068093,0.237850,0.023079
15.011296,-0.613603,0.377470,-0.531586,-0.069619,0.232509,0.023079
15.021357,-0.602922,0.384718,-0.535401,-0.071527,0.225261,0.023079
15.031419,-0.596056,0.389677,-0.536927,-0.073434,0.220684,0.023079
15.041482,-0.585756,0.396544,-0.539597,-0.076104,0.212673,0.023079
15.051547,-0.578889,0.401884,-0.541505,-0.078393,0.207332,0.023079
15.061601,-0.568971,0.408751,-0.544175,-0.081445,0.200465,0.023079
15.071664,-0.562486,0.414092,-0.545319,-0.083734,0.195888,0.023079
15.081725,-0.555619,0.418288,-0.546845,-0.086023,0.190929,0.023079
15.091786,-0.546464,0.425917,-0.548371,-0.090219,0.183299,0.023079
15.101848,-0.540742,0.429732,-0.549134,-0.093271,0.177958,0.023079
15.111908,-0.531586,0.436980,-0.550278,-0.097848,0.169566,0.023079
15.121971,-0.526246,0.441176,-0.551041,-0.101282,0.163844,0.023079
15.132030,-0.517472,0.447662,-0.552186,-0.105859,0.156596,0.023079
15.142092,-0.512131,0.452239,-0.552567,-0.109293,0.152018,0.064660
15.152151,-0.504883,0.458343,-0.552949,-0.114252,0.144770,0.064660
15.162204,-0.499542,0.462921,-0.552949,-0.117304,0.139811,0.064660
15.172254,-0.492294,0.469024,-0.553330,-0.122644,0.132181,0.064660
15.182306,-0.487716,0.473220,-0.553330,-0.126078,0.127604,0.064660
15.192365,-0.481231,0.479324,-0.553330,-0.131037,0.121500,0.064660
15.202426,-0.477417,0.483520,-0.553330,-0.134852,0.117685,0.064660
15.212487,-0.470932,0.489624,-0.553330,-0.140574,0.111200,0.064660
15.222549,-0.467117,0.493439,-0.553330,-0.144388,0.107004,0.064660
15.232611,-0.461395,0.499161,-0.553330,-0.150111,0.102426,0.064660
15.242671,-0.457580,0.502976,-0.553330,-0.153925,0.099374,0.064660
15.252730,-0.452621,0.508316,-0.553330,-0.160029,0.094034,0.064660
15.262788,-0.448806,0.512512,-0.553330,-0.163844,0.090219,0.064660
15.272851,-0.443847,0.517853,-0.553330,-0.169947,0.085260,0.030327
15.282915,-0.441176,0.520905,-0.553330,-0.173762,0.081827,0.030327
15.292977,-0.436217,0.526246,-0.553330,-0.180247,0.078775,0.030327
15.303040,-0.433165,0.529297,-0.553330,-0.184443,0.076104,0.030327
15.313103,-0.429351,0.534257,-0.553330,-0.190547,0.072290,0.030327
15.323160,-0.427062,0.537690,-0.552949,-0.194362,0.070001,0.030327
15.333213,-0.424010,0.540360,-0.552949,-0.198558,0.067712,0.018120
15.343277,-0.420195,0.544556,-0.552567,-0.204662,0.064279,0.018120
15.353340,-0.417525,0.547227,-0.552567,-0.208476,0.062371,0.018120
15.363403,-0.414473,0.551423,-0.551804,-0.214961,0.059319,0.018120
15.373465,-0.411803,0.553712,-0.551804,-0.219158,0.057412,0.018120
15.383527,-0.408370,0.557145,-0.551041,-0.225643,0.055505,0.018120
15.393581,-0.406462,0.559434,-0.550660,-0.229839,0.055123,0.018120
15.403636,-0.404173,0.562867,-0.549516,-0.236324,0.055123,0.018120
15.413702,-0.402266,0.564775,-0.549134,-0.240902,0.055123,0.018120
15.423768,-0.399596,0.567826,-0.547608,-0.247387,0.053597,0.018120
15.433837,-0.397688,0.569734,-0.546845,-0.251583,0.052834,0.018120
15.443898,-0.394636,0.572023,-0.545319,-0.258068,0.050164,0.018120
15.453962,-0.393111,0.573930,-0.544175,-0.262264,0.047875,0.018120
15.464023,-0.391203,0.576219,-0.542649,-0.267605,0.046349,0.018120
15.474087,-0.389677,0.577745,-0.541505,-0.271420,0.044442,0.018120
15.484146,-0.387388,0.580034,-0.540360,-0.276761,0.039864,0.018120
15.494209,-0.385863,0.581559,-0.539216,-0.280194,0.036812,0.018120
15.504270,-0.383574,0.583085,-0.537308,-0.285153,0.032998,0.018120
15.514333,-0.382429,0.584611,-0.535782,-0.288586,0.031090,0.018120
15.524385,-0.380903,0.586900,-0.533875,-0.293927,0.029564,0.018120
15.534449,-0.379759,0.587663,-0.532349,-0.297360,0.029564,0.018120
15.544513,-0.379377,0.588808,-0.531205,-0.300793,0.029564,0.018120
15.554574,-0.378233,0.590333,-0.528534,-0.305371,0.029564,0.018120
15.564637,-0.377470,0.591478,-0.527008,-0.308423,0.029183,0.018120
15.574699,-0.376707,0.592622,-0.525101,-0.313382,0.029183,0.014687
15.584763,-0.375944,0.593385,-0.523575,-0.316434,0.029183,0.014687
15.594827,-0.374418,0.594148,-0.520905,-0.321012,0.029183,0.014687
15.604891,-0.373274,0.594530,-0.519379,-0.324063,0.028801,0.014687
15.614951,-0.372129,0.596056,-0.517472,-0.327878,0.027657,0.014687
15.625016,-0.371366,0.596818,-0.515564,-0.330167,0.026513,0.014687
15.635079,-0.370222,0.597963,-0.512894,-0.333982,0.024605,0.014687
15.645141,-0.369841,0.599107,-0.510986,-0.336652,0.024224,0.003624
15.655203,-0.369078,0.600252,-0.508316,-0.340467,0.023842,0.003624
15.665267,-0.368696,0.600633,-0.506409,-0.343137,0.023461,0.003624
15.675291,-0.368315,0.601778,-0.503738,-0.346952,0.022698,0.003624
15.685354,-0.367933,0.602922,-0.501831,-0.348859,0.021935,0.003624
15.695415,-0.367933,0.603685,-0.498779,-0.352293,0.021935,0.003624
15.705480,-0.367552,0.603685,-0.496872,-0.354582,0.021935,0.003624
15.715532,-0.367170,0.604448,-0.494202,-0.357633,0.021935,0.003624
15.725587,-0.366789,0.604829,-0.492294,-0.359541,0.021935,0.003624
15.735681,-0.366026,0.605592,-0.489624,-0.361830,0.021935,0.003624
15.745745,-0.365644,0.605974,-0.487335,-0.363355,0.021935,0.003624
15.755920,-0.365263,0.606355,-0.484283,-0.366026,0.021553,0.003624
15.765974,-0.364881,0.606737,-0.482376,-0.367933,0.021553,0.003624
15.776028,-0.364500,0.607118,-0.480850,-0.369841,0.021553,0.003624
15.786092,-0.364500,0.607500,-0.477798,-0.371748,0.021553,0.003624
15.796148,-0.364118,0.607881,-0.475891,-0.373274,0.021553,0.003624
15.806204,-0.364118,0.608263,-0.473220,-0.374800,0.021553,0.003624
15.816260,-0.364118,0.608644,-0.471695,-0.375944,0.021553,0.003624
15.826315,-0.364118,0.609026,-0.469406,-0.378233,0.021553,0.003624
15.836368,-0.364118,0.609407,-0.468261,-0.379377,0.021553,0.003624
15.846425,-0.364118,0.609789,-0.465972,-0.380903,0.021553,0.003624
15.856487,-0.364118,0.609789,-0.464065,-0.382048,0.021553,0.003624
15.866551,-0.364118,0.610170,-0.462539,-0.383955,0.021553,0.003624
15.876615,-0.364118,0.610170,-0.461013,-0.385100,0.021553,0.003624
15.886678,-0.364118,0.610170,-0.459106,-0.387007,0.021553,0.003624
15.896741,-0.363737,0.610170,-0.457580,-0.387770,0.021553,0.003624
15.906806,-0.363737,0.610170,-0.456054,-0.388533,0.021553,0.003624
15.916860,-0.363737,0.610552,-0.455291,-0.388533,0.021553,0.003624
15.926925,-0.364118,0.610552,-0.453765,-0.388533,0.021553,0.003624
15.936988,-0.364118,0.610552,-0.453384,-0.388533,0.021553,0.003624
15.947049,-0.363737,0.610552,-0.452239,-0.388533,0.021553,0.003624
15.957111,-0.363737,0.610552,-0.451095,-0.388533,0.021553,0.003624
15.967220,-0.363737,0.610552,-0.449569,-0.388533,0.021553,0.003624
15.977274,-0.363737,0.610552,-0.448425,-0.388533,0.021553,0.003624
15.987328,-0.363737,0.610170,-0.447662,-0.388914,0.021553,0.003624
15.997382,-0.363737,0.610170,-0.446899,-0.388914,0.021553,0.003624
