t,q1,q2,q3,q4,q5,q6
0.000000,0.013177,-0.000695,0.035974,0.047418,-0.001717,-0.002480
0.010064,0.013177,-0.000695,0.035974,0.047418,-0.001717,-0.002480
0.020128,0.013177,-0.000695,0.035974,0.047418,-0.001717,-0.002480
0.030194,0.013177,-0.000695,0.035974,0.047418,-0.001717,-0.002480
0.040254,0.013177,-0.000695,0.035974,0.047418,-0.001717,-0.002480
0.050303,0.013177,-0.000695,0.035974,0.047418,-0.001717,-0.002480
0.060358,0.013177,-0.000695,0.035974,0.047418,-0.001717,-0.002480
0.070410,0.013177,-0.000695,0.035974,0.047418,-0.001717,-0.002480
0.080463,0.013177,-0.000695,0.035974,0.047418,-0.001717,-0.002480
0.090517,0.013177,-0.000695,0.035974,0.047418,-0.001717,-0.002480
0.100578,0.013177,-0.000695,0.035974,0.047418,-0.001717,-0.002480
0.110630,0.013177,-0.000695,0.035974,0.047418,-0.001717,-0.002480
0.120682,0.013177,-0.000695,0.035974,0.047418,-0.001717,-0.002480
0.130734,0.013177,-0.000695,0.035974,0.047418,-0.001717,-0.002480
0.140785,0.013177,-0.000695,0.035974,0.047418,-0.001717,-0.002480
0.150838,0.013177,-0.000695,0.035974,0.047418,-0.001717,-0.002480
0.160891,0.013177,-0.000695,0.035974,0.047418,-0.001717,-0.002480
0.170950,0.013177,-0.000695,0.035974,0.047418,-0.001717,-0.002480
0.181009,0.013177,-0.000695,0.035974,0.047418,-0.001717,-0.002480
0.191065,0.013177,-0.000695,0.035974,0.047418,-0.001717,-0.002480
0.201127,0.013177,-0.000695,0.035974,0.047418,-0.001717,-0.002480
0.211191,0.013177,-0.000695,0.035974,0.047418,-0.001717,-0.002480
0.221254,0.013177,-0.000695,0.035974,0.047418,-0.001717,-0.002480
0.231307,0.013177,-0.000695,0.035974,0.047418,-0.001717,-0.002480
0.241361,0.013177,-0.000695,0.035974,0.047418,-0.001717,-0.002480
0.251413,0.013177,-0.000695,0.035974,0.047418,-0.001717,-0.002480
0.261465,0.013177,-0.000695,0.035974,0.047418,-0.001717,-0.002480
0.271518,0.013177,-0.000695,0.035974,0.047418,-0.001717,-0.002480
0.281573,0.013177,-0.000698,0.035999,0.047395,-0.001717,-0.002480
0.291633,0.013177,-0.000702,0.036046,0.047353,-0.001717,-0.002480
0.301695,0.013177,-0.000707,0.036097,0.047307,-0.001717,-0.002480
0.311748,0.013177,-0.000712,0.036153,0.047256,-0.001717,-0.002480
0.321802,0.013177,-0.000718,0.036209,0.047206,-0.001717,-0.002480
0.331854,0.013177,-0.000724,0.036269,0.047151,-0.001717,-0.002480
0.341906,0.013177,-0.000730,0.036335,0.047092,-0.001717,-0.002480
0.351958,0.013177,-0.000736,0.036405,0.047028,-0.001717,-0.002480
0.362010,0.013177,-0.000743,0.036479,0.046961,-0.001717,-0.002480
0.372062,0.013178,-0.000750,0.036554,0.046893,-0.001718,-0.002480
0.382115,0.013178,-0.000758,0.036638,0.046817,-0.001718,-0.002480
0.392298,0.013178,-0.000766,0.036722,0.046741,-0.001718,-0.002480
0.402365,0.013178,-0.000774,0.036811,0.046660,-0.001718,-0.002480
0.412429,0.013179,-0.000783,0.036905,0.046574,-0.001719,-0.002480
0.422495,0.013179,-0.000792,0.037005,0.046484,-0.001719,-0.002480
0.432550,0.013180,-0.000801,0.037109,0.046389,-0.001720,-0.002480
0.442612,0.013180,-0.000811,0.037218,0.046290,-0.001720,-0.002481
0.452676,0.013181,-0.000821,0.037332,0.046186,-0.001721,-0.002481
0.462708,0.013182,-0.000832,0.037452,0.046077,-0.001721,-0.002481
0.472769,0.013182,-0.000843,0.037576,0.045963,-0.001722,-0.002481
0.482832,0.013183,-0.000854,0.037706,0.045845,-0.001723,-0.002481
0.492884,0.013184,-0.000865,0.037841,0.045721,-0.001724,-0.002482
0.502936,0.013185,-0.000877,0.037981,0.045593,-0.001725,-0.002482
0.512999,0.013187,-0.000889,0.038127,0.045459,-0.001726,-0.002482
0.523060,0.013188,-0.000901,0.038278,0.045320,-0.001728,-0.002483
0.533112,0.013190,-0.000914,0.038435,0.045176,-0.001729,-0.002483
0.543164,0.013191,-0.000927,0.038597,0.045026,-0.001731,-0.002483
0.553217,0.013193,-0.000940,0.038766,0.044871,-0.001733,-0.002484
0.563269,0.013195,-0.000954,0.038940,0.044710,-0.001735,-0.002484
0.573296,0.013198,-0.000967,0.039121,0.044543,-0.001737,-0.002485
0.583349,0.013200,-0.000982,0.039312,0.044366,-0.001740,-0.002486
0.593401,0.013203,-0.000996,0.039504,0.044189,-0.001742,-0.002486
0.603453,0.013206,-0.001010,0.039702,0.044004,-0.001745,-0.002487
0.613505,0.013209,-0.001025,0.039911,0.043810,-0.001748,-0.002488
0.623557,0.013213,-0.001039,0.040126,0.043610,-0.001752,-0.002489
0.633611,0.013217,-0.001054,0.040343,0.043408,-0.001756,-0.002490
0.643665,0.013221,-0.001069,0.040571,0.043194,-0.001760,-0.002491
0.653728,0.013226,-0.001084,0.040805,0.042975,-0.001764,-0.002492
0.663787,0.013231,-0.001098,0.041046,0.042749,-0.001769,-0.002494
0.673850,0.013236,-0.001113,0.041294,0.042516,-0.001774,-0.002495
0.683913,0.013242,-0.001128,0.041548,0.042277,-0.001780,-0.002497
0.693966,0.013248,-0.001143,0.041809,0.042030,-0.001786,-0.002498
0.704018,0.013255,-0.001158,0.042082,0.041772,-0.001792,-0.002500
0.714069,0.013262,-0.001172,0.042356,0.041512,-0.001799,-0.002502
0.724122,0.013270,-0.001186,0.042643,0.041240,-0.001807,-0.002504
0.734174,0.013279,-0.001200,0.042935,0.040962,-0.001815,-0.002506
0.744237,0.013287,-0.001214,0.043235,0.040676,-0.001824,-0.002508
0.754293,0.013297,-0.001227,0.043541,0.040383,-0.001833,-0.002511
0.764357,0.013307,-0.001240,0.043856,0.040081,-0.001843,-0.002513
0.774418,0.013318,-0.001253,0.044178,0.039772,-0.001853,-0.002516
0.784482,0.013330,-0.001265,0.044508,0.039454,-0.001865,-0.002519
0.794542,0.013342,-0.001277,0.044849,0.039124,-0.001877,-0.002522
0.804605,0.013356,-0.001288,0.045193,0.038791,-0.001889,-0.002526
0.814667,0.013370,-0.001298,0.045550,0.038444,-0.001903,-0.002530
0.824730,0.013385,-0.001308,0.045914,0.038090,-0.001918,-0.002533
0.834791,0.013401,-0.001316,0.046285,0.037728,-0.001933,-0.002538
0.844855,0.013417,-0.001324,0.046665,0.037356,-0.001949,-0.002542
0.854954,0.013435,-0.001331,0.047052,0.036976,-0.001966,-0.002547
0.865019,0.013474,-0.001342,0.047852,0.036187,-0.002004,-0.002557
0.875083,0.013495,-0.001346,0.048265,0.035778,-0.002025,-0.002562
0.885147,0.013518,-0.001348,0.048690,0.035355,-0.002046,-0.002568
0.895213,0.013542,-0.001350,0.049118,0.034928,-0.002069,-0.002574
0.905277,0.013567,-0.001349,0.049560,0.034486,-0.002093,-0.002581
0.915301,0.013593,-0.001348,0.050005,0.034040,-0.002119,-0.002587
0.925367,0.013621,-0.001345,0.050464,0.033577,-0.002146,-0.002595
0.935428,0.013650,-0.001340,0.050930,0.033106,-0.002174,-0.002602
0.945491,0.013681,-0.001333,0.051024,0.032625,-0.002204,-0.002610
0.955553,0.013713,-0.001325,0.051507,0.032133,-0.002235,-0.002619
0.965619,0.013747,-0.001314,0.051618,0.031630,-0.002268,-0.002627
0.975685,0.013783,-0.001302,0.051737,0.031117,-0.002303,-0.002637
0.985752,0.013821,-0.001287,0.051485,0.030592,-0.002339,-0.002646
0.995818,0.013860,-0.000889,0.051241,0.030056,-0.002377,-0.002657
1.005882,0.013902,-0.000870,0.051007,0.029508,-0.002417,-0.002667
1.015949,0.013945,-0.000848,0.050781,0.028949,-0.002459,-0.002679
1.026012,0.013991,-0.000824,0.050184,0.028378,-0.002503,-0.002690
1.036076,0.014039,-0.000797,0.049977,0.027795,-0.002549,-0.002703
1.046140,0.014089,-0.000768,0.049016,0.027200,-0.002597,-0.002716
1.056203,0.014141,-0.000735,0.048446,0.026593,-0.002648,-0.002729
1.066256,0.014195,-0.000699,0.047504,0.025974,-0.002701,-0.002743
1.076321,0.013871,-0.000661,0.046953,0.025342,-0.002756,-0.002758
1.086383,0.013931,-0.000618,0.046792,0.024697,-0.002814,-0.002774
1.096451,0.013993,-0.000573,0.045878,0.024040,-0.002874,-0.002790
1.106516,0.014058,-0.000905,0.045354,0.023370,-0.002937,-0.002807
1.116581,0.014126,-0.000852,0.044840,0.022687,-0.003002,-0.002824
1.126642,0.014197,-0.000795,0.044336,0.021990,-0.003071,-0.002842
1.136709,0.014271,-0.000735,0.043459,0.021281,-0.003142,-0.002862
1.146776,0.014348,-0.000670,0.042972,0.020558,-0.003216,-0.002881
1.156841,0.014047,-0.000219,0.042114,0.019821,-0.003294,-0.002902
1.166908,0.014130,-0.000146,0.042410,0.019070,-0.003374,-0.002924
1.176974,0.014217,-0.000449,0.041951,0.018306,-0.003458,-0.002946
1.187041,0.013926,-0.000366,0.041884,0.017528,-0.003546,-0.002970
1.197106,0.014020,-0.000279,0.041063,0.016736,-0.003637,-0.002994
1.207168,0.014118,-0.000186,0.041395,0.015929,-0.003731,-0.003019
1.217229,0.014219,-0.000088,0.040592,0.015490,-0.003829,-0.003046
1.227295,0.014325,0.000015,0.040561,0.014654,-0.003931,-0.003073
1.237356,0.014434,0.000123,0.040536,0.013809,-0.004036,-0.003101
1.247418,0.014548,0.000238,0.040908,0.012941,-0.004147,-0.003131
1.257478,0.014284,0.000358,0.040901,0.012064,-0.004260,-0.003161
1.267531,0.014406,0.000484,0.040906,0.011171,-0.004378,-0.003193
1.277584,0.014533,0.000616,0.040921,0.010261,-0.004501,-0.003226
1.287638,0.014665,0.000755,0.040944,0.009336,-0.004628,-0.003260
1.297694,0.014420,0.000900,0.040595,0.008395,-0.004760,-0.003295
1.307748,0.014179,0.001052,0.040637,0.007439,-0.004896,-0.003332
1.317801,0.014326,0.001211,0.040687,0.006467,-0.005038,-0.003369
1.327854,0.014477,0.001377,0.040746,0.005480,-0.005184,-0.003409
1.337918,0.014252,0.001549,0.041191,0.004481,-0.005335,-0.003449
1.347981,0.014415,0.001730,0.041270,0.003458,-0.005492,-0.003491
1.358043,0.014582,0.001918,0.041733,0.002427,-0.005653,-0.003534
1.368105,0.014755,0.002113,0.042207,0.001376,-0.005821,-0.003579
1.378169,0.014935,0.002317,0.042689,0.000308,-0.005994,-0.003626
1.388234,0.015120,0.002529,0.042799,-0.000776,-0.006173,-0.003674
1.398298,0.014930,0.002749,0.042917,-0.001877,-0.006358,-0.003723
1.408353,0.015127,0.002976,0.043039,-0.002608,-0.006548,-0.003774
1.418417,0.015331,0.003213,0.043554,-0.003741,-0.006746,-0.003827
1.428480,0.015160,0.003460,0.044077,-0.004891,-0.006949,-0.003882
1.438544,0.015378,0.003715,0.044227,-0.006059,-0.007159,-0.003938
1.448605,0.015221,0.003979,0.044384,-0.007244,-0.007376,-0.003996
1.458669,0.015452,0.004252,0.044546,-0.008441,-0.007599,-0.004056
1.468732,0.015690,0.004536,0.043954,-0.009658,-0.007830,-0.004118
1.478794,0.015937,0.004829,0.043753,-0.010894,-0.008067,-0.004181
1.488848,0.016190,0.005133,0.043558,-0.012147,-0.008313,-0.004247
1.498911,0.016452,0.005446,0.043752,-0.013417,-0.008565,-0.004315
1.508973,0.016720,0.005769,0.044332,-0.014319,-0.008824,-0.004384
1.519034,0.016616,0.006104,0.044157,-0.014860,-0.009092,-0.004456
1.529098,0.016902,0.006068,0.044372,-0.015420,-0.009368,-0.004530
1.539159,0.017196,0.006424,0.044593,-0.016760,-0.009652,-0.004606
1.549222,0.017498,0.006791,0.044817,-0.018113,-0.009944,-0.004684
1.559290,0.017809,0.007170,0.045050,-0.019487,-0.010244,-0.004765
1.569353,0.017748,0.007560,0.045290,-0.020880,-0.010554,-0.004848
1.579414,0.018078,0.007963,0.045155,-0.022290,-0.010872,-0.004933
1.589475,0.018416,0.008376,0.045403,-0.023714,-0.011199,-0.005020
1.599539,0.018382,0.008802,0.045278,-0.024777,-0.011535,-0.005111
1.609601,0.018740,0.009241,0.045922,-0.025478,-0.011881,-0.005203
1.619664,0.018726,0.009309,0.045043,-0.025429,-0.012236,-0.005298
1.629727,0.019104,0.009773,0.045315,-0.026164,-0.012601,-0.005396
1.639787,0.019111,0.010250,0.044448,-0.025773,-0.012976,-0.005497
1.649851,0.019509,0.010739,0.044728,-0.025777,-0.013360,-0.005600
1.659912,0.019155,0.011242,0.044251,-0.025421,-0.013756,-0.005706
1.669975,0.019194,0.011759,0.044161,-0.025847,-0.014162,-0.005814
1.680036,0.018863,0.012290,0.044075,-0.025146,-0.014579,-0.005926
1.690099,0.018924,0.012833,0.043990,-0.024839,-0.014624,-0.006041
1.700151,0.018234,0.013391,0.043530,-0.024553,-0.015063,-0.006158
1.710216,0.018319,0.013963,0.043836,-0.024668,-0.015514,-0.006279
1.720277,0.018033,0.014549,0.044143,-0.024795,-0.015975,-0.006403
1.730340,0.017760,0.015150,0.043692,-0.023799,-0.016448,-0.006529
1.740401,0.017880,0.015765,0.044004,-0.023961,-0.016933,-0.006659
1.750463,0.017633,0.016014,0.044322,-0.023763,-0.017430,-0.006793
1.760525,0.017780,0.016660,0.044642,-0.023965,-0.017941,-0.006930
1.770589,0.017938,0.016557,0.044580,-0.024179,-0.018463,-0.007069
1.780651,0.018111,0.016852,0.044904,-0.025177,-0.018998,-0.007213
1.790714,0.018298,0.017163,0.045611,-0.025429,-0.019166,-0.007360
1.800775,0.018116,0.017870,0.045554,-0.026457,-0.019727,-0.007510
1.810835,0.017568,0.018212,0.045500,-0.025980,-0.019921,-0.007665
1.820899,0.017795,0.018569,0.045826,-0.026278,-0.020509,-0.007822
1.830959,0.017657,0.018943,0.046155,-0.026215,-0.020731,-0.007984
1.841022,0.017915,0.018953,0.046485,-0.026552,-0.020586,-0.008150
1.851086,0.018186,0.018596,0.046049,-0.025755,-0.020072,-0.008319
1.861151,0.018856,0.018639,0.045997,-0.025741,-0.020719,-0.008111
1.871214,0.019540,0.018696,0.045941,-0.024595,-0.021379,-0.008288
1.881277,0.020240,0.018773,0.046269,-0.024613,-0.022056,-0.008469
1.891295,0.020574,0.018483,0.046593,-0.024261,-0.022747,-0.008655
1.901351,0.021307,0.018212,0.047299,-0.024692,-0.023074,-0.008844
1.911404,0.022055,0.017193,0.047239,-0.024752,-0.023414,-0.009038
1.921467,0.022821,0.017338,0.047941,-0.025213,-0.023010,-0.009236
1.931529,0.023605,0.017502,0.048642,-0.026072,-0.022241,-0.009439
1.941590,0.024022,0.017299,0.048575,-0.026177,-0.020342,-0.009646
1.951649,0.024077,0.017879,0.048888,-0.026301,-0.019607,-0.009858
1.961713,0.024148,0.017711,0.048814,-0.025672,-0.019268,-0.010074
1.971773,0.024239,0.017564,0.049120,-0.025825,-0.018567,-0.010295
1.981836,0.023584,0.017433,0.049039,-0.025224,-0.015974,-0.010521
1.991898,0.023330,0.017703,0.048956,-0.025785,-0.014545,-0.010752
2.001960,0.023093,0.017227,0.048484,-0.024830,-0.013515,-0.010987
2.012023,0.022878,0.017534,0.048773,-0.024654,-0.014030,-0.011228
2.022083,0.022298,0.016713,0.048292,-0.024106,-0.014944,-0.011473
2.032145,0.022119,0.016673,0.048567,-0.023951,-0.015495,-0.011723
2.042208,0.021962,0.017036,0.048458,-0.023814,-0.016450,-0.011979
2.052274,0.022205,0.017415,0.048340,-0.024447,-0.017040,-0.008425
2.062294,0.022471,0.017815,0.048218,-0.024333,-0.018033,-0.008692
2.072349,0.022755,0.018613,0.048087,-0.024608,-0.019045,-0.008582
2.082410,0.022681,0.018669,0.047569,-0.024136,-0.020079,-0.008859
2.092472,0.023008,0.018742,0.047423,-0.024433,-0.021131,-0.009142
2.102534,0.022596,0.018836,0.046890,-0.023218,-0.021825,-0.009430
2.112598,0.022966,0.019710,0.046728,-0.023536,-0.022157,-0.009724
2.122664,0.022598,0.019460,0.046560,-0.022723,-0.020223,-0.010024
2.132729,0.022631,0.019609,0.046761,-0.023822,-0.019835,-0.010330
2.142792,0.022687,0.019776,0.046954,-0.024930,-0.019850,-0.010641
2.152855,0.022387,0.018821,0.047138,-0.024526,-0.020652,-0.010959
2.162907,0.022871,0.019409,0.047693,-0.025270,-0.021857,-0.011283
2.172959,0.023000,0.019636,0.047094,-0.025645,-0.023086,-0.011613
2.183011,0.023531,0.020262,0.047246,-0.026024,-0.024337,-0.011949
2.193062,0.023705,0.020906,0.047005,-0.026027,-0.025610,-0.012291
2.203114,0.023907,0.021190,0.047136,-0.027187,-0.026910,-0.012641
2.213166,0.024130,0.020729,0.046872,-0.027204,-0.027849,-0.012996
2.223215,0.024382,0.021433,0.046979,-0.027614,-0.028816,-0.013358
2.233267,0.024656,0.021391,0.045927,-0.026880,-0.028660,-0.013727
2.243318,0.024955,0.021748,0.046007,-0.026913,-0.028147,-0.014102
2.253379,0.024139,0.020984,0.046075,-0.025812,-0.026136,-0.014484
2.263441,0.024490,0.021380,0.045747,-0.026237,-0.025674,-0.014873
2.273502,0.024868,0.021412,0.045786,-0.025902,-0.024473,-0.015268
2.283568,0.025657,0.022230,0.045813,-0.026720,-0.024065,-0.015672
2.293629,0.025708,0.021538,0.045442,-0.026392,-0.024062,-0.016082
2.303692,0.026167,0.021626,0.045437,-0.026829,-0.024847,-0.012684
2.313753,0.026275,0.021356,0.045037,-0.026128,-0.025281,-0.013109
2.323807,0.026790,0.021863,0.045001,-0.026188,-0.025739,-0.013541
2.333862,0.027714,0.022007,0.044949,-0.026248,-0.026605,-0.013980
2.343915,0.027907,0.022173,0.044501,-0.025932,-0.028265,-0.014427
2.353967,0.027744,0.022736,0.044798,-0.025994,-0.029568,-0.014881
2.364029,0.027609,0.023316,0.043933,-0.025291,-0.028228,-0.015343
2.374090,0.028652,0.023917,0.043815,-0.025737,-0.027302,-0.015813
2.384156,0.028576,0.023389,0.043297,-0.024652,-0.026019,-0.016290
2.394217,0.028530,0.023641,0.043142,-0.025089,-0.025909,-0.016775
2.404278,0.028132,0.023529,0.042968,-0.024380,-0.024301,-0.017268
2.414298,0.028912,0.023056,0.042778,-0.025199,-0.023871,-0.017770
2.424360,0.028957,0.022979,0.042567,-0.025248,-0.023085,-0.018280
2.434424,0.029794,0.023682,0.042718,-0.026054,-0.023092,-0.018797
2.444485,0.029903,0.023260,0.042087,-0.025717,-0.023895,-0.019323
2.454548,0.030803,0.023616,0.042199,-0.026133,-0.025868,-0.019857
2.464612,0.030589,0.023224,0.041909,-0.025780,-0.027490,-0.020399
2.474677,0.031550,0.023993,0.041598,-0.025803,-0.028761,-0.020949
2.484739,0.031021,0.023257,0.041267,-0.025823,-0.028921,-0.021509
2.494802,0.031665,0.023677,0.040915,-0.026214,-0.029872,-0.022077
2.504866,0.031196,0.023732,0.040540,-0.025453,-0.029327,-0.022653
2.514931,0.031903,0.023801,0.040144,-0.026208,-0.029957,-0.023238
2.524986,0.031117,0.023124,0.038964,-0.025048,-0.029855,-0.023831
2.535049,0.034223,0.026014,0.038824,-0.028044,-0.032420,-0.025045
2.545112,0.035060,0.026907,0.038339,-0.028380,-0.032412,-0.025665
2.555179,0.034403,0.026289,0.037831,-0.027941,-0.031291,-0.026294
2.565243,0.034923,0.026829,0.037680,-0.028255,-0.031727,-0.026931
2.575310,0.035480,0.026624,0.037126,-0.028178,-0.031436,-0.027579
2.585375,0.035685,0.026811,0.036928,-0.028467,-0.032318,-0.028235
2.595441,0.035159,0.026629,0.036707,-0.027598,-0.032086,-0.028899
2.605505,0.036192,0.026842,0.036842,-0.027859,-0.032649,-0.029573
2.615572,0.035350,0.026305,0.036954,-0.026961,-0.032861,-0.030256
2.625634,0.036449,0.026925,0.036659,-0.027574,-0.033105,-0.030947
2.635696,0.035677,0.025654,0.036721,-0.026650,-0.031479,-0.031650
2.645759,0.036461,0.025917,0.036758,-0.026851,-0.031024,-0.032360
2.655824,0.035750,0.025810,0.036770,-0.025891,-0.029456,-0.033079
2.665877,0.036597,0.025715,0.036756,-0.025676,-0.030207,-0.033808
2.675940,0.036714,0.025630,0.036717,-0.025062,-0.029846,-0.034545
2.686003,0.037245,0.025938,0.036653,-0.025192,-0.030660,-0.035292
2.696067,0.037045,0.025112,0.036562,-0.024541,-0.030741,-0.036048
2.706129,0.037645,0.025826,0.036445,-0.024638,-0.032004,-0.036814
2.716188,0.037510,0.025402,0.036303,-0.023567,-0.032148,-0.029578
2.726250,0.038550,0.025750,0.036134,-0.023619,-0.033084,-0.030361
2.736310,0.037713,0.025726,0.035939,-0.022506,-0.033670,-0.031153
2.746372,0.038434,0.026092,0.035717,-0.022517,-0.034666,-0.031954
2.756457,0.037659,0.025703,0.035469,-0.021360,-0.034166,-0.032765
2.766521,0.038822,0.026467,0.035194,-0.021708,-0.034076,-0.033584
2.776581,0.039633,0.027239,0.034893,-0.021651,-0.034779,-0.034412
2.786645,0.038948,0.026873,0.034565,-0.020808,-0.034365,-0.035249
2.796708,0.039819,0.027660,0.034210,-0.021085,-0.035505,-0.036094
2.806770,0.039573,0.026926,0.033828,-0.020194,-0.035910,-0.011390
2.816833,0.040506,0.027730,0.033419,-0.020044,-0.036730,-0.012254
2.826891,0.040312,0.027768,0.032984,-0.019481,-0.035657,-0.013124
2.836952,0.040918,0.027820,0.032521,-0.019662,-0.036147,-0.014005
2.847004,0.040401,0.027492,0.031650,-0.019051,-0.034751,-0.014894
2.857067,0.041436,0.028312,0.031515,-0.019557,-0.035668,-0.015790
2.867126,0.040971,0.027612,0.030973,-0.019274,-0.035464,-0.016694
2.877189,0.042055,0.028441,0.030403,-0.018963,-0.036048,-0.017606
2.887251,0.041639,0.028129,0.029425,-0.018243,-0.036654,-0.018526
2.897291,0.042771,0.028202,0.028802,-0.018258,-0.038045,-0.012587
2.907349,0.042018,0.028278,0.028152,-0.017482,-0.037933,-0.013522
2.917401,0.043195,0.028737,0.027475,-0.017440,-0.038222,-0.014465
2.927453,0.042485,0.028055,0.027154,-0.016987,-0.038150,-0.015414
2.937505,0.043702,0.028518,0.026425,-0.017268,-0.038478,-0.016370
2.947557,0.042649,0.027839,0.025669,-0.016756,-0.037680,-0.017334
2.957608,0.043523,0.028686,0.024888,-0.016596,-0.037281,-0.011055
2.967690,0.043269,0.028389,0.024080,-0.016025,-0.036136,-0.012031
2.977742,0.043794,0.028473,0.023247,-0.015804,-0.037294,-0.013013
2.987791,0.045097,0.028939,0.022388,-0.015934,-0.038086,-0.014001
2.997842,0.044507,0.028641,0.021504,-0.014889,-0.038128,-0.014995
3.007894,0.045830,0.028719,0.020596,-0.014954,-0.038557,-0.013703
3.017944,0.045271,0.028804,0.019660,-0.014612,-0.037483,-0.014708
3.027995,0.046236,0.028498,0.018702,-0.014997,-0.037934,-0.015715
3.038047,0.045308,0.028574,0.017718,-0.013826,-0.037636,-0.016728
3.048098,0.046679,0.029029,0.016709,-0.013768,-0.038872,-0.017746
3.058149,0.045768,0.028337,0.015677,-0.013297,-0.038971,-0.012664
3.068201,0.046769,0.028786,0.014621,-0.013939,-0.039074,-0.013689
3.078252,0.046250,0.028086,0.013541,-0.013404,-0.037656,-0.013573
3.088303,0.046496,0.028527,0.012437,-0.013219,-0.038148,-0.014604
3.098354,0.045981,0.028200,0.011311,-0.012239,-0.037497,-0.015638
3.108406,0.046611,0.027867,0.010162,-0.012372,-0.038372,-0.016674
3.118459,0.046095,0.027911,0.008991,-0.012472,-0.038101,-0.017712
3.128510,0.046715,0.027944,0.007800,-0.012158,-0.039346,-0.018750
3.138562,0.045810,0.027594,0.006586,-0.011432,-0.038686,-0.019790
3.148614,0.046808,0.028000,0.005350,-0.011056,-0.039547,-0.013583
3.158671,0.045511,0.027255,0.004093,-0.010649,-0.039256,-0.014625
3.168722,0.046876,0.027647,0.002816,-0.010973,-0.039721,-0.015667
3.178774,0.047467,0.028413,0.001518,-0.011266,-0.040557,-0.016708
3.188823,0.046522,0.027644,0.000583,-0.011909,-0.040618,-0.017749
3.198874,0.047082,0.028008,-0.000370,-0.012520,-0.041423,-0.018786
3.208925,0.046490,0.027221,-0.001725,-0.013102,-0.041457,-0.019822
3.218977,0.047027,0.027570,-0.003098,-0.013654,-0.041857,-0.020857
3.229028,0.046020,0.027529,-0.004108,-0.014175,-0.040715,-0.021890
3.239080,0.046902,0.027477,-0.005518,-0.014667,-0.040316,-0.022919
3.249131,0.045849,0.027030,-0.006941,-0.015128,-0.039891,-0.023943
3.259183,0.046306,0.027338,-0.008383,-0.015561,-0.040976,-0.024964
3.269235,0.045595,0.026491,-0.009079,-0.015966,-0.039750,-0.025982
3.279292,0.046004,0.027160,-0.010172,-0.016341,-0.040025,-0.026994
3.289349,0.045623,0.026290,-0.011662,-0.016689,-0.039129,-0.028001
3.299416,0.045970,0.026167,-0.012781,-0.017009,-0.040108,-0.029000
3.309479,0.044767,0.026036,-0.013536,-0.017302,-0.039536,-0.029994
3.319542,0.045441,0.025893,-0.014686,-0.017568,-0.039699,-0.030982
3.329606,0.044175,0.025355,-0.015086,-0.017808,-0.038685,-0.031963
3.339673,0.044777,0.025944,-0.016259,-0.018022,-0.038395,-0.032934
3.349737,0.043822,0.024998,-0.017065,-0.018211,-0.036169,-0.033898
3.359793,0.044357,0.025182,-0.017882,-0.018374,-0.035815,-0.034854
3.369890,0.042947,0.024208,-0.018711,-0.018514,-0.034661,-0.035801
3.379955,0.043399,0.024742,-0.019928,-0.018629,-0.034226,-0.036737
3.390020,0.043815,0.025264,-0.020776,-0.018722,-0.034520,-0.037664
3.400084,0.043045,0.024246,-0.021633,-0.018791,-0.033248,-0.038581
3.410145,0.042989,0.024353,-0.022878,-0.018838,-0.033836,-0.039485
3.420208,0.042131,0.024448,-0.023370,-0.018864,-0.032859,-0.040379
3.430327,0.042373,0.024146,-0.024252,-0.018869,-0.034129,-0.034396
3.440391,0.041418,0.023824,-0.024374,-0.018853,-0.034203,-0.035265
3.450455,0.041946,0.024252,-0.024888,-0.018817,-0.034618,-0.036123
3.460518,0.040518,0.023139,-0.025407,-0.018761,-0.033461,-0.036968
3.470580,0.040943,0.023531,-0.026310,-0.018687,-0.033776,-0.037799
3.480645,0.039415,0.023146,-0.026076,-0.018595,-0.032139,-0.038617
3.490705,0.039362,0.022744,-0.026609,-0.018484,-0.030836,-0.010048
3.500768,0.038107,0.022703,-0.026380,-0.018357,-0.029095,-0.010836
3.510833,0.038710,0.023029,-0.027301,-0.018214,-0.029978,-0.011611
3.520898,0.037735,0.022193,-0.027462,-0.018054,-0.029665,-0.012371
3.530960,0.037845,0.022479,-0.028003,-0.017879,-0.029677,-0.013115
3.541020,0.037523,0.021988,-0.027785,-0.017690,-0.027732,-0.013844
3.551075,0.037140,0.021856,-0.027946,-0.017486,-0.028400,-0.014556
3.561136,0.037088,0.021328,-0.028111,-0.017268,-0.028255,-0.011057
3.571200,0.036593,0.021540,-0.028653,-0.017038,-0.028815,-0.011737
3.581261,0.035664,0.020974,-0.028436,-0.016795,-0.027417,-0.012401
3.591302,0.035823,0.021152,-0.028598,-0.016540,-0.026727,-0.013049
3.601440,0.034775,0.020926,-0.028374,-0.016273,-0.026741,-0.013678
3.611504,0.035200,0.021446,-0.029295,-0.015996,-0.027466,-0.010096
3.621568,0.035181,0.021181,-0.029447,-0.015708,-0.028131,-0.010691
3.631629,0.033963,0.020899,-0.028836,-0.015410,-0.028744,-0.011270
3.641690,0.034210,0.020976,-0.028599,-0.015103,-0.030443,-0.011831
3.651752,0.033258,0.020273,-0.028742,-0.014787,-0.031707,-0.012375
3.661815,0.033388,0.020309,-0.029259,-0.014463,-0.032150,-0.012901
3.671878,0.032701,0.019947,-0.028629,-0.014130,-0.032159,-0.013410
3.681939,0.031953,0.020325,-0.028754,-0.013790,-0.032872,-0.013900
3.692002,0.031151,0.019160,-0.028112,-0.013443,-0.031625,-0.014373
3.702060,0.031051,0.019497,-0.028223,-0.013089,-0.031084,-0.014828
3.712123,0.029368,0.019431,-0.027946,-0.012730,-0.028962,-0.015266
3.722186,0.029539,0.019730,-0.028045,-0.012363,-0.027169,-0.015686
3.732248,0.028888,0.018861,-0.027371,-0.011992,-0.024558,-0.016089
3.742302,0.028183,0.019118,-0.027455,-0.011615,-0.023802,-0.016474
3.752358,0.027421,0.018971,-0.027145,-0.011234,-0.021847,-0.010357
3.762419,0.027370,0.019568,-0.026829,-0.010848,-0.020986,-0.010708
3.772475,0.027261,0.018616,-0.026119,-0.010459,-0.020453,-0.011041
3.782536,0.027099,0.018406,-0.026162,-0.010066,-0.020630,-0.011358
3.792599,0.026124,0.018178,-0.025816,-0.009669,-0.019996,-0.011658
3.802663,0.025857,0.018689,-0.025839,-0.009269,-0.018548,-0.011941
3.812733,0.025157,0.018416,-0.025086,-0.008867,-0.016286,-0.012207
3.822798,0.025171,0.018507,-0.025852,-0.008461,-0.015886,-0.012458
3.832862,0.024752,0.018955,-0.026222,-0.008054,-0.016199,-0.012693
3.842925,0.023903,0.018620,-0.025053,-0.007645,-0.016465,-0.012912
3.852991,0.023769,0.018648,-0.024639,-0.007233,-0.017068,-0.013115
3.863056,0.022824,0.017509,-0.024591,-0.006821,-0.017624,-0.013304
3.873119,0.022596,0.017493,-0.024910,-0.006407,-0.018135,-0.013477
3.883184,0.022703,0.017456,-0.024454,-0.005993,-0.019366,-0.013635
3.893250,0.022386,0.017783,-0.024369,-0.005577,-0.019793,-0.013780
3.903291,0.021643,0.017706,-0.023887,-0.005161,-0.020177,-0.013910
3.913354,0.021621,0.017989,-0.024152,-0.004744,-0.020139,-0.014027
3.923417,0.021175,0.017489,-0.023641,-0.004328,-0.020443,-0.014130
3.933481,0.021452,0.017731,-0.023496,-0.003911,-0.020708,-0.014220
3.943542,0.021309,0.017193,-0.023341,-0.003494,-0.020936,-0.014297
3.953606,0.021128,0.017396,-0.023168,-0.003078,-0.021128,-0.014362
3.963669,0.020909,0.016434,-0.022597,-0.002662,-0.021283,-0.014415
3.973734,0.020654,0.016215,-0.022775,-0.002247,-0.021405,-0.014456
3.983795,0.019983,0.015977,-0.022174,-0.001833,-0.021111,-0.014486
3.993858,0.019279,0.016100,-0.021938,-0.001420,-0.021167,-0.007257
4.003922,0.018923,0.015822,-0.021687,-0.001008,-0.020811,-0.007265
4.013984,0.018536,0.015914,-0.022193,-0.000595,-0.020042,-0.007264
4.024038,0.017355,0.015614,-0.021934,-0.000177,-0.017718,-0.007252
4.034101,0.016523,0.016067,-0.022056,0.000243,-0.015745,-0.007229
4.044163,0.016042,0.016131,-0.021795,0.000668,-0.014887,-0.007197
4.054224,0.015149,0.015422,-0.021916,0.001097,-0.014380,-0.007155
4.064288,0.014605,0.015466,-0.022035,0.001529,-0.014226,-0.007102
4.074350,0.014412,0.015120,-0.021391,0.001966,-0.013659,-0.007039
4.084412,0.014188,0.015146,-0.021127,0.002406,-0.013445,-0.006966
4.094476,0.013933,0.014018,-0.020863,0.002850,-0.013201,-0.006884
4.104538,0.013647,0.013644,-0.020978,0.003299,-0.012927,-0.006791
4.114599,0.013330,0.013641,-0.021093,0.003752,-0.012623,-0.006688
4.124663,0.012982,0.014009,-0.021588,0.004209,-0.012290,-0.006575
4.134728,0.012603,0.013986,-0.020937,0.004670,-0.011928,-0.006452
4.144790,0.012194,0.014717,-0.021430,0.005136,-0.011536,-0.006319
4.154853,0.011754,0.015055,-0.021540,0.005606,-0.011115,-0.006177
4.164917,0.011283,0.015383,-0.022029,0.006081,-0.010664,-0.006024
4.174978,0.010783,0.015701,-0.022136,0.006561,-0.010185,-0.005862
4.185041,0.009690,0.016304,-0.023490,0.007534,-0.009139,-0.005509
4.195104,0.009099,0.016209,-0.022829,0.008027,-0.008573,-0.005317
4.205166,0.008478,0.016102,-0.023310,0.008526,-0.007979,-0.005117
4.215227,0.007827,0.015222,-0.023409,0.009030,-0.007356,-0.004906
4.225292,0.007528,0.015093,-0.023506,0.009539,-0.006704,-0.004687
4.235346,0.006818,0.014572,-0.022838,0.010053,-0.006025,-0.004458
4.245409,0.006079,0.014803,-0.022931,0.010192,-0.005317,-0.004220
4.255537,0.005310,0.014640,-0.022640,0.011098,-0.004581,-0.003972
4.265603,0.004513,0.014466,-0.022729,0.011629,-0.003818,-0.003716
4.275664,0.003687,0.013899,-0.022816,0.011784,-0.003027,-0.003450
4.285732,0.002833,0.013702,-0.021756,0.012708,-0.002209,-0.003175
4.295792,0.001950,0.013493,-0.022220,0.012875,-0.001364,-0.002892
4.305855,0.001039,0.012890,-0.021537,0.013429,-0.000491,-0.002600
4.315917,0.000481,0.013039,-0.021615,0.013990,0.000408,-0.002299
4.325979,-0.000486,0.012412,-0.020928,0.014557,0.001334,-0.001989
4.336040,-0.001480,0.012535,-0.021382,0.015130,0.002286,-0.001671
4.346105,-0.002502,0.011884,-0.021072,0.015710,0.003265,-0.001344
4.356167,-0.003550,0.011601,-0.021521,0.016297,0.004269,-0.001010
4.366227,-0.004245,0.011305,-0.020824,0.016890,0.005299,-0.000666
4.376279,-0.004965,0.010997,-0.020505,0.017491,0.005974,-0.000315
4.386283,-0.006094,0.010676,-0.020184,0.018098,0.007055,0.000044
4.396336,-0.007249,0.010723,-0.020623,0.018713,0.008161,0.000411
4.406388,-0.008048,0.010757,-0.020297,0.019335,0.009292,0.000787
4.416440,-0.009254,0.010777,-0.020349,0.019965,0.010448,0.001169
4.426492,-0.010104,0.011166,-0.020016,0.020603,0.011628,0.001560
4.436546,-0.011361,0.011541,-0.020444,0.021248,0.012451,0.001958
4.446599,-0.012261,0.011140,-0.020487,0.021901,0.013678,0.002363
4.456662,-0.013567,0.010725,-0.020909,0.022563,0.014930,0.002776
4.466722,-0.014516,0.010296,-0.020183,0.023232,0.016205,0.003195
4.476784,-0.015489,0.009853,-0.019835,0.023911,0.017503,0.003622
4.486919,-0.016104,0.009014,-0.019485,0.024597,0.018823,0.004056
4.496984,-0.016742,0.008924,-0.019894,0.025293,0.020167,0.004497
4.507042,-0.017404,0.008820,-0.020681,0.025997,0.021532,0.004944
4.517105,-0.018470,0.009082,-0.020321,0.026710,0.022919,0.005398
4.527167,-0.019176,0.009330,-0.020338,0.027432,0.024328,0.006239
4.537222,-0.019905,0.009563,-0.020353,0.028164,0.024614,0.006706
4.547284,-0.020656,0.009782,-0.020745,0.028905,0.025302,0.007179
4.557345,-0.020666,0.009985,-0.020371,0.029655,0.025630,0.007658
4.567407,-0.021459,0.010174,-0.020756,0.030416,0.026741,0.008143
4.577470,-0.021511,0.010347,-0.020375,0.031186,0.028254,0.008634
4.587531,-0.022346,0.010504,-0.020371,0.031966,0.029786,0.009130
4.597593,-0.023201,0.010647,-0.020364,0.032757,0.030957,0.008488
4.607653,-0.024077,0.010774,-0.020353,0.033557,0.032528,0.008995
4.617715,-0.024971,0.010885,-0.019956,0.034368,0.034118,0.009508
4.627776,-0.025886,0.010980,-0.020319,0.035190,0.035727,0.010026
4.637838,-0.026819,0.011059,-0.019915,0.036022,0.036590,0.010550
4.647902,-0.027770,0.011123,-0.020270,0.036866,0.036328,0.011078
4.657967,-0.028359,0.011170,-0.019858,0.037720,0.033031,0.011611
4.668028,-0.028965,0.011201,-0.019823,0.038585,0.032041,0.012149
4.678089,-0.028826,0.011215,-0.019403,0.039081,0.028778,0.012691
4.688149,-0.029086,0.011214,-0.019360,0.039969,0.027821,0.013238
4.698219,-0.028981,0.011195,-0.019313,0.040105,0.024210,0.013790
4.708281,-0.029274,0.010778,-0.019261,0.041016,0.022904,0.014345
4.718346,-0.029965,0.010726,-0.019206,0.041939,0.023521,0.014905
4.728410,-0.030671,0.010657,-0.019145,0.042874,0.024534,0.015468
4.738470,-0.031393,0.010572,-0.019462,0.043821,0.024800,0.016036
4.748523,-0.031367,0.010850,-0.019012,0.044399,0.024317,0.016607
4.758583,-0.031738,0.010348,-0.019319,0.044607,0.024230,0.017182
4.768644,-0.031741,0.010211,-0.018860,0.045209,0.024157,0.017760
4.778703,-0.031759,0.010056,-0.019158,0.046205,0.024479,0.018342
4.788764,-0.031027,0.009883,-0.018689,0.047214,0.022526,0.018927
4.798823,-0.031453,0.009693,-0.018597,0.048235,0.022111,0.019515
4.808885,-0.031129,0.009485,-0.018499,0.048888,0.021328,0.020106
4.818948,-0.031581,0.009259,-0.018397,0.049935,0.021319,0.020700
4.829009,-0.030900,0.009015,-0.018290,0.050995,0.022086,0.021297
4.839069,-0.031376,0.008754,-0.018560,0.052068,0.024009,0.021896
4.849132,-0.031100,0.008474,-0.018061,0.053155,0.024798,0.018302
4.859194,-0.031599,0.008176,-0.017939,0.054254,0.026362,0.018907
4.869255,-0.031727,0.007860,-0.018193,0.055367,0.027172,0.010739
4.879317,-0.032247,0.007525,-0.018441,0.056493,0.029138,0.011348
4.889378,-0.031633,0.007172,-0.018685,0.057633,0.031114,0.011959
4.899441,-0.032173,0.006801,-0.018923,0.058786,0.032717,0.012573
4.909503,-0.031960,0.006411,-0.018392,0.059953,0.032804,0.006702
4.919564,-0.032519,0.006002,-0.018620,0.061134,0.032519,0.007319
4.929625,-0.033087,0.005575,-0.018460,0.061565,0.032623,0.007938
4.939687,-0.032518,0.005510,-0.017913,0.060866,0.032736,0.008558
4.949752,-0.032721,0.005045,-0.017742,0.060181,0.033620,0.009179
4.959814,-0.032169,0.004560,-0.017183,0.058747,0.034130,0.009802
4.969874,-0.032387,0.004057,-0.017000,0.058089,0.033884,0.010426
4.979936,-0.032230,0.003535,-0.016430,0.057064,0.030593,0.011051
4.989996,-0.032844,0.002994,-0.016236,0.056816,0.030361,0.011677
5.000060,-0.032319,0.002433,-0.016035,0.055819,0.029372,0.012305
5.010124,-0.032564,0.002235,-0.016210,0.055600,0.029153,0.012933
5.020184,-0.032051,0.001636,-0.016378,0.054250,0.029701,0.013562
5.030246,-0.032688,0.001017,-0.016159,0.054058,0.030637,0.014191
5.040307,-0.032568,-0.000002,-0.015934,0.052736,0.030052,0.014821
5.050370,-0.033215,-0.000278,-0.016084,0.052573,0.030616,0.015452
5.060432,-0.032723,-0.000573,-0.015846,0.051661,0.030803,0.016083
5.070490,-0.032616,-0.001269,-0.015983,0.052289,0.031757,0.016714
5.080550,-0.032131,-0.001603,-0.016113,0.052550,0.031189,0.017346
5.090612,-0.032795,-0.002720,-0.016618,0.052825,0.029862,0.017977
5.100673,-0.032317,-0.003475,-0.016354,0.052732,0.027775,0.018609
5.110736,-0.032605,-0.003868,-0.016464,0.053798,0.027980,0.016189
5.120788,-0.032133,-0.004662,-0.016567,0.054116,0.026662,0.016057
5.130838,-0.032427,-0.005476,-0.017045,0.054829,0.026872,0.016689
5.140900,-0.032722,-0.006309,-0.017516,0.055555,0.027466,0.017320
5.150961,-0.032638,-0.007163,-0.017217,0.056296,0.026154,0.017951
5.161023,-0.033318,-0.008036,-0.017292,0.056670,0.026751,0.018581
5.171083,-0.032856,-0.008547,-0.016597,0.055912,0.028113,0.019211
5.181145,-0.033157,-0.009077,-0.016658,0.055932,0.029475,0.019840
5.191205,-0.032695,-0.010009,-0.016711,0.055203,0.030839,0.020469
5.201266,-0.032998,-0.010580,-0.016376,0.055250,0.032584,0.021096
5.211327,-0.032918,-0.011551,-0.016033,0.055311,0.032422,0.021723
5.221390,-0.033602,-0.012160,-0.016064,0.056911,0.033023,0.022350
5.231454,-0.032760,-0.012408,-0.016087,0.057762,0.033243,0.022975
5.241517,-0.032679,-0.013438,-0.016484,0.058627,0.033080,0.023599
5.251578,-0.031835,-0.013725,-0.016492,0.059504,0.031772,0.024223
5.261640,-0.032134,-0.014794,-0.016492,0.060014,0.030845,0.024845
5.271702,-0.032051,-0.015502,-0.016102,0.059392,0.029153,0.025466
5.281765,-0.032728,-0.016610,-0.016086,0.059928,0.029749,0.026085
5.291825,-0.032260,-0.017357,-0.015681,0.058951,0.029199,0.026704
5.301887,-0.032170,-0.017741,-0.015648,0.059131,0.029029,0.027321
5.311946,-0.031697,-0.018145,-0.014845,0.058180,0.026948,0.027936
5.322008,-0.032366,-0.018949,-0.014414,0.058004,0.026010,0.028551
5.332069,-0.032269,-0.019391,-0.014357,0.056696,0.025451,0.029163
5.342130,-0.032550,-0.019853,-0.014291,0.056545,0.026796,0.029774
5.352205,-0.032829,-0.019951,-0.014599,0.056407,0.027757,0.030384
5.362265,-0.032341,-0.019688,-0.014516,0.055899,0.027570,0.030992
5.372328,-0.032612,-0.019825,-0.014806,0.056165,0.026617,0.020535
5.382387,-0.032498,-0.019599,-0.014705,0.056063,0.024516,0.021139
5.392449,-0.033142,-0.019393,-0.015359,0.056353,0.025081,0.021742
5.402514,-0.032638,-0.018823,-0.015622,0.055510,0.027168,0.022343
5.412576,-0.032893,-0.019035,-0.016258,0.056205,0.028870,0.022941
5.422635,-0.031998,-0.018503,-0.016885,0.056529,0.028278,0.023538
5.432696,-0.032243,-0.019133,-0.017503,0.056864,0.027682,0.024133
5.442758,-0.032483,-0.019019,-0.017730,0.056447,0.026699,0.024726
5.452823,-0.032718,-0.019304,-0.017947,0.056804,0.027238,0.025317
5.462883,-0.031803,-0.018463,-0.018537,0.056408,0.027771,0.025905
5.472947,-0.032027,-0.018403,-0.019118,0.056023,0.028681,0.026492
5.483009,-0.031101,-0.018361,-0.019307,0.055647,0.027678,0.027076
5.493071,-0.031695,-0.018718,-0.019106,0.055663,0.026669,0.009729
5.503131,-0.031520,-0.018330,-0.019276,0.055307,0.026036,0.010309
5.513194,-0.031720,-0.019104,-0.019055,0.055724,0.028067,0.010887
5.523255,-0.031151,-0.019513,-0.019206,0.054623,0.030092,0.011462
5.533308,-0.031338,-0.020321,-0.019347,0.054676,0.031730,0.012035
5.543369,-0.031137,-0.020383,-0.018334,0.054357,0.031073,0.012606
5.553433,-0.031311,-0.020844,-0.017692,0.054809,0.031553,0.013174
5.563566,-0.031096,-0.020939,-0.017040,0.054125,0.032027,0.013740
5.573628,-0.030875,-0.021433,-0.017141,0.054212,0.033257,0.014303
5.583687,-0.031027,-0.021943,-0.016851,0.054688,0.033717,0.014864
5.593750,-0.030028,-0.021707,-0.015787,0.054791,0.032644,0.015422
5.603809,-0.030548,-0.022249,-0.015476,0.055282,0.030802,0.015978
5.613872,-0.030296,-0.022426,-0.014391,0.056162,0.028189,0.016531
5.623932,-0.030419,-0.023000,-0.014441,0.057049,0.028239,0.017082
5.633994,-0.029771,-0.022826,-0.014099,0.057561,0.027900,0.017630
5.644058,-0.030259,-0.022668,-0.014127,0.058461,0.027935,0.018176
5.654119,-0.029595,-0.021762,-0.013764,0.058222,0.027962,0.018719
5.664181,-0.030067,-0.022397,-0.013390,0.059515,0.027982,0.019259
5.674241,-0.029768,-0.022665,-0.013005,0.060051,0.027230,0.019797
5.684304,-0.030224,-0.022948,-0.012991,0.060592,0.028378,0.020332
5.694361,-0.029527,-0.022100,-0.012203,0.060757,0.029518,0.020864
5.704423,-0.029584,-0.022792,-0.011786,0.061308,0.031032,0.021394
5.714482,-0.029251,-0.022354,-0.011357,0.060719,0.030248,0.016961
5.724544,-0.030053,-0.022693,-0.010537,0.060516,0.029074,0.017485
5.734606,-0.029322,-0.022663,-0.009705,0.059553,0.027892,0.018007
5.744667,-0.029344,-0.023028,-0.009244,0.059357,0.028609,0.018525
5.754732,-0.028594,-0.022262,-0.008771,0.059165,0.028935,0.019041
5.764786,-0.028979,-0.022653,-0.008669,0.059738,0.028490,0.019554
5.774851,-0.028212,-0.021911,-0.008174,0.059552,0.026129,0.020064
5.784912,-0.028960,-0.022327,-0.008050,0.059749,0.025285,0.020571
5.794973,-0.029318,-0.022755,-0.008295,0.059948,0.025196,0.021076
5.805033,-0.031151,-0.024408,-0.008371,0.061496,0.028422,0.022076
5.815093,-0.031481,-0.024870,-0.008201,0.061700,0.030213,0.022572
5.825154,-0.031038,-0.024198,-0.008020,0.061142,0.029324,0.023066
5.835215,-0.030968,-0.025064,-0.008208,0.061347,0.028425,0.023556
5.845277,-0.029743,-0.024414,-0.007622,0.060408,0.026374,0.009929
5.855341,-0.029653,-0.024537,-0.007787,0.060614,0.025457,0.010413
5.865404,-0.029553,-0.024670,-0.007941,0.059675,0.024912,0.010895
5.875455,-0.029444,-0.024813,-0.007701,0.059880,0.026647,0.011374
5.885519,-0.028562,-0.023821,-0.007832,0.059321,0.027991,0.011850
5.895585,-0.028814,-0.024364,-0.007569,0.059523,0.028563,0.012323
5.905647,-0.027912,-0.023771,-0.007294,0.059342,0.026455,0.012793
5.915714,-0.028145,-0.024331,-0.007390,0.059923,0.026626,0.013260
5.925777,-0.027605,-0.024519,-0.007473,0.059738,0.028313,0.013724
5.935842,-0.027817,-0.024714,-0.007544,0.060314,0.029991,0.014186
5.945908,-0.027257,-0.024154,-0.007604,0.060124,0.030133,0.014644
5.955975,-0.027450,-0.024746,-0.007652,0.060694,0.030648,0.015100
5.966041,-0.026869,-0.024582,-0.007307,0.060115,0.028863,0.015552
5.976106,-0.027042,-0.024807,-0.007331,0.061059,0.028595,0.016002
5.986172,-0.026823,-0.024657,-0.007343,0.060855,0.029461,0.016449
5.996236,-0.027356,-0.024894,-0.007343,0.061409,0.031462,0.016893
6.006354,-0.027117,-0.024375,-0.007331,0.061195,0.032309,0.017334
6.016420,-0.027248,-0.025006,-0.007308,0.061739,0.031620,0.017772
6.026486,-0.027370,-0.025261,-0.006891,0.061896,0.030158,0.018207
6.036551,-0.026718,-0.024758,-0.006843,0.061285,0.027924,0.018640
6.046617,-0.026819,-0.025787,-0.006784,0.061812,0.026824,0.019069
6.056683,-0.026147,-0.025293,-0.006712,0.060807,0.024570,0.019496
6.066750,-0.026609,-0.025186,-0.006629,0.061321,0.024213,0.019920
6.076810,-0.026298,-0.025082,-0.006533,0.060684,0.024228,0.020340
6.086872,-0.027121,-0.025364,-0.006426,0.060802,0.024233,0.020758
6.096936,-0.026408,-0.024886,-0.006306,0.059769,0.023465,0.021173
6.107000,-0.026829,-0.025556,-0.006175,0.059872,0.023450,0.021585
6.117061,-0.026095,-0.025466,-0.006031,0.058441,0.023425,0.021995
6.127123,-0.026495,-0.025760,-0.005876,0.058528,0.024917,0.022401
6.137185,-0.025741,-0.025293,-0.005709,0.057461,0.026016,0.022805
6.147248,-0.026121,-0.025209,-0.005529,0.057148,0.026725,0.023205
6.157314,-0.026108,-0.025127,-0.005338,0.056445,0.026660,0.023603
6.167379,-0.026849,-0.025428,-0.005135,0.056495,0.027730,0.023998
6.177439,-0.026053,-0.024586,-0.004920,0.055390,0.028791,0.024390
6.187501,-0.025629,-0.025652,-0.004693,0.055038,0.029078,0.024780
6.197562,-0.025194,-0.024811,-0.004454,0.054294,0.025540,0.025166
6.207625,-0.025131,-0.025496,-0.004203,0.054684,0.023901,0.025550
6.217688,-0.024676,-0.025418,-0.003940,0.054300,0.023014,0.025931
6.227752,-0.024973,-0.025722,-0.003666,0.054286,0.024406,0.026309
6.237926,-0.024879,-0.024880,-0.003380,0.053879,0.025407,0.026684
6.247989,-0.025156,-0.025945,-0.003082,0.054223,0.025635,0.027056
6.258049,-0.025423,-0.026245,-0.002772,0.054174,0.025471,0.027426
6.268112,-0.024916,-0.025400,-0.002450,0.053349,0.024916,0.027793
6.278172,-0.024781,-0.026079,-0.002117,0.053656,0.024352,0.028157
6.288234,-0.024254,-0.025612,-0.001772,0.053568,0.022252,0.028518
6.298294,-0.024480,-0.025523,-0.001415,0.054231,0.022812,0.028877
6.308356,-0.025078,-0.025051,-0.001047,0.054498,0.024888,0.029233
6.318419,-0.025665,-0.025720,-0.000667,0.055133,0.026192,0.029586
6.328479,-0.025479,-0.025242,-0.000276,0.054992,0.026342,0.029936
6.338542,-0.025665,-0.025524,0.000127,0.054836,0.026100,0.030284
6.348601,-0.025459,-0.024657,0.000541,0.054284,0.024322,0.030628
6.358662,-0.025243,-0.025312,0.000967,0.055244,0.024061,0.030971
6.368723,-0.024253,-0.024819,0.001404,0.055044,0.023028,0.031310
6.378778,-0.024399,-0.024703,0.001853,0.055211,0.022366,0.031647
6.388840,-0.023771,-0.024201,0.002313,0.054981,0.020550,0.031981
6.398905,-0.024278,-0.024456,0.002784,0.055499,0.020631,0.032312
6.408966,-0.024394,-0.024326,0.003266,0.055238,0.021848,0.025012
6.419029,-0.024499,-0.024571,0.003759,0.055342,0.023055,0.025338
6.429089,-0.024595,-0.023666,0.004264,0.054286,0.023489,0.025661
6.439152,-0.024680,-0.024281,0.004780,0.054358,0.022770,0.025982
6.449216,-0.023993,-0.023746,0.005306,0.053269,0.022423,0.026300
6.459276,-0.023678,-0.023586,0.005844,0.053308,0.022829,0.026615
6.469337,-0.023734,-0.024182,0.006392,0.053711,0.022462,0.026928
6.479402,-0.023018,-0.023246,0.006952,0.053335,0.022086,0.027239
6.489464,-0.023436,-0.023447,0.007522,0.053322,0.023227,0.027546
6.499527,-0.023463,-0.023641,0.008103,0.052911,0.024358,0.027851
6.509591,-0.023862,-0.023827,0.008694,0.052863,0.025099,0.028154
6.519656,-0.023488,-0.023242,0.009296,0.052035,0.023922,0.028454
6.529714,-0.023867,-0.023795,0.009909,0.051570,0.023881,0.028751
6.539777,-0.023474,-0.023194,0.010532,0.050706,0.024212,0.029046
6.549837,-0.023453,-0.023349,0.011166,0.050968,0.024153,0.029339
6.559900,-0.022278,-0.022731,0.011810,0.050068,0.021795,0.029628
6.569961,-0.022238,-0.023250,0.012464,0.049911,0.020191,0.029916
6.580022,-0.021807,-0.022615,0.012747,0.049736,0.019341,0.030200
6.590084,-0.022129,-0.023116,0.013422,0.049924,0.020389,0.030483
6.600141,-0.022442,-0.022463,0.014107,0.048948,0.021809,0.008255
6.610202,-0.022745,-0.022944,0.014802,0.048716,0.021695,0.008533
6.620266,-0.022658,-0.022654,0.015507,0.048466,0.020045,0.008807
6.630325,-0.022943,-0.023116,0.016221,0.048577,0.018387,0.009080
6.640385,-0.022455,-0.022424,0.016946,0.047906,0.017482,0.009350
6.650447,-0.022721,-0.022866,0.017680,0.047597,0.018095,0.009617
6.660507,-0.022215,-0.021772,0.018424,0.047649,0.019080,0.005686
6.670569,-0.022081,-0.022193,0.019178,0.048064,0.019674,0.005948
6.680630,-0.021938,-0.022604,0.019941,0.048840,0.019497,0.006208
6.690691,-0.021405,-0.022241,0.020713,0.048452,0.018929,0.006466
6.700753,-0.021625,-0.022630,0.021495,0.048426,0.020260,0.006721
6.710813,-0.021454,-0.022244,0.022287,0.048760,0.021582,0.006974
6.720874,-0.021656,-0.022229,0.023087,0.049075,0.021752,0.007225
6.730934,-0.021849,-0.021821,0.023515,0.050133,0.021530,0.007092
6.740994,-0.022415,-0.022165,0.024334,0.051170,0.020919,0.007337
6.751055,-0.022590,-0.021733,0.024780,0.052187,0.020299,0.007581
6.761118,-0.022756,-0.022053,0.025616,0.053183,0.021196,0.007822
6.771180,-0.022531,-0.021598,0.026462,0.054159,0.022085,0.008061
6.781243,-0.022298,-0.021513,0.027316,0.055115,0.022965,0.008297
6.791306,-0.021293,-0.020652,0.027797,0.056050,0.023455,0.008531
6.801371,-0.021424,-0.021304,0.028668,0.056964,0.023936,0.008763
6.811433,-0.020401,-0.020800,0.029548,0.057858,0.024028,0.008993
6.821496,-0.020514,-0.021046,0.030436,0.058731,0.024493,0.009220
6.831560,-0.020237,-0.020517,0.030951,0.059583,0.024949,0.009445
6.841625,-0.020333,-0.020356,0.031856,0.060415,0.025015,0.009668
6.851687,-0.020419,-0.019420,0.032387,0.061226,0.023929,0.009888
6.861750,-0.020879,-0.019615,0.033308,0.062016,0.022452,0.006673
6.871810,-0.021330,-0.019415,0.034237,0.062785,0.020205,0.006889
6.881873,-0.021392,-0.019583,0.035174,0.063533,0.019475,0.007103
6.891939,-0.021444,-0.018976,0.035737,0.064261,0.017974,0.007314
6.901999,-0.021107,-0.019499,0.036308,0.064968,0.017227,0.007523
6.912059,-0.020761,-0.020009,0.037268,0.065654,0.016473,0.007730
6.922119,-0.020025,-0.018598,0.037854,0.066319,0.015710,0.007935
6.932178,-0.019662,-0.018699,0.038066,0.066582,0.016465,0.008138
6.942240,-0.019673,-0.018405,0.038667,0.067205,0.017593,0.008338
6.952291,-0.019675,-0.018479,0.039657,0.067808,0.018714,0.008536
6.962345,-0.019668,-0.017776,0.039891,0.068389,0.019826,0.008733
6.972405,-0.020035,-0.018204,0.040132,0.068188,0.020549,0.008926
6.982468,-0.020012,-0.017091,0.040380,0.067202,0.021263,0.009118
6.992532,-0.020744,-0.017110,0.041398,0.066196,0.021207,0.009308
7.002593,-0.021468,-0.016732,0.042041,0.064024,0.020762,0.009495
7.012652,-0.022183,-0.016722,0.042691,0.062595,0.020690,0.009681
7.022714,-0.022509,-0.015935,0.043348,0.060000,0.019465,0.009864
7.032774,-0.022445,-0.015896,0.044011,0.058911,0.019378,0.010045
7.042836,-0.022754,-0.015843,0.044680,0.057039,0.019282,0.010224
7.052900,-0.022674,-0.015394,0.044975,0.055909,0.019179,0.010401
7.062961,-0.022205,-0.014931,0.045657,0.053995,0.018305,0.010576
7.072985,-0.022109,-0.015216,0.046346,0.052442,0.018949,0.010749
7.083048,-0.021242,-0.015487,0.047041,0.050488,0.019967,0.010919
7.093112,-0.020748,-0.015362,0.047741,0.049276,0.020596,0.011088
7.103178,-0.019484,-0.014841,0.048448,0.047281,0.020454,0.011254
7.113232,-0.019356,-0.015450,0.049160,0.046410,0.020686,0.011419
7.123285,-0.019220,-0.016044,0.049497,0.045900,0.021291,0.011581
7.133350,-0.018695,-0.015479,0.049839,0.044988,0.022271,0.011742
7.143412,-0.018925,-0.015662,0.050569,0.044439,0.022862,0.011900
7.153474,-0.019147,-0.015068,0.050159,0.043487,0.023445,0.008623
7.163536,-0.019362,-0.015222,0.050518,0.043660,0.024020,0.008777
7.173599,-0.020331,-0.015361,0.050119,0.043813,0.023063,0.008930
7.183660,-0.020912,-0.015867,0.049725,0.043947,0.021716,0.009080
7.193722,-0.021103,-0.015596,0.049336,0.044060,0.018836,0.009228
7.203782,-0.021668,-0.015309,0.049716,0.044154,0.017856,0.009375
7.213842,-0.021844,-0.015008,0.049337,0.044229,0.016487,0.009519
7.223903,-0.022394,-0.015455,0.049345,0.044284,0.016255,0.009661
7.233963,-0.022554,-0.014743,0.048594,0.044319,0.016397,0.009802
7.244025,-0.022707,-0.014779,0.048993,0.044336,0.016532,0.009940
7.254088,-0.022853,-0.014037,0.048251,0.044333,0.016278,0.010077
7.264152,-0.022610,-0.014425,0.047896,0.043929,0.015635,0.010211
7.274212,-0.021596,-0.014416,0.047163,0.044269,0.014604,0.010344
7.284276,-0.021337,-0.014774,0.047579,0.043827,0.013947,0.010474
7.294292,-0.020308,-0.014355,0.047618,0.043748,0.012901,0.010603
7.304357,-0.020035,-0.014302,0.047661,0.043650,0.012611,0.010730
7.314425,-0.018991,-0.014235,0.047708,0.043534,0.013458,0.010854
7.324486,-0.018703,-0.014534,0.048141,0.043398,0.013917,0.010977
7.334551,-0.018026,-0.014437,0.048577,0.043245,0.014368,0.011098
7.344619,-0.017723,-0.013562,0.048636,0.043073,0.014812,0.011217
7.354681,-0.017794,-0.013435,0.049080,0.042882,0.015631,0.011335
7.364745,-0.017858,-0.013294,0.048764,0.042673,0.016443,0.011450
7.374806,-0.017914,-0.013519,0.048833,0.042447,0.016866,0.011563
7.384869,-0.018345,-0.013730,0.047761,0.042202,0.016900,0.011675
7.394930,-0.018769,-0.013926,0.048219,0.041939,0.017309,0.011784
7.404989,-0.019185,-0.013345,0.048298,0.041659,0.017711,0.011892
7.415053,-0.019996,-0.014046,0.049992,0.041045,0.018495,0.012102
7.425112,-0.020009,-0.014183,0.050080,0.040711,0.018876,0.012204
7.435172,-0.020396,-0.014307,0.050553,0.040361,0.019250,0.012304
7.445232,-0.020395,-0.014034,0.050266,0.039993,0.019617,0.012403
7.455295,-0.020768,-0.013747,0.050744,0.039608,0.019978,0.012500
7.465350,-0.020753,-0.012682,0.050462,0.039206,0.019568,0.012594
7.475415,-0.021112,-0.012366,0.050564,0.038787,0.019915,0.012687
7.485467,-0.021082,-0.012035,0.049524,0.038351,0.020255,0.012778
7.495530,-0.021427,-0.011690,0.049630,0.037899,0.020588,0.012868
7.505593,-0.021002,-0.010949,0.049739,0.037430,0.020914,0.012955
7.515659,-0.020951,-0.010957,0.050232,0.037326,0.020852,0.008463
7.525711,-0.020512,-0.010569,0.050345,0.036824,0.020784,0.008547
7.535765,-0.020447,-0.010930,0.050842,0.035925,0.020327,0.008629
7.545789,-0.019994,-0.011276,0.050959,0.035390,0.019100,0.008709
7.555856,-0.018771,-0.011227,0.051078,0.035222,0.018248,0.008787
7.565920,-0.017922,-0.011164,0.051199,0.034656,0.017771,0.008864
7.575981,-0.016685,-0.010324,0.050940,0.033693,0.016905,0.008938
7.586045,-0.016204,-0.009851,0.051064,0.033477,0.016796,0.009011
7.596110,-0.016098,-0.008983,0.050045,0.032482,0.017443,0.009083
7.606172,-0.015984,-0.009245,0.050554,0.031854,0.017702,0.009152
7.616233,-0.015864,-0.008730,0.050301,0.031211,0.017954,0.009220
7.626298,-0.015737,-0.008583,0.050430,0.030933,0.018200,0.009285
7.636363,-0.015984,-0.008422,0.050180,0.029878,0.018058,0.009349
7.646429,-0.016225,-0.009010,0.050312,0.029571,0.018290,0.009412
7.656490,-0.016459,-0.008821,0.050445,0.028868,0.018134,0.009472
7.666554,-0.016685,-0.009000,0.050579,0.028150,0.017972,0.009531
7.676619,-0.016906,-0.008784,0.049951,0.027035,0.018566,0.009588
7.686684,-0.017119,-0.008555,0.049705,0.026670,0.018772,0.009643
7.696747,-0.017325,-0.007930,0.049460,0.025909,0.018971,0.009697
7.706813,-0.017525,-0.008054,0.049978,0.025133,0.019164,0.009748
7.716876,-0.017336,-0.007403,0.049734,0.024344,0.019351,0.009798
7.726938,-0.017522,-0.007500,0.049872,0.023540,0.019530,0.009846
7.737001,-0.017702,-0.007203,0.049629,0.022723,0.019703,0.009893
7.747067,-0.017874,-0.007274,0.050150,0.021892,0.019870,0.009937
7.757154,-0.018040,-0.006950,0.049907,0.021048,0.020030,0.009980
7.767214,-0.018199,-0.006994,0.049665,0.020190,0.020184,0.010021
7.777275,-0.018351,-0.007026,0.049804,0.019319,0.020331,0.010061
7.787340,-0.018497,-0.006662,0.048799,0.018434,0.020472,0.010099
7.797404,-0.018254,-0.006667,0.049320,0.017537,0.020606,0.010134
7.807468,-0.018387,-0.006277,0.049459,0.016627,0.020734,0.010169
7.817529,-0.018131,-0.006637,0.049598,0.015704,0.020855,0.010201
7.827594,-0.018249,-0.006603,0.049355,0.014768,0.020969,0.003747
7.837656,-0.017980,-0.006937,0.049493,0.013819,0.021078,0.003776
7.847719,-0.017704,-0.006877,0.049631,0.012859,0.021180,0.003803
7.857780,-0.017803,-0.006805,0.049768,0.011886,0.021275,0.003829
7.867843,-0.017513,-0.006337,0.049523,0.010900,0.021364,0.003852
7.877907,-0.017217,-0.006239,0.049278,0.009903,0.021446,0.003875
7.887972,-0.016914,-0.005747,0.049032,0.008894,0.021522,0.003895
7.898038,-0.016605,-0.006004,0.049166,0.007873,0.021592,0.003914
7.908101,-0.016288,-0.005868,0.048918,0.006840,0.021655,0.003930
7.918164,-0.015966,-0.006101,0.049432,0.005796,0.021711,0.003946
7.928228,-0.015636,-0.006321,0.048801,0.005121,0.021762,0.003959
7.938294,-0.015300,-0.006911,0.049313,0.004436,0.021805,0.003971
7.948358,-0.014957,-0.006725,0.048679,0.003357,0.021843,0.003981
7.958422,-0.014989,-0.006908,0.048808,0.002268,0.021874,0.003989
7.968474,-0.015015,-0.006697,0.047790,0.001168,0.021898,0.003996
7.978536,-0.015033,-0.006475,0.048297,0.000056,0.021916,0.004001
7.988598,-0.015045,-0.006240,0.048803,-0.001066,0.021928,0.004004
7.998660,-0.015051,-0.006374,0.048162,-0.002198,0.021933,0.004005
8.008722,-0.015050,-0.006497,0.048283,-0.003341,0.021932,0.004005
8.018781,-0.015042,-0.006607,0.048021,-0.004494,0.021924,0.004003
8.028845,-0.015027,-0.006706,0.048520,-0.005658,0.021910,0.003999
8.038907,-0.015006,-0.006792,0.048636,-0.006831,0.021890,0.003993
8.048969,-0.014978,-0.006867,0.048750,-0.008015,0.021863,0.003986
8.059019,-0.014944,-0.006930,0.048099,-0.009208,0.021830,0.003977
8.069071,-0.014903,-0.006600,0.048209,-0.010412,0.021790,0.003967
8.079133,-0.014855,-0.006640,0.047936,-0.011625,0.021744,0.003954
8.089196,-0.014800,-0.006668,0.048805,-0.012847,0.021691,0.003940
8.099258,-0.014739,-0.006684,0.048527,-0.014079,0.021632,0.003924
8.109321,-0.014672,-0.006689,0.048628,-0.015320,0.021567,0.003907
8.119385,-0.014597,-0.006682,0.047965,-0.016570,0.021495,0.003888
8.129449,-0.014516,-0.006664,0.048443,-0.017829,0.021417,0.003867
8.139511,-0.014428,-0.006635,0.048156,-0.018716,0.021332,0.003844
8.149574,-0.014334,-0.006213,0.048629,-0.019993,0.021240,0.003819
8.159635,-0.014233,-0.005398,0.047956,-0.021278,0.021143,0.003793
8.169698,-0.014125,-0.005335,0.047661,-0.022191,0.021039,0.003765
8.179759,-0.014010,-0.004879,0.047363,-0.021968,0.020928,0.003736
8.189821,-0.013889,-0.004412,0.047826,-0.022897,0.020811,0.003704
8.199886,-0.013761,-0.004316,0.047904,-0.023835,0.020687,0.003671
8.209952,-0.013626,-0.004208,0.047217,-0.024018,0.020557,0.003636
8.220013,-0.013485,-0.004090,0.047289,-0.024209,0.020421,0.003600
8.230077,-0.013337,-0.003961,0.046596,-0.023645,0.020278,0.003561
8.240142,-0.013182,-0.003439,0.046663,-0.023852,0.020128,0.003521
8.250205,-0.013021,-0.002907,0.045963,-0.024066,0.019972,0.003480
8.260267,-0.012852,-0.002363,0.046023,-0.024287,0.019810,0.003436
8.270294,-0.012677,-0.001428,0.045699,-0.023754,0.019640,0.003391
8.280358,-0.012495,-0.001245,0.045752,-0.023990,0.019465,0.003344
8.290418,-0.012307,-0.000670,0.045421,-0.023852,0.019283,0.003295
8.300482,-0.012111,-0.000466,0.045468,-0.024485,0.019094,0.003244
8.310546,-0.011909,0.000130,0.045511,-0.024361,0.018899,0.003192
8.320608,-0.011700,0.000355,0.045932,-0.025007,0.018697,0.003138
8.330660,-0.011485,0.000972,0.045206,-0.024516,0.018488,0.003082
8.340714,-0.011262,0.001218,0.045238,-0.024412,0.018273,0.003024
8.350765,-0.011033,0.001474,0.044886,-0.023552,0.018052,0.002965
8.360818,-0.010796,0.001740,0.045292,-0.023462,0.017824,0.002904
8.370870,-0.010553,0.002016,0.045313,-0.022615,0.017589,0.002841
8.380922,-0.010303,0.002303,0.045712,-0.022919,0.017347,0.002776
8.390974,-0.010046,0.002600,0.045726,-0.022847,0.017099,0.002710
8.401026,-0.009783,0.002906,0.046498,-0.023163,0.016845,0.002642
8.411078,-0.009512,0.003223,0.046122,-0.022721,0.016583,0.002571
8.421131,-0.009235,0.003549,0.046505,-0.022667,0.016315,0.002500
8.431184,-0.008950,0.003886,0.046883,-0.023000,0.016040,0.002426
8.441235,-0.008659,0.004232,0.046876,-0.022576,0.015759,0.002351
8.451287,-0.008360,0.004588,0.047246,-0.022538,0.015471,0.002273
8.461337,-0.008055,0.004954,0.046849,-0.021743,0.015176,0.002194
8.471389,-0.007743,0.005329,0.046829,-0.022098,0.014874,0.002114
8.481444,-0.007423,0.005714,0.046423,-0.020932,0.014566,0.002031
8.491497,-0.007097,0.006109,0.046775,-0.020916,0.014250,0.001946
8.501552,-0.007145,0.006513,0.046360,-0.020523,0.013929,0.001860
8.511610,-0.006805,0.006927,0.046703,-0.021660,0.013600,0.001772
8.521664,-0.006457,0.007350,0.047042,-0.021277,0.013264,0.001682
8.531727,-0.006103,0.007782,0.046994,-0.022042,0.012922,0.001590
8.541790,-0.005741,0.008224,0.046942,-0.021668,0.012572,0.001497
8.551854,-0.005373,0.008675,0.046885,-0.022061,0.012216,0.001401
8.561914,-0.004997,0.009136,0.046823,-0.021696,0.011853,0.001304
8.571978,-0.004614,0.009605,0.047137,-0.021334,0.011483,0.001205
8.582039,-0.004224,0.010084,0.046684,-0.020596,0.011107,0.001104
8.592101,-0.003827,0.010572,0.046607,-0.020242,0.010723,0.001001
8.602162,-0.003422,0.010687,0.046525,-0.019512,0.010332,0.000896
8.612224,-0.003010,0.011193,0.046438,-0.019929,0.009935,0.000790
8.622276,-0.002592,0.011326,0.046346,-0.019588,0.009530,0.000681
8.632341,-0.002165,0.011850,0.046630,-0.020776,0.009118,0.000571
8.642405,-0.001732,0.012382,0.046909,-0.021204,0.008700,0.000459
8.652469,-0.001673,0.012924,0.046801,-0.021255,0.008274,0.000345
8.662531,-0.001225,0.013474,0.047069,-0.021690,0.007841,0.000229
8.672598,-0.000769,0.014033,0.046569,-0.021365,0.007401,0.000111
8.682664,-0.000307,0.014600,0.046445,-0.022188,0.006954,-0.000009
8.692729,0.000163,0.015176,0.046316,-0.021489,0.006500,-0.000130
8.702794,0.000259,0.015761,0.046181,-0.021555,0.006039,-0.000254
8.712855,0.000744,0.016354,0.045658,-0.021242,0.005571,-0.000380
8.722917,0.001237,0.016956,0.045893,-0.022077,0.005095,-0.000507
8.732981,0.001736,0.017185,0.046123,-0.022533,0.004613,-0.000636
8.743041,0.002244,0.017803,0.045965,-0.022992,0.004123,-0.000768
8.753093,0.002758,0.017667,0.045802,-0.023071,0.004007,-0.000901
8.763145,0.002899,0.017921,0.046014,-0.023534,0.003503,-0.001036
8.773197,0.003429,0.018564,0.045839,-0.024000,0.002991,-0.001173
8.783250,0.003966,0.019216,0.046039,-0.024468,0.002472,-0.001313
8.793284,0.004130,0.019494,0.045852,-0.023793,0.001945,-0.001454
8.803338,0.004682,0.019781,0.045659,-0.023884,0.001412,-0.001597
8.813390,0.005242,0.019694,0.045078,-0.023213,0.000871,-0.001742
8.823443,0.005810,0.019996,0.044873,-0.022926,0.000322,-0.001889
8.833475,0.006386,0.019163,0.044662,-0.021878,-0.000234,-0.002038
8.843541,0.006588,0.019100,0.045208,-0.021975,-0.000797,-0.002189
8.853605,0.007179,0.018663,0.044984,-0.021693,-0.001368,-0.002342
8.863669,0.007396,0.018616,0.045517,-0.022175,-0.001946,-0.002497
8.873722,0.007621,0.017813,0.045662,-0.021895,-0.002532,-0.002654
8.883787,0.007854,0.017019,0.046564,-0.021999,-0.003126,-0.002813
8.893850,0.008476,0.016995,0.047078,-0.022866,-0.003727,-0.002974
8.903914,0.008725,0.016597,0.047204,-0.022590,-0.004335,-0.003138
8.913979,0.008981,0.016970,0.047324,-0.022697,-0.004952,-0.003303
8.924033,0.008864,0.016968,0.047056,-0.022041,-0.005575,-0.003470
8.934088,0.008755,0.016975,0.047544,-0.022531,-0.006207,-0.003639
8.944142,0.008272,0.016989,0.047262,-0.021496,-0.006846,-0.003811
8.954195,0.008561,0.016629,0.047356,-0.021605,-0.007112,-0.003984
8.964249,0.008857,0.016276,0.046680,-0.021334,-0.007385,-0.004160
8.974304,0.009162,0.015931,0.046760,-0.021445,-0.008047,-0.004338
8.984358,0.009474,0.015593,0.046070,-0.020793,-0.008718,-0.004517
8.994410,0.010176,0.015643,0.046137,-0.020904,-0.009396,-0.004699
9.004466,0.010123,0.015320,0.045815,-0.020253,-0.010082,-0.004883
9.014521,0.010460,0.015385,0.045487,-0.020365,-0.010776,-0.005070
9.024584,0.011187,0.015076,0.045151,-0.020095,-0.011478,-0.005258
9.034647,0.011922,0.015536,0.045190,-0.020970,-0.012187,-0.005448
9.044708,0.012665,0.015623,0.044841,-0.020700,-0.012905,-0.005641
9.054771,0.013035,0.016479,0.044866,-0.021193,-0.013631,-0.005836
9.064834,0.013413,0.016579,0.044503,-0.020541,-0.013983,-0.006032
9.074897,0.014181,0.017068,0.044132,-0.020652,-0.014725,-0.006231
9.084951,0.014576,0.017182,0.043754,-0.019999,-0.015475,-0.006433
9.095005,0.015391,0.018576,0.044122,-0.021363,-0.016999,-0.006842
9.105067,0.015811,0.017947,0.043723,-0.020326,-0.017392,-0.007050
9.115131,0.015858,0.017707,0.043698,-0.020816,-0.018174,-0.007260
9.125192,0.015914,0.017092,0.043666,-0.020159,-0.018584,-0.007472
9.135255,0.016360,0.017246,0.044008,-0.020646,-0.018238,-0.007686
9.145320,0.016814,0.017407,0.043961,-0.021133,-0.017901,-0.007903
9.155384,0.016514,0.016431,0.043907,-0.021617,-0.017954,-0.008122
9.165449,0.016986,0.016605,0.044608,-0.022101,-0.018778,-0.008343
9.175511,0.017085,0.016785,0.044157,-0.022202,-0.019610,-0.007804
9.185574,0.017574,0.017354,0.044081,-0.022302,-0.020451,-0.008030
9.195638,0.017308,0.017547,0.043996,-0.022018,-0.020918,-0.008258
9.205704,0.017433,0.018128,0.043905,-0.022496,-0.021394,-0.008488
9.215766,0.017186,0.018715,0.044187,-0.021828,-0.020735,-0.008721
9.225830,0.017328,0.018928,0.044080,-0.021922,-0.020083,-0.008956
9.235894,0.017098,0.018764,0.043583,-0.022394,-0.018678,-0.009193
9.245958,0.017259,0.018607,0.043843,-0.022865,-0.018425,-0.009433
9.256023,0.017428,0.017693,0.043713,-0.022190,-0.017800,-0.009675
9.266086,0.017606,0.017549,0.043193,-0.022276,-0.017183,-0.009919
9.276143,0.017412,0.017410,0.042666,-0.021596,-0.016193,-0.010166
9.286205,0.017609,0.017277,0.042513,-0.022059,-0.015975,-0.010415
9.296259,0.017814,0.016768,0.042351,-0.021375,-0.016148,-0.007233
9.306325,0.018410,0.017029,0.042182,-0.021833,-0.017091,-0.007487
9.316380,0.019015,0.016914,0.042005,-0.021525,-0.018044,-0.007743
9.326432,0.019629,0.017567,0.042202,-0.021978,-0.018624,-0.008002
9.336484,0.020252,0.017845,0.041627,-0.021666,-0.019595,-0.008263
9.346536,0.020503,0.018510,0.041426,-0.021732,-0.020574,-0.008526
9.356589,0.020382,0.019180,0.041217,-0.021033,-0.021181,-0.008792
9.366642,0.020270,0.019094,0.041382,-0.021475,-0.021796,-0.009060
9.376695,0.020549,0.018631,0.041157,-0.020388,-0.022803,-0.009331
9.386747,0.020456,0.018556,0.040924,-0.020443,-0.023818,-0.009604
9.396799,0.020753,0.018104,0.040682,-0.019732,-0.024842,-0.009880
9.406851,0.021060,0.018040,0.040814,-0.019780,-0.025875,-0.010158
9.416942,0.020613,0.017218,0.040938,-0.018681,-0.026917,-0.010439
9.427007,0.020558,0.017164,0.040672,-0.019486,-0.027969,-0.010722
9.437071,0.020893,0.017878,0.040398,-0.019906,-0.029029,-0.011008
9.447136,0.020856,0.018216,0.040116,-0.019178,-0.029718,-0.011296
9.457203,0.021210,0.018560,0.039825,-0.019591,-0.030797,-0.011587
9.467268,0.021574,0.018909,0.039144,-0.019238,-0.031885,-0.011880
9.477295,0.021566,0.019263,0.039219,-0.020025,-0.032982,-0.012176
9.487361,0.020805,0.018477,0.039284,-0.020045,-0.032945,-0.012474
9.497427,0.021198,0.018460,0.038960,-0.020062,-0.031772,-0.012775
9.507494,0.020837,0.018066,0.039391,-0.019693,-0.027938,-0.013078
9.517541,0.020868,0.018058,0.039813,-0.020083,-0.025639,-0.013385
9.527593,0.020145,0.016530,0.040226,-0.020088,-0.022206,-0.013693
9.537645,0.020195,0.016532,0.040631,-0.020470,-0.020689,-0.014004
9.547697,0.019873,0.016158,0.041028,-0.020085,-0.017656,-0.014318
9.557750,0.020706,0.016552,0.041034,-0.020839,-0.015776,-0.014635
9.567801,0.021167,0.016569,0.041414,-0.020827,-0.014288,-0.014954
9.577855,0.021638,0.016590,0.041784,-0.021191,-0.013953,-0.015276
9.587907,0.021737,0.016235,0.042147,-0.020788,-0.012866,-0.015600
9.597959,0.022228,0.016647,0.042500,-0.020762,-0.012169,-0.015927
9.608010,0.021965,0.016683,0.042464,-0.020350,-0.011481,-0.016257
9.618063,0.022476,0.017104,0.042800,-0.020314,-0.011948,-0.012393
9.628115,0.022615,0.016385,0.043128,-0.019511,-0.013188,-0.012728
9.638167,0.022764,0.016434,0.043446,-0.019847,-0.014437,-0.013066
9.648219,0.022542,0.016488,0.043375,-0.020178,-0.015695,-0.013406
9.658272,0.023092,0.017308,0.043676,-0.020885,-0.016582,-0.013749
9.668282,0.023271,0.017752,0.043588,-0.021206,-0.017860,-0.014095
9.678336,0.023461,0.018200,0.043490,-0.021522,-0.019529,-0.014444
9.688399,0.023278,0.018652,0.043002,-0.020688,-0.020445,-0.014795
9.698455,0.023488,0.018726,0.042505,-0.020993,-0.020990,-0.015149
9.708516,0.023708,0.019187,0.042381,-0.020911,-0.020399,-0.015506
9.718580,0.023174,0.019270,0.041867,-0.019679,-0.018674,-0.015866
9.728648,0.023414,0.019738,0.041343,-0.019204,-0.019248,-0.016228
9.738712,0.023283,0.019829,0.040429,-0.018724,-0.020976,-0.016593
9.748779,0.023162,0.020306,0.040270,-0.018238,-0.022332,-0.016961
9.758844,0.023051,0.019642,0.039338,-0.017746,-0.023317,-0.017332
9.768906,0.023713,0.020126,0.038779,-0.018011,-0.024693,-0.017705
9.778969,0.024004,0.020233,0.038211,-0.017889,-0.026079,-0.018081
9.789031,0.024305,0.020725,0.038015,-0.018142,-0.027475,-0.018460
9.799093,0.023472,0.020839,0.037429,-0.018008,-0.028499,-0.018842
9.809156,0.023794,0.020957,0.037216,-0.017867,-0.029914,-0.019227
9.819218,0.024126,0.019934,0.036993,-0.018102,-0.031340,-0.019615
9.829278,0.024850,0.020440,0.036761,-0.018712,-0.032775,-0.020005
9.839336,0.024440,0.019806,0.036902,-0.018552,-0.034220,-0.013150
9.849399,0.024421,0.019175,0.036652,-0.018768,-0.035294,-0.013546
9.859465,0.024413,0.018548,0.036775,-0.018595,-0.036378,-0.013945
9.869527,0.025178,0.018687,0.036888,-0.018797,-0.037090,-0.014347
9.879583,0.024809,0.018830,0.036992,-0.019756,-0.035904,-0.014751
9.889645,0.024450,0.018976,0.037087,-0.021089,-0.034729,-0.015159
9.899701,0.023720,0.017980,0.037173,-0.021271,-0.032800,-0.015569
9.909755,0.024144,0.018514,0.037250,-0.021828,-0.032026,-0.015982
9.919820,0.024579,0.018670,0.037318,-0.021996,-0.030499,-0.016398
9.929879,0.024262,0.018828,0.036995,-0.021775,-0.027074,-0.016817
9.939940,0.024717,0.018609,0.037044,-0.021929,-0.025949,-0.017239
9.950005,0.024420,0.018011,0.037084,-0.021313,-0.023307,-0.017664
9.960066,0.024896,0.018179,0.037115,-0.021071,-0.021819,-0.018092
9.970130,0.024620,0.018349,0.037137,-0.020059,-0.018815,-0.018522
9.980193,0.025116,0.018523,0.037149,-0.020183,-0.017729,-0.018956
9.990255,0.025241,0.017937,0.037152,-0.019919,-0.016271,-0.019392
10.000316,0.025377,0.018498,0.037146,-0.020029,-0.015967,-0.019831
10.010380,0.025141,0.018299,0.037131,-0.019368,-0.014910,-0.020273
10.020442,0.026060,0.018865,0.037106,-0.019081,-0.014626,-0.013089
10.030503,0.026607,0.018290,0.037072,-0.018405,-0.013970,-0.013537
10.040568,0.026784,0.018099,0.037029,-0.018102,-0.014468,-0.013988
10.050629,0.026207,0.018292,0.036977,-0.017028,-0.014213,-0.014441
10.060692,0.026785,0.018487,0.036915,-0.016710,-0.015112,-0.014898
10.070754,0.026991,0.018685,0.036844,-0.016002,-0.017165,-0.015358
10.080816,0.027970,0.019267,0.036763,-0.016049,-0.018847,-0.015820
10.090876,0.027052,0.018325,0.036673,-0.015325,-0.020919,-0.016285
10.100938,0.027670,0.018912,0.036574,-0.015355,-0.022620,-0.016754
10.111002,0.027153,0.019120,0.036466,-0.014996,-0.024330,-0.017225
10.121066,0.027791,0.019329,0.036348,-0.015010,-0.026049,-0.017699
10.131166,0.027294,0.019160,0.036221,-0.014253,-0.027397,-0.018176
10.141222,0.027569,0.019374,0.036084,-0.013868,-0.029135,-0.018656
10.151287,0.027855,0.019590,0.035938,-0.014238,-0.030883,-0.019138
10.161342,0.027006,0.019427,0.035783,-0.014599,-0.032259,-0.011613
10.171396,0.027692,0.020029,0.035618,-0.014952,-0.033643,-0.012101
10.181451,0.027625,0.019870,0.035444,-0.014533,-0.033893,-0.012593
10.191506,0.027949,0.019713,0.035261,-0.014868,-0.034152,-0.013087
10.201562,0.027138,0.019558,0.035068,-0.014050,-0.033657,-0.013584
10.211625,0.027480,0.020167,0.034866,-0.014749,-0.033171,-0.014084
10.221690,0.027070,0.020015,0.034655,-0.015057,-0.031168,-0.014587
10.231754,0.027050,0.020247,0.034434,-0.016119,-0.029555,-0.015092
10.241818,0.027039,0.019717,0.034204,-0.016410,-0.026426,-0.008353
10.251880,0.027419,0.020334,0.033965,-0.016691,-0.025594,-0.008864
10.261944,0.026663,0.020570,0.033716,-0.016200,-0.024008,-0.009378
10.272008,0.027443,0.020808,0.033457,-0.016081,-0.023575,-0.009895
10.282070,0.027468,0.019903,0.033190,-0.016334,-0.023150,-0.010414
10.292134,0.028265,0.020144,0.032913,-0.016959,-0.023116,-0.010936
10.302196,0.027927,0.020005,0.032627,-0.017575,-0.023089,-0.011462
10.312258,0.028741,0.020249,0.032331,-0.018563,-0.024216,-0.011989
10.322319,0.028802,0.019349,0.032026,-0.019160,-0.024969,-0.012520
10.332383,0.028870,0.019596,0.031712,-0.019747,-0.026494,-0.013053
10.342447,0.028948,0.019843,0.031388,-0.019180,-0.026500,-0.013589
10.352512,0.029415,0.020855,0.030673,-0.018984,-0.026515,-0.010313
10.362608,0.028745,0.020342,0.029949,-0.018398,-0.025393,-0.010854
10.372663,0.029229,0.020211,0.029216,-0.018565,-0.025804,-0.011398
10.382727,0.030101,0.020081,0.028474,-0.018340,-0.025842,-0.011945
10.392792,0.029838,0.019953,0.028104,-0.017724,-0.025125,-0.012494
10.402855,0.029963,0.020207,0.027724,-0.017098,-0.025940,-0.013046
10.412919,0.029715,0.019698,0.026954,-0.016080,-0.026000,-0.013600
10.422980,0.030618,0.019572,0.026556,-0.015815,-0.025686,-0.010342
10.433043,0.030003,0.019447,0.026148,-0.015540,-0.024997,-0.010901
10.443107,0.030540,0.020085,0.025731,-0.015255,-0.025842,-0.011463
10.453171,0.030321,0.019961,0.025306,-0.014960,-0.027456,-0.012027
10.463233,0.030872,0.019838,0.024870,-0.015036,-0.029458,-0.012594
10.473295,0.030667,0.019716,0.024426,-0.014339,-0.031467,-0.013163
10.483356,0.031231,0.019975,0.023972,-0.014013,-0.033482,-0.013735
10.493417,0.031040,0.019853,0.023510,-0.013295,-0.035503,-0.014308
10.503482,0.031236,0.019732,0.023038,-0.013329,-0.037149,-0.014885
10.513543,0.031438,0.019230,0.022557,-0.012209,-0.039183,-0.015463
10.523607,0.031647,0.019491,0.022066,-0.011459,-0.040841,-0.016044
10.533667,0.031098,0.019752,0.021567,-0.011081,-0.040978,-0.012812
10.543730,0.031700,0.019632,0.021059,-0.011836,-0.040359,-0.013397
10.553792,0.030782,0.019512,0.020541,-0.012581,-0.038218,-0.013985
10.563857,0.031013,0.020155,0.020014,-0.013315,-0.037228,-0.014574
10.573922,0.030868,0.020035,0.019478,-0.014038,-0.033953,-0.015166
10.583987,0.030729,0.020297,0.018934,-0.014751,-0.032973,-0.015759
10.594050,0.030976,0.020559,0.018380,-0.015453,-0.031996,-0.016355
10.604111,0.031227,0.020058,0.017817,-0.016144,-0.029499,-0.016952
10.614176,0.031483,0.021083,0.017245,-0.016825,-0.029295,-0.017552
10.624236,0.031363,0.020963,0.016665,-0.017494,-0.028332,-0.018153
10.634299,0.032009,0.021224,0.016075,-0.018153,-0.027372,-0.018756
10.644360,0.031515,0.020341,0.015476,-0.018801,-0.026035,-0.019361
10.654422,0.031787,0.020601,0.014869,-0.019438,-0.025083,-0.019968
10.664482,0.031300,0.020862,0.014253,-0.019683,-0.022991,-0.013328
10.674543,0.031961,0.021122,0.013627,-0.020298,-0.022427,-0.013939
10.684603,0.031481,0.020618,0.012994,-0.020902,-0.021103,-0.014550
10.694665,0.032148,0.020496,0.012351,-0.021114,-0.021689,-0.015163
10.704724,0.031292,0.019991,0.011699,-0.020552,-0.022277,-0.015778
10.714785,0.031964,0.020630,0.011039,-0.019979,-0.022105,-0.016394
10.724846,0.031875,0.020125,0.010370,-0.019395,-0.021554,-0.017012
10.734910,0.032170,0.019999,0.009693,-0.018800,-0.022530,-0.017631
10.744974,0.032086,0.019492,0.009007,-0.018575,-0.023890,-0.018251
10.755036,0.034972,0.020764,0.007608,-0.019237,-0.028139,-0.019495
10.765097,0.034129,0.019873,0.007278,-0.018598,-0.030264,-0.020119
10.775161,0.034812,0.020125,0.006558,-0.017948,-0.030865,-0.020743
10.785223,0.035114,0.019995,0.005829,-0.016143,-0.030703,-0.021369
10.795283,0.034653,0.020626,0.005092,-0.015089,-0.032830,-0.021995
10.805336,0.034955,0.020875,0.004346,-0.014787,-0.034957,-0.022623
10.815399,0.034494,0.019979,0.003592,-0.013712,-0.035558,-0.014858
10.825463,0.034414,0.020225,0.002830,-0.013388,-0.035776,-0.015487
10.835527,0.033952,0.020089,0.002059,-0.011909,-0.034468,-0.016117
10.845589,0.034252,0.019952,0.001280,-0.011563,-0.034685,-0.016747
10.855652,0.033406,0.019050,0.000493,-0.011207,-0.034900,-0.017377
10.865711,0.033702,0.019673,-0.000302,-0.011220,-0.036258,-0.018008
10.875774,0.032853,0.019531,-0.000723,-0.010842,-0.036851,-0.007958
10.885835,0.033145,0.020151,-0.001153,-0.011216,-0.036297,-0.008589
10.895897,0.032291,0.020006,-0.001973,-0.011578,-0.033070,-0.009221
10.905960,0.032960,0.020241,-0.002800,-0.011549,-0.032130,-0.009853
10.916025,0.032481,0.020093,-0.003635,-0.011127,-0.030423,-0.010484
10.926087,0.032380,0.019944,-0.004097,-0.010694,-0.031002,-0.011116
10.936150,0.032276,0.019411,-0.004947,-0.010250,-0.029670,-0.007933
10.946214,0.032930,0.019258,-0.005425,-0.009796,-0.029478,-0.008564
10.956278,0.032054,0.019103,-0.005910,-0.010094,-0.028901,-0.009195
10.966296,0.033081,0.019709,-0.006402,-0.009999,-0.029082,-0.009062
10.976357,0.032959,0.019168,-0.006902,-0.010658,-0.029639,-0.009692
10.986420,0.032831,0.019007,-0.007029,-0.010924,-0.030954,-0.010321
10.996481,0.032698,0.018844,-0.007162,-0.011179,-0.030738,-0.010950
11.006543,0.033322,0.019061,-0.007685,-0.011424,-0.030898,-0.011578
11.016668,0.032795,0.019275,-0.008215,-0.011658,-0.030288,-0.008771
11.026731,0.033024,0.018724,-0.008371,-0.011882,-0.029672,-0.009397
11.036792,0.033247,0.018553,-0.008916,-0.012096,-0.029049,-0.010022
11.046855,0.032699,0.018760,-0.009087,-0.011918,-0.027656,-0.010646
11.056916,0.032907,0.018965,-0.010027,-0.012111,-0.027400,-0.011268
11.066979,0.032725,0.019168,-0.010212,-0.012293,-0.025611,-0.011889
11.077032,0.032917,0.019368,-0.011167,-0.012466,-0.026102,-0.012508
11.087096,0.032337,0.019184,-0.011747,-0.013010,-0.026585,-0.013126
11.097161,0.032511,0.019761,-0.012335,-0.012781,-0.027441,-0.013742
11.107223,0.032294,0.019191,-0.012929,-0.012923,-0.025998,-0.014357
11.117286,0.032449,0.019762,-0.013530,-0.013056,-0.025310,-0.014969
11.127300,0.031832,0.018805,-0.013756,-0.013179,-0.026519,-0.015579
11.137355,0.032348,0.019370,-0.014370,-0.013291,-0.028481,-0.016187
11.147416,0.032091,0.019171,-0.014991,-0.013395,-0.030432,-0.016793
11.157479,0.032204,0.019731,-0.015619,-0.013488,-0.031991,-0.017397
11.167541,0.031542,0.019144,-0.016253,-0.013572,-0.030488,-0.017998
11.177603,0.032014,0.019316,-0.016512,-0.013647,-0.029736,-0.018597
11.187666,0.031329,0.019105,-0.017158,-0.013712,-0.030498,-0.019192
11.197730,0.031394,0.019271,-0.017430,-0.013768,-0.032393,-0.019785
11.207790,0.031447,0.018672,-0.017326,-0.013814,-0.033512,-0.020375
11.217853,0.031868,0.018069,-0.017228,-0.013851,-0.033856,-0.020962
11.227926,0.030750,0.017845,-0.017136,-0.013879,-0.031897,-0.021546
11.237988,0.031144,0.018380,-0.018195,-0.013899,-0.031452,-0.022126
11.248050,0.031523,0.018531,-0.018497,-0.013909,-0.030611,-0.022704
11.258112,0.030744,0.017533,-0.018423,-0.013147,-0.029755,-0.023277
11.268174,0.031094,0.018058,-0.018736,-0.012377,-0.030030,-0.023847
11.278237,0.030285,0.018198,-0.019055,-0.012361,-0.028383,-0.024413
11.288298,0.030604,0.018716,-0.019379,-0.012337,-0.026339,-0.024975
11.298361,0.030144,0.018468,-0.018946,-0.012304,-0.023517,-0.025533
11.308425,0.030431,0.018215,-0.019663,-0.012262,-0.023349,-0.026087
11.318487,0.029939,0.017959,-0.020004,-0.012212,-0.022784,-0.026637
11.328550,0.030574,0.018081,-0.019969,-0.012155,-0.022966,-0.027182
11.338613,0.030428,0.018199,-0.019938,-0.012089,-0.023512,-0.027723
11.348674,0.030646,0.018313,-0.020295,-0.012015,-0.024041,-0.028259
11.358727,0.030465,0.018041,-0.019893,-0.011933,-0.022645,-0.028790
11.368779,0.030647,0.018147,-0.020259,-0.011843,-0.022376,-0.029317
11.378831,0.030047,0.017868,-0.020249,-0.011746,-0.022470,-0.029838
11.388883,0.030192,0.017965,-0.020244,-0.011641,-0.022928,-0.030354
11.398936,0.029935,0.017296,-0.020243,-0.011528,-0.021459,-0.027432
11.408987,0.030421,0.017385,-0.020247,-0.011408,-0.020734,-0.027938
11.419038,0.029743,0.017470,-0.019873,-0.011281,-0.019990,-0.028438
11.429089,0.029808,0.017932,-0.020268,-0.011147,-0.020371,-0.028932
11.439222,0.029471,0.017627,-0.020285,-0.011005,-0.019969,-0.029421
11.449275,0.029875,0.018080,-0.020687,-0.010857,-0.020691,-0.029904
11.459327,0.030258,0.018148,-0.021094,-0.010702,-0.021392,-0.030380
11.469391,0.029475,0.017829,-0.020743,-0.010539,-0.022073,-0.030851
11.479455,0.029814,0.017887,-0.020776,-0.010371,-0.023496,-0.031315
11.489508,0.029750,0.017177,-0.020051,-0.010195,-0.024897,-0.031773
11.499560,0.029663,0.016844,-0.020092,-0.010013,-0.026276,-0.032225
11.509612,0.029171,0.016506,-0.020138,-0.009825,-0.026107,-0.032669
11.519666,0.029038,0.016926,-0.020186,-0.009630,-0.025916,-0.033108
11.529718,0.028500,0.016960,-0.019857,-0.009430,-0.025703,-0.033539
11.539770,0.027938,0.017370,-0.020295,-0.009223,-0.026992,-0.033963
11.549821,0.027734,0.017393,-0.019972,-0.009010,-0.028258,-0.034380
11.559875,0.028268,0.017412,-0.020416,-0.008791,-0.029501,-0.034790
11.569926,0.027633,0.017425,-0.019719,-0.008567,-0.030339,-0.035193
11.579978,0.027736,0.017432,-0.019788,-0.008337,-0.030390,-0.035588
11.590030,0.026670,0.016672,-0.019479,-0.008101,-0.029653,-0.035975
11.600094,0.026722,0.016669,-0.019935,-0.007860,-0.028893,-0.036355
11.610155,0.026367,0.015897,-0.019250,-0.007613,-0.026963,-0.036728
11.620218,0.025987,0.016265,-0.019330,-0.007361,-0.026153,-0.037092
11.630284,0.025580,0.016627,-0.019414,-0.007104,-0.024173,-0.037448
11.640348,0.025528,0.016983,-0.019500,-0.006842,-0.022930,-0.037797
11.650521,0.025449,0.017333,-0.019588,-0.006574,-0.021281,-0.038137
11.660585,0.025725,0.017677,-0.019679,-0.006302,-0.020368,-0.038469
11.670648,0.025592,0.018016,-0.019772,-0.006024,-0.019811,-0.038792
11.680713,0.025051,0.017585,-0.019486,-0.005742,-0.017702,-0.039107
11.690775,0.024863,0.017530,-0.019965,-0.005455,-0.017474,-0.039414
11.700838,0.024647,0.017088,-0.019683,-0.005164,-0.016456,-0.039711
11.710902,0.024785,0.017020,-0.019784,-0.004868,-0.016174,-0.040000
11.720967,0.024513,0.016184,-0.019125,-0.004567,-0.016246,-0.040281
11.731029,0.024594,0.016485,-0.019230,-0.004262,-0.017054,-0.040552
11.741092,0.023884,0.016399,-0.019337,-0.003953,-0.016309,-0.040814
11.751156,0.023907,0.016687,-0.019827,-0.003639,-0.014774,-0.041067
11.761221,0.023520,0.016969,-0.019938,-0.003321,-0.012829,-0.041311
11.771282,0.023486,0.017626,-0.020049,-0.002999,-0.013144,-0.041546
11.781345,0.023422,0.017513,-0.019781,-0.002673,-0.014195,-0.041772
11.791409,0.022947,0.017393,-0.019895,-0.002342,-0.014836,-0.041988
11.801470,0.022443,0.016885,-0.019629,-0.002008,-0.015067,-0.042195
11.811534,0.022290,0.016751,-0.020127,-0.001670,-0.015652,-0.042392
11.821597,0.021726,0.016611,-0.019864,-0.001327,-0.016207,-0.042580
11.831659,0.021894,0.016463,-0.019982,-0.000981,-0.017115,-0.042758
11.841721,0.020889,0.015926,-0.019339,-0.000631,-0.017994,-0.042926
11.851785,0.020997,0.016145,-0.019841,-0.000277,-0.018082,-0.043084
11.861847,0.020693,0.015975,-0.019581,0.000081,-0.018140,-0.043233
11.871909,0.020740,0.016180,-0.020084,0.000442,-0.018550,-0.043372
11.881973,0.021139,0.016376,-0.019825,0.000807,-0.018931,-0.020994
11.892035,0.021124,0.016565,-0.020329,0.001176,-0.019283,-0.021114
11.902094,0.020698,0.016365,-0.020071,0.001549,-0.019605,-0.021223
11.912156,0.020622,0.016157,-0.020194,0.001925,-0.019897,-0.021322
11.922219,0.020516,0.016322,-0.019937,0.002305,-0.019779,-0.021411
11.932282,0.020759,0.016098,-0.020060,0.002689,-0.020012,-0.021490
11.942344,0.020209,0.015866,-0.020185,0.003076,-0.020216,-0.021559
11.952407,0.020009,0.015626,-0.020690,0.003467,-0.020390,-0.021619
11.962531,0.019397,0.014614,-0.020051,0.003862,-0.020534,-0.021667
11.972583,0.019134,0.014739,-0.020175,0.004260,-0.020648,-0.021706
11.982644,0.019223,0.015236,-0.020299,0.004662,-0.020732,-0.021735
11.992699,0.018516,0.014962,-0.020422,0.005068,-0.020786,-0.021753
12.002725,0.017779,0.015061,-0.020927,0.005477,-0.020811,-0.021761
12.012792,0.017011,0.015134,-0.020642,0.005882,-0.019280,-0.021760
12.022856,0.016214,0.015552,-0.020697,0.006277,-0.018103,-0.021749
12.032921,0.015393,0.015164,-0.019935,0.006657,-0.016522,-0.021730
12.042974,0.014931,0.015124,-0.020657,0.007027,-0.016063,-0.021704
12.053039,0.014833,0.014661,-0.020182,0.007381,-0.014443,-0.021672
12.063104,0.014718,0.014545,-0.020044,0.007724,-0.013571,-0.021635
12.073169,0.014209,0.014012,-0.019096,0.008053,-0.013067,-0.021593
12.083231,0.014453,0.013824,-0.018859,0.008366,-0.012935,-0.021549
12.093293,0.013927,0.012837,-0.018575,0.008665,-0.012797,-0.021501
12.103356,0.013776,0.012201,-0.018628,0.008951,-0.012652,-0.021452
12.113416,0.013623,0.012291,-0.018246,0.009219,-0.012506,-0.005381
12.123480,0.013469,0.012350,-0.017818,0.009473,-0.012358,-0.005331
12.133540,0.013315,0.012378,-0.017344,0.009330,-0.012593,-0.005281
12.143602,0.013166,0.012372,-0.017200,0.009934,-0.012450,-0.005232
12.153665,0.013020,0.012338,-0.017013,0.009759,-0.012311,-0.005185
12.163729,0.012883,0.012651,-0.016771,0.009948,-0.012179,-0.005140
12.173794,0.012753,0.012553,-0.016485,0.010502,-0.012054,-0.005098
12.183856,0.012631,0.012428,-0.016152,0.010659,-0.011938,-0.005059
12.193909,0.012520,0.012653,-0.015388,0.010416,-0.011832,-0.005023
12.203973,0.012422,0.012466,-0.014955,0.010537,-0.011738,-0.004991
12.214038,0.012337,0.012632,-0.014473,0.010640,-0.011657,-0.004963
12.224098,0.012265,0.012388,-0.013563,0.011108,-0.011588,-0.004940
12.234161,0.012207,0.012115,-0.012986,0.011177,-0.011532,-0.004921
12.244221,0.012163,0.012197,-0.012363,0.010847,-0.011490,-0.004907
12.254283,0.012134,0.012249,-0.011689,0.010880,-0.011463,-0.004898
12.264349,0.012121,0.012274,-0.010587,0.010895,-0.011450,-0.004893
12.274413,0.012121,0.011892,-0.010205,0.011277,-0.011450,-0.004893
12.284476,0.012121,0.011892,-0.009442,0.010895,-0.011450,-0.004893
12.294539,0.012121,0.011892,-0.009061,0.010895,-0.011450,-0.004893
12.304599,0.012121,0.011511,-0.008298,0.010895,-0.011450,-0.004893
12.314662,0.012121,0.011129,-0.008298,0.010895,-0.011450,-0.004893
12.324725,0.012121,0.010366,-0.007535,0.010895,-0.011450,-0.004893
12.334790,0.012210,0.009822,-0.006874,0.010792,-0.011535,-0.004922
12.344854,0.012317,0.008856,-0.005766,0.011046,-0.011637,-0.004957
12.354916,0.012438,0.008240,-0.005367,0.010519,-0.011753,-0.004996
12.364976,0.012570,0.007213,-0.004158,0.010736,-0.011879,-0.005039
12.375038,0.012861,0.006214,-0.002738,0.009977,-0.012158,-0.005133
12.385102,0.013018,0.005476,-0.001381,0.009762,-0.012309,-0.005184
12.395166,0.013180,0.004709,-0.000361,0.009532,-0.012463,-0.005237
12.405218,0.013345,0.004289,0.000331,0.009666,-0.012622,-0.005291
12.415280,0.013512,0.003838,0.001070,0.009403,-0.012400,-0.005345
12.425344,0.013679,0.003350,0.002244,0.009123,-0.012559,-0.005399
12.435404,0.013841,0.002831,0.003843,0.008448,-0.013096,-0.005452
12.445466,0.014000,0.002274,0.004735,0.008137,-0.013248,-0.005503
12.455530,0.014149,0.001684,0.005671,0.008194,-0.013391,-0.005552
12.465592,0.014288,0.001056,0.006659,0.007473,-0.013524,-0.005597
12.475655,0.014414,0.000393,0.008076,0.007120,-0.013644,-0.005638
12.485715,0.014522,-0.000309,0.009160,0.006753,-0.013748,-0.005673
12.495778,0.014612,-0.001052,0.010298,0.006371,-0.013834,-0.005702
12.505840,0.014678,-0.001833,0.011483,0.005977,-0.013897,-0.005724
12.515904,0.014718,-0.002273,0.012717,0.005951,-0.013935,-0.005737
12.525967,0.014728,-0.003136,0.014001,0.005532,-0.013945,-0.005740
12.536028,0.014705,-0.004042,0.015334,0.004720,-0.013923,-0.005732
12.546089,0.014644,-0.004988,0.016713,0.004278,-0.013865,-0.005713
12.556152,0.014542,-0.005981,0.018145,0.003824,-0.013767,-0.005679
12.566216,0.014394,-0.007020,0.019626,0.003742,-0.013626,-0.005631
12.576276,0.014198,-0.008103,0.021153,0.003268,-0.013438,-0.005568
12.586295,0.013947,-0.009235,0.022732,0.002403,-0.013198,-0.005486
12.596356,0.013639,-0.010412,0.024357,0.002293,-0.012903,-0.005386
12.606420,0.013269,-0.011639,0.025648,0.001411,-0.012549,-0.005266
12.616472,0.012831,-0.012918,0.027372,0.000902,-0.012129,-0.005124
12.626534,0.012322,-0.013864,0.029141,0.000387,-0.011642,-0.004958
12.636596,0.011736,-0.015243,0.030956,-0.000135,-0.011082,-0.004769
12.646655,0.011070,-0.016293,0.032819,-0.000663,-0.010444,-0.004553
12.656718,0.010319,-0.017779,0.034728,-0.001195,-0.009725,-0.004309
12.666775,0.009477,-0.018556,0.036302,-0.001351,-0.008919,-0.004037
12.676840,0.008539,-0.019770,0.038302,-0.002273,-0.008022,-0.003734
12.686904,0.007502,-0.020659,0.040348,-0.002434,-0.007028,-0.003399
12.696966,0.006360,-0.021605,0.042056,-0.002979,-0.005935,-0.003030
12.707027,0.005108,-0.021846,0.044189,-0.003524,-0.004736,-0.002627
12.717088,0.003742,-0.022909,0.045983,-0.004069,-0.003428,-0.002187
12.727151,0.002638,-0.022887,0.047819,-0.004612,-0.002006,-0.001709
12.737215,0.001032,-0.023303,0.049692,-0.005532,-0.000469,-0.001194
12.747274,-0.000704,-0.023402,0.051607,-0.005686,0.001194,-0.000638
12.757293,-0.002573,-0.024326,0.053563,-0.006215,0.002984,-0.000040
12.767349,-0.004197,-0.024168,0.054792,-0.006738,0.004904,0.000601
12.777411,-0.005957,-0.025214,0.056436,-0.007250,0.006956,0.001284
12.787472,-0.007865,-0.025563,0.058118,-0.007752,0.009149,0.002012
12.797534,-0.009918,-0.025974,0.059448,-0.008241,0.011100,0.002785
12.807594,-0.012506,-0.025308,0.060051,-0.008716,0.013580,0.003605
12.817656,-0.014864,-0.026230,0.061062,-0.009173,0.016205,0.004470
12.827727,-0.017001,-0.026077,0.062105,-0.009612,0.018602,0.004240
12.837793,-0.019676,-0.026368,0.063172,-0.010028,0.021150,0.005200
12.847846,-0.022135,-0.027110,0.064267,-0.010421,0.024239,0.006210
12.857904,-0.024372,-0.027152,0.064237,-0.010786,0.027481,0.007267
12.867967,-0.027161,-0.027647,0.065375,-0.011123,0.030886,0.008374
12.878030,-0.029730,-0.028587,0.065384,-0.011426,0.032921,0.009146
12.888094,-0.032084,-0.029212,0.066172,-0.011694,0.035498,0.010347
12.898158,-0.034230,-0.029146,0.066596,-0.011923,0.037861,0.011598
12.908219,-0.036920,-0.029907,0.067791,-0.012110,0.040761,0.010987
12.918283,-0.039014,-0.030354,0.067086,-0.012251,0.041915,0.012330
12.928297,-0.041656,-0.031632,0.067533,-0.012343,0.044372,0.013719
12.938353,-0.043323,-0.031837,0.067222,-0.012382,0.047376,0.010577
12.948417,-0.046293,-0.032869,0.068054,-0.012364,0.050532,0.012055
12.958477,-0.047896,-0.032823,0.068119,-0.012286,0.051935,0.013575
12.968541,-0.050038,-0.033989,0.068560,-0.012144,0.053108,0.015136
12.978604,-0.051954,-0.035221,0.067466,-0.011933,0.050616,0.016738
12.988669,-0.053638,-0.036138,0.067885,-0.011650,0.052465,0.018378
12.998731,-0.054712,-0.035600,0.067529,-0.011289,0.051792,0.020056
13.008795,-0.057448,-0.037031,0.067915,-0.010849,0.052776,0.021768
13.018856,-0.057649,-0.038144,0.066752,-0.010323,0.050077,0.023512
13.028918,-0.060270,-0.039703,0.066707,-0.009709,0.049412,0.025287
13.039013,-0.060727,-0.039037,0.066633,-0.009002,0.046960,0.027092
13.049078,-0.062448,-0.039959,0.066907,-0.008198,0.048057,0.028923
13.059143,-0.064661,-0.042087,0.067144,-0.007293,0.048881,0.030778
13.069204,-0.064690,-0.042368,0.065434,-0.006283,0.047137,0.032656
13.079264,-0.066724,-0.043473,0.065587,-0.005165,0.048539,0.034555
13.089326,-0.066940,-0.042728,0.065311,-0.003934,0.047358,0.036470
13.099389,-0.069146,-0.045092,0.064983,-0.002586,0.048928,0.038401
13.109453,-0.068373,-0.044842,0.063455,-0.001120,0.047136,0.040346
13.119514,-0.070336,-0.045791,0.063394,0.000470,0.049222,0.042300
13.129578,-0.070068,-0.045649,0.062507,0.002186,0.050221,0.044263
13.139641,-0.071748,-0.047079,0.062696,0.004029,0.052786,0.046230
13.149701,-0.070803,-0.046656,0.061290,0.006005,0.052726,0.048202
13.159765,-0.072561,-0.047807,0.060193,0.008117,0.054987,0.044072
13.169826,-0.071671,-0.047478,0.059399,0.010365,0.054981,0.046045
13.179888,-0.073084,-0.049100,0.059667,0.012753,0.057660,0.048014
13.189951,-0.071831,-0.048857,0.057944,0.014901,0.056911,0.049978
13.200016,-0.073627,-0.049798,0.057276,0.017573,0.057686,0.051935
13.210075,-0.071972,-0.048865,0.055752,0.020769,0.057301,0.053880
13.220139,-0.073736,-0.050641,0.055659,0.023732,0.059954,0.055815
13.230203,-0.072039,-0.050161,0.054324,0.026461,0.058386,0.057736
13.240265,-0.073740,-0.050855,0.053648,0.029720,0.058691,0.059642
13.250293,-0.071965,-0.050813,0.051723,0.033128,0.055904,0.061532
13.260358,-0.073185,-0.051936,0.051214,0.036682,0.057641,0.063401
13.270541,-0.071301,-0.050796,0.049449,0.040388,0.056277,0.027484
13.280605,-0.072406,-0.051963,0.048332,0.044244,0.057140,0.029313
13.290667,-0.073434,-0.053141,0.047859,0.048246,0.057549,0.031116
13.300730,-0.071720,-0.052427,0.045741,0.052018,0.054838,0.032897
13.310789,-0.072594,-0.053630,0.044642,0.055176,0.055099,0.034651
13.320852,-0.069946,-0.052168,0.043036,0.058480,0.053750,0.036379
13.330916,-0.070633,-0.053374,0.042064,0.062308,0.055358,0.038076
13.340981,-0.068938,-0.052293,0.040197,0.065902,0.053061,0.039747
13.351040,-0.069429,-0.053114,0.038959,0.069258,0.052954,0.041387
13.361104,-0.067137,-0.052014,0.037586,0.071224,0.050833,0.042995
13.371168,-0.067410,-0.052431,0.036836,0.074096,0.052042,0.044572
13.381233,-0.065660,-0.051686,0.035565,0.074815,0.050470,0.046117
13.391296,-0.065695,-0.052442,0.034533,0.077189,0.051069,0.047628
13.401359,-0.063706,-0.051269,0.033356,0.077791,0.049267,0.049106
13.411423,-0.063878,-0.051970,0.032034,0.080042,0.050012,0.050549
13.421484,-0.061638,-0.050351,0.030564,0.080515,0.049113,0.051958
13.431547,-0.061941,-0.050602,0.029326,0.083016,0.049997,0.053332
13.441611,-0.059819,-0.049280,0.027558,0.083722,0.047699,0.054670
13.451664,-0.059858,-0.050203,0.026019,0.086453,0.048329,0.055973
13.461717,-0.057852,-0.048399,0.024329,0.087000,0.047301,0.057240
13.471768,-0.057620,-0.048831,0.022485,0.089182,0.048433,0.058471
13.481822,-0.056105,-0.047291,0.020489,0.089552,0.046761,0.059664
13.491884,-0.055599,-0.047212,0.018719,0.091929,0.046484,0.060822
13.501967,-0.053426,-0.045533,0.016414,0.092102,0.044545,0.061943
13.512032,-0.053405,-0.046069,0.013953,0.094272,0.045144,0.063027
13.522085,-0.053241,-0.045757,0.011339,0.096516,0.045987,0.064074
13.532140,-0.051414,-0.043835,0.008570,0.096166,0.044408,0.065085
13.542193,-0.050969,-0.043724,0.005648,0.098168,0.043835,0.066058
13.552247,-0.048860,-0.041610,0.002571,0.097563,0.040458,0.045251
13.562299,-0.048132,-0.041679,-0.000656,0.099296,0.039993,0.046150
13.572361,-0.045739,-0.039733,-0.004036,0.098410,0.038250,0.047013
13.582425,-0.045873,-0.039196,-0.007565,0.100228,0.037512,0.047838
13.592485,-0.043579,-0.037014,-0.010863,0.099412,0.035495,0.048627
13.602539,-0.043047,-0.036991,-0.014687,0.101285,0.034865,0.049379
13.612592,-0.041230,-0.034928,-0.018274,0.100120,0.032572,0.050094
13.622644,-0.040417,-0.034254,-0.022007,0.102019,0.033195,0.050773
13.632696,-0.038698,-0.032287,-0.025497,0.100095,0.032536,0.051414
13.642748,-0.038364,-0.032078,-0.029127,0.101217,0.032885,0.052019
13.652800,-0.036742,-0.030183,-0.032508,0.098878,0.033096,0.052587
13.662853,-0.036124,-0.030032,-0.036024,0.099565,0.033934,0.053118
13.672914,-0.034218,-0.027799,-0.038903,0.097154,0.033489,0.053612
13.682975,-0.033696,-0.027677,-0.042288,0.097741,0.032907,0.054069
13.693036,-0.031888,-0.025463,-0.045034,0.095981,0.031043,0.054490
13.703101,-0.031080,-0.024962,-0.048658,0.096812,0.030567,0.054873
13.713162,-0.029367,-0.023498,-0.051249,0.094504,0.028808,0.055220
13.723225,-0.028274,-0.022591,-0.054333,0.095535,0.028055,0.055529
13.733291,-0.027035,-0.020705,-0.056753,0.092635,0.026018,0.055801
13.743346,-0.026416,-0.019740,-0.060034,0.093425,0.026512,0.056036
13.753467,-0.024888,-0.017783,-0.061885,0.091029,0.027248,0.056233
13.763531,-0.023977,-0.017113,-0.064963,0.091147,0.027460,0.056392
13.773592,-0.022919,-0.016197,-0.068120,0.091481,0.027530,0.056513
13.783655,-0.021713,-0.013882,-0.069829,0.088587,0.025169,0.056596
13.793720,-0.020358,-0.012069,-0.072363,0.088545,0.024189,0.056640
13.803784,-0.018852,-0.009985,-0.073431,0.086003,0.023446,0.056645
13.813843,-0.017576,-0.008004,-0.076458,0.085523,0.022556,0.056611
13.823905,-0.016147,-0.005355,-0.077626,0.082135,0.021136,0.014957
13.833967,-0.015326,-0.003175,-0.079589,0.081536,0.020712,0.014843
13.844028,-0.014348,-0.000692,-0.080054,0.078374,0.020136,0.014689
13.854092,-0.013212,0.001340,-0.082450,0.077212,0.019407,0.014493
13.864153,-0.011915,0.004452,-0.081799,0.074213,0.018904,0.014256
13.874216,-0.010837,0.007127,-0.083819,0.072796,0.017863,0.013977
13.884280,-0.009593,0.009755,-0.083541,0.069511,0.016662,0.013655
13.894341,-0.008183,0.013104,-0.085151,0.068537,0.015299,0.013290
13.904402,-0.006600,0.016039,-0.084447,0.065281,0.013771,0.012881
13.914466,-0.004846,0.019708,-0.086369,0.063539,0.012076,0.012427
13.924526,-0.003297,0.023353,-0.085569,0.060243,0.010211,0.011927
13.934590,-0.001187,0.027363,-0.086995,0.058811,0.008173,0.011381
13.944646,0.001107,0.030981,-0.086063,0.055414,0.005958,-0.001039
13.954710,0.003585,0.034968,-0.086949,0.053468,0.003564,-0.001681
13.964777,0.005872,0.038185,-0.085449,0.049910,0.000986,-0.002371
13.974842,0.008352,0.042920,-0.086509,0.047777,-0.001778,-0.003112
13.984904,0.011411,0.048031,-0.087066,0.045151,-0.004732,-0.003905
13.994966,0.013908,0.051226,-0.085201,0.041258,-0.007881,-0.004749
14.005026,0.020288,0.064070,-0.090558,0.035740,-0.014398,-0.006218
14.015087,0.023032,0.067981,-0.088216,0.031816,-0.018155,-0.007226
14.025152,0.025232,0.073005,-0.087980,0.028126,-0.022122,-0.008291
14.035214,0.026892,0.075700,-0.084496,0.023907,-0.025923,-0.009414
14.045276,0.030305,0.081011,-0.083856,0.019160,-0.029561,-0.010597
14.055340,0.033568,0.083965,-0.079945,0.013891,-0.032279,-0.011840
14.065403,0.036686,0.088740,-0.078856,0.008105,-0.035989,-0.013146
14.075468,0.039667,0.091508,-0.074476,0.001809,-0.039170,-0.013752
14.085531,0.043652,0.095669,-0.072513,-0.004977,-0.042585,-0.015186
14.095589,0.045216,0.097387,-0.068000,-0.011859,-0.043952,-0.016685
14.105653,0.048940,0.101596,-0.065505,-0.019198,-0.046325,-0.018252
14.115715,0.051014,0.102545,-0.060825,-0.025447,-0.047039,-0.019887
14.125777,0.054492,0.106305,-0.058530,-0.032488,-0.050293,-0.021592
14.135839,0.056325,0.106358,-0.053653,-0.039147,-0.051892,-0.015738
14.145899,0.059568,0.109535,-0.051149,-0.045777,-0.054129,-0.017586
14.155960,0.061171,0.108552,-0.046435,-0.051579,-0.053953,-0.019506
14.166022,0.064569,0.111000,-0.044086,-0.058425,-0.056325,-0.021501
14.176084,0.065946,0.109212,-0.039140,-0.062844,-0.056667,-0.023569
14.186148,0.069499,0.111541,-0.036555,-0.068612,-0.059556,-0.025713
14.196208,0.073319,0.113750,-0.034041,-0.074161,-0.061939,-0.027932
14.206269,0.074351,0.111224,-0.029694,-0.076779,-0.061525,-0.030227
14.216292,0.077552,0.113079,-0.026947,-0.081383,-0.064414,-0.032597
14.226344,0.078719,0.110123,-0.022371,-0.082590,-0.063733,-0.035042
14.236396,0.082424,0.110712,-0.019404,-0.086463,-0.065962,-0.037561
14.246448,0.082936,0.106037,-0.015761,-0.086092,-0.064225,-0.040153
14.256511,0.086730,0.105605,-0.012594,-0.089450,-0.066523,-0.042817
14.266574,0.087309,0.100228,-0.008765,-0.088486,-0.065216,-0.045550
14.276639,0.090381,0.099799,-0.005425,-0.091177,-0.068682,-0.048351
14.286698,0.090589,0.094375,-0.001822,-0.089857,-0.067749,-0.051215
14.296762,0.094399,0.093089,0.001275,-0.091745,-0.070030,-0.054139
14.306826,0.094544,0.087529,0.004617,-0.088799,-0.069782,-0.057119
14.316886,0.097866,0.085311,0.007815,-0.089769,-0.073467,-0.060150
14.326947,0.097473,0.079555,0.011238,-0.086240,-0.073813,-0.063227
14.337009,0.100966,0.077118,0.014877,-0.086584,-0.077278,-0.066342
14.347072,0.100686,0.071126,0.018341,-0.083157,-0.076964,-0.069488
14.357136,0.103467,0.068824,0.021999,-0.083576,-0.080472,-0.072657
14.367197,0.102407,0.062582,0.025841,-0.080201,-0.080517,-0.075841
14.377260,0.105098,0.059267,0.029858,-0.080658,-0.083551,-0.079028
14.387297,0.103484,0.053541,0.034418,-0.076928,-0.082281,-0.082207
14.397361,0.105931,0.050372,0.038753,-0.076269,-0.084310,-0.085370
14.407471,0.103616,0.044427,0.042852,-0.072577,-0.081582,-0.088503
14.417535,0.105270,0.041438,0.047469,-0.071579,-0.083210,-0.091592
14.427601,0.107036,0.038744,0.052212,-0.070615,-0.084194,-0.094624
14.437665,0.103528,0.032925,0.056692,-0.066263,-0.080295,-0.097585
14.447725,0.104241,0.029336,0.061282,-0.064640,-0.080246,-0.100461
14.457789,0.100356,0.023796,0.065212,-0.060039,-0.075614,-0.103235
14.467853,0.100219,0.020516,0.069614,-0.058196,-0.075126,-0.105892
14.477918,0.095409,0.016079,0.072963,-0.053031,-0.070744,-0.108419
14.487979,0.094654,0.012409,0.077155,-0.050662,-0.070056,-0.110801
14.498043,0.089525,0.008377,0.080276,-0.045769,-0.066160,-0.113023
14.508106,0.088000,0.005527,0.084226,-0.043710,-0.065127,-0.115072
14.518172,0.082414,0.002351,0.086705,-0.039543,-0.060821,-0.116932
14.528234,0.079996,-0.000374,0.090767,-0.037868,-0.059327,-0.118595
14.538298,0.073850,-0.003011,0.092586,-0.034503,-0.054134,-0.120050
14.548362,0.070823,-0.005546,0.095970,-0.032898,-0.052088,-0.121286
14.558423,0.064032,-0.007962,0.097858,-0.029632,-0.047834,-0.122296
14.568485,0.060712,-0.011004,0.101293,-0.028531,-0.045936,-0.123074
14.578546,0.054372,-0.013518,0.102077,-0.025794,-0.040670,-0.123616
14.588609,0.049968,-0.016632,0.105540,-0.024480,-0.036987,-0.123920
14.598670,0.043302,-0.019569,0.106333,-0.021925,-0.032220,-0.123985
14.608734,0.037813,-0.022695,0.108638,-0.021183,-0.029425,-0.123813
14.618787,0.031222,-0.025620,0.109786,-0.018825,-0.025558,-0.123407
14.628849,0.026593,-0.029095,0.112434,-0.018283,-0.021776,-0.122772
14.638912,0.020891,-0.032724,0.114284,-0.017650,-0.018095,-0.121915
14.648974,0.014521,-0.035351,0.114177,-0.015774,-0.013773,-0.120844
14.659036,0.009027,-0.038496,0.115928,-0.014943,-0.009974,-0.119569
14.669100,0.002913,-0.040239,0.115327,-0.013623,-0.005580,-0.118100
14.679163,-0.003026,-0.043238,0.116557,-0.013332,-0.000623,-0.116450
14.689225,-0.008763,-0.045583,0.115420,-0.012157,0.004874,-0.114630
14.699289,-0.015026,-0.047644,0.116482,-0.011614,0.010876,-0.112655
14.709354,-0.020629,-0.048263,0.114770,-0.010548,0.017344,-0.110539
14.719417,-0.027069,-0.051637,0.115243,-0.010098,0.024251,-0.108293
14.729479,-0.032399,-0.053177,0.113311,-0.009109,0.031557,-0.105933
14.739542,-0.038480,-0.055160,0.113541,-0.008335,0.039221,-0.103475
14.749602,-0.044902,-0.055680,0.110591,-0.007007,0.046451,-0.100929
14.759666,-0.051623,-0.058159,0.110557,-0.006262,0.053208,-0.098310
14.769729,-0.057453,-0.057628,0.107704,-0.005711,0.060591,-0.095633
14.779792,-0.063891,-0.059809,0.107376,-0.005350,0.067432,-0.092906
14.789857,-0.068982,-0.058967,0.104219,-0.004791,0.071777,-0.090144
14.799921,-0.074609,-0.060445,0.103577,-0.004033,0.077037,-0.087356
14.809984,-0.078063,-0.060037,0.100482,-0.003071,0.078213,-0.084553
14.820048,-0.082355,-0.061165,0.099507,-0.001905,0.081754,-0.081746
14.830170,-0.084416,-0.060781,0.096075,-0.000533,0.081155,-0.078941
14.840234,-0.088017,-0.061923,0.095139,0.001043,0.082863,-0.076149
14.850317,-0.088568,-0.061924,0.091741,0.002824,0.079232,-0.073374
14.860382,-0.092132,-0.063059,0.090836,0.004806,0.079764,-0.070626
14.870445,-0.094886,-0.064950,0.088993,0.006988,0.080252,-0.067908
14.880510,-0.093743,-0.064150,0.085444,0.009365,0.076467,-0.065227
14.890575,-0.095944,-0.065241,0.084009,0.011935,0.076412,-0.062586
14.900631,-0.094211,-0.064395,0.080486,0.014691,0.071285,-0.059991
14.910686,-0.095789,-0.065431,0.078696,0.017630,0.070619,-0.057442
14.920741,-0.093402,-0.064140,0.074820,0.020362,0.065234,-0.054946
14.930798,-0.094682,-0.064722,0.073441,0.023649,0.064666,-0.041438
14.940860,-0.091976,-0.063350,0.069979,0.027097,0.060882,-0.039051
14.950922,-0.092534,-0.064225,0.067873,0.030324,0.061133,-0.036718
14.960985,-0.089853,-0.062757,0.064833,0.033317,0.058152,-0.034445
14.971049,-0.090415,-0.063524,0.063533,0.036836,0.059185,-0.032231
14.981111,-0.087357,-0.061949,0.059780,0.039731,0.056606,-0.030074
14.991174,-0.087529,-0.062599,0.058534,0.043516,0.058028,-0.027979
15.001238,-0.084455,-0.060900,0.055603,0.046663,0.056974,-0.025941
15.011296,-0.084605,-0.061420,0.054041,0.049541,0.058772,-0.023965
15.021357,-0.081119,-0.059581,0.050799,0.052144,0.058466,-0.022048
15.031419,-0.081249,-0.059962,0.049696,0.054852,0.060640,-0.020188
15.041482,-0.077737,-0.058358,0.047302,0.056887,0.059180,-0.018387
15.051547,-0.077456,-0.058202,0.045526,0.059390,0.060195,-0.016644
15.061601,-0.073926,-0.056445,0.042849,0.061212,0.059495,-0.014955
15.071664,-0.073627,-0.056128,0.041560,0.063867,0.060887,-0.013323
15.081725,-0.072748,-0.056871,0.039758,0.066586,0.061709,-0.011746
15.091786,-0.069392,-0.054100,0.037826,0.067462,0.059677,-0.010221
15.101848,-0.069273,-0.055052,0.036533,0.069530,0.059746,-0.008749
15.111908,-0.065533,-0.052483,0.034737,0.070118,0.056582,-0.007329
15.121971,-0.065424,-0.052874,0.033205,0.071890,0.055911,-0.005958
15.132030,-0.061704,-0.050889,0.031178,0.072556,0.053543,-0.004635
15.142092,-0.061238,-0.050715,0.029806,0.074390,0.053672,0.038220
15.152151,-0.058690,-0.048922,0.028328,0.074719,0.050963,0.039448
15.162204,-0.057882,-0.048559,0.027130,0.076971,0.050380,0.040631
15.172254,-0.055000,-0.046575,0.025454,0.076946,0.046967,0.041770
15.182306,-0.054633,-0.046406,0.024065,0.078837,0.046455,0.042867
15.192365,-0.052197,-0.044229,0.022588,0.079199,0.044262,0.043921
15.202426,-0.052279,-0.043863,0.021025,0.080700,0.044210,0.044936
15.212487,-0.049542,-0.041491,0.019382,0.080284,0.041345,0.045911
15.222549,-0.049331,-0.041311,0.017661,0.081760,0.040629,0.046848
15.232611,-0.047072,-0.039125,0.015867,0.081311,0.039396,0.047748
15.242671,-0.046584,-0.038749,0.014003,0.082745,0.039557,0.048612
15.252730,-0.044819,-0.036750,0.012075,0.081863,0.037301,0.049442
15.262788,-0.044070,-0.035797,0.010084,0.083239,0.036447,0.050238
15.272851,-0.042051,-0.033603,0.008036,0.082290,0.034328,0.016668
15.282915,-0.042200,-0.033601,0.005934,0.083591,0.033618,0.017400
15.292977,-0.039943,-0.031214,0.003782,0.082178,0.033176,0.018100
15.303040,-0.039480,-0.031020,0.001583,0.083009,0.033006,0.018772
15.313103,-0.038143,-0.028823,-0.000659,0.081882,0.031585,0.019414
15.323160,-0.038226,-0.028058,-0.002558,0.082992,0.031586,0.020029
15.333213,-0.037441,-0.027962,-0.004875,0.083666,0.031488,0.008409
15.343277,-0.035794,-0.026248,-0.006842,0.082373,0.030148,0.008971
15.353340,-0.035195,-0.025968,-0.009220,0.083309,0.030241,0.009508
15.363403,-0.034118,-0.024069,-0.010857,0.081505,0.029096,0.010019
15.373465,-0.033334,-0.023990,-0.013282,0.081930,0.029011,0.010508
15.383527,-0.031699,-0.022679,-0.014963,0.079998,0.028841,0.010974
15.393581,-0.031506,-0.022425,-0.017042,0.080285,0.030115,0.011418
15.403636,-0.030849,-0.020941,-0.018369,0.078211,0.031691,0.011840
15.413702,-0.030493,-0.020896,-0.020467,0.077966,0.033190,0.012242
15.423768,-0.029299,-0.019626,-0.021429,0.075743,0.033090,0.012624
15.433837,-0.028795,-0.019419,-0.023159,0.075732,0.033683,0.012988
15.443898,-0.027074,-0.018749,-0.024123,0.073349,0.032298,0.013332
15.453962,-0.026811,-0.018384,-0.025469,0.073180,0.031229,0.013659
15.464023,-0.026102,-0.017560,-0.026430,0.071787,0.030860,0.013969
15.474087,-0.025708,-0.017423,-0.027762,0.071833,0.030047,0.014263
15.484146,-0.024492,-0.016451,-0.029087,0.070275,0.026505,0.014540
15.494209,-0.023979,-0.016170,-0.030397,0.070537,0.024431,0.014802
15.504270,-0.022647,-0.015820,-0.030932,0.069193,0.021541,0.015050
15.514333,-0.022404,-0.015401,-0.031829,0.069287,0.020505,0.015284
15.524385,-0.021727,-0.014153,-0.032325,0.067388,0.019799,0.015503
15.534449,-0.021383,-0.014368,-0.033185,0.067317,0.020572,0.015710
15.544513,-0.021752,-0.014138,-0.034400,0.067156,0.021297,0.015905
15.554574,-0.021312,-0.013467,-0.034063,0.065765,0.021977,0.016087
15.564637,-0.021211,-0.013121,-0.034846,0.065819,0.022235,0.016258
15.574699,-0.021066,-0.012717,-0.035216,0.063877,0.022832,0.012985
15.584763,-0.020880,-0.012641,-0.035936,0.063757,0.023389,0.013134
15.594827,-0.019893,-0.012512,-0.035479,0.062026,0.023910,0.013274
15.604891,-0.019250,-0.012715,-0.036132,0.061736,0.024013,0.013404
15.614951,-0.018573,-0.011725,-0.036367,0.060600,0.023319,0.013524
15.625016,-0.018644,-0.011900,-0.038631,0.063419,0.022980,0.013740
15.635079,-0.017870,-0.011160,-0.037986,0.062034,0.021431,0.013836
15.645141,-0.017831,-0.010381,-0.038063,0.061713,0.021380,0.002862
15.655203,-0.017383,-0.009563,-0.037334,0.060166,0.021303,0.002944
15.665267,-0.017290,-0.009473,-0.037320,0.059680,0.021200,0.003018
15.675291,-0.017173,-0.008586,-0.036500,0.057974,0.020692,0.003087
15.685354,-0.017032,-0.007667,-0.036394,0.058093,0.020162,0.003149
15.695415,-0.017252,-0.007100,-0.035100,0.056613,0.020375,0.003206
15.705480,-0.017070,-0.007268,-0.034898,0.056197,0.020567,0.003258
15.715532,-0.016869,-0.006647,-0.033887,0.054947,0.020742,0.003304
15.725587,-0.016651,-0.006384,-0.033585,0.054763,0.020899,0.003346
15.735681,-0.016034,-0.005717,-0.032469,0.054124,0.021040,0.003384
15.745745,-0.015783,-0.005411,-0.031682,0.054175,0.021166,0.003418
15.755920,-0.015517,-0.005086,-0.030079,0.053011,0.020897,0.003448
15.765974,-0.015239,-0.004744,-0.029568,0.052540,0.020996,0.003475
15.776028,-0.014948,-0.004388,-0.029384,0.051999,0.021084,0.003498
15.786092,-0.015028,-0.004017,-0.027616,0.051386,0.021161,0.003519
15.796148,-0.014716,-0.003635,-0.026940,0.051091,0.021228,0.003537
15.806204,-0.014776,-0.003243,-0.025442,0.050727,0.021286,0.003552
15.816260,-0.014827,-0.002841,-0.025032,0.050678,0.021336,0.003566
15.826315,-0.014871,-0.002432,-0.023806,0.049425,0.021378,0.003577
15.836368,-0.014908,-0.002017,-0.023661,0.049246,0.021414,0.003587
15.846425,-0.014939,-0.001597,-0.022316,0.048625,0.021444,0.003595
15.856487,-0.014965,-0.001555,-0.021291,0.048322,0.021469,0.003601
15.866551,-0.014986,-0.001129,-0.020593,0.047198,0.021489,0.003607
15.876615,-0.015003,-0.001083,-0.019834,0.046774,0.021505,0.003611
15.886678,-0.015016,-0.001038,-0.018630,0.045525,0.021518,0.003615
15.896741,-0.014645,-0.000992,-0.017752,0.045364,0.021528,0.003617
15.906806,-0.014653,-0.000949,-0.016812,0.045143,0.021536,0.003619
15.916860,-0.014658,-0.000526,-0.016572,0.045625,0.021541,0.003621
15.926925,-0.015044,-0.000488,-0.015512,0.046052,0.021545,0.003622
15.936988,-0.015047,-0.000453,-0.015531,0.046419,0.021548,0.003623
15.947049,-0.014668,-0.000423,-0.014727,0.046729,0.021550,0.003623
15.957111,-0.014669,-0.000398,-0.013864,0.046985,0.021551,0.003623
15.967220,-0.014670,-0.000378,-0.012555,0.047182,0.021552,0.003624
15.977274,-0.014670,-0.000363,-0.011568,0.047325,0.021552,0.003624
15.987328,-0.014670,-0.000736,-0.010899,0.047028,0.021552,0.003624
15.997382,-0.014670,-0.000733,-0.010165,0.047055,0.021553,0.003624
