t,px,py,pz,qw,qx,qy,qz
0.000000,0.140595,-0.051173,0.311204,0.976383,-0.022666,-0.128543,-0.172163
0.010056,0.140595,-0.051173,0.311204,0.976383,-0.022666,-0.128543,-0.172163
0.020218,0.140595,-0.051173,0.311204,0.976383,-0.022666,-0.128543,-0.172163
0.030272,0.140595,-0.051173,0.311204,0.976383,-0.022666,-0.128543,-0.172163
0.040325,0.140595,-0.051173,0.311204,0.976383,-0.022666,-0.128543,-0.172163
0.050380,0.140595,-0.051173,0.311204,0.976383,-0.022666,-0.128543,-0.172163
0.060444,0.140595,-0.051173,0.311204,0.976383,-0.022666,-0.128543,-0.172163
0.070508,0.140595,-0.051173,0.311204,0.976383,-0.022666,-0.128543,-0.172163
0.080543,0.140595,-0.051173,0.311204,0.976383,-0.022666,-0.128543,-0.172163
0.090596,0.140595,-0.051173,0.311204,0.976383,-0.022666,-0.128543,-0.172163
0.100647,0.140595,-0.051173,0.311204,0.976383,-0.022666,-0.128543,-0.172163
0.110698,0.140595,-0.051173,0.311204,0.976383,-0.022666,-0.128543,-0.172163
0.120748,0.140595,-0.051173,0.311204,0.976383,-0.022666,-0.128543,-0.172163
0.130799,0.140595,-0.051173,0.311204,0.976383,-0.022666,-0.128543,-0.172163
0.140849,0.140595,-0.051173,0.311204,0.976383,-0.022666,-0.128543,-0.172163
0.150900,0.140595,-0.051173,0.311204,0.976383,-0.022666,-0.128543,-0.172163
0.160951,0.140595,-0.051173,0.311204,0.976383,-0.022666,-0.128543,-0.172163
0.171002,0.140595,-0.051173,0.311204,0.976383,-0.022666,-0.128543,-0.172163
0.181053,0.140595,-0.051173,0.311204,0.976383,-0.022666,-0.128543,-0.172163
0.191104,0.140595,-0.051173,0.311204,0.976383,-0.022666,-0.128543,-0.172163
0.201155,0.140595,-0.051173,0.311204,0.976383,-0.022666,-0.128543,-0.172163
0.211206,0.140595,-0.051173,0.311204,0.976383,-0.022666,-0.128543,-0.172163
0.221257,0.140595,-0.051173,0.311204,0.976383,-0.022666,-0.128543,-0.172163
0.231375,0.140595,-0.051173,0.311204,0.976383,-0.022666,-0.128543,-0.172163
0.241426,0.140595,-0.051173,0.311204,0.976383,-0.022666,-0.128543,-0.172163
0.251477,0.140595,-0.051173,0.311204,0.976383,-0.022666,-0.128543,-0.172163
0.261528,0.140595,-0.051173,0.311204,0.976383,-0.022666,-0.128543,-0.172163
0.271580,0.140595,-0.051173,0.311204,0.976383,-0.022666,-0.128543,-0.172163
0.281631,0.140595,-0.051173,0.311210,0.976383,-0.022666,-0.128543,-0.172163
0.291658,0.140595,-0.051173,0.311222,0.976383,-0.022666,-0.128543,-0.172163
0.301710,0.140595,-0.051173,0.311234,0.976383,-0.022666,-0.128543,-0.172163
0.311762,0.140595,-0.051173,0.311248,0.976383,-0.022666,-0.128543,-0.172163
0.321814,0.140595,-0.051173,0.311262,0.976383,-0.022666,-0.128543,-0.172163
0.331866,0.140595,-0.051173,0.311277,0.976383,-0.022666,-0.128543,-0.172163
0.341917,0.140595,-0.051173,0.311293,0.976383,-0.022666,-0.128543,-0.172163
0.351968,0.140595,-0.051173,0.311311,0.976383,-0.022666,-0.128543,-0.172163
0.362020,0.140595,-0.051173,0.311329,0.976383,-0.022666,-0.128543,-0.172163
0.372085,0.140595,-0.051173,0.311348,0.976383,-0.022666,-0.128543,-0.172163
0.382138,0.140595,-0.051173,0.311369,0.976383,-0.022666,-0.128543,-0.172163
0.392189,0.140595,-0.051173,0.311389,0.976383,-0.022666,-0.128543,-0.172163
0.402241,0.140595,-0.051173,0.311412,0.976383,-0.022666,-0.128543,-0.172163
0.412293,0.140595,-0.051173,0.311435,0.976383,-0.022666,-0.128543,-0.172163
0.422344,0.140594,-0.051173,0.311460,0.976383,-0.022666,-0.128543,-0.172163
0.432395,0.140594,-0.051173,0.311486,0.976383,-0.022666,-0.128543,-0.172163
0.442446,0.140594,-0.051173,0.311513,0.976383,-0.022666,-0.128543,-0.172163
0.452497,0.140594,-0.051173,0.311541,0.976383,-0.022666,-0.128543,-0.172163
0.462548,0.140593,-0.051173,0.311571,0.976383,-0.022666,-0.128543,-0.172163
0.472600,0.140593,-0.051173,0.311602,0.976383,-0.022666,-0.128543,-0.172163
0.482651,0.140593,-0.051173,0.311634,0.976383,-0.022666,-0.128543,-0.172163
0.492704,0.140592,-0.051173,0.311668,0.976383,-0.022666,-0.128543,-0.172163
0.502755,0.140592,-0.051173,0.311702,0.976383,-0.022666,-0.128543,-0.172163
0.512806,0.140592,-0.051173,0.311739,0.976383,-0.022666,-0.128543,-0.172163
0.522858,0.140591,-0.051173,0.311776,0.976383,-0.022666,-0.128543,-0.172163
0.532909,0.140590,-0.051173,0.311815,0.976383,-0.022666,-0.128543,-0.172163
0.542961,0.140590,-0.051173,0.311856,0.976383,-0.022666,-0.128543,-0.172163
0.553012,0.140589,-0.051173,0.311898,0.976383,-0.022666,-0.128543,-0.172163
0.563064,0.140588,-0.051173,0.311941,0.976383,-0.022666,-0.128543,-0.172163
0.573115,0.140587,-0.051173,0.311986,0.976383,-0.022666,-0.128543,-0.172163
0.583167,0.140587,-0.051173,0.312034,0.976383,-0.022666,-0.128543,-0.172163
0.593219,0.140586,-0.051173,0.312081,0.976383,-0.022666,-0.128543,-0.172163
0.603272,0.140584,-0.051173,0.312131,0.976383,-0.022666,-0.128543,-0.172163
0.613324,0.140583,-0.051173,0.312183,0.976383,-0.022666,-0.128543,-0.172163
0.623375,0.140582,-0.051173,0.312237,0.976383,-0.022666,-0.128543,-0.172163
0.633476,0.140580,-0.051173,0.312291,0.976383,-0.022666,-0.128543,-0.172163
0.643527,0.140579,-0.051173,0.312347,0.976383,-0.022666,-0.128543,-0.172163
0.653579,0.140577,-0.051173,0.312406,0.976383,-0.022666,-0.128543,-0.172163
0.663630,0.140575,-0.051173,0.312466,0.976383,-0.022666,-0.128543,-0.172163
0.673658,0.140573,-0.051173,0.312528,0.976383,-0.022666,-0.128543,-0.172163
0.683710,0.140571,-0.051173,0.312591,0.976383,-0.022666,-0.128543,-0.172163
0.693762,0.140569,-0.051173,0.312656,0.976383,-0.022666,-0.128543,-0.172163
0.703814,0.140566,-0.051173,0.312724,0.976383,-0.022666,-0.128543,-0.172163
0.713866,0.140564,-0.051173,0.312793,0.976383,-0.022666,-0.128543,-0.172163
0.723917,0.140561,-0.051173,0.312864,0.976383,-0.022666,-0.128543,-0.172163
0.733969,0.140558,-0.051173,0.312938,0.976383,-0.022666,-0.128543,-0.172163
0.744021,0.140554,-0.051173,0.313012,0.976383,-0.022666,-0.128543,-0.172163
0.754073,0.140551,-0.051173,0.313089,0.976383,-0.022666,-0.128543,-0.172163
0.764125,0.140547,-0.051173,0.313168,0.976383,-0.022666,-0.128543,-0.172163
0.774177,0.140543,-0.051173,0.313248,0.976383,-0.022666,-0.128543,-0.172163
0.784229,0.140539,-0.051173,0.313331,0.976383,-0.022666,-0.128543,-0.172163
0.794281,0.140534,-0.051173,0.313416,0.976383,-0.022666,-0.128543,-0.172163
0.804332,0.140529,-0.051173,0.313503,0.976383,-0.022666,-0.128543,-0.172163
0.814381,0.140524,-0.051173,0.313592,0.976383,-0.022666,-0.128543,-0.172163
0.824451,0.140518,-0.051173,0.313683,0.976383,-0.022666,-0.128543,-0.172163
0.834499,0.140512,-0.051173,0.313776,0.976383,-0.022666,-0.128543,-0.172163
0.844548,0.140506,-0.051173,0.313871,0.976383,-0.022666,-0.128543,-0.172163
0.854599,0.140499,-0.051173,0.313969,0.976383,-0.022666,-0.128543,-0.172163
0.864647,0.140492,-0.051173,0.314068,0.976383,-0.022666,-0.128543,-0.172163
0.874698,0.140485,-0.051173,0.314169,0.976383,-0.022666,-0.128543,-0.172163
0.884751,0.140477,-0.051173,0.314273,0.976383,-0.022666,-0.128543,-0.172163
0.894800,0.140469,-0.051173,0.314380,0.976383,-0.022666,-0.128543,-0.172163
0.904852,0.140460,-0.051173,0.314487,0.976383,-0.022666,-0.128543,-0.172163
0.914901,0.140451,-0.051173,0.314599,0.976383,-0.022666,-0.128543,-0.172163
0.924951,0.140441,-0.051173,0.314711,0.976383,-0.022666,-0.128543,-0.172163
0.935002,0.140420,-0.051173,0.314944,0.976383,-0.022666,-0.128543,-0.172163
0.945054,0.140408,-0.051173,0.315063,0.976383,-0.022666,-0.128543,-0.172163
0.955106,0.140396,-0.051173,0.315185,0.976383,-0.022666,-0.128543,-0.172163
0.965154,0.140384,-0.051173,0.315309,0.976383,-0.022666,-0.128543,-0.172163
0.975204,0.140371,-0.051173,0.315436,0.976383,-0.022666,-0.128543,-0.172163
0.985257,0.140357,-0.051173,0.315564,0.976383,-0.022666,-0.128543,-0.172163
0.995306,0.140342,-0.051173,0.315695,0.976383,-0.022666,-0.128543,-0.172163
1.005357,0.140327,-0.051173,0.315829,0.976383,-0.022666,-0.128543,-0.172163
1.015425,0.140311,-0.051173,0.315965,0.976383,-0.022666,-0.128543,-0.172163
1.025475,0.140294,-0.051173,0.316103,0.976383,-0.022666,-0.128543,-0.172163
1.035523,0.140276,-0.051173,0.316244,0.976383,-0.022666,-0.128543,-0.172163
1.045574,0.140258,-0.051173,0.316387,0.976383,-0.022666,-0.128543,-0.172163
1.055625,0.140238,-0.051173,0.316532,0.976383,-0.022666,-0.128543,-0.172163
1.065674,0.140218,-0.051173,0.316680,0.976383,-0.022666,-0.128543,-0.172163
1.075724,0.140197,-0.051173,0.316831,0.976383,-0.022666,-0.128543,-0.172163
1.085772,0.140175,-0.051173,0.316984,0.976383,-0.022666,-0.128543,-0.172163
1.095822,0.140152,-0.051173,0.317139,0.976383,-0.022666,-0.128543,-0.172163
1.105874,0.140128,-0.051173,0.317297,0.976383,-0.022666,-0.128543,-0.172163
1.115925,0.140103,-0.051173,0.317457,0.976383,-0.022666,-0.128543,-0.172163
1.125975,0.140077,-0.051173,0.317620,0.976383,-0.022666,-0.128543,-0.172163
1.136023,0.140050,-0.051173,0.317785,0.976383,-0.022666,-0.128543,-0.172163
1.146072,0.140022,-0.051173,0.317952,0.976383,-0.022666,-0.128543,-0.172163
1.156123,0.139992,-0.051173,0.318122,0.976383,-0.022666,-0.128543,-0.172163
1.166171,0.139961,-0.051173,0.318295,0.976383,-0.022666,-0.128543,-0.172163
1.176221,0.139929,-0.051173,0.318470,0.976383,-0.022666,-0.128543,-0.172163
1.186270,0.139896,-0.051173,0.318647,0.976383,-0.022666,-0.128543,-0.172163
1.196320,0.139862,-0.051173,0.318827,0.976383,-0.022666,-0.128543,-0.172163
1.206391,0.139826,-0.051173,0.319010,0.976383,-0.022666,-0.128543,-0.172163
1.216440,0.139789,-0.051173,0.319195,0.976383,-0.022666,-0.128543,-0.172163
1.226492,0.139750,-0.051173,0.319382,0.976383,-0.022666,-0.128543,-0.172163
1.236540,0.139710,-0.051173,0.319571,0.976383,-0.022666,-0.128543,-0.172163
1.246589,0.139668,-0.051173,0.319764,0.976383,-0.022666,-0.128543,-0.172163
1.256642,0.139625,-0.051173,0.319958,0.976383,-0.022666,-0.128543,-0.172163
1.266690,0.139580,-0.051173,0.320155,0.976383,-0.022666,-0.128543,-0.172163
1.276741,0.139534,-0.051173,0.320355,0.976383,-0.022666,-0.128543,-0.172163
1.286789,0.139486,-0.051173,0.320557,0.976383,-0.022666,-0.128543,-0.172163
1.296839,0.139436,-0.051173,0.320761,0.976383,-0.022666,-0.128543,-0.172163
1.306890,0.139385,-0.051173,0.320968,0.976383,-0.022666,-0.128543,-0.172163
1.316939,0.139331,-0.051173,0.321178,0.976383,-0.022666,-0.128543,-0.172163
1.326989,0.139276,-0.051173,0.321390,0.976383,-0.022666,-0.128543,-0.172163
1.337037,0.139220,-0.051173,0.321603,0.976383,-0.022666,-0.128543,-0.172163
1.347085,0.139160,-0.051173,0.321820,0.976383,-0.022666,-0.128543,-0.172163
1.357136,0.139100,-0.051173,0.322038,0.976383,-0.022666,-0.128543,-0.172163
1.367184,0.139037,-0.051173,0.322259,0.976383,-0.022666,-0.128543,-0.172163
1.377234,0.138972,-0.051173,0.322483,0.976383,-0.022666,-0.128543,-0.172163
1.387282,0.138905,-0.051173,0.322709,0.976383,-0.022666,-0.128543,-0.172163
1.397360,0.138835,-0.051173,0.322937,0.976383,-0.022666,-0.128543,-0.172163
1.407412,0.138764,-0.051173,0.323166,0.976383,-0.022666,-0.128543,-0.172163
1.417463,0.138691,-0.051173,0.323399,0.976383,-0.022666,-0.128543,-0.172163
1.427515,0.138615,-0.051173,0.323634,0.976383,-0.022666,-0.128543,-0.172163
1.437565,0.138536,-0.051173,0.323871,0.976383,-0.022666,-0.128543,-0.172163
1.447614,0.138455,-0.051173,0.324110,0.976383,-0.022666,-0.128543,-0.172163
1.457666,0.138373,-0.051173,0.324351,0.976383,-0.022666,-0.128543,-0.172163
1.467714,0.138287,-0.051173,0.324594,0.976383,-0.022666,-0.128543,-0.172163
1.477765,0.138199,-0.051173,0.324840,0.976383,-0.022666,-0.128543,-0.172163
1.487817,0.138108,-0.051173,0.325088,0.976383,-0.022666,-0.128543,-0.172163
1.497868,0.138015,-0.051173,0.325338,0.976383,-0.022666,-0.128543,-0.172163
1.507919,0.137919,-0.051173,0.325589,0.976383,-0.022666,-0.128543,-0.172163
1.517967,0.137820,-0.051173,0.325842,0.976383,-0.022666,-0.128543,-0.172163
1.528017,0.137718,-0.051173,0.326098,0.976383,-0.022666,-0.128543,-0.172163
1.538069,0.137614,-0.051173,0.326356,0.976383,-0.022666,-0.128543,-0.172163
1.548119,0.137507,-0.051173,0.326615,0.976383,-0.022666,-0.128543,-0.172163
1.558170,0.137397,-0.051173,0.326876,0.976383,-0.022666,-0.128543,-0.172163
1.568219,0.137283,-0.051173,0.327139,0.976383,-0.022666,-0.128543,-0.172163
1.578271,0.137167,-0.051173,0.327405,0.976383,-0.022666,-0.128543,-0.172163
1.588334,0.137048,-0.051173,0.327671,0.976383,-0.022666,-0.128543,-0.172163
1.598387,0.136926,-0.051173,0.327939,0.976383,-0.022666,-0.128543,-0.172163
1.608439,0.136800,-0.051173,0.328209,0.976383,-0.022666,-0.128543,-0.172163
1.618487,0.136671,-0.051173,0.328480,0.976383,-0.022666,-0.128543,-0.172163
1.628536,0.136539,-0.051173,0.328753,0.976383,-0.022666,-0.128543,-0.172163
1.638588,0.136404,-0.051173,0.329028,0.976383,-0.022666,-0.128543,-0.172163
1.648636,0.136265,-0.051173,0.329304,0.976383,-0.022666,-0.128543,-0.172163
1.658686,0.136123,-0.051173,0.329581,0.976383,-0.022666,-0.128543,-0.172163
1.668739,0.135977,-0.051173,0.329860,0.976383,-0.022666,-0.128543,-0.172163
1.678789,0.135828,-0.051173,0.330141,0.976383,-0.022666,-0.128543,-0.172163
1.688840,0.135676,-0.051173,0.330422,0.976383,-0.022666,-0.128543,-0.172163
1.698888,0.135519,-0.051173,0.330705,0.976383,-0.022666,-0.128543,-0.172163
1.708938,0.135359,-0.051173,0.330989,0.976383,-0.022666,-0.128543,-0.172163
1.718987,0.135196,-0.051173,0.331273,0.976383,-0.022666,-0.128543,-0.172163
1.729038,0.135028,-0.051173,0.331559,0.976383,-0.022666,-0.128543,-0.172163
1.739089,0.134857,-0.051173,0.331845,0.976383,-0.022666,-0.128543,-0.172163
1.749137,0.134682,-0.051173,0.332133,0.976383,-0.022666,-0.128543,-0.172163
1.759187,0.134503,-0.051173,0.332422,0.976383,-0.022666,-0.128543,-0.172163
1.769238,0.134320,-0.051173,0.332711,0.976383,-0.022666,-0.128543,-0.172163
1.779289,0.134133,-0.051173,0.333002,0.976383,-0.022666,-0.128543,-0.172163
1.789340,0.133942,-0.051173,0.333293,0.976383,-0.022666,-0.128543,-0.172163
1.799392,0.133748,-0.051173,0.333584,0.976383,-0.022666,-0.128543,-0.172163
1.809441,0.133549,-0.051173,0.333876,0.976383,-0.022666,-0.128543,-0.172163
1.819491,0.133346,-0.051173,0.334168,0.976383,-0.022666,-0.128543,-0.172163
1.829541,0.133139,-0.051173,0.334461,0.976383,-0.022666,-0.128543,-0.172163
1.839593,0.132927,-0.051173,0.334754,0.976383,-0.022666,-0.128543,-0.172163
1.849641,0.132712,-0.051173,0.335047,0.976383,-0.022666,-0.128543,-0.172163
1.859691,0.132492,-0.051173,0.335340,0.976383,-0.022666,-0.128543,-0.172163
1.869742,0.132268,-0.051173,0.335633,0.976383,-0.022666,-0.128543,-0.172163
1.879790,0.132039,-0.051173,0.335927,0.976383,-0.022666,-0.128543,-0.172163
1.889841,0.131807,-0.051173,0.336220,0.976383,-0.022666,-0.128543,-0.172163
1.899892,0.131569,-0.051173,0.336513,0.976383,-0.022666,-0.128543,-0.172163
1.909943,0.131328,-0.051173,0.336806,0.976383,-0.022666,-0.128543,-0.172163
1.919994,0.131081,-0.051173,0.337099,0.976383,-0.022666,-0.128543,-0.172163
1.930042,0.130830,-0.051173,0.337391,0.976383,-0.022666,-0.128543,-0.172163
1.940094,0.130576,-0.051173,0.337683,0.976383,-0.022666,-0.128543,-0.172163
1.950145,0.130316,-0.051173,0.337974,0.976383,-0.022666,-0.128543,-0.172163
1.960194,0.130052,-0.051173,0.338264,0.976383,-0.022666,-0.128543,-0.172163
1.970246,0.129783,-0.051173,0.338554,0.976383,-0.022666,-0.128543,-0.172163
1.980294,0.129510,-0.051173,0.338842,0.976383,-0.022666,-0.128543,-0.172163
1.990345,0.129232,-0.051173,0.339131,0.976383,-0.022666,-0.128543,-0.172163
2.000394,0.128949,-0.051173,0.339417,0.976383,-0.022666,-0.128543,-0.172163
2.010445,0.128662,-0.051173,0.339703,0.976383,-0.022666,-0.128543,-0.172163
2.020497,0.128370,-0.051173,0.339987,0.976383,-0.022666,-0.128543,-0.172163
2.030548,0.128074,-0.051173,0.340270,0.976383,-0.022666,-0.128543,-0.172163
2.040600,0.127773,-0.051173,0.340552,0.976383,-0.022666,-0.128543,-0.172163
2.050651,0.127468,-0.051173,0.340832,0.976383,-0.022666,-0.128543,-0.172163
2.060702,0.127157,-0.051173,0.341111,0.976383,-0.022666,-0.128543,-0.172163
2.070754,0.126842,-0.051173,0.341388,0.976383,-0.022666,-0.128543,-0.172163
2.080806,0.126522,-0.051173,0.341663,0.976383,-0.022666,-0.128543,-0.172163
2.090858,0.126197,-0.051173,0.341936,0.976383,-0.022666,-0.128543,-0.172163
2.100912,0.125868,-0.051173,0.342208,0.976383,-0.022666,-0.128543,-0.172163
2.110962,0.125534,-0.051173,0.342477,0.976383,-0.022666,-0.128543,-0.172163
2.121015,0.125195,-0.051173,0.342744,0.976383,-0.022666,-0.128543,-0.172163
2.131067,0.124853,-0.051173,0.343008,0.976383,-0.022666,-0.128543,-0.172163
2.141118,0.124505,-0.051173,0.343270,0.976383,-0.022666,-0.128543,-0.172163
2.151170,0.124152,-0.051173,0.343530,0.976383,-0.022666,-0.128543,-0.172163
2.161229,0.123796,-0.051173,0.343787,0.976383,-0.022666,-0.128543,-0.172163
2.171280,0.123433,-0.051173,0.344042,0.976383,-0.022666,-0.128543,-0.172163
2.181331,0.123067,-0.051173,0.344294,0.976383,-0.022666,-0.128543,-0.172163
2.191383,0.122697,-0.051173,0.344542,0.976383,-0.022666,-0.128543,-0.172163
2.201435,0.122321,-0.051173,0.344788,0.976383,-0.022666,-0.128543,-0.172163
2.211486,0.121942,-0.051173,0.345031,0.976383,-0.022666,-0.128543,-0.172163
2.221538,0.121557,-0.051173,0.345271,0.976383,-0.022666,-0.128543,-0.172163
2.231590,0.121168,-0.051173,0.345507,0.976383,-0.022666,-0.128543,-0.172163
2.241641,0.120775,-0.051173,0.345739,0.976383,-0.022666,-0.128543,-0.172163
2.251658,0.120377,-0.051173,0.345969,0.976383,-0.022666,-0.128543,-0.172163
2.261710,0.119976,-0.051173,0.346194,0.976383,-0.022666,-0.128543,-0.172163
2.271762,0.119570,-0.051173,0.346416,0.976383,-0.022666,-0.128543,-0.172163
2.281814,0.119159,-0.051173,0.346635,0.976383,-0.022666,-0.128543,-0.172163
2.291866,0.118744,-0.051173,0.346849,0.976383,-0.022666,-0.128543,-0.172163
2.301918,0.118326,-0.051173,0.347059,0.976383,-0.022666,-0.128543,-0.172163
2.311969,0.117902,-0.051173,0.347265,0.976383,-0.022666,-0.128543,-0.172163
2.322021,0.117475,-0.051173,0.347467,0.976383,-0.022666,-0.128543,-0.172163
2.332073,0.117044,-0.051173,0.347664,0.976383,-0.022666,-0.128543,-0.172163
2.342124,0.116608,-0.051173,0.347858,0.976383,-0.022666,-0.128543,-0.172163
2.352194,0.116170,-0.051173,0.348046,0.976383,-0.022666,-0.128543,-0.172163
2.362246,0.115727,-0.051173,0.348230,0.976383,-0.022666,-0.128543,-0.172163
2.372298,0.115280,-0.051173,0.348410,0.976383,-0.022666,-0.128543,-0.172163
2.382350,0.114830,-0.051173,0.348585,0.976383,-0.022666,-0.128543,-0.172163
2.392401,0.114376,-0.051173,0.348754,0.976383,-0.022666,-0.128543,-0.172163
2.402453,0.113919,-0.051172,0.348919,0.976383,-0.022666,-0.128543,-0.172163
2.412505,0.113457,-0.051172,0.349079,0.976383,-0.022666,-0.128543,-0.172163
2.422557,0.112992,-0.051172,0.349233,0.976383,-0.022666,-0.128543,-0.172163
2.432609,0.112525,-0.051172,0.349383,0.976383,-0.022666,-0.128543,-0.172163
2.442658,0.112053,-0.051172,0.349527,0.976383,-0.022666,-0.128543,-0.172163
2.452710,0.111579,-0.051172,0.349665,0.976383,-0.022666,-0.128543,-0.172163
2.462762,0.111101,-0.051172,0.349799,0.976383,-0.022666,-0.128543,-0.172163
2.472814,0.110621,-0.051172,0.349926,0.976383,-0.022666,-0.128543,-0.172163
2.482866,0.110137,-0.051172,0.350048,0.976383,-0.022666,-0.128543,-0.172163
2.492918,0.109651,-0.051172,0.350164,0.976383,-0.022666,-0.128543,-0.172163
2.502977,0.109162,-0.051172,0.350275,0.976383,-0.022666,-0.128543,-0.172163
2.513041,0.108670,-0.051172,0.350379,0.976383,-0.022666,-0.128543,-0.172163
2.523103,0.108176,-0.051172,0.350478,0.976383,-0.022666,-0.128543,-0.172163
2.533165,0.107678,-0.051172,0.350571,0.976383,-0.022666,-0.128543,-0.172163
2.543228,0.107179,-0.051172,0.350657,0.976383,-0.022666,-0.128543,-0.172163
2.553292,0.106678,-0.051172,0.350738,0.976383,-0.022666,-0.128543,-0.172163
2.563357,0.106175,-0.051172,0.350812,0.976383,-0.022666,-0.128543,-0.172163
2.573409,0.105669,-0.051172,0.350880,0.976383,-0.022666,-0.128543,-0.172163
2.583460,0.105161,-0.051172,0.350942,0.976383,-0.022666,-0.128543,-0.172163
2.593510,0.104651,-0.051172,0.350997,0.976383,-0.022666,-0.128543,-0.172163
2.603561,0.104140,-0.051172,0.351046,0.976383,-0.022666,-0.128543,-0.172163
2.613612,0.103627,-0.051172,0.351088,0.976383,-0.022666,-0.128543,-0.172163
2.623658,0.103113,-0.051172,0.351124,0.976383,-0.022666,-0.128543,-0.172163
2.633667,0.102597,-0.051172,0.351153,0.976383,-0.022666,-0.128543,-0.172163
2.643730,0.102079,-0.051172,0.351175,0.976383,-0.022666,-0.128543,-0.172163
2.653792,0.101561,-0.051172,0.351191,0.976383,-0.022666,-0.128543,-0.172163
2.663859,0.101041,-0.051172,0.351200,0.976383,-0.022666,-0.128543,-0.172163
2.673923,0.100521,-0.051172,0.351203,0.976383,-0.022666,-0.128543,-0.172163
2.683985,0.100000,-0.051172,0.351198,0.976383,-0.022666,-0.128543,-0.172163
2.694049,0.099479,-0.051172,0.351187,0.976383,-0.022666,-0.128543,-0.172163
2.704111,0.098956,-0.051172,0.351169,0.976383,-0.022666,-0.128543,-0.172163
2.714173,0.098432,-0.051172,0.351144,0.976383,-0.022666,-0.128543,-0.172163
2.724236,0.097909,-0.051172,0.351113,0.976383,-0.022666,-0.128543,-0.172163
2.734297,0.097386,-0.051172,0.351074,0.976383,-0.022666,-0.128543,-0.172163
2.744358,0.096862,-0.051172,0.351028,0.976383,-0.022666,-0.128543,-0.172163
2.754422,0.096339,-0.051172,0.350976,0.976383,-0.022666,-0.128543,-0.172163
2.764487,0.095816,-0.051172,0.350916,0.976383,-0.022666,-0.128543,-0.172163
2.774552,0.095293,-0.051172,0.350850,0.976383,-0.022666,-0.128543,-0.172163
2.784608,0.094770,-0.051172,0.350776,0.976383,-0.022666,-0.128543,-0.172163
2.794671,0.094248,-0.051172,0.350696,0.976383,-0.022666,-0.128543,-0.172163
2.804727,0.093727,-0.051172,0.350609,0.976383,-0.022666,-0.128543,-0.172163
2.814788,0.093206,-0.051172,0.350515,0.976383,-0.022666,-0.128543,-0.172163
2.824854,0.092686,-0.051172,0.350413,0.976383,-0.022666,-0.128543,-0.172163
2.834916,0.092168,-0.051172,0.350305,0.976383,-0.022666,-0.128543,-0.172163
2.844980,0.091650,-0.051172,0.350190,0.976383,-0.022666,-0.128543,-0.172163
2.855043,0.090619,-0.051172,0.349939,0.976383,-0.022666,-0.128543,-0.172163
2.865111,0.090106,-0.051172,0.349803,0.976383,-0.022666,-0.128543,-0.172163
2.875176,0.089595,-0.051172,0.349661,0.976383,-0.022666,-0.128543,-0.172163
2.885239,0.089085,-0.051172,0.349511,0.976383,-0.022666,-0.128543,-0.172163
2.895303,0.088578,-0.051172,0.349355,0.976383,-0.022666,-0.128543,-0.172163
2.905367,0.088072,-0.051172,0.349192,0.976383,-0.022666,-0.128543,-0.172163
2.915428,0.087569,-0.051172,0.349022,0.976383,-0.022666,-0.128543,-0.172163
2.925491,0.087068,-0.051172,0.348846,0.976383,-0.022666,-0.128543,-0.172163
2.935554,0.086569,-0.051172,0.348663,0.976383,-0.022666,-0.128543,-0.172163
2.945615,0.086073,-0.051172,0.348474,0.976383,-0.022666,-0.128543,-0.172163
2.955677,0.085580,-0.051172,0.348278,0.976383,-0.022666,-0.128543,-0.172163
2.965742,0.085089,-0.051172,0.348075,0.976383,-0.022666,-0.128543,-0.172163
2.975805,0.084602,-0.051172,0.347866,0.976383,-0.022666,-0.128543,-0.172163
2.985869,0.084117,-0.051172,0.347651,0.976383,-0.022666,-0.128543,-0.172163
2.995933,0.083635,-0.051172,0.347429,0.976383,-0.022666,-0.128543,-0.172163
3.005995,0.083158,-0.051172,0.347202,0.976383,-0.022666,-0.128543,-0.172163
3.016057,0.082682,-0.051172,0.346968,0.976383,-0.022666,-0.128543,-0.172163
3.026120,0.082212,-0.051172,0.346728,0.976383,-0.022666,-0.128543,-0.172163
3.036181,0.081744,-0.051172,0.346482,0.976383,-0.022666,-0.128543,-0.172163
3.046242,0.081280,-0.051172,0.346230,0.976383,-0.022666,-0.128543,-0.172163
3.056305,0.080819,-0.051172,0.345972,0.976383,-0.022666,-0.128543,-0.172163
3.066371,0.080363,-0.051172,0.345709,0.976383,-0.022666,-0.128543,-0.172163
3.076433,0.079910,-0.051172,0.345439,0.976383,-0.022666,-0.128543,-0.172163
3.086494,0.079462,-0.051172,0.345164,0.976383,-0.022666,-0.128543,-0.172163
3.096554,0.079018,-0.051172,0.344884,0.976383,-0.022666,-0.128543,-0.172163
3.106616,0.078578,-0.051172,0.344598,0.976383,-0.022666,-0.128543,-0.172163
3.116678,0.078142,-0.051172,0.344307,0.976383,-0.022666,-0.128543,-0.172163
3.126741,0.077712,-0.051172,0.344011,0.976383,-0.022666,-0.128543,-0.172163
3.136802,0.077286,-0.051172,0.343709,0.976383,-0.022666,-0.128543,-0.172163
3.146864,0.076864,-0.051172,0.343402,0.976383,-0.022666,-0.128543,-0.172163
3.156927,0.076447,-0.051172,0.343091,0.976383,-0.022666,-0.128543,-0.172163
3.166992,0.076034,-0.051172,0.342774,0.976383,-0.022666,-0.128543,-0.172163
3.177057,0.075627,-0.051172,0.342453,0.976383,-0.022666,-0.128543,-0.172163
3.187118,0.075224,-0.051172,0.342127,0.976383,-0.022666,-0.128543,-0.172163
3.197179,0.074828,-0.051172,0.341797,0.976383,-0.022666,-0.128543,-0.172163
3.207242,0.074435,-0.051172,0.341462,0.976383,-0.022666,-0.128543,-0.172163
3.217303,0.074048,-0.051172,0.341123,0.976383,-0.022666,-0.128543,-0.172163
3.227365,0.073666,-0.051172,0.340780,0.976383,-0.022666,-0.128543,-0.172163
3.237428,0.073289,-0.051172,0.340432,0.976383,-0.022666,-0.128543,-0.172163
3.247488,0.072919,-0.051172,0.340082,0.976383,-0.022666,-0.128543,-0.172163
3.257550,0.072553,-0.051172,0.339727,0.976383,-0.022666,-0.128543,-0.172163
3.267614,0.072192,-0.051172,0.339368,0.976383,-0.022666,-0.128543,-0.172163
3.277678,0.071837,-0.051172,0.339005,0.976383,-0.022666,-0.128543,-0.172163
3.287743,0.071488,-0.051172,0.338639,0.976383,-0.022666,-0.128543,-0.172163
3.297807,0.071145,-0.051172,0.338270,0.976383,-0.022666,-0.128543,-0.172163
3.307868,0.070807,-0.051172,0.337898,0.976383,-0.022666,-0.128543,-0.172163
3.317931,0.070474,-0.051172,0.337522,0.976383,-0.022666,-0.128543,-0.172163
3.327994,0.070147,-0.051172,0.337143,0.976383,-0.022666,-0.128543,-0.172163
3.338047,0.069827,-0.051172,0.336762,0.976383,-0.022666,-0.128543,-0.172163
3.348104,0.069512,-0.051172,0.336378,0.976383,-0.022666,-0.128543,-0.172163
3.358157,0.069202,-0.051172,0.335991,0.976383,-0.022666,-0.128543,-0.172163
3.368210,0.068898,-0.051172,0.335601,0.976383,-0.022666,-0.128543,-0.172163
3.378264,0.068601,-0.051172,0.335210,0.976383,-0.022666,-0.128543,-0.172163
3.388316,0.068309,-0.051172,0.334816,0.976383,-0.022666,-0.128543,-0.172163
3.398368,0.068023,-0.051172,0.334420,0.976383,-0.022666,-0.128543,-0.172163
3.408525,0.067744,-0.051172,0.334023,0.976383,-0.022666,-0.128543,-0.172163
3.418590,0.067469,-0.051172,0.333623,0.976383,-0.022666,-0.128543,-0.172163
3.428655,0.067201,-0.051172,0.333221,0.976383,-0.022666,-0.128543,-0.172163
3.438717,0.066939,-0.051172,0.332819,0.976383,-0.022666,-0.128543,-0.172163
3.448780,0.066683,-0.051172,0.332414,0.976383,-0.022666,-0.128543,-0.172163
3.458843,0.066432,-0.051172,0.332008,0.976383,-0.022666,-0.128543,-0.172163
3.468899,0.066188,-0.051172,0.331601,0.976383,-0.022666,-0.128543,-0.172163
3.478952,0.065949,-0.051172,0.331193,0.976383,-0.022666,-0.128543,-0.172163
3.489016,0.065716,-0.051172,0.330783,0.976383,-0.022666,-0.128543,-0.172163
3.499080,0.065489,-0.051172,0.330374,0.976383,-0.022666,-0.128543,-0.172163
3.509142,0.065268,-0.051172,0.329963,0.976383,-0.022666,-0.128543,-0.172163
3.519202,0.065052,-0.051172,0.329552,0.976383,-0.022666,-0.128543,-0.172163
3.529266,0.064843,-0.051172,0.329140,0.976383,-0.022666,-0.128543,-0.172163
3.539321,0.064639,-0.051172,0.328728,0.976383,-0.022666,-0.128543,-0.172163
3.549376,0.064442,-0.051172,0.328317,0.976383,-0.022666,-0.128543,-0.172163
3.559433,0.064249,-0.051172,0.327904,0.976383,-0.022666,-0.128543,-0.172163
3.569489,0.064063,-0.051172,0.327492,0.976383,-0.022666,-0.128543,-0.172163
3.579547,0.063882,-0.051172,0.327080,0.976383,-0.022666,-0.128543,-0.172163
3.589608,0.063706,-0.051172,0.326668,0.976383,-0.022666,-0.128543,-0.172163
3.599662,0.063537,-0.051172,0.326257,0.976383,-0.022666,-0.128543,-0.172163
3.609721,0.063372,-0.051172,0.325846,0.976383,-0.022666,-0.128543,-0.172163
3.619778,0.063214,-0.051172,0.325436,0.976383,-0.022666,-0.128543,-0.172163
3.629835,0.063060,-0.051172,0.325026,0.976383,-0.022666,-0.128543,-0.172163
3.639900,0.062912,-0.051172,0.324618,0.976383,-0.022666,-0.128543,-0.172163
3.649955,0.062770,-0.051172,0.324210,0.976383,-0.022666,-0.128543,-0.172163
3.660067,0.062632,-0.051172,0.323804,0.976383,-0.022666,-0.128543,-0.172163
3.670130,0.062500,-0.051172,0.323398,0.976383,-0.022666,-0.128543,-0.172163
3.680190,0.062373,-0.051172,0.322994,0.976383,-0.022666,-0.128543,-0.172163
3.690252,0.062251,-0.051172,0.322591,0.976383,-0.022666,-0.128543,-0.172163
3.700313,0.062134,-0.051172,0.322191,0.976383,-0.022666,-0.128543,-0.172163
3.710373,0.062023,-0.051172,0.321791,0.976383,-0.022666,-0.128543,-0.172163
3.720431,0.061916,-0.051172,0.321393,0.976383,-0.022666,-0.128543,-0.172163
3.730492,0.061814,-0.051172,0.320997,0.976383,-0.022666,-0.128543,-0.172163
3.740554,0.061716,-0.051172,0.320603,0.976383,-0.022666,-0.128543,-0.172163
3.750614,0.061623,-0.051173,0.320211,0.976383,-0.022666,-0.128543,-0.172163
3.760674,0.061535,-0.051173,0.319820,0.976383,-0.022666,-0.128543,-0.172163
3.770739,0.061452,-0.051173,0.319433,0.976383,-0.022666,-0.128543,-0.172163
3.780798,0.061373,-0.051173,0.319048,0.976383,-0.022666,-0.128543,-0.172163
3.790856,0.061298,-0.051173,0.318664,0.976383,-0.022666,-0.128543,-0.172163
3.800911,0.061227,-0.051173,0.318284,0.976383,-0.022666,-0.128543,-0.172163
3.810976,0.061161,-0.051173,0.317906,0.976383,-0.022666,-0.128543,-0.172163
3.821041,0.061099,-0.051173,0.317530,0.976383,-0.022666,-0.128543,-0.172163
3.831101,0.061041,-0.051173,0.317157,0.976383,-0.022666,-0.128543,-0.172163
3.841154,0.060988,-0.051173,0.316787,0.976383,-0.022666,-0.128543,-0.172163
3.851207,0.060937,-0.051173,0.316419,0.976383,-0.022666,-0.128543,-0.172163
3.861267,0.060891,-0.051173,0.316055,0.976383,-0.022666,-0.128543,-0.172163
3.871330,0.060849,-0.051173,0.315694,0.976383,-0.022666,-0.128543,-0.172163
3.881391,0.060810,-0.051173,0.315336,0.976383,-0.022666,-0.128543,-0.172163
3.891538,0.060775,-0.051173,0.314981,0.976383,-0.022666,-0.128543,-0.172163
3.901598,0.060743,-0.051173,0.314629,0.976383,-0.022666,-0.128543,-0.172163
3.911659,0.060714,-0.051173,0.314281,0.976383,-0.022666,-0.128543,-0.172163
3.921721,0.060689,-0.051173,0.313936,0.976383,-0.022666,-0.128543,-0.172163
3.931779,0.060667,-0.051173,0.313595,0.976383,-0.022666,-0.128543,-0.172163
3.941840,0.060649,-0.051173,0.313256,0.976383,-0.022666,-0.128543,-0.172163
3.951898,0.060633,-0.051173,0.312921,0.976383,-0.022666,-0.128543,-0.172163
3.961959,0.060620,-0.051173,0.312590,0.976383,-0.022666,-0.128543,-0.172163
3.972023,0.060610,-0.051173,0.312263,0.976383,-0.022666,-0.128543,-0.172163
3.982084,0.060603,-0.051173,0.311939,0.976383,-0.022666,-0.128543,-0.172163
3.992147,0.060598,-0.051173,0.311619,0.976383,-0.022666,-0.128543,-0.172163
4.002210,0.060596,-0.051173,0.311303,0.976383,-0.022666,-0.128543,-0.172163
4.012273,0.060596,-0.051173,0.310989,0.976383,-0.022666,-0.128543,-0.172163
4.022332,0.060599,-0.051173,0.310675,0.976383,-0.022666,-0.128543,-0.172163
4.032394,0.060605,-0.051173,0.310361,0.976383,-0.022666,-0.128543,-0.172163
4.042446,0.060613,-0.051173,0.310046,0.976383,-0.022666,-0.128543,-0.172163
4.052497,0.060623,-0.051173,0.309732,0.976383,-0.022666,-0.128543,-0.172163
4.062557,0.060636,-0.051173,0.309419,0.976383,-0.022666,-0.128543,-0.172163
4.072619,0.060651,-0.051173,0.309105,0.976383,-0.022666,-0.128543,-0.172163
4.082680,0.060669,-0.051173,0.308791,0.976383,-0.022666,-0.128543,-0.172163
4.092743,0.060689,-0.051173,0.308478,0.976383,-0.022666,-0.128543,-0.172163
4.102811,0.060711,-0.051173,0.308164,0.976383,-0.022666,-0.128543,-0.172163
4.112873,0.060737,-0.051173,0.307851,0.976383,-0.022666,-0.128543,-0.172163
4.122933,0.060764,-0.051173,0.307538,0.976383,-0.022666,-0.128543,-0.172163
4.132993,0.060794,-0.051173,0.307225,0.976383,-0.022666,-0.128543,-0.172163
4.143053,0.060827,-0.051173,0.306913,0.976383,-0.022666,-0.128543,-0.172163
4.153116,0.060862,-0.051173,0.306601,0.976383,-0.022666,-0.128543,-0.172163
4.163179,0.060899,-0.051173,0.306289,0.976383,-0.022666,-0.128543,-0.172163
4.173244,0.060939,-0.051173,0.305977,0.976383,-0.022666,-0.128543,-0.172163
4.183304,0.060981,-0.051173,0.305666,0.976383,-0.022666,-0.128543,-0.172163
4.193366,0.061026,-0.051173,0.305355,0.976383,-0.022666,-0.128543,-0.172163
4.203429,0.061073,-0.051173,0.305044,0.976383,-0.022666,-0.128543,-0.172163
4.213490,0.061122,-0.051173,0.304734,0.976383,-0.022666,-0.128543,-0.172163
4.223554,0.061175,-0.051173,0.304424,0.976383,-0.022666,-0.128543,-0.172163
4.233615,0.061229,-0.051173,0.304115,0.976383,-0.022666,-0.128543,-0.172163
4.243674,0.061286,-0.051173,0.303806,0.976383,-0.022666,-0.128543,-0.172163
4.253736,0.061345,-0.051173,0.303498,0.976383,-0.022666,-0.128543,-0.172163
4.263800,0.061407,-0.051173,0.303189,0.976383,-0.022666,-0.128543,-0.172163
4.273861,0.061471,-0.051173,0.302882,0.976383,-0.022666,-0.128543,-0.172163
4.283924,0.061538,-0.051173,0.302575,0.976383,-0.022666,-0.128543,-0.172163
4.293987,0.061607,-0.051173,0.302268,0.976383,-0.022666,-0.128543,-0.172163
4.304051,0.061678,-0.051173,0.301962,0.976383,-0.022666,-0.128543,-0.172163
4.314112,0.061752,-0.051173,0.301657,0.976383,-0.022666,-0.128543,-0.172163
4.324175,0.061828,-0.051173,0.301352,0.976383,-0.022666,-0.128543,-0.172163
4.334237,0.061906,-0.051173,0.301048,0.976383,-0.022666,-0.128543,-0.172163
4.344296,0.061987,-0.051173,0.300745,0.976383,-0.022666,-0.128543,-0.172163
4.354357,0.062071,-0.051173,0.300442,0.976383,-0.022666,-0.128543,-0.172163
4.364416,0.062156,-0.051173,0.300139,0.976383,-0.022666,-0.128543,-0.172163
4.374479,0.062245,-0.051173,0.299838,0.976383,-0.022666,-0.128543,-0.172163
4.384538,0.062335,-0.051173,0.299537,0.976383,-0.022666,-0.128543,-0.172163
4.394604,0.062428,-0.051173,0.299237,0.976383,-0.022666,-0.128543,-0.172163
4.404672,0.062523,-0.051173,0.298938,0.976383,-0.022666,-0.128543,-0.172163
4.414732,0.062621,-0.051173,0.298639,0.976383,-0.022666,-0.128543,-0.172163
4.424797,0.062720,-0.051173,0.298341,0.976383,-0.022666,-0.128543,-0.172163
4.434858,0.062823,-0.051173,0.298044,0.976383,-0.022666,-0.128543,-0.172163
4.444918,0.062927,-0.051173,0.297748,0.976383,-0.022666,-0.128543,-0.172163
4.454981,0.063034,-0.051173,0.297452,0.976383,-0.022666,-0.128543,-0.172163
4.465042,0.063255,-0.051173,0.296864,0.976383,-0.022666,-0.128543,-0.172163
4.475093,0.063368,-0.051173,0.296571,0.976383,-0.022666,-0.128543,-0.172163
4.485149,0.063484,-0.051173,0.296279,0.976383,-0.022666,-0.128543,-0.172163
4.495211,0.063603,-0.051173,0.295988,0.976383,-0.022666,-0.128543,-0.172163
4.505275,0.063723,-0.051173,0.295698,0.976383,-0.022666,-0.128543,-0.172163
4.515333,0.063846,-0.051173,0.295409,0.976383,-0.022666,-0.128543,-0.172163
4.525391,0.063971,-0.051173,0.295121,0.976383,-0.022666,-0.128543,-0.172163
4.535450,0.064099,-0.051173,0.294834,0.976383,-0.022666,-0.128543,-0.172163
4.545509,0.064229,-0.051173,0.294548,0.976383,-0.022666,-0.128543,-0.172163
4.555570,0.064361,-0.051173,0.294263,0.976383,-0.022666,-0.128543,-0.172163
4.565628,0.064495,-0.051173,0.293978,0.976383,-0.022666,-0.128543,-0.172163
4.575689,0.064631,-0.051173,0.293695,0.976383,-0.022666,-0.128543,-0.172163
4.585749,0.064770,-0.051173,0.293414,0.976383,-0.022666,-0.128543,-0.172163
4.595812,0.064911,-0.051173,0.293133,0.976383,-0.022666,-0.128543,-0.172163
4.605875,0.065054,-0.051173,0.292853,0.976383,-0.022666,-0.128543,-0.172163
4.615934,0.065199,-0.051173,0.292574,0.976383,-0.022666,-0.128543,-0.172163
4.625994,0.065346,-0.051173,0.292297,0.976383,-0.022666,-0.128543,-0.172163
4.636053,0.065496,-0.051173,0.292021,0.976383,-0.022666,-0.128543,-0.172163
4.646113,0.065648,-0.051173,0.291746,0.976383,-0.022666,-0.128543,-0.172163
4.656165,0.065801,-0.051173,0.291472,0.976383,-0.022666,-0.128543,-0.172163
4.666225,0.065957,-0.051173,0.291199,0.976383,-0.022666,-0.128543,-0.172163
4.676284,0.066116,-0.051173,0.290928,0.976383,-0.022666,-0.128543,-0.172163
4.686346,0.066276,-0.051173,0.290658,0.976383,-0.022666,-0.128543,-0.172163
4.696404,0.066438,-0.051173,0.290389,0.976383,-0.022666,-0.128543,-0.172163
4.706466,0.066603,-0.051173,0.290121,0.976383,-0.022666,-0.128543,-0.172163
4.716524,0.066770,-0.051173,0.289855,0.976383,-0.022666,-0.128543,-0.172163
4.726586,0.066938,-0.051173,0.289590,0.976383,-0.022666,-0.128543,-0.172163
4.736648,0.067109,-0.051173,0.289326,0.976383,-0.022666,-0.128543,-0.172163
4.746710,0.067282,-0.051173,0.289064,0.976383,-0.022666,-0.128543,-0.172163
4.756769,0.067457,-0.051173,0.288803,0.976383,-0.022666,-0.128543,-0.172163
4.766834,0.067634,-0.051173,0.288543,0.976383,-0.022666,-0.128543,-0.172163
4.776898,0.067813,-0.051173,0.288285,0.976383,-0.022666,-0.128543,-0.172163
4.786961,0.067994,-0.051173,0.288028,0.976383,-0.022666,-0.128543,-0.172163
4.797023,0.068177,-0.051173,0.287773,0.976383,-0.022666,-0.128543,-0.172163
4.807085,0.068362,-0.051173,0.287519,0.976383,-0.022666,-0.128543,-0.172163
4.817144,0.068549,-0.051173,0.287267,0.976383,-0.022666,-0.128543,-0.172163
4.827211,0.068738,-0.051173,0.287016,0.976383,-0.022666,-0.128543,-0.172163
4.837273,0.068929,-0.051173,0.286766,0.976383,-0.022666,-0.128543,-0.172163
4.847335,0.069122,-0.051173,0.286518,0.976383,-0.022666,-0.128543,-0.172163
4.857396,0.069317,-0.051173,0.286272,0.976383,-0.022666,-0.128543,-0.172163
4.867459,0.069513,-0.051173,0.286027,0.976383,-0.022666,-0.128543,-0.172163
4.877525,0.069712,-0.051173,0.285784,0.976383,-0.022666,-0.128543,-0.172163
4.887586,0.069913,-0.051173,0.285542,0.976383,-0.022666,-0.128543,-0.172163
4.897646,0.070115,-0.051173,0.285302,0.976383,-0.022666,-0.128543,-0.172163
4.907704,0.070319,-0.051173,0.285063,0.976383,-0.022666,-0.128543,-0.172163
4.917767,0.070526,-0.051173,0.284826,0.976383,-0.022666,-0.128543,-0.172163
4.927826,0.070734,-0.051173,0.284591,0.976383,-0.022666,-0.128543,-0.172163
4.937885,0.070944,-0.051173,0.284357,0.976383,-0.022666,-0.128543,-0.172163
4.947945,0.071156,-0.051173,0.284125,0.976383,-0.022666,-0.128543,-0.172163
4.958007,0.071369,-0.051173,0.283895,0.976383,-0.022666,-0.128543,-0.172163
4.968074,0.071584,-0.051173,0.283666,0.976383,-0.022666,-0.128543,-0.172163
4.978136,0.071802,-0.051173,0.283439,0.976383,-0.022666,-0.128543,-0.172163
4.988197,0.072021,-0.051173,0.283214,0.976383,-0.022666,-0.128543,-0.172163
4.998262,0.072241,-0.051173,0.282990,0.976383,-0.022666,-0.128543,-0.172163
5.008329,0.072464,-0.051173,0.282768,0.976383,-0.022666,-0.128543,-0.172163
5.018392,0.072688,-0.051173,0.282548,0.976383,-0.022666,-0.128543,-0.172163
5.028458,0.072914,-0.051173,0.282330,0.976383,-0.022666,-0.128543,-0.172163
5.038521,0.073142,-0.051173,0.282113,0.976383,-0.022666,-0.128543,-0.172163
5.048581,0.073371,-0.051173,0.281899,0.976383,-0.022666,-0.128543,-0.172163
5.058643,0.073602,-0.051173,0.281686,0.976383,-0.022666,-0.128543,-0.172163
5.068707,0.073835,-0.051173,0.281475,0.976383,-0.022666,-0.128543,-0.172163
5.078771,0.074069,-0.051173,0.281265,0.976383,-0.022666,-0.128543,-0.172163
5.088834,0.074305,-0.051173,0.281058,0.976383,-0.022666,-0.128543,-0.172163
5.098894,0.074542,-0.051173,0.280852,0.976383,-0.022666,-0.128543,-0.172163
5.108953,0.074782,-0.051173,0.280649,0.976383,-0.022666,-0.128543,-0.172163
5.119013,0.075022,-0.051173,0.280447,0.976383,-0.022666,-0.128543,-0.172163
5.129073,0.075265,-0.051173,0.280247,0.976383,-0.022666,-0.128543,-0.172163
5.139136,0.075509,-0.051173,0.280049,0.976383,-0.022666,-0.128543,-0.172163
5.149199,0.075754,-0.051173,0.279853,0.976383,-0.022666,-0.128543,-0.172163
5.159259,0.076001,-0.051173,0.279659,0.976383,-0.022666,-0.128543,-0.172163
5.169324,0.076250,-0.051173,0.279467,0.976383,-0.022666,-0.128543,-0.172163
5.179454,0.076500,-0.051173,0.279276,0.976383,-0.022666,-0.128543,-0.172163
5.189516,0.076751,-0.051173,0.279088,0.976383,-0.022666,-0.128543,-0.172163
5.199579,0.077004,-0.051173,0.278902,0.976383,-0.022666,-0.128543,-0.172163
5.209642,0.077258,-0.051173,0.278718,0.976383,-0.022666,-0.128543,-0.172163
5.219701,0.077514,-0.051173,0.278535,0.976383,-0.022666,-0.128543,-0.172163
5.229763,0.077772,-0.051173,0.278355,0.976383,-0.022666,-0.128543,-0.172163
5.239823,0.078030,-0.051173,0.278177,0.976383,-0.022666,-0.128543,-0.172163
5.249885,0.078290,-0.051173,0.278001,0.976383,-0.022666,-0.128543,-0.172163
5.259946,0.078552,-0.051173,0.277826,0.976383,-0.022666,-0.128543,-0.172163
5.270010,0.078815,-0.051173,0.277654,0.976383,-0.022666,-0.128543,-0.172163
5.280074,0.079079,-0.051173,0.277484,0.976383,-0.022666,-0.128543,-0.172163
5.290135,0.079344,-0.051173,0.277316,0.976383,-0.022666,-0.128543,-0.172163
5.300198,0.079611,-0.051173,0.277150,0.976383,-0.022666,-0.128543,-0.172163
5.310258,0.079879,-0.051173,0.276987,0.976383,-0.022666,-0.128543,-0.172163
5.320321,0.080149,-0.051173,0.276825,0.976383,-0.022666,-0.128543,-0.172163
5.330380,0.080419,-0.051173,0.276666,0.976383,-0.022666,-0.128543,-0.172163
5.340441,0.080691,-0.051173,0.276508,0.976383,-0.022666,-0.128543,-0.172163
5.350504,0.080964,-0.051173,0.276353,0.976383,-0.022666,-0.128543,-0.172163
5.360567,0.081239,-0.051173,0.276200,0.976383,-0.022666,-0.128543,-0.172163
5.370630,0.081514,-0.051173,0.276049,0.976383,-0.022666,-0.128543,-0.172163
5.380693,0.081791,-0.051173,0.275900,0.976383,-0.022666,-0.128543,-0.172163
5.390763,0.082069,-0.051173,0.275753,0.976383,-0.022666,-0.128543,-0.172163
5.400824,0.082348,-0.051173,0.275609,0.976383,-0.022666,-0.128543,-0.172163
5.410886,0.082628,-0.051173,0.275467,0.976383,-0.022666,-0.128543,-0.172163
5.420945,0.082909,-0.051173,0.275327,0.976383,-0.022666,-0.128543,-0.172163
5.431005,0.083191,-0.051173,0.275189,0.976383,-0.022666,-0.128543,-0.172163
5.441064,0.083475,-0.051173,0.275053,0.976383,-0.022666,-0.128543,-0.172163
5.451124,0.083759,-0.051173,0.274920,0.976383,-0.022666,-0.128543,-0.172163
5.461185,0.084045,-0.051173,0.274789,0.976383,-0.022666,-0.128543,-0.172163
5.471227,0.084331,-0.051173,0.274660,0.976383,-0.022666,-0.128543,-0.172163
5.481279,0.084619,-0.051173,0.274533,0.976383,-0.022666,-0.128543,-0.172163
5.491341,0.084907,-0.051173,0.274409,0.976383,-0.022666,-0.128543,-0.172163
5.501403,0.085197,-0.051173,0.274287,0.976383,-0.022666,-0.128543,-0.172163
5.511466,0.085487,-0.051173,0.274167,0.976383,-0.022666,-0.128543,-0.172163
5.521529,0.085778,-0.051173,0.274050,0.976383,-0.022666,-0.128543,-0.172163
5.531591,0.086071,-0.051173,0.273935,0.976383,-0.022666,-0.128543,-0.172163
5.541650,0.086364,-0.051173,0.273822,0.976383,-0.022666,-0.128543,-0.172163
5.551715,0.086658,-0.051173,0.273711,0.976383,-0.022666,-0.128543,-0.172163
5.561779,0.086953,-0.051173,0.273603,0.976383,-0.022666,-0.128543,-0.172163
5.571844,0.087248,-0.051173,0.273497,0.976383,-0.022666,-0.128543,-0.172163
5.581910,0.087545,-0.051173,0.273393,0.976383,-0.022666,-0.128543,-0.172163
5.591975,0.087842,-0.051173,0.273292,0.976383,-0.022666,-0.128543,-0.172163
5.602028,0.088140,-0.051173,0.273193,0.976383,-0.022666,-0.128543,-0.172163
5.612094,0.088439,-0.051173,0.273096,0.976383,-0.022666,-0.128543,-0.172163
5.622157,0.088739,-0.051173,0.273002,0.976383,-0.022666,-0.128543,-0.172163
5.632217,0.089039,-0.051173,0.272910,0.976383,-0.022666,-0.128543,-0.172163
5.642281,0.089341,-0.051173,0.272820,0.976383,-0.022666,-0.128543,-0.172163
5.652345,0.089642,-0.051173,0.272733,0.976383,-0.022666,-0.128543,-0.172163
5.662405,0.089945,-0.051173,0.272648,0.976383,-0.022666,-0.128543,-0.172163
5.672466,0.090248,-0.051173,0.272566,0.976383,-0.022666,-0.128543,-0.172163
5.682525,0.090552,-0.051173,0.272486,0.976383,-0.022666,-0.128543,-0.172163
5.692588,0.090856,-0.051173,0.272408,0.976383,-0.022666,-0.128543,-0.172163
5.702652,0.091161,-0.051173,0.272333,0.976383,-0.022666,-0.128543,-0.172163
5.712711,0.091467,-0.051173,0.272260,0.976383,-0.022666,-0.128543,-0.172163
5.722772,0.091773,-0.051173,0.272189,0.976383,-0.022666,-0.128543,-0.172163
5.732831,0.092080,-0.051173,0.272121,0.976383,-0.022666,-0.128543,-0.172163
5.742892,0.092387,-0.051173,0.272056,0.976383,-0.022666,-0.128543,-0.172163
5.752950,0.092695,-0.051173,0.271992,0.976383,-0.022666,-0.128543,-0.172163
5.763008,0.093003,-0.051173,0.271931,0.976383,-0.022666,-0.128543,-0.172163
5.773068,0.093311,-0.051173,0.271873,0.976383,-0.022666,-0.128543,-0.172163
5.783127,0.093621,-0.051173,0.271817,0.976383,-0.022666,-0.128543,-0.172163
5.793190,0.093930,-0.051173,0.271763,0.976383,-0.022666,-0.128543,-0.172163
5.803243,0.094240,-0.051173,0.271712,0.976383,-0.022666,-0.128543,-0.172163
5.813300,0.094550,-0.051173,0.271664,0.976383,-0.022666,-0.128543,-0.172163
5.823361,0.094861,-0.051173,0.271617,0.976383,-0.022666,-0.128543,-0.172163
5.833420,0.095172,-0.051173,0.271574,0.976383,-0.022666,-0.128543,-0.172163
5.843472,0.095484,-0.051173,0.271532,0.976383,-0.022666,-0.128543,-0.172163
5.853536,0.095795,-0.051173,0.271493,0.976383,-0.022666,-0.128543,-0.172163
5.863595,0.096107,-0.051173,0.271457,0.976383,-0.022666,-0.128543,-0.172163
5.873656,0.096420,-0.051173,0.271423,0.976383,-0.022666,-0.128543,-0.172163
5.883717,0.096732,-0.051173,0.271391,0.976383,-0.022666,-0.128543,-0.172163
5.893780,0.097045,-0.051173,0.271362,0.976383,-0.022666,-0.128543,-0.172163
5.903845,0.097358,-0.051173,0.271335,0.976383,-0.022666,-0.128543,-0.172163
5.913908,0.097671,-0.051173,0.271311,0.976383,-0.022666,-0.128543,-0.172163
5.923972,0.097985,-0.051173,0.271289,0.976383,-0.022666,-0.128543,-0.172163
5.934033,0.098298,-0.051173,0.271270,0.976383,-0.022666,-0.128543,-0.172163
5.944096,0.098612,-0.051173,0.271253,0.976383,-0.022666,-0.128543,-0.172163
5.954159,0.098926,-0.051173,0.271239,0.976383,-0.022666,-0.128543,-0.172163
5.964222,0.099240,-0.051173,0.271227,0.976383,-0.022666,-0.128543,-0.172163
5.974285,0.099554,-0.051173,0.271218,0.976383,-0.022666,-0.128543,-0.172163
5.984347,0.099868,-0.051173,0.271211,0.976383,-0.022666,-0.128543,-0.172163
5.994410,0.100182,-0.051173,0.271206,0.976383,-0.022666,-0.128543,-0.172163
6.004470,0.100496,-0.051173,0.271204,0.976383,-0.022666,-0.128543,-0.172163
6.014525,0.100810,-0.051173,0.271205,0.976383,-0.022666,-0.128543,-0.172163
6.024587,0.101124,-0.051173,0.271208,0.976383,-0.022666,-0.128543,-0.172163
6.034650,0.101438,-0.051173,0.271213,0.976383,-0.022666,-0.128543,-0.172163
6.044790,0.101753,-0.051173,0.271221,0.976383,-0.022666,-0.128543,-0.172163
6.054854,0.102067,-0.051173,0.271231,0.976383,-0.022666,-0.128543,-0.172163
6.064918,0.102380,-0.051173,0.271244,0.976383,-0.022666,-0.128543,-0.172163
6.074982,0.102694,-0.051173,0.271259,0.976383,-0.022666,-0.128543,-0.172163
6.085043,0.103321,-0.051173,0.271297,0.976383,-0.022666,-0.128543,-0.172163
6.095103,0.103635,-0.051173,0.271320,0.976383,-0.022666,-0.128543,-0.172163
6.105167,0.103948,-0.051173,0.271345,0.976383,-0.022666,-0.128543,-0.172163
6.115232,0.104261,-0.051173,0.271373,0.976383,-0.022666,-0.128543,-0.172163
6.125296,0.104574,-0.051173,0.271403,0.976383,-0.022666,-0.128543,-0.172163
6.135357,0.104886,-0.051173,0.271435,0.976383,-0.022666,-0.128543,-0.172163
6.145420,0.105198,-0.051173,0.271470,0.976383,-0.022666,-0.128543,-0.172163
6.155484,0.105510,-0.051173,0.271507,0.976383,-0.022666,-0.128543,-0.172163
6.165548,0.105822,-0.051173,0.271547,0.976383,-0.022666,-0.128543,-0.172163
6.175609,0.106133,-0.051173,0.271589,0.976383,-0.022666,-0.128543,-0.172163
6.185673,0.106444,-0.051173,0.271634,0.976383,-0.022666,-0.128543,-0.172163
6.195736,0.106755,-0.051173,0.271681,0.976383,-0.022666,-0.128543,-0.172163
6.205800,0.107065,-0.051173,0.271731,0.976383,-0.022666,-0.128543,-0.172163
6.215861,0.107375,-0.051173,0.271783,0.976383,-0.022666,-0.128543,-0.172163
6.225923,0.107684,-0.051173,0.271837,0.976383,-0.022666,-0.128543,-0.172163
6.235986,0.107993,-0.051173,0.271894,0.976383,-0.022666,-0.128543,-0.172163
6.246050,0.108301,-0.051173,0.271954,0.976383,-0.022666,-0.128543,-0.172163
6.256116,0.108610,-0.051173,0.272015,0.976383,-0.022666,-0.128543,-0.172163
6.266170,0.108917,-0.051173,0.272079,0.976383,-0.022666,-0.128543,-0.172163
6.276235,0.109224,-0.051173,0.272146,0.976383,-0.022666,-0.128543,-0.172163
6.286295,0.109531,-0.051173,0.272215,0.976383,-0.022666,-0.128543,-0.172163
6.296357,0.109837,-0.051173,0.272286,0.976383,-0.022666,-0.128543,-0.172163
6.306416,0.110142,-0.051173,0.272360,0.976383,-0.022666,-0.128543,-0.172163
6.316476,0.110447,-0.051173,0.272436,0.976383,-0.022666,-0.128543,-0.172163
6.326535,0.110751,-0.051173,0.272515,0.976383,-0.022666,-0.128543,-0.172163
6.336596,0.111054,-0.051173,0.272596,0.976383,-0.022666,-0.128543,-0.172163
6.346660,0.111357,-0.051173,0.272679,0.976383,-0.022666,-0.128543,-0.172163
6.356719,0.111660,-0.051173,0.272765,0.976383,-0.022666,-0.128543,-0.172163
6.366772,0.111961,-0.051173,0.272853,0.976383,-0.022666,-0.128543,-0.172163
6.376825,0.112262,-0.051173,0.272943,0.976383,-0.022666,-0.128543,-0.172163
6.386885,0.112562,-0.051173,0.273036,0.976383,-0.022666,-0.128543,-0.172163
6.396948,0.112861,-0.051173,0.273131,0.976383,-0.022666,-0.128543,-0.172163
6.407012,0.113160,-0.051173,0.273229,0.976383,-0.022666,-0.128543,-0.172163
6.417076,0.113458,-0.051173,0.273329,0.976383,-0.022666,-0.128543,-0.172163
6.427140,0.113755,-0.051173,0.273431,0.976383,-0.022666,-0.128543,-0.172163
6.437201,0.114051,-0.051173,0.273535,0.976383,-0.022666,-0.128543,-0.172163
6.447262,0.114347,-0.051173,0.273642,0.976383,-0.022666,-0.128543,-0.172163
6.457326,0.114641,-0.051173,0.273751,0.976383,-0.022666,-0.128543,-0.172163
6.467391,0.114935,-0.051173,0.273863,0.976383,-0.022666,-0.128543,-0.172163
6.477445,0.115228,-0.051173,0.273977,0.976383,-0.022666,-0.128543,-0.172163
6.487507,0.115520,-0.051173,0.274093,0.976383,-0.022666,-0.128543,-0.172163
6.497570,0.115811,-0.051173,0.274211,0.976383,-0.022666,-0.128543,-0.172163
6.507631,0.116101,-0.051173,0.274332,0.976383,-0.022666,-0.128543,-0.172163
6.517693,0.116390,-0.051173,0.274455,0.976383,-0.022666,-0.128543,-0.172163
6.527756,0.116678,-0.051173,0.274580,0.976383,-0.022666,-0.128543,-0.172163
6.537819,0.116965,-0.051173,0.274707,0.976383,-0.022666,-0.128543,-0.172163
6.547883,0.117251,-0.051173,0.274837,0.976383,-0.022666,-0.128543,-0.172163
6.557947,0.117536,-0.051173,0.274969,0.976383,-0.022666,-0.128543,-0.172163
6.568012,0.117821,-0.051173,0.275103,0.976383,-0.022666,-0.128543,-0.172163
6.578081,0.118104,-0.051173,0.275240,0.976383,-0.022666,-0.128543,-0.172163
6.588145,0.118385,-0.051173,0.275378,0.976383,-0.022666,-0.128543,-0.172163
6.598208,0.118666,-0.051173,0.275519,0.976383,-0.022666,-0.128543,-0.172163
6.608273,0.118946,-0.051173,0.275662,0.976383,-0.022666,-0.128543,-0.172163
6.618337,0.119225,-0.051173,0.275807,0.976383,-0.022666,-0.128543,-0.172163
6.628399,0.119502,-0.051173,0.275955,0.976383,-0.022666,-0.128543,-0.172163
6.638462,0.119778,-0.051173,0.276104,0.976383,-0.022666,-0.128543,-0.172163
6.648525,0.120053,-0.051173,0.276256,0.976383,-0.022666,-0.128543,-0.172163
6.658589,0.120327,-0.051173,0.276410,0.976383,-0.022666,-0.128543,-0.172163
6.668654,0.120600,-0.051173,0.276566,0.976383,-0.022666,-0.128543,-0.172163
6.678669,0.120871,-0.051173,0.276724,0.976383,-0.022666,-0.128543,-0.172163
6.688733,0.121141,-0.051173,0.276884,0.976383,-0.022666,-0.128543,-0.172163
6.698797,0.121410,-0.051173,0.277047,0.976383,-0.022666,-0.128543,-0.172163
6.708859,0.121678,-0.051173,0.277211,0.976383,-0.022666,-0.128543,-0.172163
6.718918,0.121944,-0.051173,0.277378,0.976383,-0.022666,-0.128543,-0.172163
6.728983,0.122209,-0.051173,0.277547,0.976383,-0.022666,-0.128543,-0.172163
6.739044,0.122473,-0.051173,0.277717,0.976383,-0.022666,-0.128543,-0.172163
6.749107,0.122735,-0.051173,0.277890,0.976383,-0.022666,-0.128543,-0.172163
6.759170,0.122996,-0.051173,0.278065,0.976383,-0.022666,-0.128543,-0.172163
6.769234,0.123256,-0.051173,0.278242,0.976383,-0.022666,-0.128543,-0.172163
6.779301,0.123514,-0.051173,0.278421,0.976383,-0.022666,-0.128543,-0.172163
6.789368,0.123771,-0.051173,0.278602,0.976383,-0.022666,-0.128543,-0.172163
6.799432,0.124026,-0.051173,0.278785,0.976383,-0.022666,-0.128543,-0.172163
6.809497,0.124280,-0.051173,0.278970,0.976383,-0.022666,-0.128543,-0.172163
6.819560,0.124532,-0.051173,0.279157,0.976383,-0.022666,-0.128543,-0.172163
6.829625,0.124783,-0.051173,0.279346,0.976383,-0.022666,-0.128543,-0.172163
6.839671,0.125033,-0.051173,0.279537,0.976383,-0.022666,-0.128543,-0.172163
6.849727,0.125281,-0.051173,0.279730,0.976383,-0.022666,-0.128543,-0.172163
6.859791,0.125527,-0.051173,0.279925,0.976383,-0.022666,-0.128543,-0.172163
6.869827,0.125772,-0.051173,0.280122,0.976383,-0.022666,-0.128543,-0.172163
6.879890,0.126015,-0.051173,0.280320,0.976383,-0.022666,-0.128543,-0.172163
6.889943,0.126257,-0.051173,0.280521,0.976383,-0.022666,-0.128543,-0.172163
6.900005,0.126497,-0.051173,0.280724,0.976383,-0.022666,-0.128543,-0.172163
6.910070,0.126736,-0.051173,0.280928,0.976383,-0.022666,-0.128543,-0.172163
6.920130,0.126973,-0.051173,0.281134,0.976383,-0.022666,-0.128543,-0.172163
6.930195,0.127208,-0.051173,0.281342,0.976383,-0.022666,-0.128543,-0.172163
6.940255,0.127442,-0.051173,0.281552,0.976383,-0.022666,-0.128543,-0.172163
6.950316,0.127674,-0.051173,0.281764,0.976383,-0.022666,-0.128543,-0.172163
6.960374,0.127904,-0.051173,0.281978,0.976383,-0.022666,-0.128543,-0.172163
6.970440,0.128133,-0.051173,0.282193,0.976383,-0.022666,-0.128543,-0.172163
6.980503,0.128360,-0.051173,0.282410,0.976383,-0.022666,-0.128543,-0.172163
6.990562,0.128585,-0.051173,0.282629,0.976383,-0.022666,-0.128543,-0.172163
7.000625,0.128809,-0.051173,0.282850,0.976383,-0.022666,-0.128543,-0.172163
7.010689,0.129031,-0.051173,0.283072,0.976383,-0.022666,-0.128543,-0.172163
7.020747,0.129251,-0.051173,0.283296,0.976383,-0.022666,-0.128543,-0.172163
7.030807,0.129469,-0.051173,0.283522,0.976383,-0.022666,-0.128543,-0.172163
7.040866,0.129686,-0.051173,0.283750,0.976383,-0.022666,-0.128543,-0.172163
7.050926,0.129900,-0.051173,0.283979,0.976383,-0.022666,-0.128543,-0.172163
7.060985,0.130113,-0.051173,0.284210,0.976383,-0.022666,-0.128543,-0.172163
7.071052,0.130324,-0.051173,0.284443,0.976383,-0.022666,-0.128543,-0.172163
7.081113,0.130534,-0.051173,0.284677,0.976383,-0.022666,-0.128543,-0.172163
7.091177,0.130741,-0.051173,0.284913,0.976383,-0.022666,-0.128543,-0.172163
7.101229,0.130947,-0.051173,0.285151,0.976383,-0.022666,-0.128543,-0.172163
7.111291,0.131150,-0.051173,0.285390,0.976383,-0.022666,-0.128543,-0.172163
7.121353,0.131352,-0.051173,0.285631,0.976383,-0.022666,-0.128543,-0.172163
7.131412,0.131552,-0.051173,0.285873,0.976383,-0.022666,-0.128543,-0.172163
7.141472,0.131750,-0.051173,0.286117,0.976383,-0.022666,-0.128543,-0.172163
7.151531,0.131946,-0.051173,0.286362,0.976383,-0.022666,-0.128543,-0.172163
7.161594,0.132140,-0.051173,0.286609,0.976383,-0.022666,-0.128543,-0.172163
7.171653,0.132332,-0.051173,0.286858,0.976383,-0.022666,-0.128543,-0.172163
7.181713,0.132523,-0.051173,0.287108,0.976383,-0.022666,-0.128543,-0.172163
7.191773,0.132711,-0.051173,0.287359,0.976383,-0.022666,-0.128543,-0.172163
7.201833,0.132897,-0.051173,0.287612,0.976383,-0.022666,-0.128543,-0.172163
7.211898,0.133081,-0.051173,0.287867,0.976383,-0.022666,-0.128543,-0.172163
7.221962,0.133264,-0.051173,0.288123,0.976383,-0.022666,-0.128543,-0.172163
7.232020,0.133444,-0.051173,0.288380,0.976383,-0.022666,-0.128543,-0.172163
7.242082,0.133622,-0.051173,0.288639,0.976383,-0.022666,-0.128543,-0.172163
7.252141,0.133798,-0.051173,0.288899,0.976383,-0.022666,-0.128543,-0.172163
7.262207,0.133973,-0.051173,0.289160,0.976383,-0.022666,-0.128543,-0.172163
7.272270,0.134145,-0.051173,0.289423,0.976383,-0.022666,-0.128543,-0.172163
7.282329,0.134315,-0.051173,0.289687,0.976383,-0.022666,-0.128543,-0.172163
7.292386,0.134483,-0.051173,0.289953,0.976383,-0.022666,-0.128543,-0.172163
7.302446,0.134649,-0.051173,0.290220,0.976383,-0.022666,-0.128543,-0.172163
7.312505,0.134812,-0.051173,0.290488,0.976383,-0.022666,-0.128543,-0.172163
7.322565,0.134974,-0.051173,0.290757,0.976383,-0.022666,-0.128543,-0.172163
7.332628,0.135133,-0.051173,0.291028,0.976383,-0.022666,-0.128543,-0.172163
7.342687,0.135291,-0.051173,0.291299,0.976383,-0.022666,-0.128543,-0.172163
7.352747,0.135446,-0.051173,0.291573,0.976383,-0.022666,-0.128543,-0.172163
7.362807,0.135599,-0.051173,0.291847,0.976383,-0.022666,-0.128543,-0.172163
7.372864,0.135750,-0.051173,0.292122,0.976383,-0.022666,-0.128543,-0.172163
7.382926,0.135899,-0.051173,0.292399,0.976383,-0.022666,-0.128543,-0.172163
7.392985,0.136046,-0.051173,0.292677,0.976383,-0.022666,-0.128543,-0.172163
7.403045,0.136190,-0.051173,0.292956,0.976383,-0.022666,-0.128543,-0.172163
7.413103,0.136332,-0.051173,0.293236,0.976383,-0.022666,-0.128543,-0.172163
7.423161,0.136472,-0.051173,0.293517,0.976383,-0.022666,-0.128543,-0.172163
7.433222,0.136610,-0.051173,0.293800,0.976383,-0.022666,-0.128543,-0.172163
7.443282,0.136746,-0.051173,0.294083,0.976383,-0.022666,-0.128543,-0.172163
7.453344,0.136879,-0.051173,0.294367,0.976383,-0.022666,-0.128543,-0.172163
7.463405,0.137010,-0.051173,0.294653,0.976383,-0.022666,-0.128543,-0.172163
7.473458,0.137139,-0.051173,0.294939,0.976383,-0.022666,-0.128543,-0.172163
7.483518,0.137266,-0.051173,0.295227,0.976383,-0.022666,-0.128543,-0.172163
7.493581,0.137390,-0.051173,0.295515,0.976383,-0.022666,-0.128543,-0.172163
7.503642,0.137512,-0.051173,0.295805,0.976383,-0.022666,-0.128543,-0.172163
7.513702,0.137632,-0.051173,0.296095,0.976383,-0.022666,-0.128543,-0.172163
7.523765,0.137749,-0.051173,0.296387,0.976383,-0.022666,-0.128543,-0.172163
7.533825,0.137864,-0.051173,0.296679,0.976383,-0.022666,-0.128543,-0.172163
7.543885,0.137977,-0.051173,0.296972,0.976383,-0.022666,-0.128543,-0.172163
7.553949,0.138088,-0.051173,0.297266,0.976383,-0.022666,-0.128543,-0.172163
7.564009,0.138196,-0.051173,0.297561,0.976383,-0.022666,-0.128543,-0.172163
7.574073,0.138302,-0.051173,0.297857,0.976383,-0.022666,-0.128543,-0.172163
7.584127,0.138406,-0.051173,0.298153,0.976383,-0.022666,-0.128543,-0.172163
7.594186,0.138507,-0.051173,0.298451,0.976383,-0.022666,-0.128543,-0.172163
7.604246,0.138606,-0.051173,0.298749,0.976383,-0.022666,-0.128543,-0.172163
7.614310,0.138703,-0.051173,0.299048,0.976383,-0.022666,-0.128543,-0.172163
7.624375,0.138797,-0.051173,0.299347,0.976383,-0.022666,-0.128543,-0.172163
7.634434,0.138889,-0.051173,0.299648,0.976383,-0.022666,-0.128543,-0.172163
7.644495,0.138979,-0.051173,0.299949,0.976383,-0.022666,-0.128543,-0.172163
7.654556,0.139066,-0.051173,0.300251,0.976383,-0.022666,-0.128543,-0.172163
7.664618,0.139151,-0.051173,0.300553,0.976383,-0.022666,-0.128543,-0.172163
7.674682,0.139233,-0.051173,0.300856,0.976383,-0.022666,-0.128543,-0.172163
7.684743,0.139313,-0.051173,0.301160,0.976383,-0.022666,-0.128543,-0.172163
7.694803,0.139391,-0.051173,0.301465,0.976383,-0.022666,-0.128543,-0.172163
7.704861,0.139466,-0.051173,0.301770,0.976383,-0.022666,-0.128543,-0.172163
7.714922,0.139539,-0.051173,0.302075,0.976383,-0.022666,-0.128543,-0.172163
7.724981,0.139610,-0.051173,0.302381,0.976383,-0.022666,-0.128543,-0.172163
7.735043,0.139743,-0.051173,0.302995,0.976383,-0.022666,-0.128543,-0.172163
7.745107,0.139807,-0.051173,0.303303,0.976383,-0.022666,-0.128543,-0.172163
7.755270,0.139868,-0.051173,0.303611,0.976383,-0.022666,-0.128543,-0.172163
7.765332,0.139926,-0.051173,0.303920,0.976383,-0.022666,-0.128543,-0.172163
7.775391,0.139982,-0.051173,0.304229,0.976383,-0.022666,-0.128543,-0.172163
7.785451,0.140036,-0.051173,0.304538,0.976383,-0.022666,-0.128543,-0.172163
7.795510,0.140087,-0.051173,0.304848,0.976383,-0.022666,-0.128543,-0.172163
7.805563,0.140135,-0.051173,0.305159,0.976383,-0.022666,-0.128543,-0.172163
7.815625,0.140182,-0.051173,0.305470,0.976383,-0.022666,-0.128543,-0.172163
7.825684,0.140225,-0.051173,0.305781,0.976383,-0.022666,-0.128543,-0.172163
7.835745,0.140267,-0.051173,0.306092,0.976383,-0.022666,-0.128543,-0.172163
7.845806,0.140306,-0.051173,0.306404,0.976383,-0.022666,-0.128543,-0.172163
7.855859,0.140342,-0.051173,0.306716,0.976383,-0.022666,-0.128543,-0.172163
7.865923,0.140376,-0.051173,0.307028,0.976383,-0.022666,-0.128543,-0.172163
7.875986,0.140408,-0.051173,0.307341,0.976383,-0.022666,-0.128543,-0.172163
7.886045,0.140437,-0.051173,0.307653,0.976383,-0.022666,-0.128543,-0.172163
7.896108,0.140464,-0.051173,0.307966,0.976383,-0.022666,-0.128543,-0.172163
7.906171,0.140488,-0.051173,0.308280,0.976383,-0.022666,-0.128543,-0.172163
7.916231,0.140510,-0.051173,0.308593,0.976383,-0.022666,-0.128543,-0.172163
7.926289,0.140529,-0.051173,0.308907,0.976383,-0.022666,-0.128543,-0.172163
7.936348,0.140546,-0.051173,0.309220,0.976383,-0.022666,-0.128543,-0.172163
7.946406,0.140560,-0.051173,0.309534,0.976383,-0.022666,-0.128543,-0.172163
7.956468,0.140572,-0.051173,0.309848,0.976383,-0.022666,-0.128543,-0.172163
7.966569,0.140581,-0.051173,0.310162,0.976383,-0.022666,-0.128543,-0.172163
7.976630,0.140588,-0.051173,0.310476,0.976383,-0.022666,-0.128543,-0.172163
7.986691,0.140593,-0.051173,0.310790,0.976383,-0.022666,-0.128543,-0.172163
7.996753,0.140595,-0.051173,0.311104,0.976383,-0.022666,-0.128543,-0.172163
8.006817,0.140594,-0.051173,0.311419,0.976383,-0.022666,-0.128543,-0.172163
8.016878,0.140591,-0.051173,0.311733,0.976383,-0.022666,-0.128543,-0.172163
8.026943,0.140586,-0.051173,0.312047,0.976383,-0.022666,-0.128543,-0.172163
8.037002,0.140578,-0.051173,0.312361,0.976383,-0.022666,-0.128543,-0.172163
8.047063,0.140568,-0.051173,0.312675,0.976383,-0.022666,-0.128543,-0.172163
8.057123,0.140555,-0.051173,0.312989,0.976383,-0.022666,-0.128543,-0.172163
8.067188,0.140540,-0.051173,0.313303,0.976383,-0.022666,-0.128543,-0.172163
8.077249,0.140522,-0.051173,0.313616,0.976383,-0.022666,-0.128543,-0.172163
8.087313,0.140502,-0.051173,0.313930,0.976383,-0.022666,-0.128543,-0.172163
8.097373,0.140479,-0.051173,0.314243,0.976383,-0.022666,-0.128543,-0.172163
8.107434,0.140454,-0.051173,0.314556,0.976383,-0.022666,-0.128543,-0.172163
8.117494,0.140427,-0.051173,0.314869,0.976383,-0.022666,-0.128543,-0.172163
8.127554,0.140396,-0.051173,0.315182,0.976383,-0.022666,-0.128543,-0.172163
8.137613,0.140364,-0.051173,0.315494,0.976383,-0.022666,-0.128543,-0.172163
8.147667,0.140329,-0.051173,0.315807,0.976383,-0.022666,-0.128543,-0.172163
8.157729,0.140292,-0.051173,0.316119,0.976383,-0.022666,-0.128543,-0.172163
8.167789,0.140252,-0.051173,0.316430,0.976383,-0.022666,-0.128543,-0.172163
8.177852,0.140210,-0.051173,0.316741,0.976383,-0.022666,-0.128543,-0.172163
8.187915,0.140165,-0.051173,0.317052,0.976383,-0.022666,-0.128543,-0.172163
8.197974,0.140118,-0.051173,0.317363,0.976383,-0.022666,-0.128543,-0.172163
8.208035,0.140068,-0.051173,0.317673,0.976383,-0.022666,-0.128543,-0.172163
8.218099,0.140016,-0.051173,0.317983,0.976383,-0.022666,-0.128543,-0.172163
8.228158,0.139962,-0.051173,0.318292,0.976383,-0.022666,-0.128543,-0.172163
8.238219,0.139905,-0.051173,0.318601,0.976383,-0.022666,-0.128543,-0.172163
8.248278,0.139845,-0.051173,0.318910,0.976383,-0.022666,-0.128543,-0.172163
8.258334,0.139784,-0.051173,0.319218,0.976383,-0.022666,-0.128543,-0.172163
8.268400,0.139720,-0.051173,0.319525,0.976383,-0.022666,-0.128543,-0.172163
8.278463,0.139653,-0.051173,0.319832,0.976383,-0.022666,-0.128543,-0.172163
8.288525,0.139584,-0.051173,0.320139,0.976383,-0.022666,-0.128543,-0.172163
8.298586,0.139513,-0.051173,0.320445,0.976383,-0.022666,-0.128543,-0.172163
8.308648,0.139439,-0.051173,0.320750,0.976383,-0.022666,-0.128543,-0.172163
8.318710,0.139363,-0.051173,0.321055,0.976383,-0.022666,-0.128543,-0.172163
8.328769,0.139284,-0.051173,0.321359,0.976383,-0.022666,-0.128543,-0.172163
8.338830,0.139203,-0.051173,0.321663,0.976383,-0.022666,-0.128543,-0.172163
8.348891,0.139120,-0.051173,0.321966,0.976383,-0.022666,-0.128543,-0.172163
8.358951,0.139034,-0.051173,0.322268,0.976383,-0.022666,-0.128543,-0.172163
8.369014,0.138946,-0.051173,0.322569,0.976383,-0.022666,-0.128543,-0.172163
8.379078,0.138856,-0.051173,0.322870,0.976383,-0.022666,-0.128543,-0.172163
8.389136,0.138763,-0.051173,0.323170,0.976383,-0.022666,-0.128543,-0.172163
8.399197,0.138668,-0.051173,0.323470,0.976383,-0.022666,-0.128543,-0.172163
8.409365,0.138570,-0.051173,0.323768,0.976383,-0.022666,-0.128543,-0.172163
8.419425,0.138470,-0.051173,0.324066,0.976383,-0.022666,-0.128543,-0.172163
8.429484,0.138368,-0.051173,0.324363,0.976383,-0.022666,-0.128543,-0.172163
8.439544,0.138264,-0.051173,0.324660,0.976383,-0.022666,-0.128543,-0.172163
8.449604,0.138157,-0.051173,0.324955,0.976383,-0.022666,-0.128543,-0.172163
8.459665,0.138048,-0.051173,0.325250,0.976383,-0.022666,-0.128543,-0.172163
8.469728,0.137936,-0.051173,0.325543,0.976383,-0.022666,-0.128543,-0.172163
8.479783,0.137822,-0.051173,0.325836,0.976383,-0.022666,-0.128543,-0.172163
8.489843,0.137706,-0.051173,0.326128,0.976383,-0.022666,-0.128543,-0.172163
8.499906,0.137588,-0.051173,0.326419,0.976383,-0.022666,-0.128543,-0.172163
8.509971,0.137467,-0.051173,0.326709,0.976383,-0.022666,-0.128543,-0.172163
8.520031,0.137344,-0.051173,0.326998,0.976383,-0.022666,-0.128543,-0.172163
8.530093,0.137219,-0.051173,0.327286,0.976383,-0.022666,-0.128543,-0.172163
8.540156,0.137092,-0.051173,0.327574,0.976383,-0.022666,-0.128543,-0.172163
8.550220,0.136962,-0.051173,0.327860,0.976383,-0.022666,-0.128543,-0.172163
8.560281,0.136830,-0.051173,0.328145,0.976383,-0.022666,-0.128543,-0.172163
8.570344,0.136696,-0.051173,0.328429,0.976383,-0.022666,-0.128543,-0.172163
8.580397,0.136560,-0.051173,0.328712,0.976383,-0.022666,-0.128543,-0.172163
8.590461,0.136421,-0.051173,0.328994,0.976383,-0.022666,-0.128543,-0.172163
8.600525,0.136280,-0.051173,0.329275,0.976383,-0.022666,-0.128543,-0.172163
8.610586,0.136137,-0.051173,0.329554,0.976383,-0.022666,-0.128543,-0.172163
8.620653,0.135992,-0.051173,0.329833,0.976383,-0.022666,-0.128543,-0.172163
8.630716,0.135844,-0.051173,0.330110,0.976383,-0.022666,-0.128543,-0.172163
8.640778,0.135695,-0.051173,0.330387,0.976383,-0.022666,-0.128543,-0.172163
8.650842,0.135543,-0.051173,0.330662,0.976383,-0.022666,-0.128543,-0.172163
8.660903,0.135389,-0.051173,0.330936,0.976383,-0.022666,-0.128543,-0.172163
8.670965,0.135233,-0.051173,0.331208,0.976383,-0.022666,-0.128543,-0.172163
8.681029,0.135075,-0.051173,0.331480,0.976383,-0.022666,-0.128543,-0.172163
8.691092,0.134915,-0.051173,0.331750,0.976383,-0.022666,-0.128543,-0.172163
8.701155,0.134752,-0.051173,0.332019,0.976383,-0.022666,-0.128543,-0.172163
8.711217,0.134588,-0.051173,0.332286,0.976383,-0.022666,-0.128543,-0.172163
8.721280,0.134421,-0.051173,0.332553,0.976383,-0.022666,-0.128543,-0.172163
8.731343,0.134252,-0.051173,0.332818,0.976383,-0.022666,-0.128543,-0.172163
8.741404,0.134082,-0.051173,0.333081,0.976383,-0.022666,-0.128543,-0.172163
8.751467,0.133909,-0.051173,0.333344,0.976383,-0.022666,-0.128543,-0.172163
8.761530,0.133734,-0.051173,0.333605,0.976383,-0.022666,-0.128543,-0.172163
8.771594,0.133557,-0.051173,0.333864,0.976383,-0.022666,-0.128543,-0.172163
8.781658,0.133378,-0.051173,0.334122,0.976383,-0.022666,-0.128543,-0.172163
8.791720,0.133197,-0.051173,0.334379,0.976383,-0.022666,-0.128543,-0.172163
8.801784,0.133014,-0.051173,0.334634,0.976383,-0.022666,-0.128543,-0.172163
8.811845,0.132829,-0.051173,0.334888,0.976383,-0.022666,-0.128543,-0.172163
8.821909,0.132642,-0.051173,0.335141,0.976383,-0.022666,-0.128543,-0.172163
8.831971,0.132453,-0.051173,0.335392,0.976383,-0.022666,-0.128543,-0.172163
8.842025,0.132262,-0.051173,0.335641,0.976383,-0.022666,-0.128543,-0.172163
8.852088,0.132069,-0.051173,0.335889,0.976383,-0.022666,-0.128543,-0.172163
8.862152,0.131874,-0.051173,0.336136,0.976383,-0.022666,-0.128543,-0.172163
8.872216,0.131677,-0.051173,0.336380,0.976383,-0.022666,-0.128543,-0.172163
8.882280,0.131479,-0.051173,0.336624,0.976383,-0.022666,-0.128543,-0.172163
8.892345,0.131278,-0.051173,0.336866,0.976383,-0.022666,-0.128543,-0.172163
8.902409,0.131076,-0.051173,0.337106,0.976383,-0.022666,-0.128543,-0.172163
8.912471,0.130871,-0.051173,0.337344,0.976383,-0.022666,-0.128543,-0.172163
8.922534,0.130665,-0.051173,0.337581,0.976383,-0.022666,-0.128543,-0.172163
8.932596,0.130457,-0.051173,0.337817,0.976383,-0.022666,-0.128543,-0.172163
8.942661,0.130247,-0.051173,0.338050,0.976383,-0.022666,-0.128543,-0.172163
8.952726,0.130035,-0.051173,0.338282,0.976383,-0.022666,-0.128543,-0.172163
8.962790,0.129822,-0.051173,0.338513,0.976383,-0.022666,-0.128543,-0.172163
8.972855,0.129606,-0.051173,0.338742,0.976383,-0.022666,-0.128543,-0.172163
8.982917,0.129389,-0.051173,0.338969,0.976383,-0.022666,-0.128543,-0.172163
8.992970,0.129170,-0.051173,0.339194,0.976383,-0.022666,-0.128543,-0.172163
9.003032,0.128949,-0.051173,0.339417,0.976383,-0.022666,-0.128543,-0.172163
9.013093,0.128727,-0.051173,0.339639,0.976383,-0.022666,-0.128543,-0.172163
9.023155,0.128503,-0.051173,0.339859,0.976383,-0.022666,-0.128543,-0.172163
9.033218,0.128277,-0.051173,0.340078,0.976383,-0.022666,-0.128543,-0.172163
9.043281,0.128049,-0.051173,0.340294,0.976383,-0.022666,-0.128543,-0.172163
9.053343,0.127820,-0.051173,0.340509,0.976383,-0.022666,-0.128543,-0.172163
9.063447,0.127589,-0.051173,0.340722,0.976383,-0.022666,-0.128543,-0.172163
9.073511,0.127356,-0.051173,0.340933,0.976383,-0.022666,-0.128543,-0.172163
9.083574,0.127122,-0.051173,0.341142,0.976383,-0.022666,-0.128543,-0.172163
9.093635,0.126886,-0.051173,0.341349,0.976383,-0.022666,-0.128543,-0.172163
9.103697,0.126648,-0.051173,0.341555,0.976383,-0.022666,-0.128543,-0.172163
9.113761,0.126409,-0.051173,0.341759,0.976383,-0.022666,-0.128543,-0.172163
9.123826,0.126168,-0.051173,0.341961,0.976383,-0.022666,-0.128543,-0.172163
9.133890,0.125926,-0.051173,0.342160,0.976383,-0.022666,-0.128543,-0.172163
9.143951,0.125682,-0.051173,0.342358,0.976383,-0.022666,-0.128543,-0.172163
9.154013,0.125437,-0.051173,0.342554,0.976383,-0.022666,-0.128543,-0.172163
9.164076,0.125190,-0.051173,0.342749,0.976383,-0.022666,-0.128543,-0.172163
9.174140,0.124941,-0.051173,0.342941,0.976383,-0.022666,-0.128543,-0.172163
9.184201,0.124691,-0.051173,0.343131,0.976383,-0.022666,-0.128543,-0.172163
9.194268,0.124440,-0.051173,0.343319,0.976383,-0.022666,-0.128543,-0.172163
9.204332,0.124187,-0.051173,0.343506,0.976383,-0.022666,-0.128543,-0.172163
9.214395,0.123932,-0.051173,0.343690,0.976383,-0.022666,-0.128543,-0.172163
9.224462,0.123676,-0.051173,0.343872,0.976383,-0.022666,-0.128543,-0.172163
9.234524,0.123419,-0.051173,0.344052,0.976383,-0.022666,-0.128543,-0.172163
9.244587,0.123160,-0.051173,0.344231,0.976383,-0.022666,-0.128543,-0.172163
9.254646,0.122900,-0.051173,0.344407,0.976383,-0.022666,-0.128543,-0.172163
9.264707,0.122639,-0.051173,0.344581,0.976383,-0.022666,-0.128543,-0.172163
9.274772,0.122376,-0.051173,0.344753,0.976383,-0.022666,-0.128543,-0.172163
9.284836,0.122112,-0.051173,0.344923,0.976383,-0.022666,-0.128543,-0.172163
9.294897,0.121846,-0.051173,0.345091,0.976383,-0.022666,-0.128543,-0.172163
9.304958,0.121580,-0.051173,0.345257,0.976383,-0.022666,-0.128543,-0.172163
9.315017,0.121042,-0.051173,0.345582,0.976383,-0.022666,-0.128543,-0.172163
9.325079,0.120771,-0.051173,0.345742,0.976383,-0.022666,-0.128543,-0.172163
9.335142,0.120500,-0.051173,0.345899,0.976383,-0.022666,-0.128543,-0.172163
9.345206,0.120226,-0.051173,0.346055,0.976383,-0.022666,-0.128543,-0.172163
9.355269,0.119952,-0.051173,0.346208,0.976383,-0.022666,-0.128543,-0.172163
9.365331,0.119677,-0.051173,0.346359,0.976383,-0.022666,-0.128543,-0.172163
9.375394,0.119400,-0.051173,0.346507,0.976383,-0.022666,-0.128543,-0.172163
9.385458,0.119122,-0.051173,0.346654,0.976383,-0.022666,-0.128543,-0.172163
9.395519,0.118843,-0.051173,0.346798,0.976383,-0.022666,-0.128543,-0.172163
9.405581,0.118563,-0.051173,0.346941,0.976383,-0.022666,-0.128543,-0.172163
9.415644,0.118282,-0.051173,0.347081,0.976383,-0.022666,-0.128543,-0.172163
9.425670,0.117999,-0.051173,0.347218,0.976383,-0.022666,-0.128543,-0.172163
9.435734,0.117716,-0.051173,0.347354,0.976383,-0.022666,-0.128543,-0.172163
9.445795,0.117432,-0.051173,0.347487,0.976383,-0.022666,-0.128543,-0.172163
9.455857,0.117146,-0.051173,0.347618,0.976383,-0.022666,-0.128543,-0.172163
9.465920,0.116860,-0.051173,0.347747,0.976383,-0.022666,-0.128543,-0.172163
9.475973,0.116572,-0.051173,0.347874,0.976383,-0.022666,-0.128543,-0.172163
9.486089,0.116284,-0.051173,0.347998,0.976383,-0.022666,-0.128543,-0.172163
9.496148,0.115994,-0.051173,0.348120,0.976383,-0.022666,-0.128543,-0.172163
9.506207,0.115704,-0.051173,0.348240,0.976383,-0.022666,-0.128543,-0.172163
9.516267,0.115412,-0.051173,0.348358,0.976383,-0.022666,-0.128543,-0.172163
9.526325,0.115120,-0.051173,0.348473,0.976383,-0.022666,-0.128543,-0.172163
9.536387,0.114827,-0.051173,0.348586,0.976383,-0.022666,-0.128543,-0.172163
9.546444,0.114533,-0.051173,0.348696,0.976383,-0.022666,-0.128543,-0.172163
9.556505,0.114238,-0.051173,0.348805,0.976383,-0.022666,-0.128543,-0.172163
9.566564,0.113942,-0.051173,0.348911,0.976383,-0.022666,-0.128543,-0.172163
9.576625,0.113646,-0.051173,0.349014,0.976383,-0.022666,-0.128543,-0.172163
9.586670,0.113348,-0.051173,0.349116,0.976383,-0.022666,-0.128543,-0.172163
9.596729,0.113050,-0.051173,0.349215,0.976383,-0.022666,-0.128543,-0.172163
9.606790,0.112751,-0.051173,0.349311,0.976383,-0.022666,-0.128543,-0.172163
9.616848,0.112452,-0.051173,0.349406,0.976383,-0.022666,-0.128543,-0.172163
9.626909,0.112151,-0.051173,0.349498,0.976383,-0.022666,-0.128543,-0.172163
9.636971,0.111850,-0.051173,0.349587,0.976383,-0.022666,-0.128543,-0.172163
9.647034,0.111548,-0.051173,0.349674,0.976383,-0.022666,-0.128543,-0.172163
9.657094,0.111246,-0.051173,0.349759,0.976383,-0.022666,-0.128543,-0.172163
9.667155,0.110943,-0.051173,0.349842,0.976383,-0.022666,-0.128543,-0.172163
9.677218,0.110639,-0.051173,0.349922,0.976383,-0.022666,-0.128543,-0.172163
9.687281,0.110334,-0.051173,0.349999,0.976383,-0.022666,-0.128543,-0.172163
9.697342,0.110029,-0.051173,0.350075,0.976383,-0.022666,-0.128543,-0.172163
9.707404,0.109724,-0.051173,0.350148,0.976383,-0.022666,-0.128543,-0.172163
9.717464,0.109418,-0.051172,0.350218,0.976383,-0.022666,-0.128543,-0.172163
9.727526,0.109111,-0.051172,0.350286,0.976383,-0.022666,-0.128543,-0.172163
9.737589,0.108804,-0.051172,0.350352,0.976383,-0.022666,-0.128543,-0.172163
9.747652,0.108496,-0.051172,0.350415,0.976383,-0.022666,-0.128543,-0.172163
9.757713,0.108188,-0.051172,0.350476,0.976383,-0.022666,-0.128543,-0.172163
9.767775,0.107879,-0.051172,0.350534,0.976383,-0.022666,-0.128543,-0.172163
9.777837,0.107570,-0.051172,0.350590,0.976383,-0.022666,-0.128543,-0.172163
9.787901,0.107261,-0.051172,0.350644,0.976383,-0.022666,-0.128543,-0.172163
9.797964,0.106951,-0.051172,0.350695,0.976383,-0.022666,-0.128543,-0.172163
9.808030,0.106640,-0.051172,0.350744,0.976383,-0.022666,-0.128543,-0.172163
9.818093,0.106330,-0.051172,0.350790,0.976383,-0.022666,-0.128543,-0.172163
9.828154,0.106018,-0.051172,0.350834,0.976383,-0.022666,-0.128543,-0.172163
9.838218,0.105707,-0.051172,0.350875,0.976383,-0.022666,-0.128543,-0.172163
9.848278,0.105395,-0.051172,0.350914,0.976383,-0.022666,-0.128543,-0.172163
9.858341,0.105083,-0.051172,0.350951,0.976383,-0.022666,-0.128543,-0.172163
9.868401,0.104771,-0.051172,0.350985,0.976383,-0.022666,-0.128543,-0.172163
9.878463,0.104458,-0.051172,0.351016,0.976383,-0.022666,-0.128543,-0.172163
9.888524,0.104146,-0.051172,0.351045,0.976383,-0.022666,-0.128543,-0.172163
9.898588,0.103833,-0.051172,0.351072,0.976383,-0.022666,-0.128543,-0.172163
9.908640,0.103519,-0.051172,0.351096,0.976383,-0.022666,-0.128543,-0.172163
9.918703,0.103206,-0.051172,0.351118,0.976383,-0.022666,-0.128543,-0.172163
9.928768,0.102892,-0.051172,0.351137,0.976383,-0.022666,-0.128543,-0.172163
9.938829,0.102579,-0.051172,0.351154,0.976383,-0.022666,-0.128543,-0.172163
9.948893,0.102265,-0.051172,0.351168,0.976383,-0.022666,-0.128543,-0.172163
9.958952,0.101951,-0.051172,0.351180,0.976383,-0.022666,-0.128543,-0.172163
9.969014,0.101637,-0.051172,0.351190,0.976383,-0.022666,-0.128543,-0.172163
9.979079,0.101323,-0.051172,0.351197,0.976383,-0.022666,-0.128543,-0.172163
9.989144,0.101009,-0.051172,0.351201,0.976383,-0.022666,-0.128543,-0.172163
9.999204,0.100695,-0.051172,0.351203,0.976383,-0.022666,-0.128543,-0.172163
10.009268,0.100380,-0.051172,0.351203,0.976383,-0.022666,-0.128543,-0.172163
10.019331,0.100066,-0.051172,0.351200,0.976383,-0.022666,-0.128543,-0.172163
10.029395,0.099752,-0.051172,0.351194,0.976383,-0.022666,-0.128543,-0.172163
10.039459,0.099438,-0.051172,0.351186,0.976383,-0.022666,-0.128543,-0.172163
10.049521,0.099124,-0.051172,0.351176,0.976383,-0.022666,-0.128543,-0.172163
10.059581,0.098810,-0.051172,0.351163,0.976383,-0.022666,-0.128543,-0.172163
10.069645,0.098496,-0.051172,0.351148,0.976383,-0.022666,-0.128543,-0.172163
10.079669,0.098183,-0.051172,0.351130,0.976383,-0.022666,-0.128543,-0.172163
10.089731,0.097869,-0.051172,0.351110,0.976383,-0.022666,-0.128543,-0.172163
10.099793,0.097556,-0.051172,0.351088,0.976383,-0.022666,-0.128543,-0.172163
10.109857,0.097243,-0.051172,0.351062,0.976383,-0.022666,-0.128543,-0.172163
10.119910,0.096930,-0.051172,0.351035,0.976383,-0.022666,-0.128543,-0.172163
10.129975,0.096617,-0.051172,0.351005,0.976383,-0.022666,-0.128543,-0.172163
10.140036,0.096305,-0.051172,0.350972,0.976383,-0.022666,-0.128543,-0.172163
10.150099,0.095992,-0.051172,0.350937,0.976383,-0.022666,-0.128543,-0.172163
10.160164,0.095681,-0.051172,0.350900,0.976383,-0.022666,-0.128543,-0.172163
10.170228,0.095369,-0.051172,0.350860,0.976383,-0.022666,-0.128543,-0.172163
10.180286,0.095058,-0.051172,0.350818,0.976383,-0.022666,-0.128543,-0.172163
10.190361,0.094747,-0.051172,0.350773,0.976383,-0.022666,-0.128543,-0.172163
10.200425,0.094436,-0.051172,0.350726,0.976383,-0.022666,-0.128543,-0.172163
10.210486,0.094126,-0.051172,0.350677,0.976383,-0.022666,-0.128543,-0.172163
10.220547,0.093816,-0.051172,0.350625,0.976383,-0.022666,-0.128543,-0.172163
10.230608,0.093507,-0.051172,0.350570,0.976383,-0.022666,-0.128543,-0.172163
10.240667,0.093198,-0.051172,0.350513,0.976383,-0.022666,-0.128543,-0.172163
10.250727,0.092889,-0.051172,0.350454,0.976383,-0.022666,-0.128543,-0.172163
10.260792,0.092581,-0.051172,0.350392,0.976383,-0.022666,-0.128543,-0.172163
10.270852,0.092274,-0.051172,0.350328,0.976383,-0.022666,-0.128543,-0.172163
10.280915,0.091967,-0.051172,0.350261,0.976383,-0.022666,-0.128543,-0.172163
10.290974,0.091660,-0.051172,0.350192,0.976383,-0.022666,-0.128543,-0.172163
10.301034,0.091354,-0.051172,0.350121,0.976383,-0.022666,-0.128543,-0.172163
10.311097,0.091049,-0.051172,0.350047,0.976383,-0.022666,-0.128543,-0.172163
10.321156,0.090744,-0.051172,0.349971,0.976383,-0.022666,-0.128543,-0.172163
10.331220,0.090440,-0.051172,0.349893,0.976383,-0.022666,-0.128543,-0.172163
10.341278,0.090136,-0.051172,0.349812,0.976383,-0.022666,-0.128543,-0.172163
10.351435,0.089833,-0.051172,0.349728,0.976383,-0.022666,-0.128543,-0.172163
10.361496,0.089531,-0.051172,0.349643,0.976383,-0.022666,-0.128543,-0.172163
10.371555,0.089230,-0.051172,0.349554,0.976383,-0.022666,-0.128543,-0.172163
10.381618,0.088929,-0.051172,0.349464,0.976383,-0.022666,-0.128543,-0.172163
10.391673,0.088629,-0.051172,0.349371,0.976383,-0.022666,-0.128543,-0.172163
10.401736,0.088329,-0.051172,0.349276,0.976383,-0.022666,-0.128543,-0.172163
10.411801,0.088031,-0.051172,0.349178,0.976383,-0.022666,-0.128543,-0.172163
10.421868,0.087733,-0.051172,0.349079,0.976383,-0.022666,-0.128543,-0.172163
10.431932,0.087436,-0.051172,0.348976,0.976383,-0.022666,-0.128543,-0.172163
10.441996,0.087139,-0.051172,0.348872,0.976383,-0.022666,-0.128543,-0.172163
10.452057,0.086844,-0.051172,0.348765,0.976383,-0.022666,-0.128543,-0.172163
10.462119,0.086549,-0.051172,0.348656,0.976383,-0.022666,-0.128543,-0.172163
10.472183,0.086256,-0.051172,0.348544,0.976383,-0.022666,-0.128543,-0.172163
10.482236,0.085963,-0.051172,0.348431,0.976383,-0.022666,-0.128543,-0.172163
10.492297,0.085671,-0.051172,0.348315,0.976383,-0.022666,-0.128543,-0.172163
10.502359,0.085380,-0.051172,0.348196,0.976383,-0.022666,-0.128543,-0.172163
10.512422,0.085090,-0.051172,0.348076,0.976383,-0.022666,-0.128543,-0.172163
10.522486,0.084801,-0.051172,0.347953,0.976383,-0.022666,-0.128543,-0.172163
10.532548,0.084513,-0.051172,0.347828,0.976383,-0.022666,-0.128543,-0.172163
10.542610,0.084225,-0.051172,0.347700,0.976383,-0.022666,-0.128543,-0.172163
10.552674,0.083939,-0.051172,0.347570,0.976383,-0.022666,-0.128543,-0.172163
10.562727,0.083654,-0.051172,0.347438,0.976383,-0.022666,-0.128543,-0.172163
10.572792,0.083370,-0.051172,0.347304,0.976383,-0.022666,-0.128543,-0.172163
10.582854,0.083087,-0.051172,0.347168,0.976383,-0.022666,-0.128543,-0.172163
10.592914,0.082805,-0.051172,0.347029,0.976383,-0.022666,-0.128543,-0.172163
10.602973,0.082524,-0.051172,0.346888,0.976383,-0.022666,-0.128543,-0.172163
10.613033,0.082245,-0.051172,0.346745,0.976383,-0.022666,-0.128543,-0.172163
10.623097,0.081966,-0.051172,0.346600,0.976383,-0.022666,-0.128543,-0.172163
10.633156,0.081689,-0.051172,0.346453,0.976383,-0.022666,-0.128543,-0.172163
10.643218,0.081412,-0.051172,0.346303,0.976383,-0.022666,-0.128543,-0.172163
10.653277,0.081137,-0.051172,0.346151,0.976383,-0.022666,-0.128543,-0.172163
10.663338,0.080863,-0.051172,0.345998,0.976383,-0.022666,-0.128543,-0.172163
10.673402,0.080591,-0.051172,0.345842,0.976383,-0.022666,-0.128543,-0.172163
10.683464,0.080319,-0.051172,0.345683,0.976383,-0.022666,-0.128543,-0.172163
10.693524,0.080049,-0.051172,0.345523,0.976383,-0.022666,-0.128543,-0.172163
10.703583,0.079780,-0.051172,0.345361,0.976383,-0.022666,-0.128543,-0.172163
10.713644,0.079513,-0.051172,0.345196,0.976383,-0.022666,-0.128543,-0.172163
10.723703,0.079246,-0.051172,0.345029,0.976383,-0.022666,-0.128543,-0.172163
10.733761,0.078981,-0.051172,0.344861,0.976383,-0.022666,-0.128543,-0.172163
10.743821,0.078718,-0.051172,0.344690,0.976383,-0.022666,-0.128543,-0.172163
10.753879,0.078455,-0.051172,0.344517,0.976383,-0.022666,-0.128543,-0.172163
10.763940,0.078194,-0.051172,0.344342,0.976383,-0.022666,-0.128543,-0.172163
10.774002,0.077935,-0.051172,0.344165,0.976383,-0.022666,-0.128543,-0.172163
10.784063,0.077677,-0.051172,0.343986,0.976383,-0.022666,-0.128543,-0.172163
10.794124,0.077420,-0.051172,0.343805,0.976383,-0.022666,-0.128543,-0.172163
10.804183,0.077165,-0.051172,0.343622,0.976383,-0.022666,-0.128543,-0.172163
10.814241,0.076911,-0.051172,0.343437,0.976383,-0.022666,-0.128543,-0.172163
10.824303,0.076658,-0.051172,0.343250,0.976383,-0.022666,-0.128543,-0.172163
10.834366,0.076407,-0.051172,0.343061,0.976383,-0.022666,-0.128543,-0.172163
10.844419,0.076158,-0.051172,0.342870,0.976383,-0.022666,-0.128543,-0.172163
10.854482,0.075910,-0.051172,0.342677,0.976383,-0.022666,-0.128543,-0.172163
10.864534,0.075663,-0.051172,0.342482,0.976383,-0.022666,-0.128543,-0.172163
10.874597,0.075419,-0.051172,0.342286,0.976383,-0.022666,-0.128543,-0.172163
10.884649,0.075175,-0.051172,0.342087,0.976383,-0.022666,-0.128543,-0.172163
10.894711,0.074933,-0.051172,0.341886,0.976383,-0.022666,-0.128543,-0.172163
10.904763,0.074693,-0.051172,0.341684,0.976383,-0.022666,-0.128543,-0.172163
10.914827,0.074455,-0.051172,0.341480,0.976383,-0.022666,-0.128543,-0.172163
10.924891,0.074218,-0.051172,0.341273,0.976383,-0.022666,-0.128543,-0.172163
10.934956,0.073982,-0.051172,0.341065,0.976383,-0.022666,-0.128543,-0.172163
10.945020,0.073517,-0.051172,0.340643,0.976383,-0.022666,-0.128543,-0.172163
10.955082,0.073286,-0.051172,0.340430,0.976383,-0.022666,-0.128543,-0.172163
10.965144,0.073058,-0.051172,0.340215,0.976383,-0.022666,-0.128543,-0.172163
10.975208,0.072831,-0.051172,0.339997,0.976383,-0.022666,-0.128543,-0.172163
10.985271,0.072605,-0.051172,0.339778,0.976383,-0.022666,-0.128543,-0.172163
10.995326,0.072382,-0.051172,0.339558,0.976383,-0.022666,-0.128543,-0.172163
11.005474,0.072160,-0.051172,0.339335,0.976383,-0.022666,-0.128543,-0.172163
11.015533,0.071940,-0.051172,0.339111,0.976383,-0.022666,-0.128543,-0.172163
11.025598,0.071721,-0.051172,0.338885,0.976383,-0.022666,-0.128543,-0.172163
11.035659,0.071505,-0.051172,0.338657,0.976383,-0.022666,-0.128543,-0.172163
11.045718,0.071290,-0.051172,0.338428,0.976383,-0.022666,-0.128543,-0.172163
11.055779,0.071077,-0.051172,0.338197,0.976383,-0.022666,-0.128543,-0.172163
11.065843,0.070866,-0.051172,0.337964,0.976383,-0.022666,-0.128543,-0.172163
11.075908,0.070657,-0.051172,0.337730,0.976383,-0.022666,-0.128543,-0.172163
11.085972,0.070450,-0.051172,0.337494,0.976383,-0.022666,-0.128543,-0.172163
11.096033,0.070244,-0.051172,0.337257,0.976383,-0.022666,-0.128543,-0.172163
11.106095,0.070040,-0.051172,0.337017,0.976383,-0.022666,-0.128543,-0.172163
11.116156,0.069839,-0.051172,0.336777,0.976383,-0.022666,-0.128543,-0.172163
11.126216,0.069639,-0.051172,0.336534,0.976383,-0.022666,-0.128543,-0.172163
11.136277,0.069441,-0.051172,0.336290,0.976383,-0.022666,-0.128543,-0.172163
11.146339,0.069245,-0.051172,0.336045,0.976383,-0.022666,-0.128543,-0.172163
11.156401,0.069050,-0.051172,0.335798,0.976383,-0.022666,-0.128543,-0.172163
11.166461,0.068858,-0.051172,0.335549,0.976383,-0.022666,-0.128543,-0.172163
11.176522,0.068668,-0.051172,0.335299,0.976383,-0.022666,-0.128543,-0.172163
11.186586,0.068480,-0.051172,0.335048,0.976383,-0.022666,-0.128543,-0.172163
11.196649,0.068293,-0.051172,0.334795,0.976383,-0.022666,-0.128543,-0.172163
11.206710,0.068109,-0.051172,0.334541,0.976383,-0.022666,-0.128543,-0.172163
11.216773,0.067927,-0.051172,0.334285,0.976383,-0.022666,-0.128543,-0.172163
11.226832,0.067747,-0.051172,0.334027,0.976383,-0.022666,-0.128543,-0.172163
11.236893,0.067568,-0.051172,0.333769,0.976383,-0.022666,-0.128543,-0.172163
11.246957,0.067392,-0.051172,0.333509,0.976383,-0.022666,-0.128543,-0.172163
11.257020,0.067218,-0.051172,0.333247,0.976383,-0.022666,-0.128543,-0.172163
11.267084,0.067046,-0.051172,0.332984,0.976383,-0.022666,-0.128543,-0.172163
11.277147,0.066876,-0.051172,0.332720,0.976383,-0.022666,-0.128543,-0.172163
11.287211,0.066708,-0.051172,0.332455,0.976383,-0.022666,-0.128543,-0.172163
11.297274,0.066542,-0.051172,0.332188,0.976383,-0.022666,-0.128543,-0.172163
11.307337,0.066378,-0.051172,0.331920,0.976383,-0.022666,-0.128543,-0.172163
11.317401,0.066217,-0.051172,0.331650,0.976383,-0.022666,-0.128543,-0.172163
11.327462,0.066057,-0.051172,0.331380,0.976383,-0.022666,-0.128543,-0.172163
11.337525,0.065900,-0.051172,0.331108,0.976383,-0.022666,-0.128543,-0.172163
11.347583,0.065745,-0.051172,0.330835,0.976383,-0.022666,-0.128543,-0.172163
11.357643,0.065591,-0.051172,0.330560,0.976383,-0.022666,-0.128543,-0.172163
11.367708,0.065440,-0.051172,0.330285,0.976383,-0.022666,-0.128543,-0.172163
11.377772,0.065292,-0.051172,0.330008,0.976383,-0.022666,-0.128543,-0.172163
11.387836,0.065145,-0.051172,0.329730,0.976383,-0.022666,-0.128543,-0.172163
11.397896,0.065001,-0.051172,0.329451,0.976383,-0.022666,-0.128543,-0.172163
11.407956,0.064858,-0.051172,0.329171,0.976383,-0.022666,-0.128543,-0.172163
11.418018,0.064718,-0.051172,0.328890,0.976383,-0.022666,-0.128543,-0.172163
11.428081,0.064581,-0.051172,0.328608,0.976383,-0.022666,-0.128543,-0.172163
11.438143,0.064445,-0.051172,0.328324,0.976383,-0.022666,-0.128543,-0.172163
11.448202,0.064312,-0.051172,0.328040,0.976383,-0.022666,-0.128543,-0.172163
11.458265,0.064181,-0.051172,0.327754,0.976383,-0.022666,-0.128543,-0.172163
11.468329,0.064052,-0.051172,0.327468,0.976383,-0.022666,-0.128543,-0.172163
11.478384,0.063925,-0.051172,0.327180,0.976383,-0.022666,-0.128543,-0.172163
11.488443,0.063801,-0.051172,0.326892,0.976383,-0.022666,-0.128543,-0.172163
11.498505,0.063679,-0.051172,0.326602,0.976383,-0.022666,-0.128543,-0.172163
11.508570,0.063559,-0.051172,0.326312,0.976383,-0.022666,-0.128543,-0.172163
11.518633,0.063441,-0.051172,0.326021,0.976383,-0.022666,-0.128543,-0.172163
11.528669,0.063326,-0.051172,0.325728,0.976383,-0.022666,-0.128543,-0.172163
11.538724,0.063213,-0.051172,0.325435,0.976383,-0.022666,-0.128543,-0.172163
11.548789,0.063103,-0.051172,0.325141,0.976383,-0.022666,-0.128543,-0.172163
11.558848,0.062994,-0.051172,0.324846,0.976383,-0.022666,-0.128543,-0.172163
11.568916,0.062888,-0.051172,0.324551,0.976383,-0.022666,-0.128543,-0.172163
11.578979,0.062785,-0.051172,0.324254,0.976383,-0.022666,-0.128543,-0.172163
11.589044,0.062683,-0.051172,0.323957,0.976383,-0.022666,-0.128543,-0.172163
11.599107,0.062584,-0.051172,0.323659,0.976383,-0.022666,-0.128543,-0.172163
11.609169,0.062488,-0.051172,0.323360,0.976383,-0.022666,-0.128543,-0.172163
11.619231,0.062393,-0.051172,0.323060,0.976383,-0.022666,-0.128543,-0.172163
11.629293,0.062301,-0.051172,0.322760,0.976383,-0.022666,-0.128543,-0.172163
11.639346,0.062212,-0.051172,0.322458,0.976383,-0.022666,-0.128543,-0.172163
11.649410,0.062125,-0.051172,0.322157,0.976383,-0.022666,-0.128543,-0.172163
11.659593,0.062040,-0.051172,0.321854,0.976383,-0.022666,-0.128543,-0.172163
11.669656,0.061957,-0.051172,0.321551,0.976383,-0.022666,-0.128543,-0.172163
11.679721,0.061877,-0.051173,0.321247,0.976383,-0.022666,-0.128543,-0.172163
11.689785,0.061800,-0.051173,0.320943,0.976383,-0.022666,-0.128543,-0.172163
11.699849,0.061724,-0.051173,0.320638,0.976383,-0.022666,-0.128543,-0.172163
11.709918,0.061651,-0.051173,0.320332,0.976383,-0.022666,-0.128543,-0.172163
11.719982,0.061581,-0.051173,0.320026,0.976383,-0.022666,-0.128543,-0.172163
11.730045,0.061513,-0.051173,0.319719,0.976383,-0.022666,-0.128543,-0.172163
11.740110,0.061447,-0.051173,0.319412,0.976383,-0.022666,-0.128543,-0.172163
11.750174,0.061384,-0.051173,0.319104,0.976383,-0.022666,-0.128543,-0.172163
11.760236,0.061323,-0.051173,0.318796,0.976383,-0.022666,-0.128543,-0.172163
11.770298,0.061265,-0.051173,0.318488,0.976383,-0.022666,-0.128543,-0.172163
11.780361,0.061209,-0.051173,0.318178,0.976383,-0.022666,-0.128543,-0.172163
11.790426,0.061155,-0.051173,0.317869,0.976383,-0.022666,-0.128543,-0.172163
11.800490,0.061104,-0.051173,0.317559,0.976383,-0.022666,-0.128543,-0.172163
11.810556,0.061055,-0.051173,0.317249,0.976383,-0.022666,-0.128543,-0.172163
11.820620,0.061009,-0.051173,0.316938,0.976383,-0.022666,-0.128543,-0.172163
11.830669,0.060965,-0.051173,0.316627,0.976383,-0.022666,-0.128543,-0.172163
11.840724,0.060924,-0.051173,0.316315,0.976383,-0.022666,-0.128543,-0.172163
11.850788,0.060885,-0.051173,0.316004,0.976383,-0.022666,-0.128543,-0.172163
11.860841,0.060848,-0.051173,0.315692,0.976383,-0.022666,-0.128543,-0.172163
11.870906,0.060814,-0.051173,0.315379,0.976383,-0.022666,-0.128543,-0.172163
11.880970,0.060783,-0.051173,0.315067,0.976383,-0.022666,-0.128543,-0.172163
11.891133,0.060754,-0.051173,0.314754,0.976383,-0.022666,-0.128543,-0.172163
11.901196,0.060727,-0.051173,0.314441,0.976383,-0.022666,-0.128543,-0.172163
11.911260,0.060703,-0.051173,0.314128,0.976383,-0.022666,-0.128543,-0.172163
11.921324,0.060681,-0.051173,0.313814,0.976383,-0.022666,-0.128543,-0.172163
11.931389,0.060662,-0.051173,0.313501,0.976383,-0.022666,-0.128543,-0.172163
11.941450,0.060645,-0.051173,0.313187,0.976383,-0.022666,-0.128543,-0.172163
11.951513,0.060631,-0.051173,0.312873,0.976383,-0.022666,-0.128543,-0.172163
11.961577,0.060619,-0.051173,0.312559,0.976383,-0.022666,-0.128543,-0.172163
11.971640,0.060609,-0.051173,0.312245,0.976383,-0.022666,-0.128543,-0.172163
11.981705,0.060602,-0.051173,0.311931,0.976383,-0.022666,-0.128543,-0.172163
11.991770,0.060598,-0.051173,0.311617,0.976383,-0.022666,-0.128543,-0.172163
12.001830,0.060596,-0.051173,0.311303,0.976383,-0.022666,-0.128543,-0.172163
12.011894,0.060596,-0.051173,0.310995,0.976383,-0.022666,-0.128543,-0.172163
12.021957,0.060599,-0.051173,0.310698,0.976383,-0.022666,-0.128543,-0.172163
12.032021,0.060604,-0.051173,0.310414,0.976383,-0.022666,-0.128543,-0.172163
12.042085,0.060610,-0.051173,0.310140,0.976383,-0.022666,-0.128543,-0.172163
12.052147,0.060618,-0.051173,0.309879,0.976383,-0.022666,-0.128543,-0.172163
12.062207,0.060627,-0.051173,0.309629,0.976383,-0.022666,-0.128543,-0.172163
12.072271,0.060637,-0.051173,0.309391,0.976383,-0.022666,-0.128543,-0.172163
12.082336,0.060648,-0.051173,0.309165,0.976383,-0.022666,-0.128543,-0.172163
12.092397,0.060659,-0.051173,0.308951,0.976383,-0.022666,-0.128543,-0.172163
12.102466,0.060671,-0.051173,0.308749,0.976383,-0.022666,-0.128543,-0.172163
12.112528,0.060683,-0.051173,0.308559,0.976383,-0.022666,-0.128543,-0.172163
12.122589,0.060695,-0.051173,0.308381,0.976383,-0.022666,-0.128543,-0.172163
12.132652,0.060708,-0.051173,0.308214,0.976383,-0.022666,-0.128543,-0.172163
12.142717,0.060719,-0.051173,0.308060,0.976383,-0.022666,-0.128543,-0.172163
12.152778,0.060731,-0.051173,0.307917,0.976383,-0.022666,-0.128543,-0.172163
12.162840,0.060742,-0.051173,0.307787,0.976383,-0.022666,-0.128543,-0.172163
12.172904,0.060752,-0.051173,0.307669,0.976383,-0.022666,-0.128543,-0.172163
12.182973,0.060762,-0.051173,0.307562,0.976383,-0.022666,-0.128543,-0.172163
12.193040,0.060770,-0.051173,0.307467,0.976383,-0.022666,-0.128543,-0.172163
12.203102,0.060778,-0.051173,0.307385,0.976383,-0.022666,-0.128543,-0.172163
12.213165,0.060785,-0.051173,0.307315,0.976383,-0.022666,-0.128543,-0.172163
12.223229,0.060791,-0.051173,0.307257,0.976383,-0.022666,-0.128543,-0.172163
12.233293,0.060795,-0.051173,0.307211,0.976383,-0.022666,-0.128543,-0.172163
12.243354,0.060799,-0.051173,0.307176,0.976383,-0.022666,-0.128543,-0.172163
12.253417,0.060801,-0.051173,0.307154,0.976383,-0.022666,-0.128543,-0.172163
12.263480,0.060802,-0.051173,0.307143,0.976383,-0.022666,-0.128543,-0.172163
12.273542,0.060802,-0.051173,0.307143,0.976383,-0.022666,-0.128543,-0.172163
12.283606,0.060802,-0.051173,0.307143,0.976383,-0.022666,-0.128543,-0.172163
12.293668,0.060802,-0.051173,0.307143,0.976383,-0.022666,-0.128543,-0.172163
12.303725,0.060802,-0.051173,0.307143,0.976383,-0.022666,-0.128543,-0.172163
12.313793,0.060802,-0.051173,0.307143,0.976383,-0.022666,-0.128543,-0.172163
12.323856,0.060802,-0.051173,0.307143,0.976383,-0.022666,-0.128543,-0.172163
12.333917,0.060795,-0.051173,0.307213,0.976383,-0.022666,-0.128543,-0.172163
12.343981,0.060787,-0.051173,0.307299,0.976383,-0.022666,-0.128543,-0.172163
12.354045,0.060777,-0.051173,0.307398,0.976383,-0.022666,-0.128543,-0.172163
12.364106,0.060767,-0.051173,0.307509,0.976383,-0.022666,-0.128543,-0.172163
12.374170,0.060755,-0.051173,0.307632,0.976383,-0.022666,-0.128543,-0.172163
12.384234,0.060743,-0.051173,0.307767,0.976383,-0.022666,-0.128543,-0.172163
12.394297,0.060731,-0.051173,0.307915,0.976383,-0.022666,-0.128543,-0.172163
12.404361,0.060718,-0.051173,0.308074,0.976383,-0.022666,-0.128543,-0.172163
12.414426,0.060705,-0.051173,0.308246,0.976383,-0.022666,-0.128543,-0.172163
12.424487,0.060692,-0.051173,0.308430,0.976383,-0.022666,-0.128543,-0.172163
12.434550,0.060679,-0.051173,0.308627,0.976383,-0.022666,-0.128543,-0.172163
12.444613,0.060666,-0.051173,0.308834,0.976383,-0.022666,-0.128543,-0.172163
12.454670,0.060653,-0.051173,0.309056,0.976383,-0.022666,-0.128543,-0.172163
12.464729,0.060642,-0.051173,0.309289,0.976383,-0.022666,-0.128543,-0.172163
12.474786,0.060631,-0.051173,0.309534,0.976383,-0.022666,-0.128543,-0.172163
12.484848,0.060621,-0.051173,0.309791,0.976383,-0.022666,-0.128543,-0.172163
12.494910,0.060612,-0.051173,0.310060,0.976383,-0.022666,-0.128543,-0.172163
12.504974,0.060605,-0.051173,0.310343,0.976383,-0.022666,-0.128543,-0.172163
12.515038,0.060597,-0.051173,0.310943,0.976383,-0.022666,-0.128543,-0.172163
12.525099,0.060596,-0.051173,0.311261,0.976383,-0.022666,-0.128543,-0.172163
12.535161,0.060598,-0.051173,0.311592,0.976383,-0.022666,-0.128543,-0.172163
12.545223,0.060603,-0.051173,0.311933,0.976383,-0.022666,-0.128543,-0.172163
12.555284,0.060611,-0.051173,0.312288,0.976383,-0.022666,-0.128543,-0.172163
12.565346,0.060622,-0.051173,0.312655,0.976383,-0.022666,-0.128543,-0.172163
12.575409,0.060638,-0.051173,0.313033,0.976383,-0.022666,-0.128543,-0.172163
12.585474,0.060658,-0.051173,0.313423,0.976383,-0.022666,-0.128543,-0.172163
12.595538,0.060682,-0.051173,0.313825,0.976383,-0.022666,-0.128543,-0.172163
12.605599,0.060711,-0.051173,0.314238,0.976383,-0.022666,-0.128543,-0.172163
12.615664,0.060746,-0.051173,0.314664,0.976383,-0.022666,-0.128543,-0.172163
12.625726,0.060786,-0.051173,0.315100,0.976383,-0.022666,-0.128543,-0.172163
12.635790,0.060833,-0.051173,0.315548,0.976383,-0.022666,-0.128543,-0.172163
12.645854,0.060886,-0.051173,0.316008,0.976383,-0.022666,-0.128543,-0.172163
12.655918,0.060945,-0.051173,0.316478,0.976383,-0.022666,-0.128543,-0.172163
12.665980,0.061012,-0.051173,0.316960,0.976383,-0.022666,-0.128543,-0.172163
12.676043,0.061087,-0.051173,0.317452,0.976383,-0.022666,-0.128543,-0.172163
12.686107,0.061170,-0.051173,0.317955,0.976383,-0.022666,-0.128543,-0.172163
12.696170,0.061261,-0.051173,0.318469,0.976383,-0.022666,-0.128543,-0.172163
12.706231,0.061362,-0.051173,0.318993,0.976383,-0.022666,-0.128543,-0.172163
12.716293,0.061472,-0.051173,0.319527,0.976383,-0.022666,-0.128543,-0.172163
12.726357,0.061592,-0.051173,0.320072,0.976383,-0.022666,-0.128543,-0.172163
12.736410,0.061721,-0.051173,0.320625,0.976383,-0.022666,-0.128543,-0.172163
12.746472,0.061862,-0.051173,0.321188,0.976383,-0.022666,-0.128543,-0.172163
12.756534,0.062014,-0.051173,0.321760,0.976383,-0.022666,-0.128543,-0.172163
12.766597,0.062178,-0.051173,0.322342,0.976383,-0.022666,-0.128543,-0.172163
12.776661,0.062354,-0.051173,0.322931,0.976383,-0.022666,-0.128543,-0.172163
12.786726,0.062542,-0.051173,0.323529,0.976383,-0.022666,-0.128543,-0.172163
12.796788,0.062744,-0.051173,0.324134,0.976383,-0.022666,-0.128543,-0.172163
12.806848,0.062959,-0.051173,0.324747,0.976383,-0.022666,-0.128543,-0.172163
12.816911,0.063188,-0.051173,0.325367,0.976383,-0.022666,-0.128543,-0.172163
12.826977,0.063431,-0.051173,0.325995,0.976383,-0.022666,-0.128543,-0.172163
12.837041,0.063690,-0.051173,0.326627,0.976383,-0.022666,-0.128543,-0.172163
12.847096,0.063964,-0.051173,0.327267,0.976383,-0.022666,-0.128543,-0.172163
12.857150,0.064253,-0.051173,0.327911,0.976383,-0.022666,-0.128543,-0.172163
12.867212,0.064559,-0.051173,0.328562,0.976383,-0.022666,-0.128543,-0.172163
12.877275,0.064881,-0.051173,0.329215,0.976383,-0.022666,-0.128543,-0.172163
12.887340,0.065220,-0.051173,0.329873,0.976383,-0.022666,-0.128543,-0.172163
12.897403,0.065578,-0.051173,0.330535,0.976383,-0.022666,-0.128543,-0.172163
12.907467,0.065953,-0.051173,0.331199,0.976383,-0.022666,-0.128543,-0.172163
12.917529,0.066346,-0.051173,0.331865,0.976383,-0.022666,-0.128543,-0.172163
12.927591,0.066757,-0.051173,0.332532,0.976383,-0.022666,-0.128543,-0.172163
12.937655,0.067189,-0.051173,0.333202,0.976383,-0.022666,-0.128543,-0.172163
12.947719,0.067639,-0.051173,0.333871,0.976383,-0.022666,-0.128543,-0.172163
12.957783,0.068109,-0.051173,0.334539,0.976383,-0.022666,-0.128543,-0.172163
12.967845,0.068599,-0.051173,0.335207,0.976383,-0.022666,-0.128543,-0.172163
12.977908,0.069109,-0.051173,0.335872,0.976383,-0.022666,-0.128543,-0.172163
12.987972,0.069641,-0.051173,0.336536,0.976383,-0.022666,-0.128543,-0.172163
12.998035,0.070193,-0.051173,0.337196,0.976383,-0.022666,-0.128543,-0.172163
13.008099,0.070767,-0.051173,0.337852,0.976383,-0.022666,-0.128543,-0.172163
13.018164,0.071361,-0.051173,0.338503,0.976383,-0.022666,-0.128543,-0.172163
13.028224,0.071977,-0.051173,0.339149,0.976383,-0.022666,-0.128543,-0.172163
13.038287,0.072615,-0.051173,0.339787,0.976383,-0.022666,-0.128543,-0.172163
13.048350,0.073275,-0.051173,0.340419,0.976383,-0.022666,-0.128543,-0.172163
13.058410,0.073957,-0.051173,0.341042,0.976383,-0.022666,-0.128543,-0.172163
13.068467,0.074661,-0.051173,0.341656,0.976383,-0.022666,-0.128543,-0.172163
13.078528,0.075387,-0.051173,0.342259,0.976383,-0.022666,-0.128543,-0.172163
13.088591,0.076136,-0.051173,0.342852,0.976383,-0.022666,-0.128543,-0.172163
13.098655,0.076906,-0.051173,0.343433,0.976383,-0.022666,-0.128543,-0.172163
13.108715,0.077698,-0.051173,0.344000,0.976383,-0.022666,-0.128543,-0.172163
13.118777,0.078513,-0.051173,0.344554,0.976383,-0.022666,-0.128543,-0.172163
13.128840,0.079349,-0.051173,0.345093,0.976383,-0.022666,-0.128543,-0.172163
13.138901,0.080207,-0.051173,0.345616,0.976383,-0.022666,-0.128543,-0.172163
13.148963,0.081086,-0.051173,0.346122,0.976383,-0.022666,-0.128543,-0.172163
13.159047,0.081987,-0.051173,0.346610,0.976383,-0.022666,-0.128543,-0.172163
13.169116,0.082909,-0.051173,0.347080,0.976383,-0.022666,-0.128543,-0.172163
13.179169,0.083851,-0.051173,0.347529,0.976383,-0.022666,-0.128543,-0.172163
13.189224,0.084814,-0.051173,0.347957,0.976383,-0.022666,-0.128543,-0.172163
13.199277,0.085797,-0.051173,0.348364,0.976383,-0.022666,-0.128543,-0.172163
13.209328,0.086798,-0.051173,0.348747,0.976383,-0.022666,-0.128543,-0.172163
13.219380,0.087819,-0.051173,0.349107,0.976383,-0.022666,-0.128543,-0.172163
13.229432,0.088858,-0.051173,0.349441,0.976383,-0.022666,-0.128543,-0.172163
13.239493,0.089915,-0.051173,0.349750,0.976383,-0.022666,-0.128543,-0.172163
13.249555,0.090989,-0.051173,0.350032,0.976383,-0.022666,-0.128543,-0.172163
13.259617,0.092079,-0.051173,0.350285,0.976383,-0.022666,-0.128543,-0.172163
13.269686,0.093185,-0.051173,0.350510,0.976383,-0.022666,-0.128543,-0.172163
13.279749,0.094306,-0.051173,0.350705,0.976383,-0.022666,-0.128543,-0.172163
13.289812,0.095440,-0.051173,0.350868,0.976383,-0.022666,-0.128543,-0.172163
13.299873,0.096588,-0.051173,0.351001,0.976383,-0.022666,-0.128543,-0.172163
13.309934,0.097748,-0.051173,0.351101,0.976383,-0.022666,-0.128543,-0.172163
13.319997,0.098919,-0.051173,0.351167,0.976383,-0.022666,-0.128543,-0.172163
13.330058,0.100100,-0.051173,0.351199,0.976383,-0.022666,-0.128543,-0.172163
13.340121,0.101290,-0.051173,0.351196,0.976383,-0.022666,-0.128543,-0.172163
13.350181,0.102489,-0.051173,0.351157,0.976383,-0.022666,-0.128543,-0.172163
13.360243,0.103693,-0.051173,0.351082,0.976383,-0.022666,-0.128543,-0.172163
13.370303,0.104904,-0.051173,0.350969,0.976383,-0.022666,-0.128543,-0.172163
13.380368,0.106119,-0.051173,0.350819,0.976383,-0.022666,-0.128543,-0.172163
13.390530,0.107336,-0.051173,0.350630,0.976383,-0.022666,-0.128543,-0.172163
13.400593,0.108556,-0.051173,0.350402,0.976383,-0.022666,-0.128543,-0.172163
13.410654,0.109775,-0.051173,0.350134,0.976383,-0.022666,-0.128543,-0.172163
13.420716,0.110993,-0.051173,0.349827,0.976383,-0.022666,-0.128543,-0.172163
13.430779,0.112210,-0.051173,0.349479,0.976383,-0.022666,-0.128543,-0.172163
13.440842,0.113420,-0.051173,0.349090,0.976383,-0.022666,-0.128543,-0.172163
13.450907,0.114627,-0.051173,0.348660,0.976383,-0.022666,-0.128543,-0.172163
13.460971,0.115825,-0.051173,0.348189,0.976383,-0.022666,-0.128543,-0.172163
13.471033,0.117015,-0.051173,0.347676,0.976383,-0.022666,-0.128543,-0.172163
13.481088,0.118193,-0.051173,0.347123,0.976383,-0.022666,-0.128543,-0.172163
13.491151,0.119361,-0.051173,0.346527,0.976383,-0.022666,-0.128543,-0.172163
13.501214,0.120514,-0.051173,0.345890,0.976383,-0.022666,-0.128543,-0.172163
13.511278,0.121652,-0.051173,0.345210,0.976383,-0.022666,-0.128543,-0.172163
13.521342,0.122773,-0.051173,0.344491,0.976383,-0.022666,-0.128543,-0.172163
13.531403,0.123875,-0.051173,0.343729,0.976383,-0.022666,-0.128543,-0.172163
13.541466,0.124956,-0.051173,0.342927,0.976383,-0.022666,-0.128543,-0.172163
13.551529,0.126016,-0.051173,0.342085,0.976383,-0.022666,-0.128543,-0.172163
13.561592,0.127051,-0.051173,0.341203,0.976383,-0.022666,-0.128543,-0.172163
13.571655,0.128061,-0.051173,0.340281,0.976383,-0.022666,-0.128543,-0.172163
13.581668,0.129043,-0.051173,0.339321,0.976383,-0.022666,-0.128543,-0.172163
13.591702,0.129996,-0.051173,0.338323,0.976383,-0.022666,-0.128543,-0.172163
13.601763,0.130919,-0.051173,0.337287,0.976383,-0.022666,-0.128543,-0.172163
13.611822,0.131808,-0.051173,0.336216,0.976383,-0.022666,-0.128543,-0.172163
13.621876,0.132664,-0.051173,0.335108,0.976383,-0.022666,-0.128543,-0.172163
13.631940,0.133484,-0.051173,0.333967,0.976383,-0.022666,-0.128543,-0.172163
13.642100,0.134268,-0.051173,0.332791,0.976383,-0.022666,-0.128543,-0.172163
13.652163,0.135011,-0.051173,0.331585,0.976383,-0.022666,-0.128543,-0.172163
13.662223,0.135715,-0.051173,0.330346,0.976383,-0.022666,-0.128543,-0.172163
13.672284,0.136377,-0.051173,0.329079,0.976383,-0.022666,-0.128543,-0.172163
13.682348,0.136995,-0.051173,0.327784,0.976383,-0.022666,-0.128543,-0.172163
13.692410,0.137569,-0.051173,0.326461,0.976383,-0.022666,-0.128543,-0.172163
13.702470,0.138096,-0.051173,0.325114,0.976383,-0.022666,-0.128543,-0.172163
13.712532,0.138577,-0.051173,0.323744,0.976383,-0.022666,-0.128543,-0.172163
13.722596,0.139009,-0.051173,0.322351,0.976383,-0.022666,-0.128543,-0.172163
13.732660,0.139390,-0.051173,0.320939,0.976383,-0.022666,-0.128543,-0.172163
13.742722,0.139722,-0.051173,0.319509,0.976383,-0.022666,-0.128543,-0.172163
13.752784,0.140001,-0.051173,0.318062,0.976383,-0.022666,-0.128543,-0.172163
13.762847,0.140227,-0.051173,0.316601,0.976383,-0.022666,-0.128543,-0.172163
13.772907,0.140400,-0.051173,0.315129,0.976383,-0.022666,-0.128543,-0.172163
13.782969,0.140519,-0.051173,0.313645,0.976383,-0.022666,-0.128543,-0.172163
13.793033,0.140582,-0.051173,0.312153,0.976383,-0.022666,-0.128543,-0.172163
13.803095,0.140590,-0.051173,0.310656,0.976383,-0.022666,-0.128543,-0.172163
13.813155,0.140541,-0.051173,0.309155,0.976383,-0.022666,-0.128543,-0.172163
13.823218,0.140435,-0.051173,0.307652,0.976383,-0.022666,-0.128543,-0.172163
13.833279,0.140273,-0.051173,0.306150,0.976383,-0.022666,-0.128543,-0.172163
13.843341,0.140053,-0.051173,0.304651,0.976383,-0.022666,-0.128543,-0.172163
13.853409,0.139776,-0.051173,0.303157,0.976383,-0.022666,-0.128543,-0.172163
13.863469,0.139441,-0.051173,0.301672,0.976383,-0.022666,-0.128543,-0.172163
13.873534,0.139049,-0.051173,0.300196,0.976383,-0.022666,-0.128543,-0.172163
13.883598,0.138599,-0.051173,0.298733,0.976383,-0.022666,-0.128543,-0.172163
13.893657,0.138093,-0.051173,0.297284,0.976383,-0.022666,-0.128543,-0.172163
13.903723,0.137530,-0.051173,0.295852,0.976383,-0.022666,-0.128543,-0.172163
13.913783,0.136911,-0.051173,0.294440,0.976383,-0.022666,-0.128543,-0.172163
13.923843,0.136237,-0.051173,0.293050,0.976383,-0.022666,-0.128543,-0.172163
13.933902,0.135507,-0.051173,0.291685,0.976383,-0.022666,-0.128543,-0.172163
13.943962,0.134724,-0.051173,0.290345,0.976383,-0.022666,-0.128543,-0.172163
13.954024,0.133887,-0.051173,0.289034,0.976383,-0.022666,-0.128543,-0.172163
13.964082,0.132999,-0.051173,0.287755,0.976383,-0.022666,-0.128543,-0.172163
13.974147,0.132059,-0.051173,0.286509,0.976383,-0.022666,-0.128543,-0.172163
13.984211,0.131070,-0.051173,0.285298,0.976383,-0.022666,-0.128543,-0.172163
13.994279,0.130033,-0.051173,0.284125,0.976383,-0.022666,-0.128543,-0.172163
14.004341,0.128948,-0.051173,0.282991,0.976383,-0.022666,-0.128543,-0.172163
14.014406,0.127818,-0.051173,0.281899,0.976383,-0.022666,-0.128543,-0.172163
14.024469,0.126645,-0.051173,0.280851,0.976383,-0.022666,-0.128543,-0.172163
14.034534,0.125429,-0.051173,0.279849,0.976383,-0.022666,-0.128543,-0.172163
14.044595,0.124173,-0.051173,0.278894,0.976383,-0.022666,-0.128543,-0.172163
14.054660,0.122879,-0.051173,0.277988,0.976383,-0.022666,-0.128543,-0.172163
14.064670,0.121548,-0.051173,0.277133,0.976383,-0.022666,-0.128543,-0.172163
14.074726,0.120183,-0.051173,0.276330,0.976383,-0.022666,-0.128543,-0.172163
14.084814,0.118785,-0.051173,0.275581,0.976383,-0.022666,-0.128543,-0.172163
14.094878,0.117358,-0.051173,0.274888,0.976383,-0.022666,-0.128543,-0.172163
14.104941,0.115902,-0.051173,0.274251,0.976383,-0.022666,-0.128543,-0.172163
14.115002,0.112918,-0.051172,0.273151,0.976383,-0.022666,-0.128543,-0.172163
14.125055,0.111394,-0.051172,0.272691,0.976383,-0.022666,-0.128543,-0.172163
14.135115,0.109852,-0.051172,0.272292,0.976383,-0.022666,-0.128543,-0.172163
14.145180,0.108293,-0.051172,0.271954,0.976383,-0.022666,-0.128543,-0.172163
14.155239,0.106722,-0.051172,0.271678,0.976383,-0.022666,-0.128543,-0.172163
14.165300,0.105141,-0.051172,0.271465,0.976383,-0.022666,-0.128543,-0.172163
14.175366,0.103551,-0.051172,0.271315,0.976383,-0.022666,-0.128543,-0.172163
14.185419,0.101957,-0.051172,0.271229,0.976383,-0.022666,-0.128543,-0.172163
14.195481,0.100359,-0.051172,0.271207,0.976383,-0.022666,-0.128543,-0.172163
14.205544,0.098762,-0.051172,0.271248,0.976383,-0.022666,-0.128543,-0.172163
14.215604,0.097168,-0.051172,0.271353,0.976383,-0.022666,-0.128543,-0.172163
14.225666,0.095579,-0.051172,0.271522,0.976383,-0.022666,-0.128543,-0.172163
14.235721,0.093998,-0.051172,0.271754,0.976383,-0.022666,-0.128543,-0.172163
14.245784,0.092428,-0.051172,0.272049,0.976383,-0.022666,-0.128543,-0.172163
14.255848,0.090871,-0.051172,0.272406,0.976383,-0.022666,-0.128543,-0.172163
14.265912,0.089329,-0.051172,0.272825,0.976383,-0.022666,-0.128543,-0.172163
14.275976,0.087807,-0.051172,0.273305,0.976383,-0.022666,-0.128543,-0.172163
14.286039,0.086305,-0.051172,0.273846,0.976383,-0.022666,-0.128543,-0.172163
14.296091,0.084827,-0.051172,0.274445,0.976383,-0.022666,-0.128543,-0.172163
14.306154,0.083374,-0.051172,0.275103,0.976383,-0.022666,-0.128543,-0.172163
14.316219,0.081950,-0.051172,0.275818,0.976383,-0.022666,-0.128543,-0.172163
14.326277,0.080556,-0.051172,0.276588,0.976383,-0.022666,-0.128543,-0.172163
14.336337,0.079195,-0.051172,0.277412,0.976383,-0.022666,-0.128543,-0.172163
14.346396,0.077869,-0.051172,0.278290,0.976383,-0.022666,-0.128543,-0.172163
14.356457,0.076580,-0.051172,0.279218,0.976383,-0.022666,-0.128543,-0.172163
14.366518,0.075330,-0.051172,0.280196,0.976383,-0.022666,-0.128543,-0.172163
14.376582,0.074121,-0.051172,0.281222,0.976383,-0.022666,-0.128543,-0.172163
14.386645,0.072955,-0.051172,0.282293,0.976383,-0.022666,-0.128543,-0.172163
14.396707,0.071834,-0.051172,0.283408,0.976383,-0.022666,-0.128543,-0.172163
14.406769,0.070758,-0.051172,0.284566,0.976383,-0.022666,-0.128543,-0.172163
14.416831,0.069731,-0.051172,0.285763,0.976383,-0.022666,-0.128543,-0.172163
14.426894,0.068753,-0.051172,0.286999,0.976383,-0.022666,-0.128543,-0.172163
14.436953,0.067825,-0.051172,0.288270,0.976383,-0.022666,-0.128543,-0.172163
14.447011,0.066950,-0.051172,0.289574,0.976383,-0.022666,-0.128543,-0.172163
14.457070,0.066128,-0.051172,0.290910,0.976383,-0.022666,-0.128543,-0.172163
14.467129,0.065361,-0.051172,0.292274,0.976383,-0.022666,-0.128543,-0.172163
14.477183,0.064648,-0.051172,0.293665,0.976383,-0.022666,-0.128543,-0.172163
14.487246,0.063991,-0.051172,0.295080,0.976383,-0.022666,-0.128543,-0.172163
14.497309,0.063391,-0.051172,0.296517,0.976383,-0.022666,-0.128543,-0.172163
14.507373,0.062849,-0.051172,0.297974,0.976383,-0.022666,-0.128543,-0.172163
14.517434,0.062365,-0.051172,0.299446,0.976383,-0.022666,-0.128543,-0.172163
14.527601,0.061938,-0.051172,0.300934,0.976383,-0.022666,-0.128543,-0.172163
14.537664,0.061571,-0.051172,0.302434,0.976383,-0.022666,-0.128543,-0.172163
14.547728,0.061262,-0.051172,0.303943,0.976383,-0.022666,-0.128543,-0.172163
14.557792,0.061012,-0.051173,0.305460,0.976383,-0.022666,-0.128543,-0.172163
14.567857,0.060821,-0.051173,0.306980,0.976383,-0.022666,-0.128543,-0.172163
14.577913,0.060689,-0.051173,0.308504,0.976383,-0.022666,-0.128543,-0.172163
14.587977,0.060615,-0.051173,0.310027,0.976383,-0.022666,-0.128543,-0.172163
14.598041,0.060599,-0.051173,0.311548,0.976383,-0.022666,-0.128543,-0.172163
14.608106,0.060641,-0.051173,0.313064,0.976383,-0.022666,-0.128543,-0.172163
14.618168,0.060740,-0.051173,0.314573,0.976383,-0.022666,-0.128543,-0.172163
14.628231,0.060895,-0.051173,0.316074,0.976383,-0.022666,-0.128543,-0.172163
14.638294,0.061106,-0.051173,0.317563,0.976383,-0.022666,-0.128543,-0.172163
14.648358,0.061372,-0.051173,0.319037,0.976383,-0.022666,-0.128543,-0.172163
14.658422,0.061692,-0.051173,0.320497,0.976383,-0.022666,-0.128543,-0.172163
14.668484,0.062065,-0.051173,0.321939,0.976383,-0.022666,-0.128543,-0.172163
14.678544,0.062489,-0.051173,0.323360,0.976383,-0.022666,-0.128543,-0.172163
14.688609,0.062965,-0.051173,0.324761,0.976383,-0.022666,-0.128543,-0.172163
14.698670,0.063490,-0.051173,0.326138,0.976383,-0.022666,-0.128543,-0.172163
14.708725,0.064063,-0.051173,0.327490,0.976383,-0.022666,-0.128543,-0.172163
14.718787,0.064683,-0.051173,0.328815,0.976383,-0.022666,-0.128543,-0.172163
14.728850,0.065349,-0.051173,0.330112,0.976383,-0.022666,-0.128543,-0.172163
14.738911,0.066058,-0.051173,0.331378,0.976383,-0.022666,-0.128543,-0.172163
14.748973,0.066810,-0.051173,0.332614,0.976383,-0.022666,-0.128543,-0.172163
14.759036,0.067603,-0.051173,0.333816,0.976383,-0.022666,-0.128543,-0.172163
14.769099,0.068434,-0.051173,0.334984,0.976383,-0.022666,-0.128543,-0.172163
14.779163,0.069304,-0.051173,0.336117,0.976383,-0.022666,-0.128543,-0.172163
14.789225,0.070209,-0.051173,0.337213,0.976383,-0.022666,-0.128543,-0.172163
14.799286,0.071148,-0.051173,0.338272,0.976383,-0.022666,-0.128543,-0.172163
14.809341,0.072120,-0.051173,0.339293,0.976383,-0.022666,-0.128543,-0.172163
14.819405,0.073122,-0.051173,0.340274,0.976383,-0.022666,-0.128543,-0.172163
14.829469,0.074153,-0.051173,0.341215,0.976383,-0.022666,-0.128543,-0.172163
14.839531,0.075211,-0.051173,0.342115,0.976383,-0.022666,-0.128543,-0.172163
14.849583,0.076295,-0.051173,0.342974,0.976383,-0.022666,-0.128543,-0.172163
14.859636,0.077401,-0.051173,0.343790,0.976383,-0.022666,-0.128543,-0.172163
14.869686,0.078529,-0.051173,0.344564,0.976383,-0.022666,-0.128543,-0.172163
14.879747,0.079676,-0.051173,0.345296,0.976383,-0.022666,-0.128543,-0.172163
14.889806,0.080842,-0.051173,0.345984,0.976383,-0.022666,-0.128543,-0.172163
14.899866,0.082024,-0.051173,0.346629,0.976383,-0.022666,-0.128543,-0.172163
14.909924,0.083220,-0.051173,0.347231,0.976383,-0.022666,-0.128543,-0.172163
14.919988,0.084428,-0.051173,0.347789,0.976383,-0.022666,-0.128543,-0.172163
14.930051,0.085648,-0.051173,0.348304,0.976383,-0.022666,-0.128543,-0.172163
14.940112,0.086876,-0.051173,0.348776,0.976383,-0.022666,-0.128543,-0.172163
14.950174,0.088112,-0.051173,0.349204,0.976383,-0.022666,-0.128543,-0.172163
14.960238,0.089353,-0.051173,0.349590,0.976383,-0.022666,-0.128543,-0.172163
14.970450,0.090598,-0.051173,0.349932,0.976383,-0.022666,-0.128543,-0.172163
14.980512,0.091846,-0.051173,0.350233,0.976383,-0.022666,-0.128543,-0.172163
14.990565,0.093094,-0.051173,0.350492,0.976383,-0.022666,-0.128543,-0.172163
15.000624,0.094343,-0.051173,0.350710,0.976383,-0.022666,-0.128543,-0.172163
15.010688,0.095588,-0.051173,0.350887,0.976383,-0.022666,-0.128543,-0.172163
15.020750,0.096830,-0.051173,0.351024,0.976383,-0.022666,-0.128543,-0.172163
15.030811,0.098067,-0.051173,0.351122,0.976383,-0.022666,-0.128543,-0.172163
15.040874,0.099297,-0.051173,0.351181,0.976383,-0.022666,-0.128543,-0.172163
15.050938,0.100520,-0.051173,0.351202,0.976383,-0.022666,-0.128543,-0.172163
15.060998,0.101734,-0.051173,0.351186,0.976383,-0.022666,-0.128543,-0.172163
15.071062,0.102938,-0.051173,0.351133,0.976383,-0.022666,-0.128543,-0.172163
15.081123,0.104130,-0.051173,0.351046,0.976383,-0.022666,-0.128543,-0.172163
15.091185,0.105311,-0.051173,0.350923,0.976383,-0.022666,-0.128543,-0.172163
15.101247,0.106477,-0.051173,0.350767,0.976383,-0.022666,-0.128543,-0.172163
15.111310,0.107629,-0.051173,0.350579,0.976383,-0.022666,-0.128543,-0.172163
15.121370,0.108765,-0.051173,0.350359,0.976383,-0.022666,-0.128543,-0.172163
15.131433,0.109886,-0.051173,0.350108,0.976383,-0.022666,-0.128543,-0.172163
15.141495,0.110989,-0.051173,0.349828,0.976383,-0.022666,-0.128543,-0.172163
15.151559,0.112074,-0.051173,0.349520,0.976383,-0.022666,-0.128543,-0.172163
15.161623,0.113141,-0.051173,0.349184,0.976383,-0.022666,-0.128543,-0.172163
15.171688,0.114188,-0.051173,0.348822,0.976383,-0.022666,-0.128543,-0.172163
15.181741,0.115216,-0.051173,0.348434,0.976383,-0.022666,-0.128543,-0.172163
15.191804,0.116223,-0.051173,0.348023,0.976383,-0.022666,-0.128543,-0.172163
15.201866,0.117209,-0.051173,0.347589,0.976383,-0.022666,-0.128543,-0.172163
15.211928,0.118173,-0.051173,0.347133,0.976383,-0.022666,-0.128543,-0.172163
15.221988,0.119116,-0.051173,0.346656,0.976383,-0.022666,-0.128543,-0.172163
15.232049,0.120036,-0.051173,0.346160,0.976383,-0.022666,-0.128543,-0.172163
15.242113,0.120934,-0.051173,0.345645,0.976383,-0.022666,-0.128543,-0.172163
15.252172,0.121809,-0.051173,0.345113,0.976383,-0.022666,-0.128543,-0.172163
15.262234,0.122661,-0.051173,0.344565,0.976383,-0.022666,-0.128543,-0.172163
15.272294,0.123490,-0.051173,0.344002,0.976383,-0.022666,-0.128543,-0.172163
15.282353,0.124296,-0.051173,0.343424,0.976383,-0.022666,-0.128543,-0.172163
15.292414,0.125078,-0.051173,0.342834,0.976383,-0.022666,-0.128543,-0.172163
15.302475,0.125837,-0.051173,0.342232,0.976383,-0.022666,-0.128543,-0.172163
15.312534,0.126572,-0.051173,0.341619,0.976383,-0.022666,-0.128543,-0.172163
15.322597,0.127284,-0.051173,0.340996,0.976383,-0.022666,-0.128543,-0.172163
15.332661,0.127973,-0.051173,0.340364,0.976383,-0.022666,-0.128543,-0.172163
15.342670,0.128639,-0.051173,0.339725,0.976383,-0.022666,-0.128543,-0.172163
15.352733,0.129281,-0.051173,0.339079,0.976383,-0.022666,-0.128543,-0.172163
15.362796,0.129900,-0.051173,0.338427,0.976383,-0.022666,-0.128543,-0.172163
15.372860,0.130497,-0.051173,0.337770,0.976383,-0.022666,-0.128543,-0.172163
15.382924,0.131071,-0.051173,0.337109,0.976383,-0.022666,-0.128543,-0.172163
15.392990,0.131624,-0.051173,0.336445,0.976383,-0.022666,-0.128543,-0.172163
15.403054,0.132154,-0.051173,0.335779,0.976383,-0.022666,-0.128543,-0.172163
15.413117,0.132663,-0.051173,0.335112,0.976383,-0.022666,-0.128543,-0.172163
15.423138,0.133150,-0.051173,0.334444,0.976383,-0.022666,-0.128543,-0.172163
15.433200,0.133617,-0.051173,0.333775,0.976383,-0.022666,-0.128543,-0.172163
15.443253,0.134063,-0.051173,0.333109,0.976383,-0.022666,-0.128543,-0.172163
15.453313,0.134489,-0.051173,0.332444,0.976383,-0.022666,-0.128543,-0.172163
15.463366,0.134895,-0.051173,0.331781,0.976383,-0.022666,-0.128543,-0.172163
15.473429,0.135282,-0.051173,0.331122,0.976383,-0.022666,-0.128543,-0.172163
15.483481,0.135651,-0.051173,0.330466,0.976383,-0.022666,-0.128543,-0.172163
15.493534,0.136000,-0.051173,0.329815,0.976383,-0.022666,-0.128543,-0.172163
15.503597,0.136333,-0.051173,0.329169,0.976383,-0.022666,-0.128543,-0.172163
15.513661,0.136647,-0.051173,0.328529,0.976383,-0.022666,-0.128543,-0.172163
15.523667,0.136945,-0.051173,0.327896,0.976383,-0.022666,-0.128543,-0.172163
15.533730,0.137227,-0.051173,0.327268,0.976383,-0.022666,-0.128543,-0.172163
15.543782,0.137492,-0.051173,0.326649,0.976383,-0.022666,-0.128543,-0.172163
15.553844,0.137742,-0.051173,0.326038,0.976383,-0.022666,-0.128543,-0.172163
15.563906,0.137978,-0.051173,0.325434,0.976383,-0.022666,-0.128543,-0.172163
15.573969,0.138199,-0.051173,0.324839,0.976383,-0.022666,-0.128543,-0.172163
15.584033,0.138406,-0.051173,0.324254,0.976383,-0.022666,-0.128543,-0.172163
15.594098,0.138599,-0.051173,0.323679,0.976383,-0.022666,-0.128543,-0.172163
15.604161,0.138780,-0.051173,0.323113,0.976383,-0.022666,-0.128543,-0.172163
15.614222,0.138949,-0.051173,0.322558,0.976383,-0.022666,-0.128543,-0.172163
15.624282,0.139106,-0.051173,0.322014,0.976383,-0.022666,-0.128543,-0.172163
15.634344,0.139252,-0.051173,0.321480,0.976383,-0.022666,-0.128543,-0.172163
15.644404,0.139387,-0.051173,0.320958,0.976383,-0.022666,-0.128543,-0.172163
15.654462,0.139512,-0.051173,0.320448,0.976383,-0.022666,-0.128543,-0.172163
15.664525,0.139627,-0.051173,0.319950,0.976383,-0.022666,-0.128543,-0.172163
15.674579,0.139732,-0.051173,0.319464,0.976383,-0.022666,-0.128543,-0.172163
15.684632,0.139829,-0.051173,0.318991,0.976383,-0.022666,-0.128543,-0.172163
15.694658,0.139918,-0.051173,0.318531,0.976383,-0.022666,-0.128543,-0.172163
15.704718,0.139999,-0.051173,0.318083,0.976383,-0.022666,-0.128543,-0.172163
15.714778,0.140072,-0.051173,0.317648,0.976383,-0.022666,-0.128543,-0.172163
15.724840,0.140139,-0.051173,0.317227,0.976383,-0.022666,-0.128543,-0.172163
15.734901,0.140199,-0.051173,0.316819,0.976383,-0.022666,-0.128543,-0.172163
15.744965,0.140252,-0.051173,0.316425,0.976383,-0.022666,-0.128543,-0.172163
15.755026,0.140344,-0.051173,0.315679,0.976383,-0.022666,-0.128543,-0.172163
15.765089,0.140382,-0.051173,0.315326,0.976383,-0.022666,-0.128543,-0.172163
15.775148,0.140415,-0.051173,0.314988,0.976383,-0.022666,-0.128543,-0.172163
15.785213,0.140445,-0.051173,0.314665,0.976383,-0.022666,-0.128543,-0.172163
15.795274,0.140470,-0.051173,0.314355,0.976383,-0.022666,-0.128543,-0.172163
15.805329,0.140493,-0.051173,0.314061,0.976383,-0.022666,-0.128543,-0.172163
15.815413,0.140512,-0.051173,0.313781,0.976383,-0.022666,-0.128543,-0.172163
15.825477,0.140528,-0.051173,0.313515,0.976383,-0.022666,-0.128543,-0.172163
15.835541,0.140542,-0.051173,0.313264,0.976383,-0.022666,-0.128543,-0.172163
15.845605,0.140553,-0.051173,0.313028,0.976383,-0.022666,-0.128543,-0.172163
15.855660,0.140563,-0.051173,0.312808,0.976383,-0.022666,-0.128543,-0.172163
15.865712,0.140571,-0.051173,0.312601,0.976383,-0.022666,-0.128543,-0.172163
15.875766,0.140577,-0.051173,0.312410,0.976383,-0.022666,-0.128543,-0.172163
15.885828,0.140582,-0.051173,0.312234,0.976383,-0.022666,-0.128543,-0.172163
15.895892,0.140586,-0.051173,0.312073,0.976383,-0.022666,-0.128543,-0.172163
15.905956,0.140588,-0.051173,0.311927,0.976383,-0.022666,-0.128543,-0.172163
15.916022,0.140591,-0.051173,0.311797,0.976383,-0.022666,-0.128543,-0.172163
15.926083,0.140592,-0.051173,0.311681,0.976383,-0.022666,-0.128543,-0.172163
15.936145,0.140593,-0.051173,0.311581,0.976383,-0.022666,-0.128543,-0.172163
15.946205,0.140594,-0.051173,0.311497,0.976383,-0.022666,-0.128543,-0.172163
15.956267,0.140594,-0.051173,0.311427,0.976383,-0.022666,-0.128543,-0.172163
15.966329,0.140595,-0.051173,0.311373,0.976383,-0.022666,-0.128543,-0.172163
15.976393,0.140595,-0.051173,0.311334,0.976383,-0.022666,-0.128543,-0.172163
15.986457,0.140595,-0.051173,0.311311,0.976383,-0.022666,-0.128543,-0.172163
15.996522,0.140595,-0.051173,0.311303,0.976383,-0.022666,-0.128543,-0.172163
