t,px,py,pz,qw,qx,qy,qz
0.000000,0.141595,-0.049704,0.298066,0.980974,-0.019627,-0.097201,-0.166902
0.010056,0.141595,-0.049704,0.298066,0.980974,-0.019627,-0.097201,-0.166902
0.020218,0.141595,-0.049704,0.298066,0.980974,-0.019627,-0.097201,-0.166902
0.030272,0.141595,-0.049704,0.298066,0.980974,-0.019627,-0.097201,-0.166902
0.040325,0.141595,-0.049704,0.298066,0.980974,-0.019627,-0.097201,-0.166902
0.050380,0.141595,-0.049704,0.298066,0.980974,-0.019627,-0.097201,-0.166902
0.060444,0.141595,-0.049704,0.298066,0.980974,-0.019627,-0.097201,-0.166902
0.070508,0.141595,-0.049704,0.298066,0.980974,-0.019627,-0.097201,-0.166902
0.080543,0.141595,-0.049704,0.298066,0.980974,-0.019627,-0.097201,-0.166902
0.090596,0.141595,-0.049704,0.298066,0.980974,-0.019627,-0.097201,-0.166902
0.100647,0.141595,-0.049704,0.298066,0.980974,-0.019627,-0.097201,-0.166902
0.110698,0.141595,-0.049704,0.298066,0.980974,-0.019627,-0.097201,-0.166902
0.120748,0.141595,-0.049704,0.298066,0.980974,-0.019627,-0.097201,-0.166902
0.130799,0.141595,-0.049704,0.298066,0.980974,-0.019627,-0.097201,-0.166902
0.140849,0.141595,-0.049704,0.298066,0.980974,-0.019627,-0.097201,-0.166902
0.150900,0.141595,-0.049704,0.298066,0.980974,-0.019627,-0.097201,-0.166902
0.160951,0.141595,-0.049704,0.298066,0.980974,-0.019627,-0.097201,-0.166902
0.171002,0.141595,-0.049704,0.298066,0.980974,-0.019627,-0.097201,-0.166902
0.181053,0.141595,-0.049704,0.298066,0.980974,-0.019627,-0.097201,-0.166902
0.191104,0.141595,-0.049704,0.298066,0.980974,-0.019627,-0.097201,-0.166902
0.201155,0.141595,-0.049704,0.298066,0.980974,-0.019627,-0.097201,-0.166902
0.211206,0.141595,-0.049704,0.298066,0.980974,-0.019627,-0.097201,-0.166902
0.221257,0.141595,-0.049704,0.298066,0.980974,-0.019627,-0.097201,-0.166902
0.231375,0.141595,-0.049704,0.298066,0.980974,-0.019627,-0.097201,-0.166902
0.241426,0.141595,-0.049704,0.298066,0.980974,-0.019627,-0.097201,-0.166902
0.251477,0.141595,-0.049704,0.298066,0.980974,-0.019627,-0.097201,-0.166902
0.261528,0.141595,-0.049704,0.298066,0.980974,-0.019627,-0.097201,-0.166902
0.271580,0.141595,-0.049704,0.298066,0.980974,-0.019627,-0.097201,-0.166902
0.281631,0.141595,-0.049704,0.298066,0.980974,-0.019627,-0.097201,-0.166902
0.291658,0.141595,-0.049704,0.298066,0.980974,-0.019627,-0.097201,-0.166902
0.301710,0.141595,-0.049704,0.298066,0.980974,-0.019627,-0.097201,-0.166902
0.311762,0.141595,-0.049704,0.298066,0.980974,-0.019627,-0.097201,-0.166902
0.321814,0.141595,-0.049704,0.298066,0.980974,-0.019627,-0.097201,-0.166902
0.331866,0.141595,-0.049704,0.298066,0.980974,-0.019627,-0.097201,-0.166902
0.341917,0.141595,-0.049704,0.298066,0.980974,-0.019627,-0.097201,-0.166902
0.351968,0.141595,-0.049704,0.298066,0.980974,-0.019627,-0.097201,-0.166902
0.362020,0.141595,-0.049704,0.298066,0.980974,-0.019627,-0.097201,-0.166902
0.372085,0.141595,-0.049704,0.298066,0.980974,-0.019627,-0.097201,-0.166902
0.382138,0.141595,-0.049704,0.298066,0.980974,-0.019627,-0.097201,-0.166902
0.392189,0.141595,-0.049704,0.298066,0.980974,-0.019627,-0.097201,-0.166902
0.402241,0.141595,-0.049704,0.298066,0.980974,-0.019627,-0.097201,-0.166902
0.412293,0.141595,-0.049704,0.298066,0.980974,-0.019627,-0.097201,-0.166902
0.422344,0.141595,-0.049704,0.298066,0.980974,-0.019627,-0.097201,-0.166902
0.432395,0.141595,-0.049704,0.298066,0.980974,-0.019627,-0.097201,-0.166902
0.442446,0.141595,-0.049704,0.298066,0.980974,-0.019627,-0.097201,-0.166902
0.452497,0.141595,-0.049704,0.298066,0.980974,-0.019627,-0.097201,-0.166902
0.462548,0.141595,-0.049704,0.298066,0.980974,-0.019627,-0.097201,-0.166902
0.472600,0.141595,-0.049704,0.298066,0.980974,-0.019627,-0.097201,-0.166902
0.482651,0.141595,-0.049704,0.298066,0.980974,-0.019627,-0.097201,-0.166902
0.492704,0.141595,-0.049704,0.298066,0.980974,-0.019627,-0.097201,-0.166902
0.502755,0.141595,-0.049704,0.298066,0.980974,-0.019627,-0.097201,-0.166902
0.512806,0.141595,-0.049704,0.298066,0.980974,-0.019627,-0.097201,-0.166902
0.522858,0.141595,-0.049704,0.298066,0.980974,-0.019627,-0.097201,-0.166902
0.532909,0.141595,-0.049704,0.298066,0.980974,-0.019627,-0.097201,-0.166902
0.542961,0.141595,-0.049704,0.298066,0.980974,-0.019627,-0.097201,-0.166902
0.553012,0.141595,-0.049704,0.298066,0.980974,-0.019627,-0.097201,-0.166902
0.563064,0.141595,-0.049704,0.298066,0.980974,-0.019627,-0.097201,-0.166902
0.573115,0.141595,-0.049704,0.298066,0.980974,-0.019627,-0.097201,-0.166902
0.583167,0.141595,-0.049704,0.298066,0.980974,-0.019627,-0.097201,-0.166902
0.593219,0.141595,-0.049704,0.298066,0.980974,-0.019627,-0.097201,-0.166902
0.603272,0.141595,-0.049704,0.298066,0.980974,-0.019627,-0.097201,-0.166902
0.613324,0.141595,-0.049704,0.298066,0.980974,-0.019627,-0.097201,-0.166902
0.623375,0.141595,-0.049704,0.298066,0.980974,-0.019627,-0.097201,-0.166902
0.633476,0.141595,-0.049704,0.298066,0.980974,-0.019627,-0.097201,-0.166902
0.643527,0.141595,-0.049704,0.298066,0.980974,-0.019627,-0.097201,-0.166902
0.653579,0.141595,-0.049704,0.298066,0.980974,-0.019627,-0.097201,-0.166902
0.663630,0.141595,-0.049704,0.298066,0.980974,-0.019627,-0.097201,-0.166902
0.673658,0.141595,-0.049704,0.298066,0.980974,-0.019627,-0.097201,-0.166902
0.683710,0.141595,-0.049704,0.298066,0.980974,-0.019627,-0.097201,-0.166902
0.693762,0.141595,-0.049704,0.298066,0.980974,-0.019627,-0.097201,-0.166902
0.703814,0.141595,-0.049704,0.298066,0.980974,-0.019627,-0.097201,-0.166902
0.713866,0.141595,-0.049704,0.298066,0.980974,-0.019627,-0.097201,-0.166902
0.723917,0.141595,-0.049704,0.298066,0.980974,-0.019627,-0.097201,-0.166902
0.733969,0.141595,-0.049704,0.298066,0.980974,-0.019627,-0.097201,-0.166902
0.744021,0.141595,-0.049704,0.298066,0.980974,-0.019627,-0.097201,-0.166902
0.754073,0.141595,-0.049704,0.298066,0.980974,-0.019627,-0.097201,-0.166902
0.764125,0.141595,-0.049704,0.298066,0.980974,-0.019627,-0.097201,-0.166902
0.774177,0.141595,-0.049704,0.298066,0.980974,-0.019627,-0.097201,-0.166902
0.784229,0.141595,-0.049704,0.298066,0.980974,-0.019627,-0.097201,-0.166902
0.794281,0.141595,-0.049704,0.298066,0.980974,-0.019627,-0.097201,-0.166902
0.804332,0.141595,-0.049704,0.298066,0.980974,-0.019627,-0.097201,-0.166902
0.814381,0.141595,-0.049704,0.298066,0.980974,-0.019627,-0.097201,-0.166902
0.824451,0.141584,-0.049700,0.298198,0.980955,-0.019659,-0.097389,-0.166899
0.834499,0.141584,-0.049700,0.298198,0.980955,-0.019659,-0.097389,-0.166899
0.844548,0.141584,-0.049700,0.298198,0.980955,-0.019659,-0.097389,-0.166899
0.854599,0.141584,-0.049700,0.298198,0.980955,-0.019659,-0.097389,-0.166899
0.864647,0.141573,-0.049696,0.298331,0.980937,-0.019690,-0.097576,-0.166897
0.874698,0.141573,-0.049696,0.298331,0.980937,-0.019690,-0.097576,-0.166897
0.884751,0.141573,-0.049696,0.298331,0.980937,-0.019690,-0.097576,-0.166897
0.894800,0.141562,-0.049692,0.298463,0.980918,-0.019722,-0.097763,-0.166894
0.904852,0.141562,-0.049692,0.298463,0.980918,-0.019722,-0.097763,-0.166894
0.914901,0.141551,-0.049688,0.298596,0.980899,-0.019754,-0.097950,-0.166891
0.924951,0.141540,-0.049684,0.298728,0.980880,-0.019786,-0.098137,-0.166889
0.935002,0.141540,-0.049684,0.298728,0.980880,-0.019786,-0.098137,-0.166889
0.945054,0.141540,-0.049684,0.298728,0.980880,-0.019786,-0.098137,-0.166889
0.955106,0.141540,-0.049684,0.298728,0.980880,-0.019786,-0.098137,-0.166889
0.965154,0.141464,-0.049657,0.298911,0.980842,-0.019850,-0.098511,-0.166883
0.975204,0.141464,-0.049657,0.298911,0.980842,-0.019850,-0.098511,-0.166883
0.985257,0.141464,-0.049657,0.298911,0.980842,-0.019850,-0.098511,-0.166883
0.995306,0.141445,-0.049711,0.298911,0.980810,-0.019869,-0.098507,-0.167071
1.005357,0.141433,-0.049707,0.299043,0.980791,-0.019901,-0.098694,-0.167068
1.015425,0.141499,-0.049730,0.298994,0.980810,-0.019869,-0.098507,-0.167071
1.025475,0.141487,-0.049726,0.299126,0.980791,-0.019901,-0.098694,-0.167068
1.035523,0.141487,-0.049726,0.299126,0.980791,-0.019901,-0.098694,-0.167068
1.045574,0.141476,-0.049722,0.299259,0.980772,-0.019933,-0.098881,-0.167065
1.055625,0.141465,-0.049718,0.299391,0.980753,-0.019965,-0.099068,-0.167063
1.065674,0.141453,-0.049714,0.299524,0.980734,-0.019997,-0.099255,-0.167060
1.075724,0.141442,-0.049710,0.299656,0.980715,-0.020029,-0.099442,-0.167057
1.085772,0.141430,-0.049706,0.299789,0.980696,-0.020061,-0.099629,-0.167055
1.095822,0.141418,-0.049702,0.299921,0.980677,-0.020093,-0.099816,-0.167052
1.105874,0.141402,-0.049696,0.300150,0.980657,-0.020125,-0.100004,-0.167049
1.115925,0.141395,-0.049694,0.300186,0.980638,-0.020157,-0.100191,-0.167046
1.125975,0.141360,-0.049681,0.300584,0.980580,-0.020253,-0.100752,-0.167038
1.136023,0.141336,-0.049673,0.300849,0.980541,-0.020317,-0.101126,-0.167033
1.146072,0.141307,-0.049663,0.301210,0.980502,-0.020381,-0.101500,-0.167027
1.156123,0.141271,-0.049650,0.301607,0.980443,-0.020477,-0.102061,-0.167019
1.166171,0.141234,-0.049637,0.302005,0.980384,-0.020573,-0.102622,-0.167011
1.176221,0.141209,-0.049628,0.302270,0.980345,-0.020637,-0.102995,-0.167005
1.186270,0.141171,-0.049615,0.302667,0.980285,-0.020733,-0.103556,-0.166997
1.196320,0.141133,-0.049602,0.303064,0.980225,-0.020829,-0.104117,-0.166988
1.206391,0.141107,-0.049593,0.303329,0.980185,-0.020893,-0.104491,-0.166982
1.216440,0.141069,-0.049579,0.303726,0.980124,-0.020989,-0.105052,-0.166974
1.226492,0.140976,-0.049546,0.304040,0.980063,-0.021085,-0.105613,-0.166965
1.236540,0.140949,-0.049537,0.304305,0.980023,-0.021149,-0.105986,-0.166959
1.246589,0.140904,-0.049581,0.304570,0.979950,-0.021233,-0.106356,-0.167140
1.256642,0.140864,-0.049567,0.304967,0.979888,-0.021329,-0.106917,-0.167132
1.266690,0.140823,-0.049553,0.305364,0.979826,-0.021425,-0.107477,-0.167123
1.276741,0.140768,-0.049534,0.305893,0.979743,-0.021553,-0.108225,-0.167111
1.286789,0.140741,-0.049524,0.306158,0.979701,-0.021617,-0.108599,-0.167105
1.296839,0.140699,-0.049509,0.306555,0.979639,-0.021713,-0.109159,-0.167096
1.306890,0.140719,-0.049577,0.306770,0.979586,-0.021766,-0.109342,-0.167280
1.316939,0.140609,-0.049538,0.307216,0.979501,-0.021894,-0.110089,-0.167268
1.326989,0.140595,-0.049533,0.307348,0.979480,-0.021926,-0.110276,-0.167265
1.337037,0.140547,-0.049576,0.307612,0.979406,-0.022011,-0.110645,-0.167445
1.347085,0.140504,-0.049561,0.308009,0.979341,-0.022107,-0.111206,-0.167436
1.357136,0.140474,-0.049551,0.308273,0.979299,-0.022171,-0.111579,-0.167430
1.367184,0.140426,-0.049594,0.308538,0.979224,-0.022257,-0.111948,-0.167611
1.377234,0.140396,-0.049583,0.308802,0.979180,-0.022321,-0.112322,-0.167604
1.387282,0.140348,-0.049626,0.309067,0.979105,-0.022407,-0.112691,-0.167785
1.397360,0.140265,-0.049717,0.309463,0.978976,-0.022546,-0.113243,-0.168149
1.407412,0.140243,-0.049710,0.309691,0.978954,-0.022579,-0.113429,-0.168146
1.417463,0.140167,-0.049803,0.310051,0.978846,-0.022686,-0.113794,-0.168513
1.427515,0.140095,-0.049838,0.310543,0.978748,-0.022805,-0.114350,-0.168690
1.437565,0.140041,-0.049939,0.310675,0.978662,-0.022881,-0.114528,-0.169060
1.447614,0.139937,-0.050083,0.311072,0.978498,-0.023044,-0.115075,-0.169610
1.457666,0.139902,-0.050130,0.311204,0.978444,-0.023098,-0.115257,-0.169794
1.467714,0.139836,-0.050167,0.311600,0.978345,-0.023218,-0.115812,-0.169970
1.477765,0.139801,-0.050214,0.311732,0.978290,-0.023273,-0.115994,-0.170154
1.487817,0.139785,-0.050209,0.311864,0.978268,-0.023305,-0.116181,-0.170150
1.497868,0.139769,-0.050203,0.311996,0.978245,-0.023338,-0.116367,-0.170147
1.507919,0.139737,-0.050191,0.312260,0.978201,-0.023403,-0.116741,-0.170140
1.517967,0.139660,-0.050164,0.312405,0.978178,-0.023435,-0.116927,-0.170137
1.528017,0.139652,-0.050161,0.312560,0.978201,-0.023403,-0.116741,-0.170140
1.538069,0.139558,-0.050127,0.312837,0.978156,-0.023468,-0.117114,-0.170134
1.548119,0.139534,-0.050118,0.313125,0.978156,-0.023468,-0.117114,-0.170134
1.558170,0.139517,-0.050112,0.313316,0.978156,-0.023468,-0.117114,-0.170134
1.568219,0.139509,-0.050109,0.313532,0.978201,-0.023403,-0.116741,-0.170140
1.578271,0.139492,-0.050103,0.313783,0.978223,-0.023370,-0.116554,-0.170144
1.588334,0.139467,-0.050094,0.314130,0.978245,-0.023338,-0.116367,-0.170147
1.598387,0.139396,-0.050069,0.314298,0.978268,-0.023305,-0.116181,-0.170150
1.608439,0.139387,-0.050065,0.314454,0.978290,-0.023273,-0.115994,-0.170154
1.618487,0.139368,-0.050059,0.314764,0.978335,-0.023207,-0.115621,-0.170160
1.628536,0.139347,-0.050111,0.314884,0.978347,-0.023164,-0.115244,-0.170353
1.638588,0.139337,-0.050108,0.315098,0.978391,-0.023099,-0.114870,-0.170360
1.648636,0.139327,-0.050104,0.315254,0.978413,-0.023066,-0.114684,-0.170363
1.658686,0.139245,-0.050074,0.315517,0.978439,-0.022847,-0.114530,-0.170345
1.668739,0.139242,-0.050074,0.315637,0.978483,-0.022782,-0.114156,-0.170351
1.678789,0.139124,-0.050091,0.315972,0.978429,-0.022836,-0.114339,-0.170535
1.688840,0.139113,-0.050087,0.316128,0.978451,-0.022804,-0.114152,-0.170538
1.698888,0.139020,-0.050053,0.316487,0.978473,-0.022771,-0.113965,-0.170541
1.708938,0.138980,-0.050099,0.316738,0.978462,-0.022760,-0.113775,-0.170731
1.718987,0.138939,-0.050144,0.316988,0.978451,-0.022749,-0.113584,-0.170921
1.729038,0.138957,-0.050141,0.316975,0.978549,-0.022673,-0.113020,-0.170744
1.739089,0.138834,-0.050156,0.317370,0.978517,-0.022694,-0.113016,-0.170931
1.749137,0.138803,-0.050205,0.317525,0.978506,-0.022683,-0.112825,-0.171121
1.759187,0.138738,-0.050232,0.317944,0.978484,-0.022759,-0.113004,-0.171117
1.769238,0.138644,-0.050258,0.318052,0.978451,-0.022781,-0.113000,-0.171304
1.779289,0.138620,-0.050309,0.318171,0.978462,-0.022736,-0.112622,-0.171497
1.789340,0.138551,-0.050403,0.318458,0.978397,-0.022779,-0.112614,-0.171870
1.799392,0.138499,-0.050504,0.318613,0.978353,-0.022789,-0.112418,-0.172247
1.809441,0.138418,-0.050594,0.318995,0.978287,-0.022832,-0.112410,-0.172620
1.819491,0.138366,-0.050635,0.319281,0.978254,-0.022853,-0.112405,-0.172807
1.829541,0.138247,-0.050651,0.319640,0.978243,-0.022841,-0.112214,-0.172997
1.839593,0.138229,-0.050705,0.319722,0.978274,-0.022763,-0.111650,-0.173193
1.849641,0.138143,-0.050852,0.320031,0.978218,-0.022760,-0.111264,-0.173759
1.859691,0.138117,-0.050903,0.320150,0.978227,-0.022714,-0.110887,-0.173952
1.869742,0.137962,-0.051066,0.320376,0.978203,-0.022774,-0.110490,-0.174332
1.879790,0.137896,-0.051163,0.320626,0.978323,-0.022931,-0.110270,-0.173775
1.889841,0.137784,-0.051206,0.320852,0.978596,-0.023137,-0.109851,-0.172475
1.899892,0.137746,-0.051283,0.320970,0.978671,-0.023173,-0.109459,-0.172295
1.909943,0.137633,-0.051350,0.321160,0.978701,-0.023132,-0.108888,-0.172491
1.919994,0.137602,-0.051408,0.321278,0.978677,-0.023062,-0.108514,-0.172871
1.930042,0.137558,-0.051451,0.321551,0.978707,-0.022979,-0.107951,-0.173067
1.940094,0.137517,-0.051496,0.321764,0.978715,-0.022930,-0.107574,-0.173260
1.950145,0.137402,-0.051503,0.322085,0.978756,-0.022901,-0.107193,-0.173266
1.960194,0.137396,-0.051491,0.322203,0.978831,-0.022852,-0.106817,-0.173085
1.970246,0.137375,-0.051524,0.322344,0.978945,-0.022773,-0.106061,-0.172911
1.980294,0.137254,-0.051569,0.322546,0.978978,-0.022875,-0.106042,-0.172724
1.990345,0.137237,-0.051644,0.322532,0.979105,-0.022891,-0.105461,-0.172360
2.000394,0.137118,-0.051711,0.322721,0.979296,-0.022986,-0.104866,-0.171622
2.010445,0.137100,-0.051725,0.322838,0.979434,-0.023014,-0.104476,-0.171067
2.020497,0.136938,-0.051745,0.322944,0.979559,-0.023026,-0.103895,-0.170702
2.030548,0.136848,-0.051811,0.322941,0.979624,-0.022810,-0.103353,-0.170691
2.040600,0.136492,-0.051834,0.323274,0.979591,-0.022909,-0.103334,-0.170878
2.050651,0.136314,-0.051807,0.323546,0.979643,-0.022932,-0.103136,-0.170694
2.060702,0.136050,-0.051886,0.323662,0.979767,-0.023018,-0.102540,-0.170329
2.070754,0.135767,-0.051907,0.323982,0.979832,-0.023176,-0.102510,-0.169956
2.080806,0.135346,-0.051932,0.324251,0.979903,-0.023277,-0.102103,-0.169774
2.090858,0.135016,-0.051913,0.324486,0.979871,-0.023336,-0.102090,-0.169961
2.100912,0.134671,-0.051956,0.324684,0.979793,-0.023356,-0.101891,-0.170525
2.110962,0.134498,-0.052006,0.324728,0.979767,-0.023320,-0.101510,-0.170904
2.121015,0.134135,-0.051982,0.325129,0.979662,-0.023434,-0.101873,-0.171272
2.131067,0.133882,-0.052000,0.325257,0.979597,-0.023473,-0.101864,-0.171646
2.141118,0.133389,-0.052041,0.325416,0.979466,-0.023551,-0.101846,-0.172393
2.151170,0.132939,-0.051970,0.325935,0.979334,-0.023800,-0.102763,-0.172565
2.161229,0.132124,-0.051774,0.326613,0.979239,-0.024266,-0.104217,-0.172167
2.171280,0.131794,-0.051759,0.326784,0.979316,-0.024485,-0.104366,-0.171604
2.181331,0.131565,-0.051851,0.326993,0.979348,-0.024665,-0.104329,-0.171417
2.191383,0.131381,-0.052000,0.327250,0.979270,-0.024725,-0.104121,-0.171980
2.201435,0.131165,-0.052039,0.327496,0.979152,-0.024784,-0.104301,-0.172538
2.211486,0.130765,-0.052051,0.327950,0.979033,-0.024884,-0.104472,-0.173095
2.221538,0.130423,-0.052086,0.328429,0.978893,-0.025023,-0.104828,-0.173649
2.231590,0.129926,-0.052115,0.328927,0.978719,-0.025182,-0.105180,-0.174389
2.241641,0.129508,-0.052060,0.329200,0.978632,-0.025262,-0.105356,-0.174760
2.251658,0.128654,-0.051882,0.329922,0.978388,-0.025601,-0.106639,-0.175297
2.261710,0.128299,-0.051907,0.330435,0.978226,-0.025782,-0.107180,-0.175847
2.271762,0.128151,-0.052008,0.330581,0.978241,-0.025704,-0.106420,-0.176233
2.281814,0.127986,-0.052158,0.330706,0.978260,-0.022553,-0.106599,-0.176455
2.291866,0.127652,-0.052238,0.331015,0.978158,-0.022655,-0.106577,-0.177015
2.301918,0.127251,-0.052241,0.331404,0.978016,-0.022797,-0.106935,-0.177567
2.311969,0.126668,-0.052224,0.331940,0.977819,-0.023001,-0.107473,-0.178301
2.322021,0.126142,-0.052230,0.332502,0.977600,-0.023247,-0.108195,-0.179031
2.332073,0.125430,-0.052201,0.332921,0.977421,-0.023453,-0.108539,-0.179769
2.342124,0.125136,-0.052216,0.333132,0.977421,-0.023577,-0.108511,-0.179769
2.352194,0.124905,-0.052255,0.333355,0.977634,-0.023762,-0.108080,-0.178845
2.362246,0.124659,-0.052362,0.333521,0.977723,-0.023966,-0.107839,-0.178476
2.372298,0.124387,-0.052372,0.333637,0.977927,-0.024254,-0.107772,-0.177357
2.382350,0.123752,-0.052212,0.334207,0.978248,-0.024879,-0.108403,-0.175103
2.392401,0.123327,-0.052097,0.334502,0.978439,-0.025235,-0.108707,-0.173789
2.402453,0.122504,-0.052029,0.335026,0.978434,-0.025810,-0.109543,-0.173210
2.412505,0.122230,-0.052082,0.335067,0.978509,-0.025908,-0.109129,-0.173031
2.422557,0.121928,-0.052072,0.335294,0.978749,-0.026108,-0.108689,-0.171919
2.432609,0.121833,-0.052118,0.335248,0.978996,-0.026153,-0.107897,-0.171001
2.442658,0.121312,-0.052110,0.335688,0.979138,-0.026548,-0.107992,-0.170063
2.452710,0.120850,-0.051981,0.336107,0.979270,-0.026936,-0.108480,-0.168931
2.462762,0.120231,-0.051935,0.336372,0.979377,-0.027313,-0.108578,-0.168180
2.472814,0.119777,-0.051845,0.336696,0.979378,-0.027622,-0.109086,-0.167796
2.482866,0.119113,-0.051843,0.337067,0.979197,-0.028000,-0.109771,-0.168341
2.492918,0.118904,-0.051901,0.337135,0.979154,-0.028036,-0.109566,-0.168718
2.502977,0.118688,-0.052035,0.337093,0.979207,-0.028030,-0.108784,-0.168920
2.513041,0.118379,-0.052091,0.337239,0.979121,-0.028203,-0.108934,-0.169290
2.523103,0.117649,-0.052060,0.337575,0.978929,-0.028516,-0.109440,-0.170025
2.533165,0.117196,-0.052067,0.337730,0.978777,-0.028649,-0.109601,-0.170768
2.543228,0.116361,-0.052064,0.338105,0.978534,-0.025238,-0.110957,-0.171824
2.553292,0.116063,-0.052129,0.338175,0.978457,-0.025294,-0.110748,-0.172389
2.563357,0.115630,-0.052228,0.338090,0.978388,-0.025313,-0.110157,-0.173149
2.573409,0.115305,-0.052331,0.338195,0.978256,-0.025439,-0.110127,-0.173896
2.583460,0.114844,-0.052339,0.338345,0.978203,-0.025677,-0.110259,-0.174078
2.593510,0.114151,-0.052302,0.338506,0.978216,-0.026041,-0.110354,-0.173887
2.603561,0.113588,-0.052329,0.338694,0.978041,-0.026311,-0.110676,-0.174624
2.613612,0.113005,-0.052460,0.338773,0.977887,-0.024211,-0.110849,-0.175681
2.623658,0.112822,-0.052572,0.338635,0.977870,-0.024110,-0.110094,-0.176261
2.633667,0.112358,-0.052698,0.338579,0.977880,-0.024317,-0.109642,-0.176458
2.643730,0.111842,-0.052627,0.338726,0.977962,-0.024638,-0.109744,-0.175894
2.653792,0.111181,-0.052589,0.339002,0.978092,-0.025178,-0.109975,-0.174953
2.663859,0.110634,-0.052561,0.339183,0.978085,-0.025555,-0.110258,-0.174757
2.673923,0.110008,-0.052573,0.339256,0.978142,-0.025854,-0.109970,-0.174576
2.683985,0.109763,-0.052692,0.339279,0.978219,-0.026014,-0.109525,-0.174400
2.694049,0.109273,-0.052697,0.339436,0.978376,-0.026329,-0.109226,-0.173659
2.704111,0.108717,-0.052695,0.339829,0.978348,-0.026806,-0.109673,-0.173459
2.714173,0.108096,-0.052574,0.340061,0.978495,-0.027213,-0.109739,-0.172521
2.724236,0.107717,-0.052575,0.340159,0.978530,-0.027440,-0.109667,-0.172335
2.734297,0.107007,-0.052609,0.340424,0.978524,-0.027989,-0.109889,-0.172140
2.744358,0.106689,-0.052567,0.340392,0.978678,-0.028179,-0.109624,-0.171399
2.754422,0.106120,-0.052657,0.340397,0.978747,-0.028634,-0.109475,-0.171026
2.764487,0.105624,-0.052568,0.340475,0.978805,-0.029020,-0.109743,-0.170457
2.774552,0.105186,-0.052518,0.340587,0.978808,-0.029447,-0.110198,-0.170069
2.784608,0.104255,-0.052362,0.340811,0.978748,-0.030224,-0.111135,-0.169667
2.794671,0.103878,-0.052421,0.340812,0.978685,-0.030434,-0.111067,-0.170041
2.804727,0.103458,-0.052575,0.340776,0.978793,-0.025482,-0.111685,-0.169826
2.814788,0.102943,-0.052523,0.340849,0.978787,-0.025877,-0.111948,-0.169628
2.824854,0.102162,-0.052472,0.340919,0.978816,-0.026462,-0.112142,-0.169245
2.834916,0.101648,-0.052415,0.340989,0.978809,-0.026860,-0.112402,-0.169048
2.844980,0.100982,-0.052489,0.341058,0.978607,-0.027304,-0.112659,-0.169970
2.855043,0.100662,-0.052606,0.341057,0.978412,-0.027433,-0.112628,-0.171090
2.865111,0.099944,-0.052614,0.341124,0.978175,-0.027817,-0.112908,-0.172198
2.875176,0.099409,-0.052593,0.341190,0.978102,-0.028221,-0.113168,-0.172373
2.885239,0.098520,-0.052520,0.341357,0.978061,-0.025634,-0.114489,-0.172139
2.895303,0.098132,-0.052587,0.341351,0.977999,-0.025891,-0.114401,-0.172513
2.905367,0.097590,-0.052787,0.341306,0.977859,-0.026232,-0.114089,-0.173454
2.915428,0.097076,-0.052733,0.341330,0.977910,-0.026637,-0.114133,-0.173077
2.925491,0.096267,-0.052713,0.341382,0.977875,-0.027282,-0.114294,-0.173066
2.935554,0.095638,-0.052690,0.341438,0.977805,-0.027781,-0.114512,-0.173241
2.945615,0.094909,-0.052658,0.341524,0.977782,-0.028478,-0.114849,-0.173038
2.955677,0.094598,-0.052724,0.341514,0.977820,-0.028798,-0.114721,-0.172853
2.965742,0.093859,-0.052725,0.341561,0.977785,-0.029451,-0.114870,-0.172843
2.975805,0.093326,-0.052675,0.341613,0.977814,-0.029977,-0.115061,-0.172459
2.985869,0.092886,-0.052632,0.341631,0.978022,-0.026120,-0.115834,-0.171389
2.995933,0.092114,-0.052489,0.341741,0.978045,-0.026900,-0.116322,-0.170803
3.005995,0.091762,-0.052623,0.341729,0.977986,-0.027246,-0.116187,-0.171179
3.016057,0.091101,-0.052493,0.341732,0.978106,-0.027790,-0.116149,-0.170430
3.026120,0.090561,-0.052432,0.341814,0.978081,-0.028377,-0.116515,-0.170224
3.036181,0.089762,-0.052318,0.341954,0.977982,-0.029226,-0.117182,-0.170190
3.046242,0.089201,-0.052286,0.342071,0.977768,-0.029790,-0.117780,-0.170907
3.056305,0.088728,-0.052320,0.342009,0.977866,-0.030192,-0.117392,-0.170547
3.066371,0.088352,-0.052315,0.342023,0.977883,-0.030594,-0.117418,-0.170355
3.076433,0.087510,-0.052223,0.342227,0.977741,-0.031700,-0.118378,-0.170307
3.086494,0.087057,-0.052160,0.342307,0.977714,-0.032262,-0.118745,-0.170101
3.096554,0.086261,-0.052035,0.342437,0.977545,-0.033095,-0.119415,-0.170439
3.106616,0.085878,-0.052045,0.342449,0.977462,-0.033441,-0.119474,-0.170807
3.116678,0.085261,-0.052136,0.342449,0.977457,-0.028582,-0.120400,-0.171071
3.126741,0.084668,-0.051972,0.342586,0.977354,-0.029293,-0.121114,-0.171031
3.136802,0.083990,-0.051875,0.342589,0.977312,-0.030127,-0.121554,-0.170816
3.146864,0.083427,-0.051826,0.342693,0.977132,-0.030790,-0.122094,-0.171344
3.156927,0.082878,-0.051796,0.342688,0.977087,-0.031299,-0.122067,-0.171527
3.166992,0.082471,-0.051830,0.342694,0.977041,-0.031764,-0.122059,-0.171709
3.177057,0.081665,-0.051685,0.342845,0.976964,-0.029218,-0.123472,-0.171588
3.187118,0.081223,-0.051651,0.342863,0.976851,-0.029893,-0.123990,-0.171741
3.197179,0.080612,-0.051489,0.343025,0.976692,-0.030740,-0.124844,-0.171876
3.207242,0.080076,-0.051458,0.343033,0.976546,-0.031493,-0.125328,-0.172216
3.217303,0.079690,-0.051490,0.343019,0.976456,-0.032139,-0.125644,-0.172379
3.227365,0.079018,-0.051306,0.343112,0.976481,-0.033359,-0.126482,-0.171392
3.237428,0.078554,-0.051195,0.343245,0.976478,-0.034230,-0.127081,-0.170793
3.247488,0.077784,-0.051090,0.343462,0.976294,-0.031909,-0.128800,-0.171003
3.257550,0.077326,-0.050984,0.343596,0.976155,-0.032656,-0.129483,-0.171143
3.267614,0.076848,-0.050983,0.343603,0.976078,-0.033530,-0.129879,-0.171111
3.277678,0.076470,-0.050901,0.343706,0.976063,-0.034264,-0.130333,-0.170705
3.287743,0.075725,-0.050726,0.343911,0.975962,-0.035648,-0.131294,-0.170264
3.297807,0.075288,-0.050568,0.344037,0.975989,-0.036528,-0.131866,-0.169477
3.307868,0.074566,-0.050376,0.344244,0.975869,-0.034392,-0.133521,-0.169318
3.317931,0.074137,-0.050381,0.344347,0.975618,-0.035081,-0.134042,-0.170209
3.327994,0.073613,-0.050229,0.344279,0.975582,-0.036028,-0.134583,-0.169793
3.338047,0.073193,-0.050147,0.344282,0.975499,-0.036791,-0.135022,-0.169757
3.348104,0.072492,-0.049905,0.344478,0.975391,-0.038127,-0.135990,-0.169311
3.358157,0.072008,-0.049762,0.344504,0.975282,-0.038994,-0.136583,-0.169264
3.368210,0.071434,-0.049582,0.344551,0.975218,-0.040107,-0.137237,-0.168839
3.378264,0.071140,-0.049570,0.344405,0.975147,-0.040623,-0.137382,-0.169009
3.388316,0.070537,-0.049487,0.344237,0.974907,-0.041607,-0.137932,-0.169706
3.398368,0.070183,-0.049408,0.344115,0.974844,-0.042248,-0.138213,-0.169681
3.408525,0.069586,-0.049158,0.343966,0.974777,-0.043330,-0.138875,-0.169254
3.418590,0.069228,-0.049092,0.343844,0.974645,-0.043928,-0.139193,-0.169598
3.428655,0.068975,-0.049126,0.343577,0.974529,-0.044308,-0.139209,-0.170149
3.438717,0.068579,-0.049083,0.343135,0.974531,-0.045035,-0.139205,-0.169953
3.448780,0.068212,-0.048969,0.342912,0.974501,-0.045710,-0.139451,-0.169743
3.458843,0.067749,-0.048883,0.342495,0.974681,-0.040357,-0.140711,-0.169024
3.468899,0.067316,-0.048780,0.342394,0.974502,-0.040905,-0.141205,-0.169513
3.478952,0.067130,-0.048848,0.341745,0.974709,-0.041259,-0.140507,-0.168811
3.489016,0.066943,-0.048897,0.341318,0.974750,-0.041513,-0.140126,-0.168832
3.499080,0.066584,-0.048862,0.340806,0.974735,-0.041944,-0.139865,-0.169029
3.509142,0.066296,-0.048840,0.340489,0.974681,-0.042249,-0.139689,-0.169408
3.519202,0.066112,-0.048919,0.339678,0.974798,-0.042243,-0.138799,-0.169467
3.529266,0.065802,-0.048788,0.339384,0.974784,-0.042596,-0.138798,-0.169462
3.539321,0.065559,-0.048842,0.338891,0.974803,-0.043047,-0.138509,-0.169474
3.549376,0.065484,-0.048904,0.338404,0.974957,-0.043033,-0.137826,-0.169148
3.559433,0.065232,-0.048945,0.337741,0.975131,-0.043391,-0.137116,-0.168631
3.569489,0.065135,-0.049008,0.337325,0.975166,-0.043533,-0.136796,-0.168650
3.579547,0.064900,-0.049069,0.336836,0.975307,-0.038464,-0.137543,-0.168457
3.589608,0.064770,-0.049147,0.336328,0.975205,-0.038513,-0.137324,-0.169215
3.599662,0.064569,-0.049219,0.335623,0.975107,-0.038659,-0.137041,-0.169977
3.609721,0.064433,-0.049243,0.335327,0.975119,-0.038904,-0.136877,-0.169985
3.619778,0.064289,-0.049312,0.334810,0.975194,-0.039163,-0.136467,-0.169824
3.629835,0.064236,-0.049406,0.334273,0.975288,-0.039217,-0.135966,-0.169673
3.639900,0.064011,-0.049406,0.333683,0.975304,-0.039557,-0.135735,-0.169684
3.649955,0.063869,-0.049447,0.333388,0.975246,-0.039754,-0.135621,-0.170061
3.660067,0.063731,-0.049620,0.332756,0.975138,-0.039814,-0.135174,-0.171021
3.670130,0.063633,-0.049648,0.332243,0.975171,-0.039899,-0.134887,-0.171041
3.680190,0.063398,-0.049541,0.331992,0.975133,-0.040308,-0.135064,-0.171021
3.690252,0.063217,-0.049623,0.331378,0.975140,-0.040563,-0.134668,-0.171231
3.700313,0.063263,-0.049719,0.330815,0.975358,-0.040470,-0.134003,-0.170537
3.710373,0.063228,-0.049842,0.330060,0.975440,-0.040381,-0.133374,-0.170583
3.720431,0.063030,-0.049791,0.329691,0.975356,-0.040637,-0.133446,-0.170945
3.730492,0.062843,-0.049803,0.329198,0.975334,-0.040900,-0.133271,-0.171139
3.740554,0.062768,-0.049842,0.328780,0.975402,-0.041003,-0.132958,-0.170974
3.750614,0.062655,-0.049854,0.328168,0.975434,-0.041082,-0.132670,-0.170993
3.760674,0.062494,-0.049894,0.327777,0.975306,-0.041231,-0.132605,-0.171739
3.770739,0.062369,-0.049939,0.327168,0.975198,-0.041222,-0.132421,-0.172496
3.780798,0.062376,-0.050022,0.326732,0.975214,-0.041073,-0.132073,-0.172708
3.790856,0.062307,-0.050125,0.326100,0.975128,-0.040952,-0.131735,-0.173478
3.800911,0.062163,-0.050062,0.325830,0.975038,-0.041113,-0.131873,-0.173837
3.810976,0.061929,-0.050069,0.325461,0.975126,-0.034330,-0.133216,-0.173795
3.821041,0.061924,-0.050159,0.325021,0.975178,-0.034249,-0.132809,-0.173828
3.831101,0.061870,-0.050230,0.324385,0.975233,-0.034213,-0.132370,-0.173863
3.841154,0.061804,-0.050280,0.323970,0.975191,-0.034198,-0.132171,-0.174251
3.851207,0.061573,-0.050168,0.323623,0.975111,-0.032638,-0.132789,-0.174528
3.861267,0.061628,-0.050267,0.323062,0.975254,-0.032438,-0.132210,-0.174206
3.871330,0.061604,-0.050291,0.322422,0.975449,-0.032438,-0.131695,-0.173503
3.881391,0.061554,-0.050254,0.322219,0.975597,-0.032615,-0.131518,-0.172771
3.891538,0.061475,-0.050176,0.321819,0.975780,-0.032813,-0.131313,-0.171854
3.901598,0.061462,-0.050179,0.321495,0.975948,-0.032877,-0.130984,-0.171135
3.911659,0.061483,-0.050230,0.321053,0.976103,-0.032806,-0.130531,-0.170613
3.921721,0.061462,-0.050304,0.320514,0.976154,-0.032717,-0.130127,-0.170647
3.931779,0.061343,-0.050253,0.320339,0.976102,-0.032901,-0.130238,-0.170821
3.941840,0.061227,-0.050217,0.319849,0.976037,-0.032950,-0.130226,-0.171194
3.951898,0.061146,-0.050174,0.319456,0.976004,-0.032975,-0.130220,-0.171380
3.961959,0.061136,-0.050251,0.318921,0.975982,-0.032798,-0.129905,-0.171780
3.972023,0.061123,-0.050281,0.318604,0.976077,-0.029358,-0.130337,-0.171533
3.982084,0.061132,-0.050335,0.318068,0.976087,-0.029155,-0.130030,-0.171748
3.992147,0.061116,-0.050373,0.317753,0.976039,-0.029046,-0.129901,-0.172133
4.002210,0.061052,-0.050348,0.317458,0.976017,-0.028698,-0.129961,-0.172269
4.012273,0.061058,-0.050356,0.317141,0.976038,-0.028584,-0.129810,-0.172284
4.022332,0.061087,-0.050386,0.316605,0.976080,-0.028357,-0.129508,-0.172312
4.032394,0.061094,-0.050394,0.316287,0.976101,-0.028243,-0.129357,-0.172327
4.042446,0.061035,-0.050330,0.315894,0.976138,-0.026940,-0.129587,-0.172154
4.052497,0.061042,-0.050338,0.315576,0.976158,-0.026826,-0.129436,-0.172169
4.062557,0.060969,-0.050260,0.315084,0.976158,-0.026826,-0.129436,-0.172169
4.072619,0.061013,-0.050307,0.314646,0.976199,-0.026599,-0.129134,-0.172198
4.082680,0.061024,-0.050362,0.314109,0.976207,-0.026396,-0.128827,-0.172413
4.092743,0.060988,-0.050324,0.313947,0.976187,-0.026509,-0.128978,-0.172398
4.102811,0.061090,-0.050434,0.313452,0.976268,-0.026054,-0.128374,-0.172457
4.112873,0.061098,-0.050442,0.313134,0.976289,-0.025940,-0.128223,-0.172471
4.122933,0.061149,-0.050497,0.312828,0.976309,-0.025826,-0.128072,-0.172486
4.132993,0.061176,-0.050482,0.312511,0.976362,-0.025688,-0.127926,-0.172314
4.143053,0.061148,-0.050452,0.312313,0.976362,-0.025688,-0.127926,-0.172314
4.153116,0.061156,-0.050460,0.311995,0.976382,-0.025574,-0.127775,-0.172328
4.163179,0.061164,-0.050469,0.311677,0.976402,-0.025461,-0.127624,-0.172343
4.173244,0.061259,-0.050570,0.311216,0.976463,-0.025119,-0.127171,-0.172386
4.183304,0.061317,-0.050633,0.310875,0.976503,-0.024892,-0.126869,-0.172415
4.193366,0.061361,-0.050680,0.310436,0.976543,-0.024664,-0.126567,-0.172444
4.203429,0.061333,-0.050650,0.310239,0.976543,-0.024664,-0.126567,-0.172444
4.213490,0.061278,-0.050591,0.309844,0.976543,-0.024664,-0.126567,-0.172444
4.223554,0.061272,-0.050585,0.309427,0.976563,-0.024550,-0.126415,-0.172459
4.233615,0.061218,-0.050526,0.309033,0.976563,-0.024550,-0.126415,-0.172459
4.243674,0.061226,-0.050536,0.308714,0.976614,-0.023133,-0.126495,-0.172304
4.253736,0.061235,-0.050545,0.308395,0.976634,-0.023019,-0.126343,-0.172319
4.263800,0.061244,-0.050555,0.308077,0.976653,-0.022905,-0.126192,-0.172334
4.273861,0.061303,-0.050617,0.307736,0.976693,-0.022677,-0.125890,-0.172363
4.283924,0.061325,-0.050642,0.307516,0.976712,-0.022563,-0.125739,-0.172377
4.293987,0.061432,-0.050757,0.307152,0.976770,-0.022222,-0.125286,-0.172421
4.304051,0.061474,-0.050757,0.306932,0.976823,-0.022084,-0.125139,-0.172249
4.314112,0.061603,-0.050896,0.306348,0.976900,-0.021629,-0.124534,-0.172308
4.324175,0.061577,-0.050867,0.306150,0.976900,-0.021629,-0.124534,-0.172308
4.334237,0.061586,-0.050877,0.305831,0.976919,-0.021515,-0.124383,-0.172322
4.344296,0.061650,-0.050901,0.305391,0.976990,-0.021264,-0.124085,-0.172165
4.354357,0.061707,-0.050963,0.305049,0.977028,-0.021036,-0.123783,-0.172194
4.364416,0.061807,-0.051025,0.304487,0.977118,-0.020671,-0.123333,-0.172051
4.374479,0.061880,-0.051071,0.304146,0.977153,-0.020401,-0.123062,-0.172078
4.384538,0.061925,-0.051119,0.303705,0.977191,-0.020174,-0.122759,-0.172107
4.394604,0.062002,-0.051156,0.303363,0.977261,-0.019923,-0.122461,-0.171950
4.404672,0.062017,-0.051128,0.302945,0.977313,-0.019786,-0.122313,-0.171778
4.414732,0.062014,-0.051124,0.302526,0.977332,-0.019672,-0.122162,-0.171792
4.424797,0.062065,-0.051135,0.301986,0.977402,-0.019422,-0.121863,-0.171635
4.434858,0.062094,-0.051121,0.301667,0.977453,-0.019285,-0.121715,-0.171463
4.444918,0.062103,-0.051131,0.301347,0.977471,-0.019171,-0.121564,-0.171477
4.454981,0.062228,-0.051219,0.300981,0.977560,-0.018808,-0.121113,-0.171334
4.465042,0.062364,-0.051377,0.300495,0.977598,-0.018335,-0.120534,-0.171576
4.475093,0.062489,-0.051464,0.300129,0.977685,-0.017971,-0.120083,-0.171432
4.485149,0.062594,-0.051499,0.299886,0.977751,-0.017680,-0.119814,-0.171273
4.495211,0.062683,-0.051548,0.299642,0.977820,-0.017430,-0.119514,-0.171115
4.505275,0.062807,-0.051635,0.299276,0.977907,-0.017067,-0.119062,-0.170971
4.515333,0.062896,-0.051684,0.299032,0.977975,-0.016818,-0.118762,-0.170813
4.525391,0.063108,-0.051819,0.298421,0.978129,-0.016206,-0.118010,-0.170511
4.535450,0.063224,-0.051921,0.298056,0.978144,-0.015808,-0.117611,-0.170737
4.545509,0.063320,-0.051955,0.297849,0.978157,-0.015613,-0.117519,-0.170747
4.555570,0.063476,-0.052031,0.297450,0.978184,-0.015022,-0.117026,-0.170983
4.565628,0.063638,-0.052066,0.297083,0.978334,-0.014617,-0.116578,-0.170466
4.575689,0.063865,-0.052181,0.296472,0.978490,-0.013409,-0.115949,-0.170095
4.585749,0.064021,-0.052208,0.296139,0.978622,-0.013117,-0.115652,-0.169564
4.595812,0.064264,-0.052305,0.295528,0.978766,-0.012431,-0.114953,-0.169258
4.605875,0.064368,-0.052335,0.295283,0.978830,-0.012145,-0.114679,-0.169098
4.615934,0.064571,-0.052364,0.294693,0.979025,-0.011609,-0.114077,-0.168408
4.625994,0.064712,-0.052420,0.294325,0.979139,-0.011229,-0.113623,-0.168076
4.636053,0.064895,-0.052472,0.293903,0.979269,-0.010939,-0.113324,-0.167544
4.646113,0.065040,-0.052498,0.293606,0.979342,-0.011119,-0.113140,-0.167226
4.656165,0.065209,-0.052605,0.293154,0.979281,-0.010615,-0.112843,-0.167818
4.666225,0.065351,-0.052684,0.292791,0.979219,-0.010112,-0.112544,-0.168410
4.676284,0.065543,-0.052712,0.292430,0.979149,-0.009495,-0.112326,-0.168996
4.686346,0.065685,-0.052789,0.292066,0.979086,-0.008996,-0.112024,-0.169588
4.696404,0.065794,-0.052812,0.291767,0.978845,-0.008574,-0.112184,-0.170888
4.706466,0.065949,-0.052880,0.291404,0.978743,-0.008022,-0.111931,-0.171664
4.716524,0.066172,-0.053016,0.290833,0.978548,-0.007273,-0.111623,-0.173006
4.726586,0.066253,-0.052985,0.290616,0.978483,-0.006977,-0.111624,-0.173384
4.736648,0.066385,-0.053063,0.290326,0.978240,-0.006598,-0.111750,-0.174685
4.746710,0.066546,-0.053112,0.289960,0.978206,-0.006086,-0.111439,-0.175091
4.756769,0.066660,-0.053135,0.289716,0.978195,-0.005738,-0.111231,-0.175299
4.766834,0.066918,-0.053152,0.289323,0.978350,-0.005129,-0.110689,-0.174792
4.776898,0.067039,-0.053158,0.289077,0.978410,-0.004817,-0.110429,-0.174630
4.786961,0.067260,-0.053196,0.288624,0.978371,-0.004235,-0.110163,-0.175033
4.797023,0.067306,-0.053115,0.288565,0.978310,-0.004175,-0.110446,-0.175197
4.807085,0.067538,-0.053104,0.288143,0.978434,-0.003785,-0.110211,-0.174661
4.817144,0.067670,-0.053108,0.287913,0.978482,-0.003812,-0.110395,-0.174272
4.827211,0.067886,-0.053068,0.287596,0.978584,-0.005999,-0.110207,-0.173760
4.837273,0.068094,-0.053066,0.287208,0.978694,-0.005754,-0.110104,-0.173211
4.847335,0.068288,-0.053059,0.286930,0.978613,-0.005722,-0.110594,-0.173359
4.857396,0.068404,-0.053012,0.286863,0.978518,-0.005832,-0.111216,-0.173495
4.867459,0.068617,-0.052977,0.286546,0.978593,-0.005758,-0.111452,-0.172916
4.877525,0.068781,-0.052963,0.286245,0.978706,-0.005551,-0.111323,-0.172369
4.887586,0.068970,-0.052939,0.286118,0.978676,-0.005426,-0.111631,-0.172345
4.897646,0.069105,-0.052862,0.286013,0.978737,-0.005494,-0.112000,-0.171754
4.907704,0.069274,-0.052817,0.285822,0.978690,-0.005471,-0.112467,-0.171717
4.917767,0.069421,-0.052820,0.285558,0.978681,-0.005316,-0.112567,-0.171711
4.927826,0.069639,-0.052785,0.285204,0.978771,-0.005136,-0.112645,-0.171146
4.937885,0.069730,-0.052723,0.285153,0.978780,-0.005101,-0.112880,-0.170941
4.947945,0.069898,-0.052630,0.284898,0.978749,-0.005155,-0.113507,-0.170703
4.958007,0.070059,-0.052620,0.284767,0.978793,-0.005136,-0.113718,-0.170313
4.968074,0.070203,-0.052560,0.284591,0.978850,-0.004975,-0.113795,-0.169935
4.978136,0.070371,-0.052534,0.284404,0.978625,-0.004816,-0.114407,-0.170822
4.988197,0.070462,-0.052537,0.284265,0.978531,-0.004764,-0.114689,-0.171173
4.998262,0.070629,-0.052441,0.284127,0.978532,-0.004606,-0.114999,-0.170963
5.008329,0.070763,-0.052404,0.283953,0.978485,-0.004390,-0.115146,-0.171141
5.018392,0.070904,-0.052374,0.283952,0.978262,-0.009132,-0.114856,-0.172416
5.028458,0.071124,-0.052347,0.283680,0.978371,-0.008628,-0.114475,-0.172077
5.038521,0.071261,-0.052255,0.283597,0.978285,-0.008313,-0.114691,-0.172438
5.048581,0.071321,-0.052241,0.283548,0.978155,-0.008239,-0.114993,-0.172976
5.058643,0.071528,-0.052177,0.283249,0.978192,-0.007878,-0.114979,-0.172794
5.068707,0.071674,-0.052149,0.283004,0.978180,-0.007462,-0.114798,-0.173000
5.078771,0.071824,-0.052067,0.282903,0.978059,-0.007343,-0.115335,-0.173334
5.088834,0.071963,-0.052010,0.282727,0.978066,-0.009213,-0.115068,-0.173383
5.098894,0.072155,-0.051931,0.282498,0.978064,-0.009420,-0.115309,-0.173220
5.108953,0.072362,-0.051953,0.282169,0.978162,-0.009101,-0.115035,-0.172870
5.119013,0.072520,-0.051844,0.282065,0.978146,-0.009031,-0.115504,-0.172650
5.129073,0.072717,-0.051889,0.281738,0.978137,-0.008658,-0.115294,-0.172856
5.139136,0.072992,-0.051800,0.281483,0.978172,-0.010011,-0.115165,-0.172672
5.149199,0.073107,-0.051753,0.281342,0.978181,-0.009964,-0.115401,-0.172469
5.159259,0.073319,-0.051731,0.281083,0.978263,-0.010937,-0.115256,-0.172039
5.169324,0.073531,-0.051664,0.280878,0.978408,-0.010672,-0.115147,-0.171303
5.179454,0.073645,-0.051591,0.280677,0.978255,-0.010563,-0.115678,-0.171827
5.189516,0.073773,-0.051531,0.280536,0.978226,-0.010455,-0.115958,-0.171808
5.199579,0.074013,-0.051475,0.280241,0.978406,-0.010209,-0.115826,-0.170886
5.209642,0.074223,-0.051404,0.279918,0.978513,-0.010133,-0.116045,-0.170125
5.219701,0.074344,-0.051358,0.279740,0.978540,-0.009988,-0.116115,-0.169935
5.229763,0.074559,-0.051290,0.279419,0.978541,-0.009814,-0.116420,-0.169728
5.239823,0.074689,-0.051217,0.279316,0.978422,-0.009717,-0.116929,-0.170067
5.249885,0.074865,-0.051137,0.279122,0.978336,-0.009594,-0.117440,-0.170219
5.259946,0.075024,-0.051032,0.278944,0.978427,-0.009403,-0.117513,-0.169655
5.270010,0.075301,-0.051033,0.278661,0.978357,-0.012548,-0.116911,-0.170270
5.280074,0.075484,-0.051034,0.278593,0.978278,-0.012303,-0.117064,-0.170636
5.290135,0.075647,-0.050951,0.278473,0.978013,-0.012237,-0.118009,-0.171506
5.300198,0.075785,-0.050970,0.278342,0.977847,-0.012083,-0.118346,-0.172231
5.310258,0.076005,-0.050899,0.278193,0.977704,-0.011978,-0.119065,-0.172557
5.320321,0.076164,-0.050857,0.278095,0.977655,-0.011946,-0.119510,-0.172527
5.330380,0.076273,-0.050753,0.278097,0.977511,-0.012116,-0.120500,-0.172644
5.340441,0.076442,-0.050707,0.277962,0.977516,-0.012011,-0.120759,-0.172441
5.350504,0.076695,-0.050747,0.277695,0.977324,-0.011851,-0.121308,-0.173152
5.360567,0.076883,-0.050735,0.277471,0.977259,-0.011703,-0.121607,-0.173319
5.370630,0.077092,-0.050684,0.277454,0.977095,-0.011710,-0.122474,-0.173633
5.380693,0.077243,-0.050634,0.277352,0.977152,-0.011771,-0.122839,-0.173048
5.390763,0.077621,-0.050657,0.277175,0.977370,-0.011543,-0.122685,-0.171942
5.400824,0.077821,-0.050631,0.277199,0.977500,-0.011450,-0.122693,-0.171196
5.410886,0.078056,-0.050620,0.277134,0.977559,-0.011272,-0.122764,-0.170820
5.420945,0.078468,-0.050674,0.276986,0.977674,-0.010749,-0.122373,-0.170479
5.431005,0.078772,-0.050723,0.276956,0.977738,-0.010380,-0.122125,-0.170313
5.441064,0.079038,-0.050674,0.277061,0.977718,-0.010267,-0.122595,-0.170096
5.451124,0.079315,-0.050723,0.277100,0.977779,-0.010133,-0.122642,-0.169720
5.461185,0.079750,-0.050687,0.277017,0.978057,-0.009861,-0.122488,-0.168241
5.471227,0.080019,-0.050662,0.277011,0.978236,-0.009659,-0.122328,-0.167320
5.481279,0.080377,-0.050643,0.276957,0.978358,-0.009435,-0.122400,-0.166571
5.491341,0.080669,-0.050696,0.276961,0.978333,-0.009113,-0.122356,-0.166763
5.501403,0.080964,-0.050702,0.276903,0.978217,-0.008747,-0.122563,-0.167313
5.511466,0.081156,-0.050691,0.276964,0.978118,-0.008572,-0.122878,-0.167667
5.521529,0.081494,-0.050713,0.276950,0.977911,-0.008203,-0.123313,-0.168574
5.531591,0.081793,-0.050710,0.276853,0.977952,-0.007878,-0.123248,-0.168395
5.541650,0.082129,-0.050708,0.276664,0.977958,-0.007489,-0.123223,-0.168401
5.551715,0.082317,-0.050770,0.276596,0.977793,-0.012705,-0.122406,-0.169634
5.561779,0.082674,-0.050822,0.276451,0.977643,-0.012316,-0.122622,-0.170370
5.571844,0.082872,-0.050876,0.276383,0.977464,-0.012037,-0.122793,-0.171295
5.581910,0.083188,-0.050952,0.276139,0.977245,-0.011649,-0.123023,-0.172403
5.591975,0.083418,-0.050938,0.276069,0.977235,-0.011429,-0.123123,-0.172399
5.602028,0.083825,-0.050977,0.275755,0.977263,-0.010962,-0.122919,-0.172416
5.612094,0.084143,-0.051078,0.275399,0.977248,-0.010509,-0.122518,-0.172819
5.622157,0.084334,-0.051080,0.275229,0.977205,-0.010313,-0.122614,-0.173001
5.632217,0.084673,-0.051081,0.274977,0.977264,-0.010090,-0.122697,-0.172625
5.642281,0.084908,-0.051090,0.274642,0.977332,-0.009780,-0.122412,-0.172459
5.652345,0.085349,-0.051090,0.274420,0.977533,-0.009420,-0.122114,-0.171548
5.662405,0.085701,-0.051177,0.274121,0.977641,-0.008957,-0.121483,-0.171406
5.672466,0.086127,-0.051194,0.273730,0.977778,-0.008386,-0.120889,-0.171075
5.682525,0.086377,-0.051164,0.273583,0.977877,-0.008057,-0.120603,-0.170722
5.692588,0.086759,-0.051194,0.273488,0.977921,-0.007742,-0.120525,-0.170543
5.702652,0.087103,-0.051191,0.273349,0.978123,-0.007475,-0.120185,-0.169634
5.712711,0.087581,-0.051173,0.272992,0.978442,-0.007107,-0.119657,-0.168176
5.722772,0.087858,-0.051155,0.272920,0.978500,-0.006933,-0.119715,-0.167800
5.732831,0.088288,-0.051231,0.272770,0.978456,-0.006656,-0.119842,-0.167982
5.742892,0.088535,-0.051222,0.272601,0.978413,-0.006421,-0.119951,-0.168164
5.752950,0.088869,-0.051273,0.272442,0.978232,-0.006062,-0.120144,-0.169088
5.763008,0.089141,-0.051336,0.272241,0.978142,-0.005756,-0.120092,-0.169654
5.773068,0.089648,-0.051350,0.271922,0.978236,-0.005305,-0.119852,-0.169299
5.783127,0.089886,-0.051331,0.271787,0.978173,-0.005144,-0.120133,-0.169470
5.793190,0.090223,-0.051441,0.271664,0.977954,-0.011492,-0.119306,-0.170999
5.803243,0.090481,-0.051468,0.271553,0.977934,-0.011227,-0.119217,-0.171193
5.813300,0.090750,-0.051497,0.271421,0.977769,-0.011002,-0.119541,-0.171923
5.823361,0.091054,-0.051562,0.271277,0.977735,-0.010645,-0.119290,-0.172313
5.833420,0.091329,-0.051588,0.271092,0.977789,-0.010260,-0.118833,-0.172342
5.843472,0.091781,-0.051549,0.271009,0.978045,-0.009868,-0.118335,-0.171253
5.853536,0.092071,-0.051561,0.270991,0.978127,-0.009667,-0.118197,-0.170889
5.863595,0.092491,-0.051656,0.270984,0.978072,-0.009343,-0.118135,-0.171268
5.873656,0.092676,-0.051622,0.271032,0.978045,-0.009242,-0.118379,-0.171255
5.883717,0.092959,-0.051620,0.271085,0.977983,-0.009077,-0.118653,-0.171428
5.893780,0.093260,-0.051597,0.271102,0.978044,-0.008903,-0.118707,-0.171053
5.903845,0.093692,-0.051557,0.271087,0.978190,-0.008615,-0.118587,-0.170315
5.913908,0.093927,-0.051550,0.271100,0.978184,-0.008444,-0.118653,-0.170313
5.923972,0.094321,-0.051572,0.271122,0.978141,-0.008166,-0.118766,-0.170495
5.934033,0.094510,-0.051525,0.271167,0.978148,-0.008082,-0.118994,-0.170297
5.944096,0.094790,-0.051504,0.271253,0.978100,-0.008002,-0.119429,-0.170273
5.954159,0.095057,-0.051561,0.271231,0.978082,-0.007785,-0.119316,-0.170468
5.964222,0.095494,-0.051505,0.271212,0.978261,-0.007518,-0.119178,-0.169544
5.974285,0.095771,-0.051427,0.271184,0.978443,-0.007337,-0.119008,-0.168621
5.984347,0.096154,-0.051483,0.271166,0.978329,-0.012799,-0.117939,-0.169701
5.994410,0.096367,-0.051494,0.271211,0.978305,-0.012737,-0.118164,-0.169691
6.004470,0.096665,-0.051447,0.271257,0.978378,-0.012649,-0.118381,-0.169121
6.014525,0.096901,-0.051411,0.271301,0.978420,-0.012583,-0.118595,-0.168737
6.024587,0.097262,-0.051488,0.271316,0.978347,-0.012368,-0.118685,-0.169108
6.034650,0.097515,-0.051422,0.271359,0.978387,-0.012258,-0.118915,-0.168724
6.044790,0.097988,-0.051405,0.271337,0.978428,-0.014730,-0.118338,-0.168697
6.054854,0.098260,-0.051437,0.271346,0.978323,-0.014494,-0.118438,-0.169254
6.064918,0.098405,-0.051464,0.271425,0.978076,-0.014367,-0.118918,-0.170352
6.074982,0.098709,-0.051515,0.271509,0.977791,-0.014129,-0.119440,-0.171635
6.085043,0.098978,-0.051541,0.271515,0.977822,-0.014018,-0.119474,-0.171447
6.095103,0.099379,-0.051522,0.271522,0.977985,-0.013904,-0.119487,-0.170515
6.105167,0.099717,-0.051516,0.271527,0.978115,-0.013813,-0.119498,-0.169769
6.115232,0.100158,-0.051518,0.271571,0.978120,-0.013634,-0.119755,-0.169571
6.125296,0.100321,-0.051483,0.271683,0.977951,-0.013581,-0.120390,-0.170101
6.135357,0.100623,-0.051536,0.271763,0.977632,-0.013314,-0.120924,-0.171570
6.145420,0.100958,-0.051564,0.271731,0.977648,-0.013075,-0.120805,-0.171578
6.155484,0.101459,-0.051581,0.271697,0.977867,-0.012920,-0.120626,-0.170468
6.165548,0.101804,-0.051582,0.271663,0.977984,-0.012746,-0.120469,-0.169917
6.175609,0.102089,-0.051500,0.271809,0.977891,-0.012723,-0.121275,-0.169879
6.185673,0.102312,-0.051493,0.271847,0.977764,-0.012540,-0.121551,-0.170427
6.195736,0.102727,-0.051600,0.271814,0.977509,-0.012087,-0.121543,-0.171922
6.205800,0.102965,-0.051579,0.271814,0.977470,-0.011887,-0.121614,-0.172107
6.215861,0.103455,-0.051661,0.271703,0.977598,-0.011574,-0.121108,-0.171760
6.225923,0.103764,-0.051616,0.271664,0.977784,-0.011444,-0.120924,-0.170837
6.235986,0.104079,-0.051643,0.271698,0.977690,-0.011283,-0.121186,-0.171199
6.246050,0.104342,-0.051682,0.271696,0.977619,-0.011107,-0.121253,-0.171570
6.256116,0.104772,-0.051758,0.271619,0.977623,-0.010792,-0.120961,-0.171772
6.266170,0.105086,-0.051722,0.271542,0.977796,-0.010584,-0.120609,-0.171044
6.276235,0.105422,-0.051756,0.271464,0.977903,-0.010378,-0.120266,-0.170688
6.286295,0.105728,-0.051703,0.271459,0.977931,-0.010179,-0.120324,-0.170500
6.296357,0.106010,-0.051739,0.271382,0.977936,-0.009911,-0.120016,-0.170703
6.306416,0.106439,-0.051829,0.271263,0.978029,-0.009629,-0.119504,-0.170543
6.316476,0.106740,-0.051812,0.271183,0.978236,-0.009489,-0.119125,-0.169628
6.326535,0.107133,-0.051821,0.271135,0.978353,-0.009320,-0.118963,-0.169077
6.336596,0.107437,-0.051783,0.271091,0.978469,-0.009152,-0.118801,-0.168525
6.346660,0.107802,-0.051734,0.271044,0.978584,-0.008940,-0.118652,-0.167974
6.356719,0.108128,-0.051766,0.270997,0.978635,-0.008775,-0.118500,-0.167795
6.366772,0.108537,-0.051767,0.270912,0.978671,-0.008445,-0.118204,-0.167811
6.376825,0.108886,-0.051809,0.270754,0.978783,-0.008114,-0.117508,-0.167658
6.386885,0.109307,-0.051774,0.270666,0.978951,-0.007870,-0.117165,-0.166929
6.396948,0.109471,-0.051711,0.270827,0.978972,-0.007893,-0.117544,-0.166537
6.407012,0.109850,-0.051783,0.270680,0.978823,-0.007562,-0.117471,-0.167476
6.417076,0.110159,-0.051861,0.270630,0.978675,-0.007275,-0.117386,-0.168416
6.427140,0.110596,-0.051899,0.270573,0.978589,-0.006944,-0.117302,-0.168982
6.437201,0.110873,-0.051919,0.270524,0.978573,-0.006741,-0.117169,-0.169176
6.447262,0.111201,-0.051910,0.270604,0.978433,-0.006443,-0.117277,-0.169919
6.457326,0.111386,-0.051976,0.270629,0.978208,-0.006287,-0.117551,-0.171028
6.467391,0.111829,-0.052063,0.270401,0.978130,-0.005874,-0.117099,-0.171798
6.477445,0.112051,-0.052077,0.270352,0.978182,-0.005757,-0.116930,-0.171620
6.487507,0.112327,-0.052087,0.270298,0.978336,-0.005701,-0.116728,-0.170883
6.497570,0.112736,-0.052148,0.270330,0.978387,-0.005541,-0.116571,-0.170704
6.507631,0.112888,-0.052136,0.270392,0.978343,-0.005559,-0.116960,-0.170686
6.517693,0.113218,-0.052177,0.270238,0.978327,-0.005358,-0.116825,-0.170880
6.527756,0.113499,-0.052184,0.270184,0.978344,-0.005178,-0.116679,-0.170888
6.537819,0.113900,-0.052185,0.270084,0.978448,-0.004945,-0.116340,-0.170532
6.547883,0.114209,-0.052164,0.269955,0.978640,-0.004745,-0.115785,-0.169811
6.557947,0.114624,-0.052136,0.269914,0.978728,-0.004400,-0.115286,-0.169650
6.568012,0.114781,-0.052120,0.270035,0.978570,-0.004243,-0.115546,-0.170385
6.578081,0.115104,-0.052139,0.270010,0.978431,-0.003993,-0.115636,-0.171130
6.588145,0.115328,-0.052148,0.269957,0.978483,-0.003878,-0.115465,-0.170951
6.598208,0.115790,-0.052186,0.269739,0.978748,-0.003602,-0.114532,-0.170062
6.608273,0.116066,-0.052218,0.269644,0.978820,-0.003438,-0.114179,-0.169893
6.618337,0.116463,-0.052249,0.269503,0.978773,-0.008869,-0.112688,-0.170959
6.628399,0.116620,-0.052230,0.269562,0.978595,-0.008762,-0.113125,-0.171689
6.638462,0.116959,-0.052251,0.269461,0.978497,-0.008417,-0.112841,-0.172449
6.648525,0.117243,-0.052285,0.269327,0.978590,-0.008207,-0.112304,-0.172285
6.658589,0.117677,-0.052260,0.269109,0.978855,-0.007899,-0.111385,-0.171390
6.668654,0.117991,-0.052243,0.268938,0.979032,-0.007641,-0.110657,-0.170860
6.678669,0.118336,-0.052204,0.268966,0.979115,-0.007468,-0.110498,-0.170493
6.688733,0.118511,-0.052175,0.268949,0.979180,-0.007426,-0.110501,-0.170120
6.698797,0.118673,-0.052195,0.268896,0.979232,-0.007357,-0.110319,-0.169941
6.708859,0.119067,-0.052257,0.268675,0.979428,-0.007094,-0.109395,-0.169418
6.718918,0.119352,-0.052322,0.268465,0.979591,-0.006851,-0.108471,-0.169081
6.728983,0.119797,-0.052306,0.268170,0.979855,-0.006432,-0.107192,-0.168385
6.739044,0.120091,-0.052349,0.267959,0.979948,-0.006114,-0.106295,-0.168422
6.749107,0.120344,-0.052323,0.267923,0.979823,-0.011159,-0.104883,-0.169772
6.759170,0.120467,-0.052337,0.267839,0.979694,-0.010892,-0.104574,-0.170718
6.769234,0.120893,-0.052367,0.267542,0.979758,-0.010371,-0.103342,-0.171135
6.779301,0.121158,-0.052330,0.267372,0.979897,-0.010107,-0.102620,-0.170786
6.789368,0.121589,-0.052341,0.267073,0.980025,-0.009631,-0.101371,-0.170829
6.799432,0.121900,-0.052343,0.266858,0.980115,-0.009287,-0.100479,-0.170859
6.809497,0.122246,-0.052408,0.266601,0.980056,-0.008810,-0.099439,-0.171830
6.819560,0.122423,-0.052405,0.266605,0.980057,-0.008627,-0.099096,-0.172029
6.829625,0.122693,-0.052498,0.266389,0.980079,-0.008328,-0.098198,-0.172433
6.839671,0.122971,-0.052565,0.266172,0.980200,-0.008082,-0.097278,-0.172276
6.849727,0.123442,-0.052614,0.265825,0.980405,-0.007647,-0.095815,-0.171950
6.859791,0.123737,-0.052642,0.265607,0.980523,-0.007368,-0.094903,-0.171793
6.869827,0.124069,-0.052704,0.265477,0.980574,-0.007056,-0.094005,-0.172010
6.879890,0.124183,-0.052727,0.265390,0.980541,-0.006898,-0.093658,-0.172395
6.889943,0.124376,-0.052692,0.265296,0.980506,-0.006671,-0.093328,-0.172781
6.900005,0.124636,-0.052656,0.265120,0.980605,-0.006406,-0.092607,-0.172617
6.910070,0.124882,-0.052650,0.264944,0.980737,-0.006194,-0.091871,-0.172267
6.920130,0.125393,-0.052589,0.264591,0.981032,-0.005754,-0.090399,-0.171378
6.930195,0.125690,-0.052604,0.264369,0.981179,-0.005499,-0.089477,-0.171033
6.940255,0.126026,-0.052635,0.264176,0.981308,-0.005289,-0.088740,-0.170681
6.950316,0.126130,-0.052623,0.264197,0.981324,-0.005316,-0.088926,-0.170488
6.960374,0.126316,-0.052636,0.264275,0.981342,-0.005447,-0.089474,-0.170097
6.970440,0.126460,-0.052641,0.264324,0.981342,-0.005517,-0.089845,-0.169898
6.980503,0.126765,-0.052658,0.264312,0.981391,-0.005527,-0.090032,-0.169518
6.990562,0.127008,-0.052714,0.264271,0.981390,-0.005494,-0.090040,-0.169518
7.000625,0.127497,-0.052857,0.264211,0.981323,-0.005291,-0.089706,-0.170090
7.010689,0.127795,-0.052965,0.264051,0.981271,-0.005080,-0.089179,-0.170669
7.020747,0.127926,-0.052974,0.264268,0.981007,-0.009597,-0.089182,-0.171991
7.030807,0.128032,-0.052944,0.264324,0.980907,-0.009583,-0.089579,-0.172355
7.040866,0.128315,-0.052892,0.264414,0.980822,-0.009459,-0.089806,-0.172723
7.050926,0.128530,-0.052887,0.264379,0.980821,-0.009392,-0.089822,-0.172723
7.060985,0.128801,-0.052828,0.264637,0.980870,-0.009466,-0.090383,-0.172147
7.071052,0.129080,-0.052830,0.264519,0.980969,-0.009348,-0.090016,-0.171783
7.081113,0.129338,-0.052707,0.264616,0.981083,-0.009321,-0.090208,-0.171029
7.091177,0.129457,-0.052641,0.264767,0.981115,-0.009370,-0.090582,-0.170645
7.101229,0.129555,-0.052566,0.265257,0.981080,-0.009586,-0.091698,-0.170241
7.111291,0.129679,-0.052492,0.265504,0.981144,-0.009652,-0.092066,-0.169669
7.121353,0.129736,-0.052448,0.265664,0.981175,-0.009734,-0.092432,-0.169285
7.131412,0.129959,-0.052435,0.265916,0.981207,-0.009682,-0.092442,-0.169098
7.141472,0.130121,-0.052444,0.266176,0.981239,-0.009665,-0.092444,-0.168911
7.151531,0.130466,-0.052586,0.266386,0.981259,-0.012347,-0.091404,-0.169188
7.161594,0.130710,-0.052696,0.266554,0.981260,-0.012247,-0.091039,-0.169384
7.171653,0.131102,-0.052868,0.266848,0.981278,-0.012106,-0.090488,-0.169584
7.181713,0.131193,-0.052905,0.267154,0.981261,-0.012148,-0.090674,-0.169580
7.191773,0.131246,-0.052869,0.267638,0.981243,-0.012255,-0.091232,-0.169379
7.201833,0.131278,-0.052882,0.268027,0.981192,-0.012379,-0.091788,-0.169366
7.211898,0.131398,-0.052815,0.268598,0.981205,-0.012468,-0.092349,-0.168978
7.221962,0.131514,-0.052804,0.268770,0.981237,-0.012450,-0.092351,-0.168791
7.232020,0.131758,-0.052757,0.269116,0.981236,-0.012346,-0.092374,-0.168791
7.242082,0.131928,-0.052758,0.269375,0.981138,-0.012225,-0.092405,-0.169352
7.252141,0.132276,-0.052753,0.269759,0.980991,-0.011960,-0.092277,-0.170292
7.262207,0.132579,-0.052748,0.269792,0.980976,-0.011702,-0.091753,-0.170679
7.272270,0.132870,-0.052747,0.270089,0.980893,-0.011508,-0.091605,-0.171245
7.282329,0.132954,-0.052653,0.270440,0.980792,-0.011449,-0.092008,-0.171609
7.292386,0.133072,-0.052601,0.271011,0.980575,-0.011378,-0.092613,-0.172531
7.302446,0.133187,-0.052569,0.271448,0.980473,-0.011352,-0.093010,-0.172895
7.312505,0.133262,-0.052491,0.271799,0.980471,-0.011377,-0.093391,-0.172699
7.322565,0.133384,-0.052471,0.271971,0.980537,-0.011376,-0.093388,-0.172325
7.332628,0.133536,-0.052532,0.272095,0.980555,-0.011337,-0.093202,-0.172330
7.342687,0.133690,-0.052544,0.272617,0.980520,-0.011380,-0.093581,-0.172320
7.352747,0.133838,-0.052603,0.272874,0.980520,-0.011380,-0.093581,-0.172320
7.362807,0.134146,-0.052725,0.273121,0.980554,-0.011302,-0.093210,-0.172329
7.372864,0.134355,-0.052809,0.273197,0.980589,-0.011225,-0.092838,-0.172339
7.382926,0.134745,-0.052905,0.273263,0.980690,-0.011052,-0.092096,-0.172170
7.392985,0.134840,-0.052942,0.273566,0.980673,-0.011091,-0.092282,-0.172165
7.403045,0.134839,-0.052883,0.274097,0.980637,-0.011228,-0.093028,-0.171960
7.413103,0.134904,-0.052849,0.274315,0.980653,-0.011249,-0.093216,-0.171768
7.423161,0.134902,-0.052789,0.274846,0.980616,-0.011386,-0.093962,-0.171563
7.433222,0.134911,-0.052733,0.275111,0.980614,-0.011445,-0.094336,-0.171367
7.443282,0.135026,-0.052719,0.275414,0.980629,-0.011465,-0.094524,-0.171175
7.453344,0.135216,-0.052675,0.275669,0.980694,-0.011429,-0.094528,-0.170801
7.463405,0.135438,-0.052703,0.276009,0.980727,-0.011411,-0.094531,-0.170614
7.473458,0.135553,-0.052689,0.276312,0.980742,-0.011432,-0.094719,-0.170422
7.483518,0.135877,-0.052638,0.276471,0.980874,-0.011301,-0.094353,-0.169870
7.493581,0.136125,-0.052616,0.276677,0.980956,-0.011227,-0.094172,-0.169501
7.503642,0.136507,-0.052585,0.276786,0.981105,-0.011058,-0.093620,-0.168953
7.513702,0.136813,-0.052585,0.276943,0.981205,-0.010947,-0.093252,-0.168588
7.523765,0.136914,-0.052444,0.277293,0.981266,-0.010969,-0.093630,-0.168017
7.533825,0.136937,-0.052333,0.277692,0.981278,-0.011047,-0.094193,-0.167629
7.543885,0.136940,-0.052274,0.278090,0.981257,-0.011142,-0.094753,-0.167428
7.553949,0.136956,-0.052161,0.278621,0.981250,-0.011257,-0.095502,-0.167036
7.564009,0.136938,-0.052154,0.279019,0.981197,-0.011370,-0.096060,-0.167022
7.574073,0.137086,-0.052211,0.279405,0.981179,-0.011408,-0.096246,-0.167018
7.584127,0.137239,-0.052270,0.279658,0.981179,-0.011408,-0.096246,-0.167018
7.594186,0.137394,-0.052330,0.279911,0.981179,-0.011408,-0.096246,-0.167018
7.604246,0.137490,-0.052367,0.280212,0.981161,-0.011446,-0.096432,-0.167013
7.614310,0.137636,-0.052433,0.280597,0.981111,-0.011466,-0.096623,-0.167196
7.624375,0.137797,-0.052495,0.280717,0.981129,-0.011428,-0.096437,-0.167200
7.634434,0.138001,-0.052584,0.281053,0.981096,-0.011410,-0.096442,-0.167387
7.644495,0.138215,-0.052666,0.281256,0.981114,-0.011372,-0.096256,-0.167392
7.654556,0.138481,-0.052769,0.281543,0.981132,-0.011335,-0.096070,-0.167396
7.664618,0.138456,-0.052759,0.282074,0.981060,-0.011485,-0.096814,-0.167378
7.674682,0.138431,-0.052749,0.282605,0.980988,-0.011636,-0.097559,-0.167359
7.684743,0.138411,-0.052742,0.283003,0.980934,-0.011749,-0.098117,-0.167346
7.694803,0.138440,-0.052763,0.283485,0.980846,-0.011844,-0.098680,-0.167519
7.704861,0.138531,-0.052798,0.283918,0.980810,-0.011919,-0.099052,-0.167509
7.714922,0.138641,-0.052780,0.284350,0.980804,-0.011975,-0.099426,-0.167313
7.724981,0.138687,-0.052797,0.284567,0.980786,-0.012013,-0.099612,-0.167308
7.735043,0.138801,-0.052790,0.284867,0.980767,-0.012013,-0.099806,-0.167303
7.745107,0.138836,-0.052814,0.285216,0.980698,-0.012069,-0.100183,-0.167481
7.755270,0.138922,-0.052843,0.285781,0.980480,-0.012050,-0.100775,-0.168401
7.765332,0.138978,-0.052833,0.285998,0.980396,-0.012012,-0.100979,-0.168771
7.775391,0.139007,-0.052873,0.286346,0.980260,-0.012030,-0.101367,-0.169322
7.785451,0.139132,-0.052838,0.286646,0.980143,-0.014383,-0.101158,-0.169942
7.795510,0.139221,-0.052901,0.286946,0.980026,-0.014363,-0.101358,-0.170498
7.805563,0.139372,-0.052936,0.287462,0.979889,-0.014340,-0.101753,-0.171050
7.815625,0.139420,-0.052923,0.287810,0.979785,-0.014336,-0.102142,-0.171415
7.825684,0.139714,-0.052971,0.288095,0.979672,-0.014146,-0.101990,-0.172167
7.835745,0.139888,-0.053014,0.288308,0.979591,-0.014015,-0.101825,-0.172731
7.845806,0.140063,-0.052988,0.288823,0.979519,-0.013990,-0.102217,-0.172909
7.855859,0.140049,-0.052931,0.289353,0.979442,-0.014094,-0.102970,-0.172891
7.865923,0.140006,-0.052924,0.290016,0.979312,-0.014252,-0.103906,-0.173056
7.875986,0.139998,-0.052869,0.290414,0.979253,-0.014319,-0.104473,-0.173042
7.886045,0.140017,-0.052877,0.291027,0.979175,-0.014461,-0.105218,-0.173024
7.896108,0.140135,-0.052860,0.291326,0.979188,-0.014476,-0.105407,-0.172833
7.906171,0.140191,-0.052821,0.291674,0.979181,-0.014527,-0.105782,-0.172637
7.916231,0.140185,-0.052757,0.292072,0.979118,-0.016854,-0.105949,-0.172679
7.926289,0.140223,-0.052710,0.292685,0.979071,-0.016975,-0.106698,-0.172476
7.936348,0.140200,-0.052711,0.293047,0.978997,-0.017025,-0.107075,-0.172654
7.946406,0.140243,-0.052728,0.293358,0.978977,-0.017060,-0.107261,-0.172650
7.956468,0.140224,-0.052720,0.293623,0.978936,-0.017131,-0.107634,-0.172642
7.966569,0.140187,-0.052706,0.294153,0.978855,-0.017272,-0.108379,-0.172625
7.976630,0.140188,-0.052646,0.294418,0.978846,-0.017322,-0.108755,-0.172430
7.986691,0.140096,-0.052611,0.294865,0.978764,-0.017462,-0.109500,-0.172413
7.996753,0.140076,-0.052542,0.295395,0.978714,-0.017582,-0.110248,-0.172209
8.006817,0.140056,-0.052535,0.295660,0.978672,-0.017652,-0.110621,-0.172200
8.016878,0.140056,-0.052413,0.296190,0.978653,-0.017750,-0.111372,-0.171810
8.026943,0.140021,-0.052409,0.296587,0.978557,-0.017834,-0.111936,-0.171983
8.037002,0.140053,-0.052360,0.297200,0.978484,-0.019073,-0.112487,-0.171908
8.047063,0.140050,-0.052237,0.297729,0.978463,-0.019170,-0.113240,-0.171518
8.057123,0.140057,-0.052118,0.298126,0.978464,-0.019231,-0.113806,-0.171133
8.067188,0.140055,-0.052057,0.298391,0.978453,-0.019279,-0.114182,-0.170938
8.077249,0.140031,-0.051987,0.298921,0.978399,-0.019396,-0.114931,-0.170734
8.087313,0.140000,-0.051966,0.299318,0.978366,-0.019522,-0.115485,-0.170535
8.097373,0.139954,-0.051949,0.299847,0.978278,-0.019661,-0.116229,-0.170518
8.107434,0.139950,-0.051886,0.300112,0.978266,-0.019709,-0.116606,-0.170323
8.117494,0.139896,-0.051927,0.300508,0.978167,-0.019835,-0.117160,-0.170497
8.127554,0.139860,-0.051913,0.300905,0.978100,-0.019939,-0.117719,-0.170484
8.137613,0.139800,-0.051891,0.301567,0.977988,-0.020113,-0.118650,-0.170463
8.147667,0.139771,-0.051880,0.301927,0.977943,-0.020183,-0.119022,-0.170454
8.157729,0.139722,-0.051862,0.302456,0.977852,-0.020322,-0.119766,-0.170437
8.167789,0.139714,-0.051859,0.302648,0.977852,-0.020322,-0.119766,-0.170437
8.177852,0.139688,-0.051849,0.303069,0.977829,-0.020357,-0.119952,-0.170432
8.187915,0.139637,-0.051830,0.303598,0.977738,-0.020496,-0.120697,-0.170415
8.197974,0.139620,-0.051824,0.303826,0.977715,-0.020531,-0.120883,-0.170410
8.208035,0.139580,-0.051809,0.304379,0.977669,-0.020600,-0.121255,-0.170401
8.218099,0.139566,-0.051804,0.304667,0.977669,-0.020600,-0.121255,-0.170401
8.228158,0.139537,-0.051793,0.305243,0.977669,-0.020600,-0.121255,-0.170401
8.238219,0.139522,-0.051787,0.305532,0.977669,-0.020600,-0.121255,-0.170401
8.248278,0.139501,-0.051779,0.305916,0.977669,-0.020600,-0.121255,-0.170401
8.258334,0.139494,-0.051777,0.306168,0.977692,-0.020565,-0.121069,-0.170406
8.268400,0.139481,-0.051772,0.306516,0.977715,-0.020531,-0.120883,-0.170410
8.278463,0.139450,-0.051761,0.306936,0.977692,-0.020565,-0.121069,-0.170406
8.288525,0.139450,-0.051761,0.307152,0.977738,-0.020496,-0.120697,-0.170415
8.298586,0.139447,-0.051759,0.307308,0.977761,-0.020461,-0.120511,-0.170419
8.308648,0.139432,-0.051754,0.307656,0.977784,-0.020426,-0.120325,-0.170423
8.318710,0.139408,-0.051745,0.308040,0.977784,-0.020426,-0.120325,-0.170423
8.328769,0.139401,-0.051742,0.308352,0.977829,-0.020357,-0.119952,-0.170432
8.338830,0.139405,-0.051744,0.308472,0.977875,-0.020287,-0.119580,-0.170441
8.348891,0.139412,-0.051746,0.308652,0.977943,-0.020183,-0.119022,-0.170454
8.358951,0.139401,-0.051742,0.308904,0.977965,-0.020148,-0.118836,-0.170458
8.369014,0.139366,-0.051729,0.309324,0.977943,-0.020183,-0.119022,-0.170454
8.379078,0.139361,-0.051727,0.309479,0.977965,-0.020148,-0.118836,-0.170458
8.389136,0.139358,-0.051726,0.309695,0.978010,-0.020079,-0.118463,-0.170467
8.399197,0.139338,-0.051718,0.309983,0.978010,-0.020079,-0.118463,-0.170467
8.409365,0.139318,-0.051711,0.310331,0.978033,-0.020044,-0.118277,-0.170471
8.419425,0.139304,-0.051706,0.310522,0.978033,-0.020044,-0.118277,-0.170471
8.429484,0.139298,-0.051704,0.310678,0.978055,-0.020009,-0.118091,-0.170475
8.439544,0.139270,-0.051693,0.311122,0.978078,-0.019974,-0.117905,-0.170480
8.449604,0.139272,-0.051694,0.311241,0.978122,-0.019905,-0.117533,-0.170488
8.459665,0.139251,-0.051686,0.311589,0.978145,-0.019870,-0.117347,-0.170493
8.469728,0.139252,-0.051687,0.311708,0.978189,-0.019800,-0.116974,-0.170501
8.479783,0.139246,-0.051684,0.311923,0.978234,-0.019731,-0.116602,-0.170510
8.489843,0.139231,-0.051679,0.312175,0.978256,-0.019696,-0.116416,-0.170514
8.499906,0.139138,-0.051644,0.312511,0.978234,-0.019731,-0.116602,-0.170510
8.509971,0.139146,-0.051647,0.312535,0.978278,-0.019661,-0.116229,-0.170518
8.520031,0.139069,-0.051618,0.312799,0.978300,-0.019626,-0.116043,-0.170522
8.530093,0.139033,-0.051665,0.313050,0.978289,-0.019614,-0.115853,-0.170713
8.540156,0.138930,-0.051627,0.313483,0.978267,-0.019649,-0.116040,-0.170709
8.550220,0.138913,-0.051620,0.313734,0.978289,-0.019614,-0.115853,-0.170713
8.560281,0.138920,-0.051623,0.313877,0.978377,-0.019475,-0.115109,-0.170730
8.570344,0.138894,-0.051613,0.314164,0.978377,-0.019475,-0.115109,-0.170730
8.580397,0.138875,-0.051606,0.314475,0.978421,-0.019405,-0.114736,-0.170739
8.590461,0.138873,-0.051605,0.314594,0.978464,-0.019335,-0.114364,-0.170747
8.600525,0.138845,-0.051595,0.314941,0.978486,-0.019300,-0.114177,-0.170751
8.610586,0.138835,-0.051591,0.315096,0.978508,-0.019266,-0.113991,-0.170755
8.620653,0.138718,-0.051608,0.315432,0.978454,-0.019322,-0.114174,-0.170938
8.630716,0.138707,-0.051604,0.315587,0.978475,-0.019287,-0.113988,-0.170942
8.640778,0.138618,-0.051570,0.315827,0.978454,-0.019322,-0.114174,-0.170938
8.650842,0.138543,-0.051542,0.316055,0.978497,-0.019252,-0.113801,-0.170946
8.660903,0.138434,-0.051501,0.316486,0.978475,-0.019287,-0.113988,-0.170942
8.670965,0.138393,-0.051546,0.316737,0.978464,-0.019274,-0.113798,-0.171133
8.681029,0.138389,-0.051545,0.316856,0.978507,-0.019204,-0.113425,-0.171141
8.691092,0.138357,-0.051533,0.317202,0.978529,-0.019169,-0.113239,-0.171145
8.701155,0.138327,-0.051522,0.317489,0.978529,-0.019169,-0.113239,-0.171145
8.711217,0.138292,-0.051499,0.317812,0.978540,-0.019226,-0.113421,-0.170954
8.721280,0.138263,-0.051488,0.318039,0.978519,-0.019261,-0.113607,-0.170950
8.731343,0.138231,-0.051536,0.318194,0.978507,-0.019247,-0.113417,-0.171141
8.741404,0.138200,-0.051524,0.318481,0.978507,-0.019247,-0.113417,-0.171141
8.751467,0.138093,-0.051544,0.318744,0.978496,-0.019234,-0.113227,-0.171332
8.761530,0.138061,-0.051532,0.319031,0.978496,-0.019234,-0.113227,-0.171332
8.771594,0.138018,-0.051516,0.319413,0.978496,-0.019234,-0.113227,-0.171332
8.781658,0.137894,-0.051530,0.319748,0.978442,-0.019291,-0.113410,-0.171514
8.791720,0.137892,-0.051529,0.319889,0.978528,-0.019151,-0.112665,-0.171531
8.801784,0.137866,-0.051579,0.320008,0.978538,-0.019102,-0.112289,-0.171726
8.811845,0.137813,-0.051610,0.320354,0.978556,-0.019296,-0.112062,-0.171751
8.821909,0.137786,-0.051719,0.320340,0.978554,-0.019233,-0.111496,-0.172137
8.831971,0.137611,-0.051874,0.320698,0.978509,-0.019325,-0.111286,-0.172514
8.842025,0.137582,-0.051904,0.320853,0.978564,-0.019353,-0.111088,-0.172332
8.852088,0.137468,-0.051961,0.321019,0.978585,-0.019402,-0.110885,-0.172336
8.862152,0.137443,-0.051993,0.321197,0.978681,-0.019358,-0.110315,-0.172161
8.872216,0.137343,-0.052014,0.321364,0.978669,-0.019343,-0.110125,-0.172352
8.882280,0.137310,-0.052062,0.321541,0.978699,-0.019256,-0.109563,-0.172551
8.892345,0.137262,-0.052104,0.321791,0.978687,-0.019241,-0.109373,-0.172742
8.902409,0.137237,-0.052154,0.321932,0.978737,-0.019118,-0.108625,-0.172944
8.912471,0.137200,-0.052140,0.322218,0.978737,-0.019118,-0.108625,-0.172944
8.922534,0.137159,-0.052184,0.322431,0.978745,-0.019067,-0.108249,-0.173139
8.932596,0.137129,-0.052292,0.322417,0.978740,-0.019000,-0.107683,-0.173524
8.942661,0.137014,-0.052368,0.322547,0.978715,-0.018969,-0.107304,-0.173906
8.952726,0.136957,-0.052466,0.322702,0.978669,-0.018974,-0.107110,-0.174283
8.962790,0.136834,-0.052538,0.322868,0.978623,-0.018978,-0.106917,-0.174660
8.972855,0.136796,-0.052644,0.322891,0.978597,-0.018947,-0.106537,-0.175042
8.982917,0.136687,-0.052721,0.322984,0.978590,-0.018878,-0.105972,-0.175427
8.992970,0.136669,-0.052774,0.323007,0.978597,-0.018825,-0.105596,-0.175621
9.003032,0.136552,-0.052849,0.323136,0.978570,-0.018792,-0.105217,-0.176003
9.013093,0.136476,-0.052879,0.323134,0.978596,-0.018703,-0.104655,-0.176201
9.023155,0.136280,-0.052922,0.323371,0.978569,-0.018670,-0.104276,-0.176582
9.033218,0.136102,-0.052912,0.323585,0.978535,-0.018689,-0.104272,-0.176769
9.043281,0.135928,-0.052894,0.323821,0.978575,-0.018656,-0.103892,-0.176777
9.053343,0.135756,-0.052887,0.323998,0.978561,-0.018639,-0.103702,-0.176967
9.063447,0.135431,-0.052819,0.324329,0.978527,-0.018658,-0.103699,-0.177154
9.073511,0.135207,-0.052790,0.324422,0.978513,-0.018641,-0.103509,-0.177344
9.083574,0.134980,-0.052701,0.324646,0.978513,-0.018641,-0.103509,-0.177344
9.093635,0.134599,-0.052660,0.324797,0.978479,-0.018700,-0.103498,-0.177531
9.103697,0.134365,-0.052607,0.324962,0.978493,-0.018797,-0.103672,-0.177341
9.113761,0.134141,-0.052570,0.325053,0.978682,-0.018936,-0.103449,-0.176411
9.123826,0.133967,-0.052512,0.325301,0.978797,-0.019092,-0.103609,-0.175661
9.133890,0.133578,-0.052438,0.325523,0.978992,-0.019423,-0.103927,-0.174346
9.143951,0.133328,-0.052398,0.325722,0.979086,-0.019658,-0.104264,-0.173592
9.154013,0.132885,-0.052369,0.326109,0.979172,-0.020070,-0.104952,-0.172642
9.164076,0.132474,-0.052255,0.326496,0.979256,-0.020406,-0.105655,-0.171693
9.174140,0.131833,-0.052114,0.326949,0.979253,-0.020784,-0.106543,-0.171113
9.184201,0.131553,-0.052099,0.327241,0.979213,-0.020944,-0.106896,-0.171106
9.194268,0.131462,-0.052014,0.327476,0.979355,-0.021085,-0.107058,-0.170168
9.204332,0.131353,-0.052067,0.327544,0.979376,-0.021127,-0.106856,-0.170172
9.214395,0.131275,-0.052142,0.327792,0.979364,-0.021148,-0.106657,-0.170362
9.224462,0.131139,-0.052126,0.328122,0.979376,-0.021249,-0.106829,-0.170172
9.234524,0.130830,-0.052078,0.328602,0.979400,-0.021451,-0.107173,-0.169790
9.244587,0.130469,-0.052037,0.328939,0.979306,-0.021633,-0.107715,-0.169966
9.254646,0.130038,-0.052054,0.329500,0.979065,-0.021629,-0.108486,-0.170863
9.264707,0.129767,-0.052001,0.329790,0.978991,-0.021731,-0.108852,-0.171042
9.274772,0.129212,-0.051879,0.330441,0.978833,-0.022036,-0.109950,-0.171204
9.284836,0.128789,-0.051763,0.330821,0.978716,-0.022220,-0.110686,-0.171374
9.294897,0.128591,-0.051739,0.331064,0.978662,-0.022282,-0.110867,-0.171557
9.304958,0.128371,-0.051763,0.331328,0.978618,-0.022283,-0.110674,-0.171934
9.315017,0.128336,-0.051863,0.331313,0.978616,-0.022203,-0.110110,-0.172320
9.325079,0.128226,-0.052045,0.331487,0.978547,-0.022164,-0.109538,-0.173079
9.335142,0.128062,-0.052149,0.331685,0.978448,-0.022227,-0.109525,-0.173639
9.345206,0.127924,-0.052253,0.331773,0.978444,-0.022187,-0.108952,-0.174024
9.355269,0.127712,-0.052279,0.331979,0.978378,-0.022228,-0.108944,-0.174398
9.365331,0.127291,-0.052274,0.332462,0.978236,-0.022373,-0.109301,-0.174949
9.375394,0.127000,-0.052275,0.332712,0.978115,-0.022436,-0.109482,-0.175505
9.385458,0.126574,-0.052370,0.333028,0.977981,-0.022561,-0.109456,-0.176251
9.395519,0.126265,-0.052409,0.333277,0.977859,-0.022665,-0.109628,-0.176806
9.405581,0.125735,-0.052354,0.333623,0.977694,-0.022853,-0.110170,-0.177353
9.415644,0.125323,-0.052281,0.333829,0.977618,-0.023000,-0.110525,-0.177531
9.425670,0.125073,-0.052268,0.333910,0.977640,-0.023042,-0.110321,-0.177536
9.435734,0.124879,-0.052268,0.334055,0.977653,-0.023189,-0.110482,-0.177345
9.445795,0.124804,-0.052449,0.334040,0.977784,-0.023313,-0.109869,-0.176985
9.455857,0.124786,-0.052551,0.333931,0.977949,-0.023372,-0.109271,-0.176438
9.465920,0.124528,-0.052567,0.333974,0.978192,-0.023575,-0.108832,-0.175327
9.475973,0.124263,-0.052562,0.334090,0.978293,-0.023761,-0.108787,-0.174767
9.486089,0.123834,-0.052456,0.334386,0.978451,-0.024097,-0.109094,-0.173640
9.496148,0.123565,-0.052457,0.334501,0.978518,-0.024263,-0.109053,-0.173267
9.506207,0.123320,-0.052423,0.334580,0.978605,-0.024343,-0.108838,-0.172897
9.516267,0.122889,-0.052342,0.334838,0.978684,-0.024574,-0.108976,-0.172333
9.526325,0.122412,-0.052194,0.335082,0.978720,-0.024854,-0.109491,-0.171761
9.536387,0.122151,-0.052131,0.335252,0.978913,-0.023295,-0.109558,-0.170831
9.546444,0.122017,-0.052154,0.335409,0.978967,-0.023353,-0.109348,-0.170649
9.556505,0.121986,-0.052267,0.335320,0.979104,-0.023268,-0.108392,-0.170484
9.566564,0.121771,-0.052328,0.335427,0.979039,-0.023350,-0.108372,-0.170857
9.576625,0.121337,-0.052300,0.335899,0.978909,-0.023131,-0.108792,-0.171367
9.586670,0.121050,-0.052337,0.336012,0.978811,-0.023193,-0.108779,-0.171927
9.596729,0.120612,-0.052351,0.336425,0.978650,-0.023437,-0.109306,-0.172474
9.606790,0.120405,-0.052368,0.336567,0.978563,-0.023525,-0.109481,-0.172843
9.616848,0.120009,-0.052464,0.336685,0.978398,-0.023629,-0.109459,-0.173776
9.626909,0.119747,-0.052399,0.336869,0.978323,-0.023744,-0.109822,-0.173954
9.636971,0.119212,-0.052330,0.337178,0.978084,-0.024020,-0.110732,-0.174677
9.647034,0.118924,-0.052363,0.337304,0.977921,-0.024225,-0.111269,-0.175223
9.657094,0.118715,-0.052421,0.337388,0.977812,-0.024403,-0.111616,-0.175587
9.667155,0.118489,-0.052515,0.337471,0.977702,-0.024625,-0.111952,-0.175951
9.677218,0.118172,-0.052518,0.337725,0.977718,-0.025049,-0.112623,-0.175373
9.687281,0.117872,-0.052483,0.337978,0.977733,-0.025433,-0.113304,-0.174795
9.697342,0.117451,-0.052510,0.338272,0.977625,-0.025889,-0.114163,-0.174772
9.707404,0.117149,-0.052566,0.338396,0.977493,-0.026165,-0.114680,-0.175131
9.717464,0.116887,-0.052546,0.338482,0.977550,-0.026458,-0.114991,-0.174562
9.727526,0.116462,-0.052410,0.338743,0.977696,-0.026938,-0.115641,-0.173239
9.737589,0.116017,-0.052323,0.339004,0.977641,-0.027289,-0.116330,-0.173033
9.747652,0.115786,-0.052345,0.338909,0.977708,-0.027272,-0.115746,-0.173048
9.757713,0.115614,-0.052331,0.338938,0.977819,-0.027303,-0.115344,-0.172684
9.767775,0.115223,-0.052344,0.339104,0.977908,-0.027515,-0.115088,-0.172316
9.777837,0.115039,-0.052377,0.339097,0.978008,-0.027516,-0.114497,-0.172144
9.787901,0.114507,-0.052316,0.339307,0.978036,-0.024102,-0.115087,-0.172101
9.797964,0.114226,-0.052341,0.339376,0.977960,-0.024117,-0.114891,-0.172666
9.808030,0.113788,-0.052356,0.339416,0.977971,-0.024209,-0.114473,-0.172864
9.818093,0.113475,-0.052325,0.339395,0.978027,-0.024308,-0.114247,-0.172683
9.828154,0.113099,-0.052285,0.339304,0.978193,-0.024388,-0.113629,-0.172140
9.838218,0.112926,-0.052266,0.339331,0.978303,-0.024412,-0.113225,-0.171778
9.848278,0.112635,-0.052339,0.339324,0.978392,-0.023534,-0.112782,-0.171686
9.858341,0.112408,-0.052418,0.339387,0.978348,-0.023610,-0.112566,-0.172065
9.868401,0.112098,-0.052446,0.339508,0.978359,-0.023652,-0.112161,-0.172263
9.878463,0.111879,-0.052486,0.339607,0.978293,-0.023737,-0.112140,-0.172636
9.888524,0.111676,-0.052546,0.339596,0.978391,-0.023766,-0.111537,-0.172467
9.898588,0.111421,-0.052590,0.339785,0.978420,-0.022814,-0.111685,-0.172339
9.908640,0.110979,-0.052581,0.340108,0.978405,-0.022892,-0.111838,-0.172313
9.918703,0.110791,-0.052572,0.340170,0.978427,-0.022921,-0.111631,-0.172319
9.928768,0.110458,-0.052561,0.340181,0.978328,-0.022985,-0.111618,-0.172879
9.938829,0.109874,-0.052528,0.340490,0.978100,-0.023255,-0.112140,-0.173795
9.948893,0.109761,-0.052627,0.340420,0.978042,-0.023210,-0.111764,-0.174366
9.958952,0.109555,-0.052720,0.340389,0.977964,-0.023261,-0.111557,-0.174931
9.969014,0.109325,-0.052759,0.340522,0.977842,-0.023380,-0.111725,-0.175485
9.979079,0.108939,-0.052873,0.340496,0.977662,-0.023453,-0.111517,-0.176610
9.989144,0.108667,-0.052889,0.340539,0.977540,-0.023572,-0.111685,-0.177163
9.999204,0.108212,-0.052913,0.340622,0.977328,-0.023789,-0.112025,-0.178084
10.009268,0.107837,-0.052926,0.340739,0.977129,-0.024041,-0.112550,-0.178812
10.019331,0.107279,-0.052956,0.340858,0.977009,-0.022579,-0.113369,-0.179138
10.029395,0.106985,-0.052825,0.340900,0.977197,-0.022845,-0.113471,-0.178015
10.039459,0.106654,-0.052807,0.340868,0.977392,-0.023104,-0.113180,-0.177091
10.049521,0.106541,-0.052913,0.340760,0.977457,-0.023102,-0.112585,-0.177110
10.059581,0.106220,-0.053052,0.340727,0.977413,-0.023298,-0.112329,-0.177490
10.069645,0.106004,-0.052979,0.340694,0.977572,-0.023407,-0.112086,-0.176751
10.079669,0.105593,-0.052905,0.340734,0.977759,-0.023798,-0.112146,-0.175628
10.089731,0.105384,-0.052987,0.340699,0.977816,-0.023970,-0.111889,-0.175448
10.099793,0.104955,-0.052921,0.340773,0.978048,-0.024504,-0.112094,-0.173946
10.109857,0.104642,-0.052804,0.340846,0.978242,-0.024894,-0.112348,-0.172630
10.119910,0.104161,-0.052675,0.340920,0.978435,-0.025369,-0.112573,-0.171314
10.129975,0.103897,-0.052674,0.340920,0.978503,-0.025579,-0.112497,-0.170941
10.140036,0.103736,-0.052677,0.340848,0.978646,-0.025645,-0.112068,-0.170394
10.150099,0.103565,-0.052694,0.340774,0.978855,-0.025793,-0.111606,-0.169474
10.160164,0.103383,-0.052705,0.340774,0.978889,-0.025939,-0.111553,-0.169288
10.170228,0.103072,-0.052766,0.340847,0.978751,-0.026210,-0.111868,-0.169837
10.180286,0.102796,-0.052765,0.340920,0.978612,-0.026399,-0.112211,-0.170385
10.190361,0.102398,-0.052795,0.341065,0.978364,-0.026755,-0.112901,-0.171294
10.200425,0.102095,-0.052827,0.341174,0.978169,-0.027028,-0.113417,-0.172022
10.210486,0.101625,-0.052864,0.341247,0.977928,-0.027283,-0.113744,-0.173130
10.220547,0.101216,-0.052784,0.341318,0.977786,-0.027474,-0.114086,-0.173677
10.230608,0.100931,-0.052873,0.341246,0.977663,-0.027457,-0.113702,-0.174622
10.240667,0.100651,-0.052913,0.341245,0.977623,-0.024001,-0.114316,-0.174954
10.250727,0.100306,-0.053056,0.341280,0.977402,-0.024237,-0.114452,-0.176066
10.260792,0.100034,-0.053039,0.341350,0.977292,-0.024451,-0.114784,-0.176426
10.270852,0.099476,-0.052996,0.341562,0.977030,-0.025006,-0.115806,-0.177131
10.280915,0.099227,-0.053109,0.341595,0.976986,-0.023610,-0.116217,-0.177298
10.290974,0.098890,-0.053069,0.341589,0.977128,-0.023910,-0.116096,-0.176555
10.301034,0.098648,-0.053025,0.341584,0.977199,-0.024081,-0.116027,-0.176184
10.311097,0.097937,-0.052981,0.341682,0.977072,-0.024623,-0.116441,-0.176537
10.321156,0.097677,-0.052943,0.341711,0.977191,-0.024946,-0.116511,-0.175786
10.331220,0.097437,-0.052874,0.341703,0.977467,-0.025287,-0.116357,-0.174298
10.341278,0.097217,-0.052957,0.341661,0.977561,-0.025521,-0.116060,-0.173935
10.351435,0.096815,-0.052849,0.341685,0.977746,-0.025930,-0.116088,-0.172812
10.361496,0.096577,-0.052792,0.341678,0.977849,-0.026122,-0.116005,-0.172254
10.371555,0.096339,-0.052734,0.341671,0.977952,-0.026315,-0.115921,-0.171696
10.381618,0.095868,-0.052758,0.341694,0.977936,-0.026728,-0.115965,-0.171691
10.391673,0.095548,-0.052687,0.341684,0.978040,-0.026963,-0.115864,-0.171134
10.401736,0.095093,-0.052529,0.341666,0.978276,-0.027325,-0.115699,-0.169831
10.411801,0.094920,-0.052545,0.341587,0.978422,-0.027420,-0.115244,-0.169287
10.421868,0.094550,-0.052547,0.341611,0.978404,-0.027747,-0.115318,-0.169282
10.431932,0.094379,-0.052546,0.341569,0.978461,-0.027826,-0.115080,-0.169104
10.441996,0.093907,-0.052540,0.341662,0.978336,-0.028296,-0.115510,-0.169457
10.452057,0.093700,-0.052595,0.341656,0.978239,-0.028405,-0.115477,-0.170018
10.462119,0.093316,-0.052634,0.341681,0.978056,-0.028629,-0.115608,-0.170944
10.472183,0.093040,-0.052633,0.341708,0.977971,-0.028831,-0.115737,-0.171310
10.482236,0.092535,-0.052541,0.341760,0.977932,-0.029233,-0.115983,-0.171298
10.492297,0.092280,-0.052503,0.341786,0.977879,-0.029413,-0.116117,-0.171478
10.502359,0.091919,-0.052529,0.341736,0.977804,-0.029536,-0.115872,-0.172045
10.512422,0.091687,-0.052637,0.341692,0.977730,-0.029659,-0.115627,-0.172613
10.522486,0.091325,-0.052640,0.341677,0.977700,-0.029896,-0.115533,-0.172801
10.532548,0.090951,-0.052617,0.341770,0.977538,-0.030268,-0.116004,-0.173340
10.542610,0.090585,-0.052730,0.341866,0.977309,-0.030728,-0.116444,-0.174251
10.552674,0.090316,-0.052677,0.341961,0.977212,-0.031058,-0.116925,-0.174417
10.562727,0.089939,-0.052637,0.342089,0.977059,-0.031530,-0.117555,-0.174762
10.572792,0.089584,-0.052647,0.342090,0.976929,-0.031972,-0.117991,-0.175114
10.582854,0.089237,-0.052545,0.342215,0.976912,-0.032489,-0.118587,-0.174714
10.592914,0.088922,-0.052557,0.342307,0.976849,-0.032979,-0.118995,-0.174694
10.602973,0.088590,-0.052610,0.342401,0.976616,-0.033362,-0.119465,-0.175604
10.613033,0.088256,-0.052670,0.342496,0.976346,-0.033726,-0.119948,-0.176699
10.623097,0.087856,-0.052579,0.342746,0.976133,-0.034217,-0.120776,-0.177221
10.633156,0.087444,-0.052588,0.342869,0.975943,-0.034770,-0.121372,-0.177752
10.643218,0.087217,-0.052617,0.342929,0.975901,-0.035148,-0.121619,-0.177738
10.653277,0.086829,-0.052565,0.343047,0.975953,-0.035860,-0.122119,-0.176968
10.663338,0.086513,-0.052488,0.343042,0.976025,-0.036408,-0.122482,-0.176204
10.673402,0.085923,-0.052261,0.343250,0.976299,-0.032029,-0.124417,-0.174168
10.683464,0.085650,-0.052288,0.343214,0.976259,-0.032461,-0.124637,-0.174154
10.693524,0.085351,-0.052254,0.343300,0.976333,-0.033064,-0.124968,-0.173388
10.703583,0.085085,-0.052169,0.343387,0.976404,-0.033576,-0.125338,-0.172622
10.713644,0.084525,-0.052074,0.343564,0.976238,-0.034404,-0.126211,-0.172761
10.723703,0.084318,-0.052070,0.343622,0.976195,-0.034751,-0.126467,-0.172746
10.733761,0.083966,-0.051957,0.343737,0.976242,-0.035397,-0.126981,-0.171972
10.743821,0.083675,-0.051917,0.343823,0.976210,-0.035898,-0.127368,-0.171763
10.753879,0.083162,-0.051746,0.343958,0.976267,-0.036749,-0.127988,-0.170796
10.763940,0.082844,-0.051581,0.344072,0.976309,-0.037311,-0.128539,-0.170021
10.774002,0.082552,-0.051673,0.343962,0.976250,-0.037645,-0.128388,-0.170396
10.784063,0.082294,-0.051649,0.343943,0.976187,-0.037789,-0.128328,-0.170770
10.794124,0.081993,-0.051525,0.343951,0.976200,-0.038037,-0.128414,-0.170577
10.804183,0.081514,-0.051474,0.344041,0.976015,-0.038337,-0.128501,-0.171501
10.814241,0.081231,-0.051494,0.344022,0.975851,-0.038460,-0.128464,-0.172431
10.824303,0.080803,-0.051409,0.344058,0.975741,-0.038866,-0.128696,-0.172789
10.834366,0.080459,-0.051283,0.343969,0.975755,-0.039163,-0.128756,-0.172597
10.844419,0.080050,-0.051298,0.343809,0.975652,-0.039367,-0.128463,-0.173352
10.854482,0.079884,-0.051323,0.343687,0.975694,-0.039280,-0.127878,-0.173565
10.864534,0.079530,-0.051344,0.343548,0.976013,-0.031935,-0.128521,-0.172805
10.874597,0.079228,-0.051233,0.343516,0.976087,-0.032167,-0.128392,-0.172437
10.884649,0.078796,-0.051201,0.343440,0.976053,-0.032412,-0.128070,-0.172823
10.894711,0.078564,-0.051273,0.343424,0.975924,-0.032603,-0.127997,-0.173570
10.904763,0.078202,-0.051223,0.343462,0.975817,-0.033012,-0.128226,-0.173925
10.914827,0.077995,-0.051178,0.343348,0.975892,-0.033244,-0.128095,-0.173557
10.924891,0.077572,-0.051070,0.343336,0.976052,-0.033817,-0.127981,-0.172626
10.934956,0.077411,-0.051027,0.343279,0.976252,-0.034028,-0.127628,-0.171712
10.945020,0.077135,-0.051016,0.343213,0.976388,-0.034333,-0.127237,-0.171170
10.955082,0.076931,-0.051037,0.343194,0.976361,-0.034543,-0.127132,-0.171359
10.965144,0.076572,-0.050925,0.343297,0.976378,-0.035245,-0.127598,-0.170768
10.975208,0.076204,-0.050838,0.343402,0.976293,-0.035884,-0.128115,-0.170734
10.985271,0.075898,-0.050797,0.343476,0.976335,-0.036549,-0.128383,-0.170154
10.995326,0.075638,-0.050702,0.343552,0.976338,-0.037053,-0.128743,-0.169757
11.005474,0.075277,-0.050692,0.343532,0.976244,-0.037680,-0.129054,-0.169919
11.015533,0.074988,-0.050649,0.343610,0.976112,-0.038145,-0.129459,-0.170264
11.025598,0.074627,-0.050502,0.343620,0.975989,-0.038678,-0.130036,-0.170414
11.035659,0.074252,-0.050529,0.343603,0.975724,-0.039197,-0.130435,-0.171503
11.045718,0.074051,-0.050509,0.343653,0.975647,-0.039549,-0.130678,-0.171671
11.055779,0.073649,-0.050466,0.343754,0.975722,-0.034300,-0.132211,-0.171205
11.065843,0.073303,-0.050346,0.343855,0.975635,-0.034912,-0.132736,-0.171166
11.075908,0.072953,-0.050332,0.343835,0.975438,-0.035437,-0.133121,-0.171881
11.085972,0.072573,-0.050278,0.343939,0.975145,-0.035963,-0.133738,-0.172953
11.096033,0.072174,-0.050186,0.343946,0.974920,-0.036536,-0.134312,-0.173655
11.106095,0.071818,-0.050030,0.343951,0.974796,-0.037083,-0.134878,-0.173800
11.116156,0.071374,-0.049992,0.343953,0.974574,-0.037808,-0.135365,-0.174504
11.126216,0.071253,-0.049931,0.343876,0.974730,-0.038166,-0.135341,-0.173571
11.136277,0.071036,-0.049885,0.343605,0.974891,-0.038673,-0.135230,-0.172642
11.146339,0.070698,-0.049845,0.343581,0.974760,-0.039256,-0.135562,-0.172986
11.156401,0.070369,-0.049723,0.343457,0.974967,-0.035633,-0.136570,-0.171807
11.166461,0.070197,-0.049692,0.343286,0.974986,-0.035949,-0.136595,-0.171615
11.176522,0.069849,-0.049660,0.342951,0.974812,-0.036395,-0.136806,-0.172339
11.186586,0.069593,-0.049544,0.342708,0.974841,-0.036833,-0.136969,-0.171951
11.196649,0.069448,-0.049487,0.342312,0.975129,-0.037267,-0.136644,-0.170478
11.206710,0.069333,-0.049513,0.342113,0.975243,-0.037583,-0.136430,-0.169930
11.216773,0.069147,-0.049517,0.341718,0.975428,-0.038045,-0.136111,-0.169014
11.226832,0.068939,-0.049385,0.341568,0.975523,-0.038483,-0.136254,-0.168255
11.236893,0.068779,-0.049448,0.341279,0.975396,-0.038636,-0.136194,-0.169001
11.246957,0.068560,-0.049542,0.340894,0.975204,-0.038841,-0.136120,-0.170118
11.257020,0.068505,-0.049601,0.340579,0.975200,-0.038866,-0.135892,-0.170318
11.267084,0.068319,-0.049612,0.340184,0.975351,-0.039302,-0.135591,-0.169588
11.277147,0.068161,-0.049553,0.340008,0.975472,-0.039690,-0.135539,-0.168842
11.287211,0.068026,-0.049599,0.339495,0.975577,-0.039929,-0.135152,-0.168491
11.297274,0.067919,-0.049673,0.339082,0.975577,-0.040049,-0.134862,-0.168694
11.307337,0.067808,-0.049755,0.338670,0.975543,-0.040146,-0.134596,-0.169081
11.317401,0.067630,-0.049753,0.338500,0.975612,-0.035535,-0.135542,-0.168959
11.327462,0.067367,-0.049772,0.338139,0.975394,-0.035792,-0.135660,-0.170063
11.337525,0.067338,-0.049938,0.337800,0.975348,-0.035763,-0.135260,-0.170649
11.347583,0.067188,-0.049982,0.337507,0.975290,-0.035960,-0.135154,-0.171025
11.357643,0.067091,-0.050012,0.337313,0.975227,-0.036060,-0.135110,-0.171399
11.367708,0.066843,-0.050050,0.337045,0.975079,-0.036411,-0.135148,-0.172134
11.377772,0.066732,-0.050042,0.336753,0.975086,-0.036556,-0.135056,-0.172139
11.387836,0.066505,-0.050001,0.336386,0.975038,-0.036878,-0.135083,-0.172318
11.397896,0.066496,-0.050088,0.335949,0.975092,-0.036817,-0.134673,-0.172347
11.407956,0.066244,-0.050118,0.335676,0.975051,-0.037284,-0.134606,-0.172531
11.418018,0.066165,-0.050105,0.335476,0.975163,-0.037496,-0.134440,-0.171981
11.428081,0.065987,-0.050017,0.335198,0.975394,-0.037999,-0.134271,-0.170684
11.438143,0.065871,-0.050054,0.334998,0.975440,-0.038262,-0.134089,-0.170507
11.448202,0.065760,-0.050099,0.334802,0.975380,-0.038409,-0.134011,-0.170882
11.458265,0.065682,-0.050130,0.334385,0.975481,-0.038541,-0.133679,-0.170531
11.468329,0.065539,-0.050076,0.334211,0.975499,-0.038812,-0.133716,-0.170338
11.478384,0.065265,-0.050004,0.333961,0.975465,-0.039311,-0.133837,-0.170322
11.488443,0.065083,-0.049956,0.333690,0.975451,-0.039609,-0.133865,-0.170316
11.498505,0.065004,-0.049995,0.333274,0.975518,-0.039717,-0.133556,-0.170149
11.508570,0.064895,-0.049996,0.332981,0.975490,-0.039838,-0.133484,-0.170338
11.518633,0.064774,-0.050092,0.332565,0.975663,-0.034577,-0.134126,-0.169990
11.528669,0.064691,-0.050052,0.332269,0.975738,-0.034717,-0.134010,-0.169624
11.538724,0.064441,-0.049954,0.332018,0.975739,-0.035192,-0.134134,-0.169422
11.548789,0.064398,-0.049996,0.331699,0.975804,-0.035249,-0.133855,-0.169255
11.558848,0.064195,-0.049964,0.331423,0.975865,-0.035687,-0.133763,-0.168883
11.568916,0.064097,-0.049940,0.331126,0.975942,-0.035874,-0.133613,-0.168519
11.578979,0.063889,-0.049880,0.330753,0.975965,-0.036242,-0.133577,-0.168330
11.589044,0.063760,-0.049827,0.330581,0.975994,-0.034190,-0.134077,-0.168199
11.599107,0.063706,-0.049946,0.330048,0.975910,-0.034074,-0.133743,-0.168970
11.609169,0.063690,-0.050060,0.329613,0.975859,-0.033933,-0.133414,-0.169555
11.619231,0.063577,-0.050078,0.329321,0.975761,-0.034009,-0.133395,-0.170114
11.629293,0.063466,-0.050095,0.329029,0.975664,-0.034086,-0.133376,-0.170672
11.639346,0.063278,-0.050080,0.328760,0.975511,-0.034297,-0.133504,-0.171403
11.649410,0.063227,-0.050147,0.328443,0.975471,-0.034286,-0.133303,-0.171790
11.659593,0.063060,-0.050195,0.328054,0.975306,-0.034413,-0.133271,-0.172721
11.669656,0.063005,-0.050270,0.327738,0.975230,-0.034379,-0.133097,-0.173292
11.679721,0.062931,-0.050282,0.327543,0.975264,-0.031454,-0.133613,-0.173257
11.689785,0.062709,-0.050186,0.327296,0.975120,-0.031750,-0.133903,-0.173787
11.699849,0.062600,-0.050204,0.327004,0.975033,-0.031455,-0.133951,-0.174294
11.709918,0.062660,-0.050397,0.326327,0.975021,-0.031091,-0.133319,-0.174908
11.719982,0.062646,-0.050458,0.326108,0.975013,-0.031053,-0.133126,-0.175110
11.730045,0.062578,-0.050507,0.325694,0.974970,-0.031041,-0.132928,-0.175498
11.740110,0.062474,-0.050463,0.325617,0.974954,-0.031245,-0.133015,-0.175488
11.750174,0.062352,-0.050430,0.325218,0.975073,-0.031496,-0.132801,-0.174943
11.760236,0.062302,-0.050472,0.324894,0.975213,-0.031635,-0.132434,-0.174413
11.770298,0.062253,-0.050514,0.324571,0.975406,-0.030100,-0.132364,-0.173655
11.780361,0.062175,-0.050517,0.324371,0.975450,-0.030260,-0.132237,-0.173477
11.790426,0.062067,-0.050477,0.323974,0.975542,-0.030069,-0.132148,-0.173064
11.800490,0.062031,-0.050424,0.323773,0.975687,-0.030200,-0.132003,-0.172330
11.810556,0.062048,-0.050424,0.323228,0.975984,-0.030216,-0.131438,-0.171073
11.820620,0.062033,-0.050394,0.322808,0.976149,-0.030233,-0.131142,-0.170352
11.830669,0.062012,-0.050322,0.322287,0.976459,-0.029010,-0.130988,-0.168904
11.840724,0.061977,-0.050270,0.322086,0.976601,-0.029139,-0.130842,-0.168169
11.850788,0.061903,-0.050201,0.321690,0.976674,-0.029227,-0.130753,-0.167803
11.860841,0.061839,-0.050165,0.321395,0.976677,-0.029273,-0.130719,-0.167805
11.870906,0.061752,-0.050130,0.321004,0.976610,-0.029277,-0.130742,-0.168175
11.880970,0.061739,-0.050159,0.320688,0.976599,-0.029189,-0.130585,-0.168376
11.891133,0.061616,-0.050117,0.320514,0.976513,-0.029352,-0.130725,-0.168734
11.901196,0.061602,-0.050146,0.320198,0.976502,-0.029264,-0.130568,-0.168935
11.911260,0.061570,-0.050199,0.319881,0.976459,-0.029200,-0.130405,-0.169321
11.921324,0.061469,-0.050180,0.319489,0.976394,-0.029250,-0.130394,-0.169694
11.931389,0.061365,-0.050201,0.319194,0.976297,-0.029324,-0.130377,-0.170253
11.941450,0.061298,-0.050261,0.318779,0.976221,-0.029285,-0.130209,-0.170826
11.951513,0.061229,-0.050275,0.318583,0.976155,-0.029335,-0.130198,-0.171198
11.961577,0.061163,-0.050336,0.318168,0.976078,-0.029296,-0.130030,-0.171771
11.971640,0.061202,-0.050422,0.317828,0.976087,-0.029093,-0.129723,-0.171986
11.981705,0.061101,-0.050357,0.317654,0.976034,-0.029232,-0.129868,-0.172157
11.991770,0.061067,-0.050364,0.317556,0.976001,-0.029257,-0.129863,-0.172344
12.001830,0.061110,-0.050411,0.317118,0.976043,-0.029029,-0.129561,-0.172372
12.011894,0.061117,-0.050418,0.316801,0.976063,-0.028915,-0.129410,-0.172387
12.021957,0.061109,-0.050410,0.316386,0.976148,-0.026568,-0.129653,-0.172104
12.032021,0.061167,-0.050473,0.316046,0.976189,-0.026340,-0.129351,-0.172134
12.042085,0.061108,-0.050409,0.315653,0.976189,-0.026340,-0.129351,-0.172134
12.052147,0.061115,-0.050417,0.315335,0.976209,-0.026226,-0.129200,-0.172148
12.062207,0.061042,-0.050338,0.314843,0.976209,-0.026226,-0.129200,-0.172148
12.072271,0.061086,-0.050386,0.314405,0.976250,-0.025999,-0.128898,-0.172178
12.082336,0.061080,-0.050378,0.313989,0.976270,-0.025885,-0.128747,-0.172192
12.092397,0.061043,-0.050340,0.313826,0.976250,-0.025999,-0.128898,-0.172178
12.102466,0.061098,-0.050387,0.313352,0.976347,-0.025677,-0.128417,-0.172037
12.112528,0.061157,-0.050449,0.313012,0.976387,-0.025450,-0.128115,-0.172066
12.122589,0.061208,-0.050504,0.312706,0.976407,-0.025336,-0.127964,-0.172081
12.132652,0.061227,-0.050536,0.312488,0.976392,-0.025202,-0.127841,-0.172280
12.142717,0.061300,-0.050614,0.312246,0.976432,-0.024974,-0.127539,-0.172309
12.152778,0.061358,-0.050677,0.311906,0.976500,-0.023629,-0.127434,-0.172192
12.162840,0.061380,-0.050700,0.311686,0.976520,-0.023515,-0.127283,-0.172207
12.172904,0.061402,-0.050724,0.311467,0.976540,-0.023402,-0.127132,-0.172221
12.182973,0.061474,-0.050801,0.311225,0.976579,-0.023174,-0.126830,-0.172251
12.193040,0.061532,-0.050863,0.310884,0.976619,-0.022946,-0.126527,-0.172280
12.203102,0.061604,-0.050941,0.310642,0.976658,-0.022719,-0.126225,-0.172309
12.213165,0.061575,-0.050910,0.310445,0.976658,-0.022719,-0.126225,-0.172309
12.223229,0.061597,-0.050934,0.310225,0.976677,-0.022605,-0.126074,-0.172324
12.233293,0.061569,-0.050903,0.310028,0.976677,-0.022605,-0.126074,-0.172324
12.243354,0.061627,-0.050965,0.309687,0.976716,-0.022377,-0.125772,-0.172353
12.253417,0.061635,-0.050974,0.309368,0.976744,-0.021891,-0.125687,-0.172320
12.263480,0.061607,-0.050944,0.309171,0.976744,-0.021891,-0.125687,-0.172320
12.273542,0.061579,-0.050914,0.308974,0.976744,-0.021891,-0.125687,-0.172320
12.283606,0.061502,-0.050831,0.308799,0.976725,-0.022004,-0.125838,-0.172305
12.293668,0.061425,-0.050749,0.308624,0.976705,-0.022118,-0.125989,-0.172291
12.303725,0.061411,-0.050734,0.308526,0.976705,-0.022118,-0.125989,-0.172291
12.313793,0.061433,-0.050758,0.308306,0.976725,-0.022004,-0.125838,-0.172305
12.323856,0.061469,-0.050796,0.308184,0.976744,-0.021891,-0.125687,-0.172320
12.333917,0.061420,-0.050743,0.308207,0.976725,-0.022004,-0.125838,-0.172305
12.343981,0.061420,-0.050743,0.308207,0.976725,-0.022004,-0.125838,-0.172305
12.354045,0.061420,-0.050743,0.308207,0.976725,-0.022004,-0.125838,-0.172305
12.364106,0.061420,-0.050743,0.308207,0.976725,-0.022004,-0.125838,-0.172305
12.374170,0.061420,-0.050743,0.308207,0.976725,-0.022004,-0.125838,-0.172305
12.384234,0.061420,-0.050743,0.308207,0.976725,-0.022004,-0.125838,-0.172305
12.394297,0.061469,-0.050796,0.308184,0.976744,-0.021891,-0.125687,-0.172320
12.404361,0.061469,-0.050796,0.308184,0.976744,-0.021891,-0.125687,-0.172320
12.414426,0.061469,-0.050796,0.308184,0.976744,-0.021891,-0.125687,-0.172320
12.424487,0.061505,-0.050835,0.308063,0.976764,-0.021777,-0.125536,-0.172335
12.434550,0.061505,-0.050835,0.308063,0.976764,-0.021777,-0.125536,-0.172335
12.444613,0.061505,-0.050835,0.308063,0.976764,-0.021777,-0.125536,-0.172335
12.454670,0.061505,-0.050835,0.308063,0.976764,-0.021777,-0.125536,-0.172335
12.464729,0.061505,-0.050835,0.308063,0.976764,-0.021777,-0.125536,-0.172335
12.474786,0.061505,-0.050835,0.308063,0.976764,-0.021777,-0.125536,-0.172335
12.484848,0.061469,-0.050796,0.308184,0.976748,-0.021704,-0.125720,-0.172296
12.494910,0.061469,-0.050796,0.308184,0.976748,-0.021704,-0.125720,-0.172296
12.504974,0.061469,-0.050796,0.308184,0.976748,-0.021704,-0.125720,-0.172296
12.515038,0.061469,-0.050796,0.308184,0.976748,-0.021704,-0.125720,-0.172296
12.525099,0.061469,-0.050796,0.308184,0.976748,-0.021704,-0.125720,-0.172296
12.535161,0.061469,-0.050796,0.308184,0.976748,-0.021704,-0.125720,-0.172296
12.545223,0.061519,-0.050849,0.308162,0.976768,-0.021590,-0.125568,-0.172311
12.555284,0.061519,-0.050849,0.308162,0.976768,-0.021590,-0.125568,-0.172311
12.565346,0.061519,-0.050849,0.308162,0.976768,-0.021590,-0.125568,-0.172311
12.575409,0.061568,-0.050902,0.308139,0.976787,-0.021477,-0.125417,-0.172326
12.585474,0.061568,-0.050902,0.308139,0.976787,-0.021477,-0.125417,-0.172326
12.595538,0.061568,-0.050902,0.308139,0.976787,-0.021477,-0.125417,-0.172326
12.605599,0.061568,-0.050902,0.308139,0.976787,-0.021477,-0.125417,-0.172326
12.615664,0.061568,-0.050902,0.308139,0.976787,-0.021477,-0.125417,-0.172326
12.625726,0.061532,-0.050864,0.308261,0.976768,-0.021590,-0.125568,-0.172311
12.635790,0.061582,-0.050917,0.308238,0.976787,-0.021477,-0.125417,-0.172326
12.645854,0.061546,-0.050879,0.308359,0.976768,-0.021590,-0.125568,-0.172311
12.655918,0.061596,-0.050932,0.308337,0.976787,-0.021477,-0.125417,-0.172326
12.665980,0.061609,-0.050947,0.308435,0.976787,-0.021477,-0.125417,-0.172326
12.676043,0.061587,-0.050923,0.308655,0.976768,-0.021590,-0.125568,-0.172311
12.686107,0.061601,-0.050938,0.308754,0.976768,-0.021590,-0.125568,-0.172311
12.696170,0.061665,-0.051006,0.308830,0.976787,-0.021477,-0.125417,-0.172326
12.706231,0.061705,-0.051005,0.308894,0.976839,-0.021339,-0.125270,-0.172154
12.716293,0.061676,-0.050974,0.309148,0.976801,-0.021567,-0.125573,-0.172125
12.726357,0.061776,-0.051080,0.309103,0.976839,-0.021339,-0.125270,-0.172154
12.736410,0.061853,-0.051164,0.309278,0.976859,-0.021225,-0.125119,-0.172169
12.746472,0.061937,-0.051209,0.309353,0.976911,-0.021087,-0.124972,-0.171997
12.756534,0.062049,-0.051284,0.309626,0.976963,-0.020950,-0.124825,-0.171825
12.766597,0.062282,-0.051489,0.309633,0.977072,-0.020471,-0.124224,-0.171698
12.776661,0.062461,-0.051680,0.309761,0.977129,-0.020130,-0.123770,-0.171741
12.786726,0.062646,-0.051833,0.310074,0.977218,-0.019765,-0.123320,-0.171599
12.796788,0.062757,-0.051918,0.310347,0.977234,-0.019609,-0.123201,-0.171611
12.806848,0.063019,-0.052164,0.310550,0.977306,-0.019112,-0.122627,-0.171668
12.816911,0.063235,-0.052349,0.310775,0.977395,-0.018748,-0.122176,-0.171525
12.826977,0.063512,-0.052645,0.311172,0.977469,-0.018293,-0.121570,-0.171583
12.837041,0.063730,-0.052831,0.311395,0.977557,-0.017929,-0.121120,-0.171440
12.847096,0.063895,-0.052927,0.311863,0.977605,-0.017751,-0.121002,-0.171266
12.857150,0.064112,-0.053123,0.312087,0.977657,-0.017369,-0.120578,-0.171308
12.867212,0.064438,-0.053425,0.312583,0.977653,-0.016796,-0.120087,-0.171731
12.877275,0.064670,-0.053648,0.312904,0.977669,-0.016396,-0.119689,-0.171957
12.887340,0.064857,-0.053765,0.313468,0.977717,-0.016219,-0.119571,-0.171783
12.897403,0.064981,-0.053769,0.313860,0.977780,-0.016132,-0.119607,-0.171408
12.907467,0.065343,-0.053964,0.314475,0.977855,-0.015606,-0.119274,-0.171257
12.917529,0.065652,-0.054115,0.314797,0.977896,-0.015064,-0.118966,-0.171291
12.927591,0.066100,-0.054279,0.315197,0.977907,-0.014228,-0.118649,-0.171516
12.937655,0.066184,-0.054167,0.315741,0.977820,-0.014188,-0.119158,-0.171660
12.947719,0.066478,-0.054168,0.316531,0.977761,-0.013799,-0.119449,-0.171827
12.957783,0.066831,-0.054250,0.317073,0.977775,-0.013249,-0.119375,-0.171841
12.967845,0.067128,-0.054320,0.317420,0.977757,-0.012722,-0.119296,-0.172042
12.977908,0.067543,-0.054401,0.318065,0.977621,-0.011978,-0.119408,-0.172789
12.987972,0.067683,-0.054273,0.318707,0.977528,-0.011847,-0.119972,-0.172930
12.998035,0.068217,-0.054303,0.319546,0.977452,-0.010974,-0.120139,-0.173301
13.008099,0.068524,-0.054361,0.320117,0.977225,-0.010942,-0.120292,-0.174476
13.018164,0.069039,-0.054386,0.320859,0.977077,-0.010032,-0.120499,-0.175217
13.028224,0.069312,-0.054301,0.321352,0.977050,-0.009617,-0.120774,-0.175199
13.038287,0.069790,-0.054304,0.322216,0.976811,-0.008775,-0.121179,-0.176295
13.048350,0.070270,-0.054388,0.322728,0.976798,-0.007985,-0.121026,-0.176505
13.058410,0.070892,-0.054366,0.323655,0.976825,-0.007089,-0.121136,-0.176321
13.068467,0.071146,-0.054194,0.324174,0.976738,-0.006670,-0.121638,-0.176470
13.078528,0.071822,-0.054198,0.324978,0.976707,-0.005593,-0.121653,-0.176669
13.088591,0.072251,-0.054238,0.325514,0.976604,-0.004875,-0.121689,-0.177235
13.098655,0.072879,-0.054103,0.326465,0.976568,-0.003936,-0.122037,-0.177217
13.108715,0.073262,-0.054013,0.326927,0.976590,-0.003352,-0.122153,-0.177028
13.118777,0.074155,-0.054085,0.327546,0.976680,-0.001945,-0.121650,-0.176901
13.128840,0.074797,-0.054196,0.327899,0.976697,-0.000901,-0.121176,-0.177141
13.138901,0.075313,-0.053855,0.329019,0.976751,-0.000287,-0.121912,-0.176339
13.148963,0.075905,-0.053898,0.329396,0.976787,0.000636,-0.121564,-0.176380
13.159047,0.076906,-0.053970,0.329977,0.976926,0.002129,-0.120852,-0.176084
13.169116,0.077358,-0.053858,0.330531,0.976870,0.002823,-0.121030,-0.176263
13.179169,0.077939,-0.053779,0.330931,0.976955,0.003685,-0.120824,-0.175917
13.189224,0.078912,-0.053804,0.331664,0.977023,0.004991,-0.120434,-0.175777
13.199277,0.079460,-0.053693,0.332185,0.977054,0.005773,-0.120403,-0.175601
13.209328,0.080416,-0.053645,0.332687,0.977135,0.007192,-0.119844,-0.175476
13.219380,0.081211,-0.053686,0.332992,0.977307,0.008275,-0.119080,-0.174991
13.229432,0.082070,-0.053559,0.333642,0.977282,0.009537,-0.118876,-0.175208
13.239493,0.082859,-0.053629,0.333945,0.977327,0.002677,-0.116757,-0.176613
13.249555,0.083974,-0.053559,0.334499,0.977467,0.004194,-0.115992,-0.176312
13.259617,0.084646,-0.053501,0.334855,0.977503,0.005126,-0.115594,-0.176350
13.269686,0.085876,-0.053576,0.335122,0.977626,0.006811,-0.114286,-0.176464
13.279749,0.086653,-0.053582,0.335354,0.977642,0.007820,-0.113715,-0.176703
13.289812,0.087731,-0.053470,0.335871,0.977712,0.009099,-0.113236,-0.176563
13.299873,0.088657,-0.053545,0.336033,0.977796,0.010225,-0.112280,-0.176644
13.309934,0.089797,-0.053489,0.336328,0.977848,0.011533,-0.111603,-0.176705
13.319997,0.090684,-0.053444,0.336550,0.978004,0.012470,-0.110936,-0.176201
13.330058,0.091983,-0.053496,0.336718,0.978073,0.013787,-0.110043,-0.176278
13.340121,0.092813,-0.053438,0.336913,0.978161,0.014540,-0.109712,-0.175934
13.350181,0.094189,-0.053482,0.337108,0.978285,0.015727,-0.108937,-0.175626
13.360243,0.095087,-0.053442,0.337118,0.978372,0.016467,-0.108593,-0.175283
13.370303,0.096489,-0.053455,0.337319,0.978629,0.003972,-0.105901,-0.176220
13.380368,0.097335,-0.053398,0.337484,0.978695,0.004529,-0.105891,-0.175851
13.390530,0.098713,-0.053360,0.337582,0.978817,0.005463,-0.105603,-0.175314
13.400593,0.099687,-0.053415,0.337669,0.978847,0.006144,-0.105244,-0.175340
13.410654,0.100565,-0.053344,0.337770,0.978895,0.006632,-0.105400,-0.174959
13.420716,0.102022,-0.053401,0.337942,0.978951,0.007512,-0.105096,-0.174796
13.430779,0.103000,-0.053313,0.337998,0.979049,0.008081,-0.105065,-0.174241
13.440842,0.104323,-0.053311,0.338177,0.979020,0.008752,-0.105290,-0.174231
13.450907,0.105378,-0.053301,0.338133,0.979050,0.009317,-0.105268,-0.174049
13.460971,0.106748,-0.053250,0.338244,0.979003,0.009968,-0.105676,-0.174028
13.471033,0.107784,-0.053278,0.338153,0.979088,0.010498,-0.105429,-0.173672
13.481088,0.109102,-0.053189,0.338198,0.979095,0.011024,-0.105972,-0.173268
13.491151,0.110045,-0.053176,0.338210,0.979024,0.011437,-0.106304,-0.173438
13.501214,0.111436,-0.053095,0.338240,0.979030,0.011973,-0.106842,-0.173034
13.511278,0.112286,-0.053048,0.338318,0.978961,0.012230,-0.107510,-0.172996
13.521342,0.113743,-0.053002,0.338295,0.979020,0.012774,-0.107838,-0.172418
13.531403,0.114562,-0.053009,0.338366,0.978953,0.012964,-0.108482,-0.172380
13.541466,0.115997,-0.052978,0.338365,0.978961,0.013444,-0.108991,-0.171978
13.551529,0.116835,-0.052934,0.338428,0.978891,0.013682,-0.109645,-0.171940
13.561592,0.118128,-0.052854,0.338404,0.978864,0.014035,-0.110506,-0.171515
13.571655,0.119130,-0.052840,0.338375,0.979036,-0.001174,-0.108034,-0.172673
13.581668,0.120283,-0.052827,0.338418,0.978910,-0.000984,-0.109257,-0.172619
13.591702,0.121131,-0.052738,0.338465,0.978910,-0.000763,-0.109889,-0.172218
13.601763,0.122334,-0.052672,0.338368,0.978834,-0.000488,-0.110929,-0.171986
13.611822,0.123132,-0.052668,0.338444,0.978713,-0.000325,-0.111755,-0.172136
13.621876,0.124313,-0.052610,0.338372,0.978650,-0.000140,-0.112958,-0.171709
13.631940,0.125000,-0.052497,0.338399,0.978677,-0.000108,-0.113919,-0.170918
13.642100,0.126085,-0.052486,0.338268,0.978559,-0.000014,-0.115298,-0.170669
13.652163,0.126743,-0.052464,0.338231,0.978498,-0.000059,-0.116444,-0.170243
13.662223,0.127514,-0.052383,0.338148,0.978487,0.000009,-0.117416,-0.169638
13.672284,0.128488,-0.052296,0.337870,0.978376,0.000063,-0.118971,-0.169193
13.682348,0.129103,-0.052265,0.337647,0.978243,0.000076,-0.120138,-0.169139
13.692410,0.130104,-0.052351,0.337221,0.978052,0.000120,-0.121510,-0.169262
13.702470,0.130612,-0.052134,0.337049,0.978025,0.000107,-0.122843,-0.168453
13.712532,0.131450,-0.052067,0.336493,0.977907,0.000105,-0.124381,-0.168008
13.722596,0.131900,-0.052024,0.336222,0.977680,0.000101,-0.125744,-0.168316
13.732660,0.132752,-0.052053,0.335363,0.977460,0.000296,-0.126766,-0.168828
13.742722,0.133284,-0.051990,0.334696,0.977463,0.000307,-0.127526,-0.168233
13.752784,0.133865,-0.051876,0.334138,0.977394,0.000091,-0.129387,-0.167210
13.762847,0.134271,-0.051799,0.333645,0.977383,-0.000040,-0.130498,-0.166410
13.772907,0.134920,-0.051757,0.332582,0.977448,-0.000069,-0.131239,-0.165441
13.782969,0.135282,-0.051661,0.331932,0.977481,-0.000121,-0.131980,-0.164659
13.793033,0.135779,-0.051644,0.331079,0.977343,-0.000214,-0.133306,-0.164409
13.803095,0.136218,-0.051704,0.330080,0.977373,-0.000140,-0.133316,-0.164222
13.813155,0.136717,-0.051686,0.328771,0.977353,-0.000041,-0.133716,-0.164017
13.823218,0.136863,-0.051642,0.328212,0.977207,-0.000167,-0.134847,-0.163961
13.833279,0.137171,-0.051599,0.327032,0.977115,-0.000227,-0.135793,-0.163729
13.843341,0.137450,-0.051645,0.325957,0.977146,-0.000201,-0.135793,-0.163542
13.853409,0.137847,-0.051695,0.324428,0.977119,-0.000138,-0.135998,-0.163532
13.863469,0.137940,-0.051749,0.323449,0.977005,-0.000163,-0.136389,-0.163886
13.873534,0.138047,-0.051809,0.322397,0.976940,-0.000114,-0.136408,-0.164258
13.883598,0.138233,-0.051820,0.320771,0.976971,-0.000088,-0.136408,-0.164072
13.893657,0.138372,-0.051873,0.319455,0.977020,-0.000015,-0.136038,-0.164091
13.903723,0.138531,-0.051933,0.317791,0.977044,0.000022,-0.135852,-0.164100
13.913783,0.138584,-0.052013,0.316451,0.977085,0.000107,-0.135296,-0.164314
13.923843,0.138613,-0.052024,0.314776,0.977134,0.000180,-0.134925,-0.164332
13.933902,0.138595,-0.052078,0.313447,0.977174,0.000265,-0.134369,-0.164546
13.943962,0.138522,-0.052050,0.311533,0.977270,0.000412,-0.133628,-0.164582
13.954024,0.138320,-0.051964,0.310314,0.977326,0.000425,-0.133433,-0.164405
13.964082,0.138152,-0.051960,0.308506,0.977390,0.000548,-0.132691,-0.164628
13.974147,0.138014,-0.051968,0.307069,0.977452,0.000670,-0.131950,-0.164851
13.984211,0.137662,-0.051894,0.305297,0.977514,0.000793,-0.131208,-0.165074
13.994279,0.137470,-0.051881,0.303835,0.977599,0.000953,-0.130281,-0.165305
14.004341,0.136901,-0.051843,0.302037,0.977574,0.000990,-0.129725,-0.165892
14.014406,0.136619,-0.051914,0.300549,0.977616,0.001139,-0.128613,-0.166505
14.024469,0.135925,-0.052064,0.298723,0.977484,0.001117,-0.127873,-0.167846
14.034534,0.135450,-0.052108,0.297303,0.977502,0.001185,-0.126937,-0.168451
14.044595,0.134692,-0.051942,0.295505,0.977662,0.001152,-0.126148,-0.168115
14.054660,0.134120,-0.051876,0.294175,0.977699,0.001149,-0.125574,-0.168329
14.064670,0.133121,-0.051807,0.292510,0.977628,0.000977,-0.125361,-0.168898
14.074726,0.132419,-0.051764,0.291231,0.977543,0.000959,-0.124991,-0.169662
14.084814,0.131320,-0.051666,0.289611,0.977382,0.000793,-0.124982,-0.170594
14.094878,0.130469,-0.051644,0.288547,0.977266,0.000545,-0.125139,-0.171145
14.104941,0.129638,-0.051586,0.287478,0.977285,0.000207,-0.125257,-0.170952
14.115002,0.128344,-0.051584,0.285901,0.977276,-0.000339,-0.125334,-0.170945
14.125055,0.127346,-0.051485,0.285015,0.977286,-0.000829,-0.125799,-0.170548
14.135115,0.125684,-0.051449,0.283841,0.977169,-0.001727,-0.126763,-0.170498
14.145180,0.124566,-0.051458,0.282882,0.977261,-0.002350,-0.126801,-0.169933
14.155239,0.122848,-0.051400,0.281777,0.977414,-0.003363,-0.127118,-0.168794
14.165300,0.121522,-0.051311,0.281125,0.977538,-0.004239,-0.127655,-0.167645
14.175366,0.119623,-0.051175,0.280144,0.977833,-0.005520,-0.128062,-0.165567
14.185419,0.118327,-0.051103,0.279488,0.978032,-0.006388,-0.128195,-0.164249
14.195481,0.116255,-0.051022,0.278674,0.978162,-0.007714,-0.128598,-0.163103
14.205544,0.114949,-0.051013,0.278148,0.978189,-0.008450,-0.128589,-0.162913
14.215604,0.112962,-0.050988,0.277276,0.978290,-0.009612,-0.128445,-0.162353
14.225666,0.111628,-0.050953,0.276785,0.978405,-0.010390,-0.128206,-0.161799
14.235721,0.109623,-0.050904,0.275933,0.978143,-0.029832,-0.124813,-0.163610
14.245784,0.108148,-0.050820,0.275753,0.978084,-0.030832,-0.125298,-0.163404
14.255848,0.105973,-0.050733,0.275385,0.977997,-0.032244,-0.125649,-0.163385
14.265912,0.104529,-0.050628,0.275135,0.977930,-0.033178,-0.125944,-0.163370
14.275976,0.102489,-0.050612,0.274837,0.977796,-0.034463,-0.125922,-0.163921
14.286039,0.101090,-0.050643,0.274617,0.977628,-0.035395,-0.126012,-0.164658
14.296091,0.099061,-0.050610,0.274501,0.977565,-0.036915,-0.126082,-0.164645
14.306154,0.097731,-0.050589,0.274311,0.977547,-0.037883,-0.125936,-0.164642
14.316219,0.096400,-0.050548,0.274372,0.977480,-0.038984,-0.126136,-0.164628
14.326277,0.094487,-0.050612,0.274193,0.977428,-0.040411,-0.125600,-0.165004
14.336337,0.093241,-0.050667,0.274128,0.977372,-0.041358,-0.125235,-0.165380
14.346396,0.091416,-0.050701,0.274014,0.977351,-0.042798,-0.124661,-0.165571
14.356457,0.090320,-0.050827,0.273831,0.977400,-0.043590,-0.123724,-0.165777
14.366518,0.088592,-0.050926,0.273757,0.977404,-0.045030,-0.122910,-0.165973
14.376582,0.087461,-0.050928,0.273658,0.977443,-0.046025,-0.122475,-0.165790
14.386645,0.085863,-0.051080,0.273537,0.977471,-0.047413,-0.121440,-0.165993
14.396707,0.084869,-0.051179,0.273331,0.977552,-0.048180,-0.120462,-0.166013
14.406769,0.083412,-0.051367,0.273170,0.977603,-0.049452,-0.119233,-0.166221
14.416831,0.082464,-0.051505,0.273057,0.977651,-0.050212,-0.118234,-0.166428
14.426894,0.081117,-0.051695,0.272819,0.977813,-0.051316,-0.116622,-0.166275
14.436953,0.080272,-0.051955,0.272644,0.977875,-0.051933,-0.115244,-0.166679
14.447011,0.079058,-0.052163,0.272605,0.978035,-0.052937,-0.113642,-0.166525
14.457070,0.078240,-0.052343,0.272784,0.978048,-0.053605,-0.112637,-0.166918
14.467129,0.077209,-0.052688,0.272760,0.978178,-0.054216,-0.110569,-0.167339
14.477183,0.076534,-0.052902,0.272750,0.978322,-0.054565,-0.109064,-0.167374
14.487246,0.075434,-0.053110,0.273233,0.978390,-0.055470,-0.107662,-0.167588
14.497309,0.074933,-0.053486,0.273245,0.978500,-0.055421,-0.105712,-0.168198
14.507373,0.074106,-0.053867,0.273595,0.978675,-0.055736,-0.103526,-0.168436
14.517434,0.073490,-0.054094,0.273993,0.978649,-0.056193,-0.102576,-0.169015
14.527601,0.072658,-0.054343,0.274744,0.978690,-0.056945,-0.101427,-0.169222
14.537664,0.072134,-0.054580,0.275348,0.978629,-0.057284,-0.100538,-0.169986
14.547728,0.071749,-0.054848,0.275708,0.978676,-0.057366,-0.099354,-0.170388
14.557792,0.071023,-0.055158,0.276542,0.978570,-0.057802,-0.098162,-0.171532
14.567857,0.070535,-0.055306,0.277216,0.978464,-0.058212,-0.097662,-0.172286
14.577913,0.069853,-0.055476,0.278344,0.978358,-0.058839,-0.097009,-0.173041
14.587977,0.069448,-0.055625,0.279126,0.978249,-0.059168,-0.096555,-0.173794
14.598041,0.068905,-0.055812,0.280240,0.978061,-0.059477,-0.095886,-0.175112
14.608106,0.068554,-0.055922,0.281159,0.977862,-0.059767,-0.095690,-0.176232
14.618168,0.068126,-0.056073,0.282417,0.977648,-0.060035,-0.095276,-0.177544
14.628231,0.067757,-0.056113,0.283495,0.977438,-0.060527,-0.095397,-0.178467
14.638294,0.067326,-0.056110,0.285205,0.977220,-0.061297,-0.095782,-0.179194
14.648358,0.067125,-0.056127,0.286134,0.977083,-0.061406,-0.095709,-0.179939
14.658422,0.066907,-0.056197,0.287772,0.976820,-0.061610,-0.095806,-0.181238
14.668484,0.066722,-0.056145,0.288958,0.976674,-0.061888,-0.096076,-0.181787
14.678544,0.066588,-0.056136,0.290690,0.976584,-0.062073,-0.096179,-0.182154
14.688609,0.066466,-0.056018,0.292045,0.976464,-0.062504,-0.096805,-0.182319
14.698670,0.066413,-0.055913,0.293979,0.976413,-0.062933,-0.097428,-0.182111
14.708725,0.066486,-0.055943,0.295131,0.976448,-0.062915,-0.097440,-0.181925
14.718787,0.066547,-0.055863,0.297100,0.976509,-0.063083,-0.097782,-0.181356
14.728850,0.066540,-0.055712,0.298424,0.976548,-0.063362,-0.098277,-0.180781
14.738911,0.066747,-0.055596,0.300497,0.976745,-0.063454,-0.098667,-0.179466
14.748973,0.066911,-0.055553,0.301816,0.976803,-0.063546,-0.099064,-0.178896
14.759036,0.066980,-0.055410,0.303184,0.976817,-0.063859,-0.099768,-0.178316
14.769099,0.067327,-0.055331,0.305141,0.977032,-0.063724,-0.100088,-0.177005
14.779163,0.067578,-0.055327,0.306434,0.977042,-0.063589,-0.100416,-0.176813
14.789225,0.067986,-0.055221,0.308430,0.977061,-0.063316,-0.101073,-0.176427
14.799286,0.068338,-0.055184,0.309787,0.977058,-0.062896,-0.101369,-0.176425
14.809341,0.068847,-0.055087,0.311664,0.976929,-0.062259,-0.102049,-0.176974
14.819405,0.069230,-0.055028,0.313056,0.977517,-0.049899,-0.104735,-0.176073
14.829469,0.069993,-0.055026,0.314668,0.977438,-0.048779,-0.105048,-0.176634
14.839531,0.070434,-0.054906,0.316094,0.977315,-0.048330,-0.105810,-0.176983
14.849583,0.071190,-0.054829,0.317768,0.977183,-0.043659,-0.107227,-0.178070
14.859636,0.071685,-0.054746,0.319069,0.976972,-0.042997,-0.107900,-0.178981
14.869686,0.072549,-0.054677,0.320711,0.976686,-0.041673,-0.108545,-0.180459
14.879747,0.073216,-0.054676,0.321737,0.976497,-0.040603,-0.108785,-0.181579
14.889806,0.074208,-0.054668,0.323221,0.976211,-0.039020,-0.109113,-0.183258
14.899866,0.074918,-0.054613,0.324239,0.976126,-0.037971,-0.109302,-0.183821
14.909924,0.075928,-0.054506,0.325836,0.975959,-0.036522,-0.109716,-0.184750
14.919988,0.076606,-0.054458,0.326752,0.975801,-0.035477,-0.109890,-0.185684
14.930051,0.077791,-0.054425,0.328064,0.975692,-0.033719,-0.109792,-0.186638
14.940112,0.078547,-0.054348,0.328849,0.975661,-0.032609,-0.109747,-0.187024
14.950174,0.079764,-0.054290,0.329929,0.975718,-0.030900,-0.109357,-0.187245
14.960238,0.080641,-0.054245,0.330588,0.975816,-0.029775,-0.109073,-0.187083
14.970450,0.081886,-0.054133,0.331691,0.975961,-0.028235,-0.108769,-0.186739
14.980512,0.082692,-0.054031,0.332408,0.976056,-0.027350,-0.108767,-0.186376
14.990565,0.083600,-0.053945,0.332873,0.976226,-0.026285,-0.108420,-0.185842
15.000624,0.084998,-0.053887,0.333752,0.976499,-0.024788,-0.107839,-0.184950
15.010688,0.085870,-0.053769,0.334334,0.976898,-0.012326,-0.109781,-0.182938
15.020750,0.087415,-0.053706,0.334898,0.977240,-0.010771,-0.108972,-0.181690
15.030811,0.088335,-0.053638,0.335331,0.977360,-0.009970,-0.108887,-0.181142
15.040874,0.089800,-0.053517,0.335986,0.977609,-0.008687,-0.108568,-0.180051
15.050938,0.090817,-0.053460,0.336341,0.977835,-0.007783,-0.108089,-0.179151
15.060998,0.092349,-0.053446,0.336678,0.978104,-0.006562,-0.107522,-0.178071
15.071062,0.093309,-0.053378,0.337004,0.978208,-0.007870,-0.107018,-0.177749
15.081123,0.094899,-0.053314,0.337492,0.978439,-0.006768,-0.106800,-0.176648
15.091185,0.095920,-0.053291,0.337593,0.978578,-0.006002,-0.106466,-0.176110
15.101247,0.097396,-0.053236,0.337918,0.978758,-0.005075,-0.106377,-0.175188
15.111310,0.098384,-0.053164,0.338173,0.978860,-0.004449,-0.106386,-0.174631
15.121370,0.099964,-0.053175,0.338323,0.979041,-0.003419,-0.105926,-0.173914
15.131433,0.100925,-0.053149,0.338568,0.979110,-0.002857,-0.105911,-0.173545
15.141495,0.102438,-0.053191,0.338612,0.979191,-0.001861,-0.105448,-0.173388
15.151559,0.103395,-0.053147,0.338667,0.979225,-0.001285,-0.105437,-0.173205
15.161623,0.104926,-0.053212,0.338606,0.979272,-0.000322,-0.104959,-0.173235
15.171688,0.105801,-0.053201,0.338598,0.979222,0.000150,-0.105120,-0.173416
15.181741,0.107196,-0.053199,0.338543,0.979218,0.000890,-0.105158,-0.173419
15.191804,0.108153,-0.053181,0.338525,0.979271,0.001309,-0.105277,-0.173041
15.201866,0.108924,-0.053173,0.338544,0.979194,-0.005260,-0.104363,-0.173955
15.211928,0.110313,-0.053158,0.338471,0.979229,-0.004576,-0.104368,-0.173771
15.221988,0.111180,-0.053139,0.338445,0.979184,-0.004139,-0.104504,-0.173955
15.232049,0.112359,-0.053160,0.338439,0.979049,-0.003603,-0.104874,-0.174502
15.242113,0.113294,-0.053181,0.338365,0.979092,-0.003186,-0.104792,-0.174321
15.252172,0.114490,-0.053148,0.338348,0.979094,-0.002721,-0.105115,-0.174122
15.262234,0.115331,-0.053162,0.338306,0.979068,-0.006297,-0.104513,-0.174539
15.272294,0.116590,-0.053147,0.338311,0.979019,-0.005860,-0.105027,-0.174521
15.282353,0.117330,-0.053153,0.338340,0.978940,-0.005631,-0.105485,-0.174691
15.292414,0.118479,-0.053072,0.338215,0.979047,-0.005250,-0.105765,-0.173934
15.302475,0.119213,-0.053078,0.338238,0.979072,-0.005112,-0.106185,-0.173544
15.312534,0.120210,-0.053020,0.338313,0.979054,-0.004910,-0.107012,-0.173138
15.322597,0.120886,-0.053046,0.338206,0.979064,-0.004740,-0.107247,-0.172943
15.332661,0.121890,-0.052958,0.338274,0.979113,-0.004569,-0.108056,-0.172164
15.342670,0.122475,-0.052955,0.338242,0.979017,-0.004449,-0.108676,-0.172326
15.352733,0.123336,-0.052867,0.338224,0.978964,-0.004250,-0.109502,-0.172106
15.362796,0.123934,-0.052823,0.338189,0.979001,-0.004202,-0.110086,-0.171522
15.372860,0.124744,-0.052739,0.338331,0.978942,-0.004143,-0.111261,-0.171101
15.382924,0.125261,-0.052664,0.338336,0.978925,-0.004114,-0.112039,-0.170696
15.392990,0.126009,-0.052602,0.338352,0.978851,-0.004021,-0.113030,-0.170469
15.403054,0.126491,-0.052600,0.338353,0.978833,-0.004069,-0.113789,-0.170064
15.413117,0.127070,-0.052582,0.338309,0.978867,-0.004049,-0.114364,-0.169480
15.423138,0.127661,-0.052501,0.338315,0.978717,-0.004053,-0.115724,-0.169423
15.433200,0.128044,-0.052491,0.338394,0.978522,-0.004095,-0.116889,-0.169748
15.443253,0.128668,-0.052313,0.338396,0.978567,-0.004169,-0.118206,-0.168572
15.453313,0.129174,-0.052312,0.338261,0.978566,-0.004162,-0.118781,-0.168175
15.463366,0.129847,-0.052379,0.337954,0.978543,-0.004195,-0.119542,-0.167769
15.473429,0.130145,-0.052290,0.337823,0.978497,-0.004268,-0.120487,-0.167356
15.483481,0.130592,-0.052309,0.337521,0.978264,-0.004271,-0.121662,-0.167866
15.493534,0.130917,-0.052268,0.337187,0.978151,-0.004129,-0.122089,-0.168222
15.503597,0.131400,-0.052183,0.336882,0.977980,-0.004077,-0.123266,-0.168358
15.513661,0.131645,-0.052078,0.336628,0.977920,-0.004077,-0.124036,-0.168139
15.523667,0.132111,-0.052070,0.336249,0.977660,-0.003894,-0.124870,-0.169037
15.533730,0.132427,-0.052079,0.335818,0.977512,-0.003766,-0.125296,-0.169578
15.543782,0.132840,-0.052107,0.335222,0.977408,-0.003721,-0.125889,-0.169739
15.553844,0.133081,-0.052085,0.334799,0.977428,-0.003751,-0.126261,-0.169350
15.563906,0.133379,-0.052086,0.334379,0.977378,-0.003896,-0.127189,-0.168936
15.573969,0.133584,-0.052050,0.334122,0.977351,-0.004002,-0.127931,-0.168530
15.584033,0.134005,-0.052098,0.333414,0.977317,-0.014393,-0.126129,-0.169514
15.594098,0.134256,-0.052079,0.332918,0.977382,-0.014345,-0.126135,-0.169141
15.604161,0.134688,-0.052081,0.332208,0.977446,-0.014249,-0.126150,-0.168768
15.614222,0.134965,-0.052011,0.331675,0.977566,-0.014139,-0.125973,-0.168215
15.624282,0.135135,-0.051960,0.331224,0.977606,-0.014129,-0.126163,-0.167836
15.634344,0.135568,-0.051891,0.330608,0.977734,-0.014032,-0.126174,-0.167090
15.644404,0.135895,-0.051898,0.330025,0.977845,-0.013909,-0.125809,-0.166730
15.654462,0.136357,-0.051948,0.329036,0.978057,-0.013696,-0.124880,-0.166201
15.664525,0.136509,-0.051947,0.328548,0.978088,-0.013672,-0.124882,-0.166015
15.674579,0.136657,-0.051945,0.328037,0.978074,-0.013723,-0.125256,-0.165816
15.684632,0.136828,-0.051951,0.327418,0.978128,-0.013662,-0.125073,-0.165635
15.694658,0.137002,-0.051958,0.326738,0.978160,-0.013638,-0.125076,-0.165449
15.704718,0.137063,-0.051921,0.326393,0.978168,-0.013652,-0.125264,-0.165256
15.714778,0.137320,-0.052039,0.325462,0.978197,-0.013456,-0.124535,-0.165653
15.724840,0.137493,-0.052075,0.324769,0.978201,-0.013251,-0.124002,-0.166045
15.734901,0.137689,-0.052227,0.324041,0.977965,-0.013031,-0.123870,-0.167542
15.744965,0.137909,-0.052289,0.323431,0.977936,-0.012805,-0.123342,-0.168120
15.755026,0.138186,-0.052294,0.322534,0.978003,-0.012602,-0.122804,-0.168138
15.765089,0.138240,-0.052314,0.322056,0.978003,-0.012602,-0.122804,-0.168138
15.775148,0.138498,-0.052352,0.321158,0.978103,-0.012469,-0.122249,-0.167970
15.785213,0.138620,-0.052348,0.320763,0.978103,-0.012423,-0.122258,-0.167970
15.795274,0.138763,-0.052403,0.320044,0.978125,-0.012387,-0.122072,-0.167976
15.805329,0.138852,-0.052366,0.319494,0.978235,-0.012313,-0.121696,-0.167615
15.815413,0.139125,-0.052410,0.318486,0.978401,-0.012070,-0.120584,-0.167465
15.825477,0.139183,-0.052371,0.318103,0.978433,-0.012047,-0.120587,-0.167278
15.835541,0.139311,-0.052359,0.317671,0.978488,-0.011988,-0.120403,-0.167098
15.845605,0.139391,-0.052389,0.316929,0.978532,-0.011915,-0.120031,-0.167110
15.855660,0.139517,-0.052377,0.316497,0.978586,-0.011855,-0.119848,-0.166929
15.865712,0.139639,-0.052423,0.315932,0.978630,-0.011783,-0.119476,-0.166941
15.875766,0.139760,-0.052469,0.315428,0.978696,-0.011673,-0.118919,-0.166959
15.885828,0.139822,-0.052502,0.314781,0.978708,-0.011578,-0.118554,-0.167157
15.895892,0.139855,-0.052514,0.314457,0.978730,-0.011542,-0.118368,-0.167163
15.905956,0.139973,-0.052559,0.313952,0.978795,-0.011433,-0.117810,-0.167181
15.916022,0.140083,-0.052601,0.313543,0.978861,-0.011324,-0.117253,-0.167199
15.926083,0.140191,-0.052642,0.313073,0.978904,-0.011251,-0.116881,-0.167211
15.936145,0.140206,-0.052648,0.312882,0.978904,-0.011251,-0.116881,-0.167211
15.946205,0.140321,-0.052691,0.312376,0.978969,-0.011142,-0.116323,-0.167228
15.956267,0.140482,-0.052752,0.312049,0.979033,-0.011032,-0.115765,-0.167246
15.966329,0.140573,-0.052787,0.311712,0.979054,-0.010996,-0.115580,-0.167252
15.976393,0.140580,-0.052789,0.311616,0.978928,-0.019212,-0.114172,-0.168216
15.986457,0.140694,-0.052833,0.311170,0.979014,-0.019067,-0.113428,-0.168233
15.996522,0.140708,-0.052838,0.311037,0.979035,-0.019031,-0.113242,-0.168237
