t,q1,q2,q3,q4,q5,q6
0.000000,-0.337797,0.602541,-0.406844,-0.394255,0.001335,-0.005913
0.010056,-0.337797,0.602541,-0.406844,-0.394255,0.001335,-0.005913
0.020218,-0.337797,0.602541,-0.406844,-0.394255,0.001335,-0.005913
0.030272,-0.337797,0.602541,-0.406844,-0.394255,0.001335,-0.005913
0.040325,-0.337797,0.602541,-0.406844,-0.394255,0.001335,-0.005913
0.050380,-0.337797,0.602541,-0.406844,-0.394255,0.001335,-0.005913
0.060444,-0.337797,0.602541,-0.406844,-0.394255,0.001335,-0.005913
0.070508,-0.337797,0.602541,-0.406844,-0.394255,0.001335,-0.005913
0.080543,-0.337797,0.602541,-0.406844,-0.394255,0.001335,-0.005913
0.090596,-0.337797,0.602541,-0.406844,-0.394255,0.001335,-0.005913
0.100647,-0.337797,0.602541,-0.406844,-0.394255,0.001335,-0.005913
0.110698,-0.337797,0.602541,-0.406844,-0.394255,0.001335,-0.005913
0.120748,-0.337797,0.602541,-0.406844,-0.394255,0.001335,-0.005913
0.130799,-0.337797,0.602541,-0.406844,-0.394255,0.001335,-0.005913
0.140849,-0.337797,0.602541,-0.406844,-0.394255,0.001335,-0.005913
0.150900,-0.337797,0.602541,-0.406844,-0.394255,0.001335,-0.005913
0.160951,-0.337797,0.602541,-0.406844,-0.394255,0.001335,-0.005913
0.171002,-0.337797,0.602541,-0.406844,-0.394255,0.001335,-0.005913
0.181053,-0.337797,0.602541,-0.406844,-0.394255,0.001335,-0.005913
0.191104,-0.337797,0.602541,-0.406844,-0.394255,0.001335,-0.005913
0.201155,-0.337797,0.602541,-0.406844,-0.394255,0.001335,-0.005913
0.211206,-0.337797,0.602541,-0.406844,-0.394255,0.001335,-0.005913
0.221257,-0.337797,0.602541,-0.406844,-0.394255,0.001335,-0.005913
0.231375,-0.337797,0.602541,-0.406844,-0.394255,0.001335,-0.005913
0.241426,-0.337797,0.602541,-0.406844,-0.394255,0.001335,-0.005913
0.251477,-0.337797,0.602541,-0.406844,-0.394255,0.001335,-0.005913
0.261528,-0.337797,0.602541,-0.406844,-0.394255,0.001335,-0.005913
0.271580,-0.337797,0.602541,-0.406844,-0.394255,0.001335,-0.005913
0.281631,-0.337797,0.602541,-0.406844,-0.394255,0.001335,-0.005913
0.291658,-0.337797,0.602541,-0.406844,-0.394255,0.001335,-0.005913
0.301710,-0.337797,0.602541,-0.406844,-0.394255,0.001335,-0.005913
0.311762,-0.337797,0.602541,-0.406844,-0.394255,0.001335,-0.005913
0.321814,-0.337797,0.602541,-0.406844,-0.394255,0.001335,-0.005913
0.331866,-0.337797,0.602541,-0.406844,-0.394255,0.001335,-0.005913
0.341917,-0.337797,0.602541,-0.406844,-0.394255,0.001335,-0.005913
0.351968,-0.337797,0.602541,-0.406844,-0.394255,0.001335,-0.005913
0.362020,-0.337797,0.602541,-0.406844,-0.394255,0.001335,-0.005913
0.372085,-0.337797,0.602541,-0.406844,-0.394255,0.001335,-0.005913
0.382138,-0.337797,0.602541,-0.406844,-0.394255,0.001335,-0.005913
0.392189,-0.337797,0.602541,-0.406844,-0.394255,0.001335,-0.005913
0.402241,-0.337797,0.602541,-0.406844,-0.394255,0.001335,-0.005913
0.412293,-0.337797,0.602541,-0.406844,-0.394255,0.001335,-0.005913
0.422344,-0.337797,0.602541,-0.406844,-0.394255,0.001335,-0.005913
0.432395,-0.337797,0.602541,-0.406844,-0.394255,0.001335,-0.005913
0.442446,-0.337797,0.602541,-0.406844,-0.394255,0.001335,-0.005913
0.452497,-0.337797,0.602541,-0.406844,-0.394255,0.001335,-0.005913
0.462548,-0.337797,0.602541,-0.406844,-0.394255,0.001335,-0.005913
0.472600,-0.337797,0.602541,-0.406844,-0.394255,0.001335,-0.005913
0.482651,-0.337797,0.602541,-0.406844,-0.394255,0.001335,-0.005913
0.492704,-0.337797,0.602541,-0.406844,-0.394255,0.001335,-0.005913
0.502755,-0.337797,0.602541,-0.406844,-0.394255,0.001335,-0.005913
0.512806,-0.337797,0.602541,-0.406844,-0.394255,0.001335,-0.005913
0.522858,-0.337797,0.602541,-0.406844,-0.394255,0.001335,-0.005913
0.532909,-0.337797,0.602541,-0.406844,-0.394255,0.001335,-0.005913
0.542961,-0.337797,0.602541,-0.406844,-0.394255,0.001335,-0.005913
0.553012,-0.337797,0.602541,-0.406844,-0.394255,0.001335,-0.005913
0.563064,-0.337797,0.602541,-0.406844,-0.394255,0.001335,-0.005913
0.573115,-0.337797,0.602541,-0.406844,-0.394255,0.001335,-0.005913
0.583167,-0.337797,0.602541,-0.406844,-0.394255,0.001335,-0.005913
0.593219,-0.337797,0.602541,-0.406844,-0.394255,0.001335,-0.005913
0.603272,-0.337797,0.602541,-0.406844,-0.394255,0.001335,-0.005913
0.613324,-0.337797,0.602541,-0.406844,-0.394255,0.001335,-0.005913
0.623375,-0.337797,0.602541,-0.406844,-0.394255,0.001335,-0.005913
0.633476,-0.337797,0.602541,-0.406844,-0.394255,0.001335,-0.005913
0.643527,-0.337797,0.602541,-0.406844,-0.394255,0.001335,-0.005913
0.653579,-0.337797,0.602541,-0.406844,-0.394255,0.001335,-0.005913
0.663630,-0.337797,0.602541,-0.406844,-0.394255,0.001335,-0.005913
0.673658,-0.337797,0.602541,-0.406844,-0.394255,0.001335,-0.005913
0.683710,-0.337797,0.602541,-0.406844,-0.394255,0.001335,-0.005913
0.693762,-0.337797,0.602541,-0.406844,-0.394255,0.001335,-0.005913
0.703814,-0.337797,0.602541,-0.406844,-0.394255,0.001335,-0.005913
0.713866,-0.337797,0.602541,-0.406844,-0.394255,0.001335,-0.005913
0.723917,-0.337797,0.602541,-0.406844,-0.394255,0.001335,-0.005913
0.733969,-0.337797,0.602541,-0.406844,-0.394255,0.001335,-0.005913
0.744021,-0.337797,0.602541,-0.406844,-0.394255,0.001335,-0.005913
0.754073,-0.337797,0.602541,-0.406844,-0.394255,0.001335,-0.005913
0.764125,-0.337797,0.602541,-0.406844,-0.394255,0.001335,-0.005913
0.774177,-0.337797,0.602541,-0.406844,-0.394255,0.001335,-0.005913
0.784229,-0.337797,0.602541,-0.406844,-0.394255,0.001335,-0.005913
0.794281,-0.337797,0.602541,-0.406844,-0.394255,0.001335,-0.005913
0.804332,-0.337797,0.602541,-0.406844,-0.394255,0.001335,-0.005913
0.814381,-0.337797,0.602541,-0.406844,-0.394255,0.001335,-0.005913
0.824451,-0.337797,0.602541,-0.407225,-0.394255,0.001335,-0.005913
0.834499,-0.337797,0.602541,-0.407225,-0.394255,0.001335,-0.005913
0.844548,-0.337797,0.602541,-0.407225,-0.394255,0.001335,-0.005913
0.854599,-0.337797,0.602541,-0.407225,-0.394255,0.001335,-0.005913
0.864647,-0.337797,0.602541,-0.407607,-0.394255,0.001335,-0.005913
0.874698,-0.337797,0.602541,-0.407607,-0.394255,0.001335,-0.005913
0.884751,-0.337797,0.602541,-0.407607,-0.394255,0.001335,-0.005913
0.894800,-0.337797,0.602541,-0.407988,-0.394255,0.001335,-0.005913
0.904852,-0.337797,0.602541,-0.407988,-0.394255,0.001335,-0.005913
0.914901,-0.337797,0.602541,-0.408370,-0.394255,0.001335,-0.005913
0.924951,-0.337797,0.602541,-0.408751,-0.394255,0.001335,-0.005913
0.935002,-0.337797,0.602541,-0.408751,-0.394255,0.001335,-0.005913
0.945054,-0.337797,0.602541,-0.408751,-0.394255,0.001335,-0.005913
0.955106,-0.337797,0.602541,-0.408751,-0.394255,0.001335,-0.005913
0.965154,-0.337797,0.602159,-0.409133,-0.394255,0.001335,-0.005913
0.975204,-0.337797,0.602159,-0.409133,-0.394255,0.001335,-0.005913
0.985257,-0.337797,0.602159,-0.409133,-0.394255,0.001335,-0.005913
0.995306,-0.338178,0.602159,-0.409133,-0.394255,0.001335,-0.005913
1.005357,-0.338178,0.602159,-0.409514,-0.394255,0.001335,-0.005913
1.015425,-0.338178,0.602541,-0.409514,-0.394255,0.001335,-0.005913
1.025475,-0.338178,0.602541,-0.409895,-0.394255,0.001335,-0.005913
1.035523,-0.338178,0.602541,-0.409895,-0.394255,0.001335,-0.005913
1.045574,-0.338178,0.602541,-0.410277,-0.394255,0.001335,-0.005913
1.055625,-0.338178,0.602541,-0.410658,-0.394255,0.001335,-0.005913
1.065674,-0.338178,0.602541,-0.411040,-0.394255,0.001335,-0.005913
1.075724,-0.338178,0.602541,-0.411421,-0.394255,0.001335,-0.005913
1.085772,-0.338178,0.602541,-0.411803,-0.394255,0.001335,-0.005913
1.095822,-0.338178,0.602541,-0.412184,-0.394255,0.001335,-0.005913
1.105874,-0.338178,0.602541,-0.412947,-0.393874,0.001335,-0.005913
1.115925,-0.338178,0.602541,-0.412947,-0.394255,0.001335,-0.005913
1.125975,-0.338178,0.602541,-0.414092,-0.394255,0.001335,-0.005913
1.136023,-0.338178,0.602541,-0.414855,-0.394255,0.001335,-0.005913
1.146072,-0.338178,0.602541,-0.415999,-0.393874,0.001335,-0.005913
1.156123,-0.338178,0.602541,-0.417144,-0.393874,0.001335,-0.005913
1.166171,-0.338178,0.602541,-0.418288,-0.393874,0.001335,-0.005913
1.176221,-0.338178,0.602541,-0.419051,-0.393874,0.001335,-0.005913
1.186270,-0.338178,0.602541,-0.420195,-0.393874,0.001335,-0.005913
1.196320,-0.338178,0.602541,-0.421340,-0.393874,0.001335,-0.005913
1.206391,-0.338178,0.602541,-0.422103,-0.393874,0.001335,-0.005913
1.216440,-0.338178,0.602541,-0.423247,-0.393874,0.001335,-0.005913
1.226492,-0.338178,0.602159,-0.424010,-0.393874,0.001335,-0.005913
1.236540,-0.338178,0.602159,-0.424773,-0.393874,0.001335,-0.005913
1.246589,-0.338560,0.602159,-0.425536,-0.393874,0.001335,-0.005913
1.256642,-0.338560,0.602159,-0.426680,-0.393874,0.001335,-0.005913
1.266690,-0.338560,0.602159,-0.427825,-0.393874,0.001335,-0.005913
1.276741,-0.338560,0.602159,-0.429351,-0.393874,0.001335,-0.005913
1.286789,-0.338560,0.602159,-0.430114,-0.393874,0.001335,-0.005913
1.296839,-0.338560,0.602159,-0.431258,-0.393874,0.001335,-0.005913
1.306890,-0.338941,0.602541,-0.432021,-0.393874,0.001335,-0.005913
1.316939,-0.338941,0.602159,-0.433165,-0.393874,0.001335,-0.005913
1.326989,-0.338941,0.602159,-0.433547,-0.393874,0.001335,-0.005913
1.337037,-0.339322,0.602159,-0.434310,-0.393874,0.001335,-0.005913
1.347085,-0.339322,0.602159,-0.435454,-0.393874,0.001335,-0.005913
1.357136,-0.339322,0.602159,-0.436217,-0.393874,0.001335,-0.005913
1.367184,-0.339704,0.602159,-0.436980,-0.393874,0.001335,-0.005913
1.377234,-0.339704,0.602159,-0.437743,-0.393874,0.001335,-0.005913
1.387282,-0.340085,0.602159,-0.438506,-0.393874,0.001335,-0.005913
1.397360,-0.340848,0.602159,-0.439651,-0.393874,0.001335,-0.005913
1.407412,-0.340848,0.602159,-0.440414,-0.393492,0.001335,-0.005913
1.417463,-0.341611,0.602159,-0.441558,-0.393111,0.001335,-0.005913
1.427515,-0.341993,0.602159,-0.443084,-0.392729,0.001335,-0.005913
1.437565,-0.342756,0.602159,-0.443465,-0.392729,0.001335,-0.005913
1.447614,-0.343900,0.602159,-0.444610,-0.392729,0.001335,-0.005913
1.457666,-0.344282,0.602159,-0.444991,-0.392729,0.001335,-0.005913
1.467714,-0.344663,0.602159,-0.446136,-0.392729,0.001335,-0.005913
1.477765,-0.345045,0.602159,-0.446517,-0.392729,0.001335,-0.005913
1.487817,-0.345045,0.602159,-0.446899,-0.392729,0.001335,-0.005913
1.497868,-0.345045,0.602159,-0.447280,-0.392729,0.001335,-0.005913
1.507919,-0.345045,0.602159,-0.448043,-0.392729,0.001335,-0.005913
1.517967,-0.345045,0.601778,-0.448425,-0.392348,0.001335,-0.005913
1.528017,-0.345045,0.601778,-0.449187,-0.391203,0.001335,-0.005913
1.538069,-0.345045,0.601396,-0.449950,-0.390822,0.001335,-0.005913
1.548119,-0.345045,0.601396,-0.451095,-0.389677,0.001335,-0.005913
1.558170,-0.345045,0.601396,-0.451858,-0.388914,0.001335,-0.005913
1.568219,-0.345045,0.601396,-0.453002,-0.387007,0.001335,-0.005913
1.578271,-0.345045,0.601396,-0.454147,-0.385481,0.001335,-0.005913
1.588334,-0.345045,0.601396,-0.455673,-0.383574,0.001335,-0.005913
1.598387,-0.345045,0.601015,-0.456435,-0.382048,0.001335,-0.005913
1.608439,-0.345045,0.601015,-0.457198,-0.380903,0.001335,-0.005913
1.618487,-0.345045,0.601015,-0.458724,-0.378614,0.001335,-0.005913
1.628536,-0.345426,0.601015,-0.459487,-0.377089,0.001335,-0.005913
1.638588,-0.345426,0.601015,-0.460632,-0.375181,0.001335,-0.005913
1.648636,-0.345426,0.601015,-0.461395,-0.374037,0.001335,-0.005913
1.658686,-0.345426,0.600633,-0.462539,-0.372129,0.001335,-0.005531
1.668739,-0.345426,0.600633,-0.463302,-0.370603,0.001335,-0.005531
1.678789,-0.345808,0.600252,-0.464446,-0.369459,0.001335,-0.005531
1.688840,-0.345808,0.600252,-0.465209,-0.368315,0.001335,-0.005531
1.698888,-0.345808,0.599870,-0.466735,-0.366026,0.001335,-0.005531
1.708938,-0.346189,0.599870,-0.467880,-0.364500,0.001335,-0.005531
1.718987,-0.346571,0.599870,-0.469024,-0.362974,0.001335,-0.005531
1.729038,-0.346571,0.599870,-0.469406,-0.361448,0.001717,-0.005531
1.739089,-0.346952,0.599489,-0.470932,-0.359541,0.001717,-0.005531
1.749137,-0.347333,0.599489,-0.471695,-0.358396,0.001717,-0.005531
1.759187,-0.347715,0.599489,-0.473220,-0.357252,0.002098,-0.005531
1.769238,-0.348096,0.599107,-0.473602,-0.356489,0.002098,-0.005531
1.779289,-0.348478,0.599107,-0.474365,-0.354963,0.002098,-0.005531
1.789340,-0.349241,0.599107,-0.475509,-0.353819,0.002098,-0.005531
1.799392,-0.350004,0.599107,-0.476272,-0.352674,0.002098,-0.005531
1.809441,-0.350767,0.599107,-0.477798,-0.351148,0.002098,-0.005531
1.819491,-0.351148,0.599107,-0.478943,-0.350004,0.002098,-0.005531
1.829541,-0.351530,0.598726,-0.480468,-0.347715,0.002098,-0.005531
1.839593,-0.351911,0.598726,-0.481231,-0.345808,0.002098,-0.005531
1.849641,-0.353056,0.598726,-0.482757,-0.343519,0.002098,-0.005531
1.859691,-0.353437,0.598726,-0.483520,-0.341993,0.002098,-0.005531
1.869742,-0.354963,0.598344,-0.484665,-0.339704,0.002861,-0.005531
1.879790,-0.356107,0.598344,-0.485809,-0.338178,0.005150,-0.005531
1.889841,-0.357252,0.597963,-0.486954,-0.335889,0.008965,-0.005531
1.899892,-0.358015,0.597963,-0.487716,-0.334363,0.010109,-0.005531
1.909943,-0.358778,0.597581,-0.488861,-0.331693,0.010491,-0.005531
1.919994,-0.359159,0.597581,-0.489624,-0.330167,0.010109,-0.005531
1.930042,-0.359541,0.597581,-0.491150,-0.327497,0.010109,-0.005531
1.940094,-0.359922,0.597581,-0.492294,-0.325589,0.010109,-0.005531
1.950145,-0.360304,0.597200,-0.493820,-0.322919,0.010491,-0.005531
1.960194,-0.360304,0.597200,-0.494583,-0.321393,0.010872,-0.005531
1.970246,-0.360685,0.597200,-0.495727,-0.318723,0.011635,-0.005531
1.980294,-0.361448,0.596818,-0.496490,-0.317578,0.012779,-0.005531
1.990345,-0.362211,0.596818,-0.496872,-0.316052,0.014305,-0.005531
2.000394,-0.363355,0.596437,-0.498016,-0.313382,0.016976,-0.005531
2.010445,-0.363737,0.596437,-0.498779,-0.311856,0.018502,-0.005531
2.020497,-0.364500,0.595674,-0.499542,-0.309186,0.020027,-0.005531
2.030548,-0.365263,0.595293,-0.499924,-0.307279,0.020790,-0.005150
2.040600,-0.366407,0.593767,-0.501068,-0.304608,0.021553,-0.005150
2.050651,-0.366789,0.593004,-0.502213,-0.302319,0.022316,-0.005150
2.060702,-0.368315,0.591859,-0.502976,-0.299268,0.024605,-0.005150
2.070754,-0.369459,0.590715,-0.504120,-0.296979,0.026513,-0.005150
2.080806,-0.370985,0.588808,-0.505264,-0.293164,0.028420,-0.005150
2.090858,-0.371748,0.587282,-0.506027,-0.290875,0.028801,-0.005150
2.100912,-0.372892,0.585756,-0.506790,-0.288205,0.028801,-0.005150
2.110962,-0.373655,0.584993,-0.507172,-0.286297,0.028801,-0.005150
2.121015,-0.374418,0.583467,-0.508316,-0.284390,0.028801,-0.005150
2.131067,-0.375181,0.582322,-0.508698,-0.282864,0.028801,-0.005150
2.141118,-0.376707,0.580034,-0.509079,-0.280194,0.028801,-0.005150
2.151170,-0.377470,0.578126,-0.510224,-0.279049,0.029183,-0.005150
2.161229,-0.378614,0.574311,-0.511368,-0.277142,0.031090,-0.005150
2.171280,-0.379759,0.572786,-0.511749,-0.275616,0.033379,-0.005150
2.181331,-0.381285,0.572023,-0.512512,-0.274090,0.035286,-0.005150
2.191383,-0.382811,0.571641,-0.513657,-0.272183,0.035668,-0.005150
2.201435,-0.383574,0.570878,-0.514420,-0.271038,0.035286,-0.005150
2.211486,-0.384718,0.569352,-0.515946,-0.268368,0.035286,-0.005150
2.221538,-0.385863,0.568208,-0.517472,-0.266461,0.035286,-0.005150
2.231590,-0.387388,0.566300,-0.518997,-0.263790,0.035286,-0.005150
2.241641,-0.388151,0.564393,-0.519760,-0.261501,0.035286,-0.005150
2.251658,-0.389296,0.560578,-0.521286,-0.258831,0.035286,-0.005150
2.261710,-0.390440,0.559434,-0.522812,-0.257305,0.035286,-0.005150
2.271762,-0.391585,0.559052,-0.523957,-0.254253,0.035668,-0.005150
2.281814,-0.393111,0.558671,-0.524720,-0.252346,0.036049,0.001335
2.291866,-0.394636,0.557527,-0.525864,-0.250057,0.036431,0.001335
2.301918,-0.395781,0.556001,-0.527008,-0.248150,0.036431,0.001335
2.311969,-0.397307,0.553712,-0.528534,-0.245480,0.036431,0.001335
2.322021,-0.398833,0.551804,-0.530060,-0.243572,0.036431,0.001335
2.332073,-0.400740,0.548753,-0.531205,-0.240139,0.036812,0.001335
2.342124,-0.401884,0.547608,-0.531968,-0.238231,0.037957,0.001335
2.352194,-0.403410,0.546845,-0.533112,-0.235561,0.041390,0.001335
2.362246,-0.405318,0.546082,-0.533875,-0.233654,0.044060,0.001335
2.372298,-0.406844,0.544938,-0.534257,-0.232128,0.047875,0.001335
2.382350,-0.408751,0.542267,-0.535782,-0.229458,0.054360,0.001335
2.392401,-0.409895,0.540360,-0.536545,-0.227550,0.058175,0.001335
2.402453,-0.412566,0.536927,-0.537690,-0.224880,0.061990,0.001335
2.412505,-0.414092,0.535782,-0.538071,-0.222591,0.063897,0.001335
2.422557,-0.415618,0.534638,-0.539216,-0.219539,0.067712,0.001335
2.432609,-0.416762,0.534257,-0.539597,-0.217250,0.070764,0.001335
2.442658,-0.419051,0.532349,-0.541123,-0.214199,0.074960,0.001335
2.452710,-0.420195,0.530442,-0.542267,-0.212291,0.078393,0.001335
2.462762,-0.422484,0.527771,-0.543030,-0.209239,0.082208,0.001335
2.472814,-0.423629,0.525864,-0.543793,-0.207713,0.084115,0.001335
2.482866,-0.425917,0.523194,-0.544556,-0.205806,0.085260,0.001335
2.492918,-0.427062,0.522431,-0.544938,-0.204280,0.085641,0.001335
2.502977,-0.428969,0.521668,-0.545319,-0.201610,0.087167,0.001335
2.513041,-0.430495,0.520523,-0.545701,-0.200465,0.087930,0.001335
2.523103,-0.432784,0.517472,-0.546464,-0.197795,0.088693,0.001335
2.533165,-0.434310,0.515564,-0.546845,-0.195888,0.088693,0.001335
2.543228,-0.436980,0.512131,-0.547608,-0.193217,0.088312,0.008965
2.553292,-0.438506,0.510986,-0.547990,-0.191310,0.088693,0.008965
2.563357,-0.440795,0.509079,-0.547990,-0.188258,0.089456,0.008965
2.573409,-0.442702,0.507935,-0.548371,-0.186732,0.089837,0.008965
2.583460,-0.444610,0.506027,-0.548753,-0.184825,0.091363,0.008965
2.593510,-0.447280,0.502976,-0.549134,-0.181773,0.094415,0.008965
2.603561,-0.449569,0.500687,-0.549516,-0.179866,0.095178,0.008965
2.613612,-0.452621,0.498398,-0.549897,-0.176814,0.095560,0.013542
2.623658,-0.454147,0.497635,-0.549897,-0.174525,0.095941,0.013542
2.633667,-0.457198,0.495727,-0.549897,-0.171855,0.098611,0.013542
2.643730,-0.459106,0.493439,-0.550278,-0.169566,0.101663,0.013542
2.653792,-0.462158,0.490768,-0.551041,-0.166896,0.106622,0.013542
2.663859,-0.464446,0.488479,-0.551423,-0.164988,0.109293,0.013542
2.673923,-0.467498,0.485809,-0.551804,-0.161555,0.112726,0.013542
2.683985,-0.469787,0.485046,-0.552186,-0.159648,0.115396,0.013542
2.694049,-0.472457,0.483139,-0.552949,-0.156596,0.119593,0.013542
2.704111,-0.475128,0.481231,-0.554093,-0.154688,0.122644,0.013542
2.714173,-0.477417,0.478561,-0.554856,-0.151637,0.126841,0.013542
2.724236,-0.479324,0.477035,-0.555238,-0.149729,0.129129,0.013542
2.734297,-0.483139,0.474365,-0.556001,-0.147059,0.133326,0.013542
2.744358,-0.484665,0.472839,-0.556001,-0.145151,0.136378,0.013542
2.754422,-0.488479,0.470550,-0.556001,-0.142863,0.140955,0.013542
2.764487,-0.490387,0.468261,-0.556001,-0.141337,0.144007,0.013542
2.774552,-0.492294,0.466354,-0.556001,-0.140574,0.146677,0.013542
2.784608,-0.495727,0.462158,-0.556001,-0.138666,0.150874,0.013542
2.794671,-0.498016,0.460632,-0.556001,-0.137140,0.152399,0.013542
2.804727,-0.501450,0.459106,-0.556001,-0.135233,0.155070,0.024224
2.814788,-0.503738,0.456817,-0.556001,-0.133707,0.157740,0.024224
2.824854,-0.507553,0.453384,-0.556001,-0.131037,0.162318,0.024224
2.834916,-0.509842,0.451095,-0.556001,-0.129511,0.164988,0.024224
2.844980,-0.513657,0.448425,-0.556001,-0.127604,0.166896,0.024224
2.855043,-0.515946,0.447280,-0.556001,-0.126459,0.166896,0.024224
2.865111,-0.519379,0.444228,-0.556001,-0.124170,0.168040,0.024224
2.875176,-0.522049,0.441939,-0.556001,-0.122644,0.170329,0.024224
2.885239,-0.526246,0.438125,-0.556001,-0.120737,0.174144,0.031090
2.895303,-0.528916,0.436599,-0.556001,-0.119211,0.176051,0.031090
2.905367,-0.533494,0.434691,-0.556001,-0.116922,0.178721,0.031090
2.915428,-0.536164,0.432403,-0.556001,-0.115015,0.182155,0.031090
2.925491,-0.540742,0.428969,-0.556001,-0.112345,0.186732,0.031090
2.935554,-0.544175,0.426299,-0.556001,-0.110437,0.189784,0.031090
2.945615,-0.548371,0.423247,-0.556001,-0.108530,0.194362,0.031090
2.955677,-0.551041,0.422103,-0.556001,-0.107385,0.197414,0.031090
2.965742,-0.555619,0.419051,-0.556001,-0.105097,0.201991,0.031090
2.975805,-0.558671,0.416762,-0.556001,-0.103571,0.205806,0.031090
2.985869,-0.561341,0.414855,-0.556001,-0.102045,0.209621,0.039864
2.995933,-0.565156,0.411421,-0.556001,-0.100137,0.214580,0.039864
3.005995,-0.568589,0.410277,-0.556001,-0.098993,0.217250,0.039864
3.016057,-0.572023,0.407225,-0.556001,-0.096323,0.222210,0.039864
3.026120,-0.575074,0.404936,-0.556001,-0.095178,0.225643,0.039864
3.036181,-0.579271,0.401503,-0.556001,-0.093652,0.229839,0.039864
3.046242,-0.582322,0.399214,-0.556001,-0.092889,0.231365,0.039864
3.056305,-0.586137,0.397307,-0.556001,-0.090600,0.235943,0.039864
3.066371,-0.588808,0.395781,-0.556001,-0.089456,0.238994,0.039864
3.076433,-0.593767,0.392348,-0.556001,-0.088693,0.243954,0.039864
3.086494,-0.596437,0.390440,-0.556001,-0.087930,0.247005,0.039864
3.096554,-0.600633,0.387007,-0.556001,-0.086404,0.250439,0.039864
3.106616,-0.603304,0.385481,-0.556001,-0.085260,0.252346,0.039864
3.116678,-0.608263,0.383192,-0.556001,-0.083352,0.255398,0.050927
3.126741,-0.610933,0.380522,-0.556001,-0.082589,0.258068,0.050927
3.136802,-0.615129,0.377470,-0.555619,-0.081445,0.262646,0.050927
3.146864,-0.618563,0.375181,-0.555619,-0.080682,0.264935,0.050927
3.156927,-0.622377,0.372892,-0.555619,-0.078775,0.268368,0.050927
3.166992,-0.625811,0.371366,-0.555619,-0.077630,0.271420,0.050927
3.177057,-0.630388,0.367933,-0.555619,-0.076486,0.275235,0.058175
3.187118,-0.633440,0.366026,-0.555238,-0.076486,0.277905,0.058175
3.197179,-0.636492,0.363355,-0.555238,-0.076104,0.280575,0.058175
3.207242,-0.640307,0.361067,-0.554856,-0.075723,0.283627,0.058175
3.217303,-0.643740,0.359541,-0.554475,-0.075723,0.286679,0.058175
3.227365,-0.647936,0.356489,-0.554093,-0.075723,0.292782,0.058175
3.237428,-0.650988,0.354582,-0.554093,-0.075723,0.296979,0.058175
3.247488,-0.655947,0.351530,-0.554093,-0.075723,0.300412,0.065423
3.257550,-0.658618,0.349622,-0.554093,-0.075723,0.302701,0.065423
3.267614,-0.662814,0.347715,-0.553712,-0.075723,0.306897,0.065423
3.277678,-0.665484,0.346189,-0.553712,-0.075723,0.310330,0.065423
3.287743,-0.670443,0.343137,-0.553712,-0.075723,0.316052,0.065423
3.297807,-0.673114,0.341230,-0.553712,-0.075723,0.320249,0.065423
3.307868,-0.677310,0.338178,-0.553712,-0.075723,0.323682,0.072290
3.317931,-0.680743,0.336652,-0.553712,-0.075723,0.325208,0.072290
3.327994,-0.684176,0.333982,-0.552949,-0.075723,0.329404,0.072290
3.338047,-0.687228,0.332074,-0.552567,-0.075723,0.332456,0.072290
3.348104,-0.691424,0.329023,-0.552567,-0.075723,0.337415,0.072290
3.358157,-0.694476,0.326734,-0.552186,-0.075723,0.340467,0.072290
3.368210,-0.698291,0.324063,-0.551804,-0.075723,0.345045,0.072290
3.378264,-0.700961,0.322538,-0.551041,-0.075723,0.347333,0.072290
3.388316,-0.705539,0.319486,-0.549897,-0.075723,0.350385,0.072290
3.398368,-0.708209,0.317578,-0.549134,-0.075723,0.353056,0.072290
3.408525,-0.711643,0.314145,-0.547990,-0.075723,0.357252,0.072290
3.418590,-0.714313,0.312238,-0.547227,-0.075723,0.359159,0.072290
3.428655,-0.716983,0.310712,-0.546082,-0.075723,0.360685,0.072290
3.438717,-0.720798,0.308042,-0.544175,-0.075723,0.364881,0.072290
3.448780,-0.723468,0.305753,-0.543030,-0.075723,0.367933,0.072290
3.458843,-0.727283,0.302701,-0.541123,-0.075723,0.371366,0.084878
3.468899,-0.730335,0.300412,-0.540360,-0.075723,0.373274,0.085260
3.478952,-0.733768,0.298505,-0.538071,-0.075341,0.378233,0.085260
3.489016,-0.736439,0.296979,-0.536545,-0.074960,0.380903,0.085260
3.499080,-0.739872,0.294308,-0.534638,-0.074197,0.383955,0.085260
3.509142,-0.742542,0.292401,-0.533494,-0.073434,0.385863,0.085260
3.519202,-0.745594,0.290112,-0.530823,-0.072290,0.388914,0.085260
3.529266,-0.747501,0.287823,-0.529679,-0.071527,0.390822,0.085260
3.539321,-0.750935,0.285916,-0.527771,-0.071527,0.394255,0.085260
3.549376,-0.752842,0.284771,-0.526246,-0.070764,0.396925,0.085260
3.559433,-0.756657,0.282483,-0.523957,-0.070001,0.401884,0.085260
3.569489,-0.758564,0.281338,-0.522431,-0.070001,0.403792,0.085260
3.579547,-0.761616,0.279431,-0.520523,-0.070001,0.405699,0.096323
3.589608,-0.763523,0.277905,-0.518616,-0.070001,0.406081,0.096323
3.599662,-0.766194,0.275616,-0.515946,-0.070001,0.407225,0.096323
3.609721,-0.768101,0.274472,-0.514801,-0.070001,0.409133,0.096323
3.619778,-0.770771,0.272946,-0.512894,-0.070001,0.412184,0.096323
3.629835,-0.772679,0.271801,-0.510986,-0.070001,0.414473,0.096323
3.639900,-0.775349,0.269512,-0.508698,-0.070001,0.417144,0.096323
3.649955,-0.777256,0.268368,-0.507553,-0.070001,0.418288,0.096323
3.660067,-0.780308,0.266842,-0.505264,-0.070001,0.419432,0.096323
3.670130,-0.781834,0.265316,-0.503357,-0.070001,0.420958,0.096323
3.680190,-0.783360,0.263409,-0.502213,-0.070001,0.422484,0.096323
3.690252,-0.786412,0.261501,-0.499924,-0.070001,0.425154,0.096323
3.700313,-0.787556,0.260739,-0.498016,-0.070001,0.427825,0.096323
3.710373,-0.789464,0.259213,-0.495346,-0.070001,0.429732,0.096323
3.720431,-0.790990,0.257305,-0.493820,-0.070001,0.430495,0.096323
3.730492,-0.793278,0.255398,-0.491913,-0.070001,0.432403,0.096323
3.740554,-0.794804,0.254253,-0.490387,-0.070001,0.434310,0.096323
3.750614,-0.796330,0.252346,-0.488098,-0.070001,0.435836,0.096323
3.760674,-0.798238,0.250820,-0.486572,-0.070001,0.436217,0.096323
3.770739,-0.799763,0.248913,-0.484283,-0.070001,0.436217,0.096323
3.780798,-0.800526,0.248150,-0.482757,-0.070001,0.436599,0.096323
3.790856,-0.802052,0.246624,-0.480468,-0.070001,0.436599,0.096323
3.800911,-0.802815,0.245098,-0.479324,-0.070001,0.436599,0.096323
3.810976,-0.805104,0.243191,-0.477798,-0.070001,0.436980,0.110819
3.821041,-0.806249,0.242428,-0.476272,-0.070001,0.438125,0.110819
3.831101,-0.807774,0.240902,-0.473983,-0.070001,0.439651,0.110819
3.841154,-0.808919,0.239757,-0.472457,-0.070001,0.440032,0.110819
3.851207,-0.810063,0.237469,-0.470932,-0.070001,0.440032,0.114633
3.861267,-0.810826,0.236706,-0.469024,-0.070001,0.441558,0.114633
3.871330,-0.811971,0.235180,-0.466735,-0.070001,0.444228,0.114633
3.881391,-0.812734,0.234417,-0.465972,-0.070001,0.446517,0.114633
3.891538,-0.813497,0.232891,-0.464446,-0.070001,0.449187,0.114633
3.901598,-0.814260,0.232128,-0.463302,-0.070001,0.451476,0.114633
3.911659,-0.815023,0.231365,-0.461776,-0.070001,0.453384,0.114633
3.921721,-0.816167,0.230220,-0.459869,-0.070001,0.454528,0.114633
3.931779,-0.816930,0.229076,-0.459106,-0.070001,0.454910,0.114633
3.941840,-0.817693,0.227169,-0.457198,-0.070001,0.454910,0.114633
3.951898,-0.818074,0.225643,-0.455673,-0.070001,0.454910,0.114633
3.961959,-0.818837,0.224498,-0.453765,-0.070001,0.454910,0.114633
3.972023,-0.819219,0.223735,-0.452621,-0.070001,0.454910,0.121500
3.982084,-0.819600,0.222591,-0.450713,-0.070001,0.454910,0.121500
3.992147,-0.819982,0.221828,-0.449569,-0.070001,0.454528,0.121500
4.002210,-0.820363,0.220684,-0.448425,-0.070001,0.454528,0.122263
4.012273,-0.820363,0.219921,-0.447280,-0.070001,0.454528,0.122263
4.022332,-0.820363,0.218776,-0.445373,-0.070001,0.454528,0.122263
4.032394,-0.820363,0.218013,-0.444228,-0.070001,0.454528,0.122263
4.042446,-0.820363,0.216487,-0.442702,-0.070001,0.454528,0.124933
4.052497,-0.820363,0.215724,-0.441558,-0.070001,0.454528,0.124933
4.062557,-0.820363,0.213817,-0.439651,-0.070001,0.454528,0.124933
4.072619,-0.820363,0.213054,-0.438125,-0.070001,0.454528,0.124933
4.082680,-0.820745,0.211910,-0.436217,-0.070001,0.454528,0.124933
4.092743,-0.820745,0.211147,-0.435454,-0.070382,0.454528,0.124933
4.102811,-0.820745,0.210765,-0.433928,-0.070001,0.454528,0.124933
4.112873,-0.820745,0.210002,-0.432784,-0.070001,0.454528,0.124933
4.122933,-0.820745,0.209621,-0.431640,-0.070382,0.454528,0.124933
4.132993,-0.820363,0.208858,-0.430495,-0.070382,0.454528,0.124933
4.143053,-0.820363,0.208095,-0.429732,-0.070382,0.454528,0.124933
4.153116,-0.820363,0.207332,-0.428588,-0.070382,0.454528,0.124933
4.163179,-0.820363,0.206569,-0.427443,-0.070382,0.454528,0.124933
4.173244,-0.820363,0.206188,-0.425917,-0.070382,0.454528,0.124933
4.183304,-0.820363,0.205806,-0.424773,-0.070382,0.454528,0.124933
4.193366,-0.820363,0.205043,-0.423247,-0.070382,0.454528,0.124933
4.203429,-0.820363,0.204280,-0.422484,-0.070382,0.454528,0.124933
4.213490,-0.820363,0.202754,-0.420958,-0.070382,0.454528,0.124933
4.223554,-0.820363,0.201610,-0.419432,-0.070382,0.454528,0.124933
4.233615,-0.820363,0.200084,-0.417906,-0.070382,0.454528,0.124933
4.243674,-0.820363,0.199321,-0.416762,-0.070382,0.454528,0.127604
4.253736,-0.820363,0.198558,-0.415618,-0.070382,0.454528,0.127604
4.263800,-0.820363,0.197795,-0.414473,-0.070382,0.454528,0.127604
4.273861,-0.820363,0.197414,-0.413329,-0.070382,0.454528,0.127604
4.283924,-0.820363,0.197032,-0.412566,-0.070382,0.454528,0.127604
4.293987,-0.820363,0.197032,-0.411421,-0.070382,0.454528,0.127604
4.304051,-0.819982,0.196651,-0.410658,-0.070382,0.454528,0.127604
4.314112,-0.819982,0.196269,-0.408751,-0.070382,0.454528,0.127604
4.324175,-0.819982,0.195506,-0.407988,-0.070382,0.454528,0.127604
4.334237,-0.819982,0.194743,-0.406844,-0.070382,0.454528,0.127604
4.344296,-0.819600,0.193980,-0.405318,-0.070382,0.454528,0.127604
4.354357,-0.819600,0.193599,-0.404173,-0.070382,0.454528,0.127604
4.364416,-0.819219,0.192836,-0.402266,-0.070382,0.454528,0.127604
4.374479,-0.818837,0.192454,-0.401122,-0.070382,0.454147,0.127604
4.384538,-0.818837,0.191691,-0.399596,-0.070382,0.454147,0.127604
4.394604,-0.818456,0.191310,-0.398451,-0.070382,0.454147,0.127604
4.404672,-0.818074,0.190166,-0.396925,-0.070382,0.454147,0.127604
4.414732,-0.818074,0.189021,-0.395399,-0.070382,0.454147,0.127604
4.424797,-0.817693,0.187877,-0.393492,-0.070382,0.454147,0.127604
4.434858,-0.817311,0.187114,-0.392348,-0.070382,0.454147,0.127604
4.444918,-0.817311,0.186351,-0.391203,-0.070382,0.454147,0.127604
4.454981,-0.816930,0.186351,-0.390059,-0.070382,0.454147,0.127604
4.465042,-0.816930,0.186351,-0.388533,-0.070382,0.453765,0.127604
4.475093,-0.816548,0.186351,-0.387388,-0.070382,0.453765,0.127604
4.485149,-0.815785,0.186351,-0.386625,-0.070382,0.453384,0.127604
4.495211,-0.815404,0.186351,-0.385863,-0.070382,0.453384,0.127604
4.505275,-0.815023,0.186351,-0.384718,-0.070382,0.453384,0.127604
4.515333,-0.814641,0.186351,-0.383955,-0.070382,0.453384,0.127604
4.525391,-0.813878,0.186351,-0.382048,-0.070382,0.453384,0.127604
4.535450,-0.813497,0.186351,-0.380903,-0.070382,0.452621,0.127604
4.545509,-0.812734,0.186351,-0.380140,-0.070764,0.451858,0.127604
4.555570,-0.811589,0.186351,-0.378996,-0.070382,0.450332,0.127604
4.565628,-0.810445,0.186351,-0.377852,-0.070382,0.450332,0.127604
4.575689,-0.809300,0.186351,-0.375944,-0.070382,0.449950,0.128748
4.585749,-0.808156,0.186351,-0.374800,-0.070764,0.449950,0.128748
4.595812,-0.806630,0.186351,-0.372892,-0.070764,0.449187,0.128748
4.605875,-0.805867,0.186351,-0.372129,-0.070764,0.448806,0.128748
4.615934,-0.804341,0.185969,-0.370222,-0.070764,0.448806,0.128748
4.625994,-0.803578,0.185969,-0.369078,-0.070764,0.448806,0.128748
4.636053,-0.802434,0.185969,-0.367552,-0.071527,0.448806,0.128748
4.646113,-0.801289,0.185969,-0.366407,-0.072290,0.448425,0.127985
4.656165,-0.800145,0.185969,-0.364881,-0.072671,0.446136,0.127985
4.666225,-0.799001,0.185969,-0.363737,-0.072671,0.443847,0.127985
4.676284,-0.796712,0.185969,-0.362593,-0.072671,0.440414,0.127985
4.686346,-0.795567,0.185969,-0.361448,-0.072671,0.438125,0.127985
4.696404,-0.793660,0.185588,-0.360304,-0.073053,0.433547,0.127985
4.706466,-0.792134,0.185588,-0.359159,-0.073053,0.430495,0.127985
4.716524,-0.790227,0.185588,-0.357252,-0.073434,0.425917,0.127985
4.726586,-0.788701,0.185206,-0.356489,-0.073434,0.423629,0.127985
4.736648,-0.787175,0.185206,-0.355344,-0.074197,0.419432,0.127985
4.746710,-0.785649,0.185206,-0.354200,-0.074197,0.417144,0.127985
4.756769,-0.784504,0.185206,-0.353437,-0.074197,0.415618,0.127985
4.766834,-0.782216,0.185588,-0.352293,-0.074197,0.414473,0.127985
4.776898,-0.781071,0.185588,-0.351530,-0.074197,0.413710,0.127985
4.786961,-0.778782,0.185588,-0.350004,-0.074578,0.410658,0.127985
4.797023,-0.777256,0.185206,-0.349622,-0.074960,0.408751,0.127985
4.807085,-0.774968,0.185206,-0.348096,-0.075723,0.407607,0.127985
4.817144,-0.773823,0.185206,-0.346952,-0.077249,0.407225,0.127985
4.827211,-0.771534,0.185206,-0.345426,-0.079156,0.406462,0.123407
4.837273,-0.769627,0.185206,-0.343900,-0.080301,0.405699,0.123407
4.847335,-0.767338,0.185206,-0.342374,-0.082589,0.403029,0.123407
4.857396,-0.765431,0.185206,-0.341611,-0.084497,0.400740,0.123407
4.867459,-0.763142,0.185206,-0.340085,-0.086404,0.399596,0.123407
4.877525,-0.761616,0.185206,-0.338941,-0.087167,0.399214,0.123407
4.887586,-0.759327,0.185588,-0.338178,-0.088693,0.396925,0.123407
4.897646,-0.757420,0.185588,-0.337415,-0.090219,0.396162,0.123407
4.907704,-0.755131,0.185588,-0.336271,-0.092126,0.393874,0.123407
4.917767,-0.753605,0.185588,-0.335126,-0.093271,0.392348,0.123407
4.927826,-0.751316,0.185588,-0.333600,-0.094797,0.391203,0.123407
4.937885,-0.749790,0.185588,-0.333219,-0.095560,0.390059,0.123407
4.947945,-0.747120,0.185206,-0.331693,-0.097848,0.387770,0.123407
4.958007,-0.745594,0.185588,-0.330930,-0.099374,0.387007,0.123407
4.968074,-0.743687,0.185588,-0.330167,-0.100137,0.385863,0.123407
4.978136,-0.741016,0.185588,-0.329023,-0.102045,0.381285,0.123407
4.988197,-0.739872,0.185588,-0.328260,-0.103189,0.379377,0.123407
4.998262,-0.737201,0.185588,-0.327497,-0.104334,0.377089,0.123407
5.008329,-0.735294,0.185588,-0.326734,-0.105097,0.374800,0.123407
5.018392,-0.733005,0.185969,-0.326352,-0.106622,0.370985,0.113489
5.028458,-0.730716,0.186351,-0.325589,-0.106622,0.369459,0.113489
5.038521,-0.728046,0.186351,-0.325208,-0.107004,0.366026,0.113489
5.048581,-0.726902,0.186351,-0.324826,-0.107767,0.363737,0.113489
5.058643,-0.724231,0.186351,-0.323682,-0.108530,0.361448,0.113489
5.068707,-0.722324,0.186351,-0.322919,-0.108530,0.359159,0.113489
5.078771,-0.719654,0.186351,-0.322156,-0.110056,0.355726,0.113489
5.088834,-0.717746,0.186351,-0.321393,-0.110819,0.354200,0.109293
5.098894,-0.715076,0.186351,-0.320249,-0.112345,0.351911,0.108530
5.108953,-0.713550,0.186732,-0.319104,-0.113107,0.351148,0.108530
5.119013,-0.710880,0.186732,-0.318341,-0.114633,0.348859,0.108530
5.129073,-0.709354,0.187114,-0.317197,-0.115396,0.346952,0.108530
5.139136,-0.705921,0.187495,-0.316052,-0.116922,0.344282,0.105097
5.149199,-0.704395,0.187495,-0.315290,-0.118067,0.343137,0.105097
5.159259,-0.702487,0.187877,-0.314145,-0.119593,0.342374,0.102808
5.169324,-0.700198,0.188258,-0.313382,-0.120356,0.341611,0.102808
5.179454,-0.697910,0.187877,-0.312238,-0.121881,0.338178,0.102808
5.189516,-0.696002,0.187877,-0.311475,-0.123026,0.336271,0.102808
5.199579,-0.693713,0.188258,-0.310330,-0.124170,0.335889,0.102808
5.209642,-0.691424,0.188258,-0.308804,-0.126078,0.335126,0.102808
5.219701,-0.689899,0.188258,-0.308042,-0.126841,0.333982,0.102808
5.229763,-0.687228,0.188258,-0.306516,-0.128748,0.331693,0.102808
5.239823,-0.684939,0.188258,-0.305753,-0.130274,0.328641,0.102808
5.249885,-0.682269,0.188258,-0.304608,-0.132181,0.325589,0.102808
5.259946,-0.679980,0.188258,-0.303845,-0.132944,0.324445,0.102808
5.270010,-0.677310,0.189021,-0.302701,-0.134470,0.321393,0.095560
5.280074,-0.675402,0.189784,-0.302319,-0.135615,0.318723,0.095560
5.290135,-0.672351,0.189784,-0.301175,-0.138285,0.313764,0.095560
5.300198,-0.670825,0.190166,-0.300412,-0.139811,0.310712,0.095560
5.310258,-0.667773,0.190547,-0.299268,-0.142481,0.306897,0.095560
5.320321,-0.665866,0.190929,-0.298505,-0.144388,0.304990,0.095560
5.330380,-0.663577,0.190929,-0.297742,-0.147059,0.302319,0.095560
5.340441,-0.661669,0.191310,-0.296979,-0.148585,0.300793,0.095560
5.350504,-0.659380,0.192073,-0.295453,-0.151637,0.296979,0.095560
5.360567,-0.657473,0.192454,-0.294308,-0.153544,0.294690,0.095560
5.370630,-0.654803,0.193217,-0.293545,-0.156596,0.291257,0.095560
5.380693,-0.653277,0.193599,-0.292782,-0.158503,0.290875,0.095560
5.390763,-0.650988,0.195506,-0.292020,-0.160792,0.290875,0.095560
5.400824,-0.649462,0.196651,-0.292020,-0.161936,0.290875,0.095560
5.410886,-0.647555,0.197795,-0.291638,-0.163462,0.289731,0.095560
5.420945,-0.644884,0.200084,-0.291257,-0.164988,0.287823,0.095560
5.431005,-0.642977,0.201991,-0.291257,-0.166133,0.286297,0.095560
5.441064,-0.640307,0.203517,-0.291257,-0.168421,0.284009,0.095560
5.451124,-0.638781,0.205425,-0.291257,-0.170329,0.283246,0.095560
5.461185,-0.635729,0.207713,-0.290875,-0.172618,0.283246,0.095560
5.471227,-0.633822,0.209239,-0.290875,-0.173762,0.283246,0.095560
5.481279,-0.631151,0.211147,-0.290494,-0.176051,0.282101,0.095560
5.491341,-0.629244,0.213054,-0.290494,-0.177577,0.279812,0.095560
5.501403,-0.626574,0.214580,-0.290112,-0.179484,0.275998,0.095560
5.511466,-0.624666,0.215724,-0.290112,-0.181010,0.273327,0.095560
5.521529,-0.621614,0.217632,-0.289731,-0.183680,0.268368,0.095560
5.531591,-0.619326,0.219158,-0.289349,-0.185206,0.266461,0.095560
5.541650,-0.616655,0.220684,-0.288586,-0.187114,0.263790,0.095560
5.551715,-0.615511,0.221828,-0.288205,-0.188640,0.261501,0.084497
5.561779,-0.612840,0.223735,-0.287442,-0.191310,0.257305,0.084497
5.571844,-0.611315,0.224880,-0.287060,-0.192836,0.253872,0.084497
5.581910,-0.609026,0.226406,-0.285916,-0.195506,0.249294,0.084497
5.591975,-0.607118,0.227550,-0.285534,-0.197032,0.247387,0.084497
5.602028,-0.604448,0.229458,-0.284390,-0.199321,0.244717,0.084497
5.612094,-0.602922,0.230983,-0.283246,-0.200847,0.242428,0.084497
5.622157,-0.601396,0.231746,-0.282483,-0.202373,0.240520,0.084497
5.632217,-0.599107,0.233272,-0.281338,-0.205043,0.238994,0.084497
5.642281,-0.597581,0.234035,-0.280194,-0.206188,0.237850,0.084497
5.652345,-0.594911,0.236324,-0.279431,-0.208476,0.237087,0.084497
5.662405,-0.593385,0.238231,-0.278668,-0.209621,0.235943,0.084497
5.672466,-0.590715,0.240139,-0.277523,-0.211147,0.234035,0.084497
5.682525,-0.588808,0.241283,-0.277142,-0.211910,0.232891,0.084497
5.692588,-0.586519,0.243572,-0.276761,-0.214199,0.230983,0.084497
5.702652,-0.584611,0.245480,-0.276379,-0.215724,0.230983,0.084497
5.712711,-0.581941,0.247768,-0.275235,-0.218013,0.231365,0.084497
5.722772,-0.580034,0.249294,-0.274853,-0.219921,0.230220,0.084497
5.732831,-0.577745,0.251965,-0.274090,-0.223354,0.227550,0.084497
5.742892,-0.575837,0.253109,-0.273327,-0.225261,0.225261,0.084497
5.752950,-0.573548,0.255016,-0.272564,-0.227932,0.221065,0.084497
5.763008,-0.572023,0.256542,-0.271801,-0.229839,0.218395,0.084497
5.773068,-0.568971,0.259213,-0.270657,-0.232891,0.216106,0.084497
5.783127,-0.567063,0.260357,-0.269894,-0.235180,0.213817,0.084497
5.793190,-0.565537,0.262646,-0.269131,-0.238613,0.210765,0.071145
5.803243,-0.564012,0.264172,-0.268750,-0.240139,0.208858,0.071145
5.813300,-0.562104,0.265698,-0.267987,-0.242809,0.205425,0.071145
5.823361,-0.560578,0.267605,-0.267605,-0.244335,0.203136,0.071145
5.833420,-0.559052,0.269131,-0.267224,-0.245098,0.201610,0.071145
5.843472,-0.556382,0.271801,-0.267224,-0.246624,0.201228,0.071145
5.853536,-0.554856,0.273709,-0.267224,-0.248150,0.200465,0.071145
5.863595,-0.552949,0.276761,-0.267224,-0.250820,0.197795,0.071145
5.873656,-0.551423,0.277905,-0.267224,-0.252346,0.196269,0.071145
5.883717,-0.549516,0.279812,-0.267224,-0.254635,0.193980,0.071145
5.893780,-0.547608,0.281720,-0.267224,-0.256542,0.192836,0.071145
5.903845,-0.544938,0.284390,-0.267224,-0.258831,0.191691,0.071145
5.913908,-0.543412,0.285916,-0.267224,-0.260357,0.190166,0.071145
5.923972,-0.541123,0.288586,-0.267224,-0.263027,0.187495,0.071145
5.934033,-0.539597,0.289731,-0.267224,-0.264553,0.186351,0.071145
5.944096,-0.537690,0.291638,-0.267224,-0.267224,0.184443,0.071145
5.954159,-0.536545,0.293545,-0.267224,-0.268750,0.182918,0.071145
5.964222,-0.533875,0.296216,-0.267224,-0.271038,0.182155,0.071145
5.974285,-0.531968,0.297742,-0.267224,-0.272183,0.182155,0.071145
5.984347,-0.530060,0.300412,-0.267224,-0.274472,0.179484,0.059319
5.994410,-0.528916,0.301938,-0.267224,-0.276379,0.178340,0.059319
6.004470,-0.527008,0.303845,-0.267224,-0.278668,0.177577,0.059319
6.014525,-0.525483,0.305371,-0.267224,-0.280575,0.176814,0.059319
6.024587,-0.523957,0.308042,-0.267224,-0.283246,0.174525,0.059319
6.034650,-0.522049,0.309567,-0.267224,-0.285153,0.173381,0.059319
6.044790,-0.519379,0.312619,-0.267224,-0.287823,0.171473,0.053597
6.054854,-0.517853,0.314527,-0.267224,-0.289731,0.168803,0.053597
6.064918,-0.516709,0.315671,-0.267224,-0.291638,0.165370,0.053597
6.074982,-0.514801,0.317960,-0.267224,-0.294690,0.160792,0.053597
6.085043,-0.513657,0.319867,-0.267224,-0.296597,0.160029,0.053597
6.095103,-0.511749,0.322538,-0.267224,-0.299268,0.160029,0.053597
6.105167,-0.510224,0.324826,-0.267224,-0.301556,0.160029,0.053597
6.115232,-0.507935,0.327878,-0.267224,-0.304990,0.158122,0.053597
6.125296,-0.506409,0.329023,-0.267224,-0.307279,0.155451,0.053597
6.135357,-0.504501,0.331312,-0.267224,-0.310330,0.150492,0.053597
6.145420,-0.502976,0.333600,-0.267224,-0.312238,0.148966,0.053597
6.155484,-0.501068,0.337034,-0.267224,-0.315290,0.149348,0.053597
6.165548,-0.499542,0.339322,-0.267224,-0.317197,0.148966,0.053597
6.175609,-0.497253,0.341230,-0.267224,-0.320630,0.146677,0.053597
6.185673,-0.495727,0.342756,-0.267224,-0.322538,0.144007,0.053597
6.195736,-0.493820,0.345808,-0.267224,-0.325208,0.139048,0.053597
6.205800,-0.492294,0.347333,-0.267224,-0.326734,0.137140,0.053597
6.215861,-0.490768,0.350767,-0.267224,-0.329023,0.136378,0.053597
6.225923,-0.489242,0.352674,-0.267224,-0.330549,0.136759,0.053597
6.235986,-0.487716,0.354963,-0.267224,-0.333219,0.134470,0.053597
6.246050,-0.486572,0.356870,-0.267224,-0.335126,0.132563,0.053597
6.256116,-0.485046,0.359922,-0.267224,-0.337415,0.130655,0.053597
6.266170,-0.483520,0.361830,-0.267224,-0.338560,0.130655,0.053597
6.276235,-0.482376,0.364118,-0.267224,-0.340085,0.130274,0.053597
6.286295,-0.480468,0.366026,-0.267224,-0.341993,0.128748,0.053597
6.296357,-0.479324,0.367933,-0.267224,-0.343137,0.127222,0.053597
6.306416,-0.478180,0.370985,-0.267224,-0.345045,0.126459,0.053597
6.316476,-0.477035,0.372892,-0.267224,-0.346189,0.127222,0.053597
6.326535,-0.475509,0.375563,-0.267224,-0.348478,0.126841,0.053597
6.336596,-0.473983,0.377470,-0.267224,-0.350004,0.126459,0.053597
6.346660,-0.472076,0.379759,-0.267224,-0.351911,0.125696,0.053597
6.356719,-0.470932,0.382048,-0.267224,-0.353819,0.124933,0.053597
6.366772,-0.469024,0.384718,-0.267224,-0.355726,0.123026,0.053597
6.376825,-0.467880,0.387007,-0.267224,-0.356489,0.122263,0.053597
6.386885,-0.465972,0.389677,-0.267224,-0.358396,0.121881,0.053597
6.396948,-0.464828,0.390822,-0.267605,-0.359922,0.121500,0.053597
6.407012,-0.463302,0.393492,-0.267224,-0.362593,0.118067,0.053597
6.417076,-0.462158,0.395781,-0.267224,-0.364500,0.115015,0.053597
6.427140,-0.460250,0.398833,-0.267224,-0.367170,0.111963,0.053597
6.437201,-0.459106,0.400740,-0.267224,-0.368696,0.110437,0.053597
6.447262,-0.457198,0.403029,-0.267605,-0.370603,0.107004,0.053597
6.457326,-0.456435,0.404555,-0.267605,-0.372511,0.103952,0.053597
6.467391,-0.454910,0.407607,-0.267224,-0.374800,0.100900,0.053597
6.477445,-0.454147,0.409133,-0.267224,-0.375944,0.100519,0.053597
6.487507,-0.453384,0.411040,-0.267224,-0.377470,0.101282,0.053597
6.497570,-0.452239,0.414092,-0.267605,-0.379759,0.100519,0.053597
6.507631,-0.451476,0.415236,-0.267605,-0.381666,0.099756,0.053597
6.517693,-0.450332,0.417525,-0.267224,-0.383955,0.098230,0.053597
6.527756,-0.449187,0.419432,-0.267224,-0.385481,0.097086,0.053597
6.537819,-0.447662,0.422103,-0.267224,-0.387388,0.096323,0.053597
6.547883,-0.446517,0.424010,-0.267224,-0.388151,0.096704,0.053597
6.557947,-0.444610,0.426680,-0.267605,-0.389296,0.095178,0.053597
6.568012,-0.443465,0.427825,-0.267987,-0.390440,0.092508,0.053597
6.578081,-0.441939,0.430114,-0.267987,-0.392729,0.089456,0.053597
6.588145,-0.441176,0.431640,-0.267987,-0.393874,0.089075,0.053597
6.598208,-0.440032,0.434691,-0.267987,-0.395018,0.089837,0.053597
6.608273,-0.439269,0.436599,-0.267987,-0.396162,0.089456,0.053597
6.618337,-0.437743,0.439269,-0.267987,-0.397688,0.087167,0.041772
6.628399,-0.436599,0.440414,-0.267987,-0.399596,0.084497,0.041772
6.638462,-0.435073,0.442702,-0.267987,-0.401122,0.081445,0.041772
6.648525,-0.434310,0.444610,-0.267987,-0.401884,0.081064,0.041772
6.658589,-0.432784,0.447280,-0.267987,-0.402647,0.081445,0.041772
6.668654,-0.431640,0.449187,-0.267987,-0.403029,0.081445,0.041772
6.678669,-0.430114,0.451476,-0.268368,-0.404555,0.080682,0.041772
6.688733,-0.429351,0.452621,-0.268368,-0.405699,0.080682,0.041772
6.698797,-0.428969,0.453765,-0.268368,-0.406462,0.080682,0.041772
6.708859,-0.428206,0.456435,-0.268368,-0.407225,0.081064,0.041772
6.718918,-0.427825,0.458343,-0.268368,-0.407225,0.081445,0.041772
6.728983,-0.426299,0.461013,-0.268368,-0.407225,0.081445,0.041772
6.739044,-0.425536,0.462921,-0.268368,-0.407225,0.080682,0.041772
6.749107,-0.424010,0.464446,-0.268750,-0.407225,0.077630,0.030709
6.759170,-0.423247,0.465209,-0.268750,-0.407225,0.074960,0.030709
6.769234,-0.421721,0.467880,-0.268750,-0.407225,0.072671,0.030709
6.779301,-0.420577,0.469406,-0.268750,-0.407225,0.072290,0.030709
6.789368,-0.419051,0.472076,-0.268750,-0.407225,0.070764,0.030709
6.799432,-0.417906,0.473983,-0.268750,-0.407225,0.069619,0.030709
6.809497,-0.416762,0.476272,-0.268750,-0.407225,0.066567,0.030709
6.819560,-0.415999,0.477417,-0.269131,-0.407225,0.065423,0.030709
6.829625,-0.415618,0.479324,-0.269131,-0.407225,0.064279,0.030709
6.839671,-0.415236,0.481231,-0.269131,-0.407225,0.064279,0.030709
6.849727,-0.414092,0.484283,-0.269131,-0.407225,0.063897,0.030709
6.859791,-0.413329,0.486191,-0.269131,-0.407225,0.063516,0.030709
6.869827,-0.412566,0.488479,-0.269512,-0.407225,0.062371,0.030709
6.879890,-0.412184,0.489242,-0.269512,-0.407225,0.061227,0.030709
6.889943,-0.411040,0.490387,-0.269512,-0.407607,0.059319,0.030709
6.900005,-0.409895,0.491913,-0.269512,-0.407607,0.058556,0.030709
6.910070,-0.409133,0.493439,-0.269512,-0.407607,0.058556,0.030709
6.920130,-0.407225,0.496490,-0.269512,-0.407607,0.058556,0.030709
6.930195,-0.406462,0.498398,-0.269512,-0.407607,0.058556,0.030709
6.940255,-0.405699,0.500687,-0.269512,-0.408370,0.058556,0.030709
6.950316,-0.405318,0.501450,-0.269512,-0.409514,0.058556,0.030709
6.960374,-0.404936,0.502976,-0.269512,-0.412184,0.058938,0.030709
6.970440,-0.404555,0.504120,-0.269512,-0.414092,0.058938,0.030709
6.980503,-0.403792,0.506409,-0.269512,-0.416762,0.058938,0.030709
6.990562,-0.403410,0.508316,-0.269512,-0.418669,0.058556,0.030709
7.000625,-0.402647,0.512131,-0.269894,-0.421340,0.056649,0.030709
7.010689,-0.402266,0.514420,-0.269894,-0.422484,0.055123,0.030709
7.020747,-0.401503,0.515564,-0.270275,-0.424773,0.052453,0.021553
7.030807,-0.400740,0.516327,-0.270275,-0.426299,0.050927,0.021553
7.040866,-0.399214,0.518235,-0.270657,-0.428206,0.048638,0.021553
7.050926,-0.398451,0.519760,-0.270657,-0.429732,0.047875,0.021553
7.060985,-0.397307,0.521668,-0.271420,-0.432021,0.047875,0.021553
7.071052,-0.396544,0.523575,-0.271420,-0.433165,0.047875,0.021553
7.081113,-0.395018,0.525101,-0.271801,-0.434691,0.047875,0.021553
7.091177,-0.394255,0.525864,-0.272183,-0.435836,0.047875,0.021553
7.101229,-0.393492,0.526627,-0.273327,-0.437743,0.047875,0.021553
7.111291,-0.392729,0.527390,-0.274090,-0.438506,0.048257,0.021553
7.121353,-0.392348,0.527771,-0.274472,-0.439269,0.048638,0.021553
7.131412,-0.391585,0.529297,-0.275616,-0.439651,0.048257,0.021553
7.141472,-0.391203,0.530442,-0.276761,-0.439651,0.048257,0.021553
7.151531,-0.391203,0.533112,-0.278286,-0.439651,0.048257,0.015831
7.161594,-0.391203,0.535019,-0.279431,-0.439651,0.047875,0.015831
7.171653,-0.391203,0.538071,-0.281338,-0.439651,0.047494,0.015831
7.181713,-0.391203,0.538834,-0.282483,-0.439651,0.047494,0.015831
7.191773,-0.390822,0.539216,-0.284009,-0.439651,0.047494,0.015831
7.201833,-0.390822,0.539597,-0.285153,-0.440032,0.047494,0.015831
7.211898,-0.390059,0.540360,-0.287060,-0.440032,0.047494,0.015831
7.221962,-0.389677,0.541123,-0.287823,-0.440032,0.047494,0.015831
7.232020,-0.388533,0.542649,-0.289349,-0.440032,0.046349,0.015831
7.242082,-0.387770,0.543793,-0.290494,-0.440032,0.044442,0.015831
7.252141,-0.386244,0.546082,-0.292401,-0.440032,0.041009,0.015831
7.262207,-0.385100,0.547990,-0.293164,-0.440032,0.039101,0.015831
7.272270,-0.383955,0.549897,-0.294690,-0.440032,0.036812,0.015831
7.282329,-0.382811,0.550278,-0.295834,-0.440032,0.034905,0.015831
7.292386,-0.381666,0.551041,-0.297742,-0.440032,0.031853,0.015831
7.302446,-0.380903,0.551804,-0.299268,-0.440032,0.030327,0.015831
7.312505,-0.380140,0.552186,-0.300412,-0.440032,0.029946,0.015831
7.322565,-0.379759,0.552949,-0.301175,-0.440032,0.030327,0.015831
7.332628,-0.379759,0.554093,-0.301938,-0.440032,0.030327,0.015831
7.342687,-0.379377,0.555238,-0.303845,-0.440032,0.029946,0.015831
7.352747,-0.379377,0.556382,-0.304990,-0.440032,0.029946,0.015831
7.362807,-0.379377,0.558671,-0.306516,-0.440032,0.029946,0.015831
7.372864,-0.379377,0.560197,-0.307279,-0.440032,0.029946,0.015831
7.382926,-0.378996,0.562867,-0.308423,-0.440032,0.029946,0.015831
7.392985,-0.378996,0.563630,-0.309567,-0.440032,0.029946,0.015831
7.403045,-0.378614,0.563630,-0.311093,-0.440032,0.029946,0.015831
7.413103,-0.378233,0.564012,-0.311856,-0.440032,0.029946,0.015831
7.423161,-0.377852,0.564012,-0.313382,-0.440032,0.029946,0.015831
7.433222,-0.377470,0.564012,-0.314145,-0.440032,0.029946,0.015831
7.443282,-0.377089,0.564775,-0.315290,-0.440032,0.029946,0.015831
7.453344,-0.376326,0.565919,-0.316434,-0.440032,0.029946,0.015831
7.463405,-0.375944,0.567445,-0.317960,-0.440032,0.029946,0.015831
7.473458,-0.375563,0.568208,-0.319104,-0.440032,0.029946,0.015831
7.483518,-0.374418,0.570115,-0.320249,-0.440032,0.029946,0.015831
7.493581,-0.373655,0.571641,-0.321393,-0.440032,0.029946,0.015831
7.503642,-0.372511,0.573930,-0.322538,-0.440032,0.029946,0.015831
7.513702,-0.371748,0.575837,-0.323682,-0.440032,0.029946,0.015831
7.523765,-0.370603,0.576219,-0.324826,-0.440032,0.029946,0.015831
7.533825,-0.369841,0.576219,-0.325971,-0.440032,0.029946,0.015831
7.543885,-0.369459,0.576219,-0.327115,-0.440032,0.029946,0.015831
7.553949,-0.368696,0.576219,-0.328641,-0.440032,0.029946,0.015831
7.564009,-0.368696,0.576219,-0.329786,-0.440032,0.029946,0.015831
7.574073,-0.368696,0.577363,-0.331312,-0.440032,0.029946,0.015831
7.584127,-0.368696,0.578508,-0.332456,-0.440032,0.029946,0.015831
7.594186,-0.368696,0.579652,-0.333600,-0.440032,0.029946,0.015831
7.604246,-0.368696,0.580415,-0.334745,-0.440032,0.029946,0.015831
7.614310,-0.368696,0.581559,-0.336271,-0.440032,0.029564,0.015831
7.624375,-0.368696,0.582704,-0.337034,-0.440032,0.029564,0.015831
7.634434,-0.368696,0.584230,-0.338560,-0.440032,0.029183,0.015831
7.644495,-0.368696,0.585756,-0.339704,-0.440032,0.029183,0.015831
7.654556,-0.368696,0.587663,-0.341230,-0.440032,0.029183,0.015831
7.664618,-0.368696,0.587663,-0.342756,-0.440032,0.029183,0.015831
7.674682,-0.368696,0.587663,-0.344282,-0.440032,0.029183,0.015831
7.684743,-0.368696,0.587663,-0.345426,-0.440032,0.029183,0.015831
7.694803,-0.368696,0.588045,-0.346952,-0.440032,0.028801,0.015831
7.704861,-0.368696,0.588808,-0.348478,-0.440032,0.028801,0.015831
7.714922,-0.368315,0.589570,-0.350004,-0.440032,0.028801,0.015831
7.724981,-0.368315,0.589952,-0.350767,-0.440032,0.028801,0.015831
7.735043,-0.367933,0.590715,-0.351911,-0.440032,0.028420,0.015831
7.745107,-0.367933,0.591096,-0.353056,-0.440032,0.028038,0.015831
7.755270,-0.367552,0.591859,-0.354963,-0.440032,0.025750,0.015831
7.765332,-0.367170,0.592241,-0.355726,-0.440032,0.024605,0.015831
7.775391,-0.367170,0.592622,-0.356870,-0.440032,0.023461,0.015831
7.785451,-0.366407,0.593385,-0.358015,-0.440032,0.021935,0.010872
7.795510,-0.366407,0.594148,-0.359159,-0.440032,0.020790,0.010872
7.805563,-0.366026,0.595293,-0.361067,-0.440032,0.019265,0.010872
7.815625,-0.365644,0.595674,-0.362211,-0.440032,0.018120,0.010872
7.825684,-0.364881,0.597581,-0.363737,-0.440032,0.015831,0.010872
7.835745,-0.364500,0.598726,-0.364881,-0.439651,0.014305,0.010872
7.845806,-0.363737,0.599870,-0.366789,-0.439651,0.013161,0.010872
7.855859,-0.363355,0.599870,-0.368315,-0.439651,0.012779,0.010872
7.865923,-0.363355,0.599870,-0.370222,-0.439651,0.012398,0.010872
7.875986,-0.362974,0.599870,-0.371366,-0.439651,0.012016,0.010872
7.886045,-0.362974,0.600252,-0.373274,-0.439651,0.012016,0.010872
7.896108,-0.362593,0.601015,-0.374418,-0.439651,0.012016,0.010872
7.906171,-0.362211,0.601396,-0.375563,-0.439651,0.012016,0.010872
7.916231,-0.361830,0.601396,-0.376707,-0.439651,0.012016,0.006294
7.926289,-0.361448,0.601778,-0.378614,-0.439651,0.012016,0.006294
7.936348,-0.361448,0.601778,-0.379759,-0.439269,0.011635,0.006294
7.946406,-0.361448,0.602159,-0.380903,-0.438888,0.011635,0.006294
7.956468,-0.361448,0.602159,-0.381666,-0.438888,0.011635,0.006294
7.966569,-0.361448,0.602159,-0.383192,-0.438888,0.011635,0.006294
7.976630,-0.361067,0.602159,-0.383955,-0.438888,0.011635,0.006294
7.986691,-0.361067,0.601778,-0.385100,-0.438888,0.011635,0.006294
7.996753,-0.360685,0.601778,-0.386625,-0.438888,0.011635,0.006294
8.006817,-0.360685,0.601778,-0.387388,-0.438888,0.011635,0.006294
8.016878,-0.359922,0.601778,-0.388914,-0.438888,0.011635,0.006294
8.026943,-0.359922,0.601778,-0.390059,-0.438888,0.011254,0.006294
8.037002,-0.359541,0.602159,-0.391966,-0.438888,0.011254,0.004005
8.047063,-0.358778,0.602159,-0.393492,-0.438888,0.011254,0.004005
8.057123,-0.358015,0.602159,-0.394636,-0.438888,0.011254,0.004005
8.067188,-0.357633,0.602159,-0.395399,-0.438888,0.011254,0.004005
8.077249,-0.357252,0.602159,-0.396925,-0.438888,0.011254,0.004005
8.087313,-0.357252,0.602159,-0.398070,-0.438888,0.011635,0.004005
8.097373,-0.357252,0.602159,-0.399596,-0.438888,0.011635,0.004005
8.107434,-0.356870,0.602159,-0.400359,-0.438888,0.011635,0.004005
8.117494,-0.357252,0.602159,-0.401503,-0.438888,0.011635,0.004005
8.127554,-0.357252,0.602159,-0.402647,-0.438888,0.011635,0.004005
8.137613,-0.357252,0.602159,-0.404555,-0.438888,0.011635,0.004005
8.147667,-0.357252,0.602159,-0.405699,-0.438506,0.011635,0.004005
8.157729,-0.357252,0.602159,-0.407225,-0.438506,0.011635,0.004005
8.167789,-0.357252,0.602159,-0.407988,-0.437743,0.011635,0.004005
8.177852,-0.357252,0.602159,-0.409514,-0.436599,0.011635,0.004005
8.187915,-0.357252,0.602159,-0.411040,-0.436599,0.011635,0.004005
8.197974,-0.357252,0.602159,-0.411803,-0.436217,0.011635,0.004005
8.208035,-0.357252,0.602159,-0.413710,-0.435073,0.011635,0.004005
8.218099,-0.357252,0.602159,-0.414855,-0.433928,0.011635,0.004005
8.228158,-0.357252,0.602159,-0.417144,-0.431640,0.011635,0.004005
8.238219,-0.357252,0.602159,-0.418288,-0.430495,0.011635,0.004005
8.248278,-0.357252,0.602159,-0.419814,-0.428969,0.011635,0.004005
8.258334,-0.357252,0.602159,-0.420958,-0.427443,0.011635,0.004005
8.268400,-0.357252,0.602159,-0.422484,-0.425536,0.011635,0.004005
8.278463,-0.357252,0.602159,-0.424010,-0.424392,0.011635,0.004005
8.288525,-0.357252,0.602159,-0.425154,-0.422484,0.011635,0.004005
8.298586,-0.357252,0.602159,-0.425917,-0.421340,0.011635,0.004005
8.308648,-0.357252,0.602159,-0.427443,-0.419432,0.011635,0.004005
8.318710,-0.357252,0.602159,-0.428969,-0.417906,0.011635,0.004005
8.328769,-0.357252,0.602159,-0.430495,-0.415618,0.011635,0.004005
8.338830,-0.357252,0.602159,-0.431258,-0.414092,0.011635,0.004005
8.348891,-0.357252,0.602159,-0.432403,-0.411803,0.011635,0.004005
8.358951,-0.357252,0.602159,-0.433547,-0.410277,0.011635,0.004005
8.369014,-0.357252,0.602159,-0.435073,-0.409133,0.011635,0.004005
8.379078,-0.357252,0.602159,-0.435836,-0.407988,0.011635,0.004005
8.389136,-0.357252,0.602159,-0.436980,-0.406081,0.011635,0.004005
8.399197,-0.357252,0.602159,-0.438125,-0.404936,0.011635,0.004005
8.409365,-0.357252,0.602159,-0.439651,-0.403029,0.011635,0.004005
8.419425,-0.357252,0.602159,-0.440414,-0.402266,0.011635,0.004005
8.429484,-0.357252,0.602159,-0.441176,-0.401122,0.011635,0.004005
8.439544,-0.357252,0.602159,-0.443084,-0.398833,0.011635,0.004005
8.449604,-0.357252,0.602159,-0.443847,-0.397307,0.011635,0.004005
8.459665,-0.357252,0.602159,-0.445373,-0.395399,0.011635,0.004005
8.469728,-0.357252,0.602159,-0.446136,-0.393874,0.011635,0.004005
8.479783,-0.357252,0.602159,-0.447280,-0.391966,0.011635,0.004005
8.489843,-0.357252,0.602159,-0.448425,-0.390440,0.011635,0.004005
8.499906,-0.357252,0.601778,-0.449569,-0.389296,0.011635,0.004005
8.509971,-0.357252,0.601778,-0.449950,-0.388151,0.011635,0.004005
8.520031,-0.357252,0.601396,-0.451095,-0.386244,0.011635,0.004005
8.530093,-0.357633,0.601396,-0.452239,-0.384718,0.011635,0.004005
8.540156,-0.357633,0.601015,-0.453765,-0.383192,0.011635,0.004005
8.550220,-0.357633,0.601015,-0.454910,-0.381666,0.011635,0.004005
8.560281,-0.357633,0.601015,-0.456054,-0.378996,0.011635,0.004005
8.570344,-0.357633,0.601015,-0.457198,-0.377852,0.011635,0.004005
8.580397,-0.357633,0.601015,-0.458724,-0.375563,0.011635,0.004005
8.590461,-0.357633,0.601015,-0.459487,-0.374037,0.011635,0.004005
8.600525,-0.357633,0.601015,-0.461013,-0.372129,0.011635,0.004005
8.610586,-0.357633,0.601015,-0.461776,-0.370985,0.011635,0.004005
8.620653,-0.358015,0.600633,-0.462921,-0.369841,0.011635,0.004005
8.630716,-0.358015,0.600633,-0.463684,-0.368696,0.011635,0.004005
8.640778,-0.358015,0.600252,-0.464446,-0.367933,0.011635,0.004005
8.650842,-0.358015,0.599870,-0.465591,-0.365644,0.011635,0.004005
8.660903,-0.358015,0.599489,-0.467117,-0.364118,0.011635,0.004005
8.670965,-0.358396,0.599489,-0.468261,-0.362593,0.011635,0.004005
8.681029,-0.358396,0.599489,-0.469024,-0.361067,0.011635,0.004005
8.691092,-0.358396,0.599489,-0.470550,-0.359159,0.011635,0.004005
8.701155,-0.358396,0.599489,-0.471695,-0.358015,0.011635,0.004005
8.711217,-0.358396,0.599489,-0.472839,-0.357252,0.012016,0.004005
8.721280,-0.358396,0.599489,-0.473602,-0.356870,0.012016,0.004005
8.731343,-0.358778,0.599489,-0.474365,-0.355726,0.012016,0.004005
8.741404,-0.358778,0.599489,-0.475509,-0.354582,0.012016,0.004005
8.751467,-0.359159,0.599107,-0.476654,-0.352674,0.012016,0.004005
8.761530,-0.359159,0.599107,-0.477798,-0.351530,0.012016,0.004005
8.771594,-0.359159,0.599107,-0.479324,-0.350004,0.012016,0.004005
8.781658,-0.359541,0.598726,-0.480468,-0.348859,0.012016,0.004005
8.791720,-0.359541,0.598726,-0.481613,-0.346189,0.012016,0.004005
8.801784,-0.359922,0.598726,-0.482376,-0.344663,0.012016,0.004005
8.811845,-0.360304,0.598726,-0.483902,-0.342756,0.012398,0.003624
8.821909,-0.361067,0.598726,-0.484283,-0.341230,0.012398,0.003624
8.831971,-0.362593,0.598344,-0.485809,-0.338941,0.013161,0.003624
8.842025,-0.362974,0.598344,-0.486572,-0.337797,0.013924,0.003624
8.852088,-0.363737,0.597963,-0.487335,-0.336271,0.014687,0.003624
8.862152,-0.364118,0.597963,-0.488479,-0.333982,0.015450,0.003624
8.872216,-0.364500,0.597581,-0.489242,-0.332456,0.015450,0.003624
8.882280,-0.364881,0.597581,-0.490387,-0.330167,0.015450,0.003624
8.892345,-0.365263,0.597581,-0.491531,-0.328641,0.015450,0.003624
8.902409,-0.365644,0.597581,-0.492676,-0.325971,0.015450,0.003624
8.912471,-0.365644,0.597581,-0.493820,-0.324826,0.015450,0.003624
8.922534,-0.366026,0.597581,-0.494965,-0.322919,0.015450,0.003624
8.932596,-0.366789,0.597581,-0.495346,-0.321393,0.015450,0.003624
8.942661,-0.367552,0.597200,-0.496109,-0.319486,0.015450,0.003624
8.952726,-0.368315,0.597200,-0.496872,-0.318341,0.015450,0.003624
8.962790,-0.369078,0.596818,-0.497635,-0.316815,0.015450,0.003624
8.972855,-0.369841,0.596818,-0.498016,-0.315671,0.015450,0.003624
8.982917,-0.370603,0.596437,-0.498779,-0.313382,0.015450,0.003624
8.992970,-0.370985,0.596437,-0.499161,-0.312238,0.015450,0.003624
9.003032,-0.371748,0.596056,-0.499924,-0.310330,0.015450,0.003624
9.013093,-0.372129,0.595674,-0.500305,-0.308423,0.015450,0.003624
9.023155,-0.372892,0.594911,-0.501450,-0.305753,0.015450,0.003624
9.033218,-0.373274,0.594148,-0.502213,-0.304227,0.015450,0.003624
9.043281,-0.373655,0.593385,-0.503357,-0.301556,0.015831,0.003624
9.053343,-0.374037,0.592622,-0.504120,-0.299649,0.015831,0.003624
9.063447,-0.374418,0.591096,-0.505264,-0.296979,0.015831,0.003624
9.073511,-0.374800,0.589952,-0.505646,-0.295071,0.015831,0.003624
9.083574,-0.374800,0.588808,-0.506409,-0.293164,0.015831,0.003624
9.093635,-0.375563,0.586900,-0.506790,-0.290875,0.016213,0.003624
9.103697,-0.375944,0.585756,-0.507172,-0.289731,0.016976,0.003624
9.113761,-0.376707,0.584611,-0.507553,-0.287823,0.019646,0.003624
9.123826,-0.377089,0.583848,-0.508316,-0.286679,0.021553,0.003624
9.133890,-0.378233,0.581941,-0.508698,-0.285153,0.025368,0.003624
9.143951,-0.378996,0.580797,-0.509079,-0.284390,0.027657,0.003624
9.154013,-0.380522,0.578889,-0.509842,-0.283246,0.031090,0.003624
9.164076,-0.381285,0.576982,-0.510605,-0.282101,0.033761,0.003624
9.174140,-0.382429,0.573930,-0.511368,-0.280194,0.036049,0.003624
9.184201,-0.383192,0.572786,-0.512131,-0.279049,0.036812,0.003624
9.194268,-0.383192,0.572404,-0.512894,-0.278286,0.038720,0.003624
9.204332,-0.383955,0.572023,-0.513275,-0.277142,0.039483,0.003624
9.214395,-0.384718,0.572023,-0.514420,-0.275616,0.039864,0.003624
9.224462,-0.385100,0.571641,-0.515564,-0.274472,0.040627,0.003624
9.234524,-0.385863,0.570497,-0.517090,-0.272564,0.042153,0.003624
9.244587,-0.386625,0.568971,-0.517853,-0.271420,0.042535,0.003624
9.254646,-0.387770,0.567445,-0.519379,-0.269894,0.041772,0.004005
9.264707,-0.388151,0.566300,-0.520142,-0.268750,0.041772,0.004005
9.274772,-0.388914,0.564012,-0.521668,-0.267224,0.042153,0.004005
9.284836,-0.389296,0.562104,-0.522431,-0.266079,0.042153,0.004005
9.294897,-0.389677,0.561341,-0.523194,-0.264935,0.042153,0.004005
9.304958,-0.390440,0.560578,-0.524338,-0.262646,0.042153,0.004005
9.315017,-0.391203,0.560578,-0.524720,-0.261120,0.042153,0.004005
9.325079,-0.392729,0.560578,-0.525864,-0.258831,0.042153,0.004005
9.335142,-0.393874,0.560197,-0.526627,-0.257687,0.042153,0.004005
9.345206,-0.395018,0.559815,-0.527390,-0.255398,0.042535,0.004005
9.355269,-0.395781,0.559052,-0.528153,-0.253872,0.042535,0.004005
9.365331,-0.396925,0.557527,-0.529679,-0.251583,0.042535,0.004005
9.375394,-0.397688,0.556382,-0.530442,-0.250057,0.042153,0.004005
9.385458,-0.399596,0.554856,-0.531586,-0.247387,0.042535,0.004005
9.395519,-0.400740,0.553712,-0.532349,-0.245861,0.042535,0.004005
9.405581,-0.401884,0.551423,-0.533112,-0.243954,0.042535,0.004005
9.415644,-0.402647,0.549516,-0.533494,-0.242428,0.042916,0.004005
9.425670,-0.403410,0.548371,-0.533875,-0.240520,0.043679,0.004005
9.435734,-0.404173,0.547608,-0.534257,-0.239757,0.044823,0.004005
9.445795,-0.406081,0.547608,-0.534638,-0.238231,0.047494,0.004005
9.455857,-0.407225,0.547608,-0.534638,-0.237087,0.049783,0.004005
9.465920,-0.408751,0.546464,-0.535019,-0.234798,0.053597,0.004005
9.475973,-0.409895,0.545319,-0.535401,-0.233272,0.055886,0.004005
9.486089,-0.411040,0.543412,-0.536164,-0.231365,0.059319,0.004005
9.496148,-0.412184,0.542267,-0.536545,-0.229839,0.061227,0.004005
9.506207,-0.412947,0.541123,-0.536927,-0.227932,0.062753,0.004005
9.516267,-0.414092,0.539216,-0.537690,-0.225643,0.065042,0.004005
9.526325,-0.414855,0.536927,-0.538071,-0.224117,0.066949,0.004005
9.536387,-0.415618,0.535782,-0.538834,-0.221828,0.069238,0.007439
9.546444,-0.416381,0.535401,-0.539597,-0.220302,0.070382,0.007439
9.556505,-0.417525,0.535401,-0.539979,-0.218013,0.071908,0.007439
9.566564,-0.418669,0.534638,-0.540360,-0.216869,0.072290,0.007439
9.576625,-0.419814,0.533112,-0.541886,-0.214580,0.072290,0.008202
9.586670,-0.420958,0.531968,-0.542267,-0.213054,0.072290,0.008202
9.596729,-0.422484,0.530442,-0.543412,-0.211528,0.072671,0.008202
9.606790,-0.423247,0.529679,-0.543793,-0.210765,0.072671,0.008202
9.616848,-0.425154,0.528153,-0.544175,-0.208858,0.072671,0.008202
9.626909,-0.425536,0.527008,-0.544556,-0.208095,0.072671,0.008202
9.636971,-0.426680,0.524720,-0.544938,-0.207332,0.072290,0.008202
9.647034,-0.427825,0.523575,-0.544938,-0.207332,0.072290,0.008202
9.657094,-0.428969,0.522812,-0.544938,-0.207332,0.072671,0.008202
9.667155,-0.430495,0.522049,-0.544938,-0.207332,0.073434,0.008202
9.677218,-0.432021,0.520905,-0.545319,-0.207332,0.076104,0.008202
9.687281,-0.433165,0.519760,-0.545701,-0.207332,0.078393,0.008202
9.697342,-0.435073,0.518235,-0.546082,-0.207332,0.080301,0.008202
9.707404,-0.436599,0.517090,-0.546082,-0.207332,0.081064,0.008202
9.717464,-0.437743,0.515946,-0.546082,-0.206950,0.083352,0.008202
9.727526,-0.438888,0.514038,-0.546464,-0.206188,0.087167,0.008202
9.737589,-0.440032,0.512131,-0.546845,-0.205425,0.088693,0.008202
9.747652,-0.441176,0.510986,-0.546845,-0.203136,0.089837,0.008202
9.757713,-0.441939,0.510224,-0.547227,-0.201228,0.091363,0.008202
9.767775,-0.443847,0.508698,-0.547990,-0.198558,0.094034,0.008202
9.777837,-0.444991,0.507935,-0.548371,-0.196269,0.095560,0.008202
9.787901,-0.446517,0.505646,-0.549134,-0.193217,0.096323,0.015450
9.797964,-0.447662,0.504501,-0.549516,-0.191310,0.096323,0.015450
9.808030,-0.449569,0.502594,-0.549897,-0.188258,0.097848,0.015450
9.818093,-0.450713,0.501068,-0.549897,-0.186351,0.099374,0.015450
9.828154,-0.452239,0.499161,-0.549897,-0.183299,0.102045,0.015450
9.838218,-0.453002,0.498398,-0.550278,-0.181392,0.103571,0.015450
9.848278,-0.454910,0.497253,-0.550660,-0.178721,0.105478,0.017357
9.858341,-0.456435,0.496490,-0.551041,-0.177195,0.106241,0.017357
9.868401,-0.457961,0.495346,-0.551804,-0.174525,0.107385,0.017357
9.878463,-0.459106,0.494583,-0.552186,-0.173381,0.107767,0.017357
9.888524,-0.460632,0.493820,-0.552567,-0.171092,0.109674,0.017357
9.898588,-0.462158,0.493057,-0.553330,-0.169566,0.111200,0.019646
9.908640,-0.464065,0.491531,-0.554475,-0.167277,0.113107,0.020027
9.918703,-0.464828,0.490768,-0.554856,-0.165751,0.113870,0.020027
9.928768,-0.465972,0.489242,-0.554856,-0.164225,0.113870,0.020027
9.938829,-0.467880,0.486954,-0.555619,-0.162318,0.113870,0.020027
9.948893,-0.469024,0.486572,-0.555619,-0.161173,0.113870,0.020027
9.958952,-0.470550,0.485809,-0.555619,-0.160029,0.114252,0.020027
9.969014,-0.471695,0.485046,-0.556001,-0.159266,0.114252,0.020027
9.979079,-0.473983,0.483520,-0.556001,-0.157359,0.114252,0.020027
9.989144,-0.475128,0.482376,-0.556001,-0.156596,0.114252,0.020027
9.999204,-0.477035,0.480468,-0.556001,-0.155451,0.114252,0.020027
10.009268,-0.478561,0.478943,-0.556001,-0.155070,0.114252,0.020027
10.019331,-0.481231,0.476654,-0.556001,-0.153925,0.115778,0.023842
10.029395,-0.481994,0.475128,-0.556001,-0.152781,0.118830,0.023842
10.039459,-0.483902,0.473602,-0.556001,-0.150874,0.122644,0.023842
10.049521,-0.485428,0.473220,-0.556001,-0.149348,0.124170,0.023842
10.059581,-0.488098,0.472076,-0.556001,-0.147822,0.126078,0.023842
10.069645,-0.488861,0.470932,-0.556001,-0.146296,0.128367,0.023842
10.079669,-0.490768,0.469024,-0.556001,-0.144770,0.132563,0.023842
10.089731,-0.492676,0.468261,-0.556001,-0.143626,0.134852,0.023842
10.099793,-0.494965,0.466354,-0.556001,-0.142481,0.140192,0.023842
10.109857,-0.496109,0.464828,-0.556001,-0.141718,0.144007,0.023842
10.119910,-0.498016,0.462539,-0.556001,-0.140192,0.148585,0.023842
10.129975,-0.499542,0.461395,-0.556001,-0.139048,0.150874,0.023842
10.140036,-0.500687,0.460632,-0.556001,-0.137522,0.153162,0.023842
10.150099,-0.502213,0.459869,-0.556001,-0.135996,0.156596,0.023842
10.160164,-0.503357,0.459106,-0.556001,-0.135233,0.158122,0.023842
10.170228,-0.505264,0.457961,-0.556001,-0.134852,0.158885,0.023842
10.180286,-0.506409,0.456817,-0.556001,-0.134470,0.158885,0.023842
10.190361,-0.508316,0.455291,-0.556001,-0.134470,0.158885,0.023842
10.200425,-0.509842,0.454147,-0.556001,-0.134470,0.158885,0.023842
10.210486,-0.512131,0.452239,-0.556001,-0.133326,0.158885,0.023842
10.220547,-0.513275,0.450332,-0.556001,-0.132181,0.158885,0.023842
10.230608,-0.515183,0.449187,-0.556001,-0.130274,0.158885,0.023842
10.240667,-0.516709,0.448043,-0.556001,-0.129129,0.158885,0.031090
10.250727,-0.519379,0.446899,-0.556001,-0.128367,0.159266,0.031090
10.260792,-0.520523,0.445754,-0.556001,-0.127985,0.159648,0.031090
10.270852,-0.522812,0.443465,-0.556001,-0.127985,0.160410,0.031090
10.280915,-0.525101,0.442702,-0.556001,-0.127604,0.161936,0.034524
10.290974,-0.527008,0.441176,-0.556001,-0.126078,0.165370,0.034524
10.301034,-0.528153,0.440032,-0.556001,-0.124933,0.167277,0.034524
10.311097,-0.531586,0.436980,-0.556001,-0.123026,0.169947,0.034524
10.321156,-0.533112,0.435836,-0.556001,-0.122263,0.172999,0.034524
10.331220,-0.534638,0.434691,-0.556001,-0.121118,0.177577,0.034524
10.341278,-0.536927,0.433928,-0.556001,-0.119974,0.180629,0.034524
10.351435,-0.538834,0.432021,-0.556001,-0.118448,0.184825,0.034524
10.361496,-0.539979,0.430877,-0.556001,-0.117304,0.187114,0.034524
10.371555,-0.541123,0.429732,-0.556001,-0.116159,0.189403,0.034524
10.381618,-0.544175,0.427825,-0.556001,-0.114633,0.192454,0.034524
10.391673,-0.545701,0.426299,-0.556001,-0.113107,0.195125,0.034524
10.401736,-0.547608,0.424010,-0.556001,-0.110819,0.199702,0.034524
10.411801,-0.549134,0.423247,-0.556001,-0.109293,0.202373,0.034524
10.421868,-0.551423,0.421721,-0.556001,-0.108148,0.204662,0.034524
10.431932,-0.552567,0.420958,-0.556001,-0.107004,0.206188,0.034524
10.441996,-0.555238,0.419051,-0.556001,-0.106241,0.208095,0.034524
10.452057,-0.556764,0.418288,-0.556001,-0.105478,0.208476,0.034524
10.462119,-0.559052,0.416762,-0.556001,-0.104334,0.208858,0.034524
10.472183,-0.560578,0.415618,-0.556001,-0.103571,0.209621,0.034524
10.482236,-0.562867,0.413329,-0.556001,-0.102045,0.211910,0.034524
10.492297,-0.564012,0.412184,-0.556001,-0.101282,0.212673,0.034524
10.502359,-0.566300,0.410658,-0.556001,-0.099374,0.213817,0.034524
10.512422,-0.568589,0.409895,-0.556001,-0.098230,0.214961,0.034524
10.522486,-0.570878,0.408370,-0.556001,-0.096704,0.216869,0.034524
10.532548,-0.572786,0.406844,-0.556001,-0.096323,0.217632,0.034524
10.542610,-0.575837,0.405699,-0.556001,-0.096323,0.218776,0.034524
10.552674,-0.576982,0.404555,-0.556001,-0.096323,0.219539,0.034524
10.562727,-0.578889,0.403029,-0.556001,-0.096323,0.220684,0.034524
10.572792,-0.581178,0.401503,-0.555619,-0.096323,0.222210,0.034524
10.582854,-0.582704,0.399977,-0.555619,-0.096323,0.224498,0.034524
10.592914,-0.584993,0.398833,-0.555619,-0.096323,0.226787,0.034524
10.602973,-0.587282,0.397688,-0.555619,-0.096323,0.227169,0.034524
10.613033,-0.589570,0.396544,-0.555619,-0.096323,0.227169,0.034524
10.623097,-0.591096,0.395018,-0.556001,-0.096323,0.227550,0.034524
10.633156,-0.593767,0.393492,-0.556001,-0.096323,0.229076,0.034524
10.643218,-0.595674,0.392729,-0.556001,-0.096323,0.230983,0.034524
10.653277,-0.598344,0.391203,-0.556001,-0.096323,0.235180,0.034524
10.663338,-0.600252,0.389677,-0.555619,-0.096323,0.238613,0.034524
10.673402,-0.602922,0.387007,-0.555619,-0.096323,0.243954,0.045586
10.683464,-0.605211,0.385863,-0.555238,-0.096323,0.246242,0.045586
10.693524,-0.607500,0.384718,-0.555238,-0.096323,0.250057,0.045586
10.703583,-0.609026,0.383574,-0.555238,-0.096323,0.253109,0.045586
10.713644,-0.612078,0.381285,-0.555238,-0.096323,0.255779,0.045586
10.723703,-0.613603,0.380522,-0.555238,-0.096323,0.257305,0.045586
10.733761,-0.615511,0.378996,-0.555238,-0.096323,0.260739,0.045586
10.743821,-0.617418,0.377852,-0.555238,-0.096323,0.263027,0.045586
10.753879,-0.620089,0.375563,-0.555238,-0.095941,0.267605,0.045586
10.763940,-0.621233,0.374037,-0.555238,-0.095941,0.270275,0.045586
10.774002,-0.624285,0.372892,-0.554856,-0.095178,0.272564,0.045586
10.784063,-0.625811,0.371748,-0.554856,-0.094034,0.273327,0.045586
10.794124,-0.626955,0.370222,-0.554856,-0.092889,0.274853,0.045586
10.804183,-0.629625,0.368315,-0.555238,-0.090982,0.275616,0.045586
10.814241,-0.631533,0.367170,-0.555238,-0.089837,0.275616,0.045586
10.824303,-0.633822,0.365263,-0.555238,-0.088693,0.277142,0.045586
10.834366,-0.635348,0.363355,-0.554856,-0.087549,0.279049,0.045586
10.844419,-0.638399,0.361448,-0.554475,-0.085641,0.280575,0.045586
10.854482,-0.639925,0.360685,-0.554475,-0.083734,0.281720,0.045586
10.864534,-0.642977,0.359159,-0.554475,-0.081064,0.284390,0.060845
10.874597,-0.644503,0.357633,-0.554475,-0.079538,0.286679,0.060845
10.884649,-0.647555,0.355726,-0.554475,-0.077249,0.288968,0.060845
10.894711,-0.649844,0.354963,-0.554475,-0.076486,0.289731,0.060845
10.904763,-0.652132,0.353437,-0.554475,-0.075723,0.291257,0.060845
10.914827,-0.653658,0.352293,-0.554093,-0.074960,0.293545,0.060845
10.924891,-0.656710,0.350385,-0.554093,-0.073434,0.298505,0.060845
10.934956,-0.658236,0.349622,-0.554093,-0.072290,0.301938,0.060845
10.945020,-0.660906,0.348478,-0.554093,-0.070764,0.305753,0.060845
10.955082,-0.662814,0.347715,-0.554093,-0.070001,0.307279,0.060845
10.965144,-0.665103,0.346189,-0.554093,-0.070001,0.310712,0.060845
10.975208,-0.667391,0.344663,-0.554093,-0.070001,0.313001,0.060845
10.985271,-0.670062,0.343519,-0.554093,-0.070001,0.316815,0.060845
10.995326,-0.671588,0.342374,-0.554093,-0.070001,0.319104,0.060845
11.005474,-0.674640,0.340848,-0.553712,-0.070001,0.321775,0.060845
11.015533,-0.676547,0.339704,-0.553712,-0.070001,0.322919,0.060845
11.025598,-0.678073,0.337797,-0.553330,-0.070001,0.324063,0.060845
11.035659,-0.681125,0.336271,-0.552949,-0.070001,0.324826,0.060845
11.045718,-0.682650,0.335508,-0.552949,-0.070001,0.325971,0.060845
11.055779,-0.685702,0.333982,-0.552949,-0.070001,0.328260,0.073053
11.065843,-0.687610,0.332456,-0.552949,-0.070001,0.330167,0.073053
11.075908,-0.690280,0.330930,-0.552567,-0.070001,0.331312,0.073053
11.085972,-0.692569,0.329404,-0.552567,-0.070001,0.331312,0.073053
11.096033,-0.694858,0.327497,-0.552186,-0.070001,0.332074,0.073053
11.106095,-0.696384,0.325589,-0.551804,-0.070001,0.333219,0.073053
11.116156,-0.699817,0.323682,-0.551423,-0.070001,0.335126,0.073053
11.126216,-0.700961,0.322919,-0.551041,-0.070001,0.338178,0.073053
11.136277,-0.703250,0.321393,-0.549897,-0.070001,0.342374,0.073053
11.146339,-0.705921,0.319867,-0.549516,-0.070001,0.344282,0.073053
11.156401,-0.708209,0.317960,-0.548753,-0.070001,0.347715,0.081827
11.166461,-0.709735,0.316815,-0.547990,-0.070001,0.349622,0.081827
11.176522,-0.712406,0.314527,-0.546464,-0.070001,0.350767,0.081827
11.186586,-0.713931,0.312619,-0.545319,-0.070001,0.353056,0.081827
11.196649,-0.715839,0.311093,-0.543793,-0.070001,0.358015,0.081827
11.206710,-0.717746,0.310330,-0.543030,-0.070001,0.361067,0.081827
11.216773,-0.720417,0.308804,-0.541505,-0.070001,0.365644,0.081827
11.226832,-0.721561,0.307279,-0.540742,-0.070001,0.368315,0.081827
11.236893,-0.723468,0.306134,-0.539597,-0.070001,0.368696,0.081827
11.246957,-0.726139,0.304608,-0.538071,-0.070001,0.369078,0.081827
11.257020,-0.727283,0.303845,-0.536927,-0.070001,0.369841,0.081827
11.267084,-0.729953,0.302319,-0.535401,-0.070001,0.374037,0.081827
11.277147,-0.731479,0.301175,-0.534638,-0.070001,0.377089,0.081827
11.287211,-0.733768,0.299649,-0.532731,-0.070001,0.380140,0.081827
11.297274,-0.735676,0.298505,-0.531205,-0.070001,0.381666,0.081827
11.307337,-0.737583,0.297360,-0.529679,-0.070001,0.382811,0.081827
11.317401,-0.739109,0.296216,-0.528916,-0.070001,0.383192,0.091745
11.327462,-0.741398,0.294308,-0.527390,-0.070001,0.383192,0.091745
11.337525,-0.743305,0.293927,-0.526246,-0.070001,0.383955,0.091745
11.347583,-0.745212,0.292782,-0.525101,-0.070001,0.385100,0.091745
11.357643,-0.746357,0.292020,-0.524338,-0.070001,0.385481,0.091745
11.367708,-0.749027,0.290494,-0.523194,-0.070001,0.386625,0.091745
11.377772,-0.750172,0.289349,-0.522049,-0.070001,0.387770,0.091745
11.387836,-0.752079,0.287442,-0.520523,-0.070001,0.389296,0.091745
11.397896,-0.753223,0.286679,-0.518997,-0.070001,0.390440,0.091745
11.407956,-0.756275,0.285153,-0.517853,-0.070001,0.393111,0.091745
11.418018,-0.757420,0.284390,-0.517090,-0.070001,0.395399,0.091745
11.428081,-0.759327,0.282864,-0.515946,-0.070001,0.399977,0.091745
11.438143,-0.761234,0.282101,-0.515183,-0.070001,0.402266,0.091745
11.448202,-0.762760,0.281338,-0.514420,-0.070001,0.403029,0.091745
11.458265,-0.764286,0.280194,-0.512894,-0.070001,0.405318,0.091745
11.468329,-0.765431,0.279049,-0.512131,-0.070001,0.406844,0.091745
11.478384,-0.767720,0.277142,-0.510986,-0.070001,0.409133,0.091745
11.488443,-0.769245,0.275616,-0.509842,-0.070001,0.410658,0.091745
11.498505,-0.770771,0.274472,-0.508316,-0.070001,0.412566,0.091745
11.508570,-0.771916,0.273327,-0.507172,-0.070001,0.413329,0.091745
11.518633,-0.774205,0.272183,-0.505646,-0.070001,0.414855,0.102808
11.528669,-0.774968,0.271038,-0.504501,-0.070001,0.416381,0.102808
11.538724,-0.776875,0.269131,-0.503357,-0.070001,0.418669,0.102808
11.548789,-0.778019,0.268368,-0.502213,-0.070001,0.420195,0.102808
11.558848,-0.780308,0.266842,-0.501068,-0.070001,0.423247,0.102808
11.568916,-0.781453,0.265698,-0.499924,-0.070001,0.425154,0.102808
11.578979,-0.783360,0.263790,-0.498398,-0.070001,0.427443,0.102808
11.589044,-0.784123,0.262646,-0.497635,-0.070001,0.427825,0.107385
11.599107,-0.785649,0.261501,-0.495727,-0.070001,0.427825,0.107385
11.609169,-0.786793,0.260739,-0.494202,-0.070001,0.427825,0.107385
11.619231,-0.787938,0.259594,-0.493057,-0.070001,0.427825,0.107385
11.629293,-0.789082,0.258450,-0.491913,-0.070001,0.427825,0.107385
11.639346,-0.790608,0.256924,-0.490768,-0.070001,0.427825,0.107385
11.649410,-0.791752,0.256161,-0.489624,-0.070001,0.428206,0.107385
11.659593,-0.793660,0.254635,-0.488098,-0.070001,0.428206,0.107385
11.669656,-0.794804,0.253872,-0.486954,-0.070001,0.428206,0.107385
11.679721,-0.795567,0.253109,-0.486191,-0.070001,0.428206,0.113489
11.689785,-0.796712,0.251202,-0.485046,-0.070001,0.428206,0.113489
11.699849,-0.797856,0.250057,-0.483902,-0.070001,0.428206,0.114252
11.709918,-0.799001,0.249294,-0.481613,-0.070001,0.428206,0.114252
11.719982,-0.799763,0.248913,-0.480850,-0.070001,0.428588,0.114252
11.730045,-0.800908,0.247768,-0.479324,-0.070001,0.428969,0.114252
11.740110,-0.801671,0.247005,-0.478943,-0.070001,0.429732,0.114252
11.750174,-0.803197,0.245480,-0.477417,-0.070001,0.432403,0.114252
11.760236,-0.804723,0.244717,-0.476272,-0.070001,0.435073,0.114252
11.770298,-0.806249,0.243954,-0.475128,-0.070001,0.437743,0.117685
11.780361,-0.807393,0.243191,-0.474365,-0.070001,0.439269,0.117685
11.790426,-0.808537,0.241665,-0.472839,-0.070001,0.441176,0.118448
11.800490,-0.808919,0.240902,-0.472076,-0.070001,0.443084,0.118448
11.810556,-0.809682,0.239757,-0.470169,-0.070001,0.446517,0.118448
11.820620,-0.810063,0.238613,-0.468643,-0.070001,0.448425,0.118448
11.830669,-0.810445,0.237087,-0.466735,-0.070001,0.451476,0.121118
11.840724,-0.810826,0.236324,-0.465972,-0.070001,0.453384,0.121118
11.850788,-0.811208,0.234798,-0.464446,-0.070001,0.454528,0.121118
11.860841,-0.811589,0.233654,-0.463302,-0.070001,0.454910,0.121118
11.870906,-0.811971,0.232128,-0.461776,-0.070001,0.454528,0.121118
11.880970,-0.812352,0.231365,-0.460632,-0.070001,0.454528,0.121118
11.891133,-0.813115,0.230220,-0.459869,-0.070001,0.454528,0.121118
11.901196,-0.813497,0.229458,-0.458724,-0.070001,0.454528,0.121118
11.911260,-0.814260,0.228695,-0.457580,-0.070001,0.454528,0.121118
11.921324,-0.815023,0.227169,-0.456054,-0.070001,0.454528,0.121118
11.931389,-0.816167,0.226024,-0.454910,-0.070001,0.454528,0.121118
11.941450,-0.817311,0.224880,-0.453384,-0.070001,0.454528,0.121118
11.951513,-0.818074,0.224117,-0.452621,-0.070001,0.454528,0.121118
11.961577,-0.819219,0.222972,-0.451095,-0.070001,0.454528,0.121118
11.971640,-0.819600,0.222591,-0.449950,-0.070001,0.454528,0.121118
11.981705,-0.819982,0.221447,-0.449187,-0.070001,0.454528,0.121118
11.991770,-0.820363,0.221065,-0.448806,-0.070001,0.454528,0.121118
12.001830,-0.820363,0.220302,-0.447280,-0.070001,0.454528,0.121118
12.011894,-0.820363,0.219539,-0.446136,-0.070001,0.454528,0.121118
12.021957,-0.820363,0.218395,-0.444610,-0.070001,0.454528,0.125696
12.032021,-0.820363,0.218013,-0.443465,-0.070001,0.454528,0.125696
12.042085,-0.820363,0.216487,-0.441939,-0.070001,0.454528,0.125696
12.052147,-0.820363,0.215724,-0.440795,-0.070001,0.454528,0.125696
12.062207,-0.820363,0.213817,-0.438888,-0.070001,0.454528,0.125696
12.072271,-0.820363,0.213054,-0.437362,-0.070001,0.454528,0.125696
12.082336,-0.820363,0.211910,-0.435836,-0.070001,0.454528,0.125696
12.092397,-0.820363,0.211147,-0.435073,-0.070382,0.454528,0.125696
12.102466,-0.820363,0.210384,-0.433547,-0.070001,0.454910,0.125696
12.112528,-0.820363,0.210002,-0.432403,-0.070001,0.454910,0.125696
12.122589,-0.820363,0.209621,-0.431258,-0.070382,0.454910,0.125696
12.132652,-0.820363,0.209239,-0.430495,-0.070382,0.454528,0.125696
12.142717,-0.820363,0.209239,-0.429732,-0.070382,0.454528,0.125696
12.152778,-0.820363,0.208858,-0.428588,-0.070382,0.454528,0.127985
12.162840,-0.820363,0.208476,-0.427825,-0.070382,0.454528,0.127985
12.172904,-0.820363,0.208095,-0.427062,-0.070382,0.454528,0.127985
12.182973,-0.820363,0.208095,-0.426299,-0.070382,0.454528,0.127985
12.193040,-0.820363,0.207713,-0.425154,-0.070382,0.454528,0.127985
12.203102,-0.820363,0.207713,-0.424392,-0.070382,0.454528,0.127985
12.213165,-0.820363,0.206950,-0.423629,-0.070382,0.454528,0.127985
12.223229,-0.820363,0.206569,-0.422866,-0.070382,0.454528,0.127985
12.233293,-0.820363,0.205806,-0.422103,-0.070382,0.454528,0.127985
12.243354,-0.820363,0.205425,-0.420958,-0.070382,0.454528,0.127985
12.253417,-0.820363,0.204662,-0.419814,-0.070382,0.454528,0.128748
12.263480,-0.820363,0.203899,-0.419051,-0.070382,0.454528,0.128748
12.273542,-0.820363,0.203136,-0.418288,-0.070382,0.454528,0.128748
12.283606,-0.820363,0.201991,-0.417525,-0.070382,0.454528,0.128748
12.293668,-0.820363,0.200847,-0.416762,-0.070382,0.454528,0.128748
12.303725,-0.820363,0.200465,-0.416381,-0.070382,0.454528,0.128748
12.313793,-0.820363,0.200084,-0.415618,-0.070382,0.454528,0.128748
12.323856,-0.820363,0.200084,-0.415236,-0.070382,0.454528,0.128748
12.333917,-0.820363,0.199702,-0.415236,-0.070382,0.454528,0.128748
12.343981,-0.820363,0.199702,-0.415236,-0.070382,0.454528,0.128748
12.354045,-0.820363,0.199702,-0.415236,-0.070382,0.454528,0.128748
12.364106,-0.820363,0.199702,-0.415236,-0.070382,0.454528,0.128748
12.374170,-0.820363,0.199702,-0.415236,-0.070382,0.454528,0.128748
12.384234,-0.820363,0.199702,-0.415236,-0.070382,0.454528,0.128748
12.394297,-0.820363,0.200084,-0.415236,-0.070382,0.454528,0.128748
12.404361,-0.820363,0.200084,-0.415236,-0.070382,0.454528,0.128748
12.414426,-0.820363,0.200084,-0.415236,-0.070382,0.454528,0.128748
12.424487,-0.820363,0.200084,-0.414855,-0.070382,0.454528,0.128748
12.434550,-0.820363,0.200084,-0.414855,-0.070382,0.454528,0.128748
12.444613,-0.820363,0.200084,-0.414855,-0.070382,0.454528,0.128748
12.454670,-0.820363,0.200084,-0.414855,-0.070382,0.454528,0.128748
12.464729,-0.820363,0.200084,-0.414855,-0.070382,0.454528,0.128748
12.474786,-0.820363,0.200084,-0.414855,-0.070382,0.454528,0.128748
12.484848,-0.820363,0.200084,-0.415236,-0.070382,0.454528,0.129129
12.494910,-0.820363,0.200084,-0.415236,-0.070382,0.454528,0.129129
12.504974,-0.820363,0.200084,-0.415236,-0.070382,0.454528,0.129129
12.515038,-0.820363,0.200084,-0.415236,-0.070382,0.454528,0.129129
12.525099,-0.820363,0.200084,-0.415236,-0.070382,0.454528,0.129129
12.535161,-0.820363,0.200084,-0.415236,-0.070382,0.454528,0.129129
12.545223,-0.820363,0.200465,-0.415236,-0.070382,0.454528,0.129129
12.555284,-0.820363,0.200465,-0.415236,-0.070382,0.454528,0.129129
12.565346,-0.820363,0.200465,-0.415236,-0.070382,0.454528,0.129129
12.575409,-0.820363,0.200847,-0.415236,-0.070382,0.454528,0.129129
12.585474,-0.820363,0.200847,-0.415236,-0.070382,0.454528,0.129129
12.595538,-0.820363,0.200847,-0.415236,-0.070382,0.454528,0.129129
12.605599,-0.820363,0.200847,-0.415236,-0.070382,0.454528,0.129129
12.615664,-0.820363,0.200847,-0.415236,-0.070382,0.454528,0.129129
12.625726,-0.820363,0.200847,-0.415618,-0.070382,0.454528,0.129129
12.635790,-0.820363,0.201228,-0.415618,-0.070382,0.454528,0.129129
12.645854,-0.820363,0.201228,-0.415999,-0.070382,0.454528,0.129129
12.655918,-0.820363,0.201610,-0.415999,-0.070382,0.454528,0.129129
12.665980,-0.820363,0.201991,-0.416381,-0.070382,0.454528,0.129129
12.676043,-0.820363,0.202373,-0.417144,-0.070382,0.454528,0.129129
12.686107,-0.820363,0.202754,-0.417525,-0.070382,0.454528,0.129129
12.696170,-0.820363,0.203517,-0.417906,-0.070382,0.454528,0.129129
12.706231,-0.819982,0.203899,-0.418288,-0.070001,0.454528,0.129129
12.716293,-0.819982,0.204280,-0.419051,-0.070382,0.454528,0.129129
12.726357,-0.819982,0.205043,-0.419051,-0.070382,0.454528,0.129129
12.736410,-0.819982,0.206188,-0.419814,-0.070382,0.454528,0.129129
12.746472,-0.819600,0.206950,-0.420195,-0.070382,0.454528,0.129129
12.756534,-0.819219,0.208476,-0.421340,-0.070382,0.454528,0.129129
12.766597,-0.818837,0.210384,-0.421721,-0.070382,0.454528,0.129129
12.776661,-0.818837,0.212291,-0.422484,-0.070382,0.454528,0.129129
12.786726,-0.818456,0.214580,-0.424010,-0.070001,0.454528,0.129129
12.796788,-0.818074,0.216106,-0.425154,-0.070001,0.454147,0.129129
12.806848,-0.817693,0.218776,-0.426299,-0.070001,0.453765,0.129129
12.816911,-0.817311,0.221065,-0.427443,-0.070001,0.453765,0.129129
12.826977,-0.817311,0.224498,-0.429351,-0.070001,0.453765,0.129129
12.837041,-0.816930,0.226787,-0.430495,-0.070001,0.453765,0.129129
12.847096,-0.816167,0.229076,-0.432403,-0.070001,0.453384,0.129129
12.857150,-0.815785,0.231365,-0.433547,-0.070001,0.453002,0.129129
12.867212,-0.815023,0.235180,-0.435836,-0.070001,0.451476,0.129129
12.877275,-0.814641,0.237850,-0.437362,-0.070001,0.450713,0.129129
12.887340,-0.813878,0.240520,-0.439651,-0.070001,0.450332,0.129129
12.897403,-0.812734,0.242046,-0.441176,-0.070001,0.449950,0.129129
12.907467,-0.810826,0.245861,-0.443847,-0.070001,0.448425,0.129129
12.917529,-0.808919,0.248531,-0.445373,-0.070001,0.446517,0.129129
12.927591,-0.805486,0.251965,-0.447280,-0.070001,0.442702,0.129129
12.937655,-0.803197,0.253109,-0.449187,-0.070001,0.440032,0.129129
12.947719,-0.799763,0.256161,-0.452239,-0.070001,0.436217,0.129129
12.957783,-0.796712,0.259213,-0.454528,-0.070001,0.433165,0.129129
12.967845,-0.794041,0.261501,-0.456054,-0.070001,0.430114,0.129129
12.977908,-0.789845,0.264935,-0.458724,-0.070001,0.424392,0.129129
12.987972,-0.786793,0.266461,-0.461013,-0.070001,0.420958,0.129129
12.998035,-0.781071,0.270657,-0.464446,-0.070001,0.414473,0.129129
13.008099,-0.777638,0.273327,-0.466735,-0.070001,0.408751,0.127985
13.018164,-0.771916,0.277142,-0.469787,-0.070001,0.401503,0.127985
13.028224,-0.768101,0.279049,-0.471695,-0.070001,0.397688,0.127985
13.038287,-0.762379,0.282864,-0.475128,-0.070001,0.389677,0.127985
13.048350,-0.758183,0.286297,-0.477417,-0.070001,0.385100,0.127985
13.058410,-0.751698,0.290875,-0.481231,-0.070001,0.378996,0.127985
13.068467,-0.747120,0.292401,-0.483139,-0.070001,0.374037,0.127985
13.078528,-0.740253,0.296979,-0.486572,-0.070001,0.366789,0.127985
13.088591,-0.736057,0.300031,-0.488861,-0.070001,0.361448,0.127985
13.098655,-0.728428,0.304227,-0.492676,-0.070001,0.353819,0.127985
13.108715,-0.723850,0.306516,-0.494583,-0.070001,0.349622,0.127985
13.118777,-0.716220,0.311856,-0.497635,-0.070001,0.342374,0.127985
13.128840,-0.711261,0.315671,-0.499542,-0.070001,0.337034,0.127985
13.138901,-0.703250,0.319104,-0.503738,-0.070001,0.330549,0.127985
13.148963,-0.698291,0.322538,-0.505646,-0.070001,0.325589,0.127985
13.159047,-0.690280,0.328260,-0.508698,-0.070001,0.318341,0.127985
13.169116,-0.684939,0.330930,-0.510986,-0.070001,0.312619,0.127985
13.179169,-0.679217,0.333982,-0.512894,-0.070001,0.307660,0.127985
13.189224,-0.671206,0.339704,-0.516327,-0.070382,0.300031,0.127985
13.199277,-0.665484,0.342756,-0.518616,-0.070382,0.294690,0.127985
13.209328,-0.657092,0.347715,-0.521286,-0.070382,0.286679,0.127985
13.219380,-0.651369,0.351911,-0.523194,-0.070382,0.282101,0.127985
13.229432,-0.642977,0.356489,-0.526246,-0.070382,0.273327,0.127985
13.239493,-0.637255,0.360685,-0.528153,-0.070382,0.266842,0.111582
13.249555,-0.628099,0.366407,-0.531205,-0.070382,0.258450,0.111582
13.259617,-0.622377,0.369841,-0.533112,-0.070382,0.252728,0.111582
13.269686,-0.613985,0.375944,-0.535401,-0.070382,0.244335,0.111582
13.279749,-0.608263,0.379759,-0.536927,-0.070764,0.238231,0.111582
13.289812,-0.599489,0.385100,-0.539597,-0.071527,0.229839,0.111582
13.299873,-0.593767,0.389677,-0.541123,-0.071908,0.224117,0.111582
13.309934,-0.585374,0.395018,-0.543030,-0.073053,0.215724,0.111582
13.319997,-0.579271,0.399214,-0.544556,-0.073816,0.210765,0.111582
13.330058,-0.571260,0.405318,-0.546082,-0.075723,0.202754,0.111582
13.340121,-0.565537,0.409133,-0.547227,-0.077249,0.197795,0.111582
13.350181,-0.557527,0.415618,-0.548753,-0.079919,0.190547,0.111582
13.360243,-0.551804,0.419432,-0.549134,-0.082208,0.185588,0.111582
13.370303,-0.543793,0.425917,-0.550278,-0.086404,0.178721,0.084115
13.380368,-0.538453,0.429732,-0.551041,-0.089075,0.174144,0.084115
13.390530,-0.530442,0.435836,-0.551804,-0.093271,0.167277,0.084115
13.400593,-0.525483,0.440414,-0.552567,-0.095941,0.162318,0.084115
13.410654,-0.520142,0.444228,-0.552949,-0.099374,0.157740,0.084115
13.420716,-0.512894,0.451095,-0.554093,-0.103952,0.150874,0.084115
13.430779,-0.507172,0.455291,-0.554475,-0.107385,0.146296,0.084115
13.440842,-0.500305,0.461395,-0.555238,-0.112726,0.139429,0.084115
13.450907,-0.494965,0.465972,-0.555238,-0.116922,0.134470,0.084115
13.460971,-0.487716,0.472076,-0.555619,-0.123026,0.127222,0.084115
13.471033,-0.483139,0.476654,-0.555619,-0.126841,0.123407,0.084115
13.481088,-0.476272,0.482376,-0.555619,-0.133326,0.117304,0.084115
13.491151,-0.471695,0.486572,-0.555619,-0.137903,0.112345,0.084115
13.501214,-0.464828,0.492676,-0.555619,-0.144770,0.106241,0.084115
13.511278,-0.460632,0.496490,-0.555619,-0.149729,0.102045,0.084115
13.521342,-0.454147,0.502976,-0.555619,-0.156596,0.096704,0.084115
13.531403,-0.450713,0.506790,-0.555619,-0.161555,0.093271,0.084115
13.541466,-0.444610,0.513275,-0.555619,-0.168803,0.087930,0.084115
13.551529,-0.440795,0.517090,-0.555619,-0.173762,0.084115,0.084115
13.561592,-0.435073,0.522812,-0.555238,-0.181392,0.079156,0.084115
13.571655,-0.431258,0.527390,-0.555238,-0.186351,0.076486,0.052453
13.581668,-0.426680,0.532731,-0.554856,-0.194362,0.071908,0.052453
13.591702,-0.422866,0.536545,-0.554856,-0.199321,0.068856,0.052453
13.601763,-0.417906,0.541886,-0.554093,-0.207332,0.064279,0.052453
13.611822,-0.414855,0.545701,-0.554093,-0.212673,0.060845,0.052453
13.621876,-0.410277,0.551041,-0.553330,-0.221065,0.057031,0.052453
13.631940,-0.407225,0.554093,-0.552949,-0.226406,0.055505,0.052453
13.642100,-0.403410,0.559052,-0.551804,-0.235180,0.052071,0.052453
13.652163,-0.401122,0.562104,-0.551041,-0.241283,0.050546,0.052453
13.662223,-0.398070,0.565537,-0.550278,-0.247387,0.048638,0.052453
13.672284,-0.394255,0.569734,-0.548371,-0.256542,0.045586,0.052453
13.682348,-0.391966,0.572404,-0.546845,-0.263027,0.043297,0.052453
13.692410,-0.389296,0.576982,-0.544556,-0.272564,0.040246,0.052453
13.702470,-0.386244,0.578889,-0.543030,-0.278668,0.038720,0.052453
13.712532,-0.383192,0.582322,-0.539979,-0.288205,0.036431,0.052453
13.722596,-0.381285,0.584230,-0.538071,-0.294690,0.033761,0.052453
13.732660,-0.378614,0.587663,-0.534257,-0.303845,0.029946,0.052453
13.742722,-0.376707,0.589570,-0.531205,-0.310330,0.029183,0.052453
13.752784,-0.374418,0.591859,-0.527771,-0.319867,0.028801,0.052453
13.762847,-0.372892,0.593385,-0.525101,-0.326352,0.028801,0.052453
13.772907,-0.370985,0.595674,-0.520523,-0.334745,0.028801,0.052453
13.782969,-0.369459,0.596818,-0.517472,-0.340467,0.028801,0.052453
13.793033,-0.367933,0.598726,-0.513275,-0.349241,0.027657,0.052453
13.803095,-0.367170,0.600252,-0.509461,-0.354582,0.027276,0.052453
13.813155,-0.365644,0.601778,-0.504120,-0.362211,0.026131,0.052453
13.823218,-0.364881,0.602159,-0.501068,-0.367933,0.025368,0.052453
13.833279,-0.363737,0.602922,-0.495727,-0.375944,0.024605,0.052453
13.843341,-0.363355,0.603685,-0.491531,-0.380903,0.024605,0.052453
13.853409,-0.362593,0.604829,-0.485428,-0.388533,0.023842,0.052453
13.863469,-0.362593,0.604829,-0.481231,-0.393492,0.023079,0.052453
13.873534,-0.362593,0.604829,-0.477035,-0.397688,0.022316,0.052453
13.883598,-0.362211,0.604829,-0.470550,-0.404173,0.022316,0.052453
13.893657,-0.362211,0.604829,-0.465591,-0.408370,0.022316,0.052453
13.903723,-0.362211,0.604829,-0.459106,-0.414473,0.022316,0.052453
13.913783,-0.362593,0.604448,-0.454147,-0.417906,0.022316,0.052453
13.923843,-0.362593,0.603685,-0.447662,-0.422866,0.022316,0.052453
13.933902,-0.362974,0.602922,-0.442702,-0.425917,0.022316,0.052453
13.943962,-0.362974,0.601396,-0.435454,-0.430114,0.022316,0.052453
13.954024,-0.362974,0.599489,-0.430495,-0.432784,0.022698,0.052453
13.964082,-0.363355,0.597581,-0.423629,-0.436217,0.022698,0.052453
13.974147,-0.363737,0.596056,-0.418288,-0.438506,0.022698,0.052453
13.984211,-0.364118,0.593004,-0.411421,-0.440795,0.022698,0.052453
13.994279,-0.364500,0.591096,-0.406081,-0.442321,0.022698,0.052453
14.004341,-0.365644,0.586900,-0.398833,-0.444228,0.022698,0.052453
14.014406,-0.366789,0.584611,-0.393492,-0.444991,0.022698,0.052453
14.024469,-0.369459,0.580034,-0.386244,-0.446136,0.022698,0.052453
14.034534,-0.370985,0.576600,-0.380903,-0.446136,0.023079,0.052453
14.044595,-0.372129,0.570878,-0.373655,-0.446136,0.024987,0.052453
14.054660,-0.373274,0.566682,-0.368315,-0.446136,0.025750,0.052453
14.064670,-0.375563,0.559815,-0.361067,-0.446136,0.026894,0.052453
14.074726,-0.377089,0.554856,-0.355726,-0.445754,0.026894,0.052453
14.084814,-0.379377,0.547227,-0.348478,-0.445373,0.027276,0.052453
14.094878,-0.381666,0.541505,-0.343519,-0.444991,0.028420,0.052453
14.104941,-0.383955,0.535782,-0.338560,-0.444610,0.031090,0.052453
14.115002,-0.388151,0.527008,-0.331312,-0.443465,0.035286,0.052453
14.125055,-0.390822,0.520142,-0.326734,-0.442321,0.038720,0.052453
14.135115,-0.396162,0.509079,-0.320249,-0.440032,0.044060,0.052453
14.145180,-0.400359,0.501450,-0.315671,-0.437362,0.049401,0.052453
14.155239,-0.406462,0.489624,-0.309949,-0.432403,0.057794,0.052453
14.165300,-0.411040,0.480468,-0.306134,-0.428588,0.064660,0.052453
14.175366,-0.417906,0.467117,-0.300793,-0.422103,0.075723,0.052453
14.185419,-0.422866,0.457961,-0.297360,-0.417144,0.083352,0.052453
14.195481,-0.430877,0.443465,-0.292782,-0.408751,0.093652,0.052453
14.205544,-0.436217,0.434310,-0.290112,-0.402647,0.099374,0.052453
14.215604,-0.444610,0.420195,-0.285916,-0.393111,0.108911,0.052453
14.225666,-0.450332,0.410658,-0.283627,-0.385863,0.115778,0.052453
14.235721,-0.459106,0.396162,-0.279812,-0.375181,0.125696,0.015068
14.245784,-0.465209,0.385863,-0.278286,-0.367933,0.132181,0.015068
14.255848,-0.474746,0.370603,-0.275998,-0.356489,0.141718,0.015068
14.265912,-0.480850,0.360304,-0.274472,-0.348859,0.147822,0.015068
14.275976,-0.490768,0.346189,-0.272946,-0.337034,0.156596,0.015068
14.286039,-0.498016,0.336652,-0.271801,-0.329404,0.162318,0.015068
14.296091,-0.508698,0.322919,-0.271038,-0.317578,0.172999,0.015068
14.306154,-0.515946,0.313764,-0.270275,-0.309567,0.180247,0.015068
14.316219,-0.523194,0.304990,-0.270275,-0.301938,0.187495,0.015068
14.326277,-0.535019,0.292401,-0.269894,-0.289731,0.198558,0.015068
14.336337,-0.543030,0.284390,-0.269894,-0.281720,0.205806,0.015068
14.346396,-0.554856,0.272564,-0.269894,-0.269894,0.217250,0.015068
14.356457,-0.563249,0.265698,-0.269894,-0.261883,0.225261,0.015068
14.366518,-0.575837,0.255016,-0.270275,-0.250439,0.237469,0.015068
14.376582,-0.583848,0.247768,-0.270275,-0.243191,0.245861,0.015068
14.386645,-0.596818,0.238231,-0.270657,-0.232509,0.258450,0.015068
14.396707,-0.605211,0.232128,-0.270657,-0.225261,0.266842,0.015068
14.406769,-0.618181,0.223735,-0.271038,-0.215343,0.279431,0.015068
14.416831,-0.626955,0.218395,-0.271420,-0.208476,0.287823,0.015068
14.426894,-0.639925,0.210765,-0.271801,-0.198558,0.301175,0.015068
14.436953,-0.649462,0.206569,-0.272183,-0.192073,0.309949,0.015068
14.447011,-0.662051,0.200465,-0.273327,-0.182918,0.322919,0.015068
14.457070,-0.670825,0.197032,-0.274853,-0.176814,0.330930,0.015068
14.467129,-0.683413,0.192836,-0.276379,-0.168040,0.342756,0.015068
14.477183,-0.691806,0.190166,-0.277523,-0.161936,0.351148,0.015068
14.487246,-0.704013,0.186351,-0.280575,-0.153544,0.362974,0.015068
14.497309,-0.712406,0.185588,-0.282101,-0.147822,0.370222,0.015068
14.507373,-0.724231,0.184062,-0.285153,-0.139811,0.381666,0.015068
14.517434,-0.732242,0.182918,-0.287442,-0.135233,0.388533,0.015068
14.527601,-0.742924,0.181773,-0.291257,-0.129129,0.398833,0.015068
14.537664,-0.750172,0.181773,-0.294308,-0.124933,0.404555,0.015068
14.547728,-0.756657,0.182155,-0.296597,-0.121118,0.410277,0.015068
14.557792,-0.766575,0.182155,-0.300793,-0.115396,0.417906,0.015068
14.567857,-0.772679,0.182155,-0.303845,-0.111963,0.422484,0.015068
14.577913,-0.781071,0.182536,-0.308804,-0.107004,0.429351,0.015068
14.587977,-0.786412,0.183299,-0.312238,-0.103952,0.433165,0.015068
14.598041,-0.793278,0.184443,-0.317197,-0.099374,0.437362,0.015068
14.608106,-0.797475,0.185588,-0.321012,-0.096704,0.439269,0.015068
14.618168,-0.802815,0.187495,-0.326352,-0.092889,0.441939,0.015068
14.628231,-0.806630,0.188640,-0.330549,-0.090600,0.443847,0.015068
14.638294,-0.810826,0.190929,-0.337034,-0.087930,0.446517,0.015068
14.648358,-0.812734,0.192454,-0.340848,-0.085641,0.446899,0.015068
14.658422,-0.815023,0.195888,-0.347333,-0.082971,0.446517,0.015068
14.668484,-0.816167,0.197795,-0.351911,-0.081064,0.446517,0.015068
14.678544,-0.817311,0.201610,-0.358778,-0.078393,0.446899,0.015068
14.688609,-0.817311,0.203899,-0.363737,-0.077249,0.446517,0.015068
14.698670,-0.816930,0.208095,-0.370985,-0.075723,0.446517,0.015068
14.708725,-0.816548,0.211528,-0.375563,-0.074578,0.446517,0.015068
14.718787,-0.815404,0.216487,-0.383192,-0.072671,0.446517,0.015068
14.728850,-0.814260,0.219158,-0.388151,-0.071527,0.446517,0.015068
14.738911,-0.811589,0.224880,-0.396162,-0.070001,0.446517,0.015068
14.748973,-0.809682,0.228695,-0.401122,-0.069619,0.445754,0.015068
14.759036,-0.807774,0.231746,-0.406081,-0.069238,0.444991,0.015068
14.769099,-0.803960,0.237850,-0.413710,-0.068093,0.443847,0.015068
14.779163,-0.801289,0.242046,-0.418669,-0.067712,0.441558,0.015068
14.789225,-0.795949,0.248150,-0.426299,-0.066949,0.436980,0.015068
14.799286,-0.791752,0.252728,-0.431640,-0.066186,0.432784,0.015068
14.809341,-0.784886,0.258831,-0.438888,-0.065423,0.424773,0.015068
14.819405,-0.779927,0.263409,-0.444228,-0.065042,0.419051,0.039483
14.829469,-0.771534,0.270275,-0.450713,-0.064660,0.409514,0.039483
14.839531,-0.765431,0.274853,-0.456054,-0.064660,0.402647,0.039483
14.849583,-0.755894,0.281338,-0.462539,-0.064660,0.390059,0.046731
14.859636,-0.749409,0.285916,-0.467498,-0.064660,0.381666,0.046731
14.869686,-0.739109,0.292782,-0.473983,-0.064660,0.368315,0.046731
14.879747,-0.731861,0.297742,-0.478180,-0.064660,0.358778,0.046731
14.889806,-0.721180,0.304990,-0.484283,-0.064660,0.344663,0.046731
14.899866,-0.713550,0.309949,-0.488479,-0.064660,0.335889,0.046731
14.909924,-0.702487,0.317197,-0.494965,-0.064660,0.322919,0.046731
14.919988,-0.695239,0.321775,-0.498779,-0.064660,0.313764,0.046731
14.930051,-0.683795,0.329404,-0.504501,-0.064660,0.300412,0.046731
14.940112,-0.676165,0.333982,-0.507935,-0.064660,0.292020,0.046731
14.950174,-0.665103,0.341230,-0.512894,-0.064660,0.280575,0.046731
14.960238,-0.657473,0.346189,-0.515946,-0.065042,0.273327,0.046731
14.970450,-0.646410,0.353437,-0.520905,-0.065423,0.263027,0.046731
14.980512,-0.639162,0.358015,-0.523957,-0.066186,0.256542,0.046731
14.990565,-0.631533,0.362593,-0.526246,-0.066949,0.250057,0.046731
15.000624,-0.620851,0.370222,-0.530442,-0.068093,0.241283,0.046731
15.010688,-0.613603,0.374800,-0.533112,-0.068856,0.235561,0.070382
15.020750,-0.602541,0.382429,-0.536164,-0.070764,0.227169,0.070382
15.030811,-0.595674,0.387007,-0.538071,-0.072671,0.221447,0.070382
15.040874,-0.584993,0.394255,-0.541123,-0.075341,0.213054,0.070382
15.050938,-0.578126,0.399214,-0.543030,-0.076867,0.208095,0.070382
15.060998,-0.568589,0.406462,-0.544938,-0.080301,0.200847,0.070382
15.071062,-0.562104,0.411040,-0.546464,-0.082589,0.195506,0.066186
15.081123,-0.552186,0.418669,-0.548753,-0.086786,0.187877,0.066186
15.091185,-0.546082,0.423247,-0.549516,-0.089456,0.182918,0.066186
15.101247,-0.537308,0.430114,-0.551041,-0.094034,0.176051,0.066186
15.111310,-0.531205,0.434691,-0.552186,-0.097086,0.171092,0.066186
15.121370,-0.522812,0.441939,-0.553330,-0.101663,0.164225,0.066186
15.131433,-0.517472,0.446517,-0.554475,-0.104715,0.159648,0.066186
15.141495,-0.509842,0.453384,-0.555238,-0.109293,0.152399,0.066186
15.151559,-0.504501,0.457580,-0.555619,-0.112726,0.147440,0.066186
15.161623,-0.497253,0.464446,-0.556001,-0.117685,0.140192,0.066186
15.171688,-0.492676,0.468261,-0.556001,-0.121500,0.135233,0.066186
15.181741,-0.485809,0.474365,-0.556001,-0.127222,0.128367,0.066186
15.191804,-0.481231,0.478561,-0.556001,-0.131418,0.124552,0.066186
15.201866,-0.477417,0.481994,-0.556001,-0.135233,0.120356,0.052071
15.211928,-0.470932,0.488098,-0.556001,-0.140955,0.114252,0.052071
15.221988,-0.466735,0.491913,-0.556001,-0.144770,0.109674,0.052071
15.232049,-0.461395,0.497253,-0.556001,-0.150492,0.103189,0.052071
15.242113,-0.457580,0.501450,-0.556001,-0.154307,0.099756,0.052071
15.252172,-0.452239,0.506790,-0.556001,-0.160029,0.094797,0.052071
15.262234,-0.448806,0.510605,-0.556001,-0.163844,0.091363,0.044060
15.272294,-0.443465,0.516327,-0.556001,-0.170329,0.086023,0.044060
15.282353,-0.440414,0.519760,-0.556001,-0.174525,0.082589,0.044060
15.292414,-0.435454,0.524720,-0.555619,-0.180247,0.079156,0.044060
15.302475,-0.432784,0.528153,-0.555619,-0.184443,0.077249,0.044060
15.312534,-0.428588,0.532731,-0.555619,-0.190547,0.073816,0.044060
15.322597,-0.426299,0.535782,-0.555238,-0.194362,0.071908,0.044060
15.332661,-0.422103,0.540360,-0.555238,-0.200465,0.069238,0.044060
15.342670,-0.419814,0.543030,-0.554856,-0.204662,0.066567,0.044060
15.352733,-0.415999,0.546845,-0.554475,-0.210384,0.063134,0.044060
15.362796,-0.413710,0.549516,-0.554093,-0.214580,0.061990,0.044060
15.372860,-0.410277,0.553330,-0.554093,-0.220684,0.059319,0.044060
15.382924,-0.407988,0.555619,-0.553712,-0.224880,0.057794,0.044060
15.392990,-0.404936,0.559052,-0.553330,-0.230602,0.055123,0.044060
15.403054,-0.403410,0.561341,-0.552949,-0.234798,0.054360,0.044060
15.413117,-0.401503,0.564012,-0.552567,-0.238994,0.053597,0.044060
15.423138,-0.398833,0.566682,-0.551804,-0.245098,0.050927,0.044060
15.433200,-0.397307,0.568589,-0.551423,-0.249676,0.048638,0.044060
15.443253,-0.394255,0.571260,-0.550660,-0.255779,0.047875,0.044060
15.453313,-0.392729,0.573548,-0.549897,-0.259976,0.047112,0.044060
15.463366,-0.391203,0.576600,-0.548371,-0.266079,0.046349,0.044060
15.473429,-0.389677,0.577745,-0.547227,-0.270275,0.045586,0.044060
15.483481,-0.388151,0.579652,-0.545319,-0.276379,0.042916,0.044060
15.493534,-0.386625,0.580797,-0.543793,-0.279812,0.040627,0.044060
15.503597,-0.384337,0.582704,-0.541886,-0.285916,0.037957,0.044060
15.513661,-0.382811,0.583467,-0.540360,-0.289731,0.036812,0.044060
15.523667,-0.380903,0.585374,-0.538453,-0.295071,0.032998,0.044060
15.533730,-0.379759,0.586519,-0.536545,-0.298886,0.030709,0.044060
15.543782,-0.378614,0.588045,-0.533875,-0.304227,0.029183,0.044060
15.553844,-0.377852,0.588808,-0.531968,-0.307660,0.029183,0.044060
15.563906,-0.377089,0.589952,-0.529679,-0.313001,0.029183,0.044060
15.573969,-0.376326,0.590715,-0.528153,-0.316815,0.029183,0.044060
15.584033,-0.375563,0.592241,-0.525483,-0.321012,0.029183,0.022698
15.594098,-0.374800,0.593004,-0.523575,-0.323682,0.029183,0.022698
15.604161,-0.373655,0.594530,-0.520905,-0.327878,0.028801,0.022698
15.614222,-0.372511,0.595293,-0.518997,-0.330167,0.028801,0.022698
15.624282,-0.371748,0.595674,-0.517090,-0.332837,0.028801,0.022698
15.634344,-0.370222,0.597200,-0.514801,-0.336652,0.028801,0.022698
15.644404,-0.369459,0.598344,-0.512894,-0.338941,0.028801,0.022698
15.654462,-0.368696,0.599870,-0.509842,-0.341611,0.029183,0.022698
15.664525,-0.368315,0.600252,-0.507935,-0.343900,0.029183,0.022698
15.674579,-0.367933,0.600633,-0.505646,-0.347333,0.029183,0.022698
15.684632,-0.367552,0.601015,-0.503357,-0.349622,0.029183,0.022698
15.694658,-0.367170,0.601396,-0.500687,-0.352674,0.029183,0.022698
15.704718,-0.366789,0.601396,-0.499161,-0.354582,0.029183,0.022698
15.714778,-0.366789,0.602159,-0.496109,-0.356870,0.028420,0.022698
15.724840,-0.366407,0.602541,-0.493820,-0.358396,0.027276,0.022698
15.734901,-0.366407,0.603304,-0.491150,-0.361448,0.024224,0.022698
15.744965,-0.366026,0.604067,-0.489242,-0.362974,0.022698,0.022698
15.755026,-0.365263,0.604829,-0.486191,-0.365644,0.021935,0.022698
15.765089,-0.365263,0.604829,-0.484283,-0.367552,0.021935,0.022698
15.775148,-0.364881,0.605592,-0.481231,-0.370222,0.021935,0.022698
15.785213,-0.364500,0.605974,-0.479706,-0.372129,0.021553,0.022698
15.795274,-0.364500,0.606355,-0.477035,-0.374800,0.021553,0.022698
15.805329,-0.364118,0.606355,-0.475128,-0.375944,0.021935,0.022698
15.815413,-0.363737,0.607118,-0.472076,-0.377470,0.021935,0.022698
15.825477,-0.363355,0.607118,-0.470550,-0.378996,0.021935,0.022698
15.835541,-0.362974,0.607500,-0.469024,-0.380522,0.021935,0.022698
15.845605,-0.362974,0.607500,-0.466354,-0.382429,0.021935,0.022698
15.855660,-0.362593,0.607881,-0.464828,-0.383955,0.021935,0.022698
15.865712,-0.362593,0.608263,-0.462921,-0.385481,0.021935,0.022698
15.875766,-0.362593,0.608644,-0.461395,-0.386244,0.021935,0.022698
15.885828,-0.362593,0.608644,-0.459106,-0.387770,0.021553,0.022698
15.895892,-0.362593,0.608644,-0.457961,-0.388533,0.021553,0.022698
15.905956,-0.362593,0.609026,-0.456435,-0.389296,0.021553,0.022698
15.916022,-0.362593,0.609407,-0.455291,-0.389677,0.021553,0.022698
15.926083,-0.362593,0.609789,-0.453765,-0.390822,0.021553,0.022698
15.936145,-0.362593,0.609789,-0.453002,-0.391585,0.021553,0.022698
15.946205,-0.362593,0.610170,-0.451476,-0.392348,0.021553,0.022698
15.956267,-0.362593,0.610933,-0.450713,-0.392729,0.021553,0.022698
15.966329,-0.362593,0.611315,-0.449569,-0.393874,0.021553,0.022698
15.976393,-0.362593,0.611315,-0.449187,-0.394255,0.021553,0.005913
15.986457,-0.362593,0.611696,-0.448043,-0.394255,0.021553,0.005913
15.996522,-0.362593,0.611696,-0.447662,-0.394255,0.021553,0.005913
