t,px,py,pz,qw,qx,qy,qz
0.000000,0.142299,-0.050039,0.298591,0.979750,-0.021788,-0.098530,-0.172939
0.010052,0.142299,-0.050039,0.298591,0.979750,-0.021788,-0.098530,-0.172939
0.020106,0.142302,-0.050031,0.298591,0.979782,-0.021807,-0.098528,-0.172752
0.030165,0.142299,-0.050039,0.298591,0.979750,-0.021788,-0.098530,-0.172939
0.040219,0.142302,-0.050031,0.298591,0.979782,-0.021807,-0.098528,-0.172752
0.050275,0.142299,-0.050039,0.298591,0.979750,-0.021788,-0.098530,-0.172939
0.060336,0.142299,-0.050039,0.298591,0.979750,-0.021788,-0.098530,-0.172939
0.070390,0.142299,-0.050039,0.298591,0.979750,-0.021788,-0.098530,-0.172939
0.080446,0.142302,-0.050031,0.298591,0.979782,-0.021807,-0.098528,-0.172752
0.090501,0.142302,-0.050031,0.298591,0.979782,-0.021807,-0.098528,-0.172752
0.100556,0.142299,-0.050039,0.298591,0.979750,-0.021788,-0.098530,-0.172939
0.110619,0.142299,-0.050039,0.298591,0.979750,-0.021788,-0.098530,-0.172939
0.120675,0.142299,-0.050039,0.298591,0.979750,-0.021788,-0.098530,-0.172939
0.130742,0.142302,-0.050031,0.298591,0.979782,-0.021807,-0.098528,-0.172752
0.140807,0.142299,-0.050039,0.298591,0.979750,-0.021788,-0.098530,-0.172939
0.150872,0.142299,-0.050039,0.298591,0.979750,-0.021788,-0.098530,-0.172939
0.160937,0.142299,-0.050039,0.298591,0.979750,-0.021788,-0.098530,-0.172939
0.170998,0.142302,-0.050031,0.298591,0.979782,-0.021807,-0.098528,-0.172752
0.181063,0.142302,-0.050031,0.298591,0.979786,-0.021620,-0.098561,-0.172733
0.191125,0.142302,-0.050031,0.298591,0.979786,-0.021620,-0.098561,-0.172733
0.201189,0.142299,-0.050039,0.298591,0.979754,-0.021601,-0.098563,-0.172920
0.211252,0.142302,-0.050031,0.298591,0.979786,-0.021620,-0.098561,-0.172733
0.221315,0.142302,-0.050031,0.298591,0.979786,-0.021620,-0.098561,-0.172733
0.231376,0.142299,-0.050039,0.298591,0.979754,-0.021601,-0.098563,-0.172920
0.241438,0.142299,-0.050039,0.298591,0.979754,-0.021601,-0.098563,-0.172920
0.251499,0.142299,-0.050039,0.298591,0.979754,-0.021601,-0.098563,-0.172920
0.261564,0.142318,-0.049985,0.298591,0.979787,-0.021582,-0.098567,-0.172733
0.271626,0.142321,-0.049977,0.298591,0.979819,-0.021601,-0.098565,-0.172546
0.281689,0.142318,-0.049985,0.298591,0.979787,-0.021582,-0.098567,-0.172733
0.291751,0.142321,-0.049977,0.298591,0.979819,-0.021601,-0.098565,-0.172546
0.301816,0.142299,-0.050039,0.298591,0.979754,-0.021601,-0.098563,-0.172920
0.311877,0.142321,-0.049977,0.298591,0.979819,-0.021601,-0.098565,-0.172546
0.321940,0.142318,-0.049985,0.298591,0.979787,-0.021582,-0.098567,-0.172733
0.331994,0.142321,-0.049977,0.298591,0.979819,-0.021601,-0.098565,-0.172546
0.342046,0.142321,-0.049977,0.298591,0.979819,-0.021601,-0.098565,-0.172546
0.352099,0.142318,-0.049985,0.298591,0.979787,-0.021582,-0.098567,-0.172733
0.362160,0.142318,-0.049985,0.298591,0.979787,-0.021582,-0.098567,-0.172733
0.372225,0.142318,-0.049985,0.298591,0.979787,-0.021582,-0.098567,-0.172733
0.382290,0.142321,-0.049977,0.298591,0.979819,-0.021601,-0.098565,-0.172546
0.392352,0.142318,-0.049985,0.298591,0.979787,-0.021582,-0.098567,-0.172733
0.402415,0.142318,-0.049985,0.298591,0.979787,-0.021582,-0.098567,-0.172733
0.412478,0.142318,-0.049985,0.298591,0.979787,-0.021582,-0.098567,-0.172733
0.422542,0.142318,-0.049985,0.298591,0.979787,-0.021582,-0.098567,-0.172733
0.432602,0.142321,-0.049977,0.298591,0.979819,-0.021601,-0.098565,-0.172546
0.442664,0.142318,-0.049985,0.298591,0.979787,-0.021582,-0.098567,-0.172733
0.452726,0.142318,-0.049985,0.298591,0.979787,-0.021582,-0.098567,-0.172733
0.462787,0.142318,-0.049985,0.298591,0.979787,-0.021582,-0.098567,-0.172733
0.472851,0.142318,-0.049985,0.298591,0.979787,-0.021582,-0.098567,-0.172733
0.482913,0.142318,-0.049985,0.298591,0.979787,-0.021582,-0.098567,-0.172733
0.492977,0.142318,-0.049985,0.298591,0.979787,-0.021582,-0.098567,-0.172733
0.503038,0.142321,-0.049977,0.298591,0.979819,-0.021601,-0.098565,-0.172546
0.513091,0.142321,-0.049977,0.298591,0.979819,-0.021601,-0.098565,-0.172546
0.523146,0.142318,-0.049985,0.298591,0.979783,-0.021769,-0.098534,-0.172752
0.533201,0.142321,-0.049977,0.298591,0.979815,-0.021788,-0.098532,-0.172565
0.543254,0.142318,-0.049985,0.298591,0.979783,-0.021769,-0.098534,-0.172752
0.553307,0.142299,-0.050039,0.298591,0.979750,-0.021788,-0.098530,-0.172939
0.563361,0.142299,-0.050039,0.298591,0.979750,-0.021788,-0.098530,-0.172939
0.573415,0.142299,-0.050039,0.298591,0.979750,-0.021788,-0.098530,-0.172939
0.583442,0.142302,-0.050031,0.298591,0.979782,-0.021807,-0.098528,-0.172752
0.593463,0.142302,-0.050031,0.298591,0.979782,-0.021807,-0.098528,-0.172752
0.603526,0.142299,-0.050039,0.298591,0.979750,-0.021788,-0.098530,-0.172939
0.613591,0.142299,-0.050039,0.298591,0.979750,-0.021788,-0.098530,-0.172939
0.623655,0.142299,-0.050039,0.298591,0.979750,-0.021788,-0.098530,-0.172939
0.633719,0.142302,-0.050031,0.298591,0.979782,-0.021807,-0.098528,-0.172752
0.643775,0.142302,-0.050031,0.298591,0.979782,-0.021807,-0.098528,-0.172752
0.653837,0.142299,-0.050039,0.298591,0.979750,-0.021788,-0.098530,-0.172939
0.663901,0.142299,-0.050039,0.298591,0.979750,-0.021788,-0.098530,-0.172939
0.673963,0.142299,-0.050039,0.298591,0.979750,-0.021788,-0.098530,-0.172939
0.684017,0.142302,-0.050031,0.298591,0.979782,-0.021807,-0.098528,-0.172752
0.694172,0.142299,-0.050039,0.298591,0.979750,-0.021788,-0.098530,-0.172939
0.704225,0.142302,-0.050031,0.298591,0.979782,-0.021807,-0.098528,-0.172752
0.714278,0.142302,-0.050031,0.298591,0.979782,-0.021807,-0.098528,-0.172752
0.724331,0.142302,-0.050031,0.298591,0.979782,-0.021807,-0.098528,-0.172752
0.734384,0.142299,-0.050039,0.298591,0.979750,-0.021788,-0.098530,-0.172939
0.744436,0.142302,-0.050031,0.298591,0.979782,-0.021807,-0.098528,-0.172752
0.754490,0.142302,-0.050031,0.298591,0.979782,-0.021807,-0.098528,-0.172752
0.764543,0.142302,-0.050031,0.298591,0.979782,-0.021807,-0.098528,-0.172752
0.774595,0.142299,-0.050039,0.298591,0.979750,-0.021788,-0.098530,-0.172939
0.784649,0.142299,-0.050039,0.298591,0.979750,-0.021788,-0.098530,-0.172939
0.794702,0.142302,-0.050031,0.298591,0.979782,-0.021807,-0.098528,-0.172752
0.804756,0.142302,-0.050031,0.298591,0.979782,-0.021807,-0.098528,-0.172752
0.814808,0.142302,-0.050031,0.298591,0.979786,-0.021620,-0.098561,-0.172733
0.824861,0.142302,-0.050031,0.298591,0.979782,-0.021807,-0.098528,-0.172752
0.834915,0.142302,-0.050031,0.298591,0.979782,-0.021807,-0.098528,-0.172752
0.844967,0.142299,-0.050039,0.298591,0.979750,-0.021788,-0.098530,-0.172939
0.855020,0.142302,-0.050031,0.298591,0.979782,-0.021807,-0.098528,-0.172752
0.865072,0.142302,-0.050031,0.298591,0.979782,-0.021807,-0.098528,-0.172752
0.875124,0.142302,-0.050031,0.298591,0.979782,-0.021807,-0.098528,-0.172752
0.885178,0.142288,-0.050036,0.298724,0.979730,-0.021818,-0.098718,-0.172937
0.895235,0.142288,-0.050036,0.298724,0.979730,-0.021818,-0.098718,-0.172937
0.905330,0.142281,-0.050023,0.298857,0.979744,-0.021868,-0.098903,-0.172747
0.915395,0.142270,-0.050020,0.298989,0.979725,-0.021899,-0.099090,-0.172745
0.925457,0.142259,-0.050016,0.299122,0.979706,-0.021929,-0.099277,-0.172743
0.935520,0.142223,-0.050013,0.299519,0.979615,-0.022002,-0.099841,-0.172923
0.945585,0.142212,-0.050009,0.299652,0.979596,-0.022032,-0.100029,-0.172921
0.955649,0.142244,-0.050020,0.300000,0.979557,-0.022093,-0.100403,-0.172916
0.965714,0.142224,-0.050004,0.300265,0.979550,-0.022174,-0.100775,-0.172724
0.975779,0.142190,-0.049992,0.300662,0.979496,-0.022079,-0.101370,-0.172698
0.985842,0.142167,-0.049984,0.300927,0.979456,-0.022140,-0.101745,-0.172693
0.995906,0.142132,-0.049971,0.301325,0.979397,-0.022231,-0.102306,-0.172686
1.005970,0.142031,-0.049936,0.301772,0.979318,-0.022354,-0.103055,-0.172676
1.016034,0.141995,-0.049923,0.302170,0.979258,-0.022445,-0.103617,-0.172669
1.026099,0.141971,-0.049915,0.302434,0.979217,-0.022506,-0.103991,-0.172664
1.036163,0.141934,-0.049902,0.302832,0.979157,-0.022598,-0.104553,-0.172656
1.046226,0.141887,-0.049956,0.303097,0.979050,-0.022659,-0.104925,-0.173025
1.056289,0.141841,-0.049930,0.303626,0.979002,-0.022801,-0.105671,-0.172828
1.066353,0.141815,-0.049921,0.303891,0.978961,-0.022862,-0.106045,-0.172823
1.076414,0.141758,-0.049962,0.304288,0.978866,-0.022974,-0.106602,-0.173002
1.086477,0.141733,-0.049953,0.304553,0.978820,-0.023222,-0.106944,-0.173017
1.096541,0.141675,-0.049994,0.304950,0.978725,-0.023335,-0.107500,-0.173196
1.106605,0.141629,-0.050039,0.305215,0.978650,-0.023416,-0.107870,-0.173377
1.116669,0.141571,-0.050079,0.305612,0.978554,-0.023529,-0.108427,-0.173556
1.126733,0.141525,-0.050123,0.305876,0.978479,-0.023611,-0.108797,-0.173737
1.136796,0.141493,-0.050173,0.306009,0.978425,-0.023663,-0.108979,-0.173921
1.146859,0.141427,-0.050271,0.306273,0.978316,-0.023766,-0.109344,-0.174289
1.156921,0.141395,-0.050320,0.306406,0.978262,-0.023818,-0.109527,-0.174473
1.166987,0.141329,-0.050418,0.306670,0.978152,-0.023921,-0.109891,-0.174841
1.177048,0.141283,-0.050463,0.306935,0.978076,-0.024004,-0.110261,-0.175022
1.187111,0.141216,-0.050561,0.307199,0.977967,-0.024108,-0.110626,-0.175390
1.197175,0.141197,-0.050614,0.307199,0.977933,-0.024129,-0.110621,-0.175576
1.207237,0.141164,-0.050663,0.307331,0.977878,-0.024182,-0.110803,-0.175760
1.217299,0.141128,-0.050721,0.307464,0.977790,-0.024212,-0.110988,-0.176130
1.227361,0.141070,-0.050751,0.307860,0.977725,-0.024349,-0.111542,-0.176122
1.237426,0.141017,-0.050854,0.307993,0.977636,-0.024422,-0.111719,-0.176492
1.247488,0.140983,-0.050902,0.308125,0.977581,-0.024475,-0.111902,-0.176676
1.257551,0.140950,-0.050951,0.308257,0.977526,-0.024528,-0.112084,-0.176859
1.267613,0.140882,-0.051048,0.308521,0.977415,-0.024633,-0.112448,-0.177227
1.277668,0.140882,-0.051048,0.308521,0.977415,-0.024633,-0.112448,-0.177227
1.287721,0.140868,-0.051043,0.308654,0.977393,-0.024665,-0.112635,-0.177224
1.297774,0.140831,-0.051100,0.308786,0.977304,-0.024696,-0.112820,-0.177594
1.307827,0.140791,-0.051076,0.309182,0.977272,-0.024812,-0.113378,-0.177399
1.317880,0.140776,-0.051071,0.309315,0.977250,-0.024843,-0.113564,-0.177396
1.327893,0.140750,-0.051122,0.309411,0.977216,-0.024865,-0.113560,-0.177582
1.337944,0.140736,-0.051117,0.309543,0.977194,-0.024896,-0.113746,-0.177579
1.348016,0.140721,-0.051112,0.309675,0.977176,-0.024741,-0.113967,-0.177555
1.358076,0.140662,-0.051090,0.310203,0.977088,-0.024867,-0.114714,-0.177543
1.368136,0.140664,-0.051091,0.310263,0.977110,-0.024836,-0.114528,-0.177546
1.378196,0.140634,-0.051080,0.310527,0.977066,-0.024899,-0.114901,-0.177540
1.388255,0.140619,-0.051075,0.310660,0.977043,-0.024930,-0.115088,-0.177537
1.398318,0.140589,-0.051064,0.310924,0.976999,-0.024993,-0.115461,-0.177531
1.408378,0.140558,-0.051053,0.311188,0.976954,-0.025056,-0.115835,-0.177525
1.418440,0.140536,-0.051045,0.311416,0.976932,-0.025087,-0.116022,-0.177522
1.428500,0.140451,-0.051014,0.311597,0.976887,-0.025150,-0.116395,-0.177516
1.438560,0.140440,-0.051001,0.311789,0.976920,-0.025173,-0.116392,-0.177329
1.448622,0.140406,-0.050998,0.312053,0.976842,-0.025213,-0.116769,-0.177510
1.458680,0.140384,-0.050990,0.312341,0.976842,-0.025213,-0.116769,-0.177510
1.468743,0.140361,-0.050982,0.312569,0.976819,-0.025245,-0.116955,-0.177507
1.478804,0.140346,-0.050976,0.312761,0.976819,-0.025245,-0.116955,-0.177507
1.488857,0.140306,-0.050962,0.313121,0.976774,-0.025308,-0.117329,-0.177501
1.498908,0.140284,-0.050954,0.313408,0.976774,-0.025308,-0.117329,-0.177501
1.508960,0.140241,-0.050999,0.313696,0.976740,-0.025330,-0.117324,-0.177687
1.519018,0.140237,-0.050988,0.313911,0.976819,-0.025290,-0.116948,-0.177507
1.529080,0.140221,-0.050982,0.314103,0.976819,-0.025290,-0.116948,-0.177507
1.539138,0.140205,-0.050976,0.314354,0.976841,-0.025258,-0.116761,-0.177510
1.549199,0.140189,-0.050971,0.314546,0.976841,-0.025258,-0.116761,-0.177510
1.559252,0.140161,-0.050970,0.314774,0.976785,-0.025267,-0.116951,-0.177693
1.569312,0.140077,-0.050930,0.315015,0.976796,-0.025321,-0.117135,-0.177504
1.579370,0.139990,-0.050898,0.315256,0.976774,-0.025353,-0.117321,-0.177500
1.589432,0.139948,-0.050883,0.315615,0.976728,-0.025416,-0.117695,-0.177494
1.599495,0.139947,-0.050883,0.315675,0.976751,-0.025384,-0.117508,-0.177497
1.609554,0.139916,-0.050862,0.315998,0.976762,-0.025438,-0.117692,-0.177308
1.619614,0.139899,-0.050856,0.316190,0.976762,-0.025438,-0.117692,-0.177308
1.629676,0.139833,-0.050902,0.316609,0.976671,-0.025470,-0.117877,-0.177678
1.639739,0.139823,-0.050899,0.316765,0.976694,-0.025438,-0.117690,-0.177681
1.649803,0.139727,-0.050854,0.317161,0.976728,-0.025461,-0.117687,-0.177494
1.659868,0.139717,-0.050851,0.317316,0.976751,-0.025429,-0.117500,-0.177497
1.669929,0.139689,-0.050840,0.317663,0.976773,-0.025398,-0.117314,-0.177500
1.679991,0.139607,-0.050811,0.317867,0.976773,-0.025398,-0.117314,-0.177500
1.690051,0.139523,-0.050780,0.318131,0.976796,-0.025366,-0.117127,-0.177503
1.700112,0.139403,-0.050797,0.318467,0.976739,-0.025420,-0.117309,-0.177687
1.710177,0.139393,-0.050784,0.318682,0.976818,-0.025380,-0.116933,-0.177507
1.720242,0.139390,-0.050783,0.318801,0.976864,-0.025316,-0.116559,-0.177513
1.730303,0.139362,-0.050763,0.319147,0.976920,-0.025307,-0.116370,-0.177329
1.740366,0.139289,-0.050727,0.319315,0.976976,-0.025298,-0.116180,-0.177146
1.750431,0.139230,-0.050757,0.319757,0.976998,-0.025311,-0.115986,-0.177149
1.760495,0.139203,-0.050788,0.319971,0.977076,-0.025314,-0.115602,-0.176968
1.770602,0.139191,-0.050824,0.320114,0.977198,-0.025253,-0.114845,-0.176794
1.780667,0.139119,-0.050839,0.320150,0.977276,-0.025255,-0.114461,-0.176613
1.790719,0.139068,-0.050881,0.320436,0.977242,-0.025277,-0.114456,-0.176800
1.800782,0.138967,-0.050885,0.320699,0.977298,-0.025311,-0.114259,-0.176616
1.810846,0.138948,-0.050919,0.320818,0.977375,-0.025312,-0.113875,-0.176436
1.820894,0.138813,-0.050952,0.321213,0.977441,-0.025444,-0.113855,-0.176062
1.830957,0.138690,-0.051068,0.321344,0.977451,-0.025488,-0.113461,-0.176255
1.841021,0.138570,-0.051165,0.321535,0.977550,-0.025542,-0.112875,-0.176077
1.851087,0.138534,-0.051243,0.321653,0.977626,-0.025584,-0.112484,-0.175896
1.861152,0.138367,-0.051355,0.322047,0.977725,-0.025822,-0.112444,-0.175336
1.871206,0.138204,-0.051487,0.322346,0.977758,-0.026017,-0.112410,-0.175149
1.881268,0.138010,-0.051549,0.322585,0.978032,-0.026274,-0.111985,-0.173849
1.891331,0.137816,-0.051599,0.322800,0.978134,-0.026282,-0.111985,-0.173268
1.901394,0.137729,-0.051628,0.322894,0.978330,-0.026349,-0.111398,-0.172530
1.911456,0.137564,-0.051597,0.323109,0.978395,-0.026435,-0.111383,-0.172156
1.921518,0.137293,-0.051586,0.323468,0.978406,-0.026578,-0.111550,-0.171967
1.931582,0.137068,-0.051551,0.323599,0.978405,-0.026621,-0.111542,-0.171967
1.941643,0.136863,-0.051533,0.323622,0.978438,-0.026536,-0.110978,-0.172162
1.951706,0.136710,-0.051465,0.323836,0.978470,-0.026557,-0.110975,-0.171975
1.961767,0.136240,-0.051327,0.324301,0.978438,-0.026728,-0.111522,-0.171780
1.971829,0.136074,-0.051314,0.324478,0.978459,-0.026735,-0.111328,-0.171783
1.981892,0.135830,-0.051351,0.324595,0.978588,-0.026799,-0.110739,-0.171417
1.991956,0.135617,-0.051369,0.324939,0.978566,-0.026920,-0.110908,-0.171415
2.002022,0.135433,-0.051379,0.325175,0.978694,-0.026229,-0.110644,-0.170962
2.012086,0.135281,-0.051478,0.325435,0.978682,-0.026299,-0.110436,-0.171152
2.022148,0.135055,-0.051500,0.325815,0.978607,-0.026436,-0.110794,-0.171333
2.032211,0.134629,-0.051602,0.326313,0.978497,-0.026679,-0.111131,-0.171700
2.042275,0.134390,-0.051676,0.326656,0.978410,-0.026802,-0.111298,-0.172070
2.052339,0.133893,-0.051708,0.327236,0.978224,-0.027057,-0.112017,-0.172618
2.062404,0.133680,-0.051684,0.327614,0.978148,-0.027153,-0.112383,-0.172799
2.072470,0.133459,-0.051724,0.327921,0.978089,-0.025682,-0.112641,-0.173187
2.082522,0.133261,-0.051705,0.328227,0.978056,-0.025703,-0.112636,-0.173373
2.092575,0.132880,-0.051663,0.328721,0.977979,-0.025843,-0.112994,-0.173553
2.102639,0.132586,-0.051664,0.329073,0.977891,-0.025923,-0.113170,-0.173923
2.112691,0.132199,-0.051676,0.329493,0.977825,-0.026010,-0.113151,-0.174296
2.122743,0.132003,-0.051637,0.329798,0.977858,-0.026075,-0.113138,-0.174109
2.132795,0.131697,-0.051700,0.330076,0.977912,-0.026232,-0.112913,-0.173926
2.142846,0.131490,-0.051686,0.330380,0.978073,-0.023959,-0.113313,-0.173086
2.152899,0.131050,-0.051693,0.331001,0.978041,-0.024269,-0.113829,-0.172888
2.162951,0.130739,-0.051713,0.331350,0.978019,-0.024439,-0.113987,-0.172884
2.173004,0.130188,-0.051741,0.331727,0.977964,-0.024674,-0.114131,-0.173067
2.183057,0.129898,-0.051777,0.331945,0.977931,-0.024783,-0.114108,-0.173254
2.193109,0.129490,-0.051784,0.332396,0.977809,-0.024887,-0.114279,-0.173809
2.203162,0.129299,-0.051764,0.332604,0.977776,-0.024909,-0.114274,-0.173996
2.213214,0.128909,-0.051719,0.333054,0.977688,-0.024993,-0.114450,-0.174365
2.223277,0.128733,-0.051705,0.333188,0.977698,-0.024935,-0.114075,-0.174559
2.233338,0.128381,-0.051732,0.333340,0.977642,-0.024921,-0.113690,-0.175126
2.243403,0.128027,-0.051691,0.333601,0.977587,-0.025026,-0.113861,-0.175309
2.253467,0.127809,-0.051753,0.333770,0.977575,-0.025094,-0.113652,-0.175499
2.263527,0.127329,-0.051743,0.334168,0.977531,-0.025348,-0.113985,-0.175491
2.273589,0.127047,-0.051814,0.334251,0.977553,-0.025482,-0.113762,-0.175495
2.283651,0.126495,-0.051856,0.334525,0.977565,-0.025805,-0.113884,-0.175305
2.293714,0.126201,-0.051873,0.334738,0.977565,-0.025936,-0.113855,-0.175305
2.303778,0.125814,-0.051887,0.335015,0.977620,-0.026090,-0.113627,-0.175122
2.313842,0.125625,-0.051967,0.335017,0.977618,-0.026051,-0.113052,-0.175507
2.323894,0.125213,-0.052034,0.335293,0.977607,-0.026203,-0.112824,-0.175697
2.333950,0.124875,-0.052010,0.335418,0.977674,-0.026375,-0.112784,-0.175324
2.344003,0.124285,-0.051960,0.335947,0.977708,-0.026784,-0.113274,-0.174753
2.354066,0.123922,-0.051970,0.336106,0.977753,-0.027043,-0.113408,-0.174376
2.364128,0.123332,-0.051987,0.336501,0.977874,-0.027542,-0.113680,-0.173436
2.374191,0.122994,-0.051929,0.336659,0.978017,-0.027825,-0.113807,-0.172499
2.384211,0.122608,-0.051885,0.336966,0.978214,-0.028129,-0.113735,-0.171380
2.394276,0.122312,-0.051883,0.337173,0.978246,-0.028281,-0.113698,-0.171193
2.404342,0.121730,-0.051874,0.337566,0.978137,-0.028545,-0.114023,-0.171559
2.414402,0.121348,-0.051832,0.337851,0.978125,-0.028788,-0.114353,-0.171365
2.424464,0.120809,-0.051774,0.338147,0.978081,-0.029054,-0.114677,-0.171357
2.434524,0.120514,-0.051823,0.338259,0.978081,-0.029229,-0.114633,-0.171357
2.444584,0.120020,-0.051862,0.338511,0.978091,-0.029560,-0.114745,-0.171167
2.454645,0.119642,-0.051827,0.338757,0.978068,-0.029738,-0.114896,-0.171163
2.464709,0.119257,-0.051807,0.339003,0.977981,-0.029873,-0.115057,-0.171532
2.474763,0.118696,-0.051771,0.339316,0.977850,-0.029961,-0.115034,-0.172278
2.484823,0.118372,-0.051905,0.339389,0.977801,-0.025526,-0.115620,-0.172874
2.494885,0.117796,-0.051893,0.339700,0.977702,-0.025679,-0.115583,-0.173433
2.504946,0.117296,-0.051913,0.339984,0.977559,-0.025929,-0.115912,-0.173983
2.515008,0.116894,-0.052065,0.339988,0.977526,-0.026026,-0.115301,-0.174557
2.525072,0.116573,-0.052091,0.340187,0.977527,-0.026201,-0.115255,-0.174557
2.535134,0.115959,-0.052121,0.340529,0.977473,-0.026534,-0.115364,-0.174739
2.545194,0.115503,-0.052135,0.340644,0.977504,-0.024307,-0.115745,-0.174640
2.555254,0.114838,-0.052126,0.340931,0.977462,-0.024712,-0.116028,-0.174630
2.565316,0.114462,-0.052164,0.341003,0.977485,-0.024881,-0.115786,-0.174635
2.575379,0.113808,-0.052229,0.341123,0.977521,-0.025296,-0.115671,-0.174450
2.585446,0.113426,-0.052251,0.341229,0.977556,-0.025536,-0.115603,-0.174264
2.595509,0.112871,-0.052296,0.341306,0.977681,-0.025899,-0.115300,-0.173710
2.605574,0.112458,-0.052288,0.341287,0.977771,-0.026107,-0.115041,-0.173343
2.615635,0.111677,-0.052206,0.341479,0.977863,-0.026646,-0.115275,-0.172588
2.625697,0.111285,-0.052238,0.341582,0.977964,-0.026972,-0.115176,-0.172029
2.635760,0.110804,-0.052203,0.341525,0.978174,-0.027233,-0.114698,-0.171107
2.645825,0.110371,-0.052230,0.341502,0.978231,-0.027459,-0.114432,-0.170926
2.655886,0.109800,-0.052279,0.341608,0.978233,-0.027805,-0.114328,-0.170927
2.665949,0.109456,-0.052295,0.341581,0.978322,-0.028008,-0.114066,-0.170560
2.676068,0.108698,-0.052211,0.341709,0.978226,-0.028456,-0.114524,-0.170731
2.686131,0.108259,-0.052214,0.341756,0.978139,-0.028685,-0.114654,-0.171100
2.696195,0.107882,-0.052268,0.341800,0.977987,-0.028873,-0.114799,-0.171841
2.706257,0.107337,-0.052336,0.341811,0.977790,-0.029047,-0.114753,-0.172960
2.716318,0.106975,-0.052373,0.341817,0.977725,-0.029221,-0.114701,-0.173333
2.726373,0.106321,-0.052462,0.341864,0.977504,-0.029539,-0.114807,-0.174447
2.736434,0.105927,-0.052469,0.341996,0.977450,-0.029792,-0.114927,-0.174629
2.746497,0.105206,-0.052494,0.342077,0.977274,-0.030213,-0.115195,-0.175365
2.756558,0.104831,-0.052548,0.342080,0.977242,-0.030452,-0.115119,-0.175551
2.766621,0.104266,-0.052620,0.342082,0.977346,-0.030951,-0.114953,-0.174993
2.776684,0.103884,-0.052676,0.342082,0.977415,-0.031298,-0.114835,-0.174621
2.786711,0.103180,-0.052625,0.342192,0.977452,-0.031934,-0.115218,-0.174048
2.796775,0.102717,-0.052652,0.342228,0.977432,-0.032299,-0.115295,-0.174043
2.806838,0.102097,-0.052638,0.342262,0.977512,-0.032817,-0.115314,-0.173480
2.816895,0.101645,-0.052635,0.342295,0.977592,-0.033249,-0.115361,-0.172916
2.826956,0.101213,-0.052640,0.342217,0.977871,-0.033622,-0.114820,-0.171623
2.837018,0.100753,-0.052658,0.342250,0.977851,-0.033989,-0.114891,-0.171618
2.847079,0.099983,-0.052555,0.342350,0.977852,-0.034615,-0.115268,-0.171231
2.857144,0.099538,-0.052547,0.342381,0.977799,-0.034919,-0.115361,-0.171412
2.867206,0.098987,-0.052573,0.342411,0.977679,-0.035268,-0.115440,-0.171967
2.877269,0.098454,-0.052568,0.342439,0.977560,-0.035574,-0.115533,-0.172522
2.887334,0.097827,-0.052562,0.342464,0.977507,-0.036010,-0.115575,-0.172704
2.897398,0.097379,-0.052570,0.342455,0.977509,-0.036316,-0.115461,-0.172705
2.907460,0.097016,-0.052577,0.342446,0.977543,-0.036599,-0.115354,-0.172519
2.917523,0.096293,-0.052580,0.342465,0.977491,-0.037124,-0.115359,-0.172701
2.927587,0.095838,-0.052576,0.342489,0.977470,-0.037497,-0.115419,-0.172697
2.937650,0.095178,-0.052604,0.342505,0.977551,-0.038153,-0.115364,-0.172134
2.947712,0.094665,-0.052538,0.342524,0.977596,-0.038571,-0.115401,-0.171757
2.957775,0.094018,-0.052547,0.342538,0.977610,-0.039142,-0.115377,-0.171566
2.967839,0.093494,-0.052487,0.342591,0.977567,-0.039588,-0.115606,-0.171557
2.977903,0.092796,-0.052407,0.342635,0.977590,-0.040210,-0.115760,-0.171175
2.987968,0.092415,-0.052440,0.342621,0.977559,-0.040495,-0.115645,-0.171362
2.998033,0.091684,-0.052430,0.342664,0.977384,-0.041034,-0.115838,-0.172098
3.008096,0.091091,-0.052312,0.342745,0.977318,-0.041559,-0.116235,-0.172083
3.018157,0.090454,-0.052282,0.342788,0.977241,-0.042123,-0.116410,-0.172260
3.028221,0.089973,-0.052297,0.342838,0.977319,-0.037152,-0.117595,-0.172161
3.038286,0.089262,-0.052200,0.342945,0.977233,-0.037891,-0.118103,-0.172138
3.048348,0.088793,-0.052184,0.342992,0.977192,-0.038396,-0.118298,-0.172127
3.058411,0.088073,-0.052087,0.343094,0.977173,-0.039231,-0.118755,-0.171732
3.068475,0.087603,-0.052073,0.343139,0.977097,-0.039718,-0.118957,-0.171908
3.078539,0.087009,-0.052097,0.343176,0.977091,-0.040429,-0.119053,-0.171712
3.088600,0.086559,-0.052022,0.343254,0.977092,-0.041019,-0.119406,-0.171322
3.098662,0.085811,-0.051952,0.343386,0.976949,-0.041927,-0.120035,-0.171479
3.108722,0.085275,-0.051842,0.343530,0.976802,-0.042616,-0.120763,-0.171635
3.118801,0.084626,-0.051793,0.343594,0.976704,-0.043331,-0.121061,-0.171805
3.128863,0.084170,-0.051732,0.343669,0.976603,-0.043867,-0.121440,-0.171973
3.138884,0.083708,-0.051686,0.343745,0.976435,-0.044360,-0.121843,-0.172513
3.148892,0.083029,-0.051669,0.343841,0.976212,-0.045143,-0.122320,-0.173234
3.158946,0.082512,-0.051533,0.343942,0.976153,-0.045813,-0.122836,-0.173024
3.169010,0.081881,-0.051497,0.343945,0.976063,-0.046695,-0.123251,-0.173001
3.179073,0.081422,-0.051417,0.344052,0.975936,-0.047327,-0.123788,-0.173162
3.189138,0.080673,-0.051329,0.344168,0.975788,-0.048326,-0.124354,-0.173319
3.199200,0.080306,-0.051267,0.344205,0.975843,-0.048889,-0.124490,-0.172750
3.209263,0.079632,-0.051212,0.344290,0.975752,-0.049836,-0.124863,-0.172727
3.219326,0.079105,-0.051058,0.344416,0.975732,-0.050708,-0.125474,-0.172138
3.229391,0.078494,-0.050938,0.344480,0.975688,-0.051813,-0.126176,-0.171544
3.239452,0.078097,-0.050906,0.344551,0.975617,-0.052452,-0.126484,-0.171526
3.249509,0.077418,-0.050833,0.344704,0.975339,-0.053454,-0.127252,-0.172233
3.259571,0.076983,-0.050710,0.344802,0.975207,-0.054068,-0.127785,-0.172393
3.269635,0.076328,-0.050622,0.344918,0.974917,-0.054920,-0.128417,-0.173291
3.279699,0.075870,-0.050540,0.345016,0.974683,-0.055518,-0.128965,-0.174008
3.289758,0.075222,-0.050436,0.345129,0.974424,-0.056401,-0.129574,-0.174719
3.299821,0.074776,-0.050323,0.345222,0.974290,-0.057077,-0.130071,-0.174879
3.309880,0.074136,-0.050204,0.345293,0.974192,-0.058024,-0.130417,-0.174855
3.319944,0.073659,-0.050092,0.345253,0.974084,-0.058664,-0.130715,-0.175022
3.329997,0.073088,-0.049996,0.345328,0.974053,-0.059667,-0.131019,-0.174627
3.340056,0.072634,-0.049884,0.345416,0.973951,-0.060429,-0.131459,-0.174602
3.350120,0.072257,-0.049831,0.345296,0.974806,-0.043818,-0.134807,-0.172219
3.360180,0.071710,-0.049698,0.345221,0.974799,-0.044902,-0.135260,-0.171624
3.370236,0.071364,-0.049590,0.345097,0.974870,-0.045628,-0.135474,-0.170859
3.380289,0.070680,-0.049364,0.345073,0.974708,-0.046840,-0.136300,-0.170799
3.390341,0.070414,-0.049330,0.344891,0.974691,-0.047236,-0.136289,-0.170794
3.400394,0.069913,-0.049262,0.344660,0.974823,-0.043216,-0.137321,-0.170280
3.410448,0.069512,-0.049129,0.344529,0.974689,-0.043759,-0.137673,-0.170624
3.420510,0.068990,-0.049091,0.344335,0.974400,-0.044556,-0.138121,-0.171701
3.430574,0.068691,-0.049041,0.344093,0.974291,-0.045005,-0.138307,-0.172055
3.440638,0.068121,-0.048909,0.343918,0.974113,-0.046001,-0.138825,-0.172381
3.450700,0.067960,-0.048900,0.343527,0.974191,-0.046302,-0.138629,-0.172017
3.460761,0.067607,-0.048953,0.343062,0.974116,-0.046909,-0.138495,-0.172388
3.470826,0.067310,-0.048884,0.342813,0.974146,-0.047509,-0.138556,-0.172004
3.480888,0.066830,-0.048760,0.342606,0.974165,-0.048537,-0.138787,-0.171418
3.490941,0.066618,-0.048721,0.342331,0.974253,-0.049014,-0.138690,-0.170860
3.500993,0.066359,-0.048784,0.341838,0.974305,-0.049543,-0.138351,-0.170686
3.511047,0.066121,-0.048741,0.341469,0.974324,-0.049971,-0.138296,-0.170497
3.521099,0.065773,-0.048698,0.341121,0.974288,-0.050629,-0.138325,-0.170485
3.531151,0.065629,-0.048732,0.340827,0.974263,-0.050857,-0.138186,-0.170676
3.541204,0.065288,-0.048696,0.340483,0.974511,-0.043403,-0.139711,-0.170077
3.551257,0.065042,-0.048684,0.340116,0.974394,-0.043738,-0.139746,-0.170627
3.561310,0.064866,-0.048854,0.339389,0.974290,-0.043865,-0.139258,-0.171586
3.571362,0.064677,-0.048864,0.339217,0.974171,-0.044149,-0.139325,-0.172134
3.581414,0.064490,-0.048822,0.338946,0.974120,-0.044430,-0.139376,-0.172312
3.591467,0.064159,-0.048852,0.338351,0.973928,-0.044740,-0.139226,-0.173431
3.601529,0.063992,-0.048889,0.337923,0.973931,-0.044912,-0.138895,-0.173636
3.611592,0.063767,-0.048930,0.337431,0.973913,-0.045289,-0.138655,-0.173832
3.621654,0.063635,-0.048945,0.337134,0.974219,-0.039616,-0.139521,-0.172806
3.631717,0.063376,-0.048940,0.336446,0.974238,-0.040015,-0.139254,-0.172819
3.641778,0.063322,-0.049042,0.335910,0.974299,-0.040050,-0.138775,-0.172854
3.651840,0.063224,-0.049140,0.335272,0.974435,-0.040229,-0.138178,-0.172523
3.661903,0.063100,-0.049138,0.334972,0.974553,-0.040544,-0.137932,-0.171978
3.671963,0.062819,-0.049061,0.334398,0.974689,-0.041138,-0.137713,-0.171242
3.682026,0.062751,-0.049082,0.333979,0.974828,-0.041295,-0.137345,-0.170709
3.692088,0.062648,-0.049155,0.333245,0.974926,-0.041394,-0.136806,-0.170560
3.702152,0.062607,-0.049196,0.332926,0.974992,-0.041454,-0.136524,-0.170394
3.712205,0.062424,-0.049155,0.332335,0.975038,-0.041721,-0.136327,-0.170218
3.722259,0.062402,-0.049226,0.331800,0.975093,-0.041647,-0.135917,-0.170249
3.732320,0.062223,-0.049333,0.331192,0.974924,-0.041742,-0.135682,-0.171379
3.742385,0.062116,-0.049341,0.330899,0.974861,-0.041842,-0.135632,-0.171753
3.752447,0.061991,-0.049386,0.330292,0.974754,-0.041835,-0.135447,-0.172509
3.762510,0.061956,-0.049490,0.329760,0.974667,-0.041670,-0.135142,-0.173277
3.772564,0.061790,-0.049503,0.329274,0.974499,-0.041751,-0.135136,-0.174205
3.782617,0.061701,-0.049497,0.328981,0.974432,-0.041802,-0.135120,-0.174577
3.792706,0.061657,-0.049655,0.328229,0.974372,-0.041622,-0.134595,-0.175361
3.802756,0.061587,-0.049713,0.327816,0.974295,-0.041589,-0.134418,-0.175931
3.812805,0.061424,-0.049672,0.327546,0.974171,-0.041776,-0.134547,-0.176476
3.822869,0.061248,-0.049693,0.327056,0.974038,-0.041927,-0.134481,-0.177221
3.832929,0.061183,-0.049743,0.326641,0.973996,-0.041915,-0.134278,-0.177607
3.842992,0.061172,-0.049904,0.325988,0.973931,-0.041684,-0.133788,-0.178389
3.853056,0.061104,-0.049876,0.325695,0.973896,-0.041710,-0.133780,-0.178575
3.863121,0.060945,-0.049796,0.325325,0.973805,-0.041872,-0.133916,-0.178933
3.873182,0.060958,-0.049872,0.324887,0.973856,-0.041745,-0.133543,-0.178962
3.883241,0.060880,-0.049865,0.324276,0.973848,-0.041706,-0.133348,-0.179163
3.893303,0.060874,-0.049878,0.323958,0.973910,-0.041664,-0.133136,-0.178993
3.903364,0.060824,-0.049896,0.323538,0.974013,-0.041738,-0.132829,-0.178643
3.913425,0.060809,-0.049876,0.323119,0.974147,-0.041739,-0.132564,-0.178106
3.923486,0.060702,-0.049846,0.322723,0.974191,-0.041902,-0.132435,-0.177926
3.933539,0.060613,-0.049850,0.322430,0.974086,-0.041931,-0.132445,-0.178482
3.943598,0.060551,-0.049901,0.322014,0.974044,-0.041916,-0.132243,-0.178868
3.953662,0.060504,-0.049938,0.321599,0.973998,-0.041855,-0.132075,-0.179253
3.963728,0.060369,-0.049956,0.321206,0.973898,-0.041977,-0.132017,-0.179812
3.973788,0.060341,-0.050001,0.320888,0.973889,-0.041937,-0.131823,-0.180012
3.983847,0.060224,-0.049974,0.320398,0.973783,-0.041965,-0.131833,-0.180568
3.993908,0.060249,-0.050045,0.319961,0.973795,-0.041765,-0.131522,-0.180779
4.003970,0.060245,-0.050028,0.319545,0.974131,-0.034615,-0.132649,-0.179652
4.014031,0.060252,-0.050036,0.319228,0.974153,-0.034502,-0.132498,-0.179666
4.024094,0.060207,-0.049988,0.318933,0.974153,-0.034502,-0.132498,-0.179666
4.034156,0.060248,-0.049996,0.318394,0.974308,-0.034340,-0.132112,-0.179142
4.044216,0.060299,-0.050027,0.317955,0.974425,-0.034157,-0.131754,-0.178802
4.054278,0.060266,-0.049955,0.317656,0.974535,-0.034220,-0.131672,-0.178250
4.064338,0.060250,-0.049891,0.317455,0.974681,-0.034305,-0.131563,-0.177514
4.074400,0.060264,-0.049835,0.317032,0.974921,-0.034318,-0.131247,-0.176424
4.084458,0.060319,-0.049859,0.316591,0.975073,-0.034155,-0.130862,-0.175900
4.094520,0.060418,-0.049906,0.316027,0.975319,-0.033920,-0.130271,-0.175020
4.104580,0.060399,-0.049850,0.315827,0.975426,-0.033983,-0.130189,-0.174468
4.114643,0.060376,-0.049754,0.315525,0.975641,-0.034108,-0.130025,-0.173363
4.124707,0.060398,-0.049730,0.315202,0.975805,-0.034078,-0.129765,-0.172640
4.134766,0.060500,-0.049769,0.314637,0.976181,-0.030882,-0.129671,-0.171181
4.144828,0.060509,-0.049778,0.314319,0.976202,-0.030768,-0.129520,-0.171195
4.154888,0.060470,-0.049725,0.314023,0.976237,-0.030789,-0.129492,-0.171011
4.164950,0.060445,-0.049686,0.313824,0.976273,-0.030810,-0.129464,-0.170826
4.175015,0.060443,-0.049672,0.313407,0.976329,-0.030716,-0.129286,-0.170656
4.185077,0.060502,-0.049736,0.313067,0.976371,-0.030488,-0.128984,-0.170684
4.195138,0.060604,-0.049802,0.312508,0.976466,-0.030121,-0.128538,-0.170540
4.205198,0.060619,-0.049818,0.312323,0.976484,-0.029562,-0.128636,-0.170467
4.215264,0.060628,-0.049828,0.312005,0.976504,-0.029448,-0.128485,-0.170481
4.225325,0.060637,-0.049838,0.311687,0.976525,-0.029334,-0.128334,-0.170495
4.235385,0.060697,-0.049901,0.311347,0.976567,-0.029105,-0.128033,-0.170523
4.245447,0.060728,-0.049936,0.310810,0.976608,-0.028877,-0.127731,-0.170551
4.255511,0.060788,-0.049999,0.310469,0.976649,-0.028649,-0.127430,-0.170579
4.265571,0.060816,-0.050042,0.309933,0.976655,-0.028400,-0.127156,-0.170792
4.275630,0.060825,-0.050052,0.309614,0.976675,-0.028286,-0.127005,-0.170806
4.285690,0.060926,-0.050116,0.309054,0.976769,-0.027919,-0.126558,-0.170662
4.295754,0.060936,-0.050126,0.308736,0.976790,-0.027805,-0.126407,-0.170676
4.305818,0.061017,-0.050214,0.308175,0.976850,-0.027463,-0.125955,-0.170718
4.315878,0.061073,-0.050285,0.307835,0.976855,-0.027215,-0.125681,-0.170930
4.325936,0.061137,-0.050311,0.307395,0.976928,-0.026962,-0.125384,-0.170772
4.335998,0.061111,-0.050282,0.307198,0.976928,-0.026962,-0.125384,-0.170772
4.346058,0.061205,-0.050384,0.306736,0.976988,-0.026620,-0.124931,-0.170814
4.356121,0.061319,-0.050461,0.306273,0.977081,-0.026254,-0.124484,-0.170669
4.366184,0.061397,-0.050556,0.305713,0.977105,-0.025893,-0.124058,-0.170896
4.376248,0.061435,-0.050565,0.305494,0.977122,-0.025735,-0.123939,-0.170908
4.386306,0.061396,-0.050523,0.305197,0.977122,-0.025735,-0.123939,-0.170908
4.396369,0.061454,-0.050586,0.304855,0.977161,-0.025507,-0.123637,-0.170935
4.406429,0.061545,-0.050694,0.304394,0.977185,-0.025146,-0.123211,-0.171162
4.416490,0.061703,-0.050831,0.303909,0.977260,-0.024648,-0.122638,-0.171215
4.426543,0.061754,-0.050909,0.303569,0.977229,-0.024381,-0.122390,-0.171612
4.436605,0.061825,-0.050985,0.303326,0.977267,-0.024154,-0.122087,-0.171640
4.446667,0.061860,-0.051023,0.303204,0.977286,-0.024040,-0.121936,-0.171654
4.456727,0.061972,-0.051098,0.302740,0.977377,-0.023675,-0.121487,-0.171509
4.466787,0.062078,-0.051211,0.302375,0.977429,-0.023520,-0.121001,-0.171573
4.476849,0.062241,-0.051308,0.301790,0.977535,-0.023000,-0.120431,-0.171440
4.486911,0.062305,-0.051299,0.301705,0.977566,-0.022935,-0.120466,-0.171252
4.496970,0.062429,-0.051342,0.301275,0.977669,-0.022662,-0.120172,-0.170906
4.507032,0.062510,-0.051294,0.301054,0.977785,-0.022480,-0.120034,-0.170361
4.517092,0.062641,-0.051323,0.300493,0.977869,-0.022033,-0.119645,-0.170212
4.527156,0.062711,-0.051376,0.300152,0.977869,-0.021746,-0.119398,-0.170422
4.537219,0.062775,-0.051424,0.299716,0.977761,-0.021362,-0.119261,-0.171184
4.547281,0.062858,-0.051469,0.299377,0.977723,-0.021016,-0.119070,-0.171578
4.557344,0.062897,-0.051435,0.298964,0.977663,-0.020742,-0.119061,-0.171955
4.567406,0.063002,-0.051447,0.298623,0.977693,-0.020393,-0.118847,-0.171977
4.577464,0.063105,-0.051447,0.298187,0.977649,-0.019966,-0.118714,-0.172367
4.587527,0.063208,-0.051467,0.297848,0.977643,-0.019600,-0.118524,-0.172574
4.597587,0.063324,-0.051480,0.297510,0.977599,-0.019175,-0.118388,-0.172964
4.607648,0.063391,-0.051463,0.297293,0.977575,-0.018922,-0.118350,-0.173157
4.617708,0.063546,-0.051617,0.296810,0.977465,-0.018303,-0.117924,-0.174132
4.627769,0.063638,-0.051682,0.296571,0.977389,-0.017944,-0.117753,-0.174710
4.637821,0.063737,-0.051755,0.296334,0.977202,-0.017490,-0.117686,-0.175840
4.647883,0.063822,-0.051835,0.296096,0.977053,-0.017096,-0.117564,-0.176788
4.657947,0.063981,-0.051923,0.295832,0.977027,-0.016607,-0.117239,-0.177194
4.668009,0.064124,-0.052008,0.295509,0.976835,-0.016116,-0.117196,-0.178322
4.678071,0.064250,-0.052106,0.295146,0.976774,-0.015652,-0.116865,-0.178914
4.688134,0.064385,-0.052090,0.294807,0.976761,-0.015214,-0.116721,-0.179118
4.698198,0.064551,-0.052115,0.294476,0.976823,-0.014853,-0.116498,-0.178955
4.708250,0.064730,-0.052108,0.294181,0.976901,-0.014579,-0.116433,-0.178591
4.718310,0.064889,-0.052146,0.293982,0.976979,-0.014758,-0.116243,-0.178275
4.728373,0.065109,-0.052156,0.293562,0.977147,-0.014412,-0.115971,-0.177555
4.738432,0.065255,-0.052203,0.293231,0.977175,-0.014075,-0.115743,-0.177578
4.748494,0.065465,-0.052236,0.292813,0.977235,-0.013677,-0.115544,-0.177413
4.758556,0.065600,-0.052214,0.292603,0.977315,-0.013445,-0.115448,-0.177050
4.768619,0.065765,-0.052100,0.292366,0.977425,-0.013345,-0.115696,-0.176286
4.778683,0.065903,-0.052069,0.292156,0.977541,-0.013132,-0.115574,-0.175739
4.788735,0.066224,-0.052128,0.291587,0.977752,-0.014231,-0.114689,-0.175057
4.798786,0.066377,-0.052134,0.291325,0.977779,-0.014090,-0.114772,-0.174866
4.808839,0.066520,-0.052096,0.291036,0.977768,-0.014122,-0.115195,-0.174646
4.818903,0.066664,-0.052047,0.290862,0.977827,-0.013958,-0.115281,-0.174268
4.828965,0.066869,-0.051991,0.290602,0.977882,-0.013714,-0.115420,-0.173888
4.839027,0.066991,-0.051975,0.290429,0.977873,-0.013554,-0.115526,-0.173881
4.849081,0.067274,-0.052004,0.290021,0.977927,-0.013080,-0.115374,-0.173713
4.859142,0.067426,-0.052029,0.289725,0.977900,-0.012796,-0.115346,-0.173905
4.869267,0.067588,-0.052030,0.289504,0.977726,-0.012588,-0.115757,-0.174622
4.879319,0.067706,-0.052020,0.289332,0.977681,-0.012409,-0.115885,-0.174801
4.889372,0.067827,-0.052002,0.289158,0.977672,-0.012248,-0.115990,-0.174795
4.899424,0.068018,-0.051973,0.288900,0.977585,-0.011930,-0.116220,-0.175155
4.909476,0.068129,-0.051979,0.288729,0.977468,-0.011714,-0.116395,-0.175703
4.919531,0.068345,-0.051983,0.288383,0.977315,-0.013613,-0.116243,-0.176514
4.929592,0.068452,-0.051973,0.288247,0.977216,-0.013517,-0.116552,-0.176865
4.939655,0.068616,-0.051961,0.288024,0.977077,-0.013320,-0.116935,-0.177398
4.949719,0.068730,-0.051934,0.287885,0.977049,-0.013259,-0.117197,-0.177379
4.959782,0.068928,-0.051861,0.287658,0.977088,-0.013111,-0.117490,-0.176986
4.969847,0.069048,-0.051839,0.287484,0.977078,-0.012948,-0.117593,-0.176980
4.979893,0.069282,-0.051788,0.287132,0.977170,-0.012716,-0.117702,-0.176416
4.989949,0.069406,-0.051757,0.286957,0.977197,-0.012571,-0.117781,-0.176225
5.000010,0.069586,-0.051699,0.286729,0.977237,-0.012462,-0.118047,-0.175833
5.010071,0.069720,-0.051642,0.286551,0.977371,-0.012372,-0.118057,-0.175088
5.020130,0.069953,-0.051564,0.286232,0.977515,-0.012276,-0.118280,-0.174139
5.030190,0.070127,-0.051521,0.285967,0.977609,-0.012126,-0.118337,-0.173577
5.040250,0.070363,-0.051455,0.285613,0.977735,-0.011912,-0.118422,-0.172827
5.050313,0.070445,-0.051384,0.285597,0.977724,-0.011963,-0.118822,-0.172610
5.060373,0.070681,-0.051340,0.285209,0.977797,-0.011611,-0.118791,-0.172243
5.070433,0.070862,-0.051322,0.285044,0.977797,-0.013287,-0.118565,-0.172277
5.080520,0.071081,-0.051294,0.284694,0.977746,-0.012977,-0.118762,-0.172453
5.090580,0.071210,-0.051241,0.284554,0.977716,-0.012866,-0.119048,-0.172434
5.100642,0.071369,-0.051226,0.284291,0.977670,-0.012638,-0.119194,-0.172612
5.110706,0.071523,-0.051151,0.284155,0.977565,-0.012404,-0.119574,-0.172960
5.120767,0.071645,-0.051113,0.284017,0.977444,-0.013744,-0.119640,-0.173493
5.130828,0.071878,-0.051115,0.283731,0.977342,-0.013295,-0.119714,-0.174053
5.140887,0.072078,-0.051154,0.283443,0.977244,-0.012931,-0.119738,-0.174615
5.150949,0.072279,-0.051139,0.283129,0.977067,-0.012654,-0.120158,-0.175334
5.161010,0.072397,-0.051107,0.282991,0.976930,-0.012479,-0.120507,-0.175870
5.171070,0.072561,-0.051091,0.282900,0.976720,-0.013453,-0.120865,-0.176715
5.181135,0.072685,-0.051042,0.282760,0.976654,-0.013314,-0.121170,-0.176881
5.191195,0.072930,-0.051005,0.282470,0.976694,-0.012942,-0.121152,-0.176700
5.201257,0.073107,-0.051009,0.282231,0.976760,-0.012604,-0.120896,-0.176536
5.211317,0.073316,-0.050950,0.282027,0.976874,-0.012314,-0.120809,-0.175986
5.221378,0.073488,-0.050939,0.281823,0.976956,-0.012090,-0.120696,-0.175624
5.231440,0.073678,-0.050853,0.281555,0.977085,-0.011913,-0.120752,-0.174876
5.241501,0.073799,-0.050786,0.281411,0.977164,-0.011894,-0.120947,-0.174303
5.251560,0.074034,-0.050648,0.281277,0.977339,-0.011762,-0.121173,-0.173169
5.261621,0.074185,-0.050573,0.281233,0.977414,-0.011699,-0.121392,-0.172595
5.271681,0.074478,-0.050469,0.280867,0.977699,-0.011220,-0.120934,-0.171327
5.281744,0.074650,-0.050454,0.280662,0.977780,-0.010997,-0.120818,-0.170964
5.291826,0.074953,-0.050443,0.280476,0.977853,-0.010646,-0.120772,-0.170598
5.301876,0.075145,-0.050365,0.280342,0.977925,-0.010540,-0.121013,-0.170023
5.311927,0.075375,-0.050425,0.280057,0.977901,-0.010259,-0.120959,-0.170216
5.321985,0.075653,-0.050424,0.279944,0.977832,-0.010030,-0.121306,-0.170380
5.332038,0.075884,-0.050406,0.279785,0.977819,-0.009772,-0.121442,-0.170374
5.342098,0.076203,-0.050389,0.279772,0.977675,-0.009415,-0.121875,-0.170906
5.352161,0.076405,-0.050423,0.279614,0.977525,-0.009120,-0.122069,-0.171642
5.362221,0.076838,-0.050546,0.279215,0.977429,-0.008238,-0.121512,-0.172624
5.372281,0.077096,-0.050654,0.279091,0.977318,-0.007813,-0.121346,-0.173386
5.382342,0.077422,-0.050680,0.278948,0.977255,-0.008984,-0.121254,-0.173749
5.392403,0.077592,-0.050686,0.278876,0.977212,-0.008793,-0.121361,-0.173930
5.402468,0.077978,-0.050810,0.278578,0.977132,-0.008304,-0.121213,-0.174505
5.412528,0.078257,-0.050819,0.278388,0.977138,-0.007961,-0.121173,-0.174511
5.422591,0.078598,-0.050895,0.278286,0.977035,-0.007749,-0.121510,-0.174863
5.432651,0.078864,-0.050914,0.278094,0.977080,-0.007470,-0.121427,-0.174685
5.442710,0.079213,-0.050960,0.277818,0.977122,-0.007147,-0.121365,-0.174506
5.452768,0.079424,-0.050970,0.277787,0.977129,-0.007080,-0.121599,-0.174304
5.462832,0.079755,-0.050945,0.277672,0.977201,-0.006922,-0.121857,-0.173728
5.472892,0.080069,-0.050973,0.277484,0.977315,-0.006682,-0.121733,-0.173180
5.482951,0.080402,-0.051001,0.277277,0.977318,-0.006527,-0.122008,-0.172975
5.493004,0.080659,-0.050986,0.277153,0.977393,-0.006454,-0.122223,-0.172401
5.503055,0.080975,-0.050943,0.277107,0.977424,-0.006458,-0.122821,-0.171800
5.513112,0.081220,-0.050961,0.276946,0.977485,-0.006325,-0.122865,-0.171425
5.523171,0.081510,-0.051022,0.276756,0.977483,-0.011495,-0.121809,-0.171924
5.533232,0.081895,-0.051001,0.276645,0.977517,-0.011269,-0.122108,-0.171534
5.543291,0.082107,-0.050990,0.276648,0.977432,-0.011193,-0.122571,-0.171692
5.553352,0.082449,-0.051022,0.276404,0.977314,-0.010825,-0.122769,-0.172242
5.563413,0.082665,-0.051023,0.276372,0.977215,-0.010645,-0.123079,-0.172597
5.573473,0.083026,-0.051087,0.276190,0.977047,-0.010155,-0.123141,-0.173530
5.583527,0.083288,-0.051072,0.276219,0.977000,-0.009870,-0.123280,-0.173710
5.593590,0.083578,-0.051052,0.276192,0.976896,-0.009599,-0.123628,-0.174063
5.603653,0.083789,-0.051069,0.276121,0.976853,-0.009402,-0.123725,-0.174245
5.613713,0.084086,-0.051074,0.276190,0.976786,-0.009194,-0.124035,-0.174413
5.623776,0.084353,-0.051107,0.276087,0.976834,-0.008959,-0.123923,-0.174236
5.633836,0.084659,-0.051086,0.276154,0.976872,-0.008813,-0.124178,-0.173848
5.643890,0.084907,-0.051047,0.276044,0.976988,-0.008575,-0.124049,-0.173299
5.653944,0.085211,-0.051032,0.276110,0.976991,-0.008407,-0.124322,-0.173097
5.664006,0.085468,-0.051008,0.276134,0.977051,-0.008226,-0.124383,-0.172722
5.674068,0.085839,-0.051015,0.275942,0.977164,-0.007945,-0.124273,-0.172172
5.684130,0.086026,-0.050988,0.275995,0.977171,-0.007864,-0.124505,-0.171971
5.694192,0.086360,-0.050967,0.275966,0.977242,-0.007735,-0.124741,-0.171397
5.704252,0.086608,-0.050888,0.275927,0.977314,-0.007605,-0.124976,-0.170824
5.714305,0.086972,-0.050900,0.275771,0.977144,-0.014892,-0.123803,-0.172162
5.724365,0.087265,-0.050950,0.275536,0.977180,-0.014563,-0.123531,-0.172181
5.734418,0.087491,-0.050909,0.275496,0.977186,-0.014435,-0.123784,-0.171981
5.744472,0.087806,-0.050911,0.275297,0.977163,-0.014071,-0.123739,-0.172173
5.754524,0.087984,-0.050905,0.275350,0.977066,-0.013923,-0.124020,-0.172531
5.764577,0.088433,-0.050943,0.275221,0.977097,-0.013463,-0.123801,-0.172548
5.774638,0.088689,-0.050939,0.275206,0.977076,-0.013145,-0.123735,-0.172741
5.784702,0.089011,-0.050961,0.275140,0.976916,-0.015980,-0.123330,-0.173695
5.794766,0.089237,-0.050992,0.275160,0.976806,-0.015737,-0.123448,-0.174250
5.804830,0.089664,-0.051066,0.275029,0.976759,-0.016027,-0.123104,-0.174732
5.814890,0.089948,-0.051111,0.275015,0.976740,-0.015756,-0.123015,-0.174925
5.824943,0.090315,-0.051077,0.275078,0.976743,-0.015534,-0.123301,-0.174725
5.835006,0.090622,-0.051124,0.274970,0.976759,-0.015284,-0.123196,-0.174733
5.845066,0.090973,-0.051113,0.275030,0.976763,-0.015107,-0.123463,-0.174534
5.855129,0.091246,-0.051136,0.275086,0.976736,-0.014997,-0.123710,-0.174522
5.865189,0.091576,-0.051136,0.275180,0.976755,-0.014953,-0.124120,-0.174128
5.875249,0.091891,-0.051163,0.275069,0.976840,-0.014746,-0.123985,-0.173764
5.885309,0.092291,-0.051135,0.275165,0.976961,-0.014721,-0.124369,-0.172812
5.895373,0.092539,-0.051071,0.275250,0.977013,-0.014696,-0.124765,-0.172232
5.905437,0.092960,-0.051074,0.275215,0.977085,-0.014557,-0.125002,-0.171661
5.915499,0.093237,-0.051083,0.275267,0.977092,-0.014465,-0.125233,-0.171463
5.925562,0.093692,-0.051036,0.275194,0.977238,-0.017258,-0.124747,-0.170725
5.935626,0.093957,-0.051062,0.275244,0.977279,-0.017232,-0.124947,-0.170343
5.945682,0.094411,-0.051057,0.275075,0.977440,-0.017067,-0.124981,-0.169410
5.955745,0.094663,-0.050979,0.275157,0.977523,-0.017061,-0.125365,-0.168645
5.965807,0.094853,-0.050894,0.275273,0.977470,-0.017800,-0.125839,-0.168525
5.975870,0.095289,-0.050973,0.275033,0.977475,-0.017414,-0.125585,-0.168727
5.985930,0.095598,-0.051004,0.274915,0.977492,-0.017163,-0.125476,-0.168734
5.995992,0.095979,-0.051010,0.274575,0.977495,-0.016733,-0.125237,-0.168936
6.006055,0.096256,-0.051040,0.274587,0.977423,-0.016505,-0.125332,-0.169306
6.016119,0.096672,-0.051094,0.274474,0.977303,-0.016076,-0.125309,-0.170056
6.026181,0.096930,-0.051073,0.274448,0.977232,-0.016856,-0.125045,-0.170578
6.036244,0.097317,-0.051100,0.274297,0.977028,-0.016438,-0.124864,-0.171918
6.046304,0.097628,-0.051214,0.274238,0.976898,-0.016064,-0.124621,-0.172865
6.056366,0.098080,-0.051319,0.274109,0.976837,-0.015868,-0.123973,-0.173690
6.066429,0.098309,-0.051344,0.274079,0.976821,-0.015647,-0.123855,-0.173884
6.076490,0.098687,-0.051434,0.274018,0.976757,-0.015275,-0.123599,-0.174458
6.086553,0.098983,-0.051436,0.273988,0.976809,-0.015053,-0.123470,-0.174279
6.096613,0.099409,-0.051393,0.273997,0.976835,-0.014757,-0.123566,-0.174090
6.106675,0.099630,-0.051410,0.274002,0.976797,-0.014599,-0.123625,-0.174275
6.116736,0.100139,-0.051478,0.273901,0.976925,-0.014232,-0.123140,-0.173928
6.126800,0.100362,-0.051464,0.273940,0.976969,-0.014201,-0.123339,-0.173546
6.136861,0.100707,-0.051477,0.273908,0.977054,-0.014003,-0.123196,-0.173182
6.146925,0.101035,-0.051520,0.273875,0.977141,-0.013850,-0.123037,-0.172817
6.156979,0.101439,-0.051504,0.273877,0.977271,-0.013711,-0.123063,-0.172071
6.167043,0.101738,-0.051469,0.273877,0.977402,-0.013617,-0.123073,-0.171326
6.177229,0.102145,-0.051433,0.273915,0.977441,-0.013449,-0.123318,-0.170942
6.187292,0.102358,-0.051419,0.273987,0.977427,-0.013455,-0.123709,-0.170737
6.197355,0.102579,-0.051410,0.274023,0.977435,-0.013400,-0.123922,-0.170541
6.207419,0.102984,-0.051389,0.274022,0.977564,-0.013260,-0.123947,-0.169795
6.217484,0.103317,-0.051417,0.273983,0.977683,-0.013130,-0.123775,-0.169244
6.227546,0.103684,-0.051473,0.273980,0.977746,-0.013037,-0.123794,-0.168871
6.237607,0.103920,-0.051408,0.274050,0.977797,-0.013039,-0.124176,-0.168293
6.247671,0.104331,-0.051355,0.274082,0.977868,-0.012889,-0.124408,-0.167724
6.257732,0.104564,-0.051327,0.274116,0.977808,-0.012743,-0.124659,-0.167899
6.267795,0.104891,-0.051318,0.274184,0.977690,-0.012585,-0.125117,-0.168252
6.277858,0.105180,-0.051348,0.274108,0.977731,-0.012332,-0.124800,-0.168269
6.287918,0.105622,-0.051407,0.274028,0.977804,-0.012055,-0.124486,-0.168099
6.297981,0.105856,-0.051387,0.274023,0.977867,-0.011962,-0.124505,-0.167725
6.308035,0.106176,-0.051410,0.274053,0.977773,-0.011792,-0.124767,-0.168087
6.318100,0.106467,-0.051417,0.274011,0.977724,-0.011507,-0.124668,-0.168467
6.328162,0.106852,-0.051471,0.273967,0.977539,-0.011090,-0.124630,-0.169590
6.338222,0.107079,-0.051483,0.273963,0.977333,-0.010774,-0.124758,-0.170705
6.348284,0.107530,-0.051578,0.273808,0.977178,-0.010170,-0.124186,-0.172042
6.358346,0.107814,-0.051619,0.273728,0.977150,-0.009880,-0.123888,-0.172431
6.368407,0.108098,-0.051618,0.273719,0.977057,-0.011517,-0.123636,-0.173037
6.378469,0.108364,-0.051669,0.273673,0.977076,-0.011372,-0.123482,-0.173045
6.388532,0.108808,-0.051759,0.273512,0.977195,-0.011041,-0.122785,-0.172893
6.398596,0.109077,-0.051842,0.273392,0.977293,-0.010855,-0.122243,-0.172732
6.408657,0.109346,-0.051883,0.273344,0.977347,-0.010733,-0.122077,-0.172554
6.418720,0.109755,-0.051881,0.273254,0.977522,-0.010532,-0.121722,-0.171826
6.428783,0.109999,-0.051857,0.273207,0.977581,-0.012625,-0.121165,-0.171739
6.438848,0.110431,-0.051832,0.273080,0.977743,-0.012306,-0.120654,-0.171203
6.448908,0.110725,-0.051842,0.272994,0.977817,-0.012087,-0.120318,-0.171032
6.458971,0.111205,-0.051827,0.272862,0.978011,-0.011791,-0.119795,-0.170310
6.469032,0.111456,-0.051784,0.272813,0.978163,-0.011691,-0.119610,-0.169572
6.479094,0.111919,-0.051801,0.272678,0.978356,-0.011441,-0.119073,-0.168850
6.489158,0.112167,-0.051765,0.272629,0.978474,-0.011321,-0.118898,-0.168298
6.499219,0.112562,-0.051809,0.272497,0.978601,-0.011073,-0.118369,-0.167948
6.509279,0.112852,-0.051802,0.272443,0.978685,-0.010932,-0.118203,-0.167583
6.519340,0.113319,-0.051793,0.272342,0.978788,-0.010652,-0.117881,-0.167224
6.529403,0.113555,-0.051788,0.272291,0.978774,-0.010448,-0.117746,-0.167418
6.539467,0.113905,-0.051780,0.272233,0.978658,-0.010095,-0.117666,-0.168170
6.549527,0.114194,-0.051799,0.272142,0.978664,-0.009841,-0.117348,-0.168371
6.559587,0.114526,-0.051818,0.272081,0.978715,-0.009681,-0.117191,-0.168192
6.569647,0.114802,-0.051862,0.271988,0.978755,-0.009493,-0.116850,-0.168207
6.579707,0.115232,-0.051968,0.271809,0.978870,-0.009224,-0.116134,-0.168052
6.589766,0.115413,-0.051914,0.271832,0.978879,-0.009167,-0.116342,-0.167857
6.599828,0.115709,-0.051996,0.271806,0.978778,-0.009019,-0.116395,-0.168416
6.609895,0.115926,-0.052030,0.271752,0.978731,-0.008841,-0.116256,-0.168796
6.620031,0.116357,-0.052140,0.271570,0.978579,-0.016270,-0.114238,-0.170493
6.630096,0.116636,-0.052159,0.271510,0.978523,-0.016611,-0.114008,-0.170937
6.640157,0.116872,-0.052147,0.271455,0.978509,-0.016413,-0.113868,-0.171130
6.650219,0.117224,-0.052129,0.271390,0.978394,-0.016068,-0.113774,-0.171881
6.660280,0.117454,-0.052133,0.271334,0.978313,-0.015830,-0.113648,-0.172446
6.670339,0.117786,-0.052158,0.271268,0.978164,-0.015508,-0.113550,-0.173384
6.680400,0.118056,-0.052213,0.271169,0.978137,-0.015287,-0.113221,-0.173769
6.690463,0.118441,-0.052276,0.271023,0.978130,-0.014976,-0.112719,-0.174161
6.700524,0.118639,-0.052332,0.271061,0.978116,-0.014866,-0.112554,-0.174353
6.710577,0.118951,-0.052414,0.270955,0.978055,-0.014627,-0.112233,-0.174925
6.720639,0.119143,-0.052477,0.270932,0.977986,-0.014544,-0.112259,-0.175298
6.730703,0.119449,-0.052576,0.270826,0.977856,-0.014264,-0.111952,-0.176242
6.740757,0.119654,-0.052653,0.270730,0.977759,-0.016306,-0.111213,-0.177069
6.750812,0.120072,-0.052633,0.270579,0.977921,-0.016062,-0.110682,-0.176527
6.760875,0.120362,-0.052655,0.270439,0.978050,-0.015882,-0.110136,-0.176171
6.770935,0.120680,-0.052542,0.270504,0.978150,-0.015736,-0.110166,-0.175612
6.781000,0.120870,-0.052482,0.270485,0.978182,-0.015633,-0.110189,-0.175425
6.791053,0.121295,-0.052442,0.270331,0.978410,-0.015432,-0.109642,-0.174509
6.801108,0.121532,-0.052437,0.270233,0.978517,-0.015299,-0.109280,-0.174148
6.811160,0.121878,-0.052450,0.270084,0.978745,-0.015181,-0.108712,-0.173232
6.821211,0.122126,-0.052440,0.269948,0.978896,-0.015583,-0.108060,-0.172751
6.831285,0.122531,-0.052462,0.269755,0.979041,-0.015320,-0.107339,-0.172400
6.841348,0.122755,-0.052469,0.269691,0.979060,-0.015194,-0.107175,-0.172406
6.851408,0.122916,-0.052494,0.269633,0.979080,-0.015109,-0.107000,-0.172411
6.861470,0.123182,-0.052529,0.269562,0.979065,-0.014964,-0.106843,-0.172603
6.871530,0.123453,-0.052612,0.269381,0.979110,-0.014725,-0.106122,-0.172812
6.881592,0.123869,-0.052626,0.269148,0.979307,-0.014440,-0.105209,-0.172279
6.891653,0.124140,-0.052577,0.268973,0.979483,-0.014201,-0.104480,-0.171741
6.901716,0.124496,-0.052434,0.268923,0.979605,-0.013872,-0.103970,-0.171383
6.911777,0.124747,-0.052393,0.268821,0.979675,-0.013685,-0.103622,-0.171207
6.921839,0.125036,-0.052369,0.268746,0.979726,-0.013544,-0.103459,-0.171026
6.931904,0.125201,-0.052383,0.268687,0.979767,-0.014228,-0.103146,-0.170923
6.941966,0.125502,-0.052494,0.268530,0.979890,-0.014134,-0.102580,-0.170565
6.952028,0.125706,-0.052581,0.268389,0.979947,-0.014002,-0.102026,-0.170581
6.962092,0.126068,-0.052737,0.268115,0.980060,-0.013738,-0.100919,-0.170612
6.972152,0.126278,-0.052827,0.267937,0.980135,-0.013562,-0.100181,-0.170633
6.982215,0.126487,-0.052880,0.268024,0.980128,-0.014166,-0.099696,-0.170906
6.992278,0.126710,-0.052919,0.267977,0.980216,-0.014015,-0.099145,-0.170734
7.002339,0.127003,-0.052940,0.267886,0.980322,-0.013784,-0.098418,-0.170567
7.012403,0.127203,-0.053036,0.267839,0.980344,-0.013635,-0.097870,-0.170769
7.022464,0.127414,-0.053108,0.267793,0.980299,-0.013413,-0.097342,-0.171345
7.032526,0.127701,-0.053145,0.267700,0.980337,-0.013148,-0.096626,-0.171551
7.042588,0.128031,-0.053210,0.267695,0.980342,-0.012868,-0.095916,-0.171944
7.052651,0.128193,-0.053231,0.267824,0.980359,-0.012789,-0.095739,-0.171949
7.062713,0.128355,-0.053252,0.267954,0.980376,-0.012710,-0.095563,-0.171954
7.072776,0.128680,-0.053179,0.267992,0.980494,-0.012473,-0.095029,-0.171595
7.082836,0.128901,-0.053061,0.268121,0.980577,-0.012323,-0.094865,-0.171225
7.092897,0.129334,-0.053013,0.268201,0.980612,-0.011958,-0.094171,-0.171431
7.102958,0.129602,-0.052933,0.268284,0.980646,-0.011733,-0.093833,-0.171441
7.113020,0.129864,-0.052869,0.268366,0.980613,-0.011475,-0.093505,-0.171824
7.123083,0.130096,-0.052859,0.268581,0.980663,-0.011380,-0.093330,-0.171642
7.133146,0.130361,-0.052920,0.268749,0.980676,-0.012946,-0.092672,-0.171811
7.143211,0.130476,-0.052910,0.268923,0.980709,-0.012928,-0.092675,-0.171624
7.153273,0.130703,-0.052897,0.269269,0.980741,-0.012876,-0.092685,-0.171436
7.163335,0.130815,-0.052895,0.269443,0.980741,-0.012841,-0.092693,-0.171436
7.173399,0.131093,-0.052912,0.269743,0.980758,-0.012730,-0.092523,-0.171441
7.183464,0.131248,-0.052947,0.270002,0.980691,-0.012661,-0.092541,-0.171815
7.193526,0.131602,-0.053111,0.270076,0.980528,-0.012344,-0.091843,-0.173141
7.203590,0.131700,-0.053132,0.270381,0.980410,-0.012299,-0.092051,-0.173698
7.213653,0.131963,-0.053200,0.270680,0.980221,-0.012461,-0.091845,-0.174859
7.223717,0.132067,-0.053223,0.270852,0.980120,-0.012375,-0.091867,-0.175419
7.233782,0.132378,-0.053173,0.271150,0.980069,-0.012163,-0.091721,-0.175797
7.243844,0.132497,-0.053143,0.271455,0.979983,-0.012100,-0.091931,-0.176167
7.253911,0.132671,-0.052977,0.271760,0.979929,-0.012135,-0.092125,-0.176366
7.263974,0.132788,-0.052955,0.272065,0.979809,-0.012053,-0.092340,-0.176922
7.274129,0.132983,-0.052877,0.272455,0.979825,-0.012005,-0.092543,-0.176731
7.284194,0.133092,-0.052871,0.272759,0.979808,-0.012008,-0.092736,-0.176726
7.294258,0.133277,-0.052867,0.272751,0.979944,-0.011948,-0.092356,-0.176175
7.304321,0.133552,-0.052909,0.273046,0.980028,-0.011909,-0.092168,-0.175805
7.314383,0.133702,-0.052979,0.273170,0.980012,-0.011854,-0.091987,-0.175997
7.324447,0.133845,-0.053036,0.273560,0.979995,-0.011892,-0.092173,-0.175992
7.334511,0.133935,-0.053082,0.273863,0.979944,-0.011913,-0.092364,-0.176175
7.344577,0.134124,-0.053167,0.274338,0.979893,-0.011935,-0.092554,-0.176357
7.354639,0.134285,-0.053232,0.274328,0.979927,-0.011858,-0.092182,-0.176366
7.364699,0.134501,-0.053269,0.274669,0.979927,-0.011823,-0.092189,-0.176366
7.374764,0.134589,-0.053323,0.274973,0.979842,-0.011827,-0.092385,-0.176735
7.384826,0.134727,-0.053397,0.275361,0.979757,-0.011831,-0.092581,-0.177104
7.394889,0.134779,-0.053359,0.275844,0.979738,-0.011928,-0.093141,-0.176904
7.404951,0.134874,-0.053397,0.276147,0.979721,-0.011966,-0.093327,-0.176900
7.415016,0.135000,-0.053388,0.276184,0.979772,-0.011910,-0.093144,-0.176717
7.425082,0.135206,-0.053420,0.276694,0.979737,-0.011951,-0.093523,-0.176708
7.435142,0.135347,-0.053486,0.276985,0.979686,-0.011971,-0.093714,-0.176890
7.445206,0.135643,-0.053474,0.277313,0.979787,-0.011953,-0.093714,-0.176330
7.455270,0.135824,-0.053477,0.277434,0.979872,-0.011915,-0.093525,-0.175961
7.465331,0.136008,-0.053440,0.277821,0.979888,-0.011899,-0.093720,-0.175769
7.475391,0.136144,-0.053374,0.278123,0.979937,-0.011901,-0.093911,-0.175391
7.485452,0.136262,-0.053300,0.278727,0.979934,-0.012016,-0.094660,-0.174999
7.495504,0.136449,-0.053254,0.279017,0.979983,-0.012018,-0.094851,-0.174621
7.505630,0.136656,-0.053156,0.279403,0.980065,-0.012001,-0.095044,-0.174055
7.515683,0.136810,-0.053045,0.279704,0.980113,-0.011966,-0.095241,-0.173677
7.525745,0.136883,-0.052973,0.280054,0.980077,-0.011969,-0.095628,-0.173668
7.535809,0.137041,-0.052813,0.280621,0.980089,-0.011971,-0.096206,-0.173280
7.545869,0.137161,-0.052809,0.280790,0.980089,-0.011935,-0.096213,-0.173280
7.555923,0.137297,-0.052722,0.281224,0.980186,-0.012008,-0.096580,-0.172524
7.565984,0.137488,-0.052686,0.281476,0.980218,-0.011953,-0.096589,-0.172337
7.576049,0.137773,-0.052736,0.281764,0.980269,-0.011898,-0.096406,-0.172154
7.586110,0.137949,-0.052743,0.282016,0.980302,-0.011879,-0.096408,-0.171967
7.596170,0.138121,-0.052759,0.282268,0.980302,-0.011843,-0.096415,-0.171967
7.606232,0.138137,-0.052835,0.282618,0.980200,-0.011917,-0.096790,-0.172332
7.616293,0.138215,-0.052884,0.283184,0.980079,-0.011990,-0.097359,-0.172692
7.626357,0.138306,-0.052939,0.283484,0.979994,-0.011991,-0.097555,-0.173061
7.636417,0.138420,-0.052932,0.283785,0.979976,-0.011990,-0.097748,-0.173057
7.646480,0.138521,-0.052980,0.283952,0.979943,-0.011972,-0.097753,-0.173244
7.656540,0.138609,-0.053024,0.284385,0.979873,-0.012027,-0.098130,-0.173421
7.666595,0.138706,-0.053061,0.284685,0.979855,-0.012063,-0.098317,-0.173417
7.676657,0.138818,-0.053063,0.284985,0.979803,-0.012044,-0.098515,-0.173599
7.686722,0.138846,-0.053083,0.285467,0.979714,-0.012134,-0.099079,-0.173772
7.696783,0.138901,-0.053053,0.285816,0.979677,-0.012169,-0.099459,-0.173763
7.706846,0.139026,-0.053040,0.285983,0.979710,-0.012150,-0.099461,-0.173576
7.716884,0.139134,-0.053031,0.286415,0.979660,-0.013119,-0.099675,-0.173661
7.726940,0.139192,-0.052992,0.286764,0.979656,-0.013172,-0.100051,-0.173466
7.737002,0.139242,-0.052950,0.287246,0.979633,-0.013261,-0.100612,-0.173265
7.747064,0.139363,-0.052926,0.287545,0.979680,-0.013296,-0.100796,-0.172887
7.757123,0.139425,-0.052898,0.287761,0.979661,-0.013294,-0.100990,-0.172883
7.767184,0.139596,-0.052903,0.288144,0.979675,-0.013311,-0.101179,-0.172691
7.777249,0.139754,-0.052963,0.288394,0.979675,-0.013311,-0.101179,-0.172691
7.787309,0.139857,-0.052941,0.288958,0.979646,-0.013773,-0.101674,-0.172530
7.797370,0.139897,-0.052947,0.289306,0.979641,-0.013863,-0.102042,-0.172334
7.807435,0.139931,-0.052970,0.289655,0.979564,-0.014290,-0.102354,-0.172551
7.817497,0.139988,-0.052930,0.290003,0.979558,-0.014342,-0.102729,-0.172355
7.827560,0.140016,-0.052941,0.290484,0.979500,-0.014449,-0.103288,-0.172342
7.837620,0.139999,-0.052935,0.290749,0.979462,-0.014520,-0.103661,-0.172333
7.847683,0.140038,-0.052940,0.291098,0.979450,-0.014985,-0.103963,-0.172177
7.857747,0.140038,-0.052888,0.291363,0.979411,-0.015017,-0.104343,-0.172168
7.867808,0.140065,-0.052899,0.291844,0.979352,-0.015124,-0.104902,-0.172155
7.877870,0.140048,-0.052892,0.292109,0.979312,-0.015195,-0.105274,-0.172146
7.887892,0.140009,-0.052887,0.292639,0.979200,-0.015318,-0.106024,-0.172315
7.897948,0.139984,-0.052868,0.293037,0.979173,-0.015445,-0.106578,-0.172115
7.908012,0.139974,-0.052812,0.293434,0.979112,-0.015512,-0.107144,-0.172102
7.918077,0.139949,-0.052793,0.293832,0.979084,-0.015639,-0.107698,-0.171901
7.928131,0.139910,-0.052779,0.294362,0.979003,-0.015782,-0.108443,-0.171883
7.938196,0.139881,-0.052767,0.294759,0.978942,-0.015888,-0.109002,-0.171870
7.948259,0.139851,-0.052756,0.295157,0.978880,-0.015995,-0.109560,-0.171856
7.958320,0.139831,-0.052688,0.295687,0.978830,-0.016117,-0.110308,-0.171651
7.968379,0.139797,-0.052684,0.296084,0.978735,-0.016203,-0.110872,-0.171824
7.978443,0.139748,-0.052656,0.296746,0.978650,-0.017148,-0.111666,-0.171699
7.988503,0.139716,-0.052644,0.297143,0.978587,-0.017255,-0.112225,-0.171686
7.998566,0.139690,-0.052583,0.297673,0.978501,-0.017355,-0.112978,-0.171668
8.008629,0.139685,-0.052530,0.297938,0.978459,-0.017383,-0.113358,-0.171658
8.018689,0.139681,-0.052406,0.298467,0.978438,-0.017481,-0.114109,-0.171267
8.028751,0.139656,-0.052336,0.298997,0.978384,-0.017601,-0.114857,-0.171062
8.038814,0.139659,-0.052155,0.299658,0.978373,-0.017711,-0.115798,-0.170479
8.048875,0.139663,-0.052096,0.299887,0.978384,-0.017724,-0.115987,-0.170288
8.058937,0.139639,-0.052016,0.300416,0.978361,-0.017865,-0.116730,-0.169896
8.069002,0.139623,-0.051950,0.300813,0.978327,-0.017948,-0.117292,-0.169696
8.079067,0.139570,-0.051869,0.301607,0.978226,-0.018136,-0.118412,-0.169481
8.089129,0.139546,-0.051860,0.301871,0.978181,-0.018206,-0.118784,-0.169472
8.099189,0.139574,-0.051871,0.302219,0.978136,-0.018276,-0.119156,-0.169462
8.109254,0.139470,-0.051832,0.302664,0.978046,-0.018417,-0.119900,-0.169444
8.119319,0.139416,-0.051821,0.303193,0.977922,-0.018535,-0.120650,-0.169611
8.129382,0.139364,-0.051802,0.303722,0.977831,-0.018675,-0.121394,-0.169592
8.139444,0.139312,-0.051782,0.304251,0.977739,-0.018815,-0.122138,-0.169573
8.149508,0.139285,-0.051772,0.304515,0.977693,-0.018885,-0.122510,-0.169563
8.159570,0.139245,-0.051757,0.304911,0.977623,-0.018990,-0.123068,-0.169549
8.169633,0.139191,-0.051737,0.305440,0.977530,-0.019130,-0.123812,-0.169530
8.179695,0.139136,-0.051716,0.305968,0.977436,-0.019271,-0.124555,-0.169510
8.189759,0.139156,-0.051724,0.306411,0.977389,-0.019341,-0.124927,-0.169500
8.199824,0.139126,-0.051703,0.306772,0.977374,-0.019434,-0.125294,-0.169304
8.209890,0.139095,-0.051692,0.307192,0.977350,-0.019470,-0.125480,-0.169299
8.219949,0.138997,-0.051655,0.307661,0.977303,-0.019540,-0.125852,-0.169289
8.230012,0.138974,-0.051646,0.308045,0.977303,-0.019540,-0.125852,-0.169289
8.240077,0.138947,-0.051636,0.308369,0.977279,-0.019575,-0.126037,-0.169284
8.250142,0.138909,-0.051622,0.308885,0.977255,-0.019610,-0.126223,-0.169279
8.260204,0.138875,-0.051609,0.309305,0.977231,-0.019645,-0.126409,-0.169275
8.270266,0.138874,-0.051609,0.309521,0.977279,-0.019575,-0.126037,-0.169284
8.280329,0.138855,-0.051602,0.309809,0.977279,-0.019575,-0.126037,-0.169284
8.290395,0.138820,-0.051589,0.310229,0.977255,-0.019610,-0.126223,-0.169279
8.300448,0.138792,-0.051578,0.310553,0.977231,-0.019645,-0.126409,-0.169275
8.310500,0.138765,-0.051568,0.310937,0.977231,-0.019645,-0.126409,-0.169275
8.320552,0.138757,-0.051575,0.311093,0.977223,-0.019586,-0.126229,-0.169466
8.330617,0.138757,-0.051565,0.311308,0.977303,-0.019540,-0.125852,-0.169289
8.340682,0.138736,-0.051557,0.311596,0.977303,-0.019540,-0.125852,-0.169289
8.350744,0.138723,-0.051552,0.311848,0.977327,-0.019505,-0.125666,-0.169294
8.360807,0.138702,-0.051544,0.312136,0.977327,-0.019505,-0.125666,-0.169294
8.370869,0.138669,-0.051592,0.312387,0.977318,-0.019493,-0.125476,-0.169486
8.380896,0.138664,-0.051590,0.312603,0.977365,-0.019423,-0.125104,-0.169495
8.390958,0.138683,-0.051597,0.312591,0.977436,-0.019318,-0.124546,-0.169510
8.401011,0.138644,-0.051583,0.313011,0.977413,-0.019353,-0.124732,-0.169505
8.411075,0.138637,-0.051580,0.313166,0.977436,-0.019318,-0.124546,-0.169510
8.421139,0.138614,-0.051572,0.313454,0.977436,-0.019318,-0.124546,-0.169510
8.431203,0.138593,-0.051554,0.313741,0.977457,-0.019901,-0.124444,-0.169395
8.441265,0.138587,-0.051552,0.313957,0.977504,-0.019830,-0.124072,-0.169404
8.451328,0.138576,-0.051558,0.314113,0.977495,-0.019772,-0.123892,-0.169596
8.461391,0.138569,-0.051555,0.314328,0.977542,-0.019702,-0.123520,-0.169605
8.471455,0.138545,-0.051546,0.314616,0.977542,-0.019702,-0.123520,-0.169605
8.481519,0.138520,-0.051536,0.314963,0.977566,-0.019667,-0.123334,-0.169610
8.491582,0.138523,-0.051528,0.315082,0.977645,-0.019620,-0.122957,-0.169433
8.501641,0.138523,-0.051528,0.315261,0.977714,-0.019514,-0.122399,-0.169447
8.511703,0.138515,-0.051525,0.315417,0.977738,-0.019479,-0.122213,-0.169452
8.521764,0.138457,-0.051573,0.315800,0.977673,-0.019479,-0.122214,-0.169825
8.531829,0.138442,-0.051558,0.315992,0.977705,-0.019502,-0.122209,-0.169638
8.541890,0.138398,-0.051541,0.316411,0.977682,-0.019537,-0.122395,-0.169634
8.551953,0.138406,-0.051544,0.316434,0.977732,-0.019281,-0.122056,-0.169620
8.562017,0.138370,-0.051531,0.316817,0.977732,-0.019281,-0.122056,-0.169620
8.572077,0.138360,-0.051527,0.316973,0.977755,-0.019245,-0.121870,-0.169624
8.582140,0.138341,-0.051520,0.317164,0.977755,-0.019245,-0.121870,-0.169624
8.592203,0.138321,-0.051513,0.317415,0.977778,-0.019210,-0.121684,-0.169629
8.602264,0.138302,-0.051505,0.317666,0.977801,-0.019175,-0.121498,-0.169634
8.612326,0.138218,-0.051474,0.317930,0.977824,-0.019140,-0.121312,-0.169639
8.622386,0.138178,-0.051519,0.318180,0.977815,-0.019128,-0.121122,-0.169830
8.632449,0.138166,-0.051514,0.318395,0.977860,-0.019057,-0.120750,-0.169839
8.642513,0.138067,-0.051468,0.318731,0.977870,-0.019115,-0.120931,-0.169648
8.652573,0.138054,-0.051463,0.318945,0.977916,-0.019045,-0.120559,-0.169657
8.662635,0.137952,-0.051424,0.319281,0.977893,-0.019080,-0.120745,-0.169653
8.672697,0.137938,-0.051419,0.319495,0.977939,-0.019010,-0.120373,-0.169662
8.682759,0.137937,-0.051409,0.319614,0.978017,-0.018962,-0.119996,-0.169485
8.692822,0.137836,-0.051381,0.319973,0.978007,-0.018904,-0.119815,-0.169676
8.702886,0.137840,-0.051383,0.320056,0.978075,-0.018798,-0.119257,-0.169690
8.712939,0.137734,-0.051333,0.320510,0.978130,-0.018785,-0.119066,-0.169508
8.723000,0.137665,-0.051307,0.320641,0.978175,-0.018715,-0.118694,-0.169517
8.733059,0.137629,-0.051353,0.320855,0.978187,-0.018666,-0.118318,-0.169713
8.743118,0.137615,-0.051348,0.321010,0.978209,-0.018631,-0.118132,-0.169718
8.753183,0.137598,-0.051342,0.321224,0.978254,-0.018560,-0.117760,-0.169727
8.763243,0.137592,-0.051340,0.321343,0.978298,-0.018490,-0.117388,-0.169736
8.773321,0.137443,-0.051343,0.321868,0.978244,-0.018548,-0.117570,-0.169918
8.783384,0.137459,-0.051340,0.321855,0.978343,-0.018463,-0.117007,-0.169745
8.793438,0.137452,-0.051337,0.321974,0.978387,-0.018393,-0.116635,-0.169754
8.803490,0.137438,-0.051342,0.322152,0.978421,-0.018264,-0.116082,-0.169955
8.813540,0.137403,-0.051328,0.322438,0.978421,-0.018264,-0.116082,-0.169955
8.823601,0.137367,-0.051305,0.322783,0.978475,-0.018251,-0.115891,-0.169772
8.833661,0.137266,-0.051267,0.323081,0.978475,-0.018251,-0.115891,-0.169772
8.843723,0.137229,-0.051303,0.323295,0.978519,-0.018224,-0.115511,-0.169782
8.853783,0.137241,-0.051308,0.323282,0.978584,-0.018117,-0.114952,-0.169795
8.863844,0.137201,-0.051352,0.323495,0.978595,-0.018068,-0.114577,-0.169991
8.873910,0.137088,-0.051379,0.323698,0.978530,-0.018068,-0.114578,-0.170364
8.883972,0.137071,-0.051423,0.323780,0.978595,-0.018005,-0.114011,-0.170377
8.894035,0.136988,-0.051392,0.323947,0.978620,-0.017783,-0.113858,-0.170360
8.904096,0.136802,-0.051371,0.324256,0.978620,-0.017826,-0.113850,-0.170360
8.914158,0.136699,-0.051392,0.324422,0.978609,-0.017812,-0.113660,-0.170551
8.924218,0.136656,-0.051485,0.324563,0.978663,-0.017733,-0.112904,-0.170756
8.934278,0.136526,-0.051615,0.324634,0.978586,-0.017762,-0.112708,-0.171321
8.944339,0.136427,-0.051805,0.324847,0.978531,-0.017797,-0.112318,-0.171890
8.954399,0.136309,-0.051860,0.325013,0.978552,-0.017846,-0.112115,-0.171894
8.964459,0.136100,-0.051891,0.325322,0.978684,-0.018058,-0.112071,-0.171148
8.974521,0.135902,-0.051905,0.325571,0.978696,-0.018201,-0.112235,-0.170957
8.984583,0.135673,-0.052007,0.325843,0.978751,-0.018355,-0.112010,-0.170775
8.994643,0.135468,-0.052086,0.326020,0.978740,-0.018424,-0.111804,-0.170966
9.004702,0.135285,-0.052124,0.326138,0.978707,-0.018488,-0.111792,-0.171152
9.014763,0.135071,-0.052159,0.326446,0.978642,-0.018531,-0.111785,-0.171526
9.024826,0.134895,-0.052090,0.326732,0.978599,-0.018606,-0.112156,-0.171517
9.034886,0.134633,-0.052066,0.326992,0.978480,-0.018622,-0.112349,-0.172072
9.044940,0.134381,-0.051968,0.327324,0.978416,-0.018734,-0.112906,-0.172059
9.055001,0.134073,-0.051838,0.327630,0.978406,-0.018831,-0.113272,-0.171863
9.065062,0.133831,-0.051802,0.327794,0.978352,-0.018890,-0.113455,-0.172045
9.075122,0.133581,-0.051694,0.328147,0.978363,-0.018949,-0.113635,-0.171854
9.085187,0.133421,-0.051622,0.328359,0.978396,-0.018970,-0.113630,-0.171667
9.095249,0.133088,-0.051453,0.328853,0.978484,-0.019131,-0.113981,-0.170912
9.105310,0.132929,-0.051371,0.329063,0.978550,-0.019174,-0.113971,-0.170539
9.115369,0.132569,-0.051269,0.329556,0.978539,-0.019314,-0.114328,-0.170343
9.125430,0.132269,-0.051123,0.329823,0.978615,-0.019417,-0.114498,-0.169779
9.135489,0.131973,-0.051045,0.330305,0.978608,-0.019372,-0.114888,-0.169561
9.145552,0.131864,-0.051051,0.330468,0.978630,-0.019377,-0.114693,-0.169566
9.155614,0.131550,-0.051014,0.330948,0.978620,-0.019562,-0.115041,-0.169370
9.165676,0.131360,-0.050978,0.331193,0.978631,-0.019666,-0.115212,-0.169179
9.175734,0.130985,-0.050964,0.331552,0.978642,-0.019857,-0.115365,-0.168988
9.185796,0.130636,-0.050932,0.331816,0.978588,-0.019962,-0.115538,-0.169170
9.195859,0.130230,-0.050991,0.332174,0.978469,-0.020111,-0.115703,-0.169725
9.205916,0.129891,-0.051028,0.332594,0.978310,-0.020108,-0.116280,-0.170249
9.215975,0.129718,-0.051188,0.332756,0.978202,-0.020157,-0.116079,-0.171000
9.226036,0.129460,-0.051361,0.332927,0.978097,-0.020064,-0.115902,-0.171729
9.236095,0.129232,-0.051431,0.333134,0.978031,-0.020152,-0.115885,-0.172102
9.246157,0.128960,-0.051559,0.333436,0.977867,-0.020219,-0.115875,-0.173035
9.256220,0.128868,-0.051588,0.333467,0.977844,-0.020139,-0.115506,-0.173417
9.266282,0.128556,-0.051690,0.333646,0.977733,-0.020188,-0.115305,-0.174168
9.276346,0.128345,-0.051765,0.333759,0.977667,-0.020275,-0.115288,-0.174541
9.286408,0.127947,-0.051810,0.334055,0.977557,-0.020487,-0.115632,-0.174905
9.296470,0.127755,-0.051835,0.334166,0.977524,-0.020553,-0.115619,-0.175091
9.306522,0.127405,-0.051879,0.334259,0.977547,-0.020688,-0.115395,-0.175096
9.316575,0.127124,-0.051903,0.334415,0.977525,-0.020859,-0.115552,-0.175092
9.326640,0.126640,-0.051889,0.334502,0.977504,-0.021076,-0.115698,-0.175087
9.336702,0.126377,-0.051892,0.334621,0.977437,-0.021120,-0.115690,-0.175460
9.346765,0.126077,-0.051926,0.334833,0.977371,-0.021208,-0.115672,-0.175833
9.356829,0.125889,-0.051960,0.334907,0.977325,-0.021211,-0.115479,-0.176210
9.366886,0.125674,-0.051926,0.335205,0.977292,-0.021233,-0.115475,-0.176397
9.376892,0.125506,-0.051911,0.335279,0.977280,-0.021213,-0.115286,-0.176588
9.386947,0.125125,-0.051862,0.335628,0.977191,-0.021299,-0.115463,-0.176956
9.397011,0.124911,-0.051874,0.335831,0.977157,-0.021364,-0.115449,-0.177142
9.407116,0.124593,-0.051841,0.336208,0.977080,-0.021514,-0.115805,-0.177319
9.417181,0.124402,-0.051853,0.336317,0.977080,-0.021601,-0.115785,-0.177319
9.427247,0.124112,-0.051802,0.336598,0.977104,-0.021817,-0.116123,-0.176937
9.437312,0.123904,-0.051812,0.336764,0.977262,-0.021994,-0.115884,-0.176196
9.447374,0.123589,-0.051795,0.337081,0.977264,-0.022297,-0.116396,-0.175809
9.457429,0.123211,-0.051833,0.337239,0.977344,-0.022626,-0.116511,-0.175246
9.467491,0.122971,-0.051893,0.337440,0.977412,-0.022847,-0.116458,-0.174873
9.477551,0.122769,-0.051939,0.337510,0.977603,-0.023089,-0.116202,-0.173946
9.487614,0.122637,-0.051934,0.337703,0.977736,-0.023264,-0.116156,-0.173200
9.497667,0.122463,-0.051891,0.337810,0.977935,-0.023483,-0.116098,-0.172082
9.507727,0.122257,-0.051928,0.337916,0.977969,-0.023637,-0.116060,-0.171895
9.517787,0.122011,-0.051862,0.338029,0.978134,-0.023834,-0.116008,-0.170963
9.527847,0.121742,-0.051834,0.338179,0.978112,-0.023967,-0.116170,-0.170958
9.537909,0.121315,-0.051763,0.338377,0.978134,-0.024234,-0.116493,-0.170576
9.547969,0.121040,-0.051722,0.338561,0.978123,-0.024436,-0.116832,-0.170380
9.558030,0.120591,-0.051703,0.338758,0.978115,-0.023213,-0.117415,-0.170192
9.568090,0.120329,-0.051676,0.338869,0.978116,-0.023301,-0.117393,-0.170192
9.578151,0.120107,-0.051811,0.338866,0.978151,-0.023362,-0.116793,-0.170394
9.588212,0.119964,-0.051911,0.338929,0.978093,-0.022636,-0.116727,-0.170870
9.598271,0.119641,-0.051984,0.339097,0.977984,-0.022678,-0.116526,-0.171621
9.608331,0.119449,-0.052007,0.339166,0.977941,-0.022676,-0.116334,-0.171999
9.618392,0.119184,-0.052051,0.339168,0.977908,-0.022601,-0.115770,-0.172574
9.628454,0.118961,-0.052058,0.339365,0.977842,-0.022645,-0.115762,-0.172947
9.638516,0.118809,-0.052088,0.339557,0.977810,-0.022711,-0.115746,-0.173134
9.648580,0.118476,-0.052154,0.339759,0.977677,-0.022800,-0.115729,-0.173880
9.658641,0.118259,-0.052207,0.339863,0.977611,-0.022887,-0.115709,-0.174253
9.668704,0.117746,-0.052233,0.340184,0.977412,-0.023162,-0.116230,-0.174983
9.678767,0.117326,-0.052236,0.340499,0.977280,-0.023438,-0.116748,-0.175340
9.688829,0.116810,-0.052183,0.340658,0.977225,-0.023640,-0.116892,-0.175522
9.698892,0.116631,-0.052251,0.340596,0.977203,-0.023633,-0.116505,-0.175905
9.708956,0.116582,-0.052380,0.340544,0.977224,-0.023528,-0.115752,-0.176299
9.719010,0.116437,-0.052474,0.340605,0.977145,-0.023545,-0.115556,-0.176864
9.729064,0.116071,-0.052497,0.340681,0.977100,-0.023628,-0.115341,-0.177242
9.739129,0.115904,-0.052516,0.340654,0.977088,-0.023645,-0.115141,-0.177433
9.749191,0.115506,-0.052566,0.340801,0.976999,-0.023868,-0.115281,-0.177801
9.759255,0.115216,-0.052560,0.340943,0.976978,-0.024048,-0.115429,-0.177796
9.769319,0.114796,-0.052631,0.341124,0.976902,-0.024387,-0.115731,-0.177972
9.779383,0.114522,-0.052674,0.341137,0.976903,-0.024562,-0.115683,-0.177973
9.789449,0.114136,-0.052589,0.341157,0.977007,-0.024757,-0.115626,-0.177414
9.799502,0.113746,-0.052478,0.341249,0.976997,-0.024967,-0.115960,-0.177217
9.809555,0.113488,-0.052525,0.341188,0.977043,-0.025041,-0.115546,-0.177228
9.819618,0.113350,-0.052631,0.341175,0.977109,-0.025062,-0.114951,-0.177244
9.829671,0.113105,-0.052644,0.341113,0.977290,-0.025219,-0.114508,-0.176510
9.839736,0.112942,-0.052664,0.341047,0.977436,-0.025309,-0.114085,-0.175962
9.849802,0.112741,-0.052655,0.341145,0.977572,-0.025524,-0.114019,-0.175216
9.859867,0.112228,-0.052653,0.341417,0.977742,-0.024358,-0.114558,-0.174078
9.869893,0.111980,-0.052608,0.341462,0.977889,-0.024647,-0.114664,-0.173141
9.879958,0.111514,-0.052479,0.341516,0.978102,-0.025023,-0.114739,-0.171831
9.890023,0.111276,-0.052415,0.341560,0.978180,-0.025227,-0.114872,-0.171266
9.900076,0.110844,-0.052402,0.341610,0.978193,-0.025519,-0.114981,-0.171075
9.910139,0.110675,-0.052434,0.341543,0.978271,-0.025561,-0.114571,-0.170900
9.920193,0.110424,-0.052457,0.341478,0.978428,-0.023800,-0.114466,-0.170320
9.930257,0.110252,-0.052497,0.341411,0.978473,-0.023819,-0.114064,-0.170332
9.940322,0.109961,-0.052590,0.341383,0.978397,-0.023914,-0.113844,-0.170898
9.950388,0.109738,-0.052633,0.341480,0.978300,-0.023980,-0.113830,-0.171458
9.960453,0.109365,-0.052703,0.341743,0.978093,-0.024199,-0.114169,-0.172379
9.970515,0.109104,-0.052674,0.341823,0.977984,-0.024354,-0.114522,-0.172741
9.980578,0.108546,-0.052605,0.342110,0.977710,-0.024699,-0.115417,-0.173644
9.990631,0.108158,-0.052622,0.342263,0.977456,-0.024990,-0.116131,-0.174552
10.000683,0.107765,-0.052666,0.342379,0.977257,-0.025290,-0.116641,-0.175280
10.010735,0.107619,-0.052787,0.342381,0.977157,-0.025401,-0.116613,-0.175840
10.020787,0.107369,-0.052945,0.342385,0.977024,-0.025577,-0.116566,-0.176585
10.030842,0.107130,-0.052986,0.342515,0.977004,-0.025809,-0.116692,-0.176580
10.040894,0.106864,-0.052980,0.342556,0.976949,-0.025976,-0.116840,-0.176761
10.050949,0.106499,-0.053014,0.342815,0.976839,-0.026267,-0.117150,-0.177122
10.061012,0.106267,-0.053045,0.342946,0.976715,-0.026391,-0.117315,-0.177675
10.071048,0.105826,-0.053037,0.343241,0.976582,-0.026741,-0.117804,-0.178029
10.081104,0.105557,-0.053036,0.343281,0.976492,-0.026888,-0.117960,-0.178396
10.091167,0.105022,-0.053026,0.343360,0.976347,-0.027204,-0.118263,-0.178943
10.101227,0.104500,-0.052969,0.343474,0.976213,-0.027557,-0.118750,-0.179298
10.111289,0.104131,-0.053002,0.343476,0.976250,-0.027847,-0.118654,-0.179112
10.121343,0.104041,-0.053035,0.343403,0.976435,-0.027950,-0.118214,-0.178381
10.131395,0.103802,-0.053016,0.343331,0.976653,-0.028117,-0.117750,-0.177463
10.141457,0.103617,-0.053046,0.343295,0.976780,-0.028299,-0.117484,-0.176911
10.151520,0.103179,-0.053018,0.343331,0.976863,-0.028689,-0.117547,-0.176348
10.161584,0.102907,-0.053009,0.343367,0.976911,-0.028970,-0.117648,-0.175970
10.171643,0.102360,-0.052987,0.343475,0.976847,-0.029463,-0.118081,-0.175953
10.181707,0.102009,-0.052921,0.343582,0.976883,-0.029891,-0.118529,-0.175377
10.191771,0.101523,-0.052767,0.343687,0.977088,-0.030475,-0.118911,-0.173870
10.201835,0.101358,-0.052754,0.343648,0.977246,-0.030635,-0.118647,-0.173132
10.211895,0.101123,-0.052720,0.343573,0.977493,-0.030818,-0.118169,-0.172027
10.221958,0.101038,-0.052761,0.343462,0.977662,-0.030827,-0.117558,-0.171486
10.232020,0.100763,-0.052793,0.343424,0.977720,-0.031005,-0.117291,-0.171306
10.242083,0.100519,-0.052833,0.343549,0.977633,-0.031202,-0.117426,-0.171674
10.252184,0.100127,-0.052867,0.343618,0.977524,-0.031552,-0.117707,-0.172036
10.262246,0.099797,-0.052866,0.343814,0.977358,-0.031857,-0.118207,-0.172577
10.272309,0.099382,-0.052765,0.343919,0.977225,-0.032140,-0.118713,-0.172932
10.282374,0.098957,-0.052728,0.343952,0.977037,-0.032274,-0.118876,-0.173858
10.292438,0.098610,-0.052724,0.343948,0.976904,-0.032364,-0.118851,-0.174603
10.302493,0.098403,-0.052839,0.343838,0.976839,-0.032304,-0.118277,-0.175367
10.312547,0.098123,-0.052873,0.343835,0.976704,-0.032395,-0.118252,-0.176112
10.322609,0.097721,-0.053000,0.343758,0.976582,-0.032509,-0.117817,-0.177056
10.332671,0.097530,-0.053063,0.343683,0.976561,-0.032511,-0.117417,-0.177441
10.342735,0.097048,-0.053012,0.343873,0.976358,-0.032843,-0.117908,-0.178168
10.352797,0.096780,-0.053087,0.343996,0.976200,-0.033043,-0.118044,-0.178907
10.362860,0.096125,-0.052968,0.344289,0.975928,-0.033621,-0.119049,-0.179615
10.372915,0.095708,-0.052881,0.344351,0.975937,-0.031305,-0.119827,-0.179470
10.382979,0.095306,-0.052976,0.344306,0.975859,-0.031530,-0.119547,-0.180036
10.393044,0.095195,-0.053041,0.344229,0.975977,-0.031617,-0.119104,-0.179678
10.403109,0.094858,-0.053023,0.344145,0.976164,-0.031836,-0.118605,-0.178949
10.413174,0.094589,-0.053008,0.344135,0.976306,-0.032144,-0.118476,-0.178206
10.423237,0.094116,-0.052921,0.344280,0.976550,-0.030301,-0.119081,-0.176784
10.433300,0.093872,-0.052822,0.344340,0.976719,-0.030517,-0.119344,-0.175632
10.443364,0.093379,-0.052787,0.344502,0.976714,-0.031289,-0.120047,-0.175041
10.453428,0.093078,-0.052778,0.344599,0.976684,-0.031746,-0.120473,-0.174835
10.463529,0.092504,-0.052554,0.344790,0.976720,-0.032507,-0.121375,-0.173864
10.473592,0.092275,-0.052549,0.344690,0.976757,-0.032710,-0.121290,-0.173679
10.483656,0.092065,-0.052497,0.344806,0.976838,-0.032984,-0.121373,-0.173115
10.493721,0.091809,-0.052470,0.344756,0.977032,-0.033248,-0.121045,-0.172193
10.503774,0.091631,-0.052459,0.344748,0.977068,-0.033406,-0.120977,-0.172008
10.513836,0.091115,-0.052458,0.344890,0.976927,-0.033846,-0.121214,-0.172554
10.523892,0.090792,-0.052420,0.345075,0.976794,-0.034202,-0.121687,-0.172906
10.533949,0.090149,-0.052258,0.345352,0.976558,-0.034848,-0.122656,-0.173424
10.544012,0.089809,-0.052205,0.345372,0.976470,-0.035060,-0.122779,-0.173790
10.554075,0.089446,-0.052200,0.345354,0.976440,-0.035312,-0.122676,-0.173977
10.564140,0.089194,-0.052181,0.345304,0.976636,-0.030392,-0.123319,-0.173353
10.574205,0.088725,-0.052208,0.345282,0.976507,-0.030668,-0.123218,-0.174100
10.584267,0.088529,-0.052224,0.345271,0.976511,-0.030851,-0.123140,-0.174101
10.594328,0.088163,-0.052201,0.345287,0.976546,-0.029523,-0.123495,-0.173884
10.604393,0.087776,-0.052181,0.345375,0.976415,-0.029980,-0.123924,-0.174233
10.614458,0.087171,-0.052029,0.345518,0.976308,-0.030681,-0.124651,-0.174194
10.624523,0.086894,-0.051967,0.345607,0.976311,-0.031139,-0.125060,-0.173800
10.634585,0.086451,-0.051923,0.345632,0.976330,-0.031884,-0.125545,-0.173212
10.644648,0.086306,-0.051972,0.345658,0.976414,-0.032261,-0.125571,-0.172649
10.654713,0.085863,-0.051832,0.345805,0.976473,-0.033042,-0.126234,-0.171681
10.664777,0.085583,-0.051787,0.345856,0.976532,-0.033500,-0.126428,-0.171109
10.674842,0.085283,-0.051773,0.345907,0.976559,-0.033984,-0.126615,-0.170724
10.684902,0.084950,-0.051731,0.346084,0.976460,-0.034433,-0.127037,-0.170887
10.694966,0.084758,-0.051739,0.346070,0.976464,-0.034621,-0.126951,-0.170889
10.705029,0.084277,-0.051705,0.346184,0.976208,-0.035155,-0.127560,-0.171787
10.715094,0.083944,-0.051599,0.346268,0.976072,-0.035491,-0.128039,-0.172134
10.725156,0.083355,-0.051449,0.346369,0.975813,-0.035982,-0.128667,-0.173032
10.735219,0.083154,-0.051478,0.346357,0.975714,-0.036103,-0.128624,-0.173591
10.745282,0.082812,-0.051534,0.346209,0.975795,-0.029726,-0.129537,-0.173670
10.755347,0.082572,-0.051625,0.346196,0.975630,-0.029897,-0.129486,-0.174601
10.765409,0.082064,-0.051537,0.346192,0.975512,-0.030242,-0.129550,-0.175152
10.775472,0.081732,-0.051514,0.346331,0.975333,-0.030552,-0.129846,-0.175877
10.785535,0.081168,-0.051468,0.346434,0.974969,-0.031078,-0.130480,-0.177326
10.795587,0.080901,-0.051434,0.346449,0.974880,-0.031305,-0.130593,-0.177690
10.805641,0.080438,-0.051448,0.346432,0.974757,-0.029474,-0.131407,-0.178082
10.815695,0.080099,-0.051348,0.346471,0.974788,-0.029925,-0.131596,-0.177694
10.825759,0.079772,-0.051314,0.346385,0.974881,-0.030413,-0.131550,-0.177134
10.835822,0.079595,-0.051377,0.346244,0.974949,-0.030640,-0.131222,-0.176963
10.845884,0.079243,-0.051299,0.346243,0.975112,-0.031173,-0.131138,-0.176032
10.855947,0.078955,-0.051255,0.346286,0.975179,-0.031699,-0.131280,-0.175460
10.866011,0.078445,-0.051065,0.346412,0.975211,-0.032553,-0.131883,-0.174674
10.876075,0.078120,-0.050922,0.346483,0.975250,-0.033073,-0.132236,-0.174090
10.886139,0.077796,-0.050857,0.346428,0.975386,-0.033699,-0.132310,-0.173149
10.896201,0.077586,-0.050788,0.346348,0.975506,-0.034071,-0.132306,-0.172401
10.906285,0.077211,-0.050615,0.346353,0.975693,-0.034896,-0.132679,-0.170883
10.916340,0.076990,-0.050646,0.346187,0.975769,-0.032669,-0.133152,-0.170523
10.926393,0.076760,-0.050602,0.346145,0.975728,-0.033040,-0.133384,-0.170505
10.936459,0.076437,-0.050550,0.346130,0.975562,-0.033479,-0.133815,-0.171033
10.946524,0.076141,-0.050518,0.346210,0.975395,-0.033919,-0.134245,-0.171561
10.956586,0.075665,-0.050378,0.346248,0.975180,-0.034588,-0.134981,-0.172068
10.966640,0.075425,-0.050364,0.346207,0.975000,-0.034869,-0.135288,-0.172791
10.976703,0.075042,-0.050336,0.346096,0.974852,-0.033901,-0.135946,-0.173298
10.986768,0.074857,-0.050387,0.346026,0.974732,-0.034167,-0.136041,-0.173847
10.996832,0.074495,-0.050329,0.345914,0.974565,-0.034663,-0.136440,-0.174374
11.006892,0.074221,-0.050361,0.345871,0.974390,-0.033908,-0.136912,-0.175125
11.016956,0.073845,-0.050320,0.345757,0.974224,-0.034457,-0.137283,-0.175653
11.027022,0.073579,-0.050236,0.345833,0.974158,-0.034929,-0.137672,-0.175623
11.037086,0.073249,-0.050229,0.345905,0.974099,-0.035602,-0.137950,-0.175597
11.047150,0.073016,-0.050180,0.345856,0.974129,-0.036083,-0.138102,-0.175210
11.057202,0.072692,-0.050097,0.345830,0.974209,-0.036806,-0.138320,-0.174444
11.067254,0.072393,-0.049990,0.345806,0.974213,-0.037383,-0.138633,-0.174046
11.077308,0.072108,-0.049948,0.345659,0.974282,-0.037993,-0.138701,-0.173476
11.087360,0.071884,-0.049879,0.345607,0.974380,-0.038527,-0.138803,-0.172719
11.097412,0.071651,-0.049811,0.345552,0.974550,-0.039162,-0.138832,-0.171594
11.107465,0.071443,-0.049722,0.345500,0.974645,-0.039648,-0.138959,-0.170837
11.117531,0.071028,-0.049564,0.345402,0.974661,-0.040454,-0.139344,-0.170245
11.127590,0.070745,-0.049442,0.345377,0.974626,-0.040967,-0.139694,-0.170031
11.137652,0.070608,-0.049421,0.345304,0.974691,-0.039170,-0.140125,-0.169729
11.147715,0.070354,-0.049450,0.345038,0.974626,-0.039201,-0.140190,-0.170042
11.157775,0.070155,-0.049462,0.344869,0.974542,-0.039504,-0.140248,-0.170405
11.167842,0.069807,-0.049387,0.344749,0.974375,-0.040026,-0.140623,-0.170931
11.177903,0.069575,-0.049305,0.344607,0.974261,-0.040324,-0.140902,-0.171281
11.187963,0.069356,-0.049350,0.344438,0.974108,-0.040630,-0.140972,-0.172015
11.198023,0.069172,-0.049350,0.344270,0.973986,-0.040859,-0.141081,-0.172561
11.208084,0.068840,-0.049360,0.344032,0.973704,-0.041242,-0.141350,-0.173838
11.218146,0.068593,-0.049399,0.343769,0.973479,-0.041501,-0.141464,-0.174940
11.228210,0.068353,-0.049422,0.343503,0.973324,-0.041809,-0.141532,-0.175674
11.238274,0.068209,-0.049465,0.343215,0.973190,-0.041917,-0.141500,-0.176416
11.248335,0.067970,-0.049487,0.342950,0.973033,-0.042225,-0.141568,-0.177149
11.258397,0.067760,-0.049415,0.342897,0.973026,-0.042651,-0.141744,-0.176946
11.268457,0.067479,-0.049330,0.342650,0.973058,-0.043204,-0.141834,-0.176561
11.278518,0.067338,-0.049403,0.342452,0.973035,-0.043488,-0.141670,-0.176752
11.288580,0.067145,-0.049436,0.342060,0.973085,-0.043871,-0.141428,-0.176577
11.298643,0.067049,-0.049441,0.341860,0.973200,-0.044148,-0.141233,-0.176029
11.308705,0.066866,-0.049449,0.341464,0.973603,-0.038847,-0.141953,-0.174464
11.318765,0.066673,-0.049342,0.341407,0.973740,-0.039372,-0.142024,-0.173522
11.328825,0.066544,-0.049311,0.341102,0.974071,-0.039894,-0.141612,-0.171872
11.338887,0.066374,-0.049266,0.340924,0.974198,-0.040346,-0.141512,-0.171130
11.348950,0.066298,-0.049244,0.340724,0.974344,-0.040594,-0.141317,-0.170397
11.359009,0.066238,-0.049345,0.340189,0.974406,-0.040643,-0.140839,-0.170429
11.369070,0.066044,-0.049313,0.339921,0.974320,-0.040901,-0.140917,-0.170791
11.379129,0.065857,-0.049264,0.339651,0.974476,-0.036932,-0.141693,-0.170165
11.389188,0.065647,-0.049204,0.339598,0.974402,-0.037317,-0.141903,-0.170329
11.399249,0.065418,-0.049168,0.339232,0.974320,-0.037627,-0.141949,-0.170692
11.409313,0.065269,-0.049218,0.338940,0.974227,-0.037810,-0.141861,-0.171253
11.419371,0.065185,-0.049361,0.338407,0.974186,-0.037835,-0.141426,-0.171842
11.429432,0.065088,-0.049397,0.338214,0.974087,-0.037916,-0.141404,-0.172399
11.439493,0.064856,-0.049421,0.337946,0.973900,-0.038206,-0.141492,-0.173316
11.449553,0.064683,-0.049415,0.337775,0.973779,-0.038442,-0.141594,-0.173862
11.459613,0.064537,-0.049412,0.337384,0.973753,-0.038620,-0.141488,-0.174053
11.469675,0.064466,-0.049502,0.337069,0.973681,-0.038647,-0.141275,-0.174625
11.479734,0.064324,-0.049630,0.336656,0.973579,-0.038801,-0.140989,-0.175386
11.489796,0.064241,-0.049633,0.336458,0.973623,-0.038975,-0.140864,-0.175207
11.499862,0.064032,-0.049563,0.336085,0.973682,-0.039379,-0.140801,-0.174834
11.509928,0.063930,-0.049546,0.335790,0.973726,-0.039553,-0.140675,-0.174655
11.519989,0.063778,-0.049542,0.335396,0.973774,-0.039827,-0.140481,-0.174479
11.530052,0.063739,-0.049575,0.335076,0.973878,-0.039918,-0.140172,-0.174129
11.540104,0.063669,-0.049597,0.334657,0.974019,-0.040081,-0.139803,-0.173597
11.550169,0.063634,-0.049622,0.334336,0.974157,-0.040193,-0.139468,-0.173063
11.560231,0.063502,-0.049637,0.334038,0.974205,-0.040465,-0.139272,-0.172888
11.570292,0.063388,-0.049611,0.333734,0.974430,-0.040852,-0.138945,-0.171791
11.580352,0.063258,-0.049531,0.333555,0.974554,-0.041201,-0.138892,-0.171046
11.590414,0.063153,-0.049505,0.333254,0.974704,-0.041492,-0.138650,-0.170317
11.600473,0.063131,-0.049522,0.332935,0.974803,-0.041528,-0.138374,-0.169965
11.610535,0.063040,-0.049534,0.332419,0.974906,-0.041663,-0.138030,-0.169616
11.620594,0.063054,-0.049599,0.331981,0.974994,-0.041566,-0.137627,-0.169461
11.630657,0.062875,-0.049557,0.331709,0.974945,-0.041849,-0.137669,-0.169640
11.640717,0.062747,-0.049502,0.331535,0.974891,-0.042034,-0.137781,-0.169814
11.650793,0.062641,-0.049598,0.331122,0.974788,-0.042078,-0.137560,-0.170573
11.660854,0.062566,-0.049663,0.330711,0.974679,-0.042024,-0.137409,-0.171328
11.670917,0.062472,-0.049751,0.330300,0.974537,-0.041997,-0.137250,-0.172269
11.680979,0.062323,-0.049728,0.330128,0.974414,-0.042185,-0.137379,-0.172813
11.691041,0.062156,-0.049687,0.329858,0.974291,-0.042374,-0.137509,-0.173357
11.701105,0.062087,-0.049691,0.329662,0.974260,-0.042449,-0.137466,-0.173545
11.711165,0.061924,-0.049695,0.329174,0.974128,-0.042554,-0.137434,-0.174288
11.721227,0.061928,-0.049787,0.328739,0.974109,-0.042386,-0.137111,-0.174686
11.731287,0.061861,-0.049836,0.328325,0.974260,-0.037731,-0.137740,-0.174418
11.741350,0.061740,-0.049773,0.328149,0.974242,-0.037939,-0.137824,-0.174408
11.751415,0.061639,-0.049774,0.327854,0.974214,-0.038063,-0.137747,-0.174597
11.761479,0.061589,-0.049841,0.327538,0.974173,-0.038053,-0.137545,-0.174985
11.771624,0.061427,-0.049888,0.327147,0.974063,-0.036698,-0.137777,-0.175704
11.781685,0.061355,-0.049900,0.326951,0.973996,-0.036751,-0.137763,-0.176075
11.791747,0.061284,-0.049911,0.326756,0.973929,-0.036803,-0.137749,-0.176447
11.801799,0.061125,-0.049863,0.326484,0.973841,-0.037016,-0.137853,-0.176806
11.811852,0.061057,-0.049834,0.326190,0.973807,-0.037042,-0.137845,-0.176992
11.821915,0.060975,-0.049780,0.325798,0.973810,-0.037091,-0.137811,-0.176994
11.831976,0.060981,-0.049786,0.325482,0.973833,-0.036979,-0.137658,-0.177008
11.842039,0.060897,-0.049741,0.325090,0.973855,-0.035520,-0.137921,-0.176984
11.852102,0.060849,-0.049722,0.324893,0.973857,-0.035568,-0.137886,-0.176986
11.862166,0.060811,-0.049733,0.324476,0.973923,-0.035576,-0.137636,-0.176820
11.872231,0.060770,-0.049698,0.324276,0.973998,-0.035669,-0.137545,-0.176455
11.882291,0.060790,-0.049758,0.323835,0.974123,-0.035586,-0.137115,-0.176120
11.892353,0.060686,-0.049722,0.323758,0.974069,-0.035772,-0.137225,-0.176293
11.902414,0.060654,-0.049775,0.323442,0.974025,-0.035713,-0.137059,-0.176679
11.912477,0.060512,-0.049754,0.323268,0.973900,-0.035903,-0.137191,-0.177222
11.922540,0.060396,-0.049748,0.322875,0.973835,-0.036004,-0.137142,-0.177596
11.932604,0.060368,-0.049793,0.322557,0.973827,-0.035966,-0.136948,-0.177798
11.942665,0.060306,-0.049845,0.322141,0.973785,-0.035954,-0.136748,-0.178186
11.952729,0.060225,-0.049833,0.321846,0.973754,-0.036028,-0.136706,-0.178374
11.962789,0.060182,-0.049862,0.321430,0.973806,-0.034318,-0.136819,-0.178341
11.972852,0.060170,-0.049893,0.321113,0.973794,-0.034231,-0.136661,-0.178542
11.982903,0.060128,-0.049891,0.320600,0.973783,-0.034144,-0.136503,-0.178742
11.992964,0.060188,-0.049955,0.320262,0.973828,-0.033919,-0.136200,-0.178771
12.003024,0.060161,-0.049915,0.320064,0.973864,-0.033941,-0.136171,-0.178587
12.013084,0.060161,-0.049890,0.319647,0.973961,-0.033871,-0.135963,-0.178235
12.023145,0.060175,-0.049882,0.319327,0.974057,-0.033802,-0.135755,-0.177882
12.033207,0.060223,-0.049874,0.318786,0.974297,-0.033312,-0.135377,-0.176941
12.043263,0.060203,-0.049817,0.318586,0.974407,-0.033377,-0.135292,-0.176389
12.053324,0.060176,-0.049729,0.318285,0.974589,-0.033485,-0.135149,-0.175470
12.063384,0.060161,-0.049664,0.318083,0.974734,-0.033572,-0.135035,-0.174735
12.073444,0.060253,-0.049704,0.317554,0.974959,-0.033452,-0.134591,-0.173845
12.083509,0.060367,-0.049792,0.317057,0.975155,-0.033062,-0.133901,-0.173351
12.093569,0.060381,-0.049736,0.316634,0.975391,-0.033077,-0.133580,-0.172262
12.103630,0.060355,-0.049672,0.316468,0.975476,-0.033255,-0.133645,-0.171695
12.113690,0.060339,-0.049584,0.316131,0.975711,-0.033269,-0.133324,-0.170606
12.123752,0.060354,-0.049577,0.315811,0.975803,-0.033198,-0.133116,-0.170252
12.133808,0.060443,-0.049649,0.315250,0.975940,-0.032898,-0.132607,-0.169927
12.143873,0.060462,-0.049657,0.315065,0.975975,-0.032919,-0.132579,-0.169743
12.153933,0.060437,-0.049618,0.314866,0.976010,-0.032940,-0.132551,-0.169558
12.163997,0.060463,-0.049635,0.314646,0.976079,-0.032475,-0.132436,-0.169338
12.174055,0.060475,-0.049636,0.314327,0.976136,-0.032382,-0.132257,-0.169168
12.184119,0.060494,-0.049668,0.314109,0.976123,-0.032246,-0.132135,-0.169367
12.194208,0.060554,-0.049733,0.313770,0.976166,-0.032018,-0.131834,-0.169395
12.204271,0.060664,-0.049851,0.313408,0.976231,-0.031675,-0.131383,-0.169438
12.214334,0.060650,-0.049836,0.313309,0.976231,-0.031675,-0.131383,-0.169438
12.224394,0.060709,-0.049900,0.312970,0.976273,-0.031446,-0.131082,-0.169466
12.234453,0.060732,-0.049924,0.312750,0.976295,-0.031332,-0.130931,-0.169481
12.244513,0.060791,-0.049988,0.312410,0.976338,-0.031103,-0.130630,-0.169509
12.254574,0.060781,-0.049965,0.312310,0.976373,-0.031124,-0.130602,-0.169325
12.264637,0.060890,-0.050083,0.311948,0.976436,-0.030781,-0.130151,-0.169367
12.274700,0.060927,-0.050122,0.311827,0.976458,-0.030667,-0.130000,-0.169382
12.284764,0.060996,-0.050208,0.311587,0.976465,-0.030417,-0.129727,-0.169594
12.294827,0.061033,-0.050247,0.311466,0.976486,-0.030303,-0.129577,-0.169608
12.304887,0.061105,-0.050325,0.311224,0.976528,-0.030074,-0.129276,-0.169637
12.314950,0.061142,-0.050364,0.311103,0.976549,-0.029960,-0.129125,-0.169651
12.325014,0.061214,-0.050442,0.310861,0.976591,-0.029731,-0.128824,-0.169679
12.335079,0.061250,-0.050481,0.310740,0.976612,-0.029617,-0.128673,-0.169693
12.345140,0.061359,-0.050598,0.310377,0.976674,-0.029274,-0.128222,-0.169735
12.355201,0.061395,-0.050636,0.310256,0.976695,-0.029159,-0.128071,-0.169750
12.365262,0.061395,-0.050636,0.310256,0.976695,-0.029159,-0.128071,-0.169750
12.375325,0.061434,-0.050667,0.310134,0.976751,-0.029065,-0.127893,-0.169579
12.385389,0.061503,-0.050753,0.309893,0.976757,-0.028816,-0.127619,-0.169792
12.395449,0.061539,-0.050791,0.309772,0.976777,-0.028702,-0.127469,-0.169806
12.405510,0.061624,-0.050883,0.309628,0.976818,-0.028473,-0.127167,-0.169834
12.415570,0.061614,-0.050860,0.309528,0.976853,-0.028493,-0.127140,-0.169650
12.425633,0.061614,-0.050860,0.309528,0.976853,-0.028493,-0.127140,-0.169650
12.435692,0.061614,-0.050860,0.309528,0.976853,-0.028493,-0.127140,-0.169650
12.445755,0.061614,-0.050860,0.309528,0.976853,-0.028493,-0.127140,-0.169650
12.455817,0.061663,-0.050913,0.309506,0.976874,-0.028379,-0.126989,-0.169664
12.465878,0.061663,-0.050913,0.309506,0.976874,-0.028379,-0.126989,-0.169664
12.475894,0.061663,-0.050913,0.309506,0.976874,-0.028379,-0.126989,-0.169664
12.485957,0.061663,-0.050913,0.309506,0.976874,-0.028379,-0.126989,-0.169664
12.496011,0.061614,-0.050860,0.309528,0.976853,-0.028493,-0.127140,-0.169650
12.506074,0.061617,-0.050852,0.309527,0.976888,-0.028514,-0.127112,-0.169465
12.516135,0.061674,-0.050913,0.309470,0.976929,-0.028285,-0.126811,-0.169493
12.526197,0.061667,-0.050905,0.309504,0.976909,-0.028399,-0.126961,-0.169479
12.536256,0.061667,-0.050905,0.309504,0.976909,-0.028399,-0.126961,-0.169479
12.546318,0.061667,-0.050905,0.309504,0.976909,-0.028399,-0.126961,-0.169479
12.556380,0.061667,-0.050905,0.309504,0.976909,-0.028399,-0.126961,-0.169479
12.566443,0.061667,-0.050905,0.309504,0.976909,-0.028399,-0.126961,-0.169479
12.576504,0.061667,-0.050905,0.309504,0.976909,-0.028399,-0.126961,-0.169479
12.586569,0.061716,-0.050959,0.309482,0.976929,-0.028285,-0.126811,-0.169493
12.596629,0.061716,-0.050959,0.309482,0.976929,-0.028285,-0.126811,-0.169493
12.606692,0.061684,-0.050912,0.309602,0.976944,-0.028419,-0.126934,-0.169295
12.616753,0.061730,-0.050974,0.309580,0.976929,-0.028285,-0.126811,-0.169493
12.626814,0.061730,-0.050974,0.309580,0.976929,-0.028285,-0.126811,-0.169493
12.636874,0.061780,-0.051027,0.309558,0.976950,-0.028170,-0.126660,-0.169507
12.646935,0.061780,-0.051027,0.309558,0.976950,-0.028170,-0.126660,-0.169507
12.656995,0.061830,-0.051081,0.309535,0.976970,-0.028056,-0.126509,-0.169521
12.667058,0.061844,-0.051096,0.309634,0.976970,-0.028056,-0.126509,-0.169521
12.677122,0.061901,-0.051157,0.309576,0.977021,-0.027455,-0.126273,-0.169501
12.687185,0.061993,-0.051256,0.309565,0.977042,-0.027340,-0.126122,-0.169515
12.697246,0.062109,-0.051348,0.309521,0.977079,-0.027067,-0.125854,-0.169542
12.707308,0.062176,-0.051408,0.309595,0.977134,-0.026973,-0.125676,-0.169371
12.717372,0.062241,-0.051477,0.309671,0.977154,-0.026858,-0.125525,-0.169385
12.727439,0.062366,-0.051624,0.309823,0.977159,-0.026610,-0.125251,-0.169598
12.737498,0.062430,-0.051693,0.309899,0.977179,-0.026495,-0.125101,-0.169612
12.747560,0.062664,-0.051899,0.309905,0.977291,-0.026014,-0.124503,-0.169481
12.757620,0.062740,-0.051992,0.310079,0.977276,-0.025880,-0.124380,-0.169680
12.767682,0.062904,-0.052123,0.310328,0.977348,-0.025628,-0.124083,-0.169521
12.777746,0.063037,-0.052278,0.310444,0.977372,-0.025266,-0.123658,-0.169748
12.787808,0.063253,-0.052463,0.310669,0.977463,-0.024899,-0.123210,-0.169603
12.797871,0.063368,-0.052541,0.310940,0.977515,-0.024761,-0.123064,-0.169431
12.807925,0.063508,-0.052669,0.311410,0.977497,-0.024585,-0.122972,-0.169627
12.817985,0.063607,-0.052798,0.311816,0.977427,-0.024546,-0.123027,-0.169996
12.828047,0.063861,-0.053002,0.312104,0.977495,-0.024191,-0.122453,-0.170071
12.838109,0.063966,-0.053091,0.312412,0.977457,-0.024129,-0.122512,-0.170254
12.848254,0.064167,-0.053214,0.312945,0.977453,-0.023755,-0.122331,-0.170461
12.858316,0.064352,-0.053296,0.313413,0.977499,-0.023533,-0.122247,-0.170284
12.868377,0.064424,-0.053245,0.313830,0.977533,-0.023930,-0.122374,-0.169942
12.878439,0.064638,-0.053347,0.314399,0.977507,-0.023627,-0.122375,-0.170133
12.888492,0.064758,-0.053452,0.314992,0.977362,-0.023464,-0.122545,-0.170868
12.898555,0.065038,-0.053609,0.315538,0.977282,-0.022968,-0.122476,-0.171440
12.908621,0.065164,-0.053638,0.315937,0.977166,-0.022739,-0.122680,-0.171986
12.918682,0.065454,-0.053769,0.316707,0.976954,-0.022212,-0.122903,-0.173094
12.928745,0.065578,-0.053772,0.317326,0.976780,-0.022032,-0.123315,-0.173809
12.938808,0.065804,-0.053753,0.318145,0.976537,-0.022590,-0.123710,-0.174818
12.948873,0.066089,-0.053885,0.318593,0.976417,-0.022033,-0.123689,-0.175573
12.958935,0.066417,-0.053957,0.319267,0.976158,-0.021355,-0.124019,-0.176860
12.968998,0.066634,-0.053981,0.319862,0.975994,-0.020975,-0.124333,-0.177586
12.979059,0.066976,-0.053993,0.320752,0.975820,-0.020419,-0.124764,-0.178304
12.989122,0.067223,-0.053975,0.321343,0.975763,-0.020052,-0.125027,-0.178474
12.999176,0.067699,-0.054033,0.322085,0.975659,-0.019213,-0.125174,-0.179033
13.009240,0.067946,-0.054023,0.322676,0.975564,-0.018825,-0.125458,-0.179388
13.019301,0.068423,-0.053994,0.323535,0.975585,-0.018127,-0.125681,-0.179194
13.029363,0.068752,-0.053932,0.324223,0.975556,-0.017645,-0.125997,-0.179175
13.039424,0.069279,-0.053942,0.324961,0.975483,-0.016739,-0.126158,-0.179547
13.049489,0.069648,-0.053913,0.325525,0.975474,-0.016152,-0.126309,-0.179543
13.059562,0.070183,-0.053839,0.326384,0.975412,-0.015281,-0.126649,-0.179714
13.069625,0.070695,-0.053889,0.326894,0.975477,-0.014467,-0.126476,-0.179553
13.079686,0.070999,-0.053732,0.327603,0.975500,-0.014078,-0.126915,-0.179151
13.089751,0.071766,-0.053831,0.328255,0.975590,-0.012848,-0.126547,-0.179011
13.099812,0.072206,-0.053720,0.328815,0.975646,-0.012171,-0.126711,-0.178634
13.109876,0.072879,-0.053660,0.329737,0.975636,-0.011135,-0.126888,-0.178633
13.119937,0.073385,-0.053597,0.330268,0.975712,-0.010362,-0.126880,-0.178271
13.130000,0.074099,-0.053579,0.331066,0.975612,-0.012356,-0.126346,-0.179066
13.140063,0.074728,-0.053575,0.331445,0.975728,-0.011354,-0.126024,-0.178731
13.150127,0.075473,-0.053519,0.332238,0.975686,-0.011472,-0.125811,-0.179098
13.160192,0.076038,-0.053434,0.332860,0.975799,-0.010685,-0.125781,-0.178551
13.170254,0.076985,-0.053456,0.333468,0.975940,-0.009250,-0.125248,-0.178236
13.180319,0.077544,-0.053419,0.333869,0.975966,-0.008363,-0.125080,-0.178259
13.190381,0.078412,-0.053341,0.334625,0.975991,-0.007040,-0.124923,-0.178286
13.200445,0.079067,-0.053375,0.335090,0.975999,-0.006054,-0.124593,-0.178509
13.210510,0.080030,-0.053243,0.335717,0.976148,-0.004631,-0.124224,-0.177994
13.220572,0.080655,-0.053248,0.336119,0.976100,-0.003724,-0.124065,-0.178388
13.230626,0.081718,-0.053201,0.336586,0.976289,-0.002193,-0.123310,-0.177902
13.240680,0.082415,-0.053173,0.337041,0.976366,-0.001231,-0.122924,-0.177755
13.250741,0.083485,-0.053122,0.337503,0.976481,0.000314,-0.122180,-0.177640
13.260794,0.084266,-0.053145,0.337706,0.976552,-0.003961,-0.120468,-0.178375
13.270846,0.085349,-0.053072,0.338160,0.976672,-0.003191,-0.119558,-0.178349
13.280910,0.086093,-0.052991,0.338387,0.976806,-0.002163,-0.118962,-0.178026
13.290972,0.086939,-0.053065,0.338551,0.976909,-0.001034,-0.118013,-0.178102
13.301046,0.088071,-0.052981,0.338905,0.977029,0.000437,-0.117197,-0.177984
13.311108,0.088983,-0.053018,0.339155,0.977200,0.001543,-0.116207,-0.177688
13.321170,0.090138,-0.052964,0.339412,0.977285,0.002960,-0.115362,-0.177757
13.331231,0.091055,-0.052990,0.339473,0.977417,0.004058,-0.114370,-0.177647
13.341294,0.092386,-0.053024,0.339603,0.977482,0.005531,-0.113337,-0.177915
13.351355,0.093223,-0.052984,0.339762,0.977544,-0.001049,-0.111507,-0.178809
13.361417,0.094597,-0.052967,0.339863,0.977724,0.000180,-0.110738,-0.178304
13.371481,0.095548,-0.052940,0.339927,0.977879,0.000987,-0.110209,-0.177782
13.381545,0.096906,-0.053005,0.339964,0.977865,0.002139,-0.109641,-0.178197
13.391605,0.097891,-0.052983,0.339930,0.977983,0.002948,-0.109112,-0.177861
13.401667,0.099254,-0.052992,0.340026,0.978005,0.003917,-0.108853,-0.177882
13.411728,0.100250,-0.053000,0.340148,0.978054,0.004567,-0.108670,-0.177711
13.421791,0.101684,-0.053004,0.340050,0.978110,0.005507,-0.108382,-0.177547
13.431854,0.102674,-0.053002,0.339944,0.978249,0.006136,-0.107969,-0.177015
13.441920,0.104095,-0.052972,0.339906,0.978378,0.006855,-0.107974,-0.176272
13.451974,0.105079,-0.052955,0.339827,0.978463,0.007436,-0.107747,-0.175915
13.462035,0.106457,-0.053000,0.339776,0.978419,0.008163,-0.107787,-0.176104
13.472102,0.107453,-0.052934,0.339725,0.978449,0.008739,-0.107759,-0.175922
13.482165,0.108899,-0.053035,0.339586,0.978407,0.009554,-0.107428,-0.176320
13.492227,0.109824,-0.052920,0.339528,0.978544,0.010035,-0.107342,-0.175580
13.502289,0.111258,-0.053008,0.339411,0.978556,0.010715,-0.107145,-0.175595
13.512350,0.112311,-0.052988,0.339301,0.978677,0.011225,-0.106874,-0.175053
13.522411,0.113196,-0.052921,0.339267,0.978765,0.011590,-0.106953,-0.174490
13.532475,0.114555,-0.052911,0.339243,0.978794,0.012075,-0.107269,-0.174100
13.542536,0.115430,-0.052821,0.339274,0.978846,0.012341,-0.107711,-0.173514
13.552595,0.116794,-0.052851,0.339146,0.978890,-0.000054,-0.105746,-0.174904
13.562654,0.117712,-0.052818,0.339200,0.978894,0.000148,-0.106377,-0.174503
13.572716,0.118984,-0.052693,0.339339,0.978765,0.000483,-0.107639,-0.174447
13.582780,0.119883,-0.052783,0.339256,0.978582,0.000778,-0.108127,-0.175173
13.592844,0.121134,-0.052640,0.339454,0.978518,0.000946,-0.109716,-0.174540
13.602909,0.121935,-0.052622,0.339571,0.978448,0.001020,-0.110705,-0.174308
13.612969,0.123173,-0.052655,0.339499,0.978348,-0.003675,-0.111042,-0.174619
13.623030,0.123927,-0.052577,0.339558,0.978358,-0.003691,-0.112190,-0.173824
13.633092,0.125086,-0.052472,0.339648,0.978357,-0.003642,-0.113737,-0.172826
13.643214,0.125796,-0.052544,0.339607,0.978230,-0.003691,-0.114893,-0.172777
13.653279,0.126804,-0.052397,0.339682,0.978216,-0.003773,-0.116792,-0.171577
13.663344,0.127404,-0.052300,0.339688,0.978130,-0.003808,-0.118134,-0.171146
13.673402,0.128422,-0.052241,0.339532,0.977963,-0.003766,-0.119886,-0.170885
13.683466,0.129021,-0.052261,0.339309,0.977795,-0.003769,-0.121053,-0.171022
13.693528,0.129922,-0.052142,0.339011,0.977601,-0.003747,-0.122990,-0.170751
13.703590,0.130530,-0.052091,0.338819,0.977473,-0.003776,-0.124335,-0.170506
13.713647,0.131366,-0.052023,0.338300,0.977161,-0.003649,-0.126115,-0.170988
13.723711,0.131822,-0.052051,0.337899,0.976886,-0.003605,-0.127301,-0.171682
13.733776,0.132371,-0.051929,0.337608,0.976603,-0.003735,-0.129592,-0.171579
13.743841,0.132837,-0.051928,0.337167,0.976448,-0.003710,-0.130566,-0.171722
13.753900,0.133406,-0.051956,0.336548,0.976373,-0.003629,-0.131161,-0.171696
13.763964,0.134078,-0.051915,0.335810,0.976211,-0.003660,-0.132693,-0.171440
13.774028,0.134349,-0.051833,0.335245,0.976029,-0.003662,-0.133853,-0.171574
13.784092,0.134941,-0.051866,0.334289,0.975855,-0.003720,-0.135189,-0.171512
13.794147,0.135195,-0.051796,0.333722,0.975773,-0.003838,-0.136313,-0.171088
13.804199,0.135633,-0.051846,0.332654,0.975560,-0.016473,-0.135234,-0.172406
13.814252,0.135916,-0.051836,0.331787,0.975549,-0.016530,-0.135797,-0.172015
13.824312,0.136196,-0.051824,0.330776,0.975437,-0.016730,-0.137102,-0.171598
13.834375,0.136487,-0.051817,0.329835,0.975477,-0.016714,-0.137293,-0.171220
13.844438,0.136890,-0.051851,0.328440,0.975491,-0.016733,-0.137671,-0.170835
13.854500,0.137052,-0.051923,0.327545,0.975406,-0.016779,-0.138048,-0.171008
13.864562,0.137383,-0.051989,0.325993,0.975439,-0.016753,-0.138052,-0.170822
13.874625,0.137493,-0.052031,0.324978,0.975413,-0.016789,-0.138237,-0.170815
13.884689,0.137693,-0.052038,0.323353,0.975479,-0.016788,-0.138234,-0.170443
13.894754,0.137783,-0.052132,0.322301,0.975446,-0.016815,-0.138230,-0.170629
13.904812,0.138011,-0.052158,0.320435,0.975582,-0.016645,-0.137492,-0.170469
13.914874,0.138117,-0.052259,0.319215,0.975600,-0.016600,-0.137118,-0.170668
13.924894,0.138262,-0.052314,0.317229,0.975665,-0.019770,-0.135603,-0.171166
13.934957,0.138244,-0.052307,0.316069,0.975691,-0.019734,-0.135418,-0.171172
13.945030,0.138205,-0.052353,0.314274,0.975735,-0.019653,-0.134857,-0.171375
13.955090,0.138137,-0.052318,0.312994,0.975818,-0.019606,-0.134480,-0.171200
13.965154,0.137990,-0.052331,0.311691,0.975828,-0.019499,-0.133926,-0.171589
13.975218,0.137647,-0.052301,0.309730,0.975929,-0.019457,-0.133164,-0.171612
13.985278,0.137510,-0.052299,0.308389,0.976030,-0.019363,-0.132412,-0.171634
13.995340,0.136984,-0.052249,0.306331,0.976155,-0.019332,-0.131456,-0.171662
14.005402,0.136627,-0.052262,0.305061,0.976230,-0.019372,-0.130870,-0.171679
14.015464,0.135938,-0.052365,0.302854,0.976337,-0.019411,-0.129516,-0.172091
14.025523,0.135388,-0.052350,0.301652,0.976387,-0.019532,-0.129106,-0.172102
14.035583,0.134591,-0.052178,0.299641,0.976542,-0.019516,-0.128144,-0.171943
14.045652,0.133979,-0.052027,0.298360,0.976624,-0.019561,-0.127747,-0.171768
14.055715,0.132985,-0.051871,0.296348,0.976730,-0.019713,-0.127136,-0.171598
14.065778,0.132315,-0.051713,0.295105,0.976875,-0.020473,-0.126799,-0.170932
14.075830,0.131140,-0.051479,0.293351,0.977050,-0.020943,-0.126888,-0.169809
14.085884,0.130289,-0.051417,0.292323,0.977036,-0.021334,-0.127191,-0.169612
14.095936,0.128952,-0.051287,0.290739,0.977031,-0.021935,-0.127640,-0.169224
14.105989,0.128020,-0.051134,0.289849,0.976993,-0.022322,-0.128136,-0.169023
14.116042,0.126572,-0.051075,0.288323,0.976899,-0.022145,-0.128529,-0.169287
14.126095,0.125515,-0.050989,0.287435,0.976894,-0.022707,-0.128981,-0.168899
14.136148,0.123904,-0.050873,0.286268,0.976930,-0.023610,-0.129546,-0.168133
14.146201,0.122760,-0.050878,0.285562,0.976892,-0.024304,-0.129964,-0.167931
14.156262,0.121016,-0.050884,0.284380,0.976831,-0.025344,-0.130491,-0.167724
14.166325,0.119823,-0.050760,0.283762,0.976921,-0.026097,-0.130883,-0.166777
14.176433,0.117987,-0.050731,0.282849,0.976859,-0.027201,-0.131382,-0.166570
14.186494,0.116736,-0.050691,0.282178,0.976813,-0.027893,-0.131593,-0.166560
14.196553,0.115477,-0.050617,0.281724,0.976805,-0.028686,-0.131968,-0.166172
14.206615,0.113599,-0.050656,0.280886,0.976729,-0.029809,-0.132056,-0.166349
14.216674,0.112359,-0.050654,0.280301,0.976766,-0.030533,-0.131854,-0.166164
14.226737,0.110437,-0.050684,0.279585,0.976780,-0.031757,-0.131699,-0.165975
14.236796,0.109131,-0.050707,0.279074,0.976785,-0.032553,-0.131465,-0.165976
14.246860,0.107019,-0.050636,0.278755,0.976666,-0.034024,-0.132007,-0.165951
14.256918,0.105522,-0.050570,0.278554,0.976597,-0.033398,-0.132758,-0.165889
14.266980,0.103492,-0.050563,0.278046,0.976550,-0.034734,-0.132531,-0.166072
14.277045,0.102071,-0.050539,0.277966,0.976416,-0.035763,-0.132792,-0.166429
14.287106,0.099942,-0.050496,0.277937,0.976235,-0.037423,-0.133231,-0.166776
14.297169,0.098575,-0.050470,0.277851,0.976217,-0.038441,-0.133077,-0.166772
14.307233,0.096580,-0.050464,0.277864,0.976113,-0.039975,-0.132933,-0.167137
14.317297,0.095222,-0.050451,0.277884,0.976005,-0.041060,-0.132939,-0.167500
14.327359,0.093317,-0.050497,0.277792,0.975952,-0.042563,-0.132373,-0.167877
14.337422,0.092067,-0.050513,0.277719,0.975961,-0.043611,-0.131965,-0.167880
14.347485,0.090196,-0.050532,0.277857,0.975890,-0.045320,-0.131687,-0.168059
14.357550,0.089042,-0.050559,0.277771,0.975898,-0.046362,-0.131257,-0.168063
14.367610,0.087311,-0.050584,0.277722,0.975911,-0.047944,-0.130584,-0.168068
14.377673,0.086201,-0.050686,0.277685,0.975881,-0.048950,-0.129942,-0.168450
14.387735,0.084564,-0.050729,0.277584,0.976293,-0.043434,-0.130248,-0.167336
14.397798,0.083559,-0.050868,0.277472,0.976287,-0.044240,-0.129260,-0.167923
14.407955,0.082125,-0.050990,0.277267,0.976554,-0.043101,-0.128226,-0.167460
14.418018,0.081132,-0.051043,0.277213,0.976564,-0.044043,-0.127559,-0.167663
14.428079,0.080198,-0.051137,0.277221,0.976666,-0.044985,-0.126663,-0.167502
14.438142,0.078955,-0.051358,0.277047,0.976873,-0.046079,-0.124823,-0.167376
14.448205,0.078149,-0.051526,0.276864,0.977013,-0.046699,-0.123428,-0.167423
14.458269,0.076977,-0.051768,0.276885,0.977184,-0.047707,-0.121594,-0.167482
14.468325,0.076215,-0.051897,0.276927,0.977329,-0.048351,-0.120368,-0.167335
14.478390,0.075235,-0.052200,0.277053,0.978070,-0.039312,-0.119677,-0.165865
14.488450,0.074604,-0.052437,0.277011,0.978219,-0.039578,-0.117995,-0.166128
14.498503,0.073663,-0.052743,0.277312,0.978377,-0.040246,-0.116059,-0.166398
14.508563,0.073097,-0.052984,0.277545,0.978477,-0.040617,-0.114730,-0.166643
14.518625,0.072292,-0.053305,0.278058,0.978921,-0.034439,-0.113971,-0.165946
14.528689,0.071842,-0.053558,0.278271,0.979070,-0.034603,-0.112520,-0.166021
14.538753,0.071094,-0.053810,0.279052,0.979209,-0.035175,-0.111020,-0.166094
14.548814,0.070619,-0.054016,0.279561,0.979228,-0.035541,-0.110111,-0.166511
14.558875,0.070017,-0.054334,0.280334,0.979347,-0.035871,-0.108527,-0.166777
14.568940,0.069587,-0.054504,0.280943,0.979361,-0.036135,-0.107672,-0.167192
14.579005,0.069030,-0.054783,0.281853,0.979354,-0.036368,-0.106386,-0.168003
14.589067,0.068650,-0.054913,0.282599,0.979276,-0.036574,-0.105808,-0.168777
14.599121,0.068060,-0.055075,0.283702,0.979001,-0.036858,-0.105214,-0.170671
14.609185,0.067743,-0.055119,0.284484,0.978896,-0.037016,-0.104897,-0.171432
14.619238,0.067239,-0.055205,0.285856,0.978607,-0.037385,-0.104698,-0.173117
14.629290,0.066965,-0.055312,0.286747,0.978431,-0.037505,-0.104420,-0.174249
14.639344,0.066759,-0.055394,0.287550,0.978321,-0.037585,-0.104157,-0.175008
14.649395,0.066380,-0.055341,0.289223,0.978100,-0.038134,-0.104497,-0.175915
14.659446,0.066164,-0.055279,0.290307,0.977998,-0.038474,-0.104732,-0.176271
14.669506,0.065961,-0.055302,0.291975,0.977791,-0.038800,-0.105000,-0.177185
14.679567,0.065839,-0.055267,0.293134,0.977704,-0.038953,-0.105137,-0.177548
14.689630,0.065759,-0.055241,0.294810,0.977597,-0.039181,-0.105455,-0.177901
14.699693,0.065728,-0.055208,0.296111,0.977558,-0.039407,-0.105759,-0.177882
14.709753,0.065740,-0.055125,0.298016,0.977568,-0.039705,-0.106231,-0.177480
14.719814,0.065813,-0.055072,0.299325,0.977596,-0.039851,-0.106579,-0.177087
14.729875,0.065954,-0.054961,0.301204,0.977689,-0.039918,-0.106970,-0.176320
14.739937,0.066048,-0.054848,0.302566,0.977767,-0.039893,-0.107202,-0.175749
14.750001,0.066364,-0.054754,0.304428,0.977943,-0.039727,-0.107513,-0.174616
14.760061,0.066426,-0.054724,0.305961,0.977739,-0.039834,-0.108166,-0.175326
14.770122,0.066754,-0.054875,0.307683,0.977469,-0.039266,-0.108400,-0.176812
14.780181,0.067001,-0.054835,0.309068,0.977367,-0.038988,-0.108845,-0.177164
14.790243,0.067385,-0.054873,0.310949,0.977011,-0.038421,-0.109541,-0.178811
14.800296,0.067700,-0.054862,0.312212,0.976819,-0.037895,-0.109943,-0.179727
14.810349,0.068226,-0.054871,0.314065,0.976545,-0.037091,-0.110545,-0.181009
14.820401,0.068652,-0.054824,0.315370,0.976434,-0.036603,-0.111119,-0.181356
14.830453,0.069294,-0.054829,0.317229,0.976153,-0.035670,-0.111790,-0.182635
14.840515,0.069782,-0.054761,0.318311,0.976058,-0.034988,-0.112251,-0.182991
14.850577,0.070341,-0.054789,0.319464,0.975874,-0.034143,-0.112606,-0.183913
14.860641,0.071211,-0.054681,0.321105,0.975783,-0.032907,-0.113177,-0.184269
14.870706,0.071823,-0.054635,0.322288,0.976155,-0.010727,-0.117692,-0.182087
14.880769,0.072782,-0.054568,0.323897,0.975977,-0.009309,-0.118156,-0.182814
14.890829,0.073413,-0.054475,0.324942,0.975914,-0.008413,-0.118480,-0.182986
14.900896,0.074537,-0.054414,0.326391,0.975879,-0.006776,-0.118567,-0.183185
14.910956,0.075297,-0.054374,0.327281,0.975849,-0.005650,-0.118564,-0.183385
14.921019,0.076425,-0.054266,0.328624,0.975850,-0.004044,-0.118590,-0.183402
14.931083,0.077143,-0.054153,0.329535,0.975839,-0.003038,-0.118706,-0.183404
14.941146,0.078416,-0.054076,0.330716,0.975912,-0.001242,-0.118360,-0.183264
14.951211,0.079190,-0.053970,0.331496,0.975956,-0.000175,-0.118262,-0.183097
14.961273,0.080522,-0.053883,0.332578,0.976064,0.001578,-0.117853,-0.182774
14.971336,0.081305,-0.053755,0.333388,0.976089,-0.003037,-0.116852,-0.183266
14.981401,0.082725,-0.053710,0.334209,0.976282,-0.001203,-0.116024,-0.182784
14.991461,0.083591,-0.053614,0.334799,0.976332,-0.000164,-0.115876,-0.182618
15.001523,0.085040,-0.053585,0.335555,0.976470,0.001534,-0.115178,-0.182311
15.011587,0.085901,-0.053480,0.336173,0.976541,0.002420,-0.115141,-0.181948
15.021651,0.087443,-0.053443,0.336739,0.976752,0.004053,-0.114370,-0.181271
15.031716,0.088325,-0.053358,0.337296,0.976806,0.004813,-0.114470,-0.180898
15.041779,0.089856,-0.053334,0.337665,0.977020,0.006339,-0.113632,-0.180223
15.051842,0.090860,-0.053298,0.338057,0.977108,0.007237,-0.113366,-0.179876
15.061896,0.091701,-0.053192,0.338547,0.977110,0.007894,-0.113621,-0.179677
15.071960,0.093246,-0.053195,0.338843,0.977273,0.009254,-0.112906,-0.179177
15.082019,0.094285,-0.053163,0.339132,0.977399,0.010079,-0.112584,-0.178646
15.092083,0.095746,-0.053105,0.339520,0.977511,0.011173,-0.112360,-0.178110
15.102146,0.096762,-0.053086,0.339655,0.977549,0.011917,-0.112221,-0.177938
15.112207,0.098268,-0.053099,0.339813,0.977646,0.013005,-0.111789,-0.177602
15.122261,0.099207,-0.053035,0.339973,0.977705,0.013621,-0.111785,-0.177233
15.132323,0.100692,-0.053044,0.340190,0.977733,0.014550,-0.111697,-0.177058
15.142384,0.101651,-0.053006,0.340250,0.977794,0.015123,-0.111671,-0.176690
15.152444,0.103134,-0.052974,0.340271,0.977967,0.015937,-0.111493,-0.175773
15.162509,0.104089,-0.052929,0.340322,0.978100,0.016433,-0.111416,-0.175034
15.172569,0.105573,-0.052973,0.340202,0.978186,0.017276,-0.111069,-0.174690
15.182631,0.106438,-0.052980,0.340192,0.978321,0.002590,-0.108492,-0.176380
15.192692,0.107772,-0.052934,0.340135,0.978315,0.003348,-0.108529,-0.176382
15.202752,0.108724,-0.052967,0.340042,0.978336,0.003888,-0.108296,-0.176398
15.212812,0.110090,-0.052846,0.339936,0.978556,0.004587,-0.108067,-0.175293
15.222873,0.111015,-0.052921,0.339834,0.978615,0.005026,-0.107794,-0.175124
15.232932,0.112348,-0.052851,0.339716,0.978802,0.005661,-0.107547,-0.174206
15.242994,0.113124,-0.052836,0.339685,0.978824,0.005990,-0.107634,-0.174016
15.253052,0.114502,-0.052923,0.339424,0.978951,-0.001231,-0.105809,-0.174522
15.263115,0.115290,-0.052870,0.339386,0.979079,-0.000958,-0.105863,-0.173774
15.273226,0.116387,-0.052845,0.339401,0.979098,-0.000632,-0.106334,-0.173380
15.283289,0.117216,-0.052863,0.339389,0.979139,-0.000408,-0.106580,-0.172996
15.293351,0.117962,-0.052836,0.339452,0.979143,-0.000281,-0.107191,-0.172595
15.303414,0.119093,-0.052769,0.339398,0.979107,0.000064,-0.107864,-0.172379
15.313476,0.119808,-0.052811,0.339455,0.978941,0.000253,-0.108516,-0.172911
15.323540,0.120785,-0.052767,0.339601,0.978782,0.000427,-0.109739,-0.173042
15.333602,0.121372,-0.052668,0.339738,0.978677,0.000516,-0.110739,-0.172997
15.343662,0.122423,-0.052735,0.339704,0.978556,0.000717,-0.111574,-0.173146
15.353722,0.123054,-0.052738,0.339793,0.978471,0.000781,-0.112370,-0.173109
15.363785,0.123846,-0.052688,0.339974,0.978400,-0.007286,-0.112290,-0.173413
15.373849,0.124410,-0.052626,0.340103,0.978395,-0.007318,-0.113245,-0.172816
15.383894,0.125227,-0.052588,0.340149,0.978324,-0.008405,-0.114216,-0.172528
15.393951,0.125706,-0.052606,0.340153,0.978238,-0.008408,-0.114993,-0.172499
15.404011,0.126382,-0.052452,0.340283,0.978299,-0.008556,-0.116490,-0.171135
15.414074,0.126804,-0.052376,0.340328,0.978256,-0.008596,-0.117446,-0.170725
15.424136,0.127555,-0.052333,0.340280,0.978222,-0.008608,-0.118599,-0.170121
15.434199,0.127972,-0.052261,0.340323,0.978144,-0.008619,-0.119563,-0.169898
15.444260,0.128513,-0.052211,0.340146,0.977953,-0.008622,-0.120924,-0.170032
15.454324,0.128858,-0.052164,0.340103,0.977840,-0.008649,-0.121888,-0.169995
15.464385,0.129395,-0.052108,0.339924,0.977646,-0.008641,-0.123250,-0.170128
15.474448,0.129812,-0.052097,0.339832,0.977519,-0.008597,-0.124038,-0.170284
15.484500,0.130282,-0.052068,0.339530,0.977313,-0.008562,-0.125214,-0.170611
15.494566,0.130601,-0.052024,0.339232,0.977174,-0.008449,-0.125825,-0.170960
15.504621,0.130864,-0.051956,0.339194,0.976989,-0.008413,-0.126807,-0.171294
15.514686,0.131333,-0.051932,0.338853,0.976768,-0.008303,-0.127807,-0.171814
15.524748,0.131561,-0.051897,0.338563,0.976629,-0.008229,-0.128408,-0.172163
15.534811,0.131851,-0.051955,0.338146,0.976375,-0.008232,-0.129387,-0.172868
15.544874,0.132036,-0.051941,0.337986,0.976245,-0.008265,-0.130156,-0.173023
15.554934,0.132525,-0.051989,0.337402,0.976219,-0.008158,-0.130371,-0.173015
15.564998,0.132832,-0.052062,0.336897,0.976218,-0.008109,-0.130381,-0.173015
15.575057,0.133307,-0.052025,0.336477,0.976244,-0.008099,-0.130951,-0.172433
15.585118,0.133496,-0.052060,0.336184,0.976138,-0.008140,-0.131525,-0.172595
15.595182,0.133795,-0.052021,0.335477,0.976121,-0.008091,-0.131917,-0.172393
15.605243,0.134039,-0.051978,0.335052,0.976037,-0.007994,-0.132325,-0.172563
15.615304,0.134369,-0.051900,0.334593,0.975847,-0.017462,-0.131414,-0.173632
15.625369,0.134541,-0.051800,0.334215,0.975839,-0.017472,-0.131987,-0.173242
15.635428,0.134970,-0.051848,0.333410,0.975905,-0.017422,-0.131994,-0.172869
15.645491,0.135221,-0.051817,0.332912,0.976004,-0.017396,-0.131994,-0.172311
15.655556,0.135553,-0.051895,0.332116,0.976004,-0.017346,-0.132004,-0.172311
15.665618,0.135710,-0.051896,0.331629,0.976036,-0.017321,-0.132007,-0.172125
15.675679,0.135973,-0.051938,0.330844,0.976069,-0.017296,-0.132010,-0.171939
15.685738,0.136084,-0.051981,0.330488,0.976045,-0.017332,-0.132196,-0.171933
15.695802,0.136354,-0.052045,0.329630,0.976060,-0.017185,-0.131841,-0.172131
15.705864,0.136520,-0.052058,0.329070,0.976109,-0.017063,-0.131479,-0.172142
15.716007,0.136827,-0.052196,0.328259,0.976116,-0.016906,-0.130935,-0.172533
15.726067,0.137086,-0.052245,0.327519,0.976213,-0.016713,-0.130202,-0.172556
15.736128,0.137369,-0.052293,0.327028,0.976254,-0.018851,-0.129439,-0.172678
15.746189,0.137629,-0.052333,0.326228,0.976360,-0.018718,-0.128886,-0.172509
15.756248,0.137790,-0.052395,0.325535,0.976433,-0.018611,-0.128329,-0.172525
15.766310,0.137898,-0.052315,0.324962,0.976498,-0.018562,-0.128336,-0.172153
15.776370,0.137952,-0.052336,0.324544,0.976522,-0.018526,-0.128150,-0.172158
15.786431,0.138148,-0.052411,0.323587,0.976642,-0.018347,-0.127222,-0.172185
15.796491,0.138293,-0.052406,0.323120,0.976723,-0.018251,-0.126854,-0.172009
15.806542,0.138438,-0.052461,0.322462,0.976771,-0.018180,-0.126482,-0.172020
15.816603,0.138600,-0.052462,0.321863,0.976875,-0.018048,-0.125928,-0.171850
15.826664,0.138861,-0.052501,0.320988,0.977025,-0.017846,-0.125003,-0.171690
15.836724,0.138929,-0.052467,0.320570,0.977081,-0.017787,-0.124820,-0.171509
15.846785,0.139013,-0.052499,0.319888,0.977152,-0.017680,-0.124263,-0.171525
15.856845,0.139097,-0.052470,0.319397,0.977254,-0.017549,-0.123709,-0.171354
15.866907,0.139179,-0.052501,0.318714,0.977324,-0.017442,-0.123151,-0.171370
15.876967,0.139252,-0.052468,0.318259,0.977403,-0.017347,-0.122783,-0.171194
15.887027,0.139332,-0.052498,0.317577,0.977448,-0.018546,-0.121996,-0.171373
15.897091,0.139395,-0.052461,0.317217,0.977527,-0.018451,-0.121628,-0.171196
15.907151,0.139501,-0.052390,0.316630,0.977628,-0.018276,-0.121082,-0.171024
15.917213,0.139555,-0.052349,0.316307,0.977683,-0.018217,-0.120900,-0.170843
15.927274,0.139657,-0.052205,0.315888,0.977803,-0.018113,-0.120724,-0.170288
15.937331,0.139694,-0.052158,0.315696,0.977836,-0.018090,-0.120728,-0.170102
15.947391,0.139722,-0.052108,0.315540,0.977846,-0.018102,-0.120917,-0.169910
15.957451,0.139785,-0.052062,0.315121,0.977933,-0.018066,-0.120729,-0.169542
15.967513,0.139826,-0.052077,0.314761,0.977979,-0.017996,-0.120357,-0.169552
15.977578,0.139873,-0.052024,0.314474,0.978044,-0.017996,-0.120356,-0.169179
15.987642,0.139870,-0.052032,0.314414,0.977988,-0.018008,-0.120547,-0.169361
15.997707,0.139901,-0.052044,0.314090,0.978011,-0.017973,-0.120361,-0.169365
