t,q1,q2,q3,q4,q5,q6
0.000000,0.012795,-0.002984,0.027963,0.034829,-0.012016,-0.011254
0.010052,0.012795,-0.002984,0.027963,0.034829,-0.012016,-0.011254
0.020106,0.012795,-0.002984,0.027963,0.034829,-0.011635,-0.011254
0.030165,0.012795,-0.002984,0.027963,0.034829,-0.012016,-0.011254
0.040219,0.012795,-0.002984,0.027963,0.034829,-0.011635,-0.011254
0.050275,0.012795,-0.002984,0.027963,0.034829,-0.012016,-0.011254
0.060336,0.012795,-0.002984,0.027963,0.034829,-0.012016,-0.011254
0.070390,0.012795,-0.002984,0.027963,0.034829,-0.012016,-0.011254
0.080446,0.012795,-0.002984,0.027963,0.034829,-0.011635,-0.011254
0.090501,0.012795,-0.002984,0.027963,0.034829,-0.011635,-0.011254
0.100556,0.012795,-0.002984,0.027963,0.034829,-0.012016,-0.011254
0.110619,0.012795,-0.002984,0.027963,0.034829,-0.012016,-0.011254
0.120675,0.012795,-0.002984,0.027963,0.034829,-0.012016,-0.011254
0.130742,0.012795,-0.002984,0.027963,0.034829,-0.011635,-0.011254
0.140807,0.012795,-0.002984,0.027963,0.034829,-0.012016,-0.011254
0.150872,0.012795,-0.002984,0.027963,0.034829,-0.012016,-0.011254
0.160937,0.012795,-0.002984,0.027963,0.034829,-0.012016,-0.011254
0.170998,0.012795,-0.002984,0.027963,0.034829,-0.011635,-0.011254
0.181063,0.012795,-0.002984,0.027963,0.034829,-0.011635,-0.010872
0.191125,0.012795,-0.002984,0.027963,0.034829,-0.011635,-0.010872
0.201189,0.012795,-0.002984,0.027963,0.034829,-0.012016,-0.010872
0.211252,0.012795,-0.002984,0.027963,0.034829,-0.011635,-0.010872
0.221315,0.012795,-0.002984,0.027963,0.034829,-0.011635,-0.010872
0.231376,0.012795,-0.002984,0.027963,0.034829,-0.012016,-0.010872
0.241438,0.012795,-0.002984,0.027963,0.034829,-0.012016,-0.010872
0.251499,0.012795,-0.002984,0.027963,0.034829,-0.012016,-0.010872
0.261564,0.013177,-0.002984,0.027963,0.034829,-0.012016,-0.010872
0.271626,0.013177,-0.002984,0.027963,0.034829,-0.011635,-0.010872
0.281689,0.013177,-0.002986,0.027988,0.034807,-0.012017,-0.010872
0.291751,0.013177,-0.002991,0.028035,0.034764,-0.011635,-0.010872
0.301816,0.012795,-0.002996,0.028086,0.034718,-0.012017,-0.010872
0.311877,0.013177,-0.003001,0.028142,0.034667,-0.011635,-0.010872
0.321940,0.013177,-0.003007,0.028198,0.034617,-0.012017,-0.010872
0.331994,0.013177,-0.003012,0.028258,0.034562,-0.011635,-0.010872
0.342046,0.013177,-0.003019,0.028324,0.034503,-0.011635,-0.010872
0.352099,0.013177,-0.003025,0.028394,0.034440,-0.012017,-0.010872
0.362160,0.013177,-0.003032,0.028468,0.034372,-0.012017,-0.010872
0.372225,0.013178,-0.003039,0.028543,0.034305,-0.012017,-0.010872
0.382290,0.013178,-0.003047,0.028627,0.034229,-0.011636,-0.010872
0.392352,0.013178,-0.003055,0.028711,0.034152,-0.012018,-0.010872
0.402415,0.013178,-0.003063,0.028800,0.034071,-0.012018,-0.010873
0.412478,0.013179,-0.003072,0.028894,0.033986,-0.012019,-0.010873
0.422542,0.013179,-0.003081,0.028994,0.033895,-0.012019,-0.010873
0.432602,0.013180,-0.003090,0.029098,0.033800,-0.011638,-0.010873
0.442664,0.013180,-0.003100,0.029207,0.033701,-0.012020,-0.010873
0.452726,0.013181,-0.003110,0.029321,0.033597,-0.012021,-0.010873
0.462787,0.013182,-0.003121,0.029441,0.033488,-0.012021,-0.010873
0.472851,0.013182,-0.003131,0.029565,0.033374,-0.012022,-0.010874
0.482913,0.013183,-0.003143,0.029695,0.033256,-0.012023,-0.010874
0.492977,0.013184,-0.003154,0.029830,0.033133,-0.012024,-0.010874
0.503038,0.013185,-0.003166,0.029970,0.033004,-0.011644,-0.010874
0.513091,0.013187,-0.003178,0.030116,0.032870,-0.011645,-0.010875
0.523146,0.013188,-0.003190,0.030267,0.032732,-0.012028,-0.011257
0.533201,0.013190,-0.003203,0.030424,0.032587,-0.011648,-0.011257
0.543254,0.013191,-0.003216,0.030586,0.032438,-0.012031,-0.011257
0.553307,0.012812,-0.003229,0.030755,0.032282,-0.012033,-0.011258
0.563361,0.012814,-0.003243,0.030929,0.032121,-0.012035,-0.011258
0.573415,0.012816,-0.003256,0.031110,0.031954,-0.012037,-0.011259
0.583442,0.012819,-0.003271,0.031301,0.031778,-0.011658,-0.011260
0.593463,0.012822,-0.003285,0.031493,0.031600,-0.011661,-0.011260
0.603526,0.012825,-0.003299,0.031691,0.031416,-0.012045,-0.011261
0.613591,0.012828,-0.003313,0.031901,0.031221,-0.012048,-0.011262
0.623655,0.012832,-0.003328,0.032115,0.031021,-0.012052,-0.011263
0.633719,0.012835,-0.003343,0.032332,0.030819,-0.011674,-0.011264
0.643775,0.012840,-0.003358,0.032560,0.030605,-0.011678,-0.011265
0.653837,0.012844,-0.003372,0.032794,0.030386,-0.012064,-0.011266
0.663901,0.012849,-0.003387,0.033035,0.030160,-0.012069,-0.011268
0.673963,0.012855,-0.003402,0.033283,0.029928,-0.012074,-0.011269
0.684017,0.012861,-0.003417,0.033537,0.029688,-0.011698,-0.011270
0.694172,0.012867,-0.003432,0.033798,0.029441,-0.012086,-0.011272
0.704225,0.012874,-0.003446,0.034071,0.029184,-0.011711,-0.011274
0.714278,0.012881,-0.003461,0.034345,0.028924,-0.011718,-0.011276
0.724331,0.012889,-0.003475,0.034632,0.028652,-0.011725,-0.011278
0.734384,0.012897,-0.003489,0.034924,0.028373,-0.012115,-0.011280
0.744436,0.012906,-0.003503,0.035224,0.028087,-0.011742,-0.011282
0.754490,0.012916,-0.003516,0.035530,0.027794,-0.011751,-0.011285
0.764543,0.012926,-0.003529,0.035845,0.027493,-0.011761,-0.011287
0.774595,0.012937,-0.003542,0.036167,0.027183,-0.012153,-0.011290
0.784649,0.012948,-0.003554,0.036497,0.026865,-0.012164,-0.011293
0.794702,0.012961,-0.003566,0.036838,0.026535,-0.011795,-0.011296
0.804756,0.012974,-0.003576,0.037182,0.026202,-0.011808,-0.011300
0.814808,0.012988,-0.003587,0.037539,0.025856,-0.011821,-0.010922
0.824861,0.013003,-0.003596,0.037903,0.025501,-0.011836,-0.011307
0.834915,0.013019,-0.003605,0.038274,0.025139,-0.011851,-0.011311
0.844967,0.013036,-0.003613,0.038654,0.024768,-0.012249,-0.011316
0.855020,0.013073,-0.003626,0.039437,0.023997,-0.011903,-0.011325
0.865072,0.013093,-0.003631,0.039841,0.023598,-0.011922,-0.011331
0.875124,0.013114,-0.003635,0.040254,0.023189,-0.011943,-0.011336
0.885178,0.013137,-0.003637,0.040298,0.022766,-0.012346,-0.011342
0.895235,0.013160,-0.003638,0.040726,0.022340,-0.012369,-0.011348
0.905330,0.013185,-0.003638,0.040786,0.021898,-0.012012,-0.011354
0.915395,0.013211,-0.003637,0.040849,0.021451,-0.012037,-0.011361
0.925457,0.013239,-0.003634,0.040927,0.020989,-0.012064,-0.011368
0.935520,0.013269,-0.003629,0.040249,0.020517,-0.012474,-0.011376
0.945585,0.013299,-0.003622,0.040342,0.020036,-0.012504,-0.011384
0.955649,0.013332,-0.003232,0.039681,0.019544,-0.012535,-0.011392
0.965714,0.013366,-0.003222,0.039411,0.019042,-0.012186,-0.011401
0.975779,0.013402,-0.003209,0.038767,0.018528,-0.012221,-0.011029
0.985842,0.013439,-0.003195,0.038515,0.018003,-0.012257,-0.011039
0.995906,0.013479,-0.003178,0.037889,0.017467,-0.012296,-0.011049
1.005970,0.013520,-0.003540,0.037273,0.016920,-0.012336,-0.011060
1.016034,0.013564,-0.003519,0.036667,0.016360,-0.012378,-0.011071
1.026099,0.013609,-0.003495,0.036451,0.015789,-0.012422,-0.011083
1.036163,0.013657,-0.003468,0.035862,0.015207,-0.012468,-0.011095
1.046226,0.013326,-0.003438,0.035664,0.014612,-0.012897,-0.011108
1.056289,0.013378,-0.003405,0.034713,0.014004,-0.012566,-0.011122
1.066353,0.013432,-0.003370,0.034534,0.013385,-0.012619,-0.011136
1.076414,0.013108,-0.003331,0.033983,0.012753,-0.012674,-0.011151
1.086477,0.013168,-0.003289,0.033822,0.012109,-0.012732,-0.011547
1.096541,0.012849,-0.003243,0.033289,0.011451,-0.012792,-0.011564
1.106605,0.012532,-0.003194,0.033147,0.010781,-0.012855,-0.011580
1.116669,0.012219,-0.003141,0.032633,0.010098,-0.012921,-0.011598
1.126733,0.011908,-0.003084,0.032510,0.009402,-0.012989,-0.011616
1.136796,0.011601,-0.003024,0.032777,0.008692,-0.013060,-0.011635
1.146859,0.010915,-0.002959,0.032673,0.007969,-0.013135,-0.011655
1.156921,0.010613,-0.002890,0.032959,0.007232,-0.013212,-0.011676
1.166987,0.009934,-0.002816,0.032873,0.006482,-0.013293,-0.011698
1.177048,0.009639,-0.002738,0.032796,0.005718,-0.013377,-0.011720
1.187111,0.008967,-0.002655,0.032728,0.004939,-0.013464,-0.011744
1.197175,0.008679,-0.002567,0.033433,0.004147,-0.013555,-0.011768
1.207237,0.008395,-0.002475,0.033765,0.003340,-0.013649,-0.011793
1.217299,0.008116,-0.002377,0.034107,0.002520,-0.014129,-0.011820
1.227361,0.007840,-0.002274,0.033695,0.001684,-0.013849,-0.011847
1.237426,0.007186,-0.002165,0.034051,0.000838,-0.013955,-0.011875
1.247488,0.006918,-0.002051,0.034423,-0.000029,-0.014065,-0.011905
1.257551,0.006654,-0.001931,0.034798,-0.000906,-0.014178,-0.011935
1.267613,0.006014,-0.001805,0.034803,-0.001800,-0.014297,-0.011967
1.277668,0.006141,-0.001672,0.035580,-0.002709,-0.014419,-0.012000
1.287721,0.006272,-0.001534,0.035985,-0.003634,-0.014546,-0.012034
1.297774,0.006027,-0.001388,0.036399,-0.004575,-0.015060,-0.012069
1.307827,0.006168,-0.001237,0.036059,-0.005531,-0.014815,-0.012105
1.317880,0.006315,-0.001078,0.036491,-0.006503,-0.014956,-0.012143
1.327893,0.006085,-0.000912,0.036931,-0.007109,-0.015102,-0.012183
1.337944,0.006241,-0.000740,0.037376,-0.008108,-0.015253,-0.012223
1.348016,0.006404,-0.000559,0.037837,-0.009130,-0.015410,-0.011884
1.358076,0.006571,-0.000371,0.037155,-0.010162,-0.015572,-0.011927
1.368136,0.006744,-0.000176,0.037629,-0.010450,-0.015739,-0.011972
1.378196,0.006924,0.000028,0.037730,-0.011517,-0.015912,-0.012018
1.388255,0.007109,0.000240,0.038221,-0.012602,-0.016092,-0.012066
1.398318,0.007301,0.000460,0.038339,-0.013703,-0.016277,-0.012116
1.408378,0.007498,0.000688,0.038462,-0.014815,-0.016467,-0.012167
1.418440,0.007702,0.000925,0.038595,-0.015567,-0.016664,-0.012220
1.428500,0.007912,0.000789,0.039118,-0.016717,-0.016868,-0.012274
1.438560,0.008130,0.001045,0.039268,-0.017122,-0.016696,-0.012330
1.448622,0.008355,0.001309,0.039425,-0.018306,-0.017295,-0.012389
1.458680,0.008585,0.001582,0.039205,-0.018359,-0.017518,-0.012448
1.468743,0.008824,0.001865,0.039377,-0.019195,-0.017748,-0.012510
1.478804,0.009070,0.002159,0.039556,-0.019668,-0.017986,-0.012574
1.488857,0.009324,0.002462,0.039362,-0.020539,-0.018231,-0.012639
1.498908,0.009585,0.002776,0.039175,-0.020665,-0.018484,-0.012707
1.508960,0.009472,0.003099,0.038991,-0.020804,-0.018743,-0.012777
1.519018,0.009750,0.003433,0.038817,-0.020201,-0.018629,-0.012848
1.529080,0.010035,0.003779,0.039031,-0.020760,-0.018905,-0.012922
1.539138,0.010329,0.004135,0.038871,-0.020574,-0.019189,-0.012998
1.549199,0.010631,0.004502,0.039095,-0.021165,-0.019481,-0.013077
1.559252,0.010942,0.004881,0.039328,-0.022157,-0.020163,-0.013157
1.569312,0.011263,0.004890,0.039568,-0.022787,-0.020091,-0.013240
1.579370,0.011593,0.004911,0.039814,-0.023435,-0.020409,-0.013325
1.589432,0.011930,0.005324,0.039681,-0.024477,-0.020736,-0.013413
1.599495,0.012279,0.005750,0.040319,-0.025159,-0.021072,-0.013503
1.609554,0.012637,0.006189,0.040200,-0.025859,-0.021036,-0.013596
1.619614,0.013004,0.006639,0.040465,-0.026573,-0.021391,-0.013691
1.629676,0.013000,0.007103,0.039974,-0.026927,-0.022137,-0.013789
1.639739,0.013389,0.007580,0.040252,-0.027299,-0.022513,-0.013889
1.649803,0.013787,0.007687,0.039769,-0.026922,-0.022516,-0.013992
1.659868,0.014196,0.008190,0.040055,-0.027328,-0.022911,-0.014098
1.669929,0.014617,0.008707,0.039584,-0.026991,-0.023317,-0.014207
1.679991,0.015049,0.008857,0.039879,-0.027434,-0.023735,-0.014319
1.690051,0.015490,0.009018,0.039794,-0.027128,-0.024161,-0.014433
1.700112,0.015563,0.009195,0.039715,-0.027605,-0.024600,-0.014551
1.710177,0.016030,0.009767,0.039640,-0.027338,-0.024669,-0.014671
1.720242,0.016507,0.010353,0.039947,-0.027466,-0.025130,-0.014795
1.730303,0.016997,0.010954,0.039496,-0.027233,-0.025222,-0.014922
1.740366,0.017499,0.011187,0.039808,-0.027395,-0.025325,-0.015052
1.750431,0.017633,0.011818,0.038981,-0.026815,-0.025441,-0.015185
1.760495,0.017780,0.012464,0.038920,-0.026635,-0.025189,-0.015322
1.770602,0.017938,0.013124,0.038858,-0.025705,-0.024948,-0.015462
1.780667,0.018111,0.013419,0.039563,-0.025940,-0.024720,-0.015605
1.790719,0.018298,0.014112,0.039508,-0.026574,-0.025270,-0.015753
1.800782,0.018498,0.014437,0.039451,-0.026457,-0.025067,-0.015903
1.810846,0.018712,0.015160,0.039778,-0.026743,-0.024880,-0.016057
1.820894,0.018558,0.015517,0.039341,-0.026660,-0.023942,-0.016215
1.830957,0.018038,0.015892,0.039670,-0.026597,-0.023783,-0.016377
1.841021,0.017533,0.016283,0.039619,-0.025789,-0.022875,-0.016542
1.851087,0.017423,0.017070,0.039946,-0.026136,-0.022361,-0.016711
1.861152,0.016567,0.017494,0.039512,-0.026123,-0.020338,-0.016885
1.871206,0.015725,0.017933,0.039456,-0.026502,-0.019091,-0.017062
1.881268,0.014900,0.018010,0.039402,-0.025757,-0.015571,-0.017243
1.891331,0.014471,0.018101,0.039726,-0.026168,-0.013973,-0.017047
1.901394,0.014441,0.018593,0.040051,-0.025836,-0.012392,-0.017237
1.911456,0.014807,0.018719,0.040372,-0.026278,-0.011970,-0.017430
1.921518,0.014810,0.018483,0.040312,-0.026358,-0.011566,-0.017629
1.931582,0.015212,0.018265,0.041013,-0.026835,-0.011941,-0.017832
1.941643,0.015630,0.018062,0.041708,-0.026177,-0.012713,-0.018039
1.951706,0.016448,0.018260,0.042021,-0.026683,-0.013122,-0.018251
1.961767,0.016900,0.016948,0.041948,-0.026435,-0.013164,-0.018467
1.971829,0.017373,0.017183,0.042254,-0.026588,-0.013607,-0.018688
1.981892,0.017099,0.017051,0.042554,-0.025605,-0.012541,-0.018913
1.991956,0.017226,0.017322,0.042471,-0.026167,-0.012638,-0.019144
2.002022,0.017371,0.017608,0.042381,-0.025593,-0.011989,-0.017853
2.012086,0.017155,0.018297,0.042288,-0.025799,-0.012123,-0.018094
2.022148,0.017339,0.018620,0.042188,-0.026777,-0.012656,-0.018339
2.032211,0.016397,0.018199,0.041701,-0.026622,-0.012444,-0.018590
2.042275,0.016240,0.018561,0.041591,-0.027247,-0.013016,-0.018846
2.052339,0.015720,0.017796,0.041092,-0.027499,-0.013606,-0.019106
2.062404,0.016367,0.018196,0.040970,-0.028530,-0.014600,-0.019373
2.072470,0.016652,0.018613,0.040839,-0.028805,-0.015993,-0.016593
2.082522,0.017341,0.019051,0.040703,-0.029095,-0.017027,-0.016870
2.092575,0.017667,0.018742,0.040175,-0.029010,-0.017698,-0.017153
2.102639,0.018018,0.018836,0.040024,-0.029322,-0.018773,-0.017441
2.112691,0.018007,0.018565,0.039480,-0.028495,-0.019486,-0.017735
2.122743,0.018783,0.019079,0.039311,-0.028826,-0.019842,-0.018035
2.132795,0.018435,0.019228,0.039132,-0.028400,-0.019072,-0.018341
2.142846,0.018872,0.019776,0.038943,-0.028745,-0.018324,-0.013693
2.152899,0.018572,0.019584,0.037983,-0.028722,-0.017600,-0.014011
2.162951,0.018675,0.019790,0.037774,-0.029085,-0.017660,-0.014335
2.173004,0.018041,0.018873,0.037557,-0.028316,-0.017364,-0.014665
2.183057,0.018191,0.019117,0.037709,-0.028694,-0.017852,-0.015001
2.193109,0.018365,0.018998,0.037087,-0.028316,-0.019125,-0.015343
2.203162,0.019329,0.019664,0.037218,-0.029094,-0.020425,-0.015692
2.213214,0.019934,0.019584,0.036572,-0.028730,-0.021746,-0.016048
2.223277,0.020948,0.020289,0.036679,-0.028758,-0.023094,-0.016410
2.233338,0.021222,0.020246,0.036772,-0.028024,-0.024464,-0.016778
2.243403,0.021903,0.020222,0.036852,-0.028439,-0.025477,-0.017153
2.253467,0.022231,0.020984,0.036920,-0.028864,-0.026136,-0.017536
2.263527,0.022202,0.020617,0.036592,-0.028907,-0.026055,-0.017925
2.273589,0.022198,0.021031,0.037012,-0.029335,-0.025999,-0.018320
2.283651,0.021461,0.020323,0.037039,-0.029009,-0.024828,-0.018724
2.293714,0.021893,0.020775,0.037049,-0.029444,-0.025206,-0.019134
2.303778,0.021971,0.020863,0.036663,-0.028736,-0.024847,-0.019551
2.313842,0.022461,0.021737,0.037026,-0.028798,-0.026044,-0.019976
2.323894,0.022212,0.021863,0.036609,-0.028095,-0.026121,-0.020407
2.333950,0.022755,0.022007,0.036938,-0.028537,-0.025842,-0.020846
2.344003,0.022566,0.021410,0.036109,-0.028221,-0.024450,-0.021294
2.354066,0.022785,0.021591,0.036405,-0.029045,-0.023846,-0.021748
2.364128,0.021887,0.021027,0.035922,-0.028724,-0.020980,-0.022209
2.374191,0.022548,0.021247,0.036186,-0.029552,-0.019672,-0.022680
2.384211,0.022854,0.021481,0.035667,-0.029229,-0.017627,-0.023157
2.394276,0.023571,0.022115,0.035512,-0.029667,-0.017898,-0.023642
2.404342,0.023554,0.021621,0.034957,-0.029340,-0.018579,-0.024135
2.414402,0.024335,0.021912,0.034767,-0.030158,-0.018912,-0.024637
2.424464,0.024760,0.021453,0.034556,-0.030207,-0.019271,-0.025146
2.434524,0.025216,0.022156,0.034707,-0.031013,-0.019658,-0.025663
2.444584,0.024944,0.022116,0.034458,-0.031057,-0.018935,-0.026190
2.454645,0.025844,0.022471,0.034188,-0.031474,-0.019765,-0.026724
2.464709,0.026774,0.022843,0.033898,-0.031884,-0.021387,-0.027266
2.474763,0.027354,0.022467,0.033205,-0.030762,-0.023420,-0.027816
2.484823,0.027588,0.023257,0.033256,-0.031164,-0.025869,-0.019221
2.494885,0.027851,0.022914,0.032522,-0.030029,-0.027202,-0.019788
2.504946,0.028144,0.022969,0.032148,-0.030412,-0.028564,-0.020364
2.515008,0.029972,0.025412,0.032479,-0.031914,-0.031381,-0.021542
2.525072,0.030748,0.026280,0.032039,-0.032275,-0.032077,-0.022145
2.535134,0.030408,0.026014,0.031195,-0.031477,-0.032039,-0.022757
2.545194,0.030863,0.026144,0.031091,-0.031432,-0.032794,-0.018417
2.555254,0.030588,0.025526,0.030583,-0.030993,-0.032435,-0.019046
2.565316,0.031108,0.026066,0.030432,-0.030925,-0.032871,-0.019683
2.575379,0.030140,0.025479,0.030259,-0.030086,-0.031436,-0.020331
2.585446,0.030726,0.026048,0.030062,-0.030375,-0.031555,-0.020987
2.595509,0.030200,0.025866,0.029840,-0.029505,-0.029797,-0.021651
2.605574,0.030851,0.026079,0.029976,-0.029385,-0.029597,-0.022325
2.615635,0.030391,0.024779,0.029706,-0.028487,-0.027521,-0.023008
2.625697,0.030726,0.025399,0.029411,-0.028719,-0.026620,-0.023699
2.635760,0.031100,0.025272,0.029473,-0.027795,-0.024994,-0.024402
2.645825,0.031501,0.025536,0.029510,-0.027614,-0.024920,-0.025112
2.655886,0.031172,0.025429,0.029140,-0.027035,-0.024496,-0.025831
2.665949,0.032020,0.026096,0.029127,-0.027202,-0.024485,-0.026560
2.676068,0.032137,0.024867,0.029088,-0.026969,-0.024886,-0.027297
2.686131,0.033049,0.025175,0.029023,-0.027481,-0.026463,-0.028044
2.696195,0.033993,0.025875,0.028932,-0.028356,-0.028834,-0.028800
2.706257,0.034212,0.025826,0.028816,-0.028071,-0.031241,-0.029566
2.716318,0.035221,0.026547,0.028673,-0.028526,-0.032911,-0.030341
2.726373,0.034735,0.026132,0.028504,-0.028197,-0.034610,-0.031124
2.736434,0.035806,0.026870,0.027928,-0.028610,-0.035958,-0.031916
2.746497,0.035382,0.026092,0.027706,-0.028239,-0.036955,-0.032717
2.756558,0.036133,0.026848,0.027458,-0.028608,-0.037981,-0.033528
2.766621,0.035389,0.026849,0.027183,-0.028193,-0.035984,-0.034347
2.776684,0.035819,0.027620,0.026882,-0.028518,-0.035542,-0.035175
2.786711,0.035515,0.026873,0.026554,-0.028437,-0.033984,-0.036012
2.796775,0.036004,0.027278,0.026199,-0.028715,-0.034361,-0.036857
2.806838,0.035758,0.026926,0.025817,-0.028205,-0.032858,-0.037712
2.816895,0.036310,0.027348,0.025408,-0.028437,-0.032152,-0.038576
2.826956,0.036497,0.027768,0.024973,-0.027492,-0.029554,-0.039446
2.837018,0.037103,0.028201,0.024510,-0.027673,-0.030044,-0.040327
2.847079,0.036968,0.027110,0.024021,-0.027062,-0.029029,-0.041216
2.857144,0.038003,0.027549,0.023505,-0.027187,-0.030327,-0.042112
2.867206,0.038300,0.027612,0.022962,-0.026903,-0.031650,-0.043016
2.877269,0.039004,0.027678,0.022392,-0.026592,-0.033377,-0.043928
2.887334,0.038968,0.027366,0.021795,-0.025873,-0.033602,-0.044848
2.897398,0.039719,0.027820,0.021172,-0.025506,-0.034231,-0.045776
2.907460,0.040874,0.028659,0.020522,-0.025493,-0.034881,-0.046711
2.917523,0.040143,0.027974,0.019846,-0.024306,-0.034407,-0.047653
2.927587,0.040959,0.028436,0.019143,-0.024235,-0.035098,-0.048602
2.937650,0.039887,0.028137,0.018414,-0.023372,-0.032756,-0.049559
2.947712,0.040742,0.028220,0.017658,-0.022860,-0.032721,-0.050522
2.957775,0.040089,0.027923,0.016877,-0.021937,-0.031559,-0.051492
2.967839,0.040980,0.028007,0.016069,-0.021747,-0.032321,-0.052468
2.977903,0.040742,0.027329,0.015236,-0.020763,-0.031191,-0.053450
2.987968,0.041664,0.028176,0.014377,-0.020512,-0.032364,-0.054438
2.998033,0.041073,0.027497,0.013493,-0.019466,-0.033168,-0.055431
3.008096,0.042015,0.027194,0.012585,-0.019151,-0.033979,-0.056428
3.018157,0.041837,0.026897,0.011649,-0.018426,-0.034050,-0.057434
3.028221,0.042421,0.027353,0.010691,-0.018430,-0.035645,-0.047378
3.038286,0.042257,0.026667,0.009707,-0.018022,-0.035347,-0.048391
3.048348,0.042864,0.027122,0.008698,-0.017964,-0.035821,-0.049408
3.058411,0.042334,0.026430,0.007666,-0.017493,-0.034393,-0.050430
3.068475,0.042955,0.026878,0.006610,-0.017372,-0.035260,-0.051455
3.078539,0.042053,0.026942,0.005530,-0.016837,-0.033842,-0.052483
3.088600,0.043063,0.027382,0.004426,-0.017034,-0.033952,-0.053515
3.098662,0.042166,0.026674,0.003300,-0.016817,-0.033301,-0.054549
3.108722,0.043178,0.026723,0.002151,-0.017331,-0.034557,-0.055585
3.118801,0.042662,0.026385,0.000980,-0.016669,-0.034286,-0.056623
3.128863,0.043663,0.026800,-0.000211,-0.016736,-0.035531,-0.057660
3.138884,0.044666,0.027212,-0.001425,-0.016773,-0.037541,-0.058701
3.148892,0.043756,0.026856,-0.002661,-0.016397,-0.038021,-0.059742
3.158946,0.044748,0.026874,-0.003918,-0.016371,-0.038493,-0.060784
3.169010,0.043824,0.026503,-0.004814,-0.016313,-0.037432,-0.061826
3.179073,0.044797,0.026887,-0.006111,-0.016606,-0.038649,-0.062867
3.189138,0.043470,0.026119,-0.007428,-0.016105,-0.037567,-0.063907
3.199200,0.044412,0.026863,-0.008762,-0.015954,-0.037227,-0.064944
3.209263,0.043057,0.026458,-0.010117,-0.015391,-0.035735,-0.065981
3.219326,0.043593,0.026426,-0.011491,-0.015561,-0.034991,-0.067016
3.229391,0.042968,0.026003,-0.012501,-0.016082,-0.033085,-0.068048
3.239452,0.043469,0.026714,-0.013910,-0.016193,-0.033450,-0.069078
3.249509,0.042416,0.026267,-0.015333,-0.016273,-0.033788,-0.070101
3.259571,0.043635,0.026575,-0.016776,-0.016324,-0.035254,-0.071123
3.269635,0.042925,0.026110,-0.018235,-0.015966,-0.036316,-0.072140
3.279699,0.043715,0.026397,-0.019709,-0.015960,-0.038499,-0.073152
3.289758,0.042952,0.025909,-0.021199,-0.015545,-0.039129,-0.074159
3.299821,0.043681,0.026167,-0.022700,-0.015483,-0.040108,-0.075158
3.309880,0.042478,0.025655,-0.024217,-0.014632,-0.038773,-0.076153
3.319944,0.042771,0.025511,-0.025367,-0.014135,-0.039317,-0.077141
3.329997,0.041505,0.025355,-0.026912,-0.013612,-0.037159,-0.078121
3.340056,0.041725,0.025563,-0.028466,-0.013444,-0.037251,-0.079092
3.350120,0.041915,0.025761,-0.029272,-0.013633,-0.037313,-0.044580
3.360180,0.040924,0.025182,-0.030090,-0.013797,-0.035052,-0.045536
3.370236,0.041421,0.025353,-0.030918,-0.013936,-0.033898,-0.046483
3.380289,0.040347,0.023979,-0.031753,-0.014052,-0.032700,-0.047418
3.390341,0.041144,0.024501,-0.032601,-0.013762,-0.033376,-0.048345
3.400394,0.039993,0.023864,-0.033078,-0.013451,-0.032485,-0.039344
3.410448,0.040700,0.023590,-0.033941,-0.013116,-0.033836,-0.040248
3.420510,0.039461,0.022922,-0.034433,-0.013142,-0.034767,-0.041142
3.430574,0.040084,0.023001,-0.034933,-0.013146,-0.036036,-0.042025
3.440638,0.038747,0.021917,-0.035437,-0.013130,-0.035348,-0.042894
3.450700,0.039657,0.022345,-0.035569,-0.013094,-0.035381,-0.043752
3.460761,0.038230,0.021994,-0.035325,-0.013039,-0.034605,-0.044598
3.470826,0.038273,0.022005,-0.035847,-0.012965,-0.033776,-0.045428
3.480888,0.036745,0.021238,-0.036375,-0.012872,-0.030995,-0.046246
3.490941,0.037073,0.021600,-0.036909,-0.012762,-0.030073,-0.047051
3.500993,0.035818,0.021558,-0.036680,-0.012635,-0.028332,-0.047839
3.511047,0.036040,0.021503,-0.036838,-0.012492,-0.028070,-0.048614
3.521099,0.035065,0.021048,-0.036999,-0.012332,-0.026995,-0.049374
3.531151,0.035556,0.021716,-0.037539,-0.012157,-0.027769,-0.050118
3.541204,0.034852,0.021225,-0.037703,-0.011967,-0.028113,-0.034444
3.551257,0.034852,0.021093,-0.037864,-0.011764,-0.029163,-0.035156
3.561310,0.033654,0.020946,-0.036885,-0.011546,-0.029781,-0.035853
3.571362,0.033923,0.021540,-0.037809,-0.011316,-0.031104,-0.036532
3.581414,0.034520,0.021737,-0.038354,-0.011073,-0.031995,-0.037197
3.591467,0.033153,0.020771,-0.037754,-0.010436,-0.032831,-0.037845
3.601529,0.032868,0.020926,-0.037911,-0.009788,-0.032845,-0.038474
3.611592,0.031766,0.020683,-0.037688,-0.009511,-0.032043,-0.039088
3.621654,0.031748,0.021181,-0.038221,-0.009223,-0.031564,-0.027476
3.631717,0.030530,0.020136,-0.037228,-0.008925,-0.030270,-0.028055
3.641778,0.030395,0.020594,-0.036991,-0.008618,-0.030061,-0.028616
3.651840,0.029443,0.020654,-0.036372,-0.008302,-0.028274,-0.029160
3.661903,0.029192,0.021072,-0.036889,-0.007978,-0.026809,-0.029686
3.671963,0.027742,0.019947,-0.036259,-0.007645,-0.023766,-0.030195
3.682026,0.027757,0.020325,-0.036383,-0.007305,-0.022572,-0.030685
3.692088,0.026955,0.019923,-0.035360,-0.006958,-0.021326,-0.031158
3.702152,0.027237,0.020641,-0.035853,-0.006604,-0.021166,-0.031613
3.712205,0.026698,0.019813,-0.035194,-0.006244,-0.020188,-0.032051
3.722259,0.026868,0.020111,-0.034912,-0.005878,-0.020303,-0.032471
3.732320,0.025454,0.019624,-0.034238,-0.005507,-0.021124,-0.032874
3.742385,0.025513,0.019881,-0.034703,-0.005130,-0.021895,-0.033259
3.752447,0.025132,0.019352,-0.034012,-0.004749,-0.022992,-0.033627
3.762510,0.025081,0.019568,-0.033696,-0.004363,-0.024420,-0.033978
3.772564,0.024591,0.018998,-0.033367,-0.003974,-0.025793,-0.034311
3.782617,0.024811,0.019169,-0.033791,-0.003581,-0.026734,-0.034628
3.792706,0.023835,0.018941,-0.032683,-0.003183,-0.027244,-0.034928
3.802756,0.023568,0.019070,-0.032705,-0.002784,-0.028084,-0.035211
3.812805,0.023249,0.018797,-0.033097,-0.002382,-0.028875,-0.035477
3.822869,0.022119,0.018125,-0.032719,-0.001976,-0.029238,-0.035728
3.832929,0.021700,0.018193,-0.032707,-0.001569,-0.029551,-0.035963
3.842992,0.020851,0.018239,-0.031920,-0.001160,-0.030198,-0.036182
3.853056,0.021099,0.018267,-0.032269,-0.000748,-0.030801,-0.036385
3.863121,0.020917,0.017509,-0.032220,-0.000336,-0.031357,-0.036574
3.873182,0.020689,0.017874,-0.032158,0.000078,-0.031105,-0.036747
3.883241,0.020415,0.017074,-0.031320,0.000492,-0.031192,-0.036905
3.893303,0.020479,0.017401,-0.031617,0.000908,-0.030856,-0.037050
3.903364,0.019736,0.017324,-0.031516,0.001325,-0.029333,-0.037180
3.913425,0.019713,0.017226,-0.031400,0.001741,-0.028150,-0.037297
3.923486,0.018886,0.016726,-0.031270,0.002157,-0.026928,-0.037400
3.933539,0.018400,0.016587,-0.031507,0.002574,-0.027575,-0.037490
3.943598,0.017495,0.016430,-0.031352,0.002991,-0.027422,-0.037567
3.953662,0.016932,0.016252,-0.031179,0.003408,-0.027613,-0.037632
3.963728,0.015568,0.015671,-0.030990,0.003823,-0.027387,-0.037685
3.973788,0.014932,0.015834,-0.031167,0.004238,-0.027127,-0.037726
3.983847,0.014261,0.014832,-0.030566,0.004652,-0.027596,-0.037756
3.993908,0.013938,0.014956,-0.030331,0.005065,-0.027652,-0.037775
4.003970,0.013964,0.014678,-0.030080,0.005477,-0.027296,-0.023287
4.014031,0.013958,0.014769,-0.030204,0.005891,-0.027290,-0.023286
4.024094,0.013921,0.014469,-0.030327,0.006308,-0.027255,-0.023273
4.034156,0.013853,0.014160,-0.029685,0.006729,-0.026045,-0.023251
4.044216,0.013754,0.014223,-0.029425,0.007153,-0.025187,-0.023219
4.054278,0.013623,0.013896,-0.029545,0.007582,-0.023917,-0.023176
4.064338,0.013461,0.013941,-0.030046,0.008014,-0.022237,-0.023124
4.074400,0.013268,0.013595,-0.029783,0.008451,-0.019763,-0.023061
4.084458,0.013044,0.013620,-0.029520,0.008891,-0.018404,-0.022988
4.094520,0.012789,0.013637,-0.028874,0.009336,-0.016252,-0.022905
4.104580,0.012503,0.013644,-0.029371,0.009784,-0.014834,-0.022813
4.114643,0.012185,0.013259,-0.029486,0.010237,-0.012242,-0.022710
4.124707,0.011837,0.013246,-0.029599,0.010694,-0.010383,-0.022597
4.134766,0.011459,0.013224,-0.028948,0.011155,-0.007732,-0.016370
4.144828,0.011049,0.013191,-0.029059,0.011621,-0.007340,-0.016238
4.154888,0.010609,0.012766,-0.029169,0.012091,-0.006537,-0.016095
4.164950,0.010139,0.012713,-0.029659,0.012566,-0.005705,-0.015943
4.175015,0.009107,0.012956,-0.030634,0.013530,-0.004336,-0.015608
4.185077,0.008546,0.013253,-0.030738,0.014019,-0.003799,-0.015427
4.195138,0.008336,0.013157,-0.030077,0.014512,-0.003233,-0.015236
4.205198,0.007715,0.013432,-0.030558,0.014630,-0.002638,-0.013891
4.215264,0.007064,0.013315,-0.030657,0.015134,-0.002015,-0.013680
4.225325,0.006383,0.013186,-0.030754,0.015643,-0.001364,-0.013461
4.235385,0.005673,0.013428,-0.030849,0.016157,-0.000684,-0.013232
4.245447,0.004934,0.012895,-0.030179,0.016677,0.000024,-0.012994
4.255511,0.004166,0.013114,-0.030270,0.017202,0.000759,-0.012746
4.265571,0.003369,0.012559,-0.029596,0.017733,0.001141,-0.012490
4.275630,0.002543,0.012373,-0.029682,0.018269,0.001932,-0.012224
4.285690,0.002070,0.012176,-0.029004,0.018811,0.002750,-0.011949
4.295754,0.001187,0.011967,-0.029087,0.019360,0.003596,-0.011666
4.305818,0.000276,0.011746,-0.028404,0.019914,0.004468,-0.011374
4.315878,-0.000663,0.011894,-0.028482,0.020475,0.004986,-0.011073
4.325936,-0.001249,0.011649,-0.028176,0.021042,0.005912,-0.010763
4.335998,-0.002243,0.011391,-0.028631,0.021615,0.006864,-0.010445
4.346058,-0.003265,0.011502,-0.028320,0.022195,0.007842,-0.010118
4.356121,-0.003932,0.011601,-0.028006,0.022782,0.008847,-0.009783
4.366184,-0.005008,0.011305,-0.027309,0.023375,0.009496,-0.009440
4.376248,-0.005728,0.011378,-0.027753,0.023976,0.010170,-0.009089
4.386306,-0.006857,0.010676,-0.027814,0.024583,0.011251,-0.008730
4.396369,-0.008012,0.010723,-0.027871,0.025198,0.012357,-0.008362
4.406429,-0.009192,0.010757,-0.027545,0.025820,0.013107,-0.007987
4.416490,-0.010017,0.011159,-0.027215,0.026450,0.013881,-0.007605
4.426543,-0.011249,0.011166,-0.027264,0.027088,0.014298,-0.007214
4.436605,-0.012505,0.011541,-0.027692,0.027733,0.015502,-0.006816
4.446667,-0.013787,0.011903,-0.028498,0.028386,0.016730,-0.006411
4.456727,-0.014712,0.011869,-0.028157,0.029048,0.017982,-0.005998
4.466787,-0.016042,0.012203,-0.028194,0.029718,0.019257,-0.005960
4.476849,-0.016633,0.012141,-0.027465,0.030396,0.020173,-0.005533
4.486911,-0.017248,0.012447,-0.028259,0.030701,0.021112,-0.005099
4.496970,-0.017887,0.012357,-0.027905,0.031015,0.022455,-0.004659
4.507032,-0.018167,0.012253,-0.028311,0.031719,0.023821,-0.004212
4.517092,-0.018470,0.011753,-0.027569,0.032432,0.024445,-0.003758
4.527156,-0.019558,0.011619,-0.027586,0.033154,0.025091,-0.003297
4.537219,-0.020287,0.011089,-0.027219,0.033886,0.024232,-0.002831
4.547281,-0.021038,0.010926,-0.027230,0.034627,0.024158,-0.002358
4.557344,-0.021429,0.009985,-0.026856,0.035378,0.023723,-0.001879
4.567406,-0.021841,0.009792,-0.026859,0.036138,0.024071,-0.001394
4.577464,-0.021892,0.009202,-0.026478,0.036908,0.023294,-0.000903
4.587527,-0.022346,0.008979,-0.026475,0.037688,0.023301,-0.000407
4.597587,-0.022438,0.008739,-0.026467,0.038479,0.022564,0.000095
4.607648,-0.022932,0.008485,-0.026838,0.039279,0.022609,0.000603
4.617708,-0.023827,0.008596,-0.026441,0.040090,0.021529,0.001116
4.627769,-0.024741,0.008691,-0.026804,0.040912,0.021230,0.001634
4.637821,-0.025293,0.008770,-0.027163,0.041745,0.019424,0.002157
4.647883,-0.026245,0.008834,-0.027518,0.042588,0.018399,0.002686
4.657947,-0.026833,0.009263,-0.027869,0.043442,0.018154,0.003219
4.668009,-0.027058,0.009293,-0.027834,0.043926,0.016019,0.003756
4.678071,-0.028063,0.009308,-0.027795,0.044803,0.015808,0.004299
4.688134,-0.027941,0.008925,-0.027752,0.045691,0.015232,0.004846
4.698198,-0.028218,0.008906,-0.027705,0.046209,0.015818,0.005397
4.708250,-0.028130,0.008871,-0.027654,0.046357,0.016419,0.005953
4.718310,-0.028820,0.009200,-0.027979,0.046517,0.017799,0.005749
4.728373,-0.028764,0.009132,-0.027538,0.046689,0.019194,0.006313
4.738432,-0.029486,0.009046,-0.027473,0.047254,0.019841,0.006880
4.748494,-0.029460,0.008943,-0.027023,0.047450,0.020121,0.007452
4.758556,-0.029831,0.008822,-0.027330,0.048040,0.021178,0.008026
4.768619,-0.029071,0.008303,-0.027252,0.047879,0.021868,0.008605
4.778683,-0.029470,0.008148,-0.027551,0.048494,0.023335,0.009186
4.788735,-0.029120,0.008357,-0.026700,0.048740,0.024815,0.006338
4.798786,-0.029545,0.008167,-0.026608,0.048617,0.025545,0.006926
4.808839,-0.029603,0.007577,-0.026129,0.047744,0.025905,0.007517
4.818903,-0.029673,0.007352,-0.026408,0.048028,0.026660,0.008111
4.828965,-0.028993,0.007108,-0.026301,0.047943,0.026664,0.008708
4.839027,-0.029468,0.006846,-0.026571,0.048253,0.027061,0.009308
4.849081,-0.028812,0.006948,-0.026072,0.048195,0.026706,0.009910
4.859142,-0.029310,0.006650,-0.025950,0.048532,0.026743,0.010514
4.869267,-0.029057,0.006334,-0.025822,0.048119,0.024884,0.011121
4.879319,-0.029577,0.006000,-0.026071,0.048482,0.024942,0.011730
4.889372,-0.030107,0.005647,-0.026314,0.048859,0.025392,0.012341
4.899424,-0.029503,0.005275,-0.026171,0.048868,0.023943,0.012954
4.909476,-0.030053,0.004885,-0.026403,0.049272,0.023268,0.013569
4.919531,-0.029467,0.004476,-0.025868,0.048927,0.021456,0.009608
4.929592,-0.030035,0.004049,-0.026089,0.048977,0.021179,0.010226
4.939655,-0.029848,0.003602,-0.025924,0.048659,0.019766,0.010846
4.949719,-0.030432,0.003137,-0.026134,0.048737,0.020268,0.011468
4.959782,-0.029880,0.002653,-0.025957,0.048447,0.020397,0.012091
4.969847,-0.030479,0.002150,-0.026156,0.048934,0.020914,0.012715
4.979893,-0.029942,0.001628,-0.025586,0.048672,0.021438,0.013340
4.989949,-0.030555,0.001086,-0.025772,0.049187,0.022350,0.013966
5.000010,-0.030412,0.000526,-0.025572,0.048953,0.022887,0.014594
5.010071,-0.031038,-0.000054,-0.025747,0.049496,0.024956,0.015222
5.020130,-0.030525,-0.000653,-0.025152,0.048909,0.026268,0.015850
5.030190,-0.030781,-0.001271,-0.024933,0.049099,0.027585,0.016480
5.040250,-0.030279,-0.001909,-0.024326,0.048922,0.028526,0.017110
5.050313,-0.030926,-0.002566,-0.024858,0.049140,0.029472,0.017741
5.060373,-0.030434,-0.003243,-0.024238,0.049372,0.029659,0.018372
5.070433,-0.030708,-0.003558,-0.024375,0.049619,0.030231,0.015188
5.080520,-0.030224,-0.004274,-0.023742,0.049498,0.029282,0.015820
5.090580,-0.030506,-0.005009,-0.023866,0.049773,0.029481,0.016451
5.100642,-0.030791,-0.005764,-0.023602,0.050062,0.029301,0.017083
5.110706,-0.030316,-0.006538,-0.023712,0.050365,0.027980,0.017715
5.120767,-0.030607,-0.007332,-0.023815,0.050682,0.027425,0.015295
5.130828,-0.030138,-0.007765,-0.023530,0.051014,0.025728,0.015926
5.140887,-0.030433,-0.008217,-0.023238,0.051359,0.024796,0.016557
5.150949,-0.029968,-0.009070,-0.022558,0.050956,0.022721,0.017188
5.161010,-0.030267,-0.009943,-0.022633,0.051329,0.021792,0.017818
5.171070,-0.030185,-0.010454,-0.022701,0.050953,0.020102,0.016159
5.181135,-0.030486,-0.011366,-0.022762,0.051354,0.019939,0.016788
5.191195,-0.030025,-0.011917,-0.022434,0.051769,0.019776,0.017417
5.201257,-0.030709,-0.012487,-0.022480,0.052961,0.020758,0.018045
5.211317,-0.030630,-0.013077,-0.022518,0.053785,0.021741,0.018672
5.221378,-0.031313,-0.013686,-0.022549,0.054622,0.023105,0.019298
5.231440,-0.031234,-0.014697,-0.022191,0.055092,0.024469,0.019923
5.241501,-0.031916,-0.015727,-0.022206,0.055575,0.026213,0.020547
5.251560,-0.031072,-0.016395,-0.022214,0.055690,0.027576,0.021171
5.261621,-0.031371,-0.017083,-0.022595,0.056199,0.028938,0.021793
5.271681,-0.030525,-0.017791,-0.022206,0.057485,0.030679,0.022414
5.281744,-0.031202,-0.018518,-0.022190,0.058402,0.032038,0.023034
5.291826,-0.030734,-0.018501,-0.022166,0.058570,0.032251,0.023652
5.301876,-0.030644,-0.019267,-0.022133,0.058750,0.033225,0.024269
5.311927,-0.031316,-0.019670,-0.021711,0.058943,0.033433,0.024885
5.321985,-0.030840,-0.019712,-0.021662,0.058386,0.032495,0.025499
5.332038,-0.030743,-0.020154,-0.021605,0.058604,0.032318,0.026112
5.342098,-0.029499,-0.019853,-0.021921,0.058071,0.029848,0.026723
5.352161,-0.029777,-0.020333,-0.021847,0.058314,0.028520,0.027332
5.362221,-0.028907,-0.019688,-0.021382,0.058950,0.025663,0.027940
5.372281,-0.029560,-0.019444,-0.021672,0.059599,0.024710,0.028546
5.382342,-0.029064,-0.019218,-0.021572,0.059114,0.023753,0.026099
5.392403,-0.029709,-0.019774,-0.021844,0.059786,0.023937,0.026701
5.402468,-0.029586,-0.019204,-0.021344,0.059325,0.022591,0.027302
5.412528,-0.029460,-0.019416,-0.021217,0.059638,0.022385,0.027901
5.422591,-0.029328,-0.018884,-0.021081,0.058436,0.021412,0.028497
5.432651,-0.029573,-0.019133,-0.020936,0.058772,0.021960,0.029092
5.442710,-0.029432,-0.019019,-0.020400,0.058355,0.022122,0.029685
5.452768,-0.030048,-0.019304,-0.020618,0.058330,0.023042,0.030276
5.462832,-0.029514,-0.019226,-0.020445,0.057553,0.023575,0.030864
5.472892,-0.029738,-0.019166,-0.020262,0.057549,0.024866,0.031451
5.482951,-0.029575,-0.019124,-0.019689,0.056410,0.025007,0.032035
5.493004,-0.029787,-0.019481,-0.019487,0.056045,0.026287,0.032618
5.503055,-0.029231,-0.019474,-0.019276,0.054544,0.026799,0.033197
5.513112,-0.029812,-0.019866,-0.019055,0.054579,0.028067,0.033775
5.523171,-0.030388,-0.019894,-0.018824,0.054623,0.028948,0.023288
5.533232,-0.029430,-0.019558,-0.018584,0.053532,0.028678,0.023861
5.543291,-0.029611,-0.020002,-0.018715,0.053213,0.028402,0.024431
5.553352,-0.029022,-0.020081,-0.018073,0.052520,0.026594,0.024999
5.563413,-0.029189,-0.020558,-0.018184,0.052599,0.025923,0.025565
5.573473,-0.028586,-0.020289,-0.017904,0.052304,0.023338,0.026129
5.583527,-0.028357,-0.020417,-0.018376,0.052781,0.022654,0.026690
5.593590,-0.027739,-0.020562,-0.018457,0.052502,0.021200,0.027248
5.603653,-0.028259,-0.021105,-0.018527,0.052993,0.021265,0.027804
5.613713,-0.028008,-0.020900,-0.018969,0.052729,0.020559,0.028357
5.623776,-0.028512,-0.021093,-0.019019,0.053234,0.021372,0.028908
5.633836,-0.028245,-0.020919,-0.019439,0.052983,0.021796,0.029456
5.643890,-0.028352,-0.021524,-0.019468,0.053883,0.022976,0.030002
5.653944,-0.028069,-0.021381,-0.019867,0.053644,0.023003,0.030545
5.664006,-0.028160,-0.021634,-0.020256,0.054175,0.023785,0.031085
5.674068,-0.027861,-0.021521,-0.019871,0.053948,0.024560,0.031623
5.684130,-0.028316,-0.022185,-0.020239,0.054489,0.025327,0.032158
5.694192,-0.028001,-0.022100,-0.020214,0.053891,0.026085,0.032690
5.704252,-0.027676,-0.022792,-0.020178,0.054060,0.026835,0.033219
5.714305,-0.026962,-0.022736,-0.019750,0.053471,0.025289,0.018106
5.724365,-0.027383,-0.023074,-0.019311,0.054031,0.025641,0.018630
5.734418,-0.027414,-0.023808,-0.019242,0.054213,0.025985,0.019151
5.744472,-0.027055,-0.024173,-0.018781,0.054398,0.025175,0.019670
5.754524,-0.027449,-0.024932,-0.019071,0.054969,0.024739,0.020185
5.764577,-0.026691,-0.024179,-0.018969,0.054779,0.023913,0.020698
5.774638,-0.026686,-0.024582,-0.019237,0.055737,0.023459,0.021208
5.784702,-0.026290,-0.024616,-0.019113,0.055553,0.021852,0.015231
5.794766,-0.026648,-0.025043,-0.019358,0.056133,0.020999,0.015735
5.804830,-0.026234,-0.024338,-0.019211,0.055953,0.019756,0.014711
5.814890,-0.026573,-0.024408,-0.019434,0.056537,0.019648,0.015210
5.824943,-0.025759,-0.024107,-0.019645,0.055978,0.019150,0.015706
5.835006,-0.027916,-0.026208,-0.019652,0.058295,0.021177,0.016689
5.845066,-0.027454,-0.025940,-0.019829,0.057738,0.021033,0.017177
5.855129,-0.027746,-0.026063,-0.019994,0.057562,0.021261,0.017661
5.865189,-0.027646,-0.025814,-0.020148,0.056623,0.021861,0.018143
5.875249,-0.027918,-0.025957,-0.019909,0.056828,0.022833,0.018622
5.885309,-0.027417,-0.025347,-0.020039,0.055506,0.024177,0.019098
5.895373,-0.027288,-0.025889,-0.020158,0.055327,0.025130,0.019571
5.905437,-0.026768,-0.025297,-0.019883,0.054002,0.025692,0.020041
5.915499,-0.027001,-0.025476,-0.019978,0.053819,0.026244,0.020508
5.925562,-0.026079,-0.024900,-0.019680,0.052872,0.027550,0.014869
5.935626,-0.026673,-0.025095,-0.019752,0.052684,0.028847,0.015330
5.945682,-0.026113,-0.024535,-0.019048,0.051350,0.030133,0.015788
5.955745,-0.025924,-0.025127,-0.019096,0.051157,0.031410,0.016244
5.965807,-0.025725,-0.026108,-0.019132,0.050960,0.031533,0.015171
5.975870,-0.025516,-0.025570,-0.018393,0.050378,0.030884,0.015621
5.985930,-0.025678,-0.025801,-0.018024,0.050555,0.030987,0.016068
5.995992,-0.025067,-0.026039,-0.016880,0.050346,0.029936,0.016511
6.006055,-0.025209,-0.026283,-0.016868,0.050514,0.029257,0.016953
6.016119,-0.024578,-0.025769,-0.016463,0.049913,0.027042,0.017391
6.026181,-0.024318,-0.026406,-0.016428,0.050834,0.025962,0.015537
6.036244,-0.023285,-0.026284,-0.015999,0.050985,0.022202,0.015588
6.046304,-0.023768,-0.026168,-0.015939,0.051512,0.020720,0.016017
6.056366,-0.023477,-0.025293,-0.015868,0.052033,0.018848,0.015681
6.066429,-0.023939,-0.025949,-0.015784,0.052929,0.018872,0.016105
6.076490,-0.024009,-0.025464,-0.015689,0.053054,0.017743,0.016526
6.086553,-0.024069,-0.025746,-0.015581,0.053554,0.018129,0.016943
6.096613,-0.022975,-0.025268,-0.015462,0.052902,0.017361,0.017359
6.106675,-0.023395,-0.025938,-0.015330,0.053387,0.017347,0.017771
6.116736,-0.023043,-0.024703,-0.015187,0.053100,0.017703,0.018180
6.126800,-0.023443,-0.025378,-0.015032,0.053187,0.018813,0.018586
6.136861,-0.023452,-0.025293,-0.014864,0.053265,0.019531,0.018990
6.146925,-0.023832,-0.025209,-0.014685,0.053333,0.020621,0.019391
6.156979,-0.023438,-0.024746,-0.014494,0.052630,0.021701,0.019788
6.167043,-0.023416,-0.025047,-0.014290,0.052680,0.023153,0.020183
6.177229,-0.022620,-0.024586,-0.014075,0.051575,0.023068,0.020576
6.187292,-0.022959,-0.025270,-0.013848,0.051223,0.023737,0.020965
6.197355,-0.023287,-0.025955,-0.013609,0.051243,0.024396,0.021351
6.207419,-0.022842,-0.025496,-0.013359,0.050488,0.025426,0.021735
6.217484,-0.023150,-0.025418,-0.013096,0.050485,0.026828,0.022116
6.227546,-0.023447,-0.024959,-0.012821,0.049709,0.027839,0.022494
6.237607,-0.023353,-0.025643,-0.012535,0.049302,0.028840,0.022869
6.247671,-0.022486,-0.025182,-0.012237,0.048120,0.029068,0.023242
6.257732,-0.022371,-0.025864,-0.011927,0.048070,0.028523,0.023611
6.267795,-0.021864,-0.025782,-0.011606,0.046864,0.027205,0.023978
6.277858,-0.022111,-0.026079,-0.011272,0.047552,0.027404,0.024342
6.287918,-0.021965,-0.025230,-0.010927,0.047083,0.027592,0.024703
6.297981,-0.022192,-0.025905,-0.010571,0.047364,0.028534,0.025062
6.308035,-0.022026,-0.025814,-0.010202,0.046487,0.027559,0.025418
6.318100,-0.021850,-0.026102,-0.009823,0.046741,0.026573,0.025771
6.328162,-0.021283,-0.025624,-0.009431,0.046218,0.023671,0.026121
6.338222,-0.021087,-0.026286,-0.009028,0.046444,0.021141,0.026469
6.348284,-0.020499,-0.025420,-0.008614,0.046655,0.017837,0.026814
6.358346,-0.020665,-0.025694,-0.008188,0.047233,0.017195,0.027156
6.368407,-0.020439,-0.025963,-0.007751,0.047034,0.016161,0.023681
6.378469,-0.020966,-0.026229,-0.007303,0.047200,0.016644,0.024017
6.388532,-0.021101,-0.025345,-0.006843,0.047352,0.017116,0.024351
6.398596,-0.021989,-0.025601,-0.006372,0.048251,0.018343,0.024683
6.408657,-0.022486,-0.025852,-0.005889,0.048371,0.019178,0.025012
6.418720,-0.022210,-0.025334,-0.005396,0.048094,0.020385,0.025338
6.428783,-0.022306,-0.025955,-0.004891,0.048564,0.021201,0.021083
6.438848,-0.021629,-0.025426,-0.004376,0.048636,0.021626,0.021404
6.448908,-0.021704,-0.025654,-0.003849,0.049073,0.022041,0.021722
6.458971,-0.021008,-0.024731,-0.003312,0.048730,0.022829,0.022038
6.469032,-0.021064,-0.025327,-0.002763,0.049134,0.024370,0.022351
6.479094,-0.020729,-0.024390,-0.002204,0.048757,0.025520,0.022661
6.489158,-0.020766,-0.024973,-0.001634,0.049126,0.026660,0.022969
6.499219,-0.020793,-0.024404,-0.001053,0.049096,0.027410,0.023274
6.509279,-0.020810,-0.024590,-0.000461,0.049049,0.028150,0.023576
6.519340,-0.020055,-0.023624,0.000141,0.048220,0.028119,0.023876
6.529403,-0.020053,-0.024176,0.000754,0.048519,0.027696,0.024174
6.539467,-0.019278,-0.023957,0.001377,0.048036,0.025357,0.024469
6.549527,-0.019257,-0.024112,0.002011,0.048298,0.024916,0.024761
6.559587,-0.019226,-0.023876,0.002655,0.047779,0.025228,0.025051
6.569647,-0.019568,-0.024013,0.003309,0.048004,0.025532,0.025338
6.579707,-0.019899,-0.022997,0.003974,0.047829,0.026207,0.025623
6.589766,-0.019840,-0.023879,0.004648,0.047635,0.026493,0.025905
6.599828,-0.020153,-0.023607,0.005333,0.046659,0.025624,0.026185
6.609895,-0.020456,-0.024089,0.006028,0.046809,0.025128,0.026462
6.620031,-0.020369,-0.023035,0.006733,0.046558,0.023479,0.010715
6.630096,-0.020272,-0.023116,0.007448,0.046288,0.022583,0.009843
6.640157,-0.020166,-0.023568,0.008172,0.046380,0.022060,0.010112
6.650219,-0.019288,-0.023248,0.008906,0.045689,0.019621,0.010380
6.660280,-0.019163,-0.023679,0.009650,0.045742,0.018317,0.010645
6.670339,-0.018648,-0.023338,0.010404,0.045012,0.015859,0.010907
6.680400,-0.018886,-0.023367,0.011167,0.045025,0.015301,0.011168
6.690463,-0.018734,-0.022622,0.011939,0.044637,0.014352,0.011425
6.700524,-0.019336,-0.023011,0.012340,0.044992,0.014538,0.011681
6.710577,-0.019547,-0.022626,0.013131,0.044564,0.013572,0.011934
6.720639,-0.020130,-0.022992,0.013932,0.044116,0.013359,0.012184
6.730703,-0.020323,-0.022584,0.014741,0.043648,0.011612,0.012432
6.740757,-0.020889,-0.022928,0.015560,0.043922,0.011001,0.008100
6.750812,-0.020301,-0.022115,0.016387,0.043413,0.011525,0.008344
6.760875,-0.020467,-0.022053,0.017224,0.043646,0.012422,0.008585
6.770935,-0.019480,-0.021980,0.017688,0.043096,0.012548,0.008824
6.781000,-0.019246,-0.022657,0.018542,0.042908,0.012665,0.009060
6.791053,-0.018623,-0.021796,0.019405,0.042317,0.013918,0.009294
6.801108,-0.018753,-0.022067,0.020276,0.042468,0.014781,0.009526
6.811160,-0.018875,-0.021563,0.021156,0.042217,0.016780,0.009756
6.821211,-0.018988,-0.021809,0.022044,0.042709,0.018008,0.008839
6.831285,-0.018711,-0.020899,0.022940,0.042417,0.018464,0.009064
6.841348,-0.018807,-0.021119,0.023845,0.042104,0.018530,0.009286
6.851408,-0.019275,-0.021709,0.024758,0.042152,0.018969,0.009507
6.861470,-0.019353,-0.021522,0.025679,0.041416,0.018638,0.009725
6.871530,-0.019805,-0.021322,0.026608,0.041804,0.018679,0.009941
6.881592,-0.019484,-0.020346,0.027545,0.041789,0.019475,0.010154
6.891653,-0.019155,-0.020502,0.028489,0.042517,0.020262,0.010366
6.901716,-0.017674,-0.020262,0.029060,0.042842,0.019516,0.010575
6.911777,-0.017328,-0.020390,0.030020,0.042765,0.019524,0.010782
6.921839,-0.016973,-0.020124,0.030988,0.041904,0.019525,0.010987
6.931904,-0.017374,-0.020607,0.031963,0.041786,0.020280,0.009664
6.941966,-0.018147,-0.019931,0.032945,0.041265,0.021789,0.009864
6.952028,-0.018912,-0.020005,0.033935,0.041486,0.022528,0.010062
6.962092,-0.019668,-0.018921,0.034932,0.041686,0.023259,0.010258
6.972152,-0.020417,-0.018967,0.035936,0.042247,0.023982,0.010452
6.982215,-0.020775,-0.018999,0.036184,0.042787,0.023934,0.009118
6.992278,-0.021126,-0.019017,0.036820,0.043307,0.024640,0.009308
7.002339,-0.021086,-0.018639,0.037463,0.043806,0.024958,0.009495
7.012403,-0.021802,-0.018629,0.038113,0.044284,0.025267,0.009681
7.022464,-0.022127,-0.018605,0.038770,0.044741,0.024425,0.009864
7.032526,-0.022063,-0.018185,0.039433,0.045178,0.023955,0.010045
7.042588,-0.021991,-0.017369,0.039721,0.045594,0.023097,0.010224
7.052651,-0.022293,-0.017683,0.040016,0.045990,0.023375,0.010401
7.062713,-0.022586,-0.017983,0.040317,0.046365,0.023645,0.010576
7.072776,-0.021727,-0.017505,0.040624,0.046720,0.023527,0.010749
7.082836,-0.020860,-0.017776,0.040937,0.047054,0.023400,0.010919
7.092897,-0.019604,-0.016507,0.040875,0.047368,0.021740,0.011088
7.102958,-0.018721,-0.016367,0.041200,0.047662,0.020835,0.011254
7.113020,-0.017830,-0.016213,0.041531,0.047935,0.019160,0.011419
7.123083,-0.017694,-0.016044,0.041486,0.048189,0.019384,0.011581
7.133146,-0.017932,-0.015479,0.041447,0.048422,0.019601,0.008308
7.143211,-0.018162,-0.016044,0.041795,0.048635,0.020191,0.008467
7.153273,-0.018003,-0.015831,0.041385,0.048828,0.020393,0.008623
7.163335,-0.018217,-0.016367,0.041744,0.049001,0.020587,0.008777
7.173399,-0.018042,-0.015743,0.041345,0.049154,0.020392,0.008930
7.183464,-0.018241,-0.015867,0.041333,0.049287,0.019808,0.009080
7.193526,-0.018433,-0.014451,0.041325,0.049401,0.017310,0.009228
7.203590,-0.018616,-0.014928,0.041323,0.049495,0.016330,0.009375
7.213653,-0.018411,-0.014245,0.040945,0.049570,0.013816,0.008756
7.223717,-0.018579,-0.014692,0.041334,0.049624,0.012821,0.008898
7.233782,-0.017595,-0.013980,0.040965,0.049660,0.011056,0.009039
7.243844,-0.017367,-0.014397,0.040982,0.049676,0.010047,0.009177
7.253911,-0.015986,-0.014800,0.041003,0.049673,0.008267,0.008932
7.263974,-0.015743,-0.015188,0.041029,0.049651,0.006861,0.009067
7.274129,-0.015111,-0.015179,0.040678,0.049610,0.006593,0.009199
7.284194,-0.015234,-0.015537,0.040713,0.049550,0.006699,0.009330
7.294258,-0.015349,-0.015499,0.041515,0.049470,0.007942,0.009458
7.304321,-0.015457,-0.014684,0.041176,0.049372,0.008796,0.009585
7.314383,-0.015939,-0.014616,0.041605,0.049256,0.008880,0.009710
7.324447,-0.016414,-0.014534,0.041274,0.049121,0.009339,0.009833
7.334511,-0.016881,-0.014818,0.041329,0.048967,0.009409,0.009954
7.344577,-0.017341,-0.014325,0.040625,0.048795,0.009472,0.010073
7.354639,-0.017794,-0.014198,0.041450,0.048604,0.009909,0.010190
7.364699,-0.017858,-0.013675,0.041134,0.048396,0.009957,0.010305
7.374764,-0.018296,-0.013901,0.041204,0.048169,0.009618,0.010419
7.384826,-0.018727,-0.013730,0.040895,0.047924,0.009271,0.010530
7.394889,-0.018769,-0.014308,0.040589,0.047661,0.009680,0.010640
7.404951,-0.019185,-0.014489,0.040669,0.047381,0.010082,0.010748
7.415016,-0.019614,-0.015572,0.042744,0.046767,0.010865,0.010958
7.425082,-0.019627,-0.014946,0.042069,0.046052,0.010865,0.011060
7.435142,-0.020015,-0.014688,0.042161,0.045320,0.010858,0.011160
7.445206,-0.019632,-0.013652,0.041873,0.044571,0.011606,0.011258
7.455270,-0.019624,-0.013365,0.042351,0.044186,0.012348,0.011355
7.465331,-0.019227,-0.013063,0.042069,0.043784,0.012320,0.011450
7.475391,-0.018823,-0.013129,0.042171,0.043365,0.012667,0.011543
7.485452,-0.018412,-0.013179,0.041513,0.042548,0.013007,0.011634
7.495504,-0.017994,-0.012834,0.041619,0.041714,0.013340,0.011723
7.505630,-0.017187,-0.012475,0.041347,0.041245,0.013666,0.011811
7.515683,-0.016374,-0.012483,0.041458,0.040759,0.013604,0.011896
7.525745,-0.015934,-0.012858,0.041571,0.040257,0.013154,0.011980
7.535809,-0.014725,-0.012837,0.040923,0.039739,0.012697,0.012062
7.545869,-0.014653,-0.012802,0.041422,0.039205,0.012615,0.012142
7.555923,-0.014193,-0.012753,0.041160,0.038655,0.013670,0.012220
7.565984,-0.013726,-0.012309,0.041281,0.038089,0.013574,0.012297
7.576049,-0.013633,-0.011087,0.041022,0.037507,0.013853,0.012372
7.586110,-0.013534,-0.010614,0.041146,0.036910,0.014126,0.012445
7.596170,-0.013427,-0.010127,0.041271,0.036297,0.014010,0.012516
7.606232,-0.014077,-0.010389,0.041398,0.035669,0.013887,0.012585
7.616293,-0.014338,-0.010256,0.040764,0.035025,0.013377,0.012653
7.626357,-0.014592,-0.010109,0.040894,0.034367,0.012859,0.012719
7.636417,-0.014458,-0.009948,0.041024,0.033693,0.012717,0.012783
7.646480,-0.014699,-0.009773,0.041538,0.033004,0.012568,0.012845
7.656540,-0.014933,-0.009584,0.041290,0.032301,0.012412,0.012905
7.666595,-0.015160,-0.009382,0.041423,0.031583,0.012631,0.012964
7.676657,-0.014998,-0.009166,0.041558,0.030850,0.012081,0.013021
7.686722,-0.015211,-0.009317,0.041313,0.030103,0.011905,0.013076
7.696783,-0.015036,-0.009456,0.041449,0.029342,0.011723,0.013130
7.706846,-0.014855,-0.009199,0.041967,0.028566,0.011916,0.013181
7.716884,-0.014666,-0.008929,0.041723,0.027777,0.011721,0.011324
7.726940,-0.014471,-0.009026,0.041862,0.026974,0.011901,0.011372
7.737002,-0.014268,-0.009110,0.041618,0.026156,0.012074,0.011419
7.747064,-0.014059,-0.008800,0.041757,0.025325,0.012622,0.011463
7.757123,-0.013844,-0.008858,0.042278,0.024481,0.012401,0.011506
7.767184,-0.013621,-0.008139,0.042035,0.023623,0.012554,0.011547
7.777249,-0.013774,-0.007407,0.042175,0.022752,0.012702,0.011587
7.787309,-0.013538,-0.007044,0.041551,0.021868,0.012842,0.010862
7.797370,-0.013677,-0.007048,0.041690,0.020970,0.013358,0.010897
7.807435,-0.013809,-0.007040,0.041829,0.020060,0.013104,0.010169
7.817497,-0.013553,-0.007019,0.041968,0.019137,0.013225,0.010201
7.827560,-0.013672,-0.006985,0.041725,0.018201,0.013340,0.010232
7.837620,-0.013784,-0.007319,0.042245,0.017253,0.013448,0.010261
7.847683,-0.013889,-0.007259,0.042383,0.016292,0.013931,0.009525
7.857747,-0.013606,-0.007568,0.042901,0.015319,0.013645,0.009551
7.867808,-0.013698,-0.007482,0.042657,0.014334,0.013734,0.009575
7.877870,-0.013784,-0.007765,0.043174,0.013336,0.013817,0.009597
7.887892,-0.013862,-0.008035,0.042928,0.012327,0.013511,0.009617
7.897948,-0.013934,-0.008293,0.043062,0.011306,0.013962,0.009636
7.908012,-0.013618,-0.008539,0.043196,0.010273,0.013644,0.009653
7.918077,-0.013677,-0.008771,0.043329,0.009229,0.014082,0.009668
7.928131,-0.013729,-0.008992,0.043079,0.008173,0.014132,0.009681
7.938196,-0.013774,-0.009200,0.043209,0.007106,0.014176,0.009693
7.948259,-0.013813,-0.009395,0.043339,0.006028,0.014213,0.009703
7.958320,-0.013463,-0.009578,0.043086,0.004938,0.014244,0.009711
7.968379,-0.013489,-0.009749,0.043212,0.003838,0.013887,0.009718
7.978443,-0.013507,-0.009908,0.042575,0.002727,0.014287,0.008197
7.988503,-0.013520,-0.010055,0.042699,0.001605,0.014298,0.008200
7.998566,-0.013143,-0.010189,0.042440,0.000472,0.013922,0.008201
8.008629,-0.012761,-0.010312,0.042943,-0.000671,0.013540,0.008201
8.018689,-0.011990,-0.010422,0.042680,-0.001824,0.013532,0.008199
8.028751,-0.011594,-0.010521,0.042417,-0.002987,0.013518,0.008195
8.038814,-0.010428,-0.010607,0.041769,-0.004161,0.013497,0.008190
8.048875,-0.010019,-0.010682,0.042265,-0.004963,0.013471,0.008182
8.058937,-0.009603,-0.010745,0.041996,-0.006157,0.013819,0.008174
8.069002,-0.009180,-0.010796,0.042106,-0.007360,0.013779,0.008163
8.079067,-0.008751,-0.010836,0.041069,-0.008573,0.013733,0.008151
8.089129,-0.008697,-0.010864,0.041557,-0.009795,0.013680,0.008136
8.099189,-0.008636,-0.010499,0.041660,-0.011027,0.013621,0.008121
8.109254,-0.008568,-0.010885,0.041762,-0.012268,0.013556,0.008103
8.119319,-0.008493,-0.010879,0.041480,-0.013518,0.013102,0.008084
8.129382,-0.008412,-0.010861,0.041195,-0.014777,0.013024,0.008063
8.139444,-0.008325,-0.010831,0.040908,-0.016046,0.012939,0.008040
8.149508,-0.008230,-0.010791,0.041381,-0.017322,0.012848,0.008016
8.159570,-0.008129,-0.010739,0.041470,-0.018608,0.012750,0.007989
8.169633,-0.008021,-0.010675,0.041176,-0.019902,0.012646,0.007962
8.179695,-0.007907,-0.010601,0.040878,-0.021205,0.012536,0.007932
8.189759,-0.007785,-0.010134,0.040578,-0.022135,0.012418,0.007901
8.199824,-0.007657,-0.010038,0.040656,-0.023072,0.012676,0.007867
8.209890,-0.007523,-0.009930,0.040350,-0.023255,0.012546,0.007833
8.219949,-0.007381,-0.010193,0.040041,-0.023446,0.012410,0.007796
8.230012,-0.007233,-0.010064,0.039729,-0.023263,0.012267,0.007758
8.240077,-0.007079,-0.009924,0.039796,-0.023852,0.012117,0.007718
8.250142,-0.006917,-0.009773,0.039096,-0.023684,0.011961,0.007676
8.260204,-0.006749,-0.009611,0.038775,-0.023906,0.011799,0.007632
8.270266,-0.006574,-0.009439,0.038832,-0.023372,0.011629,0.007587
8.280329,-0.006392,-0.009256,0.038886,-0.023609,0.011454,0.007540
8.290395,-0.006203,-0.009062,0.038554,-0.023852,0.011272,0.007491
8.300448,-0.006008,-0.008858,0.038601,-0.024485,0.011083,0.007441
8.310500,-0.005806,-0.008644,0.038263,-0.024361,0.010888,0.007388
8.320552,-0.005597,-0.008419,0.038684,-0.024626,0.010304,0.007334
8.330617,-0.005381,-0.008183,0.038721,-0.024134,0.010477,0.007278
8.340682,-0.005158,-0.007938,0.038753,-0.024412,0.010262,0.007221
8.350744,-0.004929,-0.007682,0.038782,-0.024315,0.010041,0.007161
8.360807,-0.004693,-0.007415,0.038807,-0.024606,0.009813,0.007100
8.370869,-0.004831,-0.007139,0.038828,-0.024522,0.009578,0.007037
8.380896,-0.004581,-0.006852,0.038846,-0.024063,0.009336,0.006973
8.390958,-0.004324,-0.006556,0.039622,-0.023991,0.009088,0.006906
8.401011,-0.004061,-0.006249,0.039250,-0.024307,0.008834,0.006838
8.411075,-0.003790,-0.005933,0.039637,-0.024629,0.008572,0.006768
8.421139,-0.003512,-0.005606,0.039638,-0.024956,0.008304,0.006696
8.431203,-0.003228,-0.005270,0.039635,-0.025289,0.008411,0.005478
8.441265,-0.002937,-0.004923,0.039628,-0.024865,0.008129,0.005402
8.451328,-0.002638,-0.004567,0.039998,-0.025209,0.007460,0.005325
8.461391,-0.002333,-0.004202,0.039982,-0.024795,0.007165,0.005246
8.471455,-0.002021,-0.003826,0.039962,-0.025150,0.006863,0.005165
8.481519,-0.001701,-0.003441,0.039556,-0.024747,0.006555,0.005083
8.491582,-0.001375,-0.003046,0.039908,-0.024730,0.006621,0.004998
8.501641,-0.001042,-0.002642,0.039875,-0.023956,0.006299,0.004912
8.511703,-0.000701,-0.002229,0.040218,-0.024331,0.005970,0.004824
8.521764,-0.000735,-0.001805,0.039794,-0.024329,0.005253,0.004734
8.531829,-0.000381,-0.001373,0.040128,-0.025094,0.005292,0.004642
8.541890,-0.000019,-0.000931,0.039694,-0.025483,0.004943,0.004549
8.551953,0.000349,-0.000480,0.040400,-0.025876,0.004587,0.004835
8.562017,0.000725,-0.000020,0.039956,-0.025892,0.004224,0.004737
8.572077,0.001108,0.000450,0.040271,-0.026293,0.003854,0.004638
8.582140,0.001498,0.000929,0.040580,-0.027081,0.003477,0.004537
8.592203,0.001896,0.001416,0.040504,-0.027109,0.003093,0.004434
8.602264,0.002300,0.001913,0.040422,-0.027141,0.002703,0.004330
8.612326,0.002712,0.002037,0.040335,-0.026796,0.002305,0.004223
8.622386,0.002749,0.002552,0.040243,-0.026836,0.001900,0.004115
8.632449,0.003175,0.003076,0.040145,-0.026498,0.001489,0.004004
8.642513,0.003609,0.003227,0.040043,-0.026926,0.001452,0.003892
8.652573,0.004049,0.003768,0.039935,-0.026595,0.001026,0.003778
8.662635,0.004497,0.003937,0.039821,-0.027030,0.000593,0.003662
8.672697,0.004953,0.004496,0.039703,-0.026706,0.000153,0.003544
8.682759,0.005415,0.005063,0.039960,-0.026766,0.000088,0.003424
8.692822,0.005886,0.005258,0.039449,-0.026066,-0.000748,0.003303
8.702886,0.006363,0.005843,0.039695,-0.025751,-0.001209,0.003179
8.712939,0.006848,0.006054,0.038792,-0.024676,-0.001296,0.003054
8.723000,0.007340,0.006275,0.039027,-0.024366,-0.001771,0.002926
8.733059,0.007458,0.006885,0.038875,-0.024059,-0.002254,0.002797
8.743118,0.007966,0.007503,0.039099,-0.024517,-0.002744,0.002666
8.753183,0.008480,0.008130,0.038935,-0.024215,-0.003241,0.002532
8.763243,0.009003,0.008765,0.039147,-0.024297,-0.003745,0.002397
8.773321,0.009151,0.009027,0.038209,-0.024000,-0.004257,0.002260
8.783384,0.009688,0.009679,0.038791,-0.024086,-0.004395,0.002121
8.793438,0.010233,0.010339,0.038985,-0.024175,-0.004921,0.001980
8.803490,0.010786,0.011007,0.038792,-0.023502,-0.005836,0.001837
8.813540,0.011346,0.011683,0.038593,-0.023976,-0.006377,0.001691
8.823601,0.011914,0.012367,0.038007,-0.023689,-0.006545,0.001544
8.833661,0.012490,0.012677,0.037795,-0.023785,-0.007100,0.001395
8.843723,0.012691,0.013377,0.037578,-0.023501,-0.007282,0.001244
8.853783,0.013282,0.014085,0.038117,-0.023600,-0.007853,0.001091
8.863844,0.013500,0.014801,0.037887,-0.023319,-0.008432,0.000936
8.873910,0.013725,0.015143,0.038033,-0.023803,-0.009399,0.000779
8.883972,0.013958,0.015874,0.038172,-0.023525,-0.009611,0.000620
8.894035,0.014580,0.016232,0.038304,-0.023629,-0.010212,0.000840
8.904096,0.014828,0.016215,0.038049,-0.023353,-0.010439,0.000677
8.914158,0.015085,0.016588,0.038169,-0.023460,-0.011055,0.000512
8.924218,0.014968,0.017350,0.037900,-0.022423,-0.011298,0.000345
8.934278,0.014477,0.017738,0.038388,-0.022912,-0.011929,0.000175
8.944339,0.013613,0.018515,0.038107,-0.022640,-0.012187,0.000004
8.954399,0.013520,0.018918,0.038201,-0.022750,-0.012071,-0.000170
8.964459,0.013053,0.018946,0.037906,-0.022479,-0.010055,-0.000345
8.974521,0.012976,0.018982,0.037986,-0.022971,-0.009573,-0.000523
8.984583,0.012144,0.019026,0.037678,-0.022319,-0.008336,-0.000703
8.994643,0.011702,0.019077,0.037744,-0.022049,-0.008251,-0.000885
9.004702,0.011649,0.019134,0.038186,-0.022542,-0.008556,-0.001069
9.014763,0.011605,0.019200,0.037857,-0.022272,-0.009250,-0.001255
9.024826,0.012331,0.019272,0.037903,-0.023147,-0.009952,-0.001443
9.034886,0.012685,0.018970,0.037942,-0.023259,-0.011424,-0.001633
9.044940,0.013428,0.018675,0.037974,-0.024133,-0.012142,-0.001826
9.055001,0.014939,0.018868,0.038780,-0.025882,-0.013220,-0.002218
9.065062,0.015325,0.018594,0.039173,-0.026374,-0.013962,-0.002417
9.075122,0.016102,0.018327,0.038795,-0.026103,-0.014330,-0.002618
9.085187,0.016887,0.018448,0.038792,-0.026213,-0.014707,-0.002821
9.095249,0.017680,0.017813,0.038019,-0.025559,-0.013947,-0.003027
9.105310,0.018481,0.017947,0.038001,-0.025667,-0.013958,-0.003235
9.115369,0.018910,0.017325,0.037213,-0.025012,-0.013978,-0.003445
9.125430,0.019729,0.016710,0.037181,-0.024737,-0.013624,-0.003657
9.135489,0.020175,0.016483,0.036378,-0.024461,-0.013660,-0.003490
9.145552,0.020629,0.017026,0.036331,-0.024566,-0.014086,-0.003707
9.155614,0.020710,0.016812,0.035514,-0.024288,-0.013757,-0.003926
9.165676,0.021182,0.016986,0.035452,-0.024772,-0.013818,-0.004147
9.175734,0.020899,0.016404,0.035002,-0.024110,-0.013125,-0.004371
9.185796,0.021007,0.015828,0.034925,-0.023828,-0.013584,-0.004597
9.195859,0.020360,0.015258,0.034459,-0.023163,-0.014052,-0.004825
9.205916,0.020104,0.015076,0.033986,-0.023641,-0.014909,-0.004674
9.215975,0.019475,0.015664,0.033887,-0.023736,-0.015776,-0.004906
9.226036,0.018473,0.015876,0.033780,-0.023447,-0.016269,-0.004760
9.236095,0.018243,0.016094,0.033665,-0.023539,-0.016770,-0.004997
9.246157,0.017640,0.016318,0.033161,-0.023247,-0.018044,-0.005237
9.256220,0.018191,0.016930,0.033413,-0.023334,-0.019326,-0.005479
9.266282,0.017606,0.016786,0.033275,-0.022657,-0.020235,-0.005723
9.276346,0.017412,0.017028,0.033511,-0.023122,-0.020771,-0.005970
9.286408,0.016846,0.016514,0.033357,-0.023203,-0.020934,-0.006219
9.296470,0.017051,0.016768,0.033577,-0.023663,-0.021488,-0.006470
9.306522,0.016502,0.016266,0.033790,-0.022977,-0.020906,-0.006724
9.316575,0.016344,0.016151,0.033994,-0.023433,-0.020715,-0.006980
9.326640,0.015814,0.014897,0.034572,-0.023123,-0.020150,-0.007239
9.336702,0.016056,0.014793,0.034761,-0.023192,-0.021121,-0.007500
9.346765,0.015926,0.014695,0.034560,-0.022876,-0.021718,-0.007763
9.356829,0.016186,0.014984,0.034732,-0.022940,-0.022707,-0.008029
9.366886,0.016837,0.015279,0.034134,-0.022619,-0.023704,-0.008297
9.376892,0.017497,0.015579,0.034290,-0.022677,-0.024710,-0.008568
9.386947,0.017785,0.015122,0.033676,-0.021969,-0.025725,-0.008841
9.397011,0.018083,0.015434,0.033434,-0.022020,-0.026368,-0.009117
9.407116,0.018390,0.015369,0.032803,-0.022069,-0.027020,-0.009395
9.417181,0.018706,0.015692,0.032927,-0.022496,-0.027299,-0.009676
9.427247,0.019032,0.015638,0.032661,-0.022919,-0.026824,-0.009959
9.437312,0.018986,0.015971,0.032387,-0.022576,-0.025215,-0.010245
9.447374,0.018949,0.015928,0.032105,-0.023374,-0.024377,-0.010533
9.457429,0.018159,0.015508,0.032195,-0.023406,-0.022404,-0.010824
9.467491,0.017760,0.015857,0.031896,-0.023434,-0.021204,-0.011117
9.477551,0.017370,0.016211,0.031971,-0.023458,-0.018868,-0.011413
9.487614,0.017753,0.016951,0.031655,-0.023860,-0.017686,-0.011711
9.497667,0.018146,0.017315,0.031712,-0.024258,-0.015750,-0.012012
9.507727,0.018167,0.017684,0.031761,-0.024652,-0.015349,-0.012315
9.517787,0.018579,0.017677,0.031802,-0.024661,-0.013814,-0.012622
9.527847,0.019001,0.017674,0.031834,-0.025047,-0.014195,-0.012930
9.537909,0.019051,0.016914,0.031857,-0.025048,-0.013441,-0.013241
9.547969,0.019492,0.016921,0.031872,-0.025807,-0.013459,-0.013555
9.558030,0.019180,0.016170,0.031879,-0.025799,-0.013106,-0.010820
9.568090,0.019641,0.016187,0.031877,-0.025786,-0.013525,-0.011139
9.578151,0.018968,0.016590,0.031866,-0.025006,-0.013191,-0.011461
9.588212,0.019067,0.017379,0.031847,-0.025366,-0.014392,-0.010259
9.598271,0.018795,0.017410,0.031437,-0.024577,-0.015602,-0.010586
9.608331,0.019295,0.017827,0.031401,-0.024546,-0.016822,-0.010916
9.618392,0.019424,0.017867,0.031356,-0.023366,-0.018052,-0.011249
9.628454,0.019945,0.018293,0.030920,-0.023325,-0.019291,-0.011584
9.638516,0.020475,0.019105,0.030476,-0.023662,-0.020159,-0.011921
9.648580,0.020253,0.019158,0.030023,-0.023230,-0.021417,-0.012262
9.658641,0.020422,0.019597,0.029943,-0.023556,-0.022304,-0.012605
9.668704,0.019838,0.018896,0.029473,-0.023495,-0.023201,-0.012951
9.678767,0.019646,0.018581,0.028994,-0.023811,-0.023726,-0.013299
9.688829,0.019464,0.017507,0.028887,-0.022976,-0.023879,-0.013651
9.698892,0.019673,0.017963,0.029154,-0.022900,-0.024804,-0.014005
9.708956,0.019893,0.019187,0.029029,-0.022436,-0.025740,-0.014362
9.719010,0.020123,0.020033,0.028896,-0.022730,-0.027067,-0.014721
9.729064,0.019981,0.019738,0.028754,-0.021874,-0.027641,-0.015084
9.739129,0.020613,0.020211,0.028985,-0.022157,-0.028606,-0.015449
9.749191,0.020110,0.019924,0.028825,-0.022052,-0.028817,-0.015817
9.759255,0.020380,0.020023,0.028657,-0.022324,-0.029039,-0.016187
9.769319,0.019517,0.019745,0.028479,-0.022589,-0.028508,-0.016561
9.779383,0.019426,0.019851,0.028674,-0.022848,-0.028368,-0.016937
9.789449,0.019728,0.019199,0.028860,-0.022338,-0.027475,-0.017316
9.799502,0.020421,0.018550,0.029037,-0.022585,-0.027736,-0.017698
9.809555,0.020361,0.018668,0.029205,-0.022063,-0.027626,-0.018083
9.819618,0.020311,0.019552,0.028982,-0.021535,-0.027525,-0.018470
9.829671,0.020272,0.019677,0.029132,-0.021001,-0.025909,-0.018860
9.839736,0.020625,0.020188,0.029272,-0.020841,-0.025065,-0.019254
9.849802,0.020988,0.020701,0.029023,-0.021056,-0.023850,-0.019650
9.859867,0.019835,0.020074,0.028382,-0.020502,-0.020737,-0.016615
9.869893,0.020219,0.020213,0.028496,-0.021086,-0.019160,-0.017017
9.879958,0.020231,0.019211,0.028600,-0.020519,-0.016449,-0.017422
9.890023,0.021016,0.019357,0.028695,-0.021089,-0.016037,-0.017829
9.900076,0.020668,0.018743,0.028781,-0.020890,-0.015253,-0.018239
9.910139,0.021093,0.019277,0.028858,-0.020683,-0.015241,-0.018653
9.920193,0.021146,0.019433,0.028926,-0.020088,-0.014477,-0.015254
9.930257,0.021591,0.019973,0.028984,-0.019868,-0.014867,-0.015673
9.940322,0.021284,0.020135,0.029033,-0.019640,-0.015649,-0.016095
9.950388,0.021750,0.020681,0.028692,-0.019787,-0.017203,-0.016520
9.960453,0.021463,0.020849,0.027960,-0.019926,-0.018767,-0.016947
9.970515,0.022331,0.021020,0.027981,-0.020821,-0.020341,-0.017378
9.980578,0.022446,0.020049,0.027612,-0.021328,-0.022307,-0.017811
9.990631,0.022571,0.019844,0.027616,-0.022589,-0.024282,-0.018247
10.000683,0.022325,0.019642,0.027609,-0.023462,-0.025504,-0.018687
10.010735,0.022471,0.020588,0.027594,-0.024327,-0.026736,-0.019129
10.020787,0.021864,0.021154,0.027569,-0.024803,-0.027596,-0.019574
10.030842,0.022030,0.021723,0.027154,-0.025271,-0.027703,-0.020022
10.040894,0.022587,0.021914,0.027111,-0.025731,-0.028583,-0.020473
10.050949,0.022392,0.022106,0.026295,-0.025802,-0.029091,-0.020926
10.061012,0.022970,0.022683,0.025852,-0.026247,-0.030753,-0.021383
10.071048,0.022795,0.022500,0.025018,-0.026302,-0.031280,-0.021843
10.081104,0.023393,0.022700,0.024937,-0.026730,-0.032580,-0.022305
10.091167,0.022856,0.021759,0.024847,-0.026388,-0.033126,-0.022770
10.101227,0.022711,0.020820,0.024748,-0.026418,-0.033683,-0.023239
10.111289,0.022194,0.020646,0.024640,-0.026059,-0.032722,-0.023710
10.121343,0.022832,0.021618,0.024522,-0.026073,-0.031771,-0.024184
10.131395,0.023098,0.021830,0.024395,-0.025315,-0.030067,-0.024661
10.141457,0.023373,0.022426,0.024258,-0.025312,-0.029135,-0.025141
10.151520,0.022896,0.021879,0.024112,-0.024919,-0.027450,-0.025623
10.161584,0.023191,0.022098,0.023957,-0.025281,-0.026918,-0.026109
10.171643,0.022351,0.021174,0.023793,-0.025252,-0.026014,-0.026598
10.181707,0.022666,0.021014,0.023619,-0.025977,-0.025119,-0.027089
10.191771,0.022608,0.020094,0.023435,-0.025931,-0.021945,-0.027583
10.201835,0.023323,0.020702,0.023243,-0.025876,-0.021068,-0.028080
10.211895,0.023666,0.020930,0.023041,-0.025049,-0.019056,-0.028580
10.221958,0.024399,0.021923,0.022829,-0.024594,-0.018579,-0.029083
10.232020,0.024379,0.022154,0.022608,-0.024130,-0.018111,-0.029588
10.242083,0.024750,0.022769,0.021997,-0.024421,-0.019178,-0.030097
10.252184,0.024367,0.022622,0.021757,-0.024702,-0.019490,-0.030608
10.262246,0.024756,0.022859,0.021127,-0.025355,-0.020956,-0.031122
10.272309,0.025535,0.022334,0.020869,-0.025618,-0.022430,-0.031639
10.282374,0.025942,0.021811,0.020601,-0.025108,-0.024676,-0.032158
10.292438,0.026358,0.021670,0.020324,-0.024589,-0.026549,-0.032681
10.302493,0.026401,0.022294,0.020038,-0.023679,-0.028049,-0.033206
10.312547,0.026834,0.022538,0.019742,-0.023522,-0.029938,-0.033733
10.322609,0.025750,0.022401,0.019437,-0.022211,-0.030691,-0.034264
10.332671,0.026200,0.023029,0.019123,-0.021654,-0.031834,-0.034797
10.342735,0.026277,0.022514,0.018418,-0.021469,-0.033367,-0.035333
10.352797,0.026363,0.023144,0.017703,-0.021655,-0.034907,-0.035872
10.362860,0.026075,0.021868,0.016979,-0.021831,-0.036074,-0.036413
10.372915,0.026558,0.021356,0.016628,-0.021616,-0.036867,-0.031616
10.382979,0.025524,0.021226,0.016267,-0.020629,-0.036905,-0.032163
10.393044,0.026023,0.022242,0.015896,-0.020394,-0.036569,-0.032712
10.403109,0.025767,0.022114,0.015517,-0.019005,-0.034714,-0.033264
10.413174,0.025900,0.022369,0.015128,-0.018750,-0.033248,-0.033818
10.423237,0.025278,0.021861,0.014348,-0.018104,-0.030264,-0.029416
10.433300,0.026188,0.022117,0.013941,-0.018592,-0.028812,-0.029593
10.443364,0.025199,0.021611,0.013524,-0.019452,-0.026605,-0.030155
10.453428,0.025362,0.021869,0.013098,-0.020301,-0.026311,-0.030720
10.463529,0.025531,0.020601,0.012663,-0.020758,-0.024499,-0.031286
10.473592,0.026089,0.020860,0.012600,-0.020824,-0.024600,-0.031855
10.483656,0.027035,0.021501,0.011765,-0.020879,-0.024326,-0.032427
10.493721,0.027225,0.021761,0.011302,-0.020161,-0.022533,-0.033001
10.503774,0.028184,0.022402,0.010831,-0.020196,-0.023035,-0.033577
10.513836,0.027242,0.021900,0.009968,-0.019457,-0.023161,-0.034155
10.523892,0.027832,0.022161,0.009096,-0.019852,-0.024437,-0.034736
10.533949,0.027665,0.020896,0.008215,-0.019855,-0.025338,-0.035319
10.544012,0.028267,0.020776,0.007707,-0.019466,-0.026626,-0.035904
10.554075,0.028111,0.020656,0.007189,-0.018684,-0.026774,-0.036492
10.564140,0.028724,0.020918,0.006663,-0.017893,-0.027309,-0.026781
10.574205,0.027817,0.020417,0.006127,-0.016709,-0.027850,-0.027373
10.584267,0.028440,0.021060,0.005582,-0.016658,-0.028395,-0.027966
10.594328,0.028305,0.020941,0.005028,-0.016216,-0.028182,-0.025129
10.604393,0.028175,0.020821,0.004465,-0.016526,-0.028736,-0.025726
10.614458,0.027669,0.019557,0.003894,-0.016443,-0.028150,-0.026326
10.624523,0.028311,0.019818,0.003313,-0.017113,-0.027950,-0.026927
10.634585,0.027431,0.019317,0.003105,-0.017772,-0.025846,-0.027530
10.644648,0.027700,0.020341,0.002506,-0.018420,-0.024891,-0.028135
10.654713,0.027591,0.019838,0.001899,-0.019057,-0.022795,-0.028742
10.664777,0.027867,0.020099,0.001282,-0.019301,-0.021846,-0.029350
10.674842,0.027765,0.020359,0.000657,-0.019535,-0.020901,-0.029960
10.684902,0.028048,0.020618,-0.000358,-0.019758,-0.021484,-0.030572
10.694966,0.028715,0.021259,-0.001001,-0.019588,-0.022070,-0.031185
10.705029,0.030438,0.022156,-0.002312,-0.020360,-0.025539,-0.032416
10.715094,0.031494,0.022032,-0.002981,-0.020539,-0.027276,-0.033034
10.725156,0.031407,0.020762,-0.003659,-0.019944,-0.029016,-0.033653
10.735219,0.032086,0.021400,-0.004345,-0.019720,-0.030756,-0.034273
10.745282,0.031621,0.021273,-0.004658,-0.018721,-0.032117,-0.021543
10.755347,0.031539,0.021908,-0.005362,-0.018474,-0.033861,-0.022165
10.765409,0.031077,0.021017,-0.006074,-0.017072,-0.034461,-0.022789
10.775472,0.031378,0.021269,-0.007175,-0.016804,-0.036206,-0.023414
10.785535,0.030536,0.020376,-0.007904,-0.016524,-0.038332,-0.024039
10.795587,0.031220,0.020626,-0.008642,-0.016233,-0.039697,-0.024666
10.805641,0.029996,0.020112,-0.009006,-0.016313,-0.039916,-0.020334
10.815695,0.030298,0.019979,-0.009760,-0.016001,-0.039372,-0.020962
10.825759,0.029837,0.019844,-0.010140,-0.015677,-0.037684,-0.021591
10.835822,0.029756,0.020471,-0.010530,-0.015342,-0.037138,-0.022220
10.845884,0.029293,0.020333,-0.011308,-0.014615,-0.034685,-0.022850
10.855947,0.029209,0.020576,-0.012095,-0.014640,-0.033374,-0.023481
10.866011,0.028743,0.019673,-0.012890,-0.014654,-0.031298,-0.024112
10.876075,0.029419,0.019531,-0.013694,-0.014657,-0.030747,-0.024743
10.886139,0.028949,0.019388,-0.014123,-0.014649,-0.028286,-0.025374
10.896201,0.029621,0.019625,-0.014561,-0.014630,-0.027348,-0.026006
10.906285,0.029526,0.019097,-0.015007,-0.014982,-0.024119,-0.026638
10.916340,0.029429,0.019331,-0.015079,-0.015323,-0.023938,-0.021929
10.926393,0.030091,0.019562,-0.015541,-0.015653,-0.024517,-0.022560
10.936459,0.030368,0.019411,-0.016010,-0.015972,-0.025855,-0.023192
10.946524,0.030641,0.019639,-0.016869,-0.016281,-0.027189,-0.023823
10.956586,0.030528,0.018721,-0.017354,-0.016579,-0.028138,-0.024454
10.966640,0.031174,0.018946,-0.017846,-0.016866,-0.030226,-0.025084
10.976703,0.030670,0.018405,-0.017965,-0.017143,-0.031165,-0.022662
10.986768,0.030924,0.019007,-0.018473,-0.017409,-0.032480,-0.023291
10.996832,0.030791,0.018463,-0.018607,-0.017664,-0.033408,-0.023920
11.006892,0.030652,0.018679,-0.019129,-0.017909,-0.035094,-0.022259
11.016956,0.030125,0.018131,-0.019278,-0.018143,-0.035629,-0.022886
11.027022,0.030736,0.018343,-0.020197,-0.018367,-0.036157,-0.023512
11.037086,0.029814,0.018553,-0.021123,-0.018581,-0.035153,-0.024137
11.047150,0.030029,0.018760,-0.021675,-0.018784,-0.034523,-0.024760
11.057202,0.029474,0.018584,-0.022235,-0.018977,-0.032359,-0.025383
11.067254,0.029674,0.018405,-0.022801,-0.019160,-0.031714,-0.026003
11.077308,0.029102,0.018224,-0.022993,-0.019332,-0.029917,-0.026623
11.087360,0.029285,0.018421,-0.023573,-0.019495,-0.028492,-0.027241
11.097412,0.029078,0.018617,-0.024160,-0.019647,-0.025915,-0.027857
11.107465,0.029624,0.018809,-0.024754,-0.019790,-0.024854,-0.028471
11.117531,0.029016,0.017855,-0.024974,-0.019922,-0.023021,-0.029083
11.127590,0.029543,0.017660,-0.025582,-0.020045,-0.023085,-0.029694
11.137652,0.030440,0.018226,-0.026196,-0.020158,-0.023903,-0.026106
11.147715,0.029802,0.018026,-0.026054,-0.020261,-0.023947,-0.025949
11.157775,0.029915,0.018205,-0.026300,-0.020355,-0.024743,-0.026552
11.167842,0.029635,0.017618,-0.026552,-0.020439,-0.025529,-0.027153
11.177903,0.030488,0.017409,-0.026811,-0.020513,-0.027066,-0.027752
11.187963,0.030185,0.017579,-0.027077,-0.020578,-0.028209,-0.028348
11.198023,0.030632,0.017745,-0.027348,-0.020634,-0.029723,-0.028941
11.208084,0.029921,0.017146,-0.027244,-0.020681,-0.031605,-0.029531
11.218146,0.029579,0.016925,-0.027147,-0.020718,-0.033474,-0.030118
11.228210,0.029224,0.016700,-0.027055,-0.020746,-0.034568,-0.030701
11.238274,0.029618,0.016854,-0.026969,-0.020765,-0.036411,-0.031282
11.248335,0.029235,0.016623,-0.026889,-0.020775,-0.037477,-0.031859
11.258397,0.029600,0.016770,-0.027578,-0.020777,-0.037385,-0.032432
11.268457,0.029187,0.016151,-0.027510,-0.020770,-0.036134,-0.033002
11.278518,0.028759,0.016672,-0.027829,-0.020754,-0.036013,-0.033568
11.288580,0.027934,0.016427,-0.027390,-0.020729,-0.034732,-0.034130
11.298643,0.028237,0.016942,-0.027720,-0.020696,-0.033817,-0.034689
11.308705,0.027379,0.016690,-0.027293,-0.020655,-0.031360,-0.023417
11.318765,0.027650,0.016815,-0.028015,-0.020605,-0.029651,-0.023967
11.328825,0.027140,0.016937,-0.027980,-0.020547,-0.025636,-0.024512
11.338887,0.026995,0.017055,-0.028331,-0.020481,-0.023893,-0.025053
11.348950,0.027595,0.017550,-0.028687,-0.020407,-0.022896,-0.025589
11.359009,0.027413,0.017660,-0.027904,-0.020325,-0.022645,-0.026120
11.369070,0.027595,0.017384,-0.027889,-0.020236,-0.023520,-0.026646
11.379129,0.027759,0.017105,-0.027879,-0.020138,-0.023615,-0.018394
11.389188,0.027903,0.017203,-0.028636,-0.020033,-0.024072,-0.018910
11.399249,0.027646,0.016533,-0.028254,-0.019921,-0.024511,-0.019421
11.409313,0.027370,0.016622,-0.028258,-0.019801,-0.025312,-0.019927
11.419371,0.026692,0.016707,-0.027503,-0.019674,-0.025712,-0.020427
11.429432,0.027138,0.017170,-0.027897,-0.019539,-0.027238,-0.020921
11.439493,0.026419,0.016864,-0.027914,-0.019398,-0.028361,-0.021410
11.449553,0.026442,0.016936,-0.028317,-0.019249,-0.029465,-0.021893
11.459613,0.026443,0.016622,-0.027961,-0.019094,-0.029785,-0.022369
11.469675,0.026423,0.017066,-0.027991,-0.018932,-0.030847,-0.022840
11.479734,0.025236,0.017124,-0.027643,-0.018763,-0.031125,-0.023304
11.489796,0.025554,0.017558,-0.028062,-0.018588,-0.031000,-0.023762
11.499862,0.025085,0.016844,-0.027722,-0.018406,-0.029709,-0.024214
11.509928,0.025357,0.016887,-0.027767,-0.018217,-0.029540,-0.024658
11.519989,0.024842,0.016544,-0.027434,-0.018023,-0.028586,-0.025097
11.530052,0.025067,0.016960,-0.027487,-0.017822,-0.027991,-0.025528
11.540104,0.024887,0.016988,-0.027161,-0.017615,-0.026610,-0.025952
11.550169,0.025064,0.017393,-0.027220,-0.017403,-0.025588,-0.026369
11.560231,0.024453,0.017412,-0.027283,-0.017184,-0.024542,-0.026779
11.570292,0.023818,0.017425,-0.027349,-0.016959,-0.021565,-0.027182
11.580352,0.023921,0.017432,-0.027799,-0.016729,-0.020090,-0.027577
11.590414,0.023618,0.017435,-0.027871,-0.016494,-0.018209,-0.027964
11.600473,0.024052,0.017813,-0.027946,-0.016252,-0.017830,-0.028344
11.610535,0.023697,0.017423,-0.027261,-0.016006,-0.016663,-0.028717
11.620594,0.024079,0.017791,-0.026960,-0.015754,-0.016616,-0.029081
11.630657,0.023672,0.017390,-0.027043,-0.015496,-0.016543,-0.029437
11.640717,0.024002,0.017364,-0.027511,-0.015234,-0.017208,-0.029786
11.650793,0.023160,0.017333,-0.027217,-0.014967,-0.017847,-0.030126
11.660854,0.023055,0.017296,-0.026927,-0.014694,-0.019224,-0.030458
11.670917,0.022540,0.017253,-0.026638,-0.014417,-0.020574,-0.030781
11.680979,0.022380,0.017204,-0.027115,-0.014135,-0.021517,-0.031096
11.691041,0.022192,0.016767,-0.027213,-0.013848,-0.022433,-0.031403
11.701105,0.022358,0.017088,-0.027694,-0.013556,-0.022941,-0.031700
11.711165,0.021733,0.016257,-0.027032,-0.013260,-0.023803,-0.031989
11.721227,0.021843,0.016565,-0.026754,-0.012960,-0.024639,-0.032270
11.731287,0.021542,0.016485,-0.026478,-0.012655,-0.025065,-0.023004
11.741350,0.021595,0.016399,-0.026967,-0.012345,-0.025083,-0.023266
11.751415,0.021237,0.016306,-0.027075,-0.012032,-0.025073,-0.023520
11.761479,0.020850,0.016588,-0.027186,-0.011714,-0.025417,-0.023764
11.771624,0.019671,0.016100,-0.026916,-0.011392,-0.026115,-0.020947
11.781685,0.019607,0.016369,-0.027410,-0.011065,-0.026784,-0.021172
11.791747,0.019514,0.016630,-0.027906,-0.010735,-0.027425,-0.021388
11.801799,0.019009,0.016122,-0.028022,-0.010400,-0.027656,-0.021595
11.811852,0.019238,0.015988,-0.028138,-0.010062,-0.028240,-0.021792
11.821915,0.019437,0.015466,-0.027875,-0.009720,-0.028414,-0.021980
11.831976,0.019987,0.015700,-0.027993,-0.009374,-0.028941,-0.022158
11.842039,0.020126,0.015163,-0.027732,-0.009023,-0.029439,-0.019274
11.852102,0.020234,0.015382,-0.028233,-0.008670,-0.029526,-0.019433
11.862166,0.019930,0.015212,-0.027973,-0.008312,-0.028821,-0.019582
11.872231,0.019977,0.015417,-0.028476,-0.007950,-0.028087,-0.019721
11.882291,0.019613,0.015613,-0.028217,-0.007585,-0.026942,-0.019850
11.892353,0.019217,0.015802,-0.029103,-0.007216,-0.026912,-0.019969
11.902414,0.018791,0.015983,-0.029226,-0.006844,-0.027234,-0.020078
11.912477,0.017952,0.015775,-0.029731,-0.006467,-0.027527,-0.020178
11.922540,0.017082,0.015178,-0.029473,-0.006087,-0.027408,-0.020267
11.932604,0.016563,0.015335,-0.029597,-0.005704,-0.027260,-0.020346
11.942665,0.015631,0.015103,-0.029340,-0.005316,-0.027082,-0.020415
11.952729,0.015050,0.014863,-0.029464,-0.004925,-0.026875,-0.020474
11.962789,0.014438,0.014614,-0.029207,-0.004531,-0.026637,-0.017090
11.972852,0.014175,0.014739,-0.029330,-0.004132,-0.026751,-0.017128
11.982903,0.013882,0.014092,-0.028691,-0.003730,-0.026835,-0.017157
11.992964,0.013939,0.014581,-0.028815,-0.003324,-0.026890,-0.017175
12.003024,0.013964,0.014680,-0.029319,-0.002915,-0.026533,-0.017184
12.013084,0.013959,0.014371,-0.029034,-0.002510,-0.025765,-0.017182
12.023145,0.013925,0.014407,-0.029089,-0.002116,-0.024970,-0.017171
12.033207,0.013867,0.014020,-0.028327,-0.001735,-0.023007,-0.016389
12.043263,0.013787,0.013979,-0.028668,-0.001366,-0.021785,-0.016363
12.053324,0.013688,0.013517,-0.028575,-0.001011,-0.019784,-0.016331
12.063384,0.013574,0.013400,-0.028818,-0.000669,-0.018148,-0.016294
12.073444,0.013446,0.013249,-0.027870,-0.000721,-0.016119,-0.016253
12.083509,0.013309,0.013442,-0.027252,-0.000026,-0.014843,-0.016208
12.093569,0.013164,0.012837,-0.026586,0.000273,-0.012415,-0.016161
12.103630,0.013013,0.012583,-0.026639,0.000177,-0.011126,-0.016112
12.113690,0.012860,0.011910,-0.026257,0.000827,-0.008691,-0.016062
12.123752,0.012706,0.011587,-0.025829,0.001081,-0.007781,-0.016012
12.133808,0.012552,0.011233,-0.024592,0.001319,-0.006871,-0.015962
12.143873,0.012403,0.011228,-0.024448,0.001160,-0.006346,-0.015914
12.153933,0.012257,0.010812,-0.024261,0.001367,-0.005826,-0.015866
12.163997,0.012120,0.010743,-0.024019,0.001555,-0.005312,-0.015059
12.174055,0.011990,0.010265,-0.023351,0.001728,-0.004806,-0.015017
12.184119,0.011868,0.010139,-0.023019,0.001885,-0.005071,-0.014977
12.194208,0.011757,0.009983,-0.022255,0.002024,-0.004966,-0.014941
12.204271,0.011660,0.010177,-0.021440,0.002145,-0.004872,-0.014909
12.214334,0.011574,0.009961,-0.021340,0.002248,-0.004790,-0.014882
12.224394,0.011502,0.009718,-0.020430,0.002334,-0.004721,-0.014858
12.234453,0.011444,0.009445,-0.019853,0.002403,-0.004665,-0.014840
12.244513,0.011400,0.009145,-0.018848,0.002455,-0.004623,-0.014825
12.254574,0.011372,0.008816,-0.018556,0.002487,-0.004215,-0.014816
12.264637,0.011358,0.008840,-0.017453,0.002503,-0.004202,-0.014812
12.274700,0.011358,0.008840,-0.017072,0.002503,-0.004202,-0.014812
12.284764,0.011358,0.008840,-0.016309,0.002503,-0.004583,-0.014812
12.294827,0.011358,0.008840,-0.015927,0.002503,-0.004583,-0.014812
12.304887,0.011358,0.008840,-0.015164,0.002503,-0.004583,-0.014812
12.314950,0.011358,0.008840,-0.014783,0.002503,-0.004583,-0.014812
12.325014,0.011447,0.008677,-0.013741,0.002400,-0.004668,-0.014840
12.335079,0.011554,0.008475,-0.013014,0.002272,-0.004771,-0.014875
12.345140,0.011675,0.008240,-0.011471,0.002126,-0.004886,-0.014914
12.355201,0.011807,0.007976,-0.010643,0.001962,-0.005013,-0.014957
12.365262,0.011948,0.007684,-0.010150,0.001783,-0.005148,-0.015003
12.375325,0.012098,0.007358,-0.009223,0.001584,-0.004910,-0.015052
12.385389,0.012255,0.007002,-0.007866,0.001370,-0.005442,-0.015103
12.395449,0.012417,0.006617,-0.006846,0.001140,-0.005596,-0.015155
12.405510,0.012582,0.006578,-0.005772,0.000892,-0.005755,-0.015209
12.415570,0.012749,0.005745,-0.004652,0.000630,-0.005533,-0.015263
12.425633,0.012916,0.005257,-0.003859,0.000349,-0.005693,-0.015317
12.435692,0.013078,0.004739,-0.003024,0.000056,-0.005848,-0.015370
12.445755,0.013237,0.004181,-0.002132,-0.000256,-0.006000,-0.015421
12.455817,0.013386,0.003973,-0.001196,-0.000580,-0.006143,-0.015470
12.465878,0.013525,0.003345,-0.000208,-0.000920,-0.006276,-0.015515
12.475894,0.013651,0.002681,0.000827,-0.001273,-0.006396,-0.015556
12.485957,0.013759,0.001980,0.001912,-0.001640,-0.006500,-0.015591
12.496011,0.013849,0.000856,0.003050,-0.002022,-0.006586,-0.015620
12.506074,0.013915,0.000075,0.004235,-0.002416,-0.006268,-0.015642
12.516135,0.013955,-0.000365,0.005469,-0.002441,-0.006306,-0.015655
12.526197,0.013965,-0.001229,0.006753,-0.003242,-0.006316,-0.015658
12.536256,0.013942,-0.002134,0.008086,-0.003673,-0.006293,-0.015651
12.546318,0.013881,-0.003081,0.009465,-0.004114,-0.006235,-0.015631
12.556380,0.013779,-0.004074,0.010897,-0.004568,-0.006137,-0.015598
12.566443,0.013632,-0.005113,0.012378,-0.005032,-0.005996,-0.015550
12.576504,0.013435,-0.006195,0.013905,-0.005506,-0.005808,-0.015486
12.586569,0.013184,-0.006946,0.015484,-0.005989,-0.005568,-0.015405
12.596629,0.012876,-0.008123,0.017109,-0.006481,-0.005274,-0.015304
12.606692,0.012506,-0.009350,0.018400,-0.006981,-0.004538,-0.015184
12.616753,0.012068,-0.010247,0.020124,-0.007491,-0.004500,-0.015042
12.626814,0.011559,-0.011575,0.021893,-0.008006,-0.004012,-0.014877
12.636874,0.010973,-0.012573,0.023708,-0.008528,-0.003452,-0.014687
12.646935,0.010307,-0.014005,0.025571,-0.009055,-0.002815,-0.014471
12.656995,0.009556,-0.015109,0.027480,-0.009588,-0.002095,-0.014228
12.667058,0.008714,-0.016267,0.029054,-0.010125,-0.001289,-0.013955
12.677122,0.007776,-0.017481,0.031054,-0.010284,-0.000392,-0.012889
12.687185,0.006739,-0.018370,0.033100,-0.011208,0.000601,-0.012554
12.697246,0.005978,-0.019316,0.035189,-0.011753,0.001313,-0.012186
12.707308,0.004726,-0.020320,0.036941,-0.012298,0.002893,-0.011782
12.717372,0.003360,-0.021383,0.038735,-0.012843,0.004201,-0.011342
12.727439,0.001875,-0.021742,0.040189,-0.013386,0.005242,-0.010865
12.737498,0.000269,-0.022921,0.042062,-0.013924,0.006779,-0.010349
12.747560,-0.001086,-0.023020,0.043978,-0.014460,0.008442,-0.009793
12.757620,-0.002954,-0.023944,0.045552,-0.014989,0.009850,-0.009195
12.767682,-0.004578,-0.024168,0.046781,-0.015512,0.011771,-0.008555
12.777746,-0.006720,-0.024832,0.048425,-0.015642,0.013441,-0.007872
12.787808,-0.008628,-0.024800,0.049725,-0.016145,0.015634,-0.007143
12.797871,-0.010681,-0.025592,0.051056,-0.016633,0.017966,-0.006371
12.807925,-0.012888,-0.025690,0.051658,-0.017108,0.019683,-0.005551
12.817985,-0.015627,-0.026230,0.052670,-0.017947,0.021545,-0.004685
12.828047,-0.017764,-0.026077,0.053713,-0.018004,0.023562,-0.004153
12.838109,-0.020439,-0.027131,0.055161,-0.018802,0.025728,-0.003192
12.848254,-0.022516,-0.027110,0.055493,-0.018813,0.027290,-0.002182
12.858316,-0.024754,-0.027534,0.056226,-0.019179,0.029770,-0.001125
12.868377,-0.027161,-0.029173,0.057364,-0.019515,0.032793,-0.000782
12.878439,-0.029348,-0.029350,0.057755,-0.019819,0.034447,0.000372
12.888492,-0.032466,-0.029975,0.058161,-0.020086,0.035880,0.001573
12.898555,-0.034612,-0.029909,0.058585,-0.020316,0.036716,0.002824
12.908621,-0.037302,-0.031433,0.059780,-0.020502,0.038091,0.004121
12.918682,-0.039014,-0.031117,0.059457,-0.020643,0.037337,0.005464
12.928745,-0.041656,-0.032395,0.059903,-0.020735,0.038269,0.006853
12.938808,-0.042942,-0.032981,0.059593,-0.020774,0.037458,0.006381
12.948873,-0.045530,-0.033632,0.060424,-0.020757,0.038325,0.007858
12.958935,-0.046752,-0.033967,0.060489,-0.020679,0.036676,0.009379
12.968998,-0.049275,-0.035133,0.060930,-0.020536,0.037468,0.010940
12.979059,-0.050428,-0.035221,0.060218,-0.020325,0.036883,0.012542
12.989122,-0.052875,-0.036520,0.060637,-0.020042,0.038732,0.014182
12.999176,-0.053568,-0.036363,0.060281,-0.019682,0.038059,0.015860
13.009240,-0.056304,-0.037793,0.060667,-0.019241,0.039806,0.017571
13.019301,-0.056886,-0.037763,0.059885,-0.018716,0.040540,0.019316
13.029363,-0.058744,-0.038940,0.059840,-0.018102,0.042164,0.021091
13.039424,-0.059202,-0.039037,0.059385,-0.017395,0.041620,0.022895
13.049489,-0.061303,-0.040340,0.059659,-0.016591,0.043479,0.024726
13.059562,-0.061228,-0.040561,0.058752,-0.015686,0.042778,0.026582
13.069625,-0.063164,-0.041224,0.058949,-0.014676,0.044848,0.028460
13.079686,-0.065198,-0.043091,0.058720,-0.013557,0.047395,0.030358
13.089751,-0.065414,-0.042346,0.058063,-0.012326,0.047740,0.032274
13.099812,-0.066857,-0.043948,0.058116,-0.010979,0.049690,0.034205
13.109876,-0.066466,-0.043698,0.056588,-0.009512,0.049043,0.036149
13.119937,-0.068047,-0.045028,0.056527,-0.007923,0.051130,0.038104
13.130000,-0.067779,-0.044886,0.055259,-0.006207,0.049839,0.033582
13.140063,-0.069077,-0.045934,0.055448,-0.004364,0.051641,0.035549
13.150127,-0.068515,-0.045893,0.054042,-0.002387,0.050437,0.034851
13.160192,-0.069891,-0.047044,0.053326,-0.000276,0.052698,0.036824
13.170254,-0.069001,-0.046333,0.052150,0.001973,0.052311,0.038797
13.180319,-0.070795,-0.047956,0.052038,0.004360,0.053845,0.040766
13.190381,-0.069542,-0.047713,0.050314,0.006890,0.052334,0.042730
13.200445,-0.071338,-0.048654,0.049647,0.009562,0.053490,0.044687
13.210510,-0.069301,-0.048483,0.048122,0.012377,0.052341,0.046631
13.220572,-0.071065,-0.049878,0.047648,0.014958,0.053088,0.048566
13.230626,-0.069369,-0.049398,0.046313,0.018069,0.052282,0.050488
13.240680,-0.070688,-0.050474,0.045256,0.021328,0.053732,0.052394
13.250741,-0.068913,-0.050051,0.043712,0.024736,0.052090,0.054284
13.260794,-0.070133,-0.051173,0.043203,0.028290,0.053063,0.045090
13.270846,-0.068250,-0.050796,0.041438,0.031996,0.051318,0.045414
13.280910,-0.068972,-0.052344,0.040702,0.035852,0.052562,0.047242
13.290972,-0.070382,-0.053141,0.039848,0.039854,0.053734,0.049046
13.301046,-0.068286,-0.052809,0.038111,0.043626,0.051786,0.050826
13.311108,-0.069160,-0.053249,0.036631,0.047928,0.053192,0.052580
13.321170,-0.067276,-0.052931,0.035025,0.051614,0.051080,0.054308
13.331231,-0.067963,-0.053755,0.034053,0.055823,0.051924,0.056006
13.341294,-0.065886,-0.052674,0.032568,0.059036,0.049246,0.057676
13.351355,-0.066377,-0.053877,0.031330,0.062773,0.049521,0.044057
13.361417,-0.064085,-0.052777,0.029956,0.065120,0.048162,0.045665
13.371481,-0.064358,-0.053575,0.028825,0.068373,0.049371,0.047242
13.381545,-0.062608,-0.052449,0.027554,0.070237,0.046655,0.048787
13.391605,-0.062643,-0.053205,0.026522,0.073374,0.047255,0.050298
13.401667,-0.060654,-0.052032,0.024963,0.074739,0.045071,0.051776
13.411728,-0.060826,-0.052351,0.023260,0.077372,0.045434,0.053219
13.421791,-0.058587,-0.051114,0.022171,0.078226,0.043390,0.054628
13.431854,-0.058889,-0.051746,0.020934,0.081108,0.044656,0.056003
13.441920,-0.056768,-0.050424,0.019547,0.081433,0.043885,0.057341
13.451974,-0.056806,-0.050965,0.018008,0.084165,0.044515,0.058644
13.462035,-0.055181,-0.049544,0.016318,0.084712,0.042341,0.059910
13.472102,-0.054569,-0.049976,0.014474,0.087275,0.041948,0.061141
13.482165,-0.053053,-0.048054,0.012478,0.088408,0.039513,0.062335
13.492227,-0.052547,-0.048738,0.010326,0.091548,0.040380,0.063492
13.502289,-0.051137,-0.046678,0.008021,0.092484,0.038823,0.064613
13.512350,-0.050735,-0.046451,0.005560,0.095416,0.039422,0.065697
13.522411,-0.050571,-0.046901,0.002947,0.098423,0.040265,0.066744
13.532475,-0.048744,-0.044979,0.000177,0.098837,0.039067,0.067755
13.542536,-0.048299,-0.045250,-0.002744,0.101219,0.039639,0.068728
13.552595,-0.046571,-0.043136,-0.005440,0.101378,0.037787,0.043343
13.562654,-0.046225,-0.042823,-0.008667,0.103111,0.038086,0.044242
13.572716,-0.043451,-0.040878,-0.012047,0.102225,0.035198,0.045105
13.582780,-0.043584,-0.040340,-0.015194,0.104043,0.033697,0.045931
13.592844,-0.040908,-0.038158,-0.018874,0.102464,0.032062,0.046720
13.602909,-0.040759,-0.037754,-0.022698,0.103955,0.032194,0.047472
13.612969,-0.039323,-0.035309,-0.025904,0.102409,0.031046,0.038268
13.623030,-0.038891,-0.035017,-0.029637,0.103545,0.032051,0.038947
13.633092,-0.036790,-0.032669,-0.033508,0.102003,0.031773,0.039588
13.643214,-0.037219,-0.032078,-0.037138,0.102743,0.032122,0.040193
13.653279,-0.035216,-0.030183,-0.040900,0.100786,0.032333,0.040761
13.663344,-0.034598,-0.030032,-0.044798,0.101854,0.032408,0.041292
13.673402,-0.032692,-0.027799,-0.048058,0.099443,0.030819,0.041786
13.683466,-0.032551,-0.027296,-0.051443,0.100030,0.030236,0.042244
13.693528,-0.030362,-0.025463,-0.054190,0.097126,0.028373,0.042664
13.703590,-0.029554,-0.024581,-0.057813,0.097194,0.027897,0.043048
13.713647,-0.027459,-0.022736,-0.060023,0.094123,0.024612,0.043394
13.723711,-0.027129,-0.022210,-0.063107,0.094391,0.022715,0.043703
13.733776,-0.025510,-0.021086,-0.065909,0.091490,0.021059,0.043975
13.743841,-0.024890,-0.020122,-0.069190,0.091899,0.020027,0.044210
13.753900,-0.024125,-0.018546,-0.072185,0.092173,0.019237,0.044407
13.763964,-0.022451,-0.016350,-0.074118,0.088859,0.017923,0.044566
13.774028,-0.021393,-0.015815,-0.076894,0.088811,0.016467,0.044687
13.784092,-0.020187,-0.013501,-0.078221,0.085153,0.015250,0.044770
13.794147,-0.019213,-0.012450,-0.081137,0.084730,0.015034,0.044814
13.804199,-0.018470,-0.010366,-0.082205,0.081425,0.015053,0.019261
13.814252,-0.017576,-0.008767,-0.084469,0.080946,0.014926,0.019226
13.824312,-0.016528,-0.006881,-0.085637,0.077557,0.014651,0.019153
13.834375,-0.015326,-0.004701,-0.087982,0.077340,0.014227,0.019039
13.844438,-0.013967,-0.001836,-0.088447,0.074178,0.013651,0.018885
13.854500,-0.013212,0.000577,-0.090842,0.073397,0.012540,0.018689
13.864562,-0.011915,0.003689,-0.090955,0.070398,0.011656,0.018452
13.874625,-0.010837,0.006364,-0.092975,0.069362,0.010615,0.018173
13.884689,-0.009212,0.009373,-0.092697,0.066077,0.009795,0.017852
13.894754,-0.008183,0.012722,-0.094688,0.064722,0.008432,0.017486
13.904812,-0.006219,0.016421,-0.093984,0.061848,0.006904,0.017077
13.914874,-0.004846,0.020471,-0.095524,0.060105,0.005209,0.016623
13.924894,-0.002915,0.024498,-0.094343,0.056810,0.003345,0.009256
13.934957,-0.000806,0.028508,-0.095769,0.054615,0.001307,0.008710
13.945030,0.003585,0.038020,-0.100682,0.051180,-0.003303,0.007475
13.955090,0.006254,0.042762,-0.101471,0.048002,-0.005499,0.006784
13.965154,0.008734,0.047498,-0.102150,0.045107,-0.008644,0.006043
13.975218,0.011029,0.051083,-0.100037,0.040955,-0.010836,0.005251
13.985278,0.013908,0.056567,-0.100460,0.037443,-0.013603,0.004406
13.995340,0.016231,0.059756,-0.097688,0.033418,-0.015808,0.003508
14.005402,0.018762,0.064833,-0.097806,0.029637,-0.018213,0.002556
14.015464,0.019980,0.067981,-0.094320,0.025712,-0.020062,0.001548
14.025523,0.022562,0.072624,-0.094083,0.021641,-0.022503,0.000483
14.035583,0.025748,0.075318,-0.090599,0.017422,-0.025160,-0.000640
14.045652,0.029542,0.079867,-0.089578,0.012675,-0.028417,-0.001823
14.055715,0.032424,0.082057,-0.085286,0.007406,-0.030754,-0.003066
14.065778,0.036305,0.086833,-0.083815,0.001620,-0.032937,-0.005516
14.075830,0.039285,0.088456,-0.079436,-0.004676,-0.033448,-0.006886
14.085884,0.042508,0.092998,-0.077854,-0.011462,-0.036100,-0.008319
14.095936,0.044835,0.094335,-0.073341,-0.018344,-0.037467,-0.009819
14.105989,0.048940,0.098545,-0.071609,-0.025301,-0.040985,-0.011385
14.116042,0.051014,0.099493,-0.066929,-0.031550,-0.043606,-0.011495
14.126095,0.054492,0.103253,-0.064633,-0.038591,-0.046096,-0.013200
14.136148,0.056325,0.103306,-0.060520,-0.044107,-0.046170,-0.014975
14.146201,0.059187,0.106865,-0.058397,-0.050736,-0.048407,-0.016823
14.156262,0.060027,0.106263,-0.053683,-0.056156,-0.048613,-0.018743
14.166325,0.063806,0.109093,-0.051334,-0.062240,-0.050221,-0.020738
14.176433,0.064801,0.107686,-0.047151,-0.066278,-0.050563,-0.022807
14.186494,0.068354,0.110015,-0.044184,-0.072045,-0.053834,-0.024950
14.196553,0.072174,0.112224,-0.041671,-0.077594,-0.056599,-0.027169
14.206615,0.072826,0.110079,-0.037323,-0.080212,-0.057329,-0.029464
14.216674,0.076408,0.111935,-0.034195,-0.084816,-0.060218,-0.031834
14.226737,0.076812,0.108978,-0.030001,-0.086024,-0.059918,-0.034279
14.236796,0.080135,0.109949,-0.026652,-0.089896,-0.062910,-0.036798
14.246860,0.080647,0.105274,-0.023009,-0.090288,-0.063080,-0.039390
14.256918,0.084059,0.104460,-0.019842,-0.093646,-0.066523,-0.038621
14.266980,0.084257,0.099465,-0.015631,-0.092683,-0.066742,-0.041354
14.277045,0.087710,0.098655,-0.012673,-0.095373,-0.070589,-0.044154
14.287106,0.087537,0.092849,-0.009451,-0.094054,-0.070801,-0.047018
14.297169,0.090966,0.091563,-0.006355,-0.095559,-0.073845,-0.049943
14.307233,0.090729,0.086004,-0.003394,-0.092995,-0.073978,-0.052923
14.317297,0.094051,0.084167,-0.000196,-0.094347,-0.077664,-0.055954
14.327359,0.093276,0.078411,0.003227,-0.091199,-0.077247,-0.059031
14.337422,0.096389,0.076355,0.006866,-0.091925,-0.079948,-0.062145
14.347485,0.095346,0.070363,0.009948,-0.088879,-0.078872,-0.065292
14.357550,0.098508,0.068061,0.013988,-0.089679,-0.081616,-0.068461
14.367610,0.097448,0.061819,0.017830,-0.086305,-0.080136,-0.071644
14.377673,0.099758,0.059267,0.021847,-0.086380,-0.082788,-0.074832
14.387735,0.098144,0.052778,0.026026,-0.082651,-0.080373,-0.063515
14.397798,0.100209,0.049991,0.030361,-0.081991,-0.083166,-0.066678
14.407955,0.098275,0.044046,0.034841,-0.077917,-0.080437,-0.064851
14.418018,0.100311,0.040293,0.039458,-0.077301,-0.082447,-0.067941
14.428079,0.101695,0.036836,0.043819,-0.076337,-0.083049,-0.070973
14.438142,0.098569,0.031399,0.048300,-0.071985,-0.079151,-0.073934
14.448205,0.099281,0.027811,0.053271,-0.070362,-0.079483,-0.076809
14.458269,0.095397,0.022652,0.057201,-0.065761,-0.075232,-0.079583
14.468325,0.095642,0.018990,0.061603,-0.063918,-0.074745,-0.082240
14.478390,0.091212,0.014935,0.064952,-0.058753,-0.069218,-0.064931
14.488450,0.090457,0.011646,0.069525,-0.056384,-0.068530,-0.067313
14.498503,0.085329,0.007614,0.072646,-0.051873,-0.063490,-0.069535
14.508563,0.083804,0.004764,0.076596,-0.050195,-0.062075,-0.071583
14.518625,0.078218,0.001588,0.079076,-0.046029,-0.056244,-0.059711
14.528689,0.076181,-0.001137,0.083138,-0.044353,-0.053987,-0.061374
14.538753,0.070417,-0.004156,0.084957,-0.040607,-0.048030,-0.062828
14.548814,0.067390,-0.007072,0.088340,-0.039383,-0.045603,-0.064064
14.558875,0.060981,-0.009488,0.090229,-0.036117,-0.039441,-0.065075
14.568940,0.057279,-0.012530,0.093282,-0.034635,-0.036400,-0.065852
14.579005,0.050558,-0.015044,0.094829,-0.031516,-0.031133,-0.066395
14.589067,0.046534,-0.018158,0.097529,-0.030202,-0.028595,-0.066699
14.599121,0.039868,-0.021476,0.098703,-0.027265,-0.025735,-0.066764
14.609185,0.035906,-0.024984,0.101390,-0.026142,-0.023321,-0.066592
14.619238,0.029315,-0.027909,0.101775,-0.023784,-0.020217,-0.066186
14.629290,0.023923,-0.031002,0.104042,-0.022861,-0.017198,-0.065551
14.639344,0.018602,-0.034250,0.106654,-0.022227,-0.013517,-0.064693
14.649395,0.012232,-0.036877,0.106166,-0.020733,-0.009195,-0.063623
14.659446,0.006738,-0.040403,0.107917,-0.020284,-0.004633,-0.062347
14.669506,0.000243,-0.042147,0.107316,-0.019345,-0.000239,-0.060878
14.679567,-0.005696,-0.045146,0.108546,-0.018673,0.004718,-0.059229
14.689630,-0.011815,-0.046728,0.107791,-0.017879,0.009834,-0.057409
14.699693,-0.018078,-0.049170,0.108471,-0.017717,0.015835,-0.055433
14.709753,-0.024062,-0.050171,0.106759,-0.017033,0.022303,-0.053317
14.719814,-0.030121,-0.052400,0.107232,-0.016964,0.028828,-0.051072
14.729875,-0.035451,-0.053177,0.105300,-0.015975,0.035372,-0.048712
14.739937,-0.041532,-0.055542,0.105148,-0.014820,0.042273,-0.046254
14.750001,-0.046047,-0.055680,0.102962,-0.013874,0.048740,-0.043708
14.760061,-0.053149,-0.057778,0.102164,-0.013128,0.053971,-0.041089
14.770122,-0.058978,-0.057628,0.100075,-0.011815,0.056395,-0.038411
14.780181,-0.064654,-0.059428,0.099365,-0.010690,0.060947,-0.035684
14.790243,-0.068982,-0.059349,0.096590,-0.009369,0.061478,-0.032923
14.800296,-0.074228,-0.061208,0.095947,-0.007847,0.064448,-0.030135
14.810349,-0.077300,-0.060800,0.092853,-0.006123,0.064480,-0.027331
14.820401,-0.081592,-0.062310,0.091877,-0.004957,0.067639,-0.024525
14.830453,-0.083653,-0.061544,0.088446,-0.003203,0.066659,-0.021720
14.840515,-0.087254,-0.063449,0.087891,-0.001627,0.069129,-0.018928
14.850577,-0.090857,-0.064594,0.086782,0.000154,0.070458,-0.016153
14.860641,-0.090225,-0.063822,0.083588,0.002136,0.068702,-0.013405
14.870706,-0.092979,-0.064950,0.082127,0.003937,0.070334,0.033183
14.880769,-0.091836,-0.063768,0.078578,0.006313,0.067311,0.035864
14.890829,-0.094037,-0.065241,0.077142,0.008883,0.068783,0.038505
14.900896,-0.091922,-0.063632,0.073620,0.011639,0.065944,0.041100
14.910956,-0.093500,-0.064668,0.072211,0.014578,0.066805,0.043649
14.921019,-0.091114,-0.063377,0.068716,0.017692,0.064090,0.046145
14.931083,-0.092394,-0.064722,0.066956,0.020978,0.065047,0.048590
14.941146,-0.089306,-0.062969,0.063494,0.024427,0.062026,0.050978
14.951211,-0.090245,-0.064225,0.061770,0.028035,0.063040,0.053310
14.961273,-0.086801,-0.062375,0.058348,0.031410,0.060059,0.055583
14.971336,-0.087363,-0.063524,0.056285,0.034928,0.060711,0.046353
14.981401,-0.083924,-0.061568,0.053295,0.038586,0.058132,0.048510
14.991461,-0.084096,-0.062599,0.051668,0.041990,0.058410,0.050605
15.001523,-0.080640,-0.060519,0.048737,0.045137,0.055448,0.052642
15.011587,-0.080791,-0.061420,0.046793,0.048396,0.056101,0.054619
15.021651,-0.076923,-0.059199,0.044314,0.051000,0.053507,0.056536
15.031716,-0.077053,-0.059962,0.042448,0.053708,0.054155,0.058396
15.041779,-0.073541,-0.057977,0.040435,0.056124,0.051932,0.060197
15.051842,-0.073259,-0.058202,0.038660,0.059008,0.052184,0.061940
15.061896,-0.073163,-0.059115,0.036745,0.061594,0.052247,0.063629
15.071960,-0.069812,-0.056891,0.034694,0.063485,0.049825,0.065261
15.082019,-0.069315,-0.056871,0.032891,0.066205,0.050264,0.066838
15.092083,-0.065959,-0.054863,0.030578,0.067462,0.047852,0.068363
15.102146,-0.065458,-0.055052,0.029285,0.069530,0.047539,0.069835
15.112207,-0.062481,-0.052864,0.027489,0.070500,0.045138,0.071255
15.122261,-0.061990,-0.053256,0.025957,0.072653,0.045229,0.072626
15.132323,-0.059034,-0.050889,0.023930,0.072937,0.042481,0.073949
15.142384,-0.058567,-0.051097,0.022558,0.074771,0.042609,0.075223
15.152444,-0.055639,-0.048922,0.021080,0.074719,0.041426,0.076451
15.162509,-0.055211,-0.048940,0.019501,0.076590,0.042369,0.077634
15.172569,-0.052712,-0.046575,0.018206,0.076564,0.040482,0.078773
15.182631,-0.052725,-0.046787,0.016817,0.078075,0.040351,0.048970
15.192692,-0.049908,-0.044992,0.015340,0.078055,0.037395,0.050025
15.202752,-0.049609,-0.044625,0.013777,0.079937,0.036962,0.051039
15.212812,-0.046490,-0.042635,0.012134,0.080284,0.036004,0.052014
15.222873,-0.046661,-0.042074,0.010413,0.082142,0.036433,0.052951
15.232932,-0.044020,-0.039888,0.008619,0.082455,0.035581,0.053852
15.242994,-0.043914,-0.039894,0.006755,0.084271,0.035742,0.054716
15.253052,-0.042149,-0.037131,0.005208,0.084152,0.034631,0.039523
15.263115,-0.041781,-0.036942,0.003218,0.085909,0.035684,0.040319
15.273226,-0.040144,-0.035129,0.001170,0.085342,0.034710,0.041082
15.283289,-0.039912,-0.034364,-0.000933,0.086261,0.035144,0.041814
15.293351,-0.039562,-0.033884,-0.003085,0.086756,0.035465,0.042515
15.303414,-0.037191,-0.031783,-0.004902,0.085298,0.033387,0.043186
15.313476,-0.036999,-0.031112,-0.007144,0.085697,0.031966,0.043829
15.323540,-0.035174,-0.029202,-0.009425,0.083755,0.029679,0.044443
15.333602,-0.034390,-0.029107,-0.011741,0.084047,0.028817,0.045031
15.343662,-0.033124,-0.026630,-0.013709,0.081992,0.027096,0.045593
15.353722,-0.032906,-0.025968,-0.016086,0.082164,0.026807,0.046129
15.363785,-0.031829,-0.024451,-0.018487,0.080361,0.026807,0.030237
15.373849,-0.031426,-0.023990,-0.020912,0.080404,0.027485,0.030726
15.383894,-0.030173,-0.022298,-0.022974,0.078472,0.026933,0.028903
15.393951,-0.030361,-0.022044,-0.025053,0.078759,0.027063,0.029347
15.404011,-0.028942,-0.020941,-0.027143,0.076685,0.028258,0.029770
15.414074,-0.028585,-0.020896,-0.029241,0.076821,0.028612,0.030171
15.424136,-0.027392,-0.019245,-0.030966,0.074598,0.028513,0.030554
15.434199,-0.026888,-0.019038,-0.033077,0.074587,0.028342,0.030917
15.444260,-0.025929,-0.018367,-0.034041,0.072205,0.026957,0.031262
15.454324,-0.025667,-0.018384,-0.035769,0.072036,0.026651,0.031589
15.464385,-0.024576,-0.017560,-0.036730,0.069498,0.025138,0.031899
15.474448,-0.024183,-0.017042,-0.038443,0.069162,0.024325,0.032192
15.484500,-0.023348,-0.016451,-0.039005,0.066841,0.022690,0.032470
15.494566,-0.022835,-0.016551,-0.039934,0.066722,0.021380,0.032732
15.504621,-0.022266,-0.016583,-0.041614,0.066523,0.020015,0.032980
15.514686,-0.021260,-0.015782,-0.042129,0.064328,0.017834,0.033213
15.524748,-0.020965,-0.016060,-0.043007,0.064337,0.016747,0.033433
15.534811,-0.021002,-0.015894,-0.043103,0.062358,0.015231,0.033640
15.544874,-0.020989,-0.016046,-0.044318,0.062197,0.014812,0.033834
15.554934,-0.020550,-0.014993,-0.044363,0.060806,0.014348,0.034016
15.564998,-0.020829,-0.014647,-0.044765,0.060860,0.014605,0.034188
15.575057,-0.020499,-0.014166,-0.047380,0.061849,0.015378,0.034497
15.585118,-0.020656,-0.014038,-0.048068,0.061263,0.015136,0.034636
15.595182,-0.020013,-0.013859,-0.047194,0.059447,0.014857,0.034766
15.605243,-0.019336,-0.013633,-0.047430,0.058693,0.013782,0.034887
15.615304,-0.018243,-0.012979,-0.047246,0.056329,0.013056,0.015544
15.625369,-0.017499,-0.013044,-0.047405,0.055408,0.013062,0.015648
15.635428,-0.017107,-0.011923,-0.046379,0.053260,0.013420,0.015744
15.645491,-0.016686,-0.011525,-0.046456,0.052939,0.014132,0.015832
15.655556,-0.016620,-0.010708,-0.045345,0.051011,0.014055,0.015914
15.665618,-0.016527,-0.010617,-0.045331,0.050906,0.014333,0.015988
15.675679,-0.016410,-0.010112,-0.044130,0.049200,0.014589,0.016057
15.685738,-0.016651,-0.009956,-0.044405,0.048937,0.014822,0.016119
15.695802,-0.016489,-0.009389,-0.043111,0.047839,0.014271,0.016176
15.705864,-0.016307,-0.009175,-0.042909,0.048186,0.014082,0.016228
15.716007,-0.016488,-0.008173,-0.041898,0.047317,0.013494,0.016275
15.726067,-0.016269,-0.007528,-0.041214,0.047515,0.013270,0.016317
15.736128,-0.016034,-0.006480,-0.041242,0.047257,0.013410,0.011777
15.746189,-0.015783,-0.005792,-0.040074,0.046546,0.013537,0.011810
15.756248,-0.015899,-0.005467,-0.039235,0.046526,0.013649,0.011841
15.766310,-0.015239,-0.005507,-0.038342,0.045673,0.013748,0.011867
15.776370,-0.015330,-0.005532,-0.038158,0.045895,0.013836,0.011891
15.786431,-0.015409,-0.005162,-0.036390,0.045664,0.013913,0.011911
15.796491,-0.015097,-0.004780,-0.036095,0.045751,0.013980,0.011929
15.806542,-0.015157,-0.004387,-0.034979,0.045005,0.014038,0.011945
15.816603,-0.014827,-0.003986,-0.034187,0.044956,0.014088,0.011958
15.826664,-0.014490,-0.003195,-0.032580,0.044465,0.014130,0.011970
15.836724,-0.014145,-0.003162,-0.032053,0.044286,0.014166,0.011979
15.846785,-0.014176,-0.003123,-0.030708,0.044047,0.014196,0.011987
15.856845,-0.013820,-0.003081,-0.030065,0.044507,0.014220,0.011994
15.866907,-0.013841,-0.003037,-0.028604,0.044146,0.014241,0.011999
15.876967,-0.013477,-0.002991,-0.027845,0.044104,0.014257,0.012004
15.887027,-0.013490,-0.002945,-0.026260,0.043617,0.014270,0.009337
15.897091,-0.013119,-0.002900,-0.025763,0.043838,0.014280,0.009339
15.907151,-0.012364,-0.002856,-0.024442,0.043617,0.013906,0.009341
15.917213,-0.011988,-0.002815,-0.023820,0.043336,0.013912,0.009343
15.927274,-0.010848,-0.002776,-0.022760,0.042619,0.013916,0.009344
15.937331,-0.010469,-0.002742,-0.022398,0.042223,0.013919,0.009345
15.947391,-0.010090,-0.002712,-0.021975,0.041389,0.013920,0.009345
15.957451,-0.009710,-0.002687,-0.020731,0.040500,0.014303,0.009346
15.967513,-0.009710,-0.002667,-0.019803,0.040316,0.014304,0.009346
15.977578,-0.009329,-0.002652,-0.018816,0.039314,0.014686,0.009346
15.987642,-0.009330,-0.002643,-0.018528,0.038636,0.014304,0.009346
15.997707,-0.009330,-0.002640,-0.017413,0.037899,0.014305,0.009346
