t,q1,q2,q3,q4,q5,q6
0.000000,-0.336271,0.607881,-0.408370,-0.401503,-0.012016,-0.011254
0.010052,-0.336271,0.607881,-0.408370,-0.401503,-0.012016,-0.011254
0.020106,-0.336271,0.607881,-0.408370,-0.401503,-0.011635,-0.011254
0.030165,-0.336271,0.607881,-0.408370,-0.401503,-0.012016,-0.011254
0.040219,-0.336271,0.607881,-0.408370,-0.401503,-0.011635,-0.011254
0.050275,-0.336271,0.607881,-0.408370,-0.401503,-0.012016,-0.011254
0.060336,-0.336271,0.607881,-0.408370,-0.401503,-0.012016,-0.011254
0.070390,-0.336271,0.607881,-0.408370,-0.401503,-0.012016,-0.011254
0.080446,-0.336271,0.607881,-0.408370,-0.401503,-0.011635,-0.011254
0.090501,-0.336271,0.607881,-0.408370,-0.401503,-0.011635,-0.011254
0.100556,-0.336271,0.607881,-0.408370,-0.401503,-0.012016,-0.011254
0.110619,-0.336271,0.607881,-0.408370,-0.401503,-0.012016,-0.011254
0.120675,-0.336271,0.607881,-0.408370,-0.401503,-0.012016,-0.011254
0.130742,-0.336271,0.607881,-0.408370,-0.401503,-0.011635,-0.011254
0.140807,-0.336271,0.607881,-0.408370,-0.401503,-0.012016,-0.011254
0.150872,-0.336271,0.607881,-0.408370,-0.401503,-0.012016,-0.011254
0.160937,-0.336271,0.607881,-0.408370,-0.401503,-0.012016,-0.011254
0.170998,-0.336271,0.607881,-0.408370,-0.401503,-0.011635,-0.011254
0.181063,-0.336271,0.607881,-0.408370,-0.401503,-0.011635,-0.010872
0.191125,-0.336271,0.607881,-0.408370,-0.401503,-0.011635,-0.010872
0.201189,-0.336271,0.607881,-0.408370,-0.401503,-0.012016,-0.010872
0.211252,-0.336271,0.607881,-0.408370,-0.401503,-0.011635,-0.010872
0.221315,-0.336271,0.607881,-0.408370,-0.401503,-0.011635,-0.010872
0.231376,-0.336271,0.607881,-0.408370,-0.401503,-0.012016,-0.010872
0.241438,-0.336271,0.607881,-0.408370,-0.401503,-0.012016,-0.010872
0.251499,-0.336271,0.607881,-0.408370,-0.401503,-0.012016,-0.010872
0.261564,-0.335889,0.607881,-0.408370,-0.401503,-0.012016,-0.010872
0.271626,-0.335889,0.607881,-0.408370,-0.401503,-0.011635,-0.010872
0.281689,-0.335889,0.607881,-0.408370,-0.401503,-0.012016,-0.010872
0.291751,-0.335889,0.607881,-0.408370,-0.401503,-0.011635,-0.010872
0.301816,-0.336271,0.607881,-0.408370,-0.401503,-0.012016,-0.010872
0.311877,-0.335889,0.607881,-0.408370,-0.401503,-0.011635,-0.010872
0.321940,-0.335889,0.607881,-0.408370,-0.401503,-0.012016,-0.010872
0.331994,-0.335889,0.607881,-0.408370,-0.401503,-0.011635,-0.010872
0.342046,-0.335889,0.607881,-0.408370,-0.401503,-0.011635,-0.010872
0.352099,-0.335889,0.607881,-0.408370,-0.401503,-0.012016,-0.010872
0.362160,-0.335889,0.607881,-0.408370,-0.401503,-0.012016,-0.010872
0.372225,-0.335889,0.607881,-0.408370,-0.401503,-0.012016,-0.010872
0.382290,-0.335889,0.607881,-0.408370,-0.401503,-0.011635,-0.010872
0.392352,-0.335889,0.607881,-0.408370,-0.401503,-0.012016,-0.010872
0.402415,-0.335889,0.607881,-0.408370,-0.401503,-0.012016,-0.010872
0.412478,-0.335889,0.607881,-0.408370,-0.401503,-0.012016,-0.010872
0.422542,-0.335889,0.607881,-0.408370,-0.401503,-0.012016,-0.010872
0.432602,-0.335889,0.607881,-0.408370,-0.401503,-0.011635,-0.010872
0.442664,-0.335889,0.607881,-0.408370,-0.401503,-0.012016,-0.010872
0.452726,-0.335889,0.607881,-0.408370,-0.401503,-0.012016,-0.010872
0.462787,-0.335889,0.607881,-0.408370,-0.401503,-0.012016,-0.010872
0.472851,-0.335889,0.607881,-0.408370,-0.401503,-0.012016,-0.010872
0.482913,-0.335889,0.607881,-0.408370,-0.401503,-0.012016,-0.010872
0.492977,-0.335889,0.607881,-0.408370,-0.401503,-0.012016,-0.010872
0.503038,-0.335889,0.607881,-0.408370,-0.401503,-0.011635,-0.010872
0.513091,-0.335889,0.607881,-0.408370,-0.401503,-0.011635,-0.010872
0.523146,-0.335889,0.607881,-0.408370,-0.401503,-0.012016,-0.011254
0.533201,-0.335889,0.607881,-0.408370,-0.401503,-0.011635,-0.011254
0.543254,-0.335889,0.607881,-0.408370,-0.401503,-0.012016,-0.011254
0.553307,-0.336271,0.607881,-0.408370,-0.401503,-0.012016,-0.011254
0.563361,-0.336271,0.607881,-0.408370,-0.401503,-0.012016,-0.011254
0.573415,-0.336271,0.607881,-0.408370,-0.401503,-0.012016,-0.011254
0.583442,-0.336271,0.607881,-0.408370,-0.401503,-0.011635,-0.011254
0.593463,-0.336271,0.607881,-0.408370,-0.401503,-0.011635,-0.011254
0.603526,-0.336271,0.607881,-0.408370,-0.401503,-0.012016,-0.011254
0.613591,-0.336271,0.607881,-0.408370,-0.401503,-0.012016,-0.011254
0.623655,-0.336271,0.607881,-0.408370,-0.401503,-0.012016,-0.011254
0.633719,-0.336271,0.607881,-0.408370,-0.401503,-0.011635,-0.011254
0.643775,-0.336271,0.607881,-0.408370,-0.401503,-0.011635,-0.011254
0.653837,-0.336271,0.607881,-0.408370,-0.401503,-0.012016,-0.011254
0.663901,-0.336271,0.607881,-0.408370,-0.401503,-0.012016,-0.011254
0.673963,-0.336271,0.607881,-0.408370,-0.401503,-0.012016,-0.011254
0.684017,-0.336271,0.607881,-0.408370,-0.401503,-0.011635,-0.011254
0.694172,-0.336271,0.607881,-0.408370,-0.401503,-0.012016,-0.011254
0.704225,-0.336271,0.607881,-0.408370,-0.401503,-0.011635,-0.011254
0.714278,-0.336271,0.607881,-0.408370,-0.401503,-0.011635,-0.011254
0.724331,-0.336271,0.607881,-0.408370,-0.401503,-0.011635,-0.011254
0.734384,-0.336271,0.607881,-0.408370,-0.401503,-0.012016,-0.011254
0.744436,-0.336271,0.607881,-0.408370,-0.401503,-0.011635,-0.011254
0.754490,-0.336271,0.607881,-0.408370,-0.401503,-0.011635,-0.011254
0.764543,-0.336271,0.607881,-0.408370,-0.401503,-0.011635,-0.011254
0.774595,-0.336271,0.607881,-0.408370,-0.401503,-0.012016,-0.011254
0.784649,-0.336271,0.607881,-0.408370,-0.401503,-0.012016,-0.011254
0.794702,-0.336271,0.607881,-0.408370,-0.401503,-0.011635,-0.011254
0.804756,-0.336271,0.607881,-0.408370,-0.401503,-0.011635,-0.011254
0.814808,-0.336271,0.607881,-0.408370,-0.401503,-0.011635,-0.010872
0.824861,-0.336271,0.607881,-0.408370,-0.401503,-0.011635,-0.011254
0.834915,-0.336271,0.607881,-0.408370,-0.401503,-0.011635,-0.011254
0.844967,-0.336271,0.607881,-0.408370,-0.401503,-0.012016,-0.011254
0.855020,-0.336271,0.607881,-0.408370,-0.401503,-0.011635,-0.011254
0.865072,-0.336271,0.607881,-0.408370,-0.401503,-0.011635,-0.011254
0.875124,-0.336271,0.607881,-0.408370,-0.401503,-0.011635,-0.011254
0.885178,-0.336271,0.607881,-0.408751,-0.401503,-0.012016,-0.011254
0.895235,-0.336271,0.607881,-0.408751,-0.401503,-0.012016,-0.011254
0.905330,-0.336271,0.607881,-0.409133,-0.401503,-0.011635,-0.011254
0.915395,-0.336271,0.607881,-0.409514,-0.401503,-0.011635,-0.011254
0.925457,-0.336271,0.607881,-0.409895,-0.401503,-0.011635,-0.011254
0.935520,-0.336271,0.607881,-0.411040,-0.401503,-0.012016,-0.011254
0.945585,-0.336271,0.607881,-0.411421,-0.401503,-0.012016,-0.011254
0.955649,-0.336271,0.608263,-0.412566,-0.401503,-0.012016,-0.011254
0.965714,-0.336271,0.608263,-0.413329,-0.401503,-0.011635,-0.011254
0.975779,-0.336271,0.608263,-0.414473,-0.401503,-0.011635,-0.010872
0.985842,-0.336271,0.608263,-0.415236,-0.401503,-0.011635,-0.010872
0.995906,-0.336271,0.608263,-0.416381,-0.401503,-0.011635,-0.010872
1.005970,-0.336271,0.607881,-0.417525,-0.401503,-0.011635,-0.010872
1.016034,-0.336271,0.607881,-0.418669,-0.401503,-0.011635,-0.010872
1.026099,-0.336271,0.607881,-0.419432,-0.401503,-0.011635,-0.010872
1.036163,-0.336271,0.607881,-0.420577,-0.401503,-0.011635,-0.010872
1.046226,-0.336652,0.607881,-0.421340,-0.401503,-0.012016,-0.010872
1.056289,-0.336652,0.607881,-0.422866,-0.401503,-0.011635,-0.010872
1.066353,-0.336652,0.607881,-0.423629,-0.401503,-0.011635,-0.010872
1.076414,-0.337034,0.607881,-0.424773,-0.401503,-0.011635,-0.010872
1.086477,-0.337034,0.607881,-0.425536,-0.401503,-0.011635,-0.011254
1.096541,-0.337415,0.607881,-0.426680,-0.401503,-0.011635,-0.011254
1.106605,-0.337797,0.607881,-0.427443,-0.401503,-0.011635,-0.011254
1.116669,-0.338178,0.607881,-0.428588,-0.401503,-0.011635,-0.011254
1.126733,-0.338560,0.607881,-0.429351,-0.401503,-0.011635,-0.011254
1.136796,-0.338941,0.607881,-0.429732,-0.401503,-0.011635,-0.011254
1.146859,-0.339704,0.607881,-0.430495,-0.401503,-0.011635,-0.011254
1.156921,-0.340085,0.607881,-0.430877,-0.401503,-0.011635,-0.011254
1.166987,-0.340848,0.607881,-0.431640,-0.401503,-0.011635,-0.011254
1.177048,-0.341230,0.607881,-0.432403,-0.401503,-0.011635,-0.011254
1.187111,-0.341993,0.607881,-0.433165,-0.401503,-0.011635,-0.011254
1.197175,-0.342374,0.607881,-0.433165,-0.401503,-0.011635,-0.011254
1.207237,-0.342756,0.607881,-0.433547,-0.401503,-0.011635,-0.011254
1.217299,-0.343137,0.607881,-0.433928,-0.401503,-0.012016,-0.011254
1.227361,-0.343519,0.607881,-0.435073,-0.401503,-0.011635,-0.011254
1.237426,-0.344282,0.607881,-0.435454,-0.401503,-0.011635,-0.011254
1.247488,-0.344663,0.607881,-0.435836,-0.401503,-0.011635,-0.011254
1.257551,-0.345045,0.607881,-0.436217,-0.401503,-0.011635,-0.011254
1.267613,-0.345808,0.607881,-0.436980,-0.401503,-0.011635,-0.011254
1.277668,-0.345808,0.607881,-0.436980,-0.401503,-0.011635,-0.011254
1.287721,-0.345808,0.607881,-0.437362,-0.401503,-0.011635,-0.011254
1.297774,-0.346189,0.607881,-0.437743,-0.401503,-0.012016,-0.011254
1.307827,-0.346189,0.607881,-0.438888,-0.401503,-0.011635,-0.011254
1.317880,-0.346189,0.607881,-0.439269,-0.401503,-0.011635,-0.011254
1.327893,-0.346571,0.607881,-0.439651,-0.401122,-0.011635,-0.011254
1.337944,-0.346571,0.607881,-0.440032,-0.401122,-0.011635,-0.011254
1.348016,-0.346571,0.607881,-0.440414,-0.401122,-0.011635,-0.010872
1.358076,-0.346571,0.607881,-0.441939,-0.401122,-0.011635,-0.010872
1.368136,-0.346571,0.607881,-0.442321,-0.400359,-0.011635,-0.010872
1.378196,-0.346571,0.607881,-0.443084,-0.400359,-0.011635,-0.010872
1.388255,-0.346571,0.607881,-0.443465,-0.400359,-0.011635,-0.010872
1.398318,-0.346571,0.607881,-0.444228,-0.400359,-0.011635,-0.010872
1.408378,-0.346571,0.607881,-0.444991,-0.400359,-0.011635,-0.010872
1.418440,-0.346571,0.607881,-0.445754,-0.399977,-0.011635,-0.010872
1.428500,-0.346571,0.607500,-0.446136,-0.399977,-0.011635,-0.010872
1.438560,-0.346571,0.607500,-0.446899,-0.399214,-0.011254,-0.010872
1.448622,-0.346571,0.607500,-0.447662,-0.399214,-0.011635,-0.010872
1.458680,-0.346571,0.607500,-0.448806,-0.398070,-0.011635,-0.010872
1.468743,-0.346571,0.607500,-0.449569,-0.397688,-0.011635,-0.010872
1.478804,-0.346571,0.607500,-0.450332,-0.396925,-0.011635,-0.010872
1.488857,-0.346571,0.607500,-0.451476,-0.396544,-0.011635,-0.010872
1.498908,-0.346571,0.607500,-0.452621,-0.395399,-0.011635,-0.010872
1.508960,-0.346952,0.607500,-0.453765,-0.394255,-0.011635,-0.010872
1.519018,-0.346952,0.607500,-0.454910,-0.392348,-0.011254,-0.010872
1.529080,-0.346952,0.607500,-0.455673,-0.391585,-0.011254,-0.010872
1.539138,-0.346952,0.607500,-0.456817,-0.390059,-0.011254,-0.010872
1.549199,-0.346952,0.607500,-0.457580,-0.389296,-0.011254,-0.010872
1.559252,-0.346952,0.607500,-0.458343,-0.388914,-0.011635,-0.010872
1.569312,-0.346952,0.607118,-0.459106,-0.388151,-0.011254,-0.010872
1.579370,-0.346952,0.606737,-0.459869,-0.387388,-0.011254,-0.010872
1.589432,-0.346952,0.606737,-0.461013,-0.387007,-0.011254,-0.010872
1.599495,-0.346952,0.606737,-0.461395,-0.386244,-0.011254,-0.010872
1.609554,-0.346952,0.606737,-0.462539,-0.385481,-0.010872,-0.010872
1.619614,-0.346952,0.606737,-0.463302,-0.384718,-0.010872,-0.010872
1.629676,-0.347333,0.606737,-0.464828,-0.383574,-0.011254,-0.010872
1.639739,-0.347333,0.606737,-0.465591,-0.382429,-0.011254,-0.010872
1.649803,-0.347333,0.606355,-0.467117,-0.380522,-0.010872,-0.010872
1.659868,-0.347333,0.606355,-0.467880,-0.379377,-0.010872,-0.010872
1.669929,-0.347333,0.606355,-0.469406,-0.377470,-0.010872,-0.010872
1.679991,-0.347333,0.605974,-0.470169,-0.376326,-0.010872,-0.010872
1.690051,-0.347333,0.605592,-0.471313,-0.374418,-0.010872,-0.010872
1.700112,-0.347715,0.605211,-0.472457,-0.373274,-0.010872,-0.010872
1.710177,-0.347715,0.605211,-0.473602,-0.371366,-0.010491,-0.010872
1.720242,-0.347715,0.605211,-0.474365,-0.369841,-0.010491,-0.010872
1.730303,-0.347715,0.605211,-0.475891,-0.367933,-0.010109,-0.010872
1.740366,-0.347715,0.604829,-0.476654,-0.366407,-0.009728,-0.010872
1.750431,-0.348096,0.604829,-0.478561,-0.364118,-0.009346,-0.010872
1.760495,-0.348478,0.604829,-0.479706,-0.362211,-0.008583,-0.010872
1.770602,-0.348859,0.604829,-0.480850,-0.359541,-0.007820,-0.010872
1.780667,-0.349241,0.604448,-0.481231,-0.358015,-0.007057,-0.010872
1.790719,-0.349622,0.604448,-0.482376,-0.356870,-0.007057,-0.010872
1.800782,-0.350004,0.604067,-0.483520,-0.354963,-0.006294,-0.010872
1.810846,-0.350385,0.604067,-0.484283,-0.353437,-0.005531,-0.010872
1.820894,-0.351148,0.603685,-0.485809,-0.351530,-0.004005,-0.010872
1.830957,-0.352293,0.603304,-0.486572,-0.349622,-0.003243,-0.010872
1.841021,-0.353437,0.602922,-0.487716,-0.346952,-0.001717,-0.010872
1.851087,-0.354200,0.602922,-0.488479,-0.345426,-0.000572,-0.010872
1.861152,-0.355726,0.602541,-0.490005,-0.343519,0.002098,-0.010872
1.871206,-0.357252,0.602159,-0.491150,-0.341993,0.004005,-0.010872
1.881268,-0.358778,0.601396,-0.492294,-0.339322,0.008202,-0.010872
1.891331,-0.359922,0.600633,-0.493057,-0.337797,0.010491,-0.010491
1.901394,-0.360685,0.600252,-0.493820,-0.335508,0.012779,-0.010491
1.911456,-0.361067,0.599489,-0.494583,-0.333982,0.013924,-0.010491
1.921518,-0.361830,0.598344,-0.495727,-0.332074,0.015068,-0.010491
1.931582,-0.362211,0.597200,-0.496109,-0.330549,0.015450,-0.010491
1.941643,-0.362593,0.596056,-0.496490,-0.327878,0.015450,-0.010491
1.951706,-0.362593,0.595293,-0.497253,-0.326352,0.015831,-0.010491
1.961767,-0.362974,0.593004,-0.498398,-0.324063,0.016594,-0.010491
1.971829,-0.363355,0.592241,-0.499161,-0.322156,0.016976,-0.010491
1.981892,-0.364500,0.591096,-0.499924,-0.319104,0.018883,-0.010491
1.991956,-0.365263,0.590333,-0.501068,-0.317578,0.019646,-0.010491
2.002022,-0.366026,0.589570,-0.502213,-0.314908,0.021172,-0.008965
2.012086,-0.367170,0.589189,-0.503357,-0.313001,0.021935,-0.008965
2.022148,-0.367933,0.588426,-0.504501,-0.311856,0.022316,-0.008965
2.032211,-0.369841,0.586900,-0.506027,-0.309567,0.023461,-0.008965
2.042275,-0.370985,0.586137,-0.507172,-0.308042,0.023842,-0.008965
2.052339,-0.372511,0.584230,-0.508698,-0.306134,0.024224,-0.008965
2.062404,-0.372892,0.583467,-0.509842,-0.304990,0.024224,-0.008965
2.072470,-0.373655,0.582704,-0.510986,-0.303082,0.023842,-0.005913
2.082522,-0.374037,0.581941,-0.512131,-0.301175,0.023842,-0.005913
2.092575,-0.374800,0.580415,-0.513657,-0.298886,0.024224,-0.005913
2.102639,-0.375563,0.579271,-0.514801,-0.296979,0.024224,-0.005913
2.112691,-0.376707,0.577745,-0.516327,-0.293927,0.024605,-0.005913
2.122743,-0.377089,0.576982,-0.517472,-0.292020,0.025368,-0.005913
2.132795,-0.378614,0.575837,-0.518616,-0.289349,0.027276,-0.005913
2.142846,-0.379377,0.575074,-0.519760,-0.287442,0.029183,-0.000954
2.152899,-0.380903,0.573548,-0.521668,-0.285153,0.031090,-0.000954
2.162951,-0.382048,0.572404,-0.522812,-0.283246,0.032235,-0.000954
2.173004,-0.383955,0.570115,-0.523957,-0.280194,0.033761,-0.000954
2.183057,-0.385100,0.568971,-0.524720,-0.278286,0.034524,-0.000954
2.193109,-0.386244,0.567445,-0.526246,-0.275616,0.034524,-0.000954
2.203162,-0.386625,0.566682,-0.527008,-0.274090,0.034524,-0.000954
2.213214,-0.387388,0.565156,-0.528534,-0.271420,0.034524,-0.000954
2.223277,-0.387770,0.564393,-0.529297,-0.269131,0.034524,-0.000954
2.233338,-0.388914,0.562867,-0.530060,-0.266079,0.034524,-0.000954
2.243403,-0.389677,0.561341,-0.530823,-0.264172,0.034905,-0.000954
2.253467,-0.390822,0.560578,-0.531586,-0.262264,0.035668,-0.000954
2.263527,-0.392348,0.558671,-0.532731,-0.259976,0.037194,-0.000954
2.273589,-0.393874,0.557527,-0.533112,-0.258068,0.038720,-0.000954
2.283651,-0.396162,0.555238,-0.533875,-0.255398,0.041390,-0.000954
2.293714,-0.397307,0.554093,-0.534638,-0.253491,0.042535,-0.000954
2.303778,-0.398833,0.552567,-0.535782,-0.250439,0.044442,-0.000954
2.313842,-0.399977,0.551804,-0.536164,-0.248150,0.044823,-0.000954
2.323894,-0.401884,0.550278,-0.537308,-0.245098,0.046349,-0.000954
2.333950,-0.403029,0.548753,-0.537690,-0.243191,0.048257,-0.000954
2.344003,-0.404936,0.546464,-0.539216,-0.240520,0.051308,-0.000954
2.354066,-0.406462,0.544938,-0.539597,-0.238994,0.053597,-0.000954
2.364128,-0.409133,0.542649,-0.540742,-0.236324,0.058175,-0.000954
2.374191,-0.410277,0.541123,-0.541123,-0.234798,0.061227,-0.000954
2.384211,-0.411803,0.539597,-0.542267,-0.232128,0.065042,-0.000954
2.394276,-0.412947,0.538453,-0.543030,-0.230220,0.066567,-0.000954
2.404342,-0.414855,0.536164,-0.544175,-0.227550,0.067712,-0.000954
2.414402,-0.415999,0.534638,-0.544938,-0.226024,0.069238,-0.000954
2.424464,-0.417525,0.532349,-0.545701,-0.223735,0.070764,-0.000954
2.434524,-0.419051,0.531205,-0.546082,-0.222210,0.072290,-0.000954
2.444584,-0.421340,0.529297,-0.546845,-0.219921,0.074960,-0.000954
2.454645,-0.422484,0.527771,-0.547608,-0.218013,0.076104,-0.000954
2.464709,-0.423629,0.526246,-0.548371,-0.216106,0.076486,-0.000954
2.474763,-0.425154,0.523957,-0.549516,-0.212673,0.076486,-0.000954
2.484823,-0.427062,0.522812,-0.549897,-0.210765,0.076104,0.008202
2.494885,-0.428969,0.520523,-0.551041,-0.207332,0.076867,0.008202
2.504946,-0.430877,0.518616,-0.551804,-0.205425,0.077630,0.008202
2.515008,-0.433547,0.517090,-0.552186,-0.202373,0.079156,0.008202
2.525072,-0.435073,0.515946,-0.552949,-0.200465,0.080682,0.008202
2.535134,-0.437743,0.513657,-0.554093,-0.197414,0.082971,0.008202
2.545194,-0.439651,0.511749,-0.554475,-0.195125,0.084497,0.013161
2.555254,-0.442321,0.509079,-0.555238,-0.192454,0.087167,0.013161
2.565316,-0.444228,0.507553,-0.555619,-0.190166,0.089075,0.013161
2.575379,-0.447662,0.504883,-0.556001,-0.187114,0.092889,0.013161
2.585446,-0.449569,0.503357,-0.556382,-0.185206,0.095178,0.013161
2.595509,-0.452621,0.501068,-0.556764,-0.182155,0.099374,0.013161
2.605574,-0.454528,0.499161,-0.556764,-0.179866,0.102045,0.013161
2.615635,-0.457580,0.495727,-0.557145,-0.176814,0.106622,0.013161
2.625697,-0.459869,0.494202,-0.557527,-0.174907,0.110056,0.013161
2.635760,-0.462158,0.491913,-0.557527,-0.171855,0.114252,0.013161
2.645825,-0.464446,0.490005,-0.557527,-0.169566,0.116922,0.013161
2.655886,-0.467498,0.487716,-0.557908,-0.166896,0.119974,0.013161
2.665949,-0.469406,0.486191,-0.557908,-0.164988,0.122644,0.013161
2.676068,-0.472076,0.482757,-0.557908,-0.162699,0.124933,0.013161
2.686131,-0.473983,0.480850,-0.557908,-0.161173,0.126078,0.013161
2.696195,-0.475891,0.479324,-0.557908,-0.160029,0.126459,0.013161
2.706257,-0.478561,0.477035,-0.557908,-0.157740,0.126841,0.013161
2.716318,-0.480468,0.475509,-0.557908,-0.156214,0.127985,0.013161
2.726373,-0.483902,0.472839,-0.557908,-0.153925,0.129129,0.013161
2.736434,-0.485809,0.471313,-0.558289,-0.152399,0.130655,0.013161
2.746497,-0.489242,0.468261,-0.558289,-0.150111,0.132563,0.013161
2.756558,-0.491531,0.466735,-0.558289,-0.148585,0.134470,0.013161
2.766621,-0.495346,0.464446,-0.558289,-0.146296,0.139429,0.013161
2.776684,-0.498016,0.462921,-0.558289,-0.144770,0.142863,0.013161
2.786711,-0.501450,0.459869,-0.558289,-0.142863,0.147440,0.013161
2.796775,-0.504120,0.457961,-0.558289,-0.141337,0.150111,0.013161
2.806838,-0.507553,0.455291,-0.558289,-0.139048,0.154688,0.013161
2.816895,-0.510224,0.453384,-0.558289,-0.137522,0.158503,0.013161
2.826956,-0.513275,0.451476,-0.558289,-0.134852,0.164225,0.013161
2.837018,-0.515946,0.449569,-0.558289,-0.133326,0.166896,0.013161
2.847079,-0.519379,0.446136,-0.558289,-0.131037,0.171092,0.013161
2.857144,-0.521668,0.444228,-0.558289,-0.129511,0.172999,0.013161
2.867206,-0.524720,0.441939,-0.558289,-0.127604,0.174907,0.013161
2.877269,-0.527390,0.439651,-0.558289,-0.125696,0.176432,0.013161
2.887334,-0.530823,0.436980,-0.558289,-0.123407,0.179484,0.013161
2.897398,-0.533494,0.435073,-0.558289,-0.121500,0.182155,0.013161
2.907460,-0.535782,0.433547,-0.558289,-0.119974,0.184825,0.013161
2.917523,-0.539979,0.430495,-0.558289,-0.117304,0.188640,0.013161
2.927587,-0.542649,0.428588,-0.558289,-0.115778,0.191310,0.013161
2.937650,-0.547227,0.425917,-0.558289,-0.113489,0.197032,0.013161
2.947712,-0.549897,0.423629,-0.558289,-0.111582,0.200465,0.013161
2.957775,-0.554093,0.420958,-0.558289,-0.109293,0.205043,0.013161
2.967839,-0.556764,0.418669,-0.558289,-0.107767,0.207713,0.013161
2.977903,-0.560578,0.415618,-0.558289,-0.105478,0.212291,0.013161
2.987968,-0.563249,0.414092,-0.558289,-0.103952,0.214580,0.013161
2.998033,-0.567445,0.411040,-0.558289,-0.101663,0.217250,0.013161
3.008096,-0.570115,0.408370,-0.558289,-0.100137,0.219921,0.013161
3.018157,-0.573930,0.405699,-0.558289,-0.098230,0.223354,0.013161
3.028221,-0.576982,0.403792,-0.558289,-0.097086,0.225261,0.024224
3.038286,-0.580797,0.400740,-0.558289,-0.095560,0.229076,0.024224
3.048348,-0.583848,0.398833,-0.558289,-0.094415,0.232128,0.024224
3.058411,-0.588045,0.395781,-0.558289,-0.092889,0.237087,0.024224
3.068475,-0.591096,0.393874,-0.558289,-0.091745,0.239757,0.024224
3.078539,-0.595674,0.391585,-0.558289,-0.090219,0.244717,0.024224
3.088600,-0.598344,0.389677,-0.558289,-0.089456,0.248150,0.024224
3.098662,-0.602922,0.386625,-0.558289,-0.088312,0.252346,0.024224
3.108722,-0.605592,0.384337,-0.558289,-0.087930,0.254635,0.024224
3.118801,-0.609789,0.381666,-0.558289,-0.086404,0.258450,0.024224
3.128863,-0.612459,0.379759,-0.558289,-0.085641,0.260739,0.024224
3.138884,-0.615129,0.377852,-0.558289,-0.084878,0.262264,0.024224
3.148892,-0.619707,0.375181,-0.558289,-0.083734,0.265316,0.024224
3.158946,-0.622377,0.372892,-0.558289,-0.082971,0.268368,0.024224
3.169010,-0.626955,0.370222,-0.557908,-0.082208,0.272946,0.024224
3.179073,-0.629625,0.368315,-0.557908,-0.081827,0.275235,0.024224
3.189138,-0.634585,0.365263,-0.557908,-0.080682,0.279812,0.024224
3.199200,-0.637255,0.363737,-0.557908,-0.079919,0.283627,0.024224
3.209263,-0.642214,0.361067,-0.557908,-0.078775,0.288586,0.024224
3.219326,-0.645266,0.358778,-0.557908,-0.078393,0.292782,0.024224
3.229391,-0.649462,0.356107,-0.557527,-0.078393,0.298123,0.024224
3.239452,-0.652514,0.354582,-0.557527,-0.078012,0.301175,0.024224
3.249509,-0.657092,0.351911,-0.557527,-0.077630,0.304227,0.024224
3.259571,-0.659380,0.350004,-0.557527,-0.077249,0.306134,0.024224
3.269635,-0.663577,0.347333,-0.557527,-0.076486,0.308423,0.024224
3.279699,-0.666247,0.345426,-0.557527,-0.076104,0.309567,0.024224
3.289758,-0.670443,0.342756,-0.557527,-0.075341,0.312238,0.024224
3.299821,-0.673114,0.340848,-0.557527,-0.074960,0.314527,0.024224
3.309880,-0.677691,0.338178,-0.557527,-0.073816,0.319104,0.024224
3.319944,-0.680743,0.335889,-0.557145,-0.073053,0.321775,0.024224
3.329997,-0.685321,0.333600,-0.557145,-0.072290,0.327115,0.024224
3.340056,-0.688373,0.331693,-0.557145,-0.071908,0.330167,0.024224
3.350120,-0.691424,0.329786,-0.556382,-0.071908,0.333219,0.059701
3.360180,-0.695621,0.327115,-0.555619,-0.071908,0.338560,0.059701
3.370236,-0.698291,0.325208,-0.554856,-0.071908,0.342756,0.059701
3.380289,-0.702487,0.321775,-0.554093,-0.071908,0.346952,0.059701
3.390341,-0.704776,0.320249,-0.553330,-0.071527,0.349241,0.059701
3.400394,-0.708972,0.317578,-0.552186,-0.071145,0.353056,0.069619
3.410448,-0.711261,0.315290,-0.551423,-0.070764,0.354582,0.069619
3.420510,-0.715457,0.312619,-0.550278,-0.070764,0.356489,0.069619
3.430574,-0.717746,0.310712,-0.549134,-0.070764,0.358015,0.069619
3.440638,-0.721942,0.307660,-0.547990,-0.070764,0.361448,0.069619
3.450700,-0.723850,0.306134,-0.546464,-0.070764,0.364118,0.069619
3.460761,-0.728046,0.303845,-0.544556,-0.070764,0.367552,0.069619
3.470826,-0.730716,0.301938,-0.543412,-0.070764,0.370985,0.069619
3.480888,-0.734913,0.299268,-0.542267,-0.070764,0.376326,0.069619
3.490941,-0.737201,0.297742,-0.541123,-0.070764,0.379759,0.069619
3.500993,-0.741016,0.295834,-0.539216,-0.070764,0.383955,0.069619
3.511047,-0.743305,0.293927,-0.537690,-0.070764,0.386625,0.069619
3.521099,-0.746738,0.291638,-0.536164,-0.070764,0.390059,0.069619
3.531151,-0.748646,0.290494,-0.535019,-0.070764,0.391585,0.069619
3.541204,-0.751698,0.288205,-0.533494,-0.070764,0.393492,0.086023
3.551257,-0.753986,0.286297,-0.531968,-0.070764,0.394636,0.086023
3.561310,-0.757420,0.284390,-0.529297,-0.070764,0.396162,0.086023
3.571362,-0.759327,0.283246,-0.528534,-0.070764,0.396925,0.086023
3.581414,-0.760853,0.281720,-0.527390,-0.070764,0.398070,0.086023
3.591467,-0.764286,0.279049,-0.525101,-0.070382,0.399214,0.086023
3.601529,-0.766575,0.277523,-0.523575,-0.070001,0.401122,0.086023
3.611592,-0.769627,0.275616,-0.521668,-0.070001,0.403792,0.086023
3.621654,-0.771534,0.274472,-0.520523,-0.070001,0.406081,0.098230
3.631717,-0.774586,0.271801,-0.517853,-0.070001,0.409133,0.098230
3.641778,-0.776493,0.270657,-0.515946,-0.070001,0.411040,0.098230
3.651840,-0.779164,0.269131,-0.513657,-0.070001,0.414473,0.098230
3.661903,-0.781071,0.267987,-0.512512,-0.070001,0.417525,0.098230
3.671963,-0.784123,0.265316,-0.510224,-0.070001,0.422103,0.098230
3.682026,-0.785649,0.264172,-0.508698,-0.070001,0.424773,0.098230
3.692088,-0.787938,0.262264,-0.506027,-0.070001,0.427443,0.098230
3.702152,-0.789082,0.261501,-0.504883,-0.070001,0.428969,0.098230
3.712205,-0.790990,0.259213,-0.502594,-0.070001,0.431258,0.098230
3.722259,-0.792134,0.258068,-0.500687,-0.070001,0.432403,0.098230
3.732320,-0.794804,0.256161,-0.498398,-0.070001,0.432784,0.098230
3.742385,-0.795949,0.255016,-0.497253,-0.070001,0.433165,0.098230
3.752447,-0.797475,0.253109,-0.494965,-0.070001,0.433165,0.098230
3.762510,-0.798619,0.251965,-0.493057,-0.070001,0.432784,0.098230
3.772564,-0.800145,0.250057,-0.491150,-0.070001,0.432403,0.098230
3.782617,-0.800908,0.248913,-0.490005,-0.070001,0.432403,0.098230
3.792706,-0.802815,0.247387,-0.487335,-0.070001,0.432784,0.098230
3.802756,-0.803960,0.246242,-0.485809,-0.070001,0.432784,0.098230
3.812805,-0.805104,0.244717,-0.484665,-0.070001,0.432784,0.098230
3.822869,-0.807012,0.242809,-0.482757,-0.070001,0.433165,0.098230
3.832929,-0.808156,0.241665,-0.481231,-0.070001,0.433547,0.098230
3.842992,-0.809682,0.240520,-0.478943,-0.070001,0.433547,0.098230
3.853056,-0.810063,0.239376,-0.477798,-0.070001,0.433547,0.098230
3.863121,-0.810826,0.237469,-0.476272,-0.070001,0.433547,0.098230
3.873182,-0.811589,0.236706,-0.474746,-0.070001,0.434310,0.098230
3.883241,-0.812352,0.234798,-0.472457,-0.070001,0.434691,0.098230
3.893303,-0.812734,0.234035,-0.471313,-0.070001,0.435454,0.098230
3.903364,-0.813878,0.232891,-0.469787,-0.070001,0.437362,0.098230
3.913425,-0.814260,0.231746,-0.468261,-0.070001,0.438888,0.098230
3.923486,-0.815404,0.230220,-0.466735,-0.070001,0.440414,0.098230
3.933539,-0.816167,0.229076,-0.465591,-0.070001,0.440032,0.098230
3.943598,-0.817311,0.227932,-0.464065,-0.070001,0.440414,0.098230
3.953662,-0.818074,0.226787,-0.462539,-0.070001,0.440414,0.098230
3.963728,-0.819600,0.225261,-0.461013,-0.070001,0.440795,0.098230
3.973788,-0.820363,0.224498,-0.459869,-0.070001,0.441176,0.098230
3.983847,-0.821126,0.222591,-0.457961,-0.070001,0.440795,0.098230
3.993908,-0.821508,0.221828,-0.456435,-0.070001,0.440795,0.098230
4.003970,-0.821508,0.220684,-0.454910,-0.070001,0.441176,0.112726
4.014031,-0.821508,0.219921,-0.453765,-0.070001,0.441176,0.112726
4.024094,-0.821508,0.218776,-0.452621,-0.070001,0.441176,0.112726
4.034156,-0.821508,0.217632,-0.450713,-0.070001,0.442321,0.112726
4.044216,-0.821508,0.216869,-0.449187,-0.070001,0.443084,0.112726
4.054278,-0.821508,0.215724,-0.448043,-0.070001,0.444228,0.112726
4.064338,-0.821508,0.214961,-0.447280,-0.070001,0.445754,0.112726
4.074400,-0.821508,0.213817,-0.445754,-0.070001,0.448043,0.112726
4.084458,-0.821508,0.213054,-0.444228,-0.070001,0.449187,0.112726
4.094520,-0.821508,0.212291,-0.442321,-0.070001,0.451095,0.112726
4.104580,-0.821508,0.211528,-0.441558,-0.070001,0.452239,0.112726
4.114643,-0.821508,0.210384,-0.440414,-0.070001,0.454528,0.112726
4.124707,-0.821508,0.209621,-0.439269,-0.070001,0.456054,0.112726
4.134766,-0.821508,0.208858,-0.437362,-0.070001,0.458343,0.118830
4.144828,-0.821508,0.208095,-0.436217,-0.070001,0.458343,0.118830
4.154888,-0.821508,0.206950,-0.435073,-0.070001,0.458724,0.118830
4.164950,-0.821508,0.206188,-0.434310,-0.070001,0.459106,0.118830
4.175015,-0.821508,0.205043,-0.432784,-0.070001,0.459487,0.118830
4.185077,-0.821508,0.204662,-0.431640,-0.070001,0.459487,0.118830
4.195138,-0.821126,0.203899,-0.429732,-0.070001,0.459487,0.118830
4.205198,-0.821126,0.203517,-0.428969,-0.070382,0.459487,0.119974
4.215264,-0.821126,0.202754,-0.427825,-0.070382,0.459487,0.119974
4.225325,-0.821126,0.201991,-0.426680,-0.070382,0.459487,0.119974
4.235385,-0.821126,0.201610,-0.425536,-0.070382,0.459487,0.119974
4.245447,-0.821126,0.200465,-0.423629,-0.070382,0.459487,0.119974
4.255511,-0.821126,0.200084,-0.422484,-0.070382,0.459487,0.119974
4.265571,-0.821126,0.198939,-0.420577,-0.070382,0.459106,0.119974
4.275630,-0.821126,0.198177,-0.419432,-0.070382,0.459106,0.119974
4.285690,-0.820745,0.197414,-0.417525,-0.070382,0.459106,0.119974
4.295754,-0.820745,0.196651,-0.416381,-0.070382,0.459106,0.119974
4.305818,-0.820745,0.195888,-0.414473,-0.070382,0.459106,0.119974
4.315878,-0.820745,0.195506,-0.413329,-0.070382,0.458724,0.119974
4.325936,-0.820363,0.194743,-0.411803,-0.070382,0.458724,0.119974
4.335998,-0.820363,0.193980,-0.411040,-0.070382,0.458724,0.119974
4.346058,-0.820363,0.193599,-0.409514,-0.070382,0.458724,0.119974
4.356121,-0.819982,0.193217,-0.407988,-0.070382,0.458724,0.119974
4.366184,-0.819982,0.192454,-0.406081,-0.070382,0.458343,0.119974
4.376248,-0.819600,0.192073,-0.405318,-0.070382,0.457961,0.119974
4.386306,-0.819600,0.190929,-0.404173,-0.070382,0.457961,0.119974
4.396369,-0.819600,0.190547,-0.403029,-0.070382,0.457961,0.119974
4.406429,-0.819600,0.190166,-0.401503,-0.070382,0.457580,0.119974
4.416490,-0.819219,0.190166,-0.399977,-0.070382,0.457198,0.119974
4.426543,-0.819219,0.189784,-0.398833,-0.070382,0.456435,0.119974
4.436605,-0.819219,0.189784,-0.398070,-0.070382,0.456435,0.119974
4.446667,-0.819219,0.189784,-0.397688,-0.070382,0.456435,0.119974
4.456727,-0.818837,0.189403,-0.396162,-0.070382,0.456435,0.119974
4.466787,-0.818837,0.189403,-0.395018,-0.070382,0.456435,0.119593
4.476849,-0.818074,0.189021,-0.393111,-0.070382,0.456054,0.119593
4.486911,-0.817311,0.189021,-0.392729,-0.070764,0.455673,0.119593
4.496970,-0.816548,0.188640,-0.391203,-0.071145,0.455673,0.119593
4.507032,-0.815404,0.188258,-0.390440,-0.071145,0.455673,0.119593
4.517092,-0.814260,0.187495,-0.388533,-0.071145,0.454910,0.119593
4.527156,-0.813878,0.187114,-0.387388,-0.071145,0.454147,0.119593
4.537219,-0.813115,0.186351,-0.385863,-0.071145,0.451858,0.119593
4.547281,-0.812352,0.185969,-0.384718,-0.071145,0.450332,0.119593
4.557344,-0.811208,0.184825,-0.383192,-0.071145,0.448425,0.119593
4.567406,-0.810063,0.184443,-0.382048,-0.071145,0.447280,0.119593
4.577464,-0.808537,0.183680,-0.380522,-0.071145,0.444991,0.119593
4.587527,-0.807393,0.183299,-0.379377,-0.071145,0.443465,0.119593
4.597587,-0.805867,0.182918,-0.378233,-0.071145,0.441176,0.119593
4.607648,-0.804723,0.182536,-0.377470,-0.071145,0.439651,0.119593
4.617708,-0.803960,0.182536,-0.375944,-0.071145,0.436980,0.119593
4.627769,-0.803197,0.182536,-0.375181,-0.071145,0.435073,0.119593
4.637821,-0.802052,0.182536,-0.374418,-0.071145,0.431640,0.119593
4.647883,-0.801289,0.182536,-0.373655,-0.071145,0.428969,0.119593
4.657947,-0.800145,0.182918,-0.372892,-0.071145,0.427062,0.119593
4.668009,-0.798619,0.182918,-0.371748,-0.071527,0.423247,0.119593
4.678071,-0.797856,0.182918,-0.370603,-0.071527,0.421340,0.119593
4.688134,-0.795949,0.182536,-0.369459,-0.071527,0.419051,0.119593
4.698198,-0.794423,0.182536,-0.368315,-0.071908,0.417906,0.119593
4.708250,-0.792515,0.182536,-0.367170,-0.072671,0.416762,0.119593
4.718310,-0.791371,0.182918,-0.366407,-0.073434,0.416381,0.118830
4.728373,-0.789464,0.182918,-0.364881,-0.074197,0.415999,0.118830
4.738432,-0.788319,0.182918,-0.363737,-0.074578,0.414855,0.118830
4.748494,-0.786412,0.182918,-0.362211,-0.075341,0.413329,0.118830
4.758556,-0.784886,0.182918,-0.361448,-0.075723,0.412566,0.118830
4.768619,-0.782216,0.182536,-0.360304,-0.076867,0.411421,0.118830
4.778683,-0.780690,0.182536,-0.359541,-0.077249,0.411040,0.118830
4.788735,-0.778401,0.182918,-0.357633,-0.078012,0.410658,0.115396
4.798786,-0.776875,0.182918,-0.356489,-0.079156,0.409514,0.115396
4.808839,-0.774968,0.182536,-0.354963,-0.081064,0.407988,0.115396
4.818903,-0.773060,0.182536,-0.354200,-0.081827,0.406844,0.115396
4.828965,-0.770390,0.182536,-0.353056,-0.082971,0.404936,0.115396
4.839027,-0.768864,0.182536,-0.352293,-0.083734,0.403410,0.115396
4.849081,-0.766194,0.182918,-0.350767,-0.084878,0.401122,0.115396
4.859142,-0.764668,0.182918,-0.349622,-0.085641,0.399214,0.115396
4.869267,-0.762379,0.182918,-0.348478,-0.087167,0.395399,0.115396
4.879319,-0.760853,0.182918,-0.347715,-0.087930,0.393492,0.115396
4.889372,-0.759327,0.182918,-0.346952,-0.088693,0.391966,0.115396
4.899424,-0.756657,0.182918,-0.345808,-0.089837,0.388533,0.115396
4.909476,-0.755131,0.182918,-0.345045,-0.090600,0.385863,0.115396
4.919531,-0.752461,0.182918,-0.343519,-0.092126,0.382048,0.110819
4.929592,-0.750935,0.182918,-0.342756,-0.093271,0.379759,0.110819
4.939655,-0.748646,0.182918,-0.341611,-0.094797,0.376326,0.110819
4.949719,-0.747120,0.182918,-0.340848,-0.095941,0.374800,0.110819
4.959782,-0.744450,0.182918,-0.339704,-0.097467,0.372892,0.110819
4.969847,-0.742924,0.182918,-0.338941,-0.098230,0.371366,0.110819
4.979893,-0.740253,0.182918,-0.337415,-0.099756,0.369841,0.110819
4.989949,-0.738727,0.182918,-0.336652,-0.100519,0.368696,0.110819
5.000010,-0.736439,0.182918,-0.335508,-0.102045,0.367170,0.110819
5.010071,-0.734913,0.182918,-0.334745,-0.102808,0.367170,0.110819
5.020130,-0.732242,0.182918,-0.333219,-0.104715,0.366407,0.110819
5.030190,-0.730335,0.182918,-0.332074,-0.105859,0.365644,0.110819
5.040250,-0.727665,0.182918,-0.330549,-0.107385,0.364500,0.110819
5.050313,-0.726139,0.182918,-0.330167,-0.108530,0.363355,0.110819
5.060373,-0.723468,0.182918,-0.328641,-0.109674,0.361448,0.110819
5.070433,-0.721561,0.183299,-0.327878,-0.110819,0.359922,0.107004
5.080520,-0.718891,0.183299,-0.326352,-0.112345,0.356870,0.107004
5.090580,-0.716983,0.183299,-0.325589,-0.113489,0.354963,0.107004
5.100642,-0.715076,0.183299,-0.324445,-0.114633,0.352674,0.107004
5.110706,-0.712406,0.183299,-0.323682,-0.115778,0.349241,0.107004
5.120767,-0.710498,0.183299,-0.322919,-0.116922,0.346571,0.103952
5.130828,-0.707828,0.183680,-0.321775,-0.118067,0.342756,0.103952
5.140887,-0.705921,0.184062,-0.320630,-0.119211,0.339704,0.103952
5.150949,-0.703250,0.184062,-0.319104,-0.121118,0.335508,0.103952
5.161010,-0.701343,0.184062,-0.318341,-0.122263,0.332456,0.103952
5.171070,-0.699054,0.184443,-0.317578,-0.124170,0.328641,0.101663
5.181135,-0.697147,0.184443,-0.316815,-0.125315,0.326352,0.101663
5.191195,-0.694476,0.184825,-0.315671,-0.126459,0.324063,0.101663
5.201257,-0.692950,0.185206,-0.314908,-0.126841,0.322919,0.101663
5.211317,-0.690661,0.185588,-0.314145,-0.127604,0.321775,0.101663
5.221378,-0.689136,0.185969,-0.313382,-0.128367,0.321012,0.101663
5.231440,-0.686847,0.185969,-0.312238,-0.129511,0.320249,0.101663
5.241501,-0.685321,0.185969,-0.311475,-0.130655,0.319867,0.101663
5.251560,-0.682269,0.186351,-0.310712,-0.132181,0.319104,0.101663
5.261621,-0.680362,0.186732,-0.310330,-0.133326,0.318341,0.101663
5.271681,-0.677310,0.187114,-0.309186,-0.133707,0.317960,0.101663
5.281744,-0.675784,0.187495,-0.308423,-0.134470,0.317197,0.101663
5.291826,-0.673114,0.188640,-0.307660,-0.135996,0.315290,0.101663
5.301876,-0.670825,0.189021,-0.306897,-0.137522,0.314145,0.101663
5.311927,-0.669299,0.189784,-0.305753,-0.139048,0.312238,0.101663
5.321985,-0.666629,0.190929,-0.304990,-0.141337,0.309186,0.101663
5.332038,-0.664340,0.191691,-0.304227,-0.142863,0.306897,0.101663
5.342098,-0.660906,0.193217,-0.303845,-0.145151,0.302319,0.101663
5.352161,-0.658999,0.193980,-0.303082,-0.146677,0.298886,0.101663
5.362221,-0.655947,0.195888,-0.301938,-0.147822,0.293927,0.101663
5.372281,-0.654421,0.197414,-0.301556,-0.148966,0.290875,0.101663
5.382342,-0.651751,0.198939,-0.300793,-0.151255,0.287823,0.098611
5.392403,-0.650225,0.199702,-0.300412,-0.152399,0.285916,0.098611
5.402468,-0.647936,0.201610,-0.299268,-0.154688,0.282483,0.098611
5.412528,-0.645647,0.202754,-0.298505,-0.156214,0.280194,0.098611
5.422591,-0.643359,0.204662,-0.297742,-0.159266,0.277142,0.098611
5.432651,-0.641451,0.205806,-0.296979,-0.160792,0.275616,0.098611
5.442710,-0.639162,0.207332,-0.295834,-0.163081,0.273709,0.098611
5.452768,-0.637636,0.208476,-0.295453,-0.164988,0.272564,0.098611
5.462832,-0.634966,0.210002,-0.294690,-0.167659,0.271038,0.098611
5.472892,-0.633059,0.211528,-0.293927,-0.169566,0.270275,0.098611
5.482951,-0.630770,0.213054,-0.292782,-0.172618,0.268368,0.098611
5.493004,-0.628862,0.214199,-0.292020,-0.174907,0.267605,0.098611
5.503055,-0.626192,0.215724,-0.291257,-0.178340,0.266079,0.098611
5.513112,-0.624666,0.216869,-0.290494,-0.180247,0.265316,0.098611
5.523171,-0.623140,0.218395,-0.289731,-0.182155,0.264172,0.087549
5.533232,-0.620089,0.220302,-0.288968,-0.185206,0.261883,0.087549
5.543291,-0.618181,0.221447,-0.288586,-0.187495,0.259594,0.087549
5.553352,-0.615511,0.222972,-0.287442,-0.190166,0.255779,0.087549
5.563413,-0.613603,0.224117,-0.287060,-0.192073,0.253109,0.087549
5.573473,-0.610933,0.226024,-0.286297,-0.194362,0.248531,0.087549
5.583527,-0.608644,0.227550,-0.286297,-0.195888,0.245861,0.087549
5.593590,-0.605974,0.229076,-0.285916,-0.198177,0.242428,0.087549
5.603653,-0.604448,0.230220,-0.285534,-0.199702,0.240520,0.087549
5.613713,-0.602159,0.232128,-0.285534,-0.201991,0.237850,0.087549
5.623776,-0.600633,0.233654,-0.285153,-0.203517,0.236706,0.087549
5.633836,-0.598344,0.235561,-0.285153,-0.205806,0.235180,0.087549
5.643890,-0.596437,0.236706,-0.284771,-0.206950,0.234417,0.087549
5.653944,-0.594148,0.238613,-0.284771,-0.209239,0.232509,0.087549
5.664006,-0.592241,0.240139,-0.284771,-0.210765,0.231365,0.087549
5.674068,-0.589952,0.242046,-0.284009,-0.213054,0.230220,0.087549
5.684130,-0.588426,0.243191,-0.284009,-0.214580,0.229076,0.087549
5.694192,-0.586137,0.245098,-0.283627,-0.217250,0.227932,0.087549
5.704252,-0.583848,0.246242,-0.283246,-0.219158,0.226787,0.087549
5.714305,-0.581178,0.248150,-0.282483,-0.221828,0.223354,0.071908
5.724365,-0.579652,0.249676,-0.281720,-0.223354,0.221828,0.071908
5.734418,-0.577745,0.250820,-0.281338,-0.225261,0.220302,0.071908
5.744472,-0.575456,0.252346,-0.280575,-0.227169,0.217632,0.071908
5.754524,-0.573930,0.253491,-0.280575,-0.228695,0.215343,0.071908
5.764577,-0.571260,0.256161,-0.280194,-0.230983,0.212673,0.071908
5.774638,-0.569352,0.257687,-0.280194,-0.232128,0.210384,0.071908
5.784702,-0.567063,0.259594,-0.279812,-0.234417,0.206950,0.065423
5.794766,-0.565537,0.261120,-0.279812,-0.235943,0.204280,0.065423
5.804830,-0.563249,0.263790,-0.279431,-0.238231,0.201228,0.063897
5.814890,-0.561723,0.265698,-0.279431,-0.239757,0.199321,0.063897
5.824943,-0.559052,0.267987,-0.279431,-0.242428,0.197032,0.063897
5.835006,-0.557527,0.269894,-0.279049,-0.244335,0.195506,0.063897
5.845066,-0.555238,0.272183,-0.279049,-0.247005,0.193599,0.063897
5.855129,-0.553712,0.274090,-0.279049,-0.249294,0.192073,0.063897
5.865189,-0.551804,0.276379,-0.279049,-0.252346,0.190929,0.063897
5.875249,-0.550278,0.278286,-0.278668,-0.254253,0.190166,0.063897
5.885309,-0.547990,0.280957,-0.278668,-0.257687,0.189784,0.063897
5.895373,-0.546082,0.282483,-0.278668,-0.259976,0.189021,0.063897
5.905437,-0.543793,0.285153,-0.278286,-0.263409,0.187877,0.063897
5.915499,-0.542267,0.287060,-0.278286,-0.265698,0.186732,0.063897
5.925562,-0.539597,0.289731,-0.277905,-0.268750,0.186351,0.057794
5.935626,-0.538453,0.291638,-0.277905,-0.271038,0.185969,0.057794
5.945682,-0.536164,0.294308,-0.277142,-0.274472,0.185588,0.057794
5.955745,-0.534257,0.295834,-0.277142,-0.276761,0.185206,0.057794
5.965807,-0.532349,0.296979,-0.277142,-0.279049,0.183680,0.056268
5.975870,-0.530442,0.299649,-0.276379,-0.281720,0.181392,0.056268
5.985930,-0.528916,0.301556,-0.275998,-0.283627,0.179866,0.056268
5.995992,-0.526627,0.303464,-0.274853,-0.285916,0.177195,0.056268
6.006055,-0.525101,0.305371,-0.274853,-0.287823,0.174907,0.056268
6.016119,-0.522812,0.308042,-0.274472,-0.290494,0.171092,0.056268
6.026181,-0.520905,0.309567,-0.274472,-0.291638,0.168421,0.053979
6.036244,-0.518235,0.311856,-0.274090,-0.293545,0.163081,0.053597
6.046304,-0.517090,0.314145,-0.274090,-0.295071,0.160029,0.053597
6.056366,-0.515183,0.317197,-0.274090,-0.296597,0.156596,0.052834
6.066429,-0.514038,0.318723,-0.274090,-0.297742,0.155070,0.052834
6.076490,-0.512512,0.321393,-0.274090,-0.299649,0.152399,0.052834
6.086553,-0.510986,0.323301,-0.274090,-0.301175,0.151255,0.052834
6.096613,-0.508316,0.325971,-0.274090,-0.303845,0.148966,0.052834
6.106675,-0.507172,0.327497,-0.274090,-0.305371,0.147440,0.052834
6.116736,-0.505264,0.330930,-0.274090,-0.307660,0.146296,0.052834
6.126800,-0.504120,0.332456,-0.274090,-0.309567,0.145914,0.052834
6.136861,-0.502594,0.334745,-0.274090,-0.311475,0.145151,0.052834
6.146925,-0.501450,0.337034,-0.274090,-0.313382,0.144770,0.052834
6.156979,-0.499542,0.339704,-0.274090,-0.316052,0.144388,0.052834
6.167043,-0.498016,0.341611,-0.274090,-0.317960,0.144388,0.052834
6.177229,-0.495727,0.344282,-0.274090,-0.321012,0.142863,0.052834
6.187292,-0.494583,0.345808,-0.274090,-0.323301,0.142100,0.052834
6.197355,-0.493439,0.347333,-0.274090,-0.325208,0.141337,0.052834
6.207419,-0.491531,0.350004,-0.274090,-0.327878,0.140955,0.052834
6.217484,-0.490387,0.352293,-0.274090,-0.329786,0.140955,0.052834
6.227546,-0.489242,0.354963,-0.274090,-0.332456,0.140574,0.052834
6.237607,-0.487716,0.356489,-0.274090,-0.334745,0.140192,0.052834
6.247671,-0.485428,0.359159,-0.274090,-0.337797,0.139048,0.052834
6.257732,-0.483902,0.360685,-0.274090,-0.339704,0.137140,0.052834
6.267795,-0.481994,0.362974,-0.274090,-0.342756,0.134470,0.052834
6.277858,-0.480850,0.364881,-0.274090,-0.343900,0.133326,0.052834
6.287918,-0.479324,0.367933,-0.274090,-0.346189,0.132181,0.052834
6.297981,-0.478180,0.369459,-0.274090,-0.347715,0.131800,0.052834
6.308035,-0.476654,0.371748,-0.274090,-0.350385,0.129511,0.052834
6.318100,-0.475128,0.373655,-0.274090,-0.351911,0.127222,0.052834
6.328162,-0.473220,0.376326,-0.274090,-0.354200,0.123026,0.052834
6.338222,-0.471695,0.377852,-0.274090,-0.355726,0.119211,0.052834
6.348284,-0.469787,0.380903,-0.274090,-0.357252,0.114633,0.052834
6.358346,-0.468643,0.382811,-0.274090,-0.358396,0.112726,0.052834
6.368407,-0.467117,0.384718,-0.274090,-0.360304,0.110437,0.049020
6.378469,-0.466354,0.386625,-0.274090,-0.361830,0.109674,0.049020
6.388532,-0.465209,0.389677,-0.274090,-0.363355,0.108911,0.049020
6.398596,-0.464828,0.391585,-0.274090,-0.364118,0.108911,0.049020
6.408657,-0.464065,0.393492,-0.274090,-0.365644,0.108530,0.049020
6.418720,-0.462539,0.396162,-0.274090,-0.367552,0.108530,0.049020
6.428783,-0.461395,0.397688,-0.274090,-0.368696,0.108148,0.044442
6.438848,-0.459487,0.400359,-0.274090,-0.370222,0.107385,0.044442
6.448908,-0.458343,0.402266,-0.274090,-0.371366,0.106622,0.044442
6.458971,-0.456435,0.405318,-0.274090,-0.373274,0.106241,0.044442
6.469032,-0.455291,0.406844,-0.274090,-0.374418,0.106622,0.044442
6.479094,-0.453765,0.409895,-0.274090,-0.376326,0.106622,0.044442
6.489158,-0.452621,0.411421,-0.274090,-0.377470,0.106622,0.044442
6.499219,-0.451476,0.414092,-0.274090,-0.378996,0.106241,0.044442
6.509279,-0.450332,0.415999,-0.274090,-0.380522,0.105859,0.044442
6.519340,-0.448425,0.419051,-0.274090,-0.382811,0.104715,0.044442
6.529403,-0.447280,0.420577,-0.274090,-0.383955,0.103189,0.044442
6.539467,-0.445373,0.422866,-0.274090,-0.385863,0.099756,0.044442
6.549527,-0.444228,0.424773,-0.274090,-0.387007,0.098230,0.044442
6.559587,-0.443084,0.427062,-0.274090,-0.388914,0.097467,0.044442
6.569647,-0.442321,0.428969,-0.274090,-0.390059,0.096704,0.044442
6.579707,-0.441558,0.432021,-0.274090,-0.391585,0.096323,0.044442
6.589766,-0.440414,0.433165,-0.274090,-0.393111,0.095560,0.044442
6.599828,-0.439651,0.435454,-0.274090,-0.395399,0.093652,0.044442
6.609895,-0.438888,0.436980,-0.274090,-0.396544,0.092126,0.044442
6.620031,-0.437743,0.440032,-0.274090,-0.398070,0.089456,0.028420
6.630096,-0.436599,0.441939,-0.274090,-0.399596,0.087549,0.027276
6.640157,-0.435454,0.443465,-0.274090,-0.400740,0.086023,0.027276
6.650219,-0.433547,0.445754,-0.274090,-0.402647,0.082589,0.027276
6.660280,-0.432403,0.447280,-0.274090,-0.403792,0.080301,0.027276
6.670339,-0.430877,0.449569,-0.274090,-0.405699,0.076867,0.027276
6.680400,-0.430114,0.451476,-0.274090,-0.406844,0.075341,0.027276
6.690463,-0.428969,0.454147,-0.274090,-0.408370,0.073434,0.027276
6.700524,-0.428588,0.455673,-0.274472,-0.409133,0.072671,0.027276
6.710577,-0.427825,0.457961,-0.274472,-0.410658,0.070764,0.027276
6.720639,-0.427443,0.459487,-0.274472,-0.412184,0.069619,0.027276
6.730703,-0.426680,0.461776,-0.274472,-0.413710,0.066949,0.027276
6.740757,-0.426299,0.463302,-0.274472,-0.414473,0.065423,0.022698
6.750812,-0.424773,0.465972,-0.274472,-0.415999,0.065042,0.022698
6.760875,-0.424010,0.467880,-0.274472,-0.416762,0.065042,0.022698
6.770935,-0.422103,0.469787,-0.274853,-0.418288,0.064279,0.022698
6.781000,-0.420958,0.470932,-0.274853,-0.419432,0.063516,0.022698
6.791053,-0.419432,0.473602,-0.274853,-0.420958,0.063897,0.022698
6.801108,-0.418669,0.475128,-0.274853,-0.421721,0.063897,0.022698
6.811160,-0.417906,0.477417,-0.274853,-0.422866,0.065042,0.022698
6.821211,-0.417144,0.478943,-0.274853,-0.423247,0.065423,0.021553
6.831285,-0.415999,0.481613,-0.274853,-0.424392,0.065042,0.021553
6.841348,-0.415236,0.483139,-0.274853,-0.425536,0.064279,0.021553
6.851408,-0.414855,0.484283,-0.274853,-0.426299,0.063897,0.021553
6.861470,-0.414092,0.486191,-0.274853,-0.427825,0.062753,0.021553
6.871530,-0.413710,0.488098,-0.274853,-0.428206,0.061990,0.021553
6.881592,-0.412566,0.490768,-0.274853,-0.428969,0.061990,0.021553
6.891653,-0.411421,0.492294,-0.274853,-0.428969,0.061990,0.021553
6.901716,-0.409133,0.494202,-0.275235,-0.429351,0.060464,0.021553
6.911777,-0.407988,0.495727,-0.275235,-0.430114,0.059701,0.021553
6.921839,-0.406844,0.497635,-0.275235,-0.431640,0.058938,0.021553
6.931904,-0.406462,0.498779,-0.275235,-0.432403,0.058938,0.020027
6.941966,-0.406462,0.501068,-0.275235,-0.433547,0.059701,0.020027
6.952028,-0.406462,0.502594,-0.275235,-0.433928,0.059701,0.020027
6.962092,-0.406462,0.505264,-0.275235,-0.434310,0.059701,0.020027
6.972152,-0.406462,0.506790,-0.275235,-0.434310,0.059701,0.020027
6.982215,-0.406081,0.508316,-0.275998,-0.434310,0.058938,0.018502
6.992278,-0.405699,0.509842,-0.276379,-0.434310,0.058938,0.018502
7.002339,-0.404936,0.511749,-0.276761,-0.434310,0.058556,0.018502
7.012403,-0.404936,0.513275,-0.277142,-0.434310,0.058175,0.018502
7.022464,-0.404555,0.514801,-0.277523,-0.434310,0.056649,0.018502
7.032526,-0.403792,0.516709,-0.277905,-0.434310,0.055505,0.018502
7.042588,-0.403029,0.518997,-0.278668,-0.434310,0.053979,0.018502
7.052651,-0.402647,0.520142,-0.279431,-0.434310,0.053597,0.018502
7.062713,-0.402266,0.521286,-0.280194,-0.434310,0.053216,0.018502
7.072776,-0.400740,0.523194,-0.280957,-0.434310,0.052453,0.018502
7.082836,-0.399214,0.524338,-0.281720,-0.434310,0.051690,0.018502
7.092897,-0.397307,0.527008,-0.282864,-0.434310,0.049401,0.018502
7.102958,-0.395781,0.528534,-0.283627,-0.434310,0.047875,0.018502
7.113020,-0.394255,0.530060,-0.284390,-0.434310,0.045586,0.018502
7.123083,-0.393492,0.531586,-0.285534,-0.434310,0.045205,0.018502
7.133146,-0.393111,0.533494,-0.286679,-0.434310,0.044823,0.015068
7.143211,-0.392729,0.534257,-0.287442,-0.434310,0.044823,0.015068
7.153273,-0.391966,0.535782,-0.288968,-0.434310,0.044442,0.015068
7.163335,-0.391585,0.536545,-0.289731,-0.434310,0.044060,0.015068
7.173399,-0.390822,0.538453,-0.291257,-0.434310,0.043297,0.015068
7.183464,-0.390440,0.539597,-0.292401,-0.434310,0.042153,0.015068
7.193526,-0.390059,0.542267,-0.293545,-0.434310,0.039101,0.015068
7.203590,-0.389677,0.543030,-0.294690,-0.434310,0.037575,0.015068
7.213653,-0.388914,0.544938,-0.296216,-0.434310,0.034524,0.014305
7.223717,-0.388533,0.545701,-0.296979,-0.434310,0.032998,0.014305
7.233782,-0.387007,0.547608,-0.298505,-0.434310,0.030709,0.014305
7.243844,-0.386244,0.548371,-0.299649,-0.434310,0.029183,0.014305
7.253911,-0.384337,0.549134,-0.300793,-0.434310,0.026894,0.013924
7.263974,-0.383574,0.549897,-0.301938,-0.434310,0.024987,0.013924
7.274129,-0.382429,0.551041,-0.303464,-0.434310,0.024224,0.013924
7.284194,-0.382048,0.551804,-0.304608,-0.434310,0.023842,0.013924
7.294258,-0.381666,0.552949,-0.304990,-0.434310,0.024605,0.013924
7.304321,-0.381285,0.554856,-0.306516,-0.434310,0.024987,0.013924
7.314383,-0.381285,0.556001,-0.307279,-0.434310,0.024605,0.013924
7.324447,-0.381285,0.557145,-0.308804,-0.434310,0.024605,0.013924
7.334511,-0.381285,0.557908,-0.309949,-0.434310,0.024224,0.013924
7.344577,-0.381285,0.559434,-0.311856,-0.434310,0.023842,0.013924
7.354639,-0.381285,0.560578,-0.312238,-0.434310,0.023842,0.013924
7.364699,-0.380903,0.562104,-0.313764,-0.434310,0.023461,0.013924
7.374764,-0.380903,0.562867,-0.314908,-0.434310,0.022698,0.013924
7.384826,-0.380903,0.564012,-0.316434,-0.434310,0.021935,0.013924
7.394889,-0.380522,0.564393,-0.317960,-0.434310,0.021935,0.013924
7.404951,-0.380522,0.565156,-0.319104,-0.434310,0.021935,0.013924
7.415016,-0.380140,0.565919,-0.319486,-0.434310,0.021935,0.013924
7.425082,-0.379759,0.567445,-0.321393,-0.434691,0.021553,0.013924
7.435142,-0.379759,0.568589,-0.322538,-0.435073,0.021172,0.013924
7.445206,-0.378996,0.570497,-0.324063,-0.435454,0.021553,0.013924
7.455270,-0.378614,0.571641,-0.324826,-0.435454,0.021935,0.013924
7.465331,-0.377852,0.572786,-0.326352,-0.435454,0.021553,0.013924
7.475391,-0.377089,0.573548,-0.327497,-0.435454,0.021553,0.013924
7.485452,-0.376326,0.574311,-0.329404,-0.435836,0.021553,0.013924
7.495504,-0.375563,0.575456,-0.330549,-0.436217,0.021553,0.013924
7.505630,-0.374418,0.576600,-0.332074,-0.436217,0.021553,0.013924
7.515683,-0.373274,0.577363,-0.333219,-0.436217,0.021172,0.013924
7.525745,-0.372511,0.577745,-0.334363,-0.436217,0.020409,0.013924
7.535809,-0.370985,0.578508,-0.336271,-0.436217,0.019646,0.013924
7.545869,-0.370603,0.579271,-0.337034,-0.436217,0.019265,0.013924
7.555923,-0.369841,0.580034,-0.338560,-0.436217,0.020027,0.013924
7.565984,-0.369078,0.581178,-0.339704,-0.436217,0.019646,0.013924
7.576049,-0.368696,0.583085,-0.341230,-0.436217,0.019646,0.013924
7.586110,-0.368315,0.584230,-0.342374,-0.436217,0.019646,0.013924
7.596170,-0.367933,0.585374,-0.343519,-0.436217,0.019265,0.013924
7.606232,-0.368315,0.585756,-0.344663,-0.436217,0.018883,0.013924
7.616293,-0.368315,0.586519,-0.346571,-0.436217,0.018120,0.013924
7.626357,-0.368315,0.587282,-0.347715,-0.436217,0.017357,0.013924
7.636417,-0.367933,0.588045,-0.348859,-0.436217,0.016976,0.013924
7.646480,-0.367933,0.588808,-0.349622,-0.436217,0.016594,0.013924
7.656540,-0.367933,0.589570,-0.351148,-0.436217,0.016213,0.013924
7.666595,-0.367933,0.590333,-0.352293,-0.436217,0.016213,0.013924
7.676657,-0.367552,0.591096,-0.353437,-0.436217,0.015450,0.013924
7.686722,-0.367552,0.591478,-0.354963,-0.436217,0.015068,0.013924
7.696783,-0.367170,0.591859,-0.356107,-0.436217,0.014687,0.013924
7.706846,-0.366789,0.592622,-0.356870,-0.436217,0.014687,0.013924
7.716884,-0.366407,0.593385,-0.358396,-0.436217,0.014305,0.012016
7.726940,-0.366026,0.593767,-0.359541,-0.436217,0.014305,0.012016
7.737002,-0.365644,0.594148,-0.361067,-0.436217,0.014305,0.012016
7.747064,-0.365263,0.594911,-0.362211,-0.436217,0.014687,0.012016
7.757123,-0.364881,0.595293,-0.362974,-0.436217,0.014305,0.012016
7.767184,-0.364500,0.596437,-0.364500,-0.436217,0.014305,0.012016
7.777249,-0.364500,0.597581,-0.365644,-0.436217,0.014305,0.012016
7.787309,-0.364118,0.598344,-0.367552,-0.436217,0.014305,0.011254
7.797370,-0.364118,0.598726,-0.368696,-0.436217,0.014687,0.011254
7.807435,-0.364118,0.599107,-0.369841,-0.436217,0.014305,0.010491
7.817497,-0.363737,0.599489,-0.370985,-0.436217,0.014305,0.010491
7.827560,-0.363737,0.599870,-0.372511,-0.436217,0.014305,0.010491
7.837620,-0.363737,0.599870,-0.373274,-0.436217,0.014305,0.010491
7.847683,-0.363737,0.600252,-0.374418,-0.436217,0.014687,0.009728
7.857747,-0.363355,0.600252,-0.375181,-0.436217,0.014305,0.009728
7.867808,-0.363355,0.600633,-0.376707,-0.436217,0.014305,0.009728
7.877870,-0.363355,0.600633,-0.377470,-0.436217,0.014305,0.009728
7.887892,-0.363355,0.600633,-0.378996,-0.436217,0.013924,0.009728
7.897948,-0.363355,0.600633,-0.380140,-0.436217,0.014305,0.009728
7.908012,-0.362974,0.600633,-0.381285,-0.436217,0.013924,0.009728
7.918077,-0.362974,0.600633,-0.382429,-0.436217,0.014305,0.009728
7.928131,-0.362974,0.600633,-0.383955,-0.436217,0.014305,0.009728
7.938196,-0.362974,0.600633,-0.385100,-0.436217,0.014305,0.009728
7.948259,-0.362974,0.600633,-0.386244,-0.436217,0.014305,0.009728
7.958320,-0.362593,0.600633,-0.387770,-0.436217,0.014305,0.009728
7.968379,-0.362593,0.600633,-0.388914,-0.436217,0.013924,0.009728
7.978443,-0.362593,0.600633,-0.390822,-0.436217,0.014305,0.008202
7.988503,-0.362593,0.600633,-0.391966,-0.436217,0.014305,0.008202
7.998566,-0.362211,0.600633,-0.393492,-0.436217,0.013924,0.008202
8.008629,-0.361830,0.600633,-0.394255,-0.436217,0.013542,0.008202
8.018689,-0.361067,0.600633,-0.395781,-0.436217,0.013542,0.008202
8.028751,-0.360685,0.600633,-0.397307,-0.436217,0.013542,0.008202
8.038814,-0.359541,0.600633,-0.399214,-0.436217,0.013542,0.008202
8.048875,-0.359159,0.600633,-0.399977,-0.435836,0.013542,0.008202
8.058937,-0.358778,0.600633,-0.401503,-0.435836,0.013924,0.008202
8.069002,-0.358396,0.600633,-0.402647,-0.435836,0.013924,0.008202
8.079067,-0.358015,0.600633,-0.404936,-0.435836,0.013924,0.008202
8.089129,-0.358015,0.600633,-0.405699,-0.435836,0.013924,0.008202
8.099189,-0.358015,0.601015,-0.406844,-0.435836,0.013924,0.008202
8.109254,-0.358015,0.600633,-0.407988,-0.435836,0.013924,0.008202
8.119319,-0.358015,0.600633,-0.409514,-0.435836,0.013542,0.008202
8.129382,-0.358015,0.600633,-0.411040,-0.435836,0.013542,0.008202
8.139444,-0.358015,0.600633,-0.412566,-0.435836,0.013542,0.008202
8.149508,-0.358015,0.600633,-0.413329,-0.435836,0.013542,0.008202
8.159570,-0.358015,0.600633,-0.414473,-0.435836,0.013542,0.008202
8.169633,-0.358015,0.600633,-0.415999,-0.435836,0.013542,0.008202
8.179695,-0.358015,0.600633,-0.417525,-0.435836,0.013542,0.008202
8.189759,-0.358015,0.601015,-0.419051,-0.435454,0.013542,0.008202
8.199824,-0.358015,0.601015,-0.420195,-0.435073,0.013924,0.008202
8.209890,-0.358015,0.601015,-0.421721,-0.433928,0.013924,0.008202
8.219949,-0.358015,0.600633,-0.423247,-0.432784,0.013924,0.008202
8.230012,-0.358015,0.600633,-0.424773,-0.431258,0.013924,0.008202
8.240077,-0.358015,0.600633,-0.425917,-0.430495,0.013924,0.008202
8.250142,-0.358015,0.600633,-0.427825,-0.428969,0.013924,0.008202
8.260204,-0.358015,0.600633,-0.429351,-0.427825,0.013924,0.008202
8.270266,-0.358015,0.600633,-0.430495,-0.425917,0.013924,0.008202
8.280329,-0.358015,0.600633,-0.431640,-0.424773,0.013924,0.008202
8.290395,-0.358015,0.600633,-0.433165,-0.423629,0.013924,0.008202
8.300448,-0.358015,0.600633,-0.434310,-0.422866,0.013924,0.008202
8.310500,-0.358015,0.600633,-0.435836,-0.421340,0.013924,0.008202
8.320552,-0.358015,0.600633,-0.436599,-0.420195,0.013542,0.008202
8.330617,-0.358015,0.600633,-0.437743,-0.418288,0.013924,0.008202
8.340682,-0.358015,0.600633,-0.438888,-0.417144,0.013924,0.008202
8.350744,-0.358015,0.600633,-0.440032,-0.415618,0.013924,0.008202
8.360807,-0.358015,0.600633,-0.441176,-0.414473,0.013924,0.008202
8.370869,-0.358396,0.600633,-0.442321,-0.412947,0.013924,0.008202
8.380896,-0.358396,0.600633,-0.443465,-0.411040,0.013924,0.008202
8.390958,-0.358396,0.600633,-0.443847,-0.409514,0.013924,0.008202
8.401011,-0.358396,0.600633,-0.445373,-0.408370,0.013924,0.008202
8.411075,-0.358396,0.600633,-0.446136,-0.407225,0.013924,0.008202
8.421139,-0.358396,0.600633,-0.447280,-0.406081,0.013924,0.008202
8.431203,-0.358396,0.600633,-0.448425,-0.404936,0.014305,0.007057
8.441265,-0.358396,0.600633,-0.449569,-0.403029,0.014305,0.007057
8.451328,-0.358396,0.600633,-0.450332,-0.401884,0.013924,0.007057
8.461391,-0.358396,0.600633,-0.451476,-0.399977,0.013924,0.007057
8.471455,-0.358396,0.600633,-0.452621,-0.398833,0.013924,0.007057
8.481519,-0.358396,0.600633,-0.454147,-0.396925,0.013924,0.007057
8.491582,-0.358396,0.600633,-0.454910,-0.395399,0.014305,0.007057
8.501641,-0.358396,0.600633,-0.456054,-0.393111,0.014305,0.007057
8.511703,-0.358396,0.600633,-0.456817,-0.391966,0.014305,0.007057
8.521764,-0.358778,0.600633,-0.458343,-0.390440,0.013924,0.007057
8.531829,-0.358778,0.600633,-0.459106,-0.389677,0.014305,0.007057
8.541890,-0.358778,0.600633,-0.460632,-0.388533,0.014305,0.007057
8.551953,-0.358778,0.600633,-0.461013,-0.387388,0.014305,0.007439
8.562017,-0.358778,0.600633,-0.462539,-0.385863,0.014305,0.007439
8.572077,-0.358778,0.600633,-0.463302,-0.384718,0.014305,0.007439
8.582140,-0.358778,0.600633,-0.464065,-0.383955,0.014305,0.007439
8.592203,-0.358778,0.600633,-0.465209,-0.382429,0.014305,0.007439
8.602264,-0.358778,0.600633,-0.466354,-0.380903,0.014305,0.007439
8.612326,-0.358778,0.600252,-0.467498,-0.378996,0.014305,0.007439
8.622386,-0.359159,0.600252,-0.468643,-0.377470,0.014305,0.007439
8.632449,-0.359159,0.600252,-0.469787,-0.375563,0.014305,0.007439
8.642513,-0.359159,0.599870,-0.470932,-0.374418,0.014687,0.007439
8.652573,-0.359159,0.599870,-0.472076,-0.372511,0.014687,0.007439
8.662635,-0.359159,0.599489,-0.473220,-0.371366,0.014687,0.007439
8.672697,-0.359159,0.599489,-0.474365,-0.369459,0.014687,0.007439
8.682759,-0.359159,0.599489,-0.475128,-0.367933,0.015068,0.007439
8.692822,-0.359159,0.599107,-0.476654,-0.365644,0.014687,0.007439
8.702886,-0.359159,0.599107,-0.477417,-0.363737,0.014687,0.007439
8.712939,-0.359159,0.598726,-0.479324,-0.361067,0.015068,0.007439
8.723000,-0.359159,0.598344,-0.480087,-0.359159,0.015068,0.007439
8.733059,-0.359541,0.598344,-0.481231,-0.357252,0.015068,0.007439
8.743118,-0.359541,0.598344,-0.481994,-0.356107,0.015068,0.007439
8.753183,-0.359541,0.598344,-0.483139,-0.354200,0.015068,0.007439
8.763243,-0.359541,0.598344,-0.483902,-0.352674,0.015068,0.007439
8.773321,-0.359922,0.597963,-0.485809,-0.350767,0.015068,0.007439
8.783384,-0.359922,0.597963,-0.486191,-0.349241,0.015450,0.007439
8.793438,-0.359922,0.597963,-0.486954,-0.347715,0.015450,0.007439
8.803490,-0.359922,0.597963,-0.488098,-0.345426,0.015068,0.007439
8.813540,-0.359922,0.597963,-0.489242,-0.344282,0.015068,0.007439
8.823601,-0.359922,0.597963,-0.490768,-0.342374,0.015450,0.007439
8.833661,-0.359922,0.597581,-0.491913,-0.340848,0.015450,0.007439
8.843723,-0.360304,0.597581,-0.493057,-0.338941,0.015831,0.007439
8.853783,-0.360304,0.597581,-0.493439,-0.337415,0.015831,0.007439
8.863844,-0.360685,0.597581,-0.494583,-0.335508,0.015831,0.007439
8.873910,-0.361067,0.597200,-0.495346,-0.334363,0.015450,0.007439
8.883972,-0.361448,0.597200,-0.496109,-0.332456,0.015831,0.007439
8.894035,-0.361448,0.596818,-0.496872,-0.330930,0.015831,0.007820
8.904096,-0.361830,0.596056,-0.498016,-0.329023,0.016213,0.007820
8.914158,-0.362211,0.595674,-0.498779,-0.327497,0.016213,0.007820
8.924218,-0.362974,0.595674,-0.499924,-0.324826,0.016594,0.007820
8.934278,-0.364118,0.595293,-0.500305,-0.323682,0.016594,0.007820
8.944339,-0.365644,0.595293,-0.501450,-0.321775,0.016976,0.007820
8.954399,-0.366407,0.594911,-0.502213,-0.320249,0.017739,0.007820
8.964459,-0.367552,0.594148,-0.503357,-0.318341,0.020409,0.007820
8.974521,-0.368315,0.593385,-0.504120,-0.317197,0.021553,0.007820
8.984583,-0.369841,0.592622,-0.505264,-0.314908,0.023461,0.007820
8.994643,-0.370985,0.591859,-0.506027,-0.313001,0.024224,0.007820
9.004702,-0.371748,0.591096,-0.506409,-0.311856,0.024605,0.007820
9.014763,-0.372511,0.590333,-0.507553,-0.309949,0.024605,0.007820
9.024826,-0.372511,0.589570,-0.508316,-0.309186,0.024605,0.007820
9.034886,-0.372892,0.588426,-0.509079,-0.307660,0.023842,0.007820
9.044940,-0.372892,0.587282,-0.509842,-0.306897,0.023842,0.007820
9.055001,-0.372892,0.585756,-0.510605,-0.305371,0.024224,0.007820
9.065062,-0.373274,0.584611,-0.510986,-0.304227,0.024224,0.007820
9.075122,-0.373274,0.583467,-0.512131,-0.302319,0.024605,0.007820
9.085187,-0.373274,0.582704,-0.512894,-0.300793,0.024987,0.007820
9.095249,-0.373274,0.581178,-0.514420,-0.298505,0.026513,0.007820
9.105310,-0.373274,0.580415,-0.515183,-0.296979,0.027276,0.007820
9.115369,-0.373655,0.578889,-0.516709,-0.294690,0.028038,0.007820
9.125430,-0.373655,0.577363,-0.517472,-0.292782,0.029183,0.007820
9.135489,-0.374037,0.576219,-0.518997,-0.290875,0.029946,0.008202
9.145552,-0.374418,0.575837,-0.519760,-0.289349,0.030327,0.008202
9.155614,-0.375181,0.574693,-0.521286,-0.287442,0.031472,0.008202
9.165676,-0.375563,0.573930,-0.522049,-0.286297,0.032235,0.008202
9.175734,-0.376707,0.572404,-0.523194,-0.284009,0.033761,0.008202
9.185796,-0.377470,0.570878,-0.523957,-0.282101,0.034142,0.008202
9.195859,-0.378996,0.569352,-0.525101,-0.279812,0.034524,0.008202
9.205916,-0.380140,0.568208,-0.526246,-0.278668,0.034524,0.008583
9.215975,-0.381666,0.567826,-0.527008,-0.277142,0.034524,0.008583
9.226036,-0.383574,0.567063,-0.527771,-0.275235,0.034905,0.008965
9.236095,-0.384718,0.566300,-0.528534,-0.273709,0.035286,0.008965
9.246157,-0.386244,0.565537,-0.529679,-0.271801,0.034905,0.008965
9.256220,-0.386625,0.565156,-0.530060,-0.270275,0.034524,0.008965
9.266282,-0.388151,0.564012,-0.530823,-0.267987,0.034524,0.008965
9.276346,-0.389296,0.563249,-0.531205,-0.266842,0.034905,0.008965
9.286408,-0.390822,0.561723,-0.531968,-0.265316,0.035668,0.008965
9.296470,-0.391585,0.560960,-0.532349,-0.264172,0.036049,0.008965
9.306522,-0.393111,0.559434,-0.532731,-0.261883,0.037575,0.008965
9.316575,-0.394255,0.558289,-0.533112,-0.260739,0.038720,0.008965
9.326640,-0.395781,0.556001,-0.533112,-0.258831,0.040246,0.008965
9.336702,-0.396544,0.554856,-0.533494,-0.257305,0.040246,0.008965
9.346765,-0.397688,0.553712,-0.534257,-0.255398,0.040627,0.008965
9.356829,-0.398451,0.552949,-0.534638,-0.253872,0.040627,0.008965
9.366886,-0.398833,0.552186,-0.535782,-0.251965,0.040627,0.008965
9.376892,-0.399214,0.551423,-0.536164,-0.250439,0.040627,0.008965
9.386947,-0.399977,0.549897,-0.537308,-0.248150,0.040627,0.008965
9.397011,-0.400740,0.549134,-0.538071,-0.246624,0.041009,0.008965
9.407116,-0.401503,0.547990,-0.539216,-0.245098,0.041390,0.008965
9.417181,-0.402266,0.547227,-0.539597,-0.243954,0.042153,0.008965
9.427247,-0.403029,0.546082,-0.540360,-0.242809,0.043679,0.008965
9.437312,-0.404173,0.545319,-0.541123,-0.240902,0.046349,0.008965
9.447374,-0.405318,0.544175,-0.541886,-0.240139,0.048257,0.008965
9.457429,-0.407225,0.542649,-0.542267,-0.238613,0.051308,0.008965
9.467491,-0.408751,0.541886,-0.543030,-0.237087,0.053597,0.008965
9.477551,-0.410277,0.541123,-0.543412,-0.235561,0.057031,0.008965
9.487614,-0.411040,0.540742,-0.544175,-0.234417,0.059319,0.008965
9.497667,-0.411803,0.539979,-0.544556,-0.233272,0.062371,0.008965
9.507727,-0.412947,0.539216,-0.544938,-0.232128,0.063897,0.008965
9.517787,-0.413710,0.538071,-0.545319,-0.230602,0.066567,0.008965
9.527847,-0.414473,0.536927,-0.545701,-0.229458,0.067330,0.008965
9.537909,-0.415618,0.535019,-0.546082,-0.227932,0.069238,0.008965
9.547969,-0.416381,0.533875,-0.546464,-0.227169,0.070382,0.008965
9.558030,-0.417906,0.531968,-0.546845,-0.225643,0.071908,0.012016
9.568090,-0.418669,0.530823,-0.547227,-0.224117,0.072671,0.012016
9.578151,-0.420577,0.530060,-0.547608,-0.221828,0.074197,0.012016
9.588212,-0.421721,0.529679,-0.547990,-0.220684,0.074197,0.013542
9.598271,-0.423247,0.528534,-0.548753,-0.218395,0.074197,0.013542
9.608331,-0.424010,0.527771,-0.549134,-0.216869,0.074197,0.013542
9.618392,-0.425154,0.526627,-0.549516,-0.214199,0.074197,0.013542
9.628454,-0.425917,0.525864,-0.550278,-0.212673,0.074197,0.013542
9.638516,-0.426680,0.525483,-0.551041,-0.211528,0.074578,0.013542
9.648580,-0.428206,0.524338,-0.551804,-0.209621,0.074578,0.013542
9.658641,-0.429351,0.523575,-0.552186,-0.208476,0.074960,0.013542
9.668704,-0.431258,0.521668,-0.552949,-0.206950,0.075341,0.013542
9.678767,-0.432784,0.520142,-0.553712,-0.205806,0.076104,0.013542
9.688829,-0.434310,0.517853,-0.554093,-0.203517,0.077249,0.013542
9.698892,-0.435454,0.517090,-0.554093,-0.201991,0.077630,0.013542
9.708956,-0.436599,0.517090,-0.554475,-0.200084,0.078012,0.013542
9.719010,-0.437743,0.516709,-0.554856,-0.198939,0.078012,0.013542
9.729064,-0.439269,0.515183,-0.555238,-0.196651,0.078775,0.013542
9.739129,-0.440032,0.514420,-0.555238,-0.195506,0.079156,0.013542
9.749191,-0.441939,0.512894,-0.555619,-0.193980,0.080301,0.013542
9.759255,-0.443084,0.511749,-0.556001,-0.192836,0.081445,0.013542
9.769319,-0.445373,0.510224,-0.556382,-0.191691,0.083352,0.013542
9.779383,-0.446899,0.509079,-0.556382,-0.190547,0.084878,0.013542
9.789449,-0.448043,0.507172,-0.556382,-0.188640,0.087167,0.013542
9.799502,-0.448806,0.505264,-0.556382,-0.187495,0.088312,0.013542
9.809555,-0.450332,0.504120,-0.556382,-0.185588,0.089837,0.013542
9.819618,-0.451858,0.503738,-0.556764,-0.183680,0.091363,0.013542
9.829671,-0.453384,0.502594,-0.556764,-0.181773,0.094415,0.013542
9.839736,-0.454528,0.501831,-0.556764,-0.180247,0.096704,0.013542
9.849802,-0.455673,0.501068,-0.557145,-0.179103,0.099374,0.013542
9.859867,-0.458343,0.499161,-0.557908,-0.177195,0.103952,0.016976
9.869893,-0.459487,0.498016,-0.557908,-0.176432,0.107004,0.016976
9.879958,-0.461013,0.495727,-0.557908,-0.174525,0.111200,0.016976
9.890023,-0.461776,0.494583,-0.557908,-0.173762,0.113107,0.016976
9.900076,-0.463684,0.492676,-0.557908,-0.172236,0.115396,0.016976
9.910139,-0.464828,0.491913,-0.557908,-0.170710,0.116922,0.016976
9.920193,-0.466354,0.490768,-0.557908,-0.168803,0.119211,0.020790
9.930257,-0.467498,0.490005,-0.557908,-0.167277,0.120356,0.020790
9.940322,-0.469406,0.488861,-0.557908,-0.165751,0.121118,0.020790
9.950388,-0.470550,0.488098,-0.558289,-0.164607,0.121118,0.020790
9.960453,-0.472457,0.486954,-0.559052,-0.163462,0.121118,0.020790
9.970515,-0.473220,0.485809,-0.559052,-0.163081,0.121118,0.020790
9.980578,-0.474746,0.483520,-0.559434,-0.162318,0.120737,0.020790
9.990631,-0.476272,0.481994,-0.559434,-0.162318,0.120356,0.020790
10.000683,-0.478180,0.480468,-0.559434,-0.161936,0.120737,0.020790
10.010735,-0.479706,0.480087,-0.559434,-0.161555,0.121118,0.020790
10.020787,-0.481994,0.479324,-0.559434,-0.160792,0.121881,0.020790
10.030842,-0.483520,0.478561,-0.559815,-0.160029,0.123407,0.020790
10.040894,-0.484665,0.477417,-0.559815,-0.159266,0.124170,0.020790
10.050949,-0.486572,0.476272,-0.560578,-0.158122,0.125315,0.020790
10.061012,-0.487716,0.475509,-0.560960,-0.157359,0.125315,0.020790
10.071048,-0.489624,0.473983,-0.561723,-0.156214,0.126459,0.020790
10.081104,-0.490768,0.472839,-0.561723,-0.155451,0.126841,0.020790
10.091167,-0.493057,0.470550,-0.561723,-0.153925,0.127985,0.020790
10.101227,-0.494965,0.468261,-0.561723,-0.152781,0.129129,0.020790
10.111289,-0.497253,0.466735,-0.561723,-0.151255,0.131800,0.020790
10.121343,-0.498398,0.466354,-0.561723,-0.150111,0.134470,0.020790
10.131395,-0.499924,0.465209,-0.561723,-0.148203,0.137903,0.020790
10.141457,-0.501450,0.464446,-0.561723,-0.147059,0.140574,0.020790
10.151520,-0.503738,0.462539,-0.561723,-0.145533,0.144007,0.020790
10.161584,-0.505264,0.461395,-0.561723,-0.144770,0.146296,0.020790
10.171643,-0.507935,0.459106,-0.561723,-0.143626,0.148966,0.020790
10.181707,-0.509461,0.457580,-0.561723,-0.143244,0.151637,0.020790
10.191771,-0.511368,0.455291,-0.561723,-0.142100,0.156596,0.020790
10.201835,-0.512512,0.454528,-0.561723,-0.140955,0.159266,0.020790
10.211895,-0.514038,0.453384,-0.561723,-0.139048,0.163081,0.020790
10.221958,-0.515183,0.453002,-0.561723,-0.137522,0.165370,0.020790
10.232020,-0.517090,0.451858,-0.561723,-0.135996,0.167659,0.020790
10.242083,-0.518616,0.451095,-0.562104,-0.135233,0.168421,0.020790
10.252184,-0.520905,0.449569,-0.562104,-0.134470,0.169947,0.020790
10.262246,-0.522431,0.448425,-0.562486,-0.134089,0.170329,0.020790
10.272309,-0.523575,0.446517,-0.562486,-0.133326,0.170710,0.020790
10.282374,-0.525101,0.444610,-0.562486,-0.131800,0.170329,0.020790
10.292438,-0.526627,0.443084,-0.562486,-0.130274,0.170329,0.020790
10.302493,-0.528534,0.442321,-0.562486,-0.128367,0.170710,0.020790
10.312547,-0.530060,0.441176,-0.562486,-0.127222,0.170710,0.020790
10.322609,-0.533112,0.439651,-0.562486,-0.124933,0.171855,0.020790
10.332671,-0.534638,0.438888,-0.562486,-0.123407,0.172618,0.020790
10.342735,-0.536545,0.436980,-0.562867,-0.122263,0.172999,0.020790
10.352797,-0.538453,0.436217,-0.563249,-0.121500,0.173381,0.020790
10.362860,-0.540742,0.433547,-0.563630,-0.120737,0.174144,0.020790
10.372915,-0.542267,0.431640,-0.563630,-0.119593,0.175288,0.026131
10.382979,-0.545319,0.430114,-0.563630,-0.117685,0.177195,0.026131
10.393044,-0.546845,0.429732,-0.563630,-0.116541,0.179484,0.026131
10.403109,-0.549134,0.428206,-0.563630,-0.114252,0.183299,0.026131
10.413174,-0.551041,0.427062,-0.563630,-0.113107,0.186732,0.026131
10.423237,-0.553712,0.425154,-0.564012,-0.111582,0.191691,0.031090
10.433300,-0.554856,0.424010,-0.564012,-0.111200,0.195125,0.031472
10.443364,-0.557908,0.422103,-0.564012,-0.111200,0.199321,0.031472
10.453428,-0.559815,0.420958,-0.564012,-0.111200,0.201610,0.031472
10.463529,-0.561723,0.418288,-0.564012,-0.110819,0.205425,0.031472
10.473592,-0.563249,0.417144,-0.563630,-0.110056,0.207332,0.031472
10.483656,-0.564393,0.416381,-0.564012,-0.109293,0.209621,0.031472
10.493721,-0.566300,0.415236,-0.564012,-0.107767,0.213436,0.031472
10.503774,-0.567445,0.414473,-0.564012,-0.107004,0.214961,0.031472
10.513836,-0.570497,0.412566,-0.564393,-0.105478,0.216869,0.031472
10.523892,-0.572023,0.411421,-0.564775,-0.105097,0.217632,0.031472
10.533949,-0.574311,0.408751,-0.565156,-0.104334,0.218776,0.031472
10.544012,-0.575837,0.407225,-0.565156,-0.103189,0.219539,0.031472
10.554075,-0.578126,0.405699,-0.565156,-0.101663,0.221447,0.031472
10.564140,-0.579652,0.404555,-0.565156,-0.100137,0.222972,0.041772
10.574205,-0.582704,0.402647,-0.565156,-0.098230,0.224498,0.041772
10.584267,-0.584230,0.401884,-0.565156,-0.097467,0.226024,0.041772
10.594328,-0.586519,0.400359,-0.565156,-0.096323,0.228313,0.045205
10.604393,-0.588808,0.398833,-0.565156,-0.095941,0.229839,0.045205
10.614458,-0.591478,0.396162,-0.565156,-0.095178,0.232509,0.045205
10.624523,-0.593004,0.395018,-0.565156,-0.095178,0.234798,0.045205
10.634585,-0.596056,0.393111,-0.564775,-0.095178,0.238994,0.045205
10.644648,-0.597963,0.392729,-0.564775,-0.095178,0.242046,0.045205
10.654713,-0.600252,0.390822,-0.564775,-0.095178,0.246242,0.045205
10.664777,-0.602159,0.389677,-0.564775,-0.094797,0.249294,0.045205
10.674842,-0.604448,0.388533,-0.564775,-0.094415,0.252346,0.045205
10.684902,-0.606355,0.387388,-0.565156,-0.094034,0.253872,0.045205
10.694966,-0.607881,0.386625,-0.565156,-0.093271,0.255398,0.045205
10.705029,-0.610552,0.384718,-0.565156,-0.092889,0.256161,0.045205
10.715094,-0.611696,0.383192,-0.565156,-0.092508,0.256542,0.045205
10.725156,-0.613985,0.380522,-0.565156,-0.091363,0.256924,0.045205
10.735219,-0.615511,0.379759,-0.565156,-0.090600,0.257305,0.045205
10.745282,-0.618181,0.378233,-0.564775,-0.089075,0.258068,0.058556
10.755347,-0.620470,0.377470,-0.564775,-0.088312,0.258450,0.058556
10.765409,-0.623140,0.375181,-0.564775,-0.086404,0.259976,0.058556
10.775472,-0.625048,0.374037,-0.565156,-0.085641,0.260357,0.058556
10.785535,-0.628099,0.371748,-0.565156,-0.084878,0.260357,0.058556
10.795587,-0.629625,0.370603,-0.565156,-0.084115,0.261120,0.058556
10.805641,-0.633059,0.368696,-0.564775,-0.083734,0.263027,0.063516
10.815695,-0.634966,0.367170,-0.564775,-0.082971,0.265698,0.063516
10.825759,-0.637636,0.365644,-0.564393,-0.082208,0.269512,0.063516
10.835822,-0.639925,0.364881,-0.564012,-0.081445,0.272183,0.063516
10.845884,-0.642596,0.363355,-0.564012,-0.080301,0.276761,0.063516
10.855947,-0.644884,0.362211,-0.564012,-0.079919,0.280194,0.063516
10.866011,-0.647555,0.359922,-0.564012,-0.079538,0.284390,0.063516
10.876075,-0.649081,0.358396,-0.564012,-0.079156,0.287060,0.063516
10.886139,-0.651751,0.356870,-0.563630,-0.078775,0.291638,0.063516
10.896201,-0.653277,0.355726,-0.563249,-0.078393,0.294690,0.063516
10.906285,-0.655566,0.353819,-0.562867,-0.078393,0.300031,0.063516
10.916340,-0.657855,0.352674,-0.562104,-0.078393,0.302319,0.068856
10.926393,-0.659380,0.351530,-0.561723,-0.078393,0.303845,0.068856
10.936459,-0.661288,0.350004,-0.561341,-0.078393,0.304608,0.068856
10.946524,-0.663195,0.348859,-0.561341,-0.078393,0.305371,0.068856
10.956586,-0.665484,0.346571,-0.560960,-0.078393,0.306516,0.068856
10.966640,-0.667010,0.345426,-0.560578,-0.078393,0.306516,0.068856
10.976703,-0.669680,0.343519,-0.559815,-0.078393,0.307660,0.071908
10.986768,-0.671588,0.342756,-0.559434,-0.078393,0.308423,0.071908
10.996832,-0.673877,0.340848,-0.558671,-0.078393,0.309567,0.071908
11.006892,-0.676165,0.339704,-0.558289,-0.078393,0.309949,0.074197
11.016956,-0.678836,0.337797,-0.557527,-0.078393,0.311475,0.074197
11.027022,-0.680362,0.336652,-0.557527,-0.078393,0.313001,0.074197
11.037086,-0.683413,0.335508,-0.557527,-0.078393,0.316052,0.074197
11.047150,-0.685321,0.334363,-0.557145,-0.078393,0.318723,0.074197
11.057202,-0.687991,0.332837,-0.556764,-0.078393,0.322919,0.074197
11.067254,-0.689899,0.331312,-0.556382,-0.078393,0.325589,0.074197
11.077308,-0.692569,0.329786,-0.555619,-0.078393,0.329404,0.074197
11.087360,-0.694476,0.328641,-0.555238,-0.078393,0.332837,0.074197
11.097412,-0.696765,0.327497,-0.554856,-0.078393,0.337415,0.074197
11.107465,-0.698291,0.326352,-0.554475,-0.078393,0.340467,0.074197
11.117531,-0.700961,0.324063,-0.553712,-0.078393,0.344282,0.074197
11.127590,-0.702487,0.322538,-0.553330,-0.078393,0.346189,0.074197
11.137652,-0.703632,0.321775,-0.552949,-0.078393,0.347333,0.078393
11.147715,-0.706302,0.320249,-0.551804,-0.078393,0.349241,0.079156
11.157775,-0.708209,0.319104,-0.551041,-0.078393,0.350385,0.079156
11.167842,-0.710498,0.317197,-0.550278,-0.078393,0.351530,0.079156
11.177903,-0.711643,0.315671,-0.549516,-0.078393,0.351911,0.079156
11.187963,-0.713931,0.314527,-0.548753,-0.078393,0.352674,0.079156
11.198023,-0.715457,0.313382,-0.547990,-0.078393,0.353056,0.079156
11.208084,-0.718128,0.311475,-0.546845,-0.078393,0.353056,0.079156
11.218146,-0.720417,0.309949,-0.545701,-0.078393,0.353056,0.079156
11.228210,-0.722705,0.308423,-0.544556,-0.078393,0.353819,0.079156
11.238274,-0.724231,0.307279,-0.543412,-0.078393,0.353819,0.079156
11.248335,-0.726520,0.305753,-0.542267,-0.078393,0.354582,0.079156
11.258397,-0.728046,0.304608,-0.541886,-0.078393,0.356489,0.079156
11.268457,-0.730335,0.302701,-0.540742,-0.078393,0.359541,0.079156
11.278518,-0.732624,0.301938,-0.539979,-0.078393,0.361448,0.079156
11.288580,-0.735294,0.300412,-0.538453,-0.078393,0.364500,0.079156
11.298643,-0.736820,0.299649,-0.537690,-0.078393,0.367170,0.079156
11.308705,-0.739490,0.298123,-0.536164,-0.078393,0.371366,0.090982
11.318765,-0.741016,0.296979,-0.535782,-0.078393,0.374800,0.090982
11.328825,-0.743305,0.295834,-0.534638,-0.078393,0.380522,0.090982
11.338887,-0.745212,0.294690,-0.533875,-0.078393,0.383955,0.090982
11.348950,-0.746357,0.293927,-0.533112,-0.078393,0.386625,0.090982
11.359009,-0.748264,0.292782,-0.531205,-0.078393,0.388533,0.090982
11.369070,-0.749790,0.291257,-0.530060,-0.078393,0.389296,0.090982
11.379129,-0.751316,0.289731,-0.528916,-0.078393,0.390822,0.099756
11.389188,-0.752842,0.288586,-0.528534,-0.078393,0.391966,0.099756
11.399249,-0.754749,0.286679,-0.527008,-0.078393,0.393111,0.099756
11.409313,-0.756657,0.285534,-0.525864,-0.078393,0.393874,0.099756
11.419371,-0.758946,0.284390,-0.523957,-0.078393,0.395018,0.099756
11.429432,-0.760090,0.283627,-0.523194,-0.078393,0.395018,0.099756
11.439493,-0.762379,0.282101,-0.522049,-0.078393,0.395399,0.099756
11.449553,-0.763905,0.280957,-0.521286,-0.078393,0.395781,0.099756
11.459613,-0.765431,0.279431,-0.519760,-0.078393,0.396925,0.099756
11.469675,-0.766957,0.278668,-0.518616,-0.078393,0.397307,0.099756
11.479734,-0.769627,0.277523,-0.517090,-0.078393,0.398451,0.099756
11.489796,-0.770771,0.276761,-0.516327,-0.078393,0.399977,0.099756
11.499862,-0.772679,0.274853,-0.514801,-0.078393,0.402647,0.099756
11.509928,-0.773823,0.273709,-0.513657,-0.078393,0.404173,0.099756
11.519989,-0.775731,0.272183,-0.512131,-0.078393,0.406462,0.099756
11.530052,-0.776875,0.271420,-0.510986,-0.078393,0.408370,0.099756
11.540104,-0.778401,0.270275,-0.509461,-0.078393,0.411040,0.099756
11.550169,-0.779545,0.269512,-0.508316,-0.078393,0.413329,0.099756
11.560231,-0.781453,0.268368,-0.507172,-0.078393,0.415618,0.099756
11.570292,-0.783360,0.267224,-0.506027,-0.078393,0.419814,0.099756
11.580352,-0.784504,0.266079,-0.505264,-0.078393,0.422484,0.099756
11.590414,-0.786030,0.264935,-0.504120,-0.078393,0.425536,0.099756
11.600473,-0.786793,0.264172,-0.502976,-0.078393,0.427062,0.099756
11.610535,-0.788319,0.262646,-0.501068,-0.078393,0.429351,0.099756
11.620594,-0.789082,0.261883,-0.499542,-0.078393,0.430495,0.099756
11.630657,-0.790608,0.260357,-0.498398,-0.078393,0.431640,0.099756
11.640717,-0.791371,0.259213,-0.497635,-0.078393,0.432021,0.099756
11.650793,-0.793278,0.258068,-0.496109,-0.078393,0.432403,0.099756
11.660854,-0.794423,0.256924,-0.494583,-0.078393,0.432021,0.099756
11.670917,-0.795949,0.255779,-0.493057,-0.078393,0.431640,0.099756
11.680979,-0.797093,0.254635,-0.492294,-0.078393,0.431640,0.099756
11.691041,-0.798238,0.253109,-0.491150,-0.078393,0.431640,0.099756
11.701105,-0.799001,0.252346,-0.490387,-0.078393,0.432021,0.099756
11.711165,-0.800526,0.250439,-0.488479,-0.078393,0.432021,0.099756
11.721227,-0.801289,0.249676,-0.486954,-0.078393,0.432021,0.099756
11.731287,-0.802434,0.248531,-0.485428,-0.078393,0.432403,0.109293
11.741350,-0.803197,0.247387,-0.484665,-0.078393,0.433165,0.109293
11.751415,-0.804341,0.246242,-0.483520,-0.078393,0.433928,0.109293
11.761479,-0.805486,0.245480,-0.482376,-0.078393,0.434310,0.109293
11.771624,-0.807393,0.243954,-0.480850,-0.078393,0.434310,0.112345
11.781685,-0.808156,0.243191,-0.480087,-0.078393,0.434310,0.112345
11.791747,-0.808919,0.242428,-0.479324,-0.078393,0.434310,0.112345
11.801799,-0.810063,0.240902,-0.478180,-0.078393,0.434691,0.112345
11.811852,-0.810445,0.239757,-0.477035,-0.078393,0.434691,0.112345
11.821915,-0.810826,0.238231,-0.475509,-0.078393,0.435073,0.112345
11.831976,-0.810826,0.237469,-0.474365,-0.078393,0.435073,0.112345
11.842039,-0.811208,0.235943,-0.472839,-0.078393,0.435073,0.115396
11.852102,-0.811589,0.235180,-0.472076,-0.078393,0.435454,0.115396
11.862166,-0.812352,0.234035,-0.470550,-0.078393,0.436599,0.115396
11.872231,-0.812734,0.233272,-0.469787,-0.078393,0.437743,0.115396
11.882291,-0.813497,0.232509,-0.468261,-0.078393,0.439269,0.115396
11.892353,-0.814260,0.231746,-0.467880,-0.078393,0.439651,0.115396
11.902414,-0.815023,0.230983,-0.466735,-0.078393,0.439651,0.115396
11.912477,-0.816167,0.229839,-0.465972,-0.078393,0.439651,0.115396
11.922540,-0.817311,0.228313,-0.464446,-0.078393,0.440032,0.115396
11.932604,-0.818074,0.227550,-0.463302,-0.078393,0.440414,0.115396
11.942665,-0.819219,0.226406,-0.461776,-0.078393,0.440795,0.115396
11.952729,-0.819982,0.225261,-0.460632,-0.078393,0.441176,0.115396
11.962789,-0.820745,0.224117,-0.459106,-0.078393,0.441558,0.118830
11.972852,-0.821126,0.223354,-0.457961,-0.078393,0.441558,0.118830
11.982903,-0.821508,0.221828,-0.456054,-0.078393,0.441558,0.118830
11.992964,-0.821508,0.221447,-0.454910,-0.078393,0.441558,0.118830
12.003024,-0.821508,0.220684,-0.454147,-0.078393,0.441939,0.118830
12.013084,-0.821508,0.219539,-0.452621,-0.078393,0.442702,0.118830
12.023145,-0.821508,0.218776,-0.451476,-0.078393,0.443465,0.118830
12.033207,-0.821508,0.217632,-0.449569,-0.078393,0.445373,0.119593
12.043263,-0.821508,0.216869,-0.448806,-0.078393,0.446517,0.119593
12.053324,-0.821508,0.215724,-0.447662,-0.078393,0.448425,0.119593
12.063384,-0.821508,0.214961,-0.446899,-0.078393,0.449950,0.119593
12.073444,-0.821508,0.214199,-0.444991,-0.078775,0.451858,0.119593
12.083509,-0.821508,0.213817,-0.443465,-0.078393,0.453002,0.119593
12.093569,-0.821508,0.212673,-0.441939,-0.078393,0.455291,0.119593
12.103630,-0.821508,0.211910,-0.441176,-0.078775,0.456435,0.119593
12.113690,-0.821508,0.210765,-0.440032,-0.078393,0.458724,0.119593
12.123752,-0.821508,0.210002,-0.438888,-0.078393,0.459487,0.119593
12.133808,-0.821508,0.209239,-0.436980,-0.078393,0.460250,0.119593
12.143873,-0.821508,0.208858,-0.436217,-0.078775,0.460632,0.119593
12.153933,-0.821508,0.208095,-0.435454,-0.078775,0.461013,0.119593
12.163997,-0.821508,0.207713,-0.434691,-0.078775,0.461395,0.120356
12.174055,-0.821508,0.206950,-0.433547,-0.078775,0.461776,0.120356
12.184119,-0.821508,0.206569,-0.432784,-0.078775,0.461395,0.120356
12.194208,-0.821508,0.206188,-0.431640,-0.078775,0.461395,0.120356
12.204271,-0.821508,0.206188,-0.430495,-0.078775,0.461395,0.120356
12.214334,-0.821508,0.205806,-0.430114,-0.078775,0.461395,0.120356
12.224394,-0.821508,0.205425,-0.428969,-0.078775,0.461395,0.120356
12.234453,-0.821508,0.205043,-0.428206,-0.078775,0.461395,0.120356
12.244513,-0.821508,0.204662,-0.427062,-0.078775,0.461395,0.120356
12.254574,-0.821508,0.204280,-0.426680,-0.078775,0.461776,0.120356
12.264637,-0.821508,0.204280,-0.425536,-0.078775,0.461776,0.120356
12.274700,-0.821508,0.204280,-0.425154,-0.078775,0.461776,0.120356
12.284764,-0.821508,0.204280,-0.424392,-0.078775,0.461395,0.120356
12.294827,-0.821508,0.204280,-0.424010,-0.078775,0.461395,0.120356
12.304887,-0.821508,0.204280,-0.423247,-0.078775,0.461395,0.120356
12.314950,-0.821508,0.204280,-0.422866,-0.078775,0.461395,0.120356
12.325014,-0.821508,0.204280,-0.422103,-0.078775,0.461395,0.120356
12.335079,-0.821508,0.204280,-0.421721,-0.078775,0.461395,0.120356
12.345140,-0.821508,0.204280,-0.420577,-0.078775,0.461395,0.120356
12.355201,-0.821508,0.204280,-0.420195,-0.078775,0.461395,0.120356
12.365262,-0.821508,0.204280,-0.420195,-0.078775,0.461395,0.120356
12.375325,-0.821508,0.204280,-0.419814,-0.078775,0.461776,0.120356
12.385389,-0.821508,0.204280,-0.419051,-0.078775,0.461395,0.120356
12.395449,-0.821508,0.204280,-0.418669,-0.078775,0.461395,0.120356
12.405510,-0.821508,0.204662,-0.418288,-0.078775,0.461395,0.120356
12.415570,-0.821508,0.204280,-0.417906,-0.078775,0.461776,0.120356
12.425633,-0.821508,0.204280,-0.417906,-0.078775,0.461776,0.120356
12.435692,-0.821508,0.204280,-0.417906,-0.078775,0.461776,0.120356
12.445755,-0.821508,0.204280,-0.417906,-0.078775,0.461776,0.120356
12.455817,-0.821508,0.204662,-0.417906,-0.078775,0.461776,0.120356
12.465878,-0.821508,0.204662,-0.417906,-0.078775,0.461776,0.120356
12.475894,-0.821508,0.204662,-0.417906,-0.078775,0.461776,0.120356
12.485957,-0.821508,0.204662,-0.417906,-0.078775,0.461776,0.120356
12.496011,-0.821508,0.204280,-0.417906,-0.078775,0.461776,0.120356
12.506074,-0.821508,0.204280,-0.417906,-0.078775,0.462158,0.120356
12.516135,-0.821508,0.204662,-0.417906,-0.078393,0.462158,0.120356
12.526197,-0.821508,0.204662,-0.417906,-0.078775,0.462158,0.120356
12.536256,-0.821508,0.204662,-0.417906,-0.078775,0.462158,0.120356
12.546318,-0.821508,0.204662,-0.417906,-0.078775,0.462158,0.120356
12.556380,-0.821508,0.204662,-0.417906,-0.078775,0.462158,0.120356
12.566443,-0.821508,0.204662,-0.417906,-0.078775,0.462158,0.120356
12.576504,-0.821508,0.204662,-0.417906,-0.078775,0.462158,0.120356
12.586569,-0.821508,0.205043,-0.417906,-0.078775,0.462158,0.120356
12.596629,-0.821508,0.205043,-0.417906,-0.078775,0.462158,0.120356
12.606692,-0.821508,0.205043,-0.418288,-0.078775,0.462539,0.120356
12.616753,-0.821508,0.205425,-0.418288,-0.078775,0.462158,0.120356
12.626814,-0.821508,0.205425,-0.418288,-0.078775,0.462158,0.120356
12.636874,-0.821508,0.205806,-0.418288,-0.078775,0.462158,0.120356
12.646935,-0.821508,0.205806,-0.418288,-0.078775,0.462158,0.120356
12.656995,-0.821508,0.206188,-0.418288,-0.078775,0.462158,0.120356
12.667058,-0.821508,0.206569,-0.418669,-0.078775,0.462158,0.120356
12.677122,-0.821508,0.206950,-0.418669,-0.078393,0.462158,0.121118
12.687185,-0.821508,0.207713,-0.418669,-0.078775,0.462158,0.121118
12.697246,-0.821126,0.208476,-0.418669,-0.078775,0.461776,0.121118
12.707308,-0.821126,0.209239,-0.419051,-0.078775,0.462158,0.121118
12.717372,-0.821126,0.210002,-0.419432,-0.078775,0.462158,0.121118
12.727439,-0.821126,0.211528,-0.420195,-0.078775,0.461776,0.121118
12.737498,-0.821126,0.212291,-0.420577,-0.078775,0.461776,0.121118
12.747560,-0.820745,0.214199,-0.420958,-0.078775,0.461776,0.121118
12.757620,-0.820745,0.215343,-0.421721,-0.078775,0.461395,0.121118
12.767682,-0.820363,0.217250,-0.422866,-0.078775,0.461395,0.121118
12.777746,-0.820363,0.218776,-0.423629,-0.078393,0.461013,0.121118
12.787808,-0.819982,0.221065,-0.424773,-0.078393,0.461013,0.121118
12.797871,-0.819600,0.222591,-0.425917,-0.078393,0.461013,0.121118
12.807925,-0.819219,0.224880,-0.427825,-0.078393,0.460250,0.121118
12.817985,-0.819219,0.226787,-0.429351,-0.078775,0.459487,0.121118
12.828047,-0.818456,0.229458,-0.430877,-0.078393,0.458724,0.120737
12.838109,-0.818074,0.230983,-0.432021,-0.078775,0.457961,0.120737
12.848254,-0.816930,0.233654,-0.434310,-0.078393,0.456435,0.120737
12.858316,-0.815785,0.235943,-0.436217,-0.078393,0.455673,0.120737
12.868377,-0.814641,0.237087,-0.437743,-0.078393,0.455291,0.119974
12.878439,-0.813115,0.239757,-0.440032,-0.078393,0.453384,0.119974
12.888492,-0.812352,0.242046,-0.442321,-0.078393,0.451095,0.119974
12.898555,-0.810445,0.245098,-0.444610,-0.078393,0.448043,0.119974
12.908621,-0.808919,0.246624,-0.446136,-0.078393,0.445373,0.119974
12.918682,-0.806249,0.250057,-0.449187,-0.078393,0.440414,0.119974
12.928745,-0.804341,0.251965,-0.451476,-0.078393,0.436980,0.119974
12.938808,-0.800908,0.254635,-0.454528,-0.078393,0.431640,0.118067
12.948873,-0.798619,0.257305,-0.456435,-0.078393,0.427825,0.118067
12.958935,-0.794804,0.260357,-0.459106,-0.078393,0.421340,0.118067
12.968998,-0.792134,0.262646,-0.461395,-0.078393,0.417144,0.118067
12.979059,-0.787938,0.266079,-0.464828,-0.078393,0.411421,0.118067
12.989122,-0.784886,0.268368,-0.467117,-0.078393,0.407988,0.118067
12.999176,-0.779927,0.272183,-0.470169,-0.078393,0.401884,0.118067
13.009240,-0.776875,0.274472,-0.472457,-0.078393,0.398070,0.118067
13.019301,-0.771534,0.278286,-0.475891,-0.078393,0.393111,0.118067
13.029363,-0.767338,0.280957,-0.478561,-0.078393,0.388914,0.118067
13.039424,-0.761616,0.284771,-0.481613,-0.078393,0.382429,0.118067
13.049489,-0.757420,0.287442,-0.483902,-0.078393,0.378233,0.118067
13.059562,-0.750935,0.291257,-0.487335,-0.078393,0.371366,0.118067
13.069625,-0.746357,0.294690,-0.489624,-0.078393,0.367170,0.118067
13.079686,-0.741779,0.296979,-0.492294,-0.078393,0.363355,0.118067
13.089751,-0.735294,0.301938,-0.495346,-0.078393,0.357252,0.118067
13.099812,-0.729953,0.304608,-0.497635,-0.078393,0.352674,0.118067
13.109876,-0.722705,0.309186,-0.501450,-0.078393,0.345426,0.118067
13.119937,-0.717365,0.312238,-0.503738,-0.078393,0.340848,0.118067
13.130000,-0.710117,0.316815,-0.507172,-0.078393,0.332837,0.111582
13.140063,-0.704395,0.320249,-0.509079,-0.078393,0.327878,0.111582
13.150127,-0.696765,0.324826,-0.512512,-0.078393,0.319867,0.108911
13.160192,-0.691043,0.328260,-0.515183,-0.078393,0.315290,0.108911
13.170254,-0.683032,0.333600,-0.518235,-0.078393,0.308042,0.108911
13.180319,-0.677691,0.336652,-0.520142,-0.078393,0.302701,0.108911
13.190381,-0.669299,0.341611,-0.523575,-0.078393,0.294308,0.108911
13.200445,-0.663958,0.345426,-0.525864,-0.078393,0.288586,0.108911
13.210510,-0.654803,0.350385,-0.528916,-0.078393,0.280575,0.108911
13.220572,-0.649462,0.353819,-0.530823,-0.078775,0.274472,0.108911
13.230626,-0.640688,0.359159,-0.533494,-0.078775,0.266842,0.108911
13.240680,-0.634966,0.362974,-0.535782,-0.078775,0.261501,0.108911
13.250741,-0.626192,0.368315,-0.538453,-0.078775,0.253109,0.108911
13.260794,-0.620470,0.372129,-0.539979,-0.078775,0.247387,0.097848
13.270846,-0.611696,0.377470,-0.542649,-0.078775,0.238994,0.096323
13.280910,-0.605592,0.380903,-0.544175,-0.078775,0.233654,0.096323
13.290972,-0.600252,0.385100,-0.545701,-0.078775,0.228313,0.096323
13.301046,-0.591478,0.390440,-0.547990,-0.079156,0.219921,0.096323
13.311108,-0.585756,0.395018,-0.549897,-0.079156,0.214961,0.096323
13.321170,-0.577363,0.400359,-0.551804,-0.079919,0.206569,0.096323
13.331231,-0.571641,0.404555,-0.552949,-0.080301,0.201228,0.096323
13.341294,-0.563249,0.410658,-0.554475,-0.081827,0.192454,0.096323
13.351355,-0.557527,0.414473,-0.555619,-0.082971,0.186732,0.081064
13.361417,-0.549134,0.420577,-0.556764,-0.085641,0.179484,0.081064
13.371481,-0.543412,0.424773,-0.557527,-0.087549,0.174907,0.081064
13.381545,-0.535782,0.430877,-0.558289,-0.090982,0.166514,0.081064
13.391605,-0.530060,0.435073,-0.558671,-0.093271,0.161555,0.081064
13.401667,-0.522431,0.441176,-0.559434,-0.097467,0.153925,0.081064
13.411728,-0.517090,0.445754,-0.560197,-0.100519,0.148966,0.081064
13.421791,-0.509461,0.451858,-0.560197,-0.105478,0.141718,0.081064
13.431854,-0.504501,0.456054,-0.560197,-0.108530,0.137903,0.081064
13.441920,-0.497253,0.462158,-0.560197,-0.114252,0.132181,0.081064
13.451974,-0.492294,0.466354,-0.560197,-0.117685,0.127985,0.081064
13.462035,-0.485809,0.472457,-0.560197,-0.123407,0.121118,0.081064
13.472102,-0.480468,0.476654,-0.560197,-0.127222,0.116159,0.081064
13.482165,-0.474365,0.483139,-0.560197,-0.132563,0.109293,0.081064
13.492227,-0.469406,0.486954,-0.560197,-0.135996,0.105859,0.081064
13.502289,-0.463684,0.493439,-0.560197,-0.141718,0.100137,0.081064
13.512350,-0.459106,0.498016,-0.560197,-0.145533,0.096704,0.081064
13.522411,-0.454910,0.501831,-0.560197,-0.149348,0.093652,0.081064
13.532475,-0.449187,0.507935,-0.560197,-0.155833,0.088693,0.081064
13.542536,-0.444991,0.511749,-0.560197,-0.160410,0.085641,0.081064
13.552595,-0.439651,0.517853,-0.559815,-0.167277,0.080301,0.054742
13.562654,-0.435836,0.522049,-0.559815,-0.172618,0.077249,0.054742
13.572716,-0.429732,0.527771,-0.559815,-0.180629,0.071145,0.054742
13.582780,-0.426680,0.531968,-0.559434,-0.185969,0.066567,0.054742
13.592844,-0.420958,0.537690,-0.559434,-0.194743,0.061990,0.054742
13.602909,-0.417906,0.541505,-0.559434,-0.200465,0.059319,0.054742
13.612969,-0.413710,0.547227,-0.558671,-0.209239,0.055505,0.044823
13.623030,-0.410658,0.550660,-0.558289,-0.215343,0.053979,0.044823
13.633092,-0.406081,0.556001,-0.557908,-0.224117,0.051308,0.044823
13.643214,-0.404173,0.559434,-0.557145,-0.230602,0.049401,0.044823
13.653279,-0.399977,0.564012,-0.556382,-0.239757,0.047494,0.044823
13.663344,-0.397307,0.566682,-0.555619,-0.245861,0.045586,0.044823
13.673402,-0.393492,0.571260,-0.554093,-0.255398,0.042153,0.044823
13.683466,-0.391585,0.573930,-0.552567,-0.261883,0.039864,0.044823
13.693528,-0.387770,0.577745,-0.550278,-0.271801,0.036431,0.044823
13.703590,-0.385481,0.580415,-0.548753,-0.278668,0.034524,0.044823
13.713647,-0.382048,0.583848,-0.545701,-0.288586,0.029946,0.044823
13.723711,-0.380522,0.585756,-0.543412,-0.295071,0.026894,0.044823
13.733776,-0.377852,0.588045,-0.540742,-0.304608,0.024224,0.044823
13.743841,-0.376326,0.589952,-0.538453,-0.310712,0.022316,0.044823
13.753900,-0.374800,0.592241,-0.535782,-0.316815,0.020790,0.044823
13.763964,-0.372511,0.594911,-0.531968,-0.326352,0.018883,0.044823
13.774028,-0.370985,0.595674,-0.528916,-0.332456,0.016976,0.044823
13.784092,-0.369459,0.597963,-0.524338,-0.341993,0.015450,0.044823
13.794147,-0.368315,0.598726,-0.521286,-0.348096,0.015068,0.044823
13.804199,-0.367552,0.600252,-0.516327,-0.356870,0.015068,0.019265
13.814252,-0.366789,0.601015,-0.512512,-0.362593,0.015068,0.019265
13.824312,-0.366026,0.601778,-0.507553,-0.370985,0.015068,0.019265
13.834375,-0.365263,0.602541,-0.503738,-0.375944,0.015068,0.019265
13.844438,-0.364500,0.603685,-0.498016,-0.383574,0.015068,0.019265
13.854500,-0.364500,0.604067,-0.494202,-0.388533,0.014687,0.019265
13.864562,-0.364118,0.604829,-0.488098,-0.395399,0.014687,0.019265
13.874625,-0.364118,0.604829,-0.483902,-0.399977,0.014687,0.019265
13.884689,-0.363737,0.604829,-0.477417,-0.406462,0.015068,0.019265
13.894754,-0.364118,0.604829,-0.473220,-0.410658,0.015068,0.019265
13.904812,-0.363737,0.604829,-0.466354,-0.415999,0.015068,0.019265
13.914874,-0.364118,0.604829,-0.461776,-0.419814,0.015068,0.019265
13.924894,-0.364118,0.604448,-0.454528,-0.424773,0.015068,0.012398
13.934957,-0.364118,0.603685,-0.449950,-0.428206,0.015068,0.012398
13.945030,-0.364500,0.602541,-0.443084,-0.432784,0.015068,0.012398
13.955090,-0.364500,0.601396,-0.438125,-0.435836,0.015450,0.012398
13.965154,-0.364881,0.599870,-0.433165,-0.438125,0.015068,0.012398
13.975218,-0.365644,0.596818,-0.425536,-0.441176,0.015831,0.012398
13.985278,-0.366026,0.595293,-0.420577,-0.443084,0.016213,0.012398
13.995340,-0.367170,0.591096,-0.412566,-0.444991,0.017357,0.012398
14.005402,-0.368315,0.588426,-0.407607,-0.446136,0.018502,0.012398
14.015464,-0.370985,0.583467,-0.399214,-0.446899,0.020409,0.012398
14.025523,-0.372511,0.579652,-0.394255,-0.447280,0.021935,0.012398
14.035583,-0.373655,0.573548,-0.386244,-0.447280,0.023461,0.012398
14.045652,-0.374418,0.568971,-0.380903,-0.447280,0.024605,0.012398
14.055715,-0.376326,0.561723,-0.372511,-0.447280,0.026894,0.012398
14.065778,-0.377470,0.556764,-0.367170,-0.447280,0.029564,0.011254
14.075830,-0.379759,0.548371,-0.359159,-0.447280,0.034142,0.011254
14.085884,-0.382048,0.542649,-0.354200,-0.447280,0.036812,0.011254
14.095936,-0.385481,0.533494,-0.346571,-0.446899,0.041009,0.011254
14.105989,-0.387388,0.527008,-0.341993,-0.446136,0.043297,0.011254
14.116042,-0.391585,0.517090,-0.334745,-0.444228,0.046731,0.012779
14.126095,-0.394636,0.509842,-0.330167,-0.442702,0.050546,0.012779
14.136148,-0.399596,0.498779,-0.324063,-0.439269,0.057031,0.012779
14.146201,-0.403792,0.491150,-0.320249,-0.436599,0.061608,0.012779
14.156262,-0.410277,0.479324,-0.314145,-0.432403,0.068475,0.012779
14.166325,-0.414092,0.470932,-0.310712,-0.428588,0.074197,0.012779
14.176433,-0.420958,0.458343,-0.305753,-0.422484,0.081445,0.012779
14.186494,-0.425536,0.449569,-0.302319,-0.417906,0.086023,0.012779
14.196553,-0.430114,0.440795,-0.299649,-0.412947,0.091363,0.012779
14.206615,-0.438125,0.427825,-0.295453,-0.404936,0.098993,0.012779
14.216674,-0.443465,0.419051,-0.292782,-0.398833,0.104715,0.012779
14.226737,-0.452239,0.405699,-0.289349,-0.389296,0.113870,0.012779
14.236796,-0.458343,0.396544,-0.287060,-0.382429,0.119974,0.012779
14.246860,-0.467498,0.382048,-0.284771,-0.372129,0.129129,0.012779
14.256918,-0.473983,0.371748,-0.283246,-0.364881,0.135233,0.016213
14.266980,-0.483902,0.357633,-0.280957,-0.353437,0.144770,0.016213
14.277045,-0.490768,0.348096,-0.280194,-0.345808,0.150874,0.016213
14.287106,-0.501450,0.333982,-0.279431,-0.334363,0.160792,0.016213
14.297169,-0.508698,0.324826,-0.279049,-0.325971,0.168040,0.016213
14.307233,-0.519760,0.311856,-0.279049,-0.313764,0.178340,0.016213
14.317297,-0.527390,0.303082,-0.279049,-0.305753,0.185206,0.016213
14.327359,-0.539216,0.290875,-0.279049,-0.293545,0.196269,0.016213
14.337422,-0.547227,0.282864,-0.279049,-0.285534,0.204280,0.016213
14.347485,-0.559434,0.271420,-0.279812,-0.274090,0.216106,0.016213
14.357550,-0.567445,0.264172,-0.279812,-0.266842,0.224117,0.016213
14.367610,-0.579652,0.253491,-0.280194,-0.255779,0.236324,0.016213
14.377673,-0.588426,0.247005,-0.280575,-0.248531,0.244335,0.016213
14.387735,-0.601015,0.237087,-0.280957,-0.237850,0.257305,0.030709
14.397798,-0.609789,0.231365,-0.281338,-0.230602,0.264935,0.030709
14.407955,-0.622377,0.222972,-0.281720,-0.220302,0.277905,0.035668
14.418018,-0.630770,0.217250,-0.282101,-0.213817,0.285916,0.035668
14.428079,-0.639544,0.212291,-0.282864,-0.207332,0.295071,0.035668
14.438142,-0.652514,0.205806,-0.283627,-0.197795,0.308423,0.035668
14.448205,-0.661288,0.201610,-0.284009,-0.191310,0.317197,0.035668
14.458269,-0.674258,0.196269,-0.285534,-0.182155,0.330167,0.035668
14.468325,-0.682650,0.192836,-0.286679,-0.176051,0.338941,0.035668
14.478390,-0.695239,0.189403,-0.288968,-0.166896,0.352293,0.055505
14.488450,-0.703632,0.187114,-0.290112,-0.160792,0.360304,0.055505
14.498503,-0.715839,0.184443,-0.292782,-0.152781,0.372129,0.055505
14.508563,-0.723850,0.183299,-0.294690,-0.147822,0.379759,0.055505
14.518625,-0.735294,0.182155,-0.298123,-0.140574,0.391203,0.069238
14.528689,-0.742542,0.181773,-0.300031,-0.135996,0.398451,0.069238
14.538753,-0.752842,0.181392,-0.304227,-0.129511,0.408751,0.069238
14.548814,-0.759709,0.181392,-0.306897,-0.125696,0.414855,0.069238
14.558875,-0.769245,0.182155,-0.311093,-0.119974,0.424010,0.069238
14.568940,-0.775349,0.182536,-0.314145,-0.116159,0.429351,0.069238
14.579005,-0.783742,0.183680,-0.318723,-0.110819,0.436217,0.069238
14.589067,-0.788701,0.184443,-0.322156,-0.107385,0.439651,0.069238
14.599121,-0.795567,0.185206,-0.327115,-0.102426,0.442702,0.069238
14.609185,-0.799001,0.185969,-0.330549,-0.099374,0.444610,0.069238
14.619238,-0.804341,0.187495,-0.336271,-0.095178,0.446517,0.069238
14.629290,-0.807774,0.189021,-0.340085,-0.092508,0.447662,0.069238
14.639344,-0.810445,0.190547,-0.343519,-0.090219,0.448806,0.069238
14.649395,-0.813497,0.192836,-0.350004,-0.087167,0.449950,0.069238
14.659446,-0.815023,0.194362,-0.354200,-0.085260,0.450713,0.069238
14.669506,-0.816930,0.197795,-0.360685,-0.082971,0.450713,0.069238
14.679567,-0.817693,0.200084,-0.365263,-0.081064,0.450713,0.069238
14.689630,-0.818074,0.203899,-0.371748,-0.079156,0.450332,0.069238
14.699693,-0.818074,0.206950,-0.376707,-0.078012,0.450332,0.069238
14.709753,-0.817311,0.211528,-0.383955,-0.076486,0.450332,0.069238
14.719814,-0.816167,0.214961,-0.388914,-0.075723,0.449950,0.069238
14.729875,-0.813878,0.219921,-0.396162,-0.074197,0.449187,0.069238
14.739937,-0.811971,0.223354,-0.401503,-0.072671,0.448425,0.069238
14.750001,-0.808156,0.229076,-0.408751,-0.071527,0.446899,0.069238
14.760061,-0.806630,0.232891,-0.414473,-0.070764,0.443847,0.069238
14.770122,-0.803578,0.238994,-0.421340,-0.069619,0.437743,0.069238
14.780181,-0.800145,0.243191,-0.426680,-0.068856,0.433547,0.069238
14.790243,-0.795186,0.249294,-0.433928,-0.068093,0.425154,0.069238
14.800296,-0.790990,0.253491,-0.438888,-0.067330,0.419051,0.069238
14.810349,-0.784504,0.259976,-0.446136,-0.066567,0.409895,0.069238
14.820401,-0.779164,0.264553,-0.451095,-0.066567,0.403792,0.069238
14.830453,-0.771534,0.271420,-0.458343,-0.066186,0.393492,0.069238
14.840515,-0.765431,0.275616,-0.462539,-0.066186,0.386625,0.069238
14.850577,-0.759327,0.280575,-0.467117,-0.066186,0.378614,0.069238
14.860641,-0.749027,0.287442,-0.473602,-0.066186,0.367552,0.069238
14.870706,-0.742161,0.292401,-0.478180,-0.066567,0.359922,0.113107
14.880769,-0.731479,0.299649,-0.484665,-0.066567,0.347715,0.113107
14.890829,-0.724231,0.304227,-0.488861,-0.066567,0.340085,0.113107
14.900896,-0.712787,0.311856,-0.494965,-0.066567,0.328260,0.113107
14.910956,-0.705158,0.316815,-0.498779,-0.066567,0.320249,0.113107
14.921019,-0.693713,0.324063,-0.504501,-0.066567,0.308804,0.113107
14.931083,-0.686084,0.328641,-0.508316,-0.066567,0.301175,0.113107
14.941146,-0.674258,0.336271,-0.513657,-0.066567,0.289731,0.113107
14.951211,-0.666629,0.340848,-0.517090,-0.066567,0.282483,0.113107
14.961273,-0.654803,0.348478,-0.522049,-0.066949,0.271420,0.113107
14.971336,-0.647173,0.353056,-0.525483,-0.067330,0.264172,0.101663
14.981401,-0.635729,0.360685,-0.529679,-0.067712,0.253872,0.101663
14.991461,-0.628099,0.365263,-0.532349,-0.068475,0.246624,0.101663
15.001523,-0.617037,0.372892,-0.536164,-0.069619,0.236324,0.101663
15.011587,-0.609789,0.377470,-0.538834,-0.070764,0.229839,0.101663
15.021651,-0.598726,0.385100,-0.541886,-0.072671,0.220302,0.101663
15.031716,-0.591859,0.389677,-0.544175,-0.074578,0.214199,0.101663
15.041779,-0.581559,0.396925,-0.546464,-0.076867,0.205425,0.101663
15.051842,-0.574693,0.401884,-0.548371,-0.078775,0.199321,0.101663
15.061896,-0.568208,0.406081,-0.550278,-0.081064,0.193217,0.101663
15.071960,-0.558671,0.413329,-0.552186,-0.084115,0.184825,0.101663
15.082019,-0.552186,0.418288,-0.553712,-0.086404,0.179484,0.101663
15.092083,-0.543030,0.425154,-0.555619,-0.090219,0.171473,0.101663
15.102146,-0.536927,0.429732,-0.556382,-0.093271,0.165751,0.101663
15.112207,-0.528534,0.436599,-0.557527,-0.097467,0.158122,0.101663
15.122261,-0.522812,0.440795,-0.558289,-0.100519,0.153162,0.101663
15.132323,-0.514801,0.447662,-0.559434,-0.105478,0.145533,0.101663
15.142384,-0.509461,0.451858,-0.559815,-0.108911,0.140955,0.101663
15.152444,-0.501831,0.458343,-0.560197,-0.114252,0.135233,0.101663
15.162509,-0.496872,0.462539,-0.560578,-0.117685,0.131800,0.101663
15.172569,-0.490005,0.469024,-0.560578,-0.123026,0.125696,0.101663
15.182631,-0.485809,0.472839,-0.560578,-0.126841,0.121500,0.070764
15.192692,-0.478943,0.478561,-0.560578,-0.132181,0.114633,0.070764
15.202752,-0.474746,0.482757,-0.560578,-0.135615,0.110437,0.070764
15.212812,-0.467880,0.488479,-0.560578,-0.140574,0.105859,0.070764
15.222873,-0.464446,0.492676,-0.560578,-0.144007,0.102808,0.070764
15.232932,-0.458343,0.498398,-0.560578,-0.148966,0.098611,0.070764
15.242994,-0.454910,0.501831,-0.560578,-0.152399,0.095560,0.070764
15.253052,-0.449950,0.507935,-0.560197,-0.157740,0.091363,0.054742
15.263115,-0.446517,0.511368,-0.560197,-0.161173,0.089456,0.054742
15.273226,-0.441939,0.516327,-0.560197,-0.166896,0.085641,0.054742
15.283289,-0.438888,0.520142,-0.560197,-0.171092,0.083352,0.054742
15.293351,-0.435836,0.523575,-0.560197,-0.175669,0.081064,0.054742
15.303414,-0.430877,0.528534,-0.559815,-0.182155,0.076486,0.054742
15.313476,-0.428206,0.531968,-0.559815,-0.186732,0.072671,0.054742
15.323540,-0.424010,0.536545,-0.559815,-0.193599,0.068093,0.054742
15.333602,-0.420958,0.539216,-0.559815,-0.198177,0.065042,0.054742
15.343662,-0.417525,0.544175,-0.559434,-0.205043,0.061227,0.054742
15.353722,-0.415236,0.547227,-0.559434,-0.209621,0.058938,0.054742
15.363785,-0.412184,0.551041,-0.559434,-0.216106,0.057031,0.038338
15.373849,-0.409895,0.553712,-0.559434,-0.220684,0.055886,0.038338
15.383894,-0.406844,0.557527,-0.559052,-0.227169,0.053597,0.036049
15.393951,-0.405318,0.559815,-0.558671,-0.231365,0.052071,0.036049
15.404011,-0.402266,0.562867,-0.558289,-0.237850,0.051690,0.036049
15.414074,-0.400359,0.564775,-0.557908,-0.242046,0.050546,0.036049
15.424136,-0.397688,0.568208,-0.557145,-0.248531,0.049020,0.036049
15.434199,-0.395781,0.570115,-0.556764,-0.252728,0.047494,0.036049
15.444260,-0.393492,0.572404,-0.555238,-0.259213,0.044823,0.036049
15.454324,-0.391966,0.573930,-0.554475,-0.263409,0.043297,0.036049
15.464385,-0.389677,0.576219,-0.552949,-0.269894,0.040627,0.036049
15.474448,-0.388151,0.578126,-0.552186,-0.274090,0.038720,0.036049
15.484500,-0.386244,0.580034,-0.550278,-0.280194,0.036049,0.036049
15.494566,-0.384718,0.581178,-0.548753,-0.284009,0.033761,0.036049
15.504621,-0.383192,0.582322,-0.547990,-0.287823,0.031472,0.036049
15.514686,-0.381285,0.584230,-0.546082,-0.293545,0.028420,0.036049
15.524748,-0.380140,0.584993,-0.544556,-0.296979,0.026513,0.036049
15.534811,-0.379377,0.586137,-0.542267,-0.302319,0.024224,0.036049
15.544874,-0.378614,0.586900,-0.541123,-0.305753,0.023079,0.036049
15.554934,-0.377470,0.588808,-0.538834,-0.310330,0.021935,0.036049
15.564998,-0.377089,0.589952,-0.536927,-0.313382,0.021553,0.036049
15.575057,-0.375563,0.591859,-0.535019,-0.318341,0.021172,0.036049
15.585118,-0.375181,0.592622,-0.533494,-0.321775,0.020409,0.036049
15.595182,-0.374037,0.593385,-0.530442,-0.326352,0.019646,0.036049
15.605243,-0.372892,0.594148,-0.528534,-0.329786,0.018120,0.036049
15.615304,-0.371366,0.595293,-0.526246,-0.334745,0.016976,0.016594
15.625369,-0.370222,0.595674,-0.524338,-0.338178,0.016594,0.016594
15.635428,-0.369459,0.597200,-0.521286,-0.342756,0.016594,0.016594
15.645491,-0.368696,0.597963,-0.519379,-0.345426,0.016976,0.016594
15.655556,-0.368315,0.599107,-0.516327,-0.349622,0.016594,0.016594
15.665618,-0.367933,0.599489,-0.514420,-0.351911,0.016594,0.016594
15.675679,-0.367552,0.600252,-0.511368,-0.355726,0.016594,0.016594
15.685738,-0.367552,0.600633,-0.509842,-0.358015,0.016594,0.016594
15.695802,-0.367170,0.601396,-0.506790,-0.361067,0.015831,0.016594
15.705864,-0.366789,0.601778,-0.504883,-0.362593,0.015450,0.016594
15.716007,-0.366789,0.602922,-0.502213,-0.365263,0.014687,0.016594
15.726067,-0.366407,0.603685,-0.499924,-0.366789,0.014305,0.016594
15.736128,-0.366026,0.604829,-0.498398,-0.368696,0.014305,0.012016
15.746189,-0.365644,0.605592,-0.495727,-0.370985,0.014305,0.012016
15.756248,-0.365644,0.605974,-0.493439,-0.372511,0.014305,0.012016
15.766310,-0.364881,0.605974,-0.491150,-0.374800,0.014305,0.012016
15.776370,-0.364881,0.605974,-0.489624,-0.375944,0.014305,0.012016
15.786431,-0.364881,0.606355,-0.486572,-0.377470,0.014305,0.012016
15.796491,-0.364500,0.606737,-0.485046,-0.378614,0.014305,0.012016
15.806542,-0.364500,0.607118,-0.482757,-0.380522,0.014305,0.012016
15.816603,-0.364118,0.607500,-0.480850,-0.381666,0.014305,0.012016
15.826664,-0.363737,0.608263,-0.478180,-0.383192,0.014305,0.012016
15.836724,-0.363355,0.608263,-0.476654,-0.384337,0.014305,0.012016
15.846785,-0.363355,0.608263,-0.474365,-0.385481,0.014305,0.012016
15.856845,-0.362974,0.608263,-0.472839,-0.385863,0.014305,0.012016
15.866907,-0.362974,0.608263,-0.470550,-0.387007,0.014305,0.012016
15.876967,-0.362593,0.608263,-0.469024,-0.387770,0.014305,0.012016
15.887027,-0.362593,0.608263,-0.466735,-0.388914,0.014305,0.009346
15.897091,-0.362211,0.608263,-0.465591,-0.389296,0.014305,0.009346
15.907151,-0.361448,0.608263,-0.463684,-0.390059,0.013924,0.009346
15.917213,-0.361067,0.608263,-0.462539,-0.390822,0.013924,0.009346
15.927274,-0.359922,0.608263,-0.461013,-0.391966,0.013924,0.009346
15.937331,-0.359541,0.608263,-0.460250,-0.392729,0.013924,0.009346
15.947391,-0.359159,0.608263,-0.459487,-0.393874,0.013924,0.009346
15.957451,-0.358778,0.608263,-0.457961,-0.395018,0.014305,0.009346
15.967513,-0.358778,0.608263,-0.456817,-0.395399,0.014305,0.009346
15.977578,-0.358396,0.608263,-0.455673,-0.396544,0.014687,0.009346
15.987642,-0.358396,0.608263,-0.455291,-0.397307,0.014305,0.009346
15.997707,-0.358396,0.608263,-0.454147,-0.398070,0.014305,0.009346
