t,ref,resp,err,eff
0.000000,-0.261799,-0.258068,0.003731,-0.139194
0.010064,-0.261799,-0.258068,0.003731,-0.139194
0.020126,-0.261799,-0.258068,0.003731,-0.139194
0.030186,-0.261799,-0.258068,0.003731,-0.139194
0.040247,-0.261799,-0.258068,0.003731,-0.139194
0.050311,-0.261799,-0.258068,0.003731,-0.139194
0.060371,-0.261799,-0.258068,0.003731,-0.134310
0.070432,-0.261799,-0.258068,0.003731,-0.134310
0.080492,-0.261799,-0.258068,0.003731,-0.134310
0.090551,-0.261799,-0.258068,0.003731,-0.134310
0.100611,-0.261799,-0.258068,0.003731,-0.134310
0.110672,-0.261799,-0.258068,0.003731,-0.134310
0.120734,-0.261799,-0.258068,0.003731,-0.134310
0.130899,-0.261799,-0.258068,0.003731,-0.134310
0.140959,-0.261799,-0.258068,0.003731,-0.134310
0.151022,-0.261799,-0.258068,0.003731,-0.134310
0.161082,-0.261799,-0.258068,0.003731,-0.134310
0.171144,-0.261799,-0.258068,0.003731,-0.134310
0.181206,-0.261799,-0.258068,0.003731,-0.134310
0.191266,-0.261799,-0.258068,0.003731,-0.134310
0.201336,-0.261799,-0.258068,0.003731,-0.134310
0.211398,-0.261799,-0.258068,0.003731,-0.134310
0.221462,-0.261799,-0.258068,0.003731,-0.134310
0.231524,-0.261799,-0.258068,0.003731,-0.134310
0.241584,-0.261799,-0.258068,0.003731,-0.134310
0.251645,-0.261799,-0.258068,0.003731,-0.134310
0.261705,-0.261799,-0.258068,0.003731,-0.134310
0.271768,-0.261799,-0.258068,0.003731,-0.134310
0.281832,-0.261799,-0.258068,0.003731,-0.134310
0.291894,-0.261799,-0.258068,0.003731,-0.134310
0.301960,-0.261799,-0.258068,0.003731,-0.134310
0.312022,-0.261799,-0.258068,0.003731,-0.134310
0.322073,-0.261799,-0.258068,0.003731,-0.134310
0.332135,-0.261799,-0.258068,0.003731,-0.134310
0.342196,-0.261799,-0.258068,0.003731,-0.134310
0.352258,-0.261799,-0.258068,0.003731,-0.134310
0.362319,-0.261799,-0.258068,0.003731,-0.134310
0.372380,-0.261799,-0.258068,0.003731,-0.134310
0.382440,-0.261799,-0.258068,0.003731,-0.134310
0.392501,-0.261799,-0.258068,0.003731,-0.134310
0.402566,-0.261799,-0.258068,0.003731,-0.134310
0.412629,-0.261799,-0.258068,0.003731,-0.134310
0.422692,-0.261799,-0.258068,0.003731,-0.134310
0.432751,-0.261799,-0.258068,0.003731,-0.134310
0.442804,-0.261799,-0.258068,0.003731,-0.134310
0.452868,-0.261799,-0.258068,0.003731,-0.139194
0.462928,-0.261799,-0.258068,0.003731,-0.139194
0.472980,-0.261799,-0.258068,0.003731,-0.139194
0.483041,-0.261799,-0.258068,0.003731,-0.139194
0.493103,-0.261799,-0.258068,0.003731,-0.139194
0.503173,-0.261799,-0.258068,0.003731,-0.139194
0.513236,-0.261799,-0.258068,0.003731,-0.139194
0.523300,-0.261799,-0.258068,0.003731,-0.139194
0.533364,-0.261799,-0.258068,0.003731,-0.139194
0.543424,-0.261799,-0.258068,0.003731,-0.139194
0.553483,-0.261799,-0.258068,0.003731,-0.139194
0.563544,-0.261799,-0.258068,0.003731,-0.139194
0.573716,-0.261799,-0.258068,0.003731,-0.139194
0.583776,-0.261799,-0.258068,0.003731,-0.139194
0.593836,-0.261799,-0.258068,0.003731,-0.139194
0.603889,-0.261799,-0.258068,0.003731,-0.139194
0.613951,-0.261799,-0.258068,0.003731,-0.139194
0.624015,-0.261799,-0.258068,0.003731,-0.139194
0.634072,-0.261799,-0.258068,0.003731,-0.139194
0.644133,-0.261799,-0.258068,0.003731,-0.139194
0.654196,-0.261799,-0.258068,0.003731,-0.139194
0.664258,-0.261799,-0.258068,0.003731,-0.134310
0.674312,-0.261799,-0.258068,0.003731,-0.134310
0.684369,-0.261799,-0.258068,0.003731,-0.134310
0.694425,-0.261799,-0.258068,0.003731,-0.134310
0.704478,-0.261799,-0.258068,0.003731,-0.134310
0.714530,-0.261799,-0.258068,0.003731,-0.134310
0.724582,-0.261799,-0.258068,0.003731,-0.134310
0.734634,-0.261799,-0.258068,0.003731,-0.134310
0.744687,-0.261799,-0.258068,0.003731,-0.134310
0.754738,-0.261799,-0.258068,0.003731,-0.134310
0.764790,-0.261799,-0.258068,0.003731,-0.134310
0.774844,-0.261799,-0.258068,0.003731,-0.134310
0.784896,-0.261799,-0.258068,0.003731,-0.134310
0.794959,-0.261799,-0.258068,0.003731,-0.134310
0.805021,-0.261799,-0.258068,0.003731,-0.134310
0.815074,-0.261799,-0.258068,0.003731,-0.134310
0.825239,-0.261799,-0.258068,0.003731,-0.134310
0.835303,-0.261799,-0.258068,0.003731,-0.134310
0.845364,-0.261799,-0.258068,0.003731,-0.134310
0.855427,-0.261799,-0.258068,0.003731,-0.134310
0.865486,-0.261799,-0.258068,0.003731,-0.134310
0.875547,-0.261799,-0.258068,0.003731,-0.134310
0.885608,-0.261799,-0.258068,0.003731,-0.134310
0.895670,-0.261799,-0.258068,0.003731,-0.134310
0.905734,-0.261799,-0.258068,0.003731,-0.134310
0.915798,-0.261799,-0.258068,0.003731,-0.134310
0.925857,-0.261799,-0.258068,0.003731,-0.134310
0.935920,-0.261799,-0.258068,0.003731,-0.134310
0.945980,-0.261799,-0.258068,0.003731,-0.134310
0.956043,-0.261799,-0.258068,0.003731,-0.134310
0.966095,-0.261799,-0.258068,0.003731,-0.134310
0.976147,-0.261799,-0.258068,0.003731,-0.134310
0.986207,-0.261799,-0.258068,0.003731,-0.134310
0.996267,-0.261799,-0.258068,0.003731,-0.134310
1.006320,-0.261248,-0.258068,0.003180,-0.134310
1.016377,-0.260370,-0.258068,0.002302,-0.134310
1.026430,-0.259493,-0.258068,0.001425,-0.134310
1.036500,-0.258614,-0.258068,0.000546,-0.134310
1.046561,-0.257736,-0.258068,-0.000332,-0.134310
1.056622,-0.256858,-0.258068,-0.001210,-0.134310
1.066682,-0.255980,-0.258068,-0.002088,-0.134310
1.076742,-0.255102,-0.258068,-0.002966,-0.134310
1.086803,-0.254224,-0.258068,-0.003844,-0.134310
1.096861,-0.253347,-0.258068,-0.004722,-0.134310
1.106929,-0.252468,-0.258068,-0.005600,-0.134310
1.116988,-0.251590,-0.258068,-0.006478,-0.134310
1.127049,-0.250712,-0.258068,-0.007356,-0.134310
1.137111,-0.249834,-0.258068,-0.008234,-0.134310
1.147172,-0.248956,-0.258068,-0.009112,-0.134310
1.157234,-0.248078,-0.258068,-0.009990,-0.134310
1.167296,-0.247200,-0.258068,-0.010868,-0.134310
1.177356,-0.246322,-0.258068,-0.011746,-0.134310
1.187417,-0.245444,-0.258068,-0.012624,-0.134310
1.197479,-0.244566,-0.258068,-0.013502,-0.134310
1.207546,-0.243688,-0.258068,-0.014381,-0.134310
1.217608,-0.242810,-0.258068,-0.015259,-0.134310
1.227667,-0.241932,-0.258068,-0.016136,-0.134310
1.237729,-0.241054,-0.258068,-0.017015,-0.134310
1.247790,-0.240176,-0.258068,-0.017893,-0.134310
1.257852,-0.239298,-0.258068,-0.018771,-0.134310
1.267915,-0.238419,-0.258068,-0.019649,-0.134310
1.277980,-0.237541,-0.258068,-0.020527,-0.134310
1.288044,-0.236663,-0.258068,-0.021405,-0.134310
1.298106,-0.235785,-0.258068,-0.022283,-0.134310
1.308169,-0.234907,-0.258068,-0.023162,-0.134310
1.318234,-0.234028,-0.258068,-0.024040,-0.134310
1.328298,-0.233150,-0.258068,-0.024918,-0.134310
1.338362,-0.232272,-0.258068,-0.025796,-0.134310
1.348424,-0.231394,-0.258068,-0.026675,-0.134310
1.358486,-0.230516,-0.258068,-0.027553,-0.134310
1.368550,-0.229637,-0.258068,-0.028431,-0.134310
1.378615,-0.228759,-0.258068,-0.029309,-0.012210
1.388675,-0.227881,-0.258068,-0.030187,-0.012210
1.398736,-0.227003,-0.255779,-0.028776,0.119658
1.408803,-0.226125,-0.255779,-0.029655,0.119658
1.418867,-0.225246,-0.255779,-0.030533,0.119658
1.428929,-0.224368,-0.255779,-0.031411,0.119658
1.438990,-0.223490,-0.250820,-0.027330,0.090354
1.449046,-0.222613,-0.250820,-0.028207,0.090354
1.459063,-0.221739,-0.250820,-0.029082,0.090354
1.469126,-0.220860,-0.250820,-0.029960,0.090354
1.479148,-0.219986,-0.250820,-0.030834,0.090354
1.489211,-0.219108,-0.250820,-0.031712,0.090354
1.499274,-0.218230,-0.250820,-0.032591,0.090354
1.509337,-0.217351,-0.250820,-0.033469,0.090354
1.519399,-0.216473,-0.250820,-0.034347,0.090354
1.529452,-0.215596,-0.250820,-0.035224,0.090354
1.539515,-0.214718,-0.250820,-0.036102,0.090354
1.549575,-0.213840,-0.250820,-0.036980,0.090354
1.559627,-0.212963,-0.250820,-0.037857,0.090354
1.569689,-0.212085,-0.250820,-0.038735,0.090354
1.579747,-0.211207,-0.250820,-0.039613,0.090354
1.589810,-0.210329,-0.250820,-0.040491,0.090354
1.599877,-0.209450,-0.250820,-0.041370,0.090354
1.609942,-0.208572,-0.250820,-0.042248,0.090354
1.620003,-0.207694,-0.250820,-0.043126,0.090354
1.630063,-0.206816,-0.250820,-0.044004,0.090354
1.640123,-0.205938,-0.250820,-0.044882,0.090354
1.650184,-0.205060,-0.250820,-0.045760,0.090354
1.660246,-0.204182,-0.250820,-0.046638,0.090354
1.670305,-0.203304,-0.250820,-0.047516,0.090354
1.680365,-0.202426,-0.250820,-0.048394,0.090354
1.690468,-0.201545,-0.250820,-0.049276,0.090354
1.700525,-0.200667,-0.250820,-0.050153,0.090354
1.710578,-0.199790,-0.234798,-0.035008,0.139194
1.720639,-0.198912,-0.234798,-0.035886,0.139194
1.730692,-0.198034,-0.234798,-0.036764,0.139194
1.740755,-0.197156,-0.234798,-0.037642,0.139194
1.750814,-0.196279,-0.234798,-0.038520,0.139194
1.760876,-0.195400,-0.234798,-0.039398,0.139194
1.770935,-0.194523,-0.234798,-0.040276,0.139194
1.780997,-0.193645,-0.234798,-0.041154,0.139194
1.791059,-0.192767,-0.234798,-0.042032,0.139194
1.801080,-0.191892,-0.234798,-0.042906,0.139194
1.811139,-0.191014,-0.234798,-0.043784,0.139194
1.821201,-0.190136,-0.234798,-0.044662,0.139194
1.831264,-0.189258,-0.234798,-0.045540,0.139194
1.841325,-0.188380,-0.219539,-0.031159,0.109890
1.851385,-0.187502,-0.219539,-0.032037,0.109890
1.861452,-0.186624,-0.219539,-0.032916,0.109890
1.871517,-0.185745,-0.219539,-0.033794,0.109890
1.881578,-0.184867,-0.219539,-0.034672,0.109890
1.891642,-0.183989,-0.219539,-0.035550,0.109890
1.901756,-0.183106,-0.219539,-0.036433,0.109890
1.911821,-0.182228,-0.219539,-0.037311,0.109890
1.921880,-0.181350,-0.219539,-0.038189,0.109890
1.931942,-0.180472,-0.219539,-0.039067,0.109890
1.942002,-0.179594,-0.219539,-0.039945,0.109890
1.952066,-0.178716,-0.219539,-0.040823,0.109890
1.962128,-0.177838,-0.219539,-0.041701,0.109890
1.972189,-0.176960,-0.219539,-0.042579,0.109890
1.982248,-0.176082,-0.219539,-0.043457,0.109890
1.992308,-0.175204,-0.219539,-0.044335,0.109890
2.002377,-0.174325,-0.219539,-0.045214,0.109890
2.012432,-0.173448,-0.219539,-0.046091,0.109890
2.022496,-0.172570,-0.219539,-0.046969,0.109890
2.032557,-0.171692,-0.203899,-0.032207,0.153846
2.042617,-0.170814,-0.203899,-0.033085,0.153846
2.052679,-0.169936,-0.203899,-0.033963,0.153846
2.062739,-0.169058,-0.203899,-0.034841,0.153846
2.072800,-0.168180,-0.203899,-0.035719,0.153846
2.082860,-0.167302,-0.203899,-0.036597,0.153846
2.092922,-0.166424,-0.203899,-0.037475,0.153846
2.102989,-0.165545,-0.203899,-0.038353,0.153846
2.113049,-0.164668,-0.203899,-0.039231,0.153846
2.123109,-0.163790,-0.193217,-0.029428,0.114774
2.133170,-0.162912,-0.193217,-0.030306,0.114774
2.143231,-0.162034,-0.190547,-0.028513,0.085470
2.153290,-0.161156,-0.190547,-0.029391,0.085470
2.163351,-0.160278,-0.190547,-0.030269,0.085470
2.173449,-0.159397,-0.190547,-0.031150,0.085470
2.183508,-0.158519,-0.190547,-0.032028,0.085470
2.193572,-0.157641,-0.185206,-0.027566,0.124542
2.203640,-0.156762,-0.185206,-0.028444,0.124542
2.213702,-0.155884,-0.185206,-0.029322,0.124542
2.223767,-0.155006,-0.185206,-0.030201,0.124542
2.233828,-0.154128,-0.185206,-0.031079,0.124542
2.243888,-0.153250,-0.185206,-0.031957,0.124542
2.253939,-0.152373,-0.185206,-0.032834,0.124542
2.264000,-0.151495,-0.177958,-0.026464,0.119658
2.274059,-0.150617,-0.177958,-0.027342,0.119658
2.284120,-0.149739,-0.177958,-0.028220,0.119658
2.294184,-0.148860,-0.177958,-0.029098,0.119658
2.304250,-0.147982,-0.177958,-0.029976,0.119658
2.314318,-0.147103,-0.177958,-0.030855,0.119658
2.324381,-0.146225,-0.177958,-0.031733,0.119658
2.334441,-0.145347,-0.177958,-0.032611,0.119658
2.344499,-0.144470,-0.177958,-0.033489,0.119658
2.354561,-0.143592,-0.177958,-0.034367,0.119658
2.364622,-0.142714,-0.177958,-0.035245,0.119658
2.374684,-0.141836,-0.177958,-0.036123,0.119658
2.384742,-0.140958,-0.177958,-0.037000,0.119658
2.394804,-0.140080,-0.177958,-0.037879,0.119658
2.404869,-0.139201,-0.177958,-0.038757,0.119658
2.414933,-0.138323,-0.177958,-0.039635,0.119658
2.424997,-0.137445,-0.177958,-0.040513,0.119658
2.435059,-0.136567,-0.177958,-0.041391,0.119658
2.445123,-0.135689,-0.177958,-0.042270,0.119658
2.455187,-0.134810,-0.177958,-0.043148,0.119658
2.465250,-0.133932,-0.177958,-0.044026,0.119658
2.475303,-0.133055,-0.163844,-0.030789,0.109890
2.485364,-0.132177,-0.163462,-0.031285,0.173382
2.495422,-0.131299,-0.163462,-0.032163,0.173382
2.505491,-0.130421,-0.163462,-0.033042,0.173382
2.515554,-0.129542,-0.163462,-0.033920,0.173382
2.525621,-0.128664,-0.163462,-0.034798,0.173382
2.535683,-0.127786,-0.163462,-0.035677,0.173382
2.545747,-0.126908,-0.163462,-0.036555,0.173382
2.555801,-0.126030,-0.163462,-0.037432,0.173382
2.565861,-0.125152,-0.163462,-0.038310,0.173382
2.575921,-0.124274,-0.163462,-0.039188,0.173382
2.585981,-0.123396,-0.163462,-0.040066,0.173382
2.596042,-0.122518,-0.163462,-0.040944,0.173382
2.606108,-0.121640,-0.163462,-0.041822,0.173382
2.616172,-0.120762,-0.163462,-0.042701,0.173382
2.626235,-0.119884,-0.163462,-0.043579,0.173382
2.636297,-0.119006,-0.163462,-0.044457,0.173382
2.646361,-0.118127,-0.163462,-0.045335,0.173382
2.656437,-0.117248,-0.163462,-0.046214,0.173382
2.666498,-0.116370,-0.163462,-0.047092,0.173382
2.676558,-0.115492,-0.163462,-0.047970,0.173382
2.686611,-0.114615,-0.163462,-0.048847,0.173382
2.696664,-0.113738,-0.163462,-0.049725,0.173382
2.706719,-0.112860,-0.163462,-0.050602,0.173382
2.716782,-0.111982,-0.163462,-0.051480,0.173382
2.726833,-0.111105,-0.163462,-0.052357,0.173382
2.736895,-0.110227,-0.163462,-0.053236,0.173382
2.746958,-0.109349,-0.144770,-0.035421,0.100122
2.757019,-0.108471,-0.144770,-0.036299,0.100122
2.767081,-0.107592,-0.144770,-0.037177,0.100122
2.777133,-0.106715,-0.144770,-0.038055,0.100122
2.787193,-0.105837,-0.144770,-0.038933,0.100122
2.797256,-0.104959,-0.144770,-0.039811,0.100122
2.807322,-0.104081,-0.144770,-0.040689,0.100122
2.817387,-0.103202,-0.144770,-0.041568,0.100122
2.827445,-0.102325,-0.144770,-0.042445,0.100122
2.837508,-0.101447,-0.144770,-0.043323,0.100122
2.847566,-0.100569,-0.144770,-0.044201,0.100122
2.857629,-0.099691,-0.144770,-0.045079,0.100122
2.867689,-0.098813,-0.144770,-0.045957,0.100122
2.877750,-0.097935,-0.144770,-0.046835,0.100122
2.887811,-0.097057,-0.144770,-0.047713,0.100122
2.897872,-0.096179,-0.129129,-0.032951,0.183150
2.907934,-0.095301,-0.129129,-0.033829,0.183150
2.917994,-0.094423,-0.129129,-0.034707,0.183150
2.928053,-0.093545,-0.129129,-0.035584,0.183150
2.938116,-0.092667,-0.129129,-0.036463,0.183150
2.948179,-0.091789,-0.129129,-0.037341,0.183150
2.958243,-0.090910,-0.129129,-0.038219,0.183150
2.968303,-0.090033,-0.129129,-0.039097,0.183150
2.978366,-0.089154,-0.129129,-0.039975,0.183150
2.988425,-0.088277,-0.129129,-0.040853,0.183150
2.998486,-0.087399,-0.129129,-0.041731,0.183150
3.008547,-0.086521,-0.129129,-0.042609,0.183150
3.018604,-0.085643,-0.129129,-0.043487,0.183150
3.028665,-0.084765,-0.129129,-0.044364,0.183150
3.038728,-0.083887,-0.129129,-0.045243,0.183150
3.048788,-0.083009,-0.129129,-0.046121,0.183150
3.058850,-0.082131,-0.129129,-0.046999,0.183150
3.068907,-0.081253,-0.129129,-0.047876,0.183150
3.078964,-0.080376,-0.129129,-0.048754,0.183150
3.089026,-0.079498,-0.129129,-0.049632,0.183150
3.099188,-0.078611,-0.129129,-0.050519,0.183150
3.109252,-0.077732,-0.129129,-0.051397,0.183150
3.119313,-0.076854,-0.129129,-0.052275,0.183150
3.129373,-0.075977,-0.129129,-0.053153,0.183150
3.139436,-0.075098,-0.129129,-0.054031,0.183150
3.149496,-0.074220,-0.110056,-0.035835,0.173382
3.159558,-0.073342,-0.110056,-0.036713,0.173382
3.169613,-0.072465,-0.110056,-0.037591,0.173382
3.179675,-0.071587,-0.110056,-0.038469,0.173382
3.189734,-0.070709,-0.110056,-0.039347,0.173382
3.199794,-0.069831,-0.110056,-0.040225,0.173382
3.209859,-0.068953,-0.110056,-0.041103,0.173382
3.219922,-0.068075,-0.110056,-0.041981,0.173382
3.229981,-0.067197,-0.110056,-0.042859,0.173382
3.240034,-0.066320,-0.110056,-0.043736,0.173382
3.250092,-0.065442,-0.110056,-0.044614,0.173382
3.260156,-0.064564,-0.110056,-0.045492,0.173382
3.270215,-0.063686,-0.095560,-0.031874,0.158730
3.280278,-0.062808,-0.095560,-0.032752,0.158730
3.290338,-0.061930,-0.095560,-0.033630,0.158730
3.300399,-0.061052,-0.095560,-0.034508,0.158730
3.310467,-0.060173,-0.095560,-0.035387,0.158730
3.320529,-0.059295,-0.095560,-0.036265,0.158730
3.330681,-0.058409,-0.095560,-0.037151,0.158730
3.340743,-0.057531,-0.095560,-0.038029,0.158730
3.350805,-0.056653,-0.095560,-0.038907,0.158730
3.360866,-0.055775,-0.095560,-0.039785,0.158730
3.370929,-0.054897,-0.095560,-0.040663,0.158730
3.380992,-0.054019,-0.095560,-0.041541,0.158730
3.391052,-0.053141,-0.095560,-0.042419,0.158730
3.401121,-0.052262,-0.095560,-0.043298,0.158730
3.411184,-0.051384,-0.095560,-0.044176,0.158730
3.421245,-0.050506,-0.095560,-0.045054,0.158730
3.431305,-0.049628,-0.095560,-0.045932,0.158730
3.441367,-0.048750,-0.095560,-0.046810,0.158730
3.451428,-0.047872,-0.095560,-0.047688,0.158730
3.461487,-0.046994,-0.095560,-0.048566,0.158730
3.471549,-0.046116,-0.095560,-0.049444,0.158730
3.481607,-0.045238,-0.095560,-0.050321,0.158730
3.491669,-0.044360,-0.095560,-0.051199,0.158730
3.501736,-0.043482,-0.095560,-0.052078,0.158730
3.511799,-0.042604,-0.095560,-0.052956,0.158730
3.521860,-0.041726,-0.095560,-0.053834,0.158730
3.531920,-0.040848,-0.095560,-0.054712,0.158730
3.541979,-0.039970,-0.095560,-0.055590,0.158730
3.552042,-0.039092,-0.095560,-0.056468,0.158730
3.562127,-0.038212,-0.095560,-0.057348,0.158730
3.572180,-0.037334,-0.095560,-0.058225,0.158730
3.582231,-0.036457,-0.095560,-0.059102,0.158730
3.592291,-0.035579,-0.095560,-0.059980,0.158730
3.602348,-0.034702,-0.095560,-0.060858,0.158730
3.612412,-0.033823,-0.095560,-0.061736,0.158730
3.622473,-0.032945,-0.095560,-0.062614,0.158730
3.632536,-0.032067,-0.095560,-0.063492,0.158730
3.642599,-0.031189,-0.095560,-0.064371,0.158730
3.652664,-0.030311,-0.095560,-0.065249,0.158730
3.662725,-0.029433,-0.095560,-0.066127,0.158730
3.672786,-0.028555,-0.073816,-0.045261,0.065934
3.682847,-0.027677,-0.073816,-0.046139,0.065934
3.692909,-0.026799,-0.073816,-0.047017,0.065934
3.702966,-0.025921,-0.073816,-0.047894,0.065934
3.713019,-0.025044,-0.073816,-0.048772,0.065934
3.723087,-0.024165,-0.073816,-0.049650,0.065934
3.733145,-0.023288,-0.073816,-0.050528,0.065934
3.743207,-0.022409,-0.073816,-0.051406,0.065934
3.753271,-0.021531,-0.073816,-0.052284,0.065934
3.763335,-0.020653,-0.073816,-0.053163,0.065934
3.773394,-0.019775,-0.073816,-0.054040,0.065934
3.783456,-0.018897,-0.073816,-0.054918,0.065934
3.793548,-0.018016,-0.073816,-0.055799,0.065934
3.803617,-0.017138,-0.073816,-0.056678,0.065934
3.813677,-0.016260,-0.073816,-0.057556,0.065934
3.823736,-0.015382,-0.073816,-0.058434,0.065934
3.833794,-0.014504,-0.073816,-0.059311,0.065934
3.843855,-0.013626,-0.073816,-0.060189,0.065934
3.853914,-0.012748,-0.073816,-0.061067,0.065934
3.863977,-0.011870,-0.073816,-0.061945,0.065934
3.874040,-0.010992,-0.073816,-0.062823,0.065934
3.884099,-0.010114,-0.073816,-0.063701,0.065934
3.894157,-0.009237,-0.073816,-0.064579,0.065934
3.904225,-0.008358,-0.073816,-0.065458,0.065934
3.914288,-0.007480,-0.073816,-0.066336,0.065934
3.924350,-0.006602,-0.073816,-0.067214,0.065934
3.934414,-0.005723,-0.073816,-0.068092,0.065934
3.944472,-0.004846,-0.073816,-0.068970,0.065934
3.954533,-0.003968,-0.073816,-0.069848,0.065934
3.964591,-0.003090,-0.073816,-0.070726,0.065934
3.974654,-0.002212,-0.073816,-0.071604,0.065934
3.984714,-0.001334,-0.073816,-0.072482,0.065934
3.994775,-0.000456,-0.042535,-0.042079,0.183150
4.004841,0.000422,-0.042535,-0.042957,0.183150
4.014901,0.001300,-0.042535,-0.043835,0.183150
4.025030,0.002184,-0.042535,-0.044719,0.183150
4.035091,0.003062,-0.042535,-0.045597,0.183150
4.045155,0.003941,-0.042535,-0.046475,0.183150
4.055215,0.004818,-0.042535,-0.047353,0.183150
4.065276,0.005696,-0.042535,-0.048231,0.183150
4.075335,0.006574,-0.042535,-0.049109,0.183150
4.085396,0.007452,-0.028038,-0.035491,0.114774
4.095458,0.008330,-0.028038,-0.036369,0.114774
4.105526,0.009209,-0.028038,-0.037247,0.114774
4.115587,0.010087,-0.028038,-0.038125,0.114774
4.125645,0.010965,-0.028038,-0.039003,0.114774
4.135704,0.011842,-0.020790,-0.032633,0.051282
4.145764,0.012720,-0.020790,-0.033511,0.051282
4.155827,0.013598,-0.020790,-0.034389,0.051282
4.165886,0.014476,-0.020790,-0.035267,0.051282
4.175947,0.015354,-0.020790,-0.036145,0.051282
4.186007,0.016232,-0.020790,-0.037023,0.051282
4.196065,0.017110,-0.020790,-0.037900,0.051282
4.206128,0.017988,-0.020790,-0.038779,0.051282
4.216190,0.018866,-0.020790,-0.039657,0.051282
4.226251,0.019744,-0.020790,-0.040535,0.051282
4.236332,0.020624,-0.020790,-0.041414,0.051282
4.246391,0.021502,-0.020790,-0.042292,0.051282
4.256442,0.022379,-0.020790,-0.043169,0.051282
4.266501,0.023257,-0.020790,-0.044047,0.051282
4.276563,0.024135,-0.006294,-0.030429,0.070818
4.286623,0.025013,-0.006294,-0.031307,0.070818
4.296685,0.025891,-0.006294,-0.032185,0.070818
4.306748,0.026769,-0.006294,-0.033063,0.070818
4.316800,0.027646,-0.006294,-0.033940,0.070818
4.326862,0.028524,-0.006294,-0.034818,0.070818
4.336922,0.029402,-0.006294,-0.035696,0.070818
4.346983,0.030280,-0.006294,-0.036574,0.070818
4.357042,0.031158,-0.006294,-0.037452,0.070818
4.367105,0.032036,-0.006294,-0.038330,0.070818
4.377159,0.032913,-0.006294,-0.039208,0.070818
4.387217,0.033791,-0.006294,-0.040085,0.070818
4.397280,0.034669,-0.006294,-0.040964,0.070818
4.407346,0.035548,-0.006294,-0.041842,0.070818
4.417409,0.036426,-0.006294,-0.042720,0.070818
4.427470,0.037304,-0.006294,-0.043598,0.070818
4.437529,0.038182,-0.006294,-0.044476,0.070818
4.447591,0.039060,0.007439,-0.031621,0.153846
4.457655,0.039938,0.007439,-0.032499,0.153846
4.467714,0.040816,0.007439,-0.033377,0.153846
4.477776,0.041694,0.007439,-0.034255,0.153846
4.487835,0.042572,0.007439,-0.035133,0.153846
4.497896,0.043450,0.007439,-0.036011,0.153846
4.507963,0.044328,0.007439,-0.036889,0.153846
4.518023,0.045206,0.007439,-0.037767,0.153846
4.528081,0.046084,0.007439,-0.038645,0.153846
4.538142,0.046962,0.007439,-0.039523,0.153846
4.548203,0.047840,0.007439,-0.040401,0.153846
4.558256,0.048717,0.007439,-0.041278,0.153846
4.568316,0.049595,0.007439,-0.042156,0.153846
4.578378,0.050473,0.007439,-0.043034,0.153846
4.588431,0.051350,0.007439,-0.043912,0.153846
4.598484,0.052228,0.007439,-0.044789,0.153846
4.608538,0.053105,0.007439,-0.045666,0.153846
4.618588,0.053982,0.007439,-0.046543,0.153846
4.628649,0.054860,0.007439,-0.047421,0.153846
4.638713,0.055738,0.007439,-0.048299,0.153846
4.648772,0.056616,0.007439,-0.049177,0.153846
4.658835,0.057494,0.007439,-0.050055,0.153846
4.668899,0.058372,0.007439,-0.050934,0.153846
4.678960,0.059250,0.007439,-0.051812,0.153846
4.689021,0.060128,0.007439,-0.052690,0.153846
4.699061,0.061005,0.007439,-0.053566,0.153846
4.709126,0.061883,0.007439,-0.054444,0.153846
4.719185,0.062761,0.007439,-0.055322,0.153846
4.729239,0.063638,0.007439,-0.056199,0.153846
4.739293,0.064515,0.007439,-0.057077,0.153846
4.749345,0.065393,0.007439,-0.057954,0.153846
4.759401,0.066270,0.007439,-0.058831,0.153846
4.769460,0.067148,0.007439,-0.059709,0.153846
4.779523,0.068026,0.007439,-0.060587,0.153846
4.789586,0.068904,0.007439,-0.061466,0.153846
4.799646,0.069782,0.007439,-0.062344,0.153846
4.809713,0.070661,0.007439,-0.063222,0.153846
4.819777,0.071539,0.007439,-0.064100,0.153846
4.829840,0.072417,0.007439,-0.064978,0.153846
4.839904,0.073295,0.007439,-0.065857,0.153846
4.849963,0.074173,0.007439,-0.066734,0.153846
4.860026,0.075051,0.007439,-0.067613,0.153846
4.870087,0.075929,0.007439,-0.068491,0.153846
4.880148,0.076807,0.007439,-0.069369,0.153846
4.890232,0.077687,0.007439,-0.070249,0.153846
4.900287,0.078565,0.007439,-0.071126,0.153846
4.910342,0.079442,0.007439,-0.072004,0.153846
4.920402,0.080320,0.007439,-0.072881,0.153846
4.930461,0.081198,0.007439,-0.073759,0.153846
4.940523,0.082076,0.007439,-0.074637,0.153846
4.950582,0.082954,0.007439,-0.075515,0.153846
4.960645,0.083832,0.007439,-0.076393,0.153846
4.970709,0.084710,0.007439,-0.077272,0.153846
4.980768,0.085588,0.028420,-0.057168,0.173382
4.990829,0.086466,0.032235,-0.054231,0.129426
5.000889,0.087344,0.032235,-0.055109,0.129426
5.010953,0.088222,0.032235,-0.055988,0.129426
5.021016,0.089100,0.032235,-0.056866,0.129426
5.031075,0.089978,0.032235,-0.057744,0.129426
5.041138,0.090856,0.032235,-0.058622,0.129426
5.051198,0.091734,0.032235,-0.059500,0.129426
5.061260,0.092612,0.032235,-0.060378,0.129426
5.071322,0.093491,0.032235,-0.061256,0.129426
5.081383,0.094368,0.032235,-0.062134,0.129426
5.091446,0.095247,0.032235,-0.063012,0.129426
5.101506,0.096125,0.032235,-0.063890,0.129426
5.111570,0.097003,0.055505,-0.041498,0.217338
5.121634,0.097881,0.055505,-0.042376,0.217338
5.131697,0.098759,0.055505,-0.043255,0.217338
5.141756,0.099637,0.055505,-0.044132,0.217338
5.151818,0.100515,0.055505,-0.045010,0.217338
5.161879,0.101393,0.055505,-0.045888,0.217338
5.171940,0.102271,0.066186,-0.036085,0.124542
5.181999,0.103149,0.066186,-0.036963,0.124542
5.192063,0.104027,0.066186,-0.037841,0.124542
5.202131,0.104906,0.066186,-0.038720,0.124542
5.212195,0.105784,0.066186,-0.039598,0.124542
5.222249,0.106661,0.066186,-0.040475,0.124542
5.232308,0.107539,0.066186,-0.041353,0.124542
5.242370,0.108417,0.066186,-0.042231,0.124542
5.252434,0.109295,0.066186,-0.043109,0.124542
5.262495,0.110173,0.066186,-0.043987,0.124542
5.272553,0.111051,0.066186,-0.044865,0.124542
5.282614,0.111929,0.066186,-0.045743,0.124542
5.292673,0.112807,0.066186,-0.046621,0.124542
5.302734,0.113685,0.081827,-0.031858,0.173382
5.312797,0.114563,0.081827,-0.032737,0.173382
5.322858,0.115441,0.081827,-0.033615,0.173382
5.332920,0.116319,0.081827,-0.034493,0.173382
5.342985,0.117198,0.081827,-0.035371,0.173382
5.353037,0.118075,0.081827,-0.036248,0.173382
5.363091,0.118952,0.081827,-0.037126,0.173382
5.373150,0.119830,0.081827,-0.038003,0.173382
5.383210,0.120708,0.081827,-0.038881,0.173382
5.393271,0.121586,0.081827,-0.039759,0.173382
5.403337,0.122464,0.081827,-0.040638,0.173382
5.413400,0.123342,0.081827,-0.041516,0.173382
5.423461,0.124220,0.081827,-0.042394,0.173382
5.433521,0.125098,0.081827,-0.043272,0.173382
5.443577,0.125976,0.081827,-0.044149,0.173382
5.453639,0.126854,0.081827,-0.045027,0.173382
5.463703,0.127732,0.081827,-0.045906,0.173382
5.473767,0.128610,0.081827,-0.046784,0.173382
5.483819,0.129488,0.081827,-0.047661,0.173382
5.493874,0.130365,0.081827,-0.048539,0.173382
5.503926,0.131242,0.098993,-0.032249,0.139194
5.513989,0.132120,0.098993,-0.033128,0.139194
5.524050,0.132998,0.098993,-0.034006,0.139194
5.534114,0.133877,0.098993,-0.034884,0.139194
5.544256,0.134762,0.098993,-0.035769,0.139194
5.554317,0.135640,0.098993,-0.036647,0.139194
5.564378,0.136518,0.098993,-0.037525,0.139194
5.574439,0.137396,0.098993,-0.038403,0.139194
5.584501,0.138274,0.098993,-0.039281,0.139194
5.594562,0.139152,0.098993,-0.040159,0.139194
5.604615,0.140029,0.098993,-0.041036,0.139194
5.614676,0.140907,0.098993,-0.041914,0.139194
5.624738,0.141785,0.098993,-0.042792,0.139194
5.634797,0.142663,0.098993,-0.043670,0.139194
5.644855,0.143541,0.098993,-0.044548,0.139194
5.654919,0.144419,0.098993,-0.045426,0.139194
5.664978,0.145297,0.098993,-0.046304,0.139194
5.675042,0.146175,0.098993,-0.047182,0.139194
5.685101,0.147053,0.098993,-0.048060,0.139194
5.695155,0.147930,0.098993,-0.048937,0.139194
5.705210,0.148808,0.098993,-0.049815,0.139194
5.715261,0.149685,0.098993,-0.050692,0.139194
5.725312,0.150562,0.098993,-0.051569,0.139194
5.735373,0.151440,0.098993,-0.052447,0.139194
5.745430,0.152317,0.098993,-0.053325,0.139194
5.755489,0.153195,0.098993,-0.054202,0.139194
5.765552,0.154073,0.098993,-0.055081,0.139194
5.775615,0.154952,0.098993,-0.055959,0.139194
5.785674,0.155829,0.098993,-0.056837,0.139194
5.795736,0.156708,0.098993,-0.057715,0.139194
5.805803,0.157586,0.098993,-0.058593,0.139194
5.815862,0.158464,0.098993,-0.059471,0.139194
5.825922,0.159342,0.098993,-0.060349,0.139194
5.835978,0.160219,0.098993,-0.061226,0.139194
5.846028,0.161096,0.098993,-0.062103,0.139194
5.856086,0.161974,0.098993,-0.062981,0.139194
5.866151,0.162852,0.098993,-0.063859,0.139194
5.876214,0.163731,0.098993,-0.064738,0.139194
5.886278,0.164609,0.098993,-0.065616,0.139194
5.896338,0.165487,0.098993,-0.066494,0.139194
5.906401,0.166365,0.098993,-0.067372,0.139194
5.916464,0.167243,0.098993,-0.068250,0.139194
5.926526,0.168121,0.098993,-0.069128,0.139194
5.936588,0.168999,0.098993,-0.070006,0.139194
5.946650,0.169877,0.098993,-0.070884,0.139194
5.956710,0.170755,0.098993,-0.071762,0.139194
5.966773,0.171633,0.098993,-0.072640,0.139194
5.976833,0.172511,0.121881,-0.050630,0.148962
5.987003,0.173399,0.121881,-0.051517,0.148962
5.997065,0.174277,0.121881,-0.052395,0.148962
6.007129,0.175155,0.121881,-0.053274,0.148962
6.017194,0.176033,0.121881,-0.054152,0.148962
6.027254,0.176911,0.121881,-0.055030,0.148962
6.037317,0.177789,0.121881,-0.055908,0.148962
6.047379,0.178668,0.121881,-0.056786,0.148962
6.057441,0.179546,0.121881,-0.057664,0.148962
6.067502,0.180424,0.121881,-0.058542,0.148962
6.077567,0.181302,0.121881,-0.059421,0.148962
6.087628,0.182180,0.121881,-0.060298,0.148962
6.097691,0.183058,0.121881,-0.061177,0.148962
6.107751,0.183936,0.121881,-0.062055,0.148962
6.117813,0.184814,0.121881,-0.062933,0.148962
6.127875,0.185692,0.121881,-0.063811,0.148962
6.137929,0.186570,0.121881,-0.064688,0.148962
6.147983,0.187447,0.121881,-0.065565,0.148962
6.158034,0.188324,0.121881,-0.066443,0.148962
6.168098,0.189202,0.121881,-0.067321,0.148962
6.178158,0.190080,0.121881,-0.068199,0.148962
6.188221,0.190958,0.121881,-0.069077,0.148962
6.198284,0.191836,0.121881,-0.069955,0.148962
6.208345,0.192714,0.121881,-0.070833,0.148962
6.218406,0.193592,0.121881,-0.071711,0.148962
6.228460,0.194470,0.121881,-0.072588,0.148962
6.238521,0.195348,0.121881,-0.073466,0.148962
6.248584,0.196226,0.121881,-0.074345,0.148962
6.258646,0.197104,0.121881,-0.075223,0.148962
6.268707,0.197982,0.121881,-0.076101,0.148962
6.278770,0.198860,0.121881,-0.076979,0.148962
6.288835,0.199739,0.121881,-0.077857,0.148962
6.298900,0.200617,0.121881,-0.078735,0.148962
6.308960,0.201495,0.121881,-0.079613,0.148962
6.319022,0.202373,0.121881,-0.080491,0.148962
6.329082,0.203251,0.121881,-0.081369,0.148962
6.339143,0.204129,0.159266,-0.044863,0.183150
6.349203,0.205007,0.159266,-0.045741,0.183150
6.359264,0.205885,0.159266,-0.046619,0.183150
6.369327,0.206763,0.159266,-0.047497,0.183150
6.379388,0.207641,0.159266,-0.048375,0.183150
6.389447,0.208519,0.159266,-0.049253,0.183150
6.399510,0.209397,0.159266,-0.050131,0.183150
6.409572,0.210275,0.172618,-0.037657,0.109890
6.419632,0.211153,0.172618,-0.038535,0.109890
6.429691,0.212031,0.172618,-0.039413,0.109890
6.439751,0.212908,0.172618,-0.040291,0.109890
6.449815,0.213787,0.172618,-0.041169,0.109890
6.459874,0.214665,0.172618,-0.042047,0.109890
6.469936,0.215543,0.172618,-0.042925,0.109890
6.479989,0.216420,0.182155,-0.034265,0.207570
6.490048,0.217298,0.182155,-0.035143,0.207570
6.500111,0.218176,0.182155,-0.036021,0.207570
6.510176,0.219054,0.182155,-0.036900,0.207570
6.520236,0.219932,0.182155,-0.037777,0.207570
6.530296,0.220810,0.182155,-0.038655,0.207570
6.540356,0.221688,0.182155,-0.039533,0.207570
6.550416,0.222566,0.182155,-0.040411,0.207570
6.560478,0.223444,0.182155,-0.041289,0.207570
6.570539,0.224322,0.182155,-0.042167,0.207570
6.580598,0.225200,0.182155,-0.043045,0.207570
6.590659,0.226078,0.182155,-0.043923,0.207570
6.600717,0.226955,0.196269,-0.030686,0.139194
6.610780,0.227834,0.196269,-0.031564,0.139194
6.620844,0.228712,0.198558,-0.030154,0.144078
6.630904,0.229590,0.198558,-0.031032,0.144078
6.641060,0.230476,0.198558,-0.031918,0.144078
6.651121,0.231354,0.198558,-0.032796,0.144078
6.661184,0.232232,0.198558,-0.033674,0.144078
6.671243,0.233110,0.198558,-0.034552,0.144078
6.681306,0.233988,0.198558,-0.035430,0.144078
6.691367,0.234866,0.198558,-0.036308,0.144078
6.701421,0.235743,0.198558,-0.037185,0.144078
6.711484,0.236622,0.198558,-0.038064,0.144078
6.721545,0.237500,0.198558,-0.038942,0.144078
6.731606,0.238378,0.198558,-0.039820,0.144078
6.741669,0.239256,0.210002,-0.029253,0.095238
6.751727,0.240134,0.210002,-0.030131,0.095238
6.761790,0.241012,0.210002,-0.031009,0.095238
6.771849,0.241889,0.210002,-0.031887,0.095238
6.781910,0.242767,0.210002,-0.032765,0.095238
6.791970,0.243645,0.210002,-0.033643,0.095238
6.802032,0.244523,0.210002,-0.034521,0.095238
6.812091,0.245401,0.210002,-0.035399,0.095238
6.822151,0.246279,0.218395,-0.027884,0.100122
6.832214,0.247157,0.218395,-0.028763,0.100122
6.842277,0.248035,0.218395,-0.029641,0.100122
6.852331,0.248913,0.218395,-0.030518,0.100122
6.862394,0.249791,0.218395,-0.031396,0.100122
6.872456,0.250669,0.218395,-0.032274,0.100122
6.882516,0.251547,0.218395,-0.033152,0.100122
6.892575,0.252425,0.218395,-0.034030,0.100122
6.902636,0.253303,0.218395,-0.034908,0.100122
6.912692,0.254180,0.218395,-0.035786,0.100122
6.922757,0.255059,0.218395,-0.036664,0.100122
6.932816,0.255936,0.218395,-0.037542,0.100122
6.942842,0.256811,0.218395,-0.038417,0.100122
6.952904,0.257689,0.218395,-0.039295,0.100122
6.962969,0.258568,0.218395,-0.040173,0.100122
6.973030,0.259446,0.218395,-0.041051,0.100122
6.983072,0.260322,0.218395,-0.041927,0.100122
6.993135,0.261200,0.229839,-0.031361,0.212454
7.003194,0.261521,0.229839,-0.031682,0.212454
7.013258,0.260642,0.229839,-0.030803,0.212454
7.023321,0.259764,0.233272,-0.026492,0.114774
7.033384,0.258886,0.233272,-0.025614,0.114774
7.043448,0.258008,0.233272,-0.024736,0.114774
7.053510,0.257130,0.233272,-0.023857,0.114774
7.063607,0.256249,0.233272,-0.022976,0.114774
7.073667,0.255371,0.233272,-0.022098,0.114774
7.083729,0.254493,0.233272,-0.021220,0.114774
7.093793,0.253614,0.233272,-0.020342,0.114774
7.103854,0.252736,0.233272,-0.019464,0.114774
7.113916,0.251858,0.233272,-0.018586,0.114774
7.123978,0.250980,0.233272,-0.017708,0.114774
7.134041,0.250102,0.233272,-0.016830,0.114774
7.144104,0.249224,0.233272,-0.015952,0.114774
7.154166,0.248346,0.233272,-0.015074,0.114774
7.164227,0.247468,0.233272,-0.014196,0.114774
7.174289,0.246590,0.233272,-0.013318,0.114774
7.184354,0.245711,0.233272,-0.012439,0.114774
7.194419,0.244833,0.233272,-0.011561,0.114774
7.204479,0.243955,0.233272,-0.010683,0.114774
7.214543,0.243077,0.233272,-0.009805,0.114774
7.224587,0.242200,0.233272,-0.008928,0.114774
7.234646,0.241323,0.233272,-0.008050,0.114774
7.244708,0.240445,0.233272,-0.007172,0.114774
7.254767,0.239567,0.233272,-0.006295,0.114774
7.264829,0.238689,0.233272,-0.005416,0.114774
7.274890,0.237811,0.233272,-0.004538,0.114774
7.284951,0.236933,0.233272,-0.003660,0.114774
7.295009,0.236055,0.233272,-0.002783,0.114774
7.305079,0.235176,0.233272,-0.001904,0.114774
7.315141,0.234298,0.233272,-0.001026,0.114774
7.325203,0.233420,0.233272,-0.000148,0.114774
7.335267,0.232542,0.233272,0.000730,0.114774
7.345328,0.231664,0.233272,0.001608,0.114774
7.355388,0.230786,0.233272,0.002486,0.114774
7.365449,0.229908,0.233272,0.003364,0.114774
7.375509,0.229030,0.233272,0.004242,0.114774
7.385568,0.228152,0.233272,0.005120,0.114774
7.395631,0.227274,0.233272,0.005998,0.114774
7.405691,0.226396,0.233272,0.006876,0.114774
7.415751,0.225518,0.233272,0.007754,0.114774
7.425811,0.224640,0.233272,0.008632,0.114774
7.435874,0.223762,0.233272,0.009510,0.114774
7.445928,0.222885,0.252346,0.029461,0.061050
7.455987,0.222007,0.252346,0.030339,0.061050
7.466049,0.221129,0.252346,0.031217,0.061050
7.476110,0.220251,0.252346,0.032095,0.061050
7.486172,0.219373,0.252346,0.032973,0.061050
7.496235,0.218495,0.252346,0.033851,0.061050
7.506303,0.217616,0.252346,0.034730,0.061050
7.516367,0.216738,0.252346,0.035608,0.061050
7.526426,0.215860,0.252346,0.036486,0.061050
7.536487,0.214982,0.243572,0.028590,-0.134310
7.546548,0.214104,0.243572,0.029468,-0.134310
7.556600,0.213227,0.243572,0.030345,-0.134310
7.566660,0.212349,0.243572,0.031223,-0.134310
7.576720,0.211471,0.243572,0.032101,-0.134310
7.586779,0.210593,0.243572,0.032979,-0.134310
7.596841,0.209715,0.243572,0.033857,-0.134310
7.606895,0.208838,0.243572,0.034734,-0.134310
7.616955,0.207960,0.243572,0.035612,-0.134310
7.627016,0.207082,0.243572,0.036490,-0.134310
7.637076,0.206204,0.243572,0.037368,-0.134310
7.647139,0.205326,0.243572,0.038246,-0.134310
7.657197,0.204448,0.243572,0.039124,-0.134310
7.667260,0.203570,0.243572,0.040002,-0.134310
7.677319,0.202692,0.243572,0.040880,-0.134310
7.687380,0.201814,0.243572,0.041758,-0.134310
7.697432,0.200937,0.243572,0.042635,-0.134310
7.707488,0.200059,0.243572,0.043513,-0.134310
7.717647,0.199173,0.243572,0.044399,-0.134310
7.727697,0.198296,0.243572,0.045276,-0.134310
7.737756,0.197418,0.243572,0.046154,-0.134310
7.747819,0.196540,0.243572,0.047032,-0.134310
7.757880,0.195662,0.243572,0.047910,-0.134310
7.767941,0.194784,0.243572,0.048788,-0.134310
7.778002,0.193906,0.225261,0.031355,-0.158730
7.788064,0.193028,0.225261,0.032233,-0.158730
7.798126,0.192150,0.225261,0.033112,-0.158730
7.808188,0.191272,0.225261,0.033990,-0.158730
7.818249,0.190394,0.225261,0.034868,-0.158730
7.828307,0.189516,0.225261,0.035745,-0.158730
7.838368,0.188638,0.225261,0.036623,-0.158730
7.848427,0.187760,0.225261,0.037501,-0.158730
7.858484,0.186883,0.225261,0.038379,-0.158730
7.868543,0.186005,0.225261,0.039257,-0.158730
7.878602,0.185127,0.213436,0.028309,-0.192918
7.888662,0.184249,0.213436,0.029187,-0.192918
7.898724,0.183371,0.213436,0.030065,-0.192918
7.908790,0.182493,0.213436,0.030943,-0.192918
7.918852,0.181614,0.213436,0.031821,-0.192918
7.928970,0.180731,0.213436,0.032704,-0.192918
7.939029,0.179854,0.213436,0.033582,-0.192918
7.949088,0.178976,0.213436,0.034460,-0.192918
7.959151,0.178098,0.213436,0.035338,-0.192918
7.969214,0.177219,0.202754,0.025535,-0.061050
7.979277,0.176341,0.202754,0.026413,-0.061050
7.989335,0.175464,0.202754,0.027291,-0.061050
7.999397,0.174586,0.202754,0.028169,-0.061050
8.009464,0.173707,0.202754,0.029047,-0.061050
8.019528,0.172829,0.202754,0.029925,-0.061050
8.029588,0.171951,0.202754,0.030803,-0.061050
8.039647,0.171073,0.202754,0.031681,-0.061050
8.049708,0.170195,0.202754,0.032559,-0.061050
8.059767,0.169317,0.202754,0.033437,-0.061050
8.069829,0.168439,0.202754,0.034315,-0.061050
8.079892,0.167561,0.202754,0.035193,-0.061050
8.089951,0.166683,0.202754,0.036071,-0.061050
8.100012,0.165805,0.202754,0.036949,-0.061050
8.110079,0.164927,0.202754,0.037828,-0.061050
8.120139,0.164049,0.202754,0.038705,-0.061050
8.130201,0.163171,0.202754,0.039584,-0.061050
8.140281,0.162291,0.202754,0.040463,-0.061050
8.150342,0.161413,0.202754,0.041341,-0.061050
8.160401,0.160535,0.202754,0.042219,-0.061050
8.170462,0.159657,0.202754,0.043097,-0.061050
8.180522,0.158779,0.202754,0.043975,-0.061050
8.190583,0.157901,0.202754,0.044853,-0.061050
8.200643,0.157024,0.202754,0.045731,-0.061050
8.210711,0.156145,0.202754,0.046609,-0.061050
8.220773,0.155267,0.202754,0.047487,-0.061050
8.230833,0.154389,0.202754,0.048365,-0.061050
8.240895,0.153511,0.202754,0.049243,-0.061050
8.250958,0.152633,0.202754,0.050122,-0.061050
8.261018,0.151755,0.202754,0.050999,-0.061050
8.271079,0.150877,0.202754,0.051877,-0.061050
8.281138,0.149999,0.202754,0.052755,-0.061050
8.291196,0.149121,0.202754,0.053633,-0.061050
8.301258,0.148243,0.202754,0.054511,-0.061050
8.311323,0.147365,0.202754,0.055389,-0.061050
8.321383,0.146487,0.202754,0.056267,-0.061050
8.331441,0.145609,0.202754,0.057145,-0.061050
8.341501,0.144731,0.202754,0.058023,-0.061050
8.351562,0.143853,0.202754,0.058901,-0.061050
8.361615,0.142976,0.202754,0.059778,-0.061050
8.371676,0.142098,0.202754,0.060656,-0.061050
8.381735,0.141220,0.202754,0.061534,-0.061050
8.391793,0.140343,0.202754,0.062412,-0.061050
8.401854,0.139465,0.202754,0.063290,-0.061050
8.411919,0.138586,0.202754,0.064168,-0.061050
8.421983,0.137708,0.202754,0.065046,-0.061050
8.432043,0.136830,0.183680,0.046850,-0.153846
8.442100,0.135952,0.183680,0.047728,-0.153846
8.452162,0.135074,0.183680,0.048606,-0.153846
8.462225,0.134196,0.183680,0.049484,-0.153846
8.472285,0.133318,0.174144,0.040825,-0.124542
8.482341,0.132441,0.174144,0.041703,-0.124542
8.492404,0.131563,0.174144,0.042581,-0.124542
8.502463,0.130685,0.174144,0.043459,-0.124542
8.512532,0.129806,0.174144,0.044337,-0.124542
8.522593,0.128928,0.174144,0.045216,-0.124542
8.532656,0.128050,0.174144,0.046094,-0.124542
8.542719,0.127172,0.174144,0.046972,-0.124542
8.552777,0.126294,0.174144,0.047850,-0.124542
8.562857,0.125414,0.174144,0.048729,-0.124542
8.572908,0.124537,0.174144,0.049606,-0.124542
8.582968,0.123659,0.174144,0.050484,-0.124542
8.593028,0.122781,0.174144,0.051362,-0.124542
8.603090,0.121903,0.153925,0.032022,-0.070818
8.613152,0.121025,0.153925,0.032900,-0.070818
8.623217,0.120147,0.153925,0.033778,-0.070818
8.633277,0.119269,0.153925,0.034656,-0.070818
8.643341,0.118391,0.153925,0.035535,-0.070818
8.653405,0.117513,0.153925,0.036413,-0.070818
8.663468,0.116634,0.153925,0.037291,-0.070818
8.673528,0.115757,0.145151,0.029395,-0.207570
8.683591,0.114878,0.145151,0.030273,-0.207570
8.693651,0.114000,0.145151,0.031151,-0.207570
8.703704,0.113123,0.145151,0.032028,-0.207570
8.713766,0.112245,0.145151,0.032906,-0.207570
8.723826,0.111367,0.145151,0.033784,-0.207570
8.733889,0.110489,0.145151,0.034662,-0.207570
8.743952,0.109611,0.145151,0.035541,-0.207570
8.754012,0.108733,0.145151,0.036419,-0.207570
8.764076,0.107855,0.145151,0.037297,-0.207570
8.774141,0.106976,0.145151,0.038175,-0.207570
8.784206,0.106098,0.145151,0.039053,-0.207570
8.794309,0.105216,0.145151,0.039935,-0.207570
8.804371,0.104338,0.145151,0.040813,-0.207570
8.814434,0.103460,0.145151,0.041691,-0.207570
8.824499,0.102582,0.145151,0.042570,-0.207570
8.834559,0.101704,0.145151,0.043448,-0.207570
8.844621,0.100826,0.145151,0.044326,-0.207570
8.854681,0.099948,0.145151,0.045204,-0.207570
8.864745,0.099070,0.145151,0.046082,-0.207570
8.874808,0.098191,0.145151,0.046960,-0.207570
8.884867,0.097314,0.145151,0.047838,-0.207570
8.894929,0.096436,0.145151,0.048716,-0.207570
8.904990,0.095558,0.145151,0.049594,-0.207570
8.915051,0.094680,0.145151,0.050472,-0.207570
8.925114,0.093801,0.145151,0.051350,-0.207570
8.935173,0.092924,0.145151,0.052228,-0.207570
8.945234,0.092046,0.145151,0.053106,-0.207570
8.955294,0.091168,0.145151,0.053984,-0.207570
8.965352,0.090290,0.145151,0.054861,-0.207570
8.975415,0.089412,0.145151,0.055740,-0.207570
8.985478,0.088534,0.145151,0.056618,-0.207570
8.995539,0.087656,0.145151,0.057496,-0.207570
9.005647,0.086774,0.145151,0.058378,-0.207570
9.015709,0.085896,0.145151,0.059256,-0.207570
9.025769,0.085018,0.145151,0.060134,-0.207570
9.035829,0.084140,0.145151,0.061012,-0.207570
9.045888,0.083262,0.145151,0.061889,-0.207570
9.055950,0.082384,0.145151,0.062768,-0.207570
9.066009,0.081506,0.145151,0.063645,-0.207570
9.076071,0.080628,0.145151,0.064523,-0.207570
9.086128,0.079750,0.145151,0.065401,-0.207570
9.096192,0.078872,0.145151,0.066279,-0.207570
9.106262,0.077993,0.145151,0.067158,-0.207570
9.116323,0.077115,0.145151,0.068036,-0.207570
9.126386,0.076237,0.145151,0.068914,-0.207570
9.136444,0.075360,0.145151,0.069792,-0.207570
9.146505,0.074482,0.145151,0.070670,-0.207570
9.156565,0.073604,0.145151,0.071548,-0.207570
9.166624,0.072726,0.145151,0.072426,-0.207570
9.176682,0.071848,0.145151,0.073303,-0.207570
9.186744,0.070970,0.145151,0.074181,-0.207570
9.196802,0.070092,0.145151,0.075059,-0.207570
9.206871,0.069214,0.145151,0.075938,-0.207570
9.216935,0.068335,0.145151,0.076816,-0.207570
9.226997,0.067457,0.145151,0.077694,-0.207570
9.237059,0.066579,0.145151,0.078572,-0.207570
9.247122,0.065701,0.145151,0.079450,-0.207570
9.257183,0.064823,0.145151,0.080328,-0.207570
9.267245,0.063945,0.145151,0.081206,-0.207570
9.277304,0.063067,0.145151,0.082084,-0.207570
9.287366,0.062189,0.145151,0.082962,-0.207570
9.297427,0.061311,0.145151,0.083840,-0.207570
9.307496,0.060432,0.145151,0.084719,-0.207570
9.317557,0.059554,0.145151,0.085597,-0.207570
9.327619,0.058676,0.145151,0.086475,-0.207570
9.337680,0.057798,0.145151,0.087353,-0.207570
9.347740,0.056920,0.145151,0.088231,-0.207570
9.357800,0.056043,0.145151,0.089109,-0.207570
9.367860,0.055165,0.145151,0.089987,-0.207570
9.377920,0.054287,0.145151,0.090865,-0.207570
9.387972,0.053409,0.145151,0.091742,-0.207570
9.398033,0.052532,0.145151,0.092620,-0.207570
9.408102,0.051653,0.145151,0.093499,-0.207570
9.418163,0.050775,0.145151,0.094377,-0.207570
9.428225,0.049897,0.145151,0.095255,-0.207570
9.438285,0.049019,0.145151,0.096133,-0.207570
9.448338,0.048142,0.145151,0.097010,-0.207570
9.458397,0.047264,0.145151,0.097888,-0.207570
9.468459,0.046386,0.145151,0.098766,-0.207570
9.478514,0.045508,0.145151,0.099643,-0.207570
9.488574,0.044630,0.145151,0.100521,-0.207570
9.498636,0.043752,0.145151,0.101399,-0.207570
9.508705,0.042874,0.121500,0.078626,-0.407814
9.518767,0.041995,0.117685,0.075690,-0.178266
9.528826,0.041118,0.117685,0.076568,-0.178266
9.538886,0.040240,0.117685,0.077445,-0.178266
9.548950,0.039362,0.117685,0.078324,-0.178266
9.559003,0.038484,0.117685,0.079201,-0.178266
9.569055,0.037607,0.117685,0.080078,-0.178266
9.579071,0.036733,0.094797,0.058064,-0.144078
9.589128,0.035855,0.094797,0.058941,-0.144078
9.599188,0.034977,0.094797,0.059819,-0.144078
9.609248,0.034100,0.094797,0.060697,-0.144078
9.619308,0.033222,0.094797,0.061575,-0.144078
9.629369,0.032344,0.094797,0.062453,-0.144078
9.639431,0.031466,0.094797,0.063331,-0.144078
9.649491,0.030588,0.094797,0.064209,-0.144078
9.659553,0.029710,0.094797,0.065087,-0.144078
9.669613,0.028832,0.094797,0.065965,-0.144078
9.679672,0.027954,0.094797,0.066843,-0.144078
9.689734,0.027076,0.094797,0.067721,-0.144078
9.699788,0.026198,0.094797,0.068598,-0.144078
9.709854,0.025320,0.094797,0.069477,-0.144078
9.719917,0.024442,0.094797,0.070355,-0.144078
9.729976,0.023564,0.094797,0.071233,-0.144078
9.740038,0.022686,0.094797,0.072111,-0.144078
9.750074,0.021810,0.094797,0.072987,-0.144078
9.760127,0.020933,0.094797,0.073864,-0.144078
9.770180,0.020056,0.094797,0.074741,-0.144078
9.780234,0.019178,0.094797,0.075618,-0.144078
9.790295,0.018300,0.094797,0.076496,-0.144078
9.800359,0.017422,0.094797,0.077375,-0.144078
9.810423,0.016544,0.094797,0.078253,-0.144078
9.820486,0.015666,0.094797,0.079131,-0.144078
9.830548,0.014787,0.052071,0.037284,-0.124542
9.840616,0.013909,0.050927,0.037018,-0.168498
9.850670,0.013031,0.050927,0.037896,-0.168498
9.860734,0.012153,0.050927,0.038774,-0.168498
9.870797,0.011275,0.050927,0.039652,-0.168498
9.880857,0.010397,0.050927,0.040530,-0.168498
9.890917,0.009519,0.050927,0.041408,-0.168498
9.900978,0.008641,0.050927,0.042286,-0.168498
9.911044,0.007763,0.050927,0.043164,-0.168498
9.921107,0.006885,0.050927,0.044042,-0.168498
9.931172,0.006006,0.050927,0.044921,-0.168498
9.941240,0.005128,0.050927,0.045799,-0.168498
9.951303,0.004250,0.050927,0.046677,-0.168498
9.961363,0.003372,0.033761,0.030389,-0.114774
9.971427,0.002494,0.033761,0.031267,-0.114774
9.981490,0.001615,0.030709,0.029093,-0.129426
9.991549,0.000737,0.030709,0.029971,-0.129426
10.001607,-0.000140,0.030709,0.030849,-0.129426
10.011675,-0.001019,0.030709,0.031728,-0.129426
10.021736,-0.001897,0.030709,0.032606,-0.129426
10.031797,-0.002775,0.030709,0.033484,-0.129426
10.041862,-0.003653,0.030709,0.034362,-0.129426
10.051923,-0.004531,0.030709,0.035240,-0.129426
10.061981,-0.005409,0.030709,0.036118,-0.129426
10.072042,-0.006287,0.030709,0.036996,-0.129426
10.082160,-0.007170,0.030709,0.037879,-0.129426
10.092223,-0.008048,0.030709,0.038757,-0.129426
10.102288,-0.008926,0.030709,0.039635,-0.129426
10.112355,-0.009805,0.030709,0.040514,-0.129426
10.122420,-0.010683,0.030709,0.041392,-0.129426
10.132480,-0.011561,0.030709,0.042270,-0.129426
10.142542,-0.012439,0.030709,0.043148,-0.129426
10.152602,-0.013317,0.030709,0.044026,-0.129426
10.162664,-0.014195,0.030709,0.044904,-0.129426
10.172724,-0.015073,0.030709,0.045782,-0.129426
10.182784,-0.015951,0.030709,0.046660,-0.129426
10.192843,-0.016829,0.030709,0.047538,-0.129426
10.202906,-0.017707,0.030709,0.048416,-0.129426
10.212972,-0.018585,0.030709,0.049294,-0.129426
10.223032,-0.019463,0.030709,0.050172,-0.129426
10.233094,-0.020341,0.011635,0.031976,-0.085470
10.243161,-0.021220,0.011635,0.032855,-0.085470
10.253220,-0.022098,0.008202,0.030299,-0.109890
10.263282,-0.022976,0.008202,0.031177,-0.109890
10.273343,-0.023854,0.008202,0.032055,-0.109890
10.283405,-0.024732,0.008202,0.032933,-0.109890
10.293463,-0.025609,0.008202,0.033811,-0.109890
10.303524,-0.026487,0.001717,0.028204,-0.153846
10.313665,-0.027372,0.001717,0.029089,-0.153846
10.323727,-0.028251,0.001717,0.029967,-0.153846
10.333793,-0.029129,0.001717,0.030846,-0.153846
10.343859,-0.030007,0.001717,0.031724,-0.153846
10.353919,-0.030885,0.001717,0.032602,-0.153846
10.363980,-0.031763,0.001717,0.033480,-0.153846
10.374038,-0.032641,0.001717,0.034358,-0.153846
10.384101,-0.033519,0.001717,0.035236,-0.153846
10.394164,-0.034397,0.001717,0.036114,-0.153846
10.404224,-0.035275,0.001717,0.036992,-0.153846
10.414288,-0.036153,0.001717,0.037870,-0.153846
10.424352,-0.037032,0.001717,0.038748,-0.153846
10.434416,-0.037910,0.001717,0.039627,-0.153846
10.444473,-0.038788,0.001717,0.040504,-0.153846
10.454533,-0.039665,0.001717,0.041382,-0.153846
10.464593,-0.040543,0.001717,0.042260,-0.153846
10.474652,-0.041421,0.001717,0.043138,-0.153846
10.484703,-0.042298,-0.013161,0.029137,-0.192918
10.494764,-0.043176,-0.013161,0.030015,-0.192918
10.504825,-0.044054,-0.013161,0.030893,-0.192918
10.514878,-0.044932,-0.013161,0.031771,-0.192918
10.524953,-0.045811,-0.013161,0.032650,-0.192918
10.535007,-0.046688,-0.013161,0.033527,-0.192918
10.545064,-0.047566,-0.013161,0.034405,-0.192918
10.555116,-0.048443,-0.013161,0.035282,-0.192918
10.565169,-0.049320,-0.013161,0.036159,-0.192918
10.575220,-0.050197,-0.013161,0.037036,-0.192918
10.585280,-0.051075,-0.013161,0.037914,-0.192918
10.595339,-0.051953,-0.013161,0.038792,-0.192918
10.605393,-0.052830,-0.013161,0.039670,-0.192918
10.615457,-0.053709,-0.013161,0.040548,-0.192918
10.625521,-0.054587,-0.013161,0.041426,-0.192918
10.635580,-0.055465,-0.027276,0.028189,-0.183150
10.645642,-0.056343,-0.027276,0.029067,-0.183150
10.655701,-0.057221,-0.027276,0.029945,-0.183150
10.665762,-0.058099,-0.027276,0.030823,-0.183150
10.675821,-0.058977,-0.027276,0.031701,-0.183150
10.685880,-0.059854,-0.027276,0.032579,-0.183150
10.695943,-0.060732,-0.027276,0.033457,-0.183150
10.706001,-0.061610,-0.027276,0.034335,-0.183150
10.716061,-0.062488,-0.027276,0.035213,-0.183150
10.726114,-0.063365,-0.027276,0.036090,-0.183150
10.736173,-0.064243,-0.027276,0.036968,-0.183150
10.746232,-0.065121,-0.027276,0.037846,-0.183150
10.756341,-0.066003,-0.027276,0.038728,-0.183150
10.766401,-0.066881,-0.027276,0.039606,-0.183150
10.776461,-0.067759,-0.027276,0.040483,-0.183150
10.786522,-0.068637,-0.027276,0.041362,-0.183150
10.796582,-0.069515,-0.027276,0.042239,-0.183150
10.806649,-0.070393,-0.027276,0.043118,-0.183150
10.816711,-0.071271,-0.027276,0.043996,-0.183150
10.826772,-0.072149,-0.027276,0.044874,-0.183150
10.836833,-0.073027,-0.027276,0.045752,-0.183150
10.846895,-0.073905,-0.027276,0.046630,-0.183150
10.856959,-0.074784,-0.027276,0.047508,-0.183150
10.867018,-0.075662,-0.027276,0.048386,-0.183150
10.877080,-0.076540,-0.027276,0.049264,-0.183150
10.887140,-0.077418,-0.027276,0.050142,-0.183150
10.897203,-0.078296,-0.045586,0.032709,-0.168498
10.907272,-0.079174,-0.045586,0.033588,-0.168498
10.917334,-0.080053,-0.045586,0.034466,-0.168498
10.927393,-0.080930,-0.045586,0.035344,-0.168498
10.937454,-0.081808,-0.045586,0.036222,-0.168498
10.947515,-0.082686,-0.045586,0.037100,-0.168498
10.957576,-0.083564,-0.045586,0.037978,-0.168498
10.967637,-0.084442,-0.045586,0.038856,-0.168498
10.977698,-0.085320,-0.045586,0.039734,-0.168498
10.987757,-0.086198,-0.045586,0.040612,-0.168498
10.997818,-0.087076,-0.045586,0.041490,-0.168498
11.007879,-0.087954,-0.045586,0.042368,-0.168498
11.017942,-0.088832,-0.060464,0.028368,-0.129426
11.028006,-0.089710,-0.060464,0.029247,-0.129426
11.038065,-0.090588,-0.060464,0.030124,-0.129426
11.048122,-0.091466,-0.060464,0.031002,-0.129426
11.058182,-0.092344,-0.060464,0.031880,-0.129426
11.068246,-0.093222,-0.060464,0.032758,-0.129426
11.078307,-0.094100,-0.060464,0.033636,-0.129426
11.088368,-0.094978,-0.060464,0.034514,-0.129426
11.098430,-0.095856,-0.060464,0.035392,-0.129426
11.108498,-0.096735,-0.060464,0.036271,-0.129426
11.118560,-0.097613,-0.060464,0.037149,-0.129426
11.128624,-0.098491,-0.060464,0.038027,-0.129426
11.138687,-0.099369,-0.060464,0.038905,-0.129426
11.148749,-0.100247,-0.060464,0.039783,-0.129426
11.158809,-0.101125,-0.060464,0.040661,-0.129426
11.168873,-0.102003,-0.060464,0.041540,-0.129426
11.178933,-0.102881,-0.060464,0.042417,-0.129426
11.188995,-0.103759,-0.060464,0.043296,-0.129426
11.199056,-0.104637,-0.060464,0.044173,-0.129426
11.209124,-0.105516,-0.060464,0.045052,-0.129426
11.219185,-0.106394,-0.060464,0.045930,-0.129426
11.229249,-0.107272,-0.077630,0.029642,-0.114774
11.239309,-0.108150,-0.077630,0.030520,-0.114774
11.249371,-0.109028,-0.077630,0.031398,-0.114774
11.259430,-0.109906,-0.077630,0.032276,-0.114774
11.269492,-0.110784,-0.077630,0.033154,-0.114774
11.279551,-0.111662,-0.077630,0.034032,-0.114774
11.289611,-0.112540,-0.085641,0.026899,-0.090354
11.299672,-0.113418,-0.085641,0.027777,-0.090354
11.309741,-0.114296,-0.085641,0.028655,-0.090354
11.319803,-0.115175,-0.085641,0.029533,-0.090354
11.329861,-0.116052,-0.085641,0.030411,-0.090354
11.339921,-0.116930,-0.085641,0.031289,-0.090354
11.349984,-0.117808,-0.085641,0.032167,-0.090354
11.360044,-0.118686,-0.085641,0.033045,-0.090354
11.370103,-0.119564,-0.085641,0.033923,-0.090354
11.380153,-0.120441,-0.085641,0.034800,-0.090354
11.390207,-0.121318,-0.085641,0.035677,-0.090354
11.400267,-0.122196,-0.085641,0.036555,-0.090354
11.410336,-0.123075,-0.085641,0.037434,-0.090354
11.420398,-0.123953,-0.085641,0.038312,-0.090354
11.430459,-0.124831,-0.085641,0.039190,-0.090354
11.440518,-0.125709,-0.085641,0.040068,-0.090354
11.450581,-0.126587,-0.085641,0.040946,-0.090354
11.460641,-0.127465,-0.085641,0.041824,-0.090354
11.470704,-0.128343,-0.085641,0.042702,-0.090354
11.480762,-0.129221,-0.085641,0.043580,-0.090354
11.490824,-0.130099,-0.085641,0.044458,-0.090354
11.500885,-0.130977,-0.085641,0.045336,-0.090354
11.510950,-0.131855,-0.085641,0.046214,-0.090354
11.521013,-0.132733,-0.085641,0.047092,-0.090354
11.531064,-0.133610,-0.085641,0.047969,-0.090354
11.541117,-0.134488,-0.085641,0.048847,-0.090354
11.551171,-0.135365,-0.085641,0.049724,-0.090354
11.561224,-0.136242,-0.085641,0.050601,-0.090354
11.571276,-0.137120,-0.085641,0.051478,-0.090354
11.581328,-0.137997,-0.085641,0.052356,-0.090354
11.591378,-0.138874,-0.085641,0.053233,-0.090354
11.601429,-0.139751,-0.085641,0.054110,-0.090354
11.611487,-0.140629,-0.085641,0.054987,-0.090354
11.621547,-0.141507,-0.085641,0.055865,-0.090354
11.631608,-0.142385,-0.085641,0.056743,-0.090354
11.641668,-0.143263,-0.085641,0.057621,-0.090354
11.651731,-0.144141,-0.085641,0.058499,-0.090354
11.661793,-0.145019,-0.085641,0.059378,-0.090354
11.671854,-0.145897,-0.104715,0.041182,-0.105006
11.681913,-0.146775,-0.104715,0.042060,-0.105006
11.691973,-0.147653,-0.104715,0.042937,-0.105006
11.702036,-0.148531,-0.104715,0.043816,-0.105006
11.712061,-0.149405,-0.104715,0.044690,-0.105006
11.722123,-0.150284,-0.104715,0.045569,-0.105006
11.732186,-0.151162,-0.104715,0.046447,-0.105006
11.742250,-0.152040,-0.104715,0.047325,-0.105006
11.752314,-0.152918,-0.104715,0.048203,-0.105006
11.762377,-0.153796,-0.104715,0.049081,-0.105006
11.772438,-0.154674,-0.104715,0.049959,-0.105006
11.782502,-0.155553,-0.104715,0.050838,-0.105006
11.792563,-0.156431,-0.104715,0.051716,-0.105006
11.802627,-0.157309,-0.104715,0.052594,-0.105006
11.812691,-0.158187,-0.104715,0.053472,-0.105006
11.822755,-0.159065,-0.104715,0.054350,-0.105006
11.832808,-0.159943,-0.104715,0.055228,-0.105006
11.842870,-0.160821,-0.104715,0.056106,-0.105006
11.853042,-0.161708,-0.104715,0.056993,-0.105006
11.863107,-0.162587,-0.104715,0.057872,-0.105006
11.873165,-0.163465,-0.104715,0.058749,-0.105006
11.883226,-0.164342,-0.104715,0.059627,-0.105006
11.893287,-0.165220,-0.104715,0.060505,-0.105006
11.903346,-0.166098,-0.104715,0.061383,-0.105006
11.913409,-0.166976,-0.104715,0.062261,-0.105006
11.923470,-0.167854,-0.104715,0.063139,-0.105006
11.933532,-0.168732,-0.104715,0.064017,-0.105006
11.943585,-0.169610,-0.104715,0.064895,-0.105006
11.953645,-0.170488,-0.104715,0.065773,-0.105006
11.963706,-0.171366,-0.104715,0.066651,-0.105006
11.973766,-0.172244,-0.104715,0.067529,-0.105006
11.983828,-0.173122,-0.104715,0.068407,-0.105006
11.993880,-0.173999,-0.104715,0.069284,-0.105006
12.003943,-0.174877,-0.104715,0.070162,-0.105006
12.014007,-0.175755,-0.104715,0.071040,-0.105006
12.024072,-0.176634,-0.104715,0.071919,-0.105006
12.034134,-0.177512,-0.104715,0.072797,-0.105006
12.044193,-0.178389,-0.104715,0.073674,-0.105006
12.054256,-0.179268,-0.104715,0.074553,-0.105006
12.064339,-0.180148,-0.104715,0.075433,-0.105006
12.074400,-0.181026,-0.104715,0.076310,-0.105006
12.084453,-0.181903,-0.138666,0.043236,-0.129426
12.094506,-0.182780,-0.138666,0.044114,-0.129426
12.104568,-0.183658,-0.138666,0.044992,-0.129426
12.114633,-0.184537,-0.138666,0.045870,-0.129426
12.124700,-0.185415,-0.138666,0.046749,-0.129426
12.134761,-0.186293,-0.138666,0.047627,-0.129426
12.144826,-0.187171,-0.138666,0.048505,-0.129426
12.154885,-0.188049,-0.138666,0.049383,-0.129426
12.164945,-0.188927,-0.138666,0.050261,-0.129426
12.175007,-0.189805,-0.138666,0.051139,-0.129426
12.185071,-0.190683,-0.138666,0.052017,-0.129426
12.195132,-0.191561,-0.138666,0.052895,-0.129426
12.205196,-0.192440,-0.138666,0.053773,-0.129426
12.215256,-0.193318,-0.138666,0.054651,-0.129426
12.225317,-0.194196,-0.138666,0.055529,-0.129426
12.235378,-0.195074,-0.138666,0.056407,-0.129426
12.245438,-0.195951,-0.138666,0.057285,-0.129426
12.255499,-0.196829,-0.138666,0.058163,-0.129426
12.265559,-0.197707,-0.138666,0.059041,-0.129426
12.275632,-0.198586,-0.138666,0.059920,-0.129426
12.285696,-0.199465,-0.138666,0.060798,-0.129426
12.295760,-0.200343,-0.138666,0.061677,-0.129426
12.305822,-0.201221,-0.138666,0.062555,-0.129426
12.315883,-0.202099,-0.138666,0.063433,-0.129426
12.325942,-0.202977,-0.138666,0.064310,-0.129426
12.336004,-0.203855,-0.138666,0.065188,-0.129426
12.346063,-0.204733,-0.138666,0.066066,-0.129426
12.356125,-0.205611,-0.138666,0.066944,-0.129426
12.366185,-0.206489,-0.138666,0.067822,-0.129426
12.376246,-0.207367,-0.138666,0.068700,-0.129426
12.386307,-0.208245,-0.169184,0.039060,-0.217338
12.396370,-0.209123,-0.169184,0.039938,-0.217338
12.406433,-0.210001,-0.169184,0.040817,-0.217338
12.416497,-0.210879,-0.169184,0.041695,-0.217338
12.426557,-0.211757,-0.169184,0.042573,-0.217338
12.436618,-0.212635,-0.169184,0.043451,-0.217338
12.446678,-0.213513,-0.169184,0.044329,-0.217338
12.456742,-0.214391,-0.169184,0.045207,-0.217338
12.466805,-0.215269,-0.169184,0.046085,-0.217338
12.476867,-0.216147,-0.169184,0.046963,-0.217338
12.486920,-0.217025,-0.169184,0.047840,-0.217338
12.496984,-0.217903,-0.169184,0.048719,-0.217338
12.507045,-0.218781,-0.169184,0.049597,-0.217338
12.517106,-0.219659,-0.169184,0.050475,-0.217338
12.527166,-0.220537,-0.169184,0.051352,-0.217338
12.537227,-0.221415,-0.169184,0.052230,-0.217338
12.547281,-0.222292,-0.169184,0.053108,-0.217338
12.557331,-0.223169,-0.169184,0.053985,-0.217338
12.567387,-0.224047,-0.169184,0.054862,-0.217338
12.577450,-0.224925,-0.169184,0.055741,-0.217338
12.587512,-0.225803,-0.169184,0.056619,-0.217338
12.597572,-0.226681,-0.169184,0.057496,-0.217338
12.607631,-0.227559,-0.169184,0.058374,-0.217338
12.617693,-0.228437,-0.169184,0.059252,-0.217338
12.627756,-0.229315,-0.169184,0.060131,-0.217338
12.637817,-0.230193,-0.169184,0.061009,-0.217338
12.647877,-0.231071,-0.169184,0.061886,-0.217338
12.657937,-0.231949,-0.169184,0.062764,-0.217338
12.668000,-0.232827,-0.169184,0.063643,-0.217338
12.678064,-0.233705,-0.169184,0.064521,-0.217338
12.688125,-0.234583,-0.169184,0.065399,-0.217338
12.698178,-0.235460,-0.169184,0.066276,-0.217338
12.708231,-0.236338,-0.169184,0.067153,-0.217338
12.718292,-0.237216,-0.169184,0.068031,-0.217338
12.728354,-0.238094,-0.169184,0.068909,-0.217338
12.738412,-0.238972,-0.169184,0.069787,-0.217338
12.748472,-0.239849,-0.169184,0.070665,-0.217338
12.758531,-0.240727,-0.169184,0.071543,-0.217338
12.768584,-0.241605,-0.169184,0.072420,-0.217338
12.778648,-0.242483,-0.169184,0.073298,-0.217338
12.788713,-0.243361,-0.169184,0.074177,-0.217338
12.798775,-0.244239,-0.169184,0.075055,-0.217338
12.808838,-0.245117,-0.169184,0.075933,-0.217338
12.818902,-0.245996,-0.169184,0.076811,-0.217338
12.828966,-0.246874,-0.169184,0.077689,-0.217338
12.838997,-0.247749,-0.169184,0.078565,-0.217338
12.849061,-0.248627,-0.169184,0.079443,-0.217338
12.859122,-0.249505,-0.169184,0.080321,-0.217338
12.869184,-0.250384,-0.169184,0.081199,-0.217338
12.879247,-0.251262,-0.169184,0.082077,-0.217338
12.889305,-0.252139,-0.169184,0.082955,-0.217338
12.899369,-0.253018,-0.169184,0.083833,-0.217338
12.909436,-0.253896,-0.169184,0.084712,-0.217338
12.919497,-0.254774,-0.201991,0.052783,-0.163614
12.929557,-0.255652,-0.201991,0.053661,-0.163614
12.939618,-0.256530,-0.201991,0.054539,-0.163614
12.949685,-0.257409,-0.201991,0.055417,-0.163614
12.959744,-0.258286,-0.201991,0.056295,-0.163614
12.969807,-0.259165,-0.201991,0.057173,-0.163614
12.979866,-0.260042,-0.201991,0.058051,-0.163614
12.989928,-0.260920,-0.201991,0.058929,-0.163614
12.999987,-0.261798,-0.201991,0.059807,-0.163614
13.010054,-0.260922,-0.201991,0.058931,-0.163614
13.020119,-0.260044,-0.201991,0.058052,-0.163614
13.030181,-0.259166,-0.201991,0.057174,-0.163614
13.040244,-0.258287,-0.201991,0.056296,-0.163614
13.050308,-0.257409,-0.201991,0.055418,-0.163614
13.060368,-0.256531,-0.201991,0.054540,-0.163614
13.070428,-0.255653,-0.201991,0.053662,-0.163614
13.080487,-0.254776,-0.201991,0.052784,-0.163614
13.090548,-0.253898,-0.201991,0.051906,-0.163614
13.100610,-0.253019,-0.201991,0.051028,-0.163614
13.110679,-0.252141,-0.201991,0.050150,-0.163614
13.120743,-0.251263,-0.201991,0.049271,-0.163614
13.130804,-0.250385,-0.201991,0.048393,-0.163614
13.140862,-0.249507,-0.201991,0.047516,-0.163614
13.150925,-0.248629,-0.201991,0.046637,-0.163614
13.160985,-0.247751,-0.201991,0.045760,-0.163614
13.171046,-0.246873,-0.201991,0.044882,-0.163614
13.181105,-0.245995,-0.201991,0.044004,-0.163614
13.191164,-0.245117,-0.201991,0.043126,-0.163614
13.201225,-0.244239,-0.201991,0.042248,-0.163614
13.211292,-0.243361,-0.201991,0.041369,-0.163614
13.221359,-0.242482,-0.201991,0.040491,-0.163614
13.231422,-0.241604,-0.201991,0.039613,-0.163614
13.241491,-0.240725,-0.201991,0.038734,-0.163614
13.251552,-0.239847,-0.201991,0.037856,-0.163614
13.261614,-0.238969,-0.201991,0.036978,-0.163614
13.271676,-0.238091,-0.201991,0.036100,-0.163614
13.281740,-0.237213,-0.201991,0.035222,-0.163614
13.291799,-0.236335,-0.201991,0.034344,-0.163614
13.301862,-0.235457,-0.243954,-0.008497,-0.192918
13.311929,-0.234578,-0.243954,-0.009375,-0.192918
13.321992,-0.233700,-0.243954,-0.010253,-0.192918
13.332053,-0.232822,-0.243954,-0.011131,-0.192918
13.342115,-0.231944,-0.243954,-0.012009,-0.192918
13.352272,-0.231058,-0.243954,-0.012896,-0.192918
13.362338,-0.230179,-0.243954,-0.013774,-0.192918
13.372393,-0.229302,-0.243954,-0.014652,-0.192918
13.382454,-0.228424,-0.243954,-0.015530,-0.192918
13.392517,-0.227546,-0.243954,-0.016408,-0.192918
13.402579,-0.226668,-0.243954,-0.017286,-0.192918
13.412644,-0.225789,-0.243954,-0.018164,-0.192918
13.422708,-0.224911,-0.243954,-0.019042,-0.192918
13.432769,-0.224033,-0.243954,-0.019920,-0.192918
13.442833,-0.223155,-0.243954,-0.020799,-0.192918
13.452898,-0.222277,-0.243954,-0.021677,-0.192918
13.462957,-0.221399,-0.243954,-0.022555,-0.192918
13.473019,-0.220521,-0.243954,-0.023433,-0.192918
13.483075,-0.219643,-0.243954,-0.024310,-0.192918
13.493135,-0.218765,-0.243954,-0.025188,-0.192918
13.503196,-0.217887,-0.243954,-0.026066,-0.192918
13.513261,-0.217009,-0.243954,-0.026945,-0.192918
13.523321,-0.216131,-0.243954,-0.027823,-0.192918
13.533383,-0.215253,-0.243954,-0.028701,-0.192918
13.543442,-0.214375,-0.243954,-0.029578,-0.192918
13.553504,-0.213497,-0.243954,-0.030457,-0.192918
13.563569,-0.212619,-0.243954,-0.031335,-0.192918
13.573629,-0.211741,-0.243954,-0.032213,-0.192918
13.583692,-0.210863,-0.243954,-0.033091,-0.192918
13.593752,-0.209985,-0.243954,-0.033969,-0.192918
13.603814,-0.209107,-0.243954,-0.034847,-0.192918
13.613877,-0.208228,-0.243954,-0.035725,-0.192918
13.623944,-0.207350,-0.243954,-0.036604,-0.192918
13.634004,-0.206472,-0.243954,-0.037481,-0.192918
13.644065,-0.205594,-0.243954,-0.038360,-0.192918
13.654125,-0.204716,-0.243954,-0.039237,-0.192918
13.664188,-0.203838,-0.243954,-0.040116,-0.192918
13.674252,-0.202960,-0.243954,-0.040994,-0.192918
13.684316,-0.202082,-0.243954,-0.041872,-0.192918
13.694376,-0.201204,-0.243954,-0.042750,-0.192918
13.704437,-0.200326,-0.243954,-0.043628,-0.192918
13.714498,-0.199448,-0.243954,-0.044506,-0.192918
13.724550,-0.198570,-0.243954,-0.045383,-0.192918
13.734615,-0.197692,-0.243954,-0.046261,-0.192918
13.744675,-0.196814,-0.243954,-0.047139,-0.192918
13.754736,-0.195936,-0.243954,-0.048017,-0.192918
13.764796,-0.195058,-0.243954,-0.048895,-0.192918
13.774859,-0.194180,-0.243954,-0.049773,-0.192918
13.784921,-0.193302,-0.243954,-0.050652,-0.192918
13.794983,-0.192424,-0.243954,-0.051530,-0.192918
13.805045,-0.191546,-0.243954,-0.052408,-0.192918
13.815109,-0.190668,-0.243954,-0.053286,-0.192918
13.825170,-0.189790,-0.243954,-0.054164,-0.192918
13.835231,-0.188912,-0.243954,-0.055042,-0.192918
13.845295,-0.188034,-0.243954,-0.055920,-0.192918
13.855357,-0.187155,-0.243954,-0.056798,-0.192918
13.865424,-0.186277,-0.243954,-0.057677,-0.192918
13.875476,-0.185400,-0.243954,-0.058554,-0.192918
13.885526,-0.184523,-0.243954,-0.059431,-0.192918
13.895575,-0.183646,-0.243954,-0.060308,-0.192918
13.905629,-0.182768,-0.243954,-0.061185,-0.192918
13.915678,-0.181891,-0.243954,-0.062062,-0.192918
13.925727,-0.181014,-0.243954,-0.062939,-0.192918
13.935778,-0.180137,-0.243954,-0.063816,-0.192918
13.945827,-0.179260,-0.243954,-0.064693,-0.192918
13.955878,-0.178383,-0.243954,-0.065570,-0.192918
13.965926,-0.177506,-0.243954,-0.066447,-0.192918
13.975974,-0.176630,-0.243954,-0.067324,-0.192918
13.986091,-0.175747,-0.243954,-0.068207,-0.192918
13.996143,-0.174870,-0.243954,-0.069084,-0.192918
14.006196,-0.173992,-0.243954,-0.069961,-0.192918
14.016245,-0.173115,-0.242809,-0.069694,0.095238
14.026294,-0.172238,-0.242809,-0.070571,0.095238
14.036344,-0.171361,-0.242809,-0.071448,0.095238
14.046393,-0.170484,-0.242809,-0.072325,0.095238
14.056443,-0.169607,-0.242809,-0.073202,0.095238
14.066493,-0.168730,-0.242809,-0.074079,0.095238
14.076542,-0.167853,-0.242809,-0.074956,0.095238
14.086591,-0.166976,-0.242809,-0.075833,0.095238
14.096639,-0.166100,-0.242809,-0.076710,0.095238
14.106693,-0.165222,-0.242809,-0.077587,0.095238
14.116742,-0.164345,-0.242809,-0.078464,0.095238
14.126794,-0.163468,-0.242809,-0.079341,0.095238
14.136844,-0.162591,-0.242809,-0.080218,0.095238
14.146894,-0.161714,-0.242809,-0.081095,0.095238
14.156944,-0.160837,-0.242809,-0.081972,0.095238
14.166994,-0.159960,-0.242809,-0.082849,0.095238
14.177073,-0.159080,-0.242809,-0.083729,0.095238
14.187134,-0.158202,-0.242809,-0.084607,0.095238
14.197196,-0.157324,-0.242809,-0.085485,0.095238
14.207256,-0.156446,-0.242809,-0.086363,0.095238
14.217318,-0.155568,-0.242809,-0.087241,0.095238
14.227378,-0.154690,-0.242809,-0.088119,0.095238
14.237438,-0.153813,-0.242809,-0.088997,0.095238
14.247500,-0.152934,-0.242809,-0.089875,0.095238
14.257561,-0.152056,-0.242809,-0.090753,0.095238
14.267621,-0.151179,-0.242809,-0.091631,0.095238
14.277683,-0.150301,-0.242809,-0.092509,0.095238
14.287741,-0.149423,-0.242809,-0.093386,0.095238
14.297803,-0.148545,-0.242809,-0.094264,0.095238
14.307863,-0.147667,-0.190166,-0.042499,0.070818
14.317924,-0.146789,-0.189021,-0.042232,0.139194
14.327983,-0.145911,-0.189021,-0.043110,0.139194
14.338045,-0.145033,-0.189021,-0.043988,0.139194
14.348104,-0.144155,-0.189021,-0.044866,0.139194
14.358167,-0.143277,-0.189021,-0.045744,0.139194
14.368229,-0.142399,-0.189021,-0.046622,0.139194
14.378291,-0.141521,-0.189021,-0.047500,0.139194
14.388365,-0.140642,-0.189021,-0.048379,0.139194
14.398429,-0.139763,-0.189021,-0.049258,0.139194
14.408489,-0.138886,-0.189021,-0.050136,0.139194
14.418551,-0.138007,-0.189021,-0.051014,0.139194
14.428616,-0.137129,-0.189021,-0.051892,0.139194
14.438676,-0.136251,-0.189021,-0.052770,0.139194
14.448730,-0.135374,-0.189021,-0.053647,0.139194
14.458793,-0.134496,-0.189021,-0.054525,0.139194
14.468859,-0.133617,-0.189021,-0.055404,0.139194
14.478923,-0.132739,-0.189021,-0.056282,0.139194
14.488985,-0.131861,-0.189021,-0.057160,0.139194
14.499048,-0.130983,-0.189021,-0.058038,0.139194
14.509117,-0.130104,-0.189021,-0.058917,0.139194
14.519178,-0.129226,-0.189021,-0.059795,0.139194
14.529242,-0.128348,-0.189021,-0.060673,0.139194
14.539306,-0.127470,-0.189021,-0.061552,0.139194
14.549367,-0.126592,-0.189021,-0.062430,0.139194
14.559420,-0.125714,-0.189021,-0.063307,0.139194
14.569483,-0.124836,-0.189021,-0.064185,0.139194
14.579544,-0.123958,-0.161555,-0.037597,0.129426
14.589607,-0.123080,-0.161555,-0.038475,0.129426
14.599670,-0.122202,-0.161555,-0.039353,0.129426
14.609725,-0.121324,-0.161555,-0.040231,0.129426
14.619786,-0.120446,-0.161555,-0.041109,0.129426
14.629849,-0.119568,-0.161555,-0.041987,0.129426
14.639910,-0.118690,-0.151637,-0.032946,0.105006
14.649972,-0.117812,-0.151637,-0.033824,0.105006
14.660036,-0.116934,-0.148585,-0.031651,0.070818
14.670072,-0.116058,-0.148585,-0.032527,0.070818
14.680126,-0.115181,-0.148585,-0.033404,0.070818
14.690190,-0.114303,-0.148585,-0.034282,0.070818
14.700242,-0.113425,-0.148585,-0.035159,0.070818
14.710307,-0.112547,-0.148585,-0.036038,0.070818
14.720370,-0.111669,-0.148585,-0.036916,0.070818
14.730433,-0.110791,-0.148585,-0.037794,0.070818
14.740492,-0.109913,-0.148585,-0.038672,0.070818
14.750555,-0.109035,-0.148585,-0.039550,0.070818
14.760618,-0.108156,-0.148585,-0.040428,0.070818
14.770671,-0.107279,-0.148585,-0.041306,0.070818
14.780733,-0.106401,-0.148585,-0.042184,0.070818
14.790786,-0.105524,-0.148585,-0.043061,0.070818
14.800838,-0.104647,-0.148585,-0.043938,0.070818
14.810899,-0.103769,-0.148585,-0.044816,0.070818
14.820962,-0.102890,-0.148585,-0.045694,0.070818
14.831107,-0.102005,-0.148585,-0.046580,0.070818
14.841169,-0.101127,-0.148585,-0.047458,0.070818
14.851232,-0.100249,-0.148585,-0.048336,0.070818
14.861287,-0.099371,-0.148585,-0.049213,0.070818
14.871347,-0.098494,-0.148585,-0.050091,0.070818
14.881409,-0.097615,-0.148585,-0.050969,0.070818
14.891473,-0.096737,-0.148585,-0.051847,0.070818
14.901534,-0.095859,-0.148585,-0.052725,0.070818
14.911557,-0.094985,-0.148585,-0.053600,0.070818
14.921609,-0.094107,-0.129511,-0.035404,0.158730
14.931658,-0.093230,-0.129511,-0.036281,0.158730
14.941707,-0.092354,-0.129511,-0.037157,0.158730
14.951759,-0.091476,-0.129511,-0.038035,0.158730
14.961809,-0.090599,-0.129511,-0.038912,0.158730
14.971857,-0.089722,-0.129511,-0.039789,0.158730
14.981909,-0.088845,-0.129511,-0.040666,0.158730
14.991957,-0.087968,-0.129511,-0.041543,0.158730
15.002007,-0.087091,-0.129511,-0.042420,0.158730
15.012059,-0.086214,-0.129511,-0.043297,0.158730
15.022123,-0.085336,-0.129511,-0.044175,0.158730
15.032183,-0.084458,-0.129511,-0.045053,0.158730
15.042312,-0.083574,-0.129511,-0.045937,0.158730
15.052371,-0.082696,-0.129511,-0.046815,0.158730
15.062431,-0.081818,-0.129511,-0.047693,0.158730
15.072491,-0.080940,-0.129511,-0.048571,0.158730
15.082552,-0.080062,-0.129511,-0.049449,0.158730
15.092612,-0.079185,-0.129511,-0.050326,0.158730
15.102673,-0.078307,-0.129511,-0.051204,0.158730
15.112741,-0.077428,-0.129511,-0.052083,0.158730
15.122797,-0.076550,-0.129511,-0.052961,0.158730
15.132859,-0.075672,-0.129511,-0.053839,0.158730
15.142920,-0.074794,-0.129511,-0.054717,0.158730
15.152982,-0.073916,-0.129511,-0.055595,0.158730
15.163042,-0.073038,-0.129511,-0.056473,0.158730
15.173107,-0.072160,-0.129511,-0.057351,0.158730
15.183169,-0.071282,-0.129511,-0.058229,0.158730
15.193231,-0.070404,-0.129511,-0.059107,0.158730
15.203294,-0.069526,-0.129511,-0.059985,0.158730
15.213356,-0.068648,-0.129511,-0.060863,0.158730
15.223418,-0.067770,-0.129511,-0.061741,0.158730
15.233482,-0.066891,-0.106241,-0.039350,0.178266
15.243540,-0.066014,-0.106241,-0.040227,0.178266
15.253603,-0.065135,-0.106241,-0.041105,0.178266
15.263663,-0.064258,-0.106241,-0.041983,0.178266
15.273724,-0.063380,-0.106241,-0.042861,0.178266
15.283778,-0.062502,-0.106241,-0.043739,0.178266
15.293838,-0.061624,-0.106241,-0.044617,0.178266
15.303900,-0.060746,-0.106241,-0.045495,0.178266
15.313968,-0.059868,-0.106241,-0.046373,0.178266
15.324031,-0.058989,-0.106241,-0.047251,0.178266
15.334091,-0.058112,-0.106241,-0.048129,0.178266
15.344152,-0.057234,-0.106241,-0.049007,0.178266
15.354211,-0.056356,-0.106241,-0.049885,0.178266
15.364269,-0.055478,-0.106241,-0.050763,0.178266
15.374329,-0.054600,-0.106241,-0.051641,0.178266
15.384391,-0.053722,-0.087549,-0.033827,0.144078
15.394453,-0.052844,-0.087549,-0.034705,0.144078
15.404512,-0.051966,-0.087549,-0.035582,0.144078
15.414579,-0.051088,-0.087549,-0.036461,0.144078
15.424641,-0.050210,-0.087549,-0.037339,0.144078
15.434704,-0.049331,-0.087549,-0.038217,0.144078
15.444764,-0.048454,-0.087549,-0.039095,0.144078
15.454826,-0.047575,-0.087549,-0.039973,0.144078
15.464879,-0.046698,-0.087549,-0.040851,0.144078
15.474939,-0.045820,-0.087549,-0.041728,0.144078
15.485055,-0.044937,-0.087549,-0.042611,0.144078
15.495118,-0.044059,-0.087549,-0.043489,0.144078
15.505183,-0.043181,-0.087549,-0.044368,0.144078
15.515246,-0.042303,-0.087549,-0.045246,0.144078
15.525310,-0.041425,-0.087549,-0.046124,0.144078
15.535372,-0.040546,-0.087549,-0.047002,0.144078
15.545433,-0.039668,-0.087549,-0.047880,0.144078
15.555487,-0.038791,-0.087549,-0.048758,0.144078
15.565541,-0.037914,-0.087549,-0.049635,0.144078
15.575604,-0.037036,-0.087549,-0.050513,0.144078
15.585668,-0.036157,-0.087549,-0.051391,0.144078
15.595730,-0.035279,-0.087549,-0.052269,0.144078
15.605792,-0.034401,-0.087549,-0.053148,0.144078
15.615856,-0.033523,-0.087549,-0.054026,0.144078
15.625917,-0.032645,-0.087549,-0.054904,0.144078
15.635979,-0.031767,-0.087549,-0.055782,0.144078
15.646042,-0.030889,-0.087549,-0.056660,0.144078
15.656107,-0.030010,-0.087549,-0.057538,0.144078
15.666170,-0.029132,-0.087549,-0.058416,0.144078
15.676230,-0.028254,-0.087549,-0.059294,0.144078
15.686294,-0.027376,-0.087549,-0.060173,0.144078
15.696356,-0.026498,-0.087549,-0.061051,0.144078
15.706409,-0.025621,-0.087549,-0.061928,0.144078
15.716474,-0.024742,-0.087549,-0.062806,0.144078
15.726527,-0.023865,-0.087549,-0.063684,0.144078
15.736579,-0.022988,-0.087549,-0.064561,0.144078
15.746641,-0.022110,-0.087549,-0.065439,0.144078
15.756704,-0.021232,-0.087549,-0.066317,0.144078
15.766769,-0.020353,-0.087549,-0.067195,0.144078
15.776830,-0.019475,-0.087549,-0.068073,0.144078
15.786893,-0.018597,-0.087549,-0.068952,0.144078
15.796957,-0.017719,-0.087549,-0.069830,0.144078
15.807021,-0.016841,-0.087549,-0.070708,0.144078
15.817072,-0.015963,-0.087549,-0.071585,0.144078
15.827134,-0.015085,-0.087549,-0.072463,0.144078
15.837198,-0.014207,-0.087549,-0.073341,0.144078
15.847262,-0.013329,-0.087549,-0.074220,0.144078
15.857323,-0.012451,-0.087549,-0.075098,0.144078
15.867385,-0.011573,-0.087549,-0.075976,0.144078
15.877449,-0.010695,-0.087549,-0.076854,0.144078
15.887510,-0.009817,-0.087549,-0.077732,0.144078
15.897573,-0.008938,-0.087549,-0.078610,0.144078
15.907636,-0.008060,-0.087549,-0.079488,0.144078
15.917699,-0.007182,-0.087549,-0.080366,0.144078
15.927762,-0.006304,-0.087549,-0.081245,0.144078
15.937825,-0.005426,-0.087549,-0.082123,0.144078
15.947886,-0.004548,-0.087549,-0.083001,0.144078
15.957949,-0.003670,-0.087549,-0.083879,0.144078
15.968010,-0.002792,-0.087549,-0.084757,0.144078
15.978072,-0.001914,-0.061990,-0.060076,0.114774
15.988126,-0.001036,-0.061990,-0.060954,0.114774
15.998190,-0.000158,-0.061990,-0.061832,0.114774
16.008232,0.000718,-0.061990,-0.062708,0.114774
16.018294,0.001596,-0.061990,-0.063586,0.114774
16.028356,0.002475,-0.061990,-0.064464,0.114774
16.038419,0.003353,-0.061990,-0.065342,0.114774
16.048480,0.004231,-0.061990,-0.066220,0.114774
16.058543,0.005109,-0.061990,-0.067099,0.114774
16.068606,0.005987,-0.061990,-0.067977,0.114774
16.078667,0.006865,-0.061990,-0.068855,0.114774
16.088730,0.007743,-0.061990,-0.069733,0.114774
16.098794,0.008621,-0.061990,-0.070611,0.114774
16.108855,0.009499,-0.061990,-0.071489,0.114774
16.118917,0.010377,-0.061990,-0.072367,0.114774
16.128980,0.011256,-0.061990,-0.073245,0.114774
16.139043,0.012134,-0.061990,-0.074124,0.114774
16.149105,0.013012,-0.061990,-0.075002,0.114774
16.159273,0.013899,-0.026894,-0.040793,0.173382
16.169336,0.014777,-0.026894,-0.041671,0.173382
16.179397,0.015655,-0.026894,-0.042549,0.173382
16.189459,0.016533,-0.026894,-0.043427,0.173382
16.199520,0.017411,-0.026894,-0.044305,0.173382
16.209582,0.018290,-0.017739,-0.036028,0.109890
16.219644,0.019168,-0.016976,-0.036143,0.065934
16.229708,0.020046,-0.016976,-0.037021,0.065934
16.239770,0.020924,-0.016976,-0.037900,0.065934
16.249832,0.021802,-0.016976,-0.038778,0.065934
16.259898,0.022680,-0.016976,-0.039656,0.065934
16.269959,0.023558,-0.016976,-0.040534,0.065934
16.280021,0.024436,-0.016976,-0.041412,0.065934
16.290085,0.025315,-0.016976,-0.042290,0.065934
16.300148,0.026193,-0.016976,-0.043169,0.065934
16.310210,0.027071,-0.016976,-0.044047,0.065934
16.320273,0.027949,-0.004005,-0.031955,0.148962
16.330334,0.028827,-0.004005,-0.032833,0.148962
16.340396,0.029705,-0.004005,-0.033711,0.148962
16.350456,0.030583,-0.004005,-0.034589,0.148962
16.360518,0.031461,-0.004005,-0.035467,0.148962
16.370582,0.032339,-0.004005,-0.036345,0.148962
16.380645,0.033218,-0.004005,-0.037223,0.148962
16.390709,0.034096,-0.004005,-0.038101,0.148962
16.400770,0.034974,-0.004005,-0.038979,0.148962
16.410834,0.035852,-0.004005,-0.039858,0.148962
16.420897,0.036730,-0.004005,-0.040736,0.148962
16.430959,0.037608,-0.004005,-0.041614,0.148962
16.441021,0.038486,-0.004005,-0.042492,0.148962
16.451074,0.039364,-0.004005,-0.043369,0.148962
16.461133,0.040241,-0.004005,-0.044247,0.148962
16.471194,0.041119,-0.004005,-0.045125,0.148962
16.481254,0.041997,-0.004005,-0.046003,0.148962
16.491315,0.042875,-0.004005,-0.046881,0.148962
16.501374,0.043753,-0.004005,-0.047759,0.148962
16.511436,0.044631,-0.004005,-0.048637,0.148962
16.521496,0.045509,-0.004005,-0.049515,0.148962
16.531557,0.046387,-0.004005,-0.050393,0.148962
16.541618,0.047265,-0.004005,-0.051271,0.148962
16.551678,0.048143,-0.004005,-0.052148,0.148962
16.561740,0.049021,-0.004005,-0.053027,0.148962
16.571800,0.049899,-0.004005,-0.053904,0.148962
16.581863,0.050777,-0.004005,-0.054783,0.148962
16.591923,0.051655,-0.004005,-0.055661,0.148962
16.601987,0.052533,-0.004005,-0.056539,0.148962
16.612046,0.053411,-0.004005,-0.057417,0.148962
16.622107,0.054289,-0.004005,-0.058295,0.148962
16.632167,0.055167,-0.004005,-0.059172,0.148962
16.642228,0.056045,-0.004005,-0.060050,0.148962
16.652290,0.056923,-0.004005,-0.060929,0.148962
16.662351,0.057801,-0.004005,-0.061807,0.148962
16.672411,0.058679,-0.004005,-0.062684,0.148962
16.682471,0.059557,-0.004005,-0.063562,0.148962
16.692531,0.060435,-0.004005,-0.064440,0.148962
16.702584,0.061312,-0.004005,-0.065317,0.148962
16.712643,0.062190,-0.004005,-0.066195,0.148962
16.722706,0.063068,-0.004005,-0.067073,0.148962
16.732768,0.063946,0.017739,-0.046208,0.144078
16.742829,0.064824,0.017739,-0.047085,0.144078
16.752890,0.065702,0.017739,-0.047963,0.144078
16.762949,0.066580,0.017739,-0.048841,0.144078
16.773010,0.067458,0.017739,-0.049719,0.144078
16.783070,0.068336,0.017739,-0.050597,0.144078
16.793132,0.069214,0.017739,-0.051475,0.144078
16.803191,0.070092,0.017739,-0.052353,0.144078
16.813397,0.070982,0.017739,-0.053244,0.144078
16.823457,0.071860,0.017739,-0.054122,0.144078
16.833518,0.072738,0.017739,-0.055000,0.144078
16.843577,0.073616,0.017739,-0.055877,0.144078
16.853638,0.074494,0.017739,-0.056755,0.144078
16.863698,0.075372,0.017739,-0.057633,0.144078
16.873761,0.076250,0.017739,-0.058511,0.144078
16.883821,0.077128,0.017739,-0.059389,0.144078
16.893881,0.078006,0.017739,-0.060267,0.144078
16.903941,0.078884,0.017739,-0.061145,0.144078
16.914004,0.079762,0.017739,-0.062023,0.144078
16.924064,0.080640,0.017739,-0.062901,0.144078
16.934127,0.081518,0.017739,-0.063779,0.144078
16.944191,0.082396,0.017739,-0.064658,0.144078
16.954255,0.083274,0.017739,-0.065536,0.144078
16.964315,0.084152,0.017739,-0.066414,0.144078
16.974378,0.085031,0.017739,-0.067292,0.144078
16.984441,0.085909,0.017739,-0.068170,0.144078
16.994503,0.086787,0.017739,-0.069048,0.144078
17.004566,0.087665,0.017739,-0.069926,0.144078
17.014634,0.088543,0.017739,-0.070805,0.144078
17.024697,0.089422,0.017739,-0.071683,0.144078
17.034761,0.090300,0.017739,-0.072561,0.144078
17.044879,0.091183,0.017739,-0.073444,0.144078
17.054946,0.092061,0.017739,-0.074323,0.144078
17.065009,0.092940,0.017739,-0.075201,0.144078
17.075070,0.093818,0.017739,-0.076079,0.144078
17.085133,0.094696,0.017739,-0.076957,0.144078
17.095196,0.095574,0.017739,-0.077835,0.144078
17.105257,0.096452,0.017739,-0.078713,0.144078
17.115324,0.097330,0.017739,-0.079592,0.144078
17.125386,0.098208,0.017739,-0.080470,0.144078
17.135448,0.099087,0.051308,-0.047778,0.192918
17.145510,0.099965,0.051308,-0.048656,0.192918
17.155577,0.100843,0.051308,-0.049535,0.192918
17.165639,0.101721,0.051308,-0.050413,0.192918
17.175702,0.102599,0.051308,-0.051291,0.192918
17.185766,0.103478,0.051308,-0.052169,0.192918
17.195827,0.104356,0.051308,-0.053047,0.192918
17.205890,0.105234,0.051308,-0.053925,0.192918
17.215951,0.106112,0.051308,-0.054803,0.192918
17.226013,0.106990,0.051308,-0.055681,0.192918
17.236072,0.107868,0.051308,-0.056559,0.192918
17.246134,0.108746,0.051308,-0.057437,0.192918
17.256199,0.109624,0.051308,-0.058316,0.192918
17.266263,0.110502,0.051308,-0.059194,0.192918
17.276327,0.111381,0.074197,-0.037184,0.178266
17.286388,0.112259,0.074197,-0.038062,0.178266
17.296450,0.113137,0.074197,-0.038940,0.178266
17.306514,0.114015,0.074197,-0.039818,0.178266
17.316580,0.114893,0.074197,-0.040696,0.178266
17.326644,0.115772,0.074197,-0.041575,0.178266
17.336706,0.116650,0.074197,-0.042453,0.178266
17.346769,0.117528,0.074197,-0.043331,0.178266
17.356833,0.118406,0.074197,-0.044209,0.178266
17.366897,0.119284,0.074197,-0.045087,0.178266
17.376959,0.120162,0.074197,-0.045965,0.178266
17.387011,0.121040,0.088693,-0.032347,0.188034
17.397073,0.121918,0.088693,-0.033225,0.188034
17.407127,0.122795,0.088693,-0.034102,0.188034
17.417190,0.123673,0.088693,-0.034980,0.188034
17.427250,0.124551,0.088693,-0.035858,0.188034
17.437312,0.125429,0.088693,-0.036736,0.188034
17.447373,0.126307,0.088693,-0.037614,0.188034
17.457438,0.127185,0.088693,-0.038492,0.188034
17.467500,0.128063,0.088693,-0.039370,0.188034
17.477562,0.128942,0.088693,-0.040249,0.188034
17.487649,0.129822,0.088693,-0.041129,0.188034
17.497713,0.130700,0.088693,-0.042007,0.188034
17.507777,0.131578,0.088693,-0.042885,0.188034
17.517843,0.132457,0.088693,-0.043764,0.188034
17.527907,0.133335,0.088693,-0.044642,0.188034
17.537969,0.134213,0.088693,-0.045520,0.188034
17.548029,0.135091,0.088693,-0.046398,0.188034
17.558084,0.135968,0.088693,-0.047275,0.188034
17.568145,0.136846,0.088693,-0.048153,0.188034
17.578208,0.137725,0.088693,-0.049032,0.188034
17.588269,0.138603,0.088693,-0.049910,0.188034
17.598332,0.139481,0.088693,-0.050788,0.188034
17.608395,0.140359,0.088693,-0.051666,0.188034
17.618447,0.141236,0.088693,-0.052543,0.188034
17.628509,0.142114,0.088693,-0.053421,0.188034
17.638570,0.142992,0.088693,-0.054299,0.188034
17.648635,0.143871,0.088693,-0.055177,0.188034
17.658698,0.144749,0.088693,-0.056056,0.188034
17.668762,0.145627,0.088693,-0.056934,0.188034
17.678823,0.146505,0.088693,-0.057812,0.188034
17.688887,0.147383,0.088693,-0.058690,0.188034
17.698954,0.148262,0.088693,-0.059569,0.188034
17.709007,0.149139,0.088693,-0.060446,0.188034
17.719062,0.150016,0.088693,-0.061323,0.188034
17.729118,0.150894,0.088693,-0.062201,0.188034
17.739180,0.151772,0.088693,-0.063079,0.188034
17.749243,0.152650,0.088693,-0.063957,0.188034
17.759306,0.153528,0.088693,-0.064835,0.188034
17.769368,0.154406,0.088693,-0.065713,0.188034
17.779430,0.155285,0.088693,-0.066592,0.188034
17.789493,0.156163,0.088693,-0.067470,0.188034
17.799555,0.157041,0.088693,-0.068348,0.188034
17.809618,0.157919,0.088693,-0.069226,0.188034
17.819683,0.158797,0.088693,-0.070104,0.188034
17.829744,0.159675,0.088693,-0.070982,0.188034
17.839806,0.160553,0.088693,-0.071860,0.188034
17.849867,0.161431,0.088693,-0.072738,0.188034
17.859928,0.162309,0.088693,-0.073616,0.188034
17.869991,0.163187,0.088693,-0.074494,0.188034
17.880054,0.164066,0.088693,-0.075373,0.188034
17.890115,0.164944,0.088693,-0.076251,0.188034
17.900178,0.165822,0.088693,-0.077129,0.188034
17.910238,0.166700,0.088693,-0.078007,0.188034
17.920302,0.167578,0.088693,-0.078885,0.188034
17.930365,0.168456,0.088693,-0.079763,0.188034
17.940428,0.169334,0.088693,-0.080641,0.188034
17.950493,0.170213,0.088693,-0.081520,0.188034
17.960554,0.171091,0.088693,-0.082398,0.188034
17.970617,0.171969,0.088693,-0.083276,0.188034
17.980681,0.172847,0.088693,-0.084154,0.188034
17.990745,0.173725,0.088693,-0.085032,0.188034
18.000807,0.174603,0.088693,-0.085910,0.188034
18.010874,0.175482,0.088693,-0.086789,0.188034
18.020934,0.176360,0.088693,-0.087667,0.188034
18.030998,0.177238,0.088693,-0.088545,0.188034
18.041059,0.178116,0.088693,-0.089423,0.188034
18.051122,0.178994,0.088693,-0.090301,0.188034
18.061186,0.179872,0.088693,-0.091179,0.188034
18.071251,0.180751,0.088693,-0.092058,0.188034
18.081312,0.181629,0.088693,-0.092936,0.188034
18.091364,0.182506,0.111582,-0.070924,0.153846
18.101416,0.183383,0.111582,-0.071802,0.153846
18.111471,0.184261,0.111582,-0.072679,0.153846
18.121534,0.185139,0.111582,-0.073557,0.153846
18.131596,0.186017,0.111582,-0.074435,0.153846
18.141660,0.186895,0.111582,-0.075313,0.153846
18.151721,0.187773,0.111582,-0.076191,0.153846
18.161784,0.188651,0.111582,-0.077070,0.153846
18.171847,0.189529,0.136759,-0.052770,0.124542
18.181908,0.190407,0.136759,-0.053648,0.124542
18.191970,0.191285,0.136759,-0.054527,0.124542
18.202034,0.192164,0.136759,-0.055405,0.124542
18.212104,0.193043,0.136759,-0.056284,0.124542
18.222167,0.193921,0.136759,-0.057162,0.124542
18.232230,0.194799,0.148966,-0.045833,0.134310
18.242291,0.195677,0.148966,-0.046711,0.134310
18.252354,0.196555,0.148966,-0.047589,0.134310
18.262418,0.197433,0.148966,-0.048467,0.134310
18.272479,0.198311,0.148966,-0.049345,0.134310
18.282541,0.199189,0.148966,-0.050223,0.134310
18.292604,0.200067,0.148966,-0.051101,0.134310
18.302666,0.200945,0.148966,-0.051979,0.134310
18.312733,0.201824,0.148966,-0.052858,0.134310
18.322795,0.202702,0.148966,-0.053736,0.134310
18.332858,0.203580,0.148966,-0.054614,0.134310
18.342921,0.204458,0.148966,-0.055492,0.134310
18.353105,0.205347,0.168421,-0.036926,0.158730
18.363168,0.206225,0.168421,-0.037804,0.158730
18.373232,0.207104,0.168421,-0.038682,0.158730
18.383287,0.207981,0.168421,-0.039560,0.158730
18.393349,0.208859,0.168421,-0.040438,0.158730
18.403412,0.209737,0.168421,-0.041316,0.158730
18.413479,0.210616,0.168421,-0.042194,0.158730
18.423543,0.211494,0.168421,-0.043073,0.158730
18.433606,0.212372,0.168421,-0.043951,0.158730
18.443667,0.213250,0.168421,-0.044829,0.158730
18.453723,0.214128,0.168421,-0.045706,0.158730
18.463784,0.215006,0.168421,-0.046584,0.158730
18.473848,0.215884,0.168421,-0.047463,0.158730
18.483909,0.216762,0.168421,-0.048341,0.158730
18.493972,0.217640,0.168421,-0.049219,0.158730
18.504033,0.218518,0.168421,-0.050097,0.158730
18.514100,0.219397,0.168421,-0.050975,0.158730
18.524162,0.220275,0.168421,-0.051853,0.158730
18.534225,0.221153,0.168421,-0.052731,0.158730
18.544286,0.222031,0.187877,-0.034154,0.105006
18.554348,0.222909,0.187877,-0.035032,0.105006
18.564398,0.223786,0.191310,-0.032476,0.144078
18.574460,0.224664,0.191310,-0.033354,0.144078
18.584524,0.225542,0.191310,-0.034232,0.144078
18.594586,0.226420,0.191310,-0.035110,0.144078
18.604647,0.227298,0.191310,-0.035988,0.144078
18.614701,0.228176,0.191310,-0.036866,0.144078
18.624761,0.229054,0.191310,-0.037744,0.144078
18.634823,0.229932,0.191310,-0.038622,0.144078
18.644885,0.230810,0.191310,-0.039500,0.144078
18.654949,0.231688,0.191310,-0.040378,0.144078
18.665009,0.232566,0.191310,-0.041256,0.144078
18.675071,0.233444,0.191310,-0.042134,0.144078
18.685131,0.234322,0.203899,-0.030423,0.168498
18.695194,0.235200,0.203899,-0.031301,0.168498
18.705248,0.236077,0.203899,-0.032179,0.168498
18.715313,0.236956,0.203899,-0.033057,0.168498
18.725374,0.237834,0.203899,-0.033935,0.168498
18.735434,0.238712,0.203899,-0.034813,0.168498
18.745495,0.239590,0.203899,-0.035691,0.168498
18.755555,0.240468,0.203899,-0.036569,0.168498
18.765616,0.241346,0.203899,-0.037447,0.168498
18.775676,0.242223,0.203899,-0.038325,0.168498
18.785737,0.243101,0.203899,-0.039203,0.168498
18.795799,0.243979,0.203899,-0.040081,0.168498
18.805863,0.244858,0.203899,-0.040959,0.168498
18.815931,0.245736,0.203899,-0.041838,0.168498
18.825995,0.246615,0.203899,-0.042716,0.168498
18.836056,0.247493,0.203899,-0.043594,0.168498
18.846070,0.248367,0.203899,-0.044468,0.168498
18.856131,0.249244,0.203899,-0.045346,0.168498
18.866192,0.250122,0.203899,-0.046224,0.168498
18.876255,0.251001,0.203899,-0.047102,0.168498
18.886318,0.251879,0.203899,-0.047980,0.168498
18.896382,0.252757,0.203899,-0.048858,0.168498
18.906444,0.253635,0.203899,-0.049736,0.168498
18.916508,0.254513,0.203899,-0.050615,0.168498
18.926568,0.255391,0.203899,-0.051493,0.168498
18.936630,0.256269,0.203899,-0.052371,0.168498
18.946691,0.257147,0.203899,-0.053249,0.168498
18.956752,0.258025,0.203899,-0.054127,0.168498
18.966813,0.258903,0.203899,-0.055005,0.168498
18.976873,0.259781,0.203899,-0.055883,0.168498
18.986936,0.260659,0.203899,-0.056761,0.168498
18.997000,0.261538,0.203899,-0.057639,0.168498
19.007064,0.261183,0.203899,-0.057284,0.168498
19.017131,0.260304,0.203899,-0.056406,0.168498
19.027195,0.259426,0.203899,-0.055527,0.168498
19.037257,0.258548,0.203899,-0.054649,0.168498
19.047320,0.257670,0.203899,-0.053771,0.168498
19.057383,0.256792,0.203899,-0.052893,0.168498
19.067444,0.255914,0.222972,-0.032941,0.173382
19.077507,0.255036,0.222972,-0.032063,0.173382
19.087570,0.254157,0.222972,-0.031185,0.173382
19.097606,0.253282,0.222972,-0.030309,0.173382
19.107670,0.252403,0.222972,-0.029431,0.173382
19.117732,0.251525,0.222972,-0.028553,0.173382
19.127794,0.250647,0.222972,-0.027675,0.173382
19.137856,0.249769,0.222972,-0.026797,0.173382
19.147918,0.248891,0.222972,-0.025919,0.173382
19.157981,0.248013,0.222972,-0.025041,0.173382
19.168044,0.247135,0.222972,-0.024162,0.173382
19.178072,0.246260,0.222972,-0.023287,0.173382
19.188135,0.245381,0.222972,-0.022409,0.173382
19.198199,0.244503,0.222972,-0.021531,0.173382
19.208261,0.243625,0.222972,-0.020653,0.173382
19.218372,0.242743,0.222972,-0.019770,0.173382
19.228435,0.241865,0.222972,-0.018892,0.173382
19.238496,0.240987,0.222972,-0.018014,0.173382
19.248560,0.240108,0.222972,-0.017136,0.173382
19.258621,0.239230,0.222972,-0.016258,0.173382
19.268683,0.238352,0.222972,-0.015380,0.173382
19.278747,0.237474,0.222972,-0.014502,0.173382
19.288807,0.236596,0.222972,-0.013624,0.173382
19.298870,0.235718,0.222972,-0.012746,0.173382
19.308933,0.234840,0.222972,-0.011867,0.173382
19.318999,0.233961,0.222972,-0.010989,0.173382
19.329060,0.233083,0.222972,-0.010111,0.173382
19.339071,0.232210,0.222972,-0.009237,0.173382
19.349132,0.231332,0.222972,-0.008359,0.173382
19.359194,0.230454,0.222972,-0.007481,0.173382
19.369257,0.229576,0.222972,-0.006603,0.173382
19.379321,0.228697,0.222972,-0.005725,0.173382
19.389382,0.227819,0.222972,-0.004847,0.173382
19.399446,0.226941,0.222972,-0.003969,0.173382
19.409506,0.226063,0.222972,-0.003091,0.173382
19.419569,0.225185,0.222972,-0.002213,0.173382
19.429629,0.224307,0.222972,-0.001335,0.173382
19.439691,0.223429,0.222972,-0.000457,0.173382
19.449753,0.222551,0.222972,0.000421,0.173382
19.459817,0.221673,0.222972,0.001300,0.173382
19.469878,0.220795,0.222972,0.002178,0.173382
19.479941,0.219917,0.222972,0.003056,0.173382
19.489994,0.219039,0.222972,0.003933,0.173382
19.500058,0.218161,0.222972,0.004811,0.173382
19.510120,0.217283,0.222972,0.005689,0.173382
19.520183,0.216405,0.248531,0.032126,0.144078
19.530245,0.215527,0.248531,0.033005,0.144078
19.540309,0.214649,0.248531,0.033883,0.144078
19.550371,0.213770,0.245098,0.031328,-0.095238
19.560425,0.212893,0.245098,0.032205,-0.095238
19.570489,0.212015,0.245098,0.033083,-0.095238
19.580553,0.211137,0.245098,0.033961,-0.095238
19.590615,0.210259,0.245098,0.034839,-0.095238
19.600676,0.209381,0.245098,0.035718,-0.095238
19.610733,0.208503,0.245098,0.036595,-0.095238
19.620798,0.207625,0.245098,0.037473,-0.095238
19.630862,0.206746,0.245098,0.038352,-0.095238
19.640926,0.205868,0.245098,0.039230,-0.095238
19.650991,0.204990,0.245098,0.040108,-0.095238
19.661068,0.204110,0.245098,0.040988,-0.095238
19.671131,0.203232,0.245098,0.041866,-0.095238
19.681192,0.202354,0.245098,0.042744,-0.095238
19.691256,0.201476,0.245098,0.043622,-0.095238
19.701314,0.200598,0.245098,0.044500,-0.095238
19.711368,0.199721,0.245098,0.045377,-0.095238
19.721429,0.198843,0.245098,0.046255,-0.095238
19.731482,0.197966,0.245098,0.047132,-0.095238
19.741543,0.197088,0.245098,0.048010,-0.095238
19.751603,0.196210,0.245098,0.048888,-0.095238
19.761664,0.195332,0.245098,0.049766,-0.095238
19.771726,0.194454,0.245098,0.050644,-0.095238
19.781778,0.193576,0.245098,0.051522,-0.095238
19.791837,0.192699,0.224880,0.032181,-0.183150
19.801900,0.191820,0.224880,0.033059,-0.183150
19.811962,0.190942,0.224880,0.033938,-0.183150
19.822024,0.190064,0.224880,0.034816,-0.183150
19.832085,0.189186,0.224880,0.035694,-0.183150
19.842149,0.188308,0.224880,0.036572,-0.183150
19.852209,0.187430,0.224880,0.037450,-0.183150
19.862272,0.186552,0.224880,0.038328,-0.183150
19.872337,0.185674,0.224880,0.039206,-0.183150
19.882397,0.184796,0.224880,0.040084,-0.183150
19.892581,0.183907,0.224880,0.040973,-0.183150
19.902645,0.183029,0.224880,0.041851,-0.183150
19.912709,0.182151,0.224880,0.042729,-0.183150
19.922771,0.181272,0.224880,0.043607,-0.183150
19.932830,0.180395,0.224880,0.044485,-0.183150
19.942891,0.179517,0.224880,0.045363,-0.183150
19.952957,0.178638,0.224880,0.046242,-0.183150
19.963020,0.177760,0.224880,0.047120,-0.183150
19.973085,0.176882,0.224880,0.047998,-0.183150
19.983145,0.176004,0.224880,0.048876,-0.183150
19.993207,0.175126,0.224880,0.049754,-0.183150
20.003267,0.174248,0.224880,0.050632,-0.183150
20.013331,0.173370,0.224880,0.051510,-0.183150
20.023395,0.172491,0.224880,0.052389,-0.183150
20.033460,0.171613,0.224880,0.053267,-0.183150
20.043519,0.170735,0.224880,0.054145,-0.183150
20.053581,0.169857,0.224880,0.055023,-0.183150
20.063640,0.168979,0.224880,0.055901,-0.183150
20.073703,0.168101,0.224880,0.056779,-0.183150
20.083767,0.167223,0.224880,0.057657,-0.183150
20.093827,0.166345,0.224880,0.058535,-0.183150
20.103886,0.165467,0.224880,0.059413,-0.183150
20.113949,0.164589,0.224880,0.060291,-0.183150
20.124012,0.163711,0.200847,0.037136,-0.144078
20.134075,0.162833,0.200847,0.038014,-0.144078
20.144137,0.161955,0.200847,0.038892,-0.144078
20.154199,0.161077,0.200847,0.039770,-0.144078
20.164261,0.160198,0.200847,0.040648,-0.144078
20.174321,0.159321,0.200847,0.041526,-0.144078
20.184381,0.158443,0.200847,0.042404,-0.144078
20.194442,0.157565,0.200847,0.043282,-0.144078
20.204505,0.156686,0.200847,0.044160,-0.144078
20.214568,0.155808,0.200847,0.045038,-0.144078
20.224633,0.154930,0.200847,0.045917,-0.144078
20.234694,0.154052,0.200847,0.046795,-0.144078
20.244758,0.153174,0.200847,0.047673,-0.144078
20.254819,0.152296,0.200847,0.048551,-0.144078
20.264880,0.151418,0.182155,0.030737,-0.168498
20.274939,0.150540,0.182155,0.031615,-0.168498
20.285000,0.149662,0.182155,0.032493,-0.168498
20.295059,0.148784,0.182155,0.033370,-0.168498
20.305123,0.147906,0.182155,0.034249,-0.168498
20.315188,0.147028,0.182155,0.035127,-0.168498
20.325252,0.146149,0.182155,0.036005,-0.168498
20.335399,0.145264,0.182155,0.036891,-0.168498
20.345459,0.144386,0.182155,0.037769,-0.168498
20.355519,0.143508,0.182155,0.038647,-0.168498
20.365579,0.142630,0.182155,0.039524,-0.168498
20.375641,0.141752,0.182155,0.040402,-0.168498
20.385701,0.140874,0.182155,0.041280,-0.168498
20.395762,0.139996,0.182155,0.042158,-0.168498
20.405821,0.139118,0.182155,0.043036,-0.168498
20.415887,0.138240,0.182155,0.043915,-0.168498
20.425951,0.137362,0.182155,0.044793,-0.168498
20.436010,0.136484,0.182155,0.045671,-0.168498
20.446070,0.135606,0.182155,0.046549,-0.168498
20.456132,0.134728,0.182155,0.047427,-0.168498
20.466194,0.133850,0.182155,0.048305,-0.168498
20.476257,0.132972,0.182155,0.049183,-0.168498
20.486316,0.132094,0.182155,0.050061,-0.168498
20.496378,0.131216,0.161936,0.030721,-0.061050
20.506436,0.130338,0.161936,0.031598,-0.061050
20.516502,0.129460,0.161936,0.032477,-0.061050
20.526563,0.128582,0.161936,0.033355,-0.061050
20.536624,0.127704,0.161936,0.034233,-0.061050
20.546703,0.126824,0.161936,0.035112,-0.061050
20.556763,0.125946,0.161936,0.035990,-0.061050
20.566822,0.125068,0.161936,0.036868,-0.061050
20.576883,0.124190,0.161936,0.037746,-0.061050
20.586944,0.123312,0.161936,0.038624,-0.061050
20.597006,0.122434,0.161936,0.039502,-0.061050
20.607071,0.121556,0.161936,0.040380,-0.061050
20.617129,0.120678,0.161936,0.041258,-0.061050
20.627192,0.119800,0.161936,0.042136,-0.061050
20.637251,0.118922,0.147440,0.028518,-0.114774
20.647311,0.118044,0.147440,0.029396,-0.114774
20.657373,0.117166,0.147440,0.030274,-0.114774
20.667436,0.116288,0.147440,0.031152,-0.114774
20.677499,0.115410,0.147440,0.032030,-0.114774
20.687558,0.114532,0.147440,0.032908,-0.114774
20.697618,0.113654,0.139429,0.025775,-0.061050
20.707670,0.112777,0.139429,0.026652,-0.061050
20.717725,0.111900,0.139429,0.027530,-0.061050
20.727778,0.111022,0.139429,0.028407,-0.061050
20.737837,0.110145,0.139429,0.029285,-0.061050
20.747899,0.109266,0.139429,0.030163,-0.061050
20.757959,0.108389,0.139429,0.031041,-0.061050
20.768022,0.107510,0.131418,0.023908,-0.051282
20.778183,0.106624,0.130655,0.024032,-0.158730
20.788245,0.105746,0.130655,0.024910,-0.158730
20.798304,0.104868,0.130655,0.025788,-0.158730
20.808364,0.103990,0.130655,0.026666,-0.158730
20.818420,0.103112,0.130655,0.027543,-0.158730
20.828481,0.102234,0.130655,0.028421,-0.158730
20.838543,0.101356,0.130655,0.029299,-0.158730
20.848602,0.100478,0.130655,0.030177,-0.158730
20.858662,0.099601,0.130655,0.031055,-0.158730
20.868723,0.098723,0.130655,0.031933,-0.158730
20.878784,0.097845,0.130655,0.032811,-0.158730
20.888843,0.096967,0.130655,0.033689,-0.158730
20.898904,0.096089,0.130655,0.034567,-0.158730
20.908964,0.095211,0.120356,0.025145,-0.105006
20.919028,0.094333,0.120356,0.026023,-0.105006
20.929076,0.093456,0.120356,0.026900,-0.105006
20.939137,0.092578,0.120356,0.027778,-0.105006
20.949201,0.091700,0.120356,0.028656,-0.105006
20.959263,0.090821,0.120356,0.029534,-0.105006
20.969325,0.089943,0.120356,0.030412,-0.105006
20.979384,0.089066,0.120356,0.031290,-0.105006
20.989466,0.088186,0.120356,0.032170,-0.105006
20.999521,0.087308,0.120356,0.033047,-0.105006
21.009582,0.086430,0.120356,0.033925,-0.105006
21.019649,0.085552,0.120356,0.034804,-0.105006
21.029712,0.084674,0.120356,0.035682,-0.105006
21.039775,0.083795,0.120356,0.036560,-0.105006
21.049839,0.082917,0.120356,0.037438,-0.105006
21.059903,0.082039,0.120356,0.038317,-0.105006
21.069965,0.081161,0.120356,0.039195,-0.105006
21.080017,0.080284,0.120356,0.040072,-0.105006
21.090071,0.079406,0.120356,0.040949,-0.105006
21.100136,0.078528,0.120356,0.041828,-0.105006
21.110198,0.077650,0.120356,0.042706,-0.105006
21.120251,0.076773,0.120356,0.043583,-0.105006
21.130306,0.075895,0.120356,0.044460,-0.105006
21.140361,0.075018,0.120356,0.045338,-0.105006
21.150413,0.074140,0.104715,0.030575,-0.148962
21.160474,0.073262,0.104715,0.031453,-0.148962
21.170537,0.072384,0.104715,0.032331,-0.148962
21.180596,0.071506,0.104715,0.033209,-0.148962
21.190658,0.070628,0.104715,0.034087,-0.148962
21.200717,0.069751,0.104715,0.034964,-0.148962
21.210783,0.068872,0.104715,0.035843,-0.148962
21.220850,0.067994,0.104715,0.036721,-0.148962
21.230915,0.067115,0.104715,0.037600,-0.148962
21.240978,0.066237,0.104715,0.038478,-0.148962
21.251040,0.065359,0.104715,0.039356,-0.148962
21.261100,0.064481,0.104715,0.040234,-0.148962
21.271161,0.063603,0.104715,0.041112,-0.148962
21.281221,0.062725,0.104715,0.041990,-0.148962
21.291282,0.061847,0.104715,0.042868,-0.148962
21.301346,0.060969,0.104715,0.043746,-0.148962
21.311410,0.060091,0.104715,0.044624,-0.148962
21.321475,0.059213,0.104715,0.045503,-0.148962
21.331536,0.058335,0.104715,0.046381,-0.148962
21.341595,0.057457,0.086404,0.028948,-0.085470
21.351656,0.056579,0.086404,0.029825,-0.085470
21.361710,0.055701,0.086404,0.030703,-0.085470
21.371772,0.054823,0.086404,0.031581,-0.085470
21.381833,0.053945,0.086404,0.032459,-0.085470
21.391891,0.053068,0.086404,0.033337,-0.085470
21.401950,0.052190,0.086404,0.034215,-0.085470
21.412014,0.051311,0.086404,0.035093,-0.085470
21.422079,0.050433,0.086404,0.035971,-0.085470
21.432142,0.049555,0.086404,0.036849,-0.085470
21.442201,0.048677,0.086404,0.037727,-0.085470
21.452255,0.047800,0.086404,0.038604,-0.085470
21.462316,0.046922,0.086404,0.039482,-0.085470
21.472379,0.046044,0.086404,0.040361,-0.085470
21.482442,0.045165,0.086404,0.041239,-0.085470
21.492505,0.044287,0.086404,0.042117,-0.085470
21.502566,0.043409,0.086404,0.042995,-0.085470
21.512631,0.042531,0.086404,0.043873,-0.085470
21.522696,0.041653,0.086404,0.044752,-0.085470
21.532757,0.040775,0.086404,0.045630,-0.085470
21.542818,0.039897,0.086404,0.046508,-0.085470
21.552881,0.039018,0.086404,0.047386,-0.085470
21.562944,0.038140,0.086404,0.048264,-0.085470
21.573000,0.037263,0.086404,0.049141,-0.085470
21.583067,0.036384,0.086404,0.050020,-0.085470
21.593131,0.035506,0.086404,0.050898,-0.085470
21.603191,0.034628,0.086404,0.051776,-0.085470
21.613246,0.033751,0.086404,0.052654,-0.085470
21.623306,0.032873,0.086404,0.053532,-0.085470
21.633369,0.031995,0.086404,0.054410,-0.085470
21.643432,0.031116,0.086404,0.055288,-0.085470
21.653495,0.030238,0.086404,0.056166,-0.085470
21.663603,0.029356,0.086404,0.057048,-0.085470
21.673667,0.028478,0.086404,0.057926,-0.085470
21.683729,0.027600,0.086404,0.058804,-0.085470
21.693791,0.026722,0.086404,0.059682,-0.085470
21.703845,0.025844,0.086404,0.060560,-0.085470
21.713899,0.024967,0.086404,0.061437,-0.085470
21.723951,0.024090,0.086404,0.062314,-0.085470
21.734004,0.023213,0.086404,0.063192,-0.085470
21.744066,0.022334,0.086404,0.064070,-0.085470
21.754128,0.021456,0.086404,0.064948,-0.085470
21.764190,0.020578,0.086404,0.065826,-0.085470
21.774254,0.019700,0.086404,0.066704,-0.085470
21.784318,0.018822,0.086404,0.067582,-0.085470
21.794382,0.017944,0.086404,0.068461,-0.085470
21.804445,0.017065,0.086404,0.069339,-0.085470
21.814508,0.016187,0.086404,0.070217,-0.085470
21.824572,0.015309,0.086404,0.071095,-0.085470
21.834636,0.014431,0.086404,0.071973,-0.085470
21.844700,0.013553,0.086404,0.072852,-0.085470
21.854761,0.012675,0.086404,0.073730,-0.085470
21.864824,0.011796,0.086404,0.074608,-0.085470
21.874888,0.010918,0.086404,0.075486,-0.085470
21.884953,0.010040,0.086404,0.076364,-0.085470
21.895086,0.009155,0.086404,0.077249,-0.085470
21.905149,0.008277,0.086404,0.078127,-0.085470
21.915211,0.007399,0.086404,0.079005,-0.085470
21.925276,0.006521,0.063134,0.056613,-0.158730
21.935338,0.005643,0.063134,0.057491,-0.158730
21.945402,0.004765,0.063134,0.058370,-0.158730
21.955463,0.003887,0.063134,0.059248,-0.158730
21.965525,0.003008,0.063134,0.060126,-0.158730
21.975587,0.002130,0.063134,0.061004,-0.158730
21.985647,0.001253,0.063134,0.061882,-0.158730
21.995707,0.000375,0.063134,0.062760,-0.158730
22.005766,-0.000503,0.063134,0.063637,-0.158730
22.015832,-0.001382,0.063134,0.064516,-0.158730
22.025895,-0.002260,0.063134,0.065394,-0.158730
22.035955,-0.003138,0.063134,0.066272,-0.158730
22.046018,-0.004016,0.063134,0.067150,-0.158730
22.056068,-0.004893,0.063134,0.068027,-0.158730
22.066126,-0.005771,0.063134,0.068905,-0.158730
22.076187,-0.006649,0.063134,0.069783,-0.158730
22.086247,-0.007526,0.063134,0.070661,-0.158730
22.096308,-0.008404,0.063134,0.071539,-0.158730
22.106371,-0.009283,0.063134,0.072417,-0.158730
22.116437,-0.010161,0.063134,0.073295,-0.158730
22.126500,-0.011039,0.063134,0.074173,-0.158730
22.136560,-0.011917,0.063134,0.075051,-0.158730
22.146621,-0.012795,0.063134,0.075929,-0.158730
22.156682,-0.013673,0.063134,0.076807,-0.158730
22.166745,-0.014551,0.063134,0.077685,-0.158730
22.176803,-0.015429,0.063134,0.078563,-0.158730
22.186863,-0.016307,0.063134,0.079441,-0.158730
22.196924,-0.017185,0.063134,0.080319,-0.158730
22.206988,-0.018063,0.063134,0.081197,-0.158730
22.217054,-0.018942,0.063134,0.082076,-0.158730
22.227116,-0.019820,0.063134,0.082954,-0.158730
22.237177,-0.020698,0.063134,0.083832,-0.158730
22.247239,-0.021576,0.063134,0.084710,-0.158730
22.257298,-0.022453,0.063134,0.085588,-0.158730
22.267358,-0.023331,0.063134,0.086466,-0.158730
22.277419,-0.024209,0.063134,0.087344,-0.158730
22.287482,-0.025088,0.017357,0.042445,-0.173382
22.297540,-0.025965,0.017357,0.043322,-0.173382
22.307603,-0.026843,0.017357,0.044201,-0.173382
22.317671,-0.027722,0.009728,0.037450,-0.153846
22.327734,-0.028600,0.009728,0.038328,-0.153846
22.337797,-0.029478,0.009728,0.039206,-0.153846
22.347857,-0.030356,0.009728,0.040084,-0.153846
22.357917,-0.031234,0.009728,0.040962,-0.153846
22.367978,-0.032112,0.009728,0.041840,-0.153846
22.378031,-0.032989,0.009728,0.042717,-0.153846
22.388083,-0.033867,0.009728,0.043594,-0.153846
22.398145,-0.034745,-0.003243,0.031502,-0.095238
22.408207,-0.035623,-0.003243,0.032380,-0.095238
22.418273,-0.036501,-0.003243,0.033259,-0.095238
22.428338,-0.037380,-0.003243,0.034137,-0.095238
22.438400,-0.038258,-0.003243,0.035015,-0.095238
22.448462,-0.039136,-0.003243,0.035893,-0.095238
22.458526,-0.040014,-0.003243,0.036771,-0.095238
22.468585,-0.040892,-0.003243,0.037649,-0.095238
22.478646,-0.041770,-0.003243,0.038527,-0.095238
22.488699,-0.042647,-0.003243,0.039404,-0.095238
22.498759,-0.043525,-0.003243,0.040282,-0.095238
22.508823,-0.044403,-0.003243,0.041161,-0.095238
22.518885,-0.045281,-0.017357,0.027924,-0.114774
22.528970,-0.046161,-0.017357,0.028804,-0.114774
22.539033,-0.047040,-0.017357,0.029682,-0.114774
22.549098,-0.047918,-0.017357,0.030561,-0.114774
22.559162,-0.048796,-0.017357,0.031439,-0.114774
22.569227,-0.049674,-0.017357,0.032317,-0.114774
22.579292,-0.050553,-0.017357,0.033196,-0.114774
22.589354,-0.051431,-0.017357,0.034074,-0.114774
22.599414,-0.052309,-0.017357,0.034952,-0.114774
22.609483,-0.053187,-0.017357,0.035830,-0.114774
22.619550,-0.054066,-0.017357,0.036709,-0.114774
22.629613,-0.054944,-0.017357,0.037587,-0.114774
22.639673,-0.055822,-0.017357,0.038465,-0.114774
22.649733,-0.056700,-0.017357,0.039343,-0.114774
22.659792,-0.057578,-0.017357,0.040221,-0.114774
22.669855,-0.058456,-0.017357,0.041099,-0.114774
22.679915,-0.059334,-0.017357,0.041977,-0.114774
22.689975,-0.060212,-0.017357,0.042855,-0.114774
22.700036,-0.061090,-0.017357,0.043733,-0.114774
22.710103,-0.061968,-0.017357,0.044611,-0.114774
22.720167,-0.062846,-0.017357,0.045489,-0.114774
22.730229,-0.063725,-0.017357,0.046367,-0.114774
22.740291,-0.064603,-0.017357,0.047245,-0.114774
22.750351,-0.065481,-0.017357,0.048123,-0.114774
22.760531,-0.066369,-0.017357,0.049012,-0.114774
22.770593,-0.067247,-0.017357,0.049890,-0.114774
22.780652,-0.068125,-0.017357,0.050768,-0.114774
22.790713,-0.069003,-0.017357,0.051646,-0.114774
22.800778,-0.069881,-0.017357,0.052524,-0.114774
22.810838,-0.070759,-0.017357,0.053402,-0.114774
22.820903,-0.071637,-0.017357,0.054280,-0.114774
22.830966,-0.072516,-0.017357,0.055158,-0.114774
22.841026,-0.073393,-0.017357,0.056036,-0.114774
22.851087,-0.074271,-0.037575,0.036696,-0.124542
22.861152,-0.075150,-0.037575,0.037574,-0.124542
22.871212,-0.076028,-0.037575,0.038452,-0.124542
22.881273,-0.076906,-0.037575,0.039330,-0.124542
22.891332,-0.077783,-0.037575,0.040208,-0.124542
22.901394,-0.078661,-0.037575,0.041086,-0.124542
22.911454,-0.079539,-0.037575,0.041964,-0.124542
22.921521,-0.080418,-0.037575,0.042843,-0.124542
22.931575,-0.081295,-0.037575,0.043720,-0.124542
22.941637,-0.082173,-0.037575,0.044598,-0.124542
22.951695,-0.083051,-0.037575,0.045476,-0.124542
22.961753,-0.083929,-0.037575,0.046353,-0.124542
22.971825,-0.084808,-0.037575,0.047232,-0.124542
22.981884,-0.085686,-0.037575,0.048110,-0.124542
22.991942,-0.086563,-0.037575,0.048988,-0.124542
23.002002,-0.087441,-0.037575,0.049866,-0.124542
23.012061,-0.088319,-0.037575,0.050744,-0.124542
23.022125,-0.089197,-0.037575,0.051622,-0.124542
23.032187,-0.090075,-0.037575,0.052500,-0.124542
23.042247,-0.090953,-0.037575,0.053378,-0.124542
23.052305,-0.091831,-0.037575,0.054256,-0.124542
23.062366,-0.092709,-0.037575,0.055134,-0.124542
23.072425,-0.093587,-0.037575,0.056011,-0.124542
23.082486,-0.094465,-0.037575,0.056889,-0.124542
23.092538,-0.095342,-0.037575,0.057767,-0.124542
23.102598,-0.096220,-0.037575,0.058645,-0.124542
23.112604,-0.097093,-0.037575,0.059518,-0.124542
23.122672,-0.097972,-0.037575,0.060396,-0.124542
23.132736,-0.098850,-0.037575,0.061275,-0.124542
23.142797,-0.099728,-0.037575,0.062153,-0.124542
23.152857,-0.100606,-0.037575,0.063030,-0.124542
23.162918,-0.101484,-0.037575,0.063908,-0.124542
23.172977,-0.102362,-0.064279,0.038083,-0.183150
23.183133,-0.103248,-0.064279,0.038969,-0.183150
23.193192,-0.104126,-0.064279,0.039847,-0.183150
23.203253,-0.105004,-0.064279,0.040725,-0.183150
23.213312,-0.105881,-0.064279,0.041603,-0.183150
23.223380,-0.106760,-0.064279,0.042481,-0.183150
23.233443,-0.107638,-0.064279,0.043360,-0.183150
23.243506,-0.108516,-0.064279,0.044238,-0.183150
23.253565,-0.109394,-0.076867,0.032527,-0.173382
23.263626,-0.110272,-0.076867,0.033405,-0.173382
23.273686,-0.111150,-0.076867,0.034283,-0.173382
23.283744,-0.112028,-0.076867,0.035160,-0.173382
23.293804,-0.112906,-0.076867,0.036038,-0.173382
23.303864,-0.113784,-0.076867,0.036916,-0.173382
23.313932,-0.114662,-0.076867,0.037795,-0.173382
23.323996,-0.115540,-0.076867,0.038673,-0.173382
23.334055,-0.116418,-0.076867,0.039551,-0.173382
23.344115,-0.117296,-0.076867,0.040429,-0.173382
23.354174,-0.118174,-0.076867,0.041307,-0.173382
23.364229,-0.119051,-0.076867,0.042184,-0.173382
23.374290,-0.119929,-0.076867,0.043062,-0.173382
23.384349,-0.120807,-0.076867,0.043940,-0.173382
23.394427,-0.121687,-0.076867,0.044819,-0.173382
23.404488,-0.122565,-0.076867,0.045697,-0.173382
23.414553,-0.123443,-0.076867,0.046576,-0.173382
23.424620,-0.124322,-0.076867,0.047454,-0.173382
23.434682,-0.125200,-0.076867,0.048332,-0.173382
23.444742,-0.126077,-0.076867,0.049210,-0.173382
23.454793,-0.126955,-0.076867,0.050087,-0.173382
23.464853,-0.127833,-0.076867,0.050965,-0.173382
23.474913,-0.128710,-0.076867,0.051843,-0.173382
23.484975,-0.129589,-0.076867,0.052721,-0.173382
23.495036,-0.130466,-0.076867,0.053599,-0.173382
23.505095,-0.131344,-0.076867,0.054477,-0.173382
23.515162,-0.132223,-0.076867,0.055356,-0.173382
23.525227,-0.133101,-0.076867,0.056234,-0.173382
23.535289,-0.133979,-0.076867,0.057112,-0.173382
23.545353,-0.134857,-0.076867,0.057990,-0.173382
23.555412,-0.135735,-0.076867,0.058868,-0.173382
23.565475,-0.136613,-0.076867,0.059746,-0.173382
23.575535,-0.137491,-0.076867,0.060624,-0.173382
23.585597,-0.138369,-0.076867,0.061502,-0.173382
23.595651,-0.139247,-0.076867,0.062379,-0.173382
23.605711,-0.140125,-0.076867,0.063257,-0.173382
23.615767,-0.141002,-0.076867,0.064135,-0.173382
23.625830,-0.141880,-0.076867,0.065013,-0.173382
23.635890,-0.142758,-0.076867,0.065891,-0.173382
23.645950,-0.143636,-0.076867,0.066769,-0.173382
23.656012,-0.144514,-0.076867,0.067647,-0.173382
23.666071,-0.145392,-0.076867,0.068525,-0.173382
23.676130,-0.146270,-0.076867,0.069403,-0.173382
23.686188,-0.147148,-0.076867,0.070280,-0.173382
23.696250,-0.148026,-0.076867,0.071158,-0.173382
23.706309,-0.148904,-0.076867,0.072036,-0.173382
23.716370,-0.149782,-0.076867,0.072914,-0.173382
23.726426,-0.150659,-0.076867,0.073792,-0.173382
23.736485,-0.151537,-0.076867,0.074670,-0.173382
23.746546,-0.152415,-0.076867,0.075548,-0.173382
23.756606,-0.153293,-0.076867,0.076425,-0.173382
23.766669,-0.154171,-0.076867,0.077304,-0.173382
23.776733,-0.155049,-0.076867,0.078182,-0.173382
23.786793,-0.155927,-0.076867,0.079060,-0.173382
23.796854,-0.156805,-0.076867,0.079938,-0.173382
23.806914,-0.157683,-0.076867,0.080816,-0.173382
23.816979,-0.158561,-0.076867,0.081694,-0.173382
23.827042,-0.159439,-0.076867,0.082572,-0.173382
23.837202,-0.160326,-0.076867,0.083459,-0.173382
23.847263,-0.161204,-0.076867,0.084337,-0.173382
23.857323,-0.162082,-0.076867,0.085215,-0.173382
23.867387,-0.162960,-0.076867,0.086093,-0.173382
23.877447,-0.163838,-0.076867,0.086971,-0.173382
23.887510,-0.164716,-0.076867,0.087849,-0.173382
23.897574,-0.165595,-0.076867,0.088727,-0.173382
23.907633,-0.166472,-0.076867,0.089605,-0.173382
23.917697,-0.167351,-0.076867,0.090483,-0.173382
23.927760,-0.168229,-0.076867,0.091361,-0.173382
23.937821,-0.169107,-0.076867,0.092239,-0.173382
23.947881,-0.169985,-0.076867,0.093117,-0.173382
23.957946,-0.170863,-0.076867,0.093996,-0.173382
23.968005,-0.171741,-0.076867,0.094874,-0.173382
23.978068,-0.172619,-0.076867,0.095752,-0.173382
23.988128,-0.173497,-0.076867,0.096630,-0.173382
23.998190,-0.174375,-0.076867,0.097508,-0.173382
24.008254,-0.175253,-0.076867,0.098386,-0.173382
24.018321,-0.176132,-0.076867,0.099264,-0.173382
24.028385,-0.177010,-0.076867,0.100143,-0.173382
24.038446,-0.177888,-0.076867,0.101021,-0.173382
24.048507,-0.178766,-0.076867,0.101899,-0.173382
24.058572,-0.179644,-0.076867,0.102777,-0.173382
24.068634,-0.180522,-0.076867,0.103655,-0.173382
24.078695,-0.181400,-0.102045,0.079356,-0.207570
24.088754,-0.182278,-0.102045,0.080233,-0.207570
24.098816,-0.183156,-0.102045,0.081112,-0.207570
24.108875,-0.184034,-0.102045,0.081989,-0.207570
24.118944,-0.184913,-0.102045,0.082868,-0.207570
24.129008,-0.185791,-0.102045,0.083746,-0.207570
24.139069,-0.186669,-0.102045,0.084624,-0.207570
24.149133,-0.187547,-0.102045,0.085503,-0.207570
24.159191,-0.188425,-0.102045,0.086380,-0.207570
24.169252,-0.189303,-0.102045,0.087258,-0.207570
24.179314,-0.190181,-0.102045,0.088136,-0.207570
24.189375,-0.191059,-0.102045,0.089014,-0.207570
24.199435,-0.191937,-0.142863,0.049074,-0.153846
24.209496,-0.192815,-0.142863,0.049952,-0.153846
24.219558,-0.193693,-0.147059,0.046634,-0.124542
24.229623,-0.194571,-0.147059,0.047513,-0.124542
24.239684,-0.195449,-0.147059,0.048390,-0.124542
24.249748,-0.196328,-0.147059,0.049269,-0.124542
24.259808,-0.197205,-0.147059,0.050147,-0.124542
24.269869,-0.198083,-0.147059,0.051025,-0.124542
24.279927,-0.198961,-0.147059,0.051902,-0.124542
24.289986,-0.199839,-0.147059,0.052780,-0.124542
24.300048,-0.200717,-0.147059,0.053658,-0.124542
24.310109,-0.201595,-0.147059,0.054536,-0.124542
24.320168,-0.202473,-0.147059,0.055414,-0.124542
24.330227,-0.203351,-0.167659,0.035692,-0.114774
24.340290,-0.204229,-0.167659,0.036570,-0.114774
24.350355,-0.205107,-0.167659,0.037449,-0.114774
24.360415,-0.205985,-0.167659,0.038327,-0.114774
24.370477,-0.206863,-0.167659,0.039205,-0.114774
24.380542,-0.207741,-0.167659,0.040083,-0.114774
24.390602,-0.208619,-0.167659,0.040961,-0.114774
24.400665,-0.209498,-0.178721,0.030776,-0.119658
24.410729,-0.210376,-0.178721,0.031654,-0.119658
24.420788,-0.211254,-0.178721,0.032532,-0.119658
24.430852,-0.212132,-0.178721,0.033411,-0.119658
24.440916,-0.213010,-0.178721,0.034289,-0.119658
24.450977,-0.213888,-0.178721,0.035167,-0.119658
24.461039,-0.214766,-0.178721,0.036045,-0.119658
24.471099,-0.215644,-0.178721,0.036923,-0.119658
24.481162,-0.216522,-0.178721,0.037801,-0.119658
24.491219,-0.217400,-0.178721,0.038679,-0.119658
24.501281,-0.218278,-0.178721,0.039557,-0.119658
24.511345,-0.219156,-0.178721,0.040435,-0.119658
24.521406,-0.220034,-0.178721,0.041313,-0.119658
24.531469,-0.220912,-0.178721,0.042191,-0.119658
24.541531,-0.221790,-0.178721,0.043069,-0.119658
24.551590,-0.222668,-0.178721,0.043947,-0.119658
24.561655,-0.223547,-0.178721,0.044825,-0.119658
24.571719,-0.224425,-0.178721,0.045704,-0.119658
24.581784,-0.225303,-0.178721,0.046582,-0.119658
24.591846,-0.226181,-0.178721,0.047460,-0.119658
24.601900,-0.227059,-0.178721,0.048337,-0.119658
24.611964,-0.227937,-0.178721,0.049216,-0.119658
24.622028,-0.228815,-0.178721,0.050094,-0.119658
24.632092,-0.229693,-0.178721,0.050972,-0.119658
24.642157,-0.230572,-0.178721,0.051850,-0.119658
24.652219,-0.231450,-0.178721,0.052728,-0.119658
24.662282,-0.232328,-0.178721,0.053607,-0.119658
24.672347,-0.233206,-0.178721,0.054485,-0.119658
24.682411,-0.234084,-0.178721,0.055363,-0.119658
24.692476,-0.234963,-0.178721,0.056242,-0.119658
24.702579,-0.235845,-0.178721,0.057123,-0.119658
24.712642,-0.236723,-0.178721,0.058001,-0.119658
24.722703,-0.237601,-0.178721,0.058879,-0.119658
24.732765,-0.238479,-0.178721,0.059757,-0.119658
24.742825,-0.239357,-0.178721,0.060635,-0.119658
24.752887,-0.240235,-0.178721,0.061513,-0.119658
24.762950,-0.241113,-0.178721,0.062392,-0.119658
24.773014,-0.241991,-0.178721,0.063270,-0.119658
24.783076,-0.242869,-0.178721,0.064148,-0.119658
24.793137,-0.243747,-0.178721,0.065026,-0.119658
24.803199,-0.244625,-0.201991,0.042634,-0.148962
24.813264,-0.245504,-0.201991,0.043512,-0.148962
24.823326,-0.246382,-0.201991,0.044390,-0.148962
24.833389,-0.247260,-0.201991,0.045269,-0.148962
24.843453,-0.248138,-0.201991,0.046147,-0.148962
24.853517,-0.249016,-0.201991,0.047025,-0.148962
24.863582,-0.249895,-0.201991,0.047903,-0.148962
24.873644,-0.250773,-0.201991,0.048781,-0.148962
24.883707,-0.251651,-0.201991,0.049660,-0.148962
24.893771,-0.252529,-0.201991,0.050538,-0.148962
24.903836,-0.253407,-0.201991,0.051416,-0.148962
24.913898,-0.254286,-0.221065,0.033220,-0.168498
24.923958,-0.255163,-0.221065,0.034098,-0.168498
24.934022,-0.256042,-0.221065,0.034977,-0.168498
24.944071,-0.256919,-0.221065,0.035854,-0.168498
24.954126,-0.257796,-0.221065,0.036731,-0.168498
24.964189,-0.258674,-0.221065,0.037609,-0.168498
24.974254,-0.259553,-0.221065,0.038488,-0.168498
24.984319,-0.260431,-0.221065,0.039366,-0.168498
24.994381,-0.261309,-0.221065,0.040244,-0.168498
25.004441,-0.261412,-0.221065,0.040347,-0.168498
25.014505,-0.260534,-0.221065,0.039468,-0.168498
25.024568,-0.259655,-0.221065,0.038590,-0.168498
25.034631,-0.258777,-0.221065,0.037712,-0.168498
25.044695,-0.257899,-0.221065,0.036834,-0.168498
25.054759,-0.257021,-0.221065,0.035956,-0.168498
25.064824,-0.256142,-0.221065,0.035077,-0.168498
25.074886,-0.255264,-0.221065,0.034199,-0.168498
25.084949,-0.254386,-0.221065,0.033321,-0.168498
25.095012,-0.253508,-0.221065,0.032443,-0.168498
25.105077,-0.252630,-0.221065,0.031565,-0.168498
25.115132,-0.251752,-0.221065,0.030687,-0.168498
25.125194,-0.250874,-0.221065,0.029809,-0.168498
25.135257,-0.249996,-0.221065,0.028931,-0.168498
25.145320,-0.249118,-0.221065,0.028053,-0.168498
25.155385,-0.248239,-0.221065,0.027174,-0.168498
25.165450,-0.247361,-0.221065,0.026296,-0.168498
25.175512,-0.246483,-0.221065,0.025418,-0.168498
25.185575,-0.245605,-0.221065,0.024540,-0.168498
25.195639,-0.244727,-0.221065,0.023662,-0.168498
25.205704,-0.243848,-0.221065,0.022783,-0.168498
25.215765,-0.242970,-0.221065,0.021905,-0.168498
25.225828,-0.242092,-0.221065,0.021027,-0.168498
25.235891,-0.241214,-0.221065,0.020149,-0.168498
25.245956,-0.240336,-0.221065,0.019271,-0.168498
25.256018,-0.239458,-0.221065,0.018393,-0.168498
25.266073,-0.238580,-0.221065,0.017515,-0.168498
25.276136,-0.237702,-0.221065,0.016637,-0.168498
25.286199,-0.236824,-0.221065,0.015759,-0.168498
25.296265,-0.235945,-0.221065,0.014880,-0.168498
25.306326,-0.235067,-0.221065,0.014002,-0.168498
25.316389,-0.234189,-0.221065,0.013124,-0.168498
25.326453,-0.233311,-0.221065,0.012246,-0.168498
25.336519,-0.232433,-0.221065,0.011367,-0.168498
25.346583,-0.231554,-0.221065,0.010489,-0.168498
25.356741,-0.230668,-0.221065,0.009603,-0.168498
25.366805,-0.229790,-0.221065,0.008725,-0.168498
25.376867,-0.228911,-0.221065,0.007846,-0.168498
25.386921,-0.228034,-0.221065,0.006969,-0.168498
25.396972,-0.227157,-0.221065,0.006092,-0.168498
25.407024,-0.226280,-0.221065,0.005215,-0.168498
25.417076,-0.225403,-0.221065,0.004338,-0.168498
25.427129,-0.224525,-0.221065,0.003460,-0.168498
25.437194,-0.223647,-0.221065,0.002582,-0.168498
25.447259,-0.222769,-0.221065,0.001704,-0.168498
25.457312,-0.221891,-0.221065,0.000826,-0.168498
25.467375,-0.221013,-0.221065,-0.000052,-0.168498
25.477439,-0.220135,-0.221065,-0.000930,-0.168498
25.487503,-0.219257,-0.221065,-0.001808,-0.168498
25.497556,-0.218379,-0.221065,-0.002686,-0.168498
25.507617,-0.217501,-0.221065,-0.003564,-0.168498
25.517683,-0.216623,-0.247005,-0.030382,-0.197802
25.527744,-0.215745,-0.247005,-0.031260,-0.197802
25.537805,-0.214867,-0.247005,-0.032138,-0.197802
25.547866,-0.213989,-0.247005,-0.033016,-0.197802
25.557930,-0.213111,-0.242809,-0.029698,0.056166
25.567991,-0.212233,-0.242809,-0.030576,0.056166
25.578054,-0.211355,-0.242809,-0.031455,0.056166
25.588114,-0.210477,-0.242809,-0.032332,0.056166
25.598168,-0.209599,-0.242809,-0.033210,0.056166
25.608230,-0.208721,-0.242809,-0.034088,0.056166
25.618284,-0.207844,-0.242809,-0.034965,0.056166
25.628337,-0.206967,-0.242809,-0.035843,0.056166
25.638399,-0.206089,-0.242809,-0.036721,0.056166
25.648460,-0.205211,-0.242809,-0.037599,0.056166
25.658521,-0.204333,-0.242809,-0.038477,0.056166
25.668584,-0.203454,-0.242809,-0.039355,0.056166
25.678648,-0.202576,-0.242809,-0.040233,0.056166
25.688709,-0.201698,-0.242809,-0.041111,0.056166
25.698772,-0.200820,-0.242809,-0.041989,0.056166
25.708836,-0.199942,-0.242809,-0.042867,0.056166
25.718889,-0.199064,-0.242809,-0.043745,0.056166
25.728941,-0.198187,-0.242809,-0.044622,0.056166
25.738994,-0.197310,-0.242809,-0.045499,0.056166
25.749047,-0.196433,-0.242809,-0.046376,0.056166
25.759062,-0.195559,-0.242809,-0.047250,0.056166
25.769124,-0.194681,-0.242809,-0.048129,0.056166
25.779177,-0.193803,-0.226787,-0.032984,0.178266
25.789240,-0.192925,-0.226787,-0.033862,0.178266
25.799370,-0.192041,-0.226787,-0.034746,0.178266
25.809433,-0.191163,-0.226787,-0.035624,0.178266
25.819492,-0.190285,-0.226787,-0.036502,0.178266
25.829554,-0.189407,-0.226787,-0.037380,0.178266
25.839613,-0.188529,-0.226787,-0.038258,0.178266
25.849676,-0.187651,-0.226787,-0.039136,0.178266
25.859737,-0.186773,-0.226787,-0.040014,0.178266
25.869797,-0.185895,-0.226787,-0.040892,0.178266
25.879860,-0.185017,-0.226787,-0.041770,0.178266
25.889920,-0.184139,-0.226787,-0.042648,0.178266
25.899983,-0.183261,-0.226787,-0.043526,0.178266
25.910044,-0.182383,-0.226787,-0.044404,0.178266
25.920105,-0.181505,-0.226787,-0.045282,0.178266
25.930163,-0.180627,-0.226787,-0.046160,0.178266
25.940225,-0.179749,-0.226787,-0.047038,0.178266
25.950288,-0.178871,-0.226787,-0.047916,0.178266
25.960350,-0.177993,-0.226787,-0.048794,0.178266
25.970413,-0.177115,-0.226787,-0.049672,0.178266
25.980472,-0.176237,-0.226787,-0.050550,0.178266
25.990530,-0.175359,-0.226787,-0.051428,0.178266
26.000590,-0.174481,-0.226787,-0.052306,0.178266
26.010660,-0.173603,-0.226787,-0.053185,0.178266
26.020712,-0.172725,-0.208095,-0.035369,0.178266
26.030774,-0.171847,-0.208095,-0.036247,0.178266
26.040833,-0.170970,-0.208095,-0.037125,0.178266
26.050894,-0.170092,-0.208095,-0.038003,0.178266
26.060954,-0.169214,-0.208095,-0.038881,0.178266
26.071017,-0.168336,-0.208095,-0.039759,0.178266
26.081074,-0.167458,-0.200084,-0.032626,0.183150
26.091133,-0.166580,-0.200084,-0.033504,0.183150
26.101194,-0.165702,-0.200084,-0.034382,0.183150
26.111253,-0.164824,-0.200084,-0.035260,0.183150
26.121315,-0.163946,-0.200084,-0.036138,0.183150
26.131379,-0.163068,-0.200084,-0.037016,0.183150
26.141440,-0.162190,-0.200084,-0.037894,0.183150
26.151503,-0.161312,-0.189784,-0.028472,0.041514
26.161562,-0.160434,-0.189784,-0.029350,0.041514
26.171625,-0.159556,-0.189784,-0.030228,0.041514
26.181684,-0.158678,-0.189784,-0.031106,0.041514
26.191746,-0.157800,-0.189784,-0.031984,0.041514
26.201810,-0.156922,-0.189784,-0.032862,0.041514
26.211869,-0.156044,-0.189784,-0.033740,0.041514
26.221933,-0.155166,-0.189784,-0.034618,0.041514
26.231996,-0.154287,-0.189784,-0.035497,0.041514
26.242057,-0.153410,-0.189784,-0.036375,0.041514
26.252117,-0.152532,-0.189784,-0.037253,0.041514
26.262182,-0.151653,-0.189784,-0.038131,0.041514
26.272243,-0.150775,-0.189784,-0.039009,0.041514
26.282306,-0.149897,-0.189784,-0.039887,0.041514
26.292365,-0.149019,-0.189784,-0.040765,0.041514
26.302427,-0.148141,-0.189784,-0.041643,0.041514
26.312486,-0.147263,-0.189784,-0.042521,0.041514
26.322548,-0.146385,-0.189784,-0.043399,0.041514
26.332607,-0.145508,-0.189784,-0.044277,0.041514
26.342667,-0.144630,-0.174907,-0.030277,0.105006
26.352728,-0.143752,-0.174907,-0.031155,0.105006
26.362788,-0.142874,-0.174907,-0.032033,0.105006
26.372849,-0.141996,-0.174907,-0.032911,0.105006
26.382900,-0.141119,-0.174907,-0.033788,0.105006
26.392959,-0.140241,-0.174907,-0.034666,0.105006
26.403021,-0.139363,-0.174907,-0.035544,0.105006
26.413081,-0.138485,-0.174907,-0.036422,0.105006
26.423148,-0.137606,-0.174907,-0.037300,0.105006
26.433209,-0.136728,-0.174907,-0.038178,0.105006
26.443268,-0.135851,-0.174907,-0.039056,0.105006
26.453328,-0.134973,-0.174907,-0.039934,0.105006
26.463389,-0.134095,-0.174907,-0.040812,0.105006
26.473451,-0.133217,-0.174907,-0.041690,0.105006
26.483510,-0.132339,-0.174907,-0.042568,0.105006
26.493564,-0.131461,-0.174907,-0.043445,0.105006
26.503626,-0.130583,-0.174907,-0.044323,0.105006
26.513687,-0.129705,-0.174907,-0.045201,0.105006
26.523748,-0.128827,-0.174907,-0.046079,0.105006
26.533809,-0.127949,-0.174907,-0.046957,0.105006
26.543870,-0.127071,-0.174907,-0.047835,0.105006
26.553930,-0.126193,-0.174907,-0.048713,0.105006
26.563991,-0.125315,-0.174907,-0.049591,0.105006
26.574054,-0.124437,-0.174907,-0.050469,0.105006
26.584116,-0.123559,-0.174907,-0.051347,0.105006
26.594180,-0.122681,-0.174907,-0.052226,0.105006
26.604241,-0.121803,-0.174907,-0.053104,0.105006
26.614302,-0.120925,-0.174907,-0.053982,0.105006
26.624364,-0.120047,-0.174907,-0.054860,0.105006
26.634424,-0.119169,-0.174907,-0.055738,0.105006
26.644487,-0.118291,-0.174907,-0.056616,0.105006
26.654550,-0.117413,-0.174907,-0.057494,0.105006
26.664613,-0.116535,-0.174907,-0.058372,0.105006
26.674674,-0.115657,-0.174907,-0.059250,0.105006
26.684734,-0.114779,-0.174907,-0.060128,0.105006
26.694795,-0.113901,-0.174907,-0.061006,0.105006
26.704854,-0.113023,-0.174907,-0.061884,0.105006
26.714908,-0.112145,-0.174907,-0.062761,0.105006
26.724961,-0.111268,-0.174907,-0.063638,0.105006
26.735022,-0.110390,-0.174907,-0.064516,0.105006
26.745071,-0.109513,-0.174907,-0.065393,0.105006
26.755126,-0.108636,-0.174907,-0.066271,0.105006
26.765189,-0.107758,-0.174907,-0.067149,0.105006
26.775251,-0.106880,-0.174907,-0.068027,0.105006
26.785314,-0.106001,-0.174907,-0.068905,0.105006
26.795378,-0.105123,-0.174907,-0.069783,0.105006
26.805442,-0.104245,-0.174907,-0.070662,0.105006
26.815504,-0.103367,-0.174907,-0.071540,0.105006
26.825567,-0.102489,-0.174907,-0.072418,0.105006
26.835632,-0.101610,-0.174907,-0.073296,0.105006
26.845696,-0.100732,-0.174907,-0.074175,0.105006
26.855761,-0.099854,-0.152399,-0.052546,0.075702
26.865823,-0.098976,-0.152399,-0.053424,0.075702
26.875996,-0.098088,-0.152399,-0.054312,0.075702
26.886061,-0.097210,-0.152399,-0.055190,0.075702
26.896070,-0.096336,-0.152399,-0.056063,0.075702
26.906104,-0.095460,-0.152399,-0.056939,0.075702
26.916171,-0.094582,-0.152399,-0.057818,0.075702
26.926234,-0.093704,-0.152399,-0.058696,0.075702
26.936295,-0.092826,-0.152399,-0.059574,0.075702
26.946358,-0.091948,-0.152399,-0.060452,0.075702
26.956419,-0.091070,-0.152399,-0.061330,0.075702
26.966483,-0.090191,-0.152399,-0.062208,0.075702
26.976545,-0.089313,-0.152399,-0.063086,0.075702
26.986607,-0.088435,-0.152399,-0.063964,0.075702
26.996672,-0.087557,-0.152399,-0.064843,0.075702
27.006732,-0.086679,-0.152399,-0.065721,0.075702
27.016799,-0.085800,-0.152399,-0.066599,0.075702
27.026864,-0.084922,-0.152399,-0.067477,0.075702
27.036928,-0.084044,-0.152399,-0.068356,0.075702
27.046989,-0.083166,-0.152399,-0.069234,0.075702
27.057051,-0.082288,-0.152399,-0.070112,0.075702
27.067072,-0.081413,-0.152399,-0.070986,0.075702
27.077126,-0.080536,-0.152399,-0.071864,0.075702
27.087232,-0.079654,-0.152399,-0.072745,0.075702
27.097294,-0.078776,-0.152399,-0.073623,0.075702
27.107354,-0.077898,-0.152399,-0.074501,0.075702
27.117425,-0.077019,-0.152399,-0.075380,0.075702
27.127487,-0.076141,-0.152399,-0.076258,0.075702
27.137551,-0.075263,-0.115015,-0.039752,0.056166
27.147611,-0.074385,-0.115015,-0.040630,0.056166
27.157674,-0.073507,-0.115015,-0.041508,0.056166
27.167735,-0.072629,-0.115015,-0.042386,0.056166
27.177797,-0.071751,-0.107004,-0.035253,0.075702
27.187860,-0.070873,-0.107004,-0.036131,0.075702
27.197924,-0.069994,-0.107004,-0.037010,0.075702
27.207985,-0.069116,-0.107004,-0.037888,0.075702
27.218050,-0.068238,-0.107004,-0.038766,0.075702
27.228111,-0.067360,-0.107004,-0.039644,0.075702
27.238173,-0.066482,-0.107004,-0.040522,0.075702
27.248235,-0.065604,-0.098230,-0.032626,0.144078
27.258298,-0.064726,-0.098230,-0.033504,0.144078
27.268362,-0.063847,-0.098230,-0.034382,0.144078
27.278423,-0.062970,-0.098230,-0.035260,0.144078
27.288486,-0.062091,-0.098230,-0.036139,0.144078
27.298547,-0.061213,-0.098230,-0.037017,0.144078
27.308609,-0.060335,-0.098230,-0.037895,0.144078
27.318811,-0.059445,-0.088693,-0.029248,0.061050
27.328874,-0.058567,-0.088693,-0.030126,0.061050
27.338935,-0.057689,-0.088693,-0.031004,0.061050
27.348997,-0.056811,-0.088693,-0.031882,0.061050
27.359058,-0.055933,-0.088693,-0.032760,0.061050
27.369068,-0.055059,-0.088693,-0.033634,0.061050
27.379121,-0.054182,-0.088693,-0.034511,0.061050
27.389172,-0.053305,-0.088693,-0.035388,0.061050
27.399233,-0.052427,-0.088693,-0.036266,0.061050
27.409297,-0.051549,-0.088693,-0.037144,0.061050
27.419362,-0.050670,-0.088693,-0.038023,0.061050
27.429427,-0.049792,-0.088693,-0.038901,0.061050
27.439491,-0.048914,-0.088693,-0.039779,0.061050
27.449552,-0.048036,-0.088693,-0.040657,0.061050
27.459616,-0.047157,-0.088693,-0.041536,0.061050
27.469680,-0.046279,-0.088693,-0.042414,0.061050
27.479743,-0.045401,-0.088693,-0.043292,0.061050
27.489808,-0.044523,-0.088693,-0.044170,0.061050
27.499870,-0.043645,-0.088693,-0.045048,0.061050
27.509931,-0.042767,-0.088693,-0.045926,0.061050
27.520000,-0.041888,-0.088693,-0.046805,0.061050
27.530066,-0.041009,-0.088693,-0.047684,0.061050
27.540122,-0.040132,-0.088693,-0.048561,0.061050
27.550285,-0.039245,-0.088693,-0.049448,0.061050
27.560337,-0.038368,-0.088693,-0.050325,0.061050
27.570398,-0.037490,-0.088693,-0.051203,0.061050
27.580462,-0.036612,-0.088693,-0.052081,0.061050
27.590527,-0.035733,-0.088693,-0.052960,0.061050
27.600580,-0.034856,-0.088693,-0.053837,0.061050
27.610641,-0.033978,-0.088693,-0.054715,0.061050
27.620696,-0.033101,-0.088693,-0.055593,0.061050
27.630748,-0.032223,-0.088693,-0.056470,0.061050
27.640808,-0.031345,-0.088693,-0.057348,0.061050
27.650871,-0.030467,-0.088693,-0.058226,0.061050
27.660934,-0.029589,-0.069619,-0.040030,0.134310
27.670997,-0.028711,-0.069619,-0.040908,0.134310
27.681058,-0.027833,-0.069619,-0.041786,0.134310
27.691074,-0.026959,-0.069619,-0.042660,0.134310
27.701138,-0.026081,-0.069619,-0.043539,0.134310
27.711192,-0.025203,-0.069619,-0.044416,0.134310
27.721247,-0.024326,-0.069619,-0.045293,0.134310
27.731301,-0.023448,-0.069619,-0.046171,0.134310
27.741362,-0.022570,-0.069619,-0.047049,0.134310
27.751425,-0.021692,-0.069619,-0.047927,0.134310
27.761495,-0.020813,-0.069619,-0.048806,0.134310
27.771558,-0.019935,-0.069619,-0.049684,0.134310
27.781622,-0.019057,-0.069619,-0.050562,0.134310
27.791686,-0.018179,-0.069619,-0.051440,0.134310
27.801730,-0.017302,-0.069619,-0.052317,0.134310
27.811793,-0.016424,-0.069619,-0.053195,0.134310
27.821854,-0.015546,-0.069619,-0.054073,0.134310
27.831919,-0.014668,-0.069619,-0.054951,0.134310
27.841982,-0.013790,-0.069619,-0.055830,0.134310
27.852041,-0.012912,-0.069619,-0.056707,0.134310
27.862106,-0.012033,-0.069619,-0.057586,0.134310
27.872168,-0.011155,-0.069619,-0.058464,0.134310
27.882230,-0.010277,-0.045968,-0.035690,0.163614
27.892294,-0.009399,-0.045968,-0.036569,0.163614
27.902356,-0.008521,-0.045968,-0.037447,0.163614
27.912416,-0.007643,-0.045968,-0.038325,0.163614
27.922481,-0.006765,-0.045968,-0.039203,0.163614
27.932542,-0.005887,-0.045968,-0.040081,0.163614
27.942605,-0.005009,-0.045968,-0.040959,0.163614
27.952666,-0.004131,-0.045968,-0.041837,0.163614
27.962728,-0.003253,-0.045968,-0.042715,0.163614
27.972781,-0.002375,-0.045968,-0.043593,0.163614
27.982845,-0.001497,-0.045968,-0.044471,0.163614
27.992910,-0.000619,-0.045968,-0.045349,0.163614
28.002970,0.000259,-0.045968,-0.046227,0.163614
28.013032,0.001137,-0.045968,-0.047105,0.163614
28.023097,0.002016,-0.045968,-0.047983,0.163614
28.033158,0.002894,-0.045968,-0.048861,0.163614
28.043221,0.003772,-0.045968,-0.049740,0.163614
28.053285,0.004650,-0.045968,-0.050618,0.163614
28.063350,0.005528,-0.045968,-0.051496,0.163614
28.073411,0.006406,-0.045968,-0.052374,0.163614
28.083465,0.007284,-0.045968,-0.053252,0.163614
28.093529,0.008162,-0.045968,-0.054130,0.163614
28.103592,0.009040,-0.045968,-0.055008,0.163614
28.113658,0.009919,-0.045968,-0.055886,0.163614
28.123711,0.010796,-0.045968,-0.056764,0.163614
28.133773,0.011674,-0.045968,-0.057642,0.163614
28.143834,0.012552,-0.045968,-0.058520,0.163614
28.153900,0.013430,-0.045968,-0.059398,0.163614
28.163964,0.014309,-0.023461,-0.037769,0.173382
28.174026,0.015187,-0.023461,-0.038647,0.173382
28.184073,0.016063,-0.023461,-0.039524,0.173382
28.194136,0.016942,-0.023461,-0.040402,0.173382
28.204265,0.017826,-0.023461,-0.041286,0.173382
28.214328,0.018704,-0.023461,-0.042164,0.173382
28.224390,0.019582,-0.023461,-0.043042,0.173382
28.234451,0.020460,-0.023461,-0.043920,0.173382
28.244512,0.021338,-0.023461,-0.044798,0.173382
28.254576,0.022216,-0.023461,-0.045677,0.173382
28.264637,0.023094,-0.023461,-0.046555,0.173382
28.274700,0.023972,-0.023461,-0.047433,0.173382
28.284761,0.024850,-0.023461,-0.048311,0.173382
28.294823,0.025728,-0.023461,-0.049189,0.173382
28.304887,0.026606,-0.005913,-0.032519,0.124542
28.314951,0.027485,-0.005913,-0.033398,0.124542
28.325014,0.028363,-0.005913,-0.034276,0.124542
28.335077,0.029241,-0.005913,-0.035154,0.124542
28.345132,0.030118,-0.005913,-0.036031,0.124542
28.355193,0.030996,-0.005913,-0.036909,0.124542
28.365255,0.031874,-0.005913,-0.037787,0.124542
28.375308,0.032752,-0.005913,-0.038665,0.124542
28.385361,0.033629,-0.005913,-0.039542,0.124542
28.395414,0.034506,-0.005913,-0.040419,0.124542
28.405476,0.035384,-0.005913,-0.041297,0.124542
28.415539,0.036263,-0.005913,-0.042175,0.124542
28.425604,0.037141,-0.005913,-0.043054,0.124542
28.435666,0.038019,-0.005913,-0.043932,0.124542
28.445728,0.038897,-0.005913,-0.044810,0.124542
28.455786,0.039775,-0.005913,-0.045688,0.124542
28.465848,0.040653,-0.005913,-0.046566,0.124542
28.475908,0.041531,-0.005913,-0.047444,0.124542
28.485968,0.042409,-0.005913,-0.048322,0.124542
28.496021,0.043286,-0.005913,-0.049199,0.124542
28.506068,0.044163,-0.005913,-0.050076,0.124542
28.516126,0.045041,-0.005913,-0.050953,0.124542
28.526188,0.045919,-0.005913,-0.051831,0.124542
28.536249,0.046797,-0.005913,-0.052709,0.124542
28.546311,0.047675,-0.005913,-0.053588,0.124542
28.556375,0.048553,-0.005913,-0.054466,0.124542
28.566428,0.049430,-0.005913,-0.055343,0.124542
28.576491,0.050308,-0.005913,-0.056221,0.124542
28.586551,0.051186,-0.005913,-0.057099,0.124542
28.596607,0.052064,-0.005913,-0.057977,0.124542
28.606672,0.052942,-0.005913,-0.058855,0.124542
28.616731,0.053820,-0.005913,-0.059733,0.124542
28.626795,0.054698,-0.005913,-0.060611,0.124542
28.636855,0.055576,-0.005913,-0.061489,0.124542
28.646970,0.056459,-0.005913,-0.062372,0.124542
28.657031,0.057337,-0.005913,-0.063250,0.124542
28.667092,0.058215,-0.005913,-0.064128,0.124542
28.677154,0.059093,-0.005913,-0.065006,0.124542
28.687213,0.059971,-0.005913,-0.065884,0.124542
28.697274,0.060849,0.016594,-0.044254,0.075702
28.707328,0.061726,0.016594,-0.045132,0.075702
28.717385,0.062604,0.016594,-0.046009,0.075702
28.727435,0.063481,0.016594,-0.046887,0.075702
28.737484,0.064358,0.016594,-0.047763,0.075702
28.747546,0.065236,0.016594,-0.048642,0.075702
28.757607,0.066114,0.028038,-0.038075,0.065934
28.767666,0.066991,0.028038,-0.038953,0.065934
28.777728,0.067870,0.028038,-0.039831,0.065934
28.787788,0.068748,0.028038,-0.040709,0.065934
28.797849,0.069625,0.028038,-0.041587,0.065934
28.807909,0.070503,0.028038,-0.042465,0.065934
28.817974,0.071382,0.028038,-0.043343,0.065934
28.828027,0.072259,0.028038,-0.044220,0.065934
28.838086,0.073137,0.028038,-0.045098,0.065934
28.848147,0.074015,0.028038,-0.045976,0.065934
28.858209,0.074893,0.028038,-0.046854,0.065934
28.868271,0.075771,0.028038,-0.047732,0.065934
28.878333,0.076649,0.028038,-0.048611,0.065934
28.888392,0.077527,0.028038,-0.049488,0.065934
28.898454,0.078405,0.028038,-0.050366,0.065934
28.908513,0.079283,0.028038,-0.051244,0.065934
28.918583,0.080161,0.028038,-0.052123,0.065934
28.928643,0.081039,0.028038,-0.053001,0.065934
28.938705,0.081917,0.028038,-0.053879,0.065934
28.948766,0.082795,0.028038,-0.054757,0.065934
28.958828,0.083674,0.028038,-0.055635,0.065934
28.968893,0.084552,0.028038,-0.056513,0.065934
28.978952,0.085430,0.028038,-0.057391,0.065934
28.989011,0.086307,0.028038,-0.058269,0.065934
28.999071,0.087185,0.028038,-0.059147,0.065934
29.009131,0.088063,0.050927,-0.037136,0.202686
29.019199,0.088942,0.050927,-0.038015,0.202686
29.029262,0.089820,0.050927,-0.038893,0.202686
29.039323,0.090698,0.050927,-0.039771,0.202686
29.049381,0.091576,0.050927,-0.040649,0.202686
29.059440,0.092454,0.050927,-0.041527,0.202686
29.069502,0.093332,0.050927,-0.042405,0.202686
29.079561,0.094210,0.050927,-0.043283,0.202686
29.089622,0.095087,0.050927,-0.044160,0.202686
29.099682,0.095965,0.050927,-0.045038,0.202686
29.109743,0.096843,0.050927,-0.045916,0.202686
29.119809,0.097722,0.050927,-0.046795,0.202686
29.129868,0.098600,0.050927,-0.047673,0.202686
29.139930,0.099478,0.050927,-0.048551,0.202686
29.149989,0.100355,0.050927,-0.049428,0.202686
29.160050,0.101233,0.050927,-0.050306,0.202686
29.170111,0.102111,0.050927,-0.051184,0.202686
29.180173,0.102990,0.050927,-0.052063,0.202686
29.190234,0.103868,0.050927,-0.052941,0.202686
29.200295,0.104745,0.050927,-0.053819,0.202686
29.210355,0.105623,0.050927,-0.054696,0.202686
29.220419,0.106502,0.050927,-0.055575,0.202686
29.230481,0.107380,0.050927,-0.056453,0.202686
29.240540,0.108258,0.050927,-0.057331,0.202686
29.250602,0.109136,0.050927,-0.058209,0.202686
29.260666,0.110014,0.050927,-0.059087,0.202686
29.270725,0.110892,0.050927,-0.059965,0.202686
29.280786,0.111770,0.073816,-0.037954,0.183150
29.290846,0.112648,0.073816,-0.038832,0.183150
29.300896,0.113525,0.073816,-0.039709,0.183150
29.310958,0.114403,0.073816,-0.040587,0.183150
29.321027,0.115281,0.073816,-0.041466,0.183150
29.331089,0.116159,0.073816,-0.042344,0.183150
29.341152,0.117038,0.073816,-0.043222,0.183150
29.351213,0.117916,0.073816,-0.044100,0.183150
29.361275,0.118794,0.073816,-0.044978,0.183150
29.371337,0.119672,0.073816,-0.045856,0.183150
29.381395,0.120549,0.073816,-0.046734,0.183150
29.391454,0.121427,0.073816,-0.047612,0.183150
29.401515,0.122305,0.073816,-0.048490,0.183150
29.411575,0.123183,0.073816,-0.049368,0.183150
29.421641,0.124062,0.073816,-0.050246,0.183150
29.431702,0.124940,0.073816,-0.051124,0.183150
29.441762,0.125818,0.073816,-0.052002,0.183150
29.451821,0.126695,0.073816,-0.052880,0.183150
29.461883,0.127573,0.073816,-0.053758,0.183150
29.471945,0.128451,0.073816,-0.054636,0.183150
29.482004,0.129329,0.073816,-0.055514,0.183150
29.492067,0.130207,0.073816,-0.056392,0.183150
29.502121,0.131085,0.073816,-0.057269,0.183150
29.512245,0.131968,0.073816,-0.058153,0.183150
29.522309,0.132847,0.073816,-0.059031,0.183150
29.532369,0.133724,0.073816,-0.059909,0.183150
29.542430,0.134602,0.073816,-0.060787,0.183150
29.552493,0.135481,0.073816,-0.061665,0.183150
29.562556,0.136359,0.073816,-0.062543,0.183150
29.572615,0.137237,0.073816,-0.063421,0.183150
29.582678,0.138115,0.073816,-0.064299,0.183150
29.592743,0.138993,0.073816,-0.065178,0.183150
29.602797,0.139870,0.073816,-0.066055,0.183150
29.612858,0.140748,0.073816,-0.066933,0.183150
29.622912,0.141626,0.073816,-0.067810,0.183150
29.632973,0.142504,0.073816,-0.068688,0.183150
29.643031,0.143382,0.073816,-0.069566,0.183150
29.653072,0.144258,0.073816,-0.070442,0.183150
29.663134,0.145136,0.073816,-0.071320,0.183150
29.673196,0.146014,0.099374,-0.046639,0.192918
29.683254,0.146892,0.099374,-0.047517,0.192918
29.693313,0.147769,0.099374,-0.048395,0.192918
29.703373,0.148647,0.099374,-0.049273,0.192918
29.713434,0.149525,0.099374,-0.050151,0.192918
29.723551,0.150408,0.099374,-0.051034,0.192918
29.733614,0.151286,0.099374,-0.051912,0.192918
29.743675,0.152164,0.099374,-0.052790,0.192918
29.753737,0.153042,0.099374,-0.053668,0.192918
29.763798,0.153920,0.099374,-0.054546,0.192918
29.773863,0.154799,0.099374,-0.055424,0.192918
29.783924,0.155677,0.099374,-0.056302,0.192918
29.793987,0.156555,0.119211,-0.037344,0.168498
29.804051,0.157433,0.121118,-0.036315,0.105006
29.814072,0.158308,0.121118,-0.037189,0.105006
29.824128,0.159185,0.121118,-0.038067,0.105006
29.834190,0.160063,0.121118,-0.038945,0.105006
29.844252,0.160941,0.121118,-0.039823,0.105006
29.854316,0.161820,0.121118,-0.040701,0.105006
29.864378,0.162698,0.121118,-0.041579,0.105006
29.874441,0.163576,0.121118,-0.042457,0.105006
29.884474,0.164451,0.121118,-0.043333,0.105006
29.894538,0.165330,0.121118,-0.044211,0.105006
29.904601,0.166208,0.121118,-0.045089,0.105006
29.914663,0.167086,0.121118,-0.045967,0.105006
29.924728,0.167964,0.121118,-0.046846,0.105006
29.934798,0.168843,0.121118,-0.047724,0.105006
29.944860,0.169721,0.121118,-0.048603,0.105006
29.954924,0.170599,0.121118,-0.049481,0.105006
29.964985,0.171477,0.121118,-0.050359,0.105006
29.975045,0.172355,0.121118,-0.051237,0.105006
29.985110,0.173234,0.121118,-0.052115,0.105006
29.995171,0.174112,0.139811,-0.034301,0.134310
30.005234,0.174990,0.139811,-0.035179,0.134310
30.015297,0.175868,0.139811,-0.036057,0.134310
30.025363,0.176746,0.139811,-0.036935,0.134310
30.035424,0.177624,0.139811,-0.037813,0.134310
30.045486,0.178502,0.139811,-0.038692,0.134310
30.055549,0.179381,0.148203,-0.031177,0.158730
30.065610,0.180258,0.148203,-0.032055,0.158730
30.075673,0.181137,0.148203,-0.032933,0.158730
30.085736,0.182015,0.148203,-0.033812,0.158730
30.095802,0.182893,0.148203,-0.034690,0.158730
30.105863,0.183771,0.148203,-0.035568,0.158730
30.115926,0.184649,0.148203,-0.036446,0.158730
30.125988,0.185527,0.148203,-0.037324,0.158730
30.136050,0.186406,0.148203,-0.038202,0.158730
30.146111,0.187284,0.148203,-0.039080,0.158730
30.156175,0.188162,0.148203,-0.039959,0.158730
30.166237,0.189040,0.148203,-0.040837,0.158730
30.176300,0.189918,0.148203,-0.041715,0.158730
30.186364,0.190796,0.148203,-0.042593,0.158730
30.196427,0.191674,0.148203,-0.043471,0.158730
30.206489,0.192552,0.148203,-0.044349,0.158730
30.216552,0.193431,0.148203,-0.045227,0.158730
30.226614,0.194309,0.148203,-0.046105,0.158730
30.236676,0.195187,0.148203,-0.046984,0.158730
30.246738,0.196065,0.163844,-0.032221,0.173382
30.256802,0.196943,0.163844,-0.033099,0.173382
30.266866,0.197821,0.163844,-0.033978,0.173382
30.276927,0.198699,0.163844,-0.034856,0.173382
30.286990,0.199578,0.163844,-0.035734,0.173382
30.297054,0.200456,0.163844,-0.036612,0.173382
30.307073,0.201330,0.163844,-0.037486,0.173382
30.317134,0.202208,0.163844,-0.038364,0.173382
30.327194,0.203086,0.163844,-0.039242,0.173382
30.337257,0.203964,0.163844,-0.040120,0.173382
30.347320,0.204842,0.163844,-0.040999,0.173382
30.357383,0.205720,0.163844,-0.041877,0.173382
30.367446,0.206599,0.163844,-0.042755,0.173382
30.377488,0.207475,0.163844,-0.043631,0.173382
30.387550,0.208353,0.163844,-0.044509,0.173382
30.397611,0.209231,0.163844,-0.045387,0.173382
30.407675,0.210109,0.163844,-0.046266,0.173382
30.417740,0.210988,0.163844,-0.047144,0.173382
30.427803,0.211866,0.163844,-0.048022,0.173382
30.437865,0.212744,0.163844,-0.048900,0.173382
30.447929,0.213622,0.163844,-0.049778,0.173382
30.457994,0.214500,0.163844,-0.050657,0.173382
30.468055,0.215378,0.163844,-0.051535,0.173382
30.478118,0.216257,0.163844,-0.052413,0.173382
30.488181,0.217135,0.163844,-0.053291,0.173382
30.498246,0.218013,0.163844,-0.054169,0.173382
30.508310,0.218891,0.163844,-0.055048,0.173382
30.518375,0.219770,0.163844,-0.055926,0.173382
30.528434,0.220648,0.163844,-0.056804,0.173382
30.538498,0.221526,0.163844,-0.057682,0.173382
30.548559,0.222404,0.163844,-0.058560,0.173382
30.558622,0.223282,0.163844,-0.059438,0.173382
30.568685,0.224160,0.163844,-0.060316,0.173382
30.578747,0.225038,0.163844,-0.061194,0.173382
30.588882,0.225923,0.163844,-0.062079,0.173382
30.598936,0.226800,0.163844,-0.062956,0.173382
30.609000,0.227678,0.163844,-0.063834,0.173382
30.619065,0.228557,0.163844,-0.064713,0.173382
30.629072,0.229430,0.163844,-0.065586,0.173382
30.639136,0.230308,0.163844,-0.066464,0.173382
30.649201,0.231186,0.163844,-0.067343,0.173382
30.659262,0.232064,0.163844,-0.068221,0.173382
30.669325,0.232943,0.163844,-0.069099,0.173382
30.679389,0.233821,0.163844,-0.069977,0.173382
30.689454,0.234699,0.163844,-0.070855,0.173382
30.699518,0.235577,0.163844,-0.071734,0.173382
30.709571,0.236455,0.163844,-0.072611,0.173382
30.719627,0.237332,0.185206,-0.052126,0.202686
30.729680,0.238210,0.185206,-0.053003,0.202686
30.739743,0.239088,0.185206,-0.053881,0.202686
30.749807,0.239966,0.185206,-0.054760,0.202686
30.759872,0.240844,0.185206,-0.055638,0.202686
30.769933,0.241722,0.185206,-0.056516,0.202686
30.779997,0.242600,0.185206,-0.057394,0.202686
30.790061,0.243479,0.185206,-0.058272,0.202686
30.800077,0.244353,0.185206,-0.059146,0.202686
30.810141,0.245231,0.185206,-0.060025,0.202686
30.820205,0.246109,0.185206,-0.060903,0.202686
30.830269,0.246988,0.185206,-0.061781,0.202686
30.840331,0.247866,0.185206,-0.062659,0.202686
30.850394,0.248744,0.185206,-0.063537,0.202686
30.860458,0.249622,0.185206,-0.064416,0.202686
30.870522,0.250500,0.185206,-0.065294,0.202686
30.880584,0.251378,0.185206,-0.066172,0.202686
30.890646,0.252256,0.185206,-0.067050,0.202686
30.900710,0.253135,0.214961,-0.038173,0.119658
30.910775,0.254013,0.214961,-0.039052,0.119658
30.920841,0.254891,0.214961,-0.039930,0.119658
30.930902,0.255769,0.214961,-0.040808,0.119658
30.940965,0.256648,0.214961,-0.041686,0.119658
30.951027,0.257526,0.214961,-0.042564,0.119658
30.961075,0.258403,0.224498,-0.033904,0.148962
30.971137,0.259281,0.224498,-0.034782,0.148962
30.981199,0.260159,0.224498,-0.035660,0.148962
30.991262,0.261037,0.224498,-0.036538,0.148962
31.001326,0.261684,0.224498,-0.037185,0.148962
31.011365,0.260808,0.224498,-0.036309,0.148962
31.021434,0.259929,0.224498,-0.035431,0.148962
31.031495,0.259051,0.224498,-0.034553,0.148962
31.041558,0.258173,0.224498,-0.033674,0.148962
31.051620,0.257295,0.224498,-0.032796,0.148962
31.061682,0.256417,0.224498,-0.031918,0.148962
31.071743,0.255539,0.224498,-0.031040,0.148962
31.081805,0.254661,0.237469,-0.017192,0.192918
31.091868,0.253782,0.237469,-0.016314,0.192918
31.101932,0.252904,0.237469,-0.015436,0.192918
31.111994,0.252026,0.237469,-0.014558,0.192918
31.122058,0.251148,0.237469,-0.013679,0.192918
31.132121,0.250270,0.237469,-0.012801,0.192918
31.142184,0.249391,0.237469,-0.011923,0.192918
31.152246,0.248513,0.237469,-0.011045,0.192918
31.162309,0.247635,0.241283,-0.006352,0.183150
31.172372,0.246757,0.241283,-0.005474,0.183150
31.182432,0.245879,0.241283,-0.004596,0.183150
31.192495,0.245001,0.241283,-0.003718,0.183150
31.202556,0.244123,0.241283,-0.002840,0.183150
31.212619,0.243245,0.241283,-0.001962,0.183150
31.222672,0.242368,0.241283,-0.001084,0.158730
31.232735,0.241489,0.241283,-0.000206,0.158730
31.242797,0.240611,0.241283,0.000672,0.158730
31.252858,0.239733,0.241283,0.001550,0.158730
31.262922,0.238855,0.241283,0.002428,0.158730
31.272983,0.237977,0.241283,0.003306,0.158730
31.283044,0.237099,0.241283,0.004184,0.046398
31.293103,0.236221,0.241283,0.005062,0.046398
31.303167,0.235343,0.241283,0.005940,0.046398
31.313228,0.234465,0.241283,0.006818,0.046398
31.323287,0.233587,0.241283,0.007696,0.046398
31.333350,0.232709,0.241283,0.008574,0.046398
31.343411,0.231831,0.241283,0.009452,0.046398
31.353473,0.230953,0.241283,0.010330,0.046398
31.363538,0.230075,0.241283,0.011209,0.046398
31.373597,0.229197,0.241283,0.012086,0.046398
31.383661,0.228319,0.241283,0.012965,0.046398
31.393725,0.227440,0.241283,0.013843,0.046398
31.403785,0.226563,0.241283,0.014721,0.046398
31.413846,0.225684,0.241283,0.015599,0.046398
31.423906,0.224807,0.241283,0.016477,0.046398
31.433970,0.223928,0.241283,0.017355,0.046398
31.444029,0.223051,0.241283,0.018233,0.046398
31.454089,0.222173,0.241283,0.019111,0.046398
31.464150,0.221295,0.241283,0.019989,0.046398
31.474211,0.220417,0.240520,0.020104,-0.085470
31.484271,0.219539,0.240139,0.020600,-0.158730
31.494322,0.218662,0.240139,0.021477,-0.158730
31.504381,0.217784,0.240139,0.022355,-0.158730
31.514442,0.216906,0.240139,0.023233,-0.158730
31.524501,0.216028,0.240139,0.024111,-0.158730
31.534559,0.215150,0.240139,0.024989,-0.158730
31.544610,0.214273,0.240139,0.025866,-0.158730
31.554669,0.213395,0.240139,0.026743,-0.158730
31.564729,0.212517,0.240139,0.027621,-0.158730
31.574789,0.211640,0.240139,0.028499,-0.158730
31.584850,0.210762,0.240139,0.029377,-0.158730
31.594910,0.209884,0.240139,0.030255,-0.158730
31.604969,0.209006,0.240139,0.031133,-0.158730
31.615031,0.208128,0.240139,0.032011,-0.158730
31.625088,0.207250,0.240139,0.032889,-0.158730
31.635148,0.206372,0.240139,0.033767,-0.158730
31.645207,0.205494,0.240139,0.034644,-0.158730
31.655270,0.204616,0.240139,0.035523,-0.158730
31.665330,0.203738,0.240139,0.036400,-0.158730
31.675393,0.202860,0.228695,0.025834,-0.158730
31.685452,0.201982,0.228695,0.026712,-0.158730
31.695513,0.201104,0.228695,0.027590,-0.158730
31.705573,0.200227,0.228695,0.028468,-0.158730
31.715635,0.199348,0.228695,0.029346,-0.158730
31.725687,0.198471,0.228695,0.030223,-0.158730
31.735747,0.197593,0.228695,0.031101,-0.158730
31.745810,0.196715,0.228695,0.031979,-0.158730
31.755875,0.195837,0.228695,0.032858,-0.158730
31.765934,0.194959,0.228695,0.033736,-0.158730
31.775995,0.194081,0.228695,0.034614,-0.158730
31.786055,0.193203,0.228695,0.035491,-0.158730
31.796117,0.192325,0.228695,0.036370,-0.158730
31.806177,0.191447,0.228695,0.037247,-0.158730
31.816238,0.190569,0.228695,0.038125,-0.158730
31.826299,0.189691,0.228695,0.039003,-0.158730
31.836360,0.188813,0.228695,0.039881,-0.158730
31.846421,0.187935,0.228695,0.040759,-0.158730
31.856481,0.187057,0.228695,0.041637,-0.158730
31.866541,0.186179,0.228695,0.042515,-0.158730
31.876623,0.185300,0.228695,0.043395,-0.158730
31.886684,0.184422,0.228695,0.044273,-0.158730
31.896747,0.183543,0.228695,0.045151,-0.158730
31.906811,0.182665,0.228695,0.046029,-0.158730
31.916881,0.181786,0.228695,0.046908,-0.158730
31.926944,0.180908,0.228695,0.047786,-0.158730
31.937008,0.180030,0.228695,0.048665,-0.158730
31.947072,0.179152,0.228695,0.049543,-0.158730
31.957128,0.178274,0.228695,0.050420,-0.158730
31.967190,0.177396,0.228695,0.051298,-0.158730
31.977253,0.176518,0.228695,0.052177,-0.158730
31.987316,0.175640,0.228695,0.053055,-0.158730
31.997381,0.174762,0.228695,0.053933,-0.158730
32.007445,0.173883,0.210002,0.036119,-0.148962
32.017512,0.173005,0.210002,0.036998,-0.148962
32.027577,0.172126,0.210002,0.037876,-0.148962
32.037639,0.171248,0.210002,0.038754,-0.148962
32.047702,0.170370,0.210002,0.039632,-0.148962
32.057766,0.169492,0.210002,0.040510,-0.148962
32.067830,0.168614,0.210002,0.041389,-0.148962
32.077892,0.167736,0.210002,0.042267,-0.148962
32.087956,0.166857,0.210002,0.043145,-0.148962
32.098019,0.165979,0.210002,0.044023,-0.148962
32.108179,0.165093,0.210002,0.044910,-0.148962
32.118245,0.164214,0.210002,0.045788,-0.148962
32.128309,0.163336,0.210002,0.046666,-0.148962
32.138373,0.162458,0.210002,0.047545,-0.148962
32.148437,0.161579,0.210002,0.048423,-0.148962
32.158499,0.160701,0.210002,0.049301,-0.148962
32.168562,0.159823,0.210002,0.050179,-0.148962
32.178626,0.158945,0.210002,0.051057,-0.148962
32.188690,0.158067,0.210002,0.051936,-0.148962
32.198754,0.157188,0.187877,0.030688,-0.061050
32.208816,0.156310,0.187877,0.031566,-0.061050
32.218882,0.155432,0.187877,0.032445,-0.061050
32.228946,0.154554,0.187877,0.033323,-0.061050
32.239006,0.153676,0.187877,0.034201,-0.061050
32.249071,0.152797,0.187877,0.035079,-0.061050
32.259132,0.151919,0.187877,0.035957,-0.061050
32.269191,0.151042,0.187877,0.036835,-0.061050
32.279251,0.150164,0.187877,0.037713,-0.061050
32.289310,0.149286,0.187877,0.038591,-0.061050
32.299372,0.148408,0.187877,0.039469,-0.061050
32.309433,0.147530,0.187877,0.040347,-0.061050
32.319514,0.146650,0.187877,0.041227,-0.061050
32.329574,0.145772,0.187877,0.042105,-0.061050
32.339632,0.144894,0.187877,0.042982,-0.061050
32.349693,0.144016,0.187877,0.043860,-0.061050
32.359751,0.143139,0.187877,0.044738,-0.061050
32.369813,0.142261,0.187877,0.045616,-0.061050
32.379873,0.141383,0.187877,0.046494,-0.061050
32.389934,0.140505,0.187877,0.047372,-0.061050
32.399993,0.139627,0.187877,0.048250,-0.061050
32.410054,0.138749,0.187877,0.049128,-0.061050
32.420113,0.137871,0.187877,0.050006,-0.061050
32.430180,0.136993,0.187877,0.050884,-0.061050
32.440240,0.136115,0.187877,0.051762,-0.061050
32.450300,0.135237,0.168421,0.033185,-0.173382
32.460364,0.134359,0.168421,0.034063,-0.173382
32.470427,0.133480,0.168421,0.034941,-0.173382
32.480489,0.132602,0.168421,0.035819,-0.173382
32.490551,0.131724,0.168421,0.036697,-0.173382
32.500615,0.130846,0.168421,0.037575,-0.173382
32.510675,0.129968,0.168421,0.038453,-0.173382
32.520739,0.129090,0.168421,0.039332,-0.173382
32.530791,0.128213,0.168421,0.040209,-0.173382
32.540853,0.127335,0.168421,0.041087,-0.173382
32.550916,0.126456,0.168421,0.041965,-0.173382
32.560978,0.125578,0.168421,0.042843,-0.173382
32.571040,0.124700,0.168421,0.043721,-0.173382
32.581107,0.123822,0.168421,0.044600,-0.173382
32.591170,0.122944,0.168421,0.045478,-0.173382
32.601233,0.122065,0.168421,0.046356,-0.173382
32.611292,0.121188,0.168421,0.047234,-0.173382
32.621353,0.120310,0.168421,0.048112,-0.173382
32.631411,0.119432,0.168421,0.048990,-0.173382
32.641473,0.118554,0.168421,0.049868,-0.173382
32.651533,0.117676,0.168421,0.050746,-0.173382
32.661596,0.116798,0.168421,0.051624,-0.173382
32.671660,0.115920,0.168421,0.052502,-0.173382
32.681720,0.115042,0.168421,0.053380,-0.173382
32.691781,0.114164,0.168421,0.054258,-0.173382
32.701841,0.113286,0.168421,0.055136,-0.173382
32.711901,0.112408,0.168421,0.056014,-0.173382
32.721954,0.111531,0.168421,0.056891,-0.173382
32.732004,0.110653,0.168421,0.057768,-0.173382
32.742062,0.109776,0.168421,0.058646,-0.173382
32.752124,0.108898,0.168421,0.059524,-0.173382
32.762213,0.108017,0.168421,0.060404,-0.173382
32.772271,0.107140,0.168421,0.061282,-0.173382
32.782333,0.106262,0.168421,0.062160,-0.173382
32.792392,0.105384,0.168421,0.063038,-0.173382
32.802451,0.104506,0.168421,0.063916,-0.173382
32.812512,0.103628,0.168421,0.064794,-0.173382
32.822574,0.102750,0.168421,0.065672,-0.173382
32.832635,0.101872,0.168421,0.066550,-0.173382
32.842698,0.100994,0.168421,0.067428,-0.173382
32.852760,0.100116,0.168421,0.068306,-0.173382
32.862820,0.099238,0.168421,0.069184,-0.173382
32.872881,0.098360,0.168421,0.070062,-0.173382
32.882942,0.097482,0.168421,0.070940,-0.173382
32.893005,0.096604,0.168421,0.071818,-0.173382
32.903065,0.095726,0.168421,0.072696,-0.173382
32.913124,0.094848,0.168421,0.073574,-0.173382
32.923185,0.093970,0.168421,0.074452,-0.173382
32.933246,0.093092,0.168421,0.075330,-0.173382
32.943309,0.092214,0.168421,0.076208,-0.173382
32.953369,0.091336,0.168421,0.077086,-0.173382
32.963431,0.090458,0.168421,0.077964,-0.173382
32.973503,0.089579,0.168421,0.078843,-0.173382
32.983564,0.088701,0.168421,0.079721,-0.173382
32.993629,0.087822,0.168421,0.080599,-0.173382
33.003690,0.086944,0.168421,0.081477,-0.173382
33.013751,0.086066,0.168421,0.082355,-0.173382
33.023811,0.085189,0.168421,0.083233,-0.173382
33.033872,0.084311,0.168421,0.084111,-0.173382
33.043932,0.083433,0.168421,0.084989,-0.173382
33.053995,0.082555,0.139811,0.057256,-0.041514
33.064058,0.081676,0.139048,0.057372,-0.197802
33.074120,0.080798,0.139048,0.058250,-0.197802
33.084181,0.079920,0.139048,0.059128,-0.197802
33.094241,0.079042,0.139048,0.060005,-0.197802
33.104303,0.078164,0.139048,0.060884,-0.197802
33.114363,0.077286,0.139048,0.061761,-0.197802
33.124430,0.076408,0.139048,0.062640,-0.197802
33.134494,0.075530,0.139048,0.063518,-0.197802
33.144554,0.074652,0.139048,0.064396,-0.197802
33.154614,0.073774,0.139048,0.065274,-0.197802
33.164674,0.072896,0.139048,0.066152,-0.197802
33.174735,0.072018,0.139048,0.067030,-0.197802
33.184796,0.071140,0.139048,0.067908,-0.197802
33.194855,0.070262,0.139048,0.068786,-0.197802
33.204916,0.069384,0.139048,0.069664,-0.197802
33.214976,0.068506,0.139048,0.070542,-0.197802
33.225044,0.067628,0.139048,0.071420,-0.197802
33.235108,0.066749,0.139048,0.072298,-0.197802
33.245171,0.065871,0.139048,0.073177,-0.197802
33.255231,0.064993,0.139048,0.074054,-0.197802
33.265291,0.064115,0.139048,0.074932,-0.197802
33.275350,0.063238,0.139048,0.075810,-0.197802
33.285412,0.062360,0.139048,0.076688,-0.197802
33.295476,0.061481,0.099756,0.038275,-0.183150
33.305536,0.060603,0.099756,0.039152,-0.183150
33.315597,0.059725,0.099756,0.040030,-0.183150
33.325663,0.058847,0.099756,0.040909,-0.183150
33.335727,0.057969,0.099756,0.041787,-0.183150
33.345759,0.057093,0.099756,0.042663,-0.183150
33.355822,0.056215,0.099756,0.043541,-0.183150
33.365886,0.055337,0.099756,0.044419,-0.183150
33.375946,0.054459,0.099756,0.045297,-0.183150
33.386009,0.053581,0.099756,0.046175,-0.183150
33.396062,0.052703,0.099756,0.047052,-0.183150
33.406125,0.051825,0.099756,0.047930,-0.183150
33.416189,0.050947,0.099756,0.048809,-0.183150
33.426252,0.050069,0.099756,0.049687,-0.183150
33.436311,0.049191,0.099756,0.050565,-0.183150
33.446373,0.048313,0.099756,0.051443,-0.183150
33.456433,0.047435,0.099756,0.052321,-0.183150
33.466495,0.046557,0.099756,0.053199,-0.183150
33.476553,0.045679,0.099756,0.054077,-0.183150
33.486614,0.044801,0.099756,0.054954,-0.183150
33.496667,0.043924,0.099756,0.055832,-0.183150
33.506729,0.043046,0.099756,0.056710,-0.183150
33.516790,0.042168,0.099756,0.057588,-0.183150
33.526850,0.041290,0.099756,0.058466,-0.183150
33.536911,0.040412,0.099756,0.059344,-0.183150
33.546970,0.039534,0.099756,0.060222,-0.183150
33.557024,0.038657,0.099756,0.061099,-0.183150
33.567084,0.037779,0.099756,0.061977,-0.183150
33.577145,0.036901,0.099756,0.062855,-0.183150
33.587209,0.036023,0.099756,0.063733,-0.183150
33.597264,0.035145,0.099756,0.064611,-0.183150
33.607328,0.034267,0.099756,0.065489,-0.183150
33.617391,0.033389,0.099756,0.066367,-0.183150
33.627528,0.032504,0.099756,0.067252,-0.183150
33.637591,0.031626,0.099756,0.068130,-0.183150
33.647654,0.030748,0.099756,0.069008,-0.183150
33.657716,0.029870,0.099756,0.069886,-0.183150
33.667777,0.028992,0.099756,0.070764,-0.183150
33.677841,0.028114,0.099756,0.071642,-0.183150
33.687902,0.027236,0.099756,0.072520,-0.183150
33.697965,0.026358,0.099756,0.073398,-0.183150
33.708028,0.025479,0.099756,0.074277,-0.183150
33.718090,0.024601,0.099756,0.075155,-0.183150
33.728154,0.023723,0.099756,0.076033,-0.183150
33.738206,0.022846,0.099756,0.076910,-0.183150
33.748259,0.021969,0.099756,0.077787,-0.183150
33.758310,0.021091,0.070001,0.048909,-0.188034
33.768363,0.020214,0.070001,0.049787,-0.188034
33.778414,0.019337,0.070001,0.050664,-0.188034
33.788476,0.018459,0.070001,0.051542,-0.188034
33.798536,0.017581,0.070001,0.052420,-0.188034
33.808598,0.016703,0.070001,0.053298,-0.188034
33.818659,0.015825,0.070001,0.054176,-0.188034
33.828724,0.014947,0.070001,0.055054,-0.188034
33.838785,0.014069,0.070001,0.055932,-0.188034
33.848848,0.013191,0.070001,0.056810,-0.188034
33.858946,0.012309,0.070001,0.057692,-0.188034
33.869008,0.011431,0.070001,0.058570,-0.188034
33.879145,0.010547,0.070001,0.059454,-0.188034
33.889206,0.009669,0.070001,0.060332,-0.188034
33.899267,0.008791,0.070001,0.061210,-0.188034
33.909328,0.007913,0.070001,0.062088,-0.188034
33.919389,0.007035,0.070001,0.062966,-0.188034
33.929448,0.006157,0.070001,0.063844,-0.188034
33.939511,0.005279,0.070001,0.064722,-0.188034
33.949575,0.004400,0.070001,0.065600,-0.188034
33.959635,0.003522,0.070001,0.066478,-0.188034
33.969697,0.002644,0.070001,0.067356,-0.188034
33.979761,0.001766,0.070001,0.068235,-0.188034
33.989820,0.000888,0.070001,0.069112,-0.188034
33.999883,0.000010,0.070001,0.069991,-0.188034
34.009942,-0.000868,0.070001,0.070868,-0.188034
34.020003,-0.001746,0.070001,0.071746,-0.188034
34.030063,-0.002623,0.070001,0.072624,-0.188034
34.040125,-0.003502,0.070001,0.073502,-0.188034
34.050186,-0.004380,0.070001,0.074380,-0.188034
34.060249,-0.005258,0.070001,0.075258,-0.188034
34.070310,-0.006136,0.070001,0.076136,-0.188034
34.080372,-0.007014,0.070001,0.077015,-0.188034
34.090445,-0.007893,0.070001,0.077894,-0.188034
34.100509,-0.008771,0.070001,0.078772,-0.188034
34.110569,-0.009649,0.030327,0.039976,-0.070818
34.120630,-0.010527,0.030327,0.040854,-0.070818
34.130690,-0.011405,0.030327,0.041732,-0.070818
34.140752,-0.012283,0.030327,0.042610,-0.070818
34.150817,-0.013161,0.030327,0.043489,-0.070818
34.160877,-0.014039,0.030327,0.044366,-0.070818
34.170938,-0.014917,0.030327,0.045244,-0.070818
34.180999,-0.015795,0.030327,0.046122,-0.070818
34.191060,-0.016673,0.030327,0.047000,-0.070818
34.201121,-0.017551,0.030327,0.047878,-0.070818
34.211185,-0.018429,0.030327,0.048757,-0.070818
34.221252,-0.019308,0.030327,0.049635,-0.070818
34.231316,-0.020186,0.030327,0.050513,-0.070818
34.241376,-0.021064,0.010872,0.031936,-0.085470
34.251439,-0.021942,0.010872,0.032814,-0.085470
34.261500,-0.022820,0.010872,0.033692,-0.085470
34.271559,-0.023698,0.010872,0.034570,-0.085470
34.281622,-0.024576,0.010872,0.035448,-0.085470
34.291681,-0.025454,0.003624,0.029078,-0.075702
34.301741,-0.026332,0.003624,0.029956,-0.075702
34.311800,-0.027210,0.003624,0.030834,-0.075702
34.321869,-0.028088,0.003624,0.031712,-0.075702
34.331933,-0.028967,0.003624,0.032591,-0.075702
34.341996,-0.029845,0.003624,0.033469,-0.075702
34.352059,-0.030723,0.003624,0.034347,-0.075702
34.362112,-0.031600,0.003624,0.035224,-0.075702
34.372172,-0.032478,0.003624,0.036102,-0.075702
34.382236,-0.033356,0.003624,0.036980,-0.075702
34.392297,-0.034234,0.003624,0.037858,-0.075702
34.402359,-0.035112,0.003624,0.038736,-0.075702
34.412418,-0.035990,0.003624,0.039614,-0.075702
34.422486,-0.036869,-0.009346,0.027523,-0.192918
34.432551,-0.037747,-0.009346,0.028401,-0.192918
34.442611,-0.038625,-0.009346,0.029279,-0.192918
34.452675,-0.039503,-0.009346,0.030157,-0.192918
34.462736,-0.040381,-0.009346,0.031035,-0.192918
34.472797,-0.041259,-0.009346,0.031913,-0.192918
34.482858,-0.042137,-0.015831,0.026306,-0.153846
34.492920,-0.043015,-0.015831,0.027184,-0.153846
34.502983,-0.043894,-0.015831,0.028062,-0.153846
34.513044,-0.044772,-0.015831,0.028940,-0.153846
34.523078,-0.045647,-0.015831,0.029816,-0.153846
34.533140,-0.046525,-0.015831,0.030694,-0.153846
34.543200,-0.047403,-0.015831,0.031572,-0.153846
34.553263,-0.048281,-0.015831,0.032450,-0.153846
34.563321,-0.049159,-0.015831,0.033328,-0.153846
34.573384,-0.050037,-0.015831,0.034206,-0.153846
34.583450,-0.050916,-0.015831,0.035084,-0.153846
34.593513,-0.051794,-0.015831,0.035963,-0.153846
34.603578,-0.052672,-0.015831,0.036841,-0.153846
34.613632,-0.053550,-0.015831,0.037718,-0.153846
34.623689,-0.054427,-0.015831,0.038596,-0.153846
34.633743,-0.055305,-0.015831,0.039473,-0.153846
34.643803,-0.056182,-0.015831,0.040351,-0.153846
34.653866,-0.057061,-0.015831,0.041229,-0.153846
34.663930,-0.057939,-0.015831,0.042108,-0.153846
34.673992,-0.058817,-0.015831,0.042986,-0.153846
34.684055,-0.059695,-0.015831,0.043864,-0.153846
34.694119,-0.060573,-0.015831,0.044742,-0.153846
34.704171,-0.061450,-0.015831,0.045619,-0.153846
34.714231,-0.062328,-0.015831,0.046497,-0.153846
34.724284,-0.063206,-0.015831,0.047374,-0.153846
34.734338,-0.064083,-0.015831,0.048252,-0.153846
34.744372,-0.064959,-0.015831,0.049127,-0.153846
34.754435,-0.065837,-0.015831,0.050006,-0.153846
34.764489,-0.066714,-0.015831,0.050883,-0.153846
34.774542,-0.067592,-0.015831,0.051760,-0.153846
34.784594,-0.068469,-0.015831,0.052638,-0.153846
34.794657,-0.069347,-0.015831,0.053516,-0.153846
34.804721,-0.070225,-0.015831,0.054394,-0.153846
34.814784,-0.071103,-0.034142,0.036961,-0.144078
34.824849,-0.071982,-0.034142,0.037840,-0.144078
34.834911,-0.072860,-0.034142,0.038718,-0.144078
34.844973,-0.073738,-0.034142,0.039596,-0.144078
34.855034,-0.074616,-0.034142,0.040474,-0.144078
34.865097,-0.075494,-0.034142,0.041352,-0.144078
34.875157,-0.076372,-0.034142,0.042230,-0.144078
34.885219,-0.077250,-0.034142,0.043108,-0.144078
34.895280,-0.078128,-0.034142,0.043986,-0.144078
34.905342,-0.079006,-0.034142,0.044864,-0.144078
34.915404,-0.079884,-0.034142,0.045742,-0.144078
34.925468,-0.080762,-0.034142,0.046620,-0.144078
34.935530,-0.081640,-0.034142,0.047498,-0.144078
34.945591,-0.082518,-0.034142,0.048376,-0.144078
34.955760,-0.083406,-0.034142,0.049264,-0.144078
34.965823,-0.084284,-0.034142,0.050142,-0.144078
34.975887,-0.085162,-0.034142,0.051020,-0.144078
34.985948,-0.086040,-0.034142,0.051898,-0.144078
34.996011,-0.086918,-0.055886,0.031032,-0.100122
35.006075,-0.087797,-0.055886,0.031910,-0.100122
35.016139,-0.088675,-0.055886,0.032789,-0.100122
35.026201,-0.089553,-0.055886,0.033667,-0.100122
35.036264,-0.090431,-0.055886,0.034545,-0.100122
35.046327,-0.091309,-0.055886,0.035423,-0.100122
35.056392,-0.092188,-0.055886,0.036301,-0.100122
35.066453,-0.093066,-0.055886,0.037179,-0.100122
35.076516,-0.093944,-0.055886,0.038058,-0.100122
35.086580,-0.094822,-0.055886,0.038936,-0.100122
35.096644,-0.095700,-0.055886,0.039814,-0.100122
35.106705,-0.096578,-0.055886,0.040692,-0.100122
35.116769,-0.097456,-0.055886,0.041570,-0.100122
35.126830,-0.098334,-0.055886,0.042448,-0.100122
35.136892,-0.099213,-0.055886,0.043326,-0.100122
35.146956,-0.100091,-0.055886,0.044205,-0.100122
35.157019,-0.100969,-0.055886,0.045083,-0.100122
35.167072,-0.101846,-0.055886,0.045960,-0.100122
35.177127,-0.102724,-0.055886,0.046838,-0.100122
35.187188,-0.103602,-0.073434,0.030168,-0.124542
35.197252,-0.104480,-0.073434,0.031046,-0.124542
35.207273,-0.105354,-0.073434,0.031920,-0.124542
35.217335,-0.106233,-0.073434,0.032799,-0.124542
35.227403,-0.107111,-0.073434,0.033677,-0.124542
35.237466,-0.107989,-0.073434,0.034555,-0.124542
35.247529,-0.108867,-0.073434,0.035433,-0.124542
35.257581,-0.109745,-0.082208,0.027537,-0.100122
35.267642,-0.110623,-0.082208,0.028415,-0.100122
35.277705,-0.111501,-0.082208,0.029293,-0.100122
35.287759,-0.112378,-0.082208,0.030170,-0.100122
35.297812,-0.113255,-0.082208,0.031047,-0.100122
35.307875,-0.114134,-0.082208,0.031926,-0.100122
35.317938,-0.115012,-0.082208,0.032804,-0.100122
35.328002,-0.115890,-0.082208,0.033682,-0.100122
35.338068,-0.116768,-0.090982,0.025787,-0.207570
35.348130,-0.117647,-0.090982,0.026665,-0.207570
35.358191,-0.118524,-0.090982,0.027543,-0.207570
35.368255,-0.119403,-0.090982,0.028421,-0.207570
35.378307,-0.120280,-0.090982,0.029298,-0.207570
35.388361,-0.121157,-0.090982,0.030175,-0.207570
35.398518,-0.122044,-0.090982,0.031062,-0.207570
35.408582,-0.122922,-0.090982,0.031940,-0.207570
35.418634,-0.123799,-0.090982,0.032817,-0.207570
35.428686,-0.124676,-0.090982,0.033694,-0.207570
35.438741,-0.125554,-0.090982,0.034572,-0.207570
35.448793,-0.126431,-0.090982,0.035449,-0.207570
35.458851,-0.127309,-0.090982,0.036327,-0.207570
35.468915,-0.128187,-0.090982,0.037205,-0.207570
35.478978,-0.129065,-0.090982,0.038083,-0.207570
35.489043,-0.129943,-0.090982,0.038962,-0.207570
35.499103,-0.130821,-0.090982,0.039839,-0.207570
35.509157,-0.131699,-0.090982,0.040717,-0.207570
35.519222,-0.132577,-0.090982,0.041595,-0.207570
35.529283,-0.133455,-0.090982,0.042473,-0.207570
35.539345,-0.134333,-0.090982,0.043351,-0.207570
35.549407,-0.135211,-0.090982,0.044229,-0.207570
35.559460,-0.136089,-0.090982,0.045107,-0.207570
35.569512,-0.136966,-0.090982,0.045984,-0.207570
35.579575,-0.137844,-0.090982,0.046862,-0.207570
35.589636,-0.138722,-0.090982,0.047740,-0.207570
35.599698,-0.139600,-0.090982,0.048618,-0.207570
35.609761,-0.140478,-0.090982,0.049496,-0.207570
35.619825,-0.141356,-0.108530,0.032827,-0.124542
35.629878,-0.142234,-0.108530,0.033704,-0.124542
35.639940,-0.143112,-0.108530,0.034582,-0.124542
35.650002,-0.143990,-0.108530,0.035460,-0.124542
35.660064,-0.144868,-0.108530,0.036338,-0.124542
35.670127,-0.145746,-0.108530,0.037216,-0.124542
35.680190,-0.146624,-0.116159,0.030465,-0.114774
35.690255,-0.147503,-0.116159,0.031343,-0.114774
35.700316,-0.148381,-0.116159,0.032221,-0.114774
35.710380,-0.149259,-0.116159,0.033100,-0.114774
35.720433,-0.150136,-0.116159,0.033977,-0.114774
35.730488,-0.151014,-0.116159,0.034854,-0.114774
35.740539,-0.151891,-0.116159,0.035731,-0.114774
35.750593,-0.152768,-0.116159,0.036609,-0.114774
35.760644,-0.153645,-0.116159,0.037486,-0.114774
35.770698,-0.154523,-0.116159,0.038363,-0.114774
35.780751,-0.155400,-0.116159,0.039240,-0.114774
35.790803,-0.156277,-0.116159,0.040118,-0.114774
35.800865,-0.157155,-0.116159,0.040996,-0.114774
35.810927,-0.158033,-0.116159,0.041874,-0.114774
35.820989,-0.158911,-0.116159,0.042752,-0.114774
35.831053,-0.159790,-0.116159,0.043630,-0.114774
35.841072,-0.160664,-0.116159,0.044505,-0.114774
35.851135,-0.161542,-0.116159,0.045383,-0.114774
35.861187,-0.162419,-0.116159,0.046260,-0.114774
35.871249,-0.163297,-0.116159,0.047138,-0.114774
35.881313,-0.164176,-0.116159,0.048016,-0.114774
35.891374,-0.165054,-0.116159,0.048894,-0.114774
35.901434,-0.165931,-0.134852,0.031080,-0.153846
35.911496,-0.166809,-0.134852,0.031958,-0.153846
35.921565,-0.167688,-0.134852,0.032837,-0.153846
35.931629,-0.168566,-0.134852,0.033715,-0.153846
35.941688,-0.169444,-0.134852,0.034593,-0.153846
35.951754,-0.170323,-0.134852,0.035471,-0.153846
35.961817,-0.171201,-0.134852,0.036349,-0.153846
35.971880,-0.172079,-0.134852,0.037227,-0.153846
35.981947,-0.172958,-0.134852,0.038106,-0.153846
35.992011,-0.173836,-0.134852,0.038984,-0.153846
36.002066,-0.174713,-0.134852,0.039862,-0.153846
36.012074,-0.175587,-0.134852,0.040735,-0.153846
36.022127,-0.176464,-0.134852,0.041612,-0.153846
36.032180,-0.177341,-0.134852,0.042490,-0.153846
36.042242,-0.178219,-0.134852,0.043368,-0.153846
36.052303,-0.179097,-0.134852,0.044246,-0.153846
36.062364,-0.179975,-0.134852,0.045124,-0.153846
36.072425,-0.180853,-0.134852,0.046002,-0.153846
36.082490,-0.181732,-0.134852,0.046880,-0.153846
36.092628,-0.182616,-0.134852,0.047765,-0.153846
36.102688,-0.183494,-0.134852,0.048642,-0.153846
36.112748,-0.184372,-0.134852,0.049520,-0.153846
36.122813,-0.185250,-0.134852,0.050399,-0.153846
36.132867,-0.186128,-0.134852,0.051276,-0.153846
36.142919,-0.187005,-0.134852,0.052153,-0.153846
36.152973,-0.187882,-0.134852,0.053031,-0.153846
36.163025,-0.188760,-0.134852,0.053908,-0.153846
36.173087,-0.189638,-0.134852,0.054786,-0.153846
36.183150,-0.190516,-0.134852,0.055664,-0.153846
36.193213,-0.191394,-0.134852,0.056542,-0.153846
36.203277,-0.192272,-0.134852,0.057421,-0.153846
36.213339,-0.193150,-0.134852,0.058299,-0.153846
36.223404,-0.194029,-0.134852,0.059177,-0.153846
36.233467,-0.194907,-0.134852,0.060055,-0.153846
36.243530,-0.195785,-0.134852,0.060933,-0.153846
36.253591,-0.196663,-0.134852,0.061811,-0.153846
36.263652,-0.197541,-0.134852,0.062689,-0.153846
36.273714,-0.198419,-0.134852,0.063567,-0.153846
36.283776,-0.199297,-0.134852,0.064445,-0.153846
36.293840,-0.200175,-0.134852,0.065324,-0.153846
36.303903,-0.201053,-0.134852,0.066202,-0.153846
36.313965,-0.201932,-0.134852,0.067080,-0.153846
36.324140,-0.202819,-0.134852,0.067968,-0.153846
36.334201,-0.203697,-0.134852,0.068846,-0.153846
36.344261,-0.204575,-0.134852,0.069724,-0.153846
36.354321,-0.205453,-0.134852,0.070602,-0.153846
36.364384,-0.206331,-0.134852,0.071480,-0.153846
36.374446,-0.207209,-0.134852,0.072358,-0.153846
36.384507,-0.208087,-0.134852,0.073236,-0.153846
36.394569,-0.208966,-0.134852,0.074114,-0.153846
36.404630,-0.209844,-0.134852,0.074992,-0.153846
36.414692,-0.210722,-0.134852,0.075870,-0.153846
36.424753,-0.211600,-0.134852,0.076748,-0.153846
36.434815,-0.212478,-0.134852,0.077626,-0.153846
36.444877,-0.213356,-0.134852,0.078504,-0.153846
36.454941,-0.214234,-0.134852,0.079382,-0.153846
36.465003,-0.215112,-0.134852,0.080260,-0.153846
36.475066,-0.215990,-0.134852,0.081139,-0.153846
36.485120,-0.216868,-0.134852,0.082016,-0.153846
36.495183,-0.217746,-0.134852,0.082894,-0.153846
36.505236,-0.218623,-0.134852,0.083771,-0.153846
36.515285,-0.219500,-0.134852,0.084648,-0.153846
36.525350,-0.220378,-0.134852,0.085527,-0.153846
36.535409,-0.221256,-0.134852,0.086405,-0.153846
36.545471,-0.222134,-0.134852,0.087283,-0.153846
36.555571,-0.223016,-0.134852,0.088164,-0.153846
36.565634,-0.223894,-0.134852,0.089042,-0.153846
36.575694,-0.224772,-0.134852,0.089920,-0.153846
36.585757,-0.225650,-0.134852,0.090798,-0.153846
36.595819,-0.226528,-0.134852,0.091676,-0.153846
36.605881,-0.227406,-0.134852,0.092554,-0.153846
36.615940,-0.228284,-0.134852,0.093432,-0.153846
36.625994,-0.229161,-0.134852,0.094310,-0.153846
36.636054,-0.230039,-0.134852,0.095188,-0.153846
36.646118,-0.230917,-0.134852,0.096066,-0.153846
36.656184,-0.231796,-0.134852,0.096944,-0.153846
36.666242,-0.232674,-0.134852,0.097822,-0.153846
36.676302,-0.233551,-0.134852,0.098700,-0.153846
36.686364,-0.234429,-0.134852,0.099578,-0.153846
36.696426,-0.235308,-0.134852,0.100456,-0.153846
36.706487,-0.236186,-0.134852,0.101334,-0.153846
36.716550,-0.237064,-0.134852,0.102212,-0.153846
36.726603,-0.237941,-0.134852,0.103089,-0.153846
36.736655,-0.238818,-0.134852,0.103967,-0.153846
36.746714,-0.239696,-0.134852,0.104844,-0.153846
36.756778,-0.240574,-0.134852,0.105723,-0.153846
36.766834,-0.241452,-0.134852,0.106600,-0.153846
36.776894,-0.242330,-0.134852,0.107478,-0.153846
36.786953,-0.243208,-0.134852,0.108356,-0.153846
36.797014,-0.244086,-0.134852,0.109234,-0.153846
36.807074,-0.244963,-0.134852,0.110112,-0.153846
36.817137,-0.245842,-0.134852,0.110990,-0.153846
36.827201,-0.246720,-0.134852,0.111868,-0.153846
36.837265,-0.247598,-0.134852,0.112746,-0.153846
36.847324,-0.248476,-0.134852,0.113624,-0.153846
36.857384,-0.249354,-0.134852,0.114502,-0.153846
36.867445,-0.250232,-0.134852,0.115380,-0.153846
36.877507,-0.251110,-0.134852,0.116258,-0.153846
36.887564,-0.251988,-0.134852,0.117136,-0.153846
36.897623,-0.252865,-0.134852,0.118014,-0.153846
36.907686,-0.253744,-0.134852,0.118892,-0.153846
36.917749,-0.254622,-0.134852,0.119770,-0.153846
36.927809,-0.255500,-0.134852,0.120648,-0.153846
36.937872,-0.256378,-0.134852,0.121526,-0.153846
36.947936,-0.257256,-0.134852,0.122404,-0.153846
36.957995,-0.258134,-0.134852,0.123282,-0.153846
36.968057,-0.259012,-0.134852,0.124160,-0.153846
36.978117,-0.259890,-0.134852,0.125038,-0.153846
36.988181,-0.260768,-0.134852,0.125916,-0.153846
36.998348,-0.261655,-0.134852,0.126804,-0.153846
37.008412,-0.261799,-0.158503,0.103296,-0.178266
37.018473,-0.261799,-0.165370,0.096430,-0.153846
37.028540,-0.261799,-0.165370,0.096430,-0.153846
37.038601,-0.261799,-0.165370,0.096430,-0.153846
37.048665,-0.261799,-0.165370,0.096430,-0.153846
37.058726,-0.261799,-0.165370,0.096430,-0.153846
37.068788,-0.261799,-0.191310,0.070489,-0.148962
37.078847,-0.261799,-0.191310,0.070489,-0.148962
37.088908,-0.261799,-0.195888,0.065912,-0.148962
37.098972,-0.261799,-0.195888,0.065912,-0.148962
37.109033,-0.261799,-0.195888,0.065912,-0.148962
37.119094,-0.261799,-0.195888,0.065912,-0.148962
37.129160,-0.261799,-0.210002,0.051797,-0.100122
37.139223,-0.261799,-0.210002,0.051797,-0.100122
37.149282,-0.261799,-0.210002,0.051797,-0.100122
37.159344,-0.261799,-0.210002,0.051797,-0.100122
37.169405,-0.261799,-0.210002,0.051797,-0.100122
37.179468,-0.261799,-0.210002,0.051797,-0.100122
37.189527,-0.261799,-0.210002,0.051797,-0.100122
37.199589,-0.261799,-0.210002,0.051797,-0.100122
37.209649,-0.261799,-0.210002,0.051797,-0.100122
37.219712,-0.261799,-0.210002,0.051797,-0.100122
37.229779,-0.261799,-0.210002,0.051797,-0.100122
37.239842,-0.261799,-0.210002,0.051797,-0.100122
37.249900,-0.261799,-0.210002,0.051797,-0.100122
37.259963,-0.261799,-0.210002,0.051797,-0.100122
37.270023,-0.261799,-0.210002,0.051797,-0.100122
37.280086,-0.261799,-0.210002,0.051797,-0.100122
37.290148,-0.261799,-0.210002,0.051797,-0.100122
37.300207,-0.261799,-0.210002,0.051797,-0.100122
37.310271,-0.261799,-0.210002,0.051797,-0.100122
37.320332,-0.261799,-0.210002,0.051797,-0.100122
37.330399,-0.261799,-0.210002,0.051797,-0.100122
37.340462,-0.261799,-0.244717,0.017083,-0.183150
37.350524,-0.261799,-0.244717,0.017083,-0.183150
37.360583,-0.261799,-0.244717,0.017083,-0.183150
37.370645,-0.261799,-0.244717,0.017083,-0.183150
37.380705,-0.261799,-0.247005,0.014794,-0.207570
37.390765,-0.261799,-0.247005,0.014794,-0.207570
37.400825,-0.261799,-0.247005,0.014794,-0.207570
37.410886,-0.261799,-0.247005,0.014794,-0.207570
37.420946,-0.261799,-0.247005,0.014794,-0.207570
37.431013,-0.261799,-0.247005,0.014794,-0.207570
37.441205,-0.261799,-0.247005,0.014794,-0.207570
37.451267,-0.261799,-0.247005,0.014794,-0.207570
37.461320,-0.261799,-0.247005,0.014794,-0.207570
37.471379,-0.261799,-0.251202,0.010598,-0.183150
37.481441,-0.261799,-0.251202,0.010598,-0.183150
37.491500,-0.261799,-0.251202,0.010598,-0.183150
37.501562,-0.261799,-0.251202,0.010598,-0.183150
37.511625,-0.261799,-0.251202,0.010598,-0.183150
37.521684,-0.261799,-0.253872,0.007927,-0.100122
37.531751,-0.261799,-0.253872,0.007927,-0.109890
37.541816,-0.261799,-0.253872,0.007927,-0.109890
37.551877,-0.261799,-0.253872,0.007927,-0.109890
37.561938,-0.261799,-0.253872,0.007927,-0.109890
37.571998,-0.261799,-0.253872,0.007927,-0.109890
37.582066,-0.261799,-0.253872,0.007927,-0.109890
37.592124,-0.261799,-0.253872,0.007927,-0.109890
37.602186,-0.261799,-0.253872,0.007927,-0.109890
37.612245,-0.261799,-0.253872,0.007927,-0.109890
37.622307,-0.261799,-0.253872,0.007927,-0.109890
37.632368,-0.261799,-0.253872,0.007927,-0.109890
37.642428,-0.261799,-0.253872,0.007927,-0.109890
37.652491,-0.261799,-0.253872,0.007927,-0.109890
37.662552,-0.261799,-0.253872,0.007927,-0.109890
37.672722,-0.261799,-0.253872,0.007927,-0.109890
37.682783,-0.261799,-0.253872,0.007927,-0.109890
37.692845,-0.261799,-0.253872,0.007927,-0.109890
37.702907,-0.261799,-0.253872,0.007927,-0.109890
37.712961,-0.261799,-0.253872,0.007927,-0.109890
37.723019,-0.261799,-0.253872,0.007927,-0.109890
37.733072,-0.261799,-0.253872,0.007927,-0.109890
37.743136,-0.261799,-0.253872,0.007927,-0.109890
37.753197,-0.261799,-0.253872,0.007927,-0.109890
37.763258,-0.261799,-0.253872,0.007927,-0.109890
37.773323,-0.261799,-0.253872,0.007927,-0.109890
37.783384,-0.261799,-0.253872,0.007927,-0.109890
37.793447,-0.261799,-0.253872,0.007927,-0.109890
37.803510,-0.261799,-0.253872,0.007927,-0.109890
37.813575,-0.261799,-0.253872,0.007927,-0.109890
37.823637,-0.261799,-0.253872,0.007927,-0.109890
37.833700,-0.261799,-0.253872,0.007927,-0.109890
37.843763,-0.261799,-0.253872,0.007927,-0.109890
37.853824,-0.261799,-0.253872,0.007927,-0.109890
37.863887,-0.261799,-0.257305,0.004494,-0.105006
37.873950,-0.261799,-0.257305,0.004494,-0.105006
37.884013,-0.261799,-0.257305,0.004494,-0.105006
37.894076,-0.261799,-0.257305,0.004494,-0.105006
37.904198,-0.261799,-0.257305,0.004494,-0.105006
37.914260,-0.261799,-0.257305,0.004494,-0.105006
37.924323,-0.261799,-0.257305,0.004494,-0.105006
37.934386,-0.261799,-0.257305,0.004494,-0.105006
37.944446,-0.261799,-0.257305,0.004494,-0.105006
37.954509,-0.261799,-0.257305,0.004494,-0.105006
37.964572,-0.261799,-0.257305,0.004494,-0.105006
37.974633,-0.261799,-0.257305,0.004494,-0.105006
37.984696,-0.261799,-0.257687,0.004113,-0.129426
37.994758,-0.261799,-0.257687,0.004113,-0.129426
38.004818,-0.261799,-0.257687,0.004113,-0.129426
38.014879,-0.261799,-0.257687,0.004113,-0.129426
38.024940,-0.261799,-0.257687,0.004113,-0.129426
38.035003,-0.261799,-0.257687,0.004113,-0.129426
38.045065,-0.261799,-0.257687,0.004113,-0.129426
38.055125,-0.261799,-0.257687,0.004113,-0.129426
38.065187,-0.261799,-0.257687,0.004113,-0.129426
38.075248,-0.261799,-0.257687,0.004113,-0.129426
38.085310,-0.261799,-0.257687,0.004113,-0.129426
38.095374,-0.261799,-0.257687,0.004113,-0.129426
38.105436,-0.261799,-0.257687,0.004113,-0.129426
38.115497,-0.261799,-0.257687,0.004113,-0.129426
38.125556,-0.261799,-0.257687,0.004113,-0.129426
38.135618,-0.261799,-0.257687,0.004113,-0.129426
38.145683,-0.261799,-0.257687,0.004113,-0.129426
38.155745,-0.261799,-0.257687,0.004113,-0.129426
38.165806,-0.261799,-0.257687,0.004113,-0.129426
38.175866,-0.261799,-0.257687,0.004113,-0.129426
38.185926,-0.261799,-0.257687,0.004113,-0.129426
38.195986,-0.261799,-0.257687,0.004113,-0.129426
38.206048,-0.261799,-0.257687,0.004113,-0.129426
38.216113,-0.261799,-0.257687,0.004113,-0.129426
38.226174,-0.261799,-0.257687,0.004113,-0.129426
38.236235,-0.261799,-0.257687,0.004113,-0.129426
38.246299,-0.261799,-0.257687,0.004113,-0.129426
38.256359,-0.261799,-0.257687,0.004113,-0.129426
38.266420,-0.261799,-0.257687,0.004113,-0.129426
38.276480,-0.261799,-0.257687,0.004113,-0.129426
38.286544,-0.261799,-0.257687,0.004113,-0.129426
38.296607,-0.261799,-0.257687,0.004113,-0.129426
38.306672,-0.261799,-0.257687,0.004113,-0.129426
38.316734,-0.261799,-0.257687,0.004113,-0.129426
38.326816,-0.261799,-0.257687,0.004113,-0.129426
38.336880,-0.261799,-0.257687,0.004113,-0.129426
38.346940,-0.261799,-0.257687,0.004113,-0.129426
38.357003,-0.261799,-0.257687,0.004113,-0.129426
38.367068,-0.261799,-0.257687,0.004113,-0.129426
38.377123,-0.261799,-0.257687,0.004113,-0.129426
38.387185,-0.261799,-0.257687,0.004113,-0.129426
38.397248,-0.261799,-0.257687,0.004113,-0.129426
38.407312,-0.261799,-0.257687,0.004113,-0.129426
38.417375,-0.261799,-0.257687,0.004113,-0.129426
38.427435,-0.261799,-0.257687,0.004113,-0.129426
38.437498,-0.261799,-0.257687,0.004113,-0.129426
38.447557,-0.261799,-0.257687,0.004113,-0.129426
38.457618,-0.261799,-0.257687,0.004113,-0.129426
38.467673,-0.261799,-0.257687,0.004113,-0.129426
38.477732,-0.261799,-0.257687,0.004113,-0.129426
38.487794,-0.261799,-0.258068,0.003731,-0.134310
38.497845,-0.261799,-0.258068,0.003731,-0.134310
