t,px,py,pz,qw,qx,qy,qz
0.000000,0.142043,-0.051241,0.298816,0.978910,-0.025027,-0.098312,-0.177326
0.010058,0.142043,-0.051241,0.298816,0.978910,-0.025027,-0.098312,-0.177326
0.020110,0.142043,-0.051241,0.298816,0.978910,-0.025027,-0.098312,-0.177326
0.030165,0.142043,-0.051241,0.298816,0.978910,-0.025027,-0.098312,-0.177326
0.040217,0.142043,-0.051241,0.298816,0.978910,-0.025027,-0.098312,-0.177326
0.050270,0.142043,-0.051241,0.298816,0.978910,-0.025027,-0.098312,-0.177326
0.060323,0.142043,-0.051241,0.298816,0.978910,-0.025027,-0.098312,-0.177326
0.070374,0.142040,-0.051249,0.298816,0.978876,-0.025007,-0.098313,-0.177513
0.080426,0.142043,-0.051241,0.298816,0.978910,-0.025027,-0.098312,-0.177326
0.090478,0.142040,-0.051249,0.298816,0.978876,-0.025007,-0.098313,-0.177513
0.100530,0.142040,-0.051249,0.298816,0.978876,-0.025007,-0.098313,-0.177513
0.110583,0.142040,-0.051249,0.298816,0.978876,-0.025007,-0.098313,-0.177513
0.120636,0.142043,-0.051241,0.298816,0.978910,-0.025027,-0.098312,-0.177326
0.130693,0.142043,-0.051241,0.298816,0.978910,-0.025027,-0.098312,-0.177326
0.140756,0.142043,-0.051241,0.298816,0.978910,-0.025027,-0.098312,-0.177326
0.150820,0.142043,-0.051241,0.298816,0.978910,-0.025027,-0.098312,-0.177326
0.160883,0.142043,-0.051241,0.298816,0.978910,-0.025027,-0.098312,-0.177326
0.170936,0.142043,-0.051241,0.298816,0.978910,-0.025027,-0.098312,-0.177326
0.180988,0.142043,-0.051241,0.298816,0.978910,-0.025027,-0.098312,-0.177326
0.191040,0.142040,-0.051249,0.298816,0.978876,-0.025007,-0.098313,-0.177513
0.201094,0.142043,-0.051241,0.298816,0.978910,-0.025027,-0.098312,-0.177326
0.211145,0.142043,-0.051241,0.298816,0.978910,-0.025027,-0.098312,-0.177326
0.221199,0.142043,-0.051241,0.298816,0.978910,-0.025027,-0.098312,-0.177326
0.231251,0.142043,-0.051241,0.298816,0.978910,-0.025027,-0.098312,-0.177326
0.241303,0.141978,-0.051217,0.298866,0.978890,-0.025058,-0.098499,-0.177324
0.251355,0.141978,-0.051217,0.298866,0.978890,-0.025058,-0.098499,-0.177324
0.261421,0.141978,-0.051217,0.298866,0.978890,-0.025058,-0.098499,-0.177324
0.271484,0.141975,-0.051226,0.298866,0.978857,-0.025038,-0.098501,-0.177511
0.281549,0.141975,-0.051226,0.298866,0.978857,-0.025038,-0.098501,-0.177511
0.291602,0.141978,-0.051217,0.298866,0.978890,-0.025058,-0.098499,-0.177324
0.301711,0.141978,-0.051217,0.298866,0.978890,-0.025058,-0.098499,-0.177324
0.311765,0.141975,-0.051226,0.298866,0.978857,-0.025038,-0.098501,-0.177511
0.321819,0.141978,-0.051217,0.298866,0.978890,-0.025058,-0.098499,-0.177324
0.331836,0.141975,-0.051226,0.298866,0.978857,-0.025038,-0.098501,-0.177511
0.341901,0.141978,-0.051217,0.298866,0.978890,-0.025058,-0.098499,-0.177324
0.351965,0.141978,-0.051217,0.298866,0.978890,-0.025058,-0.098499,-0.177324
0.362030,0.141975,-0.051226,0.298866,0.978857,-0.025038,-0.098501,-0.177511
0.372092,0.141978,-0.051217,0.298866,0.978890,-0.025058,-0.098499,-0.177324
0.382148,0.141975,-0.051226,0.298866,0.978857,-0.025038,-0.098501,-0.177511
0.392203,0.141978,-0.051217,0.298866,0.978890,-0.025058,-0.098499,-0.177324
0.402256,0.141978,-0.051217,0.298866,0.978890,-0.025058,-0.098499,-0.177324
0.412309,0.141975,-0.051226,0.298866,0.978857,-0.025038,-0.098501,-0.177511
0.422362,0.141978,-0.051217,0.298866,0.978890,-0.025058,-0.098499,-0.177324
0.432425,0.141978,-0.051217,0.298866,0.978890,-0.025058,-0.098499,-0.177324
0.442487,0.141975,-0.051226,0.298866,0.978857,-0.025038,-0.098501,-0.177511
0.452542,0.141978,-0.051217,0.298866,0.978890,-0.025058,-0.098499,-0.177324
0.462602,0.141975,-0.051226,0.298866,0.978857,-0.025038,-0.098501,-0.177511
0.472665,0.141978,-0.051217,0.298866,0.978890,-0.025058,-0.098499,-0.177324
0.482727,0.141978,-0.051217,0.298866,0.978890,-0.025058,-0.098499,-0.177324
0.492787,0.141913,-0.051194,0.298916,0.978871,-0.025089,-0.098686,-0.177322
0.502842,0.141913,-0.051194,0.298916,0.978871,-0.025089,-0.098686,-0.177322
0.512895,0.141913,-0.051194,0.298916,0.978871,-0.025089,-0.098686,-0.177322
0.522958,0.141913,-0.051194,0.298916,0.978871,-0.025089,-0.098686,-0.177322
0.533152,0.141848,-0.051171,0.298966,0.978852,-0.025120,-0.098873,-0.177320
0.543215,0.141848,-0.051171,0.298966,0.978852,-0.025120,-0.098873,-0.177320
0.553336,0.141783,-0.051147,0.299016,0.978832,-0.025151,-0.099060,-0.177319
0.563391,0.141783,-0.051147,0.299016,0.978832,-0.025151,-0.099060,-0.177319
0.573455,0.141780,-0.051156,0.299016,0.978799,-0.025132,-0.099062,-0.177505
0.583507,0.141783,-0.051147,0.299016,0.978832,-0.025151,-0.099060,-0.177319
0.593565,0.141783,-0.051147,0.299016,0.978832,-0.025151,-0.099060,-0.177319
0.603620,0.141783,-0.051147,0.299016,0.978832,-0.025151,-0.099060,-0.177319
0.613679,0.141783,-0.051147,0.299016,0.978832,-0.025151,-0.099060,-0.177319
0.623744,0.141783,-0.051147,0.299016,0.978832,-0.025151,-0.099060,-0.177319
0.633809,0.141783,-0.051147,0.299016,0.978832,-0.025151,-0.099060,-0.177319
0.643873,0.141783,-0.051147,0.299016,0.978832,-0.025151,-0.099060,-0.177319
0.653938,0.141769,-0.051152,0.299148,0.978779,-0.025163,-0.099249,-0.177503
0.664001,0.141772,-0.051143,0.299148,0.978813,-0.025182,-0.099248,-0.177317
0.674064,0.141772,-0.051143,0.299148,0.978813,-0.025182,-0.099248,-0.177317
0.684128,0.141772,-0.051143,0.299148,0.978813,-0.025182,-0.099248,-0.177317
0.694193,0.141758,-0.051148,0.299281,0.978760,-0.025194,-0.099436,-0.177502
0.704262,0.141750,-0.051136,0.299413,0.978774,-0.025245,-0.099622,-0.177313
0.714326,0.141739,-0.051132,0.299546,0.978754,-0.025276,-0.099809,-0.177311
0.724390,0.141717,-0.051124,0.299811,0.978715,-0.025338,-0.100183,-0.177307
0.734455,0.141705,-0.051120,0.299944,0.978696,-0.025370,-0.100371,-0.177305
0.744518,0.141683,-0.051112,0.300209,0.978656,-0.025432,-0.100745,-0.177302
0.754579,0.141672,-0.051107,0.300341,0.978636,-0.025463,-0.100932,-0.177300
0.764633,0.141660,-0.051103,0.300474,0.978617,-0.025494,-0.101119,-0.177298
0.774687,0.141649,-0.051099,0.300606,0.978597,-0.025525,-0.101306,-0.177296
0.784749,0.141626,-0.051091,0.300871,0.978557,-0.025588,-0.101680,-0.177292
0.794813,0.141614,-0.051087,0.301004,0.978537,-0.025619,-0.101867,-0.177290
0.804878,0.141537,-0.051059,0.301186,0.978497,-0.025681,-0.102242,-0.177286
0.814941,0.141537,-0.051059,0.301186,0.978497,-0.025681,-0.102242,-0.177286
0.825000,0.141522,-0.051063,0.301318,0.978444,-0.025692,-0.102430,-0.177471
0.835061,0.141510,-0.051059,0.301451,0.978424,-0.025723,-0.102618,-0.177469
0.845122,0.141513,-0.051051,0.301451,0.978457,-0.025744,-0.102616,-0.177282
0.855185,0.141501,-0.051046,0.301583,0.978437,-0.025775,-0.102803,-0.177280
0.865245,0.141501,-0.051046,0.301583,0.978437,-0.025775,-0.102803,-0.177280
0.875307,0.141501,-0.051046,0.301583,0.978437,-0.025775,-0.102803,-0.177280
0.885371,0.141490,-0.051042,0.301716,0.978417,-0.025806,-0.102990,-0.177278
0.895430,0.141490,-0.051042,0.301716,0.978417,-0.025806,-0.102990,-0.177278
0.905492,0.141490,-0.051042,0.301716,0.978417,-0.025806,-0.102990,-0.177278
0.915556,0.141478,-0.051038,0.301848,0.978397,-0.025837,-0.103177,-0.177276
0.925618,0.141466,-0.051034,0.301981,0.978377,-0.025868,-0.103364,-0.177274
0.935681,0.141454,-0.051029,0.302113,0.978356,-0.025899,-0.103551,-0.177272
0.945740,0.141442,-0.051025,0.302246,0.978336,-0.025930,-0.103738,-0.177270
0.955804,0.141430,-0.051021,0.302378,0.978316,-0.025962,-0.103925,-0.177268
0.965867,0.141417,-0.051016,0.302510,0.978295,-0.025993,-0.104112,-0.177266
0.975932,0.141405,-0.051012,0.302643,0.978275,-0.026024,-0.104300,-0.177264
0.985994,0.141393,-0.051008,0.302775,0.978255,-0.026055,-0.104487,-0.177262
0.996056,0.141356,-0.050994,0.303173,0.978193,-0.026149,-0.105048,-0.177256
1.006119,0.141340,-0.050998,0.303305,0.978139,-0.026159,-0.105237,-0.177440
1.016185,0.141331,-0.050985,0.303437,0.978152,-0.026211,-0.105422,-0.177252
1.026250,0.141331,-0.050985,0.303437,0.978152,-0.026211,-0.105422,-0.177252
1.036311,0.141293,-0.050972,0.303835,0.978090,-0.026304,-0.105983,-0.177245
1.046374,0.141268,-0.050963,0.304099,0.978048,-0.026367,-0.106357,-0.177241
1.056438,0.141242,-0.050954,0.304364,0.978007,-0.026429,-0.106731,-0.177237
1.066499,0.141229,-0.050949,0.304496,0.977986,-0.026460,-0.106918,-0.177235
1.076562,0.141184,-0.050994,0.304761,0.977910,-0.026543,-0.107287,-0.177417
1.086625,0.141171,-0.050989,0.304893,0.977889,-0.026574,-0.107474,-0.177415
1.096687,0.141145,-0.050980,0.305158,0.977847,-0.026636,-0.107848,-0.177411
1.106749,0.141119,-0.050970,0.305423,0.977805,-0.026699,-0.108222,-0.177406
1.116810,0.141105,-0.050965,0.305555,0.977784,-0.026730,-0.108409,-0.177404
1.126873,0.141092,-0.050961,0.305687,0.977762,-0.026761,-0.108596,-0.177402
1.136936,0.141065,-0.050951,0.305952,0.977720,-0.026823,-0.108970,-0.177397
1.146989,0.141052,-0.050946,0.306084,0.977699,-0.026854,-0.109157,-0.177395
1.157042,0.141025,-0.050936,0.306349,0.977656,-0.026917,-0.109530,-0.177391
1.167102,0.141011,-0.050932,0.306481,0.977635,-0.026948,-0.109717,-0.177388
1.177163,0.140998,-0.050927,0.306613,0.977613,-0.026979,-0.109904,-0.177386
1.187224,0.140984,-0.050922,0.306746,0.977592,-0.027010,-0.110091,-0.177384
1.197284,0.140970,-0.050917,0.306878,0.977570,-0.027041,-0.110278,-0.177382
1.207347,0.140957,-0.050912,0.307010,0.977548,-0.027072,-0.110465,-0.177380
1.217409,0.140943,-0.050907,0.307142,0.977527,-0.027104,-0.110652,-0.177377
1.227469,0.140915,-0.050897,0.307407,0.977484,-0.027166,-0.111026,-0.177373
1.237531,0.140901,-0.050892,0.307539,0.977462,-0.027197,-0.111213,-0.177370
1.247592,0.140868,-0.050941,0.307671,0.977406,-0.027250,-0.111394,-0.177555
1.257652,0.140862,-0.050938,0.307767,0.977406,-0.027250,-0.111394,-0.177555
1.267712,0.140833,-0.050928,0.308032,0.977363,-0.027312,-0.111768,-0.177550
1.277775,0.140805,-0.050918,0.308296,0.977319,-0.027374,-0.112142,-0.177545
1.287836,0.140776,-0.050908,0.308561,0.977275,-0.027437,-0.112516,-0.177541
1.297899,0.140762,-0.050903,0.308693,0.977253,-0.027468,-0.112703,-0.177538
1.307954,0.140733,-0.050892,0.308957,0.977209,-0.027530,-0.113076,-0.177534
1.318017,0.140719,-0.050887,0.309089,0.977187,-0.027561,-0.113263,-0.177531
1.328077,0.140690,-0.050877,0.309354,0.977143,-0.027624,-0.113637,-0.177527
1.338142,0.140606,-0.050847,0.309535,0.977098,-0.027686,-0.114011,-0.177522
1.348209,0.140562,-0.050831,0.309932,0.977031,-0.027780,-0.114571,-0.177515
1.358270,0.140547,-0.050825,0.310064,0.977009,-0.027811,-0.114758,-0.177512
1.368332,0.140517,-0.050815,0.310328,0.976964,-0.027873,-0.115132,-0.177507
1.378397,0.140472,-0.050798,0.310724,0.976897,-0.027967,-0.115692,-0.177500
1.388450,0.140450,-0.050790,0.310952,0.976874,-0.027998,-0.115879,-0.177498
1.398512,0.140451,-0.050791,0.311012,0.976897,-0.027967,-0.115692,-0.177500
1.408565,0.140430,-0.050783,0.311300,0.976897,-0.027967,-0.115692,-0.177500
1.418626,0.140399,-0.050772,0.311564,0.976851,-0.028029,-0.116066,-0.177495
1.428694,0.140376,-0.050764,0.311792,0.976829,-0.028060,-0.116252,-0.177493
1.438748,0.140362,-0.050759,0.311984,0.976829,-0.028060,-0.116252,-0.177493
1.448811,0.140331,-0.050748,0.312308,0.976806,-0.028091,-0.116439,-0.177490
1.458847,0.140292,-0.050734,0.312668,0.976761,-0.028154,-0.116813,-0.177485
1.468903,0.140277,-0.050728,0.312859,0.976761,-0.028154,-0.116813,-0.177485
1.478963,0.140243,-0.050776,0.313051,0.976727,-0.028176,-0.116807,-0.177672
1.489026,0.140211,-0.050765,0.313375,0.976704,-0.028207,-0.116994,-0.177669
1.499088,0.140191,-0.050748,0.313663,0.976737,-0.028230,-0.116992,-0.177483
1.509141,0.140184,-0.050746,0.313818,0.976760,-0.028199,-0.116805,-0.177485
1.519202,0.140089,-0.050712,0.314155,0.976737,-0.028230,-0.116992,-0.177483
1.529262,0.140090,-0.050712,0.314215,0.976760,-0.028199,-0.116805,-0.177485
1.539326,0.140065,-0.050703,0.314502,0.976760,-0.028199,-0.116805,-0.177485
1.549387,0.140049,-0.050697,0.314694,0.976760,-0.028199,-0.116805,-0.177485
1.559452,0.140015,-0.050685,0.315017,0.976737,-0.028230,-0.116992,-0.177483
1.569514,0.139979,-0.050733,0.315209,0.976709,-0.028066,-0.117020,-0.177647
1.579575,0.139937,-0.050717,0.315628,0.976686,-0.028097,-0.117207,-0.177644
1.589628,0.139928,-0.050714,0.315724,0.976686,-0.028097,-0.117207,-0.177644
1.599677,0.139894,-0.050702,0.316048,0.976663,-0.028128,-0.117394,-0.177642
1.609741,0.139876,-0.050695,0.316239,0.976663,-0.028128,-0.117394,-0.177642
1.619806,0.139861,-0.050681,0.316490,0.976720,-0.028120,-0.117205,-0.177458
1.629866,0.139844,-0.050674,0.316682,0.976720,-0.028120,-0.117205,-0.177458
1.639919,0.139851,-0.050677,0.316765,0.976793,-0.027840,-0.116678,-0.177443
1.649983,0.139823,-0.050667,0.317052,0.976793,-0.027840,-0.116678,-0.177443
1.660045,0.139816,-0.050655,0.317267,0.976872,-0.027800,-0.116303,-0.177262
1.670107,0.139748,-0.050640,0.317340,0.976861,-0.027746,-0.116118,-0.177451
1.680167,0.139721,-0.050681,0.317554,0.976911,-0.027542,-0.115771,-0.177434
1.690217,0.139710,-0.050677,0.317710,0.976934,-0.027510,-0.115584,-0.177436
1.700277,0.139672,-0.050663,0.318092,0.976934,-0.027510,-0.115584,-0.177436
1.710340,0.139669,-0.050662,0.318212,0.976979,-0.027447,-0.115211,-0.177441
1.720403,0.139666,-0.050661,0.318331,0.977029,-0.027198,-0.114871,-0.177424
1.730463,0.139642,-0.050712,0.318509,0.977062,-0.027126,-0.114305,-0.177618
1.740513,0.139620,-0.050705,0.318760,0.977089,-0.026908,-0.114152,-0.177599
1.750573,0.139508,-0.050715,0.319119,0.977111,-0.026921,-0.113958,-0.177602
1.760636,0.139485,-0.050767,0.319238,0.977122,-0.026879,-0.113579,-0.177793
1.770701,0.139452,-0.050805,0.319512,0.977193,-0.026642,-0.113046,-0.177779
1.780762,0.139428,-0.050857,0.319631,0.977203,-0.026600,-0.112667,-0.177971
1.790818,0.139320,-0.050938,0.319762,0.977184,-0.026393,-0.112317,-0.178327
1.800881,0.139276,-0.051042,0.319881,0.977159,-0.026372,-0.111934,-0.178705
1.810940,0.139183,-0.051189,0.320227,0.977083,-0.026218,-0.111766,-0.179246
1.821003,0.139153,-0.051229,0.320382,0.977105,-0.026229,-0.111572,-0.179248
1.831067,0.139009,-0.051338,0.320704,0.977113,-0.026272,-0.111178,-0.179440
1.841131,0.138855,-0.051452,0.321003,0.977050,-0.026171,-0.111195,-0.179791
1.851194,0.138739,-0.051621,0.321026,0.977122,-0.026158,-0.110234,-0.179991
1.861256,0.138580,-0.051803,0.321193,0.977011,-0.026023,-0.110062,-0.180718
1.871315,0.138328,-0.051921,0.321636,0.976954,-0.026204,-0.110221,-0.180901
1.881376,0.138220,-0.052001,0.321708,0.976911,-0.026027,-0.110059,-0.181256
1.891436,0.137942,-0.052017,0.322068,0.976821,-0.026102,-0.110236,-0.181625
1.901497,0.137696,-0.051985,0.322332,0.976770,-0.025970,-0.110452,-0.181788
1.911562,0.137526,-0.051980,0.322570,0.976778,-0.025925,-0.110074,-0.181980
1.921622,0.137379,-0.051985,0.322617,0.976791,-0.025693,-0.109731,-0.182151
1.931684,0.137174,-0.051908,0.322772,0.976838,-0.025440,-0.109392,-0.182135
1.941749,0.136982,-0.051945,0.322986,0.976803,-0.025503,-0.109380,-0.182322
1.951813,0.136733,-0.051872,0.323344,0.976890,-0.025456,-0.109585,-0.181739
1.961845,0.136477,-0.051856,0.323607,0.976937,-0.025617,-0.109751,-0.181363
1.971900,0.136130,-0.051776,0.324107,0.977070,-0.025690,-0.110129,-0.180404
1.981952,0.135956,-0.051781,0.324284,0.977193,-0.025804,-0.109918,-0.179848
1.992032,0.135696,-0.051773,0.324568,0.977423,-0.025838,-0.109725,-0.178711
2.002084,0.135528,-0.051760,0.324745,0.977612,-0.025994,-0.109508,-0.177781
2.012136,0.135294,-0.051831,0.325090,0.977725,-0.026283,-0.109650,-0.177032
2.022189,0.134844,-0.051818,0.325540,0.977965,-0.026607,-0.110173,-0.175324
2.032241,0.134572,-0.051823,0.325799,0.978081,-0.026669,-0.110354,-0.174553
2.042294,0.134250,-0.051690,0.326201,0.978399,-0.027063,-0.110673,-0.172494
2.052346,0.134108,-0.051705,0.326532,0.978480,-0.027063,-0.110864,-0.171910
2.062399,0.133884,-0.051559,0.326850,0.978675,-0.027192,-0.110844,-0.170790
2.072450,0.133779,-0.051499,0.327145,0.978740,-0.027235,-0.110837,-0.170417
2.082499,0.133498,-0.051360,0.327724,0.978804,-0.027001,-0.111263,-0.169808
2.092551,0.133342,-0.051300,0.327899,0.978825,-0.026963,-0.111077,-0.169811
2.102603,0.132891,-0.051172,0.328534,0.978765,-0.026933,-0.111658,-0.169781
2.112655,0.132641,-0.051055,0.328886,0.978813,-0.026827,-0.111868,-0.169384
2.122706,0.132376,-0.050952,0.329296,0.978823,-0.026454,-0.111933,-0.169341
2.132756,0.132174,-0.050931,0.329600,0.978796,-0.026288,-0.111960,-0.169506
2.142806,0.131820,-0.050899,0.329925,0.978773,-0.025979,-0.112011,-0.169650
2.152830,0.131546,-0.050907,0.330144,0.978718,-0.025649,-0.112066,-0.169981
2.162881,0.131051,-0.050933,0.330644,0.978592,-0.025272,-0.112511,-0.170470
2.172932,0.130810,-0.051001,0.330947,0.978537,-0.024985,-0.112558,-0.170800
2.182985,0.130354,-0.051089,0.331493,0.978426,-0.024801,-0.112776,-0.171314
2.193036,0.130125,-0.051217,0.331629,0.978381,-0.024457,-0.112448,-0.171838
2.203088,0.129838,-0.051437,0.331858,0.978274,-0.023970,-0.112144,-0.172714
2.213140,0.129513,-0.051536,0.332111,0.978125,-0.023908,-0.112344,-0.173435
2.223191,0.129004,-0.051568,0.332607,0.977929,-0.023491,-0.112800,-0.174295
2.233243,0.128546,-0.051553,0.332950,0.977773,-0.023301,-0.113409,-0.174800
2.243321,0.128083,-0.051582,0.333241,0.977708,-0.022810,-0.113302,-0.175299
2.253373,0.127841,-0.051701,0.333410,0.977638,-0.022505,-0.113161,-0.175819
2.263425,0.127646,-0.051781,0.333449,0.977622,-0.022139,-0.112840,-0.176157
2.273436,0.127288,-0.052011,0.333591,0.977510,-0.021692,-0.112532,-0.177034
2.283485,0.126916,-0.052008,0.333849,0.977459,-0.021653,-0.112728,-0.177195
2.293538,0.126571,-0.052098,0.334156,0.977472,-0.021308,-0.112782,-0.177130
2.303591,0.126242,-0.052063,0.334283,0.977442,-0.021186,-0.112802,-0.177295
2.313644,0.125773,-0.052138,0.334475,0.977336,-0.020900,-0.112660,-0.178003
2.323695,0.125396,-0.052082,0.334825,0.977285,-0.020819,-0.112865,-0.178163
2.333746,0.124853,-0.052113,0.335059,0.977191,-0.020597,-0.112902,-0.178679
2.343795,0.124554,-0.052134,0.335270,0.977161,-0.020517,-0.112913,-0.178844
2.353839,0.124217,-0.052287,0.335407,0.977148,-0.020088,-0.112600,-0.179162
2.363888,0.124077,-0.052411,0.335436,0.977195,-0.019987,-0.112225,-0.179151
2.373940,0.123575,-0.052396,0.335862,0.977244,-0.020018,-0.112781,-0.178534
2.383988,0.123153,-0.052330,0.336064,0.977274,-0.020088,-0.113142,-0.178130
2.394038,0.122618,-0.052297,0.336329,0.977365,-0.020036,-0.113325,-0.177523
2.404089,0.122168,-0.052208,0.336658,0.977411,-0.019987,-0.113896,-0.176905
2.414139,0.121579,-0.052098,0.336927,0.977666,-0.020230,-0.114011,-0.175388
2.424190,0.121295,-0.052140,0.337002,0.977895,-0.020341,-0.113768,-0.174253
2.434240,0.120824,-0.052169,0.337183,0.978194,-0.020391,-0.113523,-0.172724
2.444290,0.120528,-0.052149,0.337386,0.978427,-0.020710,-0.113433,-0.171418
2.454342,0.119809,-0.051927,0.337987,0.978588,-0.021099,-0.114284,-0.169878
2.464394,0.119461,-0.051904,0.338103,0.978593,-0.021041,-0.114284,-0.169857
2.474446,0.118971,-0.051807,0.338540,0.978610,-0.021053,-0.114459,-0.169643
2.484495,0.118694,-0.051834,0.338613,0.978571,-0.020905,-0.114289,-0.170000
2.494560,0.118103,-0.051817,0.338997,0.978435,-0.020966,-0.114654,-0.170528
2.504612,0.117728,-0.051787,0.339203,0.978407,-0.020887,-0.114660,-0.170693
2.514663,0.117413,-0.051893,0.339275,0.978336,-0.020804,-0.114475,-0.171236
2.524714,0.116805,-0.051925,0.339619,0.978155,-0.020819,-0.114659,-0.172142
2.534763,0.116398,-0.051941,0.339860,0.978039,-0.020789,-0.114852,-0.172674
2.544818,0.115756,-0.052007,0.339986,0.977849,-0.020591,-0.114883,-0.173750
2.554879,0.115389,-0.051995,0.340132,0.977728,-0.020706,-0.115054,-0.174303
2.564932,0.114866,-0.052092,0.340339,0.977604,-0.020550,-0.115070,-0.175006
2.574981,0.114360,-0.052194,0.340488,0.977454,-0.020631,-0.115236,-0.175724
2.585033,0.113725,-0.052203,0.340644,0.977405,-0.020777,-0.115377,-0.175883
2.595087,0.113369,-0.052194,0.340714,0.977467,-0.020734,-0.115172,-0.175682
2.605151,0.112659,-0.052276,0.340996,0.977300,-0.020767,-0.115529,-0.176372
2.615212,0.112212,-0.052252,0.341104,0.977374,-0.020840,-0.115485,-0.175978
2.625273,0.111734,-0.052413,0.341010,0.977550,-0.020993,-0.114825,-0.175417
2.635340,0.111290,-0.052357,0.341152,0.977704,-0.021180,-0.114937,-0.174458
2.645400,0.110655,-0.052352,0.341262,0.977944,-0.021715,-0.114764,-0.173155
2.655463,0.110193,-0.052324,0.341401,0.978097,-0.021946,-0.114860,-0.172196
2.665522,0.109573,-0.052372,0.341380,0.978328,-0.022261,-0.114530,-0.171063
2.675584,0.109151,-0.052327,0.341427,0.978441,-0.022615,-0.114610,-0.170312
2.685645,0.108551,-0.052303,0.341477,0.978461,-0.022806,-0.114722,-0.170098
2.695707,0.108075,-0.052296,0.341651,0.978326,-0.022884,-0.115077,-0.170624
2.705767,0.107471,-0.052304,0.341664,0.978234,-0.022935,-0.115042,-0.171163
2.715820,0.106920,-0.052254,0.341873,0.978077,-0.023072,-0.115577,-0.171682
2.725831,0.106365,-0.052332,0.341882,0.977953,-0.023147,-0.115537,-0.172407
2.735881,0.106044,-0.052388,0.341976,0.977888,-0.023320,-0.115487,-0.172781
2.745944,0.105280,-0.052412,0.342185,0.977631,-0.023570,-0.115993,-0.173859
2.756006,0.104822,-0.052422,0.342261,0.977558,-0.023926,-0.116279,-0.174034
2.766071,0.104247,-0.052519,0.342264,0.977573,-0.023988,-0.116203,-0.173991
2.776125,0.103775,-0.052476,0.342428,0.977634,-0.024431,-0.116448,-0.173421
2.786184,0.103252,-0.052413,0.342537,0.977644,-0.024729,-0.116913,-0.173007
2.796248,0.102678,-0.052479,0.342572,0.977700,-0.025083,-0.116959,-0.172608
2.806308,0.102225,-0.052479,0.342606,0.977783,-0.025514,-0.117004,-0.172044
2.816360,0.101600,-0.052460,0.342637,0.978006,-0.025977,-0.116993,-0.170713
2.826410,0.101243,-0.052458,0.342633,0.978147,-0.026138,-0.116893,-0.169947
2.836462,0.100487,-0.052427,0.342825,0.978097,-0.026392,-0.117338,-0.169885
2.846526,0.099949,-0.052408,0.342892,0.978030,-0.026619,-0.117628,-0.170037
2.856588,0.099345,-0.052386,0.342885,0.978012,-0.026575,-0.117577,-0.170180
2.866649,0.098882,-0.052395,0.342952,0.977840,-0.026883,-0.117881,-0.170913
2.876709,0.098239,-0.052434,0.342980,0.977634,-0.026842,-0.118045,-0.171981
2.886770,0.097800,-0.052432,0.342972,0.977576,-0.026876,-0.118003,-0.172332
2.896831,0.097143,-0.052463,0.343032,0.977443,-0.027198,-0.118261,-0.172857
2.906892,0.096708,-0.052448,0.343022,0.977419,-0.027254,-0.118207,-0.173022
2.916956,0.096037,-0.052522,0.343044,0.977246,-0.027325,-0.118325,-0.173904
2.927015,0.095667,-0.052558,0.342997,0.977312,-0.027400,-0.118053,-0.173704
2.937082,0.094964,-0.052501,0.343010,0.977478,-0.027685,-0.118052,-0.172725
2.947144,0.094450,-0.052412,0.343063,0.977579,-0.028030,-0.118271,-0.171945
2.957208,0.093867,-0.052461,0.343079,0.977610,-0.028232,-0.118310,-0.171710
2.967271,0.093332,-0.052410,0.343131,0.977650,-0.028394,-0.118562,-0.171280
2.977331,0.092712,-0.052358,0.343141,0.977781,-0.028618,-0.118577,-0.170486
2.987391,0.092314,-0.052418,0.343126,0.977770,-0.028389,-0.118543,-0.170607
2.997451,0.091620,-0.052352,0.343132,0.977778,-0.028155,-0.118668,-0.170513
3.007511,0.091098,-0.052279,0.343180,0.977757,-0.028050,-0.118987,-0.170432
3.017571,0.090480,-0.052215,0.343223,0.977737,-0.028034,-0.119267,-0.170352
3.027632,0.089993,-0.052247,0.343274,0.977549,-0.027869,-0.119631,-0.171201
3.037696,0.089332,-0.052230,0.343349,0.977486,-0.027626,-0.120122,-0.171253
3.047755,0.088874,-0.052175,0.343432,0.977482,-0.027438,-0.120627,-0.170954
3.057818,0.088154,-0.052078,0.343534,0.977504,-0.027155,-0.121275,-0.170415
3.067877,0.087614,-0.052008,0.343611,0.977462,-0.027183,-0.121735,-0.170324
3.077938,0.087221,-0.052024,0.343623,0.977498,-0.027081,-0.121832,-0.170063
3.087998,0.086660,-0.051977,0.343656,0.977693,-0.026926,-0.122029,-0.168820
3.098058,0.086187,-0.051942,0.343734,0.977652,-0.026962,-0.122480,-0.168727
3.108120,0.085365,-0.051827,0.343897,0.977492,-0.027002,-0.123456,-0.168934
3.118182,0.084915,-0.051775,0.343938,0.977438,-0.026898,-0.123765,-0.169035
3.128245,0.084183,-0.051707,0.344032,0.977216,-0.026864,-0.124427,-0.169839
3.138309,0.083715,-0.051677,0.344110,0.976999,-0.026944,-0.124937,-0.170696
3.148363,0.083051,-0.051636,0.344207,0.976809,-0.026939,-0.125580,-0.171312
3.158416,0.082530,-0.051509,0.344308,0.976734,-0.027401,-0.126142,-0.171253
3.168484,0.081849,-0.051468,0.344436,0.976557,-0.027556,-0.126910,-0.171673
3.178546,0.081377,-0.051425,0.344507,0.976448,-0.027572,-0.127374,-0.171947
3.188610,0.080687,-0.051335,0.344501,0.976385,-0.028092,-0.127847,-0.171866
3.198671,0.080300,-0.051304,0.344538,0.976431,-0.028305,-0.128032,-0.171432
3.208731,0.079547,-0.051168,0.344720,0.976376,-0.028994,-0.128975,-0.170926
3.218792,0.079055,-0.051029,0.344759,0.976420,-0.029516,-0.129620,-0.170090
3.228855,0.078412,-0.050853,0.344943,0.976491,-0.030405,-0.130486,-0.168864
3.238914,0.078007,-0.050815,0.345049,0.976416,-0.030949,-0.130994,-0.168804
3.248977,0.077360,-0.050766,0.345114,0.976171,-0.031586,-0.131840,-0.169442
3.259040,0.076961,-0.050659,0.345125,0.976099,-0.031855,-0.132423,-0.169355
3.269100,0.076230,-0.050501,0.345341,0.975705,-0.032329,-0.133735,-0.170498
3.279162,0.075700,-0.050373,0.345467,0.975438,-0.032627,-0.134551,-0.171325
3.289222,0.075089,-0.050352,0.345588,0.975144,-0.033151,-0.135255,-0.172340
3.299284,0.074735,-0.050279,0.345620,0.975078,-0.033416,-0.135482,-0.172483
3.309337,0.073998,-0.050149,0.345757,0.974765,-0.033852,-0.136378,-0.173460
3.319398,0.073583,-0.050075,0.345726,0.974713,-0.034336,-0.136693,-0.173408
3.329459,0.072976,-0.049895,0.345790,0.974789,-0.034970,-0.137038,-0.172582
3.339519,0.072540,-0.049765,0.345840,0.974841,-0.035530,-0.137282,-0.171976
3.349658,0.071919,-0.049628,0.345869,0.974839,-0.036059,-0.137486,-0.171717
3.359711,0.071583,-0.049583,0.345806,0.974881,-0.036507,-0.137579,-0.171307
3.369763,0.071167,-0.049362,0.345757,0.975040,-0.036859,-0.137836,-0.170117
3.379815,0.070544,-0.049208,0.345670,0.974988,-0.037586,-0.138350,-0.169836
3.389867,0.070185,-0.049137,0.345549,0.974901,-0.038014,-0.138689,-0.169967
3.399927,0.069713,-0.049007,0.345352,0.974875,-0.038317,-0.139150,-0.169667
3.409980,0.069306,-0.048858,0.345254,0.974768,-0.038610,-0.139708,-0.169759
3.420042,0.068878,-0.048890,0.344822,0.974484,-0.038561,-0.140011,-0.171145
3.430103,0.068560,-0.048866,0.344580,0.974359,-0.038667,-0.140258,-0.171630
3.440156,0.068047,-0.048753,0.344285,0.974240,-0.038774,-0.140778,-0.171856
3.450208,0.067715,-0.048647,0.344160,0.974193,-0.039002,-0.141143,-0.171773
3.460262,0.067367,-0.048690,0.343693,0.974179,-0.039079,-0.141087,-0.171880
3.470314,0.067176,-0.048716,0.343300,0.974279,-0.039111,-0.140888,-0.171466
3.480366,0.066789,-0.048642,0.342850,0.974493,-0.039270,-0.140853,-0.170242
3.490417,0.066524,-0.048574,0.342693,0.974620,-0.039364,-0.140952,-0.169409
3.500478,0.066206,-0.048571,0.342223,0.974732,-0.038905,-0.140938,-0.168880
3.510528,0.066051,-0.048592,0.341759,0.974887,-0.038494,-0.140476,-0.168465
3.520589,0.065785,-0.048626,0.341171,0.974945,-0.038019,-0.140348,-0.168345
3.530649,0.065594,-0.048637,0.341000,0.974850,-0.037744,-0.140517,-0.168812
3.540708,0.065234,-0.048606,0.340526,0.974714,-0.037017,-0.140736,-0.169573
3.550768,0.065125,-0.048682,0.339947,0.974758,-0.036168,-0.140281,-0.169882
3.560839,0.064906,-0.048821,0.339341,0.974629,-0.035445,-0.140148,-0.170882
3.570892,0.064705,-0.048820,0.339037,0.974550,-0.035254,-0.140128,-0.171389
3.580946,0.064389,-0.048879,0.338539,0.974345,-0.034983,-0.140114,-0.172614
3.590999,0.064279,-0.048962,0.337961,0.974343,-0.034292,-0.139657,-0.173136
3.601052,0.064087,-0.049060,0.337352,0.974300,-0.033957,-0.139416,-0.173636
3.611114,0.063869,-0.049058,0.337080,0.974227,-0.034128,-0.139463,-0.173974
3.621177,0.063621,-0.049089,0.336491,0.974203,-0.033734,-0.139386,-0.174250
3.631241,0.063571,-0.049207,0.335922,0.974257,-0.033455,-0.138812,-0.174458
3.641295,0.063461,-0.049278,0.335542,0.974211,-0.033283,-0.138767,-0.174782
3.651348,0.063353,-0.049401,0.334908,0.974247,-0.033205,-0.138285,-0.174980
3.661402,0.063181,-0.049429,0.334514,0.974233,-0.033290,-0.138147,-0.175149
3.671453,0.062973,-0.049395,0.333919,0.974409,-0.033350,-0.137874,-0.174373
3.681505,0.062941,-0.049465,0.333381,0.974544,-0.033188,-0.137411,-0.174014
3.691555,0.062869,-0.049523,0.332740,0.974791,-0.033188,-0.136800,-0.173107
3.701605,0.062807,-0.049528,0.332319,0.975010,-0.033198,-0.136409,-0.172182
3.711655,0.062666,-0.049536,0.331697,0.975264,-0.033559,-0.135858,-0.171104
3.721706,0.062568,-0.049547,0.331178,0.975448,-0.033591,-0.135460,-0.170365
3.731758,0.062473,-0.049550,0.330657,0.975666,-0.033644,-0.135035,-0.169442
3.741812,0.062411,-0.049582,0.330241,0.975696,-0.033677,-0.134780,-0.169461
3.751873,0.062350,-0.049625,0.329512,0.975721,-0.033390,-0.134432,-0.169653
3.761936,0.062226,-0.049616,0.329121,0.975665,-0.033303,-0.134418,-0.170002
3.771998,0.062043,-0.049557,0.328753,0.975551,-0.033304,-0.134585,-0.170521
3.782059,0.062027,-0.049639,0.328221,0.975502,-0.032926,-0.134326,-0.171079
3.792122,0.061959,-0.049742,0.327591,0.975416,-0.032807,-0.133995,-0.171852
3.802185,0.061792,-0.049710,0.327321,0.975272,-0.032601,-0.134222,-0.172528
3.812236,0.061539,-0.049706,0.326855,0.975058,-0.032680,-0.134371,-0.173605
3.822297,0.061470,-0.049764,0.326442,0.974987,-0.032459,-0.134233,-0.174151
3.832357,0.061458,-0.049925,0.325788,0.974926,-0.032042,-0.133783,-0.174912
3.842418,0.061370,-0.049919,0.325495,0.974859,-0.032093,-0.133771,-0.175284
3.852478,0.061196,-0.049855,0.325125,0.974779,-0.032116,-0.133911,-0.175618
3.862541,0.061147,-0.049890,0.324711,0.974734,-0.032056,-0.133746,-0.176004
3.872599,0.061085,-0.049900,0.324198,0.974731,-0.031830,-0.133588,-0.176181
3.882660,0.061068,-0.049937,0.323883,0.974683,-0.031723,-0.133457,-0.176565
3.892725,0.060934,-0.049946,0.323489,0.974627,-0.031681,-0.133411,-0.176915
3.902786,0.060893,-0.049965,0.323073,0.974655,-0.031663,-0.133191,-0.176934
3.912848,0.060861,-0.050018,0.322757,0.974609,-0.031602,-0.133027,-0.177320
3.922908,0.060725,-0.050004,0.322266,0.974513,-0.031492,-0.133043,-0.177852
3.932969,0.060693,-0.050057,0.321950,0.974467,-0.031430,-0.132879,-0.178238
3.943030,0.060591,-0.050123,0.321437,0.974353,-0.031419,-0.132703,-0.178996
3.953091,0.060541,-0.050113,0.321241,0.974325,-0.031259,-0.132731,-0.179157
3.963151,0.060460,-0.050156,0.320728,0.974243,-0.031222,-0.132561,-0.179728
3.973212,0.060391,-0.050138,0.320435,0.974178,-0.031041,-0.132618,-0.180073
3.983272,0.060386,-0.050176,0.319802,0.974187,-0.030841,-0.132308,-0.180288
3.993289,0.060393,-0.050184,0.319485,0.974208,-0.030728,-0.132156,-0.180302
4.003340,0.060389,-0.050167,0.319068,0.974267,-0.030637,-0.131977,-0.180133
4.013392,0.060347,-0.050110,0.318773,0.974310,-0.030472,-0.131983,-0.179924
4.023443,0.060421,-0.050166,0.318114,0.974448,-0.030176,-0.131472,-0.179599
4.033494,0.060376,-0.050118,0.317819,0.974448,-0.030176,-0.131472,-0.179599
4.043548,0.060332,-0.050071,0.317524,0.974448,-0.030176,-0.131472,-0.179599
4.053600,0.060355,-0.050095,0.317305,0.974469,-0.030063,-0.131321,-0.179614
4.063652,0.060348,-0.050087,0.316890,0.974496,-0.029765,-0.131203,-0.179603
4.073703,0.060444,-0.050191,0.316430,0.974560,-0.029427,-0.130748,-0.179646
4.083755,0.060486,-0.050247,0.315993,0.974565,-0.029181,-0.130472,-0.179859
4.093806,0.060457,-0.050216,0.315796,0.974565,-0.029181,-0.130472,-0.179859
4.103857,0.060417,-0.050161,0.315500,0.974602,-0.029202,-0.130444,-0.179675
4.113909,0.060425,-0.050170,0.315182,0.974623,-0.029089,-0.130292,-0.179690
4.123961,0.060507,-0.050258,0.314624,0.974686,-0.028751,-0.129837,-0.179733
4.134012,0.060515,-0.050267,0.314306,0.974706,-0.028638,-0.129685,-0.179747
4.144064,0.060472,-0.050221,0.314010,0.974706,-0.028638,-0.129685,-0.179747
4.154116,0.060444,-0.050191,0.313813,0.974706,-0.028638,-0.129685,-0.179747
4.164223,0.060438,-0.050185,0.313397,0.974727,-0.028526,-0.129533,-0.179761
4.174275,0.060447,-0.050194,0.313079,0.974748,-0.028413,-0.129381,-0.179776
4.184326,0.060543,-0.050297,0.312618,0.974810,-0.028075,-0.128926,-0.179819
4.194378,0.060602,-0.050361,0.312278,0.974852,-0.027850,-0.128622,-0.179848
4.204430,0.060538,-0.050292,0.312202,0.974831,-0.027962,-0.128774,-0.179833
4.214482,0.060603,-0.050317,0.311763,0.974906,-0.027713,-0.128476,-0.179676
4.224534,0.060712,-0.050435,0.311400,0.974968,-0.027375,-0.128020,-0.179719
4.234585,0.060794,-0.050522,0.310840,0.975029,-0.027037,-0.127564,-0.179762
4.244637,0.060766,-0.050493,0.310643,0.975029,-0.027037,-0.127564,-0.179762
4.254688,0.060808,-0.050549,0.310205,0.975033,-0.026791,-0.127288,-0.179974
4.264740,0.060899,-0.050659,0.309744,0.975057,-0.026434,-0.126859,-0.180201
4.274792,0.060895,-0.050654,0.309327,0.975077,-0.026321,-0.126707,-0.180215
4.284845,0.060923,-0.050641,0.309009,0.975131,-0.026184,-0.126560,-0.180044
4.294897,0.061004,-0.050728,0.308448,0.975192,-0.025847,-0.126104,-0.180086
4.304948,0.061013,-0.050738,0.308129,0.975212,-0.025734,-0.125952,-0.180101
4.315000,0.061150,-0.050840,0.307447,0.975326,-0.025260,-0.125349,-0.179971
4.325052,0.061123,-0.050811,0.307249,0.975321,-0.025446,-0.125314,-0.179995
4.335104,0.061168,-0.050859,0.306809,0.975360,-0.025221,-0.125010,-0.180024
4.345158,0.061142,-0.050831,0.306611,0.975360,-0.025221,-0.125010,-0.180024
4.355211,0.061288,-0.050955,0.306028,0.975437,-0.024728,-0.124433,-0.180078
4.365264,0.061333,-0.051003,0.305588,0.975476,-0.024503,-0.124129,-0.180106
4.375317,0.061355,-0.051006,0.305271,0.975456,-0.024328,-0.124035,-0.180303
4.385369,0.061377,-0.051030,0.305051,0.975475,-0.024215,-0.123883,-0.180317
4.395422,0.061442,-0.051055,0.304610,0.975544,-0.024153,-0.123549,-0.180183
4.405476,0.061580,-0.051215,0.304125,0.975585,-0.023684,-0.122966,-0.180423
4.415529,0.061690,-0.051299,0.303662,0.975640,-0.023305,-0.122540,-0.180463
4.425580,0.061760,-0.051375,0.303419,0.975679,-0.023080,-0.122235,-0.180491
4.435633,0.061783,-0.051398,0.303198,0.975698,-0.022968,-0.122083,-0.180505
4.445684,0.061869,-0.051458,0.302956,0.975733,-0.022701,-0.121809,-0.180532
4.455736,0.062007,-0.051617,0.302470,0.975772,-0.022233,-0.121226,-0.180772
4.465788,0.062175,-0.051820,0.301863,0.975788,-0.021821,-0.120481,-0.181233
4.475832,0.062206,-0.051844,0.301645,0.975730,-0.021630,-0.120411,-0.181614
4.485883,0.062375,-0.051970,0.301160,0.975759,-0.021266,-0.119851,-0.181873
4.495936,0.062366,-0.051927,0.300963,0.975756,-0.021225,-0.119881,-0.181872
4.505987,0.062497,-0.051955,0.300401,0.975842,-0.020784,-0.119486,-0.181724
4.516039,0.062563,-0.052016,0.300061,0.975798,-0.020668,-0.119227,-0.182141
4.526090,0.062643,-0.052002,0.299523,0.975828,-0.020321,-0.119010,-0.182164
4.536141,0.062678,-0.052017,0.299304,0.975803,-0.020337,-0.118877,-0.182383
4.546200,0.062792,-0.052061,0.298740,0.975890,-0.019939,-0.118450,-0.182236
4.556255,0.062821,-0.052046,0.298420,0.975943,-0.019805,-0.118301,-0.182064
4.566308,0.062952,-0.052094,0.297954,0.976064,-0.019613,-0.117814,-0.181755
4.576360,0.063079,-0.052150,0.297489,0.976150,-0.019217,-0.117386,-0.181609
4.586412,0.063151,-0.052079,0.297168,0.976309,-0.019057,-0.117219,-0.180879
4.596464,0.063277,-0.052043,0.296860,0.976424,-0.019025,-0.117070,-0.180355
4.606516,0.063410,-0.052013,0.296517,0.976558,-0.018882,-0.116768,-0.179844
4.616568,0.063538,-0.052013,0.296272,0.976696,-0.018594,-0.116472,-0.179312
4.626619,0.063693,-0.051950,0.295928,0.976903,-0.018262,-0.116182,-0.178408
4.636671,0.063802,-0.051972,0.295683,0.977003,-0.018183,-0.115847,-0.178084
4.646723,0.064012,-0.052034,0.295194,0.977137,-0.017618,-0.115294,-0.177762
4.656775,0.064121,-0.052055,0.294949,0.977241,-0.017353,-0.114993,-0.177416
4.666829,0.064290,-0.052073,0.294618,0.977336,-0.017196,-0.114713,-0.177089
4.676880,0.064405,-0.052080,0.294409,0.977379,-0.017172,-0.114584,-0.176934
4.686934,0.064504,-0.052081,0.294272,0.977351,-0.017348,-0.114788,-0.176938
4.696986,0.064724,-0.052095,0.293891,0.977391,-0.017018,-0.114776,-0.176757
4.707049,0.064877,-0.052105,0.293631,0.977412,-0.017250,-0.114795,-0.176610
4.717112,0.065080,-0.052110,0.293281,0.977505,-0.017291,-0.114826,-0.176069
4.727176,0.065223,-0.052120,0.293018,0.977605,-0.017225,-0.114836,-0.175510
4.737238,0.065396,-0.052080,0.292791,0.977716,-0.017393,-0.114999,-0.174771
4.747301,0.065444,-0.052039,0.292639,0.977761,-0.017644,-0.115127,-0.174407
4.757364,0.065652,-0.051978,0.292340,0.977975,-0.017590,-0.114959,-0.173323
4.767417,0.065790,-0.051948,0.292130,0.978086,-0.017563,-0.114808,-0.172797
4.777469,0.066017,-0.051938,0.291745,0.978192,-0.017455,-0.114712,-0.172267
4.787521,0.066189,-0.051919,0.291484,0.978251,-0.017292,-0.114800,-0.171890
4.797572,0.066333,-0.051827,0.291247,0.978322,-0.017400,-0.115015,-0.171334
4.807624,0.066441,-0.051822,0.291072,0.978350,-0.017298,-0.115073,-0.171144
4.817676,0.066640,-0.051782,0.290776,0.978456,-0.017191,-0.114976,-0.170615
4.827728,0.066784,-0.051734,0.290602,0.978511,-0.017213,-0.115031,-0.170259
4.837780,0.067010,-0.051720,0.290255,0.978492,-0.017118,-0.115187,-0.170271
4.847832,0.067115,-0.051723,0.290120,0.978361,-0.017008,-0.115523,-0.170807
4.857884,0.067286,-0.051700,0.289897,0.978291,-0.017040,-0.115832,-0.170993
4.867936,0.067435,-0.051733,0.289602,0.978231,-0.016735,-0.115829,-0.171370
4.877988,0.067509,-0.051672,0.289492,0.978075,-0.016874,-0.116316,-0.171914
4.888039,0.067668,-0.051724,0.289297,0.977980,-0.016551,-0.116335,-0.172477
4.898092,0.067879,-0.051693,0.289006,0.977872,-0.016252,-0.116425,-0.173056
4.908145,0.067970,-0.051727,0.288874,0.977597,-0.016063,-0.116852,-0.174332
4.918198,0.068115,-0.051766,0.288657,0.977242,-0.015940,-0.117344,-0.175998
4.928250,0.068222,-0.051780,0.288486,0.977089,-0.015701,-0.117541,-0.176732
4.938316,0.068376,-0.051771,0.288300,0.976895,-0.015584,-0.118108,-0.177437
4.948378,0.068486,-0.051752,0.288162,0.976831,-0.015502,-0.118395,-0.177604
4.958508,0.068683,-0.051680,0.287935,0.976866,-0.015538,-0.118657,-0.177233
4.968571,0.068834,-0.051676,0.287672,0.976893,-0.015391,-0.118737,-0.177043
4.978630,0.068982,-0.051679,0.287409,0.976884,-0.015224,-0.118841,-0.177037
4.988685,0.069169,-0.051607,0.287179,0.976993,-0.015338,-0.119031,-0.176299
4.998738,0.069295,-0.051545,0.287037,0.977108,-0.015347,-0.119203,-0.175540
5.008790,0.069519,-0.051493,0.286683,0.977270,-0.015378,-0.119210,-0.174629
5.018844,0.069680,-0.051461,0.286416,0.977400,-0.015474,-0.119188,-0.173907
5.028895,0.069949,-0.051360,0.286025,0.977645,-0.015359,-0.119041,-0.172636
5.038947,0.070054,-0.051255,0.286009,0.977699,-0.015594,-0.119390,-0.172070
5.049009,0.070253,-0.051168,0.285742,0.977892,-0.015643,-0.119375,-0.170974
5.059072,0.070439,-0.051112,0.285439,0.978071,-0.015617,-0.119196,-0.170077
5.069137,0.070685,-0.051043,0.285219,0.978206,-0.015705,-0.119391,-0.169152
5.079199,0.070864,-0.051002,0.284917,0.978314,-0.015640,-0.119257,-0.168625
5.089262,0.071052,-0.050936,0.284691,0.978277,-0.015631,-0.119564,-0.168625
5.099325,0.071188,-0.050889,0.284517,0.978263,-0.015606,-0.119658,-0.168642
5.109394,0.071423,-0.050863,0.284264,0.978245,-0.015497,-0.119802,-0.168655
5.119459,0.071548,-0.050818,0.284126,0.978177,-0.015551,-0.120080,-0.168844
5.129520,0.071847,-0.050910,0.283727,0.977993,-0.014943,-0.120062,-0.169972
5.139582,0.071982,-0.050883,0.283557,0.977801,-0.014964,-0.120255,-0.170937
5.149645,0.072211,-0.050959,0.283222,0.977437,-0.014472,-0.120645,-0.172780
5.159709,0.072262,-0.050936,0.283246,0.977158,-0.014469,-0.121364,-0.173848
5.169770,0.072525,-0.050994,0.282971,0.976947,-0.014143,-0.121468,-0.174986
5.179833,0.072651,-0.051013,0.282861,0.976813,-0.013985,-0.121453,-0.175757
5.189890,0.072935,-0.051063,0.282512,0.976713,-0.013326,-0.121214,-0.176528
5.199943,0.073087,-0.051014,0.282435,0.976735,-0.013318,-0.121278,-0.176360
5.209994,0.073312,-0.051003,0.282144,0.976739,-0.013155,-0.121222,-0.176388
5.220046,0.073475,-0.050993,0.281975,0.976766,-0.013004,-0.121295,-0.176199
5.230098,0.073682,-0.050955,0.281751,0.976876,-0.013147,-0.121461,-0.175462
5.240150,0.073842,-0.050954,0.281545,0.976996,-0.012985,-0.121303,-0.174916
5.250201,0.073955,-0.050837,0.281491,0.977108,-0.012942,-0.121502,-0.174157
5.260251,0.074198,-0.050704,0.281322,0.977300,-0.012904,-0.121530,-0.173059
5.270303,0.074420,-0.050697,0.280992,0.977396,-0.012732,-0.121241,-0.172731
5.280353,0.074721,-0.050664,0.280671,0.977560,-0.012328,-0.120989,-0.172007
5.290404,0.074943,-0.050655,0.280510,0.977617,-0.012340,-0.121030,-0.171654
5.300454,0.075216,-0.050619,0.280296,0.977647,-0.012543,-0.121251,-0.171309
5.310505,0.075372,-0.050522,0.280289,0.977665,-0.012505,-0.121681,-0.170907
5.320558,0.075696,-0.050534,0.280051,0.977574,-0.012493,-0.121841,-0.171315
5.330609,0.075871,-0.050528,0.280018,0.977471,-0.012513,-0.122130,-0.171691
5.340661,0.076199,-0.050606,0.279808,0.977317,-0.012305,-0.121991,-0.172681
5.350712,0.076425,-0.050625,0.279615,0.977181,-0.012063,-0.122007,-0.173452
5.360763,0.076796,-0.050656,0.279539,0.977039,-0.011692,-0.122087,-0.174219
5.370815,0.077054,-0.050731,0.279317,0.976923,-0.011594,-0.121875,-0.175026
5.380867,0.077391,-0.050821,0.279048,0.976819,-0.011561,-0.121831,-0.175635
5.390919,0.077609,-0.050842,0.278983,0.976845,-0.011594,-0.121865,-0.175469
5.400970,0.077895,-0.050869,0.278775,0.976773,-0.011773,-0.122117,-0.175682
5.411022,0.078138,-0.050907,0.278618,0.976795,-0.011992,-0.122118,-0.175539
5.421075,0.078582,-0.050940,0.278280,0.976941,-0.011822,-0.121659,-0.175058
5.431127,0.078852,-0.050985,0.278185,0.977019,-0.011977,-0.121471,-0.174742
5.441179,0.079168,-0.050985,0.278071,0.977089,-0.012235,-0.121644,-0.174214
5.451231,0.079400,-0.050956,0.278039,0.977160,-0.012536,-0.121797,-0.173688
5.461282,0.079760,-0.050941,0.277832,0.977259,-0.012956,-0.121941,-0.172997
5.471334,0.080054,-0.051000,0.277644,0.977336,-0.013111,-0.121753,-0.172681
5.481386,0.080425,-0.050945,0.277472,0.977444,-0.013777,-0.122038,-0.171816
5.491438,0.080634,-0.050950,0.277439,0.977445,-0.014079,-0.122208,-0.171662
5.501567,0.080992,-0.050928,0.277230,0.977542,-0.014497,-0.122355,-0.170972
5.511619,0.081253,-0.050923,0.277069,0.977593,-0.014878,-0.122326,-0.170666
5.521671,0.081499,-0.050929,0.276945,0.977558,-0.015114,-0.122536,-0.170697
5.531722,0.081917,-0.050952,0.276672,0.977552,-0.015425,-0.122403,-0.170795
5.541777,0.082133,-0.050955,0.276640,0.977442,-0.015991,-0.122582,-0.171244
5.551831,0.082434,-0.050990,0.276526,0.977190,-0.016384,-0.122873,-0.172435
5.561886,0.082631,-0.051044,0.276458,0.977000,-0.016662,-0.122943,-0.173430
5.571938,0.082993,-0.051040,0.276406,0.976801,-0.016717,-0.123114,-0.174421
5.581991,0.083263,-0.051087,0.276307,0.976703,-0.016725,-0.123028,-0.175032
5.592043,0.083568,-0.051122,0.276307,0.976596,-0.017062,-0.122893,-0.175689
5.602095,0.083801,-0.051098,0.276235,0.976616,-0.017234,-0.122909,-0.175546
5.612147,0.084038,-0.051077,0.276332,0.976591,-0.017748,-0.123237,-0.175407
5.622199,0.084312,-0.051093,0.276229,0.976704,-0.017927,-0.123027,-0.174905
5.632251,0.084670,-0.051166,0.276136,0.976814,-0.018294,-0.122785,-0.174426
5.642304,0.084866,-0.051118,0.276188,0.976918,-0.018650,-0.122905,-0.173717
5.652376,0.085216,-0.051036,0.276026,0.977142,-0.018859,-0.122864,-0.172459
5.662430,0.085406,-0.051003,0.276079,0.977176,-0.019172,-0.123018,-0.172122
5.672482,0.085773,-0.050940,0.276015,0.977364,-0.019360,-0.122995,-0.171050
5.682534,0.086102,-0.050921,0.275779,0.977603,-0.019110,-0.122651,-0.169952
5.692588,0.086396,-0.050862,0.275744,0.977701,-0.019377,-0.122813,-0.169242
5.702640,0.086707,-0.050860,0.275545,0.977812,-0.019328,-0.122658,-0.168714
5.712689,0.087014,-0.050783,0.275510,0.977874,-0.019527,-0.122855,-0.168189
5.722738,0.087318,-0.050795,0.275501,0.977918,-0.019436,-0.122731,-0.168033
5.732787,0.087681,-0.050808,0.275307,0.977961,-0.019300,-0.122625,-0.167877
5.742838,0.087893,-0.050758,0.275323,0.977988,-0.019098,-0.122705,-0.167688
5.752891,0.088192,-0.050747,0.275386,0.977917,-0.019255,-0.122944,-0.167907
5.762940,0.088498,-0.050833,0.275248,0.977850,-0.019050,-0.122685,-0.168506
5.772991,0.088821,-0.050835,0.275202,0.977848,-0.018799,-0.122432,-0.168731
5.783045,0.089100,-0.050824,0.275169,0.977608,-0.018804,-0.122762,-0.169879
5.793097,0.089297,-0.050915,0.275191,0.977363,-0.018706,-0.122889,-0.171202
5.803149,0.089666,-0.050969,0.275130,0.977111,-0.018428,-0.123087,-0.172523
5.813201,0.089932,-0.051034,0.275154,0.976965,-0.018349,-0.123186,-0.173287
5.823253,0.090277,-0.051105,0.275126,0.976690,-0.018185,-0.123538,-0.174599
5.833305,0.090552,-0.051116,0.275016,0.976636,-0.017846,-0.123481,-0.174977
5.843357,0.090955,-0.051170,0.274988,0.976533,-0.017788,-0.123759,-0.175359
5.853409,0.091204,-0.051178,0.274947,0.976502,-0.017863,-0.123972,-0.175371
5.863469,0.091490,-0.051177,0.274979,0.976532,-0.018142,-0.124495,-0.174807
5.873529,0.091759,-0.051202,0.274806,0.976632,-0.018070,-0.124505,-0.174248
5.883591,0.092223,-0.051252,0.274513,0.976816,-0.018069,-0.124313,-0.173350
5.893654,0.092487,-0.051214,0.274467,0.976960,-0.018065,-0.124489,-0.172409
5.903715,0.092830,-0.051139,0.274425,0.977131,-0.018177,-0.124653,-0.171306
5.913768,0.093093,-0.051130,0.274344,0.977190,-0.018225,-0.124663,-0.170956
5.923818,0.093601,-0.051126,0.274203,0.977391,-0.018065,-0.124330,-0.170065
5.933870,0.093851,-0.051086,0.274214,0.977521,-0.017970,-0.124343,-0.169319
5.943920,0.094283,-0.051069,0.274161,0.977725,-0.017670,-0.124025,-0.168405
5.953971,0.094622,-0.051101,0.274141,0.977805,-0.017650,-0.123857,-0.168064
5.964026,0.094998,-0.051037,0.274156,0.977997,-0.017508,-0.123877,-0.166945
5.974076,0.095219,-0.050949,0.274164,0.978086,-0.017533,-0.123890,-0.166408
5.984126,0.095674,-0.050981,0.274148,0.978134,-0.017215,-0.123801,-0.166228
5.994176,0.095948,-0.051028,0.274124,0.978152,-0.017012,-0.123675,-0.166235
6.004227,0.096323,-0.050968,0.274136,0.978305,-0.017036,-0.123677,-0.165326
6.014278,0.096565,-0.050947,0.274145,0.978333,-0.016876,-0.123730,-0.165138
6.024328,0.096945,-0.050997,0.274160,0.978258,-0.016792,-0.123809,-0.165531
6.034378,0.097203,-0.050976,0.274134,0.978208,-0.016455,-0.123742,-0.165910
6.044428,0.097483,-0.051024,0.274109,0.978090,-0.016308,-0.123652,-0.166685
6.054477,0.097812,-0.051084,0.274124,0.977747,-0.016003,-0.123850,-0.168567
6.064529,0.098086,-0.051148,0.274099,0.977564,-0.015626,-0.123816,-0.169691
6.074579,0.098408,-0.051209,0.274111,0.977318,-0.015433,-0.123955,-0.171014
6.084642,0.098683,-0.051241,0.274120,0.977209,-0.015372,-0.124024,-0.171594
6.094703,0.099056,-0.051308,0.274131,0.977030,-0.015221,-0.124135,-0.172545
6.104764,0.099268,-0.051352,0.274137,0.976886,-0.015183,-0.124200,-0.173311
6.114818,0.099668,-0.051362,0.274146,0.976808,-0.015051,-0.124286,-0.173704
6.124880,0.099922,-0.051446,0.274115,0.976759,-0.014855,-0.124163,-0.174084
6.134940,0.100368,-0.051487,0.274085,0.976806,-0.014774,-0.124015,-0.173929
6.144996,0.100528,-0.051487,0.274123,0.976813,-0.014952,-0.124179,-0.173757
6.155049,0.100907,-0.051499,0.274162,0.976921,-0.015105,-0.124337,-0.173027
6.165104,0.101183,-0.051512,0.274163,0.976985,-0.015011,-0.124358,-0.172654
6.175154,0.101562,-0.051522,0.274201,0.977092,-0.015163,-0.124516,-0.171923
6.185205,0.101914,-0.051515,0.274165,0.977242,-0.015194,-0.124315,-0.171210
6.195258,0.102318,-0.051457,0.274237,0.977323,-0.015314,-0.124683,-0.170470
6.205308,0.102556,-0.051417,0.274273,0.977326,-0.015399,-0.124879,-0.170297
6.215361,0.102971,-0.051382,0.274273,0.977384,-0.015354,-0.124913,-0.169947
6.225413,0.103293,-0.051414,0.274271,0.977447,-0.015260,-0.124934,-0.169574
6.235467,0.103746,-0.051406,0.274266,0.977606,-0.015327,-0.124916,-0.168665
6.245519,0.104024,-0.051413,0.274263,0.977666,-0.015420,-0.124905,-0.168316
6.255581,0.104444,-0.051335,0.274294,0.977836,-0.015336,-0.125102,-0.167188
6.265642,0.104758,-0.051269,0.274290,0.977926,-0.015359,-0.125109,-0.166652
6.275706,0.105174,-0.051255,0.274249,0.977909,-0.015001,-0.125029,-0.166844
6.285767,0.105437,-0.051301,0.274245,0.977801,-0.015169,-0.125045,-0.167450
6.295839,0.105715,-0.051334,0.274205,0.977787,-0.014951,-0.124920,-0.167643
6.305891,0.106074,-0.051317,0.274162,0.977801,-0.014849,-0.124780,-0.167674
6.315944,0.106349,-0.051357,0.274121,0.977751,-0.014796,-0.124634,-0.168077
6.325996,0.106737,-0.051403,0.274077,0.977597,-0.014771,-0.124518,-0.169062
6.336058,0.107008,-0.051479,0.273999,0.977435,-0.014574,-0.124235,-0.170218
6.346111,0.107538,-0.051532,0.273843,0.977276,-0.014249,-0.123621,-0.171599
6.356163,0.107756,-0.051580,0.273801,0.977087,-0.014298,-0.123482,-0.172770
6.366216,0.108078,-0.051618,0.273791,0.976941,-0.014400,-0.123514,-0.173560
6.376266,0.108369,-0.051640,0.273710,0.976974,-0.014713,-0.123092,-0.173646
6.386316,0.108794,-0.051771,0.273548,0.977056,-0.014779,-0.122327,-0.173724
6.396367,0.109024,-0.051774,0.273502,0.977172,-0.015073,-0.122075,-0.173220
6.406418,0.109394,-0.051856,0.273413,0.977277,-0.015291,-0.121652,-0.172909
6.416471,0.109727,-0.051919,0.273290,0.977403,-0.015457,-0.121047,-0.172606
6.426521,0.110073,-0.051936,0.273201,0.977533,-0.016026,-0.120562,-0.172154
6.436571,0.110373,-0.051929,0.273115,0.977669,-0.016222,-0.120142,-0.171655
6.446625,0.110797,-0.051899,0.273023,0.977797,-0.016704,-0.119683,-0.171202
6.456674,0.111167,-0.051883,0.272897,0.977947,-0.017178,-0.119030,-0.170754
6.466726,0.111471,-0.051824,0.272881,0.978067,-0.017646,-0.118946,-0.170076
6.476777,0.111772,-0.051814,0.272793,0.978201,-0.017846,-0.118528,-0.169576
6.486829,0.112193,-0.051800,0.272661,0.978414,-0.018365,-0.117858,-0.168753
6.496880,0.112438,-0.051772,0.272611,0.978493,-0.018597,-0.117631,-0.168432
6.506943,0.112882,-0.051829,0.272474,0.978643,-0.018932,-0.117000,-0.167958
6.516998,0.113255,-0.051799,0.272344,0.978832,-0.018873,-0.116436,-0.167253
6.527059,0.113610,-0.051769,0.272285,0.978934,-0.019457,-0.116150,-0.166788
6.537122,0.113814,-0.051665,0.272309,0.979004,-0.019586,-0.116324,-0.166244
6.547176,0.114249,-0.051730,0.272207,0.978940,-0.019618,-0.115971,-0.166859
6.557227,0.114485,-0.051723,0.272155,0.978928,-0.019415,-0.115834,-0.167052
6.567280,0.114727,-0.051698,0.272102,0.978973,-0.019628,-0.115616,-0.166915
6.577332,0.115174,-0.051769,0.271924,0.979085,-0.019503,-0.114882,-0.166774
6.587387,0.115377,-0.051768,0.272038,0.979092,-0.019675,-0.115048,-0.166603
6.597440,0.115729,-0.051741,0.271975,0.979175,-0.019494,-0.114897,-0.166235
6.607493,0.115929,-0.051810,0.271921,0.979128,-0.019545,-0.114711,-0.166636
6.617545,0.116352,-0.051897,0.271812,0.979101,-0.019460,-0.114365,-0.167042
6.627606,0.116576,-0.051870,0.271829,0.979078,-0.019382,-0.114583,-0.167036
6.637667,0.116970,-0.051898,0.271723,0.979054,-0.019068,-0.114280,-0.167421
6.647729,0.117262,-0.051930,0.271591,0.979015,-0.018915,-0.113758,-0.168019
6.657791,0.117614,-0.051912,0.271525,0.978904,-0.018569,-0.113663,-0.168771
6.667844,0.117848,-0.051906,0.271469,0.978858,-0.018350,-0.113529,-0.169150
6.677897,0.118166,-0.051959,0.271401,0.978743,-0.018277,-0.113378,-0.169923
6.687948,0.118494,-0.052049,0.271225,0.978727,-0.017938,-0.112690,-0.170506
6.698000,0.118837,-0.052067,0.271120,0.978635,-0.017590,-0.112397,-0.171263
6.708063,0.118972,-0.052143,0.271104,0.978435,-0.017424,-0.112453,-0.172382
6.718131,0.119282,-0.052218,0.271035,0.978217,-0.017292,-0.112321,-0.173714
6.728199,0.119542,-0.052296,0.270934,0.978092,-0.016825,-0.112045,-0.174637
6.738257,0.119862,-0.052364,0.270827,0.977926,-0.016669,-0.111719,-0.175788
6.748319,0.120090,-0.052387,0.270730,0.977933,-0.016473,-0.111380,-0.175986
6.758382,0.120482,-0.052428,0.270579,0.977990,-0.016397,-0.110825,-0.176024
6.768439,0.120709,-0.052429,0.270517,0.978044,-0.016289,-0.110655,-0.175843
6.778492,0.121023,-0.052340,0.270545,0.978232,-0.016179,-0.110476,-0.174916
6.788555,0.121261,-0.052335,0.270447,0.978336,-0.016233,-0.110081,-0.174576
6.798618,0.121620,-0.052320,0.270299,0.978531,-0.016054,-0.109531,-0.173846
6.808680,0.121904,-0.052371,0.270120,0.978709,-0.016079,-0.108751,-0.173330
6.818742,0.122210,-0.052320,0.270110,0.978912,-0.016152,-0.108345,-0.172429
6.828803,0.122440,-0.052311,0.270046,0.979001,-0.015879,-0.108200,-0.172040
6.838929,0.122853,-0.052336,0.269816,0.979163,-0.015758,-0.107262,-0.171715
6.848989,0.122997,-0.052353,0.269928,0.979140,-0.015950,-0.107424,-0.171729
6.859048,0.123208,-0.052410,0.269827,0.979146,-0.015800,-0.107072,-0.171927
6.869109,0.123496,-0.052434,0.269682,0.979238,-0.015604,-0.106532,-0.171756
6.879170,0.123794,-0.052452,0.269500,0.979380,-0.015571,-0.105768,-0.171425
6.889232,0.124206,-0.052454,0.269303,0.979586,-0.015538,-0.105001,-0.170719
6.899296,0.124334,-0.052407,0.269288,0.979618,-0.015479,-0.105013,-0.170532
6.909359,0.124727,-0.052307,0.269134,0.979803,-0.015413,-0.104449,-0.169820
6.919421,0.124971,-0.052263,0.269067,0.979854,-0.015270,-0.104286,-0.169638
6.929482,0.125331,-0.052258,0.268875,0.979996,-0.015015,-0.103563,-0.169285
6.939541,0.125522,-0.052228,0.268779,0.980096,-0.015074,-0.103168,-0.168941
6.949604,0.125862,-0.052307,0.268513,0.980275,-0.014809,-0.102057,-0.168598
6.959663,0.126093,-0.052349,0.268336,0.980380,-0.014801,-0.101290,-0.168450
6.969725,0.126388,-0.052362,0.268246,0.980520,-0.014587,-0.100557,-0.168096
6.979784,0.126564,-0.052390,0.268112,0.980573,-0.014604,-0.099980,-0.168130
6.989847,0.126788,-0.052448,0.267934,0.980614,-0.014373,-0.099256,-0.168337
6.999911,0.127022,-0.052463,0.267888,0.980637,-0.014149,-0.098726,-0.168538
7.009973,0.127349,-0.052574,0.267619,0.980678,-0.014002,-0.097606,-0.168960
7.020036,0.127530,-0.052603,0.267351,0.980748,-0.013979,-0.096843,-0.168997
7.030098,0.127770,-0.052600,0.267304,0.980834,-0.013795,-0.096299,-0.168824
7.040158,0.128072,-0.052614,0.267078,0.980985,-0.013729,-0.095348,-0.168492
7.050219,0.128496,-0.052630,0.266762,0.981172,-0.013355,-0.094067,-0.168150
7.060279,0.128687,-0.052595,0.266758,0.981269,-0.013421,-0.093671,-0.167803
7.070341,0.128912,-0.052479,0.266755,0.981367,-0.013229,-0.093322,-0.167438
7.080401,0.129170,-0.052433,0.266706,0.981448,-0.013200,-0.092753,-0.167281
7.090464,0.129480,-0.052408,0.266611,0.981548,-0.012943,-0.092032,-0.167112
7.100528,0.129749,-0.052347,0.266428,0.981712,-0.012721,-0.091298,-0.166568
7.110587,0.130100,-0.052367,0.266286,0.981889,-0.012679,-0.090340,-0.166046
7.120639,0.130272,-0.052380,0.266281,0.981955,-0.012578,-0.089972,-0.165867
7.130717,0.130535,-0.052440,0.266449,0.981988,-0.012460,-0.089610,-0.165876
7.140781,0.130702,-0.052451,0.266577,0.982034,-0.012588,-0.089395,-0.165710
7.150842,0.130875,-0.052464,0.266571,0.982099,-0.012486,-0.089027,-0.165531
7.160904,0.131056,-0.052568,0.266918,0.982003,-0.012437,-0.089043,-0.166093
7.170964,0.131165,-0.052574,0.267091,0.981971,-0.012387,-0.089055,-0.166280
7.181016,0.131397,-0.052708,0.267391,0.981859,-0.012279,-0.088891,-0.167033
7.191076,0.131609,-0.052765,0.267471,0.981828,-0.012130,-0.088538,-0.167416
7.201138,0.131978,-0.052858,0.267810,0.981731,-0.011915,-0.088202,-0.168173
7.211200,0.132154,-0.052841,0.268069,0.981696,-0.012019,-0.088190,-0.168377
7.221263,0.132363,-0.052887,0.268414,0.981501,-0.011855,-0.088235,-0.169500
7.231324,0.132533,-0.052906,0.268539,0.981353,-0.011666,-0.088089,-0.170440
7.241384,0.132803,-0.052946,0.268970,0.981090,-0.011436,-0.088150,-0.171937
7.251446,0.132935,-0.052890,0.269275,0.980940,-0.011311,-0.088376,-0.172680
7.261510,0.133093,-0.052756,0.269713,0.980739,-0.011141,-0.088808,-0.173607
7.271567,0.133259,-0.052754,0.270103,0.980622,-0.011064,-0.089022,-0.174163
7.281628,0.133493,-0.052728,0.270579,0.980502,-0.011139,-0.089210,-0.174737
7.291689,0.133708,-0.052775,0.270789,0.980485,-0.011051,-0.089036,-0.174928
7.301742,0.133957,-0.052884,0.271084,0.980468,-0.010996,-0.088855,-0.175119
7.311792,0.134105,-0.052943,0.271340,0.980468,-0.010996,-0.088855,-0.175119
7.321844,0.134189,-0.052977,0.271910,0.980418,-0.011111,-0.089413,-0.175106
7.331904,0.134229,-0.052993,0.272261,0.980385,-0.011188,-0.089785,-0.175097
7.341971,0.134373,-0.053050,0.272649,0.980366,-0.011413,-0.089938,-0.175110
7.352033,0.134472,-0.053090,0.272820,0.980366,-0.011413,-0.089938,-0.175110
7.362100,0.134605,-0.053162,0.273341,0.980265,-0.011457,-0.090319,-0.175475
7.372162,0.134770,-0.053169,0.273730,0.980282,-0.011478,-0.090507,-0.175284
7.382221,0.134920,-0.053229,0.273985,0.980282,-0.011478,-0.090507,-0.175284
7.392274,0.135037,-0.053225,0.274155,0.980281,-0.011443,-0.090514,-0.175284
7.402327,0.135250,-0.053260,0.274628,0.980264,-0.011448,-0.090707,-0.175280
7.412377,0.135398,-0.053329,0.274883,0.980228,-0.011618,-0.090679,-0.175484
7.422495,0.135684,-0.053342,0.275307,0.980228,-0.011549,-0.090693,-0.175484
7.432546,0.135803,-0.053320,0.275610,0.980278,-0.011587,-0.090876,-0.175105
7.442605,0.135922,-0.053317,0.275779,0.980278,-0.011553,-0.090883,-0.175105
7.452667,0.136043,-0.053255,0.276251,0.980260,-0.011614,-0.091451,-0.174905
7.462721,0.136091,-0.053214,0.276770,0.980223,-0.011935,-0.092164,-0.174718
7.472774,0.136154,-0.053118,0.277423,0.980203,-0.012088,-0.093099,-0.174323
7.482827,0.136219,-0.053084,0.277640,0.980219,-0.012108,-0.093288,-0.174131
7.492891,0.136426,-0.052986,0.278026,0.980301,-0.012092,-0.093481,-0.173566
7.502956,0.136550,-0.052914,0.278401,0.980315,-0.012168,-0.094044,-0.173179
7.513009,0.136802,-0.052852,0.278776,0.980327,-0.012304,-0.094214,-0.173006
7.523060,0.137022,-0.052758,0.278896,0.980444,-0.012213,-0.094034,-0.172449
7.533112,0.137275,-0.052675,0.279403,0.980507,-0.012233,-0.094414,-0.171879
7.543174,0.137405,-0.052606,0.279741,0.980537,-0.012271,-0.094791,-0.171496
7.553237,0.137512,-0.052577,0.280115,0.980547,-0.012568,-0.095315,-0.171128
7.563290,0.137568,-0.052529,0.280597,0.980559,-0.012679,-0.095871,-0.170741
7.573345,0.137676,-0.052520,0.281031,0.980523,-0.012717,-0.096251,-0.170732
7.583405,0.137793,-0.052505,0.281332,0.980537,-0.012735,-0.096439,-0.170541
7.593468,0.137987,-0.052579,0.281837,0.980501,-0.012809,-0.096812,-0.170532
7.603532,0.138081,-0.052625,0.282138,0.980448,-0.013014,-0.096970,-0.170733
7.613595,0.138178,-0.052663,0.282535,0.980430,-0.013051,-0.097156,-0.170729
7.623657,0.138276,-0.052720,0.282702,0.980364,-0.013015,-0.097166,-0.171103
7.633720,0.138295,-0.052746,0.283221,0.980225,-0.013125,-0.097920,-0.171459
7.643785,0.138340,-0.052764,0.283534,0.980207,-0.013162,-0.098106,-0.171455
7.653841,0.138417,-0.052793,0.284136,0.980130,-0.013496,-0.098819,-0.171456
7.663897,0.138548,-0.052783,0.284267,0.980184,-0.013253,-0.098668,-0.171254
7.673952,0.138646,-0.052820,0.284567,0.980163,-0.013477,-0.098821,-0.171269
7.684014,0.138823,-0.052828,0.284818,0.980196,-0.013458,-0.098824,-0.171082
7.694076,0.138973,-0.052886,0.285202,0.980177,-0.013495,-0.099010,-0.171078
7.704139,0.139064,-0.052920,0.285634,0.980140,-0.013568,-0.099382,-0.171069
7.714201,0.139109,-0.052938,0.285850,0.980121,-0.013604,-0.099569,-0.171064
7.724263,0.139140,-0.052950,0.286332,0.980065,-0.013714,-0.100127,-0.171051
7.734317,0.139125,-0.052944,0.286597,0.980028,-0.013787,-0.100500,-0.171042
7.744381,0.139288,-0.052946,0.287113,0.980020,-0.014028,-0.100842,-0.170866
7.754444,0.139318,-0.052957,0.287594,0.979966,-0.013951,-0.101433,-0.170833
7.764507,0.139355,-0.052971,0.287943,0.979928,-0.014024,-0.101806,-0.170824
7.774571,0.139407,-0.052992,0.288026,0.979925,-0.014211,-0.101773,-0.170844
7.784635,0.139497,-0.053026,0.288458,0.979887,-0.014284,-0.102145,-0.170835
7.794699,0.139534,-0.053040,0.288807,0.979848,-0.014357,-0.102518,-0.170826
7.804761,0.139580,-0.053006,0.289288,0.979790,-0.014428,-0.103084,-0.170813
7.814814,0.139645,-0.052970,0.289504,0.979803,-0.014444,-0.103273,-0.170621
7.824878,0.139673,-0.052981,0.289985,0.979745,-0.014554,-0.103831,-0.170608
7.834943,0.139796,-0.052977,0.290151,0.979745,-0.014514,-0.103839,-0.170608
7.845006,0.139908,-0.052978,0.290450,0.979692,-0.014492,-0.104037,-0.170790
7.855069,0.139903,-0.052915,0.290848,0.979666,-0.014581,-0.104599,-0.170590
7.865132,0.140004,-0.052892,0.291412,0.979640,-0.014669,-0.105160,-0.170389
7.875197,0.140068,-0.052855,0.291627,0.979652,-0.014685,-0.105349,-0.170198
7.885258,0.140115,-0.052812,0.292108,0.979625,-0.014774,-0.105910,-0.169998
7.895321,0.140180,-0.052776,0.292324,0.979638,-0.014789,-0.106099,-0.169806
7.905384,0.140226,-0.052732,0.292804,0.979607,-0.015064,-0.106628,-0.169626
7.915449,0.140219,-0.052668,0.293202,0.979579,-0.015152,-0.107190,-0.169425
7.925511,0.140268,-0.052616,0.293683,0.979584,-0.015259,-0.107746,-0.169038
7.935574,0.140266,-0.052564,0.293948,0.979543,-0.015290,-0.108126,-0.169029
7.945637,0.140322,-0.052463,0.294561,0.979526,-0.015393,-0.108877,-0.168637
7.955702,0.140373,-0.052430,0.294909,0.979484,-0.015423,-0.109257,-0.168628
7.965763,0.140497,-0.052365,0.295340,0.979475,-0.015432,-0.109640,-0.168432
7.975826,0.140631,-0.052302,0.295638,0.979486,-0.015405,-0.109837,-0.168240
7.985842,0.140765,-0.052179,0.296201,0.979488,-0.015428,-0.110410,-0.167853
7.995906,0.140816,-0.052146,0.296549,0.979446,-0.015457,-0.110790,-0.167844
8.006014,0.140849,-0.052097,0.297161,0.979395,-0.015577,-0.111538,-0.167638
8.016066,0.140888,-0.052092,0.297509,0.979417,-0.015690,-0.111900,-0.167255
8.026118,0.140931,-0.052109,0.297724,0.979396,-0.015725,-0.112087,-0.167251
8.036170,0.140943,-0.052113,0.298336,0.979311,-0.015866,-0.112831,-0.167232
8.046222,0.140965,-0.052121,0.298816,0.979248,-0.015973,-0.113390,-0.167218
8.056274,0.140926,-0.052116,0.299310,0.979151,-0.016057,-0.113953,-0.167390
8.066326,0.140969,-0.052132,0.299525,0.979130,-0.016093,-0.114139,-0.167386
8.076378,0.140933,-0.052128,0.299922,0.979033,-0.016177,-0.114703,-0.167558
8.086430,0.140893,-0.052133,0.300319,0.978904,-0.016240,-0.115272,-0.167917
8.096482,0.140833,-0.052120,0.300981,0.978763,-0.016394,-0.116207,-0.168080
8.106537,0.140807,-0.052120,0.301245,0.978686,-0.016442,-0.116585,-0.168257
8.116590,0.140772,-0.052107,0.301642,0.978617,-0.016734,-0.117111,-0.168265
8.126643,0.140749,-0.052098,0.301907,0.978576,-0.016618,-0.117515,-0.168233
8.136695,0.140701,-0.052080,0.302436,0.978484,-0.016945,-0.118228,-0.168236
8.146747,0.140652,-0.052062,0.302965,0.978398,-0.016899,-0.119004,-0.168194
8.156799,0.140603,-0.052044,0.303494,0.978308,-0.017040,-0.119748,-0.168174
8.166839,0.140574,-0.052033,0.303855,0.978263,-0.017110,-0.120120,-0.168164
8.176895,0.140524,-0.052014,0.304383,0.978169,-0.017437,-0.120832,-0.168167
8.186950,0.140485,-0.052000,0.304780,0.978104,-0.017356,-0.121423,-0.168129
8.197012,0.140429,-0.051979,0.305405,0.978009,-0.017683,-0.122134,-0.168133
8.207075,0.140398,-0.051967,0.305765,0.977963,-0.017753,-0.122506,-0.168123
8.217130,0.140369,-0.051947,0.306282,0.977972,-0.017811,-0.122687,-0.167931
8.227194,0.140337,-0.051945,0.306702,0.977920,-0.017637,-0.122910,-0.168089
8.237259,0.140321,-0.051938,0.307146,0.977940,-0.017788,-0.122692,-0.168118
8.247312,0.140294,-0.051919,0.307567,0.977949,-0.017846,-0.122873,-0.167926
8.257366,0.140264,-0.051917,0.308047,0.977920,-0.017637,-0.122910,-0.168089
8.267418,0.140257,-0.051914,0.308299,0.977940,-0.017788,-0.122692,-0.168118
8.277501,0.140243,-0.051909,0.308647,0.977966,-0.017567,-0.122539,-0.168099
8.287563,0.140234,-0.051906,0.308899,0.977989,-0.017531,-0.122353,-0.168104
8.297616,0.140234,-0.051896,0.309055,0.978045,-0.017519,-0.122161,-0.167923
8.307670,0.140115,-0.051862,0.309657,0.977943,-0.017602,-0.122725,-0.168094
8.317724,0.140106,-0.051858,0.309909,0.977966,-0.017567,-0.122539,-0.168099
8.327778,0.140104,-0.051858,0.310124,0.978013,-0.017496,-0.122167,-0.168109
8.337831,0.140088,-0.051842,0.310412,0.978045,-0.017519,-0.122161,-0.167923
8.347855,0.140083,-0.051850,0.310628,0.978055,-0.017613,-0.121763,-0.168143
8.357918,0.140063,-0.051842,0.310916,0.978055,-0.017613,-0.121763,-0.168143
8.367981,0.140040,-0.051824,0.311300,0.978087,-0.017636,-0.121757,-0.167956
8.378041,0.140031,-0.051811,0.311552,0.978146,-0.017437,-0.121598,-0.167751
8.388105,0.140040,-0.051824,0.311635,0.978182,-0.017308,-0.121045,-0.167953
8.398160,0.140103,-0.051848,0.311742,0.978228,-0.017238,-0.120673,-0.167963
8.408221,0.140006,-0.051812,0.312175,0.978205,-0.017273,-0.120859,-0.167958
8.418283,0.139992,-0.051806,0.312367,0.978205,-0.017273,-0.120859,-0.167958
8.428345,0.139951,-0.051852,0.312714,0.978196,-0.017261,-0.120670,-0.168149
8.438406,0.139945,-0.051850,0.312870,0.978218,-0.017226,-0.120484,-0.168154
8.448466,0.139948,-0.051851,0.313049,0.978286,-0.017120,-0.119926,-0.168169
8.458527,0.139942,-0.051848,0.313205,0.978305,-0.017272,-0.119708,-0.168197
8.468588,0.139919,-0.051840,0.313553,0.978331,-0.017050,-0.119554,-0.168179
8.478652,0.139904,-0.051834,0.313744,0.978331,-0.017050,-0.119554,-0.168179
8.488711,0.139884,-0.051817,0.314092,0.978386,-0.017037,-0.119362,-0.167997
8.498771,0.139885,-0.051818,0.314211,0.978431,-0.016967,-0.118990,-0.168007
8.508832,0.139869,-0.051812,0.314462,0.978453,-0.016931,-0.118804,-0.168012
8.518893,0.139861,-0.051809,0.314618,0.978476,-0.016896,-0.118618,-0.168017
8.528954,0.139829,-0.051797,0.315001,0.978476,-0.016896,-0.118618,-0.168017
8.539008,0.139800,-0.051847,0.315157,0.978466,-0.016883,-0.118429,-0.168208
8.549069,0.139767,-0.051834,0.315540,0.978466,-0.016883,-0.118429,-0.168208
8.559129,0.139750,-0.051828,0.315732,0.978466,-0.016883,-0.118429,-0.168208
8.569250,0.139732,-0.051821,0.315983,0.978488,-0.016848,-0.118243,-0.168213
8.579313,0.139723,-0.051818,0.316138,0.978510,-0.016813,-0.118057,-0.168218
8.589374,0.139722,-0.051818,0.316258,0.978555,-0.016742,-0.117685,-0.168228
8.599437,0.139641,-0.051787,0.316522,0.978577,-0.016707,-0.117499,-0.168233
8.609501,0.139561,-0.051757,0.316726,0.978577,-0.016707,-0.117499,-0.168233
8.619561,0.139479,-0.051726,0.316990,0.978599,-0.016672,-0.117313,-0.168238
8.629623,0.139472,-0.051714,0.317146,0.978653,-0.016658,-0.117121,-0.168056
8.639688,0.139389,-0.051683,0.317409,0.978675,-0.016623,-0.116935,-0.168061
8.649747,0.139386,-0.051682,0.317529,0.978719,-0.016552,-0.116563,-0.168070
8.659808,0.139282,-0.051653,0.317924,0.978687,-0.016531,-0.116568,-0.168257
8.669871,0.139264,-0.051637,0.318175,0.978741,-0.016517,-0.116377,-0.168075
8.679932,0.139240,-0.051688,0.318354,0.978778,-0.016247,-0.115848,-0.168254
8.689992,0.139218,-0.051680,0.318604,0.978800,-0.016211,-0.115661,-0.168259
8.700054,0.139202,-0.051674,0.318878,0.978865,-0.016105,-0.115103,-0.168274
8.710113,0.139198,-0.051673,0.318997,0.978908,-0.016034,-0.114731,-0.168283
8.720177,0.139097,-0.051625,0.319392,0.978940,-0.016056,-0.114726,-0.168097
8.730238,0.139057,-0.051661,0.319643,0.978962,-0.016064,-0.114531,-0.168101
8.740300,0.139066,-0.051645,0.319725,0.979091,-0.016000,-0.113963,-0.167742
8.750362,0.139064,-0.051635,0.319844,0.979166,-0.015950,-0.113585,-0.167565
8.760425,0.139025,-0.051611,0.320226,0.979198,-0.015972,-0.113580,-0.167378
8.770487,0.139017,-0.051589,0.320381,0.979284,-0.015979,-0.113384,-0.167010
8.780540,0.138924,-0.051534,0.320740,0.979369,-0.015985,-0.113187,-0.166641
8.790602,0.138910,-0.051520,0.320954,0.979444,-0.015935,-0.112810,-0.166464
8.800661,0.138836,-0.051524,0.321048,0.979574,-0.015725,-0.112265,-0.166083
8.810720,0.138832,-0.051513,0.321167,0.979645,-0.015861,-0.111856,-0.165927
8.820782,0.138714,-0.051469,0.321598,0.979624,-0.015897,-0.112042,-0.165922
8.830841,0.138646,-0.051443,0.321669,0.979645,-0.015861,-0.111856,-0.165927
8.840900,0.138477,-0.051370,0.322017,0.979656,-0.015918,-0.112037,-0.165735
8.850960,0.138391,-0.051328,0.322220,0.979691,-0.015752,-0.112064,-0.165527
8.861019,0.138121,-0.051347,0.322543,0.979628,-0.015795,-0.112058,-0.165901
8.871080,0.138037,-0.051385,0.322579,0.979606,-0.015723,-0.111688,-0.166284
8.881140,0.137979,-0.051353,0.322614,0.979680,-0.015672,-0.111310,-0.166106
8.891201,0.137716,-0.051324,0.322973,0.979595,-0.015708,-0.111499,-0.166475
8.901265,0.137468,-0.051290,0.323236,0.979543,-0.015766,-0.111682,-0.166657
8.911325,0.137117,-0.051328,0.323511,0.979458,-0.015887,-0.111853,-0.167026
8.921388,0.136923,-0.051433,0.323594,0.979384,-0.015915,-0.111658,-0.167592
8.931447,0.136381,-0.051465,0.324096,0.979174,-0.015959,-0.112422,-0.168298
8.941508,0.136228,-0.051457,0.324178,0.979196,-0.015965,-0.112228,-0.168303
8.951569,0.135946,-0.051508,0.324462,0.979185,-0.016035,-0.112022,-0.168495
8.961630,0.135798,-0.051619,0.324664,0.979121,-0.016120,-0.112008,-0.168868
8.971690,0.135541,-0.051798,0.324936,0.979046,-0.016231,-0.111796,-0.169434
8.981751,0.135419,-0.051860,0.325102,0.979035,-0.016257,-0.111598,-0.169625
8.991810,0.135224,-0.051962,0.325566,0.978895,-0.016396,-0.111961,-0.170176
9.001842,0.135080,-0.051966,0.325935,0.978821,-0.016493,-0.112329,-0.170353
9.011903,0.134892,-0.051911,0.326279,0.978734,-0.016488,-0.112526,-0.170721
9.021966,0.134649,-0.051817,0.326575,0.978695,-0.016376,-0.112930,-0.170690
9.032029,0.134204,-0.051693,0.327192,0.978586,-0.016793,-0.113817,-0.170687
9.042089,0.133849,-0.051613,0.327606,0.978446,-0.017002,-0.114743,-0.170849
9.052150,0.133644,-0.051523,0.328080,0.978438,-0.016912,-0.115141,-0.170631
9.062210,0.133527,-0.051536,0.328280,0.978406,-0.016934,-0.115138,-0.170817
9.072271,0.133374,-0.051399,0.328586,0.978504,-0.016955,-0.115130,-0.170258
9.082331,0.133196,-0.051300,0.328928,0.978580,-0.017057,-0.115299,-0.169693
9.092394,0.132839,-0.051190,0.329422,0.978602,-0.017220,-0.115650,-0.169310
9.102459,0.132679,-0.051109,0.329632,0.978671,-0.017076,-0.115671,-0.168914
9.112523,0.132492,-0.051075,0.329901,0.978725,-0.017104,-0.115471,-0.168733
9.122576,0.132404,-0.051030,0.330064,0.978779,-0.017087,-0.115280,-0.168551
9.132637,0.132201,-0.051009,0.330369,0.978747,-0.017109,-0.115277,-0.168738
9.142697,0.132062,-0.051071,0.330568,0.978683,-0.017153,-0.115270,-0.169111
9.152761,0.131917,-0.051120,0.330826,0.978676,-0.016994,-0.115105,-0.169281
9.162815,0.131808,-0.051126,0.330989,0.978694,-0.017186,-0.114878,-0.169308
9.172879,0.131584,-0.051153,0.331293,0.978633,-0.017043,-0.114904,-0.169659
9.182934,0.131331,-0.051275,0.331560,0.978558,-0.017113,-0.114699,-0.170225
9.192999,0.130962,-0.051292,0.331825,0.978471,-0.017239,-0.114869,-0.170593
9.203052,0.130379,-0.051406,0.332180,0.978214,-0.017301,-0.115438,-0.171675
9.213114,0.129914,-0.051392,0.332562,0.978028,-0.017523,-0.116170,-0.172214
9.223177,0.129577,-0.051543,0.332779,0.977864,-0.017634,-0.116153,-0.173147
9.233238,0.129392,-0.051583,0.332856,0.977819,-0.017639,-0.115961,-0.173525
9.243301,0.129254,-0.051651,0.333017,0.977745,-0.017436,-0.115808,-0.174068
9.253360,0.129156,-0.051669,0.333085,0.977733,-0.017418,-0.115619,-0.174259
9.263422,0.128944,-0.051744,0.333219,0.977710,-0.017427,-0.115233,-0.174643
9.273485,0.128838,-0.051806,0.333250,0.977720,-0.017413,-0.114850,-0.174840
9.283539,0.128633,-0.051884,0.333348,0.977718,-0.017381,-0.114278,-0.175229
9.293599,0.128450,-0.051913,0.333424,0.977710,-0.017220,-0.114114,-0.175399
9.303663,0.128141,-0.051976,0.333639,0.977711,-0.017392,-0.114077,-0.175399
9.313720,0.127953,-0.051993,0.333751,0.977712,-0.017478,-0.114058,-0.175399
9.323783,0.127564,-0.052087,0.333916,0.977628,-0.017505,-0.114242,-0.175745
9.333843,0.127276,-0.052129,0.334072,0.977540,-0.017632,-0.114411,-0.176113
9.343905,0.126697,-0.052057,0.334335,0.977374,-0.017820,-0.114956,-0.176656
9.353964,0.126480,-0.052023,0.334324,0.977362,-0.017801,-0.114767,-0.176848
9.364026,0.126305,-0.052072,0.334326,0.977325,-0.017701,-0.114212,-0.177423
9.374086,0.126265,-0.052159,0.334347,0.977337,-0.017497,-0.113863,-0.177598
9.384147,0.126114,-0.052208,0.334565,0.977312,-0.017458,-0.113486,-0.177982
9.394207,0.125981,-0.052246,0.334724,0.977334,-0.017503,-0.113282,-0.177987
9.404275,0.125711,-0.052225,0.334900,0.977359,-0.017360,-0.113112,-0.177971
9.414337,0.125570,-0.052258,0.335096,0.977356,-0.017632,-0.113059,-0.177993
9.424400,0.125277,-0.052264,0.335307,0.977391,-0.017781,-0.113025,-0.177807
9.434460,0.124952,-0.052284,0.335626,0.977264,-0.017806,-0.113597,-0.178142
9.444520,0.124539,-0.052293,0.335989,0.977180,-0.018146,-0.114297,-0.178121
9.454581,0.124255,-0.052366,0.336048,0.977129,-0.018153,-0.114482,-0.178280
9.464639,0.123994,-0.052383,0.336107,0.977139,-0.018533,-0.114597,-0.178111
9.474692,0.123481,-0.052316,0.336353,0.977182,-0.018712,-0.115125,-0.177514
9.484745,0.123237,-0.052236,0.336504,0.977229,-0.018842,-0.115286,-0.177136
9.494794,0.122948,-0.052219,0.336712,0.977336,-0.018850,-0.115269,-0.176555
9.504846,0.122839,-0.052244,0.336776,0.977423,-0.019122,-0.115018,-0.176210
9.514899,0.122741,-0.052325,0.336695,0.977738,-0.019016,-0.114049,-0.175097
9.524953,0.122655,-0.052311,0.336722,0.978017,-0.019161,-0.113614,-0.173803
9.535014,0.122430,-0.052241,0.337050,0.978363,-0.019567,-0.113692,-0.171747
9.545074,0.122170,-0.052205,0.337163,0.978566,-0.019636,-0.113653,-0.170606
9.555136,0.121771,-0.052197,0.337448,0.978722,-0.020069,-0.113926,-0.169476
9.565192,0.121418,-0.052147,0.337639,0.978778,-0.020354,-0.114240,-0.168906
9.575251,0.120917,-0.052105,0.338059,0.978718,-0.020480,-0.114779,-0.168869
9.585306,0.120603,-0.052074,0.338085,0.978654,-0.020524,-0.114771,-0.169242
9.595360,0.120271,-0.052045,0.338167,0.978582,-0.020313,-0.114619,-0.169785
9.605413,0.120065,-0.052017,0.338365,0.978521,-0.020127,-0.114655,-0.170137
9.615465,0.119705,-0.051964,0.338576,0.978456,-0.020171,-0.114647,-0.170510
9.625517,0.119541,-0.051945,0.338608,0.978470,-0.019912,-0.114309,-0.170686
9.635581,0.119064,-0.051947,0.338859,0.978322,-0.019860,-0.114510,-0.171405
9.645645,0.118816,-0.051988,0.339093,0.978235,-0.019994,-0.114675,-0.171773
9.655710,0.118333,-0.051975,0.339378,0.978098,-0.020011,-0.115052,-0.172299
9.665763,0.118038,-0.051993,0.339524,0.978015,-0.019959,-0.115249,-0.172645
9.675826,0.117535,-0.052023,0.339808,0.977840,-0.020186,-0.115589,-0.173380
9.685843,0.117225,-0.052096,0.339916,0.977711,-0.020088,-0.115607,-0.174104
9.695899,0.117031,-0.052222,0.339818,0.977643,-0.020031,-0.115042,-0.174867
9.705962,0.116833,-0.052291,0.339828,0.977543,-0.020097,-0.115031,-0.175426
9.716024,0.116429,-0.052265,0.339853,0.977446,-0.019977,-0.115053,-0.175964
9.726089,0.115992,-0.052265,0.339949,0.977306,-0.019996,-0.115430,-0.176489
9.736144,0.115649,-0.052265,0.340004,0.977184,-0.020111,-0.115601,-0.177043
9.746201,0.115197,-0.052299,0.340099,0.977044,-0.020175,-0.115967,-0.177568
9.756268,0.114940,-0.052309,0.340112,0.977045,-0.020306,-0.115932,-0.177568
9.766334,0.114479,-0.052393,0.340132,0.977052,-0.020424,-0.115884,-0.177547
9.776401,0.114306,-0.052421,0.340104,0.977148,-0.020361,-0.115684,-0.177159
9.786464,0.114042,-0.052394,0.340171,0.977277,-0.020319,-0.115476,-0.176585
9.796525,0.113883,-0.052394,0.340143,0.977334,-0.020376,-0.115262,-0.176405
9.806588,0.113593,-0.052427,0.340210,0.977361,-0.020312,-0.115065,-0.176389
9.816651,0.113424,-0.052465,0.340145,0.977443,-0.020174,-0.114690,-0.176193
9.826712,0.113104,-0.052472,0.340340,0.977479,-0.020367,-0.114634,-0.176008
9.836773,0.112826,-0.052456,0.340442,0.977519,-0.020331,-0.114623,-0.175800
9.846833,0.112435,-0.052492,0.340547,0.977623,-0.020652,-0.114526,-0.175242
9.856894,0.112248,-0.052541,0.340517,0.977748,-0.020834,-0.114270,-0.174689
9.866954,0.111883,-0.052515,0.340620,0.977953,-0.021174,-0.114159,-0.173572
9.877015,0.111725,-0.052495,0.340588,0.978214,-0.021209,-0.113914,-0.172252
9.887075,0.111413,-0.052441,0.340563,0.978470,-0.021473,-0.113623,-0.170953
9.897136,0.111134,-0.052399,0.340699,0.978554,-0.021531,-0.113774,-0.170366
9.907197,0.110813,-0.052369,0.340673,0.978709,-0.021730,-0.113507,-0.169627
9.917260,0.110606,-0.052372,0.340769,0.978776,-0.021899,-0.113452,-0.169254
9.927321,0.110295,-0.052437,0.340833,0.978771,-0.021849,-0.113247,-0.169426
9.937381,0.110029,-0.052439,0.340877,0.978718,-0.022011,-0.113399,-0.169607
9.947441,0.109679,-0.052460,0.341140,0.978584,-0.022043,-0.113768,-0.170133
9.957502,0.109373,-0.052460,0.341311,0.978443,-0.022219,-0.114117,-0.170681
9.967566,0.108968,-0.052471,0.341521,0.978216,-0.022453,-0.114652,-0.171596
9.977630,0.108770,-0.052493,0.341599,0.978040,-0.022566,-0.115023,-0.172329
9.987691,0.108378,-0.052560,0.341680,0.977803,-0.022580,-0.115406,-0.173414
9.997753,0.108101,-0.052563,0.341759,0.977694,-0.022779,-0.115746,-0.173775
10.007816,0.107594,-0.052599,0.341968,0.977464,-0.023101,-0.116253,-0.174688
10.017877,0.107373,-0.052680,0.342008,0.977347,-0.023081,-0.116441,-0.175219
10.027940,0.107040,-0.052743,0.342141,0.977226,-0.023292,-0.116581,-0.175772
10.038000,0.106561,-0.052729,0.342565,0.977043,-0.023487,-0.117296,-0.176284
10.048062,0.106239,-0.052661,0.342860,0.976910,-0.023703,-0.117829,-0.176637
10.058123,0.105816,-0.052693,0.343065,0.976680,-0.023801,-0.118382,-0.177527
10.068184,0.105555,-0.052698,0.343069,0.976613,-0.023890,-0.118359,-0.177899
10.078244,0.104994,-0.052634,0.343311,0.976428,-0.024090,-0.119073,-0.178410
10.088305,0.104801,-0.052673,0.343313,0.976360,-0.024180,-0.119049,-0.178782
10.098364,0.104403,-0.052794,0.343281,0.976217,-0.024138,-0.118852,-0.179698
10.108429,0.104125,-0.052806,0.343319,0.976193,-0.024560,-0.118941,-0.179714
10.118493,0.103674,-0.052815,0.343357,0.976144,-0.024678,-0.119078,-0.179872
10.128554,0.103309,-0.052737,0.343522,0.976101,-0.024929,-0.119395,-0.179859
10.138616,0.102777,-0.052718,0.343596,0.975960,-0.025063,-0.119731,-0.180382
10.148676,0.102598,-0.052720,0.343595,0.976032,-0.025241,-0.119667,-0.180011
10.158738,0.102164,-0.052681,0.343630,0.976153,-0.025657,-0.119719,-0.179261
10.168802,0.101876,-0.052701,0.343664,0.976203,-0.025985,-0.119803,-0.178884
10.178843,0.101452,-0.052613,0.343732,0.976483,-0.026200,-0.120048,-0.177152
10.188898,0.101274,-0.052621,0.343693,0.976675,-0.026613,-0.119723,-0.176252
10.198961,0.101086,-0.052643,0.343653,0.976944,-0.026742,-0.119429,-0.174934
10.209025,0.100908,-0.052651,0.343613,0.977144,-0.026780,-0.119170,-0.173988
10.219089,0.100525,-0.052502,0.343643,0.977432,-0.027031,-0.119225,-0.172284
10.229149,0.100299,-0.052491,0.343766,0.977551,-0.027173,-0.119331,-0.171510
10.239213,0.099787,-0.052415,0.343832,0.977582,-0.027426,-0.119603,-0.171103
10.249276,0.099614,-0.052424,0.343793,0.977640,-0.027517,-0.119366,-0.170924
10.259341,0.099355,-0.052453,0.343719,0.977626,-0.027336,-0.119001,-0.171289
10.269403,0.099095,-0.052451,0.343717,0.977533,-0.027218,-0.119018,-0.171825
10.279467,0.098661,-0.052448,0.343712,0.977374,-0.027145,-0.119025,-0.172735
10.289531,0.098394,-0.052440,0.343745,0.977252,-0.027278,-0.119187,-0.173287
10.299595,0.097996,-0.052514,0.343777,0.977002,-0.027271,-0.119378,-0.174562
10.309660,0.097806,-0.052540,0.343774,0.976942,-0.027175,-0.119384,-0.174912
10.319687,0.097483,-0.052655,0.343771,0.976706,-0.027290,-0.119364,-0.176216
10.329748,0.097030,-0.052661,0.343799,0.976561,-0.027163,-0.119556,-0.176909
10.339813,0.096743,-0.052686,0.343830,0.976404,-0.027320,-0.119713,-0.177647
10.349881,0.096263,-0.052743,0.343858,0.976149,-0.027360,-0.119887,-0.178920
10.359942,0.095988,-0.052763,0.343853,0.976052,-0.027287,-0.119890,-0.179456
10.370006,0.095708,-0.052828,0.343775,0.975965,-0.027104,-0.119532,-0.180193
10.380066,0.095395,-0.052911,0.343768,0.975834,-0.027098,-0.119513,-0.180915
10.390126,0.094947,-0.052899,0.343793,0.975716,-0.027180,-0.119659,-0.181444
10.400185,0.094606,-0.052854,0.343819,0.975666,-0.027217,-0.119815,-0.181601
10.410259,0.094138,-0.052876,0.343842,0.975513,-0.027324,-0.119955,-0.182316
10.420323,0.093873,-0.052844,0.343869,0.975570,-0.027427,-0.120075,-0.181915
10.430385,0.093588,-0.052854,0.343857,0.975722,-0.027595,-0.119960,-0.181151
10.440448,0.093226,-0.052804,0.343914,0.975863,-0.027922,-0.120184,-0.180185
10.450511,0.092816,-0.052670,0.343965,0.976190,-0.027986,-0.120412,-0.178245
10.460572,0.092571,-0.052584,0.343987,0.976454,-0.028223,-0.120452,-0.176728
10.470634,0.092288,-0.052596,0.343936,0.976739,-0.028057,-0.120165,-0.175368
10.480698,0.092033,-0.052533,0.343959,0.976902,-0.028042,-0.120272,-0.174386
10.490751,0.091622,-0.052424,0.343973,0.977139,-0.027973,-0.120349,-0.173010
10.500802,0.091261,-0.052359,0.344064,0.977156,-0.028084,-0.120822,-0.172570
10.510853,0.090922,-0.052287,0.344082,0.977289,-0.027907,-0.120950,-0.171751
10.520906,0.090681,-0.052232,0.344070,0.977336,-0.027690,-0.120946,-0.171520
10.530961,0.090335,-0.052205,0.344053,0.977328,-0.027146,-0.120997,-0.171616
10.541024,0.090068,-0.052201,0.344041,0.977280,-0.026723,-0.121048,-0.171920
10.551086,0.089563,-0.052067,0.344159,0.977193,-0.026102,-0.121861,-0.171936
10.561148,0.089358,-0.052111,0.344151,0.977111,-0.025658,-0.121926,-0.172426
10.571201,0.088967,-0.052200,0.344116,0.976924,-0.025313,-0.122324,-0.173248
10.581254,0.088649,-0.052147,0.344298,0.976838,-0.025323,-0.122849,-0.173363
10.591375,0.088161,-0.052053,0.344324,0.976741,-0.025128,-0.123574,-0.173422
10.601428,0.087843,-0.052092,0.344381,0.976610,-0.025113,-0.123914,-0.173917
10.611487,0.087644,-0.052093,0.344405,0.976641,-0.024834,-0.124094,-0.173653
10.621548,0.087318,-0.052108,0.344494,0.976671,-0.024680,-0.124576,-0.173163
10.631609,0.087006,-0.052104,0.344583,0.976655,-0.024833,-0.125026,-0.172905
10.641672,0.086551,-0.051984,0.344730,0.976767,-0.025300,-0.125719,-0.171700
10.651735,0.086283,-0.051903,0.344818,0.976850,-0.025433,-0.126157,-0.170883
10.661797,0.085873,-0.051879,0.344934,0.976882,-0.025810,-0.126696,-0.170244
10.671860,0.085596,-0.051821,0.345023,0.976858,-0.026068,-0.127145,-0.170008
10.681924,0.085184,-0.051801,0.345139,0.976856,-0.026429,-0.127694,-0.169554
10.691990,0.084910,-0.051732,0.345226,0.976865,-0.026714,-0.128122,-0.169132
10.702054,0.084449,-0.051645,0.345374,0.976701,-0.026978,-0.128946,-0.169409
10.712119,0.084105,-0.051542,0.345494,0.976522,-0.027000,-0.129680,-0.169879
10.722184,0.083723,-0.051503,0.345614,0.976272,-0.027259,-0.130371,-0.170745
10.732246,0.083431,-0.051481,0.345703,0.976081,-0.027228,-0.130929,-0.171410
10.742310,0.082975,-0.051432,0.345780,0.975819,-0.027434,-0.131443,-0.172471
10.752374,0.082582,-0.051426,0.345863,0.975556,-0.027641,-0.131957,-0.173532
10.762438,0.082116,-0.051411,0.345903,0.975287,-0.027607,-0.132328,-0.174763
10.772494,0.081851,-0.051402,0.345884,0.975159,-0.027522,-0.132341,-0.175482
10.782556,0.081456,-0.051435,0.345894,0.974905,-0.027594,-0.132508,-0.176748
10.792619,0.081104,-0.051396,0.345903,0.974753,-0.027640,-0.132668,-0.177457
10.802681,0.080569,-0.051335,0.345933,0.974552,-0.027703,-0.132981,-0.178317
10.812735,0.080287,-0.051322,0.345946,0.974465,-0.027981,-0.133072,-0.178680
10.822796,0.080017,-0.051340,0.345851,0.974492,-0.027897,-0.132644,-0.178866
10.832859,0.079748,-0.051323,0.345828,0.974469,-0.027930,-0.132580,-0.179030
10.842918,0.079351,-0.051267,0.345737,0.974463,-0.028164,-0.132620,-0.178999
10.852980,0.079022,-0.051171,0.345739,0.974519,-0.028535,-0.132636,-0.178622
10.863040,0.078726,-0.051166,0.345708,0.974716,-0.028849,-0.132389,-0.177678
10.873101,0.078580,-0.051172,0.345565,0.974936,-0.028746,-0.132077,-0.176717
10.883187,0.078271,-0.051034,0.345524,0.975298,-0.029262,-0.131749,-0.174871
10.893247,0.078065,-0.051003,0.345573,0.975405,-0.029578,-0.131923,-0.174087
10.903281,0.077796,-0.050857,0.345519,0.975619,-0.029730,-0.132097,-0.172723
10.913344,0.077445,-0.050727,0.345583,0.975877,-0.030347,-0.132290,-0.171004
10.923406,0.077225,-0.050737,0.345597,0.975938,-0.030583,-0.132303,-0.170603
10.933468,0.076909,-0.050673,0.345543,0.975976,-0.030907,-0.132481,-0.170191
10.943536,0.076725,-0.050653,0.345562,0.975895,-0.030908,-0.132644,-0.170528
10.953599,0.076293,-0.050549,0.345625,0.975737,-0.031209,-0.133083,-0.171031
10.963654,0.076049,-0.050480,0.345635,0.975656,-0.031211,-0.133245,-0.171368
10.973718,0.075677,-0.050452,0.345673,0.975418,-0.031355,-0.133576,-0.172437
10.983779,0.075373,-0.050477,0.345683,0.975202,-0.031411,-0.133739,-0.173516
10.993842,0.074989,-0.050459,0.345718,0.975004,-0.031443,-0.134057,-0.174375
11.003906,0.074640,-0.050357,0.345825,0.974782,-0.031718,-0.134732,-0.175048
11.013970,0.074208,-0.050351,0.345765,0.974507,-0.031941,-0.135029,-0.176302
11.024033,0.073864,-0.050238,0.345870,0.974318,-0.032241,-0.135682,-0.176789
11.034096,0.073536,-0.050279,0.345729,0.974149,-0.032536,-0.135917,-0.177488
11.044159,0.073338,-0.050346,0.345658,0.974029,-0.032853,-0.135984,-0.178037
11.054224,0.073012,-0.050287,0.345637,0.973938,-0.033212,-0.136375,-0.178167
11.064286,0.072661,-0.050173,0.345738,0.973821,-0.033615,-0.136956,-0.178285
11.074346,0.072279,-0.050031,0.345740,0.973814,-0.034141,-0.137446,-0.177849
11.084410,0.072009,-0.049937,0.345810,0.973864,-0.034551,-0.137774,-0.177239
11.094472,0.071678,-0.049853,0.345780,0.974026,-0.035184,-0.137953,-0.176078
11.104536,0.071533,-0.049837,0.345667,0.974220,-0.035365,-0.137741,-0.175134
11.114591,0.071194,-0.049712,0.345541,0.974379,-0.035952,-0.137940,-0.173972
11.124654,0.070902,-0.049592,0.345515,0.974434,-0.036184,-0.138290,-0.173336
11.134719,0.070676,-0.049483,0.345290,0.974802,-0.036534,-0.137934,-0.171469
11.144781,0.070515,-0.049418,0.345116,0.974965,-0.036761,-0.137905,-0.170511
11.154835,0.070245,-0.049345,0.344963,0.975151,-0.037072,-0.137960,-0.169335
11.164888,0.070072,-0.049313,0.344792,0.975183,-0.037020,-0.138047,-0.169090
11.174961,0.069758,-0.049235,0.344457,0.975055,-0.037020,-0.138356,-0.169574
11.185014,0.069585,-0.049226,0.344291,0.974912,-0.036801,-0.138585,-0.170252
11.195066,0.069485,-0.049257,0.344099,0.974857,-0.036718,-0.138574,-0.170599
11.205118,0.069171,-0.049241,0.343860,0.974625,-0.036699,-0.138921,-0.171637
11.215172,0.068961,-0.049230,0.343597,0.974491,-0.036344,-0.139153,-0.172289
11.225224,0.068706,-0.049368,0.343212,0.974278,-0.036258,-0.139111,-0.173540
11.235277,0.068565,-0.049404,0.342923,0.974194,-0.036017,-0.139127,-0.174045
11.245329,0.068341,-0.049506,0.342539,0.973975,-0.035831,-0.139145,-0.175293
11.255383,0.068118,-0.049469,0.342491,0.973841,-0.035785,-0.139484,-0.175773
11.265435,0.067849,-0.049472,0.342126,0.973795,-0.035259,-0.139649,-0.176006
11.275488,0.067685,-0.049579,0.341930,0.973717,-0.035167,-0.139575,-0.176515
11.285541,0.067490,-0.049614,0.341538,0.973802,-0.034612,-0.139506,-0.176208
11.295568,0.067368,-0.049607,0.341244,0.973903,-0.034301,-0.139437,-0.175765
11.305619,0.067185,-0.049616,0.340848,0.974083,-0.034186,-0.139226,-0.174958
11.315673,0.067032,-0.049547,0.340671,0.974266,-0.034045,-0.139241,-0.173950
11.325725,0.066818,-0.049501,0.340354,0.974637,-0.033722,-0.138937,-0.172170
11.335786,0.066725,-0.049505,0.340115,0.974903,-0.033449,-0.138572,-0.171005
11.345850,0.066643,-0.049552,0.339624,0.975224,-0.032832,-0.137888,-0.169843
11.355912,0.066605,-0.049600,0.339272,0.975326,-0.032425,-0.137517,-0.169637
11.365971,0.066377,-0.049557,0.338906,0.975299,-0.032192,-0.137641,-0.169737
11.376033,0.066242,-0.049495,0.338735,0.975293,-0.032021,-0.137801,-0.169675
11.386092,0.065950,-0.049403,0.338393,0.975201,-0.032056,-0.138075,-0.169972
11.396151,0.065936,-0.049506,0.337959,0.975192,-0.031764,-0.137748,-0.170347
11.406211,0.065727,-0.049588,0.337570,0.975046,-0.031622,-0.137719,-0.171227
11.416273,0.065654,-0.049679,0.337256,0.974980,-0.031459,-0.137545,-0.171774
11.426334,0.065437,-0.049688,0.336989,0.974810,-0.031137,-0.137771,-0.172612
11.436398,0.065260,-0.049691,0.336819,0.974661,-0.031160,-0.137938,-0.173315
11.446503,0.065135,-0.049776,0.336276,0.974589,-0.030734,-0.137634,-0.174036
11.456564,0.065067,-0.049883,0.335928,0.974508,-0.030444,-0.137329,-0.174781
11.466627,0.064957,-0.049927,0.335732,0.974446,-0.030593,-0.137254,-0.175156
11.476685,0.064833,-0.050031,0.335318,0.974383,-0.030527,-0.137017,-0.175707
11.486738,0.064711,-0.050040,0.335023,0.974399,-0.030534,-0.136923,-0.175687
11.496791,0.064550,-0.050053,0.334632,0.974382,-0.030568,-0.136823,-0.175854
11.506845,0.064378,-0.050004,0.334363,0.974295,-0.030774,-0.136935,-0.176214
11.516898,0.064208,-0.050042,0.333974,0.974174,-0.030556,-0.136947,-0.176906
11.526951,0.064224,-0.050141,0.333633,0.974264,-0.030511,-0.136512,-0.176756
11.537007,0.064114,-0.050169,0.333117,0.974379,-0.030503,-0.136176,-0.176385
11.547063,0.064020,-0.050180,0.332916,0.974462,-0.030740,-0.135994,-0.176024
11.557117,0.063847,-0.050184,0.332516,0.974631,-0.030977,-0.135694,-0.175274
11.567169,0.063775,-0.050162,0.332315,0.974789,-0.031023,-0.135524,-0.174518
11.577222,0.063653,-0.050153,0.332013,0.974946,-0.031350,-0.135254,-0.173790
11.587275,0.063621,-0.050170,0.331691,0.975120,-0.031472,-0.134894,-0.173073
11.597328,0.063571,-0.050100,0.331168,0.975511,-0.031539,-0.134406,-0.171225
11.607382,0.063522,-0.050045,0.330965,0.975728,-0.031764,-0.134179,-0.170123
11.617434,0.063351,-0.049919,0.330586,0.975961,-0.032216,-0.134012,-0.168827
11.627487,0.063232,-0.049840,0.330410,0.976020,-0.032277,-0.134078,-0.168423
11.637542,0.063091,-0.049933,0.329898,0.975919,-0.032364,-0.133833,-0.169185
11.647606,0.063078,-0.050039,0.329462,0.975902,-0.032243,-0.133480,-0.169587
11.657671,0.062910,-0.049999,0.329192,0.975788,-0.032243,-0.133648,-0.170106
11.667733,0.062833,-0.050018,0.328999,0.975688,-0.032272,-0.133662,-0.170662
11.677796,0.062693,-0.049962,0.328694,0.975629,-0.032137,-0.133683,-0.171009
11.687843,0.062674,-0.049998,0.328380,0.975583,-0.032031,-0.133550,-0.171393
11.697900,0.062566,-0.049998,0.327958,0.975475,-0.031742,-0.133472,-0.172122
11.707963,0.062475,-0.049991,0.327665,0.975409,-0.031793,-0.133460,-0.172494
11.718088,0.062314,-0.049944,0.327394,0.975330,-0.031816,-0.133601,-0.172829
11.728153,0.062244,-0.049947,0.327198,0.975300,-0.031888,-0.133561,-0.173017
11.738206,0.062161,-0.049925,0.326903,0.975311,-0.031796,-0.133527,-0.172995
11.748269,0.062113,-0.050038,0.326368,0.975259,-0.031698,-0.133170,-0.173583
11.758333,0.062005,-0.050056,0.326075,0.975165,-0.031588,-0.133185,-0.174116
11.768386,0.061821,-0.050082,0.325902,0.974983,-0.031640,-0.133341,-0.175006
11.778441,0.061672,-0.050068,0.325730,0.974831,-0.031620,-0.133536,-0.175708
11.788494,0.061545,-0.050110,0.325437,0.974696,-0.031722,-0.133512,-0.176452
11.798547,0.061531,-0.050138,0.325121,0.974685,-0.031636,-0.133354,-0.176652
11.808608,0.061464,-0.050156,0.324610,0.974645,-0.031390,-0.133223,-0.177013
11.818670,0.061393,-0.050168,0.324414,0.974583,-0.031255,-0.133244,-0.177359
11.828730,0.061328,-0.050132,0.324119,0.974586,-0.031302,-0.133211,-0.177361
11.838790,0.061229,-0.050047,0.323943,0.974604,-0.031481,-0.133302,-0.177165
11.848854,0.061184,-0.050075,0.323528,0.974594,-0.031442,-0.133110,-0.177367
11.858918,0.061158,-0.050111,0.323210,0.974627,-0.031238,-0.132924,-0.177360
11.868977,0.061116,-0.050130,0.322794,0.974655,-0.031219,-0.132705,-0.177378
11.879038,0.061012,-0.050095,0.322717,0.974602,-0.031403,-0.132818,-0.177552
11.889098,0.060944,-0.050154,0.322302,0.974528,-0.031181,-0.132681,-0.178098
11.899161,0.060821,-0.050110,0.322128,0.974438,-0.031343,-0.132822,-0.178456
11.909224,0.060795,-0.050201,0.321593,0.974416,-0.031216,-0.132472,-0.178858
11.919285,0.060710,-0.050229,0.321395,0.974350,-0.031313,-0.132426,-0.179232
11.929346,0.060662,-0.050266,0.320981,0.974309,-0.031065,-0.132297,-0.179593
11.939407,0.060547,-0.050206,0.320804,0.974293,-0.031270,-0.132381,-0.179582
11.949465,0.060500,-0.050243,0.320390,0.974246,-0.031208,-0.132218,-0.179968
11.959527,0.060454,-0.050194,0.320095,0.974246,-0.031208,-0.132218,-0.179968
11.969590,0.060464,-0.050248,0.319560,0.974261,-0.030823,-0.131942,-0.180158
11.979650,0.060434,-0.050215,0.319363,0.974261,-0.030823,-0.131942,-0.180158
11.989711,0.060429,-0.050199,0.318947,0.974319,-0.030731,-0.131763,-0.179988
11.999771,0.060436,-0.050206,0.318630,0.974341,-0.030619,-0.131611,-0.180003
12.009833,0.060466,-0.050238,0.318094,0.974384,-0.030393,-0.131307,-0.180031
12.019893,0.060421,-0.050190,0.317799,0.974389,-0.030208,-0.131342,-0.180006
12.029954,0.060358,-0.050110,0.317722,0.974405,-0.030341,-0.131466,-0.179808
12.040019,0.060366,-0.050119,0.317405,0.974426,-0.030228,-0.131314,-0.179823
12.050080,0.060373,-0.050127,0.317088,0.974448,-0.030116,-0.131162,-0.179837
12.060143,0.060452,-0.050223,0.316531,0.974480,-0.029571,-0.130769,-0.180039
12.070202,0.060511,-0.050287,0.316191,0.974522,-0.029346,-0.130465,-0.180068
12.080264,0.060471,-0.050232,0.315895,0.974559,-0.029367,-0.130437,-0.179884
12.090324,0.060493,-0.050256,0.315676,0.974580,-0.029254,-0.130286,-0.179898
12.100384,0.060454,-0.050201,0.315379,0.974617,-0.029275,-0.130258,-0.179714
12.110446,0.060462,-0.050210,0.315062,0.974638,-0.029162,-0.130106,-0.179729
12.120510,0.060507,-0.050258,0.314624,0.974680,-0.028937,-0.129803,-0.179757
12.130573,0.060563,-0.050330,0.314285,0.974685,-0.028691,-0.129526,-0.179970
12.140642,0.060486,-0.050236,0.314109,0.974701,-0.028824,-0.129651,-0.179772
12.150696,0.060458,-0.050206,0.313912,0.974701,-0.028824,-0.129651,-0.179772
12.160730,0.060467,-0.050215,0.313594,0.974722,-0.028712,-0.129499,-0.179786
12.170794,0.060472,-0.050232,0.313277,0.974706,-0.028579,-0.129375,-0.179984
12.180859,0.060568,-0.050335,0.312817,0.974768,-0.028241,-0.128919,-0.180027
12.190918,0.060590,-0.050360,0.312597,0.974789,-0.028128,-0.128767,-0.180042
12.200982,0.060663,-0.050438,0.312356,0.974830,-0.027903,-0.128463,-0.180070
12.211041,0.060740,-0.050508,0.312113,0.974908,-0.027698,-0.128132,-0.179915
12.221102,0.060813,-0.050587,0.311871,0.974954,-0.027286,-0.127863,-0.179919
12.231163,0.060886,-0.050665,0.311629,0.974990,-0.027247,-0.127525,-0.179972
12.241226,0.060958,-0.050743,0.311387,0.975030,-0.027022,-0.127221,-0.180001
12.251291,0.061031,-0.050820,0.311145,0.975071,-0.026796,-0.126917,-0.180029
12.261355,0.061139,-0.050937,0.310782,0.975137,-0.026272,-0.126496,-0.180048
12.271416,0.061175,-0.050976,0.310661,0.975152,-0.026346,-0.126310,-0.180086
12.281478,0.061280,-0.051100,0.310299,0.975175,-0.025988,-0.125881,-0.180313
12.291538,0.061319,-0.051130,0.310177,0.975232,-0.025895,-0.125702,-0.180143
12.301591,0.061388,-0.051216,0.309935,0.975235,-0.025650,-0.125425,-0.180355
12.311641,0.061460,-0.051293,0.309693,0.975274,-0.025425,-0.125121,-0.180383
12.321694,0.061531,-0.051370,0.309450,0.975314,-0.025199,-0.124817,-0.180412
12.331755,0.061567,-0.051408,0.309329,0.975334,-0.025087,-0.124665,-0.180426
12.341816,0.061567,-0.051408,0.309329,0.975334,-0.025087,-0.124665,-0.180426
12.351878,0.061639,-0.051485,0.309086,0.975373,-0.024861,-0.124361,-0.180454
12.361937,0.061710,-0.051561,0.308843,0.975417,-0.024450,-0.124091,-0.180459
12.372000,0.061745,-0.051599,0.308722,0.975436,-0.024337,-0.123939,-0.180473
12.382062,0.061745,-0.051599,0.308722,0.975436,-0.024337,-0.123939,-0.180473
12.392116,0.061745,-0.051599,0.308722,0.975432,-0.024523,-0.123905,-0.180496
12.402168,0.061749,-0.051591,0.308721,0.975473,-0.024357,-0.123913,-0.180289
12.412221,0.061749,-0.051591,0.308721,0.975469,-0.024543,-0.123878,-0.180312
12.422275,0.061749,-0.051591,0.308721,0.975469,-0.024543,-0.123878,-0.180312
12.432336,0.061745,-0.051599,0.308722,0.975436,-0.024337,-0.123939,-0.180473
12.442398,0.061749,-0.051591,0.308721,0.975469,-0.024543,-0.123878,-0.180312
12.452462,0.061749,-0.051591,0.308721,0.975473,-0.024357,-0.123913,-0.180289
12.462522,0.061745,-0.051599,0.308722,0.975436,-0.024337,-0.123939,-0.180473
12.472584,0.061745,-0.051599,0.308722,0.975436,-0.024337,-0.123939,-0.180473
12.482646,0.061749,-0.051591,0.308721,0.975473,-0.024357,-0.123913,-0.180289
12.492708,0.061745,-0.051599,0.308722,0.975436,-0.024337,-0.123939,-0.180473
12.502770,0.061745,-0.051599,0.308722,0.975436,-0.024337,-0.123939,-0.180473
12.512836,0.061749,-0.051591,0.308721,0.975473,-0.024357,-0.123913,-0.180289
12.522891,0.061749,-0.051591,0.308721,0.975473,-0.024357,-0.123913,-0.180289
12.532951,0.061749,-0.051591,0.308721,0.975473,-0.024357,-0.123913,-0.180289
12.543013,0.061749,-0.051591,0.308721,0.975473,-0.024357,-0.123913,-0.180289
12.553073,0.061798,-0.051644,0.308698,0.975493,-0.024244,-0.123761,-0.180303
12.563127,0.061798,-0.051644,0.308698,0.975488,-0.024430,-0.123726,-0.180326
12.573179,0.061798,-0.051644,0.308698,0.975493,-0.024244,-0.123761,-0.180303
12.583234,0.061848,-0.051698,0.308675,0.975508,-0.024317,-0.123574,-0.180340
12.593319,0.061848,-0.051698,0.308675,0.975512,-0.024131,-0.123609,-0.180317
12.603374,0.061898,-0.051751,0.308652,0.975532,-0.024019,-0.123457,-0.180331
12.613427,0.061898,-0.051751,0.308652,0.975532,-0.024019,-0.123457,-0.180331
12.623489,0.061947,-0.051804,0.308629,0.975551,-0.023906,-0.123305,-0.180345
12.633554,0.061947,-0.051804,0.308629,0.975551,-0.023906,-0.123305,-0.180345
12.643614,0.061961,-0.051819,0.308728,0.975551,-0.023906,-0.123305,-0.180345
12.653676,0.061961,-0.051819,0.308728,0.975551,-0.023906,-0.123305,-0.180345
12.663728,0.061961,-0.051819,0.308728,0.975547,-0.024092,-0.123270,-0.180369
12.673789,0.061958,-0.051827,0.308729,0.975510,-0.024073,-0.123297,-0.180553
12.683842,0.062011,-0.051872,0.308705,0.975566,-0.023979,-0.123118,-0.180383
12.693905,0.061995,-0.051811,0.308827,0.975581,-0.024069,-0.123275,-0.180182
12.703960,0.061992,-0.051819,0.308828,0.975549,-0.023863,-0.123336,-0.180343
12.714023,0.061956,-0.051781,0.308949,0.975525,-0.024162,-0.123454,-0.180353
12.724085,0.061935,-0.051758,0.309169,0.975505,-0.024275,-0.123606,-0.180339
12.734146,0.061949,-0.051773,0.309268,0.975505,-0.024275,-0.123606,-0.180339
12.744200,0.061983,-0.051765,0.309366,0.975540,-0.024251,-0.123610,-0.180152
12.754265,0.062044,-0.051842,0.309443,0.975522,-0.024119,-0.123485,-0.180351
12.764334,0.062007,-0.051757,0.309784,0.975518,-0.024321,-0.123794,-0.180137
12.774397,0.061946,-0.051704,0.310127,0.975442,-0.024526,-0.124125,-0.180293
12.784460,0.062048,-0.051757,0.310300,0.975532,-0.024410,-0.123950,-0.179936
12.794520,0.062112,-0.051780,0.310595,0.975562,-0.024572,-0.123921,-0.179774
12.804581,0.062186,-0.051827,0.310990,0.975559,-0.024529,-0.123952,-0.179772
12.814631,0.062300,-0.051904,0.311262,0.975613,-0.024393,-0.123805,-0.179600
12.824689,0.062510,-0.052083,0.311806,0.975687,-0.024145,-0.123505,-0.179442
12.834750,0.062585,-0.052163,0.312297,0.975682,-0.024331,-0.123470,-0.179466
12.844810,0.062603,-0.052160,0.313033,0.975604,-0.024493,-0.123833,-0.179620
12.854871,0.062795,-0.052311,0.313383,0.975596,-0.024349,-0.123583,-0.179852
12.864966,0.063136,-0.052596,0.313883,0.975593,-0.023734,-0.123118,-0.180271
12.875026,0.063490,-0.052870,0.314063,0.975677,-0.023233,-0.122413,-0.180359
12.885087,0.063588,-0.052861,0.314676,0.975687,-0.023236,-0.122631,-0.180155
12.895148,0.063730,-0.052981,0.315371,0.975454,-0.023179,-0.122845,-0.181279
12.905208,0.063848,-0.053052,0.315868,0.975293,-0.023160,-0.123006,-0.182034
12.915270,0.064440,-0.053459,0.316394,0.975332,-0.022235,-0.122160,-0.182511
12.925332,0.064767,-0.053629,0.316814,0.975373,-0.021878,-0.121814,-0.182568
12.935391,0.064945,-0.053505,0.317649,0.975422,-0.022002,-0.122249,-0.181997
12.945452,0.065250,-0.053580,0.318091,0.975553,-0.021772,-0.122007,-0.181484
12.955513,0.065895,-0.053853,0.318730,0.975779,-0.021328,-0.121169,-0.180882
12.965576,0.066187,-0.053875,0.319293,0.975888,-0.021168,-0.121109,-0.180353
12.975639,0.066488,-0.053731,0.320101,0.976050,-0.021485,-0.121331,-0.179284
12.985699,0.066896,-0.053774,0.320419,0.976265,-0.021062,-0.120966,-0.178410
12.995762,0.067629,-0.053975,0.321055,0.976484,-0.020277,-0.120265,-0.177776
13.005826,0.067906,-0.053914,0.321644,0.976531,-0.020123,-0.120437,-0.177416
13.015885,0.068262,-0.053652,0.322578,0.976625,-0.020315,-0.120979,-0.176510
13.025948,0.068756,-0.053787,0.322969,0.976675,-0.019657,-0.120596,-0.176570
13.036010,0.069465,-0.053948,0.323633,0.976621,-0.018588,-0.120286,-0.177190
13.046072,0.069781,-0.053855,0.324221,0.976625,-0.018516,-0.120494,-0.177035
13.056134,0.070234,-0.053682,0.325230,0.976489,-0.018005,-0.121153,-0.177388
13.066192,0.070832,-0.053834,0.325594,0.976518,-0.017154,-0.120665,-0.177645
13.076252,0.071545,-0.053876,0.326275,0.976508,-0.016529,-0.120418,-0.177926
13.086313,0.071939,-0.053828,0.326837,0.976461,-0.016089,-0.120558,-0.178131
13.096373,0.072641,-0.053810,0.327638,0.976431,-0.015528,-0.120480,-0.178398
13.106434,0.073273,-0.053987,0.328092,0.976388,-0.014660,-0.120005,-0.179026
13.116488,0.073860,-0.053815,0.328848,0.976319,-0.014260,-0.120258,-0.179266
13.126540,0.074319,-0.053827,0.329380,0.976219,-0.013689,-0.120256,-0.179855
13.136592,0.075257,-0.053917,0.330093,0.976207,-0.012755,-0.119718,-0.180346
13.146644,0.075685,-0.053835,0.330648,0.976157,-0.012468,-0.119813,-0.180574
13.156765,0.076439,-0.053762,0.331438,0.976169,-0.011534,-0.119748,-0.180612
13.166820,0.077187,-0.053873,0.331754,0.976286,-0.010788,-0.118984,-0.180533
13.176879,0.077742,-0.053842,0.332155,0.976275,-0.010098,-0.118786,-0.180763
13.186940,0.078522,-0.053748,0.332940,0.976209,-0.009472,-0.118687,-0.181216
13.197000,0.079264,-0.053793,0.333374,0.976304,-0.008983,-0.118050,-0.181146
13.207063,0.080181,-0.053728,0.334000,0.976347,-0.008379,-0.117538,-0.181276
13.217122,0.080775,-0.053639,0.334394,0.976407,-0.007892,-0.117255,-0.181158
13.227185,0.081964,-0.053696,0.334801,0.976596,-0.007151,-0.115987,-0.180987
13.237247,0.082598,-0.053609,0.335285,0.976692,-0.006883,-0.115635,-0.180705
13.247307,0.083628,-0.053527,0.335869,0.976791,-0.006216,-0.114902,-0.180659
13.257369,0.084423,-0.053524,0.336071,0.976868,-0.005826,-0.114039,-0.180804
13.267429,0.085545,-0.053466,0.336399,0.977038,-0.005605,-0.112812,-0.180659
13.277493,0.086292,-0.053432,0.336755,0.977118,-0.005455,-0.112238,-0.180594
13.287560,0.087444,-0.053364,0.337241,0.977254,-0.005232,-0.111364,-0.180401
13.297622,0.088241,-0.053332,0.337466,0.977388,-0.005228,-0.110548,-0.180181
13.307683,0.089518,-0.053362,0.337734,0.977508,-0.005350,-0.109406,-0.180224
13.317736,0.090359,-0.053299,0.337937,0.977604,-0.005474,-0.108940,-0.179978
13.327800,0.091617,-0.053328,0.338267,0.977657,-0.005415,-0.108192,-0.180142
13.337833,0.092510,-0.053322,0.338467,0.977721,-0.005572,-0.107712,-0.180081
13.347901,0.093792,-0.053283,0.338641,0.977791,-0.005767,-0.107086,-0.180067
13.357961,0.094769,-0.053274,0.338836,0.977962,-0.005989,-0.106552,-0.179446
13.368029,0.096087,-0.053297,0.339037,0.978020,-0.005971,-0.106127,-0.179381
13.378089,0.096986,-0.053246,0.339077,0.978069,-0.006028,-0.105835,-0.179288
13.388149,0.098435,-0.053273,0.339143,0.978145,-0.005917,-0.105230,-0.179230
13.398209,0.099253,-0.053238,0.339374,0.978108,-0.006233,-0.105449,-0.179296
13.408270,0.100736,-0.053247,0.339373,0.978169,-0.006007,-0.105043,-0.179209
13.418333,0.101601,-0.053227,0.339434,0.978134,-0.005993,-0.104942,-0.179459
13.428395,0.103082,-0.053198,0.339454,0.978321,-0.005760,-0.104678,-0.178598
13.438455,0.104057,-0.053186,0.339416,0.978392,-0.005802,-0.104536,-0.178290
13.448537,0.105433,-0.053134,0.339533,0.978421,-0.005734,-0.104825,-0.177962
13.458598,0.106363,-0.053187,0.339522,0.978373,-0.005669,-0.104902,-0.178185
13.468659,0.107311,-0.053200,0.339508,0.978323,-0.005752,-0.104953,-0.178428
13.478713,0.108738,-0.053130,0.339443,0.978389,-0.005566,-0.104871,-0.178118
13.488766,0.109690,-0.053103,0.339456,0.978392,-0.005552,-0.105112,-0.177960
13.498828,0.111101,-0.053024,0.339415,0.978476,-0.005476,-0.105183,-0.177456
13.508888,0.112053,-0.052999,0.339381,0.978568,-0.005481,-0.105207,-0.176934
13.518945,0.113449,-0.052915,0.339363,0.978668,-0.005698,-0.105401,-0.176256
13.529006,0.114357,-0.052956,0.339358,0.978673,-0.005980,-0.105570,-0.176120
13.539064,0.115674,-0.052806,0.339404,0.978735,-0.006292,-0.106127,-0.175428
13.549125,0.116511,-0.052753,0.339504,0.978680,-0.006864,-0.106822,-0.175291
13.559185,0.117928,-0.052805,0.339436,0.978571,-0.007372,-0.107359,-0.175554
13.569249,0.118803,-0.052654,0.339528,0.978548,-0.007685,-0.108098,-0.175211
13.579311,0.120087,-0.052675,0.339653,0.978344,-0.008526,-0.109149,-0.175663
13.589371,0.120856,-0.052605,0.339687,0.978266,-0.009157,-0.110017,-0.175523
13.599433,0.122122,-0.052493,0.339750,0.978239,-0.010286,-0.111179,-0.174874
13.609493,0.122904,-0.052508,0.339862,0.978157,-0.011172,-0.111995,-0.174760
13.619554,0.124065,-0.052403,0.339957,0.978175,-0.012264,-0.113343,-0.173716
13.629607,0.124788,-0.052305,0.340142,0.978149,-0.013059,-0.114552,-0.173011
13.639637,0.125892,-0.052282,0.339975,0.978104,-0.013883,-0.115571,-0.172523
13.649697,0.126583,-0.052208,0.339903,0.978118,-0.014436,-0.116436,-0.171812
13.659757,0.127498,-0.052026,0.340055,0.978009,-0.015125,-0.118628,-0.170872
13.669818,0.128275,-0.052008,0.339838,0.977944,-0.015373,-0.119365,-0.170707
13.679870,0.129136,-0.052002,0.339545,0.977645,-0.015750,-0.121242,-0.171064
13.689933,0.129767,-0.051982,0.339225,0.977467,-0.016068,-0.122353,-0.171261
13.699986,0.130604,-0.051794,0.338933,0.977223,-0.016515,-0.124214,-0.171270
13.710038,0.131155,-0.051745,0.338619,0.977008,-0.016795,-0.125332,-0.171655
13.720091,0.131936,-0.051814,0.338060,0.976644,-0.017074,-0.126840,-0.172586
13.730142,0.132317,-0.051733,0.337798,0.976439,-0.017262,-0.128160,-0.172754
13.740196,0.132783,-0.051731,0.337358,0.976277,-0.017605,-0.129066,-0.172960
13.750248,0.133470,-0.051698,0.336587,0.976131,-0.017970,-0.130350,-0.172782
13.760300,0.133959,-0.051683,0.336012,0.976062,-0.018131,-0.131092,-0.172597
13.770352,0.134481,-0.051639,0.335201,0.975859,-0.018362,-0.132591,-0.172575
13.780414,0.134830,-0.051567,0.334587,0.975762,-0.018554,-0.133519,-0.172384
13.790474,0.135335,-0.051594,0.333640,0.975648,-0.018891,-0.134801,-0.171997
13.800535,0.135664,-0.051611,0.332892,0.975575,-0.019145,-0.135524,-0.171813
13.810595,0.135992,-0.051559,0.331752,0.975516,-0.019469,-0.136615,-0.171245
13.820658,0.136259,-0.051601,0.330847,0.975498,-0.019514,-0.136990,-0.171048
13.830721,0.136591,-0.051549,0.329633,0.975488,-0.019765,-0.137710,-0.170492
13.840784,0.136706,-0.051533,0.328787,0.975439,-0.020032,-0.138238,-0.170315
13.850846,0.136951,-0.051506,0.327487,0.975400,-0.020121,-0.138987,-0.169920
13.860908,0.137087,-0.051498,0.326473,0.975402,-0.020317,-0.139144,-0.169755
13.870972,0.137401,-0.051617,0.324884,0.975428,-0.020281,-0.138959,-0.169760
13.881034,0.137629,-0.051644,0.323653,0.975509,-0.020369,-0.138559,-0.169612
13.891098,0.137808,-0.051711,0.321991,0.975535,-0.020334,-0.138374,-0.169618
13.901158,0.137944,-0.051753,0.320771,0.975620,-0.020289,-0.137997,-0.169443
13.911220,0.138133,-0.051824,0.318941,0.975698,-0.020182,-0.137440,-0.169460
13.921279,0.138192,-0.051847,0.317732,0.975749,-0.020111,-0.137069,-0.169472
13.931342,0.138318,-0.051904,0.315841,0.975845,-0.019907,-0.136148,-0.169686
13.941397,0.138288,-0.051943,0.314645,0.975897,-0.019888,-0.135767,-0.169697
13.951449,0.138159,-0.051894,0.312744,0.975999,-0.019745,-0.135025,-0.169720
13.961517,0.138083,-0.051926,0.311391,0.976068,-0.019628,-0.134279,-0.169928
13.971578,0.137869,-0.051946,0.309429,0.976219,-0.019515,-0.133146,-0.169962
13.981639,0.137740,-0.051947,0.308052,0.976345,-0.019386,-0.132208,-0.169989
13.991699,0.137268,-0.051909,0.306078,0.976506,-0.019194,-0.131278,-0.169806
14.001758,0.136986,-0.051952,0.304724,0.976630,-0.019161,-0.130321,-0.169833
14.011818,0.136640,-0.051960,0.303417,0.976761,-0.019187,-0.129544,-0.169669
14.021879,0.135863,-0.052090,0.301413,0.976835,-0.019247,-0.128187,-0.170267
14.031942,0.135336,-0.052044,0.300174,0.976876,-0.019257,-0.127607,-0.170469
14.042003,0.134596,-0.051876,0.298246,0.977098,-0.019099,-0.126666,-0.169913
14.052063,0.134061,-0.051678,0.297048,0.977276,-0.019166,-0.126261,-0.169179
14.062124,0.133120,-0.051535,0.295120,0.977418,-0.019151,-0.125676,-0.168798
14.072183,0.132434,-0.051382,0.294009,0.977516,-0.019365,-0.125629,-0.168239
14.082244,0.131290,-0.051259,0.292208,0.977555,-0.019534,-0.125585,-0.168030
14.092303,0.130421,-0.051210,0.291312,0.977457,-0.019727,-0.126118,-0.168176
14.102365,0.129182,-0.051199,0.289637,0.977408,-0.020034,-0.126240,-0.168334
14.112427,0.128231,-0.051097,0.288748,0.977338,-0.020442,-0.126732,-0.168318
14.122489,0.126743,-0.051079,0.287390,0.977153,-0.020924,-0.127396,-0.168831
14.132552,0.125647,-0.051054,0.286635,0.977036,-0.021128,-0.128107,-0.168947
14.142614,0.124075,-0.051020,0.285426,0.977038,-0.021795,-0.128523,-0.168534
14.152667,0.122940,-0.050984,0.284756,0.976977,-0.022478,-0.129138,-0.168326
14.162731,0.121120,-0.050993,0.283715,0.976936,-0.023256,-0.129895,-0.167877
14.172783,0.119967,-0.050942,0.283055,0.977030,-0.023611,-0.130162,-0.167072
14.182830,0.118117,-0.050950,0.282143,0.976981,-0.024383,-0.130714,-0.166814
14.192882,0.116840,-0.050879,0.281737,0.976962,-0.024843,-0.131339,-0.166369
14.202935,0.114972,-0.050897,0.280819,0.976899,-0.025534,-0.131512,-0.166495
14.212987,0.113708,-0.050864,0.280412,0.976866,-0.025906,-0.131764,-0.166434
14.223039,0.111870,-0.050871,0.279579,0.976924,-0.026412,-0.131559,-0.166176
14.233091,0.110639,-0.050844,0.279076,0.977011,-0.026595,-0.131436,-0.165731
14.243143,0.108597,-0.050792,0.278643,0.976940,-0.027389,-0.131919,-0.165633
14.253195,0.107219,-0.050757,0.278381,0.976906,-0.028107,-0.132071,-0.165598
14.263248,0.105096,-0.050692,0.277873,0.976830,-0.028934,-0.132330,-0.165693
14.273300,0.103687,-0.050646,0.277807,0.976745,-0.029557,-0.132672,-0.165812
14.283355,0.102335,-0.050562,0.277824,0.976692,-0.030159,-0.133012,-0.165745
14.293405,0.100228,-0.050517,0.277726,0.976647,-0.031365,-0.133141,-0.165680
14.303458,0.098949,-0.050495,0.277512,0.976704,-0.031914,-0.132882,-0.165447
14.313518,0.096938,-0.050477,0.277398,0.976692,-0.032651,-0.132683,-0.165532
14.323569,0.095577,-0.050477,0.277420,0.976579,-0.033143,-0.132804,-0.166006
14.333616,0.093661,-0.050467,0.277270,0.976597,-0.034139,-0.132513,-0.165931
14.343679,0.092412,-0.050489,0.277199,0.976634,-0.034618,-0.132205,-0.165862
14.353741,0.090575,-0.050490,0.277078,0.976686,-0.035400,-0.131720,-0.165772
14.363803,0.089380,-0.050497,0.276990,0.976732,-0.035685,-0.131422,-0.165679
14.373862,0.087638,-0.050578,0.276908,0.976770,-0.035870,-0.130815,-0.165896
14.383924,0.086528,-0.050639,0.276775,0.976817,-0.035906,-0.130350,-0.165975
14.393984,0.084983,-0.050752,0.276482,0.977029,-0.035902,-0.129155,-0.165664
14.404038,0.083969,-0.050860,0.276272,0.977174,-0.035455,-0.128356,-0.165528
14.414091,0.082541,-0.050984,0.276068,0.977445,-0.034681,-0.127250,-0.164940
14.424143,0.081641,-0.051100,0.275823,0.977605,-0.034256,-0.126259,-0.164843
14.434204,0.080314,-0.051268,0.275677,0.977920,-0.033787,-0.124861,-0.164137
14.444265,0.079476,-0.051430,0.275626,0.978080,-0.033367,-0.123837,-0.164047
14.454330,0.078276,-0.051632,0.275511,0.978364,-0.032757,-0.122116,-0.163762
14.464390,0.077556,-0.051858,0.275459,0.978587,-0.032019,-0.120589,-0.163707
14.474454,0.076461,-0.052115,0.275548,0.978834,-0.031315,-0.118883,-0.163617
14.484518,0.075814,-0.052297,0.275669,0.979033,-0.030831,-0.117685,-0.163385
14.494573,0.074814,-0.052574,0.275903,0.979213,-0.030282,-0.116152,-0.163502
14.504633,0.074214,-0.052787,0.276128,0.979376,-0.029736,-0.114973,-0.163461
14.514696,0.073484,-0.053239,0.276267,0.979630,-0.028687,-0.112821,-0.163625
14.524757,0.072938,-0.053463,0.276635,0.979729,-0.028324,-0.111821,-0.163785
14.534820,0.072203,-0.053766,0.277327,0.979939,-0.027639,-0.110511,-0.163530
14.544844,0.071670,-0.053976,0.277829,0.979949,-0.027273,-0.109736,-0.164055
14.554900,0.071036,-0.054323,0.278505,0.980073,-0.026309,-0.108382,-0.164372
14.564956,0.070679,-0.054561,0.278999,0.980164,-0.025545,-0.107519,-0.164515
14.575010,0.070295,-0.054772,0.279581,0.980254,-0.024771,-0.106658,-0.164660
14.585062,0.069639,-0.054998,0.280679,0.980237,-0.023669,-0.106117,-0.165269
14.595115,0.069282,-0.055204,0.281400,0.980174,-0.022655,-0.105585,-0.166127
14.605166,0.068694,-0.055411,0.282567,0.979960,-0.021176,-0.105131,-0.167861
14.615226,0.068322,-0.055463,0.283477,0.979798,-0.020323,-0.105195,-0.168867
14.625289,0.067879,-0.055630,0.284889,0.979542,-0.019139,-0.104971,-0.170624
14.635348,0.067619,-0.055815,0.285623,0.979348,-0.018289,-0.104561,-0.172077
14.645409,0.067232,-0.055796,0.287262,0.979175,-0.017825,-0.104909,-0.172893
14.655469,0.067031,-0.055777,0.288414,0.979040,-0.017271,-0.105180,-0.173548
14.665521,0.066812,-0.055786,0.290138,0.978871,-0.016737,-0.105449,-0.174388
14.675576,0.066698,-0.055808,0.291209,0.978762,-0.016537,-0.105659,-0.174896
14.685627,0.066460,-0.055760,0.293089,0.978550,-0.016567,-0.106194,-0.175750
14.695680,0.066411,-0.055756,0.294391,0.978487,-0.016626,-0.106529,-0.175891
14.705733,0.066396,-0.055728,0.296300,0.978368,-0.016709,-0.107094,-0.176201
14.715788,0.066416,-0.055665,0.297566,0.978384,-0.016764,-0.107277,-0.176000
14.725833,0.066458,-0.055530,0.299692,0.978416,-0.017116,-0.107923,-0.175388
14.735885,0.066553,-0.055474,0.301002,0.978410,-0.017208,-0.108313,-0.175172
14.745939,0.066776,-0.055327,0.302978,0.978535,-0.017179,-0.108744,-0.174207
14.755991,0.066969,-0.055207,0.304385,0.978588,-0.017338,-0.109163,-0.173635
14.766043,0.067134,-0.055327,0.306347,0.978062,-0.016983,-0.109814,-0.176204
14.776096,0.067315,-0.055252,0.307757,0.977936,-0.017051,-0.110353,-0.176558
14.786148,0.067671,-0.055247,0.309760,0.977584,-0.016820,-0.111168,-0.178014
14.796201,0.068006,-0.055230,0.311154,0.977432,-0.016638,-0.111655,-0.178561
14.806254,0.068501,-0.055252,0.313077,0.977066,-0.016464,-0.112512,-0.180034
14.816307,0.068909,-0.055230,0.314381,0.976908,-0.016195,-0.113047,-0.180579
14.826363,0.069299,-0.055199,0.315587,0.976713,-0.015905,-0.113604,-0.181308
14.836412,0.070003,-0.055124,0.317480,0.976456,-0.015381,-0.114405,-0.182231
14.846476,0.070534,-0.055101,0.318754,0.976308,-0.014876,-0.114849,-0.182785
14.856539,0.071387,-0.055018,0.320395,0.976151,-0.014236,-0.115311,-0.183384
14.866603,0.071917,-0.054885,0.321691,0.976050,-0.014152,-0.115838,-0.183598
14.876668,0.072885,-0.054800,0.323297,0.975947,-0.013155,-0.116177,-0.184002
14.886730,0.073538,-0.054678,0.324343,0.975918,-0.012617,-0.116428,-0.184034
14.896793,0.074599,-0.054572,0.325820,0.975827,-0.011814,-0.116551,-0.184495
14.906855,0.075305,-0.054520,0.326832,0.975784,-0.011018,-0.116649,-0.184706
14.916921,0.076433,-0.054412,0.328175,0.975790,-0.009979,-0.116565,-0.184789
14.926986,0.077214,-0.054350,0.329057,0.975800,-0.009260,-0.116441,-0.184850
14.937039,0.078386,-0.054192,0.330390,0.975843,-0.008213,-0.116320,-0.184749
14.947091,0.079248,-0.054098,0.331141,0.975982,-0.007618,-0.115929,-0.184289
14.957144,0.080475,-0.054021,0.332251,0.976009,-0.006936,-0.115510,-0.184433
14.967196,0.081357,-0.053901,0.332995,0.976186,-0.006377,-0.115074,-0.183787
14.977247,0.082697,-0.053843,0.333809,0.976346,-0.005320,-0.114104,-0.183575
14.987299,0.083612,-0.053738,0.334494,0.976432,-0.005012,-0.113815,-0.183309
14.997351,0.084966,-0.053688,0.335316,0.976504,-0.004437,-0.113284,-0.183268
15.007407,0.085847,-0.053551,0.335935,0.976611,-0.004465,-0.113075,-0.182827
15.017461,0.087402,-0.053583,0.336376,0.976775,-0.004071,-0.111906,-0.182678
15.027525,0.088322,-0.053524,0.336808,0.976850,-0.004174,-0.111660,-0.182423
15.037585,0.089759,-0.053451,0.337499,0.976964,-0.004426,-0.111263,-0.182051
15.047643,0.090733,-0.053407,0.337763,0.977040,-0.004559,-0.110633,-0.182024
15.057703,0.092130,-0.053309,0.338385,0.977103,-0.004917,-0.110388,-0.181827
15.067756,0.093171,-0.053293,0.338642,0.977255,-0.004954,-0.109730,-0.181406
15.077809,0.094733,-0.053317,0.338877,0.977412,-0.005215,-0.108891,-0.181054
15.087830,0.095673,-0.053256,0.339266,0.977458,-0.005557,-0.108927,-0.180778
15.097883,0.096619,-0.053187,0.339435,0.977522,-0.005646,-0.108818,-0.180491
15.107934,0.098137,-0.053160,0.339630,0.977649,-0.005724,-0.108365,-0.180075
15.117988,0.099131,-0.053169,0.339755,0.977735,-0.005831,-0.108040,-0.179798
15.128041,0.100672,-0.053162,0.339845,0.977828,-0.005940,-0.107571,-0.179568
15.138096,0.101629,-0.053124,0.339906,0.977898,-0.005929,-0.107451,-0.179261
15.148148,0.103083,-0.053077,0.340017,0.978084,-0.005868,-0.107156,-0.178423
15.158203,0.104098,-0.053086,0.340068,0.978155,-0.005899,-0.107017,-0.178116
15.168255,0.105451,-0.053030,0.340240,0.978166,-0.005737,-0.107142,-0.177984
15.178308,0.106408,-0.053046,0.340193,0.978169,-0.005772,-0.107007,-0.178050
15.188362,0.107763,-0.052959,0.340136,0.978200,-0.005553,-0.106942,-0.177927
15.198414,0.108694,-0.053033,0.340043,0.978190,-0.005407,-0.106640,-0.178168
15.208472,0.110026,-0.052948,0.340009,0.978343,-0.005585,-0.106649,-0.177313
15.218527,0.110967,-0.052969,0.339943,0.978454,-0.005570,-0.106482,-0.176800
15.228579,0.112256,-0.052974,0.339861,0.978595,-0.005607,-0.106316,-0.176120
15.238633,0.113079,-0.052837,0.339866,0.978804,-0.005735,-0.106483,-0.174844
15.248694,0.114328,-0.052916,0.339774,0.978843,-0.005794,-0.106322,-0.174724
15.258758,0.115129,-0.052816,0.339773,0.978983,-0.006108,-0.106465,-0.173842
15.268823,0.116269,-0.052696,0.339788,0.979098,-0.006502,-0.106801,-0.172972
15.278881,0.117149,-0.052811,0.339735,0.979053,-0.006955,-0.106752,-0.173239
15.288949,0.118150,-0.052726,0.339892,0.978989,-0.007746,-0.107794,-0.172921
15.299013,0.118927,-0.052628,0.339952,0.978952,-0.008072,-0.108340,-0.172772
15.309072,0.120076,-0.052707,0.339888,0.978706,-0.008795,-0.108849,-0.173806
15.319126,0.120640,-0.052666,0.340027,0.978528,-0.009453,-0.109724,-0.174226
15.329178,0.121570,-0.052528,0.340175,0.978422,-0.010378,-0.110741,-0.174122
15.339239,0.122281,-0.052561,0.340223,0.978381,-0.011220,-0.111180,-0.174020
15.349300,0.123137,-0.052561,0.340400,0.978256,-0.012154,-0.112376,-0.173893
15.359360,0.123633,-0.052463,0.340538,0.978277,-0.012766,-0.113227,-0.173179
15.369422,0.124189,-0.052435,0.340630,0.978315,-0.013561,-0.113853,-0.172494
15.379484,0.125004,-0.052320,0.340807,0.978318,-0.014334,-0.115065,-0.171604
15.389545,0.125567,-0.052356,0.340766,0.978310,-0.014894,-0.115546,-0.171278
15.399607,0.126184,-0.052223,0.340775,0.978382,-0.015415,-0.116792,-0.169974
15.409667,0.126664,-0.052144,0.340905,0.978429,-0.015892,-0.117665,-0.169056
15.419722,0.127265,-0.052018,0.340947,0.978406,-0.016406,-0.119112,-0.168120
15.429785,0.127787,-0.051914,0.340945,0.978438,-0.016768,-0.119819,-0.167395
15.439845,0.128404,-0.051820,0.340854,0.978336,-0.017164,-0.121105,-0.167027
15.449907,0.128735,-0.051804,0.340810,0.978250,-0.017445,-0.122020,-0.166834
15.459967,0.129196,-0.051708,0.340677,0.978057,-0.017873,-0.123496,-0.166834
15.470028,0.129581,-0.051607,0.340537,0.977997,-0.018264,-0.124394,-0.166479
15.480082,0.130198,-0.051590,0.340274,0.977809,-0.018325,-0.125362,-0.166847
15.490132,0.130520,-0.051537,0.339977,0.977698,-0.018607,-0.125900,-0.167064
15.500183,0.130911,-0.051464,0.339719,0.977331,-0.018644,-0.127264,-0.168166
15.510237,0.131194,-0.051423,0.339550,0.977100,-0.018700,-0.128039,-0.168912
15.520290,0.131575,-0.051517,0.339052,0.976725,-0.018828,-0.128619,-0.170620
15.530354,0.131909,-0.051542,0.338550,0.976592,-0.018586,-0.128675,-0.171364
15.540417,0.132190,-0.051488,0.338357,0.976338,-0.018919,-0.129780,-0.171937
15.550475,0.132386,-0.051546,0.338030,0.976190,-0.018872,-0.130179,-0.172484
15.560539,0.132837,-0.051606,0.337231,0.976085,-0.018838,-0.130195,-0.173067
15.570592,0.133134,-0.051625,0.336856,0.976060,-0.018776,-0.130400,-0.173061
15.580644,0.133598,-0.051610,0.336436,0.975981,-0.018876,-0.130963,-0.173069
15.590695,0.133870,-0.051628,0.335810,0.975972,-0.018716,-0.130803,-0.173261
15.600747,0.134162,-0.051525,0.335232,0.975960,-0.018863,-0.131353,-0.172896
15.610797,0.134349,-0.051548,0.334938,0.975882,-0.019108,-0.131886,-0.172904
15.620832,0.134637,-0.051542,0.334192,0.975923,-0.019094,-0.132079,-0.172526
15.630881,0.134790,-0.051513,0.333778,0.976005,-0.019216,-0.132435,-0.171770
15.640945,0.134921,-0.051495,0.333458,0.976018,-0.019475,-0.132771,-0.171412
15.651008,0.135280,-0.051564,0.332592,0.976129,-0.019588,-0.132365,-0.171076
15.661069,0.135435,-0.051574,0.332105,0.976129,-0.019538,-0.132375,-0.171076
15.671133,0.135773,-0.051654,0.331273,0.976150,-0.019638,-0.132166,-0.171107
15.681197,0.135882,-0.051706,0.330917,0.976092,-0.019649,-0.132358,-0.171287
15.691261,0.136146,-0.051817,0.330024,0.976134,-0.019516,-0.131807,-0.171490
15.701321,0.136385,-0.051908,0.329321,0.976208,-0.019407,-0.131251,-0.171507
15.711383,0.136643,-0.052007,0.328486,0.976307,-0.019262,-0.130508,-0.171529
15.721448,0.136809,-0.052012,0.327926,0.976385,-0.019351,-0.130108,-0.171378
15.731522,0.137056,-0.052046,0.327198,0.976442,-0.019291,-0.129926,-0.171197
15.741579,0.137327,-0.052150,0.326671,0.976515,-0.019182,-0.129369,-0.171214
15.751644,0.137690,-0.052229,0.325655,0.976693,-0.018941,-0.128259,-0.171060
15.761705,0.137930,-0.052270,0.325009,0.976789,-0.018749,-0.127526,-0.171081
15.771768,0.138173,-0.052302,0.324303,0.976890,-0.018803,-0.126940,-0.170935
15.781820,0.138319,-0.052358,0.323704,0.976962,-0.018695,-0.126383,-0.170951
15.791881,0.138606,-0.052347,0.322830,0.977145,-0.018467,-0.125461,-0.170604
15.801933,0.138749,-0.052341,0.322363,0.977225,-0.018372,-0.125093,-0.170428
15.811993,0.138948,-0.052356,0.321500,0.977375,-0.018169,-0.124167,-0.170268
15.822059,0.139097,-0.052412,0.320865,0.977468,-0.018025,-0.123424,-0.170288
15.832116,0.139193,-0.052388,0.320219,0.977547,-0.017930,-0.123056,-0.170112
15.842179,0.139278,-0.052359,0.319669,0.977625,-0.017835,-0.122688,-0.169936
15.852240,0.139408,-0.052287,0.318950,0.977782,-0.017645,-0.121951,-0.169583
15.862300,0.139474,-0.052251,0.318531,0.977837,-0.017587,-0.121768,-0.169402
15.872364,0.139582,-0.052231,0.317813,0.977958,-0.017607,-0.120996,-0.169259
15.882424,0.139637,-0.052191,0.317489,0.978016,-0.017362,-0.120845,-0.169054
15.892486,0.139669,-0.052101,0.316892,0.978038,-0.017235,-0.120677,-0.169059
15.902546,0.139729,-0.052021,0.316605,0.978035,-0.017330,-0.120662,-0.169082
15.912631,0.139842,-0.051900,0.316053,0.978112,-0.017146,-0.120310,-0.168905
15.922693,0.139878,-0.051853,0.315862,0.978147,-0.016936,-0.120346,-0.168696
15.932754,0.139898,-0.051851,0.315670,0.978176,-0.017145,-0.120308,-0.168532
15.942815,0.139973,-0.051799,0.315215,0.978318,-0.017097,-0.119929,-0.167983
15.952875,0.139987,-0.051814,0.315023,0.978286,-0.017075,-0.119934,-0.168169
15.962929,0.140016,-0.051834,0.314640,0.978254,-0.017052,-0.119940,-0.168356
15.972987,0.140034,-0.051832,0.314448,0.978286,-0.017075,-0.119934,-0.168169
15.983050,0.140056,-0.051849,0.314220,0.978276,-0.017017,-0.119754,-0.168361
15.993112,0.140063,-0.051852,0.314124,0.978276,-0.017017,-0.119754,-0.168361
