t,px,py,pz,qw,qx,qy,qz
0.000000,0.140595,-0.051173,0.311204,0.976383,-0.022666,-0.128543,-0.172163
0.010058,0.140595,-0.051173,0.311204,0.976383,-0.022666,-0.128543,-0.172163
0.020110,0.140595,-0.051173,0.311204,0.976383,-0.022666,-0.128543,-0.172163
0.030165,0.140595,-0.051173,0.311204,0.976383,-0.022666,-0.128543,-0.172163
0.040217,0.140595,-0.051173,0.311204,0.976383,-0.022666,-0.128543,-0.172163
0.050270,0.140595,-0.051173,0.311204,0.976383,-0.022666,-0.128543,-0.172163
0.060323,0.140595,-0.051173,0.311204,0.976383,-0.022666,-0.128543,-0.172163
0.070374,0.140595,-0.051173,0.311204,0.976383,-0.022666,-0.128543,-0.172163
0.080426,0.140595,-0.051173,0.311204,0.976383,-0.022666,-0.128543,-0.172163
0.090478,0.140595,-0.051173,0.311204,0.976383,-0.022666,-0.128543,-0.172163
0.100530,0.140595,-0.051173,0.311204,0.976383,-0.022666,-0.128543,-0.172163
0.110583,0.140595,-0.051173,0.311204,0.976383,-0.022666,-0.128543,-0.172163
0.120636,0.140595,-0.051173,0.311204,0.976383,-0.022666,-0.128543,-0.172163
0.130693,0.140595,-0.051173,0.311204,0.976383,-0.022666,-0.128543,-0.172163
0.140756,0.140595,-0.051173,0.311204,0.976383,-0.022666,-0.128543,-0.172163
0.150820,0.140595,-0.051173,0.311204,0.976383,-0.022666,-0.128543,-0.172163
0.160883,0.140595,-0.051173,0.311204,0.976383,-0.022666,-0.128543,-0.172163
0.170936,0.140595,-0.051173,0.311204,0.976383,-0.022666,-0.128543,-0.172163
0.180988,0.140595,-0.051173,0.311204,0.976383,-0.022666,-0.128543,-0.172163
0.191040,0.140595,-0.051173,0.311204,0.976383,-0.022666,-0.128543,-0.172163
0.201094,0.140595,-0.051173,0.311204,0.976383,-0.022666,-0.128543,-0.172163
0.211145,0.140595,-0.051173,0.311204,0.976383,-0.022666,-0.128543,-0.172163
0.221199,0.140595,-0.051173,0.311204,0.976383,-0.022666,-0.128543,-0.172163
0.231251,0.140595,-0.051173,0.311204,0.976383,-0.022666,-0.128543,-0.172163
0.241303,0.140595,-0.051173,0.311204,0.976383,-0.022666,-0.128543,-0.172163
0.251355,0.140595,-0.051173,0.311204,0.976383,-0.022666,-0.128543,-0.172163
0.261421,0.140595,-0.051173,0.311204,0.976383,-0.022666,-0.128543,-0.172163
0.271484,0.140595,-0.051173,0.311204,0.976383,-0.022666,-0.128543,-0.172163
0.281549,0.140595,-0.051173,0.311210,0.976383,-0.022666,-0.128543,-0.172163
0.291602,0.140595,-0.051173,0.311222,0.976383,-0.022666,-0.128543,-0.172163
0.301711,0.140595,-0.051173,0.311234,0.976383,-0.022666,-0.128543,-0.172163
0.311765,0.140595,-0.051173,0.311248,0.976383,-0.022666,-0.128543,-0.172163
0.321819,0.140595,-0.051173,0.311262,0.976383,-0.022666,-0.128543,-0.172163
0.331836,0.140595,-0.051173,0.311277,0.976383,-0.022666,-0.128543,-0.172163
0.341901,0.140595,-0.051173,0.311293,0.976383,-0.022666,-0.128543,-0.172163
0.351965,0.140595,-0.051173,0.311311,0.976383,-0.022666,-0.128543,-0.172163
0.362030,0.140595,-0.051173,0.311329,0.976383,-0.022666,-0.128543,-0.172163
0.372092,0.140595,-0.051173,0.311348,0.976383,-0.022666,-0.128543,-0.172163
0.382148,0.140595,-0.051173,0.311369,0.976383,-0.022666,-0.128543,-0.172163
0.392203,0.140595,-0.051173,0.311389,0.976383,-0.022666,-0.128543,-0.172163
0.402256,0.140595,-0.051173,0.311412,0.976383,-0.022666,-0.128543,-0.172163
0.412309,0.140595,-0.051173,0.311435,0.976383,-0.022666,-0.128543,-0.172163
0.422362,0.140594,-0.051173,0.311460,0.976383,-0.022666,-0.128543,-0.172163
0.432425,0.140594,-0.051173,0.311486,0.976383,-0.022666,-0.128543,-0.172163
0.442487,0.140594,-0.051173,0.311513,0.976383,-0.022666,-0.128543,-0.172163
0.452542,0.140594,-0.051173,0.311541,0.976383,-0.022666,-0.128543,-0.172163
0.462602,0.140593,-0.051173,0.311571,0.976383,-0.022666,-0.128543,-0.172163
0.472665,0.140593,-0.051173,0.311602,0.976383,-0.022666,-0.128543,-0.172163
0.482727,0.140593,-0.051173,0.311634,0.976383,-0.022666,-0.128543,-0.172163
0.492787,0.140592,-0.051173,0.311668,0.976383,-0.022666,-0.128543,-0.172163
0.502842,0.140592,-0.051173,0.311702,0.976383,-0.022666,-0.128543,-0.172163
0.512895,0.140592,-0.051173,0.311739,0.976383,-0.022666,-0.128543,-0.172163
0.522958,0.140591,-0.051173,0.311776,0.976383,-0.022666,-0.128543,-0.172163
0.533152,0.140590,-0.051173,0.311815,0.976383,-0.022666,-0.128543,-0.172163
0.543215,0.140590,-0.051173,0.311856,0.976383,-0.022666,-0.128543,-0.172163
0.553336,0.140589,-0.051173,0.311898,0.976383,-0.022666,-0.128543,-0.172163
0.563391,0.140588,-0.051173,0.311941,0.976383,-0.022666,-0.128543,-0.172163
0.573455,0.140587,-0.051173,0.311986,0.976383,-0.022666,-0.128543,-0.172163
0.583507,0.140587,-0.051173,0.312034,0.976383,-0.022666,-0.128543,-0.172163
0.593565,0.140586,-0.051173,0.312081,0.976383,-0.022666,-0.128543,-0.172163
0.603620,0.140584,-0.051173,0.312131,0.976383,-0.022666,-0.128543,-0.172163
0.613679,0.140583,-0.051173,0.312183,0.976383,-0.022666,-0.128543,-0.172163
0.623744,0.140582,-0.051173,0.312237,0.976383,-0.022666,-0.128543,-0.172163
0.633809,0.140580,-0.051173,0.312291,0.976383,-0.022666,-0.128543,-0.172163
0.643873,0.140579,-0.051173,0.312347,0.976383,-0.022666,-0.128543,-0.172163
0.653938,0.140577,-0.051173,0.312406,0.976383,-0.022666,-0.128543,-0.172163
0.664001,0.140575,-0.051173,0.312466,0.976383,-0.022666,-0.128543,-0.172163
0.674064,0.140573,-0.051173,0.312528,0.976383,-0.022666,-0.128543,-0.172163
0.684128,0.140571,-0.051173,0.312591,0.976383,-0.022666,-0.128543,-0.172163
0.694193,0.140569,-0.051173,0.312656,0.976383,-0.022666,-0.128543,-0.172163
0.704262,0.140566,-0.051173,0.312724,0.976383,-0.022666,-0.128543,-0.172163
0.714326,0.140564,-0.051173,0.312793,0.976383,-0.022666,-0.128543,-0.172163
0.724390,0.140561,-0.051173,0.312864,0.976383,-0.022666,-0.128543,-0.172163
0.734455,0.140558,-0.051173,0.312938,0.976383,-0.022666,-0.128543,-0.172163
0.744518,0.140554,-0.051173,0.313012,0.976383,-0.022666,-0.128543,-0.172163
0.754579,0.140551,-0.051173,0.313089,0.976383,-0.022666,-0.128543,-0.172163
0.764633,0.140547,-0.051173,0.313168,0.976383,-0.022666,-0.128543,-0.172163
0.774687,0.140543,-0.051173,0.313248,0.976383,-0.022666,-0.128543,-0.172163
0.784749,0.140539,-0.051173,0.313331,0.976383,-0.022666,-0.128543,-0.172163
0.794813,0.140534,-0.051173,0.313416,0.976383,-0.022666,-0.128543,-0.172163
0.804878,0.140529,-0.051173,0.313503,0.976383,-0.022666,-0.128543,-0.172163
0.814941,0.140524,-0.051173,0.313592,0.976383,-0.022666,-0.128543,-0.172163
0.825000,0.140512,-0.051173,0.313776,0.976383,-0.022666,-0.128543,-0.172163
0.835061,0.140506,-0.051173,0.313871,0.976383,-0.022666,-0.128543,-0.172163
0.845122,0.140499,-0.051173,0.313969,0.976383,-0.022666,-0.128543,-0.172163
0.855185,0.140492,-0.051173,0.314068,0.976383,-0.022666,-0.128543,-0.172163
0.865245,0.140485,-0.051173,0.314169,0.976383,-0.022666,-0.128543,-0.172163
0.875307,0.140477,-0.051173,0.314273,0.976383,-0.022666,-0.128543,-0.172163
0.885371,0.140469,-0.051173,0.314380,0.976383,-0.022666,-0.128543,-0.172163
0.895430,0.140460,-0.051173,0.314487,0.976383,-0.022666,-0.128543,-0.172163
0.905492,0.140451,-0.051173,0.314599,0.976383,-0.022666,-0.128543,-0.172163
0.915556,0.140441,-0.051173,0.314711,0.976383,-0.022666,-0.128543,-0.172163
0.925618,0.140431,-0.051173,0.314826,0.976383,-0.022666,-0.128543,-0.172163
0.935681,0.140420,-0.051173,0.314944,0.976383,-0.022666,-0.128543,-0.172163
0.945740,0.140408,-0.051173,0.315063,0.976383,-0.022666,-0.128543,-0.172163
0.955804,0.140396,-0.051173,0.315185,0.976383,-0.022666,-0.128543,-0.172163
0.965867,0.140384,-0.051173,0.315309,0.976383,-0.022666,-0.128543,-0.172163
0.975932,0.140371,-0.051173,0.315436,0.976383,-0.022666,-0.128543,-0.172163
0.985994,0.140357,-0.051173,0.315564,0.976383,-0.022666,-0.128543,-0.172163
0.996056,0.140342,-0.051173,0.315695,0.976383,-0.022666,-0.128543,-0.172163
1.006119,0.140327,-0.051173,0.315829,0.976383,-0.022666,-0.128543,-0.172163
1.016185,0.140311,-0.051173,0.315965,0.976383,-0.022666,-0.128543,-0.172163
1.026250,0.140294,-0.051173,0.316103,0.976383,-0.022666,-0.128543,-0.172163
1.036311,0.140276,-0.051173,0.316244,0.976383,-0.022666,-0.128543,-0.172163
1.046374,0.140258,-0.051173,0.316387,0.976383,-0.022666,-0.128543,-0.172163
1.056438,0.140238,-0.051173,0.316532,0.976383,-0.022666,-0.128543,-0.172163
1.066499,0.140218,-0.051173,0.316680,0.976383,-0.022666,-0.128543,-0.172163
1.076562,0.140197,-0.051173,0.316831,0.976383,-0.022666,-0.128543,-0.172163
1.086625,0.140175,-0.051173,0.316984,0.976383,-0.022666,-0.128543,-0.172163
1.096687,0.140152,-0.051173,0.317139,0.976383,-0.022666,-0.128543,-0.172163
1.106749,0.140128,-0.051173,0.317297,0.976383,-0.022666,-0.128543,-0.172163
1.116810,0.140103,-0.051173,0.317457,0.976383,-0.022666,-0.128543,-0.172163
1.126873,0.140077,-0.051173,0.317620,0.976383,-0.022666,-0.128543,-0.172163
1.136936,0.140050,-0.051173,0.317785,0.976383,-0.022666,-0.128543,-0.172163
1.146989,0.140022,-0.051173,0.317952,0.976383,-0.022666,-0.128543,-0.172163
1.157042,0.139992,-0.051173,0.318122,0.976383,-0.022666,-0.128543,-0.172163
1.167102,0.139961,-0.051173,0.318295,0.976383,-0.022666,-0.128543,-0.172163
1.177163,0.139929,-0.051173,0.318470,0.976383,-0.022666,-0.128543,-0.172163
1.187224,0.139896,-0.051173,0.318647,0.976383,-0.022666,-0.128543,-0.172163
1.197284,0.139862,-0.051173,0.318827,0.976383,-0.022666,-0.128543,-0.172163
1.207347,0.139826,-0.051173,0.319010,0.976383,-0.022666,-0.128543,-0.172163
1.217409,0.139789,-0.051173,0.319195,0.976383,-0.022666,-0.128543,-0.172163
1.227469,0.139750,-0.051173,0.319382,0.976383,-0.022666,-0.128543,-0.172163
1.237531,0.139710,-0.051173,0.319571,0.976383,-0.022666,-0.128543,-0.172163
1.247592,0.139668,-0.051173,0.319764,0.976383,-0.022666,-0.128543,-0.172163
1.257652,0.139625,-0.051173,0.319958,0.976383,-0.022666,-0.128543,-0.172163
1.267712,0.139580,-0.051173,0.320155,0.976383,-0.022666,-0.128543,-0.172163
1.277775,0.139534,-0.051173,0.320355,0.976383,-0.022666,-0.128543,-0.172163
1.287836,0.139486,-0.051173,0.320557,0.976383,-0.022666,-0.128543,-0.172163
1.297899,0.139436,-0.051173,0.320761,0.976383,-0.022666,-0.128543,-0.172163
1.307954,0.139385,-0.051173,0.320968,0.976383,-0.022666,-0.128543,-0.172163
1.318017,0.139331,-0.051173,0.321178,0.976383,-0.022666,-0.128543,-0.172163
1.328077,0.139276,-0.051173,0.321390,0.976383,-0.022666,-0.128543,-0.172163
1.338142,0.139220,-0.051173,0.321603,0.976383,-0.022666,-0.128543,-0.172163
1.348209,0.139160,-0.051173,0.321820,0.976383,-0.022666,-0.128543,-0.172163
1.358270,0.139100,-0.051173,0.322038,0.976383,-0.022666,-0.128543,-0.172163
1.368332,0.139037,-0.051173,0.322259,0.976383,-0.022666,-0.128543,-0.172163
1.378397,0.138972,-0.051173,0.322483,0.976383,-0.022666,-0.128543,-0.172163
1.388450,0.138905,-0.051173,0.322709,0.976383,-0.022666,-0.128543,-0.172163
1.398512,0.138835,-0.051173,0.322937,0.976383,-0.022666,-0.128543,-0.172163
1.408565,0.138764,-0.051173,0.323166,0.976383,-0.022666,-0.128543,-0.172163
1.418626,0.138691,-0.051173,0.323399,0.976383,-0.022666,-0.128543,-0.172163
1.428694,0.138615,-0.051173,0.323634,0.976383,-0.022666,-0.128543,-0.172163
1.438748,0.138536,-0.051173,0.323871,0.976383,-0.022666,-0.128543,-0.172163
1.448811,0.138455,-0.051173,0.324110,0.976383,-0.022666,-0.128543,-0.172163
1.458847,0.138373,-0.051173,0.324351,0.976383,-0.022666,-0.128543,-0.172163
1.468903,0.138287,-0.051173,0.324594,0.976383,-0.022666,-0.128543,-0.172163
1.478963,0.138199,-0.051173,0.324840,0.976383,-0.022666,-0.128543,-0.172163
1.489026,0.138108,-0.051173,0.325088,0.976383,-0.022666,-0.128543,-0.172163
1.499088,0.138015,-0.051173,0.325338,0.976383,-0.022666,-0.128543,-0.172163
1.509141,0.137919,-0.051173,0.325589,0.976383,-0.022666,-0.128543,-0.172163
1.519202,0.137820,-0.051173,0.325842,0.976383,-0.022666,-0.128543,-0.172163
1.529262,0.137718,-0.051173,0.326098,0.976383,-0.022666,-0.128543,-0.172163
1.539326,0.137614,-0.051173,0.326356,0.976383,-0.022666,-0.128543,-0.172163
1.549387,0.137507,-0.051173,0.326615,0.976383,-0.022666,-0.128543,-0.172163
1.559452,0.137397,-0.051173,0.326876,0.976383,-0.022666,-0.128543,-0.172163
1.569514,0.137283,-0.051173,0.327139,0.976383,-0.022666,-0.128543,-0.172163
1.579575,0.137167,-0.051173,0.327405,0.976383,-0.022666,-0.128543,-0.172163
1.589628,0.137048,-0.051173,0.327671,0.976383,-0.022666,-0.128543,-0.172163
1.599677,0.136926,-0.051173,0.327939,0.976383,-0.022666,-0.128543,-0.172163
1.609741,0.136800,-0.051173,0.328209,0.976383,-0.022666,-0.128543,-0.172163
1.619806,0.136671,-0.051173,0.328480,0.976383,-0.022666,-0.128543,-0.172163
1.629866,0.136539,-0.051173,0.328753,0.976383,-0.022666,-0.128543,-0.172163
1.639919,0.136404,-0.051173,0.329028,0.976383,-0.022666,-0.128543,-0.172163
1.649983,0.136265,-0.051173,0.329304,0.976383,-0.022666,-0.128543,-0.172163
1.660045,0.136123,-0.051173,0.329581,0.976383,-0.022666,-0.128543,-0.172163
1.670107,0.135977,-0.051173,0.329860,0.976383,-0.022666,-0.128543,-0.172163
1.680167,0.135828,-0.051173,0.330141,0.976383,-0.022666,-0.128543,-0.172163
1.690217,0.135676,-0.051173,0.330422,0.976383,-0.022666,-0.128543,-0.172163
1.700277,0.135519,-0.051173,0.330705,0.976383,-0.022666,-0.128543,-0.172163
1.710340,0.135359,-0.051173,0.330989,0.976383,-0.022666,-0.128543,-0.172163
1.720403,0.135196,-0.051173,0.331273,0.976383,-0.022666,-0.128543,-0.172163
1.730463,0.135028,-0.051173,0.331559,0.976383,-0.022666,-0.128543,-0.172163
1.740513,0.134857,-0.051173,0.331845,0.976383,-0.022666,-0.128543,-0.172163
1.750573,0.134682,-0.051173,0.332133,0.976383,-0.022666,-0.128543,-0.172163
1.760636,0.134503,-0.051173,0.332422,0.976383,-0.022666,-0.128543,-0.172163
1.770701,0.134320,-0.051173,0.332711,0.976383,-0.022666,-0.128543,-0.172163
1.780762,0.134133,-0.051173,0.333002,0.976383,-0.022666,-0.128543,-0.172163
1.790818,0.133942,-0.051173,0.333293,0.976383,-0.022666,-0.128543,-0.172163
1.800881,0.133748,-0.051173,0.333584,0.976383,-0.022666,-0.128543,-0.172163
1.810940,0.133549,-0.051173,0.333876,0.976383,-0.022666,-0.128543,-0.172163
1.821003,0.133346,-0.051173,0.334168,0.976383,-0.022666,-0.128543,-0.172163
1.831067,0.133139,-0.051173,0.334461,0.976383,-0.022666,-0.128543,-0.172163
1.841131,0.132927,-0.051173,0.334754,0.976383,-0.022666,-0.128543,-0.172163
1.851194,0.132712,-0.051173,0.335047,0.976383,-0.022666,-0.128543,-0.172163
1.861256,0.132492,-0.051173,0.335340,0.976383,-0.022666,-0.128543,-0.172163
1.871315,0.132268,-0.051173,0.335633,0.976383,-0.022666,-0.128543,-0.172163
1.881376,0.132039,-0.051173,0.335927,0.976383,-0.022666,-0.128543,-0.172163
1.891436,0.131807,-0.051173,0.336220,0.976383,-0.022666,-0.128543,-0.172163
1.901497,0.131569,-0.051173,0.336513,0.976383,-0.022666,-0.128543,-0.172163
1.911562,0.131328,-0.051173,0.336806,0.976383,-0.022666,-0.128543,-0.172163
1.921622,0.131081,-0.051173,0.337099,0.976383,-0.022666,-0.128543,-0.172163
1.931684,0.130830,-0.051173,0.337391,0.976383,-0.022666,-0.128543,-0.172163
1.941749,0.130576,-0.051173,0.337683,0.976383,-0.022666,-0.128543,-0.172163
1.951813,0.130316,-0.051173,0.337974,0.976383,-0.022666,-0.128543,-0.172163
1.961845,0.130052,-0.051173,0.338264,0.976383,-0.022666,-0.128543,-0.172163
1.971900,0.129783,-0.051173,0.338554,0.976383,-0.022666,-0.128543,-0.172163
1.981952,0.129510,-0.051173,0.338842,0.976383,-0.022666,-0.128543,-0.172163
1.992032,0.129232,-0.051173,0.339131,0.976383,-0.022666,-0.128543,-0.172163
2.002084,0.128949,-0.051173,0.339417,0.976383,-0.022666,-0.128543,-0.172163
2.012136,0.128662,-0.051173,0.339703,0.976383,-0.022666,-0.128543,-0.172163
2.022189,0.128370,-0.051173,0.339987,0.976383,-0.022666,-0.128543,-0.172163
2.032241,0.128074,-0.051173,0.340270,0.976383,-0.022666,-0.128543,-0.172163
2.042294,0.127773,-0.051173,0.340552,0.976383,-0.022666,-0.128543,-0.172163
2.052346,0.127468,-0.051173,0.340832,0.976383,-0.022666,-0.128543,-0.172163
2.062399,0.127157,-0.051173,0.341111,0.976383,-0.022666,-0.128543,-0.172163
2.072450,0.126842,-0.051173,0.341388,0.976383,-0.022666,-0.128543,-0.172163
2.082499,0.126522,-0.051173,0.341663,0.976383,-0.022666,-0.128543,-0.172163
2.092551,0.126197,-0.051173,0.341936,0.976383,-0.022666,-0.128543,-0.172163
2.102603,0.125868,-0.051173,0.342208,0.976383,-0.022666,-0.128543,-0.172163
2.112655,0.125534,-0.051173,0.342477,0.976383,-0.022666,-0.128543,-0.172163
2.122706,0.125195,-0.051173,0.342744,0.976383,-0.022666,-0.128543,-0.172163
2.132756,0.124853,-0.051173,0.343008,0.976383,-0.022666,-0.128543,-0.172163
2.142806,0.124505,-0.051173,0.343270,0.976383,-0.022666,-0.128543,-0.172163
2.152830,0.124152,-0.051173,0.343530,0.976383,-0.022666,-0.128543,-0.172163
2.162881,0.123796,-0.051173,0.343787,0.976383,-0.022666,-0.128543,-0.172163
2.172932,0.123433,-0.051173,0.344042,0.976383,-0.022666,-0.128543,-0.172163
2.182985,0.123067,-0.051173,0.344294,0.976383,-0.022666,-0.128543,-0.172163
2.193036,0.122697,-0.051173,0.344542,0.976383,-0.022666,-0.128543,-0.172163
2.203088,0.122321,-0.051173,0.344788,0.976383,-0.022666,-0.128543,-0.172163
2.213140,0.121942,-0.051173,0.345031,0.976383,-0.022666,-0.128543,-0.172163
2.223191,0.121557,-0.051173,0.345271,0.976383,-0.022666,-0.128543,-0.172163
2.233243,0.121168,-0.051173,0.345507,0.976383,-0.022666,-0.128543,-0.172163
2.243321,0.120775,-0.051173,0.345739,0.976383,-0.022666,-0.128543,-0.172163
2.253373,0.120377,-0.051173,0.345969,0.976383,-0.022666,-0.128543,-0.172163
2.263425,0.119976,-0.051173,0.346194,0.976383,-0.022666,-0.128543,-0.172163
2.273436,0.119570,-0.051173,0.346416,0.976383,-0.022666,-0.128543,-0.172163
2.283485,0.119159,-0.051173,0.346635,0.976383,-0.022666,-0.128543,-0.172163
2.293538,0.118744,-0.051173,0.346849,0.976383,-0.022666,-0.128543,-0.172163
2.303591,0.118326,-0.051173,0.347059,0.976383,-0.022666,-0.128543,-0.172163
2.313644,0.117902,-0.051173,0.347265,0.976383,-0.022666,-0.128543,-0.172163
2.323695,0.117475,-0.051173,0.347467,0.976383,-0.022666,-0.128543,-0.172163
2.333746,0.117044,-0.051173,0.347664,0.976383,-0.022666,-0.128543,-0.172163
2.343795,0.116608,-0.051173,0.347858,0.976383,-0.022666,-0.128543,-0.172163
2.353839,0.116170,-0.051173,0.348046,0.976383,-0.022666,-0.128543,-0.172163
2.363888,0.115727,-0.051173,0.348230,0.976383,-0.022666,-0.128543,-0.172163
2.373940,0.115280,-0.051173,0.348410,0.976383,-0.022666,-0.128543,-0.172163
2.383988,0.114830,-0.051173,0.348585,0.976383,-0.022666,-0.128543,-0.172163
2.394038,0.114376,-0.051173,0.348754,0.976383,-0.022666,-0.128543,-0.172163
2.404089,0.113919,-0.051172,0.348919,0.976383,-0.022666,-0.128543,-0.172163
2.414139,0.113457,-0.051172,0.349079,0.976383,-0.022666,-0.128543,-0.172163
2.424190,0.112992,-0.051172,0.349233,0.976383,-0.022666,-0.128543,-0.172163
2.434240,0.112525,-0.051172,0.349383,0.976383,-0.022666,-0.128543,-0.172163
2.444290,0.112053,-0.051172,0.349527,0.976383,-0.022666,-0.128543,-0.172163
2.454342,0.111579,-0.051172,0.349665,0.976383,-0.022666,-0.128543,-0.172163
2.464394,0.111101,-0.051172,0.349799,0.976383,-0.022666,-0.128543,-0.172163
2.474446,0.110621,-0.051172,0.349926,0.976383,-0.022666,-0.128543,-0.172163
2.484495,0.110137,-0.051172,0.350048,0.976383,-0.022666,-0.128543,-0.172163
2.494560,0.109651,-0.051172,0.350164,0.976383,-0.022666,-0.128543,-0.172163
2.504612,0.109162,-0.051172,0.350275,0.976383,-0.022666,-0.128543,-0.172163
2.514663,0.108670,-0.051172,0.350379,0.976383,-0.022666,-0.128543,-0.172163
2.524714,0.108176,-0.051172,0.350478,0.976383,-0.022666,-0.128543,-0.172163
2.534763,0.107678,-0.051172,0.350571,0.976383,-0.022666,-0.128543,-0.172163
2.544818,0.107179,-0.051172,0.350657,0.976383,-0.022666,-0.128543,-0.172163
2.554879,0.106678,-0.051172,0.350738,0.976383,-0.022666,-0.128543,-0.172163
2.564932,0.106175,-0.051172,0.350812,0.976383,-0.022666,-0.128543,-0.172163
2.574981,0.105669,-0.051172,0.350880,0.976383,-0.022666,-0.128543,-0.172163
2.585033,0.104651,-0.051172,0.350997,0.976383,-0.022666,-0.128543,-0.172163
2.595087,0.104140,-0.051172,0.351046,0.976383,-0.022666,-0.128543,-0.172163
2.605151,0.103627,-0.051172,0.351088,0.976383,-0.022666,-0.128543,-0.172163
2.615212,0.103113,-0.051172,0.351124,0.976383,-0.022666,-0.128543,-0.172163
2.625273,0.102597,-0.051172,0.351153,0.976383,-0.022666,-0.128543,-0.172163
2.635340,0.102079,-0.051172,0.351175,0.976383,-0.022666,-0.128543,-0.172163
2.645400,0.101561,-0.051172,0.351191,0.976383,-0.022666,-0.128543,-0.172163
2.655463,0.101041,-0.051172,0.351200,0.976383,-0.022666,-0.128543,-0.172163
2.665522,0.100521,-0.051172,0.351203,0.976383,-0.022666,-0.128543,-0.172163
2.675584,0.100000,-0.051172,0.351198,0.976383,-0.022666,-0.128543,-0.172163
2.685645,0.099479,-0.051172,0.351187,0.976383,-0.022666,-0.128543,-0.172163
2.695707,0.098956,-0.051172,0.351169,0.976383,-0.022666,-0.128543,-0.172163
2.705767,0.098432,-0.051172,0.351144,0.976383,-0.022666,-0.128543,-0.172163
2.715820,0.097909,-0.051172,0.351113,0.976383,-0.022666,-0.128543,-0.172163
2.725831,0.097386,-0.051172,0.351074,0.976383,-0.022666,-0.128543,-0.172163
2.735881,0.096862,-0.051172,0.351028,0.976383,-0.022666,-0.128543,-0.172163
2.745944,0.096339,-0.051172,0.350976,0.976383,-0.022666,-0.128543,-0.172163
2.756006,0.095816,-0.051172,0.350916,0.976383,-0.022666,-0.128543,-0.172163
2.766071,0.095293,-0.051172,0.350850,0.976383,-0.022666,-0.128543,-0.172163
2.776125,0.094770,-0.051172,0.350776,0.976383,-0.022666,-0.128543,-0.172163
2.786184,0.094248,-0.051172,0.350696,0.976383,-0.022666,-0.128543,-0.172163
2.796248,0.093727,-0.051172,0.350609,0.976383,-0.022666,-0.128543,-0.172163
2.806308,0.093206,-0.051172,0.350515,0.976383,-0.022666,-0.128543,-0.172163
2.816360,0.092686,-0.051172,0.350413,0.976383,-0.022666,-0.128543,-0.172163
2.826410,0.092168,-0.051172,0.350305,0.976383,-0.022666,-0.128543,-0.172163
2.836462,0.091650,-0.051172,0.350190,0.976383,-0.022666,-0.128543,-0.172163
2.846526,0.091134,-0.051172,0.350068,0.976383,-0.022666,-0.128543,-0.172163
2.856588,0.090619,-0.051172,0.349939,0.976383,-0.022666,-0.128543,-0.172163
2.866649,0.090106,-0.051172,0.349803,0.976383,-0.022666,-0.128543,-0.172163
2.876709,0.089595,-0.051172,0.349661,0.976383,-0.022666,-0.128543,-0.172163
2.886770,0.089085,-0.051172,0.349511,0.976383,-0.022666,-0.128543,-0.172163
2.896831,0.088578,-0.051172,0.349355,0.976383,-0.022666,-0.128543,-0.172163
2.906892,0.088072,-0.051172,0.349192,0.976383,-0.022666,-0.128543,-0.172163
2.916956,0.087569,-0.051172,0.349022,0.976383,-0.022666,-0.128543,-0.172163
2.927015,0.087068,-0.051172,0.348846,0.976383,-0.022666,-0.128543,-0.172163
2.937082,0.086569,-0.051172,0.348663,0.976383,-0.022666,-0.128543,-0.172163
2.947144,0.086073,-0.051172,0.348474,0.976383,-0.022666,-0.128543,-0.172163
2.957208,0.085580,-0.051172,0.348278,0.976383,-0.022666,-0.128543,-0.172163
2.967271,0.085089,-0.051172,0.348075,0.976383,-0.022666,-0.128543,-0.172163
2.977331,0.084602,-0.051172,0.347866,0.976383,-0.022666,-0.128543,-0.172163
2.987391,0.084117,-0.051172,0.347651,0.976383,-0.022666,-0.128543,-0.172163
2.997451,0.083635,-0.051172,0.347429,0.976383,-0.022666,-0.128543,-0.172163
3.007511,0.083158,-0.051172,0.347202,0.976383,-0.022666,-0.128543,-0.172163
3.017571,0.082682,-0.051172,0.346968,0.976383,-0.022666,-0.128543,-0.172163
3.027632,0.082212,-0.051172,0.346728,0.976383,-0.022666,-0.128543,-0.172163
3.037696,0.081744,-0.051172,0.346482,0.976383,-0.022666,-0.128543,-0.172163
3.047755,0.081280,-0.051172,0.346230,0.976383,-0.022666,-0.128543,-0.172163
3.057818,0.080819,-0.051172,0.345972,0.976383,-0.022666,-0.128543,-0.172163
3.067877,0.080363,-0.051172,0.345709,0.976383,-0.022666,-0.128543,-0.172163
3.077938,0.079910,-0.051172,0.345439,0.976383,-0.022666,-0.128543,-0.172163
3.087998,0.079462,-0.051172,0.345164,0.976383,-0.022666,-0.128543,-0.172163
3.098058,0.079018,-0.051172,0.344884,0.976383,-0.022666,-0.128543,-0.172163
3.108120,0.078578,-0.051172,0.344598,0.976383,-0.022666,-0.128543,-0.172163
3.118182,0.078142,-0.051172,0.344307,0.976383,-0.022666,-0.128543,-0.172163
3.128245,0.077712,-0.051172,0.344011,0.976383,-0.022666,-0.128543,-0.172163
3.138309,0.077286,-0.051172,0.343709,0.976383,-0.022666,-0.128543,-0.172163
3.148363,0.076864,-0.051172,0.343402,0.976383,-0.022666,-0.128543,-0.172163
3.158416,0.076447,-0.051172,0.343091,0.976383,-0.022666,-0.128543,-0.172163
3.168484,0.076034,-0.051172,0.342774,0.976383,-0.022666,-0.128543,-0.172163
3.178546,0.075627,-0.051172,0.342453,0.976383,-0.022666,-0.128543,-0.172163
3.188610,0.075224,-0.051172,0.342127,0.976383,-0.022666,-0.128543,-0.172163
3.198671,0.074828,-0.051172,0.341797,0.976383,-0.022666,-0.128543,-0.172163
3.208731,0.074435,-0.051172,0.341462,0.976383,-0.022666,-0.128543,-0.172163
3.218792,0.074048,-0.051172,0.341123,0.976383,-0.022666,-0.128543,-0.172163
3.228855,0.073666,-0.051172,0.340780,0.976383,-0.022666,-0.128543,-0.172163
3.238914,0.073289,-0.051172,0.340432,0.976383,-0.022666,-0.128543,-0.172163
3.248977,0.072919,-0.051172,0.340082,0.976383,-0.022666,-0.128543,-0.172163
3.259040,0.072553,-0.051172,0.339727,0.976383,-0.022666,-0.128543,-0.172163
3.269100,0.072192,-0.051172,0.339368,0.976383,-0.022666,-0.128543,-0.172163
3.279162,0.071837,-0.051172,0.339005,0.976383,-0.022666,-0.128543,-0.172163
3.289222,0.071488,-0.051172,0.338639,0.976383,-0.022666,-0.128543,-0.172163
3.299284,0.071145,-0.051172,0.338270,0.976383,-0.022666,-0.128543,-0.172163
3.309337,0.070807,-0.051172,0.337898,0.976383,-0.022666,-0.128543,-0.172163
3.319398,0.070474,-0.051172,0.337522,0.976383,-0.022666,-0.128543,-0.172163
3.329459,0.070147,-0.051172,0.337143,0.976383,-0.022666,-0.128543,-0.172163
3.339519,0.069827,-0.051172,0.336762,0.976383,-0.022666,-0.128543,-0.172163
3.349658,0.069512,-0.051172,0.336378,0.976383,-0.022666,-0.128543,-0.172163
3.359711,0.069202,-0.051172,0.335991,0.976383,-0.022666,-0.128543,-0.172163
3.369763,0.068898,-0.051172,0.335601,0.976383,-0.022666,-0.128543,-0.172163
3.379815,0.068601,-0.051172,0.335210,0.976383,-0.022666,-0.128543,-0.172163
3.389867,0.068309,-0.051172,0.334816,0.976383,-0.022666,-0.128543,-0.172163
3.399927,0.068023,-0.051172,0.334420,0.976383,-0.022666,-0.128543,-0.172163
3.409980,0.067744,-0.051172,0.334023,0.976383,-0.022666,-0.128543,-0.172163
3.420042,0.067469,-0.051172,0.333623,0.976383,-0.022666,-0.128543,-0.172163
3.430103,0.067201,-0.051172,0.333221,0.976383,-0.022666,-0.128543,-0.172163
3.440156,0.066939,-0.051172,0.332819,0.976383,-0.022666,-0.128543,-0.172163
3.450208,0.066683,-0.051172,0.332414,0.976383,-0.022666,-0.128543,-0.172163
3.460262,0.066432,-0.051172,0.332008,0.976383,-0.022666,-0.128543,-0.172163
3.470314,0.066188,-0.051172,0.331601,0.976383,-0.022666,-0.128543,-0.172163
3.480366,0.065949,-0.051172,0.331193,0.976383,-0.022666,-0.128543,-0.172163
3.490417,0.065716,-0.051172,0.330783,0.976383,-0.022666,-0.128543,-0.172163
3.500478,0.065489,-0.051172,0.330374,0.976383,-0.022666,-0.128543,-0.172163
3.510528,0.065268,-0.051172,0.329963,0.976383,-0.022666,-0.128543,-0.172163
3.520589,0.065052,-0.051172,0.329552,0.976383,-0.022666,-0.128543,-0.172163
3.530649,0.064843,-0.051172,0.329140,0.976383,-0.022666,-0.128543,-0.172163
3.540708,0.064639,-0.051172,0.328728,0.976383,-0.022666,-0.128543,-0.172163
3.550768,0.064442,-0.051172,0.328317,0.976383,-0.022666,-0.128543,-0.172163
3.560839,0.064249,-0.051172,0.327904,0.976383,-0.022666,-0.128543,-0.172163
3.570892,0.064063,-0.051172,0.327492,0.976383,-0.022666,-0.128543,-0.172163
3.580946,0.063882,-0.051172,0.327080,0.976383,-0.022666,-0.128543,-0.172163
3.590999,0.063706,-0.051172,0.326668,0.976383,-0.022666,-0.128543,-0.172163
3.601052,0.063537,-0.051172,0.326257,0.976383,-0.022666,-0.128543,-0.172163
3.611114,0.063372,-0.051172,0.325846,0.976383,-0.022666,-0.128543,-0.172163
3.621177,0.063214,-0.051172,0.325436,0.976383,-0.022666,-0.128543,-0.172163
3.631241,0.063060,-0.051172,0.325026,0.976383,-0.022666,-0.128543,-0.172163
3.641295,0.062912,-0.051172,0.324618,0.976383,-0.022666,-0.128543,-0.172163
3.651348,0.062770,-0.051172,0.324210,0.976383,-0.022666,-0.128543,-0.172163
3.661402,0.062632,-0.051172,0.323804,0.976383,-0.022666,-0.128543,-0.172163
3.671453,0.062500,-0.051172,0.323398,0.976383,-0.022666,-0.128543,-0.172163
3.681505,0.062373,-0.051172,0.322994,0.976383,-0.022666,-0.128543,-0.172163
3.691555,0.062251,-0.051172,0.322591,0.976383,-0.022666,-0.128543,-0.172163
3.701605,0.062134,-0.051172,0.322191,0.976383,-0.022666,-0.128543,-0.172163
3.711655,0.062023,-0.051172,0.321791,0.976383,-0.022666,-0.128543,-0.172163
3.721706,0.061916,-0.051172,0.321393,0.976383,-0.022666,-0.128543,-0.172163
3.731758,0.061814,-0.051172,0.320997,0.976383,-0.022666,-0.128543,-0.172163
3.741812,0.061716,-0.051172,0.320603,0.976383,-0.022666,-0.128543,-0.172163
3.751873,0.061623,-0.051173,0.320211,0.976383,-0.022666,-0.128543,-0.172163
3.761936,0.061535,-0.051173,0.319820,0.976383,-0.022666,-0.128543,-0.172163
3.771998,0.061452,-0.051173,0.319433,0.976383,-0.022666,-0.128543,-0.172163
3.782059,0.061373,-0.051173,0.319048,0.976383,-0.022666,-0.128543,-0.172163
3.792122,0.061298,-0.051173,0.318664,0.976383,-0.022666,-0.128543,-0.172163
3.802185,0.061227,-0.051173,0.318284,0.976383,-0.022666,-0.128543,-0.172163
3.812236,0.061161,-0.051173,0.317906,0.976383,-0.022666,-0.128543,-0.172163
3.822297,0.061099,-0.051173,0.317530,0.976383,-0.022666,-0.128543,-0.172163
3.832357,0.061041,-0.051173,0.317157,0.976383,-0.022666,-0.128543,-0.172163
3.842418,0.060988,-0.051173,0.316787,0.976383,-0.022666,-0.128543,-0.172163
3.852478,0.060937,-0.051173,0.316419,0.976383,-0.022666,-0.128543,-0.172163
3.862541,0.060891,-0.051173,0.316055,0.976383,-0.022666,-0.128543,-0.172163
3.872599,0.060849,-0.051173,0.315694,0.976383,-0.022666,-0.128543,-0.172163
3.882660,0.060810,-0.051173,0.315336,0.976383,-0.022666,-0.128543,-0.172163
3.892725,0.060775,-0.051173,0.314981,0.976383,-0.022666,-0.128543,-0.172163
3.902786,0.060743,-0.051173,0.314629,0.976383,-0.022666,-0.128543,-0.172163
3.912848,0.060714,-0.051173,0.314281,0.976383,-0.022666,-0.128543,-0.172163
3.922908,0.060689,-0.051173,0.313936,0.976383,-0.022666,-0.128543,-0.172163
3.932969,0.060667,-0.051173,0.313595,0.976383,-0.022666,-0.128543,-0.172163
3.943030,0.060649,-0.051173,0.313256,0.976383,-0.022666,-0.128543,-0.172163
3.953091,0.060633,-0.051173,0.312921,0.976383,-0.022666,-0.128543,-0.172163
3.963151,0.060620,-0.051173,0.312590,0.976383,-0.022666,-0.128543,-0.172163
3.973212,0.060610,-0.051173,0.312263,0.976383,-0.022666,-0.128543,-0.172163
3.983272,0.060603,-0.051173,0.311939,0.976383,-0.022666,-0.128543,-0.172163
3.993289,0.060598,-0.051173,0.311619,0.976383,-0.022666,-0.128543,-0.172163
4.003340,0.060596,-0.051173,0.311303,0.976383,-0.022666,-0.128543,-0.172163
4.013392,0.060596,-0.051173,0.310989,0.976383,-0.022666,-0.128543,-0.172163
4.023443,0.060599,-0.051173,0.310675,0.976383,-0.022666,-0.128543,-0.172163
4.033494,0.060605,-0.051173,0.310361,0.976383,-0.022666,-0.128543,-0.172163
4.043548,0.060613,-0.051173,0.310046,0.976383,-0.022666,-0.128543,-0.172163
4.053600,0.060623,-0.051173,0.309732,0.976383,-0.022666,-0.128543,-0.172163
4.063652,0.060636,-0.051173,0.309419,0.976383,-0.022666,-0.128543,-0.172163
4.073703,0.060651,-0.051173,0.309105,0.976383,-0.022666,-0.128543,-0.172163
4.083755,0.060669,-0.051173,0.308791,0.976383,-0.022666,-0.128543,-0.172163
4.093806,0.060689,-0.051173,0.308478,0.976383,-0.022666,-0.128543,-0.172163
4.103857,0.060711,-0.051173,0.308164,0.976383,-0.022666,-0.128543,-0.172163
4.113909,0.060737,-0.051173,0.307851,0.976383,-0.022666,-0.128543,-0.172163
4.123961,0.060764,-0.051173,0.307538,0.976383,-0.022666,-0.128543,-0.172163
4.134012,0.060794,-0.051173,0.307225,0.976383,-0.022666,-0.128543,-0.172163
4.144064,0.060827,-0.051173,0.306913,0.976383,-0.022666,-0.128543,-0.172163
4.154116,0.060862,-0.051173,0.306601,0.976383,-0.022666,-0.128543,-0.172163
4.164223,0.060899,-0.051173,0.306289,0.976383,-0.022666,-0.128543,-0.172163
4.174275,0.060939,-0.051173,0.305977,0.976383,-0.022666,-0.128543,-0.172163
4.184326,0.060981,-0.051173,0.305666,0.976383,-0.022666,-0.128543,-0.172163
4.194378,0.061026,-0.051173,0.305355,0.976383,-0.022666,-0.128543,-0.172163
4.204430,0.061073,-0.051173,0.305044,0.976383,-0.022666,-0.128543,-0.172163
4.214482,0.061122,-0.051173,0.304734,0.976383,-0.022666,-0.128543,-0.172163
4.224534,0.061175,-0.051173,0.304424,0.976383,-0.022666,-0.128543,-0.172163
4.234585,0.061229,-0.051173,0.304115,0.976383,-0.022666,-0.128543,-0.172163
4.244637,0.061286,-0.051173,0.303806,0.976383,-0.022666,-0.128543,-0.172163
4.254688,0.061345,-0.051173,0.303498,0.976383,-0.022666,-0.128543,-0.172163
4.264740,0.061407,-0.051173,0.303189,0.976383,-0.022666,-0.128543,-0.172163
4.274792,0.061471,-0.051173,0.302882,0.976383,-0.022666,-0.128543,-0.172163
4.284845,0.061538,-0.051173,0.302575,0.976383,-0.022666,-0.128543,-0.172163
4.294897,0.061607,-0.051173,0.302268,0.976383,-0.022666,-0.128543,-0.172163
4.304948,0.061678,-0.051173,0.301962,0.976383,-0.022666,-0.128543,-0.172163
4.315000,0.061828,-0.051173,0.301352,0.976383,-0.022666,-0.128543,-0.172163
4.325052,0.061906,-0.051173,0.301048,0.976383,-0.022666,-0.128543,-0.172163
4.335104,0.061987,-0.051173,0.300745,0.976383,-0.022666,-0.128543,-0.172163
4.345158,0.062071,-0.051173,0.300442,0.976383,-0.022666,-0.128543,-0.172163
4.355211,0.062156,-0.051173,0.300139,0.976383,-0.022666,-0.128543,-0.172163
4.365264,0.062245,-0.051173,0.299838,0.976383,-0.022666,-0.128543,-0.172163
4.375317,0.062335,-0.051173,0.299537,0.976383,-0.022666,-0.128543,-0.172163
4.385369,0.062428,-0.051173,0.299237,0.976383,-0.022666,-0.128543,-0.172163
4.395422,0.062523,-0.051173,0.298938,0.976383,-0.022666,-0.128543,-0.172163
4.405476,0.062621,-0.051173,0.298639,0.976383,-0.022666,-0.128543,-0.172163
4.415529,0.062720,-0.051173,0.298341,0.976383,-0.022666,-0.128543,-0.172163
4.425580,0.062823,-0.051173,0.298044,0.976383,-0.022666,-0.128543,-0.172163
4.435633,0.062927,-0.051173,0.297748,0.976383,-0.022666,-0.128543,-0.172163
4.445684,0.063034,-0.051173,0.297452,0.976383,-0.022666,-0.128543,-0.172163
4.455736,0.063143,-0.051173,0.297158,0.976383,-0.022666,-0.128543,-0.172163
4.465788,0.063255,-0.051173,0.296864,0.976383,-0.022666,-0.128543,-0.172163
4.475832,0.063368,-0.051173,0.296571,0.976383,-0.022666,-0.128543,-0.172163
4.485883,0.063484,-0.051173,0.296279,0.976383,-0.022666,-0.128543,-0.172163
4.495936,0.063603,-0.051173,0.295988,0.976383,-0.022666,-0.128543,-0.172163
4.505987,0.063723,-0.051173,0.295698,0.976383,-0.022666,-0.128543,-0.172163
4.516039,0.063846,-0.051173,0.295409,0.976383,-0.022666,-0.128543,-0.172163
4.526090,0.063971,-0.051173,0.295121,0.976383,-0.022666,-0.128543,-0.172163
4.536141,0.064099,-0.051173,0.294834,0.976383,-0.022666,-0.128543,-0.172163
4.546200,0.064229,-0.051173,0.294548,0.976383,-0.022666,-0.128543,-0.172163
4.556255,0.064361,-0.051173,0.294263,0.976383,-0.022666,-0.128543,-0.172163
4.566308,0.064495,-0.051173,0.293978,0.976383,-0.022666,-0.128543,-0.172163
4.576360,0.064631,-0.051173,0.293695,0.976383,-0.022666,-0.128543,-0.172163
4.586412,0.064770,-0.051173,0.293414,0.976383,-0.022666,-0.128543,-0.172163
4.596464,0.064911,-0.051173,0.293133,0.976383,-0.022666,-0.128543,-0.172163
4.606516,0.065054,-0.051173,0.292853,0.976383,-0.022666,-0.128543,-0.172163
4.616568,0.065199,-0.051173,0.292574,0.976383,-0.022666,-0.128543,-0.172163
4.626619,0.065346,-0.051173,0.292297,0.976383,-0.022666,-0.128543,-0.172163
4.636671,0.065496,-0.051173,0.292021,0.976383,-0.022666,-0.128543,-0.172163
4.646723,0.065648,-0.051173,0.291746,0.976383,-0.022666,-0.128543,-0.172163
4.656775,0.065801,-0.051173,0.291472,0.976383,-0.022666,-0.128543,-0.172163
4.666829,0.065957,-0.051173,0.291199,0.976383,-0.022666,-0.128543,-0.172163
4.676880,0.066116,-0.051173,0.290928,0.976383,-0.022666,-0.128543,-0.172163
4.686934,0.066276,-0.051173,0.290658,0.976383,-0.022666,-0.128543,-0.172163
4.696986,0.066438,-0.051173,0.290389,0.976383,-0.022666,-0.128543,-0.172163
4.707049,0.066603,-0.051173,0.290121,0.976383,-0.022666,-0.128543,-0.172163
4.717112,0.066770,-0.051173,0.289855,0.976383,-0.022666,-0.128543,-0.172163
4.727176,0.066938,-0.051173,0.289590,0.976383,-0.022666,-0.128543,-0.172163
4.737238,0.067109,-0.051173,0.289326,0.976383,-0.022666,-0.128543,-0.172163
4.747301,0.067282,-0.051173,0.289064,0.976383,-0.022666,-0.128543,-0.172163
4.757364,0.067457,-0.051173,0.288803,0.976383,-0.022666,-0.128543,-0.172163
4.767417,0.067634,-0.051173,0.288543,0.976383,-0.022666,-0.128543,-0.172163
4.777469,0.067813,-0.051173,0.288285,0.976383,-0.022666,-0.128543,-0.172163
4.787521,0.067994,-0.051173,0.288028,0.976383,-0.022666,-0.128543,-0.172163
4.797572,0.068177,-0.051173,0.287773,0.976383,-0.022666,-0.128543,-0.172163
4.807624,0.068362,-0.051173,0.287519,0.976383,-0.022666,-0.128543,-0.172163
4.817676,0.068549,-0.051173,0.287267,0.976383,-0.022666,-0.128543,-0.172163
4.827728,0.068738,-0.051173,0.287016,0.976383,-0.022666,-0.128543,-0.172163
4.837780,0.068929,-0.051173,0.286766,0.976383,-0.022666,-0.128543,-0.172163
4.847832,0.069122,-0.051173,0.286518,0.976383,-0.022666,-0.128543,-0.172163
4.857884,0.069317,-0.051173,0.286272,0.976383,-0.022666,-0.128543,-0.172163
4.867936,0.069513,-0.051173,0.286027,0.976383,-0.022666,-0.128543,-0.172163
4.877988,0.069712,-0.051173,0.285784,0.976383,-0.022666,-0.128543,-0.172163
4.888039,0.069913,-0.051173,0.285542,0.976383,-0.022666,-0.128543,-0.172163
4.898092,0.070115,-0.051173,0.285302,0.976383,-0.022666,-0.128543,-0.172163
4.908145,0.070319,-0.051173,0.285063,0.976383,-0.022666,-0.128543,-0.172163
4.918198,0.070526,-0.051173,0.284826,0.976383,-0.022666,-0.128543,-0.172163
4.928250,0.070734,-0.051173,0.284591,0.976383,-0.022666,-0.128543,-0.172163
4.938316,0.070944,-0.051173,0.284357,0.976383,-0.022666,-0.128543,-0.172163
4.948378,0.071156,-0.051173,0.284125,0.976383,-0.022666,-0.128543,-0.172163
4.958508,0.071369,-0.051173,0.283895,0.976383,-0.022666,-0.128543,-0.172163
4.968571,0.071584,-0.051173,0.283666,0.976383,-0.022666,-0.128543,-0.172163
4.978630,0.071802,-0.051173,0.283439,0.976383,-0.022666,-0.128543,-0.172163
4.988685,0.072021,-0.051173,0.283214,0.976383,-0.022666,-0.128543,-0.172163
4.998738,0.072241,-0.051173,0.282990,0.976383,-0.022666,-0.128543,-0.172163
5.008790,0.072464,-0.051173,0.282768,0.976383,-0.022666,-0.128543,-0.172163
5.018844,0.072688,-0.051173,0.282548,0.976383,-0.022666,-0.128543,-0.172163
5.028895,0.072914,-0.051173,0.282330,0.976383,-0.022666,-0.128543,-0.172163
5.038947,0.073142,-0.051173,0.282113,0.976383,-0.022666,-0.128543,-0.172163
5.049009,0.073371,-0.051173,0.281899,0.976383,-0.022666,-0.128543,-0.172163
5.059072,0.073602,-0.051173,0.281686,0.976383,-0.022666,-0.128543,-0.172163
5.069137,0.073835,-0.051173,0.281475,0.976383,-0.022666,-0.128543,-0.172163
5.079199,0.074069,-0.051173,0.281265,0.976383,-0.022666,-0.128543,-0.172163
5.089262,0.074305,-0.051173,0.281058,0.976383,-0.022666,-0.128543,-0.172163
5.099325,0.074542,-0.051173,0.280852,0.976383,-0.022666,-0.128543,-0.172163
5.109394,0.074782,-0.051173,0.280649,0.976383,-0.022666,-0.128543,-0.172163
5.119459,0.075022,-0.051173,0.280447,0.976383,-0.022666,-0.128543,-0.172163
5.129520,0.075265,-0.051173,0.280247,0.976383,-0.022666,-0.128543,-0.172163
5.139582,0.075509,-0.051173,0.280049,0.976383,-0.022666,-0.128543,-0.172163
5.149645,0.075754,-0.051173,0.279853,0.976383,-0.022666,-0.128543,-0.172163
5.159709,0.076001,-0.051173,0.279659,0.976383,-0.022666,-0.128543,-0.172163
5.169770,0.076250,-0.051173,0.279467,0.976383,-0.022666,-0.128543,-0.172163
5.179833,0.076500,-0.051173,0.279276,0.976383,-0.022666,-0.128543,-0.172163
5.189890,0.076751,-0.051173,0.279088,0.976383,-0.022666,-0.128543,-0.172163
5.199943,0.077004,-0.051173,0.278902,0.976383,-0.022666,-0.128543,-0.172163
5.209994,0.077258,-0.051173,0.278718,0.976383,-0.022666,-0.128543,-0.172163
5.220046,0.077514,-0.051173,0.278535,0.976383,-0.022666,-0.128543,-0.172163
5.230098,0.077772,-0.051173,0.278355,0.976383,-0.022666,-0.128543,-0.172163
5.240150,0.078030,-0.051173,0.278177,0.976383,-0.022666,-0.128543,-0.172163
5.250201,0.078290,-0.051173,0.278001,0.976383,-0.022666,-0.128543,-0.172163
5.260251,0.078552,-0.051173,0.277826,0.976383,-0.022666,-0.128543,-0.172163
5.270303,0.078815,-0.051173,0.277654,0.976383,-0.022666,-0.128543,-0.172163
5.280353,0.079079,-0.051173,0.277484,0.976383,-0.022666,-0.128543,-0.172163
5.290404,0.079344,-0.051173,0.277316,0.976383,-0.022666,-0.128543,-0.172163
5.300454,0.079611,-0.051173,0.277150,0.976383,-0.022666,-0.128543,-0.172163
5.310505,0.079879,-0.051173,0.276987,0.976383,-0.022666,-0.128543,-0.172163
5.320558,0.080149,-0.051173,0.276825,0.976383,-0.022666,-0.128543,-0.172163
5.330609,0.080419,-0.051173,0.276666,0.976383,-0.022666,-0.128543,-0.172163
5.340661,0.080691,-0.051173,0.276508,0.976383,-0.022666,-0.128543,-0.172163
5.350712,0.080964,-0.051173,0.276353,0.976383,-0.022666,-0.128543,-0.172163
5.360763,0.081239,-0.051173,0.276200,0.976383,-0.022666,-0.128543,-0.172163
5.370815,0.081514,-0.051173,0.276049,0.976383,-0.022666,-0.128543,-0.172163
5.380867,0.081791,-0.051173,0.275900,0.976383,-0.022666,-0.128543,-0.172163
5.390919,0.082069,-0.051173,0.275753,0.976383,-0.022666,-0.128543,-0.172163
5.400970,0.082348,-0.051173,0.275609,0.976383,-0.022666,-0.128543,-0.172163
5.411022,0.082628,-0.051173,0.275467,0.976383,-0.022666,-0.128543,-0.172163
5.421075,0.082909,-0.051173,0.275327,0.976383,-0.022666,-0.128543,-0.172163
5.431127,0.083191,-0.051173,0.275189,0.976383,-0.022666,-0.128543,-0.172163
5.441179,0.083475,-0.051173,0.275053,0.976383,-0.022666,-0.128543,-0.172163
5.451231,0.083759,-0.051173,0.274920,0.976383,-0.022666,-0.128543,-0.172163
5.461282,0.084045,-0.051173,0.274789,0.976383,-0.022666,-0.128543,-0.172163
5.471334,0.084331,-0.051173,0.274660,0.976383,-0.022666,-0.128543,-0.172163
5.481386,0.084619,-0.051173,0.274533,0.976383,-0.022666,-0.128543,-0.172163
5.491438,0.084907,-0.051173,0.274409,0.976383,-0.022666,-0.128543,-0.172163
5.501567,0.085197,-0.051173,0.274287,0.976383,-0.022666,-0.128543,-0.172163
5.511619,0.085487,-0.051173,0.274167,0.976383,-0.022666,-0.128543,-0.172163
5.521671,0.085778,-0.051173,0.274050,0.976383,-0.022666,-0.128543,-0.172163
5.531722,0.086071,-0.051173,0.273935,0.976383,-0.022666,-0.128543,-0.172163
5.541777,0.086364,-0.051173,0.273822,0.976383,-0.022666,-0.128543,-0.172163
5.551831,0.086658,-0.051173,0.273711,0.976383,-0.022666,-0.128543,-0.172163
5.561886,0.086953,-0.051173,0.273603,0.976383,-0.022666,-0.128543,-0.172163
5.571938,0.087248,-0.051173,0.273497,0.976383,-0.022666,-0.128543,-0.172163
5.581991,0.087545,-0.051173,0.273393,0.976383,-0.022666,-0.128543,-0.172163
5.592043,0.087842,-0.051173,0.273292,0.976383,-0.022666,-0.128543,-0.172163
5.602095,0.088140,-0.051173,0.273193,0.976383,-0.022666,-0.128543,-0.172163
5.612147,0.088439,-0.051173,0.273096,0.976383,-0.022666,-0.128543,-0.172163
5.622199,0.088739,-0.051173,0.273002,0.976383,-0.022666,-0.128543,-0.172163
5.632251,0.089039,-0.051173,0.272910,0.976383,-0.022666,-0.128543,-0.172163
5.642304,0.089341,-0.051173,0.272820,0.976383,-0.022666,-0.128543,-0.172163
5.652376,0.089642,-0.051173,0.272733,0.976383,-0.022666,-0.128543,-0.172163
5.662430,0.089945,-0.051173,0.272648,0.976383,-0.022666,-0.128543,-0.172163
5.672482,0.090248,-0.051173,0.272566,0.976383,-0.022666,-0.128543,-0.172163
5.682534,0.090552,-0.051173,0.272486,0.976383,-0.022666,-0.128543,-0.172163
5.692588,0.090856,-0.051173,0.272408,0.976383,-0.022666,-0.128543,-0.172163
5.702640,0.091161,-0.051173,0.272333,0.976383,-0.022666,-0.128543,-0.172163
5.712689,0.091467,-0.051173,0.272260,0.976383,-0.022666,-0.128543,-0.172163
5.722738,0.091773,-0.051173,0.272189,0.976383,-0.022666,-0.128543,-0.172163
5.732787,0.092080,-0.051173,0.272121,0.976383,-0.022666,-0.128543,-0.172163
5.742838,0.092387,-0.051173,0.272056,0.976383,-0.022666,-0.128543,-0.172163
5.752891,0.092695,-0.051173,0.271992,0.976383,-0.022666,-0.128543,-0.172163
5.762940,0.093003,-0.051173,0.271931,0.976383,-0.022666,-0.128543,-0.172163
5.772991,0.093311,-0.051173,0.271873,0.976383,-0.022666,-0.128543,-0.172163
5.783045,0.093621,-0.051173,0.271817,0.976383,-0.022666,-0.128543,-0.172163
5.793097,0.093930,-0.051173,0.271763,0.976383,-0.022666,-0.128543,-0.172163
5.803149,0.094240,-0.051173,0.271712,0.976383,-0.022666,-0.128543,-0.172163
5.813201,0.094550,-0.051173,0.271664,0.976383,-0.022666,-0.128543,-0.172163
5.823253,0.094861,-0.051173,0.271617,0.976383,-0.022666,-0.128543,-0.172163
5.833305,0.095172,-0.051173,0.271574,0.976383,-0.022666,-0.128543,-0.172163
5.843357,0.095484,-0.051173,0.271532,0.976383,-0.022666,-0.128543,-0.172163
5.853409,0.095795,-0.051173,0.271493,0.976383,-0.022666,-0.128543,-0.172163
5.863469,0.096107,-0.051173,0.271457,0.976383,-0.022666,-0.128543,-0.172163
5.873529,0.096420,-0.051173,0.271423,0.976383,-0.022666,-0.128543,-0.172163
5.883591,0.096732,-0.051173,0.271391,0.976383,-0.022666,-0.128543,-0.172163
5.893654,0.097045,-0.051173,0.271362,0.976383,-0.022666,-0.128543,-0.172163
5.903715,0.097358,-0.051173,0.271335,0.976383,-0.022666,-0.128543,-0.172163
5.913768,0.097671,-0.051173,0.271311,0.976383,-0.022666,-0.128543,-0.172163
5.923818,0.097985,-0.051173,0.271289,0.976383,-0.022666,-0.128543,-0.172163
5.933870,0.098298,-0.051173,0.271270,0.976383,-0.022666,-0.128543,-0.172163
5.943920,0.098612,-0.051173,0.271253,0.976383,-0.022666,-0.128543,-0.172163
5.953971,0.098926,-0.051173,0.271239,0.976383,-0.022666,-0.128543,-0.172163
5.964026,0.099240,-0.051173,0.271227,0.976383,-0.022666,-0.128543,-0.172163
5.974076,0.099554,-0.051173,0.271218,0.976383,-0.022666,-0.128543,-0.172163
5.984126,0.099868,-0.051173,0.271211,0.976383,-0.022666,-0.128543,-0.172163
5.994176,0.100182,-0.051173,0.271206,0.976383,-0.022666,-0.128543,-0.172163
6.004227,0.100496,-0.051173,0.271204,0.976383,-0.022666,-0.128543,-0.172163
6.014278,0.100810,-0.051173,0.271205,0.976383,-0.022666,-0.128543,-0.172163
6.024328,0.101124,-0.051173,0.271208,0.976383,-0.022666,-0.128543,-0.172163
6.034378,0.101438,-0.051173,0.271213,0.976383,-0.022666,-0.128543,-0.172163
6.044428,0.101753,-0.051173,0.271221,0.976383,-0.022666,-0.128543,-0.172163
6.054477,0.102067,-0.051173,0.271231,0.976383,-0.022666,-0.128543,-0.172163
6.064529,0.102380,-0.051173,0.271244,0.976383,-0.022666,-0.128543,-0.172163
6.074579,0.102694,-0.051173,0.271259,0.976383,-0.022666,-0.128543,-0.172163
6.084642,0.103008,-0.051173,0.271277,0.976383,-0.022666,-0.128543,-0.172163
6.094703,0.103321,-0.051173,0.271297,0.976383,-0.022666,-0.128543,-0.172163
6.104764,0.103635,-0.051173,0.271320,0.976383,-0.022666,-0.128543,-0.172163
6.114818,0.103948,-0.051173,0.271345,0.976383,-0.022666,-0.128543,-0.172163
6.124880,0.104261,-0.051173,0.271373,0.976383,-0.022666,-0.128543,-0.172163
6.134940,0.104574,-0.051173,0.271403,0.976383,-0.022666,-0.128543,-0.172163
6.144996,0.104886,-0.051173,0.271435,0.976383,-0.022666,-0.128543,-0.172163
6.155049,0.105510,-0.051173,0.271507,0.976383,-0.022666,-0.128543,-0.172163
6.165104,0.105822,-0.051173,0.271547,0.976383,-0.022666,-0.128543,-0.172163
6.175154,0.106133,-0.051173,0.271589,0.976383,-0.022666,-0.128543,-0.172163
6.185205,0.106444,-0.051173,0.271634,0.976383,-0.022666,-0.128543,-0.172163
6.195258,0.106755,-0.051173,0.271681,0.976383,-0.022666,-0.128543,-0.172163
6.205308,0.107065,-0.051173,0.271731,0.976383,-0.022666,-0.128543,-0.172163
6.215361,0.107375,-0.051173,0.271783,0.976383,-0.022666,-0.128543,-0.172163
6.225413,0.107684,-0.051173,0.271837,0.976383,-0.022666,-0.128543,-0.172163
6.235467,0.107993,-0.051173,0.271894,0.976383,-0.022666,-0.128543,-0.172163
6.245519,0.108301,-0.051173,0.271954,0.976383,-0.022666,-0.128543,-0.172163
6.255581,0.108610,-0.051173,0.272015,0.976383,-0.022666,-0.128543,-0.172163
6.265642,0.108917,-0.051173,0.272079,0.976383,-0.022666,-0.128543,-0.172163
6.275706,0.109224,-0.051173,0.272146,0.976383,-0.022666,-0.128543,-0.172163
6.285767,0.109531,-0.051173,0.272215,0.976383,-0.022666,-0.128543,-0.172163
6.295839,0.109837,-0.051173,0.272286,0.976383,-0.022666,-0.128543,-0.172163
6.305891,0.110142,-0.051173,0.272360,0.976383,-0.022666,-0.128543,-0.172163
6.315944,0.110447,-0.051173,0.272436,0.976383,-0.022666,-0.128543,-0.172163
6.325996,0.110751,-0.051173,0.272515,0.976383,-0.022666,-0.128543,-0.172163
6.336058,0.111054,-0.051173,0.272596,0.976383,-0.022666,-0.128543,-0.172163
6.346111,0.111357,-0.051173,0.272679,0.976383,-0.022666,-0.128543,-0.172163
6.356163,0.111660,-0.051173,0.272765,0.976383,-0.022666,-0.128543,-0.172163
6.366216,0.111961,-0.051173,0.272853,0.976383,-0.022666,-0.128543,-0.172163
6.376266,0.112262,-0.051173,0.272943,0.976383,-0.022666,-0.128543,-0.172163
6.386316,0.112562,-0.051173,0.273036,0.976383,-0.022666,-0.128543,-0.172163
6.396367,0.112861,-0.051173,0.273131,0.976383,-0.022666,-0.128543,-0.172163
6.406418,0.113160,-0.051173,0.273229,0.976383,-0.022666,-0.128543,-0.172163
6.416471,0.113458,-0.051173,0.273329,0.976383,-0.022666,-0.128543,-0.172163
6.426521,0.113755,-0.051173,0.273431,0.976383,-0.022666,-0.128543,-0.172163
6.436571,0.114051,-0.051173,0.273535,0.976383,-0.022666,-0.128543,-0.172163
6.446625,0.114347,-0.051173,0.273642,0.976383,-0.022666,-0.128543,-0.172163
6.456674,0.114641,-0.051173,0.273751,0.976383,-0.022666,-0.128543,-0.172163
6.466726,0.114935,-0.051173,0.273863,0.976383,-0.022666,-0.128543,-0.172163
6.476777,0.115228,-0.051173,0.273977,0.976383,-0.022666,-0.128543,-0.172163
6.486829,0.115520,-0.051173,0.274093,0.976383,-0.022666,-0.128543,-0.172163
6.496880,0.115811,-0.051173,0.274211,0.976383,-0.022666,-0.128543,-0.172163
6.506943,0.116101,-0.051173,0.274332,0.976383,-0.022666,-0.128543,-0.172163
6.516998,0.116390,-0.051173,0.274455,0.976383,-0.022666,-0.128543,-0.172163
6.527059,0.116678,-0.051173,0.274580,0.976383,-0.022666,-0.128543,-0.172163
6.537122,0.116965,-0.051173,0.274707,0.976383,-0.022666,-0.128543,-0.172163
6.547176,0.117251,-0.051173,0.274837,0.976383,-0.022666,-0.128543,-0.172163
6.557227,0.117536,-0.051173,0.274969,0.976383,-0.022666,-0.128543,-0.172163
6.567280,0.117821,-0.051173,0.275103,0.976383,-0.022666,-0.128543,-0.172163
6.577332,0.118104,-0.051173,0.275240,0.976383,-0.022666,-0.128543,-0.172163
6.587387,0.118385,-0.051173,0.275378,0.976383,-0.022666,-0.128543,-0.172163
6.597440,0.118666,-0.051173,0.275519,0.976383,-0.022666,-0.128543,-0.172163
6.607493,0.118946,-0.051173,0.275662,0.976383,-0.022666,-0.128543,-0.172163
6.617545,0.119225,-0.051173,0.275807,0.976383,-0.022666,-0.128543,-0.172163
6.627606,0.119502,-0.051173,0.275955,0.976383,-0.022666,-0.128543,-0.172163
6.637667,0.119778,-0.051173,0.276104,0.976383,-0.022666,-0.128543,-0.172163
6.647729,0.120053,-0.051173,0.276256,0.976383,-0.022666,-0.128543,-0.172163
6.657791,0.120327,-0.051173,0.276410,0.976383,-0.022666,-0.128543,-0.172163
6.667844,0.120600,-0.051173,0.276566,0.976383,-0.022666,-0.128543,-0.172163
6.677897,0.120871,-0.051173,0.276724,0.976383,-0.022666,-0.128543,-0.172163
6.687948,0.121141,-0.051173,0.276884,0.976383,-0.022666,-0.128543,-0.172163
6.698000,0.121410,-0.051173,0.277047,0.976383,-0.022666,-0.128543,-0.172163
6.708063,0.121678,-0.051173,0.277211,0.976383,-0.022666,-0.128543,-0.172163
6.718131,0.121944,-0.051173,0.277378,0.976383,-0.022666,-0.128543,-0.172163
6.728199,0.122209,-0.051173,0.277547,0.976383,-0.022666,-0.128543,-0.172163
6.738257,0.122473,-0.051173,0.277717,0.976383,-0.022666,-0.128543,-0.172163
6.748319,0.122735,-0.051173,0.277890,0.976383,-0.022666,-0.128543,-0.172163
6.758382,0.122996,-0.051173,0.278065,0.976383,-0.022666,-0.128543,-0.172163
6.768439,0.123256,-0.051173,0.278242,0.976383,-0.022666,-0.128543,-0.172163
6.778492,0.123514,-0.051173,0.278421,0.976383,-0.022666,-0.128543,-0.172163
6.788555,0.123771,-0.051173,0.278602,0.976383,-0.022666,-0.128543,-0.172163
6.798618,0.124026,-0.051173,0.278785,0.976383,-0.022666,-0.128543,-0.172163
6.808680,0.124280,-0.051173,0.278970,0.976383,-0.022666,-0.128543,-0.172163
6.818742,0.124532,-0.051173,0.279157,0.976383,-0.022666,-0.128543,-0.172163
6.828803,0.124783,-0.051173,0.279346,0.976383,-0.022666,-0.128543,-0.172163
6.838929,0.125033,-0.051173,0.279537,0.976383,-0.022666,-0.128543,-0.172163
6.848989,0.125281,-0.051173,0.279730,0.976383,-0.022666,-0.128543,-0.172163
6.859048,0.125527,-0.051173,0.279925,0.976383,-0.022666,-0.128543,-0.172163
6.869109,0.125772,-0.051173,0.280122,0.976383,-0.022666,-0.128543,-0.172163
6.879170,0.126015,-0.051173,0.280320,0.976383,-0.022666,-0.128543,-0.172163
6.889232,0.126257,-0.051173,0.280521,0.976383,-0.022666,-0.128543,-0.172163
6.899296,0.126497,-0.051173,0.280724,0.976383,-0.022666,-0.128543,-0.172163
6.909359,0.126736,-0.051173,0.280928,0.976383,-0.022666,-0.128543,-0.172163
6.919421,0.126973,-0.051173,0.281134,0.976383,-0.022666,-0.128543,-0.172163
6.929482,0.127208,-0.051173,0.281342,0.976383,-0.022666,-0.128543,-0.172163
6.939541,0.127442,-0.051173,0.281552,0.976383,-0.022666,-0.128543,-0.172163
6.949604,0.127674,-0.051173,0.281764,0.976383,-0.022666,-0.128543,-0.172163
6.959663,0.127904,-0.051173,0.281978,0.976383,-0.022666,-0.128543,-0.172163
6.969725,0.128133,-0.051173,0.282193,0.976383,-0.022666,-0.128543,-0.172163
6.979784,0.128360,-0.051173,0.282410,0.976383,-0.022666,-0.128543,-0.172163
6.989847,0.128585,-0.051173,0.282629,0.976383,-0.022666,-0.128543,-0.172163
6.999911,0.128809,-0.051173,0.282850,0.976383,-0.022666,-0.128543,-0.172163
7.009973,0.129031,-0.051173,0.283072,0.976383,-0.022666,-0.128543,-0.172163
7.020036,0.129251,-0.051173,0.283296,0.976383,-0.022666,-0.128543,-0.172163
7.030098,0.129469,-0.051173,0.283522,0.976383,-0.022666,-0.128543,-0.172163
7.040158,0.129686,-0.051173,0.283750,0.976383,-0.022666,-0.128543,-0.172163
7.050219,0.129900,-0.051173,0.283979,0.976383,-0.022666,-0.128543,-0.172163
7.060279,0.130113,-0.051173,0.284210,0.976383,-0.022666,-0.128543,-0.172163
7.070341,0.130324,-0.051173,0.284443,0.976383,-0.022666,-0.128543,-0.172163
7.080401,0.130534,-0.051173,0.284677,0.976383,-0.022666,-0.128543,-0.172163
7.090464,0.130741,-0.051173,0.284913,0.976383,-0.022666,-0.128543,-0.172163
7.100528,0.130947,-0.051173,0.285151,0.976383,-0.022666,-0.128543,-0.172163
7.110587,0.131150,-0.051173,0.285390,0.976383,-0.022666,-0.128543,-0.172163
7.120639,0.131352,-0.051173,0.285631,0.976383,-0.022666,-0.128543,-0.172163
7.130717,0.131552,-0.051173,0.285873,0.976383,-0.022666,-0.128543,-0.172163
7.140781,0.131750,-0.051173,0.286117,0.976383,-0.022666,-0.128543,-0.172163
7.150842,0.131946,-0.051173,0.286362,0.976383,-0.022666,-0.128543,-0.172163
7.160904,0.132140,-0.051173,0.286609,0.976383,-0.022666,-0.128543,-0.172163
7.170964,0.132332,-0.051173,0.286858,0.976383,-0.022666,-0.128543,-0.172163
7.181016,0.132523,-0.051173,0.287108,0.976383,-0.022666,-0.128543,-0.172163
7.191076,0.132711,-0.051173,0.287359,0.976383,-0.022666,-0.128543,-0.172163
7.201138,0.132897,-0.051173,0.287612,0.976383,-0.022666,-0.128543,-0.172163
7.211200,0.133081,-0.051173,0.287867,0.976383,-0.022666,-0.128543,-0.172163
7.221263,0.133264,-0.051173,0.288123,0.976383,-0.022666,-0.128543,-0.172163
7.231324,0.133444,-0.051173,0.288380,0.976383,-0.022666,-0.128543,-0.172163
7.241384,0.133622,-0.051173,0.288639,0.976383,-0.022666,-0.128543,-0.172163
7.251446,0.133798,-0.051173,0.288899,0.976383,-0.022666,-0.128543,-0.172163
7.261510,0.133973,-0.051173,0.289160,0.976383,-0.022666,-0.128543,-0.172163
7.271567,0.134145,-0.051173,0.289423,0.976383,-0.022666,-0.128543,-0.172163
7.281628,0.134315,-0.051173,0.289687,0.976383,-0.022666,-0.128543,-0.172163
7.291689,0.134483,-0.051173,0.289953,0.976383,-0.022666,-0.128543,-0.172163
7.301742,0.134649,-0.051173,0.290220,0.976383,-0.022666,-0.128543,-0.172163
7.311792,0.134812,-0.051173,0.290488,0.976383,-0.022666,-0.128543,-0.172163
7.321844,0.134974,-0.051173,0.290757,0.976383,-0.022666,-0.128543,-0.172163
7.331904,0.135133,-0.051173,0.291028,0.976383,-0.022666,-0.128543,-0.172163
7.341971,0.135291,-0.051173,0.291299,0.976383,-0.022666,-0.128543,-0.172163
7.352033,0.135446,-0.051173,0.291573,0.976383,-0.022666,-0.128543,-0.172163
7.362100,0.135599,-0.051173,0.291847,0.976383,-0.022666,-0.128543,-0.172163
7.372162,0.135750,-0.051173,0.292122,0.976383,-0.022666,-0.128543,-0.172163
7.382221,0.135899,-0.051173,0.292399,0.976383,-0.022666,-0.128543,-0.172163
7.392274,0.136046,-0.051173,0.292677,0.976383,-0.022666,-0.128543,-0.172163
7.402327,0.136190,-0.051173,0.292956,0.976383,-0.022666,-0.128543,-0.172163
7.412377,0.136332,-0.051173,0.293236,0.976383,-0.022666,-0.128543,-0.172163
7.422495,0.136472,-0.051173,0.293517,0.976383,-0.022666,-0.128543,-0.172163
7.432546,0.136610,-0.051173,0.293800,0.976383,-0.022666,-0.128543,-0.172163
7.442605,0.136746,-0.051173,0.294083,0.976383,-0.022666,-0.128543,-0.172163
7.452667,0.136879,-0.051173,0.294367,0.976383,-0.022666,-0.128543,-0.172163
7.462721,0.137010,-0.051173,0.294653,0.976383,-0.022666,-0.128543,-0.172163
7.472774,0.137139,-0.051173,0.294939,0.976383,-0.022666,-0.128543,-0.172163
7.482827,0.137266,-0.051173,0.295227,0.976383,-0.022666,-0.128543,-0.172163
7.492891,0.137390,-0.051173,0.295515,0.976383,-0.022666,-0.128543,-0.172163
7.502956,0.137512,-0.051173,0.295805,0.976383,-0.022666,-0.128543,-0.172163
7.513009,0.137632,-0.051173,0.296095,0.976383,-0.022666,-0.128543,-0.172163
7.523060,0.137749,-0.051173,0.296387,0.976383,-0.022666,-0.128543,-0.172163
7.533112,0.137864,-0.051173,0.296679,0.976383,-0.022666,-0.128543,-0.172163
7.543174,0.137977,-0.051173,0.296972,0.976383,-0.022666,-0.128543,-0.172163
7.553237,0.138088,-0.051173,0.297266,0.976383,-0.022666,-0.128543,-0.172163
7.563290,0.138196,-0.051173,0.297561,0.976383,-0.022666,-0.128543,-0.172163
7.573345,0.138302,-0.051173,0.297857,0.976383,-0.022666,-0.128543,-0.172163
7.583405,0.138406,-0.051173,0.298153,0.976383,-0.022666,-0.128543,-0.172163
7.593468,0.138507,-0.051173,0.298451,0.976383,-0.022666,-0.128543,-0.172163
7.603532,0.138606,-0.051173,0.298749,0.976383,-0.022666,-0.128543,-0.172163
7.613595,0.138703,-0.051173,0.299048,0.976383,-0.022666,-0.128543,-0.172163
7.623657,0.138797,-0.051173,0.299347,0.976383,-0.022666,-0.128543,-0.172163
7.633720,0.138889,-0.051173,0.299648,0.976383,-0.022666,-0.128543,-0.172163
7.643785,0.138979,-0.051173,0.299949,0.976383,-0.022666,-0.128543,-0.172163
7.653841,0.139066,-0.051173,0.300251,0.976383,-0.022666,-0.128543,-0.172163
7.663897,0.139151,-0.051173,0.300553,0.976383,-0.022666,-0.128543,-0.172163
7.673952,0.139233,-0.051173,0.300856,0.976383,-0.022666,-0.128543,-0.172163
7.684014,0.139313,-0.051173,0.301160,0.976383,-0.022666,-0.128543,-0.172163
7.694076,0.139391,-0.051173,0.301465,0.976383,-0.022666,-0.128543,-0.172163
7.704139,0.139466,-0.051173,0.301770,0.976383,-0.022666,-0.128543,-0.172163
7.714201,0.139539,-0.051173,0.302075,0.976383,-0.022666,-0.128543,-0.172163
7.724263,0.139610,-0.051173,0.302381,0.976383,-0.022666,-0.128543,-0.172163
7.734317,0.139678,-0.051173,0.302688,0.976383,-0.022666,-0.128543,-0.172163
7.744381,0.139743,-0.051173,0.302995,0.976383,-0.022666,-0.128543,-0.172163
7.754444,0.139807,-0.051173,0.303303,0.976383,-0.022666,-0.128543,-0.172163
7.764507,0.139868,-0.051173,0.303611,0.976383,-0.022666,-0.128543,-0.172163
7.774571,0.139926,-0.051173,0.303920,0.976383,-0.022666,-0.128543,-0.172163
7.784635,0.139982,-0.051173,0.304229,0.976383,-0.022666,-0.128543,-0.172163
7.794699,0.140036,-0.051173,0.304538,0.976383,-0.022666,-0.128543,-0.172163
7.804761,0.140087,-0.051173,0.304848,0.976383,-0.022666,-0.128543,-0.172163
7.814814,0.140135,-0.051173,0.305159,0.976383,-0.022666,-0.128543,-0.172163
7.824878,0.140182,-0.051173,0.305470,0.976383,-0.022666,-0.128543,-0.172163
7.834943,0.140225,-0.051173,0.305781,0.976383,-0.022666,-0.128543,-0.172163
7.845006,0.140306,-0.051173,0.306404,0.976383,-0.022666,-0.128543,-0.172163
7.855069,0.140342,-0.051173,0.306716,0.976383,-0.022666,-0.128543,-0.172163
7.865132,0.140376,-0.051173,0.307028,0.976383,-0.022666,-0.128543,-0.172163
7.875197,0.140408,-0.051173,0.307341,0.976383,-0.022666,-0.128543,-0.172163
7.885258,0.140437,-0.051173,0.307653,0.976383,-0.022666,-0.128543,-0.172163
7.895321,0.140464,-0.051173,0.307966,0.976383,-0.022666,-0.128543,-0.172163
7.905384,0.140488,-0.051173,0.308280,0.976383,-0.022666,-0.128543,-0.172163
7.915449,0.140510,-0.051173,0.308593,0.976383,-0.022666,-0.128543,-0.172163
7.925511,0.140529,-0.051173,0.308907,0.976383,-0.022666,-0.128543,-0.172163
7.935574,0.140546,-0.051173,0.309220,0.976383,-0.022666,-0.128543,-0.172163
7.945637,0.140560,-0.051173,0.309534,0.976383,-0.022666,-0.128543,-0.172163
7.955702,0.140572,-0.051173,0.309848,0.976383,-0.022666,-0.128543,-0.172163
7.965763,0.140581,-0.051173,0.310162,0.976383,-0.022666,-0.128543,-0.172163
7.975826,0.140588,-0.051173,0.310476,0.976383,-0.022666,-0.128543,-0.172163
7.985842,0.140593,-0.051173,0.310790,0.976383,-0.022666,-0.128543,-0.172163
7.995906,0.140595,-0.051173,0.311104,0.976383,-0.022666,-0.128543,-0.172163
8.006014,0.140594,-0.051173,0.311419,0.976383,-0.022666,-0.128543,-0.172163
8.016066,0.140591,-0.051173,0.311733,0.976383,-0.022666,-0.128543,-0.172163
8.026118,0.140586,-0.051173,0.312047,0.976383,-0.022666,-0.128543,-0.172163
8.036170,0.140578,-0.051173,0.312361,0.976383,-0.022666,-0.128543,-0.172163
8.046222,0.140568,-0.051173,0.312675,0.976383,-0.022666,-0.128543,-0.172163
8.056274,0.140555,-0.051173,0.312989,0.976383,-0.022666,-0.128543,-0.172163
8.066326,0.140540,-0.051173,0.313303,0.976383,-0.022666,-0.128543,-0.172163
8.076378,0.140522,-0.051173,0.313616,0.976383,-0.022666,-0.128543,-0.172163
8.086430,0.140502,-0.051173,0.313930,0.976383,-0.022666,-0.128543,-0.172163
8.096482,0.140479,-0.051173,0.314243,0.976383,-0.022666,-0.128543,-0.172163
8.106537,0.140454,-0.051173,0.314556,0.976383,-0.022666,-0.128543,-0.172163
8.116590,0.140427,-0.051173,0.314869,0.976383,-0.022666,-0.128543,-0.172163
8.126643,0.140396,-0.051173,0.315182,0.976383,-0.022666,-0.128543,-0.172163
8.136695,0.140364,-0.051173,0.315494,0.976383,-0.022666,-0.128543,-0.172163
8.146747,0.140329,-0.051173,0.315807,0.976383,-0.022666,-0.128543,-0.172163
8.156799,0.140292,-0.051173,0.316119,0.976383,-0.022666,-0.128543,-0.172163
8.166839,0.140252,-0.051173,0.316430,0.976383,-0.022666,-0.128543,-0.172163
8.176895,0.140210,-0.051173,0.316741,0.976383,-0.022666,-0.128543,-0.172163
8.186950,0.140165,-0.051173,0.317052,0.976383,-0.022666,-0.128543,-0.172163
8.197012,0.140118,-0.051173,0.317363,0.976383,-0.022666,-0.128543,-0.172163
8.207075,0.140068,-0.051173,0.317673,0.976383,-0.022666,-0.128543,-0.172163
8.217130,0.140016,-0.051173,0.317983,0.976383,-0.022666,-0.128543,-0.172163
8.227194,0.139962,-0.051173,0.318292,0.976383,-0.022666,-0.128543,-0.172163
8.237259,0.139905,-0.051173,0.318601,0.976383,-0.022666,-0.128543,-0.172163
8.247312,0.139845,-0.051173,0.318910,0.976383,-0.022666,-0.128543,-0.172163
8.257366,0.139784,-0.051173,0.319218,0.976383,-0.022666,-0.128543,-0.172163
8.267418,0.139720,-0.051173,0.319525,0.976383,-0.022666,-0.128543,-0.172163
8.277501,0.139653,-0.051173,0.319832,0.976383,-0.022666,-0.128543,-0.172163
8.287563,0.139584,-0.051173,0.320139,0.976383,-0.022666,-0.128543,-0.172163
8.297616,0.139513,-0.051173,0.320445,0.976383,-0.022666,-0.128543,-0.172163
8.307670,0.139439,-0.051173,0.320750,0.976383,-0.022666,-0.128543,-0.172163
8.317724,0.139363,-0.051173,0.321055,0.976383,-0.022666,-0.128543,-0.172163
8.327778,0.139284,-0.051173,0.321359,0.976383,-0.022666,-0.128543,-0.172163
8.337831,0.139203,-0.051173,0.321663,0.976383,-0.022666,-0.128543,-0.172163
8.347855,0.139120,-0.051173,0.321966,0.976383,-0.022666,-0.128543,-0.172163
8.357918,0.139034,-0.051173,0.322268,0.976383,-0.022666,-0.128543,-0.172163
8.367981,0.138946,-0.051173,0.322569,0.976383,-0.022666,-0.128543,-0.172163
8.378041,0.138856,-0.051173,0.322870,0.976383,-0.022666,-0.128543,-0.172163
8.388105,0.138763,-0.051173,0.323170,0.976383,-0.022666,-0.128543,-0.172163
8.398160,0.138668,-0.051173,0.323470,0.976383,-0.022666,-0.128543,-0.172163
8.408221,0.138570,-0.051173,0.323768,0.976383,-0.022666,-0.128543,-0.172163
8.418283,0.138470,-0.051173,0.324066,0.976383,-0.022666,-0.128543,-0.172163
8.428345,0.138368,-0.051173,0.324363,0.976383,-0.022666,-0.128543,-0.172163
8.438406,0.138264,-0.051173,0.324660,0.976383,-0.022666,-0.128543,-0.172163
8.448466,0.138157,-0.051173,0.324955,0.976383,-0.022666,-0.128543,-0.172163
8.458527,0.138048,-0.051173,0.325250,0.976383,-0.022666,-0.128543,-0.172163
8.468588,0.137936,-0.051173,0.325543,0.976383,-0.022666,-0.128543,-0.172163
8.478652,0.137822,-0.051173,0.325836,0.976383,-0.022666,-0.128543,-0.172163
8.488711,0.137706,-0.051173,0.326128,0.976383,-0.022666,-0.128543,-0.172163
8.498771,0.137588,-0.051173,0.326419,0.976383,-0.022666,-0.128543,-0.172163
8.508832,0.137467,-0.051173,0.326709,0.976383,-0.022666,-0.128543,-0.172163
8.518893,0.137344,-0.051173,0.326998,0.976383,-0.022666,-0.128543,-0.172163
8.528954,0.137219,-0.051173,0.327286,0.976383,-0.022666,-0.128543,-0.172163
8.539008,0.137092,-0.051173,0.327574,0.976383,-0.022666,-0.128543,-0.172163
8.549069,0.136962,-0.051173,0.327860,0.976383,-0.022666,-0.128543,-0.172163
8.559129,0.136830,-0.051173,0.328145,0.976383,-0.022666,-0.128543,-0.172163
8.569250,0.136696,-0.051173,0.328429,0.976383,-0.022666,-0.128543,-0.172163
8.579313,0.136560,-0.051173,0.328712,0.976383,-0.022666,-0.128543,-0.172163
8.589374,0.136421,-0.051173,0.328994,0.976383,-0.022666,-0.128543,-0.172163
8.599437,0.136280,-0.051173,0.329275,0.976383,-0.022666,-0.128543,-0.172163
8.609501,0.136137,-0.051173,0.329554,0.976383,-0.022666,-0.128543,-0.172163
8.619561,0.135992,-0.051173,0.329833,0.976383,-0.022666,-0.128543,-0.172163
8.629623,0.135844,-0.051173,0.330110,0.976383,-0.022666,-0.128543,-0.172163
8.639688,0.135695,-0.051173,0.330387,0.976383,-0.022666,-0.128543,-0.172163
8.649747,0.135543,-0.051173,0.330662,0.976383,-0.022666,-0.128543,-0.172163
8.659808,0.135389,-0.051173,0.330936,0.976383,-0.022666,-0.128543,-0.172163
8.669871,0.135233,-0.051173,0.331208,0.976383,-0.022666,-0.128543,-0.172163
8.679932,0.135075,-0.051173,0.331480,0.976383,-0.022666,-0.128543,-0.172163
8.689992,0.134915,-0.051173,0.331750,0.976383,-0.022666,-0.128543,-0.172163
8.700054,0.134752,-0.051173,0.332019,0.976383,-0.022666,-0.128543,-0.172163
8.710113,0.134588,-0.051173,0.332286,0.976383,-0.022666,-0.128543,-0.172163
8.720177,0.134421,-0.051173,0.332553,0.976383,-0.022666,-0.128543,-0.172163
8.730238,0.134252,-0.051173,0.332818,0.976383,-0.022666,-0.128543,-0.172163
8.740300,0.134082,-0.051173,0.333081,0.976383,-0.022666,-0.128543,-0.172163
8.750362,0.133909,-0.051173,0.333344,0.976383,-0.022666,-0.128543,-0.172163
8.760425,0.133734,-0.051173,0.333605,0.976383,-0.022666,-0.128543,-0.172163
8.770487,0.133557,-0.051173,0.333864,0.976383,-0.022666,-0.128543,-0.172163
8.780540,0.133378,-0.051173,0.334122,0.976383,-0.022666,-0.128543,-0.172163
8.790602,0.133197,-0.051173,0.334379,0.976383,-0.022666,-0.128543,-0.172163
8.800661,0.133014,-0.051173,0.334634,0.976383,-0.022666,-0.128543,-0.172163
8.810720,0.132829,-0.051173,0.334888,0.976383,-0.022666,-0.128543,-0.172163
8.820782,0.132642,-0.051173,0.335141,0.976383,-0.022666,-0.128543,-0.172163
8.830841,0.132453,-0.051173,0.335392,0.976383,-0.022666,-0.128543,-0.172163
8.840900,0.132262,-0.051173,0.335641,0.976383,-0.022666,-0.128543,-0.172163
8.850960,0.132069,-0.051173,0.335889,0.976383,-0.022666,-0.128543,-0.172163
8.861019,0.131874,-0.051173,0.336136,0.976383,-0.022666,-0.128543,-0.172163
8.871080,0.131677,-0.051173,0.336380,0.976383,-0.022666,-0.128543,-0.172163
8.881140,0.131479,-0.051173,0.336624,0.976383,-0.022666,-0.128543,-0.172163
8.891201,0.131278,-0.051173,0.336866,0.976383,-0.022666,-0.128543,-0.172163
8.901265,0.131076,-0.051173,0.337106,0.976383,-0.022666,-0.128543,-0.172163
8.911325,0.130871,-0.051173,0.337344,0.976383,-0.022666,-0.128543,-0.172163
8.921388,0.130665,-0.051173,0.337581,0.976383,-0.022666,-0.128543,-0.172163
8.931447,0.130457,-0.051173,0.337817,0.976383,-0.022666,-0.128543,-0.172163
8.941508,0.130247,-0.051173,0.338050,0.976383,-0.022666,-0.128543,-0.172163
8.951569,0.130035,-0.051173,0.338282,0.976383,-0.022666,-0.128543,-0.172163
8.961630,0.129822,-0.051173,0.338513,0.976383,-0.022666,-0.128543,-0.172163
8.971690,0.129606,-0.051173,0.338742,0.976383,-0.022666,-0.128543,-0.172163
8.981751,0.129389,-0.051173,0.338969,0.976383,-0.022666,-0.128543,-0.172163
8.991810,0.129170,-0.051173,0.339194,0.976383,-0.022666,-0.128543,-0.172163
9.001842,0.128949,-0.051173,0.339417,0.976383,-0.022666,-0.128543,-0.172163
9.011903,0.128727,-0.051173,0.339639,0.976383,-0.022666,-0.128543,-0.172163
9.021966,0.128503,-0.051173,0.339859,0.976383,-0.022666,-0.128543,-0.172163
9.032029,0.128277,-0.051173,0.340078,0.976383,-0.022666,-0.128543,-0.172163
9.042089,0.128049,-0.051173,0.340294,0.976383,-0.022666,-0.128543,-0.172163
9.052150,0.127820,-0.051173,0.340509,0.976383,-0.022666,-0.128543,-0.172163
9.062210,0.127589,-0.051173,0.340722,0.976383,-0.022666,-0.128543,-0.172163
9.072271,0.127356,-0.051173,0.340933,0.976383,-0.022666,-0.128543,-0.172163
9.082331,0.127122,-0.051173,0.341142,0.976383,-0.022666,-0.128543,-0.172163
9.092394,0.126886,-0.051173,0.341349,0.976383,-0.022666,-0.128543,-0.172163
9.102459,0.126648,-0.051173,0.341555,0.976383,-0.022666,-0.128543,-0.172163
9.112523,0.126409,-0.051173,0.341759,0.976383,-0.022666,-0.128543,-0.172163
9.122576,0.126168,-0.051173,0.341961,0.976383,-0.022666,-0.128543,-0.172163
9.132637,0.125926,-0.051173,0.342160,0.976383,-0.022666,-0.128543,-0.172163
9.142697,0.125682,-0.051173,0.342358,0.976383,-0.022666,-0.128543,-0.172163
9.152761,0.125437,-0.051173,0.342554,0.976383,-0.022666,-0.128543,-0.172163
9.162815,0.125190,-0.051173,0.342749,0.976383,-0.022666,-0.128543,-0.172163
9.172879,0.124941,-0.051173,0.342941,0.976383,-0.022666,-0.128543,-0.172163
9.182934,0.124691,-0.051173,0.343131,0.976383,-0.022666,-0.128543,-0.172163
9.192999,0.124440,-0.051173,0.343319,0.976383,-0.022666,-0.128543,-0.172163
9.203052,0.124187,-0.051173,0.343506,0.976383,-0.022666,-0.128543,-0.172163
9.213114,0.123932,-0.051173,0.343690,0.976383,-0.022666,-0.128543,-0.172163
9.223177,0.123676,-0.051173,0.343872,0.976383,-0.022666,-0.128543,-0.172163
9.233238,0.123419,-0.051173,0.344052,0.976383,-0.022666,-0.128543,-0.172163
9.243301,0.123160,-0.051173,0.344231,0.976383,-0.022666,-0.128543,-0.172163
9.253360,0.122900,-0.051173,0.344407,0.976383,-0.022666,-0.128543,-0.172163
9.263422,0.122639,-0.051173,0.344581,0.976383,-0.022666,-0.128543,-0.172163
9.273485,0.122376,-0.051173,0.344753,0.976383,-0.022666,-0.128543,-0.172163
9.283539,0.122112,-0.051173,0.344923,0.976383,-0.022666,-0.128543,-0.172163
9.293599,0.121846,-0.051173,0.345091,0.976383,-0.022666,-0.128543,-0.172163
9.303663,0.121580,-0.051173,0.345257,0.976383,-0.022666,-0.128543,-0.172163
9.313720,0.121311,-0.051173,0.345421,0.976383,-0.022666,-0.128543,-0.172163
9.323783,0.121042,-0.051173,0.345582,0.976383,-0.022666,-0.128543,-0.172163
9.333843,0.120771,-0.051173,0.345742,0.976383,-0.022666,-0.128543,-0.172163
9.343905,0.120500,-0.051173,0.345899,0.976383,-0.022666,-0.128543,-0.172163
9.353964,0.120226,-0.051173,0.346055,0.976383,-0.022666,-0.128543,-0.172163
9.364026,0.119952,-0.051173,0.346208,0.976383,-0.022666,-0.128543,-0.172163
9.374086,0.119677,-0.051173,0.346359,0.976383,-0.022666,-0.128543,-0.172163
9.384147,0.119400,-0.051173,0.346507,0.976383,-0.022666,-0.128543,-0.172163
9.394207,0.119122,-0.051173,0.346654,0.976383,-0.022666,-0.128543,-0.172163
9.404275,0.118843,-0.051173,0.346798,0.976383,-0.022666,-0.128543,-0.172163
9.414337,0.118563,-0.051173,0.346941,0.976383,-0.022666,-0.128543,-0.172163
9.424400,0.118282,-0.051173,0.347081,0.976383,-0.022666,-0.128543,-0.172163
9.434460,0.117999,-0.051173,0.347218,0.976383,-0.022666,-0.128543,-0.172163
9.444520,0.117716,-0.051173,0.347354,0.976383,-0.022666,-0.128543,-0.172163
9.454581,0.117432,-0.051173,0.347487,0.976383,-0.022666,-0.128543,-0.172163
9.464639,0.117146,-0.051173,0.347618,0.976383,-0.022666,-0.128543,-0.172163
9.474692,0.116860,-0.051173,0.347747,0.976383,-0.022666,-0.128543,-0.172163
9.484745,0.116572,-0.051173,0.347874,0.976383,-0.022666,-0.128543,-0.172163
9.494794,0.116284,-0.051173,0.347998,0.976383,-0.022666,-0.128543,-0.172163
9.504846,0.115994,-0.051173,0.348120,0.976383,-0.022666,-0.128543,-0.172163
9.514899,0.115704,-0.051173,0.348240,0.976383,-0.022666,-0.128543,-0.172163
9.524953,0.115412,-0.051173,0.348358,0.976383,-0.022666,-0.128543,-0.172163
9.535014,0.114827,-0.051173,0.348586,0.976383,-0.022666,-0.128543,-0.172163
9.545074,0.114533,-0.051173,0.348696,0.976383,-0.022666,-0.128543,-0.172163
9.555136,0.114238,-0.051173,0.348805,0.976383,-0.022666,-0.128543,-0.172163
9.565192,0.113942,-0.051173,0.348911,0.976383,-0.022666,-0.128543,-0.172163
9.575251,0.113646,-0.051173,0.349014,0.976383,-0.022666,-0.128543,-0.172163
9.585306,0.113348,-0.051173,0.349116,0.976383,-0.022666,-0.128543,-0.172163
9.595360,0.113050,-0.051173,0.349215,0.976383,-0.022666,-0.128543,-0.172163
9.605413,0.112751,-0.051173,0.349311,0.976383,-0.022666,-0.128543,-0.172163
9.615465,0.112452,-0.051173,0.349406,0.976383,-0.022666,-0.128543,-0.172163
9.625517,0.112151,-0.051173,0.349498,0.976383,-0.022666,-0.128543,-0.172163
9.635581,0.111850,-0.051173,0.349587,0.976383,-0.022666,-0.128543,-0.172163
9.645645,0.111548,-0.051173,0.349674,0.976383,-0.022666,-0.128543,-0.172163
9.655710,0.111246,-0.051173,0.349759,0.976383,-0.022666,-0.128543,-0.172163
9.665763,0.110943,-0.051173,0.349842,0.976383,-0.022666,-0.128543,-0.172163
9.675826,0.110639,-0.051173,0.349922,0.976383,-0.022666,-0.128543,-0.172163
9.685843,0.110334,-0.051173,0.349999,0.976383,-0.022666,-0.128543,-0.172163
9.695899,0.110029,-0.051173,0.350075,0.976383,-0.022666,-0.128543,-0.172163
9.705962,0.109724,-0.051173,0.350148,0.976383,-0.022666,-0.128543,-0.172163
9.716024,0.109418,-0.051172,0.350218,0.976383,-0.022666,-0.128543,-0.172163
9.726089,0.109111,-0.051172,0.350286,0.976383,-0.022666,-0.128543,-0.172163
9.736144,0.108804,-0.051172,0.350352,0.976383,-0.022666,-0.128543,-0.172163
9.746201,0.108496,-0.051172,0.350415,0.976383,-0.022666,-0.128543,-0.172163
9.756268,0.108188,-0.051172,0.350476,0.976383,-0.022666,-0.128543,-0.172163
9.766334,0.107879,-0.051172,0.350534,0.976383,-0.022666,-0.128543,-0.172163
9.776401,0.107570,-0.051172,0.350590,0.976383,-0.022666,-0.128543,-0.172163
9.786464,0.107261,-0.051172,0.350644,0.976383,-0.022666,-0.128543,-0.172163
9.796525,0.106951,-0.051172,0.350695,0.976383,-0.022666,-0.128543,-0.172163
9.806588,0.106640,-0.051172,0.350744,0.976383,-0.022666,-0.128543,-0.172163
9.816651,0.106330,-0.051172,0.350790,0.976383,-0.022666,-0.128543,-0.172163
9.826712,0.106018,-0.051172,0.350834,0.976383,-0.022666,-0.128543,-0.172163
9.836773,0.105707,-0.051172,0.350875,0.976383,-0.022666,-0.128543,-0.172163
9.846833,0.105395,-0.051172,0.350914,0.976383,-0.022666,-0.128543,-0.172163
9.856894,0.105083,-0.051172,0.350951,0.976383,-0.022666,-0.128543,-0.172163
9.866954,0.104771,-0.051172,0.350985,0.976383,-0.022666,-0.128543,-0.172163
9.877015,0.104458,-0.051172,0.351016,0.976383,-0.022666,-0.128543,-0.172163
9.887075,0.104146,-0.051172,0.351045,0.976383,-0.022666,-0.128543,-0.172163
9.897136,0.103833,-0.051172,0.351072,0.976383,-0.022666,-0.128543,-0.172163
9.907197,0.103519,-0.051172,0.351096,0.976383,-0.022666,-0.128543,-0.172163
9.917260,0.103206,-0.051172,0.351118,0.976383,-0.022666,-0.128543,-0.172163
9.927321,0.102892,-0.051172,0.351137,0.976383,-0.022666,-0.128543,-0.172163
9.937381,0.102579,-0.051172,0.351154,0.976383,-0.022666,-0.128543,-0.172163
9.947441,0.102265,-0.051172,0.351168,0.976383,-0.022666,-0.128543,-0.172163
9.957502,0.101951,-0.051172,0.351180,0.976383,-0.022666,-0.128543,-0.172163
9.967566,0.101637,-0.051172,0.351190,0.976383,-0.022666,-0.128543,-0.172163
9.977630,0.101323,-0.051172,0.351197,0.976383,-0.022666,-0.128543,-0.172163
9.987691,0.101009,-0.051172,0.351201,0.976383,-0.022666,-0.128543,-0.172163
9.997753,0.100695,-0.051172,0.351203,0.976383,-0.022666,-0.128543,-0.172163
10.007816,0.100380,-0.051172,0.351203,0.976383,-0.022666,-0.128543,-0.172163
10.017877,0.100066,-0.051172,0.351200,0.976383,-0.022666,-0.128543,-0.172163
10.027940,0.099752,-0.051172,0.351194,0.976383,-0.022666,-0.128543,-0.172163
10.038000,0.099438,-0.051172,0.351186,0.976383,-0.022666,-0.128543,-0.172163
10.048062,0.099124,-0.051172,0.351176,0.976383,-0.022666,-0.128543,-0.172163
10.058123,0.098810,-0.051172,0.351163,0.976383,-0.022666,-0.128543,-0.172163
10.068184,0.098496,-0.051172,0.351148,0.976383,-0.022666,-0.128543,-0.172163
10.078244,0.098183,-0.051172,0.351130,0.976383,-0.022666,-0.128543,-0.172163
10.088305,0.097869,-0.051172,0.351110,0.976383,-0.022666,-0.128543,-0.172163
10.098364,0.097556,-0.051172,0.351088,0.976383,-0.022666,-0.128543,-0.172163
10.108429,0.097243,-0.051172,0.351062,0.976383,-0.022666,-0.128543,-0.172163
10.118493,0.096930,-0.051172,0.351035,0.976383,-0.022666,-0.128543,-0.172163
10.128554,0.096617,-0.051172,0.351005,0.976383,-0.022666,-0.128543,-0.172163
10.138616,0.096305,-0.051172,0.350972,0.976383,-0.022666,-0.128543,-0.172163
10.148676,0.095992,-0.051172,0.350937,0.976383,-0.022666,-0.128543,-0.172163
10.158738,0.095681,-0.051172,0.350900,0.976383,-0.022666,-0.128543,-0.172163
10.168802,0.095369,-0.051172,0.350860,0.976383,-0.022666,-0.128543,-0.172163
10.178843,0.095058,-0.051172,0.350818,0.976383,-0.022666,-0.128543,-0.172163
10.188898,0.094747,-0.051172,0.350773,0.976383,-0.022666,-0.128543,-0.172163
10.198961,0.094436,-0.051172,0.350726,0.976383,-0.022666,-0.128543,-0.172163
10.209025,0.094126,-0.051172,0.350677,0.976383,-0.022666,-0.128543,-0.172163
10.219089,0.093816,-0.051172,0.350625,0.976383,-0.022666,-0.128543,-0.172163
10.229149,0.093507,-0.051172,0.350570,0.976383,-0.022666,-0.128543,-0.172163
10.239213,0.093198,-0.051172,0.350513,0.976383,-0.022666,-0.128543,-0.172163
10.249276,0.092889,-0.051172,0.350454,0.976383,-0.022666,-0.128543,-0.172163
10.259341,0.092581,-0.051172,0.350392,0.976383,-0.022666,-0.128543,-0.172163
10.269403,0.092274,-0.051172,0.350328,0.976383,-0.022666,-0.128543,-0.172163
10.279467,0.091967,-0.051172,0.350261,0.976383,-0.022666,-0.128543,-0.172163
10.289531,0.091660,-0.051172,0.350192,0.976383,-0.022666,-0.128543,-0.172163
10.299595,0.091354,-0.051172,0.350121,0.976383,-0.022666,-0.128543,-0.172163
10.309660,0.091049,-0.051172,0.350047,0.976383,-0.022666,-0.128543,-0.172163
10.319687,0.090744,-0.051172,0.349971,0.976383,-0.022666,-0.128543,-0.172163
10.329748,0.090440,-0.051172,0.349893,0.976383,-0.022666,-0.128543,-0.172163
10.339813,0.090136,-0.051172,0.349812,0.976383,-0.022666,-0.128543,-0.172163
10.349881,0.089833,-0.051172,0.349728,0.976383,-0.022666,-0.128543,-0.172163
10.359942,0.089531,-0.051172,0.349643,0.976383,-0.022666,-0.128543,-0.172163
10.370006,0.089230,-0.051172,0.349554,0.976383,-0.022666,-0.128543,-0.172163
10.380066,0.088929,-0.051172,0.349464,0.976383,-0.022666,-0.128543,-0.172163
10.390126,0.088629,-0.051172,0.349371,0.976383,-0.022666,-0.128543,-0.172163
10.400185,0.088329,-0.051172,0.349276,0.976383,-0.022666,-0.128543,-0.172163
10.410259,0.088031,-0.051172,0.349178,0.976383,-0.022666,-0.128543,-0.172163
10.420323,0.087733,-0.051172,0.349079,0.976383,-0.022666,-0.128543,-0.172163
10.430385,0.087436,-0.051172,0.348976,0.976383,-0.022666,-0.128543,-0.172163
10.440448,0.087139,-0.051172,0.348872,0.976383,-0.022666,-0.128543,-0.172163
10.450511,0.086844,-0.051172,0.348765,0.976383,-0.022666,-0.128543,-0.172163
10.460572,0.086549,-0.051172,0.348656,0.976383,-0.022666,-0.128543,-0.172163
10.470634,0.086256,-0.051172,0.348544,0.976383,-0.022666,-0.128543,-0.172163
10.480698,0.085963,-0.051172,0.348431,0.976383,-0.022666,-0.128543,-0.172163
10.490751,0.085671,-0.051172,0.348315,0.976383,-0.022666,-0.128543,-0.172163
10.500802,0.085380,-0.051172,0.348196,0.976383,-0.022666,-0.128543,-0.172163
10.510853,0.085090,-0.051172,0.348076,0.976383,-0.022666,-0.128543,-0.172163
10.520906,0.084801,-0.051172,0.347953,0.976383,-0.022666,-0.128543,-0.172163
10.530961,0.084513,-0.051172,0.347828,0.976383,-0.022666,-0.128543,-0.172163
10.541024,0.084225,-0.051172,0.347700,0.976383,-0.022666,-0.128543,-0.172163
10.551086,0.083939,-0.051172,0.347570,0.976383,-0.022666,-0.128543,-0.172163
10.561148,0.083654,-0.051172,0.347438,0.976383,-0.022666,-0.128543,-0.172163
10.571201,0.083370,-0.051172,0.347304,0.976383,-0.022666,-0.128543,-0.172163
10.581254,0.083087,-0.051172,0.347168,0.976383,-0.022666,-0.128543,-0.172163
10.591375,0.082805,-0.051172,0.347029,0.976383,-0.022666,-0.128543,-0.172163
10.601428,0.082524,-0.051172,0.346888,0.976383,-0.022666,-0.128543,-0.172163
10.611487,0.082245,-0.051172,0.346745,0.976383,-0.022666,-0.128543,-0.172163
10.621548,0.081966,-0.051172,0.346600,0.976383,-0.022666,-0.128543,-0.172163
10.631609,0.081689,-0.051172,0.346453,0.976383,-0.022666,-0.128543,-0.172163
10.641672,0.081412,-0.051172,0.346303,0.976383,-0.022666,-0.128543,-0.172163
10.651735,0.081137,-0.051172,0.346151,0.976383,-0.022666,-0.128543,-0.172163
10.661797,0.080863,-0.051172,0.345998,0.976383,-0.022666,-0.128543,-0.172163
10.671860,0.080591,-0.051172,0.345842,0.976383,-0.022666,-0.128543,-0.172163
10.681924,0.080319,-0.051172,0.345683,0.976383,-0.022666,-0.128543,-0.172163
10.691990,0.080049,-0.051172,0.345523,0.976383,-0.022666,-0.128543,-0.172163
10.702054,0.079780,-0.051172,0.345361,0.976383,-0.022666,-0.128543,-0.172163
10.712119,0.079513,-0.051172,0.345196,0.976383,-0.022666,-0.128543,-0.172163
10.722184,0.079246,-0.051172,0.345029,0.976383,-0.022666,-0.128543,-0.172163
10.732246,0.078981,-0.051172,0.344861,0.976383,-0.022666,-0.128543,-0.172163
10.742310,0.078718,-0.051172,0.344690,0.976383,-0.022666,-0.128543,-0.172163
10.752374,0.078455,-0.051172,0.344517,0.976383,-0.022666,-0.128543,-0.172163
10.762438,0.078194,-0.051172,0.344342,0.976383,-0.022666,-0.128543,-0.172163
10.772494,0.077935,-0.051172,0.344165,0.976383,-0.022666,-0.128543,-0.172163
10.782556,0.077677,-0.051172,0.343986,0.976383,-0.022666,-0.128543,-0.172163
10.792619,0.077420,-0.051172,0.343805,0.976383,-0.022666,-0.128543,-0.172163
10.802681,0.077165,-0.051172,0.343622,0.976383,-0.022666,-0.128543,-0.172163
10.812735,0.076911,-0.051172,0.343437,0.976383,-0.022666,-0.128543,-0.172163
10.822796,0.076658,-0.051172,0.343250,0.976383,-0.022666,-0.128543,-0.172163
10.832859,0.076407,-0.051172,0.343061,0.976383,-0.022666,-0.128543,-0.172163
10.842918,0.076158,-0.051172,0.342870,0.976383,-0.022666,-0.128543,-0.172163
10.852980,0.075910,-0.051172,0.342677,0.976383,-0.022666,-0.128543,-0.172163
10.863040,0.075663,-0.051172,0.342482,0.976383,-0.022666,-0.128543,-0.172163
10.873101,0.075419,-0.051172,0.342286,0.976383,-0.022666,-0.128543,-0.172163
10.883187,0.075175,-0.051172,0.342087,0.976383,-0.022666,-0.128543,-0.172163
10.893247,0.074933,-0.051172,0.341886,0.976383,-0.022666,-0.128543,-0.172163
10.903281,0.074693,-0.051172,0.341684,0.976383,-0.022666,-0.128543,-0.172163
10.913344,0.074455,-0.051172,0.341480,0.976383,-0.022666,-0.128543,-0.172163
10.923406,0.074218,-0.051172,0.341273,0.976383,-0.022666,-0.128543,-0.172163
10.933468,0.073982,-0.051172,0.341065,0.976383,-0.022666,-0.128543,-0.172163
10.943536,0.073749,-0.051172,0.340855,0.976383,-0.022666,-0.128543,-0.172163
10.953599,0.073517,-0.051172,0.340643,0.976383,-0.022666,-0.128543,-0.172163
10.963654,0.073286,-0.051172,0.340430,0.976383,-0.022666,-0.128543,-0.172163
10.973718,0.073058,-0.051172,0.340215,0.976383,-0.022666,-0.128543,-0.172163
10.983779,0.072831,-0.051172,0.339997,0.976383,-0.022666,-0.128543,-0.172163
10.993842,0.072605,-0.051172,0.339778,0.976383,-0.022666,-0.128543,-0.172163
11.003906,0.072382,-0.051172,0.339558,0.976383,-0.022666,-0.128543,-0.172163
11.013970,0.072160,-0.051172,0.339335,0.976383,-0.022666,-0.128543,-0.172163
11.024033,0.071940,-0.051172,0.339111,0.976383,-0.022666,-0.128543,-0.172163
11.034096,0.071721,-0.051172,0.338885,0.976383,-0.022666,-0.128543,-0.172163
11.044159,0.071505,-0.051172,0.338657,0.976383,-0.022666,-0.128543,-0.172163
11.054224,0.071290,-0.051172,0.338428,0.976383,-0.022666,-0.128543,-0.172163
11.064286,0.071077,-0.051172,0.338197,0.976383,-0.022666,-0.128543,-0.172163
11.074346,0.070866,-0.051172,0.337964,0.976383,-0.022666,-0.128543,-0.172163
11.084410,0.070657,-0.051172,0.337730,0.976383,-0.022666,-0.128543,-0.172163
11.094472,0.070450,-0.051172,0.337494,0.976383,-0.022666,-0.128543,-0.172163
11.104536,0.070244,-0.051172,0.337257,0.976383,-0.022666,-0.128543,-0.172163
11.114591,0.070040,-0.051172,0.337017,0.976383,-0.022666,-0.128543,-0.172163
11.124654,0.069839,-0.051172,0.336777,0.976383,-0.022666,-0.128543,-0.172163
11.134719,0.069639,-0.051172,0.336534,0.976383,-0.022666,-0.128543,-0.172163
11.144781,0.069441,-0.051172,0.336290,0.976383,-0.022666,-0.128543,-0.172163
11.154835,0.069245,-0.051172,0.336045,0.976383,-0.022666,-0.128543,-0.172163
11.164888,0.069050,-0.051172,0.335798,0.976383,-0.022666,-0.128543,-0.172163
11.174961,0.068858,-0.051172,0.335549,0.976383,-0.022666,-0.128543,-0.172163
11.185014,0.068480,-0.051172,0.335048,0.976383,-0.022666,-0.128543,-0.172163
11.195066,0.068293,-0.051172,0.334795,0.976383,-0.022666,-0.128543,-0.172163
11.205118,0.068109,-0.051172,0.334541,0.976383,-0.022666,-0.128543,-0.172163
11.215172,0.067927,-0.051172,0.334285,0.976383,-0.022666,-0.128543,-0.172163
11.225224,0.067747,-0.051172,0.334027,0.976383,-0.022666,-0.128543,-0.172163
11.235277,0.067568,-0.051172,0.333769,0.976383,-0.022666,-0.128543,-0.172163
11.245329,0.067392,-0.051172,0.333509,0.976383,-0.022666,-0.128543,-0.172163
11.255383,0.067218,-0.051172,0.333247,0.976383,-0.022666,-0.128543,-0.172163
11.265435,0.067046,-0.051172,0.332984,0.976383,-0.022666,-0.128543,-0.172163
11.275488,0.066876,-0.051172,0.332720,0.976383,-0.022666,-0.128543,-0.172163
11.285541,0.066708,-0.051172,0.332455,0.976383,-0.022666,-0.128543,-0.172163
11.295568,0.066542,-0.051172,0.332188,0.976383,-0.022666,-0.128543,-0.172163
11.305619,0.066378,-0.051172,0.331920,0.976383,-0.022666,-0.128543,-0.172163
11.315673,0.066217,-0.051172,0.331650,0.976383,-0.022666,-0.128543,-0.172163
11.325725,0.066057,-0.051172,0.331380,0.976383,-0.022666,-0.128543,-0.172163
11.335786,0.065900,-0.051172,0.331108,0.976383,-0.022666,-0.128543,-0.172163
11.345850,0.065745,-0.051172,0.330835,0.976383,-0.022666,-0.128543,-0.172163
11.355912,0.065591,-0.051172,0.330560,0.976383,-0.022666,-0.128543,-0.172163
11.365971,0.065440,-0.051172,0.330285,0.976383,-0.022666,-0.128543,-0.172163
11.376033,0.065292,-0.051172,0.330008,0.976383,-0.022666,-0.128543,-0.172163
11.386092,0.065145,-0.051172,0.329730,0.976383,-0.022666,-0.128543,-0.172163
11.396151,0.065001,-0.051172,0.329451,0.976383,-0.022666,-0.128543,-0.172163
11.406211,0.064858,-0.051172,0.329171,0.976383,-0.022666,-0.128543,-0.172163
11.416273,0.064718,-0.051172,0.328890,0.976383,-0.022666,-0.128543,-0.172163
11.426334,0.064581,-0.051172,0.328608,0.976383,-0.022666,-0.128543,-0.172163
11.436398,0.064445,-0.051172,0.328324,0.976383,-0.022666,-0.128543,-0.172163
11.446503,0.064312,-0.051172,0.328040,0.976383,-0.022666,-0.128543,-0.172163
11.456564,0.064181,-0.051172,0.327754,0.976383,-0.022666,-0.128543,-0.172163
11.466627,0.064052,-0.051172,0.327468,0.976383,-0.022666,-0.128543,-0.172163
11.476685,0.063925,-0.051172,0.327180,0.976383,-0.022666,-0.128543,-0.172163
11.486738,0.063801,-0.051172,0.326892,0.976383,-0.022666,-0.128543,-0.172163
11.496791,0.063679,-0.051172,0.326602,0.976383,-0.022666,-0.128543,-0.172163
11.506845,0.063559,-0.051172,0.326312,0.976383,-0.022666,-0.128543,-0.172163
11.516898,0.063441,-0.051172,0.326021,0.976383,-0.022666,-0.128543,-0.172163
11.526951,0.063326,-0.051172,0.325728,0.976383,-0.022666,-0.128543,-0.172163
11.537007,0.063213,-0.051172,0.325435,0.976383,-0.022666,-0.128543,-0.172163
11.547063,0.063103,-0.051172,0.325141,0.976383,-0.022666,-0.128543,-0.172163
11.557117,0.062994,-0.051172,0.324846,0.976383,-0.022666,-0.128543,-0.172163
11.567169,0.062888,-0.051172,0.324551,0.976383,-0.022666,-0.128543,-0.172163
11.577222,0.062785,-0.051172,0.324254,0.976383,-0.022666,-0.128543,-0.172163
11.587275,0.062683,-0.051172,0.323957,0.976383,-0.022666,-0.128543,-0.172163
11.597328,0.062584,-0.051172,0.323659,0.976383,-0.022666,-0.128543,-0.172163
11.607382,0.062488,-0.051172,0.323360,0.976383,-0.022666,-0.128543,-0.172163
11.617434,0.062393,-0.051172,0.323060,0.976383,-0.022666,-0.128543,-0.172163
11.627487,0.062301,-0.051172,0.322760,0.976383,-0.022666,-0.128543,-0.172163
11.637542,0.062212,-0.051172,0.322458,0.976383,-0.022666,-0.128543,-0.172163
11.647606,0.062125,-0.051172,0.322157,0.976383,-0.022666,-0.128543,-0.172163
11.657671,0.062040,-0.051172,0.321854,0.976383,-0.022666,-0.128543,-0.172163
11.667733,0.061957,-0.051172,0.321551,0.976383,-0.022666,-0.128543,-0.172163
11.677796,0.061877,-0.051173,0.321247,0.976383,-0.022666,-0.128543,-0.172163
11.687843,0.061800,-0.051173,0.320943,0.976383,-0.022666,-0.128543,-0.172163
11.697900,0.061724,-0.051173,0.320638,0.976383,-0.022666,-0.128543,-0.172163
11.707963,0.061651,-0.051173,0.320332,0.976383,-0.022666,-0.128543,-0.172163
11.718088,0.061581,-0.051173,0.320026,0.976383,-0.022666,-0.128543,-0.172163
11.728153,0.061513,-0.051173,0.319719,0.976383,-0.022666,-0.128543,-0.172163
11.738206,0.061447,-0.051173,0.319412,0.976383,-0.022666,-0.128543,-0.172163
11.748269,0.061384,-0.051173,0.319104,0.976383,-0.022666,-0.128543,-0.172163
11.758333,0.061323,-0.051173,0.318796,0.976383,-0.022666,-0.128543,-0.172163
11.768386,0.061265,-0.051173,0.318488,0.976383,-0.022666,-0.128543,-0.172163
11.778441,0.061209,-0.051173,0.318178,0.976383,-0.022666,-0.128543,-0.172163
11.788494,0.061155,-0.051173,0.317869,0.976383,-0.022666,-0.128543,-0.172163
11.798547,0.061104,-0.051173,0.317559,0.976383,-0.022666,-0.128543,-0.172163
11.808608,0.061055,-0.051173,0.317249,0.976383,-0.022666,-0.128543,-0.172163
11.818670,0.061009,-0.051173,0.316938,0.976383,-0.022666,-0.128543,-0.172163
11.828730,0.060965,-0.051173,0.316627,0.976383,-0.022666,-0.128543,-0.172163
11.838790,0.060924,-0.051173,0.316315,0.976383,-0.022666,-0.128543,-0.172163
11.848854,0.060885,-0.051173,0.316004,0.976383,-0.022666,-0.128543,-0.172163
11.858918,0.060848,-0.051173,0.315692,0.976383,-0.022666,-0.128543,-0.172163
11.868977,0.060814,-0.051173,0.315379,0.976383,-0.022666,-0.128543,-0.172163
11.879038,0.060783,-0.051173,0.315067,0.976383,-0.022666,-0.128543,-0.172163
11.889098,0.060754,-0.051173,0.314754,0.976383,-0.022666,-0.128543,-0.172163
11.899161,0.060727,-0.051173,0.314441,0.976383,-0.022666,-0.128543,-0.172163
11.909224,0.060703,-0.051173,0.314128,0.976383,-0.022666,-0.128543,-0.172163
11.919285,0.060681,-0.051173,0.313814,0.976383,-0.022666,-0.128543,-0.172163
11.929346,0.060662,-0.051173,0.313501,0.976383,-0.022666,-0.128543,-0.172163
11.939407,0.060645,-0.051173,0.313187,0.976383,-0.022666,-0.128543,-0.172163
11.949465,0.060631,-0.051173,0.312873,0.976383,-0.022666,-0.128543,-0.172163
11.959527,0.060619,-0.051173,0.312559,0.976383,-0.022666,-0.128543,-0.172163
11.969590,0.060609,-0.051173,0.312245,0.976383,-0.022666,-0.128543,-0.172163
11.979650,0.060602,-0.051173,0.311931,0.976383,-0.022666,-0.128543,-0.172163
11.989711,0.060598,-0.051173,0.311617,0.976383,-0.022666,-0.128543,-0.172163
11.999771,0.060596,-0.051173,0.311303,0.976383,-0.022666,-0.128543,-0.172163
12.009833,0.060596,-0.051173,0.310995,0.976383,-0.022666,-0.128543,-0.172163
12.019893,0.060599,-0.051173,0.310698,0.976383,-0.022666,-0.128543,-0.172163
12.029954,0.060604,-0.051173,0.310414,0.976383,-0.022666,-0.128543,-0.172163
12.040019,0.060610,-0.051173,0.310140,0.976383,-0.022666,-0.128543,-0.172163
12.050080,0.060618,-0.051173,0.309879,0.976383,-0.022666,-0.128543,-0.172163
12.060143,0.060627,-0.051173,0.309629,0.976383,-0.022666,-0.128543,-0.172163
12.070202,0.060637,-0.051173,0.309391,0.976383,-0.022666,-0.128543,-0.172163
12.080264,0.060648,-0.051173,0.309165,0.976383,-0.022666,-0.128543,-0.172163
12.090324,0.060659,-0.051173,0.308951,0.976383,-0.022666,-0.128543,-0.172163
12.100384,0.060671,-0.051173,0.308749,0.976383,-0.022666,-0.128543,-0.172163
12.110446,0.060683,-0.051173,0.308559,0.976383,-0.022666,-0.128543,-0.172163
12.120510,0.060695,-0.051173,0.308381,0.976383,-0.022666,-0.128543,-0.172163
12.130573,0.060708,-0.051173,0.308214,0.976383,-0.022666,-0.128543,-0.172163
12.140642,0.060719,-0.051173,0.308060,0.976383,-0.022666,-0.128543,-0.172163
12.150696,0.060731,-0.051173,0.307917,0.976383,-0.022666,-0.128543,-0.172163
12.160730,0.060742,-0.051173,0.307787,0.976383,-0.022666,-0.128543,-0.172163
12.170794,0.060752,-0.051173,0.307669,0.976383,-0.022666,-0.128543,-0.172163
12.180859,0.060762,-0.051173,0.307562,0.976383,-0.022666,-0.128543,-0.172163
12.190918,0.060770,-0.051173,0.307467,0.976383,-0.022666,-0.128543,-0.172163
12.200982,0.060778,-0.051173,0.307385,0.976383,-0.022666,-0.128543,-0.172163
12.211041,0.060785,-0.051173,0.307315,0.976383,-0.022666,-0.128543,-0.172163
12.221102,0.060791,-0.051173,0.307257,0.976383,-0.022666,-0.128543,-0.172163
12.231163,0.060795,-0.051173,0.307211,0.976383,-0.022666,-0.128543,-0.172163
12.241226,0.060799,-0.051173,0.307176,0.976383,-0.022666,-0.128543,-0.172163
12.251291,0.060801,-0.051173,0.307154,0.976383,-0.022666,-0.128543,-0.172163
12.261355,0.060802,-0.051173,0.307143,0.976383,-0.022666,-0.128543,-0.172163
12.271416,0.060802,-0.051173,0.307143,0.976383,-0.022666,-0.128543,-0.172163
12.281478,0.060802,-0.051173,0.307143,0.976383,-0.022666,-0.128543,-0.172163
12.291538,0.060802,-0.051173,0.307143,0.976383,-0.022666,-0.128543,-0.172163
12.301591,0.060802,-0.051173,0.307143,0.976383,-0.022666,-0.128543,-0.172163
12.311641,0.060802,-0.051173,0.307143,0.976383,-0.022666,-0.128543,-0.172163
12.321694,0.060802,-0.051173,0.307143,0.976383,-0.022666,-0.128543,-0.172163
12.331755,0.060795,-0.051173,0.307213,0.976383,-0.022666,-0.128543,-0.172163
12.341816,0.060787,-0.051173,0.307299,0.976383,-0.022666,-0.128543,-0.172163
12.351878,0.060777,-0.051173,0.307398,0.976383,-0.022666,-0.128543,-0.172163
12.361937,0.060767,-0.051173,0.307509,0.976383,-0.022666,-0.128543,-0.172163
12.372000,0.060755,-0.051173,0.307632,0.976383,-0.022666,-0.128543,-0.172163
12.382062,0.060743,-0.051173,0.307767,0.976383,-0.022666,-0.128543,-0.172163
12.392116,0.060731,-0.051173,0.307915,0.976383,-0.022666,-0.128543,-0.172163
12.402168,0.060718,-0.051173,0.308074,0.976383,-0.022666,-0.128543,-0.172163
12.412221,0.060705,-0.051173,0.308246,0.976383,-0.022666,-0.128543,-0.172163
12.422275,0.060692,-0.051173,0.308430,0.976383,-0.022666,-0.128543,-0.172163
12.432336,0.060679,-0.051173,0.308627,0.976383,-0.022666,-0.128543,-0.172163
12.442398,0.060666,-0.051173,0.308834,0.976383,-0.022666,-0.128543,-0.172163
12.452462,0.060653,-0.051173,0.309056,0.976383,-0.022666,-0.128543,-0.172163
12.462522,0.060642,-0.051173,0.309289,0.976383,-0.022666,-0.128543,-0.172163
12.472584,0.060631,-0.051173,0.309534,0.976383,-0.022666,-0.128543,-0.172163
12.482646,0.060621,-0.051173,0.309791,0.976383,-0.022666,-0.128543,-0.172163
12.492708,0.060612,-0.051173,0.310060,0.976383,-0.022666,-0.128543,-0.172163
12.502770,0.060605,-0.051173,0.310343,0.976383,-0.022666,-0.128543,-0.172163
12.512836,0.060600,-0.051173,0.310637,0.976383,-0.022666,-0.128543,-0.172163
12.522891,0.060597,-0.051173,0.310943,0.976383,-0.022666,-0.128543,-0.172163
12.532951,0.060596,-0.051173,0.311261,0.976383,-0.022666,-0.128543,-0.172163
12.543013,0.060598,-0.051173,0.311592,0.976383,-0.022666,-0.128543,-0.172163
12.553073,0.060603,-0.051173,0.311933,0.976383,-0.022666,-0.128543,-0.172163
12.563127,0.060611,-0.051173,0.312288,0.976383,-0.022666,-0.128543,-0.172163
12.573179,0.060622,-0.051173,0.312655,0.976383,-0.022666,-0.128543,-0.172163
12.583234,0.060638,-0.051173,0.313033,0.976383,-0.022666,-0.128543,-0.172163
12.593319,0.060658,-0.051173,0.313423,0.976383,-0.022666,-0.128543,-0.172163
12.603374,0.060682,-0.051173,0.313825,0.976383,-0.022666,-0.128543,-0.172163
12.613427,0.060711,-0.051173,0.314238,0.976383,-0.022666,-0.128543,-0.172163
12.623489,0.060746,-0.051173,0.314664,0.976383,-0.022666,-0.128543,-0.172163
12.633554,0.060786,-0.051173,0.315100,0.976383,-0.022666,-0.128543,-0.172163
12.643614,0.060833,-0.051173,0.315548,0.976383,-0.022666,-0.128543,-0.172163
12.653676,0.060886,-0.051173,0.316008,0.976383,-0.022666,-0.128543,-0.172163
12.663728,0.060945,-0.051173,0.316478,0.976383,-0.022666,-0.128543,-0.172163
12.673789,0.061012,-0.051173,0.316960,0.976383,-0.022666,-0.128543,-0.172163
12.683842,0.061087,-0.051173,0.317452,0.976383,-0.022666,-0.128543,-0.172163
12.693905,0.061170,-0.051173,0.317955,0.976383,-0.022666,-0.128543,-0.172163
12.703960,0.061261,-0.051173,0.318469,0.976383,-0.022666,-0.128543,-0.172163
12.714023,0.061362,-0.051173,0.318993,0.976383,-0.022666,-0.128543,-0.172163
12.724085,0.061472,-0.051173,0.319527,0.976383,-0.022666,-0.128543,-0.172163
12.734146,0.061592,-0.051173,0.320072,0.976383,-0.022666,-0.128543,-0.172163
12.744200,0.061721,-0.051173,0.320625,0.976383,-0.022666,-0.128543,-0.172163
12.754265,0.061862,-0.051173,0.321188,0.976383,-0.022666,-0.128543,-0.172163
12.764334,0.062014,-0.051173,0.321760,0.976383,-0.022666,-0.128543,-0.172163
12.774397,0.062178,-0.051173,0.322342,0.976383,-0.022666,-0.128543,-0.172163
12.784460,0.062354,-0.051173,0.322931,0.976383,-0.022666,-0.128543,-0.172163
12.794520,0.062542,-0.051173,0.323529,0.976383,-0.022666,-0.128543,-0.172163
12.804581,0.062744,-0.051173,0.324134,0.976383,-0.022666,-0.128543,-0.172163
12.814631,0.062959,-0.051173,0.324747,0.976383,-0.022666,-0.128543,-0.172163
12.824689,0.063188,-0.051173,0.325367,0.976383,-0.022666,-0.128543,-0.172163
12.834750,0.063431,-0.051173,0.325995,0.976383,-0.022666,-0.128543,-0.172163
12.844810,0.063690,-0.051173,0.326627,0.976383,-0.022666,-0.128543,-0.172163
12.854871,0.063964,-0.051173,0.327267,0.976383,-0.022666,-0.128543,-0.172163
12.864966,0.064253,-0.051173,0.327911,0.976383,-0.022666,-0.128543,-0.172163
12.875026,0.064881,-0.051173,0.329215,0.976383,-0.022666,-0.128543,-0.172163
12.885087,0.065220,-0.051173,0.329873,0.976383,-0.022666,-0.128543,-0.172163
12.895148,0.065578,-0.051173,0.330535,0.976383,-0.022666,-0.128543,-0.172163
12.905208,0.065953,-0.051173,0.331199,0.976383,-0.022666,-0.128543,-0.172163
12.915270,0.066346,-0.051173,0.331865,0.976383,-0.022666,-0.128543,-0.172163
12.925332,0.066757,-0.051173,0.332532,0.976383,-0.022666,-0.128543,-0.172163
12.935391,0.067189,-0.051173,0.333202,0.976383,-0.022666,-0.128543,-0.172163
12.945452,0.067639,-0.051173,0.333871,0.976383,-0.022666,-0.128543,-0.172163
12.955513,0.068109,-0.051173,0.334539,0.976383,-0.022666,-0.128543,-0.172163
12.965576,0.068599,-0.051173,0.335207,0.976383,-0.022666,-0.128543,-0.172163
12.975639,0.069109,-0.051173,0.335872,0.976383,-0.022666,-0.128543,-0.172163
12.985699,0.069641,-0.051173,0.336536,0.976383,-0.022666,-0.128543,-0.172163
12.995762,0.070193,-0.051173,0.337196,0.976383,-0.022666,-0.128543,-0.172163
13.005826,0.070767,-0.051173,0.337852,0.976383,-0.022666,-0.128543,-0.172163
13.015885,0.071361,-0.051173,0.338503,0.976383,-0.022666,-0.128543,-0.172163
13.025948,0.071977,-0.051173,0.339149,0.976383,-0.022666,-0.128543,-0.172163
13.036010,0.072615,-0.051173,0.339787,0.976383,-0.022666,-0.128543,-0.172163
13.046072,0.073275,-0.051173,0.340419,0.976383,-0.022666,-0.128543,-0.172163
13.056134,0.073957,-0.051173,0.341042,0.976383,-0.022666,-0.128543,-0.172163
13.066192,0.074661,-0.051173,0.341656,0.976383,-0.022666,-0.128543,-0.172163
13.076252,0.075387,-0.051173,0.342259,0.976383,-0.022666,-0.128543,-0.172163
13.086313,0.076136,-0.051173,0.342852,0.976383,-0.022666,-0.128543,-0.172163
13.096373,0.076906,-0.051173,0.343433,0.976383,-0.022666,-0.128543,-0.172163
13.106434,0.077698,-0.051173,0.344000,0.976383,-0.022666,-0.128543,-0.172163
13.116488,0.078513,-0.051173,0.344554,0.976383,-0.022666,-0.128543,-0.172163
13.126540,0.079349,-0.051173,0.345093,0.976383,-0.022666,-0.128543,-0.172163
13.136592,0.080207,-0.051173,0.345616,0.976383,-0.022666,-0.128543,-0.172163
13.146644,0.081086,-0.051173,0.346122,0.976383,-0.022666,-0.128543,-0.172163
13.156765,0.081987,-0.051173,0.346610,0.976383,-0.022666,-0.128543,-0.172163
13.166820,0.082909,-0.051173,0.347080,0.976383,-0.022666,-0.128543,-0.172163
13.176879,0.083851,-0.051173,0.347529,0.976383,-0.022666,-0.128543,-0.172163
13.186940,0.084814,-0.051173,0.347957,0.976383,-0.022666,-0.128543,-0.172163
13.197000,0.085797,-0.051173,0.348364,0.976383,-0.022666,-0.128543,-0.172163
13.207063,0.086798,-0.051173,0.348747,0.976383,-0.022666,-0.128543,-0.172163
13.217122,0.087819,-0.051173,0.349107,0.976383,-0.022666,-0.128543,-0.172163
13.227185,0.088858,-0.051173,0.349441,0.976383,-0.022666,-0.128543,-0.172163
13.237247,0.089915,-0.051173,0.349750,0.976383,-0.022666,-0.128543,-0.172163
13.247307,0.090989,-0.051173,0.350032,0.976383,-0.022666,-0.128543,-0.172163
13.257369,0.092079,-0.051173,0.350285,0.976383,-0.022666,-0.128543,-0.172163
13.267429,0.093185,-0.051173,0.350510,0.976383,-0.022666,-0.128543,-0.172163
13.277493,0.094306,-0.051173,0.350705,0.976383,-0.022666,-0.128543,-0.172163
13.287560,0.095440,-0.051173,0.350868,0.976383,-0.022666,-0.128543,-0.172163
13.297622,0.096588,-0.051173,0.351001,0.976383,-0.022666,-0.128543,-0.172163
13.307683,0.097748,-0.051173,0.351101,0.976383,-0.022666,-0.128543,-0.172163
13.317736,0.098919,-0.051173,0.351167,0.976383,-0.022666,-0.128543,-0.172163
13.327800,0.100100,-0.051173,0.351199,0.976383,-0.022666,-0.128543,-0.172163
13.337833,0.101290,-0.051173,0.351196,0.976383,-0.022666,-0.128543,-0.172163
13.347901,0.102489,-0.051173,0.351157,0.976383,-0.022666,-0.128543,-0.172163
13.357961,0.103693,-0.051173,0.351082,0.976383,-0.022666,-0.128543,-0.172163
13.368029,0.104904,-0.051173,0.350969,0.976383,-0.022666,-0.128543,-0.172163
13.378089,0.106119,-0.051173,0.350819,0.976383,-0.022666,-0.128543,-0.172163
13.388149,0.107336,-0.051173,0.350630,0.976383,-0.022666,-0.128543,-0.172163
13.398209,0.108556,-0.051173,0.350402,0.976383,-0.022666,-0.128543,-0.172163
13.408270,0.109775,-0.051173,0.350134,0.976383,-0.022666,-0.128543,-0.172163
13.418333,0.110993,-0.051173,0.349827,0.976383,-0.022666,-0.128543,-0.172163
13.428395,0.112210,-0.051173,0.349479,0.976383,-0.022666,-0.128543,-0.172163
13.438455,0.113420,-0.051173,0.349090,0.976383,-0.022666,-0.128543,-0.172163
13.448537,0.114627,-0.051173,0.348660,0.976383,-0.022666,-0.128543,-0.172163
13.458598,0.115825,-0.051173,0.348189,0.976383,-0.022666,-0.128543,-0.172163
13.468659,0.117015,-0.051173,0.347676,0.976383,-0.022666,-0.128543,-0.172163
13.478713,0.118193,-0.051173,0.347123,0.976383,-0.022666,-0.128543,-0.172163
13.488766,0.119361,-0.051173,0.346527,0.976383,-0.022666,-0.128543,-0.172163
13.498828,0.120514,-0.051173,0.345890,0.976383,-0.022666,-0.128543,-0.172163
13.508888,0.121652,-0.051173,0.345210,0.976383,-0.022666,-0.128543,-0.172163
13.518945,0.122773,-0.051173,0.344491,0.976383,-0.022666,-0.128543,-0.172163
13.529006,0.123875,-0.051173,0.343729,0.976383,-0.022666,-0.128543,-0.172163
13.539064,0.124956,-0.051173,0.342927,0.976383,-0.022666,-0.128543,-0.172163
13.549125,0.126016,-0.051173,0.342085,0.976383,-0.022666,-0.128543,-0.172163
13.559185,0.127051,-0.051173,0.341203,0.976383,-0.022666,-0.128543,-0.172163
13.569249,0.128061,-0.051173,0.340281,0.976383,-0.022666,-0.128543,-0.172163
13.579311,0.129043,-0.051173,0.339321,0.976383,-0.022666,-0.128543,-0.172163
13.589371,0.129996,-0.051173,0.338323,0.976383,-0.022666,-0.128543,-0.172163
13.599433,0.130919,-0.051173,0.337287,0.976383,-0.022666,-0.128543,-0.172163
13.609493,0.131808,-0.051173,0.336216,0.976383,-0.022666,-0.128543,-0.172163
13.619554,0.132664,-0.051173,0.335108,0.976383,-0.022666,-0.128543,-0.172163
13.629607,0.133484,-0.051173,0.333967,0.976383,-0.022666,-0.128543,-0.172163
13.639637,0.134268,-0.051173,0.332791,0.976383,-0.022666,-0.128543,-0.172163
13.649697,0.135011,-0.051173,0.331585,0.976383,-0.022666,-0.128543,-0.172163
13.659757,0.135715,-0.051173,0.330346,0.976383,-0.022666,-0.128543,-0.172163
13.669818,0.136377,-0.051173,0.329079,0.976383,-0.022666,-0.128543,-0.172163
13.679870,0.136995,-0.051173,0.327784,0.976383,-0.022666,-0.128543,-0.172163
13.689933,0.137569,-0.051173,0.326461,0.976383,-0.022666,-0.128543,-0.172163
13.699986,0.138096,-0.051173,0.325114,0.976383,-0.022666,-0.128543,-0.172163
13.710038,0.138577,-0.051173,0.323744,0.976383,-0.022666,-0.128543,-0.172163
13.720091,0.139009,-0.051173,0.322351,0.976383,-0.022666,-0.128543,-0.172163
13.730142,0.139390,-0.051173,0.320939,0.976383,-0.022666,-0.128543,-0.172163
13.740196,0.139722,-0.051173,0.319509,0.976383,-0.022666,-0.128543,-0.172163
13.750248,0.140001,-0.051173,0.318062,0.976383,-0.022666,-0.128543,-0.172163
13.760300,0.140227,-0.051173,0.316601,0.976383,-0.022666,-0.128543,-0.172163
13.770352,0.140400,-0.051173,0.315129,0.976383,-0.022666,-0.128543,-0.172163
13.780414,0.140519,-0.051173,0.313645,0.976383,-0.022666,-0.128543,-0.172163
13.790474,0.140582,-0.051173,0.312153,0.976383,-0.022666,-0.128543,-0.172163
13.800535,0.140590,-0.051173,0.310656,0.976383,-0.022666,-0.128543,-0.172163
13.810595,0.140541,-0.051173,0.309155,0.976383,-0.022666,-0.128543,-0.172163
13.820658,0.140435,-0.051173,0.307652,0.976383,-0.022666,-0.128543,-0.172163
13.830721,0.140273,-0.051173,0.306150,0.976383,-0.022666,-0.128543,-0.172163
13.840784,0.140053,-0.051173,0.304651,0.976383,-0.022666,-0.128543,-0.172163
13.850846,0.139776,-0.051173,0.303157,0.976383,-0.022666,-0.128543,-0.172163
13.860908,0.139441,-0.051173,0.301672,0.976383,-0.022666,-0.128543,-0.172163
13.870972,0.139049,-0.051173,0.300196,0.976383,-0.022666,-0.128543,-0.172163
13.881034,0.138599,-0.051173,0.298733,0.976383,-0.022666,-0.128543,-0.172163
13.891098,0.138093,-0.051173,0.297284,0.976383,-0.022666,-0.128543,-0.172163
13.901158,0.137530,-0.051173,0.295852,0.976383,-0.022666,-0.128543,-0.172163
13.911220,0.136911,-0.051173,0.294440,0.976383,-0.022666,-0.128543,-0.172163
13.921279,0.136237,-0.051173,0.293050,0.976383,-0.022666,-0.128543,-0.172163
13.931342,0.135507,-0.051173,0.291685,0.976383,-0.022666,-0.128543,-0.172163
13.941397,0.134724,-0.051173,0.290345,0.976383,-0.022666,-0.128543,-0.172163
13.951449,0.133887,-0.051173,0.289034,0.976383,-0.022666,-0.128543,-0.172163
13.961517,0.132999,-0.051173,0.287755,0.976383,-0.022666,-0.128543,-0.172163
13.971578,0.132059,-0.051173,0.286509,0.976383,-0.022666,-0.128543,-0.172163
13.981639,0.131070,-0.051173,0.285298,0.976383,-0.022666,-0.128543,-0.172163
13.991699,0.130033,-0.051173,0.284125,0.976383,-0.022666,-0.128543,-0.172163
14.001758,0.128948,-0.051173,0.282991,0.976383,-0.022666,-0.128543,-0.172163
14.011818,0.127818,-0.051173,0.281899,0.976383,-0.022666,-0.128543,-0.172163
14.021879,0.126645,-0.051173,0.280851,0.976383,-0.022666,-0.128543,-0.172163
14.031942,0.125429,-0.051173,0.279849,0.976383,-0.022666,-0.128543,-0.172163
14.042003,0.124173,-0.051173,0.278894,0.976383,-0.022666,-0.128543,-0.172163
14.052063,0.122879,-0.051173,0.277988,0.976383,-0.022666,-0.128543,-0.172163
14.062124,0.121548,-0.051173,0.277133,0.976383,-0.022666,-0.128543,-0.172163
14.072183,0.120183,-0.051173,0.276330,0.976383,-0.022666,-0.128543,-0.172163
14.082244,0.118785,-0.051173,0.275581,0.976383,-0.022666,-0.128543,-0.172163
14.092303,0.117358,-0.051173,0.274888,0.976383,-0.022666,-0.128543,-0.172163
14.102365,0.115902,-0.051173,0.274251,0.976383,-0.022666,-0.128543,-0.172163
14.112427,0.114422,-0.051173,0.273672,0.976383,-0.022666,-0.128543,-0.172163
14.122489,0.112918,-0.051172,0.273151,0.976383,-0.022666,-0.128543,-0.172163
14.132552,0.111394,-0.051172,0.272691,0.976383,-0.022666,-0.128543,-0.172163
14.142614,0.109852,-0.051172,0.272292,0.976383,-0.022666,-0.128543,-0.172163
14.152667,0.108293,-0.051172,0.271954,0.976383,-0.022666,-0.128543,-0.172163
14.162731,0.106722,-0.051172,0.271678,0.976383,-0.022666,-0.128543,-0.172163
14.172783,0.105141,-0.051172,0.271465,0.976383,-0.022666,-0.128543,-0.172163
14.182830,0.103551,-0.051172,0.271315,0.976383,-0.022666,-0.128543,-0.172163
14.192882,0.101957,-0.051172,0.271229,0.976383,-0.022666,-0.128543,-0.172163
14.202935,0.100359,-0.051172,0.271207,0.976383,-0.022666,-0.128543,-0.172163
14.212987,0.098762,-0.051172,0.271248,0.976383,-0.022666,-0.128543,-0.172163
14.223039,0.097168,-0.051172,0.271353,0.976383,-0.022666,-0.128543,-0.172163
14.233091,0.095579,-0.051172,0.271522,0.976383,-0.022666,-0.128543,-0.172163
14.243143,0.093998,-0.051172,0.271754,0.976383,-0.022666,-0.128543,-0.172163
14.253195,0.092428,-0.051172,0.272049,0.976383,-0.022666,-0.128543,-0.172163
14.263248,0.090871,-0.051172,0.272406,0.976383,-0.022666,-0.128543,-0.172163
14.273300,0.089329,-0.051172,0.272825,0.976383,-0.022666,-0.128543,-0.172163
14.283355,0.087807,-0.051172,0.273305,0.976383,-0.022666,-0.128543,-0.172163
14.293405,0.086305,-0.051172,0.273846,0.976383,-0.022666,-0.128543,-0.172163
14.303458,0.084827,-0.051172,0.274445,0.976383,-0.022666,-0.128543,-0.172163
14.313518,0.083374,-0.051172,0.275103,0.976383,-0.022666,-0.128543,-0.172163
14.323569,0.081950,-0.051172,0.275818,0.976383,-0.022666,-0.128543,-0.172163
14.333616,0.080556,-0.051172,0.276588,0.976383,-0.022666,-0.128543,-0.172163
14.343679,0.079195,-0.051172,0.277412,0.976383,-0.022666,-0.128543,-0.172163
14.353741,0.077869,-0.051172,0.278290,0.976383,-0.022666,-0.128543,-0.172163
14.363803,0.076580,-0.051172,0.279218,0.976383,-0.022666,-0.128543,-0.172163
14.373862,0.075330,-0.051172,0.280196,0.976383,-0.022666,-0.128543,-0.172163
14.383924,0.074121,-0.051172,0.281222,0.976383,-0.022666,-0.128543,-0.172163
14.393984,0.072955,-0.051172,0.282293,0.976383,-0.022666,-0.128543,-0.172163
14.404038,0.071834,-0.051172,0.283408,0.976383,-0.022666,-0.128543,-0.172163
14.414091,0.070758,-0.051172,0.284566,0.976383,-0.022666,-0.128543,-0.172163
14.424143,0.069731,-0.051172,0.285763,0.976383,-0.022666,-0.128543,-0.172163
14.434204,0.068753,-0.051172,0.286999,0.976383,-0.022666,-0.128543,-0.172163
14.444265,0.067825,-0.051172,0.288270,0.976383,-0.022666,-0.128543,-0.172163
14.454330,0.066950,-0.051172,0.289574,0.976383,-0.022666,-0.128543,-0.172163
14.464390,0.066128,-0.051172,0.290910,0.976383,-0.022666,-0.128543,-0.172163
14.474454,0.065361,-0.051172,0.292274,0.976383,-0.022666,-0.128543,-0.172163
14.484518,0.064648,-0.051172,0.293665,0.976383,-0.022666,-0.128543,-0.172163
14.494573,0.063991,-0.051172,0.295080,0.976383,-0.022666,-0.128543,-0.172163
14.504633,0.063391,-0.051172,0.296517,0.976383,-0.022666,-0.128543,-0.172163
14.514696,0.062849,-0.051172,0.297974,0.976383,-0.022666,-0.128543,-0.172163
14.524757,0.062365,-0.051172,0.299446,0.976383,-0.022666,-0.128543,-0.172163
14.534820,0.061938,-0.051172,0.300934,0.976383,-0.022666,-0.128543,-0.172163
14.544844,0.061571,-0.051172,0.302434,0.976383,-0.022666,-0.128543,-0.172163
14.554900,0.061262,-0.051172,0.303943,0.976383,-0.022666,-0.128543,-0.172163
14.564956,0.061012,-0.051173,0.305460,0.976383,-0.022666,-0.128543,-0.172163
14.575010,0.060689,-0.051173,0.308504,0.976383,-0.022666,-0.128543,-0.172163
14.585062,0.060615,-0.051173,0.310027,0.976383,-0.022666,-0.128543,-0.172163
14.595115,0.060599,-0.051173,0.311548,0.976383,-0.022666,-0.128543,-0.172163
14.605166,0.060641,-0.051173,0.313064,0.976383,-0.022666,-0.128543,-0.172163
14.615226,0.060740,-0.051173,0.314573,0.976383,-0.022666,-0.128543,-0.172163
14.625289,0.060895,-0.051173,0.316074,0.976383,-0.022666,-0.128543,-0.172163
14.635348,0.061106,-0.051173,0.317563,0.976383,-0.022666,-0.128543,-0.172163
14.645409,0.061372,-0.051173,0.319037,0.976383,-0.022666,-0.128543,-0.172163
14.655469,0.061692,-0.051173,0.320497,0.976383,-0.022666,-0.128543,-0.172163
14.665521,0.062065,-0.051173,0.321939,0.976383,-0.022666,-0.128543,-0.172163
14.675576,0.062489,-0.051173,0.323360,0.976383,-0.022666,-0.128543,-0.172163
14.685627,0.062965,-0.051173,0.324761,0.976383,-0.022666,-0.128543,-0.172163
14.695680,0.063490,-0.051173,0.326138,0.976383,-0.022666,-0.128543,-0.172163
14.705733,0.064063,-0.051173,0.327490,0.976383,-0.022666,-0.128543,-0.172163
14.715788,0.064683,-0.051173,0.328815,0.976383,-0.022666,-0.128543,-0.172163
14.725833,0.065349,-0.051173,0.330112,0.976383,-0.022666,-0.128543,-0.172163
14.735885,0.066058,-0.051173,0.331378,0.976383,-0.022666,-0.128543,-0.172163
14.745939,0.066810,-0.051173,0.332614,0.976383,-0.022666,-0.128543,-0.172163
14.755991,0.067603,-0.051173,0.333816,0.976383,-0.022666,-0.128543,-0.172163
14.766043,0.068434,-0.051173,0.334984,0.976383,-0.022666,-0.128543,-0.172163
14.776096,0.069304,-0.051173,0.336117,0.976383,-0.022666,-0.128543,-0.172163
14.786148,0.070209,-0.051173,0.337213,0.976383,-0.022666,-0.128543,-0.172163
14.796201,0.071148,-0.051173,0.338272,0.976383,-0.022666,-0.128543,-0.172163
14.806254,0.072120,-0.051173,0.339293,0.976383,-0.022666,-0.128543,-0.172163
14.816307,0.073122,-0.051173,0.340274,0.976383,-0.022666,-0.128543,-0.172163
14.826363,0.074153,-0.051173,0.341215,0.976383,-0.022666,-0.128543,-0.172163
14.836412,0.075211,-0.051173,0.342115,0.976383,-0.022666,-0.128543,-0.172163
14.846476,0.076295,-0.051173,0.342974,0.976383,-0.022666,-0.128543,-0.172163
14.856539,0.077401,-0.051173,0.343790,0.976383,-0.022666,-0.128543,-0.172163
14.866603,0.078529,-0.051173,0.344564,0.976383,-0.022666,-0.128543,-0.172163
14.876668,0.079676,-0.051173,0.345296,0.976383,-0.022666,-0.128543,-0.172163
14.886730,0.080842,-0.051173,0.345984,0.976383,-0.022666,-0.128543,-0.172163
14.896793,0.082024,-0.051173,0.346629,0.976383,-0.022666,-0.128543,-0.172163
14.906855,0.083220,-0.051173,0.347231,0.976383,-0.022666,-0.128543,-0.172163
14.916921,0.084428,-0.051173,0.347789,0.976383,-0.022666,-0.128543,-0.172163
14.926986,0.085648,-0.051173,0.348304,0.976383,-0.022666,-0.128543,-0.172163
14.937039,0.086876,-0.051173,0.348776,0.976383,-0.022666,-0.128543,-0.172163
14.947091,0.088112,-0.051173,0.349204,0.976383,-0.022666,-0.128543,-0.172163
14.957144,0.089353,-0.051173,0.349590,0.976383,-0.022666,-0.128543,-0.172163
14.967196,0.090598,-0.051173,0.349932,0.976383,-0.022666,-0.128543,-0.172163
14.977247,0.091846,-0.051173,0.350233,0.976383,-0.022666,-0.128543,-0.172163
14.987299,0.093094,-0.051173,0.350492,0.976383,-0.022666,-0.128543,-0.172163
14.997351,0.094343,-0.051173,0.350710,0.976383,-0.022666,-0.128543,-0.172163
15.007407,0.095588,-0.051173,0.350887,0.976383,-0.022666,-0.128543,-0.172163
15.017461,0.096830,-0.051173,0.351024,0.976383,-0.022666,-0.128543,-0.172163
15.027525,0.098067,-0.051173,0.351122,0.976383,-0.022666,-0.128543,-0.172163
15.037585,0.099297,-0.051173,0.351181,0.976383,-0.022666,-0.128543,-0.172163
15.047643,0.100520,-0.051173,0.351202,0.976383,-0.022666,-0.128543,-0.172163
15.057703,0.101734,-0.051173,0.351186,0.976383,-0.022666,-0.128543,-0.172163
15.067756,0.102938,-0.051173,0.351133,0.976383,-0.022666,-0.128543,-0.172163
15.077809,0.104130,-0.051173,0.351046,0.976383,-0.022666,-0.128543,-0.172163
15.087830,0.105311,-0.051173,0.350923,0.976383,-0.022666,-0.128543,-0.172163
15.097883,0.106477,-0.051173,0.350767,0.976383,-0.022666,-0.128543,-0.172163
15.107934,0.107629,-0.051173,0.350579,0.976383,-0.022666,-0.128543,-0.172163
15.117988,0.108765,-0.051173,0.350359,0.976383,-0.022666,-0.128543,-0.172163
15.128041,0.109886,-0.051173,0.350108,0.976383,-0.022666,-0.128543,-0.172163
15.138096,0.110989,-0.051173,0.349828,0.976383,-0.022666,-0.128543,-0.172163
15.148148,0.112074,-0.051173,0.349520,0.976383,-0.022666,-0.128543,-0.172163
15.158203,0.113141,-0.051173,0.349184,0.976383,-0.022666,-0.128543,-0.172163
15.168255,0.114188,-0.051173,0.348822,0.976383,-0.022666,-0.128543,-0.172163
15.178308,0.115216,-0.051173,0.348434,0.976383,-0.022666,-0.128543,-0.172163
15.188362,0.116223,-0.051173,0.348023,0.976383,-0.022666,-0.128543,-0.172163
15.198414,0.117209,-0.051173,0.347589,0.976383,-0.022666,-0.128543,-0.172163
15.208472,0.118173,-0.051173,0.347133,0.976383,-0.022666,-0.128543,-0.172163
15.218527,0.119116,-0.051173,0.346656,0.976383,-0.022666,-0.128543,-0.172163
15.228579,0.120036,-0.051173,0.346160,0.976383,-0.022666,-0.128543,-0.172163
15.238633,0.120934,-0.051173,0.345645,0.976383,-0.022666,-0.128543,-0.172163
15.248694,0.121809,-0.051173,0.345113,0.976383,-0.022666,-0.128543,-0.172163
15.258758,0.122661,-0.051173,0.344565,0.976383,-0.022666,-0.128543,-0.172163
15.268823,0.123490,-0.051173,0.344002,0.976383,-0.022666,-0.128543,-0.172163
15.278881,0.124296,-0.051173,0.343424,0.976383,-0.022666,-0.128543,-0.172163
15.288949,0.125078,-0.051173,0.342834,0.976383,-0.022666,-0.128543,-0.172163
15.299013,0.125837,-0.051173,0.342232,0.976383,-0.022666,-0.128543,-0.172163
15.309072,0.126572,-0.051173,0.341619,0.976383,-0.022666,-0.128543,-0.172163
15.319126,0.127284,-0.051173,0.340996,0.976383,-0.022666,-0.128543,-0.172163
15.329178,0.127973,-0.051173,0.340364,0.976383,-0.022666,-0.128543,-0.172163
15.339239,0.128639,-0.051173,0.339725,0.976383,-0.022666,-0.128543,-0.172163
15.349300,0.129281,-0.051173,0.339079,0.976383,-0.022666,-0.128543,-0.172163
15.359360,0.129900,-0.051173,0.338427,0.976383,-0.022666,-0.128543,-0.172163
15.369422,0.130497,-0.051173,0.337770,0.976383,-0.022666,-0.128543,-0.172163
15.379484,0.131071,-0.051173,0.337109,0.976383,-0.022666,-0.128543,-0.172163
15.389545,0.131624,-0.051173,0.336445,0.976383,-0.022666,-0.128543,-0.172163
15.399607,0.132154,-0.051173,0.335779,0.976383,-0.022666,-0.128543,-0.172163
15.409667,0.132663,-0.051173,0.335112,0.976383,-0.022666,-0.128543,-0.172163
15.419722,0.133150,-0.051173,0.334444,0.976383,-0.022666,-0.128543,-0.172163
15.429785,0.133617,-0.051173,0.333775,0.976383,-0.022666,-0.128543,-0.172163
15.439845,0.134063,-0.051173,0.333109,0.976383,-0.022666,-0.128543,-0.172163
15.449907,0.134489,-0.051173,0.332444,0.976383,-0.022666,-0.128543,-0.172163
15.459967,0.134895,-0.051173,0.331781,0.976383,-0.022666,-0.128543,-0.172163
15.470028,0.135282,-0.051173,0.331122,0.976383,-0.022666,-0.128543,-0.172163
15.480082,0.135651,-0.051173,0.330466,0.976383,-0.022666,-0.128543,-0.172163
15.490132,0.136000,-0.051173,0.329815,0.976383,-0.022666,-0.128543,-0.172163
15.500183,0.136333,-0.051173,0.329169,0.976383,-0.022666,-0.128543,-0.172163
15.510237,0.136647,-0.051173,0.328529,0.976383,-0.022666,-0.128543,-0.172163
15.520290,0.136945,-0.051173,0.327896,0.976383,-0.022666,-0.128543,-0.172163
15.530354,0.137227,-0.051173,0.327268,0.976383,-0.022666,-0.128543,-0.172163
15.540417,0.137492,-0.051173,0.326649,0.976383,-0.022666,-0.128543,-0.172163
15.550475,0.137742,-0.051173,0.326038,0.976383,-0.022666,-0.128543,-0.172163
15.560539,0.137978,-0.051173,0.325434,0.976383,-0.022666,-0.128543,-0.172163
15.570592,0.138199,-0.051173,0.324839,0.976383,-0.022666,-0.128543,-0.172163
15.580644,0.138406,-0.051173,0.324254,0.976383,-0.022666,-0.128543,-0.172163
15.590695,0.138599,-0.051173,0.323679,0.976383,-0.022666,-0.128543,-0.172163
15.600747,0.138780,-0.051173,0.323113,0.976383,-0.022666,-0.128543,-0.172163
15.610797,0.138949,-0.051173,0.322558,0.976383,-0.022666,-0.128543,-0.172163
15.620832,0.139106,-0.051173,0.322014,0.976383,-0.022666,-0.128543,-0.172163
15.630881,0.139252,-0.051173,0.321480,0.976383,-0.022666,-0.128543,-0.172163
15.640945,0.139387,-0.051173,0.320958,0.976383,-0.022666,-0.128543,-0.172163
15.651008,0.139512,-0.051173,0.320448,0.976383,-0.022666,-0.128543,-0.172163
15.661069,0.139627,-0.051173,0.319950,0.976383,-0.022666,-0.128543,-0.172163
15.671133,0.139732,-0.051173,0.319464,0.976383,-0.022666,-0.128543,-0.172163
15.681197,0.139829,-0.051173,0.318991,0.976383,-0.022666,-0.128543,-0.172163
15.691261,0.139918,-0.051173,0.318531,0.976383,-0.022666,-0.128543,-0.172163
15.701321,0.139999,-0.051173,0.318083,0.976383,-0.022666,-0.128543,-0.172163
15.711383,0.140072,-0.051173,0.317648,0.976383,-0.022666,-0.128543,-0.172163
15.721448,0.140139,-0.051173,0.317227,0.976383,-0.022666,-0.128543,-0.172163
15.731522,0.140199,-0.051173,0.316819,0.976383,-0.022666,-0.128543,-0.172163
15.741579,0.140252,-0.051173,0.316425,0.976383,-0.022666,-0.128543,-0.172163
15.751644,0.140301,-0.051173,0.316045,0.976383,-0.022666,-0.128543,-0.172163
15.761705,0.140344,-0.051173,0.315679,0.976383,-0.022666,-0.128543,-0.172163
15.771768,0.140382,-0.051173,0.315326,0.976383,-0.022666,-0.128543,-0.172163
15.781820,0.140415,-0.051173,0.314988,0.976383,-0.022666,-0.128543,-0.172163
15.791881,0.140445,-0.051173,0.314665,0.976383,-0.022666,-0.128543,-0.172163
15.801933,0.140470,-0.051173,0.314355,0.976383,-0.022666,-0.128543,-0.172163
15.811993,0.140493,-0.051173,0.314061,0.976383,-0.022666,-0.128543,-0.172163
15.822059,0.140512,-0.051173,0.313781,0.976383,-0.022666,-0.128543,-0.172163
15.832116,0.140528,-0.051173,0.313515,0.976383,-0.022666,-0.128543,-0.172163
15.842179,0.140542,-0.051173,0.313264,0.976383,-0.022666,-0.128543,-0.172163
15.852240,0.140553,-0.051173,0.313028,0.976383,-0.022666,-0.128543,-0.172163
15.862300,0.140563,-0.051173,0.312808,0.976383,-0.022666,-0.128543,-0.172163
15.872364,0.140571,-0.051173,0.312601,0.976383,-0.022666,-0.128543,-0.172163
15.882424,0.140577,-0.051173,0.312410,0.976383,-0.022666,-0.128543,-0.172163
15.892486,0.140582,-0.051173,0.312234,0.976383,-0.022666,-0.128543,-0.172163
15.902546,0.140586,-0.051173,0.312073,0.976383,-0.022666,-0.128543,-0.172163
15.912631,0.140588,-0.051173,0.311927,0.976383,-0.022666,-0.128543,-0.172163
15.922693,0.140591,-0.051173,0.311797,0.976383,-0.022666,-0.128543,-0.172163
15.932754,0.140592,-0.051173,0.311681,0.976383,-0.022666,-0.128543,-0.172163
15.942815,0.140593,-0.051173,0.311581,0.976383,-0.022666,-0.128543,-0.172163
15.952875,0.140594,-0.051173,0.311497,0.976383,-0.022666,-0.128543,-0.172163
15.962929,0.140594,-0.051173,0.311427,0.976383,-0.022666,-0.128543,-0.172163
15.972987,0.140595,-0.051173,0.311373,0.976383,-0.022666,-0.128543,-0.172163
15.983050,0.140595,-0.051173,0.311334,0.976383,-0.022666,-0.128543,-0.172163
15.993112,0.140595,-0.051173,0.311311,0.976383,-0.022666,-0.128543,-0.172163
