t,q1,q2,q3,q4,q5,q6
0.000000,0.004784,-0.001840,0.027200,0.033685,-0.012398,-0.016976
0.010058,0.004784,-0.001840,0.027200,0.033685,-0.012398,-0.016976
0.020110,0.004784,-0.001840,0.027200,0.033685,-0.012398,-0.016976
0.030165,0.004784,-0.001840,0.027200,0.033685,-0.012398,-0.016976
0.040217,0.004784,-0.001840,0.027200,0.033685,-0.012398,-0.016976
0.050270,0.004784,-0.001840,0.027200,0.033685,-0.012398,-0.016976
0.060323,0.004784,-0.001840,0.027200,0.033685,-0.012398,-0.016976
0.070374,0.004784,-0.001840,0.027200,0.033685,-0.012779,-0.016976
0.080426,0.004784,-0.001840,0.027200,0.033685,-0.012398,-0.016976
0.090478,0.004784,-0.001840,0.027200,0.033685,-0.012779,-0.016976
0.100530,0.004784,-0.001840,0.027200,0.033685,-0.012779,-0.016976
0.110583,0.004784,-0.001840,0.027200,0.033685,-0.012779,-0.016976
0.120636,0.004784,-0.001840,0.027200,0.033685,-0.012398,-0.016976
0.130693,0.004784,-0.001840,0.027200,0.033685,-0.012398,-0.016976
0.140756,0.004784,-0.001840,0.027200,0.033685,-0.012398,-0.016976
0.150820,0.004784,-0.001840,0.027200,0.033685,-0.012398,-0.016976
0.160883,0.004784,-0.001840,0.027200,0.033685,-0.012398,-0.016976
0.170936,0.004784,-0.001840,0.027200,0.033685,-0.012398,-0.016976
0.180988,0.004784,-0.001840,0.027200,0.033685,-0.012398,-0.016976
0.191040,0.004784,-0.001840,0.027200,0.033685,-0.012779,-0.016976
0.201094,0.004784,-0.001840,0.027200,0.033685,-0.012398,-0.016976
0.211145,0.004784,-0.001840,0.027200,0.033685,-0.012398,-0.016976
0.221199,0.004784,-0.001840,0.027200,0.033685,-0.012398,-0.016976
0.231251,0.004784,-0.001840,0.027200,0.033685,-0.012398,-0.016976
0.241303,0.004784,-0.002221,0.027200,0.033685,-0.012398,-0.016976
0.251355,0.004784,-0.002221,0.027200,0.033685,-0.012398,-0.016976
0.261421,0.004784,-0.002221,0.027200,0.033685,-0.012398,-0.016976
0.271484,0.004784,-0.002221,0.027200,0.033685,-0.012779,-0.016976
0.281549,0.004784,-0.002223,0.027225,0.033662,-0.012779,-0.016976
0.291602,0.004784,-0.002228,0.027272,0.033620,-0.012398,-0.016976
0.301711,0.004784,-0.002233,0.027323,0.033573,-0.012398,-0.016976
0.311765,0.004784,-0.002238,0.027379,0.033523,-0.012780,-0.016976
0.321819,0.004784,-0.002244,0.027435,0.033472,-0.012398,-0.016976
0.331836,0.004785,-0.002249,0.027496,0.033418,-0.012780,-0.016976
0.341901,0.004785,-0.002256,0.027561,0.033358,-0.012398,-0.016976
0.351965,0.004785,-0.002262,0.027631,0.033295,-0.012399,-0.016976
0.362030,0.004785,-0.002269,0.027705,0.033228,-0.012780,-0.016976
0.372092,0.004785,-0.002276,0.027780,0.033160,-0.012399,-0.016976
0.382148,0.004785,-0.002284,0.027864,0.033084,-0.012781,-0.016976
0.392203,0.004786,-0.002292,0.027948,0.033008,-0.012399,-0.016976
0.402256,0.004786,-0.002300,0.028037,0.032927,-0.012400,-0.016976
0.412309,0.004786,-0.002309,0.028131,0.032841,-0.012782,-0.016976
0.422362,0.004787,-0.002318,0.028231,0.032751,-0.012400,-0.016976
0.432425,0.004787,-0.002327,0.028335,0.032656,-0.012401,-0.016976
0.442487,0.004788,-0.002337,0.028444,0.032557,-0.012783,-0.016977
0.452542,0.004788,-0.002347,0.028558,0.032452,-0.012402,-0.016977
0.462602,0.004789,-0.002358,0.028678,0.032344,-0.012784,-0.016977
0.472665,0.004790,-0.002368,0.028802,0.032230,-0.012404,-0.016977
0.482727,0.004791,-0.002380,0.028932,0.032112,-0.012404,-0.016977
0.492787,0.004792,-0.002773,0.029067,0.031988,-0.012405,-0.016978
0.502842,0.004793,-0.002784,0.029207,0.031860,-0.012406,-0.016978
0.512895,0.004794,-0.002796,0.029353,0.031726,-0.012408,-0.016978
0.522958,0.004796,-0.002809,0.029504,0.031587,-0.012409,-0.016979
0.533152,0.004797,-0.003203,0.029661,0.031443,-0.012411,-0.016979
0.543215,0.004799,-0.003216,0.029823,0.031293,-0.012412,-0.016979
0.553336,0.004801,-0.003611,0.029992,0.031138,-0.012414,-0.016980
0.563391,0.004803,-0.003624,0.030166,0.030977,-0.012416,-0.016981
0.573455,0.004805,-0.003638,0.030347,0.030810,-0.012800,-0.016981
0.583507,0.004808,-0.003652,0.030538,0.030633,-0.012421,-0.016982
0.593565,0.004811,-0.003666,0.030730,0.030456,-0.012423,-0.016983
0.603620,0.004814,-0.003680,0.030928,0.030271,-0.012426,-0.016983
0.613679,0.004817,-0.003695,0.031138,0.030077,-0.012430,-0.016984
0.623744,0.004821,-0.003710,0.031352,0.029877,-0.012433,-0.016985
0.633809,0.004824,-0.003724,0.031569,0.029674,-0.012437,-0.016986
0.643873,0.004829,-0.003739,0.031797,0.029461,-0.012441,-0.016987
0.653938,0.004833,-0.003754,0.031650,0.029242,-0.012827,-0.016988
0.664001,0.004838,-0.003769,0.031891,0.029016,-0.012450,-0.016990
0.674064,0.004844,-0.003784,0.032138,0.028783,-0.012456,-0.016991
0.684128,0.004850,-0.003798,0.032392,0.028544,-0.012461,-0.016993
0.694193,0.004856,-0.003813,0.032272,0.028297,-0.012849,-0.016994
0.704262,0.004863,-0.003828,0.032163,0.028039,-0.012474,-0.016996
0.714326,0.004870,-0.003842,0.032056,0.027779,-0.012481,-0.016998
0.724390,0.004878,-0.003857,0.031580,0.027507,-0.012488,-0.017000
0.734455,0.004886,-0.003871,0.031491,0.027229,-0.012496,-0.017002
0.744518,0.004895,-0.003884,0.031027,0.026943,-0.012505,-0.017004
0.754579,0.004905,-0.003898,0.030953,0.026650,-0.012514,-0.017007
0.764633,0.004915,-0.003911,0.030886,0.026348,-0.012524,-0.017009
0.774687,0.004926,-0.003923,0.030826,0.026039,-0.012535,-0.017012
0.784749,0.004937,-0.003935,0.030393,0.025721,-0.012546,-0.017015
0.794813,0.004950,-0.003947,0.030353,0.025391,-0.012558,-0.017019
0.804878,0.004963,-0.004339,0.030316,0.025058,-0.012571,-0.017022
0.814941,0.004977,-0.004350,0.030673,0.024711,-0.012584,-0.017026
0.825000,0.005008,-0.004368,0.031026,0.023994,-0.012996,-0.017034
0.835061,0.005025,-0.004376,0.031024,0.023623,-0.013012,-0.017038
0.845122,0.005043,-0.004383,0.031411,0.023243,-0.012648,-0.017043
0.855185,0.005062,-0.004389,0.031426,0.022853,-0.012666,-0.017047
0.865245,0.005082,-0.004394,0.031830,0.022454,-0.012685,-0.017053
0.875307,0.005103,-0.004398,0.032243,0.022045,-0.012706,-0.017058
0.885371,0.005126,-0.004400,0.032287,0.021622,-0.012728,-0.017064
0.895430,0.005149,-0.004401,0.032715,0.021195,-0.012750,-0.017070
0.905492,0.005174,-0.004401,0.033156,0.020753,-0.012775,-0.017077
0.915556,0.005200,-0.004400,0.033220,0.020307,-0.012800,-0.017083
0.925618,0.005228,-0.004396,0.033297,0.019844,-0.012827,-0.017091
0.935681,0.005258,-0.004392,0.033382,0.019373,-0.012855,-0.017098
0.945740,0.005289,-0.004385,0.033476,0.018892,-0.012885,-0.017106
0.955804,0.005321,-0.004377,0.033578,0.018400,-0.012916,-0.017115
0.965867,0.005355,-0.004366,0.033688,0.017897,-0.012949,-0.017123
0.975932,0.005391,-0.004354,0.033808,0.017384,-0.012984,-0.017133
0.985994,0.005428,-0.004339,0.033937,0.016859,-0.013020,-0.017142
0.996056,0.005468,-0.004323,0.033312,0.016323,-0.013058,-0.017153
1.006119,0.005509,-0.004303,0.033459,0.015775,-0.013480,-0.017163
1.016185,0.005553,-0.004282,0.033615,0.015216,-0.013140,-0.017175
1.026250,0.005598,-0.004258,0.034162,0.014645,-0.013184,-0.017186
1.036311,0.005646,-0.004231,0.033573,0.014062,-0.013231,-0.017199
1.046374,0.005696,-0.004201,0.033376,0.013467,-0.013279,-0.017212
1.056438,0.005748,-0.004168,0.033187,0.012860,-0.013329,-0.017225
1.066499,0.005803,-0.004133,0.033389,0.012241,-0.013382,-0.017239
1.076562,0.005479,-0.004094,0.033220,0.011609,-0.013437,-0.017254
1.086625,0.005538,-0.004052,0.033440,0.010964,-0.013495,-0.017270
1.096687,0.005601,-0.004006,0.033289,0.010307,-0.013555,-0.017286
1.106749,0.005666,-0.003957,0.033147,0.009637,-0.013618,-0.017303
1.116810,0.005734,-0.003904,0.033396,0.008953,-0.013684,-0.017320
1.126873,0.005805,-0.003847,0.033654,0.008257,-0.013752,-0.017338
1.136936,0.005878,-0.003786,0.033540,0.007547,-0.013823,-0.017358
1.146989,0.005955,-0.003722,0.033817,0.006824,-0.013898,-0.017378
1.157042,0.006036,-0.003652,0.033722,0.006088,-0.013975,-0.017398
1.167102,0.006119,-0.003579,0.034017,0.005337,-0.014056,-0.017420
1.177163,0.006206,-0.003501,0.034322,0.004573,-0.014140,-0.017442
1.187224,0.006296,-0.003418,0.034636,0.003795,-0.014227,-0.017466
1.197284,0.006390,-0.003330,0.034959,0.003003,-0.014318,-0.017490
1.207347,0.006488,-0.003238,0.035291,0.002196,-0.014412,-0.017515
1.217409,0.006590,-0.003140,0.035633,0.001375,-0.014510,-0.017542
1.227469,0.006695,-0.003036,0.035602,0.000540,-0.014612,-0.017569
1.237531,0.006804,-0.002928,0.035958,-0.000306,-0.014718,-0.017597
1.247592,0.006537,-0.002814,0.036330,-0.001174,-0.014828,-0.017627
1.257652,0.006654,-0.002694,0.036705,-0.001669,-0.014941,-0.017657
1.267712,0.006777,-0.002568,0.036710,-0.002562,-0.015060,-0.017689
1.277775,0.006904,-0.002435,0.036724,-0.003472,-0.015182,-0.017722
1.287836,0.007035,-0.002297,0.036748,-0.004397,-0.015309,-0.017756
1.297899,0.007172,-0.002151,0.037162,-0.005338,-0.015441,-0.017791
1.307954,0.007313,-0.001999,0.037203,-0.006294,-0.015577,-0.017828
1.318017,0.007459,-0.001841,0.037635,-0.007266,-0.015719,-0.017865
1.328077,0.007611,-0.001675,0.037694,-0.008253,-0.015865,-0.017905
1.338142,0.007767,-0.001884,0.038139,-0.009252,-0.016016,-0.017945
1.348209,0.007930,-0.001703,0.037837,-0.010275,-0.016173,-0.017987
1.358270,0.008097,-0.001516,0.038300,-0.011307,-0.016335,-0.018031
1.368332,0.008270,-0.001320,0.038392,-0.012357,-0.016502,-0.018075
1.378397,0.008450,-0.001117,0.038112,-0.013425,-0.016675,-0.018122
1.388450,0.008635,-0.000905,0.038221,-0.014128,-0.016854,-0.018170
1.398512,0.008826,-0.000685,0.038721,-0.014465,-0.017039,-0.018219
1.408565,0.009023,-0.000457,0.038462,-0.014434,-0.017230,-0.018270
1.418626,0.009228,-0.000220,0.038595,-0.015567,-0.017427,-0.018323
1.428694,0.009438,0.000026,0.038736,-0.016336,-0.017631,-0.018378
1.438748,0.009656,0.000282,0.038886,-0.016740,-0.017841,-0.018434
1.448811,0.009881,0.000546,0.038662,-0.017162,-0.018058,-0.018492
1.458847,0.010111,0.000819,0.038442,-0.017978,-0.018280,-0.018552
1.468903,0.010350,0.001102,0.038614,-0.018432,-0.018511,-0.018614
1.478963,0.010215,0.001396,0.038793,-0.018905,-0.018749,-0.018677
1.489026,0.010468,0.001699,0.038599,-0.019395,-0.018994,-0.018743
1.499088,0.010730,0.002013,0.038412,-0.019521,-0.018865,-0.018811
1.509141,0.010998,0.002336,0.038609,-0.019660,-0.019124,-0.018880
1.519202,0.011276,0.002289,0.038435,-0.019819,-0.019392,-0.018952
1.529262,0.011561,0.002635,0.039031,-0.020379,-0.019668,-0.019026
1.539326,0.011855,0.002991,0.038871,-0.020574,-0.019952,-0.019102
1.549387,0.012157,0.003358,0.039095,-0.021165,-0.020244,-0.019180
1.559452,0.012468,0.003736,0.038947,-0.021776,-0.020544,-0.019261
1.569514,0.012407,0.004127,0.039187,-0.022406,-0.020854,-0.018962
1.579575,0.012737,0.004529,0.038670,-0.022672,-0.021172,-0.019048
1.589628,0.013075,0.004943,0.039300,-0.023714,-0.021499,-0.019135
1.599677,0.013423,0.005369,0.039175,-0.024396,-0.021835,-0.019225
1.609741,0.013781,0.005808,0.039437,-0.025096,-0.022181,-0.019318
1.619806,0.014148,0.006258,0.039320,-0.025047,-0.022154,-0.019413
1.629866,0.014526,0.006722,0.039593,-0.025782,-0.022519,-0.019511
1.639919,0.014915,0.007199,0.039871,-0.025392,-0.022894,-0.019230
1.649983,0.015313,0.007687,0.039769,-0.025777,-0.023278,-0.019333
1.660045,0.015722,0.008190,0.039674,-0.025421,-0.023293,-0.019439
1.670107,0.016143,0.008326,0.040346,-0.025847,-0.024080,-0.019548
1.680167,0.016193,0.008857,0.040261,-0.025527,-0.024116,-0.019278
1.690217,0.016635,0.009399,0.040557,-0.025983,-0.024543,-0.019392
1.700277,0.017089,0.009958,0.040096,-0.026079,-0.024982,-0.019510
1.710340,0.017556,0.010530,0.040403,-0.026194,-0.025432,-0.019631
1.720403,0.018033,0.011116,0.040710,-0.026321,-0.025893,-0.019373
1.730463,0.018142,0.011717,0.040640,-0.025707,-0.026367,-0.019500
1.740513,0.018643,0.012331,0.040571,-0.025869,-0.026851,-0.019248
1.750573,0.018777,0.012581,0.040126,-0.025289,-0.026967,-0.019381
1.760636,0.018924,0.013227,0.040446,-0.025491,-0.027478,-0.019518
1.770701,0.019083,0.013887,0.040003,-0.024560,-0.027618,-0.019277
1.780762,0.019256,0.014564,0.040326,-0.024795,-0.028154,-0.019420
1.790818,0.019061,0.014875,0.040652,-0.024667,-0.028703,-0.019186
1.800881,0.018879,0.015581,0.040977,-0.024931,-0.029264,-0.019336
1.810940,0.018331,0.016305,0.040541,-0.024836,-0.029839,-0.019109
1.821003,0.018558,0.017043,0.040867,-0.025515,-0.030046,-0.019267
1.831067,0.018038,0.017418,0.040433,-0.024690,-0.029886,-0.019428
1.841131,0.017533,0.017809,0.040382,-0.025026,-0.030123,-0.019213
1.851194,0.016661,0.018215,0.040709,-0.023847,-0.029609,-0.019382
1.861256,0.015804,0.018639,0.041038,-0.024215,-0.030256,-0.019174
1.871315,0.014962,0.018696,0.040601,-0.024213,-0.029772,-0.019351
1.881376,0.014900,0.019154,0.041310,-0.024994,-0.030449,-0.019151
1.891436,0.014852,0.018864,0.041252,-0.025024,-0.031140,-0.019336
1.901497,0.015204,0.018593,0.041577,-0.025455,-0.031848,-0.019144
1.911562,0.015570,0.018719,0.041517,-0.024752,-0.032570,-0.019338
1.921622,0.015955,0.018864,0.042219,-0.024832,-0.033310,-0.019155
1.931684,0.016738,0.018646,0.042539,-0.024165,-0.034067,-0.018976
1.941749,0.016774,0.018825,0.042853,-0.024651,-0.034457,-0.019183
1.951813,0.017211,0.018642,0.042784,-0.024775,-0.033721,-0.019014
1.961845,0.017282,0.018474,0.043092,-0.025291,-0.033001,-0.019230
1.971900,0.017373,0.017945,0.042635,-0.025062,-0.031155,-0.019069
1.981952,0.017480,0.018196,0.042936,-0.025224,-0.030089,-0.019295
1.992032,0.017226,0.018085,0.042852,-0.024641,-0.027516,-0.019144
2.002084,0.017371,0.018371,0.043144,-0.024830,-0.025722,-0.019379
2.012136,0.016774,0.018678,0.043051,-0.025417,-0.023567,-0.019620
2.022189,0.015813,0.017857,0.042951,-0.025632,-0.019141,-0.019484
2.032241,0.015634,0.017817,0.043226,-0.026240,-0.017403,-0.019352
2.042294,0.015859,0.017417,0.043117,-0.026484,-0.013398,-0.019608
2.052346,0.016102,0.018178,0.042999,-0.027499,-0.012462,-0.019488
2.062399,0.017130,0.018196,0.042877,-0.027385,-0.011167,-0.019754
2.072450,0.018178,0.018994,0.042746,-0.028042,-0.011415,-0.020026
2.082499,0.019248,0.019051,0.041847,-0.027951,-0.011305,-0.019540
2.092551,0.020338,0.019505,0.042083,-0.028247,-0.012357,-0.019823
2.102603,0.021070,0.018836,0.041168,-0.027796,-0.013051,-0.019730
2.112655,0.022203,0.018947,0.041006,-0.028113,-0.013383,-0.019642
2.122706,0.023361,0.019079,0.040456,-0.027682,-0.014501,-0.019180
2.132756,0.024157,0.019609,0.040276,-0.028019,-0.015639,-0.019104
2.142806,0.024594,0.019395,0.040087,-0.027601,-0.016416,-0.018652
2.152830,0.025057,0.019584,0.040272,-0.027959,-0.017600,-0.018207
2.162881,0.024778,0.019027,0.039682,-0.027559,-0.018423,-0.017386
2.172932,0.024907,0.019636,0.039465,-0.027934,-0.019271,-0.016954
2.182985,0.024294,0.019499,0.038472,-0.027168,-0.019759,-0.016527
2.193036,0.024087,0.020143,0.038613,-0.027172,-0.020651,-0.016106
2.203088,0.023144,0.020809,0.038362,-0.026806,-0.021569,-0.015311
2.213140,0.022986,0.021110,0.038480,-0.027586,-0.022890,-0.015285
2.223191,0.022856,0.020670,0.037824,-0.027232,-0.024620,-0.014503
2.233243,0.023130,0.020246,0.037916,-0.028024,-0.025990,-0.014108
2.243321,0.023047,0.019841,0.037615,-0.026913,-0.027003,-0.013339
2.253373,0.022994,0.020602,0.037683,-0.027338,-0.028043,-0.012958
2.263425,0.023346,0.021380,0.038118,-0.027763,-0.029107,-0.012584
2.273436,0.022198,0.021794,0.038157,-0.027428,-0.029814,-0.011835
2.283485,0.022606,0.021848,0.038183,-0.027864,-0.030550,-0.011857
2.293538,0.022275,0.022301,0.037812,-0.027918,-0.030165,-0.011123
2.303591,0.023115,0.022389,0.038189,-0.028355,-0.031332,-0.011158
2.313644,0.022842,0.022118,0.038170,-0.027654,-0.032529,-0.010820
2.323695,0.023738,0.022245,0.037753,-0.027714,-0.033750,-0.010870
2.333746,0.023518,0.021626,0.037701,-0.027011,-0.034616,-0.010546
2.343795,0.024092,0.022173,0.037635,-0.027458,-0.035513,-0.010612
2.353839,0.023548,0.022736,0.037550,-0.027138,-0.035672,-0.009922
2.363888,0.023795,0.024078,0.037829,-0.027961,-0.035858,-0.010002
2.373940,0.023693,0.023917,0.037330,-0.028407,-0.034550,-0.009709
2.383988,0.024380,0.023770,0.037575,-0.029229,-0.034411,-0.009805
2.394038,0.024334,0.023259,0.037420,-0.028904,-0.033157,-0.009527
2.404089,0.025080,0.023147,0.037246,-0.029721,-0.032694,-0.009257
2.414139,0.025097,0.022293,0.037055,-0.029014,-0.029593,-0.009378
2.424190,0.025142,0.022979,0.037226,-0.029444,-0.027282,-0.009506
2.434240,0.024453,0.022919,0.036996,-0.028725,-0.023473,-0.009260
2.444290,0.024944,0.023642,0.036747,-0.029150,-0.021224,-0.009786
2.454342,0.025462,0.022471,0.035714,-0.028803,-0.018620,-0.009939
2.464394,0.026392,0.022843,0.035805,-0.029214,-0.019479,-0.010099
2.474446,0.027354,0.022849,0.034731,-0.028473,-0.019987,-0.010268
2.484495,0.028351,0.023638,0.034782,-0.028875,-0.021673,-0.010447
2.494560,0.028614,0.023296,0.034048,-0.028503,-0.023005,-0.010633
2.504612,0.029670,0.023732,0.033674,-0.028504,-0.024368,-0.010827
2.514663,0.029996,0.024564,0.033659,-0.028879,-0.025761,-0.011031
2.524714,0.029972,0.024268,0.032860,-0.028100,-0.027566,-0.011242
2.534763,0.030748,0.024754,0.032421,-0.028460,-0.029407,-0.011464
2.544818,0.030408,0.024107,0.032339,-0.027663,-0.031276,-0.011312
2.554879,0.031626,0.024618,0.032235,-0.028380,-0.033556,-0.011932
2.564932,0.031351,0.024763,0.031727,-0.027941,-0.034724,-0.011798
2.574981,0.031108,0.024921,0.031577,-0.028255,-0.035923,-0.012054
2.585033,0.033396,0.026429,0.031587,-0.029993,-0.038421,-0.012976
2.595087,0.034396,0.027011,0.031366,-0.029887,-0.038953,-0.013259
2.605151,0.033522,0.026461,0.030739,-0.029385,-0.039515,-0.013170
2.615212,0.034206,0.026686,0.030469,-0.029250,-0.039346,-0.013471
2.625273,0.033015,0.026925,0.030555,-0.028337,-0.036920,-0.013781
2.635340,0.033770,0.027180,0.030236,-0.028558,-0.035675,-0.014102
2.645400,0.033027,0.026680,0.029892,-0.027614,-0.032168,-0.014812
2.655463,0.033461,0.026955,0.029522,-0.027798,-0.030600,-0.015150
2.665522,0.032401,0.026478,0.029508,-0.026820,-0.027155,-0.015497
2.675584,0.033281,0.026775,0.029469,-0.027351,-0.026412,-0.016234
2.685645,0.033430,0.026320,0.029405,-0.027100,-0.026082,-0.016600
2.695707,0.034375,0.026638,0.028932,-0.027593,-0.028071,-0.016974
2.705767,0.034594,0.026208,0.028816,-0.026927,-0.029333,-0.017359
2.715820,0.035603,0.026165,0.028292,-0.027381,-0.031385,-0.017752
2.725831,0.035498,0.026132,0.028123,-0.027052,-0.032703,-0.018154
2.735881,0.036569,0.027252,0.027546,-0.027466,-0.034433,-0.018946
2.745944,0.036145,0.026473,0.026943,-0.027094,-0.036192,-0.019366
2.756006,0.036896,0.026848,0.026695,-0.027846,-0.037218,-0.020176
2.766071,0.036152,0.026849,0.026420,-0.027430,-0.036365,-0.020232
2.776125,0.036963,0.027239,0.025737,-0.027755,-0.035923,-0.021060
2.786184,0.037804,0.027255,0.025409,-0.028437,-0.035891,-0.021516
2.796248,0.037148,0.027278,0.025054,-0.028333,-0.034361,-0.021980
2.806308,0.037666,0.027689,0.024673,-0.028586,-0.033621,-0.022834
2.816360,0.037073,0.027348,0.024263,-0.028055,-0.030244,-0.023317
2.826410,0.038023,0.028150,0.023829,-0.028255,-0.029554,-0.023806
2.836462,0.037484,0.027438,0.022984,-0.027673,-0.028899,-0.023924
2.846526,0.038112,0.027492,0.022495,-0.027825,-0.029792,-0.024431
2.856588,0.038384,0.027168,0.021979,-0.026805,-0.030327,-0.024564
2.866649,0.039445,0.027612,0.021436,-0.027285,-0.032794,-0.025468
2.876709,0.039385,0.027296,0.020866,-0.026592,-0.034903,-0.025617
2.886770,0.040494,0.027747,0.020269,-0.026254,-0.036654,-0.026156
2.896831,0.040100,0.027439,0.019646,-0.025888,-0.037283,-0.026702
2.906892,0.041255,0.027896,0.018996,-0.025493,-0.038696,-0.027255
2.916956,0.040524,0.027593,0.018320,-0.024688,-0.039748,-0.027435
2.927015,0.041340,0.028436,0.017617,-0.024235,-0.040057,-0.028003
2.937082,0.040650,0.027755,0.016888,-0.022990,-0.037334,-0.028196
2.947144,0.041505,0.027839,0.016132,-0.022860,-0.036536,-0.028778
2.957208,0.040852,0.027923,0.015351,-0.022318,-0.035374,-0.028985
2.967271,0.041361,0.028007,0.014543,-0.022128,-0.034991,-0.029198
2.977331,0.041123,0.027711,0.013710,-0.021144,-0.033098,-0.029417
2.987391,0.041664,0.028558,0.012851,-0.020893,-0.033889,-0.029260
2.997451,0.041455,0.027879,0.011967,-0.019466,-0.033550,-0.028728
3.007511,0.042397,0.027957,0.011059,-0.019151,-0.034360,-0.028580
3.017571,0.042600,0.027660,0.010123,-0.018426,-0.034431,-0.028441
3.027632,0.043184,0.028116,0.009165,-0.018430,-0.036790,-0.028304
3.037696,0.042638,0.027811,0.008181,-0.018022,-0.036492,-0.027410
3.047755,0.043627,0.028266,0.007173,-0.018346,-0.036965,-0.026901
3.057818,0.043097,0.027574,0.006140,-0.017875,-0.035537,-0.025634
3.067877,0.043717,0.027641,0.005084,-0.017753,-0.036023,-0.025515
3.077938,0.044342,0.028468,0.004004,-0.017600,-0.036130,-0.025399
3.087998,0.043826,0.028527,0.002901,-0.017034,-0.033189,-0.024522
3.098058,0.044455,0.028963,0.001774,-0.017198,-0.033682,-0.024412
3.108120,0.043559,0.027867,0.000626,-0.016949,-0.033412,-0.023541
3.118182,0.044569,0.028293,-0.000546,-0.016669,-0.034667,-0.023434
3.128245,0.044044,0.027563,-0.001736,-0.015973,-0.035913,-0.022946
3.138309,0.045047,0.027975,-0.002951,-0.016010,-0.038686,-0.023223
3.148363,0.044519,0.027619,-0.004187,-0.015634,-0.039547,-0.022739
3.158416,0.045511,0.027637,-0.005444,-0.015608,-0.040401,-0.023399
3.168484,0.044587,0.027266,-0.006721,-0.015550,-0.040484,-0.022915
3.178546,0.045179,0.027650,-0.008018,-0.015462,-0.041701,-0.022812
3.188610,0.044233,0.026881,-0.008954,-0.014961,-0.040618,-0.023089
3.198671,0.044794,0.027626,-0.010288,-0.014809,-0.040279,-0.023363
3.208731,0.043438,0.026840,-0.011643,-0.015009,-0.038024,-0.023256
3.218792,0.043975,0.026808,-0.012635,-0.015561,-0.036898,-0.023528
3.228855,0.043350,0.026384,-0.014027,-0.016082,-0.033848,-0.023797
3.238914,0.043850,0.027096,-0.015436,-0.016574,-0.034213,-0.024445
3.248977,0.042797,0.026648,-0.016478,-0.017036,-0.034551,-0.024706
3.259040,0.044017,0.026956,-0.017539,-0.017469,-0.035635,-0.024964
3.269100,0.043688,0.026110,-0.018998,-0.017873,-0.037842,-0.024837
3.279162,0.044478,0.026015,-0.020472,-0.017867,-0.040406,-0.025087
3.289222,0.043334,0.025909,-0.021961,-0.017834,-0.041418,-0.025331
3.299284,0.044444,0.026549,-0.023463,-0.017390,-0.042778,-0.025948
3.309337,0.043241,0.025655,-0.024980,-0.016920,-0.043733,-0.025798
3.319398,0.043534,0.025893,-0.026130,-0.016805,-0.043895,-0.026405
3.329459,0.042650,0.025355,-0.027675,-0.015901,-0.041355,-0.026622
3.339519,0.042869,0.025563,-0.029229,-0.015352,-0.040303,-0.027212
3.349658,0.041533,0.024998,-0.030798,-0.014014,-0.038458,-0.027413
3.359711,0.041687,0.025564,-0.031997,-0.013797,-0.037722,-0.027988
3.369763,0.042566,0.025353,-0.033207,-0.013173,-0.036187,-0.028172
3.379815,0.041110,0.024360,-0.034042,-0.012907,-0.034226,-0.028344
3.389867,0.041526,0.024501,-0.034890,-0.013000,-0.034901,-0.028890
3.399927,0.041138,0.023864,-0.035366,-0.013069,-0.034011,-0.028662
3.409980,0.041845,0.023590,-0.036229,-0.013116,-0.034980,-0.028804
3.420042,0.040987,0.022922,-0.035959,-0.013142,-0.037056,-0.028554
3.430103,0.041228,0.023001,-0.036459,-0.013146,-0.038325,-0.028674
3.440156,0.040273,0.021917,-0.036582,-0.013130,-0.038018,-0.028017
3.450208,0.040801,0.021964,-0.037476,-0.013094,-0.038433,-0.028112
3.460262,0.039374,0.021613,-0.037233,-0.013039,-0.037275,-0.027813
3.470314,0.039417,0.022005,-0.037373,-0.012965,-0.036446,-0.027880
3.480366,0.037889,0.021238,-0.037138,-0.012872,-0.032521,-0.027173
3.490417,0.037836,0.021600,-0.038053,-0.012762,-0.030836,-0.026832
3.500478,0.036581,0.021177,-0.037824,-0.012635,-0.028713,-0.025332
3.510528,0.036803,0.021503,-0.037982,-0.011729,-0.028070,-0.024963
3.520589,0.035828,0.021048,-0.037380,-0.011569,-0.026995,-0.023815
3.530649,0.036319,0.021716,-0.038302,-0.011394,-0.028532,-0.023414
3.540708,0.035615,0.020843,-0.038085,-0.010823,-0.029639,-0.021855
3.550768,0.035996,0.021093,-0.037864,-0.009856,-0.030689,-0.021041
3.560839,0.034799,0.020946,-0.037266,-0.009639,-0.031689,-0.019831
3.570892,0.035067,0.021159,-0.037809,-0.009027,-0.033011,-0.019748
3.580946,0.033757,0.020592,-0.037591,-0.008402,-0.034284,-0.019268
3.590999,0.033916,0.020771,-0.037372,-0.007384,-0.035501,-0.018771
3.601052,0.032868,0.020544,-0.036767,-0.007118,-0.035515,-0.018256
3.611114,0.032529,0.020683,-0.037306,-0.006840,-0.035858,-0.018488
3.621177,0.031366,0.020036,-0.036695,-0.006553,-0.035379,-0.017558
3.631241,0.031293,0.020518,-0.036465,-0.005873,-0.035611,-0.017755
3.641295,0.031158,0.020976,-0.036610,-0.005948,-0.036165,-0.017553
3.651348,0.030206,0.021035,-0.035990,-0.005632,-0.035522,-0.017716
3.661402,0.029574,0.021072,-0.036126,-0.005307,-0.035202,-0.017860
3.671453,0.028505,0.020329,-0.035496,-0.004975,-0.032540,-0.017606
3.681505,0.028520,0.020707,-0.035239,-0.004635,-0.031728,-0.017715
3.691555,0.027718,0.020686,-0.034597,-0.004287,-0.028955,-0.017807
3.701605,0.027618,0.021023,-0.034708,-0.003934,-0.026888,-0.017880
3.711655,0.026316,0.020576,-0.034049,-0.003574,-0.023240,-0.018318
3.721706,0.025724,0.020493,-0.033768,-0.003208,-0.021066,-0.018357
3.731758,0.025073,0.020387,-0.033475,-0.002837,-0.018454,-0.018378
3.741812,0.025132,0.020644,-0.033559,-0.002460,-0.018462,-0.018763
3.751873,0.025132,0.020115,-0.032486,-0.002079,-0.018795,-0.018749
3.761936,0.025081,0.019950,-0.032552,-0.001693,-0.019460,-0.018719
3.771998,0.024973,0.019379,-0.032605,-0.001303,-0.020453,-0.018671
3.782059,0.025192,0.019550,-0.032265,-0.000910,-0.021775,-0.018606
3.792122,0.024598,0.019322,-0.031539,-0.000513,-0.022667,-0.018906
3.802185,0.024331,0.019070,-0.031942,-0.000114,-0.023888,-0.018426
3.812236,0.022868,0.018034,-0.031571,0.000289,-0.024679,-0.018311
3.822297,0.022501,0.018125,-0.031574,0.000694,-0.025423,-0.018180
3.832357,0.021700,0.018193,-0.030800,0.001101,-0.026117,-0.018034
3.842418,0.021614,0.018239,-0.031157,0.001510,-0.026765,-0.018252
3.852478,0.021099,0.017504,-0.031124,0.001922,-0.026986,-0.018075
3.862541,0.020917,0.017509,-0.031076,0.002335,-0.027542,-0.018263
3.872599,0.020689,0.017111,-0.030633,0.002748,-0.027672,-0.018054
3.882660,0.020796,0.017456,-0.030939,0.003162,-0.028522,-0.018213
3.892725,0.019716,0.017020,-0.030854,0.003579,-0.028185,-0.017976
3.902786,0.019354,0.016943,-0.030753,0.003995,-0.027807,-0.018106
3.912848,0.018950,0.017226,-0.031019,0.004411,-0.028150,-0.018223
3.922908,0.018123,0.016344,-0.030507,0.004828,-0.028454,-0.017944
3.932969,0.017637,0.016587,-0.030744,0.005244,-0.028719,-0.018034
3.943030,0.016350,0.016049,-0.030207,0.005662,-0.028947,-0.018112
3.953091,0.016169,0.016252,-0.030797,0.006078,-0.029139,-0.017795
3.963151,0.015187,0.015671,-0.030227,0.006493,-0.029294,-0.017848
3.973212,0.014932,0.015452,-0.030404,0.006908,-0.029797,-0.017508
3.983272,0.014643,0.014832,-0.029422,0.007322,-0.029885,-0.017538
3.993289,0.014701,0.014956,-0.029568,0.007735,-0.029941,-0.017557
4.003340,0.014727,0.014678,-0.029317,0.008147,-0.029584,-0.017565
4.013392,0.014721,0.014388,-0.029441,0.008561,-0.029198,-0.017182
4.023443,0.014684,0.014088,-0.028419,0.008978,-0.028399,-0.017170
4.033494,0.014616,0.013779,-0.028541,0.009399,-0.028334,-0.017148
4.043548,0.014517,0.013460,-0.028662,0.009824,-0.028239,-0.017115
4.053600,0.014386,0.013896,-0.029164,0.010252,-0.028114,-0.017073
4.063652,0.014224,0.013559,-0.028902,0.010684,-0.027959,-0.016639
4.073703,0.014031,0.013976,-0.028639,0.011121,-0.027774,-0.016576
4.083755,0.013807,0.014002,-0.028375,0.011561,-0.027941,-0.016503
4.093806,0.013552,0.014018,-0.028874,0.012006,-0.027697,-0.016420
4.103857,0.013265,0.013644,-0.028989,0.012455,-0.027041,-0.016327
4.113909,0.012948,0.013641,-0.029104,0.012907,-0.026738,-0.016225
4.123961,0.012600,0.013628,-0.028455,0.013364,-0.026405,-0.016112
4.134012,0.012222,0.013605,-0.028567,0.013826,-0.026042,-0.015989
4.144064,0.011812,0.013191,-0.028678,0.014292,-0.025651,-0.015856
4.154116,0.011372,0.013148,-0.029169,0.014762,-0.025229,-0.015713
4.164223,0.010902,0.012713,-0.028896,0.015237,-0.024779,-0.015561
4.174275,0.010401,0.012649,-0.029003,0.015716,-0.024300,-0.015399
4.184326,0.009870,0.012956,-0.028727,0.016200,-0.023791,-0.015227
4.194378,0.009309,0.013253,-0.028830,0.016689,-0.023254,-0.015045
4.204430,0.008717,0.013157,-0.029695,0.017183,-0.022688,-0.014854
4.214482,0.008478,0.013050,-0.029414,0.017682,-0.022093,-0.014654
4.224534,0.007827,0.013696,-0.029513,0.018185,-0.021470,-0.014443
4.234585,0.007146,0.013567,-0.028846,0.018694,-0.020819,-0.014224
4.244637,0.006436,0.013428,-0.029323,0.019209,-0.020139,-0.013995
4.254688,0.005697,0.013277,-0.029034,0.019728,-0.019813,-0.013757
4.264740,0.004929,0.013496,-0.028744,0.020254,-0.019459,-0.013509
4.274792,0.004132,0.012941,-0.028451,0.020784,-0.018696,-0.013253
4.284845,0.003687,0.012755,-0.028538,0.021321,-0.017905,-0.012987
4.294897,0.002833,0.012558,-0.027860,0.021863,-0.017087,-0.012712
4.304948,0.001950,0.012349,-0.027942,0.022412,-0.016241,-0.012429
4.315000,0.000481,0.012657,-0.028100,0.023526,-0.014470,-0.011836
4.325052,-0.000486,0.012412,-0.028557,0.024093,-0.013544,-0.011907
4.335104,-0.001480,0.012154,-0.028249,0.024667,-0.012591,-0.011589
4.345158,-0.002502,0.011884,-0.028701,0.025247,-0.011613,-0.011263
4.355211,-0.003169,0.011982,-0.028006,0.025833,-0.010990,-0.010928
4.365264,-0.004245,0.011687,-0.027690,0.026427,-0.009960,-0.010585
4.375317,-0.004965,0.011378,-0.027753,0.027027,-0.009667,-0.010233
4.385369,-0.006094,0.011438,-0.028195,0.027635,-0.008586,-0.009874
4.395422,-0.006867,0.011104,-0.027871,0.028250,-0.007479,-0.009888
4.405476,-0.008048,0.011520,-0.027545,0.028872,-0.006730,-0.009513
4.415529,-0.008873,0.011540,-0.027215,0.029502,-0.005956,-0.009130
4.425580,-0.010104,0.011929,-0.027646,0.030140,-0.004776,-0.008740
4.435633,-0.011361,0.011923,-0.028073,0.030785,-0.003571,-0.008342
4.445684,-0.012261,0.012284,-0.028498,0.031438,-0.002725,-0.007937
4.455736,-0.013567,0.012632,-0.028157,0.032100,-0.001855,-0.007524
4.465788,-0.014897,0.012966,-0.027431,0.032769,-0.001343,-0.007486
4.475832,-0.015870,0.012904,-0.027846,0.033447,-0.001190,-0.007059
4.485883,-0.016485,0.013210,-0.027496,0.034134,-0.001013,-0.007007
4.495936,-0.017505,0.012739,-0.027905,0.034829,-0.000052,-0.006566
4.505987,-0.017785,0.012253,-0.027166,0.035534,0.000551,-0.006119
4.516039,-0.018851,0.012134,-0.027187,0.036247,0.000794,-0.006047
4.526090,-0.019176,0.011238,-0.026442,0.036969,0.001058,-0.005586
4.536141,-0.020287,0.011089,-0.026838,0.037701,0.001725,-0.005501
4.546200,-0.021038,0.010545,-0.026086,0.038442,0.002795,-0.005028
4.556255,-0.022192,0.009985,-0.026093,0.039192,0.004267,-0.004549
4.566308,-0.022985,0.009792,-0.025715,0.039953,0.005760,-0.004446
4.576360,-0.023800,0.009584,-0.025334,0.040723,0.006891,-0.003955
4.586412,-0.024253,0.008979,-0.025330,0.041503,0.008805,-0.003459
4.596464,-0.024346,0.008739,-0.025323,0.041912,0.009975,-0.003338
4.606516,-0.024458,0.008485,-0.025312,0.042713,0.011165,-0.003212
4.616568,-0.024971,0.008596,-0.025678,0.043524,0.012755,-0.002699
4.626619,-0.024741,0.008310,-0.025660,0.044345,0.014364,-0.002181
4.636671,-0.025674,0.008389,-0.026019,0.045178,0.015991,-0.002039
4.646723,-0.025863,0.008452,-0.025611,0.046021,0.016873,-0.001511
4.656775,-0.026833,0.008500,-0.025961,0.046875,0.018535,-0.000978
4.666829,-0.027058,0.008531,-0.025927,0.047359,0.019452,-0.000821
4.676880,-0.027682,0.008545,-0.026270,0.047854,0.020386,-0.000660
4.686934,-0.028323,0.008543,-0.026608,0.047598,0.020955,-0.000495
4.696986,-0.027837,0.008525,-0.026179,0.047353,0.020777,0.000056
4.707049,-0.028130,0.008490,-0.026128,0.047120,0.021378,-0.000151
4.717112,-0.028057,0.008438,-0.025691,0.046517,0.022376,0.000027
4.727176,-0.028764,0.008369,-0.025630,0.046308,0.024153,0.000591
4.737238,-0.028723,0.008283,-0.025566,0.045728,0.025563,0.000777
4.747301,-0.029842,0.007798,-0.025878,0.045925,0.027369,0.000967
4.757364,-0.029449,0.007678,-0.025805,0.046133,0.029189,0.001160
4.767417,-0.029834,0.007540,-0.026108,0.046735,0.030642,0.001357
4.777469,-0.029470,0.007385,-0.025643,0.046587,0.031346,0.001557
4.787521,-0.029501,0.007213,-0.025556,0.046451,0.032063,0.002142
4.797572,-0.029164,0.006641,-0.025463,0.046328,0.032793,0.002348
4.807624,-0.029984,0.006433,-0.025747,0.046599,0.033916,0.002940
4.817676,-0.029673,0.006207,-0.025645,0.046883,0.034671,0.003152
4.827728,-0.029756,0.005964,-0.025920,0.047180,0.035438,0.003367
4.837780,-0.029087,0.005702,-0.025426,0.046728,0.034690,0.003585
4.847832,-0.029574,0.005422,-0.025690,0.046669,0.033954,0.004187
4.857884,-0.029310,0.005124,-0.025568,0.046243,0.033228,0.004410
4.867936,-0.029820,0.004808,-0.025441,0.046593,0.032895,0.005017
4.877988,-0.029958,0.004092,-0.025689,0.046575,0.031808,0.005245
4.888039,-0.030489,0.004121,-0.025933,0.046952,0.031114,0.005856
4.898092,-0.029503,0.003749,-0.025789,0.047342,0.028903,0.006087
4.908145,-0.030053,0.003359,-0.026022,0.047365,0.026701,0.006702
4.918198,-0.029849,0.002950,-0.025868,0.047019,0.022982,0.006938
4.928250,-0.030416,0.002523,-0.026089,0.047451,0.021942,0.007556
4.938316,-0.030229,0.002077,-0.025924,0.046752,0.020148,0.008176
4.948378,-0.030814,0.001611,-0.026134,0.046829,0.020268,0.008798
4.958508,-0.030261,0.001127,-0.025957,0.046539,0.020397,0.009039
4.968571,-0.030861,0.000624,-0.025774,0.046645,0.021295,0.009663
4.978630,-0.031467,0.000102,-0.025586,0.046764,0.021819,0.010288
4.988685,-0.031318,-0.000439,-0.025391,0.046516,0.023113,0.010533
4.998738,-0.031938,-0.001000,-0.025572,0.046664,0.025176,0.011160
5.008790,-0.031801,-0.001580,-0.024984,0.046444,0.026864,0.011407
5.018844,-0.032433,-0.002179,-0.024771,0.046620,0.028938,0.011654
5.028895,-0.031544,-0.002797,-0.024170,0.046810,0.030637,0.011902
5.038947,-0.031805,-0.003435,-0.024708,0.047014,0.031959,0.012151
5.049009,-0.031689,-0.004092,-0.024476,0.047232,0.034049,0.012400
5.059072,-0.031960,-0.004769,-0.024238,0.047846,0.036144,0.012650
5.069137,-0.031471,-0.005084,-0.023994,0.047330,0.037479,0.012899
5.079199,-0.031750,-0.005799,-0.023742,0.047972,0.038819,0.013149
5.089262,-0.031269,-0.006535,-0.023485,0.047866,0.038255,0.013400
5.099325,-0.031554,-0.007290,-0.023602,0.048536,0.038457,0.013650
5.109394,-0.031079,-0.007683,-0.023330,0.048458,0.037899,0.013900
5.119459,-0.031370,-0.008477,-0.023434,0.048775,0.037725,0.014150
5.129520,-0.030901,-0.008528,-0.022767,0.048725,0.034883,0.014781
5.139582,-0.030815,-0.009361,-0.022857,0.049452,0.032807,0.014650
5.149645,-0.030349,-0.009833,-0.022176,0.049048,0.028443,0.015280
5.159709,-0.031030,-0.010706,-0.022633,0.049040,0.026751,0.015911
5.169770,-0.030567,-0.010835,-0.022319,0.049046,0.023917,0.016159
5.179833,-0.031249,-0.011366,-0.022762,0.050210,0.022990,0.016407
5.189890,-0.030788,-0.011535,-0.022434,0.051006,0.020920,0.017035
5.199943,-0.031090,-0.012105,-0.022861,0.051817,0.021521,0.017282
5.209994,-0.031011,-0.012695,-0.022518,0.052259,0.021359,0.017527
5.220046,-0.031695,-0.013305,-0.022549,0.052715,0.022342,0.018153
5.230098,-0.031997,-0.013934,-0.022191,0.052421,0.024087,0.018397
5.240150,-0.033061,-0.014583,-0.022206,0.053286,0.026213,0.019022
5.250201,-0.033361,-0.015632,-0.022596,0.054164,0.027957,0.019645
5.260251,-0.032516,-0.016320,-0.022595,0.054673,0.029319,0.019885
5.270303,-0.032814,-0.017028,-0.022206,0.055578,0.030298,0.020125
5.280353,-0.032347,-0.017373,-0.021808,0.056113,0.031275,0.020745
5.290404,-0.032641,-0.017738,-0.021784,0.056281,0.032251,0.020982
5.300454,-0.032170,-0.018122,-0.021370,0.055698,0.032462,0.020836
5.310505,-0.032079,-0.018908,-0.021711,0.055891,0.033052,0.021451
5.320558,-0.031222,-0.018949,-0.021281,0.055334,0.031351,0.021303
5.330609,-0.031506,-0.019391,-0.021605,0.055552,0.030792,0.021534
5.340661,-0.031025,-0.019090,-0.021539,0.055783,0.028322,0.021382
5.350712,-0.030921,-0.019570,-0.021465,0.056407,0.026613,0.021610
5.360763,-0.029670,-0.018925,-0.021764,0.056280,0.023756,0.021836
5.370815,-0.029941,-0.019062,-0.021672,0.056928,0.022421,0.021679
5.380867,-0.029827,-0.018836,-0.021190,0.056444,0.021083,0.021521
5.390919,-0.030472,-0.019011,-0.021463,0.056734,0.022029,0.021742
5.400970,-0.030349,-0.019204,-0.020963,0.055892,0.021446,0.021580
5.411022,-0.030985,-0.019416,-0.020836,0.055823,0.022385,0.021415
5.421075,-0.030091,-0.018884,-0.020318,0.055766,0.022556,0.021249
5.431127,-0.030717,-0.018751,-0.020554,0.056101,0.023867,0.021081
5.441179,-0.030576,-0.018637,-0.020400,0.055303,0.024792,0.020911
5.451231,-0.030811,-0.018923,-0.020618,0.055278,0.026093,0.020739
5.461282,-0.030277,-0.018845,-0.020063,0.054119,0.027008,0.020183
5.471334,-0.030883,-0.018785,-0.019881,0.054115,0.028299,0.020007
5.481386,-0.029957,-0.018743,-0.019307,0.052595,0.029203,0.019065
5.491438,-0.030550,-0.019100,-0.019487,0.052611,0.030102,0.018884
5.501567,-0.029994,-0.019093,-0.018894,0.051492,0.030995,0.018320
5.511619,-0.030194,-0.019485,-0.018674,0.051527,0.031882,0.017753
5.521671,-0.030388,-0.019894,-0.018443,0.051190,0.032000,0.017565
5.531722,-0.029430,-0.019558,-0.017821,0.050480,0.030967,0.016613
5.541777,-0.029611,-0.020002,-0.017952,0.050542,0.030310,0.015657
5.551831,-0.029022,-0.020081,-0.017692,0.049850,0.027357,0.014700
5.561886,-0.029570,-0.020558,-0.017803,0.050310,0.025923,0.014121
5.571938,-0.028204,-0.020289,-0.017904,0.050016,0.022576,0.013540
5.581991,-0.028357,-0.020417,-0.017995,0.050492,0.021510,0.013338
5.592043,-0.028121,-0.020181,-0.018457,0.050976,0.020056,0.012370
5.602095,-0.028259,-0.020723,-0.018527,0.051467,0.020502,0.012163
5.612147,-0.028389,-0.020900,-0.018969,0.051203,0.020941,0.011572
5.622199,-0.028893,-0.021093,-0.019019,0.051708,0.022517,0.011360
5.632251,-0.029389,-0.020538,-0.019058,0.051457,0.024085,0.010764
5.642304,-0.029878,-0.021142,-0.019468,0.051976,0.026027,0.010546
5.652376,-0.029214,-0.021381,-0.019104,0.051737,0.027962,0.010326
5.662430,-0.029686,-0.022016,-0.019493,0.052267,0.029126,0.010104
5.672482,-0.029005,-0.021902,-0.019490,0.052040,0.030664,0.009879
5.682534,-0.029079,-0.022185,-0.019094,0.052581,0.032956,0.010413
5.692588,-0.028764,-0.022482,-0.019069,0.052365,0.034096,0.010183
5.702640,-0.028821,-0.022792,-0.018652,0.052534,0.035228,0.010331
5.712689,-0.028106,-0.023117,-0.018605,0.052327,0.035588,0.010095
5.722738,-0.028146,-0.023074,-0.018929,0.052886,0.035941,0.010237
5.732787,-0.027796,-0.023045,-0.018479,0.052687,0.035903,0.010377
5.742838,-0.027818,-0.023791,-0.018781,0.053635,0.036238,0.010896
5.752891,-0.027449,-0.023788,-0.019071,0.053443,0.035421,0.010648
5.762940,-0.027835,-0.023797,-0.018969,0.054016,0.034594,0.010780
5.772991,-0.027449,-0.023819,-0.019237,0.054974,0.033759,0.010909
5.783045,-0.026671,-0.024234,-0.019113,0.054790,0.030626,0.010653
5.793097,-0.027411,-0.024662,-0.019358,0.055370,0.028629,0.010776
5.803149,-0.026615,-0.024338,-0.019211,0.054808,0.025097,0.010896
5.813201,-0.026955,-0.024408,-0.019434,0.055011,0.023844,0.011014
5.823253,-0.026522,-0.024107,-0.019264,0.054071,0.020676,0.011128
5.833305,-0.026460,-0.024580,-0.019082,0.054657,0.019787,0.011621
5.843357,-0.026008,-0.023919,-0.018889,0.053336,0.018507,0.011730
5.853409,-0.026310,-0.024414,-0.018685,0.053160,0.018744,0.011836
5.863469,-0.026601,-0.024537,-0.018468,0.051840,0.020116,0.011939
5.873529,-0.027264,-0.025052,-0.017859,0.051664,0.021861,0.012421
5.883591,-0.027155,-0.024431,-0.016857,0.050343,0.023596,0.012518
5.893654,-0.027417,-0.024965,-0.016606,0.050165,0.025703,0.012994
5.903715,-0.026907,-0.025127,-0.016343,0.049605,0.027419,0.013086
5.913768,-0.027149,-0.025678,-0.016068,0.049806,0.028362,0.013174
5.923818,-0.026238,-0.024713,-0.015782,0.049242,0.029296,0.013260
5.933870,-0.026460,-0.025281,-0.015865,0.049820,0.030984,0.013724
5.943920,-0.025910,-0.024714,-0.015937,0.050014,0.032280,0.014186
5.953971,-0.026113,-0.024535,-0.015997,0.050206,0.033185,0.014263
5.964026,-0.025542,-0.024364,-0.016044,0.050012,0.034844,0.014718
5.974076,-0.025343,-0.025345,-0.016080,0.050960,0.035730,0.014789
5.984126,-0.024753,-0.024425,-0.016105,0.050378,0.035461,0.015239
5.994176,-0.025297,-0.024657,-0.016117,0.050936,0.035946,0.015686
6.004227,-0.024686,-0.024513,-0.016117,0.050727,0.037184,0.015749
6.014278,-0.024828,-0.025138,-0.016105,0.051277,0.037650,0.016190
6.024328,-0.024578,-0.024625,-0.016082,0.050676,0.036579,0.016246
6.034378,-0.024318,-0.025261,-0.016046,0.051596,0.035499,0.016682
6.044428,-0.024429,-0.025521,-0.015999,0.052130,0.034028,0.016732
6.054477,-0.023768,-0.025405,-0.015939,0.051894,0.029494,0.016780
6.064529,-0.023858,-0.025675,-0.015868,0.052414,0.027240,0.017207
6.074579,-0.023558,-0.025567,-0.015784,0.052166,0.024213,0.017249
6.084642,-0.023628,-0.025845,-0.015689,0.052291,0.023084,0.017289
6.094703,-0.023306,-0.025364,-0.015581,0.051647,0.020800,0.017325
6.104764,-0.023738,-0.026031,-0.015462,0.052139,0.019650,0.017359
6.114818,-0.023014,-0.025556,-0.015330,0.051480,0.018110,0.017389
6.124880,-0.023806,-0.025847,-0.015187,0.051956,0.018085,0.017798
6.134940,-0.023443,-0.024997,-0.015032,0.051280,0.018050,0.017823
6.144996,-0.024215,-0.026056,-0.014864,0.051739,0.019150,0.017845
6.155049,-0.025727,-0.027798,-0.014494,0.052630,0.022083,0.018263
6.165104,-0.026086,-0.028099,-0.014290,0.052680,0.023153,0.018658
6.175154,-0.026053,-0.027638,-0.014075,0.051575,0.024594,0.018668
6.185205,-0.026011,-0.027559,-0.013848,0.051605,0.026026,0.018676
6.195258,-0.025194,-0.027100,-0.013609,0.050098,0.026685,0.018681
6.205308,-0.025131,-0.027785,-0.013359,0.050107,0.026952,0.018683
6.215361,-0.024294,-0.027326,-0.013096,0.049341,0.026828,0.018683
6.225413,-0.024592,-0.027248,-0.012821,0.048946,0.027839,0.019061
6.235467,-0.024116,-0.026406,-0.012535,0.047776,0.029221,0.019054
6.245519,-0.024393,-0.026708,-0.012237,0.047738,0.030212,0.019045
6.255581,-0.023515,-0.026245,-0.011927,0.046544,0.031575,0.019415
6.265642,-0.023009,-0.026545,-0.011606,0.046482,0.032164,0.019400
6.275706,-0.022111,-0.026079,-0.011272,0.046026,0.030837,0.019764
6.285767,-0.022347,-0.026375,-0.010927,0.045939,0.029881,0.019363
6.295839,-0.022573,-0.026668,-0.010571,0.046220,0.029679,0.019721
6.305891,-0.022026,-0.026577,-0.010202,0.046106,0.029085,0.019696
6.315944,-0.022232,-0.026865,-0.009823,0.046359,0.028481,0.019667
6.325996,-0.021664,-0.026387,-0.009431,0.045836,0.025960,0.019255
6.336058,-0.021850,-0.026668,-0.009028,0.046444,0.023811,0.019221
6.346111,-0.020499,-0.025420,-0.008614,0.046273,0.019745,0.018803
6.356163,-0.020665,-0.026075,-0.008188,0.046852,0.017576,0.018382
6.366216,-0.020439,-0.025963,-0.007751,0.046271,0.015780,0.017958
6.376266,-0.020584,-0.026229,-0.007303,0.046819,0.015881,0.017151
6.386316,-0.021101,-0.025345,-0.006843,0.046970,0.016353,0.016722
6.396367,-0.021608,-0.025982,-0.006372,0.047488,0.017961,0.016290
6.406418,-0.022105,-0.025470,-0.005889,0.047227,0.019178,0.015856
6.416471,-0.022592,-0.025334,-0.005396,0.047713,0.020385,0.015419
6.426521,-0.022687,-0.025192,-0.004891,0.047801,0.021582,0.014217
6.436571,-0.022773,-0.025426,-0.004376,0.048254,0.022770,0.013775
6.446625,-0.022086,-0.024891,-0.003849,0.047928,0.023186,0.012567
6.456674,-0.021771,-0.024731,-0.003312,0.048349,0.023973,0.011356
6.466726,-0.021445,-0.024945,-0.002763,0.047989,0.025132,0.010525
6.476777,-0.021492,-0.025153,-0.002204,0.048375,0.026283,0.010072
6.486829,-0.021147,-0.024591,-0.001634,0.048363,0.027805,0.008854
6.496880,-0.021174,-0.025166,-0.001053,0.048715,0.028554,0.008396
6.506943,-0.021191,-0.024208,-0.000461,0.048286,0.029676,0.007554
6.516998,-0.020818,-0.024005,0.000141,0.048602,0.030789,0.007473
6.527059,-0.020434,-0.023795,0.000754,0.048137,0.031511,0.006244
6.537122,-0.020041,-0.024720,0.001377,0.048036,0.032223,0.006158
6.547176,-0.019638,-0.023730,0.002011,0.047154,0.030638,0.005687
6.557227,-0.019608,-0.024257,0.002655,0.047397,0.030187,0.005977
6.567280,-0.019568,-0.024776,0.003309,0.047622,0.030491,0.005501
6.577332,-0.019518,-0.023760,0.003974,0.047447,0.030785,0.005404
6.587387,-0.019840,-0.024260,0.004267,0.047254,0.031452,0.005305
6.597440,-0.019390,-0.023989,0.004952,0.046659,0.031728,0.005585
6.607493,-0.020075,-0.024470,0.005646,0.046809,0.031613,0.005481
6.617545,-0.019988,-0.023417,0.006351,0.045795,0.030727,0.005374
6.627606,-0.019891,-0.023879,0.007066,0.045144,0.030594,0.005646
6.637667,-0.019403,-0.023187,0.007791,0.044472,0.029308,0.005916
6.647729,-0.019288,-0.023248,0.008525,0.044926,0.028013,0.005802
6.657791,-0.018400,-0.022916,0.009269,0.044216,0.025565,0.006067
6.667844,-0.018266,-0.023338,0.010022,0.044249,0.024633,0.006330
6.677897,-0.018123,-0.022985,0.010785,0.043500,0.022930,0.006208
6.687948,-0.018353,-0.022622,0.011558,0.043874,0.021981,0.006466
6.698000,-0.017810,-0.022248,0.012340,0.043466,0.019879,0.006721
6.708063,-0.018403,-0.023007,0.013131,0.043420,0.018149,0.006974
6.718131,-0.018223,-0.022611,0.013932,0.042590,0.015266,0.006843
6.728199,-0.018416,-0.022584,0.014741,0.042503,0.013519,0.007473
6.738257,-0.018218,-0.022165,0.015560,0.042014,0.011001,0.007337
6.748319,-0.018393,-0.022496,0.016387,0.042268,0.010762,0.007581
6.758382,-0.018178,-0.021672,0.017224,0.041739,0.010515,0.007441
6.768439,-0.018335,-0.021980,0.018069,0.041571,0.011022,0.007679
6.778492,-0.017720,-0.021894,0.018542,0.041382,0.012284,0.007916
6.788555,-0.017860,-0.022178,0.019405,0.041554,0.013155,0.007768
6.798618,-0.017609,-0.021686,0.020276,0.041324,0.014400,0.008000
6.808680,-0.018112,-0.021563,0.021156,0.041836,0.016017,0.007848
6.818742,-0.017844,-0.021428,0.021662,0.041946,0.017626,0.007694
6.828803,-0.017948,-0.021661,0.022559,0.041654,0.018464,0.008301
6.838929,-0.017662,-0.020738,0.023464,0.041722,0.018911,0.008142
6.848989,-0.018131,-0.021327,0.023995,0.041389,0.019351,0.007981
6.859048,-0.018590,-0.021522,0.024916,0.041416,0.019400,0.008199
6.869109,-0.018660,-0.021322,0.025845,0.041422,0.019823,0.008415
6.879170,-0.018721,-0.021109,0.026782,0.041789,0.020619,0.008247
6.889232,-0.018392,-0.020120,0.027726,0.041372,0.021788,0.008077
6.899296,-0.018436,-0.021025,0.028679,0.041316,0.022186,0.008286
6.909359,-0.017328,-0.020390,0.029639,0.040858,0.022576,0.008112
6.919421,-0.016973,-0.020505,0.030606,0.040378,0.022576,0.008317
6.929482,-0.016611,-0.019844,0.031581,0.040260,0.022950,0.008519
6.939541,-0.016621,-0.020313,0.032564,0.040502,0.023697,0.008338
6.949604,-0.017004,-0.019624,0.033553,0.041104,0.024817,0.008536
6.959663,-0.017380,-0.019684,0.034550,0.041686,0.025548,0.008351
6.969725,-0.017365,-0.019348,0.035173,0.042247,0.026271,0.008545
6.979784,-0.017723,-0.019762,0.036184,0.042787,0.026604,0.008355
6.989847,-0.018074,-0.019780,0.037202,0.043307,0.026548,0.008545
6.999911,-0.018034,-0.019784,0.037845,0.043806,0.026102,0.008732
7.009973,-0.018368,-0.019011,0.038876,0.044284,0.025649,0.008536
7.020036,-0.018694,-0.019368,0.040296,0.044741,0.025950,0.008338
7.030098,-0.018630,-0.019329,0.040959,0.045178,0.026244,0.008519
7.040158,-0.018558,-0.018895,0.042010,0.045594,0.026912,0.008317
7.050219,-0.018097,-0.017683,0.043068,0.045990,0.027190,0.008494
7.060279,-0.018009,-0.017983,0.043750,0.046365,0.027842,0.008287
7.070341,-0.017150,-0.018268,0.044439,0.046720,0.027723,0.008460
7.080401,-0.016664,-0.018158,0.045133,0.047054,0.027596,0.008249
7.090464,-0.016170,-0.017651,0.045834,0.047368,0.027462,0.008417
7.100528,-0.015669,-0.017511,0.046922,0.047662,0.028083,0.008584
7.110587,-0.015541,-0.016594,0.047634,0.047935,0.029078,0.008367
7.120639,-0.015787,-0.016807,0.048352,0.048189,0.029684,0.008529
7.130717,-0.016025,-0.016242,0.048313,0.048422,0.029901,0.008690
7.140781,-0.016255,-0.016425,0.048661,0.048635,0.030491,0.008467
7.150842,-0.016477,-0.016594,0.049396,0.048828,0.031074,0.008623
7.160904,-0.017073,-0.016367,0.048992,0.049001,0.030505,0.008777
7.170964,-0.017280,-0.016887,0.049356,0.049154,0.030311,0.008930
7.181016,-0.017860,-0.016249,0.048962,0.049287,0.029345,0.009080
7.191076,-0.018051,-0.015977,0.049336,0.049401,0.028754,0.009228
7.201138,-0.017853,-0.014546,0.048571,0.049495,0.027011,0.009375
7.211200,-0.017648,-0.014627,0.048574,0.049570,0.026405,0.009138
7.221263,-0.017435,-0.014311,0.048200,0.049624,0.023884,0.009280
7.231324,-0.017214,-0.014361,0.048594,0.049660,0.021738,0.009420
7.241384,-0.016604,-0.013634,0.047848,0.049676,0.018058,0.009559
7.251446,-0.015986,-0.014037,0.047870,0.049673,0.015896,0.009695
7.261510,-0.014599,-0.014425,0.047514,0.049651,0.012583,0.009830
7.271567,-0.014348,-0.014416,0.047163,0.049610,0.011171,0.009962
7.281628,-0.013708,-0.014012,0.046435,0.049550,0.009369,0.009711
7.291689,-0.013823,-0.013592,0.046474,0.049470,0.009086,0.009840
7.301742,-0.014313,-0.012776,0.046136,0.049372,0.009178,0.009967
7.311792,-0.014795,-0.012709,0.046183,0.049256,0.009643,0.010091
7.321844,-0.015270,-0.013008,0.045471,0.049121,0.010102,0.010214
7.331904,-0.015737,-0.013674,0.045525,0.048967,0.010553,0.010335
7.341971,-0.016197,-0.013562,0.045203,0.048795,0.010997,0.010073
7.352033,-0.016650,-0.013817,0.045646,0.048604,0.011435,0.010190
7.362100,-0.017095,-0.013675,0.044949,0.048396,0.011102,0.010305
7.372162,-0.017151,-0.013519,0.044637,0.048169,0.011525,0.010419
7.382221,-0.017582,-0.013349,0.044710,0.047924,0.011941,0.010530
7.392274,-0.017624,-0.013545,0.045167,0.047661,0.011969,0.010640
7.402327,-0.017659,-0.012964,0.044483,0.047381,0.011989,0.010748
7.412377,-0.018068,-0.012749,0.044566,0.047083,0.012003,0.010472
7.422495,-0.017707,-0.011757,0.043888,0.046767,0.011628,0.010576
7.432546,-0.017720,-0.011895,0.043977,0.046434,0.012391,0.010678
7.442605,-0.017726,-0.012018,0.044449,0.046083,0.012383,0.010779
7.452667,-0.017343,-0.012126,0.044162,0.045334,0.012369,0.010877
7.462721,-0.017335,-0.012602,0.043877,0.044567,0.012730,0.010592
7.472774,-0.016938,-0.013063,0.043214,0.043784,0.013083,0.010687
7.482827,-0.016916,-0.013510,0.043697,0.043365,0.013430,0.010780
7.492891,-0.016123,-0.013179,0.043420,0.042929,0.013770,0.010871
7.502956,-0.015705,-0.013216,0.043527,0.041714,0.014103,0.010960
7.513009,-0.014898,-0.012475,0.043254,0.040863,0.013666,0.010666
7.523060,-0.014085,-0.012101,0.043747,0.040378,0.013986,0.010752
7.533112,-0.013264,-0.011332,0.043097,0.039494,0.014299,0.010835
7.543174,-0.012818,-0.011311,0.043212,0.038595,0.014604,0.010917
7.553237,-0.012746,-0.011276,0.043329,0.037298,0.015285,0.010616
7.563290,-0.012667,-0.011609,0.043067,0.036748,0.015959,0.010695
7.573345,-0.012582,-0.011546,0.042806,0.036182,0.015863,0.010771
7.583405,-0.012489,-0.011468,0.042929,0.035600,0.016142,0.010846
7.593468,-0.012771,-0.010614,0.042290,0.034621,0.016415,0.010919
7.603532,-0.013046,-0.010509,0.042416,0.034008,0.016299,0.010608
7.613595,-0.013314,-0.010389,0.042161,0.033761,0.016558,0.010678
7.623657,-0.013575,-0.010256,0.042671,0.033118,0.016047,0.010745
7.633720,-0.013829,-0.010490,0.042419,0.032078,0.015530,0.010811
7.643785,-0.014077,-0.010711,0.042550,0.031785,0.015769,0.010875
7.653841,-0.014317,-0.010536,0.041919,0.030715,0.016001,0.010556
7.663897,-0.014170,-0.010347,0.042434,0.030393,0.016227,0.010998
7.673952,-0.014397,-0.010145,0.042568,0.029675,0.016446,0.010675
7.684014,-0.014235,-0.009547,0.042703,0.028943,0.016659,0.010732
7.694076,-0.014448,-0.008936,0.042457,0.028196,0.016865,0.010788
7.704139,-0.014655,-0.008693,0.042212,0.027435,0.017064,0.010841
7.714201,-0.014855,-0.008817,0.042730,0.026659,0.017257,0.010893
7.724263,-0.015047,-0.008929,0.042486,0.025870,0.017443,0.010943
7.734317,-0.015233,-0.009408,0.043006,0.025066,0.017623,0.010991
7.744381,-0.015031,-0.008729,0.042381,0.024249,0.017796,0.010656
7.754444,-0.015204,-0.008800,0.042139,0.023418,0.017963,0.011082
7.764507,-0.015370,-0.008858,0.042278,0.022574,0.018123,0.011125
7.774571,-0.015529,-0.008902,0.043180,0.021716,0.018277,0.010784
7.784635,-0.015681,-0.008551,0.042938,0.020845,0.018424,0.010824
7.794699,-0.015827,-0.008569,0.043077,0.019960,0.018564,0.010862
7.804761,-0.015584,-0.008574,0.042835,0.019063,0.018317,0.010897
7.814814,-0.015335,-0.008566,0.043355,0.018153,0.018445,0.010932
7.824878,-0.015460,-0.008545,0.043113,0.017229,0.018566,0.010964
7.834943,-0.015198,-0.008129,0.043633,0.016294,0.018299,0.010995
7.845006,-0.015034,-0.008022,0.045053,0.014385,0.017746,0.011051
7.855069,-0.014751,-0.008330,0.045190,0.013411,0.017842,0.011077
7.865132,-0.014461,-0.007863,0.044564,0.012426,0.017930,0.011100
7.875197,-0.014165,-0.007765,0.045081,0.011429,0.018013,0.011123
7.885258,-0.013862,-0.007654,0.044835,0.010420,0.018089,0.011143
7.895321,-0.013553,-0.007530,0.045351,0.009399,0.018158,0.011162
7.905384,-0.013237,-0.007394,0.045103,0.008366,0.018221,0.010797
7.915449,-0.012914,-0.007627,0.045236,0.007321,0.018278,0.010812
7.925511,-0.012584,-0.007466,0.044986,0.006266,0.018710,0.010826
7.935574,-0.012248,-0.007674,0.045498,0.005199,0.018372,0.010837
7.945637,-0.011524,-0.007488,0.044865,0.004120,0.018409,0.010847
7.955702,-0.011174,-0.007289,0.044993,0.003031,0.018059,0.010856
7.965763,-0.010437,-0.006697,0.044738,0.001930,0.017702,0.010862
7.975826,-0.009693,-0.006093,0.044864,0.000819,0.017339,0.010867
7.985842,-0.008560,-0.005477,0.044225,-0.000303,0.016969,0.010870
7.995906,-0.008184,-0.005230,0.044347,-0.001435,0.016593,0.010872
8.006014,-0.007802,-0.004971,0.043706,-0.002578,0.016591,0.010871
8.016066,-0.007794,-0.004700,0.043825,-0.003731,0.017347,0.010869
8.026118,-0.007779,-0.004417,0.044324,-0.004895,0.017333,0.010865
8.036170,-0.007758,-0.004122,0.043677,-0.006068,0.017312,0.010860
8.046222,-0.007730,-0.003815,0.043409,-0.007252,0.017285,0.010853
8.056274,-0.007696,-0.003878,0.043140,-0.008064,0.016871,0.010844
8.066326,-0.007655,-0.003548,0.043632,-0.009267,0.016831,0.010833
8.076378,-0.007607,-0.003588,0.043740,-0.010480,0.016403,0.010821
8.086430,-0.007552,-0.003616,0.043845,-0.011703,0.015588,0.010807
8.096482,-0.007491,-0.003632,0.043186,-0.012934,0.015147,0.010791
8.106537,-0.007423,-0.003637,0.043669,-0.014175,0.014700,0.010773
8.116590,-0.007349,-0.003631,0.043768,-0.015426,0.014628,0.010373
8.126643,-0.007268,-0.003613,0.044247,-0.016685,0.014550,0.010733
8.136695,-0.007180,-0.003583,0.043960,-0.017953,0.014465,0.010329
8.146747,-0.007086,-0.003543,0.043670,-0.019230,0.014374,0.010686
8.156799,-0.006985,-0.003491,0.043378,-0.020515,0.014276,0.010660
8.166839,-0.006877,-0.003427,0.043464,-0.021428,0.014172,0.010632
8.176895,-0.006762,-0.003353,0.043167,-0.022731,0.014061,0.010221
8.186950,-0.006641,-0.003268,0.043248,-0.024042,0.013944,0.010571
8.197012,-0.006513,-0.003171,0.042564,-0.024980,0.013821,0.010156
8.207075,-0.006378,-0.003064,0.042639,-0.025926,0.013691,0.010121
8.217130,-0.006237,-0.002945,0.041949,-0.025735,0.013936,0.010085
8.227194,-0.006089,-0.002816,0.041637,-0.025934,0.013411,0.010428
8.237259,-0.005934,-0.002676,0.040940,-0.024996,0.013262,0.010006
8.247312,-0.005773,-0.002525,0.040622,-0.025210,0.013487,0.009965
8.257366,-0.005604,-0.002363,0.039920,-0.024669,0.012943,0.010303
8.267418,-0.005429,-0.002191,0.039976,-0.024517,0.012774,0.009876
8.277501,-0.005247,-0.002008,0.039649,-0.023990,0.012598,0.010210
8.287563,-0.005059,-0.001814,0.039699,-0.023852,0.012416,0.010161
8.297616,-0.004863,-0.001610,0.040127,-0.024103,0.012609,0.010111
8.307670,-0.004661,-0.001777,0.039408,-0.024361,0.012032,0.010059
8.317724,-0.004452,-0.001552,0.039447,-0.024244,0.011830,0.010004
8.327778,-0.004237,-0.001317,0.039484,-0.023753,0.011622,0.009949
8.337831,-0.004014,-0.001071,0.039516,-0.024031,0.011788,0.009891
8.347855,-0.003785,-0.000815,0.039545,-0.023552,0.011185,0.009450
8.357918,-0.003548,-0.000549,0.039570,-0.023844,0.010957,0.009389
8.367981,-0.003305,-0.000272,0.039210,-0.023759,0.011104,0.009326
8.378041,-0.003055,0.000014,0.039227,-0.023682,0.011244,0.009643
8.388105,-0.002798,0.000311,0.039622,-0.023228,0.010614,0.009576
8.398160,-0.002535,0.000999,0.040013,-0.023544,0.010359,0.009508
8.408221,-0.002264,0.000934,0.039637,-0.023484,0.010098,0.009438
8.418283,-0.001987,0.001261,0.040019,-0.024193,0.009830,0.009366
8.428345,-0.002084,0.001597,0.039635,-0.023763,0.009555,0.009293
8.438406,-0.001792,0.001943,0.040009,-0.024102,0.009274,0.009217
8.448466,-0.001494,0.002299,0.039998,-0.023301,0.008986,0.009140
8.458527,-0.001188,0.002665,0.040364,-0.023651,0.008691,0.008679
8.468588,-0.000876,0.003040,0.039962,-0.023243,0.008389,0.008980
8.478652,-0.000557,0.003426,0.040319,-0.023984,0.008081,0.008897
8.488711,-0.000231,0.003820,0.039908,-0.023586,0.008147,0.008813
8.498771,0.000103,0.004224,0.040256,-0.023574,0.007825,0.008727
8.508832,0.000443,0.004638,0.040218,-0.023568,0.007496,0.008639
8.518893,0.000791,0.005061,0.040557,-0.023947,0.007161,0.008549
8.528954,0.001145,0.005494,0.040128,-0.023950,0.006818,0.008457
8.539008,0.001125,0.005935,0.040457,-0.024338,0.006469,0.008363
8.549069,0.001494,0.006387,0.040018,-0.024350,0.006113,0.008268
8.559129,0.001870,0.006847,0.040338,-0.025129,0.005750,0.008171
8.569250,0.002253,0.007316,0.040271,-0.025149,0.005380,0.008072
8.579313,0.002643,0.007795,0.040580,-0.025555,0.005003,0.007971
8.589374,0.003040,0.008283,0.040885,-0.025583,0.004619,0.007868
8.599437,0.003444,0.008398,0.040803,-0.025234,0.004229,0.007763
8.609501,0.003856,0.008523,0.041098,-0.025652,0.003831,0.007656
8.619561,0.004275,0.008656,0.041005,-0.025310,0.003426,0.007548
8.629623,0.004701,0.009180,0.041290,-0.025735,0.003396,0.007438
8.639688,0.005135,0.009331,0.041187,-0.025400,0.002978,0.007325
8.649747,0.005575,0.009872,0.041461,-0.025451,0.002552,0.007211
8.659808,0.006023,0.010041,0.040966,-0.025123,0.001738,0.007095
8.669871,0.006479,0.010599,0.040847,-0.025180,0.001679,0.006978
8.679932,0.006560,0.011167,0.040723,-0.024477,0.001232,0.007239
8.689992,0.007030,0.011743,0.040594,-0.024540,0.000778,0.007118
8.700054,0.007507,0.012328,0.040077,-0.023462,0.000317,0.006994
8.710113,0.007992,0.012921,0.040318,-0.023531,-0.000151,0.006868
8.720177,0.008485,0.013141,0.039790,-0.023222,-0.000245,0.006741
8.730238,0.008603,0.013751,0.039638,-0.023296,-0.000347,0.006612
8.740300,0.009110,0.014370,0.039862,-0.022992,-0.000074,0.006480
8.750362,0.009625,0.014997,0.040080,-0.023071,-0.000189,0.006347
8.760425,0.010147,0.015632,0.039529,-0.023153,-0.000312,0.006212
8.770487,0.010677,0.016275,0.039735,-0.023619,-0.000061,0.006075
8.780540,0.011214,0.016546,0.039172,-0.022942,0.000183,0.005935
8.790602,0.011759,0.017205,0.038985,-0.022649,0.000038,0.005794
8.800661,0.011930,0.017492,0.039174,-0.021977,0.000649,0.006033
8.810720,0.012491,0.018168,0.039356,-0.022069,0.000489,0.005506
8.820782,0.013058,0.018470,0.038770,-0.022163,-0.000059,0.005359
8.830841,0.013634,0.018781,0.039321,-0.022641,-0.000615,0.005210
8.840900,0.014217,0.018718,0.039104,-0.022738,-0.000797,0.005059
8.850960,0.014808,0.019044,0.039262,-0.023219,-0.000987,0.005288
8.861019,0.014644,0.018616,0.039032,-0.022556,-0.001565,0.005132
8.871080,0.014869,0.018958,0.039559,-0.022658,-0.002532,0.004975
8.881140,0.015483,0.019307,0.040079,-0.022762,-0.002744,0.004816
8.891201,0.015724,0.018902,0.039830,-0.022485,-0.003727,0.004655
8.901265,0.015973,0.018504,0.039956,-0.022590,-0.004335,0.004492
8.911325,0.015466,0.017733,0.040076,-0.022315,-0.004570,0.004327
8.921388,0.014968,0.017731,0.040571,-0.022423,-0.005194,0.004159
8.931447,0.014096,0.016212,0.040296,-0.022150,-0.005826,0.004372
8.941508,0.014376,0.016226,0.040777,-0.022259,-0.006083,0.004200
8.951569,0.013901,0.015866,0.040489,-0.021224,-0.005967,0.004027
8.961630,0.013435,0.016276,0.040576,-0.021716,-0.006241,0.003851
8.971690,0.012213,0.016312,0.040275,-0.021063,-0.006140,0.003673
8.981751,0.012144,0.016737,0.040348,-0.021174,-0.006429,0.003494
8.991810,0.011702,0.017169,0.039652,-0.021667,-0.007107,0.003312
9.001842,0.012031,0.017609,0.039330,-0.022542,-0.007793,0.003128
9.011903,0.012749,0.017674,0.039001,-0.022654,-0.009250,0.002941
9.021966,0.013476,0.017364,0.039048,-0.023147,-0.009952,0.003135
9.032029,0.013829,0.016299,0.038324,-0.023259,-0.010280,0.002563
9.042089,0.014191,0.015623,0.038356,-0.024515,-0.010998,0.002370
9.052150,0.014942,0.015716,0.037618,-0.024626,-0.011342,0.002557
9.062210,0.015320,0.016198,0.037636,-0.025119,-0.012076,0.002360
9.072271,0.016470,0.016305,0.037266,-0.024848,-0.012055,0.002161
9.082331,0.017246,0.016419,0.036888,-0.024958,-0.011660,0.001960
9.092394,0.017649,0.015777,0.036122,-0.024305,-0.011274,0.001756
9.102459,0.018443,0.015905,0.036111,-0.024414,-0.011277,0.001932
9.112523,0.018863,0.016040,0.035712,-0.023760,-0.011288,0.001724
9.122576,0.019673,0.016562,0.035687,-0.023867,-0.011689,0.001514
9.132637,0.020110,0.016710,0.035273,-0.023593,-0.012480,0.001302
9.142697,0.020175,0.017246,0.035234,-0.024080,-0.013279,0.001088
9.152761,0.020247,0.017789,0.034806,-0.023803,-0.013705,0.001252
9.162815,0.020710,0.018338,0.034751,-0.023906,-0.014139,0.000652
9.172879,0.020801,0.018512,0.034308,-0.023627,-0.014963,0.000812
9.182934,0.020136,0.018693,0.033857,-0.022965,-0.015414,0.000588
9.192999,0.019862,0.018117,0.033781,-0.022683,-0.015873,0.000363
9.203052,0.018453,0.016784,0.033696,-0.022400,-0.016722,0.000516
9.213114,0.018196,0.015839,0.033605,-0.022878,-0.017580,0.000286
9.223177,0.017186,0.015664,0.033505,-0.022591,-0.018446,0.000053
9.233238,0.017328,0.015876,0.033780,-0.022684,-0.019321,-0.000182
9.243301,0.017480,0.016475,0.033665,-0.022776,-0.020585,-0.000038
9.253360,0.018022,0.017081,0.033924,-0.023247,-0.021477,-0.000277
9.263422,0.017810,0.017312,0.033794,-0.022571,-0.021996,-0.000519
9.273485,0.017988,0.017930,0.034038,-0.022657,-0.022524,-0.000764
9.283539,0.017794,0.018173,0.033892,-0.021596,-0.023060,-0.001010
9.293599,0.017990,0.018421,0.034120,-0.021677,-0.023605,-0.000878
9.303663,0.017432,0.018294,0.033959,-0.021375,-0.023014,-0.001129
9.313720,0.017647,0.018555,0.034171,-0.021833,-0.023195,-0.001383
9.323783,0.016726,0.018058,0.034376,-0.021907,-0.023003,-0.001258
9.333843,0.016577,0.017949,0.034572,-0.022360,-0.023583,-0.001517
9.343905,0.016437,0.016319,0.034761,-0.022047,-0.024554,-0.001778
9.353964,0.017070,0.016221,0.035323,-0.022114,-0.025533,-0.002041
9.364026,0.017330,0.016510,0.035495,-0.021414,-0.026903,-0.002307
9.374086,0.017600,0.017568,0.035660,-0.021856,-0.027519,-0.002194
9.384147,0.017879,0.018250,0.035053,-0.021151,-0.028525,-0.002465
9.394207,0.018167,0.018937,0.034820,-0.021206,-0.028777,-0.002738
9.404275,0.018464,0.018867,0.034579,-0.020495,-0.029038,-0.002632
9.414337,0.018771,0.019566,0.034329,-0.020925,-0.029308,-0.003292
9.424400,0.018706,0.019506,0.034072,-0.020588,-0.028825,-0.003572
9.434460,0.018650,0.019453,0.033806,-0.021393,-0.029495,-0.003474
9.444520,0.018223,0.019023,0.033531,-0.022195,-0.029029,-0.003760
9.454581,0.017804,0.018979,0.034012,-0.022993,-0.028955,-0.003666
9.464639,0.017777,0.018941,0.034484,-0.023788,-0.028508,-0.004339
9.474692,0.017378,0.017764,0.034567,-0.023815,-0.026926,-0.004250
9.484745,0.018133,0.017737,0.034641,-0.024221,-0.026879,-0.004546
9.494794,0.018135,0.017714,0.034325,-0.023860,-0.025697,-0.004463
9.504846,0.018527,0.018460,0.034383,-0.024258,-0.025287,-0.005145
9.514899,0.018167,0.019210,0.034431,-0.023127,-0.022597,-0.005067
9.524953,0.018579,0.019966,0.034472,-0.023135,-0.020299,-0.005374
9.535014,0.019814,0.021492,0.034146,-0.024666,-0.017256,-0.005993
9.545074,0.019873,0.021499,0.034161,-0.024662,-0.014985,-0.005926
9.555136,0.019180,0.021129,0.033786,-0.024654,-0.011962,-0.006242
9.565192,0.019260,0.020765,0.033784,-0.025023,-0.010855,-0.006561
9.575251,0.018968,0.020023,0.033010,-0.024625,-0.010520,-0.006502
9.585306,0.019448,0.019668,0.033373,-0.024603,-0.011721,-0.006826
9.595360,0.019939,0.019317,0.033345,-0.023814,-0.013313,-0.006772
9.605413,0.020821,0.019734,0.032927,-0.023783,-0.014915,-0.006720
9.615465,0.021332,0.019393,0.032500,-0.022984,-0.016144,-0.007052
9.625517,0.022234,0.019819,0.032446,-0.022563,-0.017384,-0.007006
9.635581,0.022001,0.019105,0.032002,-0.021754,-0.018633,-0.006962
9.645645,0.022160,0.019540,0.031549,-0.022085,-0.019510,-0.007303
9.655710,0.021948,0.018834,0.031088,-0.021648,-0.020397,-0.007264
9.665763,0.022127,0.018896,0.030999,-0.021969,-0.021293,-0.007229
9.675826,0.021553,0.018200,0.030520,-0.021522,-0.022200,-0.007577
9.685843,0.021371,0.018270,0.030413,-0.021451,-0.023497,-0.007547
9.695899,0.021199,0.018726,0.030679,-0.020993,-0.024804,-0.007901
9.705962,0.021419,0.019187,0.030937,-0.021673,-0.026122,-0.008258
9.716024,0.021648,0.018507,0.031185,-0.021204,-0.027448,-0.008236
9.726089,0.021507,0.017831,0.031425,-0.021493,-0.028404,-0.008217
9.736144,0.021757,0.017540,0.031655,-0.021776,-0.029750,-0.008582
9.746201,0.021254,0.016873,0.031877,-0.022052,-0.030343,-0.008568
9.756268,0.021525,0.016971,0.032090,-0.022324,-0.030565,-0.008939
9.766334,0.020280,0.016311,0.032294,-0.021826,-0.029271,-0.008931
9.776401,0.020571,0.016799,0.032489,-0.022085,-0.028749,-0.008926
9.786464,0.020872,0.016910,0.032293,-0.021575,-0.027856,-0.008924
9.796525,0.021565,0.017406,0.032470,-0.021823,-0.028117,-0.009305
9.806588,0.021505,0.017523,0.032256,-0.021300,-0.028007,-0.009309
9.816651,0.021837,0.018026,0.032415,-0.021154,-0.027907,-0.009315
9.826712,0.021798,0.018152,0.031802,-0.020619,-0.027434,-0.009705
9.836773,0.022151,0.018280,0.031561,-0.020459,-0.027354,-0.009717
9.846833,0.021369,0.018031,0.031311,-0.019912,-0.025376,-0.010113
9.856894,0.021361,0.018548,0.031434,-0.020121,-0.024171,-0.010512
9.866954,0.020981,0.018306,0.031166,-0.019560,-0.021449,-0.010913
9.877015,0.021375,0.018830,0.031270,-0.019756,-0.019119,-0.010937
9.887075,0.021398,0.018594,0.031365,-0.019182,-0.016418,-0.011344
9.897136,0.021812,0.018743,0.031070,-0.019364,-0.015634,-0.011373
9.907197,0.021856,0.018514,0.031147,-0.018776,-0.014097,-0.011786
9.917260,0.022290,0.019051,0.030833,-0.018944,-0.013714,-0.012202
9.927321,0.021973,0.019210,0.030510,-0.018342,-0.013723,-0.012240
9.937381,0.022428,0.019372,0.030559,-0.018877,-0.014504,-0.012662
9.947441,0.022513,0.019537,0.029836,-0.019024,-0.015677,-0.012705
9.957502,0.022989,0.019705,0.029486,-0.019545,-0.017241,-0.013132
9.967566,0.023094,0.019494,0.029126,-0.020059,-0.019197,-0.013563
9.977630,0.023972,0.020049,0.029138,-0.021328,-0.021544,-0.013996
9.987691,0.023715,0.019844,0.029141,-0.021826,-0.023519,-0.014051
9.997753,0.024232,0.020024,0.029135,-0.022699,-0.024741,-0.014490
10.007816,0.023615,0.019443,0.028738,-0.022801,-0.025973,-0.014933
10.017877,0.023771,0.020010,0.028714,-0.023659,-0.027215,-0.014996
10.027940,0.023556,0.020197,0.028298,-0.023745,-0.028084,-0.015444
10.038000,0.023350,0.020006,0.027111,-0.023824,-0.028964,-0.015514
10.048062,0.024299,0.020199,0.026295,-0.024277,-0.030617,-0.015967
10.058123,0.024114,0.020013,0.025852,-0.024721,-0.032279,-0.016042
10.068184,0.024702,0.020211,0.025781,-0.024776,-0.033569,-0.016502
10.078244,0.024537,0.019267,0.025319,-0.024823,-0.034487,-0.016583
10.088305,0.025145,0.019851,0.025229,-0.025243,-0.035797,-0.017048
10.098364,0.024237,0.019675,0.025130,-0.024511,-0.036734,-0.017135
10.108429,0.024483,0.019883,0.025021,-0.024915,-0.036918,-0.017988
10.118493,0.023976,0.019329,0.024904,-0.024547,-0.036731,-0.018080
10.128554,0.024623,0.019160,0.024395,-0.024552,-0.037315,-0.018557
10.138616,0.024136,0.018230,0.024258,-0.024168,-0.037909,-0.018656
10.148676,0.024803,0.018827,0.024112,-0.024538,-0.037750,-0.019138
10.158738,0.024335,0.018283,0.023957,-0.024136,-0.035692,-0.019624
10.168802,0.024259,0.018503,0.023793,-0.024489,-0.034788,-0.020112
10.178843,0.023810,0.017963,0.023619,-0.024451,-0.030841,-0.019841
10.188898,0.024134,0.018568,0.023435,-0.024405,-0.029193,-0.020717
10.198961,0.024086,0.019176,0.023243,-0.024350,-0.026409,-0.020832
10.209025,0.024429,0.019786,0.023041,-0.024286,-0.024778,-0.020951
10.219089,0.024781,0.019252,0.022829,-0.023831,-0.021631,-0.021072
10.229149,0.025142,0.019865,0.022227,-0.024130,-0.020400,-0.021196
10.239213,0.024750,0.018954,0.021997,-0.023658,-0.019178,-0.021323
10.249276,0.025511,0.019571,0.021757,-0.023557,-0.019490,-0.021834
10.259341,0.025900,0.019807,0.021508,-0.022685,-0.020574,-0.021966
10.269403,0.026680,0.020045,0.021250,-0.022566,-0.022430,-0.022102
10.279467,0.026705,0.019522,0.020983,-0.021675,-0.024294,-0.022240
10.289531,0.027502,0.019763,0.020706,-0.021918,-0.026167,-0.022762
10.299595,0.027164,0.019624,0.020419,-0.021771,-0.028430,-0.022906
10.309660,0.027978,0.020249,0.020124,-0.021996,-0.029938,-0.023052
10.319687,0.027657,0.020494,0.019819,-0.021830,-0.032217,-0.023583
10.329748,0.027344,0.019977,0.019504,-0.021273,-0.033360,-0.023353
10.339813,0.027803,0.020225,0.019181,-0.021469,-0.035274,-0.023889
10.349881,0.027126,0.019710,0.018848,-0.020892,-0.037196,-0.024046
10.359942,0.027601,0.019960,0.018505,-0.020687,-0.038744,-0.024206
10.370006,0.027703,0.020211,0.018154,-0.019709,-0.040300,-0.024368
10.380066,0.027431,0.020463,0.017793,-0.019484,-0.041483,-0.024533
10.390126,0.027167,0.019953,0.017422,-0.018868,-0.042291,-0.024701
10.400185,0.027674,0.019825,0.017043,-0.018624,-0.043107,-0.024871
10.410259,0.027044,0.019317,0.016654,-0.017987,-0.043930,-0.025044
10.420323,0.027566,0.019572,0.016256,-0.018104,-0.043615,-0.025219
10.430385,0.027333,0.019828,0.015848,-0.017829,-0.041782,-0.025397
10.440448,0.027107,0.019704,0.015432,-0.017926,-0.039575,-0.025578
10.450511,0.026888,0.019199,0.015006,-0.017630,-0.035467,-0.024997
10.460572,0.027439,0.019457,0.014571,-0.017706,-0.032891,-0.025183
10.470634,0.026852,0.019716,0.014126,-0.017009,-0.029559,-0.024607
10.480698,0.027417,0.019975,0.013673,-0.017064,-0.028141,-0.024416
10.490751,0.027225,0.019472,0.013210,-0.016346,-0.025203,-0.023845
10.500802,0.027421,0.019350,0.012738,-0.016762,-0.024561,-0.023659
10.510853,0.027623,0.019230,0.012257,-0.016405,-0.023161,-0.023093
10.520906,0.028595,0.019491,0.011767,-0.016037,-0.023674,-0.022910
10.530961,0.028809,0.019370,0.011267,-0.015277,-0.024194,-0.021968
10.541024,0.029411,0.019632,0.010759,-0.014888,-0.025481,-0.021408
10.551086,0.029637,0.018749,0.010241,-0.014870,-0.026011,-0.019707
10.561148,0.030250,0.019392,0.009714,-0.014841,-0.027691,-0.019152
10.571201,0.029342,0.019272,0.009560,-0.015183,-0.028613,-0.018217
10.581254,0.029966,0.019534,0.008634,-0.015514,-0.029539,-0.018048
10.591375,0.029831,0.018652,0.008462,-0.015835,-0.029708,-0.017118
10.601428,0.029701,0.018914,0.007899,-0.016144,-0.030643,-0.016952
10.611487,0.030339,0.019557,0.007327,-0.016443,-0.030821,-0.016407
10.621548,0.029837,0.019818,0.006746,-0.017113,-0.029476,-0.015483
10.631609,0.029720,0.020080,0.006157,-0.017772,-0.028898,-0.015323
10.641672,0.029226,0.019578,0.005558,-0.018420,-0.026035,-0.015165
10.651735,0.029880,0.019838,0.004951,-0.019057,-0.025083,-0.015009
10.661797,0.029011,0.019717,0.004334,-0.019683,-0.022991,-0.014854
10.671860,0.029672,0.019977,0.003709,-0.020298,-0.023190,-0.015083
10.681924,0.028810,0.019855,0.003075,-0.020902,-0.021484,-0.014932
10.691990,0.029477,0.020114,0.002432,-0.021496,-0.021307,-0.015163
10.702054,0.029384,0.019610,0.001781,-0.022078,-0.021896,-0.015015
10.712119,0.030438,0.019486,0.001121,-0.022649,-0.024013,-0.014868
10.722184,0.030731,0.019362,0.000452,-0.023210,-0.026132,-0.015105
10.732246,0.031407,0.019618,-0.000226,-0.023759,-0.028253,-0.014960
10.742310,0.031323,0.019111,-0.000912,-0.023534,-0.030375,-0.015199
10.752374,0.031240,0.018984,-0.001607,-0.023680,-0.032499,-0.015439
10.762438,0.030776,0.018475,-0.002310,-0.023052,-0.034624,-0.015299
10.772494,0.031458,0.018728,-0.003022,-0.022413,-0.036749,-0.015541
10.782556,0.030997,0.018599,-0.003742,-0.021763,-0.038876,-0.015784
10.792619,0.031299,0.018469,-0.004471,-0.021102,-0.040621,-0.016028
10.802681,0.030457,0.017574,-0.005208,-0.020048,-0.041604,-0.015892
10.812735,0.030759,0.017823,-0.005954,-0.019746,-0.042586,-0.016519
10.822796,0.030680,0.018071,-0.006708,-0.018289,-0.042806,-0.016766
10.832859,0.030981,0.018318,-0.007470,-0.017584,-0.043406,-0.017013
10.842918,0.030519,0.017800,-0.007859,-0.016868,-0.042860,-0.017261
10.852980,0.030819,0.017663,-0.008638,-0.016141,-0.042314,-0.017891
10.863040,0.029972,0.017905,-0.009425,-0.015403,-0.039477,-0.018140
10.873101,0.030269,0.018528,-0.009839,-0.015035,-0.037784,-0.018008
10.883187,0.030182,0.018387,-0.010642,-0.013894,-0.033799,-0.018639
10.893247,0.030475,0.019006,-0.011453,-0.014267,-0.032482,-0.018889
10.903281,0.031146,0.018862,-0.011891,-0.014249,-0.030400,-0.018758
10.913344,0.030671,0.018716,-0.012718,-0.014219,-0.026408,-0.019008
10.923406,0.030573,0.019331,-0.013553,-0.014178,-0.025464,-0.019258
10.933468,0.030473,0.019181,-0.014015,-0.014127,-0.024517,-0.019508
10.943536,0.031513,0.019792,-0.014866,-0.014065,-0.026237,-0.019758
10.953599,0.031404,0.019258,-0.015724,-0.013611,-0.027189,-0.020008
10.963654,0.032436,0.019484,-0.016591,-0.013146,-0.028901,-0.020257
10.973718,0.032318,0.019327,-0.017465,-0.012670,-0.030989,-0.020506
10.983779,0.032196,0.019550,-0.018347,-0.012183,-0.033072,-0.020755
10.993842,0.031687,0.019389,-0.019236,-0.011686,-0.034388,-0.020621
11.003906,0.032317,0.019226,-0.020133,-0.011942,-0.036460,-0.020868
11.013970,0.031414,0.018679,-0.020655,-0.011424,-0.038146,-0.021115
11.024033,0.032032,0.018512,-0.021567,-0.011658,-0.039825,-0.021360
11.034096,0.031117,0.018343,-0.021723,-0.011882,-0.040353,-0.021604
11.044159,0.030958,0.018934,-0.022268,-0.012096,-0.041256,-0.022229
11.054224,0.030792,0.018760,-0.022820,-0.012299,-0.041389,-0.022471
11.064286,0.031000,0.018584,-0.023760,-0.012492,-0.041896,-0.022712
11.074346,0.030818,0.018023,-0.024327,-0.012675,-0.040870,-0.022952
11.084410,0.031010,0.018224,-0.025282,-0.012847,-0.039835,-0.023190
11.094472,0.030048,0.018040,-0.025862,-0.013010,-0.036503,-0.023426
11.104536,0.030222,0.018617,-0.026449,-0.012781,-0.034689,-0.023661
11.114591,0.029624,0.018046,-0.026662,-0.012923,-0.031720,-0.023893
11.124654,0.029779,0.017855,-0.027263,-0.013056,-0.030650,-0.023743
11.134719,0.029543,0.017660,-0.027489,-0.012416,-0.026519,-0.023972
11.144781,0.030059,0.017845,-0.027722,-0.012529,-0.025047,-0.024198
11.154835,0.029420,0.017645,-0.027961,-0.012632,-0.022040,-0.024041
11.164888,0.029915,0.017823,-0.028207,-0.012725,-0.022073,-0.023882
11.174961,0.030017,0.016855,-0.027697,-0.012809,-0.023240,-0.023720
11.185014,0.032855,0.018342,-0.028984,-0.012949,-0.027447,-0.024151
11.195066,0.033683,0.018890,-0.029255,-0.013005,-0.028960,-0.024363
11.205118,0.033355,0.018290,-0.029152,-0.013051,-0.030842,-0.024190
11.215172,0.033776,0.018069,-0.029054,-0.013088,-0.032711,-0.023633
11.225224,0.032276,0.017845,-0.028581,-0.013117,-0.033805,-0.023453
11.235277,0.032670,0.017999,-0.028495,-0.013136,-0.035266,-0.023271
11.245329,0.031905,0.017768,-0.028034,-0.013146,-0.037096,-0.023085
11.255383,0.032270,0.017915,-0.028723,-0.013147,-0.038529,-0.022896
11.265435,0.031476,0.017295,-0.028273,-0.013140,-0.038423,-0.021558
11.275488,0.030666,0.017817,-0.028592,-0.013124,-0.038683,-0.021361
11.285541,0.029841,0.017572,-0.028153,-0.013100,-0.037402,-0.020016
11.295568,0.030144,0.017705,-0.028102,-0.013067,-0.036869,-0.019430
11.305619,0.029287,0.017453,-0.027674,-0.013025,-0.034412,-0.018839
11.315673,0.029557,0.017578,-0.028015,-0.012975,-0.032703,-0.018244
11.325725,0.028285,0.017318,-0.027980,-0.012536,-0.027925,-0.016882
11.335786,0.028139,0.017817,-0.028331,-0.012089,-0.025419,-0.016279
11.345850,0.027595,0.017931,-0.027924,-0.011252,-0.022515,-0.015289
11.355912,0.028176,0.018423,-0.027904,-0.010788,-0.022645,-0.015057
11.365971,0.027977,0.017766,-0.027507,-0.010699,-0.022757,-0.014439
11.376033,0.028903,0.017868,-0.027879,-0.010601,-0.023615,-0.014198
11.386092,0.028666,0.016821,-0.027492,-0.010496,-0.024072,-0.013951
11.396151,0.029172,0.017296,-0.027109,-0.010384,-0.025274,-0.014080
11.406211,0.028133,0.017004,-0.026732,-0.010264,-0.026075,-0.013823
11.416273,0.028218,0.017470,-0.026740,-0.010137,-0.027238,-0.013942
11.426334,0.027901,0.017170,-0.026753,-0.010002,-0.028764,-0.013292
11.436398,0.027945,0.017246,-0.027151,-0.009861,-0.030269,-0.013399
11.446503,0.027586,0.016936,-0.026410,-0.009331,-0.031372,-0.013119
11.456564,0.027588,0.017385,-0.026435,-0.008794,-0.032837,-0.013214
11.466627,0.027567,0.017829,-0.026846,-0.008632,-0.033517,-0.013685
11.476685,0.026762,0.017887,-0.026498,-0.008463,-0.033795,-0.013767
11.486738,0.026698,0.017940,-0.026536,-0.008288,-0.033670,-0.013844
11.496791,0.026230,0.017607,-0.026196,-0.008106,-0.033524,-0.013914
11.506845,0.026501,0.017269,-0.026241,-0.007918,-0.034500,-0.014359
11.516898,0.025987,0.016926,-0.025908,-0.007723,-0.035453,-0.014034
11.526951,0.026211,0.017723,-0.025961,-0.007522,-0.035239,-0.014465
11.537007,0.025650,0.017370,-0.025254,-0.007316,-0.033859,-0.014508
11.547063,0.025445,0.017775,-0.025695,-0.007103,-0.032836,-0.014925
11.557117,0.024072,0.017412,-0.025376,-0.006884,-0.029883,-0.014953
11.567169,0.024200,0.017806,-0.025823,-0.006660,-0.028432,-0.014974
11.577222,0.023540,0.017814,-0.025892,-0.006429,-0.026194,-0.015370
11.587275,0.023618,0.018198,-0.025964,-0.006194,-0.024694,-0.015757
11.597328,0.023670,0.017813,-0.025276,-0.005952,-0.020882,-0.015756
11.607382,0.024078,0.018186,-0.025735,-0.005706,-0.018952,-0.016128
11.617434,0.023698,0.017409,-0.025434,-0.005454,-0.015853,-0.016492
11.627487,0.024054,0.017390,-0.025899,-0.005197,-0.015399,-0.016467
11.637542,0.022857,0.016983,-0.025222,-0.004934,-0.015682,-0.016816
11.647606,0.022779,0.017333,-0.024929,-0.004667,-0.016321,-0.017156
11.657671,0.022673,0.016914,-0.025019,-0.004394,-0.017316,-0.017106
11.667733,0.022922,0.017253,-0.025494,-0.004117,-0.018667,-0.017429
11.677796,0.023143,0.016822,-0.025589,-0.003453,-0.019609,-0.017363
11.687843,0.023718,0.017149,-0.025687,-0.003167,-0.020907,-0.017669
11.697900,0.023884,0.016706,-0.025405,-0.002494,-0.022559,-0.017586
11.707963,0.024022,0.016639,-0.025507,-0.002198,-0.023422,-0.017875
11.718088,0.023750,0.016184,-0.025610,-0.001897,-0.023876,-0.017774
11.728153,0.023831,0.016485,-0.026097,-0.001592,-0.024303,-0.018045
11.738206,0.023884,0.016399,-0.026204,-0.001283,-0.024320,-0.017926
11.748269,0.023144,0.016306,-0.025550,-0.000969,-0.024692,-0.018179
11.758333,0.022757,0.016206,-0.025660,-0.000651,-0.025417,-0.018041
11.768386,0.021578,0.016100,-0.026153,-0.000329,-0.026115,-0.017895
11.778441,0.021133,0.015987,-0.026647,-0.000002,-0.027165,-0.017739
11.788494,0.020277,0.015867,-0.026762,0.000328,-0.027806,-0.017955
11.798547,0.020535,0.016122,-0.026877,0.000662,-0.028419,-0.018162
11.808608,0.020383,0.015607,-0.026231,0.001001,-0.029003,-0.017977
11.818670,0.020200,0.015848,-0.026730,0.001343,-0.029559,-0.017784
11.828730,0.020369,0.015700,-0.026849,0.001689,-0.029704,-0.017962
11.838790,0.020507,0.015545,-0.027350,0.002039,-0.029439,-0.018130
11.848854,0.020234,0.015382,-0.027089,0.002393,-0.029526,-0.018289
11.858918,0.019930,0.015594,-0.027210,0.002751,-0.029202,-0.018056
11.868977,0.019596,0.015417,-0.026950,0.003112,-0.028850,-0.018195
11.879038,0.019231,0.015613,-0.027836,0.003478,-0.028849,-0.018324
11.889098,0.018454,0.015421,-0.027577,0.003847,-0.029201,-0.018062
11.899161,0.018028,0.015220,-0.028082,0.004219,-0.029523,-0.018171
11.909224,0.017189,0.015012,-0.027442,0.004595,-0.029434,-0.018270
11.919285,0.016319,0.015178,-0.027948,0.004975,-0.029316,-0.018359
11.929346,0.015800,0.014954,-0.027690,0.005359,-0.029549,-0.018057
11.939407,0.015250,0.014722,-0.028196,0.005746,-0.028990,-0.018126
11.949465,0.014669,0.014481,-0.027938,0.006137,-0.029164,-0.018185
11.959527,0.014819,0.014233,-0.028062,0.006532,-0.029307,-0.018234
11.969590,0.014557,0.013976,-0.027423,0.006930,-0.029422,-0.017891
11.979650,0.014645,0.014092,-0.027928,0.007333,-0.029506,-0.017920
11.989711,0.014702,0.013818,-0.027670,0.007738,-0.029179,-0.017938
11.999771,0.014727,0.013917,-0.027793,0.008148,-0.029203,-0.017947
12.009833,0.014722,0.013608,-0.027127,0.008553,-0.029198,-0.017945
12.019893,0.014688,0.013263,-0.027182,0.008947,-0.029166,-0.017553
12.029954,0.014630,0.013257,-0.027946,0.009327,-0.028729,-0.017534
12.040019,0.014550,0.013216,-0.027905,0.009697,-0.028652,-0.017508
12.050080,0.014451,0.013135,-0.027812,0.010052,-0.028558,-0.017476
12.060143,0.014337,0.013019,-0.026910,0.010394,-0.028830,-0.017057
12.070202,0.014209,0.013249,-0.026725,0.010723,-0.028707,-0.017015
12.080264,0.014072,0.012679,-0.026489,0.011036,-0.028194,-0.016971
12.090324,0.013927,0.012837,-0.026586,0.011335,-0.028056,-0.016924
12.100384,0.013776,0.012201,-0.026257,0.011621,-0.027530,-0.016875
12.110446,0.013623,0.011910,-0.025875,0.011890,-0.027383,-0.016825
12.120510,0.013469,0.011587,-0.025066,0.012143,-0.027236,-0.016775
12.130573,0.013315,0.011615,-0.024592,0.012382,-0.027471,-0.016725
12.140642,0.013166,0.010846,-0.024448,0.012604,-0.026946,-0.016677
12.150696,0.013020,0.010430,-0.024261,0.012811,-0.026807,-0.016629
12.160730,0.012883,0.009980,-0.023638,0.013000,-0.026675,-0.016585
12.170794,0.012753,0.009502,-0.022970,0.013172,-0.026932,-0.016542
12.180859,0.012631,0.009376,-0.021874,0.013329,-0.026816,-0.016503
12.190918,0.012520,0.009220,-0.021492,0.013468,-0.026710,-0.016467
12.200982,0.012422,0.009414,-0.021058,0.013589,-0.026616,-0.016435
12.211041,0.012337,0.009580,-0.020577,0.013692,-0.026153,-0.016408
12.221102,0.012265,0.009718,-0.020049,0.013779,-0.026084,-0.016003
12.231163,0.012207,0.009827,-0.019471,0.013847,-0.026028,-0.016365
12.241226,0.012163,0.009908,-0.018848,0.013899,-0.025986,-0.016351
12.251291,0.012134,0.009960,-0.018174,0.013932,-0.025959,-0.016342
12.261355,0.012121,0.009985,-0.017072,0.013947,-0.025946,-0.015956
12.271416,0.012121,0.009985,-0.016690,0.013947,-0.025946,-0.016338
12.281478,0.012121,0.009985,-0.015546,0.013947,-0.026328,-0.016338
12.291538,0.012121,0.009985,-0.015164,0.013947,-0.025946,-0.016338
12.301591,0.012121,0.009985,-0.014401,0.013947,-0.026328,-0.016338
12.311641,0.012121,0.009985,-0.013638,0.013947,-0.026328,-0.016338
12.321694,0.012121,0.009985,-0.012876,0.013947,-0.026328,-0.016338
12.331755,0.012210,0.009822,-0.012215,0.013844,-0.026412,-0.016366
12.341816,0.012317,0.009619,-0.011869,0.013717,-0.026515,-0.016401
12.351878,0.012438,0.009385,-0.010708,0.013570,-0.026631,-0.016440
12.361937,0.012570,0.009121,-0.009498,0.013407,-0.026757,-0.016102
12.372000,0.012711,0.008828,-0.008624,0.013227,-0.026892,-0.016147
12.382062,0.012861,0.008503,-0.008078,0.013029,-0.027036,-0.016196
12.392116,0.013018,0.008147,-0.007485,0.012814,-0.027186,-0.016629
12.402168,0.013180,0.007761,-0.006846,0.012584,-0.026959,-0.016300
12.412221,0.013345,0.007341,-0.006154,0.012337,-0.027118,-0.016735
12.422275,0.013512,0.006889,-0.005415,0.012074,-0.027277,-0.016789
12.432336,0.013679,0.006401,-0.004622,0.011794,-0.027818,-0.016462
12.442398,0.013841,0.005883,-0.003787,0.011500,-0.027592,-0.016896
12.452462,0.014000,0.005326,-0.002895,0.011189,-0.027744,-0.016566
12.462522,0.014149,0.004736,-0.001959,0.010865,-0.028268,-0.016614
12.472584,0.014288,0.004108,-0.000971,0.010525,-0.028402,-0.016660
12.482646,0.014414,0.003444,0.000065,0.010172,-0.028140,-0.016700
12.492708,0.014522,0.002743,0.001149,0.009805,-0.028626,-0.016736
12.502770,0.014612,0.002000,0.002287,0.009423,-0.028711,-0.016765
12.512836,0.014678,0.001219,0.003472,0.009029,-0.028393,-0.016786
12.522891,0.014718,0.000397,0.004706,0.008622,-0.028432,-0.016799
12.532951,0.014728,-0.000466,0.005990,0.008203,-0.028441,-0.016803
12.543013,0.014705,-0.001371,0.007323,0.007771,-0.028419,-0.016795
12.553073,0.014644,-0.001936,0.008702,0.007330,-0.028361,-0.016775
12.563127,0.014542,-0.002929,0.010134,0.006876,-0.028263,-0.017124
12.573179,0.014394,-0.003968,0.011615,0.006412,-0.028122,-0.016694
12.583234,0.014198,-0.004669,0.013142,0.005939,-0.027934,-0.017012
12.593319,0.013947,-0.005801,0.014722,0.005455,-0.027694,-0.016549
12.603374,0.013639,-0.006598,0.016346,0.004963,-0.027399,-0.016449
12.613427,0.013269,-0.007824,0.018018,0.004463,-0.027045,-0.016329
12.623489,0.012831,-0.008722,0.019742,0.003954,-0.026625,-0.016186
12.633554,0.012322,-0.010049,0.021511,0.003438,-0.026138,-0.016021
12.643614,0.011736,-0.011047,0.022945,0.002917,-0.025578,-0.015831
12.653676,0.011070,-0.012479,0.024808,0.002389,-0.024940,-0.015616
12.663728,0.010319,-0.013964,0.026717,0.001856,-0.024221,-0.015754
12.673789,0.009477,-0.015504,0.028672,0.001319,-0.023796,-0.015481
12.683842,0.008539,-0.016718,0.030673,0.000779,-0.022518,-0.015178
12.693905,0.007883,-0.018370,0.032337,0.000236,-0.021524,-0.014843
12.703960,0.006741,-0.020079,0.034426,-0.000309,-0.020812,-0.014093
12.714023,0.005489,-0.021846,0.036178,-0.000854,-0.019614,-0.014071
12.724085,0.004123,-0.023290,0.037590,-0.001398,-0.018306,-0.013631
12.734146,0.002638,-0.024794,0.039426,-0.001941,-0.016884,-0.013154
12.744200,0.001413,-0.026355,0.041299,-0.002480,-0.015346,-0.012638
12.754265,-0.000323,-0.027598,0.043215,-0.003015,-0.014065,-0.012082
12.764334,-0.001810,-0.029285,0.044407,-0.003545,-0.012275,-0.011484
12.774397,-0.003815,-0.031034,0.045637,-0.004067,-0.010736,-0.010843
12.784460,-0.005576,-0.032080,0.047280,-0.004580,-0.008303,-0.010161
12.794520,-0.007484,-0.033193,0.048581,-0.005082,-0.006110,-0.009814
12.804581,-0.009536,-0.033985,0.049530,-0.005571,-0.004159,-0.009041
12.814631,-0.011743,-0.034845,0.050895,-0.006045,-0.001679,-0.008221
12.824689,-0.014101,-0.034241,0.051144,-0.006503,0.000946,-0.007356
12.834750,-0.017001,-0.034851,0.051805,-0.006941,0.003725,-0.006823
12.844810,-0.019676,-0.035523,0.051728,-0.007358,0.005891,-0.005863
12.854871,-0.022135,-0.035884,0.052822,-0.007751,0.007835,-0.005234
12.864966,-0.024372,-0.034782,0.053174,-0.008116,0.009170,-0.004177
12.875026,-0.030493,-0.037361,0.057373,-0.008756,0.014992,-0.002298
12.885087,-0.033229,-0.038368,0.057780,-0.009024,0.017951,-0.001097
12.895148,-0.036138,-0.038683,0.057822,-0.009253,0.018405,-0.000228
12.905208,-0.039209,-0.039826,0.058635,-0.009439,0.019780,0.000688
12.915270,-0.040922,-0.037602,0.058694,-0.009581,0.020552,0.001649
12.925332,-0.043563,-0.037736,0.059522,-0.009672,0.023010,0.002656
12.935391,-0.045230,-0.038704,0.059211,-0.009712,0.025632,0.003710
12.945452,-0.047818,-0.039354,0.060043,-0.009694,0.029169,0.004807
12.955513,-0.049040,-0.037401,0.059726,-0.009616,0.031717,0.005182
12.965576,-0.051564,-0.038185,0.060167,-0.009473,0.035179,0.006363
12.975639,-0.052717,-0.039036,0.059836,-0.009263,0.038408,0.006820
12.985699,-0.054782,-0.039953,0.061019,-0.008979,0.042165,0.008078
12.995762,-0.055094,-0.038270,0.060663,-0.008619,0.043781,0.008993
13.005826,-0.057448,-0.039701,0.061048,-0.008178,0.046672,0.010323
13.015885,-0.057268,-0.040814,0.060267,-0.007653,0.048169,0.010923
13.025948,-0.059507,-0.041229,0.060985,-0.007039,0.050174,0.012317
13.036010,-0.059583,-0.040181,0.060529,-0.006332,0.048868,0.013740
13.046072,-0.061685,-0.041866,0.060803,-0.005528,0.051109,0.014808
13.056134,-0.061228,-0.042468,0.059515,-0.004623,0.049644,0.016282
13.066192,-0.063164,-0.042750,0.060093,-0.003613,0.050952,0.017779
13.076252,-0.062909,-0.042328,0.059483,-0.002494,0.050065,0.018533
13.086313,-0.065033,-0.043872,0.059588,-0.001263,0.051554,0.020067
13.096373,-0.064568,-0.043566,0.058497,0.000084,0.050453,0.020854
13.106434,-0.066847,-0.043698,0.058496,0.001551,0.051332,0.022416
13.116488,-0.066140,-0.044647,0.057672,0.003140,0.049985,0.023227
13.126540,-0.068542,-0.046030,0.057548,0.004856,0.050984,0.024808
13.136592,-0.067551,-0.044790,0.056211,0.006699,0.048971,0.025631
13.146644,-0.069659,-0.046656,0.055950,0.008676,0.050437,0.026840
13.156765,-0.069128,-0.046662,0.054470,0.010787,0.049646,0.028432
13.166820,-0.070908,-0.047096,0.054439,0.013035,0.051548,0.029642
13.176879,-0.072702,-0.048719,0.054327,0.015423,0.052701,0.031229
13.186940,-0.071831,-0.048857,0.052603,0.017952,0.050808,0.032049
13.197000,-0.073246,-0.049417,0.051936,0.020625,0.052346,0.032861
13.207063,-0.071972,-0.049246,0.050411,0.023440,0.050816,0.033280
13.217122,-0.073354,-0.051022,0.049937,0.026403,0.052325,0.034452
13.227185,-0.071658,-0.049779,0.048601,0.029513,0.051138,0.034466
13.237247,-0.072977,-0.051236,0.047545,0.032772,0.052969,0.035228
13.247307,-0.071202,-0.050813,0.045619,0.036180,0.051327,0.035591
13.257369,-0.072041,-0.051936,0.045110,0.039734,0.051919,0.035934
13.267429,-0.070157,-0.051559,0.043727,0.043440,0.050555,0.035114
13.277493,-0.071261,-0.052726,0.042610,0.046915,0.051800,0.035416
13.287560,-0.069237,-0.051996,0.040611,0.050154,0.050301,0.034931
13.297622,-0.070194,-0.053190,0.039637,0.053926,0.051786,0.034804
13.307683,-0.068397,-0.052104,0.038157,0.056702,0.050140,0.033507
13.317736,-0.068802,-0.053313,0.037314,0.059625,0.051080,0.033327
13.327800,-0.067200,-0.052229,0.035579,0.061927,0.049254,0.032736
13.337833,-0.067793,-0.053056,0.034475,0.064758,0.050009,0.032499
13.347901,-0.065614,-0.052351,0.033237,0.066587,0.047995,0.031468
13.357961,-0.065993,-0.052777,0.031863,0.069317,0.049688,0.031169
13.368029,-0.064358,-0.051668,0.030351,0.070662,0.048227,0.030839
13.378089,-0.064516,-0.052831,0.029461,0.073289,0.048563,0.030858
13.388149,-0.062262,-0.051298,0.028047,0.074519,0.046492,0.030461
13.398209,-0.062943,-0.052413,0.026489,0.076646,0.046978,0.030414
13.408270,-0.060445,-0.050825,0.025167,0.077372,0.044671,0.030331
13.418333,-0.060875,-0.051877,0.023697,0.080133,0.044535,0.030595
13.428395,-0.058507,-0.050220,0.022078,0.080727,0.043893,0.030825
13.438455,-0.058675,-0.050806,0.020692,0.082959,0.044648,0.031019
13.448537,-0.056425,-0.049440,0.018771,0.083020,0.042989,0.031178
13.458598,-0.057089,-0.049925,0.017081,0.085093,0.043104,0.031681
13.468659,-0.057239,-0.050357,0.015237,0.087275,0.042711,0.031767
13.478713,-0.054579,-0.048817,0.013241,0.088026,0.040657,0.031816
13.488766,-0.054455,-0.049120,0.011089,0.090022,0.040762,0.032211
13.498828,-0.051900,-0.047441,0.008784,0.090577,0.039204,0.032188
13.508888,-0.051879,-0.047595,0.006323,0.093128,0.040185,0.032509
13.518945,-0.049427,-0.045757,0.003710,0.093464,0.039120,0.032030
13.529006,-0.049888,-0.045742,0.000940,0.095785,0.039830,0.031896
13.539064,-0.047154,-0.044105,-0.001982,0.095879,0.038494,0.031344
13.549125,-0.046952,-0.044280,-0.005058,0.097563,0.038550,0.030755
13.559185,-0.045080,-0.041679,-0.007904,0.096626,0.036178,0.029746
13.569249,-0.043832,-0.041641,-0.011285,0.098410,0.035580,0.029465
13.579311,-0.042058,-0.039196,-0.014813,0.097177,0.032934,0.028002
13.589371,-0.041671,-0.039303,-0.018111,0.098649,0.032825,0.027265
13.599433,-0.039233,-0.036991,-0.021553,0.097089,0.031813,0.025346
13.609493,-0.039323,-0.036454,-0.025522,0.098594,0.032190,0.024154
13.619554,-0.037365,-0.034254,-0.029255,0.097060,0.032432,0.022543
13.629607,-0.036790,-0.033813,-0.033508,0.098188,0.033299,0.021659
13.639637,-0.035312,-0.031697,-0.036756,0.097021,0.032885,0.020356
13.649697,-0.034835,-0.031328,-0.040519,0.098497,0.033859,0.019780
13.659757,-0.032691,-0.029650,-0.044417,0.096132,0.033553,0.019167
13.669818,-0.031929,-0.028562,-0.048058,0.097154,0.033108,0.018898
13.679870,-0.030644,-0.026914,-0.050680,0.094308,0.030999,0.018592
13.689933,-0.029980,-0.026226,-0.053808,0.094456,0.029899,0.018250
13.699986,-0.027266,-0.024581,-0.056669,0.091853,0.027134,0.017489
13.710038,-0.026315,-0.023880,-0.060023,0.092215,0.025375,0.017072
13.720091,-0.025222,-0.021828,-0.062344,0.089431,0.022333,0.016619
13.730142,-0.024365,-0.021468,-0.065909,0.089965,0.021059,0.016509
13.740196,-0.023745,-0.020503,-0.069190,0.090373,0.020027,0.015981
13.750248,-0.022218,-0.018546,-0.071040,0.087596,0.018855,0.015415
13.760300,-0.021307,-0.017113,-0.074118,0.087714,0.018304,0.015192
13.770352,-0.019867,-0.015434,-0.075749,0.084615,0.016849,0.014932
13.780414,-0.018661,-0.014264,-0.078602,0.084390,0.016013,0.014633
13.790474,-0.017687,-0.012069,-0.079993,0.080915,0.015797,0.014296
13.800535,-0.016944,-0.010366,-0.082586,0.080281,0.015435,0.013920
13.810595,-0.015669,-0.008767,-0.083325,0.077131,0.015308,0.013504
13.820658,-0.015002,-0.006881,-0.085637,0.076794,0.015033,0.013431
13.830721,-0.013418,-0.004701,-0.086456,0.073907,0.014608,0.012935
13.840784,-0.012441,-0.002981,-0.088828,0.073415,0.014032,0.012400
13.850846,-0.010923,-0.000567,-0.089316,0.069964,0.013303,0.012204
13.860908,-0.009626,0.001782,-0.091336,0.069254,0.012419,0.011586
13.870972,-0.008548,0.005220,-0.091449,0.066311,0.011378,0.011307
13.881034,-0.006923,0.008610,-0.093078,0.065314,0.010177,0.010604
13.891098,-0.005512,0.011959,-0.092781,0.062052,0.008814,0.010238
13.901158,-0.003930,0.015658,-0.094365,0.060703,0.007667,0.009829
13.911220,-0.002176,0.019708,-0.093617,0.057054,0.005972,0.009375
13.921279,-0.000245,0.023735,-0.095106,0.055284,0.004108,0.008875
13.931342,0.001865,0.028126,-0.094244,0.051945,0.001688,0.008329
13.941397,0.003777,0.032507,-0.095600,0.049692,-0.000146,0.007735
13.951449,0.006256,0.036113,-0.094197,0.046220,-0.002540,0.007093
13.961517,0.008542,0.040855,-0.094986,0.043806,-0.005117,0.006402
13.971578,0.010641,0.044828,-0.093376,0.040529,-0.007118,0.005662
13.981639,0.013318,0.049938,-0.093933,0.037903,-0.009691,0.004869
13.991699,0.015434,0.053134,-0.091686,0.034391,-0.011314,0.004406
14.001758,0.017757,0.058231,-0.091966,0.031511,-0.013519,0.003508
14.011818,0.020288,0.063308,-0.092084,0.028111,-0.015543,0.002556
14.021879,0.021125,0.066073,-0.089361,0.025331,-0.017392,0.001548
14.031942,0.024088,0.070716,-0.089124,0.021641,-0.020596,0.000483
14.042003,0.027273,0.073792,-0.086022,0.017422,-0.022489,-0.000259
14.052063,0.031449,0.078722,-0.085382,0.012675,-0.024984,-0.001442
14.062124,0.034331,0.081294,-0.081471,0.007406,-0.026939,-0.002303
14.072183,0.038212,0.086070,-0.080382,0.001620,-0.029503,-0.003609
14.082244,0.040811,0.088075,-0.076002,-0.004676,-0.031541,-0.004597
14.092303,0.044034,0.092617,-0.074802,-0.011462,-0.034956,-0.005649
14.102365,0.045979,0.094717,-0.070289,-0.018344,-0.037085,-0.006767
14.112427,0.049703,0.098926,-0.068557,-0.025301,-0.040603,-0.008334
14.122489,0.051395,0.099874,-0.064259,-0.031932,-0.043224,-0.009587
14.132552,0.054492,0.103634,-0.062344,-0.038973,-0.046478,-0.010529
14.142614,0.055944,0.104069,-0.058231,-0.044488,-0.046933,-0.011923
14.152667,0.059187,0.107627,-0.056108,-0.051499,-0.049551,-0.013771
14.162731,0.059645,0.106645,-0.051776,-0.056538,-0.048994,-0.014929
14.172783,0.063043,0.109856,-0.049427,-0.062621,-0.050603,-0.016160
14.182830,0.063657,0.108449,-0.045243,-0.066659,-0.050563,-0.017466
14.192882,0.067210,0.110778,-0.043040,-0.072427,-0.053071,-0.018847
14.202935,0.067978,0.108791,-0.038619,-0.075305,-0.053929,-0.020303
14.212987,0.071681,0.110842,-0.036179,-0.080212,-0.057329,-0.021835
14.223039,0.072593,0.108501,-0.031906,-0.081765,-0.057547,-0.023060
14.233091,0.076430,0.110123,-0.028856,-0.086024,-0.060300,-0.024361
14.243143,0.077083,0.106134,-0.025126,-0.086844,-0.060621,-0.025735
14.253195,0.080647,0.106419,-0.022246,-0.090288,-0.063843,-0.027946
14.263248,0.081008,0.101027,-0.017935,-0.089831,-0.064234,-0.029465
14.273300,0.084638,0.100610,-0.015250,-0.092683,-0.067886,-0.031436
14.283355,0.088855,0.100181,-0.012673,-0.095373,-0.071734,-0.033473
14.293405,0.088681,0.094375,-0.009451,-0.093291,-0.071183,-0.035574
14.303458,0.092492,0.093470,-0.005973,-0.095178,-0.074227,-0.037736
14.313518,0.092255,0.087529,-0.002631,-0.092232,-0.073978,-0.039190
14.323569,0.095577,0.085693,0.000567,-0.093584,-0.078045,-0.041077
14.333616,0.095184,0.079555,0.004372,-0.090817,-0.077247,-0.043009
14.343679,0.098296,0.077499,0.008011,-0.091543,-0.079948,-0.044979
14.353741,0.097635,0.071126,0.011856,-0.088116,-0.078872,-0.046599
14.363803,0.100797,0.068443,0.015895,-0.088535,-0.081616,-0.048243
14.373862,0.099355,0.062201,0.019738,-0.084779,-0.080517,-0.048756
14.383924,0.102046,0.059267,0.024136,-0.084854,-0.083170,-0.050036
14.393984,0.100432,0.053159,0.028696,-0.080743,-0.080755,-0.050545
14.404038,0.102498,0.049991,0.033413,-0.080084,-0.082403,-0.051037
14.414091,0.100564,0.044046,0.037893,-0.076010,-0.079293,-0.049974
14.424143,0.102600,0.040675,0.042891,-0.075012,-0.080921,-0.050774
14.434204,0.099788,0.034929,0.047253,-0.070615,-0.076564,-0.050373
14.444265,0.100858,0.031781,0.051733,-0.069315,-0.077243,-0.051045
14.454330,0.097755,0.026285,0.055942,-0.064259,-0.073380,-0.050869
14.464390,0.098067,0.023415,0.060253,-0.061947,-0.073325,-0.051354
14.474454,0.094116,0.018609,0.063892,-0.057052,-0.069022,-0.050959
14.484518,0.094264,0.015697,0.068004,-0.055320,-0.068455,-0.051579
14.494573,0.089694,0.011264,0.071433,-0.051044,-0.063953,-0.051291
14.504633,0.088762,0.008377,0.075316,-0.049202,-0.062727,-0.051606
14.514696,0.083422,0.005527,0.078885,-0.045236,-0.057498,-0.050984
14.524757,0.081651,0.002733,0.082509,-0.043740,-0.055862,-0.051318
14.534820,0.076181,0.000008,0.084664,-0.040539,-0.049790,-0.050311
14.544844,0.073469,-0.003011,0.088009,-0.039081,-0.048030,-0.050240
14.554900,0.067390,-0.005546,0.090248,-0.035949,-0.042551,-0.048805
14.564956,0.064414,-0.007962,0.093662,-0.034972,-0.039823,-0.047908
14.575010,0.062383,-0.014281,0.102840,-0.035713,-0.037999,-0.047321
14.585062,0.054545,-0.017395,0.104014,-0.032873,-0.031647,-0.044192
14.595115,0.049405,-0.020332,0.106714,-0.031462,-0.028406,-0.041968
14.605166,0.041628,-0.023458,0.107494,-0.028049,-0.024466,-0.038363
14.615226,0.036563,-0.027146,0.109786,-0.026836,-0.021743,-0.035668
14.625289,0.029263,-0.029476,0.109764,-0.024006,-0.018343,-0.032362
14.635348,0.022799,-0.032724,0.112376,-0.022609,-0.015043,-0.029979
14.645409,0.016047,-0.035351,0.111888,-0.020733,-0.010340,-0.027001
14.655469,0.010553,-0.038496,0.113258,-0.019902,-0.006541,-0.024200
14.665521,0.004057,-0.040239,0.112275,-0.018201,-0.002147,-0.021205
14.675576,-0.002263,-0.043238,0.113887,-0.017910,0.002811,-0.018792
14.685627,-0.009526,-0.045202,0.112368,-0.016353,0.007926,-0.016210
14.695680,-0.016170,-0.047644,0.113049,-0.016191,0.013928,-0.013853
14.705733,-0.022536,-0.048645,0.111337,-0.015507,0.019251,-0.011355
14.715788,-0.028977,-0.051256,0.111809,-0.014676,0.025777,-0.009109
14.725833,-0.035069,-0.052033,0.109115,-0.013687,0.032702,-0.006750
14.735885,-0.041532,-0.054397,0.109345,-0.013295,0.039221,-0.004292
14.745939,-0.046428,-0.054917,0.106777,-0.011967,0.045689,-0.001746
14.755991,-0.052004,-0.057015,0.106360,-0.011221,0.052063,0.000492
14.766043,-0.058597,-0.057246,0.103508,-0.009526,0.052962,0.003169
14.776096,-0.064654,-0.059428,0.102798,-0.008401,0.057896,0.005515
14.786148,-0.068982,-0.059349,0.099642,-0.007080,0.058807,0.007895
14.796201,-0.074228,-0.060827,0.098618,-0.005940,0.062541,0.010302
14.806254,-0.077682,-0.060418,0.095523,-0.004978,0.062573,0.012342
14.816307,-0.082355,-0.061928,0.094548,-0.003812,0.065732,0.014767
14.826363,-0.087086,-0.063833,0.093786,-0.002440,0.068566,0.017191
14.836412,-0.088017,-0.063068,0.090179,-0.000864,0.067222,0.019220
14.846476,-0.091619,-0.064213,0.088690,0.000917,0.069314,0.021613
14.856539,-0.091370,-0.063440,0.085495,0.002899,0.067557,0.023217
14.866603,-0.094123,-0.064950,0.083652,0.005081,0.069571,0.024791
14.876668,-0.092980,-0.063768,0.080104,0.007458,0.067311,0.026708
14.886730,-0.094800,-0.065241,0.078668,0.010028,0.068783,0.028587
14.896793,-0.092685,-0.064014,0.075146,0.012783,0.065563,0.029656
14.906855,-0.094644,-0.065049,0.073355,0.015723,0.066805,0.031823
14.916921,-0.092258,-0.063758,0.069861,0.018837,0.064090,0.033175
14.926986,-0.093538,-0.064722,0.068100,0.022123,0.065047,0.034857
14.937039,-0.090450,-0.063350,0.064257,0.025571,0.062026,0.036100
14.947091,-0.091008,-0.064225,0.062533,0.029179,0.063422,0.037288
14.957144,-0.088327,-0.062757,0.059111,0.032554,0.060440,0.037654
14.967196,-0.088508,-0.063524,0.057048,0.036454,0.061856,0.038724
14.977247,-0.085450,-0.061949,0.054058,0.040494,0.059277,0.039354
14.987299,-0.085240,-0.062599,0.052049,0.043897,0.059554,0.039924
14.997351,-0.082166,-0.060900,0.049118,0.046663,0.056593,0.040054
15.007407,-0.081935,-0.061801,0.047174,0.049922,0.057246,0.040123
15.017461,-0.078449,-0.059581,0.045077,0.052526,0.054270,0.039370
15.027525,-0.078579,-0.060344,0.043593,0.055234,0.054918,0.039322
15.037585,-0.075067,-0.058358,0.040817,0.056887,0.052313,0.038071
15.047643,-0.074785,-0.058965,0.039423,0.060153,0.052184,0.037526
15.057703,-0.071256,-0.057208,0.036745,0.061594,0.049195,0.036163
15.067756,-0.070956,-0.057272,0.035075,0.064630,0.049825,0.035887
15.077809,-0.067789,-0.054964,0.033273,0.065823,0.047594,0.034412
15.087830,-0.067484,-0.055244,0.031341,0.067843,0.047852,0.034030
15.097883,-0.066984,-0.055815,0.030048,0.069912,0.047921,0.033976
15.107934,-0.063626,-0.053627,0.028252,0.070500,0.045519,0.033108
15.117988,-0.063516,-0.053637,0.026720,0.072653,0.045992,0.032952
15.128041,-0.060179,-0.051271,0.025075,0.072937,0.043244,0.031986
15.138096,-0.059712,-0.051478,0.023702,0.074771,0.043372,0.032116
15.148148,-0.056783,-0.049303,0.021843,0.075100,0.042189,0.031818
15.158203,-0.056356,-0.048940,0.020264,0.076590,0.042369,0.031857
15.168255,-0.053474,-0.046956,0.018206,0.076564,0.039719,0.031851
15.178308,-0.053107,-0.046787,0.016817,0.078075,0.039207,0.031804
15.188362,-0.049908,-0.044992,0.015340,0.078055,0.036251,0.031714
15.198414,-0.049990,-0.044625,0.013777,0.079937,0.035818,0.031966
15.208472,-0.047253,-0.042635,0.012134,0.079521,0.034860,0.031415
15.218527,-0.047042,-0.042074,0.010413,0.080998,0.035670,0.031589
15.228579,-0.045165,-0.039888,0.008619,0.080929,0.035200,0.031345
15.238633,-0.044295,-0.039894,0.006755,0.082364,0.036887,0.031446
15.248694,-0.042912,-0.037513,0.004827,0.082245,0.035775,0.031131
15.258758,-0.042162,-0.037323,0.002836,0.083620,0.036829,0.030782
15.268823,-0.039762,-0.035510,0.000788,0.083053,0.036236,0.030020
15.278881,-0.039912,-0.034364,-0.001314,0.083972,0.035907,0.029225
15.288949,-0.038036,-0.032740,-0.003466,0.082178,0.034702,0.028019
15.299013,-0.036810,-0.032164,-0.005665,0.082627,0.033769,0.027546
15.309072,-0.035091,-0.029586,-0.007525,0.080738,0.030059,0.025899
15.319126,-0.034792,-0.029584,-0.009806,0.081085,0.028916,0.024988
15.329178,-0.032482,-0.027962,-0.012123,0.079469,0.026910,0.023287
15.339239,-0.032361,-0.027011,-0.014472,0.079703,0.027096,0.021941
15.349300,-0.031380,-0.025205,-0.016849,0.077587,0.026426,0.020570
15.359360,-0.031066,-0.025214,-0.019250,0.078072,0.027570,0.019938
15.369422,-0.031045,-0.024753,-0.021675,0.078496,0.029011,0.018900
15.379484,-0.029410,-0.023061,-0.024119,0.076565,0.029222,0.017840
15.389545,-0.029598,-0.022425,-0.026197,0.076852,0.030115,0.017140
15.399607,-0.028560,-0.021704,-0.027906,0.075159,0.031691,0.016800
15.409667,-0.028204,-0.021278,-0.030385,0.075296,0.033190,0.016438
15.419722,-0.027010,-0.020389,-0.032111,0.073072,0.033853,0.016058
15.429785,-0.026125,-0.019801,-0.034221,0.073062,0.034446,0.015658
15.439845,-0.024785,-0.018749,-0.035567,0.070679,0.033823,0.015240
15.449907,-0.024904,-0.018765,-0.037295,0.070510,0.034281,0.015185
15.459967,-0.023813,-0.018323,-0.038256,0.067972,0.033149,0.014732
15.470028,-0.023038,-0.018186,-0.039588,0.067255,0.033099,0.014263
15.480082,-0.021822,-0.016833,-0.040531,0.064934,0.031083,0.014159
15.490132,-0.021309,-0.016933,-0.041460,0.064814,0.030154,0.013658
15.500183,-0.019977,-0.016583,-0.041995,0.062327,0.026500,0.013524
15.510237,-0.019353,-0.016545,-0.043274,0.062039,0.024319,0.013376
15.520290,-0.019057,-0.016060,-0.043388,0.060522,0.020562,0.012833
15.530354,-0.018713,-0.015894,-0.043866,0.060832,0.018664,0.013040
15.540417,-0.017938,-0.015664,-0.044700,0.059145,0.016719,0.012471
15.550475,-0.018261,-0.015756,-0.045507,0.059280,0.015874,0.012654
15.560539,-0.017778,-0.015028,-0.044765,0.057808,0.014224,0.012444
15.570592,-0.017633,-0.014624,-0.045516,0.057774,0.014058,0.012603
15.580644,-0.016684,-0.013404,-0.045855,0.055746,0.013089,0.012371
15.590695,-0.016460,-0.013275,-0.045779,0.055922,0.012465,0.012511
15.600747,-0.015436,-0.013096,-0.045287,0.054107,0.012187,0.012259
15.610797,-0.015521,-0.012870,-0.045904,0.053352,0.012256,0.011999
15.620832,-0.015191,-0.012597,-0.044957,0.051751,0.012675,0.012111
15.630881,-0.015211,-0.012663,-0.045116,0.051212,0.014206,0.012214
15.640945,-0.015200,-0.012686,-0.045616,0.050972,0.014946,0.011929
15.651008,-0.015160,-0.011906,-0.044548,0.049887,0.015658,0.011636
15.661069,-0.015094,-0.011852,-0.044582,0.049866,0.015581,0.011717
15.671133,-0.015001,-0.010999,-0.043423,0.048236,0.015478,0.011411
15.681197,-0.015265,-0.010875,-0.043749,0.048055,0.015352,0.011479
15.691261,-0.015506,-0.010337,-0.042498,0.047412,0.015203,0.011542
15.701321,-0.015726,-0.009770,-0.041966,0.047457,0.015416,0.011598
15.711383,-0.015926,-0.009175,-0.041001,0.047423,0.015608,0.011650
15.721448,-0.015725,-0.008936,-0.040753,0.047699,0.015783,0.011315
15.731522,-0.015506,-0.008291,-0.039688,0.046370,0.015940,0.011357
15.741579,-0.015652,-0.007243,-0.039717,0.046494,0.016081,0.011395
15.751644,-0.015401,-0.006174,-0.038167,0.046164,0.016207,0.011429
15.761705,-0.015136,-0.005467,-0.037709,0.046526,0.015938,0.011459
15.771768,-0.014857,-0.004744,-0.036816,0.046054,0.016037,0.011104
15.781820,-0.014948,-0.004388,-0.036250,0.046277,0.016125,0.011128
15.791881,-0.014265,-0.003636,-0.034864,0.046046,0.016202,0.011148
15.801933,-0.013953,-0.003254,-0.034569,0.046132,0.016269,0.011166
15.811993,-0.013631,-0.002861,-0.033072,0.046149,0.016327,0.011182
15.822059,-0.013683,-0.002460,-0.032280,0.046482,0.016376,0.011195
15.832116,-0.013345,-0.002432,-0.031054,0.045991,0.016419,0.011207
15.842179,-0.013001,-0.002399,-0.030146,0.045812,0.016455,0.011216
15.852240,-0.012269,-0.002360,-0.028801,0.045955,0.016485,0.011224
15.862300,-0.011913,-0.002318,-0.028158,0.045651,0.016509,0.011231
15.872364,-0.011552,-0.002274,-0.026697,0.045672,0.016530,0.010855
15.882424,-0.011188,-0.002228,-0.026319,0.045630,0.016546,0.011241
15.892486,-0.010438,-0.002564,-0.024734,0.044762,0.015796,0.011244
15.902546,-0.009686,-0.002518,-0.024237,0.044220,0.015043,0.010865
15.912631,-0.008549,-0.002474,-0.022916,0.043617,0.014287,0.010867
15.922693,-0.008173,-0.002433,-0.022675,0.043336,0.014293,0.011250
15.932754,-0.008178,-0.002395,-0.022378,0.043001,0.014679,0.010870
15.942815,-0.007799,-0.002361,-0.021254,0.042604,0.015444,0.010871
15.952875,-0.007801,-0.002331,-0.020831,0.042152,0.015065,0.010871
15.962929,-0.007802,-0.002305,-0.019586,0.040882,0.014685,0.010871
15.972987,-0.007803,-0.002285,-0.019040,0.040316,0.015067,0.010872
15.983050,-0.007803,-0.002270,-0.018434,0.040077,0.014686,0.010872
15.993112,-0.007804,-0.002262,-0.018147,0.039780,0.014686,0.010872
