t,q1,q2,q3,q4,q5,q6
0.000000,-0.344282,0.609026,-0.409133,-0.402647,-0.012398,-0.016976
0.010058,-0.344282,0.609026,-0.409133,-0.402647,-0.012398,-0.016976
0.020110,-0.344282,0.609026,-0.409133,-0.402647,-0.012398,-0.016976
0.030165,-0.344282,0.609026,-0.409133,-0.402647,-0.012398,-0.016976
0.040217,-0.344282,0.609026,-0.409133,-0.402647,-0.012398,-0.016976
0.050270,-0.344282,0.609026,-0.409133,-0.402647,-0.012398,-0.016976
0.060323,-0.344282,0.609026,-0.409133,-0.402647,-0.012398,-0.016976
0.070374,-0.344282,0.609026,-0.409133,-0.402647,-0.012779,-0.016976
0.080426,-0.344282,0.609026,-0.409133,-0.402647,-0.012398,-0.016976
0.090478,-0.344282,0.609026,-0.409133,-0.402647,-0.012779,-0.016976
0.100530,-0.344282,0.609026,-0.409133,-0.402647,-0.012779,-0.016976
0.110583,-0.344282,0.609026,-0.409133,-0.402647,-0.012779,-0.016976
0.120636,-0.344282,0.609026,-0.409133,-0.402647,-0.012398,-0.016976
0.130693,-0.344282,0.609026,-0.409133,-0.402647,-0.012398,-0.016976
0.140756,-0.344282,0.609026,-0.409133,-0.402647,-0.012398,-0.016976
0.150820,-0.344282,0.609026,-0.409133,-0.402647,-0.012398,-0.016976
0.160883,-0.344282,0.609026,-0.409133,-0.402647,-0.012398,-0.016976
0.170936,-0.344282,0.609026,-0.409133,-0.402647,-0.012398,-0.016976
0.180988,-0.344282,0.609026,-0.409133,-0.402647,-0.012398,-0.016976
0.191040,-0.344282,0.609026,-0.409133,-0.402647,-0.012779,-0.016976
0.201094,-0.344282,0.609026,-0.409133,-0.402647,-0.012398,-0.016976
0.211145,-0.344282,0.609026,-0.409133,-0.402647,-0.012398,-0.016976
0.221199,-0.344282,0.609026,-0.409133,-0.402647,-0.012398,-0.016976
0.231251,-0.344282,0.609026,-0.409133,-0.402647,-0.012398,-0.016976
0.241303,-0.344282,0.608644,-0.409133,-0.402647,-0.012398,-0.016976
0.251355,-0.344282,0.608644,-0.409133,-0.402647,-0.012398,-0.016976
0.261421,-0.344282,0.608644,-0.409133,-0.402647,-0.012398,-0.016976
0.271484,-0.344282,0.608644,-0.409133,-0.402647,-0.012779,-0.016976
0.281549,-0.344282,0.608644,-0.409133,-0.402647,-0.012779,-0.016976
0.291602,-0.344282,0.608644,-0.409133,-0.402647,-0.012398,-0.016976
0.301711,-0.344282,0.608644,-0.409133,-0.402647,-0.012398,-0.016976
0.311765,-0.344282,0.608644,-0.409133,-0.402647,-0.012779,-0.016976
0.321819,-0.344282,0.608644,-0.409133,-0.402647,-0.012398,-0.016976
0.331836,-0.344282,0.608644,-0.409133,-0.402647,-0.012779,-0.016976
0.341901,-0.344282,0.608644,-0.409133,-0.402647,-0.012398,-0.016976
0.351965,-0.344282,0.608644,-0.409133,-0.402647,-0.012398,-0.016976
0.362030,-0.344282,0.608644,-0.409133,-0.402647,-0.012779,-0.016976
0.372092,-0.344282,0.608644,-0.409133,-0.402647,-0.012398,-0.016976
0.382148,-0.344282,0.608644,-0.409133,-0.402647,-0.012779,-0.016976
0.392203,-0.344282,0.608644,-0.409133,-0.402647,-0.012398,-0.016976
0.402256,-0.344282,0.608644,-0.409133,-0.402647,-0.012398,-0.016976
0.412309,-0.344282,0.608644,-0.409133,-0.402647,-0.012779,-0.016976
0.422362,-0.344282,0.608644,-0.409133,-0.402647,-0.012398,-0.016976
0.432425,-0.344282,0.608644,-0.409133,-0.402647,-0.012398,-0.016976
0.442487,-0.344282,0.608644,-0.409133,-0.402647,-0.012779,-0.016976
0.452542,-0.344282,0.608644,-0.409133,-0.402647,-0.012398,-0.016976
0.462602,-0.344282,0.608644,-0.409133,-0.402647,-0.012779,-0.016976
0.472665,-0.344282,0.608644,-0.409133,-0.402647,-0.012398,-0.016976
0.482727,-0.344282,0.608644,-0.409133,-0.402647,-0.012398,-0.016976
0.492787,-0.344282,0.608263,-0.409133,-0.402647,-0.012398,-0.016976
0.502842,-0.344282,0.608263,-0.409133,-0.402647,-0.012398,-0.016976
0.512895,-0.344282,0.608263,-0.409133,-0.402647,-0.012398,-0.016976
0.522958,-0.344282,0.608263,-0.409133,-0.402647,-0.012398,-0.016976
0.533152,-0.344282,0.607881,-0.409133,-0.402647,-0.012398,-0.016976
0.543215,-0.344282,0.607881,-0.409133,-0.402647,-0.012398,-0.016976
0.553336,-0.344282,0.607500,-0.409133,-0.402647,-0.012398,-0.016976
0.563391,-0.344282,0.607500,-0.409133,-0.402647,-0.012398,-0.016976
0.573455,-0.344282,0.607500,-0.409133,-0.402647,-0.012779,-0.016976
0.583507,-0.344282,0.607500,-0.409133,-0.402647,-0.012398,-0.016976
0.593565,-0.344282,0.607500,-0.409133,-0.402647,-0.012398,-0.016976
0.603620,-0.344282,0.607500,-0.409133,-0.402647,-0.012398,-0.016976
0.613679,-0.344282,0.607500,-0.409133,-0.402647,-0.012398,-0.016976
0.623744,-0.344282,0.607500,-0.409133,-0.402647,-0.012398,-0.016976
0.633809,-0.344282,0.607500,-0.409133,-0.402647,-0.012398,-0.016976
0.643873,-0.344282,0.607500,-0.409133,-0.402647,-0.012398,-0.016976
0.653938,-0.344282,0.607500,-0.409514,-0.402647,-0.012779,-0.016976
0.664001,-0.344282,0.607500,-0.409514,-0.402647,-0.012398,-0.016976
0.674064,-0.344282,0.607500,-0.409514,-0.402647,-0.012398,-0.016976
0.684128,-0.344282,0.607500,-0.409514,-0.402647,-0.012398,-0.016976
0.694193,-0.344282,0.607500,-0.409895,-0.402647,-0.012779,-0.016976
0.704262,-0.344282,0.607500,-0.410277,-0.402647,-0.012398,-0.016976
0.714326,-0.344282,0.607500,-0.410658,-0.402647,-0.012398,-0.016976
0.724390,-0.344282,0.607500,-0.411421,-0.402647,-0.012398,-0.016976
0.734455,-0.344282,0.607500,-0.411803,-0.402647,-0.012398,-0.016976
0.744518,-0.344282,0.607500,-0.412566,-0.402647,-0.012398,-0.016976
0.754579,-0.344282,0.607500,-0.412947,-0.402647,-0.012398,-0.016976
0.764633,-0.344282,0.607500,-0.413329,-0.402647,-0.012398,-0.016976
0.774687,-0.344282,0.607500,-0.413710,-0.402647,-0.012398,-0.016976
0.784749,-0.344282,0.607500,-0.414473,-0.402647,-0.012398,-0.016976
0.794813,-0.344282,0.607500,-0.414855,-0.402647,-0.012398,-0.016976
0.804878,-0.344282,0.607118,-0.415236,-0.402647,-0.012398,-0.016976
0.814941,-0.344282,0.607118,-0.415236,-0.402647,-0.012398,-0.016976
0.825000,-0.344282,0.607118,-0.415618,-0.402647,-0.012779,-0.016976
0.835061,-0.344282,0.607118,-0.415999,-0.402647,-0.012779,-0.016976
0.845122,-0.344282,0.607118,-0.415999,-0.402647,-0.012398,-0.016976
0.855185,-0.344282,0.607118,-0.416381,-0.402647,-0.012398,-0.016976
0.865245,-0.344282,0.607118,-0.416381,-0.402647,-0.012398,-0.016976
0.875307,-0.344282,0.607118,-0.416381,-0.402647,-0.012398,-0.016976
0.885371,-0.344282,0.607118,-0.416762,-0.402647,-0.012398,-0.016976
0.895430,-0.344282,0.607118,-0.416762,-0.402647,-0.012398,-0.016976
0.905492,-0.344282,0.607118,-0.416762,-0.402647,-0.012398,-0.016976
0.915556,-0.344282,0.607118,-0.417144,-0.402647,-0.012398,-0.016976
0.925618,-0.344282,0.607118,-0.417525,-0.402647,-0.012398,-0.016976
0.935681,-0.344282,0.607118,-0.417906,-0.402647,-0.012398,-0.016976
0.945740,-0.344282,0.607118,-0.418288,-0.402647,-0.012398,-0.016976
0.955804,-0.344282,0.607118,-0.418669,-0.402647,-0.012398,-0.016976
0.965867,-0.344282,0.607118,-0.419051,-0.402647,-0.012398,-0.016976
0.975932,-0.344282,0.607118,-0.419432,-0.402647,-0.012398,-0.016976
0.985994,-0.344282,0.607118,-0.419814,-0.402647,-0.012398,-0.016976
0.996056,-0.344282,0.607118,-0.420958,-0.402647,-0.012398,-0.016976
1.006119,-0.344282,0.607118,-0.421340,-0.402647,-0.012779,-0.016976
1.016185,-0.344282,0.607118,-0.421721,-0.402647,-0.012398,-0.016976
1.026250,-0.344282,0.607118,-0.421721,-0.402647,-0.012398,-0.016976
1.036311,-0.344282,0.607118,-0.422866,-0.402647,-0.012398,-0.016976
1.046374,-0.344282,0.607118,-0.423629,-0.402647,-0.012398,-0.016976
1.056438,-0.344282,0.607118,-0.424392,-0.402647,-0.012398,-0.016976
1.066499,-0.344282,0.607118,-0.424773,-0.402647,-0.012398,-0.016976
1.076562,-0.344663,0.607118,-0.425536,-0.402647,-0.012398,-0.016976
1.086625,-0.344663,0.607118,-0.425917,-0.402647,-0.012398,-0.016976
1.096687,-0.344663,0.607118,-0.426680,-0.402647,-0.012398,-0.016976
1.106749,-0.344663,0.607118,-0.427443,-0.402647,-0.012398,-0.016976
1.116810,-0.344663,0.607118,-0.427825,-0.402647,-0.012398,-0.016976
1.126873,-0.344663,0.607118,-0.428206,-0.402647,-0.012398,-0.016976
1.136936,-0.344663,0.607118,-0.428969,-0.402647,-0.012398,-0.016976
1.146989,-0.344663,0.607118,-0.429351,-0.402647,-0.012398,-0.016976
1.157042,-0.344663,0.607118,-0.430114,-0.402647,-0.012398,-0.016976
1.167102,-0.344663,0.607118,-0.430495,-0.402647,-0.012398,-0.016976
1.177163,-0.344663,0.607118,-0.430877,-0.402647,-0.012398,-0.016976
1.187224,-0.344663,0.607118,-0.431258,-0.402647,-0.012398,-0.016976
1.197284,-0.344663,0.607118,-0.431640,-0.402647,-0.012398,-0.016976
1.207347,-0.344663,0.607118,-0.432021,-0.402647,-0.012398,-0.016976
1.217409,-0.344663,0.607118,-0.432403,-0.402647,-0.012398,-0.016976
1.227469,-0.344663,0.607118,-0.433165,-0.402647,-0.012398,-0.016976
1.237531,-0.344663,0.607118,-0.433547,-0.402647,-0.012398,-0.016976
1.247592,-0.345045,0.607118,-0.433928,-0.402647,-0.012398,-0.016976
1.257652,-0.345045,0.607118,-0.434310,-0.402266,-0.012398,-0.016976
1.267712,-0.345045,0.607118,-0.435073,-0.402266,-0.012398,-0.016976
1.277775,-0.345045,0.607118,-0.435836,-0.402266,-0.012398,-0.016976
1.287836,-0.345045,0.607118,-0.436599,-0.402266,-0.012398,-0.016976
1.297899,-0.345045,0.607118,-0.436980,-0.402266,-0.012398,-0.016976
1.307954,-0.345045,0.607118,-0.437743,-0.402266,-0.012398,-0.016976
1.318017,-0.345045,0.607118,-0.438125,-0.402266,-0.012398,-0.016976
1.328077,-0.345045,0.607118,-0.438888,-0.402266,-0.012398,-0.016976
1.338142,-0.345045,0.606737,-0.439269,-0.402266,-0.012398,-0.016976
1.348209,-0.345045,0.606737,-0.440414,-0.402266,-0.012398,-0.016976
1.358270,-0.345045,0.606737,-0.440795,-0.402266,-0.012398,-0.016976
1.368332,-0.345045,0.606737,-0.441558,-0.402266,-0.012398,-0.016976
1.378397,-0.345045,0.606737,-0.442702,-0.402266,-0.012398,-0.016976
1.388450,-0.345045,0.606737,-0.443465,-0.401884,-0.012398,-0.016976
1.398512,-0.345045,0.606737,-0.443847,-0.401122,-0.012398,-0.016976
1.408565,-0.345045,0.606737,-0.444991,-0.399977,-0.012398,-0.016976
1.418626,-0.345045,0.606737,-0.445754,-0.399977,-0.012398,-0.016976
1.428694,-0.345045,0.606737,-0.446517,-0.399596,-0.012398,-0.016976
1.438748,-0.345045,0.606737,-0.447280,-0.398833,-0.012398,-0.016976
1.448811,-0.345045,0.606737,-0.448425,-0.398070,-0.012398,-0.016976
1.458847,-0.345045,0.606737,-0.449569,-0.397688,-0.012398,-0.016976
1.468903,-0.345045,0.606737,-0.450332,-0.396925,-0.012398,-0.016976
1.478963,-0.345426,0.606737,-0.451095,-0.396162,-0.012398,-0.016976
1.489026,-0.345426,0.606737,-0.452239,-0.395399,-0.012398,-0.016976
1.499088,-0.345426,0.606737,-0.453384,-0.394255,-0.012016,-0.016976
1.509141,-0.345426,0.606737,-0.454147,-0.393111,-0.012016,-0.016976
1.519202,-0.345426,0.606355,-0.455291,-0.391966,-0.012016,-0.016976
1.529262,-0.345426,0.606355,-0.455673,-0.391203,-0.012016,-0.016976
1.539326,-0.345426,0.606355,-0.456817,-0.390059,-0.012016,-0.016976
1.549387,-0.345426,0.606355,-0.457580,-0.389296,-0.012016,-0.016976
1.559452,-0.345426,0.606355,-0.458724,-0.388533,-0.012016,-0.016976
1.569514,-0.345808,0.606355,-0.459487,-0.387770,-0.012016,-0.016594
1.579575,-0.345808,0.606355,-0.461013,-0.386625,-0.012016,-0.016594
1.589628,-0.345808,0.606355,-0.461395,-0.386244,-0.012016,-0.016594
1.599677,-0.345808,0.606355,-0.462539,-0.385481,-0.012016,-0.016594
1.609741,-0.345808,0.606355,-0.463302,-0.384718,-0.012016,-0.016594
1.619806,-0.345808,0.606355,-0.464446,-0.383192,-0.011635,-0.016594
1.629866,-0.345808,0.606355,-0.465209,-0.382429,-0.011635,-0.016594
1.639919,-0.345808,0.606355,-0.465972,-0.380522,-0.011635,-0.016213
1.649983,-0.345808,0.606355,-0.467117,-0.379377,-0.011635,-0.016213
1.660045,-0.345808,0.606355,-0.468261,-0.377470,-0.011254,-0.016213
1.670107,-0.345808,0.605974,-0.468643,-0.376326,-0.011635,-0.016213
1.680167,-0.346189,0.605974,-0.469787,-0.374418,-0.011254,-0.015831
1.690217,-0.346189,0.605974,-0.470550,-0.373274,-0.011254,-0.015831
1.700277,-0.346189,0.605974,-0.472076,-0.371748,-0.011254,-0.015831
1.710340,-0.346189,0.605974,-0.472839,-0.370222,-0.011254,-0.015831
1.720403,-0.346189,0.605974,-0.473602,-0.368696,-0.011254,-0.015450
1.730463,-0.346571,0.605974,-0.474746,-0.366407,-0.011254,-0.015450
1.740513,-0.346571,0.605974,-0.475891,-0.364881,-0.011254,-0.015068
1.750573,-0.346952,0.605592,-0.477417,-0.362593,-0.010872,-0.015068
1.760636,-0.347333,0.605592,-0.478180,-0.361067,-0.010872,-0.015068
1.770701,-0.347715,0.605592,-0.479706,-0.358396,-0.010491,-0.014687
1.780762,-0.348096,0.605592,-0.480468,-0.356870,-0.010491,-0.014687
1.790818,-0.348859,0.605211,-0.481231,-0.354963,-0.010491,-0.014305
1.800881,-0.349622,0.605211,-0.481994,-0.353437,-0.010491,-0.014305
1.810940,-0.350767,0.605211,-0.483520,-0.351530,-0.010491,-0.013924
1.821003,-0.351148,0.605211,-0.484283,-0.350385,-0.010109,-0.013924
1.831067,-0.352293,0.604829,-0.485809,-0.347715,-0.009346,-0.013924
1.841131,-0.353437,0.604448,-0.486954,-0.346189,-0.008965,-0.013542
1.851194,-0.354963,0.604067,-0.487716,-0.343137,-0.007820,-0.013542
1.861256,-0.356489,0.603685,-0.488479,-0.341611,-0.007820,-0.013161
1.871315,-0.358015,0.602922,-0.490005,-0.339704,-0.006676,-0.013161
1.881376,-0.358778,0.602541,-0.490387,-0.338560,-0.006676,-0.012779
1.891436,-0.359541,0.601396,-0.491531,-0.336652,-0.006676,-0.012779
1.901497,-0.359922,0.600252,-0.492294,-0.335126,-0.006676,-0.012398
1.911562,-0.360304,0.599489,-0.493439,-0.332456,-0.006676,-0.012398
1.921622,-0.360685,0.598726,-0.493820,-0.330549,-0.006676,-0.012016
1.931684,-0.360685,0.597581,-0.494583,-0.327878,-0.006676,-0.011635
1.941749,-0.361448,0.596818,-0.495346,-0.326352,-0.006294,-0.011635
1.951813,-0.361830,0.595674,-0.496490,-0.324445,-0.004768,-0.011254
1.961845,-0.362593,0.594530,-0.497253,-0.322919,-0.003243,-0.011254
1.971900,-0.363355,0.593004,-0.498779,-0.320630,-0.000572,-0.010872
1.981952,-0.364118,0.592241,-0.499542,-0.318723,0.001335,-0.010872
1.992032,-0.365263,0.591096,-0.500687,-0.316052,0.004768,-0.010491
2.002084,-0.366026,0.590333,-0.501450,-0.314145,0.007439,-0.010491
2.012136,-0.367552,0.589570,-0.502594,-0.312619,0.010491,-0.010491
2.022189,-0.369459,0.587663,-0.503738,-0.310712,0.015831,-0.010109
2.032241,-0.370603,0.586519,-0.504501,-0.309186,0.018502,-0.009728
2.042294,-0.371366,0.584993,-0.505646,-0.307279,0.023461,-0.009728
2.052346,-0.372129,0.584611,-0.506790,-0.306134,0.025368,-0.009346
2.062399,-0.372129,0.583467,-0.507935,-0.303845,0.027657,-0.009346
2.072450,-0.372129,0.583085,-0.509079,-0.302319,0.028420,-0.009346
2.082499,-0.372129,0.581941,-0.510986,-0.300031,0.029564,-0.008583
2.092551,-0.372129,0.581178,-0.511749,-0.298123,0.029564,-0.008583
2.102603,-0.372511,0.579271,-0.513657,-0.295453,0.029946,-0.008202
2.112655,-0.372511,0.578126,-0.514801,-0.293545,0.030709,-0.007820
2.122706,-0.372511,0.576982,-0.516327,-0.290875,0.030709,-0.007057
2.132756,-0.372892,0.576219,-0.517472,-0.288968,0.030709,-0.006676
2.142806,-0.373655,0.574693,-0.518616,-0.286297,0.031090,-0.005913
2.152830,-0.374418,0.573548,-0.519379,-0.284390,0.031090,-0.005150
2.162881,-0.375944,0.571641,-0.520905,-0.281720,0.031472,-0.004005
2.172932,-0.377089,0.570878,-0.522049,-0.279812,0.031853,-0.003243
2.182985,-0.378996,0.569352,-0.523957,-0.276761,0.032616,-0.002480
2.193036,-0.380522,0.568589,-0.524720,-0.274472,0.032998,-0.001717
2.203088,-0.382811,0.567826,-0.525864,-0.271801,0.033379,-0.000572
2.213140,-0.384337,0.566682,-0.526627,-0.270275,0.033379,-0.000191
2.223191,-0.385863,0.564775,-0.528153,-0.267605,0.032998,0.000954
2.233243,-0.387007,0.562867,-0.528916,-0.266079,0.032998,0.001717
2.243321,-0.388533,0.560960,-0.530060,-0.262646,0.033379,0.002861
2.253373,-0.390059,0.560197,-0.530823,-0.260739,0.033761,0.003624
2.263425,-0.391203,0.559434,-0.531205,-0.258831,0.034142,0.004387
2.273436,-0.393874,0.558289,-0.531968,-0.256161,0.034905,0.005531
2.283485,-0.395018,0.556764,-0.532731,-0.254253,0.035668,0.005913
2.293538,-0.396925,0.555619,-0.533875,-0.251965,0.037575,0.007057
2.303591,-0.397688,0.554093,-0.534257,-0.250057,0.037957,0.007439
2.313644,-0.399596,0.552186,-0.535019,-0.247005,0.038338,0.008202
2.323695,-0.400359,0.550660,-0.536164,-0.244717,0.038720,0.008583
2.333746,-0.402266,0.548371,-0.536927,-0.241665,0.039483,0.009346
2.343795,-0.403410,0.547227,-0.537690,-0.239757,0.040246,0.009728
2.353839,-0.405699,0.546082,-0.538453,-0.237087,0.041772,0.010872
2.363888,-0.407225,0.545701,-0.538834,-0.235561,0.043297,0.011254
2.373940,-0.409133,0.543793,-0.539979,-0.233654,0.046349,0.012016
2.383988,-0.410277,0.541886,-0.540360,-0.232128,0.048257,0.012398
2.394038,-0.412184,0.539597,-0.541123,-0.229458,0.051308,0.013161
2.404089,-0.413329,0.537690,-0.541886,-0.227932,0.053597,0.013924
2.414139,-0.415236,0.535019,-0.542649,-0.224880,0.058556,0.014305
2.424190,-0.417144,0.533875,-0.543030,-0.222972,0.062753,0.014687
2.434240,-0.419814,0.531968,-0.543793,-0.219921,0.068475,0.015450
2.444290,-0.421340,0.530823,-0.544556,-0.218013,0.072671,0.015450
2.454342,-0.422866,0.527771,-0.546082,-0.215343,0.077249,0.015831
2.464394,-0.424010,0.526246,-0.546464,-0.213436,0.078393,0.016213
2.474446,-0.425154,0.524338,-0.547990,-0.210384,0.079919,0.016594
2.484495,-0.426299,0.523194,-0.548371,-0.208476,0.080301,0.016976
2.494560,-0.428206,0.520905,-0.549516,-0.205806,0.081064,0.017357
2.504612,-0.429351,0.519379,-0.550278,-0.203517,0.081827,0.017739
2.514663,-0.431258,0.518235,-0.550660,-0.201610,0.082589,0.018120
2.524714,-0.433547,0.515946,-0.551804,-0.198558,0.082971,0.018502
2.534763,-0.435073,0.514420,-0.552567,-0.196651,0.083352,0.018883
2.544818,-0.437743,0.511749,-0.552949,-0.193599,0.083734,0.019646
2.554879,-0.438888,0.510224,-0.553330,-0.192073,0.083734,0.019646
2.564932,-0.441558,0.508316,-0.554093,-0.189403,0.084878,0.020409
2.574981,-0.444228,0.506409,-0.554475,-0.187495,0.086023,0.020790
2.585033,-0.446899,0.503738,-0.554856,-0.184825,0.088312,0.021172
2.595087,-0.448425,0.502213,-0.555238,-0.182536,0.090219,0.021553
2.605151,-0.451858,0.499542,-0.556001,-0.179866,0.092126,0.022316
2.615212,-0.453765,0.497635,-0.556382,-0.177577,0.094797,0.022698
2.625273,-0.457580,0.495727,-0.556382,-0.174525,0.099756,0.023079
2.635340,-0.459487,0.493820,-0.556764,-0.172618,0.103571,0.023461
2.645400,-0.462921,0.491150,-0.557145,-0.169566,0.109674,0.023461
2.655463,-0.465209,0.489242,-0.557527,-0.167659,0.113870,0.023842
2.665522,-0.469024,0.486572,-0.557527,-0.164607,0.119974,0.024224
2.675584,-0.470932,0.484665,-0.557527,-0.163081,0.123407,0.024224
2.685645,-0.473602,0.481994,-0.557527,-0.160792,0.126459,0.024605
2.695707,-0.475509,0.480087,-0.557908,-0.159266,0.127222,0.024987
2.705767,-0.478180,0.477417,-0.557908,-0.156596,0.128748,0.025368
2.715820,-0.480087,0.475128,-0.558289,-0.155070,0.129511,0.025750
2.725831,-0.483139,0.472839,-0.558289,-0.152781,0.131037,0.026131
2.735881,-0.485046,0.471695,-0.558671,-0.151255,0.132181,0.026131
2.745944,-0.488479,0.468643,-0.559052,-0.148966,0.133326,0.026513
2.756006,-0.490768,0.466735,-0.559052,-0.147822,0.135233,0.026513
2.766071,-0.494583,0.464446,-0.559052,-0.145533,0.139048,0.027276
2.776125,-0.496872,0.462539,-0.559434,-0.144007,0.142481,0.027276
2.786184,-0.499161,0.460250,-0.559434,-0.142863,0.145533,0.027657
2.796248,-0.502976,0.457961,-0.559434,-0.140955,0.150111,0.028038
2.806308,-0.505646,0.456054,-0.559434,-0.139429,0.153925,0.028038
2.816360,-0.509461,0.453384,-0.559434,-0.137140,0.160410,0.028420
2.826410,-0.511749,0.451858,-0.559434,-0.135615,0.164225,0.028801
2.836462,-0.515564,0.448806,-0.559815,-0.133326,0.168040,0.029564
2.846526,-0.518235,0.446517,-0.559815,-0.131800,0.170329,0.029946
2.856588,-0.521286,0.443847,-0.559815,-0.129129,0.172999,0.030709
2.866649,-0.523575,0.441939,-0.559815,-0.127985,0.173762,0.030709
2.876709,-0.527008,0.439269,-0.559815,-0.125696,0.174907,0.031472
2.886770,-0.529297,0.437362,-0.559815,-0.123789,0.176432,0.031853
2.896831,-0.533112,0.434691,-0.559815,-0.121881,0.179103,0.032235
2.906892,-0.535401,0.432784,-0.559815,-0.119974,0.181010,0.032616
2.916956,-0.539597,0.430114,-0.559815,-0.117685,0.183299,0.033379
2.927015,-0.542267,0.428588,-0.559815,-0.115778,0.186351,0.033761
2.937082,-0.546464,0.425536,-0.559815,-0.113107,0.192454,0.034524
2.947144,-0.549134,0.423247,-0.559815,-0.111582,0.196651,0.034905
2.957208,-0.553330,0.420958,-0.559815,-0.109674,0.201228,0.035668
2.967271,-0.556382,0.418669,-0.559815,-0.108148,0.205043,0.036431
2.977331,-0.560197,0.415999,-0.559815,-0.105859,0.210384,0.037194
2.987391,-0.563249,0.414473,-0.559815,-0.104334,0.213054,0.038338
2.997451,-0.567063,0.411421,-0.559815,-0.101663,0.216869,0.039864
3.007511,-0.569734,0.409133,-0.559815,-0.100137,0.219539,0.041009
3.017571,-0.573167,0.406462,-0.559815,-0.098230,0.222972,0.042153
3.027632,-0.576219,0.404555,-0.559815,-0.097086,0.224117,0.043297
3.037696,-0.580415,0.401884,-0.559815,-0.095560,0.227932,0.045205
3.047755,-0.583085,0.399977,-0.559815,-0.094797,0.230983,0.046731
3.057818,-0.587282,0.396925,-0.559815,-0.093271,0.235943,0.049020
3.067877,-0.590333,0.394636,-0.559815,-0.092126,0.238994,0.050164
3.077938,-0.593385,0.393111,-0.559815,-0.090982,0.242428,0.051308
3.087998,-0.597581,0.390822,-0.559815,-0.089456,0.248913,0.053216
3.098058,-0.600633,0.388914,-0.559815,-0.088693,0.251965,0.054360
3.108120,-0.605211,0.385481,-0.559815,-0.087549,0.255779,0.056268
3.118182,-0.607881,0.383574,-0.559815,-0.086404,0.258068,0.057412
3.128245,-0.612078,0.380522,-0.559815,-0.084878,0.260357,0.058938
3.138309,-0.614748,0.378614,-0.559815,-0.084115,0.261120,0.059701
3.148363,-0.618944,0.375944,-0.559815,-0.082971,0.263790,0.061227
3.158416,-0.621614,0.373655,-0.559815,-0.082208,0.266461,0.061608
3.168484,-0.626192,0.370985,-0.559815,-0.081445,0.269894,0.063134
3.178546,-0.629244,0.369078,-0.559815,-0.080682,0.272183,0.064279
3.188610,-0.633822,0.366026,-0.559434,-0.079538,0.276761,0.065042
3.198671,-0.636873,0.364500,-0.559434,-0.078775,0.280575,0.065805
3.208731,-0.641833,0.361448,-0.559434,-0.078393,0.286297,0.066949
3.218792,-0.644884,0.359159,-0.559052,-0.078393,0.290875,0.067712
3.228855,-0.649081,0.356489,-0.559052,-0.078393,0.297360,0.068475
3.238914,-0.652132,0.354963,-0.559052,-0.078393,0.300412,0.068856
3.248977,-0.656710,0.352293,-0.558671,-0.078393,0.303464,0.069619
3.259040,-0.658999,0.350385,-0.558289,-0.078393,0.305753,0.070382
3.269100,-0.662814,0.347333,-0.558289,-0.078393,0.306897,0.071527
3.279162,-0.665484,0.345045,-0.558289,-0.078012,0.307660,0.072290
3.289222,-0.670062,0.342756,-0.558289,-0.077630,0.309949,0.073053
3.299284,-0.672351,0.341230,-0.558289,-0.076867,0.311856,0.073434
3.309337,-0.676928,0.338178,-0.558289,-0.076104,0.314145,0.074578
3.319398,-0.679980,0.336271,-0.557908,-0.075723,0.317197,0.074960
3.329459,-0.684176,0.333600,-0.557908,-0.074578,0.322919,0.075723
3.339519,-0.687228,0.331693,-0.557908,-0.073816,0.327115,0.076104
3.349658,-0.691806,0.329023,-0.557908,-0.072290,0.332074,0.076867
3.359711,-0.694858,0.327497,-0.557527,-0.071908,0.335889,0.077249
3.369763,-0.697147,0.325208,-0.557145,-0.071145,0.340467,0.078012
3.379815,-0.701724,0.322156,-0.556382,-0.070764,0.345426,0.078775
3.389867,-0.704395,0.320249,-0.555619,-0.070764,0.347715,0.079156
3.399927,-0.707828,0.317578,-0.554475,-0.070764,0.351530,0.080301
3.409980,-0.710117,0.315290,-0.553712,-0.070764,0.353437,0.081064
3.420042,-0.713931,0.312619,-0.551804,-0.070764,0.354200,0.082208
3.430103,-0.716602,0.310712,-0.550660,-0.070764,0.355726,0.082971
3.440156,-0.720417,0.307660,-0.549134,-0.070764,0.358778,0.084497
3.450208,-0.722705,0.305753,-0.548371,-0.070764,0.361067,0.085260
3.460262,-0.726902,0.303464,-0.546464,-0.070764,0.364881,0.086404
3.470314,-0.729572,0.301938,-0.544938,-0.070764,0.368315,0.087167
3.480366,-0.733768,0.299268,-0.543030,-0.070764,0.374800,0.088693
3.490417,-0.736439,0.297742,-0.542267,-0.070764,0.378996,0.089837
3.500478,-0.740253,0.295453,-0.540360,-0.070764,0.383574,0.092126
3.510528,-0.742542,0.293927,-0.538834,-0.070001,0.386625,0.093271
3.520589,-0.745975,0.291638,-0.536545,-0.070001,0.390059,0.095178
3.530649,-0.747883,0.290494,-0.535782,-0.070001,0.390822,0.096323
3.540708,-0.750935,0.287823,-0.533875,-0.069619,0.391966,0.098611
3.550768,-0.752842,0.286297,-0.531968,-0.068856,0.393111,0.100137
3.560839,-0.756275,0.284390,-0.529679,-0.068856,0.394255,0.102045
3.570892,-0.758183,0.282864,-0.528534,-0.068475,0.395018,0.102808
3.580946,-0.761616,0.280575,-0.526627,-0.068093,0.395781,0.103952
3.590999,-0.763523,0.279049,-0.524720,-0.067330,0.396544,0.105097
3.601052,-0.766575,0.277142,-0.522431,-0.067330,0.398451,0.106241
3.611114,-0.768864,0.275616,-0.521286,-0.067330,0.399977,0.106622
3.621177,-0.771916,0.273327,-0.518997,-0.067330,0.402266,0.108148
3.631241,-0.773823,0.272183,-0.517090,-0.066949,0.403792,0.108530
3.641295,-0.775731,0.271038,-0.515564,-0.067330,0.404936,0.109293
3.651348,-0.778401,0.269512,-0.513275,-0.067330,0.407225,0.109674
3.661402,-0.780690,0.267987,-0.511749,-0.067330,0.409133,0.110056
3.671453,-0.783360,0.265698,-0.509461,-0.067330,0.413329,0.110819
3.681505,-0.784886,0.264553,-0.507553,-0.067330,0.415618,0.111200
3.691555,-0.787175,0.263027,-0.505264,-0.067330,0.419814,0.111582
3.701605,-0.788701,0.261883,-0.503738,-0.067330,0.423247,0.111963
3.711655,-0.791371,0.259976,-0.501450,-0.067330,0.428206,0.111963
3.721706,-0.793278,0.258450,-0.499542,-0.067330,0.431640,0.112345
3.731758,-0.795186,0.256924,-0.497635,-0.067330,0.435454,0.112726
3.741812,-0.796330,0.255779,-0.496109,-0.067330,0.436599,0.112726
3.751873,-0.797475,0.253872,-0.493439,-0.067330,0.437362,0.113107
3.761936,-0.798619,0.252346,-0.491913,-0.067330,0.437743,0.113489
3.771998,-0.799763,0.250439,-0.490387,-0.067330,0.437743,0.113870
3.782059,-0.800526,0.249294,-0.488479,-0.067330,0.437362,0.114252
3.792122,-0.802052,0.247768,-0.486191,-0.067330,0.437362,0.114252
3.802185,-0.803197,0.246242,-0.485046,-0.067330,0.436980,0.115015
3.812236,-0.805486,0.243954,-0.483139,-0.067330,0.436980,0.115396
3.822297,-0.806630,0.242809,-0.481613,-0.067330,0.436980,0.115778
3.832357,-0.808156,0.241665,-0.479324,-0.067330,0.436980,0.116159
3.842418,-0.808919,0.240520,-0.478180,-0.067330,0.436980,0.116159
3.852478,-0.810063,0.238613,-0.476654,-0.067330,0.437362,0.116541
3.862541,-0.810826,0.237469,-0.475128,-0.067330,0.437362,0.116541
3.872599,-0.811589,0.235943,-0.473220,-0.067330,0.437743,0.116922
3.882660,-0.811971,0.235180,-0.472076,-0.067330,0.437362,0.116922
3.892725,-0.813497,0.233654,-0.470550,-0.067330,0.438125,0.117304
3.902786,-0.814260,0.232509,-0.469024,-0.067330,0.438888,0.117304
3.912848,-0.815023,0.231746,-0.467880,-0.067330,0.438888,0.117304
3.922908,-0.816167,0.229839,-0.465972,-0.067330,0.438888,0.117685
3.932969,-0.816930,0.229076,-0.464828,-0.067330,0.438888,0.117685
3.943030,-0.818456,0.227550,-0.462921,-0.067330,0.438888,0.117685
3.953091,-0.818837,0.226787,-0.462158,-0.067330,0.438888,0.118067
3.963151,-0.819982,0.225261,-0.460250,-0.067330,0.438888,0.118067
3.973212,-0.820363,0.224117,-0.459106,-0.067330,0.438506,0.118448
3.983272,-0.820745,0.222591,-0.456817,-0.067330,0.438506,0.118448
3.993289,-0.820745,0.221828,-0.455673,-0.067330,0.438506,0.118448
4.003340,-0.820745,0.220684,-0.454147,-0.067330,0.438888,0.118448
4.013392,-0.820745,0.219539,-0.453002,-0.067330,0.439269,0.118830
4.023443,-0.820745,0.218395,-0.450713,-0.067330,0.440032,0.118830
4.033494,-0.820745,0.217250,-0.449569,-0.067330,0.440032,0.118830
4.043548,-0.820745,0.216106,-0.448425,-0.067330,0.440032,0.118830
4.053600,-0.820745,0.215724,-0.447662,-0.067330,0.440032,0.118830
4.063652,-0.820745,0.214580,-0.446136,-0.067330,0.440032,0.119211
4.073703,-0.820745,0.214199,-0.444610,-0.067330,0.440032,0.119211
4.083755,-0.820745,0.213436,-0.443084,-0.067330,0.439651,0.119211
4.093806,-0.820745,0.212673,-0.442321,-0.067330,0.439651,0.119211
4.103857,-0.820745,0.211528,-0.441176,-0.067330,0.440032,0.119211
4.113909,-0.820745,0.210765,-0.440032,-0.067330,0.440032,0.119211
4.123961,-0.820745,0.210002,-0.438125,-0.067330,0.440032,0.119211
4.134012,-0.820745,0.209239,-0.436980,-0.067330,0.440032,0.119211
4.144064,-0.820745,0.208095,-0.435836,-0.067330,0.440032,0.119211
4.154116,-0.820745,0.207332,-0.435073,-0.067330,0.440032,0.119211
4.164223,-0.820745,0.206188,-0.433547,-0.067330,0.440032,0.119211
4.174275,-0.820745,0.205425,-0.432403,-0.067330,0.440032,0.119211
4.184326,-0.820745,0.205043,-0.430877,-0.067330,0.440032,0.119211
4.194378,-0.820745,0.204662,-0.429732,-0.067330,0.440032,0.119211
4.204430,-0.820745,0.203899,-0.429351,-0.067330,0.440032,0.119211
4.214482,-0.820363,0.203136,-0.427825,-0.067330,0.440032,0.119211
4.224534,-0.820363,0.203136,-0.426680,-0.067330,0.440032,0.119211
4.234585,-0.820363,0.202373,-0.424773,-0.067330,0.440032,0.119211
4.244637,-0.820363,0.201610,-0.424010,-0.067330,0.440032,0.119211
4.254688,-0.820363,0.200847,-0.422484,-0.067330,0.439651,0.119211
4.264740,-0.820363,0.200465,-0.420958,-0.067330,0.439269,0.119211
4.274792,-0.820363,0.199321,-0.419432,-0.067330,0.439269,0.119211
4.284845,-0.819982,0.198558,-0.418288,-0.067330,0.439269,0.119211
4.294897,-0.819982,0.197795,-0.416381,-0.067330,0.439269,0.119211
4.304948,-0.819982,0.197032,-0.415236,-0.067330,0.439269,0.119211
4.315000,-0.819600,0.196269,-0.412947,-0.067330,0.439269,0.119211
4.325052,-0.819600,0.195506,-0.412184,-0.067330,0.439269,0.118830
4.335104,-0.819600,0.194743,-0.410658,-0.067330,0.439269,0.118830
4.345158,-0.819600,0.193980,-0.409895,-0.067330,0.439269,0.118830
4.355211,-0.819219,0.193599,-0.407988,-0.067330,0.438888,0.118830
4.365264,-0.819219,0.192836,-0.406462,-0.067330,0.438888,0.118830
4.375317,-0.818837,0.192073,-0.405318,-0.067330,0.438125,0.118830
4.385369,-0.818837,0.191691,-0.404555,-0.067330,0.438125,0.118830
4.395422,-0.818456,0.190929,-0.403029,-0.067330,0.438125,0.118448
4.405476,-0.818456,0.190929,-0.401503,-0.067330,0.437743,0.118448
4.415529,-0.818074,0.190547,-0.399977,-0.067330,0.437362,0.118448
4.425580,-0.818074,0.190547,-0.399214,-0.067330,0.437362,0.118448
4.435633,-0.818074,0.190166,-0.398451,-0.067330,0.437362,0.118448
4.445684,-0.817693,0.190166,-0.397688,-0.067330,0.436980,0.118448
4.455736,-0.817693,0.190166,-0.396162,-0.067330,0.436599,0.118448
4.465788,-0.817693,0.190166,-0.394255,-0.067330,0.435836,0.118067
4.475832,-0.817311,0.189784,-0.393492,-0.067330,0.434691,0.118067
4.485883,-0.816548,0.189784,-0.391966,-0.067330,0.433547,0.117685
4.495936,-0.816167,0.189021,-0.391203,-0.067330,0.433165,0.117685
4.505987,-0.815023,0.188258,-0.389296,-0.067330,0.432403,0.117685
4.516039,-0.814641,0.187877,-0.388151,-0.067330,0.431258,0.117304
4.526090,-0.813497,0.186732,-0.386244,-0.067330,0.430114,0.117304
4.536141,-0.813115,0.186351,-0.385481,-0.067330,0.429351,0.116922
4.546200,-0.812352,0.185588,-0.383574,-0.067330,0.428969,0.116922
4.556255,-0.811971,0.184825,-0.382429,-0.067330,0.428969,0.116922
4.566308,-0.811208,0.184443,-0.380903,-0.067330,0.428969,0.116541
4.576360,-0.810445,0.184062,-0.379377,-0.067330,0.428588,0.116541
4.586412,-0.809300,0.183299,-0.378233,-0.067330,0.428969,0.116541
4.596464,-0.807774,0.182918,-0.377089,-0.067712,0.428588,0.116159
4.606516,-0.806249,0.182536,-0.375944,-0.067712,0.428206,0.115778
4.616568,-0.805104,0.182536,-0.375181,-0.067712,0.428206,0.115778
4.626619,-0.803197,0.182155,-0.374037,-0.067712,0.428206,0.115778
4.636671,-0.802434,0.182155,-0.373274,-0.067712,0.428206,0.115396
4.646723,-0.800908,0.182155,-0.371748,-0.067712,0.427443,0.115396
4.656775,-0.800145,0.182155,-0.370985,-0.067712,0.427443,0.115396
4.666829,-0.798619,0.182155,-0.369841,-0.068093,0.426680,0.115015
4.676880,-0.797475,0.182155,-0.369078,-0.068475,0.425917,0.114633
4.686934,-0.796330,0.182155,-0.368315,-0.069619,0.424773,0.114252
4.696986,-0.794041,0.182155,-0.366789,-0.070764,0.422866,0.114252
4.707049,-0.792515,0.182155,-0.365644,-0.071908,0.421721,0.113489
4.717112,-0.790608,0.182155,-0.364118,-0.073434,0.420958,0.113107
4.727176,-0.789464,0.182155,-0.362974,-0.074578,0.420958,0.113107
4.737238,-0.787556,0.182155,-0.361830,-0.076104,0.420577,0.112726
4.747301,-0.786793,0.181773,-0.361067,-0.076867,0.420577,0.112345
4.757364,-0.784504,0.181773,-0.359922,-0.077630,0.420577,0.111963
4.767417,-0.782979,0.181773,-0.359159,-0.078012,0.420195,0.111582
4.777469,-0.780690,0.181773,-0.357633,-0.079156,0.419051,0.111200
4.787521,-0.778782,0.181773,-0.356489,-0.080301,0.417906,0.111200
4.797572,-0.776493,0.181392,-0.355344,-0.081445,0.416762,0.110819
4.807624,-0.775349,0.181392,-0.354582,-0.082208,0.415999,0.110819
4.817676,-0.773060,0.181392,-0.353437,-0.082971,0.414855,0.110437
4.827728,-0.771153,0.181392,-0.352674,-0.083734,0.413710,0.110056
4.837780,-0.768482,0.181392,-0.351148,-0.085260,0.411040,0.109674
4.847832,-0.766957,0.181392,-0.350385,-0.086404,0.408370,0.109674
4.857884,-0.764668,0.181392,-0.349241,-0.087930,0.405699,0.109293
4.867936,-0.763142,0.181392,-0.348096,-0.088693,0.403410,0.109293
4.877988,-0.761234,0.181010,-0.347333,-0.089837,0.400359,0.108911
4.888039,-0.759709,0.181392,-0.346571,-0.090600,0.397688,0.108911
4.898092,-0.756657,0.181392,-0.345426,-0.091363,0.393492,0.108530
4.908145,-0.755131,0.181392,-0.344663,-0.092508,0.389296,0.108530
4.918198,-0.752842,0.181392,-0.343519,-0.094034,0.383574,0.108148
4.928250,-0.751316,0.181392,-0.342756,-0.094797,0.380522,0.108148
4.938316,-0.749027,0.181392,-0.341611,-0.096704,0.376707,0.108148
4.948378,-0.747501,0.181392,-0.340848,-0.097848,0.374800,0.108148
4.958508,-0.744831,0.181392,-0.339704,-0.099374,0.372892,0.107767
4.968571,-0.743305,0.181392,-0.338560,-0.100519,0.371748,0.107767
4.978630,-0.741779,0.181392,-0.337415,-0.101663,0.370222,0.107767
4.988685,-0.739490,0.181392,-0.336271,-0.103189,0.369459,0.107385
4.998738,-0.737964,0.181392,-0.335508,-0.104334,0.369459,0.107385
5.008790,-0.735676,0.181392,-0.333982,-0.105859,0.369078,0.107004
5.018844,-0.734150,0.181392,-0.332837,-0.107004,0.369078,0.106622
5.028895,-0.731098,0.181392,-0.331312,-0.108148,0.368696,0.106241
5.038947,-0.729191,0.181392,-0.330930,-0.109293,0.367933,0.105859
5.049009,-0.726902,0.181392,-0.329786,-0.110437,0.367933,0.105478
5.059072,-0.724994,0.181392,-0.328641,-0.111200,0.367933,0.105097
5.069137,-0.722324,0.181773,-0.327497,-0.113107,0.367170,0.104715
5.079199,-0.720417,0.181773,-0.326352,-0.113870,0.366407,0.104334
5.089262,-0.717746,0.181773,-0.325208,-0.115396,0.363737,0.103952
5.099325,-0.715839,0.181773,-0.324445,-0.116159,0.361830,0.103571
5.109394,-0.713169,0.182155,-0.323301,-0.117685,0.359159,0.103189
5.119459,-0.711261,0.182155,-0.322538,-0.118830,0.356870,0.102808
5.129520,-0.708591,0.182918,-0.321012,-0.120356,0.351911,0.102808
5.139582,-0.706302,0.182918,-0.320249,-0.121118,0.347715,0.102045
5.149645,-0.703632,0.183299,-0.318723,-0.123026,0.341230,0.102045
5.159709,-0.702106,0.183299,-0.318341,-0.124552,0.337415,0.102045
5.169770,-0.699435,0.184062,-0.317197,-0.126078,0.332456,0.101663
5.179833,-0.697910,0.184443,-0.316815,-0.126459,0.329404,0.101282
5.189890,-0.695239,0.185206,-0.315671,-0.127222,0.325208,0.101282
5.199943,-0.693332,0.185588,-0.315290,-0.127985,0.323682,0.100900
5.209994,-0.691043,0.185969,-0.314145,-0.129129,0.321393,0.100519
5.220046,-0.689517,0.186351,-0.313382,-0.130274,0.320249,0.100519
5.230098,-0.687610,0.186732,-0.312238,-0.132181,0.319867,0.100137
5.240150,-0.686465,0.187114,-0.311475,-0.132944,0.319867,0.100137
5.250201,-0.684558,0.187114,-0.311093,-0.133707,0.319486,0.100137
5.260251,-0.681506,0.187495,-0.310330,-0.134852,0.318723,0.099756
5.270303,-0.679599,0.187877,-0.309186,-0.135615,0.317578,0.099374
5.280353,-0.676928,0.188640,-0.308042,-0.136759,0.316434,0.099374
5.290404,-0.675021,0.189403,-0.307279,-0.138285,0.315290,0.098993
5.300454,-0.672351,0.190166,-0.306134,-0.140574,0.313382,0.098230
5.310505,-0.670062,0.190547,-0.305753,-0.142100,0.311856,0.098230
5.320558,-0.667010,0.191691,-0.304608,-0.144388,0.308042,0.097467
5.330609,-0.665103,0.192454,-0.304227,-0.145914,0.305371,0.097086
5.340661,-0.662432,0.193980,-0.303464,-0.147440,0.300793,0.096323
5.350712,-0.660143,0.194743,-0.302701,-0.148585,0.296979,0.095941
5.360763,-0.656710,0.196651,-0.302319,-0.150492,0.292020,0.095560
5.370815,-0.654803,0.197795,-0.301556,-0.151637,0.288586,0.094797
5.380867,-0.652514,0.199321,-0.300412,-0.153925,0.285153,0.094034
5.390919,-0.650988,0.200465,-0.300031,-0.155451,0.284009,0.093652
5.400970,-0.648699,0.201610,-0.298886,-0.158122,0.281338,0.092889
5.411022,-0.647173,0.202754,-0.298123,-0.160029,0.280194,0.092126
5.421075,-0.644121,0.204662,-0.296979,-0.161936,0.278286,0.091363
5.431127,-0.642596,0.206188,-0.296597,-0.163462,0.277523,0.090600
5.441179,-0.640307,0.207713,-0.295834,-0.166133,0.276379,0.089837
5.451231,-0.638399,0.208858,-0.295453,-0.168040,0.275616,0.089075
5.461282,-0.635729,0.210384,-0.294308,-0.171092,0.274472,0.087930
5.471334,-0.634203,0.211910,-0.293545,-0.172999,0.273709,0.087167
5.481386,-0.631151,0.213436,-0.292401,-0.176432,0.272564,0.085641
5.491438,-0.629625,0.214580,-0.292020,-0.178340,0.271420,0.084878
5.501567,-0.626955,0.216106,-0.290875,-0.181392,0.270275,0.083734
5.511619,-0.625048,0.217250,-0.290112,-0.183299,0.269131,0.082589
5.521671,-0.623140,0.218395,-0.289349,-0.185588,0.267224,0.081827
5.531722,-0.620089,0.220302,-0.288205,-0.188258,0.264172,0.080301
5.541777,-0.618181,0.221447,-0.287823,-0.190166,0.261501,0.078775
5.551831,-0.615511,0.222972,-0.287060,-0.192836,0.256542,0.077249
5.561886,-0.613985,0.224117,-0.286679,-0.194362,0.253109,0.076104
5.571938,-0.610552,0.226024,-0.286297,-0.196651,0.247768,0.074960
5.581991,-0.608644,0.227550,-0.285916,-0.198177,0.244717,0.074197
5.592043,-0.606355,0.229458,-0.285916,-0.199702,0.241283,0.072671
5.602095,-0.604448,0.230602,-0.285534,-0.201228,0.239757,0.071908
5.612147,-0.602541,0.232128,-0.285534,-0.203517,0.238231,0.070764
5.622199,-0.601015,0.233654,-0.285153,-0.205043,0.237850,0.070001
5.632251,-0.599489,0.235943,-0.284771,-0.207332,0.237469,0.068856
5.642304,-0.597963,0.237087,-0.284771,-0.208858,0.237469,0.068093
5.652376,-0.595293,0.238613,-0.284009,-0.211147,0.237469,0.067330
5.662430,-0.593767,0.239757,-0.284009,-0.212673,0.236706,0.066567
5.672482,-0.591096,0.241665,-0.283627,-0.214961,0.236324,0.065805
5.682534,-0.589189,0.243191,-0.282864,-0.216487,0.236706,0.065805
5.692588,-0.586900,0.244717,-0.282483,-0.218776,0.235943,0.065042
5.702640,-0.584993,0.246242,-0.281720,-0.220684,0.235180,0.064660
5.712689,-0.582322,0.247768,-0.281338,-0.222972,0.233654,0.063897
5.722738,-0.580415,0.249676,-0.281338,-0.224498,0.232128,0.063516
5.732787,-0.578126,0.251583,-0.280575,-0.226787,0.230220,0.063134
5.742838,-0.576219,0.252728,-0.280575,-0.227932,0.228695,0.063134
5.752891,-0.573930,0.254635,-0.280575,-0.230220,0.226024,0.062371
5.762940,-0.572404,0.256542,-0.280194,-0.231746,0.223354,0.061990
5.772991,-0.570115,0.258450,-0.280194,-0.232891,0.220684,0.061608
5.783045,-0.567445,0.259976,-0.279812,-0.235180,0.215724,0.060845
5.793097,-0.566300,0.261501,-0.279812,-0.236706,0.211910,0.060464
5.803149,-0.563630,0.263790,-0.279431,-0.239376,0.206569,0.060082
5.813201,-0.562104,0.265698,-0.279431,-0.241283,0.203517,0.059701
5.823253,-0.559815,0.267987,-0.279049,-0.244335,0.198558,0.059319
5.833305,-0.557908,0.269512,-0.278668,-0.245861,0.195888,0.059319
5.843357,-0.555619,0.272183,-0.278286,-0.249294,0.192836,0.058938
5.853409,-0.554093,0.273709,-0.277905,-0.251583,0.191310,0.058556
5.863469,-0.552567,0.275616,-0.277523,-0.255016,0.190929,0.058175
5.873529,-0.551423,0.277142,-0.276761,-0.257305,0.190929,0.058175
5.883591,-0.549516,0.279812,-0.275616,-0.260739,0.190929,0.057794
5.893654,-0.547990,0.281338,-0.275235,-0.263027,0.191310,0.057794
5.903715,-0.545701,0.283246,-0.274853,-0.265698,0.191310,0.057412
5.913768,-0.544175,0.284771,-0.274472,-0.267605,0.190547,0.057031
5.923818,-0.541505,0.287823,-0.274090,-0.270275,0.189784,0.056649
5.933870,-0.539979,0.289349,-0.274090,-0.271801,0.189784,0.056649
5.943920,-0.537690,0.292020,-0.274090,-0.273709,0.189403,0.056649
5.953971,-0.536164,0.294308,-0.274090,-0.275616,0.188640,0.056268
5.964026,-0.533875,0.296597,-0.274090,-0.277905,0.188640,0.056268
5.974076,-0.531968,0.297742,-0.274090,-0.279049,0.187877,0.055886
5.984126,-0.529679,0.300793,-0.274090,-0.281720,0.185969,0.055886
5.994176,-0.528534,0.302701,-0.274090,-0.283246,0.184825,0.055886
6.004227,-0.526246,0.304990,-0.274090,-0.285534,0.184443,0.055505
6.014278,-0.524720,0.306516,-0.274090,-0.287060,0.183299,0.055505
6.024328,-0.522812,0.309186,-0.274090,-0.289731,0.180629,0.055123
6.034378,-0.520905,0.310712,-0.274090,-0.290875,0.177958,0.055123
6.044428,-0.519379,0.312619,-0.274090,-0.292401,0.174907,0.054742
6.054477,-0.517090,0.314908,-0.274090,-0.294690,0.168803,0.054360
6.064529,-0.515564,0.316815,-0.274090,-0.296216,0.164988,0.054360
6.074579,-0.513657,0.319104,-0.274090,-0.298505,0.160410,0.053979
6.084642,-0.512131,0.321012,-0.274090,-0.300412,0.157740,0.053597
6.094703,-0.510224,0.323682,-0.274090,-0.303082,0.153925,0.053216
6.104764,-0.509079,0.325208,-0.274090,-0.304608,0.151255,0.052834
6.114818,-0.506790,0.327878,-0.274090,-0.307279,0.148203,0.052453
6.124880,-0.506027,0.329786,-0.274090,-0.308804,0.146677,0.052453
6.134940,-0.504120,0.332837,-0.274090,-0.311475,0.145151,0.052071
6.144996,-0.503357,0.333982,-0.274090,-0.313001,0.144770,0.051690
6.155049,-0.501831,0.336652,-0.274090,-0.316052,0.144770,0.051308
6.165104,-0.500687,0.338560,-0.274090,-0.317960,0.144388,0.051308
6.175154,-0.499161,0.341230,-0.274090,-0.321012,0.144388,0.050927
6.185205,-0.497635,0.343519,-0.274090,-0.322919,0.144388,0.050546
6.195258,-0.495346,0.346189,-0.274090,-0.326352,0.143626,0.050164
6.205308,-0.493820,0.347715,-0.274090,-0.328260,0.142481,0.049783
6.215361,-0.491531,0.350385,-0.274090,-0.330930,0.140955,0.049401
6.225413,-0.490387,0.352674,-0.274090,-0.333219,0.140574,0.049401
6.235467,-0.488479,0.355726,-0.274090,-0.336271,0.140574,0.049020
6.245519,-0.487335,0.357633,-0.274090,-0.338178,0.140192,0.048638
6.255581,-0.485046,0.360304,-0.274090,-0.341230,0.140192,0.048638
6.265642,-0.483139,0.362211,-0.274090,-0.343137,0.139429,0.048257
6.275706,-0.480850,0.364881,-0.274090,-0.345426,0.136759,0.048257
6.285767,-0.479706,0.366789,-0.274090,-0.347333,0.134470,0.047494
6.295839,-0.478561,0.368696,-0.274090,-0.348859,0.132944,0.047494
6.305891,-0.476654,0.370985,-0.274090,-0.350767,0.131037,0.047112
6.315944,-0.475509,0.372892,-0.274090,-0.352293,0.129129,0.046731
6.325996,-0.473602,0.375563,-0.274090,-0.354582,0.125315,0.045968
6.336058,-0.472457,0.377470,-0.274090,-0.355726,0.121881,0.045586
6.346111,-0.469787,0.380903,-0.274090,-0.357633,0.116541,0.044823
6.356163,-0.468643,0.382429,-0.274090,-0.358778,0.113107,0.044060
6.366216,-0.467117,0.384718,-0.274090,-0.361067,0.110056,0.043297
6.376266,-0.465972,0.386625,-0.274090,-0.362211,0.108911,0.042153
6.386316,-0.465209,0.389677,-0.274090,-0.363737,0.108148,0.041390
6.396367,-0.464446,0.391203,-0.274090,-0.364881,0.108530,0.040627
6.406418,-0.463684,0.393874,-0.274090,-0.366789,0.108530,0.039864
6.416471,-0.462921,0.396162,-0.274090,-0.367933,0.108530,0.039101
6.426521,-0.461776,0.398451,-0.274090,-0.369459,0.108530,0.037575
6.436571,-0.460632,0.400359,-0.274090,-0.370603,0.108530,0.036812
6.446625,-0.458724,0.403029,-0.274090,-0.372511,0.107767,0.035286
6.456674,-0.457198,0.405318,-0.274090,-0.373655,0.107385,0.033761
6.466726,-0.455673,0.407225,-0.274090,-0.375563,0.107385,0.032616
6.476777,-0.454528,0.409133,-0.274090,-0.376707,0.107385,0.031853
6.486829,-0.453002,0.411803,-0.274090,-0.378233,0.107767,0.030327
6.496880,-0.451858,0.413329,-0.274090,-0.379377,0.107385,0.029564
6.506943,-0.450713,0.416381,-0.274090,-0.381285,0.107385,0.028420
6.516998,-0.449187,0.418669,-0.274090,-0.382429,0.107385,0.028038
6.527059,-0.447662,0.420958,-0.274090,-0.384337,0.107004,0.026513
6.537122,-0.446136,0.422103,-0.274090,-0.385863,0.106622,0.026131
6.547176,-0.444610,0.425154,-0.274090,-0.388151,0.103952,0.025368
6.557227,-0.443465,0.426680,-0.274090,-0.389296,0.102426,0.025368
6.567280,-0.442321,0.428206,-0.274090,-0.390440,0.101663,0.024605
6.577332,-0.441176,0.431258,-0.274090,-0.391966,0.100900,0.024224
6.587387,-0.440414,0.432784,-0.274472,-0.393492,0.100519,0.023842
6.597440,-0.438888,0.435073,-0.274472,-0.395399,0.099756,0.023842
6.607493,-0.438506,0.436599,-0.274472,-0.396544,0.098611,0.023461
6.617545,-0.437362,0.439651,-0.274472,-0.398833,0.096704,0.023079
6.627606,-0.436217,0.441176,-0.274472,-0.400740,0.095560,0.023079
6.637667,-0.434691,0.443847,-0.274472,-0.402647,0.093271,0.023079
6.647729,-0.433547,0.445754,-0.274472,-0.403410,0.090982,0.022698
6.657791,-0.431640,0.448043,-0.274472,-0.405318,0.087549,0.022698
6.667844,-0.430495,0.449569,-0.274472,-0.406462,0.085641,0.022698
6.677897,-0.429351,0.451858,-0.274472,-0.408370,0.082971,0.022316
6.687948,-0.428588,0.454147,-0.274472,-0.409133,0.081064,0.022316
6.698000,-0.427062,0.456435,-0.274472,-0.410658,0.078012,0.022316
6.708063,-0.426680,0.457580,-0.274472,-0.411803,0.075341,0.022316
6.718131,-0.425536,0.459869,-0.274472,-0.413710,0.071527,0.021935
6.728199,-0.424773,0.461776,-0.274472,-0.414855,0.068856,0.022316
6.738257,-0.423629,0.464065,-0.274472,-0.416381,0.065423,0.021935
6.748319,-0.422866,0.465591,-0.274472,-0.417144,0.064279,0.021935
6.758382,-0.421721,0.468261,-0.274472,-0.418669,0.063134,0.021553
6.768439,-0.420958,0.469787,-0.274472,-0.419814,0.062753,0.021553
6.778492,-0.419432,0.471695,-0.274853,-0.420958,0.063134,0.021553
6.788555,-0.418669,0.473220,-0.274853,-0.421721,0.063134,0.021172
6.798618,-0.417525,0.475509,-0.274853,-0.422866,0.063516,0.021172
6.808680,-0.417144,0.477417,-0.274853,-0.423247,0.064279,0.020790
6.818742,-0.415999,0.479324,-0.275235,-0.424010,0.065042,0.020409
6.828803,-0.415236,0.480850,-0.275235,-0.425154,0.065042,0.020790
6.838929,-0.414092,0.483520,-0.275235,-0.425917,0.064660,0.020409
6.848989,-0.413710,0.484665,-0.275616,-0.427062,0.064279,0.020027
6.859048,-0.413329,0.486191,-0.275616,-0.427825,0.063516,0.020027
6.869109,-0.412566,0.488098,-0.275616,-0.428588,0.063134,0.020027
6.879170,-0.411803,0.490005,-0.275616,-0.428969,0.063134,0.019646
6.889232,-0.410658,0.492676,-0.275616,-0.430114,0.063516,0.019265
6.899296,-0.409895,0.493439,-0.275616,-0.430877,0.063134,0.019265
6.909359,-0.407988,0.495727,-0.275616,-0.432021,0.062753,0.018883
6.919421,-0.406844,0.497253,-0.275616,-0.433165,0.061990,0.018883
6.929482,-0.405699,0.499542,-0.275616,-0.433928,0.061608,0.018883
6.939541,-0.404936,0.500687,-0.275616,-0.434310,0.061608,0.018502
6.949604,-0.404555,0.502976,-0.275616,-0.434310,0.061990,0.018502
6.959663,-0.404173,0.504501,-0.275616,-0.434310,0.061990,0.018120
6.969725,-0.403410,0.506409,-0.275998,-0.434310,0.061990,0.018120
6.979784,-0.403029,0.507553,-0.275998,-0.434310,0.061608,0.017739
6.989847,-0.402647,0.509079,-0.275998,-0.434310,0.060845,0.017739
6.999911,-0.401884,0.510605,-0.276379,-0.434310,0.059701,0.017739
7.009973,-0.401503,0.512894,-0.276379,-0.434310,0.058556,0.017357
7.020036,-0.401122,0.514038,-0.275998,-0.434310,0.058175,0.016976
7.030098,-0.400359,0.515564,-0.276379,-0.434310,0.057794,0.016976
7.040158,-0.399596,0.517472,-0.276379,-0.434310,0.057794,0.016594
7.050219,-0.398451,0.520142,-0.276379,-0.434310,0.057412,0.016594
7.060279,-0.397688,0.521286,-0.276761,-0.434310,0.057412,0.016213
7.070341,-0.396162,0.522431,-0.277142,-0.434310,0.056649,0.016213
7.080401,-0.395018,0.523957,-0.277523,-0.434310,0.055886,0.015831
7.090464,-0.393874,0.525864,-0.277905,-0.434310,0.055123,0.015831
7.100528,-0.392729,0.527390,-0.277905,-0.434310,0.055123,0.015831
7.110587,-0.391966,0.529679,-0.278286,-0.434310,0.055505,0.015450
7.120639,-0.391585,0.530823,-0.278668,-0.434310,0.055505,0.015450
7.130717,-0.391203,0.532731,-0.279812,-0.434310,0.055123,0.015450
7.140781,-0.390822,0.533875,-0.280575,-0.434310,0.055123,0.015068
7.150842,-0.390440,0.535019,-0.280957,-0.434310,0.055123,0.015068
7.160904,-0.390440,0.536545,-0.282483,-0.434310,0.053979,0.015068
7.170964,-0.390059,0.537308,-0.283246,-0.434310,0.053216,0.015068
7.181016,-0.390059,0.539216,-0.284771,-0.434310,0.051690,0.015068
7.191076,-0.389677,0.540742,-0.285534,-0.434310,0.050546,0.015068
7.201138,-0.388914,0.543412,-0.287442,-0.434310,0.048257,0.015068
7.211200,-0.388151,0.544556,-0.288586,-0.434310,0.047112,0.014687
7.221263,-0.387388,0.546082,-0.290112,-0.434310,0.044060,0.014687
7.231324,-0.386625,0.547227,-0.290875,-0.434310,0.041390,0.014687
7.241384,-0.385481,0.549134,-0.292782,-0.434310,0.037194,0.014687
7.251446,-0.384337,0.549897,-0.293927,-0.434310,0.034524,0.014687
7.261510,-0.382429,0.550660,-0.295453,-0.434310,0.030709,0.014687
7.271567,-0.381666,0.551804,-0.296979,-0.434310,0.028801,0.014687
7.281628,-0.380522,0.553330,-0.298886,-0.434310,0.026513,0.014305
7.291689,-0.380140,0.554856,-0.300031,-0.434310,0.025750,0.014305
7.301742,-0.380140,0.556764,-0.301556,-0.434310,0.025368,0.014305
7.311792,-0.380140,0.557908,-0.302701,-0.434310,0.025368,0.014305
7.321844,-0.380140,0.558671,-0.304608,-0.434310,0.025368,0.014305
7.331904,-0.380140,0.559052,-0.305753,-0.434310,0.025368,0.014305
7.341971,-0.380140,0.560197,-0.307279,-0.434310,0.025368,0.013924
7.352033,-0.380140,0.560960,-0.308042,-0.434310,0.025368,0.013924
7.362100,-0.380140,0.562104,-0.309949,-0.434310,0.024605,0.013924
7.372162,-0.379759,0.563249,-0.311475,-0.434310,0.024605,0.013924
7.382221,-0.379759,0.564393,-0.312619,-0.434310,0.024605,0.013924
7.392274,-0.379377,0.565156,-0.313382,-0.434310,0.024224,0.013924
7.402327,-0.378996,0.566682,-0.315290,-0.434310,0.023842,0.013924
7.412377,-0.378996,0.567826,-0.316434,-0.434310,0.023461,0.013542
7.422495,-0.378233,0.569734,-0.318341,-0.434310,0.022698,0.013542
7.432546,-0.377852,0.570497,-0.319486,-0.434310,0.023079,0.013542
7.442605,-0.377470,0.571260,-0.320249,-0.434310,0.022698,0.013542
7.452667,-0.376707,0.572023,-0.321775,-0.434691,0.022316,0.013542
7.462721,-0.376326,0.572404,-0.323301,-0.435073,0.022316,0.013161
7.472774,-0.375563,0.572786,-0.325208,-0.435454,0.022316,0.013161
7.482827,-0.375181,0.573167,-0.325971,-0.435454,0.022316,0.013161
7.492891,-0.374037,0.574311,-0.327497,-0.435454,0.022316,0.013161
7.502956,-0.373274,0.575074,-0.328641,-0.436217,0.022316,0.013161
7.513009,-0.372129,0.576600,-0.330167,-0.436599,0.021553,0.012779
7.523060,-0.370985,0.577745,-0.330930,-0.436599,0.021553,0.012779
7.533112,-0.369841,0.579271,-0.332837,-0.436980,0.021553,0.012779
7.543174,-0.369078,0.580034,-0.333982,-0.437362,0.021553,0.012779
7.553237,-0.368696,0.580797,-0.335126,-0.438125,0.021935,0.012398
7.563290,-0.368315,0.581178,-0.336652,-0.438125,0.022316,0.012398
7.573345,-0.367933,0.581941,-0.338178,-0.438125,0.021935,0.012398
7.583405,-0.367552,0.582704,-0.339322,-0.438125,0.021935,0.012398
7.593468,-0.367552,0.584230,-0.341230,-0.438506,0.021935,0.012398
7.603532,-0.367552,0.584993,-0.342374,-0.438506,0.021553,0.012016
7.613595,-0.367552,0.585756,-0.343900,-0.438125,0.021553,0.012016
7.623657,-0.367552,0.586519,-0.344663,-0.438125,0.020790,0.012016
7.633720,-0.367552,0.586900,-0.346189,-0.438506,0.020027,0.012016
7.643785,-0.367552,0.587282,-0.347333,-0.438125,0.020027,0.012016
7.653841,-0.367552,0.588045,-0.349241,-0.438506,0.020027,0.011635
7.663897,-0.367170,0.588808,-0.350004,-0.438125,0.020027,0.012016
7.673952,-0.367170,0.589570,-0.351148,-0.438125,0.020027,0.011635
7.684014,-0.366789,0.590715,-0.352293,-0.438125,0.020027,0.011635
7.694076,-0.366789,0.591859,-0.353819,-0.438125,0.020027,0.011635
7.704139,-0.366789,0.592622,-0.355344,-0.438125,0.020027,0.011635
7.714201,-0.366789,0.593004,-0.356107,-0.438125,0.020027,0.011635
7.724263,-0.366789,0.593385,-0.357633,-0.438125,0.020027,0.011635
7.734317,-0.366789,0.593385,-0.358396,-0.438125,0.020027,0.011635
7.744381,-0.366407,0.594530,-0.360304,-0.438125,0.020027,0.011254
7.754444,-0.366407,0.594911,-0.361830,-0.438125,0.020027,0.011635
7.764507,-0.366407,0.595293,-0.362974,-0.438125,0.020027,0.011635
7.774571,-0.366407,0.595674,-0.363355,-0.438125,0.020027,0.011254
7.784635,-0.366407,0.596437,-0.364881,-0.438125,0.020027,0.011254
7.794699,-0.366407,0.596818,-0.366026,-0.438125,0.020027,0.011254
7.804761,-0.366026,0.597200,-0.367552,-0.438125,0.019646,0.011254
7.814814,-0.365644,0.597581,-0.368315,-0.438125,0.019646,0.011254
7.824878,-0.365644,0.597963,-0.369841,-0.438125,0.019646,0.011254
7.834943,-0.365263,0.598726,-0.370603,-0.438125,0.019265,0.011254
7.845006,-0.364881,0.599489,-0.371748,-0.438125,0.018502,0.011254
7.855069,-0.364500,0.599489,-0.372892,-0.438125,0.018502,0.011254
7.865132,-0.364118,0.600252,-0.374800,-0.438125,0.018502,0.011254
7.875197,-0.363737,0.600633,-0.375563,-0.438125,0.018502,0.011254
7.885258,-0.363355,0.601015,-0.377089,-0.438125,0.018502,0.011254
7.895321,-0.362974,0.601396,-0.377852,-0.438125,0.018502,0.011254
7.905384,-0.362593,0.601778,-0.379377,-0.438125,0.018502,0.010872
7.915449,-0.362211,0.601778,-0.380522,-0.438125,0.018502,0.010872
7.925511,-0.361830,0.602159,-0.382048,-0.438125,0.018883,0.010872
7.935574,-0.361448,0.602159,-0.382811,-0.438125,0.018502,0.010872
7.945637,-0.360685,0.602541,-0.384718,-0.438125,0.018502,0.010872
7.955702,-0.360304,0.602922,-0.385863,-0.438125,0.018120,0.010872
7.965763,-0.359541,0.603685,-0.387388,-0.438125,0.017739,0.010872
7.975826,-0.358778,0.604448,-0.388533,-0.438125,0.017357,0.010872
7.985842,-0.357633,0.605211,-0.390440,-0.438125,0.016976,0.010872
7.995906,-0.357252,0.605592,-0.391585,-0.438125,0.016594,0.010872
8.006014,-0.356870,0.605974,-0.393492,-0.438125,0.016594,0.010872
8.016066,-0.356870,0.606355,-0.394636,-0.438125,0.017357,0.010872
8.026118,-0.356870,0.606737,-0.395399,-0.438125,0.017357,0.010872
8.036170,-0.356870,0.607118,-0.397307,-0.438125,0.017357,0.010872
8.046222,-0.356870,0.607500,-0.398833,-0.438125,0.017357,0.010872
8.056274,-0.356870,0.607500,-0.400359,-0.437743,0.016976,0.010872
8.066326,-0.356870,0.607881,-0.401122,-0.437743,0.016976,0.010872
8.076378,-0.356870,0.607881,-0.402266,-0.437743,0.016594,0.010872
8.086430,-0.356870,0.607881,-0.403410,-0.437743,0.015831,0.010872
8.096482,-0.356870,0.607881,-0.405318,-0.437743,0.015450,0.010872
8.106537,-0.356870,0.607881,-0.406081,-0.437743,0.015068,0.010872
8.116590,-0.356870,0.607881,-0.407225,-0.437743,0.015068,0.010491
8.126643,-0.356870,0.607881,-0.407988,-0.437743,0.015068,0.010872
8.136695,-0.356870,0.607881,-0.409514,-0.437743,0.015068,0.010491
8.146747,-0.356870,0.607881,-0.411040,-0.437743,0.015068,0.010872
8.156799,-0.356870,0.607881,-0.412566,-0.437743,0.015068,0.010872
8.166839,-0.356870,0.607881,-0.413710,-0.437362,0.015068,0.010872
8.176895,-0.356870,0.607881,-0.415236,-0.437362,0.015068,0.010491
8.186950,-0.356870,0.607881,-0.416381,-0.437362,0.015068,0.010872
8.197012,-0.356870,0.607881,-0.418288,-0.436980,0.015068,0.010491
8.207075,-0.356870,0.607881,-0.419432,-0.436599,0.015068,0.010491
8.217130,-0.356870,0.607881,-0.421340,-0.435073,0.015450,0.010491
8.227194,-0.356870,0.607881,-0.422866,-0.433928,0.015068,0.010872
8.237259,-0.356870,0.607881,-0.424773,-0.431640,0.015068,0.010491
8.247312,-0.356870,0.607881,-0.426299,-0.430495,0.015450,0.010491
8.257366,-0.356870,0.607881,-0.428206,-0.428588,0.015068,0.010872
8.267418,-0.356870,0.607881,-0.429351,-0.427062,0.015068,0.010491
8.277501,-0.356870,0.607881,-0.430877,-0.425154,0.015068,0.010872
8.287563,-0.356870,0.607881,-0.432021,-0.423629,0.015068,0.010872
8.297616,-0.356870,0.607881,-0.432784,-0.422484,0.015450,0.010872
8.307670,-0.356870,0.607500,-0.434691,-0.421340,0.015068,0.010872
8.317724,-0.356870,0.607500,-0.435836,-0.419814,0.015068,0.010872
8.327778,-0.356870,0.607500,-0.436980,-0.417906,0.015068,0.010872
8.337831,-0.356870,0.607500,-0.438125,-0.416762,0.015450,0.010872
8.347855,-0.356870,0.607500,-0.439269,-0.414855,0.015068,0.010491
8.357918,-0.356870,0.607500,-0.440414,-0.413710,0.015068,0.010491
8.367981,-0.356870,0.607500,-0.441939,-0.412184,0.015450,0.010491
8.378041,-0.356870,0.607500,-0.443084,-0.410658,0.015831,0.010872
8.388105,-0.356870,0.607500,-0.443847,-0.408751,0.015450,0.010872
8.398160,-0.356870,0.607881,-0.444610,-0.407607,0.015450,0.010872
8.408221,-0.356870,0.607500,-0.446136,-0.406081,0.015450,0.010872
8.418283,-0.356870,0.607500,-0.446899,-0.405318,0.015450,0.010872
8.428345,-0.357252,0.607500,-0.448425,-0.403410,0.015450,0.010872
8.438406,-0.357252,0.607500,-0.449187,-0.402266,0.015450,0.010872
8.448466,-0.357252,0.607500,-0.450332,-0.399977,0.015450,0.010872
8.458527,-0.357252,0.607500,-0.451095,-0.398833,0.015450,0.010491
8.468588,-0.357252,0.607500,-0.452621,-0.396925,0.015450,0.010872
8.478652,-0.357252,0.607500,-0.453384,-0.396162,0.015450,0.010872
8.488711,-0.357252,0.607500,-0.454910,-0.394255,0.015831,0.010872
8.498771,-0.357252,0.607500,-0.455673,-0.392729,0.015831,0.010872
8.508832,-0.357252,0.607500,-0.456817,-0.391203,0.015831,0.010872
8.518893,-0.357252,0.607500,-0.457580,-0.390059,0.015831,0.010872
8.528954,-0.357252,0.607500,-0.459106,-0.388533,0.015831,0.010872
8.539008,-0.357633,0.607500,-0.459869,-0.387388,0.015831,0.010872
8.549069,-0.357633,0.607500,-0.461395,-0.385863,0.015831,0.010872
8.559129,-0.357633,0.607500,-0.462158,-0.385100,0.015831,0.010872
8.569250,-0.357633,0.607500,-0.463302,-0.383574,0.015831,0.010872
8.579313,-0.357633,0.607500,-0.464065,-0.382429,0.015831,0.010872
8.589374,-0.357633,0.607500,-0.464828,-0.380903,0.015831,0.010872
8.599437,-0.357633,0.607118,-0.465972,-0.378996,0.015831,0.010872
8.609501,-0.357633,0.606737,-0.466735,-0.377852,0.015831,0.010872
8.619561,-0.357633,0.606355,-0.467880,-0.375944,0.015831,0.010872
8.629623,-0.357633,0.606355,-0.468643,-0.374800,0.016213,0.010872
8.639688,-0.357633,0.605974,-0.469787,-0.372892,0.016213,0.010872
8.649747,-0.357633,0.605974,-0.470550,-0.371366,0.016213,0.010872
8.659808,-0.357633,0.605592,-0.472076,-0.369459,0.015831,0.010872
8.669871,-0.357633,0.605592,-0.473220,-0.367933,0.016213,0.010872
8.679932,-0.358015,0.605592,-0.474365,-0.365644,0.016213,0.011254
8.689992,-0.358015,0.605592,-0.475509,-0.364118,0.016213,0.011254
8.700054,-0.358015,0.605592,-0.477035,-0.361448,0.016213,0.011254
8.710113,-0.358015,0.605592,-0.477798,-0.359922,0.016213,0.011254
8.720177,-0.358015,0.605211,-0.479324,-0.358015,0.016594,0.011254
8.730238,-0.358396,0.605211,-0.480468,-0.356489,0.016976,0.011254
8.740300,-0.358396,0.605211,-0.481231,-0.354582,0.017739,0.011254
8.750362,-0.358396,0.605211,-0.481994,-0.353056,0.018120,0.011254
8.760425,-0.358396,0.605211,-0.483520,-0.351530,0.018502,0.011254
8.770487,-0.358396,0.605211,-0.484283,-0.350385,0.019265,0.011254
8.780540,-0.358396,0.604829,-0.485809,-0.348096,0.020027,0.011254
8.790602,-0.358396,0.604829,-0.486954,-0.346189,0.020409,0.011254
8.800661,-0.358778,0.604448,-0.487716,-0.343900,0.021553,0.011635
8.810720,-0.358778,0.604448,-0.488479,-0.342374,0.021935,0.011254
8.820782,-0.358778,0.604067,-0.490005,-0.340848,0.021935,0.011254
8.830841,-0.358778,0.603685,-0.490387,-0.339704,0.021935,0.011254
8.840900,-0.358778,0.602922,-0.491531,-0.338178,0.022316,0.011254
8.850960,-0.358778,0.602541,-0.492294,-0.337034,0.022698,0.011635
8.861019,-0.359541,0.601396,-0.493439,-0.334745,0.022698,0.011635
8.871080,-0.359922,0.601015,-0.493820,-0.333219,0.022316,0.011635
8.881140,-0.359922,0.600633,-0.494202,-0.331693,0.022698,0.011635
8.891201,-0.360304,0.599489,-0.495346,-0.329786,0.022316,0.011635
8.901265,-0.360685,0.598344,-0.496109,-0.328260,0.022316,0.011635
8.911325,-0.361830,0.596818,-0.496872,-0.326352,0.022698,0.011635
8.921388,-0.362974,0.596056,-0.497253,-0.324826,0.022698,0.011635
8.931447,-0.364500,0.593767,-0.498398,-0.322919,0.022698,0.012016
8.941508,-0.364881,0.593004,-0.498779,-0.321393,0.023079,0.012016
8.951569,-0.366026,0.591859,-0.499924,-0.318723,0.023842,0.012016
8.961630,-0.367170,0.591478,-0.500687,-0.317578,0.024224,0.012016
8.971690,-0.369078,0.590715,-0.501831,-0.315290,0.024987,0.012016
8.981751,-0.369841,0.590333,-0.502594,-0.313764,0.025368,0.012016
8.991810,-0.370985,0.589952,-0.504120,-0.312619,0.025368,0.012016
9.001842,-0.371366,0.589570,-0.505264,-0.311856,0.025368,0.012016
9.011903,-0.371366,0.588808,-0.506409,-0.310330,0.024605,0.012016
9.021966,-0.371366,0.587663,-0.507172,-0.309186,0.024605,0.012398
9.032029,-0.371748,0.585756,-0.508698,-0.307660,0.024987,0.012016
9.042089,-0.372129,0.584230,-0.509461,-0.307279,0.024987,0.012016
9.052150,-0.372129,0.583467,-0.510986,-0.305753,0.025368,0.012398
9.062210,-0.372511,0.583085,-0.511749,-0.304608,0.025368,0.012398
9.072271,-0.372129,0.582322,-0.512894,-0.302701,0.026131,0.012398
9.082331,-0.372129,0.581559,-0.514038,-0.301175,0.027276,0.012398
9.092394,-0.372511,0.580034,-0.515564,-0.298886,0.028420,0.012398
9.102459,-0.372511,0.579271,-0.516327,-0.297360,0.029183,0.012779
9.112523,-0.372892,0.578508,-0.517472,-0.295071,0.029946,0.012779
9.122576,-0.372892,0.578126,-0.518235,-0.293545,0.030327,0.012779
9.132637,-0.373274,0.577363,-0.519379,-0.291638,0.030327,0.012779
9.142697,-0.374037,0.576982,-0.520142,-0.290494,0.030327,0.012779
9.152761,-0.374800,0.576600,-0.521286,-0.288586,0.030709,0.013161
9.162815,-0.375181,0.576219,-0.522049,-0.287060,0.031090,0.012779
9.172879,-0.375944,0.575456,-0.523194,-0.285153,0.031090,0.013161
9.182934,-0.377470,0.574693,-0.524338,-0.282864,0.031472,0.013161
9.192999,-0.378614,0.573167,-0.525101,-0.280957,0.031853,0.013161
9.203052,-0.380903,0.570878,-0.525864,-0.279049,0.031853,0.013542
9.213114,-0.382048,0.568971,-0.526627,-0.277905,0.031853,0.013542
9.223177,-0.383955,0.567826,-0.527390,-0.275998,0.031853,0.013542
9.233238,-0.384718,0.567063,-0.527771,-0.274472,0.031853,0.013542
9.243301,-0.385481,0.566682,-0.528534,-0.272946,0.031472,0.013924
9.253360,-0.385863,0.566300,-0.528916,-0.271801,0.031472,0.013924
9.263422,-0.387007,0.565537,-0.529679,-0.269512,0.031853,0.013924
9.273485,-0.387770,0.565156,-0.530060,-0.267987,0.032235,0.013924
9.283539,-0.388914,0.564393,-0.530823,-0.265316,0.032616,0.013924
9.293599,-0.389677,0.563630,-0.531205,-0.263790,0.032998,0.014305
9.303663,-0.391203,0.562486,-0.531968,-0.261883,0.034524,0.014305
9.313720,-0.391966,0.561723,-0.532349,-0.260739,0.035286,0.014305
9.323783,-0.393874,0.560197,-0.532731,-0.259213,0.036431,0.014687
9.333843,-0.395018,0.559052,-0.533112,-0.258068,0.036812,0.014687
9.343905,-0.396162,0.556382,-0.533494,-0.256161,0.036812,0.014687
9.353964,-0.396544,0.555238,-0.533494,-0.254635,0.036812,0.014687
9.364026,-0.397307,0.554475,-0.533875,-0.252346,0.036431,0.014687
9.374086,-0.398070,0.554475,-0.534257,-0.251202,0.036812,0.015068
9.384147,-0.398833,0.554093,-0.535401,-0.248913,0.036812,0.015068
9.394207,-0.399596,0.553712,-0.536164,-0.247387,0.037575,0.015068
9.404275,-0.400359,0.552567,-0.536927,-0.245098,0.038338,0.015450
9.414337,-0.401122,0.552186,-0.537690,-0.243954,0.039101,0.015068
9.424400,-0.402266,0.551041,-0.538453,-0.242046,0.040627,0.015068
9.434460,-0.403410,0.549897,-0.539216,-0.241283,0.041009,0.015450
9.444520,-0.404936,0.548371,-0.539979,-0.240520,0.042535,0.015450
9.454581,-0.406462,0.547227,-0.539979,-0.239757,0.043679,0.015831
9.464639,-0.407607,0.546082,-0.539979,-0.238994,0.045205,0.015450
9.474692,-0.409133,0.543793,-0.540360,-0.237469,0.047875,0.015831
9.484745,-0.409514,0.542649,-0.540742,-0.236324,0.049020,0.015831
9.494794,-0.410658,0.541505,-0.541505,-0.234417,0.051308,0.016213
9.504846,-0.411421,0.541123,-0.541886,-0.233272,0.052834,0.015831
9.514899,-0.412947,0.540742,-0.542267,-0.230602,0.056649,0.016213
9.524953,-0.413710,0.540360,-0.542649,-0.229076,0.060082,0.016213
9.535014,-0.414855,0.539597,-0.543793,-0.227550,0.065423,0.016213
9.545074,-0.415999,0.538453,-0.544175,-0.226024,0.068856,0.016594
9.555136,-0.417906,0.536927,-0.544938,-0.224498,0.073053,0.016594
9.565192,-0.419051,0.535401,-0.545319,-0.223354,0.075341,0.016594
9.575251,-0.420577,0.533494,-0.546464,-0.221447,0.076867,0.016976
9.585306,-0.421340,0.531968,-0.546464,-0.219921,0.076867,0.016976
9.595360,-0.422103,0.530442,-0.546845,-0.217632,0.076486,0.017357
9.605413,-0.422484,0.529679,-0.547608,-0.216106,0.076104,0.017739
9.615465,-0.423247,0.528153,-0.548371,-0.213817,0.076104,0.017739
9.625517,-0.423629,0.527390,-0.548753,-0.211910,0.076104,0.018120
9.635581,-0.425154,0.525483,-0.549516,-0.209621,0.076104,0.018502
9.645645,-0.426299,0.524720,-0.550278,-0.208476,0.076486,0.018502
9.655710,-0.427825,0.522812,-0.551041,-0.206569,0.076867,0.018883
9.665763,-0.428969,0.521668,-0.551423,-0.205425,0.077249,0.019265
9.675826,-0.430877,0.519760,-0.552186,-0.203517,0.077630,0.019265
9.685843,-0.432403,0.518616,-0.552567,-0.201991,0.077630,0.019646
9.695899,-0.433928,0.517853,-0.552567,-0.200084,0.077630,0.019646
9.705962,-0.435073,0.517090,-0.552567,-0.199321,0.077630,0.019646
9.716024,-0.436217,0.515183,-0.552567,-0.197414,0.077630,0.020027
9.726089,-0.437743,0.513275,-0.552567,-0.196269,0.078012,0.020409
9.736144,-0.438888,0.511749,-0.552567,-0.195125,0.078012,0.020409
9.746201,-0.440795,0.509842,-0.552567,-0.193980,0.078775,0.020790
9.756268,-0.441939,0.508698,-0.552567,-0.192836,0.079919,0.020790
9.766334,-0.444610,0.506790,-0.552567,-0.190929,0.082589,0.021172
9.776401,-0.445754,0.506027,-0.552567,-0.189784,0.084497,0.021553
9.786464,-0.446899,0.504883,-0.552949,-0.187877,0.086786,0.021935
9.796525,-0.447662,0.504120,-0.552949,-0.186732,0.087930,0.021935
9.806588,-0.449187,0.502976,-0.553330,-0.184825,0.089456,0.022316
9.816651,-0.450332,0.502213,-0.553330,-0.183299,0.090982,0.022698
9.826712,-0.451858,0.501068,-0.554093,-0.181392,0.092889,0.022698
9.836773,-0.453002,0.499924,-0.554475,-0.179866,0.094415,0.023079
9.846833,-0.455291,0.498398,-0.554856,-0.177958,0.097848,0.023079
9.856894,-0.456817,0.497635,-0.554856,-0.176814,0.100519,0.023079
9.866954,-0.458724,0.496109,-0.555238,-0.174907,0.104715,0.023079
9.877015,-0.459869,0.495346,-0.555238,-0.173762,0.108530,0.023461
9.887075,-0.461395,0.493820,-0.555238,-0.171855,0.112726,0.023461
9.897136,-0.462539,0.492676,-0.555619,-0.170710,0.115015,0.023842
9.907197,-0.464065,0.491150,-0.555619,-0.168803,0.118067,0.023842
9.917260,-0.465209,0.490387,-0.556001,-0.167659,0.119974,0.023842
9.927321,-0.467117,0.489242,-0.556382,-0.165751,0.121500,0.024224
9.937381,-0.468261,0.488098,-0.556382,-0.164988,0.122263,0.024224
9.947441,-0.469787,0.486954,-0.557145,-0.163844,0.122644,0.024605
9.957502,-0.470932,0.485809,-0.557527,-0.163081,0.122644,0.024605
9.967566,-0.472457,0.484283,-0.557908,-0.162318,0.122263,0.024605
9.977630,-0.473220,0.483520,-0.557908,-0.162318,0.121500,0.024605
9.987691,-0.475128,0.481994,-0.557908,-0.161555,0.121118,0.024987
9.997753,-0.476272,0.480850,-0.557908,-0.161173,0.121500,0.024987
10.007816,-0.478561,0.478943,-0.558289,-0.160029,0.121881,0.024987
10.017877,-0.480087,0.478180,-0.558289,-0.159648,0.122263,0.025368
10.027940,-0.481994,0.477035,-0.558671,-0.158503,0.123026,0.025368
10.038000,-0.483902,0.475509,-0.559815,-0.157359,0.123789,0.025750
10.048062,-0.484665,0.474365,-0.560578,-0.156596,0.123789,0.025750
10.058123,-0.486572,0.472839,-0.560960,-0.155833,0.123789,0.026131
10.068184,-0.487716,0.471695,-0.560960,-0.154688,0.124170,0.026131
10.078244,-0.489624,0.469406,-0.561341,-0.153544,0.124933,0.026513
10.088305,-0.490768,0.468643,-0.561341,-0.152781,0.125315,0.026513
10.098364,-0.493439,0.467117,-0.561341,-0.150874,0.126078,0.026894
10.108429,-0.494965,0.465972,-0.561341,-0.150111,0.127604,0.026513
10.118493,-0.497253,0.464065,-0.561341,-0.148585,0.129511,0.026894
10.128554,-0.498398,0.462539,-0.561723,-0.147440,0.130655,0.026894
10.138616,-0.500687,0.460250,-0.561723,-0.145914,0.131800,0.027276
10.148676,-0.501831,0.459487,-0.561723,-0.145151,0.133707,0.027276
10.158738,-0.504120,0.457580,-0.561723,-0.143626,0.137522,0.027276
10.168802,-0.506027,0.456435,-0.561723,-0.142863,0.140192,0.027276
10.178843,-0.508316,0.454528,-0.561723,-0.141718,0.145914,0.028038
10.188898,-0.509842,0.453765,-0.561723,-0.140574,0.149348,0.027657
10.198961,-0.511749,0.453002,-0.561723,-0.139429,0.153925,0.028038
10.209025,-0.513275,0.452239,-0.561723,-0.138285,0.157359,0.028420
10.219089,-0.514801,0.450332,-0.561723,-0.136759,0.162318,0.028801
10.229149,-0.516327,0.449569,-0.562104,-0.135996,0.165370,0.029183
10.239213,-0.518616,0.447280,-0.562104,-0.134470,0.168421,0.029564
10.249276,-0.519760,0.446517,-0.562104,-0.133326,0.169947,0.029564
10.259341,-0.521286,0.445373,-0.562104,-0.131418,0.170710,0.029946
10.269403,-0.522431,0.444228,-0.562104,-0.130274,0.170710,0.030327
10.279467,-0.524338,0.442321,-0.562104,-0.128367,0.170710,0.030709
10.289531,-0.525483,0.441176,-0.562104,-0.127604,0.170710,0.030709
10.299595,-0.527771,0.439651,-0.562104,-0.126459,0.170329,0.031090
10.309660,-0.528916,0.438888,-0.562104,-0.125696,0.170710,0.031472
10.319687,-0.531205,0.437743,-0.562104,-0.124552,0.170329,0.031472
10.329748,-0.533494,0.435836,-0.562104,-0.123026,0.171092,0.032235
10.339813,-0.535019,0.434691,-0.562104,-0.122263,0.171092,0.032235
10.349881,-0.537690,0.432784,-0.562104,-0.120737,0.171092,0.032616
10.359942,-0.539216,0.431640,-0.562104,-0.119593,0.171473,0.032998
10.370006,-0.541123,0.430495,-0.562104,-0.117685,0.171855,0.033379
10.380066,-0.543412,0.429351,-0.562104,-0.116541,0.172618,0.033761
10.390126,-0.545701,0.427443,-0.562104,-0.115015,0.173762,0.034142
10.400185,-0.547227,0.425917,-0.562104,-0.113870,0.174907,0.034524
10.410259,-0.549897,0.424010,-0.562104,-0.112345,0.176051,0.034905
10.420323,-0.551423,0.422866,-0.562104,-0.111582,0.178340,0.035286
10.430385,-0.553712,0.421721,-0.562104,-0.110437,0.182155,0.035668
10.440448,-0.556001,0.420195,-0.562104,-0.109674,0.186351,0.036049
10.450511,-0.558289,0.418288,-0.562104,-0.108530,0.192454,0.037194
10.460572,-0.559815,0.417144,-0.562104,-0.107767,0.197032,0.037575
10.470634,-0.562486,0.415999,-0.562104,-0.106241,0.202373,0.038720
10.480698,-0.564012,0.414855,-0.562104,-0.105478,0.205806,0.039483
10.490751,-0.566300,0.412947,-0.562104,-0.103952,0.210765,0.040627
10.500802,-0.568208,0.411421,-0.562104,-0.103571,0.213436,0.041390
10.510853,-0.570115,0.409895,-0.562104,-0.102426,0.216869,0.042535
10.520906,-0.571260,0.408751,-0.562104,-0.101282,0.218395,0.043297
10.530961,-0.573167,0.407225,-0.562104,-0.099756,0.219921,0.044823
10.541024,-0.574693,0.406081,-0.562104,-0.098611,0.220684,0.045968
10.551086,-0.576600,0.403792,-0.562104,-0.097848,0.222210,0.048257
10.561148,-0.578126,0.403029,-0.562104,-0.097086,0.222591,0.049401
10.571201,-0.581178,0.401503,-0.561723,-0.096704,0.223735,0.050927
10.581254,-0.582704,0.400359,-0.562104,-0.096323,0.224880,0.051690
10.591375,-0.584993,0.398070,-0.561723,-0.095941,0.226787,0.053216
10.601428,-0.587282,0.396925,-0.561723,-0.095560,0.227932,0.053979
10.611487,-0.588808,0.396162,-0.561723,-0.095178,0.229839,0.055123
10.621548,-0.591478,0.395018,-0.561723,-0.095178,0.233272,0.056649
10.631609,-0.593767,0.393874,-0.561723,-0.095178,0.235943,0.057412
10.641672,-0.596437,0.391966,-0.561723,-0.095178,0.240902,0.058175
10.651735,-0.597963,0.390822,-0.561723,-0.095178,0.243954,0.058938
10.661797,-0.601015,0.389296,-0.561723,-0.095178,0.248150,0.059701
10.671860,-0.602541,0.388151,-0.561723,-0.095178,0.250057,0.060082
10.681924,-0.605592,0.386625,-0.561723,-0.095178,0.253872,0.060845
10.691990,-0.607118,0.385481,-0.561723,-0.095178,0.256161,0.061227
10.702054,-0.609407,0.383574,-0.561723,-0.095178,0.257687,0.061990
10.712119,-0.610552,0.382048,-0.561723,-0.095178,0.257687,0.062753
10.722184,-0.612459,0.380522,-0.561723,-0.095178,0.257687,0.063134
10.732246,-0.613985,0.379377,-0.561723,-0.095178,0.257687,0.063897
10.742310,-0.616274,0.377470,-0.561723,-0.094415,0.257687,0.064279
10.752374,-0.618563,0.375944,-0.561723,-0.094034,0.257687,0.064660
10.762438,-0.621233,0.374037,-0.561723,-0.092889,0.257687,0.065423
10.772494,-0.622759,0.372892,-0.561723,-0.091745,0.257687,0.065805
10.782556,-0.625429,0.371366,-0.561723,-0.090600,0.257687,0.066186
10.792619,-0.627337,0.369841,-0.561723,-0.089456,0.258068,0.066567
10.802681,-0.630388,0.367552,-0.561723,-0.087930,0.259213,0.067330
10.812735,-0.632296,0.366407,-0.561723,-0.087167,0.260357,0.067330
10.822796,-0.634585,0.365263,-0.561723,-0.085260,0.262264,0.067712
10.832859,-0.636492,0.364118,-0.561723,-0.084115,0.263790,0.068093
10.842918,-0.639162,0.362211,-0.561341,-0.082971,0.266461,0.068475
10.852980,-0.641070,0.360685,-0.561341,-0.081827,0.269131,0.068475
10.863040,-0.644121,0.359541,-0.561341,-0.080682,0.274090,0.068856
10.873101,-0.646029,0.358778,-0.560960,-0.079919,0.277905,0.069619
10.883187,-0.648318,0.357252,-0.560960,-0.078393,0.284009,0.069619
10.893247,-0.650225,0.356489,-0.560960,-0.078393,0.287442,0.070001
10.903281,-0.651751,0.354963,-0.560578,-0.078012,0.291638,0.070764
10.913344,-0.654421,0.353437,-0.560578,-0.077630,0.297742,0.071145
10.923406,-0.656710,0.352674,-0.560578,-0.077249,0.300793,0.071527
10.933468,-0.658999,0.351148,-0.560197,-0.076867,0.303845,0.071908
10.943536,-0.660143,0.350385,-0.560197,-0.076486,0.304227,0.072290
10.953599,-0.662432,0.348478,-0.560197,-0.075723,0.305371,0.072671
10.963654,-0.663577,0.347333,-0.560197,-0.074960,0.305753,0.073053
10.973718,-0.665866,0.345808,-0.560197,-0.074197,0.305753,0.073434
10.983779,-0.668154,0.344663,-0.560197,-0.073434,0.305753,0.073816
10.993842,-0.670825,0.343137,-0.560197,-0.072671,0.306516,0.074578
11.003906,-0.672351,0.341611,-0.560197,-0.072671,0.306516,0.074960
11.013970,-0.675402,0.339704,-0.559815,-0.071908,0.306897,0.075341
11.024033,-0.676928,0.338178,-0.559815,-0.071908,0.307279,0.075723
11.034096,-0.679980,0.336652,-0.559052,-0.071908,0.308804,0.076104
11.044159,-0.682269,0.335889,-0.558671,-0.071908,0.309949,0.076104
11.054224,-0.684558,0.334363,-0.558289,-0.071908,0.311856,0.076486
11.064286,-0.686465,0.332837,-0.558289,-0.071908,0.313382,0.076867
11.074346,-0.688754,0.330930,-0.557908,-0.071908,0.316434,0.077249
11.084410,-0.690661,0.329786,-0.557908,-0.071908,0.319486,0.077630
11.094472,-0.693713,0.328260,-0.557527,-0.071908,0.324826,0.078012
11.104536,-0.695621,0.327497,-0.557145,-0.071527,0.328641,0.078393
11.114591,-0.698291,0.325589,-0.556382,-0.071527,0.333600,0.078775
11.124654,-0.700198,0.324063,-0.556001,-0.071527,0.336652,0.079538
11.134719,-0.702487,0.322538,-0.555238,-0.070764,0.342756,0.079919
11.144781,-0.704013,0.321393,-0.554475,-0.070764,0.346189,0.080301
11.154835,-0.706683,0.319867,-0.553712,-0.070764,0.351148,0.081064
11.164888,-0.708209,0.318723,-0.552949,-0.070764,0.353056,0.081827
11.174961,-0.710117,0.316434,-0.551423,-0.070764,0.353819,0.082589
11.185014,-0.711261,0.315290,-0.550660,-0.070764,0.353437,0.083352
11.195066,-0.712406,0.314527,-0.549897,-0.070764,0.353819,0.083734
11.205118,-0.714694,0.312619,-0.548753,-0.070764,0.353819,0.084497
11.215172,-0.716220,0.311093,-0.547608,-0.070764,0.353819,0.085641
11.225224,-0.719654,0.309567,-0.546082,-0.070764,0.354582,0.086404
11.235277,-0.721180,0.308423,-0.544938,-0.070764,0.354963,0.087167
11.245329,-0.723850,0.306897,-0.543412,-0.070764,0.354963,0.087930
11.255383,-0.725376,0.305753,-0.543030,-0.070764,0.355344,0.088693
11.265435,-0.728046,0.303845,-0.541505,-0.070764,0.357252,0.090600
11.275488,-0.730716,0.303082,-0.540742,-0.070764,0.358778,0.091363
11.285541,-0.733387,0.301556,-0.539216,-0.070764,0.361830,0.093271
11.295568,-0.734913,0.300412,-0.538071,-0.070764,0.364118,0.094415
11.305619,-0.737583,0.298886,-0.536545,-0.070764,0.368315,0.095560
11.315673,-0.739109,0.297742,-0.535782,-0.070764,0.371748,0.096704
11.325725,-0.742161,0.296216,-0.534638,-0.070382,0.378233,0.098611
11.335786,-0.744068,0.295453,-0.533875,-0.070001,0.382429,0.099756
11.345850,-0.746357,0.294308,-0.532349,-0.069238,0.387007,0.101282
11.355912,-0.747501,0.293545,-0.531205,-0.068856,0.388533,0.102045
11.365971,-0.749409,0.291638,-0.529679,-0.068856,0.390059,0.103189
11.376033,-0.750172,0.290494,-0.528916,-0.068856,0.390822,0.103952
11.386092,-0.752079,0.288205,-0.527390,-0.068856,0.391966,0.104715
11.396151,-0.753223,0.287442,-0.525864,-0.068856,0.392348,0.105097
11.406211,-0.755894,0.285916,-0.524338,-0.068856,0.393111,0.105859
11.416273,-0.757420,0.285153,-0.523194,-0.068856,0.393492,0.106241
11.426334,-0.759327,0.283627,-0.522049,-0.068856,0.393492,0.107385
11.436398,-0.760853,0.282483,-0.521286,-0.068856,0.393492,0.107767
11.446503,-0.762760,0.280957,-0.519379,-0.068475,0.393874,0.108530
11.456564,-0.764286,0.280194,-0.518235,-0.068093,0.393874,0.108911
11.466627,-0.765812,0.279431,-0.517472,-0.068093,0.394636,0.108911
11.476685,-0.768101,0.278286,-0.515946,-0.068093,0.395781,0.109293
11.486738,-0.769627,0.277142,-0.514801,-0.068093,0.397307,0.109674
11.496791,-0.771534,0.275616,-0.513275,-0.068093,0.398833,0.110056
11.506845,-0.772679,0.274090,-0.512131,-0.068093,0.399214,0.110056
11.516898,-0.774586,0.272564,-0.510605,-0.068093,0.399596,0.110819
11.526951,-0.775731,0.272183,-0.509461,-0.068093,0.401122,0.110819
11.537007,-0.777638,0.270657,-0.507553,-0.068093,0.403792,0.111200
11.547063,-0.779164,0.269894,-0.506790,-0.068093,0.406081,0.111200
11.557117,-0.781834,0.268368,-0.505264,-0.068093,0.410277,0.111582
11.567169,-0.782979,0.267605,-0.504501,-0.068093,0.412947,0.111963
11.577222,-0.784886,0.266461,-0.503357,-0.068093,0.416381,0.111963
11.587275,-0.786030,0.265698,-0.502213,-0.068093,0.419051,0.111963
11.597328,-0.787175,0.264172,-0.500305,-0.068093,0.424010,0.112345
11.607382,-0.787938,0.263409,-0.499542,-0.068093,0.427062,0.112345
11.617434,-0.789464,0.261501,-0.498016,-0.068093,0.431258,0.112345
11.627487,-0.790227,0.260357,-0.497253,-0.068093,0.432784,0.112726
11.637542,-0.792515,0.258831,-0.495346,-0.068093,0.433547,0.112726
11.647606,-0.793660,0.258068,-0.493820,-0.068093,0.433928,0.112726
11.657671,-0.794804,0.256542,-0.492676,-0.068093,0.433928,0.113107
11.667733,-0.795567,0.255779,-0.491913,-0.068093,0.433547,0.113107
11.677796,-0.796330,0.254253,-0.490768,-0.067712,0.433547,0.113489
11.687843,-0.796712,0.253491,-0.489624,-0.067712,0.433165,0.113489
11.697900,-0.797475,0.251965,-0.488098,-0.067330,0.432403,0.113870
11.707963,-0.798238,0.250820,-0.486954,-0.067330,0.432403,0.113870
11.718088,-0.799382,0.249294,-0.485809,-0.067330,0.432784,0.114252
11.728153,-0.800145,0.248531,-0.485046,-0.067330,0.433165,0.114252
11.738206,-0.800908,0.247387,-0.483902,-0.067330,0.433928,0.114633
11.748269,-0.802434,0.246242,-0.481994,-0.067330,0.434310,0.114633
11.758333,-0.803578,0.245098,-0.480850,-0.067330,0.434310,0.115015
11.768386,-0.805486,0.243954,-0.480087,-0.067330,0.434310,0.115396
11.778441,-0.806630,0.242809,-0.479324,-0.067330,0.433928,0.115778
11.788494,-0.808156,0.241665,-0.478180,-0.067330,0.433928,0.115778
11.798547,-0.808537,0.240902,-0.477035,-0.067330,0.433928,0.115778
11.808608,-0.809300,0.239376,-0.475128,-0.067330,0.433928,0.116159
11.818670,-0.810063,0.238613,-0.474365,-0.067330,0.433928,0.116541
11.828730,-0.810445,0.237469,-0.473220,-0.067330,0.434310,0.116541
11.838790,-0.810826,0.236324,-0.472457,-0.067330,0.435073,0.116541
11.848854,-0.811589,0.235180,-0.470932,-0.067330,0.435454,0.116541
11.858918,-0.812352,0.234417,-0.469787,-0.067330,0.436217,0.116922
11.868977,-0.813115,0.233272,-0.468261,-0.067330,0.436980,0.116922
11.879038,-0.813878,0.232509,-0.467880,-0.067330,0.437362,0.116922
11.889098,-0.815023,0.231365,-0.466354,-0.067330,0.437362,0.117304
11.899161,-0.815785,0.230220,-0.465591,-0.067330,0.437362,0.117304
11.909224,-0.816930,0.229076,-0.463684,-0.067330,0.437743,0.117304
11.919285,-0.818074,0.228313,-0.462921,-0.067330,0.438125,0.117304
11.929346,-0.818837,0.227169,-0.461395,-0.067330,0.438125,0.117685
11.939407,-0.819600,0.226024,-0.460632,-0.067330,0.438888,0.117685
11.949465,-0.820363,0.224880,-0.459106,-0.067330,0.438888,0.117685
11.959527,-0.820363,0.223735,-0.457961,-0.067330,0.438888,0.117685
11.969590,-0.820745,0.222591,-0.456054,-0.067330,0.438888,0.118067
11.979650,-0.820745,0.221828,-0.455291,-0.067330,0.438888,0.118067
11.989711,-0.820745,0.220684,-0.453765,-0.067330,0.439269,0.118067
11.999771,-0.820745,0.219921,-0.452621,-0.067330,0.439269,0.118067
12.009833,-0.820745,0.218776,-0.450713,-0.067330,0.439269,0.118067
12.019893,-0.820745,0.217632,-0.449569,-0.067330,0.439269,0.118448
12.029954,-0.820745,0.216869,-0.449187,-0.067330,0.439651,0.118448
12.040019,-0.820745,0.216106,-0.448043,-0.067330,0.439651,0.118448
12.050080,-0.820745,0.215343,-0.446899,-0.067330,0.439651,0.118448
12.060143,-0.820745,0.214580,-0.444991,-0.067330,0.439269,0.118830
12.070202,-0.820745,0.214199,-0.443847,-0.067330,0.439269,0.118830
12.080264,-0.820745,0.213054,-0.442702,-0.067330,0.439651,0.118830
12.090324,-0.820745,0.212673,-0.441939,-0.067330,0.439651,0.118830
12.100384,-0.820745,0.211528,-0.440795,-0.067330,0.440032,0.118830
12.110446,-0.820745,0.210765,-0.439651,-0.067330,0.440032,0.118830
12.120510,-0.820745,0.210002,-0.438125,-0.067330,0.440032,0.118830
12.130573,-0.820745,0.209621,-0.436980,-0.067330,0.439651,0.118830
12.140642,-0.820745,0.208476,-0.436217,-0.067330,0.440032,0.118830
12.150696,-0.820745,0.207713,-0.435454,-0.067330,0.440032,0.118830
12.160730,-0.820745,0.206950,-0.434310,-0.067330,0.440032,0.118830
12.170794,-0.820745,0.206188,-0.433165,-0.067330,0.439651,0.118830
12.180859,-0.820745,0.205806,-0.431640,-0.067330,0.439651,0.118830
12.190918,-0.820745,0.205425,-0.430877,-0.067330,0.439651,0.118830
12.200982,-0.820745,0.205425,-0.430114,-0.067330,0.439651,0.118830
12.211041,-0.820745,0.205425,-0.429351,-0.067330,0.440032,0.118830
12.221102,-0.820745,0.205425,-0.428588,-0.067330,0.440032,0.119211
12.231163,-0.820745,0.205425,-0.427825,-0.067330,0.440032,0.118830
12.241226,-0.820745,0.205425,-0.427062,-0.067330,0.440032,0.118830
12.251291,-0.820745,0.205425,-0.426299,-0.067330,0.440032,0.118830
12.261355,-0.820745,0.205425,-0.425154,-0.067330,0.440032,0.119211
12.271416,-0.820745,0.205425,-0.424773,-0.067330,0.440032,0.118830
12.281478,-0.820745,0.205425,-0.423629,-0.067330,0.439651,0.118830
12.291538,-0.820745,0.205425,-0.423247,-0.067330,0.440032,0.118830
12.301591,-0.820745,0.205425,-0.422484,-0.067330,0.439651,0.118830
12.311641,-0.820745,0.205425,-0.421721,-0.067330,0.439651,0.118830
12.321694,-0.820745,0.205425,-0.420958,-0.067330,0.439651,0.118830
12.331755,-0.820745,0.205425,-0.420577,-0.067330,0.439651,0.118830
12.341816,-0.820745,0.205425,-0.420577,-0.067330,0.439651,0.118830
12.351878,-0.820745,0.205425,-0.419814,-0.067330,0.439651,0.118830
12.361937,-0.820745,0.205425,-0.419051,-0.067330,0.439651,0.119211
12.372000,-0.820745,0.205425,-0.418669,-0.067330,0.439651,0.119211
12.382062,-0.820745,0.205425,-0.418669,-0.067330,0.439651,0.119211
12.392116,-0.820745,0.205425,-0.418669,-0.067330,0.439651,0.118830
12.402168,-0.820745,0.205425,-0.418669,-0.067330,0.440032,0.119211
12.412221,-0.820745,0.205425,-0.418669,-0.067330,0.440032,0.118830
12.422275,-0.820745,0.205425,-0.418669,-0.067330,0.440032,0.118830
12.432336,-0.820745,0.205425,-0.418669,-0.067330,0.439651,0.119211
12.442398,-0.820745,0.205425,-0.418669,-0.067330,0.440032,0.118830
12.452462,-0.820745,0.205425,-0.418669,-0.067330,0.440032,0.119211
12.462522,-0.820745,0.205425,-0.418669,-0.067330,0.439651,0.119211
12.472584,-0.820745,0.205425,-0.418669,-0.067330,0.439651,0.119211
12.482646,-0.820745,0.205425,-0.418669,-0.067330,0.440032,0.119211
12.492708,-0.820745,0.205425,-0.418669,-0.067330,0.439651,0.119211
12.502770,-0.820745,0.205425,-0.418669,-0.067330,0.439651,0.119211
12.512836,-0.820745,0.205425,-0.418669,-0.067330,0.440032,0.119211
12.522891,-0.820745,0.205425,-0.418669,-0.067330,0.440032,0.119211
12.532951,-0.820745,0.205425,-0.418669,-0.067330,0.440032,0.119211
12.543013,-0.820745,0.205425,-0.418669,-0.067330,0.440032,0.119211
12.553073,-0.820745,0.205806,-0.418669,-0.067330,0.440032,0.119211
12.563127,-0.820745,0.205806,-0.418669,-0.067330,0.440032,0.118830
12.573179,-0.820745,0.205806,-0.418669,-0.067330,0.440032,0.119211
12.583234,-0.820745,0.206188,-0.418669,-0.067330,0.440032,0.118830
12.593319,-0.820745,0.206188,-0.418669,-0.067330,0.440032,0.119211
12.603374,-0.820745,0.206569,-0.418669,-0.067330,0.440032,0.119211
12.613427,-0.820745,0.206569,-0.418669,-0.067330,0.440032,0.119211
12.623489,-0.820745,0.206950,-0.418669,-0.067330,0.440032,0.119211
12.633554,-0.820745,0.206950,-0.418669,-0.067330,0.440032,0.119211
12.643614,-0.820745,0.207332,-0.419051,-0.067330,0.440032,0.119211
12.653676,-0.820745,0.207332,-0.419051,-0.067330,0.440032,0.119211
12.663728,-0.820745,0.207332,-0.419051,-0.067330,0.440032,0.118830
12.673789,-0.820745,0.207332,-0.419051,-0.067330,0.439651,0.118830
12.683842,-0.820745,0.207713,-0.419051,-0.067330,0.440032,0.118830
12.693905,-0.820363,0.207713,-0.419432,-0.067330,0.440032,0.118830
12.703960,-0.820363,0.207713,-0.419432,-0.067330,0.439651,0.119211
12.714023,-0.820363,0.207713,-0.419814,-0.067330,0.439651,0.118830
12.724085,-0.820363,0.208095,-0.420577,-0.067330,0.439651,0.118830
12.734146,-0.820363,0.208476,-0.420958,-0.067330,0.439651,0.118830
12.744200,-0.819982,0.208858,-0.421340,-0.067330,0.439651,0.118830
12.754265,-0.819982,0.209621,-0.421721,-0.067330,0.439269,0.118830
12.764334,-0.819600,0.210002,-0.422866,-0.067330,0.439269,0.118830
12.774397,-0.819600,0.210384,-0.424010,-0.067330,0.438888,0.118830
12.784460,-0.819219,0.211528,-0.424773,-0.067330,0.439269,0.118830
12.794520,-0.818837,0.212673,-0.425917,-0.067330,0.439269,0.118448
12.804581,-0.818456,0.214199,-0.427443,-0.067330,0.438888,0.118448
12.814631,-0.818074,0.215724,-0.428588,-0.067330,0.438888,0.118448
12.824689,-0.817693,0.218776,-0.430877,-0.067330,0.438888,0.118448
12.834750,-0.817693,0.220684,-0.432784,-0.067330,0.438888,0.118067
12.844810,-0.817311,0.222591,-0.435454,-0.067330,0.438125,0.118067
12.854871,-0.816548,0.224880,-0.436980,-0.067330,0.436980,0.117685
12.864966,-0.815404,0.228695,-0.439269,-0.067330,0.435073,0.117685
12.875026,-0.814260,0.231746,-0.440414,-0.067330,0.433928,0.117304
12.885087,-0.813115,0.233654,-0.442702,-0.067330,0.433165,0.117304
12.895148,-0.811971,0.236324,-0.445373,-0.067330,0.429732,0.116922
12.905208,-0.810826,0.238231,-0.447280,-0.067330,0.427062,0.116541
12.915270,-0.808156,0.243572,-0.449950,-0.067330,0.423629,0.116159
12.925332,-0.806249,0.246624,-0.451858,-0.067330,0.421721,0.115778
12.935391,-0.803197,0.248913,-0.454910,-0.067330,0.419814,0.115396
12.945452,-0.800908,0.251583,-0.456817,-0.067330,0.418669,0.115015
12.955513,-0.797093,0.256924,-0.459869,-0.067330,0.416381,0.113870
12.965576,-0.794423,0.259594,-0.462158,-0.067330,0.414855,0.113489
12.975639,-0.790227,0.262264,-0.465209,-0.067330,0.412947,0.112345
12.985699,-0.786793,0.264935,-0.466735,-0.067330,0.411421,0.111963
12.995762,-0.781453,0.270275,-0.469787,-0.067330,0.407607,0.111200
13.005826,-0.778019,0.272564,-0.472076,-0.067330,0.404936,0.110819
13.015885,-0.771916,0.275235,-0.475509,-0.067330,0.400740,0.109674
13.025948,-0.768101,0.278668,-0.477417,-0.067330,0.396925,0.109293
13.036010,-0.761997,0.283627,-0.480468,-0.067330,0.389677,0.108911
13.046072,-0.757801,0.285916,-0.482757,-0.067330,0.385863,0.108148
13.056134,-0.750935,0.289349,-0.486572,-0.067330,0.378233,0.107767
13.066192,-0.746357,0.293164,-0.488479,-0.067330,0.373274,0.107385
13.076252,-0.739490,0.297742,-0.491531,-0.067330,0.366026,0.106241
13.086313,-0.734913,0.300412,-0.493820,-0.067330,0.361067,0.105859
13.096373,-0.727665,0.304990,-0.497253,-0.067330,0.353437,0.104715
13.106434,-0.723087,0.309186,-0.499542,-0.067330,0.347715,0.104334
13.116488,-0.715457,0.312619,-0.502594,-0.067330,0.339704,0.103189
13.126540,-0.710880,0.315671,-0.504883,-0.067330,0.333982,0.102808
13.136592,-0.702869,0.321393,-0.508316,-0.067330,0.325208,0.101663
13.146644,-0.697910,0.324063,-0.510605,-0.067330,0.319867,0.100900
13.156765,-0.690280,0.328641,-0.514038,-0.067330,0.312238,0.100519
13.166820,-0.684939,0.332837,-0.515946,-0.067330,0.307279,0.099756
13.176879,-0.679599,0.335889,-0.517853,-0.067330,0.301556,0.099374
13.186940,-0.671588,0.340467,-0.521286,-0.067330,0.292782,0.098230
13.197000,-0.665866,0.344663,-0.523575,-0.067330,0.287442,0.097086
13.207063,-0.657473,0.349622,-0.526627,-0.067330,0.279049,0.095560
13.217122,-0.651751,0.352674,-0.528534,-0.067330,0.273709,0.094797
13.227185,-0.642977,0.358778,-0.531205,-0.067330,0.265698,0.092889
13.237247,-0.637255,0.362211,-0.533494,-0.067330,0.260739,0.091745
13.247307,-0.628481,0.367552,-0.536545,-0.067330,0.252346,0.090219
13.257369,-0.622377,0.371366,-0.538071,-0.067330,0.246242,0.088693
13.267429,-0.613603,0.376707,-0.540360,-0.067330,0.238231,0.086023
13.277493,-0.607881,0.380522,-0.542267,-0.067712,0.232891,0.084497
13.287560,-0.599107,0.386244,-0.544938,-0.068475,0.224880,0.082208
13.297622,-0.593385,0.390059,-0.546464,-0.068856,0.219921,0.080301
13.307683,-0.584993,0.396162,-0.548371,-0.070382,0.211910,0.077249
13.317736,-0.578889,0.399977,-0.549516,-0.071908,0.206569,0.075341
13.327800,-0.570878,0.406081,-0.551423,-0.074197,0.198558,0.073053
13.337833,-0.565156,0.410277,-0.552567,-0.076104,0.193217,0.071145
13.347901,-0.556764,0.415999,-0.553712,-0.079156,0.185206,0.068475
13.357961,-0.551041,0.420577,-0.554856,-0.081445,0.181010,0.066567
13.368029,-0.543412,0.426680,-0.556001,-0.085260,0.173762,0.064660
13.378089,-0.537690,0.430495,-0.556382,-0.087930,0.168421,0.063134
13.388149,-0.529679,0.436980,-0.557145,-0.092126,0.160792,0.061227
13.398209,-0.524720,0.440795,-0.557908,-0.095560,0.155833,0.059701
13.408270,-0.516709,0.447280,-0.558289,-0.100519,0.148203,0.058175
13.418333,-0.511749,0.451095,-0.558671,-0.103571,0.142863,0.057031
13.428395,-0.504120,0.457580,-0.559052,-0.108911,0.137140,0.055886
13.438455,-0.499161,0.461776,-0.559052,-0.112726,0.132944,0.054742
13.448537,-0.491913,0.467880,-0.559434,-0.118830,0.126459,0.053597
13.458598,-0.487716,0.472076,-0.559434,-0.123026,0.121881,0.052834
13.468659,-0.483139,0.476272,-0.559434,-0.127222,0.116922,0.051690
13.478713,-0.475891,0.482376,-0.559434,-0.132944,0.110437,0.050546
13.488766,-0.471313,0.486572,-0.559434,-0.137522,0.106241,0.049783
13.498828,-0.464446,0.492676,-0.559434,-0.143626,0.100519,0.048638
13.508888,-0.460250,0.496872,-0.559434,-0.147822,0.097467,0.047875
13.518945,-0.453765,0.502976,-0.559434,-0.154307,0.092508,0.046349
13.529006,-0.450332,0.507172,-0.559434,-0.158885,0.089456,0.045205
13.539064,-0.443847,0.512894,-0.559434,-0.165751,0.084497,0.043679
13.549125,-0.440032,0.516709,-0.559434,-0.171092,0.081064,0.042153
13.559185,-0.434691,0.523194,-0.559052,-0.179103,0.075341,0.040246
13.569249,-0.430114,0.527008,-0.559052,-0.184443,0.071527,0.039101
13.579311,-0.425154,0.533112,-0.559052,-0.192836,0.065805,0.036812
13.589371,-0.421721,0.536545,-0.558671,-0.198558,0.062753,0.035286
13.599433,-0.416381,0.542267,-0.558289,-0.207332,0.058938,0.032616
13.609493,-0.413710,0.546082,-0.558289,-0.213054,0.056649,0.030709
13.619554,-0.409133,0.551423,-0.557908,-0.221828,0.054360,0.028420
13.629607,-0.406081,0.554856,-0.557908,-0.227932,0.052834,0.026894
13.639637,-0.402266,0.559815,-0.556764,-0.236324,0.050164,0.024987
13.649697,-0.399596,0.562867,-0.556001,-0.242046,0.049020,0.023842
13.659757,-0.395399,0.567063,-0.555238,-0.251583,0.046731,0.022698
13.669818,-0.392729,0.570497,-0.554093,-0.257687,0.044442,0.021935
13.679870,-0.389677,0.574311,-0.551804,-0.267605,0.040627,0.021172
13.689933,-0.387388,0.576982,-0.549897,-0.274472,0.037957,0.020409
13.699986,-0.383192,0.580415,-0.547608,-0.284009,0.033761,0.019265
13.710038,-0.380903,0.582704,-0.545701,-0.290494,0.030709,0.018502
13.720091,-0.378614,0.586137,-0.542649,-0.300031,0.026513,0.017739
13.730142,-0.376707,0.587663,-0.540742,-0.306134,0.024224,0.017357
13.740196,-0.375181,0.589570,-0.538453,-0.312238,0.022316,0.016594
13.750248,-0.372892,0.592241,-0.534638,-0.321393,0.020409,0.015831
13.760300,-0.371366,0.594148,-0.531968,-0.327497,0.019265,0.015450
13.770352,-0.369459,0.596056,-0.527771,-0.336652,0.017357,0.015068
13.780414,-0.367933,0.597200,-0.524720,-0.342756,0.016213,0.014687
13.790474,-0.366789,0.599107,-0.520142,-0.351911,0.015831,0.014305
13.800535,-0.366026,0.600252,-0.516709,-0.358015,0.015450,0.013924
13.810595,-0.364881,0.601015,-0.511368,-0.366407,0.015450,0.013542
13.820658,-0.364500,0.601778,-0.507553,-0.371748,0.015450,0.013542
13.830721,-0.363355,0.602541,-0.502213,-0.379377,0.015450,0.013161
13.840784,-0.362974,0.602541,-0.498398,-0.384337,0.015450,0.012779
13.850846,-0.362211,0.602922,-0.492676,-0.391966,0.015450,0.012779
13.860908,-0.361830,0.602922,-0.488479,-0.396544,0.015450,0.012398
13.870972,-0.361830,0.603685,-0.482376,-0.403029,0.015450,0.012398
13.881034,-0.361448,0.604067,-0.477798,-0.407225,0.015450,0.012016
13.891098,-0.361448,0.604067,-0.471313,-0.413329,0.015450,0.012016
13.901158,-0.361448,0.604067,-0.466735,-0.417144,0.015831,0.012016
13.911220,-0.361448,0.604067,-0.459869,-0.422866,0.015831,0.012016
13.921279,-0.361448,0.603685,-0.455291,-0.426299,0.015831,0.012016
13.931342,-0.361448,0.603304,-0.448425,-0.430877,0.015450,0.012016
13.941397,-0.361830,0.602541,-0.443847,-0.433928,0.015831,0.012016
13.951449,-0.361830,0.600633,-0.436599,-0.437743,0.015831,0.012016
13.961517,-0.362211,0.599489,-0.431640,-0.440032,0.015831,0.012016
13.971578,-0.362974,0.597200,-0.424392,-0.442702,0.016594,0.012016
13.981639,-0.363355,0.595674,-0.419432,-0.444228,0.016976,0.012016
13.991699,-0.364500,0.591859,-0.411803,-0.446136,0.018502,0.012398
14.001758,-0.365644,0.589570,-0.406844,-0.446899,0.019646,0.012398
14.011818,-0.366789,0.586900,-0.401884,-0.447662,0.021172,0.012398
14.021879,-0.369841,0.581559,-0.394255,-0.447280,0.023079,0.012398
14.031942,-0.370985,0.577745,-0.389296,-0.447280,0.023842,0.012398
14.042003,-0.372129,0.572023,-0.381666,-0.447280,0.026131,0.012779
14.052063,-0.372511,0.567826,-0.376707,-0.447280,0.028038,0.012779
14.062124,-0.374418,0.560960,-0.368696,-0.447280,0.030709,0.013161
14.072183,-0.375563,0.556001,-0.363737,-0.447280,0.032998,0.013161
14.082244,-0.378233,0.547990,-0.355726,-0.447280,0.036049,0.013542
14.092303,-0.380522,0.542267,-0.351148,-0.447280,0.037957,0.013924
14.102365,-0.384337,0.533875,-0.343519,-0.446899,0.041390,0.014305
14.112427,-0.386625,0.527390,-0.338941,-0.446136,0.043679,0.014305
14.122489,-0.391203,0.517472,-0.332074,-0.444610,0.047112,0.014687
14.132552,-0.394636,0.510224,-0.327878,-0.443084,0.050164,0.015450
14.142614,-0.399977,0.499542,-0.321775,-0.439651,0.056268,0.015831
14.152667,-0.403792,0.491913,-0.317960,-0.437362,0.060464,0.015831
14.162731,-0.410658,0.479706,-0.312238,-0.432784,0.068093,0.016594
14.172783,-0.414855,0.471695,-0.308804,-0.428969,0.073816,0.017357
14.182830,-0.422103,0.459106,-0.303845,-0.422866,0.081445,0.018120
14.192882,-0.426680,0.450332,-0.301175,-0.418288,0.086786,0.018883
14.202935,-0.434310,0.437362,-0.296597,-0.410658,0.094034,0.019646
14.212987,-0.439269,0.428588,-0.294308,-0.404936,0.098993,0.020409
14.223039,-0.447280,0.415618,-0.290494,-0.395781,0.107385,0.021553
14.233091,-0.452621,0.406844,-0.288205,-0.389296,0.113489,0.022698
14.243143,-0.461395,0.392729,-0.285534,-0.379377,0.122263,0.023842
14.253195,-0.467498,0.383192,-0.284009,-0.372129,0.128367,0.024224
14.263248,-0.477035,0.368315,-0.281338,-0.361067,0.137522,0.025368
14.273300,-0.483520,0.358778,-0.280575,-0.353437,0.143626,0.026131
14.283355,-0.489624,0.349622,-0.280194,-0.345808,0.149729,0.026894
14.293405,-0.500305,0.335508,-0.279431,-0.333600,0.160410,0.027657
14.303458,-0.507172,0.326734,-0.278668,-0.325589,0.167659,0.028420
14.313518,-0.518235,0.313382,-0.278286,-0.313001,0.178340,0.029946
14.323569,-0.525864,0.304608,-0.278286,-0.304990,0.184825,0.031090
14.333616,-0.537308,0.292020,-0.277905,-0.293164,0.196269,0.032235
14.343679,-0.545319,0.284009,-0.277905,-0.285153,0.204280,0.033379
14.353741,-0.557145,0.272183,-0.277905,-0.273327,0.216106,0.034905
14.363803,-0.565156,0.264553,-0.277905,-0.265698,0.224117,0.036431
14.373862,-0.577745,0.253872,-0.278286,-0.254253,0.235943,0.039101
14.383924,-0.586137,0.247005,-0.278286,-0.247005,0.243954,0.041009
14.393984,-0.598726,0.237469,-0.278286,-0.235943,0.256924,0.043679
14.404038,-0.607500,0.231365,-0.278286,-0.228695,0.265698,0.046349
14.414091,-0.620089,0.222972,-0.278668,-0.218395,0.279049,0.050546
14.424143,-0.628481,0.217632,-0.278668,-0.211528,0.287442,0.052834
14.434204,-0.641451,0.210384,-0.279431,-0.201610,0.301556,0.056268
14.444265,-0.650225,0.206188,-0.280194,-0.195125,0.310330,0.058556
14.454330,-0.662814,0.200084,-0.281338,-0.185206,0.323301,0.061608
14.464390,-0.671588,0.197032,-0.282483,-0.178340,0.332074,0.063897
14.474454,-0.684176,0.192454,-0.284390,-0.169184,0.344663,0.066949
14.484518,-0.692187,0.190166,-0.285916,-0.163462,0.353056,0.068856
14.494573,-0.704395,0.186732,-0.288205,-0.155451,0.364881,0.071527
14.504633,-0.712406,0.185206,-0.290112,-0.150111,0.372892,0.073434
14.514696,-0.724231,0.184062,-0.292401,-0.142863,0.384337,0.076104
14.524757,-0.731861,0.183299,-0.294690,-0.138285,0.391585,0.077630
14.534820,-0.742542,0.182918,-0.298505,-0.132181,0.402647,0.080301
14.544844,-0.749790,0.182536,-0.301175,-0.127985,0.408751,0.081827
14.554900,-0.759709,0.182918,-0.304990,-0.122263,0.417906,0.084497
14.564956,-0.765812,0.183680,-0.307660,-0.118830,0.423629,0.086404
14.575010,-0.771916,0.184443,-0.310712,-0.115015,0.429351,0.088312
14.585062,-0.780690,0.185206,-0.315671,-0.110056,0.436599,0.091745
14.595115,-0.786030,0.186351,-0.319104,-0.106622,0.440032,0.094034
14.605166,-0.793278,0.187495,-0.324445,-0.101282,0.443465,0.097467
14.615226,-0.797093,0.188258,-0.328260,-0.098230,0.444991,0.099756
14.625289,-0.802434,0.190547,-0.334363,-0.093652,0.446517,0.102426
14.635348,-0.806249,0.192073,-0.337797,-0.090600,0.447280,0.103952
14.645409,-0.809682,0.194362,-0.344282,-0.087167,0.448806,0.105859
14.655469,-0.811208,0.196269,-0.348859,-0.084878,0.448806,0.107385
14.665521,-0.813115,0.199702,-0.355726,-0.081827,0.448806,0.108911
14.675576,-0.814260,0.201991,-0.359922,-0.080301,0.448806,0.109674
14.685627,-0.815785,0.205425,-0.367170,-0.077630,0.448425,0.110437
14.695680,-0.816167,0.208476,-0.372129,-0.076486,0.448425,0.110819
14.705733,-0.815785,0.213054,-0.379377,-0.074960,0.447280,0.111200
14.715788,-0.815023,0.216106,-0.384337,-0.073434,0.446899,0.111200
14.725833,-0.813497,0.221065,-0.392348,-0.071908,0.446517,0.111200
14.735885,-0.811971,0.224498,-0.397307,-0.071145,0.445373,0.111200
14.745939,-0.808537,0.229839,-0.404936,-0.069619,0.443847,0.111200
14.755991,-0.805486,0.233654,-0.410277,-0.068856,0.441939,0.110819
14.766043,-0.803197,0.239376,-0.417906,-0.067330,0.434310,0.110819
14.776096,-0.800145,0.243191,-0.423247,-0.066567,0.430495,0.110437
14.786148,-0.795186,0.249294,-0.430877,-0.065805,0.422484,0.110056
14.796201,-0.790990,0.253872,-0.436217,-0.065423,0.417144,0.109674
14.806254,-0.784886,0.260357,-0.443465,-0.065423,0.407988,0.108911
14.816307,-0.779927,0.264935,-0.448425,-0.065423,0.401884,0.108530
14.826363,-0.774968,0.269131,-0.453002,-0.065423,0.395399,0.108148
14.836412,-0.766194,0.275998,-0.460250,-0.065423,0.384718,0.107385
14.846476,-0.760090,0.280957,-0.465209,-0.065423,0.377470,0.107004
14.856539,-0.750172,0.287823,-0.471695,-0.065423,0.366407,0.105859
14.866603,-0.743305,0.292401,-0.476654,-0.065423,0.359159,0.104715
14.876668,-0.732624,0.299649,-0.483139,-0.065423,0.347715,0.103952
14.886730,-0.724994,0.304227,-0.487335,-0.065423,0.340085,0.103189
14.896793,-0.713550,0.311475,-0.493439,-0.065423,0.327878,0.101663
14.906855,-0.706302,0.316434,-0.497635,-0.065423,0.320249,0.101282
14.916921,-0.694858,0.323682,-0.503357,-0.065423,0.308804,0.100137
14.926986,-0.687228,0.328641,-0.507172,-0.065423,0.301175,0.099374
14.937039,-0.675402,0.335889,-0.512894,-0.065423,0.289731,0.098230
14.947091,-0.667391,0.340848,-0.516327,-0.065423,0.282864,0.097086
14.957144,-0.656329,0.348096,-0.521286,-0.065805,0.271801,0.095178
14.967196,-0.648318,0.353056,-0.524720,-0.065805,0.265316,0.094034
14.977247,-0.637255,0.360304,-0.528916,-0.065805,0.255016,0.092508
14.987299,-0.629244,0.365263,-0.531968,-0.066567,0.247768,0.090982
14.997351,-0.618563,0.372511,-0.535782,-0.068093,0.237469,0.089075
15.007407,-0.610933,0.377089,-0.538453,-0.069238,0.230983,0.087167
15.017461,-0.600252,0.384718,-0.541123,-0.071145,0.221065,0.084497
15.027525,-0.593385,0.389296,-0.543030,-0.073053,0.214961,0.082589
15.037585,-0.583085,0.396544,-0.546082,-0.076104,0.205806,0.079538
15.047643,-0.576219,0.401122,-0.547608,-0.077630,0.199321,0.077249
15.057703,-0.566300,0.407988,-0.550278,-0.081064,0.190166,0.074197
15.067756,-0.559815,0.412947,-0.551804,-0.082971,0.184825,0.072290
15.077809,-0.550660,0.420195,-0.553330,-0.086786,0.176814,0.069238
15.087830,-0.544556,0.424773,-0.554856,-0.089837,0.171473,0.067330
15.097883,-0.538453,0.428969,-0.555619,-0.092889,0.166133,0.065805
15.107934,-0.529679,0.435836,-0.556764,-0.097467,0.158503,0.063516
15.117988,-0.524338,0.440414,-0.557527,-0.100519,0.153925,0.061990
15.128041,-0.515946,0.447280,-0.558289,-0.105478,0.146296,0.059701
15.138096,-0.510605,0.451476,-0.558671,-0.108911,0.141718,0.058556
15.148148,-0.502976,0.457961,-0.559434,-0.113870,0.135996,0.057031
15.158203,-0.498016,0.462539,-0.559815,-0.117685,0.131800,0.055886
15.168255,-0.490768,0.468643,-0.560578,-0.123026,0.124933,0.054742
15.178308,-0.486191,0.472839,-0.560578,-0.126841,0.120356,0.053597
15.188362,-0.478943,0.478561,-0.560578,-0.132181,0.113489,0.052453
15.198414,-0.475128,0.482757,-0.560578,-0.135615,0.109293,0.051690
15.208472,-0.468643,0.488479,-0.560578,-0.141337,0.104715,0.050164
15.218527,-0.464828,0.492676,-0.560578,-0.145151,0.102045,0.049401
15.228579,-0.459487,0.498398,-0.560578,-0.150492,0.098230,0.048257
15.238633,-0.455291,0.501831,-0.560578,-0.154307,0.096704,0.047494
15.248694,-0.450713,0.507553,-0.560578,-0.159648,0.092508,0.046349
15.258758,-0.446899,0.510986,-0.560578,-0.163462,0.090600,0.045205
15.268823,-0.441558,0.515946,-0.560578,-0.169184,0.087167,0.043679
15.278881,-0.438888,0.520142,-0.560578,-0.173381,0.084115,0.042153
15.288949,-0.434310,0.524720,-0.560578,-0.180247,0.080301,0.040246
15.299013,-0.430495,0.528153,-0.560578,-0.184825,0.076867,0.039101
15.309072,-0.426299,0.533494,-0.560197,-0.191691,0.070764,0.036812
15.319126,-0.423629,0.536164,-0.560197,-0.196269,0.067330,0.035286
15.329178,-0.419051,0.540360,-0.560197,-0.202754,0.063134,0.032998
15.339239,-0.416762,0.543793,-0.560197,-0.207332,0.061227,0.031090
15.349300,-0.413710,0.547990,-0.560197,-0.214199,0.058556,0.029183
15.359360,-0.411421,0.550278,-0.560197,-0.218395,0.057794,0.028038
15.369422,-0.409514,0.552949,-0.560197,-0.222591,0.057412,0.026513
15.379484,-0.406081,0.556764,-0.560197,-0.229076,0.055886,0.024987
15.389545,-0.404555,0.559434,-0.559815,-0.233272,0.055123,0.023842
15.399607,-0.401884,0.562104,-0.559052,-0.239376,0.055123,0.023079
15.409667,-0.399977,0.564393,-0.559052,-0.243572,0.055123,0.022316
15.419722,-0.397307,0.567063,-0.558289,-0.250057,0.054360,0.021553
15.429785,-0.395018,0.569352,-0.557908,-0.254253,0.053597,0.020790
15.439845,-0.392348,0.572023,-0.556764,-0.260739,0.051690,0.020027
15.449907,-0.391203,0.573548,-0.556001,-0.264935,0.050927,0.019646
15.459967,-0.388914,0.575456,-0.554475,-0.271420,0.048638,0.018883
15.470028,-0.387007,0.576982,-0.553330,-0.275998,0.047494,0.018120
15.480082,-0.384718,0.579652,-0.551804,-0.282101,0.044442,0.017739
15.490132,-0.383192,0.580797,-0.550278,-0.285916,0.042535,0.016976
15.500183,-0.380903,0.582322,-0.548371,-0.292020,0.037957,0.016594
15.510237,-0.379377,0.583467,-0.547227,-0.295834,0.034905,0.016213
15.520290,-0.378233,0.584993,-0.544938,-0.300793,0.030327,0.015450
15.530354,-0.377089,0.586137,-0.543030,-0.303845,0.027657,0.015450
15.540417,-0.375563,0.587282,-0.541505,-0.308804,0.024987,0.014687
15.550475,-0.375181,0.588045,-0.539979,-0.311856,0.023461,0.014687
15.560539,-0.374037,0.589570,-0.536927,-0.316434,0.021172,0.014305
15.570592,-0.373274,0.590715,-0.535401,-0.319486,0.020409,0.014305
15.580644,-0.371748,0.592622,-0.533494,-0.324445,0.018883,0.013924
15.590695,-0.370985,0.593385,-0.531205,-0.327115,0.017739,0.013924
15.600747,-0.369459,0.594148,-0.528534,-0.331693,0.016976,0.013542
15.610797,-0.369078,0.594911,-0.527008,-0.335126,0.016594,0.013161
15.620832,-0.368315,0.595674,-0.523957,-0.339322,0.016594,0.013161
15.630881,-0.367933,0.596056,-0.522049,-0.342374,0.017739,0.013161
15.640945,-0.367552,0.596437,-0.520523,-0.345045,0.018120,0.012779
15.651008,-0.367170,0.597581,-0.517472,-0.348478,0.018502,0.012398
15.661069,-0.366789,0.597963,-0.515564,-0.350767,0.018120,0.012398
15.671133,-0.366407,0.599107,-0.512512,-0.354582,0.017739,0.012016
15.681197,-0.366407,0.599489,-0.510986,-0.356870,0.017357,0.012016
15.691261,-0.366407,0.600252,-0.507935,-0.359541,0.016976,0.012016
15.701321,-0.366407,0.601015,-0.505646,-0.361448,0.016976,0.012016
15.711383,-0.366407,0.601778,-0.502976,-0.363355,0.016976,0.012016
15.721448,-0.366026,0.602159,-0.501068,-0.364881,0.016976,0.011635
15.731522,-0.365644,0.602922,-0.498398,-0.367933,0.016976,0.011635
15.741579,-0.365644,0.604067,-0.496872,-0.369459,0.016976,0.011635
15.751644,-0.365263,0.605211,-0.493820,-0.371366,0.016976,0.011635
15.761705,-0.364881,0.605974,-0.491913,-0.372511,0.016594,0.011635
15.771768,-0.364500,0.606737,-0.489624,-0.374418,0.016594,0.011254
15.781820,-0.364500,0.607118,-0.487716,-0.375563,0.016594,0.011254
15.791881,-0.363737,0.607881,-0.485046,-0.377089,0.016594,0.011254
15.801933,-0.363355,0.608263,-0.483520,-0.378233,0.016594,0.011254
15.811993,-0.362974,0.608644,-0.480850,-0.379377,0.016594,0.011254
15.822059,-0.362974,0.609026,-0.478943,-0.380140,0.016594,0.011254
15.832116,-0.362593,0.609026,-0.476654,-0.381666,0.016594,0.011254
15.842179,-0.362211,0.609026,-0.474746,-0.382811,0.016594,0.011254
15.852240,-0.361448,0.609026,-0.472457,-0.383574,0.016594,0.011254
15.862300,-0.361067,0.609026,-0.470932,-0.384718,0.016594,0.011254
15.872364,-0.360685,0.609026,-0.468643,-0.385481,0.016594,0.010872
15.882424,-0.360304,0.609026,-0.467498,-0.386244,0.016594,0.011254
15.892486,-0.359541,0.608644,-0.465209,-0.387770,0.015831,0.011254
15.902546,-0.358778,0.608644,-0.464065,-0.388914,0.015068,0.010872
15.912631,-0.357633,0.608644,-0.462158,-0.390059,0.014305,0.010872
15.922693,-0.357252,0.608644,-0.461395,-0.390822,0.014305,0.011254
15.932754,-0.357252,0.608644,-0.460632,-0.391585,0.014687,0.010872
15.942815,-0.356870,0.608644,-0.459106,-0.392348,0.015450,0.010872
15.952875,-0.356870,0.608644,-0.458343,-0.393111,0.015068,0.010872
15.962929,-0.356870,0.608644,-0.456817,-0.394636,0.014687,0.010872
15.972987,-0.356870,0.608644,-0.456054,-0.395399,0.015068,0.010872
15.983050,-0.356870,0.608644,-0.455291,-0.395781,0.014687,0.010872
15.993112,-0.356870,0.608644,-0.454910,-0.396162,0.014687,0.010872
