t,px,py,pz,qw,qx,qy,qz
0.000000,0.142295,-0.050286,0.297007,0.980466,-0.018140,-0.092623,-0.172561
0.010053,0.142295,-0.050286,0.297007,0.980466,-0.018140,-0.092623,-0.172561
0.020105,0.142295,-0.050286,0.297007,0.980466,-0.018140,-0.092623,-0.172561
0.030157,0.142295,-0.050286,0.297007,0.980466,-0.018140,-0.092623,-0.172561
0.040209,0.142295,-0.050286,0.297007,0.980466,-0.018140,-0.092623,-0.172561
0.050261,0.142295,-0.050286,0.297007,0.980466,-0.018140,-0.092623,-0.172561
0.060315,0.142295,-0.050286,0.297007,0.980466,-0.018140,-0.092623,-0.172561
0.070367,0.142295,-0.050286,0.297007,0.980466,-0.018140,-0.092623,-0.172561
0.080418,0.142295,-0.050286,0.297007,0.980466,-0.018140,-0.092623,-0.172561
0.090470,0.142295,-0.050286,0.297007,0.980466,-0.018140,-0.092623,-0.172561
0.100543,0.142295,-0.050286,0.297007,0.980466,-0.018140,-0.092623,-0.172561
0.110595,0.142295,-0.050286,0.297007,0.980466,-0.018140,-0.092623,-0.172561
0.120647,0.142295,-0.050286,0.297007,0.980466,-0.018140,-0.092623,-0.172561
0.130698,0.142295,-0.050286,0.297007,0.980466,-0.018140,-0.092623,-0.172561
0.140750,0.142295,-0.050286,0.297007,0.980466,-0.018140,-0.092623,-0.172561
0.150802,0.142295,-0.050286,0.297007,0.980466,-0.018140,-0.092623,-0.172561
0.160854,0.142295,-0.050286,0.297007,0.980466,-0.018140,-0.092623,-0.172561
0.170905,0.142295,-0.050286,0.297007,0.980466,-0.018140,-0.092623,-0.172561
0.180957,0.142295,-0.050286,0.297007,0.980466,-0.018140,-0.092623,-0.172561
0.190969,0.142295,-0.050286,0.297007,0.980466,-0.018140,-0.092623,-0.172561
0.201020,0.142295,-0.050286,0.297007,0.980466,-0.018140,-0.092623,-0.172561
0.211072,0.142295,-0.050286,0.297007,0.980466,-0.018140,-0.092623,-0.172561
0.221124,0.142295,-0.050286,0.297007,0.980466,-0.018140,-0.092623,-0.172561
0.231176,0.142295,-0.050286,0.297007,0.980466,-0.018140,-0.092623,-0.172561
0.241228,0.142295,-0.050286,0.297007,0.980466,-0.018140,-0.092623,-0.172561
0.251280,0.142295,-0.050286,0.297007,0.980466,-0.018140,-0.092623,-0.172561
0.261332,0.142295,-0.050286,0.297007,0.980466,-0.018140,-0.092623,-0.172561
0.271383,0.142295,-0.050286,0.297007,0.980466,-0.018140,-0.092623,-0.172561
0.281435,0.142295,-0.050286,0.297007,0.980466,-0.018140,-0.092623,-0.172561
0.291555,0.142295,-0.050286,0.297007,0.980466,-0.018140,-0.092623,-0.172561
0.301607,0.142295,-0.050286,0.297007,0.980466,-0.018140,-0.092623,-0.172561
0.311658,0.142295,-0.050286,0.297007,0.980466,-0.018140,-0.092623,-0.172561
0.321710,0.142295,-0.050286,0.297007,0.980466,-0.018140,-0.092623,-0.172561
0.331762,0.142295,-0.050286,0.297007,0.980466,-0.018140,-0.092623,-0.172561
0.341813,0.142295,-0.050286,0.297007,0.980466,-0.018140,-0.092623,-0.172561
0.351865,0.142314,-0.050231,0.297007,0.980499,-0.018122,-0.092627,-0.172374
0.361917,0.142295,-0.050286,0.297007,0.980466,-0.018140,-0.092623,-0.172561
0.371970,0.142295,-0.050286,0.297007,0.980466,-0.018140,-0.092623,-0.172561
0.382022,0.142295,-0.050286,0.297007,0.980466,-0.018140,-0.092623,-0.172561
0.392075,0.142295,-0.050286,0.297007,0.980466,-0.018140,-0.092623,-0.172561
0.402128,0.142295,-0.050286,0.297007,0.980466,-0.018140,-0.092623,-0.172561
0.412181,0.142295,-0.050286,0.297007,0.980466,-0.018140,-0.092623,-0.172561
0.422232,0.142295,-0.050286,0.297007,0.980466,-0.018140,-0.092623,-0.172561
0.432284,0.142295,-0.050286,0.297007,0.980466,-0.018140,-0.092623,-0.172561
0.442342,0.142295,-0.050286,0.297007,0.980466,-0.018140,-0.092623,-0.172561
0.452404,0.142295,-0.050286,0.297007,0.980466,-0.018140,-0.092623,-0.172561
0.462467,0.142295,-0.050286,0.297007,0.980466,-0.018140,-0.092623,-0.172561
0.472531,0.142295,-0.050286,0.297007,0.980466,-0.018140,-0.092623,-0.172561
0.482588,0.142295,-0.050286,0.297007,0.980466,-0.018140,-0.092623,-0.172561
0.492639,0.142314,-0.050231,0.297007,0.980499,-0.018122,-0.092627,-0.172374
0.502691,0.142295,-0.050286,0.297007,0.980466,-0.018140,-0.092623,-0.172561
0.512743,0.142295,-0.050286,0.297007,0.980466,-0.018140,-0.092623,-0.172561
0.522795,0.142295,-0.050286,0.297007,0.980466,-0.018140,-0.092623,-0.172561
0.532846,0.142295,-0.050286,0.297007,0.980466,-0.018140,-0.092623,-0.172561
0.542898,0.142295,-0.050286,0.297007,0.980466,-0.018140,-0.092623,-0.172561
0.552949,0.142295,-0.050286,0.297007,0.980466,-0.018140,-0.092623,-0.172561
0.562969,0.142295,-0.050286,0.297007,0.980466,-0.018140,-0.092623,-0.172561
0.572980,0.142295,-0.050286,0.297007,0.980466,-0.018140,-0.092623,-0.172561
0.583032,0.142295,-0.050286,0.297007,0.980466,-0.018140,-0.092623,-0.172561
0.593085,0.142295,-0.050286,0.297007,0.980466,-0.018140,-0.092623,-0.172561
0.603137,0.142295,-0.050286,0.297007,0.980466,-0.018140,-0.092623,-0.172561
0.613189,0.142295,-0.050286,0.297007,0.980466,-0.018140,-0.092623,-0.172561
0.623241,0.142295,-0.050286,0.297007,0.980466,-0.018140,-0.092623,-0.172561
0.633294,0.142295,-0.050286,0.297007,0.980466,-0.018140,-0.092623,-0.172561
0.643346,0.142295,-0.050286,0.297007,0.980466,-0.018140,-0.092623,-0.172561
0.653398,0.142295,-0.050286,0.297007,0.980466,-0.018140,-0.092623,-0.172561
0.663451,0.142295,-0.050286,0.297007,0.980466,-0.018140,-0.092623,-0.172561
0.673503,0.142295,-0.050286,0.297007,0.980466,-0.018140,-0.092623,-0.172561
0.683554,0.142295,-0.050286,0.297007,0.980466,-0.018140,-0.092623,-0.172561
0.693606,0.142295,-0.050286,0.297007,0.980466,-0.018140,-0.092623,-0.172561
0.703658,0.142295,-0.050286,0.297007,0.980466,-0.018140,-0.092623,-0.172561
0.713710,0.142295,-0.050286,0.297007,0.980466,-0.018140,-0.092623,-0.172561
0.723762,0.142295,-0.050286,0.297007,0.980466,-0.018140,-0.092623,-0.172561
0.733814,0.142295,-0.050286,0.297007,0.980466,-0.018140,-0.092623,-0.172561
0.743866,0.142295,-0.050286,0.297007,0.980466,-0.018140,-0.092623,-0.172561
0.753917,0.142295,-0.050286,0.297007,0.980466,-0.018140,-0.092623,-0.172561
0.763969,0.142295,-0.050286,0.297007,0.980466,-0.018140,-0.092623,-0.172561
0.774021,0.142295,-0.050286,0.297007,0.980466,-0.018140,-0.092623,-0.172561
0.784073,0.142295,-0.050286,0.297007,0.980466,-0.018140,-0.092623,-0.172561
0.794125,0.142295,-0.050286,0.297007,0.980466,-0.018140,-0.092623,-0.172561
0.804177,0.142295,-0.050286,0.297007,0.980466,-0.018140,-0.092623,-0.172561
0.814229,0.142295,-0.050286,0.297007,0.980466,-0.018140,-0.092623,-0.172561
0.824280,0.142295,-0.050286,0.297007,0.980466,-0.018140,-0.092623,-0.172561
0.834332,0.142295,-0.050286,0.297007,0.980466,-0.018140,-0.092623,-0.172561
0.844384,0.142295,-0.050286,0.297007,0.980466,-0.018140,-0.092623,-0.172561
0.854436,0.142295,-0.050286,0.297007,0.980466,-0.018140,-0.092623,-0.172561
0.864487,0.142295,-0.050286,0.297007,0.980466,-0.018140,-0.092623,-0.172561
0.874540,0.142295,-0.050286,0.297007,0.980466,-0.018140,-0.092623,-0.172561
0.884597,0.142295,-0.050286,0.297007,0.980466,-0.018140,-0.092623,-0.172561
0.894649,0.142295,-0.050286,0.297007,0.980466,-0.018140,-0.092623,-0.172561
0.904701,0.142295,-0.050286,0.297007,0.980466,-0.018140,-0.092623,-0.172561
0.914753,0.142284,-0.050282,0.297140,0.980449,-0.018171,-0.092811,-0.172559
0.924804,0.142284,-0.050282,0.297140,0.980449,-0.018171,-0.092811,-0.172559
0.934856,0.142284,-0.050282,0.297140,0.980449,-0.018171,-0.092811,-0.172559
0.944907,0.142274,-0.050278,0.297272,0.980431,-0.018202,-0.092998,-0.172556
0.954959,0.142274,-0.050278,0.297272,0.980431,-0.018202,-0.092998,-0.172556
0.964970,0.142264,-0.050275,0.297405,0.980413,-0.018233,-0.093185,-0.172553
0.975024,0.142253,-0.050271,0.297538,0.980395,-0.018264,-0.093373,-0.172551
0.985077,0.142253,-0.050271,0.297538,0.980395,-0.018264,-0.093373,-0.172551
0.995129,0.142243,-0.050267,0.297670,0.980377,-0.018295,-0.093560,-0.172548
1.005181,0.142243,-0.050267,0.297670,0.980377,-0.018295,-0.093560,-0.172548
1.015233,0.142232,-0.050264,0.297803,0.980359,-0.018326,-0.093747,-0.172546
1.025284,0.142232,-0.050264,0.297803,0.980359,-0.018326,-0.093747,-0.172546
1.035336,0.142222,-0.050260,0.297935,0.980341,-0.018357,-0.093935,-0.172543
1.045387,0.142211,-0.050256,0.298068,0.980323,-0.018388,-0.094122,-0.172540
1.055439,0.142200,-0.050253,0.298201,0.980305,-0.018419,-0.094309,-0.172538
1.065491,0.142190,-0.050249,0.298333,0.980287,-0.018450,-0.094497,-0.172535
1.075544,0.142179,-0.050245,0.298466,0.980268,-0.018481,-0.094684,-0.172532
1.085596,0.142244,-0.050268,0.298416,0.980287,-0.018450,-0.094497,-0.172535
1.095647,0.142168,-0.050241,0.298599,0.980250,-0.018512,-0.094871,-0.172530
1.105699,0.142146,-0.050234,0.298864,0.980214,-0.018574,-0.095246,-0.172524
1.115751,0.142201,-0.050253,0.298947,0.980214,-0.018574,-0.095246,-0.172524
1.125803,0.142124,-0.050226,0.299129,0.980177,-0.018636,-0.095620,-0.172519
1.135854,0.142168,-0.050241,0.299344,0.980158,-0.018667,-0.095808,-0.172516
1.145906,0.142134,-0.050229,0.299742,0.980103,-0.018760,-0.096369,-0.172508
1.155958,0.142119,-0.050224,0.299971,0.980084,-0.018791,-0.096557,-0.172505
1.165971,0.142073,-0.050208,0.300501,0.980010,-0.018915,-0.097306,-0.172494
1.176024,0.142050,-0.050200,0.300766,0.979972,-0.018977,-0.097680,-0.172489
1.186076,0.142015,-0.050187,0.301164,0.979916,-0.019070,-0.098242,-0.172481
1.196129,0.141992,-0.050179,0.301429,0.979878,-0.019132,-0.098616,-0.172475
1.206191,0.141956,-0.050167,0.301827,0.979821,-0.019225,-0.099178,-0.172467
1.216255,0.141932,-0.050158,0.302092,0.979783,-0.019286,-0.099553,-0.172461
1.226319,0.141817,-0.050118,0.302671,0.979687,-0.019441,-0.100489,-0.172447
1.236384,0.141792,-0.050109,0.302936,0.979648,-0.019503,-0.100863,-0.172441
1.246444,0.141767,-0.050100,0.303201,0.979609,-0.019565,-0.101237,-0.172435
1.256508,0.141742,-0.050091,0.303466,0.979570,-0.019627,-0.101612,-0.172429
1.266571,0.141692,-0.050074,0.303996,0.979492,-0.019751,-0.102360,-0.172418
1.276633,0.141666,-0.050065,0.304261,0.979452,-0.019813,-0.102735,-0.172412
1.286695,0.141681,-0.050070,0.304741,0.979393,-0.019906,-0.103296,-0.172403
1.296759,0.141655,-0.050061,0.305006,0.979353,-0.019968,-0.103670,-0.172397
1.306825,0.141616,-0.050047,0.305403,0.979293,-0.020060,-0.104232,-0.172388
1.316876,0.141570,-0.050092,0.305668,0.979220,-0.020142,-0.104602,-0.172569
1.326929,0.141557,-0.050087,0.305800,0.979200,-0.020173,-0.104789,-0.172566
1.336970,0.141449,-0.050049,0.306247,0.979120,-0.020297,-0.105537,-0.172554
1.347022,0.141435,-0.050044,0.306379,0.979099,-0.020328,-0.105725,-0.172551
1.357074,0.141375,-0.050084,0.306776,0.979005,-0.020441,-0.106282,-0.172728
1.367125,0.141347,-0.050074,0.307041,0.978964,-0.020503,-0.106656,-0.172722
1.377188,0.141286,-0.050113,0.307437,0.978870,-0.020617,-0.107213,-0.172900
1.387251,0.141253,-0.050162,0.307570,0.978816,-0.020668,-0.107396,-0.173083
1.397315,0.141206,-0.050206,0.307834,0.978742,-0.020751,-0.107766,-0.173264
1.407376,0.141139,-0.050303,0.308099,0.978634,-0.020855,-0.108132,-0.173631
1.417439,0.141061,-0.050387,0.308496,0.978538,-0.021011,-0.108682,-0.173808
1.427502,0.140982,-0.050541,0.308724,0.978418,-0.021104,-0.108857,-0.174365
1.437562,0.140869,-0.050673,0.309253,0.978267,-0.021314,-0.109590,-0.174725
1.447626,0.140817,-0.050725,0.309517,0.978159,-0.021376,-0.109963,-0.175092
1.457687,0.140719,-0.050811,0.310046,0.978007,-0.021545,-0.110702,-0.175452
1.467749,0.140705,-0.050806,0.310178,0.977986,-0.021576,-0.110889,-0.175449
1.477812,0.140640,-0.050843,0.310575,0.977888,-0.021693,-0.111445,-0.175625
1.487876,0.140625,-0.050838,0.310707,0.977867,-0.021724,-0.111632,-0.175622
1.497931,0.140595,-0.050827,0.310971,0.977824,-0.021787,-0.112006,-0.175615
1.507982,0.140510,-0.050796,0.311153,0.977781,-0.021851,-0.112380,-0.175609
1.518042,0.140410,-0.050760,0.311466,0.977716,-0.021946,-0.112940,-0.175599
1.528102,0.140320,-0.050719,0.311743,0.977706,-0.022031,-0.113310,-0.175405
1.538155,0.140321,-0.050719,0.311803,0.977727,-0.021999,-0.113124,-0.175409
1.548219,0.140298,-0.050711,0.312091,0.977727,-0.021999,-0.113124,-0.175409
1.558272,0.140267,-0.050699,0.312415,0.977706,-0.022031,-0.113310,-0.175405
1.568325,0.140243,-0.050691,0.312702,0.977710,-0.021844,-0.113344,-0.175384
1.578377,0.140211,-0.050679,0.313026,0.977688,-0.021876,-0.113531,-0.175380
1.588429,0.140195,-0.050674,0.313277,0.977710,-0.021844,-0.113344,-0.175384
1.598491,0.140170,-0.050665,0.313565,0.977710,-0.021844,-0.113344,-0.175384
1.608554,0.140137,-0.050653,0.313948,0.977710,-0.021844,-0.113344,-0.175384
1.618618,0.140128,-0.050650,0.314103,0.977732,-0.021812,-0.113157,-0.175387
1.628679,0.140040,-0.050618,0.314404,0.977732,-0.021812,-0.113157,-0.175387
1.638743,0.140023,-0.050612,0.314595,0.977732,-0.021812,-0.113157,-0.175387
1.648806,0.140005,-0.050605,0.314846,0.977753,-0.021781,-0.112970,-0.175391
1.658871,0.139950,-0.050585,0.314883,0.977797,-0.021717,-0.112597,-0.175397
1.668932,0.139912,-0.050632,0.315134,0.977785,-0.021707,-0.112406,-0.175587
1.678995,0.139823,-0.050600,0.315374,0.977763,-0.021739,-0.112593,-0.175584
1.689058,0.139821,-0.050599,0.315493,0.977806,-0.021676,-0.112219,-0.175591
1.699112,0.139747,-0.050573,0.315662,0.977828,-0.021644,-0.112032,-0.175594
1.709164,0.139701,-0.050556,0.316140,0.977828,-0.021644,-0.112032,-0.175594
1.719228,0.139690,-0.050552,0.316295,0.977849,-0.021612,-0.111845,-0.175597
1.729289,0.139670,-0.050545,0.316546,0.977871,-0.021580,-0.111658,-0.175601
1.739342,0.139658,-0.050541,0.316701,0.977892,-0.021549,-0.111472,-0.175604
1.749394,0.139637,-0.050533,0.316952,0.977913,-0.021517,-0.111285,-0.175607
1.759445,0.139579,-0.050572,0.317335,0.977880,-0.021538,-0.111281,-0.175794
1.769497,0.139562,-0.050557,0.317526,0.977913,-0.021560,-0.111278,-0.175607
1.779549,0.139534,-0.050597,0.317681,0.977935,-0.021570,-0.111083,-0.175611
1.789600,0.139517,-0.050582,0.317872,0.977968,-0.021592,-0.111080,-0.175424
1.799652,0.139496,-0.050596,0.318087,0.978110,-0.021634,-0.110690,-0.174871
1.809704,0.139463,-0.050616,0.318337,0.978198,-0.021687,-0.110489,-0.174501
1.819757,0.139352,-0.050569,0.318769,0.978375,-0.021889,-0.110650,-0.173378
1.829808,0.139258,-0.050528,0.319068,0.978572,-0.022059,-0.110623,-0.172258
1.839859,0.139276,-0.050560,0.319042,0.978960,-0.022115,-0.109462,-0.170784
1.849910,0.139165,-0.050563,0.319341,0.979154,-0.022325,-0.109427,-0.169663
1.859962,0.139050,-0.050625,0.319567,0.979356,-0.022488,-0.109015,-0.168735
1.869970,0.138898,-0.050572,0.319783,0.979516,-0.022634,-0.108991,-0.167801
1.880023,0.138672,-0.050542,0.319975,0.979696,-0.022788,-0.108772,-0.166870
1.890076,0.138515,-0.050497,0.320191,0.979822,-0.022913,-0.108751,-0.166122
1.900137,0.138313,-0.050564,0.320465,0.979874,-0.023024,-0.108538,-0.165938
1.910201,0.138158,-0.050598,0.320512,0.979948,-0.023058,-0.108146,-0.165757
1.920265,0.137907,-0.050816,0.320750,0.979957,-0.023214,-0.107730,-0.165950
1.930326,0.137707,-0.050883,0.320965,0.979988,-0.023359,-0.107702,-0.165763
1.940389,0.137518,-0.050953,0.321166,0.980082,-0.023395,-0.107117,-0.165585
1.950452,0.137305,-0.050992,0.321513,0.979998,-0.023472,-0.107294,-0.165956
1.960585,0.136982,-0.050950,0.321846,0.979903,-0.023451,-0.107296,-0.166517
1.970648,0.136815,-0.050946,0.322024,0.979892,-0.023436,-0.107106,-0.166707
1.980701,0.136639,-0.050940,0.322238,0.979860,-0.023456,-0.107101,-0.166894
1.990753,0.136284,-0.050974,0.322570,0.979831,-0.022043,-0.107340,-0.167104
2.000805,0.136115,-0.050969,0.322748,0.979820,-0.022027,-0.107149,-0.167294
2.010857,0.135791,-0.050955,0.322984,0.979788,-0.022088,-0.107137,-0.167481
2.020909,0.135522,-0.050903,0.323376,0.979746,-0.022202,-0.107501,-0.167474
2.030961,0.135273,-0.050907,0.323563,0.979767,-0.022248,-0.107299,-0.167478
2.040970,0.135083,-0.050952,0.323740,0.979724,-0.022252,-0.107104,-0.167855
2.050979,0.134704,-0.050984,0.324142,0.979586,-0.022387,-0.107464,-0.168409
2.061031,0.134494,-0.051079,0.324317,0.979510,-0.022411,-0.107265,-0.168973
2.071083,0.133988,-0.051218,0.324788,0.979409,-0.020371,-0.107805,-0.169470
2.081135,0.133686,-0.051257,0.325141,0.979357,-0.020511,-0.107971,-0.169653
2.091187,0.133465,-0.051328,0.325433,0.979386,-0.020501,-0.107393,-0.169851
2.101238,0.133268,-0.051377,0.325608,0.979309,-0.020484,-0.107204,-0.170416
2.111302,0.132947,-0.051437,0.326019,0.979179,-0.020525,-0.107196,-0.171163
2.121355,0.132674,-0.051436,0.326276,0.979126,-0.020624,-0.107370,-0.171346
2.131407,0.132233,-0.051380,0.326721,0.978999,-0.020779,-0.107919,-0.171708
2.141460,0.132053,-0.051483,0.327051,0.978880,-0.020878,-0.108093,-0.172264
2.151512,0.131694,-0.051496,0.327317,0.978826,-0.021019,-0.108258,-0.172447
2.161564,0.131493,-0.051522,0.327526,0.978793,-0.021081,-0.108245,-0.172633
2.171619,0.131203,-0.051552,0.327782,0.978773,-0.021244,-0.108405,-0.172630
2.181673,0.130702,-0.051554,0.328353,0.978853,-0.020195,-0.109348,-0.171701
2.191724,0.130428,-0.051559,0.328571,0.978952,-0.020381,-0.109307,-0.171141
2.201778,0.130029,-0.051686,0.329145,0.978747,-0.020565,-0.109658,-0.172066
2.211831,0.129826,-0.051729,0.329316,0.978669,-0.020546,-0.109470,-0.172630
2.221866,0.129554,-0.051791,0.329424,0.978632,-0.020490,-0.108902,-0.173203
2.231928,0.129159,-0.051802,0.329817,0.978492,-0.020632,-0.109261,-0.173754
2.241982,0.128745,-0.051805,0.330303,0.978350,-0.020774,-0.109620,-0.174306
2.252043,0.128513,-0.051767,0.330389,0.978338,-0.020755,-0.109431,-0.174496
2.262106,0.128142,-0.051843,0.330886,0.978205,-0.020838,-0.109415,-0.175243
2.272171,0.127900,-0.051848,0.330934,0.978213,-0.020820,-0.109031,-0.175438
2.282232,0.127320,-0.051929,0.331305,0.978058,-0.021027,-0.109183,-0.176180
2.292295,0.126952,-0.051927,0.331563,0.978004,-0.021171,-0.109345,-0.176362
2.302358,0.126552,-0.051985,0.331842,0.978059,-0.021359,-0.109110,-0.176180
2.312422,0.126340,-0.052027,0.332010,0.978149,-0.019783,-0.109194,-0.175811
2.322486,0.125813,-0.052095,0.332462,0.978096,-0.020052,-0.109329,-0.175993
2.332548,0.125532,-0.052106,0.332637,0.978151,-0.020155,-0.109110,-0.175811
2.342611,0.125145,-0.052118,0.332914,0.978206,-0.020299,-0.108882,-0.175629
2.352675,0.124855,-0.052124,0.333124,0.978240,-0.020443,-0.108848,-0.175443
2.362733,0.124216,-0.052145,0.333437,0.978301,-0.020879,-0.109134,-0.174874
2.372786,0.123853,-0.052058,0.333761,0.978473,-0.021277,-0.109619,-0.173555
2.382838,0.123600,-0.052019,0.333876,0.978706,-0.021546,-0.109549,-0.172249
2.392890,0.123074,-0.051916,0.334235,0.978883,-0.021880,-0.109658,-0.171124
2.402941,0.122672,-0.051943,0.334522,0.978777,-0.022094,-0.109998,-0.171489
2.412992,0.122127,-0.051942,0.334786,0.978724,-0.022327,-0.110138,-0.171671
2.423056,0.121797,-0.051914,0.334869,0.978811,-0.022448,-0.109911,-0.171303
2.433119,0.121158,-0.051829,0.335302,0.978848,-0.022856,-0.110393,-0.170729
2.443184,0.120837,-0.051902,0.335471,0.978902,-0.023039,-0.110151,-0.170547
2.453246,0.120362,-0.051867,0.335780,0.979117,-0.021110,-0.110456,-0.169362
2.463298,0.120057,-0.051900,0.335948,0.979172,-0.021251,-0.110223,-0.169180
2.473350,0.119440,-0.051900,0.336427,0.979099,-0.021575,-0.110533,-0.169358
2.483402,0.119050,-0.051877,0.336708,0.978993,-0.021754,-0.110881,-0.169721
2.493454,0.118621,-0.051964,0.336953,0.978777,-0.021886,-0.111050,-0.170837
2.503515,0.118096,-0.051932,0.337151,0.978637,-0.022088,-0.111393,-0.171387
2.513577,0.117489,-0.052021,0.337441,0.978473,-0.018808,-0.112348,-0.172091
2.523641,0.117222,-0.052104,0.337672,0.978354,-0.018963,-0.112509,-0.172645
2.533706,0.116701,-0.052092,0.337795,0.978322,-0.019153,-0.112461,-0.172832
2.543770,0.116328,-0.052201,0.337777,0.978279,-0.019316,-0.112226,-0.173211
2.553831,0.115755,-0.052195,0.338062,0.978240,-0.019667,-0.112524,-0.173200
2.563895,0.115388,-0.052206,0.338172,0.978208,-0.019815,-0.112486,-0.173387
2.573959,0.114658,-0.052330,0.338243,0.977922,-0.020079,-0.112627,-0.174874
2.584025,0.114287,-0.052346,0.338352,0.977856,-0.020207,-0.112596,-0.175247
2.594089,0.113757,-0.052361,0.338432,0.977846,-0.020389,-0.112351,-0.175440
2.604142,0.113280,-0.052399,0.338579,0.977831,-0.018807,-0.112806,-0.175407
2.614194,0.113030,-0.052429,0.338516,0.977943,-0.018914,-0.112378,-0.175047
2.624256,0.112391,-0.052470,0.338632,0.977913,-0.019230,-0.112291,-0.175235
2.634316,0.111852,-0.052439,0.338817,0.977806,-0.019503,-0.112612,-0.175596
2.644378,0.111382,-0.052557,0.338795,0.977836,-0.017715,-0.112710,-0.175553
2.654431,0.111028,-0.052625,0.338734,0.977915,-0.017881,-0.112265,-0.175381
2.664483,0.110434,-0.052617,0.338752,0.978090,-0.018318,-0.112123,-0.174451
2.674535,0.110055,-0.052619,0.338852,0.978296,-0.018691,-0.111995,-0.173333
2.684587,0.109550,-0.052630,0.338792,0.978577,-0.019057,-0.111468,-0.172043
2.694639,0.109025,-0.052552,0.338969,0.978606,-0.019417,-0.111749,-0.171658
2.704691,0.108473,-0.052674,0.338909,0.978552,-0.019618,-0.111299,-0.172232
2.714743,0.108221,-0.052701,0.338842,0.978629,-0.019691,-0.110877,-0.172059
2.724794,0.107478,-0.052710,0.339018,0.978694,-0.018579,-0.111384,-0.171484
2.734846,0.107153,-0.052677,0.338986,0.978950,-0.018869,-0.111071,-0.170186
2.744898,0.106572,-0.052661,0.339176,0.979088,-0.019280,-0.110926,-0.169442
2.754949,0.106016,-0.052643,0.339347,0.978952,-0.019585,-0.111235,-0.169989
2.764969,0.105440,-0.052724,0.339409,0.978779,-0.019736,-0.111005,-0.171117
2.775021,0.105036,-0.052772,0.339504,0.978716,-0.019943,-0.110943,-0.171491
2.785099,0.104379,-0.052784,0.339635,0.978701,-0.020375,-0.111000,-0.171486
2.795151,0.103924,-0.052840,0.339854,0.978619,-0.020684,-0.111102,-0.171854
2.805203,0.103484,-0.052842,0.340109,0.978582,-0.021054,-0.111377,-0.171842
2.815255,0.102734,-0.052841,0.340273,0.978514,-0.021572,-0.111604,-0.172017
2.825307,0.102242,-0.052859,0.340399,0.978464,-0.021904,-0.111694,-0.172198
2.835373,0.101535,-0.052913,0.340595,0.978448,-0.019171,-0.112672,-0.171981
2.845439,0.101068,-0.052928,0.340664,0.978412,-0.019589,-0.112926,-0.171969
2.855503,0.100317,-0.052977,0.340730,0.978381,-0.020219,-0.113105,-0.171957
2.865565,0.099692,-0.052835,0.340994,0.978349,-0.020835,-0.113882,-0.171550
2.875628,0.099016,-0.052886,0.341093,0.978262,-0.021474,-0.114258,-0.171717
2.885692,0.098472,-0.052864,0.341193,0.978138,-0.021927,-0.114705,-0.172069
2.895757,0.097649,-0.052850,0.341324,0.978014,-0.018474,-0.116011,-0.172302
2.905819,0.097221,-0.052820,0.341315,0.978054,-0.018750,-0.115903,-0.172119
2.915881,0.096408,-0.052780,0.341441,0.977914,-0.019449,-0.116459,-0.172462
2.925945,0.095924,-0.052838,0.341466,0.977765,-0.019777,-0.116555,-0.173202
2.935983,0.095147,-0.052740,0.341552,0.977746,-0.020433,-0.116907,-0.172995
2.946047,0.094694,-0.052710,0.341609,0.977779,-0.020914,-0.117117,-0.172609
2.956111,0.093915,-0.052590,0.341726,0.977773,-0.021666,-0.117626,-0.172207
2.966173,0.093341,-0.052605,0.341816,0.977616,-0.022205,-0.118037,-0.172744
2.976236,0.092773,-0.052637,0.341831,0.977571,-0.022689,-0.118052,-0.172926
2.986300,0.092251,-0.052572,0.341882,0.977536,-0.023137,-0.118279,-0.172912
2.996335,0.091823,-0.052514,0.341899,0.977554,-0.023491,-0.118335,-0.172721
3.006387,0.091154,-0.052514,0.341977,0.977570,-0.024274,-0.118617,-0.172329
3.016439,0.090645,-0.052415,0.342023,0.977636,-0.024790,-0.118798,-0.171757
3.026493,0.090071,-0.052440,0.342031,0.977737,-0.022196,-0.119312,-0.171182
3.036545,0.089531,-0.052403,0.342077,0.977636,-0.022653,-0.119540,-0.171540
3.046598,0.088806,-0.052329,0.342182,0.977563,-0.023437,-0.120027,-0.171510
3.056651,0.088421,-0.052319,0.342233,0.977562,-0.023918,-0.120226,-0.171310
3.066704,0.087717,-0.052239,0.342263,0.977565,-0.024577,-0.120345,-0.171112
3.076756,0.087306,-0.052288,0.342276,0.977554,-0.025051,-0.120342,-0.171107
3.086808,0.086561,-0.052216,0.342410,0.977460,-0.025971,-0.120968,-0.171069
3.096860,0.086122,-0.052110,0.342524,0.977447,-0.026595,-0.121506,-0.170665
3.106912,0.085449,-0.052109,0.342590,0.977294,-0.027303,-0.121823,-0.171202
3.116963,0.085020,-0.052118,0.342508,0.977214,-0.027697,-0.121861,-0.171569
3.126969,0.084361,-0.052104,0.342535,0.977116,-0.028351,-0.121986,-0.171930
3.137020,0.083930,-0.052002,0.342610,0.977091,-0.028884,-0.122358,-0.171720
3.147084,0.083164,-0.051938,0.342771,0.976905,-0.029914,-0.123138,-0.172045
3.157146,0.082760,-0.051930,0.342849,0.976847,-0.030522,-0.123477,-0.172023
3.167208,0.082087,-0.051850,0.342813,0.976725,-0.031226,-0.123779,-0.172374
3.177260,0.081626,-0.051836,0.342814,0.976575,-0.031585,-0.123837,-0.173112
3.187312,0.081158,-0.051815,0.342851,0.976402,-0.032028,-0.124064,-0.173841
3.197364,0.080365,-0.051631,0.343034,0.976188,-0.033075,-0.125035,-0.174155
3.207415,0.079979,-0.051596,0.343109,0.976093,-0.033628,-0.125400,-0.174318
3.217467,0.079357,-0.051542,0.343106,0.976016,-0.034522,-0.125799,-0.174288
3.227519,0.078802,-0.051419,0.343269,0.975922,-0.035476,-0.126583,-0.174053
3.237581,0.078259,-0.051359,0.343306,0.975888,-0.036465,-0.127128,-0.173643
3.247643,0.077835,-0.051350,0.343412,0.975770,-0.037213,-0.127600,-0.173798
3.257696,0.077085,-0.051141,0.343531,0.975594,-0.038432,-0.128670,-0.173731
3.267748,0.076680,-0.051106,0.343636,0.975475,-0.039142,-0.129157,-0.173884
3.277800,0.075960,-0.050908,0.343846,0.975296,-0.040378,-0.130214,-0.173817
3.287851,0.075557,-0.050867,0.343949,0.975174,-0.041096,-0.130693,-0.173971
3.297903,0.074985,-0.050744,0.344099,0.975145,-0.042236,-0.131350,-0.173366
3.307954,0.074476,-0.050544,0.344252,0.975075,-0.043167,-0.132123,-0.172944
3.318014,0.073858,-0.050429,0.344305,0.974975,-0.044323,-0.132776,-0.172711
3.328077,0.073463,-0.050369,0.344404,0.974886,-0.045083,-0.133219,-0.172679
3.338130,0.072814,-0.050151,0.344482,0.974757,-0.046247,-0.134078,-0.172435
3.348182,0.072332,-0.050067,0.344605,0.974573,-0.047110,-0.134686,-0.172765
3.358234,0.071736,-0.049860,0.344557,0.974536,-0.048242,-0.135329,-0.172160
3.368286,0.071324,-0.049760,0.344556,0.974477,-0.049043,-0.135735,-0.171943
3.378338,0.071016,-0.049660,0.344528,0.974510,-0.049700,-0.135993,-0.171364
3.388390,0.070271,-0.049432,0.344624,0.974250,-0.051019,-0.136984,-0.171667
3.398442,0.069917,-0.049351,0.344501,0.974181,-0.051660,-0.137264,-0.171644
3.408494,0.069529,-0.049356,0.344161,0.974074,-0.052310,-0.137330,-0.172003
3.418546,0.069038,-0.049185,0.344088,0.973848,-0.053077,-0.137988,-0.172515
3.428598,0.068625,-0.049238,0.343749,0.973604,-0.053684,-0.138098,-0.173614
3.438649,0.068205,-0.049056,0.343553,0.973506,-0.054380,-0.138560,-0.173581
3.448701,0.067812,-0.049010,0.343110,0.973501,-0.055112,-0.138552,-0.173385
3.458753,0.067569,-0.049024,0.342840,0.973449,-0.055543,-0.138516,-0.173566
3.468804,0.067112,-0.048927,0.342421,0.973699,-0.050595,-0.139707,-0.172722
3.478856,0.066834,-0.048839,0.342172,0.973725,-0.051151,-0.139794,-0.172337
3.488916,0.066546,-0.048900,0.341585,0.973708,-0.051637,-0.139498,-0.172533
3.498982,0.066279,-0.048908,0.341219,0.973589,-0.052022,-0.139499,-0.173083
3.509045,0.066016,-0.048935,0.340630,0.973639,-0.052504,-0.139188,-0.172908
3.519110,0.065982,-0.048994,0.340093,0.973802,-0.052577,-0.138675,-0.172380
3.529171,0.065534,-0.048900,0.339671,0.973705,-0.053366,-0.138849,-0.172543
3.539223,0.065395,-0.048925,0.339376,0.973714,-0.053620,-0.138686,-0.172549
3.549275,0.065209,-0.049008,0.338726,0.973850,-0.053917,-0.138031,-0.172210
3.559327,0.065071,-0.048988,0.338295,0.974022,-0.054161,-0.137619,-0.171487
3.569383,0.064927,-0.048985,0.337866,0.974125,-0.054356,-0.137252,-0.171134
3.579446,0.064649,-0.049079,0.337396,0.973952,-0.054430,-0.136800,-0.172458
3.589510,0.064595,-0.049230,0.336795,0.973925,-0.054166,-0.136098,-0.173244
3.599574,0.064305,-0.049212,0.336160,0.973929,-0.054434,-0.135700,-0.173448
3.609636,0.064184,-0.049219,0.335865,0.973936,-0.054632,-0.135568,-0.173452
3.619689,0.063968,-0.049270,0.335338,0.973940,-0.054898,-0.135170,-0.173656
3.629741,0.063924,-0.049396,0.334733,0.974016,-0.054696,-0.134403,-0.173888
3.639794,0.063747,-0.049468,0.333995,0.973903,-0.054660,-0.134006,-0.174839
3.649854,0.063596,-0.049533,0.333703,0.973735,-0.054788,-0.133954,-0.175768
3.659918,0.063480,-0.049673,0.333070,0.973692,-0.054846,-0.133478,-0.176350
3.669980,0.063390,-0.049709,0.332522,0.974736,-0.032898,-0.136971,-0.173337
3.680032,0.063091,-0.049651,0.331987,0.974748,-0.033523,-0.136988,-0.173140
3.690096,0.063064,-0.049747,0.331543,0.974914,-0.033615,-0.136432,-0.172624
3.700161,0.063021,-0.049757,0.330898,0.975292,-0.033838,-0.135713,-0.171004
3.710214,0.062966,-0.049859,0.330360,0.975351,-0.033858,-0.135238,-0.171041
3.720266,0.062763,-0.049844,0.329769,0.975367,-0.034145,-0.135037,-0.171052
3.730319,0.062681,-0.049812,0.329473,0.975407,-0.034263,-0.134943,-0.170872
3.740372,0.062554,-0.049864,0.328828,0.975395,-0.034237,-0.134522,-0.171277
3.750424,0.062469,-0.049903,0.328445,0.975406,-0.034427,-0.134387,-0.171285
3.760476,0.062378,-0.049925,0.327929,0.975474,-0.034528,-0.134072,-0.171122
3.770529,0.062348,-0.049954,0.327292,0.975633,-0.034513,-0.133584,-0.170602
3.780581,0.062309,-0.050021,0.326939,0.975650,-0.034411,-0.133204,-0.170819
3.790633,0.062251,-0.050179,0.326223,0.975531,-0.034316,-0.132866,-0.171777
3.800685,0.062072,-0.050156,0.325951,0.975413,-0.034550,-0.132965,-0.172323
3.810736,0.061873,-0.050064,0.325479,0.975659,-0.027986,-0.134167,-0.171191
3.820788,0.061844,-0.050106,0.325123,0.975782,-0.027945,-0.133704,-0.170858
3.830839,0.061843,-0.050209,0.324497,0.975907,-0.027950,-0.133208,-0.170528
3.840890,0.061831,-0.050284,0.323963,0.975885,-0.027776,-0.132893,-0.170930
3.850942,0.061653,-0.050228,0.323594,0.975765,-0.027964,-0.133029,-0.171474
3.860996,0.061641,-0.050303,0.323059,0.975742,-0.027790,-0.132715,-0.171875
3.871048,0.061579,-0.050313,0.322546,0.975734,-0.027749,-0.132524,-0.172078
3.881100,0.061492,-0.050309,0.322252,0.975668,-0.027799,-0.132514,-0.172451
3.891152,0.061317,-0.050254,0.321883,0.975548,-0.027988,-0.132649,-0.172994
3.901206,0.061322,-0.050347,0.321446,0.975524,-0.027813,-0.132335,-0.173396
3.911258,0.061329,-0.050486,0.320791,0.975488,-0.027550,-0.131865,-0.173998
3.921310,0.061296,-0.050538,0.320474,0.975443,-0.027487,-0.131703,-0.174385
3.931362,0.061175,-0.050542,0.320082,0.975343,-0.027563,-0.131687,-0.174943
3.941415,0.061075,-0.050522,0.319689,0.975276,-0.027613,-0.131677,-0.175315
3.951467,0.061012,-0.050542,0.319176,0.975230,-0.027550,-0.131515,-0.175702
3.961522,0.061018,-0.050549,0.318859,0.975251,-0.027437,-0.131363,-0.175717
3.971585,0.060990,-0.050563,0.318444,0.975238,-0.027348,-0.131207,-0.175917
3.981648,0.060977,-0.050593,0.318127,0.975226,-0.027260,-0.131050,-0.176118
3.991762,0.060949,-0.050607,0.317712,0.975213,-0.027172,-0.130894,-0.176319
4.001815,0.060956,-0.050614,0.317395,0.975234,-0.027059,-0.130742,-0.176334
4.011867,0.060874,-0.050527,0.317221,0.975213,-0.027172,-0.130894,-0.176319
4.021918,0.060940,-0.050597,0.316564,0.975275,-0.026832,-0.130440,-0.176363
4.031970,0.060928,-0.050628,0.316246,0.975262,-0.026744,-0.130283,-0.176564
4.042022,0.060872,-0.050556,0.315852,0.975299,-0.026764,-0.130255,-0.176380
4.052074,0.060843,-0.050525,0.315655,0.975299,-0.026764,-0.130255,-0.176380
4.062125,0.060773,-0.050438,0.315162,0.975389,-0.024738,-0.130596,-0.175922
4.072178,0.060802,-0.050501,0.314723,0.975433,-0.024556,-0.130260,-0.175955
4.082230,0.060827,-0.050572,0.314284,0.975440,-0.024354,-0.129953,-0.176171
4.092282,0.060841,-0.050563,0.313964,0.975533,-0.024281,-0.129745,-0.175818
4.102334,0.060917,-0.050585,0.313619,0.975755,-0.024155,-0.129300,-0.174928
4.112386,0.060938,-0.050561,0.313296,0.975920,-0.024122,-0.129035,-0.174207
4.122439,0.061035,-0.050606,0.312731,0.976160,-0.023880,-0.128440,-0.173332
4.132491,0.061061,-0.050622,0.312511,0.976216,-0.023786,-0.128260,-0.173162
4.142544,0.060968,-0.050522,0.312237,0.976196,-0.023900,-0.128411,-0.173148
4.152596,0.060976,-0.050531,0.311919,0.976216,-0.023786,-0.128260,-0.173162
4.162648,0.061020,-0.050579,0.311480,0.976256,-0.023558,-0.127958,-0.173192
4.172701,0.061029,-0.050587,0.311162,0.976276,-0.023444,-0.127808,-0.173207
4.182815,0.061073,-0.050635,0.310723,0.976316,-0.023216,-0.127506,-0.173237
4.192877,0.061095,-0.050659,0.310503,0.976335,-0.023102,-0.127355,-0.173251
4.202941,0.061067,-0.050629,0.310306,0.976335,-0.023102,-0.127355,-0.173251
4.213002,0.061062,-0.050624,0.309889,0.976355,-0.022988,-0.127204,-0.173266
4.223065,0.061107,-0.050672,0.309450,0.976395,-0.022760,-0.126902,-0.173296
4.233119,0.061102,-0.050666,0.309033,0.976414,-0.022646,-0.126751,-0.173311
4.243183,0.061124,-0.050690,0.308813,0.976434,-0.022532,-0.126600,-0.173325
4.253245,0.061133,-0.050700,0.308494,0.976453,-0.022418,-0.126449,-0.173340
4.263306,0.061142,-0.050709,0.308176,0.976473,-0.022304,-0.126298,-0.173355
4.273372,0.061200,-0.050772,0.307834,0.976512,-0.022076,-0.125996,-0.173384
4.283438,0.061255,-0.050843,0.307494,0.976515,-0.021829,-0.125723,-0.173598
4.293502,0.061228,-0.050814,0.307297,0.976515,-0.021829,-0.125723,-0.173598
4.303563,0.061305,-0.050853,0.306956,0.976586,-0.021577,-0.125425,-0.173441
4.313625,0.061301,-0.050849,0.306538,0.976606,-0.021463,-0.125274,-0.173456
4.323688,0.061310,-0.050858,0.306219,0.976625,-0.021349,-0.125123,-0.173471
4.333750,0.061390,-0.050945,0.305657,0.976683,-0.021007,-0.124670,-0.173515
4.343812,0.061432,-0.050946,0.305437,0.976735,-0.020869,-0.124523,-0.173343
4.353871,0.061496,-0.050970,0.304997,0.976806,-0.020618,-0.124225,-0.173186
4.363934,0.061574,-0.051009,0.304655,0.976877,-0.020366,-0.123926,-0.173029
4.374002,0.061673,-0.051071,0.304093,0.976967,-0.020001,-0.123477,-0.172887
4.384069,0.061731,-0.051133,0.303751,0.977004,-0.019773,-0.123174,-0.172916
4.394133,0.061766,-0.051082,0.303332,0.977089,-0.019612,-0.123031,-0.172558
4.404196,0.061843,-0.051120,0.302990,0.977159,-0.019361,-0.122732,-0.172401
4.414259,0.061933,-0.051083,0.302450,0.977295,-0.019064,-0.122440,-0.171871
4.424322,0.061962,-0.051069,0.302131,0.977346,-0.018927,-0.122293,-0.171699
4.434385,0.062074,-0.051145,0.301667,0.977435,-0.018563,-0.121842,-0.171556
4.444448,0.062116,-0.051145,0.301446,0.977486,-0.018426,-0.121694,-0.171384
4.454597,0.062241,-0.051233,0.301080,0.977574,-0.018062,-0.121244,-0.171241
4.464656,0.062295,-0.051302,0.300739,0.977575,-0.017816,-0.120968,-0.171455
4.474721,0.062399,-0.051414,0.300373,0.977630,-0.017475,-0.120514,-0.171498
4.484786,0.062520,-0.051509,0.300008,0.977681,-0.017093,-0.120090,-0.171540
4.494850,0.062589,-0.051583,0.299764,0.977717,-0.016866,-0.119787,-0.171569
4.504910,0.062713,-0.051670,0.299398,0.977804,-0.016503,-0.119335,-0.171425
4.514972,0.062837,-0.051756,0.299032,0.977890,-0.016140,-0.118883,-0.171282
4.524982,0.063014,-0.051855,0.298543,0.978026,-0.015641,-0.118283,-0.170967
4.535041,0.063087,-0.051898,0.298201,0.978059,-0.015373,-0.118009,-0.170993
4.545104,0.063254,-0.051997,0.297747,0.978141,-0.014971,-0.117587,-0.170848
4.555159,0.063312,-0.051980,0.297527,0.978189,-0.014794,-0.117467,-0.170674
4.565213,0.063502,-0.052069,0.297040,0.978288,-0.014052,-0.116954,-0.170518
4.575277,0.063654,-0.052129,0.296675,0.978332,-0.013593,-0.116586,-0.170556
4.585342,0.063868,-0.052162,0.296089,0.978458,-0.012978,-0.116070,-0.170234
4.595405,0.064023,-0.052212,0.295723,0.978536,-0.012539,-0.115673,-0.170087
4.605469,0.064186,-0.052203,0.295331,0.978575,-0.012245,-0.115638,-0.169907
4.615530,0.064279,-0.052199,0.295059,0.978568,-0.012126,-0.115724,-0.169901
4.625593,0.064492,-0.052228,0.294472,0.978692,-0.011515,-0.115203,-0.169579
4.635657,0.064597,-0.052236,0.294131,0.978718,-0.011173,-0.114982,-0.169602
4.645717,0.064616,-0.052133,0.293873,0.978656,-0.011109,-0.115275,-0.169766
4.655780,0.064730,-0.052139,0.293495,0.978734,-0.010674,-0.114874,-0.169618
4.665840,0.064887,-0.052121,0.292968,0.978789,-0.010272,-0.114681,-0.169453
4.675905,0.065005,-0.052141,0.292725,0.978815,-0.009932,-0.114457,-0.169476
4.685982,0.065141,-0.052125,0.292255,0.978710,-0.009295,-0.114266,-0.170248
4.696039,0.065189,-0.052132,0.292075,0.978527,-0.009090,-0.114478,-0.171167
4.706151,0.065389,-0.052190,0.291490,0.978509,-0.008420,-0.114049,-0.171585
4.716215,0.065511,-0.052179,0.291149,0.978532,-0.008045,-0.113849,-0.171606
4.726268,0.065645,-0.052157,0.290939,0.978609,-0.007814,-0.113751,-0.171244
4.736319,0.065747,-0.052149,0.290670,0.978528,-0.007624,-0.113911,-0.171607
4.746370,0.065882,-0.052126,0.290460,0.978605,-0.007393,-0.113812,-0.171244
4.756422,0.066133,-0.052118,0.289968,0.978830,-0.006812,-0.113225,-0.170366
4.766472,0.066257,-0.052118,0.289722,0.978925,-0.006513,-0.112943,-0.170020
4.776533,0.066431,-0.052066,0.289479,0.979012,-0.006098,-0.112741,-0.169668
4.786596,0.066579,-0.052101,0.289145,0.979072,-0.005784,-0.112483,-0.169506
4.796659,0.066757,-0.052016,0.288934,0.979247,-0.005530,-0.112359,-0.168585
4.806720,0.066888,-0.051976,0.288759,0.979340,-0.005427,-0.112388,-0.168023
4.816774,0.067116,-0.051930,0.288406,0.979532,-0.005298,-0.112394,-0.166902
4.826826,0.067291,-0.051875,0.288176,0.979675,-0.005299,-0.112556,-0.165954
4.836878,0.067571,-0.051911,0.287613,0.979778,-0.005011,-0.112481,-0.165402
4.846939,0.067676,-0.051890,0.287511,0.979686,-0.007482,-0.112512,-0.165832
4.856977,0.067859,-0.051864,0.287304,0.979601,-0.008235,-0.113201,-0.165831
4.867033,0.067974,-0.051840,0.287165,0.979574,-0.008184,-0.113462,-0.165811
4.877094,0.068199,-0.051843,0.286784,0.979506,-0.007769,-0.113536,-0.166184
4.887158,0.068354,-0.051902,0.286589,0.979376,-0.007436,-0.113580,-0.166932
4.897214,0.068507,-0.051925,0.286408,0.978981,-0.007194,-0.114320,-0.168745
4.907273,0.068558,-0.051919,0.286435,0.978678,-0.007224,-0.115067,-0.169993
4.917333,0.068760,-0.051954,0.286092,0.978415,-0.006821,-0.115417,-0.171277
4.927385,0.068865,-0.051952,0.285955,0.978283,-0.006711,-0.115751,-0.171812
4.937451,0.068993,-0.052006,0.285736,0.977935,-0.006453,-0.116255,-0.173454
4.947502,0.069093,-0.051988,0.285634,0.977819,-0.006461,-0.116724,-0.173790
4.957554,0.069267,-0.051948,0.285408,0.977787,-0.006321,-0.117036,-0.173766
4.967606,0.069398,-0.051970,0.285221,0.977526,-0.006213,-0.117627,-0.174839
4.977658,0.069491,-0.051967,0.285081,0.977465,-0.006174,-0.117887,-0.175005
4.987709,0.069678,-0.051892,0.284851,0.977576,-0.006104,-0.118103,-0.174242
4.997761,0.069811,-0.051834,0.284673,0.977708,-0.006013,-0.118107,-0.173496
5.007813,0.069984,-0.051746,0.284461,0.977853,-0.005741,-0.118002,-0.172761
5.017873,0.070117,-0.051688,0.284283,0.977984,-0.005651,-0.118006,-0.172015
5.027933,0.070275,-0.051519,0.284230,0.978196,-0.005594,-0.118174,-0.170695
5.037977,0.070441,-0.051445,0.283980,0.978393,-0.005281,-0.117858,-0.169790
5.048030,0.070626,-0.051344,0.283731,0.978622,-0.004946,-0.117542,-0.168699
5.058082,0.070758,-0.051239,0.283607,0.978742,-0.011642,-0.116199,-0.168604
5.068134,0.070959,-0.051118,0.283358,0.978968,-0.011269,-0.115914,-0.167508
5.078184,0.071191,-0.051056,0.283083,0.979213,-0.010839,-0.115442,-0.166427
5.088243,0.071425,-0.050963,0.282710,0.979454,-0.010370,-0.114995,-0.165344
5.098307,0.071587,-0.050893,0.282461,0.979613,-0.010044,-0.114703,-0.164621
5.108368,0.071805,-0.050840,0.282091,0.979685,-0.009486,-0.114364,-0.164465
5.118429,0.071999,-0.050852,0.281820,0.979693,-0.008973,-0.114020,-0.164682
5.128492,0.072249,-0.050758,0.281452,0.979760,-0.008339,-0.113724,-0.164524
5.138551,0.072436,-0.050784,0.281182,0.979701,-0.007794,-0.113419,-0.165113
5.148613,0.072657,-0.050861,0.280791,0.979487,-0.007025,-0.113080,-0.166641
5.158673,0.072837,-0.050903,0.280522,0.979358,-0.006450,-0.112814,-0.167601
5.168735,0.073026,-0.050919,0.280289,0.979208,-0.005932,-0.112731,-0.168548
5.178795,0.073240,-0.050986,0.279971,0.978786,-0.012178,-0.111589,-0.171397
5.188855,0.073405,-0.050992,0.279806,0.978673,-0.011927,-0.111761,-0.171949
5.198915,0.073621,-0.051049,0.279501,0.978400,-0.011657,-0.112199,-0.173230
5.208980,0.073791,-0.051089,0.279281,0.978270,-0.011537,-0.112512,-0.173770
5.219044,0.074139,-0.051186,0.278732,0.978134,-0.011094,-0.112581,-0.174517
5.229104,0.074341,-0.051274,0.278522,0.977932,-0.010936,-0.112933,-0.175428
5.239167,0.074579,-0.051333,0.278330,0.977603,-0.013564,-0.113374,-0.176790
5.249227,0.074780,-0.051264,0.278331,0.977662,-0.013562,-0.113780,-0.176204
5.259287,0.075114,-0.051300,0.277999,0.977757,-0.013376,-0.113853,-0.175642
5.269346,0.075315,-0.051350,0.277936,0.977787,-0.013273,-0.113899,-0.175453
5.279408,0.075643,-0.051357,0.277829,0.977826,-0.013118,-0.114179,-0.175064
5.289469,0.075825,-0.051379,0.277740,0.977746,-0.013118,-0.114618,-0.175222
5.299529,0.076131,-0.051365,0.277569,0.977766,-0.013051,-0.115065,-0.174821
5.309591,0.076409,-0.051339,0.277450,0.977877,-0.012971,-0.115286,-0.174061
5.319653,0.076670,-0.051254,0.277339,0.977964,-0.013136,-0.116009,-0.173080
5.329716,0.076860,-0.051246,0.277247,0.977988,-0.013187,-0.116392,-0.172681
5.339776,0.077197,-0.051184,0.277075,0.978002,-0.013030,-0.116884,-0.172278
5.349838,0.077455,-0.051292,0.276796,0.977875,-0.012699,-0.116880,-0.173028
5.359900,0.077762,-0.051259,0.276660,0.977759,-0.015613,-0.117027,-0.173343
5.369962,0.077943,-0.051206,0.276658,0.977781,-0.015618,-0.117433,-0.172945
5.380025,0.078171,-0.051224,0.276402,0.977843,-0.015489,-0.117482,-0.172570
5.390090,0.078439,-0.051126,0.276576,0.977960,-0.015660,-0.118195,-0.171405
5.400152,0.078709,-0.051094,0.276439,0.978092,-0.015292,-0.117931,-0.170865
5.410216,0.079007,-0.051125,0.276311,0.978086,-0.014847,-0.117741,-0.171068
5.420278,0.079214,-0.051100,0.276336,0.978112,-0.014656,-0.117828,-0.170878
5.430344,0.079489,-0.051056,0.276405,0.978114,-0.014466,-0.118127,-0.170675
5.440405,0.079660,-0.051026,0.276365,0.978156,-0.014422,-0.118344,-0.170288
5.450465,0.079996,-0.050982,0.276403,0.978314,-0.014224,-0.118399,-0.169354
5.460527,0.080200,-0.050919,0.276497,0.978402,-0.014261,-0.118770,-0.168584
5.470587,0.080525,-0.050854,0.276604,0.978552,-0.014252,-0.119146,-0.167441
5.480647,0.080667,-0.050789,0.276690,0.978606,-0.014309,-0.119514,-0.166857
5.490707,0.081021,-0.050753,0.276671,0.978741,-0.014194,-0.119739,-0.165911
5.500769,0.081207,-0.050740,0.276729,0.978747,-0.014126,-0.119975,-0.165711
5.510832,0.081475,-0.050682,0.276831,0.978728,-0.014011,-0.120443,-0.165496
5.520895,0.081702,-0.050684,0.276764,0.978685,-0.013775,-0.120566,-0.165678
5.530961,0.081875,-0.050543,0.276961,0.978536,-0.013821,-0.121602,-0.165800
5.541022,0.082085,-0.050563,0.276930,0.978372,-0.013603,-0.121950,-0.166527
5.551085,0.082279,-0.050634,0.277073,0.977964,-0.013422,-0.122747,-0.168346
5.561149,0.082516,-0.050627,0.277006,0.977850,-0.013096,-0.122926,-0.168898
5.571202,0.082805,-0.050641,0.276946,0.977667,-0.012683,-0.123159,-0.169820
5.581255,0.082964,-0.050701,0.276970,0.977489,-0.012447,-0.123310,-0.170745
5.591349,0.083280,-0.050697,0.277044,0.977281,-0.012069,-0.123734,-0.171655
5.601402,0.083479,-0.050749,0.276976,0.977100,-0.011787,-0.123904,-0.172579
5.611455,0.083692,-0.050844,0.276779,0.976941,-0.011471,-0.123881,-0.173516
5.621507,0.084012,-0.050856,0.276587,0.976951,-0.011127,-0.123828,-0.173522
5.631559,0.084225,-0.050841,0.276549,0.976993,-0.011068,-0.124044,-0.173136
5.641611,0.084614,-0.050855,0.276303,0.977121,-0.010885,-0.124092,-0.172389
5.651673,0.084899,-0.050877,0.275972,0.977259,-0.010614,-0.123772,-0.171853
5.661732,0.085355,-0.050919,0.275660,0.977328,-0.012614,-0.123103,-0.171804
5.671785,0.085632,-0.050954,0.275330,0.977397,-0.012304,-0.122818,-0.171638
5.681837,0.085973,-0.050862,0.275202,0.977604,-0.012217,-0.123007,-0.170322
5.691896,0.086298,-0.050906,0.274875,0.977742,-0.011949,-0.122687,-0.169784
5.701957,0.086788,-0.050941,0.274430,0.977928,-0.011495,-0.122233,-0.169069
5.712018,0.087105,-0.050942,0.274194,0.978062,-0.011185,-0.121931,-0.168530
5.722081,0.087489,-0.050970,0.273907,0.978106,-0.010867,-0.121854,-0.168350
5.732145,0.087830,-0.051050,0.273640,0.978161,-0.010466,-0.121408,-0.168380
5.742197,0.088307,-0.051099,0.273383,0.978244,-0.009956,-0.121000,-0.168222
5.752250,0.088521,-0.051115,0.273270,0.978190,-0.009666,-0.120933,-0.168602
5.762302,0.088980,-0.051258,0.272921,0.978037,-0.009061,-0.120618,-0.169746
5.772354,0.089349,-0.051288,0.272652,0.978053,-0.008560,-0.120220,-0.169960
5.782406,0.089786,-0.051335,0.272330,0.977895,-0.017210,-0.118430,-0.171464
5.792457,0.090042,-0.051419,0.272126,0.977810,-0.016947,-0.118352,-0.172029
5.802535,0.090490,-0.051532,0.271805,0.977810,-0.016566,-0.118104,-0.172231
5.812588,0.090698,-0.051506,0.271760,0.977819,-0.016486,-0.118335,-0.172034
5.822640,0.090960,-0.051592,0.271519,0.977754,-0.016152,-0.118079,-0.172609
5.832692,0.091372,-0.051630,0.271249,0.977766,-0.018105,-0.117228,-0.172925
5.842745,0.091647,-0.051634,0.271098,0.977871,-0.017833,-0.116918,-0.172569
5.852796,0.092043,-0.051642,0.270957,0.977836,-0.017352,-0.116713,-0.172956
5.862847,0.092350,-0.051695,0.270810,0.977838,-0.017021,-0.116442,-0.173158
5.872899,0.092750,-0.051756,0.270727,0.977894,-0.016599,-0.115997,-0.173182
5.882950,0.092999,-0.051739,0.270704,0.977956,-0.017707,-0.115629,-0.172972
5.893003,0.093444,-0.051794,0.270657,0.978093,-0.017417,-0.115320,-0.172429
5.903055,0.093689,-0.051763,0.270668,0.978191,-0.017309,-0.115346,-0.171868
5.913107,0.094118,-0.051730,0.270653,0.978305,-0.017005,-0.115245,-0.171316
5.923159,0.094384,-0.051788,0.270632,0.978288,-0.016790,-0.115130,-0.171509
5.933211,0.094748,-0.051750,0.270649,0.978383,-0.016598,-0.115188,-0.170948
5.943262,0.095016,-0.051671,0.270658,0.978545,-0.016488,-0.115203,-0.170015
5.953314,0.095338,-0.051711,0.270674,0.978541,-0.016319,-0.115268,-0.170013
5.963366,0.095603,-0.051639,0.270683,0.978637,-0.018055,-0.114973,-0.169486
5.973418,0.096024,-0.051609,0.270663,0.978817,-0.017836,-0.114829,-0.168560
5.983470,0.096263,-0.051567,0.270707,0.978892,-0.017795,-0.115032,-0.167991
5.993532,0.096616,-0.051563,0.270684,0.978974,-0.017558,-0.114909,-0.167625
6.003584,0.096840,-0.051569,0.270692,0.979004,-0.017451,-0.114944,-0.167438
6.013636,0.097078,-0.051555,0.270701,0.978999,-0.017282,-0.115007,-0.167436
6.023688,0.097465,-0.051598,0.270679,0.978982,-0.016984,-0.114919,-0.167629
6.033740,0.097642,-0.051557,0.270758,0.978873,-0.018606,-0.115061,-0.167995
6.043791,0.098029,-0.051569,0.270807,0.978780,-0.018376,-0.115356,-0.168358
6.053843,0.098361,-0.051597,0.270818,0.978676,-0.018102,-0.115468,-0.168915
6.063896,0.098605,-0.051645,0.270938,0.978275,-0.017875,-0.116198,-0.170752
6.073948,0.098828,-0.051668,0.270945,0.978103,-0.017600,-0.116318,-0.171682
6.083969,0.099235,-0.051784,0.270921,0.977978,-0.017656,-0.116181,-0.172478
6.094022,0.099448,-0.051767,0.270997,0.978001,-0.017695,-0.116560,-0.172088
6.104074,0.099815,-0.051789,0.271077,0.977920,-0.017584,-0.117004,-0.172257
6.114130,0.100115,-0.051870,0.271083,0.977816,-0.017392,-0.117084,-0.172814
6.124187,0.100397,-0.051803,0.271232,0.977692,-0.017360,-0.117900,-0.172967
6.134239,0.100680,-0.051804,0.271236,0.977688,-0.017186,-0.117960,-0.172965
6.144290,0.101050,-0.051851,0.271240,0.977684,-0.017011,-0.118019,-0.172964
6.154343,0.101300,-0.051801,0.271242,0.977782,-0.016900,-0.118043,-0.172404
6.164396,0.101723,-0.051846,0.271244,0.977879,-0.016789,-0.118068,-0.171844
6.174448,0.101946,-0.051829,0.271280,0.977922,-0.016762,-0.118268,-0.171463
6.184502,0.102309,-0.051868,0.271318,0.977897,-0.016647,-0.118506,-0.171453
6.194556,0.102597,-0.051856,0.271318,0.977927,-0.016494,-0.118553,-0.171266
6.204608,0.102844,-0.051810,0.271317,0.977990,-0.016361,-0.118589,-0.170892
6.214661,0.103254,-0.051812,0.271244,0.978095,-0.016065,-0.118279,-0.170534
6.224715,0.103547,-0.051810,0.271207,0.978113,-0.015830,-0.118157,-0.170541
6.234779,0.103887,-0.051821,0.271169,0.978163,-0.015618,-0.118023,-0.170361
6.244840,0.104185,-0.051779,0.271165,0.978293,-0.015528,-0.118035,-0.169615
6.254904,0.104562,-0.051829,0.271125,0.978277,-0.015273,-0.117923,-0.169808
6.264967,0.104781,-0.051844,0.271123,0.978207,-0.015101,-0.117987,-0.170180
6.274977,0.105196,-0.051821,0.271082,0.978223,-0.014781,-0.117891,-0.170186
6.285040,0.105596,-0.051859,0.270967,0.978316,-0.014454,-0.117395,-0.170022
6.295103,0.105942,-0.051866,0.270926,0.978209,-0.015610,-0.117055,-0.170766
6.305167,0.106207,-0.051922,0.270885,0.978094,-0.015339,-0.116958,-0.171518
6.315229,0.106649,-0.051989,0.270766,0.978153,-0.014995,-0.116471,-0.171540
6.325292,0.106944,-0.051988,0.270686,0.978293,-0.014815,-0.116118,-0.170996
6.335352,0.107388,-0.052023,0.270601,0.978432,-0.014592,-0.115778,-0.170451
6.345414,0.107664,-0.052022,0.270592,0.978496,-0.014505,-0.115797,-0.170078
6.355478,0.108066,-0.051991,0.270579,0.978591,-0.014354,-0.115831,-0.169517
6.365542,0.108393,-0.052044,0.270495,0.978597,-0.014092,-0.115519,-0.169718
6.375603,0.108815,-0.052019,0.270410,0.978600,-0.013704,-0.115246,-0.169918
6.385667,0.109188,-0.052113,0.270286,0.978560,-0.013349,-0.114772,-0.170499
6.395679,0.109425,-0.052127,0.270206,0.978444,-0.018483,-0.113521,-0.171517
6.405732,0.109827,-0.052110,0.270212,0.978516,-0.018183,-0.113212,-0.171343
6.415783,0.110154,-0.052138,0.270161,0.978568,-0.018023,-0.113059,-0.171162
6.425835,0.110450,-0.052200,0.270182,0.978412,-0.017868,-0.113315,-0.171901
6.435887,0.110723,-0.052230,0.270133,0.978364,-0.017646,-0.113189,-0.172280
6.445939,0.111168,-0.052220,0.270109,0.978428,-0.017477,-0.113232,-0.171906
6.455969,0.111455,-0.052214,0.270058,0.978514,-0.017338,-0.113069,-0.171539
6.466022,0.111984,-0.052213,0.269884,0.978760,-0.017018,-0.112358,-0.170632
6.476073,0.112202,-0.052215,0.269871,0.978825,-0.016975,-0.112365,-0.170259
6.486125,0.112580,-0.052242,0.269810,0.978943,-0.016857,-0.112193,-0.169705
6.496179,0.112922,-0.052251,0.269716,0.979074,-0.017061,-0.111774,-0.169200
6.506230,0.113256,-0.052255,0.269658,0.979192,-0.016944,-0.111601,-0.168647
6.516282,0.113494,-0.052212,0.269643,0.979288,-0.016880,-0.111611,-0.168086
6.526334,0.113866,-0.052233,0.269616,0.979350,-0.018685,-0.111301,-0.167738
6.536386,0.114103,-0.052188,0.269600,0.979446,-0.018621,-0.111312,-0.167178
6.546438,0.114547,-0.052189,0.269530,0.979594,-0.018484,-0.111144,-0.166437
6.556490,0.114773,-0.052190,0.269477,0.979678,-0.018389,-0.110969,-0.166069
6.566543,0.115204,-0.052140,0.269339,0.979866,-0.018107,-0.110447,-0.165339
6.576595,0.115423,-0.052137,0.269381,0.979949,-0.018013,-0.110272,-0.164971
6.586647,0.115669,-0.052093,0.269326,0.980064,-0.017898,-0.110100,-0.164417
6.596699,0.116024,-0.052047,0.269262,0.980209,-0.017762,-0.109931,-0.163675
6.606751,0.116242,-0.052043,0.269244,0.980272,-0.017720,-0.109938,-0.163301
6.616803,0.116637,-0.052068,0.269101,0.980426,-0.017503,-0.109401,-0.162757
6.626856,0.116857,-0.052083,0.269046,0.980445,-0.017370,-0.109241,-0.162763
6.636908,0.117240,-0.052105,0.268976,0.980400,-0.017115,-0.109121,-0.163142
6.646961,0.117533,-0.052085,0.268915,0.980355,-0.016861,-0.108999,-0.163521
6.657013,0.117818,-0.052109,0.268819,0.980170,-0.016458,-0.108734,-0.164840
6.667065,0.118097,-0.052164,0.268685,0.980037,-0.016067,-0.108266,-0.165978
6.677117,0.118464,-0.052283,0.268601,0.979693,-0.015451,-0.107679,-0.168429
6.687170,0.118698,-0.052262,0.268641,0.979547,-0.015143,-0.107577,-0.169368
6.697222,0.119009,-0.052349,0.268536,0.979321,-0.014769,-0.107303,-0.170873
6.707274,0.119277,-0.052421,0.268400,0.979247,-0.014467,-0.106804,-0.171637
6.717324,0.119509,-0.052580,0.268263,0.978971,-0.014090,-0.106339,-0.173521
6.727384,0.119715,-0.052669,0.268131,0.978894,-0.013831,-0.105828,-0.174285
6.737447,0.120150,-0.052825,0.267794,0.978879,-0.013280,-0.104415,-0.175265
6.747510,0.120307,-0.052901,0.267667,0.978765,-0.013006,-0.103909,-0.176216
6.757562,0.120654,-0.052971,0.267412,0.978707,-0.012518,-0.102871,-0.177184
6.767614,0.120892,-0.052998,0.267242,0.978747,-0.012238,-0.102161,-0.177394
6.777743,0.121206,-0.052993,0.267028,0.978873,-0.011913,-0.101262,-0.177236
6.787794,0.121505,-0.053017,0.266814,0.979032,-0.011646,-0.100346,-0.176892
6.797846,0.121753,-0.053018,0.266642,0.979173,-0.011425,-0.099613,-0.176542
6.807898,0.122196,-0.052994,0.266340,0.979434,-0.011030,-0.098332,-0.175835
6.817950,0.122443,-0.052992,0.266168,0.979573,-0.010810,-0.097600,-0.175484
6.827969,0.122833,-0.052943,0.265908,0.979813,-0.010463,-0.096502,-0.174771
6.838022,0.123122,-0.052960,0.265823,0.979950,-0.010245,-0.095768,-0.174419
6.848076,0.123420,-0.052980,0.265605,0.980103,-0.009982,-0.094850,-0.174073
6.858128,0.123667,-0.052976,0.265431,0.980238,-0.009766,-0.094116,-0.173722
6.868181,0.124110,-0.053060,0.265213,0.980424,-0.009414,-0.092829,-0.173386
6.878233,0.124305,-0.053033,0.265082,0.980541,-0.009243,-0.092279,-0.173029
6.888284,0.124722,-0.053056,0.264774,0.980723,-0.008860,-0.090999,-0.172693
6.898336,0.124934,-0.053112,0.264730,0.980739,-0.008675,-0.090460,-0.172896
6.908388,0.125187,-0.053092,0.264554,0.980770,-0.008379,-0.089752,-0.173104
6.918440,0.125429,-0.053094,0.264377,0.980834,-0.011518,-0.088429,-0.173243
6.928490,0.125862,-0.053055,0.264103,0.981063,-0.011185,-0.087329,-0.172523
6.938542,0.126107,-0.053048,0.263924,0.981193,-0.010975,-0.086594,-0.172167
6.948594,0.126408,-0.053017,0.263775,0.981306,-0.010778,-0.086051,-0.171806
6.958646,0.126635,-0.053001,0.263706,0.981387,-0.010701,-0.085871,-0.171437
6.968762,0.126870,-0.053045,0.263738,0.981366,-0.012644,-0.085916,-0.171404
6.978814,0.127019,-0.053052,0.263750,0.981383,-0.012672,-0.086103,-0.171213
6.988863,0.127244,-0.053024,0.263717,0.981481,-0.012655,-0.086102,-0.170651
6.998915,0.127577,-0.053119,0.263754,0.981480,-0.012623,-0.086110,-0.170651
7.008967,0.127803,-0.053216,0.263712,0.981480,-0.012623,-0.086110,-0.170651
7.019018,0.128089,-0.053281,0.263793,0.981497,-0.012650,-0.086297,-0.170460
7.029070,0.128282,-0.053315,0.263891,0.981481,-0.012661,-0.086490,-0.170456
7.039122,0.128460,-0.053353,0.264062,0.981399,-0.012743,-0.087058,-0.170630
7.049175,0.128619,-0.053325,0.264205,0.981366,-0.012765,-0.087443,-0.170621
7.059227,0.128894,-0.053308,0.264161,0.981332,-0.012650,-0.087471,-0.170808
7.069279,0.129105,-0.053301,0.264258,0.981316,-0.012627,-0.087672,-0.170804
7.079331,0.129367,-0.053267,0.264418,0.981266,-0.012657,-0.088250,-0.170791
7.089382,0.129503,-0.053180,0.264437,0.981248,-0.012600,-0.088458,-0.170786
7.099433,0.129774,-0.053178,0.264487,0.981149,-0.012451,-0.088496,-0.171347
7.109485,0.129929,-0.053166,0.264725,0.981050,-0.012436,-0.088892,-0.171713
7.119536,0.130112,-0.053058,0.265133,0.980949,-0.012452,-0.089669,-0.171882
7.129588,0.130229,-0.053020,0.265247,0.980899,-0.012410,-0.089874,-0.172064
7.139640,0.130456,-0.053008,0.265498,0.980765,-0.012242,-0.089918,-0.172812
7.149692,0.130611,-0.053053,0.265625,0.980682,-0.012117,-0.089755,-0.173378
7.159787,0.130867,-0.053120,0.265926,0.980665,-0.012026,-0.089582,-0.173569
7.169839,0.131138,-0.053164,0.266093,0.980765,-0.011944,-0.089208,-0.173204
7.179891,0.131224,-0.053200,0.266531,0.980732,-0.012025,-0.089579,-0.173195
7.189943,0.131458,-0.053316,0.266963,0.980665,-0.011992,-0.089590,-0.173569
7.199979,0.131595,-0.053373,0.267258,0.980648,-0.012033,-0.089775,-0.173565
7.210031,0.131785,-0.053461,0.267603,0.980615,-0.012016,-0.089780,-0.173752
7.220083,0.131892,-0.053446,0.268041,0.980615,-0.012081,-0.090153,-0.173556
7.230147,0.132111,-0.053478,0.268252,0.980664,-0.012023,-0.089970,-0.173373
7.240209,0.132198,-0.053514,0.268690,0.980631,-0.012104,-0.090341,-0.173364
7.250262,0.132486,-0.053515,0.268987,0.980714,-0.012029,-0.090160,-0.172995
7.260314,0.132648,-0.053522,0.269377,0.980730,-0.012053,-0.090348,-0.172803
7.270366,0.132901,-0.053459,0.269721,0.980795,-0.011984,-0.090360,-0.172429
7.280418,0.133087,-0.053436,0.269845,0.980812,-0.011876,-0.090189,-0.172433
7.290469,0.133322,-0.053412,0.270321,0.980695,-0.011764,-0.090412,-0.172990
7.300521,0.133473,-0.053306,0.270625,0.980743,-0.011736,-0.090610,-0.172611
7.310573,0.133677,-0.053211,0.271015,0.980825,-0.011724,-0.090802,-0.172045
7.320624,0.133762,-0.053127,0.271233,0.980874,-0.011729,-0.090992,-0.171667
7.330676,0.133960,-0.053049,0.271622,0.980889,-0.011682,-0.091195,-0.171475
7.340728,0.134028,-0.052996,0.271973,0.980789,-0.011659,-0.091591,-0.171840
7.350787,0.134266,-0.052962,0.272448,0.980705,-0.011560,-0.091809,-0.172210
7.360839,0.134453,-0.052928,0.272704,0.980737,-0.011508,-0.091818,-0.172023
7.370890,0.134627,-0.052938,0.272827,0.980787,-0.011452,-0.091634,-0.171840
7.380942,0.134879,-0.053048,0.273120,0.980771,-0.011396,-0.091453,-0.172031
7.390995,0.134988,-0.053051,0.273423,0.980721,-0.011384,-0.091652,-0.172214
7.401047,0.135189,-0.053131,0.273763,0.980721,-0.011384,-0.091652,-0.172214
7.411099,0.135339,-0.053191,0.274018,0.980721,-0.011384,-0.091652,-0.172214
7.421149,0.135508,-0.053208,0.274273,0.980720,-0.011349,-0.091659,-0.172214
7.431201,0.135608,-0.053249,0.274442,0.980720,-0.011349,-0.091659,-0.172214
7.441253,0.135661,-0.053219,0.274926,0.980669,-0.011430,-0.092224,-0.172200
7.451305,0.135701,-0.053235,0.275276,0.980634,-0.011508,-0.092596,-0.172191
7.461357,0.135791,-0.053271,0.275711,0.980600,-0.011585,-0.092967,-0.172182
7.471409,0.135908,-0.053257,0.276013,0.980615,-0.011606,-0.093156,-0.171991
7.481461,0.136192,-0.053310,0.276171,0.980683,-0.011511,-0.092786,-0.171813
7.491512,0.136365,-0.053319,0.276424,0.980715,-0.011493,-0.092788,-0.171626
7.501564,0.136594,-0.053350,0.276630,0.980765,-0.011437,-0.092604,-0.171443
7.511616,0.136712,-0.053336,0.276931,0.980781,-0.011458,-0.092792,-0.171252
7.521667,0.136849,-0.053270,0.277233,0.980829,-0.011461,-0.092983,-0.170873
7.531720,0.136967,-0.053256,0.277534,0.980844,-0.011481,-0.093171,-0.170681
7.541772,0.137238,-0.053182,0.277739,0.980957,-0.011577,-0.092959,-0.170142
7.551823,0.137376,-0.053115,0.278040,0.981004,-0.011580,-0.093150,-0.169764
7.561875,0.137509,-0.053047,0.278474,0.981034,-0.011620,-0.093526,-0.169381
7.571927,0.137704,-0.053002,0.278726,0.981099,-0.011585,-0.093530,-0.169006
7.581978,0.137842,-0.052935,0.279027,0.981146,-0.011587,-0.093721,-0.168628
7.592042,0.137980,-0.052868,0.279328,0.981192,-0.011589,-0.093911,-0.168249
7.602103,0.138182,-0.052825,0.279447,0.981274,-0.011515,-0.093730,-0.167879
7.612166,0.138352,-0.052831,0.279831,0.981289,-0.011535,-0.093918,-0.167687
7.622228,0.138413,-0.052794,0.280181,0.981285,-0.011593,-0.094292,-0.167491
7.632281,0.138511,-0.052832,0.280481,0.981268,-0.011631,-0.094478,-0.167487
7.642333,0.138610,-0.052870,0.280781,0.981250,-0.011668,-0.094665,-0.167483
7.652385,0.138702,-0.052906,0.281214,0.981215,-0.011744,-0.095037,-0.167474
7.662437,0.138795,-0.052941,0.281647,0.981179,-0.011819,-0.095409,-0.167465
7.672490,0.138946,-0.053000,0.282031,0.981162,-0.011857,-0.095595,-0.167460
7.682541,0.139048,-0.053049,0.282198,0.981129,-0.011839,-0.095600,-0.167647
7.692594,0.139199,-0.053107,0.282582,0.981112,-0.011877,-0.095786,-0.167643
7.702646,0.139181,-0.053100,0.282980,0.981058,-0.011990,-0.096344,-0.167629
7.712698,0.139228,-0.053058,0.283594,0.981018,-0.012122,-0.097091,-0.167424
7.722750,0.139274,-0.053075,0.283810,0.980999,-0.012160,-0.097277,-0.167420
7.732802,0.139314,-0.053091,0.284159,0.980884,-0.017474,-0.096753,-0.167930
7.742854,0.139416,-0.053140,0.284326,0.980852,-0.017455,-0.096757,-0.168117
7.752906,0.139456,-0.053155,0.284675,0.980815,-0.017531,-0.097130,-0.168110
7.762958,0.139419,-0.053151,0.285338,0.980690,-0.017699,-0.098064,-0.168279
7.772971,0.139472,-0.053171,0.285518,0.980690,-0.017699,-0.098064,-0.168279
7.783024,0.139500,-0.053192,0.285999,0.980601,-0.017793,-0.098626,-0.168455
7.793076,0.139537,-0.053235,0.286215,0.980486,-0.017775,-0.098825,-0.169013
7.803129,0.139610,-0.053321,0.286648,0.980254,-0.017736,-0.099222,-0.170127
7.813181,0.139657,-0.053316,0.286996,0.980118,-0.017716,-0.099614,-0.170681
7.823231,0.139671,-0.053350,0.287610,0.979944,-0.017807,-0.100371,-0.171227
7.833283,0.139716,-0.053368,0.287826,0.979925,-0.017844,-0.100557,-0.171223
7.843336,0.139739,-0.053376,0.288440,0.979848,-0.017991,-0.101301,-0.171208
7.853388,0.139773,-0.053399,0.288788,0.979777,-0.018045,-0.101678,-0.171387
7.863440,0.139795,-0.053407,0.289402,0.979699,-0.018193,-0.102422,-0.171372
7.873490,0.139832,-0.053422,0.289750,0.979660,-0.018266,-0.102794,-0.171365
7.883541,0.139934,-0.053400,0.290314,0.979634,-0.018357,-0.103356,-0.171166
7.893593,0.140032,-0.053438,0.290613,0.979614,-0.018393,-0.103542,-0.171162
7.903645,0.140134,-0.053416,0.291177,0.979588,-0.018484,-0.104104,-0.170964
7.913698,0.140178,-0.053433,0.291392,0.979568,-0.018521,-0.104290,-0.170960
7.923749,0.140342,-0.053434,0.291906,0.979561,-0.018574,-0.104666,-0.170766
7.933801,0.140390,-0.053391,0.292387,0.979533,-0.018664,-0.105228,-0.170567
7.943853,0.140433,-0.053408,0.292699,0.979513,-0.018701,-0.105414,-0.170563
7.953913,0.140488,-0.053368,0.293143,0.979506,-0.018754,-0.105789,-0.170369
7.963974,0.140523,-0.053381,0.293491,0.979465,-0.018827,-0.106162,-0.170361
7.974034,0.140507,-0.053314,0.294021,0.979417,-0.018953,-0.106909,-0.170158
7.984094,0.140509,-0.053253,0.294286,0.979408,-0.019005,-0.107285,-0.169964
7.994155,0.140545,-0.053205,0.294899,0.979359,-0.019131,-0.108033,-0.169761
8.004220,0.140556,-0.053148,0.295031,0.979371,-0.019147,-0.108223,-0.169570
8.014280,0.140568,-0.053030,0.295429,0.979373,-0.019215,-0.108788,-0.169185
8.024341,0.140548,-0.053023,0.295693,0.979332,-0.019287,-0.109160,-0.169177
8.034402,0.140529,-0.052954,0.296223,0.979281,-0.019412,-0.109908,-0.168974
8.044465,0.140509,-0.052885,0.296753,0.979229,-0.019536,-0.110656,-0.168771
8.054527,0.140468,-0.052869,0.297283,0.979145,-0.019681,-0.111400,-0.168755
8.064579,0.140511,-0.052886,0.297498,0.979123,-0.019718,-0.111586,-0.168751
8.074632,0.140500,-0.052820,0.297895,0.979092,-0.019805,-0.112148,-0.168552
8.084684,0.140468,-0.052808,0.298293,0.979028,-0.019914,-0.112706,-0.168540
8.094734,0.140425,-0.052792,0.298822,0.978942,-0.020059,-0.113450,-0.168524
8.104786,0.140403,-0.052784,0.299087,0.978898,-0.020131,-0.113822,-0.168516
8.114838,0.140370,-0.052771,0.299484,0.978833,-0.020240,-0.114379,-0.168503
8.124890,0.140337,-0.052758,0.299881,0.978768,-0.020349,-0.114937,-0.168491
8.135124,0.140291,-0.052741,0.300410,0.978680,-0.020494,-0.115681,-0.168474
8.145187,0.140257,-0.052728,0.300807,0.978614,-0.020602,-0.116239,-0.168462
8.155333,0.140207,-0.052709,0.301433,0.978525,-0.020747,-0.116982,-0.168445
8.165398,0.140171,-0.052695,0.301829,0.978458,-0.020856,-0.117540,-0.168432
8.175462,0.140163,-0.052693,0.302022,0.978458,-0.020856,-0.117540,-0.168432
8.185524,0.140128,-0.052679,0.302575,0.978413,-0.020928,-0.117912,-0.168423
8.195586,0.140099,-0.052668,0.302935,0.978368,-0.021001,-0.118283,-0.168415
8.205650,0.140083,-0.052662,0.303320,0.978368,-0.021001,-0.118283,-0.168415
8.215715,0.140062,-0.052654,0.303644,0.978346,-0.021037,-0.118469,-0.168411
8.225777,0.140048,-0.052649,0.304089,0.978368,-0.021001,-0.118283,-0.168415
8.235841,0.140022,-0.052639,0.304509,0.978346,-0.021037,-0.118469,-0.168411
8.245904,0.140012,-0.052635,0.304857,0.978368,-0.021001,-0.118283,-0.168415
8.255968,0.140006,-0.052633,0.305110,0.978391,-0.020965,-0.118097,-0.168419
8.265979,0.139981,-0.052623,0.305590,0.978391,-0.020965,-0.118097,-0.168419
8.276041,0.139944,-0.052609,0.306047,0.978346,-0.021037,-0.118469,-0.168411
8.286105,0.139937,-0.052607,0.306299,0.978368,-0.021001,-0.118283,-0.168415
8.296170,0.139935,-0.052606,0.306455,0.978391,-0.020965,-0.118097,-0.168419
8.306234,0.139908,-0.052596,0.306935,0.978391,-0.020965,-0.118097,-0.168419
8.316296,0.139891,-0.052589,0.307223,0.978391,-0.020965,-0.118097,-0.168419
8.326359,0.139871,-0.052582,0.307667,0.978413,-0.020928,-0.117912,-0.168423
8.336424,0.139862,-0.052578,0.307919,0.978436,-0.020892,-0.117726,-0.168428
8.346488,0.139869,-0.052581,0.308099,0.978503,-0.020784,-0.117168,-0.168440
8.356550,0.139865,-0.052579,0.308254,0.978525,-0.020747,-0.116982,-0.168445
8.366615,0.139844,-0.052562,0.308638,0.978557,-0.020769,-0.116978,-0.168258
8.376678,0.139825,-0.052555,0.308926,0.978557,-0.020769,-0.116978,-0.168258
8.386742,0.139813,-0.052550,0.309118,0.978557,-0.020769,-0.116978,-0.168258
8.396806,0.139818,-0.052552,0.309298,0.978624,-0.020661,-0.116420,-0.168271
8.406869,0.139799,-0.052545,0.309586,0.978624,-0.020661,-0.116420,-0.168271
8.416932,0.139772,-0.052534,0.309970,0.978624,-0.020661,-0.116420,-0.168271
8.426995,0.139699,-0.052506,0.310175,0.978624,-0.020661,-0.116420,-0.168271
8.437061,0.139664,-0.052493,0.310654,0.978624,-0.020661,-0.116420,-0.168271
8.447120,0.139667,-0.052494,0.310774,0.978668,-0.020588,-0.116048,-0.168279
8.457182,0.139655,-0.052490,0.311085,0.978712,-0.020516,-0.115676,-0.168287
8.467241,0.139648,-0.052487,0.311241,0.978734,-0.020479,-0.115490,-0.168292
8.477304,0.139643,-0.052485,0.311456,0.978778,-0.020407,-0.115118,-0.168300
8.487359,0.139629,-0.052480,0.311708,0.978800,-0.020371,-0.114933,-0.168304
8.497419,0.139614,-0.052474,0.311959,0.978822,-0.020334,-0.114747,-0.168308
8.507472,0.139530,-0.052442,0.312200,0.978800,-0.020371,-0.114933,-0.168304
8.517525,0.139523,-0.052440,0.312416,0.978844,-0.020298,-0.114561,-0.168312
8.527587,0.139515,-0.052437,0.312571,0.978865,-0.020262,-0.114375,-0.168316
8.537647,0.139492,-0.052428,0.312918,0.978887,-0.020225,-0.114189,-0.168321
8.547708,0.139476,-0.052422,0.313170,0.978909,-0.020189,-0.114003,-0.168325
8.557770,0.139460,-0.052416,0.313481,0.978952,-0.020117,-0.113631,-0.168333
8.567829,0.139443,-0.052409,0.313732,0.978974,-0.020080,-0.113445,-0.168337
8.577914,0.139434,-0.052406,0.313947,0.979017,-0.020008,-0.113073,-0.168345
8.587976,0.139355,-0.052376,0.314152,0.979017,-0.020008,-0.113073,-0.168345
8.598037,0.139354,-0.052375,0.314271,0.979060,-0.019935,-0.112701,-0.168353
8.608099,0.139327,-0.052365,0.314618,0.979081,-0.019899,-0.112515,-0.168358
8.618159,0.139306,-0.052418,0.314737,0.979092,-0.019848,-0.112139,-0.168552
8.628220,0.139209,-0.052381,0.315073,0.979071,-0.019884,-0.112325,-0.168548
8.638285,0.139191,-0.052374,0.315265,0.979071,-0.019884,-0.112325,-0.168548
8.648345,0.139172,-0.052367,0.315516,0.979092,-0.019848,-0.112139,-0.168552
8.658408,0.139099,-0.052339,0.315684,0.979113,-0.019811,-0.111953,-0.168556
8.668467,0.139060,-0.052325,0.316126,0.979134,-0.019775,-0.111767,-0.168561
8.678520,0.139100,-0.052401,0.316232,0.979145,-0.019724,-0.111392,-0.168755
8.688583,0.139025,-0.052372,0.316460,0.979187,-0.019651,-0.111020,-0.168763
8.698648,0.138996,-0.052361,0.316747,0.979187,-0.019651,-0.111020,-0.168763
8.708710,0.138960,-0.052338,0.317129,0.979219,-0.019672,-0.111015,-0.168577
8.718771,0.138862,-0.052300,0.317406,0.979177,-0.019745,-0.111387,-0.168569
8.728830,0.138834,-0.052290,0.317633,0.979156,-0.019781,-0.111573,-0.168565
8.738893,0.138814,-0.052282,0.317825,0.979156,-0.019781,-0.111573,-0.168565
8.748957,0.138764,-0.052324,0.318111,0.979124,-0.019802,-0.111569,-0.168751
8.758979,0.138722,-0.052368,0.318362,0.979113,-0.019787,-0.111380,-0.168942
8.769040,0.138635,-0.052335,0.318625,0.979134,-0.019751,-0.111194,-0.168946
8.779104,0.138586,-0.052316,0.319044,0.979113,-0.019787,-0.111380,-0.168942
8.789163,0.138509,-0.052287,0.319211,0.979134,-0.019751,-0.111194,-0.168946
8.799225,0.138500,-0.052283,0.319389,0.979197,-0.019641,-0.110636,-0.168958
8.809285,0.138410,-0.052309,0.319520,0.979207,-0.019589,-0.110260,-0.169153
8.819348,0.138211,-0.052294,0.319964,0.979154,-0.019647,-0.110442,-0.169336
8.829412,0.138059,-0.052296,0.320048,0.979142,-0.019631,-0.110253,-0.169527
8.839473,0.137813,-0.052262,0.320371,0.979110,-0.019653,-0.110249,-0.169713
8.849536,0.137641,-0.052256,0.320587,0.979078,-0.019674,-0.110245,-0.169900
8.859599,0.137465,-0.052309,0.320730,0.979055,-0.019642,-0.109866,-0.170282
8.869652,0.137345,-0.052383,0.320897,0.979010,-0.019647,-0.109672,-0.170659
8.879704,0.137084,-0.052402,0.321183,0.978966,-0.019652,-0.109479,-0.171037
8.889756,0.136979,-0.052412,0.321386,0.978966,-0.019694,-0.109470,-0.171037
8.899808,0.136828,-0.052414,0.321492,0.978996,-0.019604,-0.108909,-0.171235
8.909860,0.136634,-0.052398,0.321838,0.978942,-0.019662,-0.109091,-0.171418
8.919912,0.136363,-0.052353,0.322291,0.978889,-0.019719,-0.109273,-0.171601
8.929963,0.136200,-0.052349,0.322410,0.978856,-0.019740,-0.109270,-0.171788
8.940017,0.136060,-0.052295,0.322551,0.978898,-0.019666,-0.108898,-0.171796
8.950068,0.135897,-0.052231,0.322801,0.978877,-0.019703,-0.109084,-0.171792
8.960120,0.135639,-0.052131,0.323230,0.978815,-0.019814,-0.109641,-0.171779
8.970170,0.135524,-0.052087,0.323181,0.978856,-0.019740,-0.109270,-0.171788
8.980280,0.135301,-0.052000,0.323406,0.978856,-0.019740,-0.109270,-0.171788
8.990332,0.135150,-0.051941,0.323560,0.978835,-0.019777,-0.109455,-0.171784
9.000394,0.134987,-0.051868,0.323809,0.978847,-0.019835,-0.109637,-0.171593
9.010455,0.134765,-0.051841,0.323901,0.978836,-0.019819,-0.109447,-0.171784
9.020514,0.134628,-0.051788,0.323983,0.978856,-0.019782,-0.109261,-0.171788
9.030575,0.134369,-0.051746,0.324301,0.978824,-0.019803,-0.109257,-0.171974
9.040636,0.134212,-0.051744,0.324382,0.978811,-0.019786,-0.109068,-0.172165
9.050698,0.133924,-0.051622,0.324615,0.978844,-0.019807,-0.109063,-0.171978
9.060758,0.133741,-0.051551,0.324958,0.978824,-0.019844,-0.109249,-0.171974
9.070820,0.133561,-0.051539,0.325192,0.978832,-0.019791,-0.108874,-0.172169
9.080895,0.133358,-0.051518,0.325534,0.978779,-0.019849,-0.109056,-0.172352
9.090959,0.133261,-0.051529,0.325684,0.978862,-0.019740,-0.108304,-0.172368
9.101012,0.133134,-0.051528,0.325980,0.978862,-0.019782,-0.108296,-0.172368
9.111074,0.132922,-0.051543,0.326285,0.978862,-0.019864,-0.108279,-0.172368
9.121137,0.132714,-0.051549,0.326568,0.978854,-0.020042,-0.108629,-0.172173
9.131200,0.132449,-0.051523,0.326825,0.978903,-0.020018,-0.108822,-0.171775
9.141262,0.132258,-0.051506,0.327071,0.978849,-0.020076,-0.109004,-0.171958
9.151325,0.132063,-0.051516,0.327281,0.978882,-0.020180,-0.108982,-0.171771
9.161388,0.131953,-0.051551,0.327385,0.978948,-0.020304,-0.108956,-0.171398
9.171453,0.131661,-0.051541,0.327713,0.979017,-0.020627,-0.109468,-0.170639
9.181515,0.131556,-0.051587,0.327782,0.979070,-0.020692,-0.109260,-0.170456
9.191632,0.131251,-0.051677,0.328001,0.979005,-0.020817,-0.109235,-0.170830
9.201694,0.130960,-0.051686,0.328292,0.978881,-0.020169,-0.109733,-0.171298
9.211755,0.130595,-0.051665,0.328629,0.978720,-0.020308,-0.110287,-0.171845
9.221815,0.130300,-0.051652,0.328978,0.978667,-0.020411,-0.110459,-0.172028
9.231878,0.130143,-0.051704,0.329271,0.978601,-0.020453,-0.110451,-0.172401
9.241939,0.129998,-0.051770,0.329491,0.978544,-0.020395,-0.110078,-0.172970
9.252003,0.129782,-0.051798,0.329735,0.978457,-0.020477,-0.110255,-0.173339
9.262068,0.129562,-0.051881,0.329907,0.978379,-0.020500,-0.110058,-0.173903
9.272138,0.129351,-0.051967,0.330020,0.978279,-0.020563,-0.110047,-0.174463
9.282202,0.128970,-0.051916,0.330448,0.978183,-0.020745,-0.110590,-0.174636
9.292265,0.128798,-0.051903,0.330561,0.978150,-0.020766,-0.110586,-0.174823
9.302329,0.128523,-0.051847,0.330871,0.978116,-0.020787,-0.110582,-0.175009
9.312391,0.128358,-0.051837,0.330947,0.978104,-0.020769,-0.110393,-0.175200
9.322454,0.128150,-0.051923,0.331044,0.978066,-0.020712,-0.109825,-0.175773
9.332518,0.127939,-0.051950,0.331251,0.977999,-0.020753,-0.109817,-0.176146
9.342579,0.127566,-0.052060,0.331343,0.977919,-0.020859,-0.109602,-0.176710
9.352642,0.127219,-0.051982,0.331638,0.978003,-0.019967,-0.110140,-0.176016
9.362706,0.126853,-0.051968,0.331896,0.978151,-0.020278,-0.110261,-0.175079
9.372776,0.126723,-0.051979,0.332092,0.978251,-0.020424,-0.110227,-0.174519
9.382840,0.126443,-0.051992,0.332268,0.978306,-0.020529,-0.110008,-0.174337
9.392898,0.126138,-0.052024,0.332517,0.978219,-0.020654,-0.110176,-0.174706
9.402961,0.125628,-0.052005,0.333041,0.978123,-0.020926,-0.110698,-0.174879
9.413023,0.125473,-0.051957,0.333115,0.978253,-0.020615,-0.110554,-0.174282
9.423083,0.125204,-0.051933,0.333289,0.978441,-0.020802,-0.110312,-0.173354
9.433146,0.124969,-0.051897,0.333658,0.978499,-0.021034,-0.110645,-0.172785
9.443244,0.124567,-0.051845,0.334093,0.978439,-0.021460,-0.111712,-0.172384
9.453303,0.124312,-0.051809,0.334224,0.978442,-0.021716,-0.112234,-0.171998
9.463365,0.124032,-0.051854,0.334318,0.978466,-0.022016,-0.112551,-0.171615
9.473435,0.123753,-0.051869,0.334448,0.978567,-0.022424,-0.113034,-0.170669
9.483499,0.123529,-0.051890,0.334664,0.978568,-0.022728,-0.113544,-0.170282
9.493560,0.123209,-0.051814,0.334801,0.978601,-0.023012,-0.114057,-0.169708
9.503620,0.122953,-0.051804,0.334894,0.978599,-0.019807,-0.114993,-0.169492
9.513681,0.122604,-0.051809,0.335016,0.978535,-0.019894,-0.114975,-0.169865
9.523741,0.122407,-0.051778,0.335217,0.978503,-0.019916,-0.114971,-0.170052
9.533803,0.122123,-0.051800,0.335352,0.978514,-0.019935,-0.114578,-0.170249
9.543862,0.121875,-0.051773,0.335429,0.978569,-0.019997,-0.114366,-0.170068
9.553926,0.121602,-0.051789,0.335527,0.978634,-0.019990,-0.113783,-0.170084
9.563987,0.121220,-0.051785,0.335776,0.978515,-0.020100,-0.113955,-0.170639
9.574055,0.120924,-0.051874,0.335837,0.978470,-0.020004,-0.113205,-0.171406
9.584119,0.120693,-0.051936,0.336000,0.978393,-0.020023,-0.113009,-0.171972
9.594172,0.120464,-0.052053,0.336054,0.978347,-0.019925,-0.112259,-0.172739
9.604236,0.120232,-0.052114,0.336217,0.978269,-0.019943,-0.112064,-0.173304
9.614299,0.119879,-0.052120,0.336607,0.978169,-0.020007,-0.112052,-0.173864
9.624361,0.119559,-0.052149,0.336848,0.978015,-0.020097,-0.112231,-0.174605
9.634420,0.119247,-0.052281,0.336886,0.977890,-0.020111,-0.111845,-0.175548
9.644482,0.119048,-0.052299,0.336991,0.977823,-0.020154,-0.111837,-0.175921
9.654535,0.118801,-0.052341,0.337224,0.977735,-0.020285,-0.112002,-0.176289
9.664598,0.118600,-0.052402,0.337271,0.977647,-0.020417,-0.112167,-0.176657
9.674660,0.118397,-0.052443,0.337355,0.977606,-0.020638,-0.112502,-0.176646
9.684721,0.118018,-0.052462,0.337520,0.977625,-0.021102,-0.113161,-0.176066
9.694785,0.117673,-0.052406,0.337686,0.977642,-0.021485,-0.113840,-0.175485
9.704844,0.117370,-0.052457,0.337809,0.977680,-0.021907,-0.114312,-0.174911
9.714903,0.117175,-0.052499,0.337855,0.977660,-0.022085,-0.114461,-0.174905
9.724964,0.116888,-0.052605,0.337834,0.977664,-0.019972,-0.114637,-0.175022
9.734992,0.116556,-0.052519,0.337982,0.977711,-0.020149,-0.114781,-0.174644
9.745055,0.116205,-0.052426,0.338185,0.977914,-0.020406,-0.114701,-0.173526
9.755119,0.115953,-0.052429,0.338199,0.977949,-0.020556,-0.114658,-0.173340
9.765178,0.115619,-0.052426,0.338201,0.978082,-0.020620,-0.114048,-0.172985
9.775243,0.115364,-0.052450,0.338177,0.978205,-0.020805,-0.113795,-0.172432
9.785306,0.114836,-0.052334,0.338460,0.978297,-0.021161,-0.114082,-0.171675
9.795370,0.114673,-0.052386,0.338359,0.978362,-0.021137,-0.113499,-0.171692
9.805432,0.114350,-0.052424,0.338268,0.978361,-0.021111,-0.112920,-0.172083
9.815494,0.114099,-0.052444,0.338243,0.978351,-0.021166,-0.112709,-0.172275
9.825554,0.113633,-0.052411,0.338195,0.978328,-0.021191,-0.112313,-0.172660
9.835616,0.113377,-0.052446,0.338170,0.978250,-0.021203,-0.112118,-0.173226
9.845680,0.112976,-0.052462,0.338370,0.978117,-0.021289,-0.112102,-0.173972
9.855744,0.112798,-0.052524,0.338305,0.978093,-0.021269,-0.111718,-0.174357
9.865798,0.112340,-0.052556,0.338377,0.978117,-0.021468,-0.111464,-0.174363
9.875861,0.112075,-0.052577,0.338386,0.978218,-0.020184,-0.111665,-0.173821
9.885925,0.111872,-0.052575,0.338484,0.978320,-0.020371,-0.111604,-0.173262
9.895984,0.111526,-0.052587,0.338495,0.978423,-0.020642,-0.111518,-0.172703
9.906045,0.111330,-0.052659,0.338465,0.978446,-0.020755,-0.111287,-0.172709
9.916105,0.110985,-0.052689,0.338439,0.978502,-0.020929,-0.111036,-0.172530
9.926167,0.110663,-0.052655,0.338451,0.978504,-0.021054,-0.110999,-0.172530
9.936226,0.110383,-0.052725,0.338422,0.978527,-0.021207,-0.110755,-0.172537
9.946289,0.110136,-0.052707,0.338429,0.978595,-0.021372,-0.110701,-0.172164
9.956352,0.109837,-0.052766,0.338456,0.978639,-0.021468,-0.110275,-0.172177
9.966413,0.109547,-0.052755,0.338591,0.978586,-0.021628,-0.110427,-0.172358
9.976479,0.109095,-0.052783,0.338676,0.978380,-0.021844,-0.110769,-0.173279
9.986541,0.108907,-0.052842,0.338644,0.978301,-0.021852,-0.110575,-0.173845
9.996601,0.108564,-0.052873,0.338617,0.978189,-0.021880,-0.110377,-0.174597
10.006662,0.108376,-0.052931,0.338586,0.978110,-0.021887,-0.110184,-0.175163
10.016722,0.107914,-0.052992,0.338632,0.977922,-0.022090,-0.110331,-0.176090
10.026783,0.107597,-0.053013,0.338802,0.977814,-0.022328,-0.110659,-0.176451
10.036844,0.107278,-0.053094,0.338862,0.977701,-0.022397,-0.110448,-0.177203
10.046904,0.107024,-0.053115,0.338832,0.977620,-0.022403,-0.110254,-0.177769
10.056965,0.106627,-0.053265,0.339020,0.977382,-0.022550,-0.110224,-0.179074
10.066971,0.106337,-0.053246,0.339151,0.977328,-0.022711,-0.110375,-0.179254
10.077031,0.105828,-0.053129,0.339322,0.977323,-0.023012,-0.110675,-0.179057
10.087084,0.105606,-0.053175,0.339379,0.977346,-0.023119,-0.110442,-0.179063
10.097145,0.105345,-0.053271,0.339471,0.977383,-0.023388,-0.110353,-0.178878
10.107197,0.104952,-0.053173,0.339727,0.977654,-0.023894,-0.110567,-0.177190
10.117250,0.104734,-0.053158,0.339853,0.977898,-0.021816,-0.111075,-0.175792
10.127303,0.104203,-0.053053,0.340272,0.978022,-0.022426,-0.111655,-0.174649
10.137354,0.104007,-0.053038,0.340327,0.978147,-0.022551,-0.111405,-0.174097
10.147406,0.103589,-0.052971,0.340617,0.978222,-0.023023,-0.111835,-0.173333
10.157456,0.103307,-0.052896,0.340779,0.978317,-0.023352,-0.112112,-0.172576
10.167515,0.102828,-0.052873,0.340959,0.978350,-0.024036,-0.112868,-0.171799
10.177569,0.102495,-0.052758,0.341102,0.978433,-0.024514,-0.113491,-0.170842
10.187621,0.102205,-0.052737,0.341207,0.978723,-0.018131,-0.115089,-0.168897
10.197673,0.101920,-0.052717,0.341313,0.978731,-0.018532,-0.115542,-0.168503
10.207725,0.101386,-0.052627,0.341528,0.978576,-0.019106,-0.116549,-0.168644
10.217777,0.101033,-0.052588,0.341636,0.978382,-0.019343,-0.117085,-0.169367
10.227829,0.100664,-0.052578,0.341743,0.978189,-0.019624,-0.117605,-0.170090
10.237881,0.100352,-0.052639,0.341813,0.978017,-0.019885,-0.117931,-0.170821
10.247932,0.099884,-0.052670,0.341883,0.977778,-0.020148,-0.118264,-0.171925
10.257983,0.099550,-0.052628,0.341916,0.977658,-0.020280,-0.118431,-0.172476
10.268049,0.099165,-0.052703,0.341913,0.977460,-0.020415,-0.118408,-0.173595
10.278102,0.098865,-0.052777,0.341911,0.977294,-0.020528,-0.118388,-0.174527
10.288155,0.098525,-0.052727,0.341979,0.977151,-0.020726,-0.118732,-0.175070
10.298206,0.098013,-0.052675,0.342045,0.976940,-0.020969,-0.119068,-0.175986
10.308258,0.097694,-0.052783,0.342041,0.976738,-0.021105,-0.119044,-0.177104
10.318310,0.097405,-0.052887,0.341928,0.976669,-0.021087,-0.118463,-0.177874
10.328361,0.097140,-0.052885,0.341923,0.976673,-0.021262,-0.118399,-0.177875
10.338413,0.096674,-0.052890,0.341985,0.976601,-0.021679,-0.118653,-0.178048
10.348465,0.096396,-0.052906,0.341978,0.976641,-0.021919,-0.118560,-0.177864
10.358517,0.096043,-0.052916,0.341932,0.976703,-0.022136,-0.118272,-0.177688
10.368569,0.095839,-0.052996,0.341855,0.976716,-0.022199,-0.117849,-0.177891
10.378622,0.095426,-0.052925,0.341842,0.976895,-0.022564,-0.117689,-0.176964
10.388674,0.095103,-0.052840,0.341866,0.977016,-0.022890,-0.117750,-0.176213
10.398726,0.094820,-0.052883,0.341783,0.977237,-0.023162,-0.117219,-0.175301
10.408778,0.094639,-0.052894,0.341740,0.977365,-0.023328,-0.116938,-0.174753
10.418830,0.094285,-0.052853,0.341762,0.977520,-0.023761,-0.116951,-0.173817
10.428882,0.094023,-0.052791,0.341823,0.977651,-0.024179,-0.117172,-0.172872
10.438944,0.093589,-0.052698,0.341913,0.977761,-0.024755,-0.117533,-0.171920
10.449006,0.093378,-0.052745,0.341905,0.977799,-0.024993,-0.117433,-0.171736
10.459059,0.093088,-0.052769,0.341894,0.977872,-0.025295,-0.117302,-0.171365
10.469111,0.092905,-0.052784,0.341849,0.977965,-0.025438,-0.117031,-0.171002
10.479164,0.092669,-0.052718,0.341838,0.978068,-0.025631,-0.116940,-0.170445
10.489216,0.092181,-0.052575,0.341925,0.978075,-0.026106,-0.117350,-0.170051
10.499268,0.091939,-0.052657,0.341952,0.978025,-0.026419,-0.117430,-0.170232
10.509322,0.091585,-0.052608,0.342008,0.978020,-0.026803,-0.117676,-0.170032
10.519374,0.091331,-0.052567,0.342033,0.977968,-0.026986,-0.117809,-0.170212
10.529426,0.090776,-0.052570,0.342083,0.977731,-0.027356,-0.118090,-0.171316
10.539479,0.090586,-0.052626,0.342004,0.977677,-0.027319,-0.117707,-0.171891
10.549542,0.090230,-0.052632,0.341990,0.977512,-0.027431,-0.117681,-0.172824
10.559605,0.089942,-0.052635,0.342050,0.977337,-0.027670,-0.118009,-0.173554
10.569657,0.089360,-0.052632,0.342206,0.976962,-0.028223,-0.118836,-0.175005
10.579710,0.089069,-0.052618,0.342301,0.976797,-0.028559,-0.119323,-0.175540
10.589762,0.088735,-0.052680,0.342397,0.976628,-0.025381,-0.120451,-0.176199
10.599814,0.088491,-0.052754,0.342460,0.976415,-0.025646,-0.120774,-0.177113
10.609866,0.087995,-0.052752,0.342618,0.976068,-0.026185,-0.121608,-0.178372
10.619929,0.087600,-0.052758,0.342707,0.975833,-0.026572,-0.122084,-0.179277
10.629981,0.087259,-0.052814,0.342799,0.975668,-0.027050,-0.122511,-0.179811
10.640044,0.086976,-0.052778,0.342891,0.975570,-0.027437,-0.122966,-0.179972
10.650096,0.086551,-0.052799,0.343012,0.975418,-0.028061,-0.123529,-0.180312
10.660148,0.086204,-0.052695,0.343133,0.975368,-0.028573,-0.124126,-0.180092
10.670203,0.085726,-0.052622,0.343281,0.975370,-0.029391,-0.124782,-0.179495
10.680257,0.085443,-0.052564,0.343368,0.975449,-0.029943,-0.125137,-0.178729
10.690313,0.085164,-0.052479,0.343450,0.975737,-0.030676,-0.125378,-0.176850
10.700376,0.084870,-0.052456,0.343501,0.975803,-0.031178,-0.125550,-0.176278
10.710440,0.084527,-0.052373,0.343547,0.975832,-0.031613,-0.125756,-0.175892
10.720504,0.084118,-0.052235,0.343584,0.976000,-0.032184,-0.125879,-0.174764
10.730532,0.083858,-0.052196,0.343562,0.976109,-0.032483,-0.125724,-0.174210
10.740596,0.083455,-0.052050,0.343559,0.976436,-0.033110,-0.125588,-0.172348
10.750660,0.083104,-0.051821,0.343594,0.976664,-0.033591,-0.125738,-0.170846
10.760714,0.082704,-0.051748,0.343541,0.976727,-0.034147,-0.125876,-0.170275
10.770766,0.082511,-0.051760,0.343527,0.976698,-0.034310,-0.125803,-0.170463
10.780818,0.082120,-0.051652,0.343493,0.976704,-0.034542,-0.125691,-0.170466
10.790882,0.081711,-0.051561,0.343496,0.976585,-0.034789,-0.125796,-0.171017
10.800943,0.081347,-0.051549,0.343466,0.976559,-0.035091,-0.125653,-0.171207
10.811006,0.081066,-0.051538,0.343480,0.976474,-0.035362,-0.125741,-0.171572
10.821066,0.080745,-0.051542,0.343364,0.976379,-0.035573,-0.125653,-0.172133
10.831128,0.080425,-0.051475,0.343337,0.976282,-0.035691,-0.125610,-0.172692
10.841192,0.080052,-0.051483,0.343307,0.976404,-0.028290,-0.126866,-0.172452
10.851257,0.079770,-0.051476,0.343321,0.976286,-0.028541,-0.126973,-0.173002
10.861318,0.079419,-0.051485,0.343274,0.976147,-0.028969,-0.127201,-0.173543
10.871381,0.079139,-0.051446,0.343320,0.976109,-0.029372,-0.127422,-0.173527
10.881440,0.078707,-0.051414,0.343299,0.975984,-0.029957,-0.127775,-0.173873
10.891503,0.078550,-0.051487,0.343325,0.975899,-0.030232,-0.127861,-0.174237
10.901556,0.078163,-0.051429,0.343432,0.975818,-0.030905,-0.128366,-0.174202
10.911621,0.077991,-0.051446,0.343361,0.976082,-0.023825,-0.129700,-0.172841
10.921683,0.077715,-0.051370,0.343438,0.976129,-0.024388,-0.130023,-0.172255
10.931744,0.077258,-0.051263,0.343573,0.975995,-0.025135,-0.130708,-0.172390
10.941803,0.077030,-0.051288,0.343626,0.975869,-0.024923,-0.131077,-0.172852
10.951864,0.076662,-0.051202,0.343732,0.975790,-0.025562,-0.131596,-0.172812
10.961924,0.076461,-0.051179,0.343784,0.975752,-0.025930,-0.131829,-0.172793
10.971986,0.076057,-0.051140,0.343888,0.975641,-0.026646,-0.132314,-0.172939
10.982045,0.075722,-0.051008,0.343993,0.975557,-0.027196,-0.132877,-0.172897
10.992106,0.075329,-0.050962,0.344098,0.975373,-0.027825,-0.133423,-0.173412
11.002166,0.075130,-0.050936,0.344149,0.975334,-0.028198,-0.133652,-0.173393
11.012227,0.074718,-0.050849,0.344157,0.975220,-0.028876,-0.134153,-0.173538
11.022287,0.074353,-0.050753,0.344258,0.975138,-0.029531,-0.134657,-0.173498
11.032349,0.073982,-0.050650,0.344356,0.975163,-0.030307,-0.135069,-0.172904
11.042412,0.073794,-0.050596,0.344404,0.975228,-0.030755,-0.135228,-0.172330
11.052474,0.073385,-0.050568,0.344506,0.975009,-0.031423,-0.135756,-0.173031
11.062527,0.073045,-0.050452,0.344609,0.974817,-0.031921,-0.136369,-0.173543
11.072579,0.072597,-0.050321,0.344735,0.974759,-0.030105,-0.137483,-0.173309
11.082631,0.072321,-0.050244,0.344807,0.974745,-0.030284,-0.137881,-0.173041
11.092681,0.071970,-0.050113,0.344902,0.974768,-0.031027,-0.138302,-0.172445
11.102744,0.071730,-0.050085,0.344855,0.974696,-0.031441,-0.138510,-0.172611
11.112808,0.071260,-0.049927,0.344882,0.974555,-0.032239,-0.139151,-0.172743
11.122872,0.071110,-0.049917,0.344807,0.974575,-0.032558,-0.139177,-0.172551
11.132935,0.070806,-0.049906,0.344659,0.974579,-0.033173,-0.139250,-0.172351
11.142970,0.070471,-0.049758,0.344753,0.974562,-0.033854,-0.139710,-0.171939
11.153040,0.070056,-0.049507,0.344774,0.974625,-0.034705,-0.140262,-0.170960
11.163104,0.069924,-0.049575,0.344580,0.974567,-0.034910,-0.140160,-0.171336
11.173171,0.069738,-0.049576,0.344412,0.974446,-0.035137,-0.140272,-0.171883
11.183232,0.069495,-0.049600,0.344148,0.974295,-0.035442,-0.140348,-0.172616
11.193294,0.069209,-0.049436,0.344027,0.974262,-0.035909,-0.140720,-0.172398
11.203357,0.068962,-0.049453,0.343758,0.974218,-0.036337,-0.140695,-0.172580
11.213421,0.068818,-0.049474,0.343465,0.974264,-0.036614,-0.140520,-0.172402
11.223480,0.068565,-0.049452,0.343101,0.974218,-0.036992,-0.140523,-0.172582
11.233543,0.068344,-0.049448,0.342836,0.974099,-0.037272,-0.140602,-0.173130
11.243607,0.068150,-0.049499,0.342449,0.974006,-0.037504,-0.140489,-0.173691
11.253669,0.068016,-0.049518,0.342158,0.973980,-0.037683,-0.140390,-0.173881
11.263732,0.067827,-0.049536,0.341763,0.974239,-0.034391,-0.140764,-0.172801
11.273799,0.067689,-0.049547,0.341468,0.974322,-0.034690,-0.140561,-0.172440
11.283863,0.067558,-0.049585,0.340954,0.974467,-0.034962,-0.140142,-0.171909
11.293927,0.067473,-0.049677,0.340637,0.974468,-0.035089,-0.139852,-0.172113
11.303981,0.067358,-0.049697,0.340124,0.974609,-0.035309,-0.139463,-0.171581
11.314039,0.067330,-0.049809,0.339687,0.974632,-0.035282,-0.139044,-0.171797
11.324103,0.067139,-0.049835,0.339293,0.974719,-0.035677,-0.138777,-0.171439
11.334165,0.066922,-0.049717,0.339140,0.974820,-0.036173,-0.138870,-0.170681
11.344228,0.066900,-0.049821,0.338664,0.975009,-0.036184,-0.138163,-0.170174
11.354283,0.066817,-0.049937,0.338314,0.974964,-0.036156,-0.137762,-0.170760
11.364360,0.066739,-0.050024,0.337794,0.975071,-0.035991,-0.136972,-0.170819
11.374416,0.066608,-0.049986,0.337552,0.975322,-0.030663,-0.137636,-0.169893
11.384480,0.066534,-0.050013,0.337286,0.975376,-0.030602,-0.137226,-0.169926
11.394541,0.066196,-0.049941,0.336958,0.975324,-0.030898,-0.137057,-0.170306
11.404602,0.066154,-0.050005,0.336569,0.975473,-0.030825,-0.136407,-0.169985
11.414662,0.066170,-0.050147,0.335971,0.975682,-0.030716,-0.135543,-0.169494
11.424723,0.066005,-0.050118,0.335797,0.975670,-0.031013,-0.135574,-0.169488
11.434782,0.065809,-0.050191,0.335411,0.975475,-0.031168,-0.135538,-0.170604
11.444845,0.065650,-0.050126,0.335144,0.975387,-0.031325,-0.135683,-0.170963
11.454904,0.065537,-0.050223,0.334733,0.975282,-0.031372,-0.135471,-0.171722
11.464968,0.065479,-0.050385,0.334298,0.975163,-0.031290,-0.135127,-0.172679
11.474980,0.065303,-0.050433,0.333911,0.974998,-0.031419,-0.135097,-0.173609
11.485033,0.065187,-0.050494,0.333717,0.974865,-0.031522,-0.135073,-0.174353
11.495096,0.064914,-0.050445,0.333474,0.974653,-0.031862,-0.135356,-0.175255
11.505158,0.064778,-0.050487,0.333183,0.974519,-0.031966,-0.135332,-0.175999
11.515221,0.064701,-0.050630,0.332651,0.974396,-0.031882,-0.134989,-0.176956
11.525286,0.064585,-0.050647,0.332360,0.974295,-0.031960,-0.134970,-0.177513
11.535348,0.064279,-0.050639,0.332115,0.974048,-0.032375,-0.135214,-0.178602
11.545411,0.064168,-0.050648,0.331823,0.973983,-0.032474,-0.135169,-0.178976
11.555473,0.064060,-0.050736,0.331409,0.973908,-0.032540,-0.134931,-0.179550
11.565535,0.063994,-0.050810,0.331091,0.973904,-0.032602,-0.134672,-0.179755
11.575648,0.063826,-0.050824,0.330695,0.974035,-0.030494,-0.134898,-0.179247
11.585712,0.063736,-0.050783,0.330396,0.974190,-0.030723,-0.134695,-0.178517
11.595773,0.063560,-0.050647,0.330244,0.974281,-0.029219,-0.135226,-0.177866
11.605836,0.063465,-0.050667,0.329729,0.974351,-0.029323,-0.134914,-0.177704
11.615899,0.063394,-0.050732,0.329406,0.974460,-0.029494,-0.134543,-0.177360
11.625961,0.063302,-0.050616,0.328998,0.974943,-0.029963,-0.134061,-0.174975
11.635982,0.063195,-0.050487,0.328812,0.975397,-0.026709,-0.134504,-0.172614
11.646046,0.063099,-0.050378,0.328405,0.975836,-0.027154,-0.134036,-0.170414
11.656108,0.063064,-0.050403,0.328083,0.975972,-0.027248,-0.133700,-0.169882
11.666171,0.063026,-0.050481,0.327544,0.976062,-0.027235,-0.133233,-0.169735
11.676234,0.062948,-0.050442,0.327247,0.976138,-0.027371,-0.133110,-0.169371
11.686298,0.062760,-0.050263,0.326989,0.976349,-0.027882,-0.133119,-0.168059
11.696360,0.062685,-0.050215,0.326691,0.976460,-0.028039,-0.132968,-0.167511
11.706413,0.062671,-0.050262,0.326150,0.976615,-0.028019,-0.132478,-0.166993
11.716465,0.062586,-0.050281,0.325953,0.976589,-0.028137,-0.132405,-0.167184
11.726516,0.062419,-0.050225,0.325677,0.976614,-0.028456,-0.132395,-0.166993
11.736568,0.062317,-0.050227,0.325381,0.976588,-0.028574,-0.132322,-0.167184
11.746620,0.062179,-0.050234,0.324988,0.976530,-0.028717,-0.132244,-0.167560
11.756672,0.062215,-0.050328,0.324651,0.976506,-0.028496,-0.131963,-0.167960
11.766725,0.062072,-0.050265,0.324380,0.976452,-0.027541,-0.132296,-0.168167
11.776777,0.062038,-0.050317,0.324064,0.976409,-0.027479,-0.132134,-0.168554
11.786828,0.061986,-0.050306,0.323869,0.976382,-0.027318,-0.132161,-0.168715
11.796881,0.061882,-0.050284,0.323478,0.976318,-0.027368,-0.132151,-0.169087
11.806945,0.061813,-0.050256,0.323184,0.976286,-0.027394,-0.132145,-0.169273
11.817007,0.061801,-0.050330,0.322650,0.976263,-0.027218,-0.131832,-0.169675
11.827070,0.061767,-0.050383,0.322333,0.976219,-0.027155,-0.131670,-0.170062
11.837134,0.061646,-0.050331,0.322159,0.976169,-0.027340,-0.131782,-0.170236
11.847198,0.061613,-0.050383,0.321843,0.976125,-0.027277,-0.131621,-0.170623
11.857251,0.061545,-0.050442,0.321428,0.976048,-0.027239,-0.131454,-0.171196
11.867303,0.061492,-0.050518,0.321112,0.975971,-0.027201,-0.131287,-0.171769
11.877354,0.061440,-0.050594,0.320795,0.975893,-0.027163,-0.131120,-0.172343
11.887406,0.061317,-0.050551,0.320622,0.975807,-0.027326,-0.131261,-0.172700
11.897458,0.061268,-0.050587,0.320207,0.975762,-0.027263,-0.131099,-0.173087
11.907510,0.061235,-0.050640,0.319890,0.975716,-0.027199,-0.130938,-0.173474
11.917562,0.061154,-0.050597,0.319498,0.975683,-0.027224,-0.130932,-0.173660
11.927614,0.061089,-0.050570,0.319204,0.975650,-0.027249,-0.130927,-0.173846
11.937665,0.061060,-0.050584,0.318788,0.975638,-0.027160,-0.130771,-0.174047
11.947717,0.061119,-0.050647,0.318449,0.975679,-0.026933,-0.130469,-0.174076
11.957777,0.061162,-0.050693,0.318012,0.975721,-0.026706,-0.130167,-0.174106
11.967839,0.061112,-0.050684,0.317815,0.975687,-0.026731,-0.130162,-0.174292
11.977892,0.061085,-0.050643,0.317618,0.975768,-0.025076,-0.130432,-0.173884
11.987945,0.061076,-0.050665,0.317299,0.975791,-0.025007,-0.130247,-0.173902
11.997969,0.061089,-0.050656,0.316980,0.975884,-0.024934,-0.130039,-0.173549
12.008021,0.061068,-0.050654,0.316562,0.975943,-0.024886,-0.129826,-0.173382
12.018075,0.061055,-0.050684,0.316245,0.975930,-0.024797,-0.129670,-0.173583
12.028127,0.060996,-0.050620,0.315852,0.975930,-0.024797,-0.129670,-0.173583
12.038179,0.061003,-0.050628,0.315534,0.975950,-0.024683,-0.129520,-0.173598
12.048232,0.060999,-0.050612,0.315117,0.976007,-0.024589,-0.129340,-0.173429
12.058284,0.060955,-0.050564,0.314822,0.976007,-0.024589,-0.129340,-0.173429
12.068336,0.060985,-0.050596,0.314285,0.976047,-0.024361,-0.129038,-0.173458
12.078397,0.060987,-0.050643,0.314066,0.976034,-0.024272,-0.128883,-0.173659
12.088460,0.060944,-0.050596,0.313771,0.976034,-0.024272,-0.128883,-0.173659
12.098522,0.060983,-0.050683,0.313430,0.976041,-0.024068,-0.128577,-0.173875
12.108574,0.061063,-0.050769,0.312871,0.976101,-0.023726,-0.128124,-0.173920
12.118626,0.061078,-0.050785,0.312686,0.976101,-0.023726,-0.128124,-0.173920
12.128678,0.061086,-0.050794,0.312368,0.976121,-0.023612,-0.127973,-0.173935
12.138731,0.061058,-0.050763,0.312171,0.976121,-0.023612,-0.127973,-0.173935
12.148795,0.061029,-0.050732,0.311974,0.976121,-0.023612,-0.127973,-0.173935
12.158858,0.061087,-0.050795,0.311634,0.976161,-0.023384,-0.127672,-0.173964
12.168920,0.061095,-0.050804,0.311316,0.976180,-0.023270,-0.127521,-0.173979
12.178984,0.061117,-0.050828,0.311096,0.976200,-0.023155,-0.127370,-0.173994
12.189040,0.061175,-0.050890,0.310755,0.976240,-0.022927,-0.127068,-0.174024
12.199092,0.061112,-0.050821,0.310679,0.976220,-0.023041,-0.127219,-0.174009
12.209143,0.061134,-0.050845,0.310460,0.976240,-0.022927,-0.127068,-0.174024
12.219196,0.061106,-0.050815,0.310262,0.976240,-0.022927,-0.127068,-0.174024
12.229248,0.061178,-0.050893,0.310020,0.976279,-0.022699,-0.126766,-0.174053
12.239300,0.061186,-0.050902,0.309702,0.976298,-0.022585,-0.126616,-0.174068
12.249352,0.061172,-0.050887,0.309603,0.976298,-0.022585,-0.126616,-0.174068
12.259403,0.061181,-0.050896,0.309285,0.976318,-0.022471,-0.126465,-0.174083
12.269456,0.061167,-0.050881,0.309186,0.976318,-0.022471,-0.126465,-0.174083
12.279508,0.061175,-0.050890,0.308868,0.976338,-0.022357,-0.126314,-0.174098
12.289560,0.061162,-0.050875,0.308769,0.976338,-0.022357,-0.126314,-0.174098
12.299613,0.061197,-0.050914,0.308648,0.976357,-0.022243,-0.126163,-0.174112
12.309665,0.061233,-0.050953,0.308527,0.976376,-0.022129,-0.126012,-0.174127
12.319718,0.061233,-0.050953,0.308527,0.976376,-0.022129,-0.126012,-0.174127
12.329770,0.061269,-0.050991,0.308405,0.976396,-0.022015,-0.125861,-0.174142
12.339822,0.061269,-0.050991,0.308405,0.976396,-0.022015,-0.125861,-0.174142
12.349873,0.061269,-0.050991,0.308405,0.976396,-0.022015,-0.125861,-0.174142
12.359926,0.061269,-0.050991,0.308405,0.976396,-0.022015,-0.125861,-0.174142
12.369969,0.061269,-0.050991,0.308405,0.976396,-0.022015,-0.125861,-0.174142
12.380030,0.061269,-0.050991,0.308405,0.976396,-0.022015,-0.125861,-0.174142
12.390083,0.061269,-0.050991,0.308405,0.976396,-0.022015,-0.125861,-0.174142
12.400146,0.061269,-0.050991,0.308405,0.976396,-0.022015,-0.125861,-0.174142
12.410209,0.061269,-0.050991,0.308405,0.976396,-0.022015,-0.125861,-0.174142
12.420274,0.061269,-0.050991,0.308405,0.976400,-0.021828,-0.125894,-0.174118
12.430335,0.061269,-0.050991,0.308405,0.976400,-0.021828,-0.125894,-0.174118
12.440398,0.061269,-0.050991,0.308405,0.976400,-0.021828,-0.125894,-0.174118
12.450462,0.061269,-0.050991,0.308405,0.976400,-0.021828,-0.125894,-0.174118
12.460526,0.061269,-0.050991,0.308405,0.976400,-0.021828,-0.125894,-0.174118
12.470588,0.061269,-0.050991,0.308405,0.976400,-0.021828,-0.125894,-0.174118
12.480651,0.061269,-0.050991,0.308405,0.976400,-0.021828,-0.125894,-0.174118
12.490714,0.061269,-0.050991,0.308405,0.976400,-0.021828,-0.125894,-0.174118
12.500775,0.061269,-0.050991,0.308405,0.976400,-0.021828,-0.125894,-0.174118
12.510838,0.061250,-0.051015,0.308405,0.976367,-0.021852,-0.125890,-0.174304
12.520901,0.061250,-0.051015,0.308405,0.976367,-0.021852,-0.125890,-0.174304
12.530965,0.061250,-0.051015,0.308405,0.976367,-0.021852,-0.125890,-0.174304
12.541028,0.061250,-0.051015,0.308405,0.976367,-0.021852,-0.125890,-0.174304
12.551082,0.061214,-0.050976,0.308527,0.976347,-0.021967,-0.126041,-0.174289
12.561135,0.061263,-0.051029,0.308504,0.976367,-0.021852,-0.125890,-0.174304
12.571187,0.061263,-0.051029,0.308504,0.976367,-0.021852,-0.125890,-0.174304
12.581239,0.061263,-0.051029,0.308504,0.976367,-0.021852,-0.125890,-0.174304
12.591291,0.061263,-0.051029,0.308504,0.976367,-0.021852,-0.125890,-0.174304
12.601343,0.061263,-0.051029,0.308504,0.976367,-0.021852,-0.125890,-0.174304
12.611405,0.061227,-0.050991,0.308625,0.976347,-0.021967,-0.126041,-0.174289
12.621466,0.061227,-0.050991,0.308625,0.976347,-0.021967,-0.126041,-0.174289
12.631529,0.061277,-0.051044,0.308603,0.976367,-0.021852,-0.125890,-0.174304
12.641591,0.061340,-0.051112,0.308679,0.976386,-0.021738,-0.125739,-0.174319
12.651654,0.061389,-0.051166,0.308656,0.976405,-0.021624,-0.125588,-0.174334
12.661716,0.061403,-0.051181,0.308755,0.976405,-0.021624,-0.125588,-0.174334
12.671777,0.061452,-0.051234,0.308732,0.976425,-0.021510,-0.125437,-0.174349
12.681837,0.061516,-0.051302,0.308808,0.976444,-0.021396,-0.125287,-0.174363
12.691898,0.061615,-0.051409,0.308763,0.976482,-0.021168,-0.124985,-0.174393
12.701957,0.061698,-0.051454,0.308839,0.976535,-0.021030,-0.124838,-0.174221
12.711970,0.061761,-0.051523,0.308915,0.976554,-0.020916,-0.124687,-0.174236
12.722023,0.061874,-0.051645,0.308967,0.976592,-0.020688,-0.124385,-0.174266
12.732075,0.062023,-0.051805,0.308899,0.976649,-0.020345,-0.123932,-0.174310
12.742126,0.062185,-0.051981,0.308928,0.976705,-0.020003,-0.123479,-0.174354
12.752175,0.062298,-0.052103,0.308981,0.976743,-0.019775,-0.123177,-0.174383
12.762226,0.062531,-0.052309,0.308986,0.976851,-0.019295,-0.122577,-0.174256
12.772275,0.062659,-0.052447,0.309137,0.976888,-0.019067,-0.122275,-0.174285
12.782326,0.062884,-0.052598,0.309229,0.977028,-0.018564,-0.121678,-0.173971
12.792375,0.063114,-0.052812,0.309234,0.977099,-0.018066,-0.121104,-0.174027
12.802468,0.063348,-0.052973,0.309458,0.977220,-0.017679,-0.120658,-0.173698
12.812521,0.063498,-0.053088,0.309608,0.977289,-0.017428,-0.120359,-0.173541
12.822573,0.063739,-0.053208,0.309733,0.977442,-0.017018,-0.119915,-0.173025
12.832624,0.064166,-0.053481,0.309884,0.977681,-0.016244,-0.119019,-0.172366
12.842675,0.064199,-0.053469,0.310300,0.977696,-0.016335,-0.119174,-0.172165
12.852725,0.064425,-0.053525,0.310864,0.977845,-0.016130,-0.119034,-0.171433
12.862775,0.064665,-0.053687,0.311086,0.977964,-0.015745,-0.118586,-0.171104
12.872825,0.064955,-0.053868,0.311504,0.978079,-0.015318,-0.118167,-0.170772
12.882877,0.065262,-0.054077,0.311702,0.978174,-0.014948,-0.117590,-0.170661
12.892926,0.065410,-0.054104,0.312514,0.978111,-0.014881,-0.117887,-0.170824
12.902976,0.065624,-0.054120,0.312883,0.978220,-0.014620,-0.117803,-0.170275
12.913028,0.065949,-0.054191,0.313421,0.978415,-0.014241,-0.117542,-0.169369
12.923080,0.066152,-0.054181,0.314007,0.978541,-0.014111,-0.117582,-0.168620
12.933131,0.066582,-0.054300,0.314620,0.978711,-0.013523,-0.117252,-0.167909
12.943180,0.066813,-0.054315,0.314990,0.978748,-0.013187,-0.117247,-0.167727
12.953230,0.067156,-0.054350,0.315659,0.978635,-0.012617,-0.117463,-0.168277
12.963282,0.067327,-0.054302,0.316278,0.978530,-0.012407,-0.117871,-0.168619
12.973331,0.067678,-0.054293,0.317166,0.978431,-0.011923,-0.118238,-0.168968
12.983385,0.067961,-0.054308,0.317635,0.978392,-0.011469,-0.118338,-0.169153
12.993437,0.068291,-0.054227,0.318551,0.978201,-0.010973,-0.118965,-0.169854
13.003489,0.068663,-0.054268,0.318997,0.978139,-0.010310,-0.118987,-0.170234
13.013541,0.068899,-0.054288,0.319592,0.977881,-0.012109,-0.118973,-0.171601
13.023593,0.069428,-0.054346,0.320432,0.977666,-0.011168,-0.119226,-0.172712
13.033644,0.069650,-0.054267,0.321052,0.977444,-0.010768,-0.119783,-0.173605
13.043696,0.070189,-0.054314,0.321889,0.977262,-0.009844,-0.119999,-0.174532
13.053747,0.070497,-0.054243,0.322480,0.977162,-0.009350,-0.120344,-0.174883
13.063799,0.071086,-0.054279,0.323410,0.977012,-0.008404,-0.120550,-0.175624
13.073859,0.071418,-0.054179,0.324000,0.976945,-0.007884,-0.120889,-0.175789
13.083922,0.072057,-0.054181,0.324706,0.976919,-0.006852,-0.120875,-0.175990
13.093981,0.072510,-0.054183,0.325241,0.976887,-0.006132,-0.120885,-0.176185
13.104042,0.073058,-0.054077,0.326315,0.976731,-0.005322,-0.121414,-0.176711
13.114108,0.073498,-0.054047,0.326751,0.976736,-0.004623,-0.121391,-0.176721
13.124169,0.074288,-0.054073,0.327301,0.976776,-0.003340,-0.121047,-0.176765
13.134232,0.074916,-0.054113,0.327776,0.976847,-0.002390,-0.120710,-0.176618
13.144270,0.075552,-0.053965,0.328717,0.976888,-0.001539,-0.120954,-0.176235
13.154333,0.076038,-0.053838,0.329366,0.976962,-0.010065,-0.119381,-0.176613
13.164394,0.076991,-0.053926,0.329852,0.977048,-0.008578,-0.118692,-0.176680
13.174462,0.077490,-0.053819,0.330281,0.977126,-0.007850,-0.118638,-0.176319
13.184522,0.078335,-0.053760,0.331038,0.977153,-0.006613,-0.118445,-0.176347
13.194585,0.079007,-0.053754,0.331502,0.977230,-0.005651,-0.118088,-0.176197
13.204638,0.079901,-0.053711,0.332130,0.977275,-0.004339,-0.117705,-0.176238
13.214700,0.080593,-0.053681,0.332407,0.977422,-0.003428,-0.117290,-0.175718
13.224764,0.081262,-0.053682,0.332865,0.977500,-0.002525,-0.116888,-0.175570
13.234826,0.082231,-0.053615,0.333361,0.977596,-0.001131,-0.116303,-0.175440
13.244887,0.082902,-0.053622,0.333816,0.977601,-0.000206,-0.115924,-0.175663
13.254947,0.083940,-0.053529,0.334402,0.977621,0.001283,-0.115390,-0.175902
13.265008,0.084717,-0.053546,0.334604,0.977694,0.002379,-0.114651,-0.175966
13.275077,0.085853,-0.053622,0.334902,0.977699,0.003997,-0.113554,-0.176620
13.285141,0.086697,-0.053591,0.335228,0.977749,0.005066,-0.112999,-0.176669
13.295203,0.087906,-0.053589,0.335683,0.977785,0.006534,-0.112212,-0.176925
13.305261,0.088799,-0.053603,0.336042,0.977820,0.007466,-0.111791,-0.176963
13.315321,0.090130,-0.053581,0.336237,0.977882,-0.003907,-0.108297,-0.178892
13.325383,0.090932,-0.053509,0.336529,0.977911,-0.003070,-0.108031,-0.178914
13.335445,0.092397,-0.053619,0.336630,0.977926,-0.001486,-0.106858,-0.179555
13.345509,0.093270,-0.053555,0.336954,0.977972,-0.000753,-0.106734,-0.179381
13.355573,0.094733,-0.053499,0.337092,0.978101,-0.013950,-0.103502,-0.180030
13.365635,0.095709,-0.053560,0.337194,0.978143,-0.013217,-0.103173,-0.180049
13.375689,0.097126,-0.053532,0.337429,0.978264,-0.012309,-0.103095,-0.179499
13.385754,0.098144,-0.053580,0.337431,0.978340,-0.011603,-0.102744,-0.179332
13.395818,0.099629,-0.053592,0.337617,0.978480,-0.010676,-0.102459,-0.178790
13.405882,0.100586,-0.053568,0.337645,0.978572,-0.010061,-0.102264,-0.178429
13.415949,0.102008,-0.053585,0.337980,0.978629,-0.013449,-0.101551,-0.178300
13.426010,0.103025,-0.053601,0.337998,0.978760,-0.012895,-0.101328,-0.177752
13.436072,0.104052,-0.053611,0.337977,0.978908,-0.012283,-0.100921,-0.177211
13.446136,0.105514,-0.053600,0.337983,0.979033,-0.011512,-0.100764,-0.176661
13.456197,0.106524,-0.053587,0.338061,0.979092,-0.011066,-0.100901,-0.176285
13.466259,0.107992,-0.053606,0.337999,0.979130,-0.010358,-0.100923,-0.176101
13.476319,0.108872,-0.053553,0.338016,0.979064,-0.015590,-0.100225,-0.176481
13.486381,0.110261,-0.053509,0.338016,0.979036,-0.014974,-0.100612,-0.176472
13.496446,0.111203,-0.053477,0.338059,0.978992,-0.014634,-0.101110,-0.176457
13.506511,0.112560,-0.053462,0.338082,0.978980,-0.014158,-0.101643,-0.176255
13.516572,0.113521,-0.053390,0.338079,0.979057,-0.013812,-0.101932,-0.175687
13.526633,0.114865,-0.053384,0.338089,0.979045,-0.013365,-0.102450,-0.175486
13.536697,0.115720,-0.053315,0.338155,0.978983,-0.013099,-0.103115,-0.175465
13.546759,0.117052,-0.053308,0.338190,0.978850,-0.012635,-0.103837,-0.175817
13.556821,0.117971,-0.053350,0.338113,0.978772,-0.012367,-0.104305,-0.175990
13.566885,0.119238,-0.053239,0.338212,0.978770,-0.012082,-0.105352,-0.175396
13.576950,0.120185,-0.053204,0.338127,0.978794,-0.011823,-0.105804,-0.175009
13.587012,0.121336,-0.053192,0.338164,0.978636,-0.011610,-0.107035,-0.175155
13.597075,0.122158,-0.053140,0.338243,0.978587,-0.011455,-0.107853,-0.174942
13.607138,0.123281,-0.053042,0.338184,0.978460,-0.011203,-0.109086,-0.174901
13.617199,0.123961,-0.053074,0.338336,0.978302,-0.011207,-0.110258,-0.175048
13.627259,0.125077,-0.052945,0.338303,0.978357,-0.011142,-0.111620,-0.173882
13.637318,0.125942,-0.052896,0.338144,0.978459,-0.011042,-0.112214,-0.172929
13.647382,0.126521,-0.052852,0.338152,0.978344,-0.011113,-0.113556,-0.172695
13.657441,0.127578,-0.052867,0.338049,0.978205,-0.011094,-0.115113,-0.172455
13.667499,0.128295,-0.052769,0.337877,0.978161,-0.011003,-0.116100,-0.172047
13.677562,0.129172,-0.052716,0.337583,0.977908,-0.011006,-0.118043,-0.172166
13.687621,0.129862,-0.052714,0.337311,0.977795,-0.010946,-0.119026,-0.172131
13.697683,0.130674,-0.052662,0.336889,0.977593,-0.010954,-0.120768,-0.172069
13.707746,0.131249,-0.052567,0.336537,0.977611,-0.010973,-0.121721,-0.171289
13.717810,0.131903,-0.052493,0.336071,0.977382,-0.011051,-0.123640,-0.171219
13.727871,0.132381,-0.052441,0.335668,0.977242,-0.011055,-0.124799,-0.171177
13.737932,0.133278,-0.052408,0.334674,0.977144,-0.010837,-0.125618,-0.171148
13.747993,0.133666,-0.052425,0.334148,0.976993,-0.010866,-0.126581,-0.171299
13.758053,0.134345,-0.052368,0.333373,0.976926,-0.010918,-0.127913,-0.170690
13.768113,0.134686,-0.052344,0.332724,0.976863,-0.010950,-0.128676,-0.170476
13.778176,0.135177,-0.052279,0.331659,0.976750,-0.010959,-0.129829,-0.170246
13.788235,0.135502,-0.052197,0.331138,0.976661,-0.010975,-0.130787,-0.170024
13.798295,0.136078,-0.052212,0.329819,0.976643,-0.010878,-0.131189,-0.169823
13.808356,0.136416,-0.052223,0.328998,0.976613,-0.014441,-0.130949,-0.169912
13.818419,0.136713,-0.052208,0.327855,0.976565,-0.014637,-0.132060,-0.169315
13.828482,0.136986,-0.052194,0.326948,0.976580,-0.014660,-0.132437,-0.168929
13.838542,0.137378,-0.052285,0.325420,0.976588,-0.014672,-0.132625,-0.168737
13.848605,0.137599,-0.052310,0.324643,0.976546,-0.014757,-0.133184,-0.168531
13.858767,0.137855,-0.052348,0.323042,0.976553,-0.014768,-0.133372,-0.168338
13.868829,0.137957,-0.052387,0.322026,0.976528,-0.014805,-0.133558,-0.168332
13.878888,0.138083,-0.052435,0.320842,0.976553,-0.014768,-0.133372,-0.168338
13.888951,0.138267,-0.052506,0.319048,0.976603,-0.014695,-0.133001,-0.168351
13.899010,0.138328,-0.052529,0.317840,0.976652,-0.014621,-0.132630,-0.168364
13.909072,0.138460,-0.052580,0.315888,0.976750,-0.014474,-0.131889,-0.168390
13.919136,0.138432,-0.052569,0.314824,0.976775,-0.014438,-0.131703,-0.168396
13.929197,0.138520,-0.052603,0.312681,0.976945,-0.014180,-0.130405,-0.168441
13.939258,0.138424,-0.052566,0.311628,0.976969,-0.014144,-0.130220,-0.168447
13.949319,0.138206,-0.052543,0.309738,0.977033,-0.014021,-0.129475,-0.168659
13.959380,0.138124,-0.052572,0.308385,0.977097,-0.013899,-0.128730,-0.168871
13.969438,0.137931,-0.052548,0.306289,0.977263,-0.013689,-0.127422,-0.168915
13.979500,0.137692,-0.052577,0.305092,0.977270,-0.013626,-0.126860,-0.169307
13.989563,0.137279,-0.052537,0.303103,0.977322,-0.013489,-0.125927,-0.169711
13.999625,0.136945,-0.052528,0.301761,0.977373,-0.013352,-0.124995,-0.170115
14.009684,0.136479,-0.052527,0.299672,0.977460,-0.013125,-0.123503,-0.170724
14.019747,0.136004,-0.052462,0.298555,0.977440,-0.013098,-0.123127,-0.171110
14.029809,0.135309,-0.052310,0.296713,0.977489,-0.012958,-0.122194,-0.171514
14.039871,0.134873,-0.052258,0.295291,0.977536,-0.012817,-0.121261,-0.171917
14.049934,0.134083,-0.052096,0.293236,0.977671,-0.012728,-0.120120,-0.171955
14.059998,0.133367,-0.051971,0.292261,0.977617,-0.012878,-0.120285,-0.172135
14.070063,0.132465,-0.051782,0.290194,0.977808,-0.012973,-0.119487,-0.171601
14.080123,0.131697,-0.051642,0.289257,0.977865,-0.013295,-0.119800,-0.171030
14.090211,0.130556,-0.051543,0.287447,0.977968,-0.013721,-0.119705,-0.170471
14.100272,0.129634,-0.051450,0.286724,0.977893,-0.014211,-0.120566,-0.170255
14.110332,0.128827,-0.051389,0.285517,0.977962,-0.014527,-0.120494,-0.169883
14.120395,0.127335,-0.051221,0.284207,0.977954,-0.015251,-0.121298,-0.169294
14.130457,0.126319,-0.051223,0.283278,0.977913,-0.015744,-0.121576,-0.169283
14.140518,0.124789,-0.051035,0.282179,0.977979,-0.016637,-0.122525,-0.168129
14.150578,0.123614,-0.050979,0.281520,0.977958,-0.017316,-0.123140,-0.167733
14.160639,0.121895,-0.050940,0.280379,0.977949,-0.018347,-0.123861,-0.167145
14.170702,0.120723,-0.050896,0.279890,0.977959,-0.019109,-0.124447,-0.166563
14.180761,0.118865,-0.050785,0.279060,0.977990,-0.020299,-0.125309,-0.165596
14.190821,0.117653,-0.050795,0.278483,0.978014,-0.021053,-0.125501,-0.165213
14.200881,0.115671,-0.050700,0.277950,0.977923,-0.022339,-0.126526,-0.164799
14.210942,0.114434,-0.050687,0.277414,0.977906,-0.023007,-0.126541,-0.164795
14.221005,0.112590,-0.050756,0.276584,0.977918,-0.024052,-0.126251,-0.164798
14.231068,0.111294,-0.050757,0.276122,0.977934,-0.024839,-0.126220,-0.164608
14.241130,0.109290,-0.050685,0.275694,0.977883,-0.026122,-0.126630,-0.164400
14.251190,0.107781,-0.050633,0.275641,0.977772,-0.027208,-0.127290,-0.164372
14.261254,0.105733,-0.050549,0.275229,0.977777,-0.028573,-0.127456,-0.163985
14.271313,0.104362,-0.050521,0.275035,0.977738,-0.029503,-0.127555,-0.163975
14.281373,0.102323,-0.050544,0.274901,0.977560,-0.030966,-0.127878,-0.164514
14.291433,0.100940,-0.050504,0.274773,0.977521,-0.031953,-0.127944,-0.164505
14.301565,0.098937,-0.050533,0.274656,0.977432,-0.033511,-0.128005,-0.164677
14.311625,0.097632,-0.050535,0.274562,0.977386,-0.034465,-0.127867,-0.164861
14.321688,0.096387,-0.050543,0.274423,0.977396,-0.035377,-0.127534,-0.164865
14.331749,0.094460,-0.050590,0.274338,0.977381,-0.036836,-0.126987,-0.165057
14.341811,0.093218,-0.050636,0.274272,0.977360,-0.037813,-0.126610,-0.165248
14.351874,0.091385,-0.050702,0.274122,0.977370,-0.039237,-0.125841,-0.165447
14.361934,0.090230,-0.050792,0.274006,0.977374,-0.040179,-0.125251,-0.165645
14.371995,0.088540,-0.050913,0.273768,0.976982,-0.050986,-0.122468,-0.167056
14.382056,0.087411,-0.050963,0.273766,0.976984,-0.052010,-0.122023,-0.167057
14.392117,0.085800,-0.051083,0.273546,0.977068,-0.053450,-0.120963,-0.166881
14.402178,0.084761,-0.051185,0.273467,0.977119,-0.054347,-0.120133,-0.166891
14.412238,0.083323,-0.051429,0.273143,0.977181,-0.055486,-0.118546,-0.167287
14.422300,0.082372,-0.051575,0.273029,0.977192,-0.056226,-0.117555,-0.167674
14.432358,0.081040,-0.051785,0.272891,0.978831,-0.017945,-0.122606,-0.162897
14.442419,0.080195,-0.052009,0.272618,0.978913,-0.018518,-0.121264,-0.163347
14.452480,0.078959,-0.052254,0.272580,0.979043,-0.019522,-0.119671,-0.163621
14.462542,0.078138,-0.052442,0.272759,0.979131,-0.015504,-0.119480,-0.163666
14.472603,0.077048,-0.052761,0.272761,0.979301,-0.016269,-0.117548,-0.163972
14.482662,0.076350,-0.053012,0.272752,0.979394,-0.016618,-0.116061,-0.164439
14.492724,0.075365,-0.053337,0.273055,0.979488,-0.017196,-0.114218,-0.165114
14.502785,0.074791,-0.053639,0.273221,0.979592,-0.017359,-0.112596,-0.165591
14.512846,0.073862,-0.053950,0.273662,0.979658,-0.017935,-0.110942,-0.166252
14.522911,0.073253,-0.054181,0.274024,0.979668,-0.018297,-0.109853,-0.166879
14.533043,0.072516,-0.054572,0.274595,0.979725,-0.018747,-0.108249,-0.167538
14.543104,0.071998,-0.054791,0.275198,0.979744,-0.019124,-0.107348,-0.167965
14.553165,0.071521,-0.055007,0.275710,0.979760,-0.019453,-0.106470,-0.168391
14.563226,0.070791,-0.055322,0.276544,0.979636,-0.019880,-0.105342,-0.169767
14.573287,0.070330,-0.055507,0.277094,0.979640,-0.013633,-0.105873,-0.170033
14.583350,0.069660,-0.055687,0.278321,0.979561,-0.014265,-0.105253,-0.170817
14.593412,0.069218,-0.055775,0.279127,0.979519,-0.014744,-0.104942,-0.171207
14.603479,0.068614,-0.055933,0.280266,0.979329,-0.015209,-0.104461,-0.172543
14.613542,0.068265,-0.056033,0.281184,0.979176,-0.015526,-0.104292,-0.173485
14.623604,0.067771,-0.056162,0.282468,0.978923,-0.015938,-0.104087,-0.174989
14.633666,0.067498,-0.056191,0.283484,0.978989,-0.004990,-0.105925,-0.174170
14.643725,0.067115,-0.056200,0.285070,0.978826,-0.005625,-0.106222,-0.174885
14.653787,0.066884,-0.056161,0.286157,0.978737,-0.005999,-0.106446,-0.175236
14.663846,0.066546,-0.056199,0.287944,0.978388,-0.006485,-0.106919,-0.176872
14.673904,0.066480,-0.056274,0.288956,0.978301,-0.006433,-0.106763,-0.177445
14.683964,0.066304,-0.056134,0.290873,0.978208,-0.006906,-0.107370,-0.177576
14.694023,0.066318,-0.056149,0.291982,0.978223,-0.006793,-0.107218,-0.177590
14.704084,0.066188,-0.055961,0.294065,0.978167,-0.007452,-0.108132,-0.177319
14.714146,0.066203,-0.055881,0.295366,0.978204,-0.007637,-0.108439,-0.176917
14.724208,0.066345,-0.055793,0.297345,0.978342,-0.007760,-0.108751,-0.175956
14.734272,0.066417,-0.055726,0.298520,0.978427,-0.007810,-0.108908,-0.175382
14.744370,0.066498,-0.055583,0.300743,0.978496,-0.008141,-0.109550,-0.174578
14.754430,0.066754,-0.055615,0.301875,0.978678,-0.007924,-0.109405,-0.173658
14.764490,0.066860,-0.055463,0.303341,0.978743,-0.008215,-0.110076,-0.172852
14.774550,0.067246,-0.055389,0.305247,0.978932,-0.008142,-0.110502,-0.171510
14.784611,0.067518,-0.055360,0.306540,0.978967,-0.007985,-0.110821,-0.171111
14.794670,0.067965,-0.055187,0.308570,0.979055,-0.007793,-0.111587,-0.170116
14.804729,0.068419,-0.055219,0.309779,0.979057,-0.007114,-0.111603,-0.170123
14.814789,0.068910,-0.055055,0.311815,0.978892,-0.006679,-0.112626,-0.170418
14.824850,0.069302,-0.054934,0.313108,0.978873,-0.006636,-0.113063,-0.170237
14.834913,0.070043,-0.054888,0.314806,0.978815,-0.005550,-0.113354,-0.170414
14.844972,0.070485,-0.054767,0.316232,0.978672,-0.005103,-0.114134,-0.170728
14.855032,0.071295,-0.054625,0.317869,0.978480,-0.003868,-0.114768,-0.171438
14.865091,0.071866,-0.054566,0.319144,0.978293,-0.003087,-0.115322,-0.172149
14.875153,0.072785,-0.054555,0.320760,0.977937,-0.001653,-0.115893,-0.173799
14.885212,0.073512,-0.054477,0.321786,0.977770,-0.000506,-0.116203,-0.174534
14.895274,0.074499,-0.054410,0.323397,0.977329,0.001085,-0.116857,-0.176551
14.905334,0.075277,-0.054408,0.324389,0.977107,0.002322,-0.116998,-0.177674
14.915397,0.076392,-0.054310,0.325961,0.976781,0.004033,-0.117419,-0.179150
14.925461,0.077167,-0.054265,0.326850,0.976593,0.005245,-0.117504,-0.180090
14.935522,0.078413,-0.054209,0.328257,0.976370,0.007092,-0.117500,-0.181230
14.945585,0.079246,-0.054148,0.329048,0.976292,0.008239,-0.117484,-0.181616
14.955648,0.080587,-0.054100,0.330228,0.976274,0.010024,-0.117131,-0.181851
14.965707,0.081417,-0.054055,0.330973,0.976291,0.011126,-0.116833,-0.181887
14.975770,0.082349,-0.053945,0.331591,0.976391,0.012389,-0.116369,-0.181566
14.985829,0.083684,-0.053862,0.332621,0.976505,0.014082,-0.115681,-0.181267
14.995891,0.084682,-0.053885,0.333075,0.976607,0.015381,-0.114810,-0.181165
15.005951,0.086063,-0.053802,0.334002,0.976797,0.016963,-0.114021,-0.180499
15.016015,0.087172,-0.053786,0.334268,0.977042,0.018200,-0.113055,-0.179656
15.026078,0.088581,-0.053699,0.334982,0.977237,0.019538,-0.112540,-0.178776
15.036140,0.089638,-0.053707,0.335382,0.977349,0.020404,-0.112252,-0.178246
15.046203,0.091117,-0.053623,0.335940,0.977638,0.021560,-0.111810,-0.176797
15.056262,0.092224,-0.053645,0.336167,0.977855,0.022488,-0.111102,-0.175927
15.066315,0.093760,-0.053607,0.336532,0.978071,0.023621,-0.110663,-0.174850
15.076376,0.094850,-0.053524,0.336765,0.978308,0.024324,-0.110442,-0.173563
15.086437,0.096247,-0.053441,0.337130,0.978445,0.025178,-0.110504,-0.172628
15.096498,0.097316,-0.053461,0.337263,0.978581,0.025814,-0.110288,-0.171902
15.106561,0.098826,-0.053413,0.337490,0.978696,0.026748,-0.110180,-0.171168
15.116623,0.099775,-0.053393,0.337776,0.978732,0.027243,-0.110334,-0.170784
15.126685,0.101320,-0.053374,0.337826,0.978846,0.028280,-0.109861,-0.170268
15.136747,0.102335,-0.053425,0.338030,0.978846,0.028896,-0.109674,-0.170287
15.146809,0.103745,-0.053391,0.338229,0.979177,0.016495,-0.107241,-0.171583
15.156868,0.104747,-0.053452,0.338206,0.979340,0.004987,-0.104717,-0.172925
15.166933,0.106202,-0.053458,0.338210,0.979347,0.005816,-0.104591,-0.172936
15.176993,0.107025,-0.053462,0.338325,0.979245,0.006203,-0.104930,-0.173294
15.187053,0.107989,-0.053470,0.338235,0.979262,0.006768,-0.104712,-0.173309
15.197114,0.109281,-0.053472,0.338206,0.979239,0.007366,-0.104898,-0.173302
15.207174,0.110133,-0.053456,0.338255,0.979040,-0.016782,-0.101033,-0.176041
15.217237,0.111472,-0.053412,0.338123,0.979032,-0.016141,-0.101225,-0.176039
15.227298,0.112306,-0.053455,0.338092,0.978993,-0.015783,-0.101333,-0.176224
15.237361,0.113572,-0.053459,0.338075,0.979036,-0.015344,-0.101653,-0.175843
15.247424,0.114429,-0.053444,0.338037,0.979030,-0.014965,-0.101761,-0.175841
15.257484,0.115580,-0.053507,0.338014,0.978903,-0.014505,-0.102094,-0.176394
15.267547,0.116436,-0.053468,0.338005,0.978900,-0.015127,-0.102206,-0.176297
15.277606,0.117610,-0.053448,0.338008,0.978856,-0.014730,-0.102707,-0.176284
15.287666,0.118262,-0.053442,0.338075,0.978795,-0.014608,-0.103329,-0.176265
15.297727,0.119361,-0.053366,0.338111,0.978902,-0.014384,-0.103964,-0.175313
15.307788,0.120093,-0.053378,0.338130,0.978895,-0.014227,-0.104394,-0.175114
15.317849,0.121023,-0.053340,0.338115,0.978846,-0.014044,-0.105222,-0.174903
15.327911,0.121715,-0.053305,0.338042,0.978905,-0.013920,-0.105638,-0.174330
15.337975,0.122617,-0.053242,0.338149,0.978836,-0.013775,-0.106649,-0.174113
15.348036,0.123209,-0.053219,0.338115,0.978808,-0.013692,-0.107253,-0.173908
15.358097,0.124062,-0.053141,0.338093,0.978859,-0.013591,-0.108049,-0.173137
15.368156,0.124631,-0.053082,0.338185,0.978876,-0.013587,-0.108823,-0.172552
15.378220,0.125453,-0.053048,0.338195,0.978838,-0.013523,-0.109809,-0.172148
15.388283,0.125869,-0.052994,0.338242,0.978734,-0.013538,-0.110780,-0.172118
15.398344,0.126292,-0.052941,0.338253,0.978649,-0.013505,-0.111566,-0.172093
15.408407,0.127119,-0.052935,0.338162,0.978642,-0.013491,-0.112536,-0.171502
15.418471,0.127460,-0.052805,0.338287,0.978626,-0.013664,-0.113848,-0.170713
15.428532,0.128181,-0.052825,0.338236,0.978496,-0.013664,-0.115014,-0.170675
15.438595,0.128540,-0.052747,0.338194,0.978354,-0.013639,-0.115994,-0.170831
15.448658,0.129111,-0.052632,0.337979,0.978287,-0.013628,-0.117157,-0.170420
15.458719,0.129633,-0.052666,0.337713,0.978209,-0.013514,-0.117573,-0.170593
15.468782,0.130120,-0.052666,0.337626,0.977920,-0.013495,-0.118945,-0.171295
15.478845,0.130444,-0.052606,0.337329,0.977852,-0.013438,-0.119539,-0.171275
15.488906,0.130927,-0.052553,0.336989,0.977772,-0.013438,-0.120505,-0.171057
15.498969,0.131205,-0.052598,0.336690,0.977604,-0.013402,-0.121101,-0.171596
15.508991,0.131522,-0.052494,0.336440,0.977410,-0.013431,-0.122453,-0.171738
15.519053,0.131857,-0.052435,0.336068,0.977386,-0.013287,-0.122677,-0.171731
15.529116,0.132371,-0.052495,0.335354,0.977216,-0.012990,-0.122751,-0.172662
15.539180,0.132665,-0.052476,0.335053,0.977113,-0.012946,-0.123343,-0.172828
15.549244,0.133051,-0.052434,0.334336,0.977065,-0.012838,-0.123752,-0.172815
15.559306,0.133348,-0.052445,0.333960,0.977074,-0.012806,-0.123949,-0.172622
15.569369,0.133650,-0.052457,0.333503,0.977015,-0.012889,-0.124702,-0.172409
15.579432,0.133979,-0.052469,0.332960,0.977104,-0.012803,-0.124522,-0.172043
15.589499,0.134320,-0.052486,0.332298,0.977097,-0.016149,-0.124122,-0.172091
15.599564,0.134517,-0.052505,0.331968,0.977083,-0.016201,-0.124496,-0.171893
15.609629,0.134762,-0.052493,0.331471,0.977115,-0.016130,-0.124508,-0.171706
15.619691,0.134962,-0.052453,0.330830,0.977158,-0.016121,-0.124700,-0.171328
15.629755,0.135185,-0.052422,0.330463,0.977200,-0.016111,-0.124891,-0.170949
15.639818,0.135551,-0.052387,0.329727,0.977320,-0.016002,-0.124715,-0.170396
15.649883,0.135852,-0.052326,0.329024,0.977487,-0.015818,-0.124168,-0.169854
15.659943,0.136291,-0.052337,0.328203,0.977450,-0.022674,-0.122400,-0.170576
15.670009,0.136512,-0.052313,0.327798,0.977482,-0.022604,-0.122414,-0.170390
15.680061,0.136804,-0.052306,0.326940,0.977594,-0.022483,-0.122051,-0.170026
15.690125,0.137006,-0.052324,0.326534,0.977626,-0.022460,-0.122055,-0.169839
15.700186,0.137261,-0.052422,0.325639,0.977696,-0.022349,-0.121499,-0.169853
15.710250,0.137509,-0.052458,0.324934,0.977797,-0.022215,-0.120946,-0.169679
15.720314,0.137885,-0.052603,0.324071,0.977889,-0.022067,-0.120203,-0.169697
15.730378,0.138000,-0.052657,0.323641,0.977880,-0.022007,-0.120022,-0.169887
15.740439,0.138143,-0.052741,0.322924,0.977805,-0.021902,-0.119851,-0.170451
15.750503,0.138303,-0.052813,0.322194,0.977863,-0.021732,-0.119113,-0.170655
15.760567,0.138456,-0.052881,0.321440,0.977876,-0.021636,-0.118747,-0.170850
15.770625,0.138599,-0.052936,0.320782,0.977921,-0.021562,-0.118375,-0.170859
15.780689,0.138840,-0.053030,0.319847,0.978011,-0.021415,-0.117632,-0.170876
15.790753,0.138880,-0.053045,0.319464,0.978011,-0.021415,-0.117632,-0.170876
15.800825,0.138973,-0.053081,0.318686,0.978078,-0.021305,-0.117075,-0.170889
15.810888,0.139065,-0.053055,0.318099,0.978177,-0.021173,-0.116522,-0.170715
15.820952,0.139128,-0.053080,0.317548,0.978222,-0.021099,-0.116150,-0.170723
15.830971,0.139207,-0.053110,0.316866,0.978288,-0.020989,-0.115592,-0.170736
15.840979,0.139276,-0.053137,0.316278,0.978354,-0.020879,-0.115035,-0.170748
15.851031,0.139261,-0.053070,0.315945,0.978364,-0.020894,-0.115225,-0.170558
15.861081,0.139312,-0.053090,0.315489,0.978408,-0.020820,-0.114853,-0.170566
15.871132,0.139388,-0.053119,0.314746,0.978452,-0.020747,-0.114481,-0.170574
15.881194,0.139475,-0.053152,0.314446,0.978452,-0.020747,-0.114481,-0.170574
15.891256,0.139508,-0.053165,0.314003,0.978430,-0.020783,-0.114667,-0.170570
15.901318,0.139540,-0.053177,0.313619,0.978430,-0.020783,-0.114667,-0.170570
15.911381,0.139579,-0.053193,0.313140,0.978430,-0.020783,-0.114667,-0.170570
15.921433,0.139595,-0.053199,0.312948,0.978430,-0.020783,-0.114667,-0.170570
15.931485,0.139642,-0.053217,0.312552,0.978495,-0.020673,-0.114110,-0.170582
15.941537,0.139673,-0.053229,0.312288,0.978539,-0.020600,-0.113738,-0.170591
15.951600,0.139719,-0.053246,0.311892,0.978604,-0.020490,-0.113180,-0.170603
15.961652,0.139727,-0.053249,0.311796,0.978604,-0.020490,-0.113180,-0.170603
15.971704,0.139757,-0.053261,0.311532,0.978647,-0.020416,-0.112809,-0.170611
15.981756,0.139780,-0.053270,0.311304,0.978668,-0.020380,-0.112623,-0.170615
15.991822,0.139825,-0.053287,0.310907,0.978732,-0.020270,-0.112065,-0.170628
