t,q1,q2,q3,q4,q5,q6
0.000000,-0.338178,0.606737,-0.406844,-0.388914,-0.009728,-0.005531
0.010053,-0.338178,0.606737,-0.406844,-0.388914,-0.009728,-0.005531
0.020105,-0.338178,0.606737,-0.406844,-0.388914,-0.009728,-0.005531
0.030157,-0.338178,0.606737,-0.406844,-0.388914,-0.009728,-0.005531
0.040209,-0.338178,0.606737,-0.406844,-0.388914,-0.009728,-0.005531
0.050261,-0.338178,0.606737,-0.406844,-0.388914,-0.009728,-0.005531
0.060315,-0.338178,0.606737,-0.406844,-0.388914,-0.009728,-0.005531
0.070367,-0.338178,0.606737,-0.406844,-0.388914,-0.009728,-0.005531
0.080418,-0.338178,0.606737,-0.406844,-0.388914,-0.009728,-0.005531
0.090470,-0.338178,0.606737,-0.406844,-0.388914,-0.009728,-0.005531
0.100543,-0.338178,0.606737,-0.406844,-0.388914,-0.009728,-0.005531
0.110595,-0.338178,0.606737,-0.406844,-0.388914,-0.009728,-0.005531
0.120647,-0.338178,0.606737,-0.406844,-0.388914,-0.009728,-0.005531
0.130698,-0.338178,0.606737,-0.406844,-0.388914,-0.009728,-0.005531
0.140750,-0.338178,0.606737,-0.406844,-0.388914,-0.009728,-0.005531
0.150802,-0.338178,0.606737,-0.406844,-0.388914,-0.009728,-0.005531
0.160854,-0.338178,0.606737,-0.406844,-0.388914,-0.009728,-0.005531
0.170905,-0.338178,0.606737,-0.406844,-0.388914,-0.009728,-0.005531
0.180957,-0.338178,0.606737,-0.406844,-0.388914,-0.009728,-0.005531
0.190969,-0.338178,0.606737,-0.406844,-0.388914,-0.009728,-0.005531
0.201020,-0.338178,0.606737,-0.406844,-0.388914,-0.009728,-0.005531
0.211072,-0.338178,0.606737,-0.406844,-0.388914,-0.009728,-0.005531
0.221124,-0.338178,0.606737,-0.406844,-0.388914,-0.009728,-0.005531
0.231176,-0.338178,0.606737,-0.406844,-0.388914,-0.009728,-0.005531
0.241228,-0.338178,0.606737,-0.406844,-0.388914,-0.009728,-0.005531
0.251280,-0.338178,0.606737,-0.406844,-0.388914,-0.009728,-0.005531
0.261332,-0.338178,0.606737,-0.406844,-0.388914,-0.009728,-0.005531
0.271383,-0.338178,0.606737,-0.406844,-0.388914,-0.009728,-0.005531
0.281435,-0.338178,0.606737,-0.406844,-0.388914,-0.009728,-0.005531
0.291555,-0.338178,0.606737,-0.406844,-0.388914,-0.009728,-0.005531
0.301607,-0.338178,0.606737,-0.406844,-0.388914,-0.009728,-0.005531
0.311658,-0.338178,0.606737,-0.406844,-0.388914,-0.009728,-0.005531
0.321710,-0.338178,0.606737,-0.406844,-0.388914,-0.009728,-0.005531
0.331762,-0.338178,0.606737,-0.406844,-0.388914,-0.009728,-0.005531
0.341813,-0.338178,0.606737,-0.406844,-0.388914,-0.009728,-0.005531
0.351865,-0.337797,0.606737,-0.406844,-0.388914,-0.009728,-0.005531
0.361917,-0.338178,0.606737,-0.406844,-0.388914,-0.009728,-0.005531
0.371970,-0.338178,0.606737,-0.406844,-0.388914,-0.009728,-0.005531
0.382022,-0.338178,0.606737,-0.406844,-0.388914,-0.009728,-0.005531
0.392075,-0.338178,0.606737,-0.406844,-0.388914,-0.009728,-0.005531
0.402128,-0.338178,0.606737,-0.406844,-0.388914,-0.009728,-0.005531
0.412181,-0.338178,0.606737,-0.406844,-0.388914,-0.009728,-0.005531
0.422232,-0.338178,0.606737,-0.406844,-0.388914,-0.009728,-0.005531
0.432284,-0.338178,0.606737,-0.406844,-0.388914,-0.009728,-0.005531
0.442342,-0.338178,0.606737,-0.406844,-0.388914,-0.009728,-0.005531
0.452404,-0.338178,0.606737,-0.406844,-0.388914,-0.009728,-0.005531
0.462467,-0.338178,0.606737,-0.406844,-0.388914,-0.009728,-0.005531
0.472531,-0.338178,0.606737,-0.406844,-0.388914,-0.009728,-0.005531
0.482588,-0.338178,0.606737,-0.406844,-0.388914,-0.009728,-0.005531
0.492639,-0.337797,0.606737,-0.406844,-0.388914,-0.009728,-0.005531
0.502691,-0.338178,0.606737,-0.406844,-0.388914,-0.009728,-0.005531
0.512743,-0.338178,0.606737,-0.406844,-0.388914,-0.009728,-0.005531
0.522795,-0.338178,0.606737,-0.406844,-0.388914,-0.009728,-0.005531
0.532846,-0.338178,0.606737,-0.406844,-0.388914,-0.009728,-0.005531
0.542898,-0.338178,0.606737,-0.406844,-0.388914,-0.009728,-0.005531
0.552949,-0.338178,0.606737,-0.406844,-0.388914,-0.009728,-0.005531
0.562969,-0.338178,0.606737,-0.406844,-0.388914,-0.009728,-0.005531
0.572980,-0.338178,0.606737,-0.406844,-0.388914,-0.009728,-0.005531
0.583032,-0.338178,0.606737,-0.406844,-0.388914,-0.009728,-0.005531
0.593085,-0.338178,0.606737,-0.406844,-0.388914,-0.009728,-0.005531
0.603137,-0.338178,0.606737,-0.406844,-0.388914,-0.009728,-0.005531
0.613189,-0.338178,0.606737,-0.406844,-0.388914,-0.009728,-0.005531
0.623241,-0.338178,0.606737,-0.406844,-0.388914,-0.009728,-0.005531
0.633294,-0.338178,0.606737,-0.406844,-0.388914,-0.009728,-0.005531
0.643346,-0.338178,0.606737,-0.406844,-0.388914,-0.009728,-0.005531
0.653398,-0.338178,0.606737,-0.406844,-0.388914,-0.009728,-0.005531
0.663451,-0.338178,0.606737,-0.406844,-0.388914,-0.009728,-0.005531
0.673503,-0.338178,0.606737,-0.406844,-0.388914,-0.009728,-0.005531
0.683554,-0.338178,0.606737,-0.406844,-0.388914,-0.009728,-0.005531
0.693606,-0.338178,0.606737,-0.406844,-0.388914,-0.009728,-0.005531
0.703658,-0.338178,0.606737,-0.406844,-0.388914,-0.009728,-0.005531
0.713710,-0.338178,0.606737,-0.406844,-0.388914,-0.009728,-0.005531
0.723762,-0.338178,0.606737,-0.406844,-0.388914,-0.009728,-0.005531
0.733814,-0.338178,0.606737,-0.406844,-0.388914,-0.009728,-0.005531
0.743866,-0.338178,0.606737,-0.406844,-0.388914,-0.009728,-0.005531
0.753917,-0.338178,0.606737,-0.406844,-0.388914,-0.009728,-0.005531
0.763969,-0.338178,0.606737,-0.406844,-0.388914,-0.009728,-0.005531
0.774021,-0.338178,0.606737,-0.406844,-0.388914,-0.009728,-0.005531
0.784073,-0.338178,0.606737,-0.406844,-0.388914,-0.009728,-0.005531
0.794125,-0.338178,0.606737,-0.406844,-0.388914,-0.009728,-0.005531
0.804177,-0.338178,0.606737,-0.406844,-0.388914,-0.009728,-0.005531
0.814229,-0.338178,0.606737,-0.406844,-0.388914,-0.009728,-0.005531
0.824280,-0.338178,0.606737,-0.406844,-0.388914,-0.009728,-0.005531
0.834332,-0.338178,0.606737,-0.406844,-0.388914,-0.009728,-0.005531
0.844384,-0.338178,0.606737,-0.406844,-0.388914,-0.009728,-0.005531
0.854436,-0.338178,0.606737,-0.406844,-0.388914,-0.009728,-0.005531
0.864487,-0.338178,0.606737,-0.406844,-0.388914,-0.009728,-0.005531
0.874540,-0.338178,0.606737,-0.406844,-0.388914,-0.009728,-0.005531
0.884597,-0.338178,0.606737,-0.406844,-0.388914,-0.009728,-0.005531
0.894649,-0.338178,0.606737,-0.406844,-0.388914,-0.009728,-0.005531
0.904701,-0.338178,0.606737,-0.406844,-0.388914,-0.009728,-0.005531
0.914753,-0.338178,0.606737,-0.407225,-0.388914,-0.009728,-0.005531
0.924804,-0.338178,0.606737,-0.407225,-0.388914,-0.009728,-0.005531
0.934856,-0.338178,0.606737,-0.407225,-0.388914,-0.009728,-0.005531
0.944907,-0.338178,0.606737,-0.407607,-0.388914,-0.009728,-0.005531
0.954959,-0.338178,0.606737,-0.407607,-0.388914,-0.009728,-0.005531
0.964970,-0.338178,0.606737,-0.407988,-0.388914,-0.009728,-0.005531
0.975024,-0.338178,0.606737,-0.408370,-0.388914,-0.009728,-0.005531
0.985077,-0.338178,0.606737,-0.408370,-0.388914,-0.009728,-0.005531
0.995129,-0.338178,0.606737,-0.408751,-0.388914,-0.009728,-0.005531
1.005181,-0.338178,0.606737,-0.408751,-0.388914,-0.009728,-0.005531
1.015233,-0.338178,0.606737,-0.409133,-0.388914,-0.009728,-0.005531
1.025284,-0.338178,0.606737,-0.409133,-0.388914,-0.009728,-0.005531
1.035336,-0.338178,0.606737,-0.409514,-0.388914,-0.009728,-0.005531
1.045387,-0.338178,0.606737,-0.409895,-0.388914,-0.009728,-0.005531
1.055439,-0.338178,0.606737,-0.410277,-0.388914,-0.009728,-0.005531
1.065491,-0.338178,0.606737,-0.410658,-0.388914,-0.009728,-0.005531
1.075544,-0.338178,0.606737,-0.411040,-0.388914,-0.009728,-0.005531
1.085596,-0.338178,0.607118,-0.411040,-0.388914,-0.009728,-0.005531
1.095647,-0.338178,0.606737,-0.411421,-0.388914,-0.009728,-0.005531
1.105699,-0.338178,0.606737,-0.412184,-0.388914,-0.009728,-0.005531
1.115751,-0.338178,0.607118,-0.412566,-0.388914,-0.009728,-0.005531
1.125803,-0.338178,0.606737,-0.412947,-0.388914,-0.009728,-0.005531
1.135854,-0.338178,0.607118,-0.413710,-0.388914,-0.009728,-0.005531
1.145906,-0.338178,0.607118,-0.414855,-0.388914,-0.009728,-0.005531
1.155958,-0.338178,0.607118,-0.415618,-0.388533,-0.009728,-0.005531
1.165971,-0.338178,0.607118,-0.417144,-0.388533,-0.009728,-0.005531
1.176024,-0.338178,0.607118,-0.417906,-0.388533,-0.009728,-0.005531
1.186076,-0.338178,0.607118,-0.419051,-0.388533,-0.009728,-0.005531
1.196129,-0.338178,0.607118,-0.419814,-0.388533,-0.009728,-0.005531
1.206191,-0.338178,0.607118,-0.420958,-0.388533,-0.009728,-0.005531
1.216255,-0.338178,0.607118,-0.421721,-0.388533,-0.009728,-0.005531
1.226319,-0.338178,0.606737,-0.423247,-0.388533,-0.009728,-0.005531
1.236384,-0.338178,0.606737,-0.424010,-0.388533,-0.009728,-0.005531
1.246444,-0.338178,0.606737,-0.424773,-0.388533,-0.009728,-0.005531
1.256508,-0.338178,0.606737,-0.425536,-0.388533,-0.009728,-0.005531
1.266571,-0.338178,0.606737,-0.427062,-0.388533,-0.009728,-0.005531
1.276633,-0.338178,0.606737,-0.427825,-0.388533,-0.009728,-0.005531
1.286695,-0.338178,0.607118,-0.429351,-0.388533,-0.009728,-0.005531
1.296759,-0.338178,0.607118,-0.430114,-0.388533,-0.009728,-0.005531
1.306825,-0.338178,0.607118,-0.431258,-0.388533,-0.009728,-0.005531
1.316876,-0.338560,0.607118,-0.432021,-0.388533,-0.009728,-0.005531
1.326929,-0.338560,0.607118,-0.432403,-0.388533,-0.009728,-0.005531
1.336970,-0.338560,0.606737,-0.433547,-0.388533,-0.009728,-0.005531
1.347022,-0.338560,0.606737,-0.433928,-0.388533,-0.009728,-0.005531
1.357074,-0.338941,0.606737,-0.435073,-0.388533,-0.009728,-0.005531
1.367125,-0.338941,0.606737,-0.435836,-0.388533,-0.009728,-0.005531
1.377188,-0.339322,0.606737,-0.436980,-0.388533,-0.009728,-0.005531
1.387251,-0.339704,0.606737,-0.437362,-0.388533,-0.009728,-0.005531
1.397315,-0.340085,0.606737,-0.438125,-0.388533,-0.009728,-0.005531
1.407376,-0.340848,0.606737,-0.438888,-0.388533,-0.009728,-0.005531
1.417439,-0.341611,0.606737,-0.440032,-0.388533,-0.009346,-0.005531
1.427502,-0.342756,0.606737,-0.440795,-0.388151,-0.009346,-0.005531
1.437562,-0.343900,0.606737,-0.442321,-0.388151,-0.008965,-0.005531
1.447626,-0.344282,0.606737,-0.443084,-0.388151,-0.009346,-0.005531
1.457687,-0.345045,0.606737,-0.444610,-0.388151,-0.009346,-0.005531
1.467749,-0.345045,0.606737,-0.444991,-0.388151,-0.009346,-0.005531
1.477812,-0.345426,0.606737,-0.446136,-0.388151,-0.009346,-0.005531
1.487876,-0.345426,0.606737,-0.446517,-0.388151,-0.009346,-0.005531
1.497931,-0.345426,0.606737,-0.447280,-0.388151,-0.009346,-0.005531
1.507982,-0.345426,0.606355,-0.447662,-0.388151,-0.009346,-0.005531
1.518042,-0.345426,0.605974,-0.448425,-0.388151,-0.009346,-0.005531
1.528102,-0.345426,0.605592,-0.449187,-0.387770,-0.008965,-0.005531
1.538155,-0.345426,0.605592,-0.449569,-0.387007,-0.008965,-0.005531
1.548219,-0.345426,0.605592,-0.450713,-0.385863,-0.008965,-0.005531
1.558272,-0.345426,0.605592,-0.451858,-0.385100,-0.008965,-0.005531
1.568325,-0.345426,0.605592,-0.453002,-0.383955,-0.008965,-0.005150
1.578377,-0.345426,0.605592,-0.454147,-0.383192,-0.008965,-0.005150
1.588429,-0.345426,0.605592,-0.455291,-0.381666,-0.008965,-0.005150
1.598491,-0.345426,0.605592,-0.456435,-0.380522,-0.008965,-0.005150
1.608554,-0.345426,0.605592,-0.457961,-0.378996,-0.008965,-0.005150
1.618618,-0.345426,0.605592,-0.458724,-0.377852,-0.008965,-0.005150
1.628679,-0.345426,0.605211,-0.459869,-0.376326,-0.008965,-0.005150
1.638743,-0.345426,0.605211,-0.460632,-0.375563,-0.008965,-0.005150
1.648806,-0.345426,0.605211,-0.461776,-0.374037,-0.008965,-0.005150
1.658871,-0.345426,0.604829,-0.462158,-0.372511,-0.008965,-0.005150
1.668932,-0.345808,0.604829,-0.463302,-0.370985,-0.008965,-0.005150
1.678995,-0.345808,0.604448,-0.464065,-0.370222,-0.008965,-0.005150
1.689058,-0.345808,0.604448,-0.464828,-0.368696,-0.008965,-0.005150
1.699112,-0.345808,0.604067,-0.465591,-0.367170,-0.008965,-0.005150
1.709164,-0.345808,0.604067,-0.467498,-0.365263,-0.008965,-0.005150
1.719228,-0.345808,0.604067,-0.468261,-0.364118,-0.008965,-0.005150
1.729289,-0.345808,0.604067,-0.469406,-0.362593,-0.008965,-0.005150
1.739342,-0.345808,0.604067,-0.470169,-0.361448,-0.008965,-0.005150
1.749394,-0.345808,0.604067,-0.471313,-0.359922,-0.008965,-0.005150
1.759445,-0.346189,0.604067,-0.472839,-0.358396,-0.008965,-0.005150
1.769497,-0.346189,0.604067,-0.473602,-0.357633,-0.008583,-0.005150
1.779549,-0.346571,0.604067,-0.474365,-0.356489,-0.008202,-0.005150
1.789600,-0.346571,0.604067,-0.475128,-0.355726,-0.007820,-0.005150
1.799652,-0.346952,0.604067,-0.476272,-0.353819,-0.006294,-0.005150
1.809704,-0.347333,0.604067,-0.477417,-0.352293,-0.005150,-0.005150
1.819757,-0.347715,0.603685,-0.478943,-0.350767,-0.002480,-0.005150
1.829808,-0.348096,0.603304,-0.480087,-0.349241,0.000191,-0.005150
1.839859,-0.348859,0.603304,-0.480850,-0.346189,0.004005,-0.005150
1.849910,-0.349622,0.602922,-0.481994,-0.344663,0.007057,-0.005150
1.859962,-0.350767,0.602541,-0.483139,-0.342374,0.010109,-0.005150
1.869970,-0.351148,0.601778,-0.483902,-0.340848,0.012398,-0.005150
1.880023,-0.351911,0.600633,-0.484665,-0.338560,0.015068,-0.005150
1.890076,-0.352293,0.599870,-0.485428,-0.337034,0.016976,-0.005150
1.900137,-0.353437,0.599107,-0.486572,-0.334745,0.018502,-0.005150
1.910201,-0.354200,0.598344,-0.486954,-0.332837,0.019646,-0.005150
1.920265,-0.356489,0.597581,-0.488098,-0.330167,0.021553,-0.005150
1.930326,-0.357633,0.596818,-0.488861,-0.328641,0.023079,-0.005150
1.940389,-0.358778,0.596056,-0.490005,-0.325589,0.024605,-0.005150
1.950452,-0.359541,0.595293,-0.491150,-0.324063,0.024605,-0.005150
1.960585,-0.359922,0.593767,-0.492294,-0.321393,0.023842,-0.005150
1.970648,-0.360304,0.593004,-0.493057,-0.319486,0.023842,-0.005150
1.980701,-0.360685,0.592241,-0.493820,-0.317960,0.023842,-0.005150
1.990753,-0.361830,0.590715,-0.494965,-0.315290,0.024224,-0.002098
2.000805,-0.362211,0.589952,-0.495727,-0.313382,0.024224,-0.002098
2.010857,-0.362974,0.588426,-0.496490,-0.311093,0.024605,-0.002098
2.020909,-0.363355,0.587282,-0.497635,-0.309567,0.024987,-0.002098
2.030961,-0.364118,0.586137,-0.498398,-0.307279,0.025750,-0.002098
2.040970,-0.364881,0.585374,-0.499161,-0.305371,0.025750,-0.002098
2.050979,-0.366026,0.583848,-0.500305,-0.303464,0.025750,-0.002098
2.061031,-0.367170,0.583085,-0.501068,-0.301556,0.025750,-0.002098
2.071083,-0.369459,0.581178,-0.502594,-0.298505,0.026513,0.002480
2.081135,-0.370603,0.580034,-0.503738,-0.296597,0.027276,0.002480
2.091187,-0.371748,0.579271,-0.505264,-0.293164,0.028038,0.002480
2.101238,-0.372511,0.578508,-0.506027,-0.291257,0.027657,0.002480
2.111302,-0.373655,0.577363,-0.507553,-0.288586,0.027276,0.002480
2.121355,-0.374418,0.576219,-0.508316,-0.287060,0.027657,0.002480
2.131407,-0.375181,0.574311,-0.509461,-0.285153,0.027657,0.002480
2.141460,-0.376326,0.573930,-0.510605,-0.284009,0.027657,0.002480
2.151512,-0.377470,0.572404,-0.511368,-0.282101,0.028420,0.002480
2.161564,-0.378233,0.571641,-0.512131,-0.280575,0.028801,0.002480
2.171619,-0.379377,0.570497,-0.512894,-0.279049,0.029946,0.002480
2.181673,-0.381285,0.568589,-0.514420,-0.277142,0.033379,0.005531
2.191724,-0.382429,0.567445,-0.515183,-0.275235,0.035668,0.005531
2.201778,-0.384337,0.566300,-0.517090,-0.272946,0.035668,0.005531
2.211831,-0.385100,0.565537,-0.517853,-0.271038,0.035286,0.005531
2.221866,-0.386244,0.564393,-0.518616,-0.267987,0.035286,0.005531
2.231928,-0.387388,0.562867,-0.519760,-0.266079,0.035286,0.005531
2.241982,-0.388533,0.561341,-0.521286,-0.263790,0.035286,0.005531
2.252043,-0.388914,0.560197,-0.521668,-0.261883,0.035286,0.005531
2.262106,-0.390440,0.559052,-0.523575,-0.258831,0.035286,0.005531
2.272171,-0.391203,0.557908,-0.523957,-0.256542,0.035668,0.005531
2.282232,-0.393492,0.555619,-0.525101,-0.253491,0.036431,0.005531
2.292295,-0.394636,0.554093,-0.525864,-0.251583,0.037194,0.005531
2.302358,-0.396544,0.552567,-0.527008,-0.248531,0.039483,0.005531
2.312422,-0.397688,0.551804,-0.527771,-0.246624,0.041009,0.008965
2.322486,-0.399977,0.549897,-0.529297,-0.243572,0.042916,0.008965
2.332548,-0.401122,0.548753,-0.530060,-0.241283,0.044442,0.008965
2.342611,-0.402647,0.547227,-0.531205,-0.238231,0.046349,0.008965
2.352675,-0.403792,0.546082,-0.531968,-0.236324,0.047875,0.008965
2.362733,-0.406462,0.543412,-0.532731,-0.233654,0.051690,0.008965
2.372786,-0.407607,0.541886,-0.533494,-0.232509,0.055505,0.008965
2.382838,-0.408751,0.540742,-0.533875,-0.230983,0.059319,0.008965
2.392890,-0.410277,0.538453,-0.535019,-0.227932,0.063134,0.008965
2.402941,-0.411803,0.536927,-0.535782,-0.226406,0.063897,0.008965
2.412992,-0.413710,0.534638,-0.536545,-0.223735,0.065423,0.008965
2.423056,-0.414855,0.533112,-0.536927,-0.221447,0.067330,0.008965
2.433119,-0.416762,0.530442,-0.538071,-0.218776,0.070382,0.008965
2.443184,-0.418669,0.529297,-0.538834,-0.216487,0.072671,0.008965
2.453246,-0.420577,0.527390,-0.539979,-0.213436,0.076486,0.013542
2.463298,-0.422103,0.526246,-0.540742,-0.211147,0.078393,0.013542
2.473350,-0.424392,0.523957,-0.542267,-0.208095,0.080301,0.013542
2.483402,-0.425536,0.522431,-0.543030,-0.206569,0.080682,0.013542
2.493454,-0.427443,0.520905,-0.543793,-0.204662,0.080301,0.013542
2.503515,-0.428969,0.518616,-0.544175,-0.202754,0.080682,0.013542
2.513577,-0.431640,0.516327,-0.544938,-0.200465,0.081064,0.020790
2.523641,-0.433165,0.515564,-0.545701,-0.199321,0.081445,0.020790
2.533706,-0.435073,0.513275,-0.546082,-0.196651,0.082971,0.020790
2.543770,-0.437362,0.511749,-0.546082,-0.194743,0.084497,0.020790
2.553831,-0.439651,0.509461,-0.546845,-0.192454,0.086786,0.020790
2.563895,-0.441176,0.507935,-0.547227,-0.190547,0.087930,0.020790
2.573959,-0.444610,0.504883,-0.547227,-0.187877,0.088312,0.020790
2.584025,-0.446136,0.503357,-0.547608,-0.185969,0.089075,0.020790
2.594089,-0.448425,0.501068,-0.547990,-0.182918,0.090982,0.020790
2.604142,-0.450713,0.499161,-0.548371,-0.181010,0.092889,0.024605
2.614194,-0.452239,0.498016,-0.548371,-0.179103,0.095178,0.024605
2.624256,-0.455291,0.495346,-0.548753,-0.176051,0.097848,0.024605
2.634316,-0.457198,0.493057,-0.549134,-0.174144,0.098993,0.024605
2.644378,-0.460250,0.491150,-0.549134,-0.171855,0.101663,0.028801
2.654431,-0.462539,0.489624,-0.549134,-0.169566,0.104334,0.028801
2.664483,-0.465591,0.486954,-0.549134,-0.166896,0.109293,0.028801
2.674535,-0.467880,0.485428,-0.549516,-0.164988,0.113870,0.028801
2.684587,-0.470932,0.483139,-0.549516,-0.161936,0.119593,0.028801
2.694639,-0.472839,0.480850,-0.549897,-0.160029,0.122263,0.028801
2.704691,-0.476272,0.478561,-0.549897,-0.156977,0.124552,0.028801
2.714743,-0.477798,0.477417,-0.549897,-0.155070,0.126459,0.028801
2.724794,-0.481613,0.474365,-0.550278,-0.152399,0.131037,0.032235
2.734846,-0.483520,0.472839,-0.550278,-0.150492,0.135615,0.032235
2.744898,-0.486572,0.470550,-0.551041,-0.147440,0.140192,0.032235
2.754949,-0.488861,0.468261,-0.551423,-0.145533,0.141337,0.032235
2.764969,-0.491913,0.465972,-0.551804,-0.142481,0.142100,0.032235
2.775021,-0.494202,0.464446,-0.552186,-0.140574,0.143626,0.032235
2.785099,-0.497635,0.461776,-0.552567,-0.137903,0.147059,0.032235
2.795151,-0.500305,0.460250,-0.553330,-0.135996,0.148966,0.032235
2.805203,-0.502594,0.458724,-0.554093,-0.134470,0.151255,0.032235
2.815255,-0.506409,0.455673,-0.554475,-0.131800,0.154688,0.032235
2.825307,-0.509079,0.453765,-0.554856,-0.129892,0.156977,0.032235
2.835373,-0.513275,0.451095,-0.555238,-0.127985,0.160792,0.039101
2.845439,-0.515946,0.449187,-0.555238,-0.126841,0.163462,0.039101
2.855503,-0.520523,0.446136,-0.555238,-0.124552,0.168040,0.039101
2.865565,-0.522812,0.443465,-0.555619,-0.123407,0.171092,0.039101
2.875628,-0.527008,0.440795,-0.555619,-0.121881,0.174907,0.039101
2.885692,-0.529679,0.438506,-0.555619,-0.120737,0.176814,0.039101
2.895757,-0.533875,0.435073,-0.555619,-0.118830,0.179484,0.047494
2.905819,-0.536164,0.433165,-0.555619,-0.116922,0.182155,0.047494
2.915881,-0.540360,0.429732,-0.555619,-0.115015,0.185588,0.047494
2.925945,-0.543412,0.427825,-0.555619,-0.113489,0.187114,0.047494
2.935983,-0.547227,0.424392,-0.555619,-0.111200,0.191310,0.047494
2.946047,-0.549897,0.422484,-0.555619,-0.110056,0.194743,0.047494
2.956111,-0.553712,0.419051,-0.555619,-0.108148,0.199321,0.047494
2.966173,-0.557145,0.416762,-0.555619,-0.107004,0.201610,0.047494
2.976236,-0.560960,0.414473,-0.555619,-0.105097,0.205043,0.047494
2.986300,-0.563630,0.412184,-0.555619,-0.103571,0.207713,0.047494
2.996335,-0.565919,0.410277,-0.555619,-0.102045,0.210384,0.047494
3.006387,-0.570497,0.407607,-0.555619,-0.100519,0.215724,0.047494
3.016439,-0.573167,0.405318,-0.555619,-0.098993,0.219539,0.047494
3.026493,-0.577363,0.403029,-0.555619,-0.097086,0.224117,0.053979
3.036545,-0.580415,0.400740,-0.555619,-0.095560,0.226406,0.053979
3.046598,-0.584611,0.397688,-0.555619,-0.094034,0.230602,0.053979
3.056651,-0.587282,0.396162,-0.555619,-0.093271,0.233654,0.053979
3.066704,-0.591478,0.393111,-0.555619,-0.090982,0.238231,0.053979
3.076756,-0.594911,0.391585,-0.555619,-0.089837,0.241665,0.053979
3.086808,-0.599489,0.388533,-0.555619,-0.088693,0.246242,0.053979
3.096860,-0.601778,0.386625,-0.555619,-0.088312,0.249294,0.053979
3.106912,-0.606355,0.383955,-0.555619,-0.086786,0.252728,0.053979
3.116963,-0.609407,0.382048,-0.555238,-0.085641,0.255016,0.053979
3.126969,-0.613985,0.379377,-0.555238,-0.083734,0.258831,0.053979
3.137020,-0.616274,0.377470,-0.555238,-0.082971,0.261501,0.053979
3.147084,-0.621233,0.374418,-0.555238,-0.082208,0.265698,0.053979
3.157146,-0.624285,0.372892,-0.555238,-0.081827,0.268750,0.053979
3.167208,-0.628481,0.369841,-0.554856,-0.080301,0.272183,0.053979
3.177260,-0.631533,0.367933,-0.554856,-0.078775,0.273709,0.053979
3.187312,-0.634585,0.366026,-0.554856,-0.077630,0.275235,0.053979
3.197364,-0.638781,0.362593,-0.554856,-0.076867,0.278668,0.053979
3.207415,-0.641451,0.361067,-0.554856,-0.076486,0.280957,0.053979
3.217467,-0.646029,0.358396,-0.554475,-0.075723,0.285534,0.053979
3.227519,-0.649462,0.356107,-0.554475,-0.075723,0.289349,0.053979
3.237581,-0.653658,0.353819,-0.554093,-0.075723,0.294308,0.053979
3.247643,-0.657092,0.352293,-0.554093,-0.075723,0.297360,0.053979
3.257696,-0.661288,0.348859,-0.553712,-0.075723,0.301556,0.053979
3.267748,-0.664340,0.347333,-0.553712,-0.075723,0.304227,0.053979
3.277800,-0.668536,0.344282,-0.553712,-0.075723,0.308423,0.053979
3.287851,-0.671588,0.342756,-0.553712,-0.075723,0.311093,0.053979
3.297903,-0.675784,0.340467,-0.553712,-0.075723,0.316434,0.053979
3.307954,-0.678454,0.338178,-0.553712,-0.075723,0.319867,0.053979
3.318014,-0.683032,0.335508,-0.553330,-0.075723,0.324826,0.053979
3.328077,-0.686084,0.333982,-0.553330,-0.075723,0.327878,0.053979
3.338130,-0.689899,0.330930,-0.552949,-0.075723,0.332074,0.053979
3.348182,-0.693332,0.329023,-0.552949,-0.075723,0.334745,0.053979
3.358234,-0.697147,0.325971,-0.552186,-0.075723,0.339704,0.053979
3.368286,-0.700198,0.324063,-0.551804,-0.075723,0.343137,0.053979
3.378338,-0.702487,0.322538,-0.551423,-0.075723,0.346571,0.053979
3.388390,-0.707065,0.319104,-0.551041,-0.075723,0.350385,0.053979
3.398442,-0.709735,0.317197,-0.550278,-0.075723,0.353056,0.053979
3.408494,-0.713550,0.314908,-0.548753,-0.075723,0.356107,0.053979
3.418546,-0.716220,0.312238,-0.547990,-0.075723,0.357633,0.053979
3.428598,-0.720417,0.309949,-0.546464,-0.075723,0.359541,0.053979
3.438649,-0.722705,0.307279,-0.545319,-0.075723,0.361830,0.053979
3.448701,-0.726520,0.304608,-0.543412,-0.075723,0.366026,0.053979
3.458753,-0.729191,0.303082,-0.542267,-0.075723,0.368315,0.053979
3.468804,-0.733005,0.300031,-0.540360,-0.075723,0.372129,0.065805
3.478856,-0.735294,0.298123,-0.539216,-0.075723,0.375181,0.065805
3.488916,-0.739109,0.295834,-0.536927,-0.075723,0.378614,0.065805
3.498982,-0.741779,0.293927,-0.535401,-0.075723,0.380140,0.065805
3.509045,-0.745212,0.291638,-0.533112,-0.075723,0.383955,0.065805
3.519110,-0.746738,0.290494,-0.531205,-0.075723,0.386625,0.065805
3.529171,-0.750553,0.287442,-0.529297,-0.075723,0.390059,0.065805
3.539223,-0.752461,0.286297,-0.528153,-0.075723,0.391966,0.065805
3.549275,-0.755894,0.284390,-0.525864,-0.075341,0.396162,0.065805
3.559327,-0.757801,0.282864,-0.524338,-0.074960,0.399596,0.065805
3.569383,-0.759709,0.281338,-0.522812,-0.074578,0.402266,0.065805
3.579446,-0.763142,0.279431,-0.521286,-0.073434,0.403029,0.065805
3.589510,-0.765049,0.278286,-0.519379,-0.072671,0.403410,0.065805
3.599574,-0.768101,0.275616,-0.517090,-0.071908,0.406081,0.065805
3.609636,-0.769627,0.274472,-0.515946,-0.071908,0.407607,0.065805
3.619689,-0.772679,0.272564,-0.514038,-0.071527,0.410277,0.065805
3.629741,-0.774586,0.271420,-0.512131,-0.070764,0.411803,0.065805
3.639794,-0.776875,0.269131,-0.509461,-0.070382,0.412184,0.065805
3.649854,-0.778782,0.267987,-0.508316,-0.070382,0.412184,0.065805
3.659918,-0.781453,0.266461,-0.506027,-0.070382,0.413710,0.065805
3.669980,-0.782979,0.264935,-0.504120,-0.070001,0.415236,0.110819
3.680032,-0.786030,0.262264,-0.501831,-0.070382,0.418669,0.110819
3.690096,-0.787938,0.261501,-0.500305,-0.070382,0.421721,0.110819
3.700161,-0.789845,0.259976,-0.498016,-0.070382,0.427062,0.110819
3.710214,-0.791752,0.258831,-0.496109,-0.070382,0.428969,0.110819
3.720266,-0.794041,0.256542,-0.493820,-0.070382,0.431258,0.110819
3.730319,-0.794804,0.255398,-0.492676,-0.070382,0.432403,0.110819
3.740372,-0.796712,0.253491,-0.490387,-0.070001,0.433547,0.110819
3.750424,-0.798238,0.252346,-0.488861,-0.070382,0.435073,0.110819
3.760476,-0.799763,0.250820,-0.486954,-0.070382,0.436980,0.110819
3.770529,-0.800908,0.249294,-0.484665,-0.070382,0.439269,0.110819
3.780581,-0.802052,0.248531,-0.483520,-0.070001,0.440032,0.110819
3.790633,-0.803960,0.247005,-0.480850,-0.070382,0.440032,0.110819
3.800685,-0.805486,0.245480,-0.479706,-0.070382,0.440414,0.110819
3.810736,-0.807012,0.243191,-0.477798,-0.070382,0.442321,0.124933
3.820788,-0.808156,0.242428,-0.476654,-0.070001,0.444228,0.124933
3.830839,-0.809682,0.241283,-0.474365,-0.070382,0.446517,0.124933
3.840890,-0.810445,0.240139,-0.472457,-0.070382,0.446517,0.124933
3.850942,-0.811589,0.238231,-0.470932,-0.070382,0.446517,0.124933
3.860996,-0.812352,0.237087,-0.469024,-0.070382,0.446517,0.124933
3.871048,-0.813115,0.235561,-0.467117,-0.070382,0.446899,0.124933
3.881100,-0.813878,0.234417,-0.465972,-0.070382,0.446899,0.124933
3.891152,-0.815023,0.232509,-0.464446,-0.070382,0.446899,0.124933
3.901206,-0.815785,0.231746,-0.462921,-0.070382,0.446899,0.124933
3.911258,-0.816930,0.230602,-0.460632,-0.070382,0.446899,0.124933
3.921310,-0.817693,0.229839,-0.459487,-0.070382,0.446899,0.124933
3.931362,-0.818837,0.228313,-0.457961,-0.070382,0.446899,0.124933
3.941415,-0.819600,0.226787,-0.456435,-0.070382,0.446899,0.124933
3.951467,-0.820363,0.225261,-0.454528,-0.070382,0.446899,0.124933
3.961522,-0.820363,0.224498,-0.453384,-0.070382,0.446899,0.124933
3.971585,-0.820745,0.223354,-0.451858,-0.070382,0.446899,0.124933
3.981648,-0.821126,0.222591,-0.450713,-0.070382,0.446899,0.124933
3.991762,-0.821508,0.221447,-0.449187,-0.070382,0.446899,0.124933
4.001815,-0.821508,0.220684,-0.448043,-0.070382,0.446899,0.124933
4.011867,-0.821508,0.219539,-0.447280,-0.070382,0.446899,0.124933
4.021918,-0.821508,0.218395,-0.444991,-0.070382,0.446899,0.124933
4.031970,-0.821889,0.217632,-0.443847,-0.070382,0.446899,0.124933
4.042022,-0.821889,0.216106,-0.442321,-0.070382,0.447280,0.124933
4.052074,-0.821889,0.215343,-0.441558,-0.070382,0.447280,0.124933
4.062125,-0.821889,0.213436,-0.439651,-0.070382,0.447662,0.129129
4.072178,-0.822271,0.212673,-0.438125,-0.070382,0.448043,0.129129
4.082230,-0.822652,0.211910,-0.436599,-0.070382,0.448043,0.129129
4.092282,-0.822652,0.211147,-0.435454,-0.070382,0.448806,0.129129
4.102334,-0.822652,0.210765,-0.434310,-0.070382,0.450713,0.129129
4.112386,-0.822652,0.210002,-0.433165,-0.070382,0.452239,0.129129
4.122439,-0.822652,0.209239,-0.431258,-0.070382,0.454147,0.129129
4.132491,-0.822652,0.208858,-0.430495,-0.070382,0.454528,0.129129
4.142544,-0.822652,0.207332,-0.429351,-0.070382,0.454528,0.129129
4.152596,-0.822652,0.206569,-0.428206,-0.070382,0.454528,0.129129
4.162648,-0.822652,0.205806,-0.426680,-0.070382,0.454528,0.129129
4.172701,-0.822652,0.205043,-0.425536,-0.070382,0.454528,0.129129
4.182815,-0.822652,0.204280,-0.424010,-0.070382,0.454528,0.129129
4.192877,-0.822652,0.203899,-0.423247,-0.070382,0.454528,0.129129
4.202941,-0.822652,0.203136,-0.422484,-0.070382,0.454528,0.129129
4.213002,-0.822652,0.201991,-0.420958,-0.070382,0.454528,0.129129
4.223065,-0.822652,0.201228,-0.419432,-0.070382,0.454528,0.129129
4.233119,-0.822652,0.200084,-0.417906,-0.070382,0.454528,0.129129
4.243183,-0.822652,0.199702,-0.417144,-0.070382,0.454528,0.129129
4.253245,-0.822652,0.198939,-0.415999,-0.070382,0.454528,0.129129
4.263306,-0.822652,0.198177,-0.414855,-0.070382,0.454528,0.129129
4.273372,-0.822652,0.197795,-0.413710,-0.070382,0.454528,0.129129
4.283438,-0.822652,0.197414,-0.412566,-0.070382,0.454147,0.129129
4.293502,-0.822652,0.196651,-0.411803,-0.070382,0.454147,0.129129
4.303563,-0.822271,0.196269,-0.410658,-0.070382,0.454147,0.129129
4.313625,-0.822271,0.195125,-0.409133,-0.070382,0.454147,0.129129
4.323688,-0.822271,0.194362,-0.407988,-0.070382,0.454147,0.129129
4.333750,-0.822271,0.193599,-0.406081,-0.070382,0.454147,0.129129
4.343812,-0.821889,0.193217,-0.405318,-0.070382,0.454147,0.129129
4.353871,-0.821508,0.192454,-0.403792,-0.070382,0.454147,0.129129
4.363934,-0.821126,0.192073,-0.402647,-0.070382,0.454147,0.129129
4.374002,-0.820745,0.191310,-0.400740,-0.070382,0.454147,0.129129
4.384069,-0.820745,0.190929,-0.399596,-0.070382,0.454147,0.129129
4.394133,-0.819982,0.189784,-0.398070,-0.070382,0.454147,0.129129
4.404196,-0.819600,0.189403,-0.396925,-0.070382,0.454147,0.129129
4.414259,-0.818456,0.188258,-0.395018,-0.070382,0.454147,0.129129
4.424322,-0.818074,0.187495,-0.393874,-0.070382,0.454147,0.129129
4.434385,-0.817693,0.187114,-0.392348,-0.070382,0.454147,0.129129
4.444448,-0.817311,0.186732,-0.391585,-0.070382,0.454147,0.129129
4.454597,-0.816930,0.186732,-0.390440,-0.070382,0.454147,0.129129
4.464656,-0.816930,0.186351,-0.389296,-0.070382,0.453765,0.129129
4.474721,-0.816930,0.186351,-0.388151,-0.070382,0.453765,0.129129
4.484786,-0.816548,0.186351,-0.387007,-0.070382,0.453384,0.129129
4.494850,-0.816548,0.186351,-0.386244,-0.070382,0.453384,0.129129
4.504910,-0.816167,0.186351,-0.385100,-0.070382,0.453384,0.129129
4.514972,-0.815785,0.186351,-0.383955,-0.070382,0.453384,0.129129
4.524982,-0.815023,0.186351,-0.382429,-0.070382,0.453384,0.129129
4.535041,-0.814641,0.185969,-0.381285,-0.070382,0.453002,0.129129
4.545104,-0.813878,0.185969,-0.379759,-0.070764,0.452621,0.129129
4.555159,-0.813115,0.185588,-0.378996,-0.070764,0.452239,0.129129
4.565213,-0.811971,0.185588,-0.377470,-0.070764,0.451476,0.129511
4.575277,-0.810826,0.185588,-0.376326,-0.070764,0.450332,0.129511
4.585342,-0.808919,0.185206,-0.374418,-0.070764,0.449187,0.129511
4.595405,-0.807774,0.185206,-0.373274,-0.070764,0.448425,0.129511
4.605469,-0.805867,0.184825,-0.371748,-0.071527,0.446899,0.129511
4.615530,-0.804723,0.184443,-0.370603,-0.072290,0.445754,0.129511
4.625593,-0.802815,0.184062,-0.368696,-0.072290,0.444610,0.129511
4.635657,-0.801671,0.183680,-0.367552,-0.072290,0.443465,0.129511
4.645717,-0.800145,0.182536,-0.366407,-0.072671,0.441558,0.129511
4.655780,-0.799001,0.182155,-0.365263,-0.072290,0.440795,0.129511
4.665840,-0.797093,0.181392,-0.363355,-0.072671,0.439269,0.129511
4.675905,-0.795949,0.181392,-0.362593,-0.072671,0.438125,0.129511
4.685982,-0.793660,0.180629,-0.361067,-0.072290,0.434310,0.129511
4.696039,-0.792515,0.180247,-0.360304,-0.072671,0.431258,0.129511
4.706151,-0.790608,0.179866,-0.358396,-0.072671,0.428588,0.129511
4.716215,-0.789082,0.179484,-0.357252,-0.072671,0.427062,0.129511
4.726268,-0.787556,0.179484,-0.356489,-0.073053,0.426299,0.129511
4.736319,-0.786030,0.179103,-0.355344,-0.073816,0.424010,0.129511
4.746370,-0.784504,0.179103,-0.354582,-0.074197,0.423247,0.129511
4.756422,-0.782216,0.179103,-0.353056,-0.074197,0.422866,0.129511
4.766472,-0.781071,0.179103,-0.352293,-0.074197,0.422484,0.129511
4.776533,-0.778782,0.179103,-0.351530,-0.074197,0.420958,0.129511
4.786596,-0.777638,0.179103,-0.350385,-0.074578,0.420195,0.129511
4.796659,-0.775349,0.179103,-0.349622,-0.074960,0.419814,0.129511
4.806720,-0.773823,0.179103,-0.348859,-0.075723,0.419432,0.129511
4.816774,-0.771534,0.179103,-0.347333,-0.077249,0.419432,0.129511
4.826826,-0.769627,0.179103,-0.346189,-0.078775,0.419432,0.129511
4.836878,-0.767338,0.179103,-0.343900,-0.080682,0.418288,0.129511
4.846939,-0.765812,0.179103,-0.343137,-0.082208,0.416381,0.124552
4.856977,-0.763523,0.179103,-0.341611,-0.085260,0.414092,0.123407
4.867033,-0.761997,0.179103,-0.340848,-0.086404,0.412566,0.123407
4.877094,-0.759327,0.179103,-0.339322,-0.087549,0.409133,0.123407
4.887158,-0.757801,0.179484,-0.338560,-0.088312,0.406081,0.123407
4.897214,-0.755131,0.179484,-0.337415,-0.090219,0.399596,0.123407
4.907273,-0.753605,0.179484,-0.337034,-0.091745,0.395399,0.123407
4.917333,-0.750935,0.179484,-0.335508,-0.093271,0.390059,0.123407
4.927385,-0.749409,0.179484,-0.334745,-0.094415,0.387388,0.123407
4.937451,-0.747501,0.179484,-0.333600,-0.095941,0.382048,0.123407
4.947502,-0.745975,0.179484,-0.332837,-0.097467,0.379759,0.123407
4.957554,-0.743687,0.179484,-0.331693,-0.098993,0.377470,0.123407
4.967606,-0.741779,0.179484,-0.330549,-0.100900,0.373274,0.123407
4.977658,-0.740635,0.179484,-0.329786,-0.102045,0.371748,0.123407
4.987709,-0.738346,0.179484,-0.328641,-0.103571,0.370985,0.123407
4.997761,-0.736820,0.179484,-0.327878,-0.104334,0.370985,0.123407
5.007813,-0.734531,0.179484,-0.327115,-0.104715,0.370222,0.123407
5.017873,-0.733005,0.179484,-0.326352,-0.105478,0.370222,0.123407
5.027933,-0.730335,0.179484,-0.325971,-0.106241,0.370222,0.123407
5.037977,-0.728428,0.179484,-0.325208,-0.106241,0.370222,0.123407
5.048030,-0.726139,0.179484,-0.324445,-0.106241,0.370222,0.123407
5.058082,-0.724231,0.179484,-0.324063,-0.106241,0.370222,0.109293
5.068134,-0.721561,0.179484,-0.323301,-0.106241,0.369841,0.109293
5.078184,-0.719272,0.179866,-0.322538,-0.106241,0.369841,0.109293
5.088243,-0.716602,0.179866,-0.321393,-0.106241,0.369459,0.109293
5.098307,-0.714694,0.179866,-0.320630,-0.106241,0.369078,0.109293
5.108368,-0.712024,0.179866,-0.319486,-0.106241,0.366789,0.109293
5.118429,-0.710117,0.180247,-0.318723,-0.106241,0.364500,0.109293
5.128492,-0.706683,0.180247,-0.317578,-0.106241,0.361448,0.109293
5.138551,-0.704776,0.180629,-0.316815,-0.106241,0.358396,0.109293
5.148613,-0.702487,0.181010,-0.315671,-0.106241,0.353056,0.109293
5.158673,-0.700580,0.181392,-0.314908,-0.106241,0.349241,0.109293
5.168735,-0.698291,0.181773,-0.314145,-0.106622,0.345045,0.109293
5.178795,-0.695621,0.182155,-0.313001,-0.107385,0.338178,0.095178
5.188855,-0.693713,0.182536,-0.312238,-0.108530,0.335126,0.095178
5.198915,-0.691424,0.182918,-0.310712,-0.110819,0.330167,0.095178
5.208980,-0.689899,0.183299,-0.309567,-0.112726,0.327497,0.095178
5.219044,-0.687228,0.184062,-0.307279,-0.115396,0.323301,0.095178
5.229104,-0.685702,0.184825,-0.306134,-0.117685,0.319867,0.095178
5.239167,-0.683413,0.185588,-0.304608,-0.121500,0.315290,0.089837
5.249227,-0.681125,0.186351,-0.304227,-0.123407,0.314145,0.089837
5.259287,-0.678836,0.187495,-0.302701,-0.126078,0.313001,0.089837
5.269346,-0.677691,0.188640,-0.302319,-0.127604,0.312238,0.089837
5.279408,-0.675021,0.190166,-0.301556,-0.130274,0.310330,0.089837
5.289469,-0.673495,0.190929,-0.300793,-0.132563,0.308423,0.089837
5.299529,-0.670825,0.192073,-0.299649,-0.135615,0.306516,0.089837
5.309591,-0.668536,0.193217,-0.298886,-0.137903,0.305753,0.089837
5.319653,-0.665866,0.193980,-0.297742,-0.141337,0.304990,0.089837
5.329716,-0.664340,0.194743,-0.296979,-0.143626,0.304227,0.089837
5.339776,-0.660906,0.195888,-0.295834,-0.146677,0.301556,0.089837
5.349838,-0.659380,0.197032,-0.294690,-0.148585,0.298505,0.089837
5.359900,-0.656329,0.198177,-0.293545,-0.152018,0.295453,0.083734
5.369962,-0.654421,0.198939,-0.293164,-0.153925,0.294308,0.083734
5.380025,-0.652895,0.199702,-0.292020,-0.155833,0.293545,0.083734
5.390090,-0.650225,0.201228,-0.292020,-0.158885,0.293164,0.083734
5.400152,-0.647936,0.202373,-0.291638,-0.159648,0.292020,0.083734
5.410216,-0.645647,0.203899,-0.291257,-0.160792,0.289349,0.083734
5.420278,-0.643740,0.205043,-0.291257,-0.161936,0.287823,0.083734
5.430344,-0.641070,0.206569,-0.291257,-0.163844,0.285534,0.083734
5.440405,-0.639544,0.207332,-0.290875,-0.165370,0.284771,0.083734
5.450465,-0.636873,0.209239,-0.290875,-0.167277,0.284009,0.083734
5.460527,-0.634966,0.210384,-0.290875,-0.169184,0.283627,0.083734
5.470587,-0.632296,0.212291,-0.290875,-0.171855,0.283246,0.083734
5.480647,-0.630770,0.213054,-0.290875,-0.173381,0.282864,0.083734
5.490707,-0.628099,0.214961,-0.290494,-0.176051,0.282101,0.083734
5.500769,-0.626574,0.216106,-0.290494,-0.177577,0.280957,0.083734
5.510832,-0.623903,0.217632,-0.290494,-0.179866,0.278668,0.083734
5.520895,-0.621996,0.218776,-0.290112,-0.181392,0.276379,0.083734
5.530961,-0.618944,0.219539,-0.290112,-0.184062,0.272946,0.083734
5.541022,-0.617037,0.220684,-0.289731,-0.185969,0.269512,0.083734
5.551085,-0.615129,0.222210,-0.289731,-0.188640,0.263790,0.083734
5.561149,-0.612840,0.223354,-0.289349,-0.190166,0.260357,0.083734
5.571202,-0.610170,0.224880,-0.288968,-0.192073,0.255779,0.083734
5.581255,-0.609026,0.226024,-0.288968,-0.193217,0.252728,0.083734
5.591349,-0.605974,0.227932,-0.288968,-0.195506,0.247768,0.083734
5.601402,-0.604448,0.229076,-0.288586,-0.197032,0.244335,0.083734
5.611455,-0.603304,0.230220,-0.287823,-0.198558,0.241283,0.083734
5.621507,-0.601015,0.231746,-0.287060,-0.200465,0.238994,0.083734
5.631559,-0.599489,0.232891,-0.286679,-0.202373,0.238231,0.083734
5.641611,-0.597200,0.234798,-0.285534,-0.205425,0.237469,0.083734
5.651673,-0.595674,0.235943,-0.284390,-0.206950,0.237087,0.083734
5.661732,-0.593004,0.238231,-0.283246,-0.209621,0.235180,0.078775
5.671785,-0.591478,0.239376,-0.282101,-0.211147,0.234035,0.078775
5.681837,-0.588808,0.240902,-0.281338,-0.213817,0.234035,0.078775
5.691896,-0.587282,0.242428,-0.280194,-0.215724,0.233654,0.078775
5.701957,-0.584611,0.244717,-0.278668,-0.218395,0.232509,0.078775
5.712018,-0.582704,0.246242,-0.277905,-0.219921,0.231746,0.078775
5.722081,-0.580415,0.248150,-0.276761,-0.222591,0.229839,0.078775
5.732145,-0.578889,0.250057,-0.275998,-0.224117,0.228313,0.078775
5.742197,-0.576219,0.252728,-0.275235,-0.226406,0.226024,0.078775
5.752250,-0.574693,0.253872,-0.274853,-0.227550,0.223735,0.078775
5.762302,-0.572404,0.256542,-0.273709,-0.230220,0.219158,0.078775
5.772354,-0.570115,0.258450,-0.272946,-0.231746,0.216487,0.078775
5.782406,-0.567445,0.260739,-0.271801,-0.234417,0.213054,0.060082
5.792457,-0.566300,0.262264,-0.271038,-0.236324,0.210765,0.060082
5.802535,-0.564393,0.264935,-0.269894,-0.239376,0.208476,0.060082
5.812588,-0.562867,0.266079,-0.269512,-0.241283,0.207332,0.060082
5.822640,-0.561723,0.267605,-0.268750,-0.242809,0.205043,0.060082
5.832692,-0.559434,0.269894,-0.267987,-0.244717,0.202754,0.055123
5.842745,-0.557908,0.271420,-0.267605,-0.245861,0.201991,0.055123
5.852796,-0.555238,0.273709,-0.267224,-0.247768,0.198558,0.055123
5.862847,-0.553712,0.275616,-0.266842,-0.249294,0.196651,0.055123
5.872899,-0.551804,0.278286,-0.266842,-0.250820,0.194743,0.055123
5.882950,-0.550278,0.279812,-0.266842,-0.251965,0.193980,0.052453
5.893003,-0.548371,0.282864,-0.266842,-0.254253,0.193217,0.052453
5.903055,-0.546845,0.284390,-0.266842,-0.255779,0.192836,0.052453
5.913107,-0.544175,0.287060,-0.266842,-0.258068,0.191310,0.052453
5.923159,-0.543030,0.288968,-0.266842,-0.259594,0.189784,0.052453
5.933211,-0.540742,0.291257,-0.266842,-0.261883,0.188640,0.052453
5.943262,-0.538834,0.292782,-0.266842,-0.263409,0.188640,0.052453
5.953314,-0.537308,0.295071,-0.266842,-0.265698,0.187114,0.052453
5.963366,-0.535401,0.296597,-0.266842,-0.267224,0.186732,0.048638
5.973418,-0.533112,0.299268,-0.266842,-0.269512,0.186351,0.048638
5.983470,-0.531586,0.300793,-0.266842,-0.271420,0.185969,0.048638
5.993532,-0.529679,0.303082,-0.266842,-0.273327,0.184825,0.048638
6.003584,-0.528534,0.304608,-0.266842,-0.274853,0.184062,0.048638
6.013636,-0.527008,0.306134,-0.266842,-0.276379,0.182536,0.048638
6.023688,-0.525101,0.308804,-0.266842,-0.278668,0.180247,0.048638
6.033740,-0.523575,0.309949,-0.266842,-0.280575,0.178340,0.045205
6.043791,-0.521286,0.312619,-0.266842,-0.283627,0.175288,0.045205
6.053843,-0.519379,0.314908,-0.266842,-0.285916,0.172236,0.045205
6.063896,-0.517472,0.316815,-0.266842,-0.288968,0.166514,0.045205
6.073948,-0.515946,0.318341,-0.266842,-0.290494,0.163081,0.045205
6.083969,-0.514420,0.321393,-0.266842,-0.293164,0.160029,0.044442
6.094022,-0.513275,0.322919,-0.266842,-0.295453,0.159648,0.044442
6.104074,-0.511368,0.325589,-0.266842,-0.298886,0.157359,0.044442
6.114130,-0.510224,0.327878,-0.266842,-0.301175,0.155070,0.044442
6.124187,-0.507935,0.329786,-0.266842,-0.304608,0.152399,0.044442
6.134239,-0.506409,0.331693,-0.266842,-0.306516,0.150874,0.044442
6.144290,-0.504883,0.334363,-0.266842,-0.309186,0.149348,0.044442
6.154343,-0.503357,0.335889,-0.266842,-0.310712,0.148966,0.044442
6.164396,-0.501831,0.338941,-0.266842,-0.313764,0.148585,0.044442
6.174448,-0.500687,0.340467,-0.266842,-0.315671,0.148203,0.044442
6.184502,-0.499161,0.343137,-0.266842,-0.318723,0.146677,0.044442
6.194556,-0.497635,0.345045,-0.266842,-0.320630,0.145533,0.044442
6.204608,-0.496109,0.346571,-0.266842,-0.322156,0.144770,0.044442
6.214661,-0.494202,0.349241,-0.266842,-0.324063,0.143626,0.044442
6.224715,-0.492676,0.351148,-0.266842,-0.325589,0.142100,0.044442
6.234779,-0.491150,0.353437,-0.266842,-0.327497,0.140955,0.044442
6.244840,-0.489624,0.355344,-0.266842,-0.329404,0.140955,0.044442
6.254904,-0.488098,0.358015,-0.266842,-0.331693,0.139048,0.044442
6.264967,-0.486954,0.359541,-0.266842,-0.333219,0.137140,0.044442
6.274977,-0.484665,0.362211,-0.266842,-0.335508,0.134852,0.044442
6.285040,-0.483139,0.364881,-0.266842,-0.337034,0.133707,0.044442
6.295103,-0.481231,0.367170,-0.266842,-0.338941,0.130655,0.041390
6.305167,-0.480087,0.369078,-0.266842,-0.340467,0.127985,0.041390
6.315229,-0.478561,0.372129,-0.266842,-0.342374,0.126459,0.041390
6.325292,-0.477417,0.374037,-0.266842,-0.343519,0.126459,0.041390
6.335352,-0.475891,0.377089,-0.266842,-0.345808,0.126078,0.041390
6.345414,-0.474746,0.378996,-0.266842,-0.347715,0.125696,0.041390
6.355478,-0.472839,0.381666,-0.266842,-0.350385,0.124933,0.041390
6.365542,-0.471695,0.383955,-0.266842,-0.351911,0.123407,0.041390
6.375603,-0.469406,0.386625,-0.266842,-0.353819,0.120737,0.041390
6.385667,-0.468261,0.389296,-0.266842,-0.355344,0.118448,0.041390
6.395679,-0.467117,0.390822,-0.266842,-0.356107,0.116541,0.030327
6.405732,-0.465209,0.393492,-0.267224,-0.357633,0.115015,0.030327
6.415783,-0.464065,0.395781,-0.267224,-0.359541,0.114252,0.030327
6.425835,-0.462921,0.398070,-0.267224,-0.362211,0.111582,0.030327
6.435887,-0.461776,0.399977,-0.267224,-0.363737,0.109674,0.030327
6.445939,-0.459869,0.403029,-0.267224,-0.366789,0.108530,0.030327
6.455969,-0.458724,0.404936,-0.267224,-0.368315,0.108148,0.030327
6.466022,-0.456817,0.408370,-0.267224,-0.370222,0.108148,0.030327
6.476073,-0.456054,0.409895,-0.267224,-0.371748,0.108148,0.030327
6.486125,-0.454910,0.412566,-0.267224,-0.374037,0.108148,0.030327
6.496179,-0.453765,0.414855,-0.267224,-0.375563,0.108148,0.029564
6.506230,-0.452621,0.417144,-0.267224,-0.377470,0.108148,0.029564
6.516282,-0.451476,0.418669,-0.267224,-0.378996,0.108148,0.029564
6.526334,-0.450332,0.421340,-0.267224,-0.381666,0.108148,0.025750
6.536386,-0.449187,0.422866,-0.267224,-0.383192,0.108148,0.025750
6.546438,-0.447662,0.425917,-0.267224,-0.385863,0.108148,0.025750
6.556490,-0.446899,0.427443,-0.267224,-0.387007,0.108148,0.025750
6.566543,-0.444991,0.430114,-0.267224,-0.388533,0.107767,0.025750
6.576595,-0.444228,0.431640,-0.267605,-0.389296,0.107767,0.025750
6.586647,-0.443084,0.433165,-0.267605,-0.390440,0.107767,0.025750
6.596699,-0.441558,0.435454,-0.267605,-0.392348,0.107767,0.025750
6.606751,-0.440795,0.436980,-0.267605,-0.393874,0.107767,0.025750
6.616803,-0.439651,0.439651,-0.267605,-0.395399,0.107767,0.025750
6.626856,-0.438888,0.441176,-0.267605,-0.396544,0.107004,0.025750
6.636908,-0.437362,0.443847,-0.267605,-0.398833,0.104715,0.025750
6.646961,-0.435836,0.445754,-0.267605,-0.400359,0.102426,0.025750
6.657013,-0.434310,0.447662,-0.267605,-0.401503,0.098230,0.025750
6.667065,-0.433165,0.449569,-0.267605,-0.402266,0.094797,0.025750
6.677117,-0.431640,0.452239,-0.267987,-0.403029,0.088312,0.025750
6.687170,-0.430114,0.453765,-0.268368,-0.403792,0.084878,0.025750
6.697222,-0.428969,0.456054,-0.268368,-0.405318,0.080682,0.025750
6.707274,-0.428206,0.457961,-0.268368,-0.406081,0.078393,0.025750
6.717324,-0.427825,0.459869,-0.268368,-0.406844,0.074197,0.025750
6.727384,-0.427443,0.461395,-0.268368,-0.407225,0.072290,0.025750
6.737447,-0.426680,0.464446,-0.268368,-0.407225,0.069619,0.025750
6.747510,-0.426299,0.465591,-0.268368,-0.407225,0.067330,0.025750
6.757562,-0.425154,0.467880,-0.268368,-0.407225,0.064279,0.025750
6.767614,-0.424392,0.469406,-0.268368,-0.407225,0.063134,0.025750
6.777743,-0.423247,0.471313,-0.268368,-0.407225,0.062371,0.025750
6.787794,-0.422484,0.473220,-0.268368,-0.407225,0.062371,0.025750
6.797846,-0.421721,0.474746,-0.268368,-0.407225,0.062371,0.025750
6.807898,-0.420195,0.477417,-0.268368,-0.407225,0.062371,0.025750
6.817950,-0.419432,0.478943,-0.268368,-0.407225,0.062371,0.025750
6.827969,-0.417906,0.481231,-0.268368,-0.407225,0.062371,0.025750
6.838022,-0.417144,0.483139,-0.268750,-0.407225,0.062371,0.025750
6.848076,-0.416381,0.485046,-0.268750,-0.407225,0.062371,0.025750
6.858128,-0.415618,0.486572,-0.268750,-0.407225,0.062371,0.025750
6.868181,-0.414855,0.489624,-0.269131,-0.407225,0.062371,0.025750
6.878233,-0.414092,0.490768,-0.269131,-0.407225,0.062371,0.025750
6.888284,-0.412947,0.493439,-0.269131,-0.407225,0.061990,0.025750
6.898336,-0.412566,0.494965,-0.269512,-0.407225,0.061227,0.025750
6.908388,-0.411421,0.496490,-0.269512,-0.407225,0.059701,0.025750
6.918440,-0.410658,0.498016,-0.269512,-0.407225,0.059319,0.018883
6.928490,-0.409133,0.500687,-0.269512,-0.407607,0.059319,0.018883
6.938542,-0.408370,0.502213,-0.269512,-0.407607,0.059319,0.018883
6.948594,-0.407225,0.504120,-0.269512,-0.408370,0.058938,0.018883
6.958646,-0.406462,0.505646,-0.269512,-0.409514,0.058938,0.018883
6.968762,-0.406081,0.507553,-0.269512,-0.412184,0.058938,0.015068
6.978814,-0.405699,0.508698,-0.269512,-0.413710,0.058938,0.015068
6.988863,-0.404936,0.510224,-0.269512,-0.415236,0.059319,0.015068
6.998915,-0.404555,0.512894,-0.269894,-0.417525,0.058938,0.015068
7.008967,-0.404555,0.514801,-0.269894,-0.419432,0.058938,0.015068
7.019018,-0.404173,0.517090,-0.270275,-0.421721,0.058938,0.015068
7.029070,-0.403792,0.518616,-0.270657,-0.423247,0.058556,0.015068
7.039122,-0.403410,0.520142,-0.271038,-0.425536,0.057794,0.015068
7.049175,-0.402647,0.521286,-0.271420,-0.427062,0.057031,0.015068
7.059227,-0.401503,0.523194,-0.271420,-0.428969,0.055505,0.015068
7.069279,-0.400740,0.524720,-0.271801,-0.430495,0.054742,0.015068
7.079331,-0.399596,0.526627,-0.272183,-0.433165,0.053597,0.015068
7.089382,-0.398451,0.527390,-0.272183,-0.434310,0.052453,0.015068
7.099433,-0.397307,0.529297,-0.272564,-0.435836,0.050164,0.015068
7.109485,-0.396544,0.530442,-0.273327,-0.436980,0.048638,0.015068
7.119536,-0.395018,0.531586,-0.274472,-0.438506,0.046731,0.015068
7.129588,-0.394255,0.532349,-0.274853,-0.439269,0.045586,0.015068
7.139640,-0.393111,0.533875,-0.275998,-0.439651,0.042916,0.015068
7.149692,-0.392729,0.535019,-0.276761,-0.439651,0.041390,0.015068
7.159787,-0.392348,0.536927,-0.278286,-0.439651,0.040627,0.015068
7.169839,-0.391966,0.538834,-0.279431,-0.439651,0.041009,0.015068
7.179891,-0.391966,0.539597,-0.280957,-0.439651,0.041009,0.015068
7.189943,-0.391966,0.541505,-0.282864,-0.439651,0.040246,0.015068
7.199979,-0.391966,0.542649,-0.284009,-0.440032,0.040246,0.015068
7.210031,-0.391966,0.544175,-0.285534,-0.440032,0.039864,0.015068
7.220083,-0.391585,0.544938,-0.287060,-0.440032,0.039864,0.015068
7.230147,-0.391203,0.546464,-0.288205,-0.440032,0.039864,0.015068
7.240209,-0.391203,0.547227,-0.289731,-0.440032,0.039864,0.015068
7.250262,-0.390440,0.549134,-0.291257,-0.440032,0.039864,0.015068
7.260314,-0.390059,0.550278,-0.292782,-0.440032,0.039864,0.015068
7.270366,-0.388914,0.551804,-0.294308,-0.440032,0.039483,0.015068
7.280418,-0.388151,0.552949,-0.295071,-0.440032,0.038720,0.015068
7.290469,-0.387007,0.554475,-0.296979,-0.440032,0.036431,0.015068
7.300521,-0.385863,0.555238,-0.298123,-0.440032,0.036049,0.015068
7.310573,-0.384718,0.556382,-0.299649,-0.440032,0.036049,0.015068
7.320624,-0.383955,0.556764,-0.300412,-0.440032,0.036049,0.015068
7.330676,-0.382811,0.557908,-0.301938,-0.440032,0.035286,0.015068
7.340728,-0.382048,0.558289,-0.303082,-0.440032,0.033761,0.015068
7.350787,-0.380903,0.559815,-0.304990,-0.440032,0.031853,0.015068
7.360839,-0.380140,0.560960,-0.306134,-0.440032,0.031472,0.015068
7.370890,-0.379759,0.562104,-0.306897,-0.440032,0.031472,0.015068
7.380942,-0.379759,0.564012,-0.308423,-0.440032,0.031090,0.015068
7.390995,-0.379377,0.564775,-0.309567,-0.440032,0.030327,0.015068
7.401047,-0.379377,0.566300,-0.311093,-0.440032,0.030327,0.015068
7.411099,-0.379377,0.567445,-0.312238,-0.440032,0.030327,0.015068
7.421149,-0.378996,0.568589,-0.313382,-0.440032,0.029946,0.015068
7.431201,-0.378996,0.569352,-0.314145,-0.440032,0.029946,0.015068
7.441253,-0.378614,0.569734,-0.315671,-0.440032,0.029564,0.015068
7.451305,-0.378614,0.570115,-0.316815,-0.440032,0.029564,0.015068
7.461357,-0.378614,0.570878,-0.318341,-0.440032,0.029564,0.015068
7.471409,-0.378233,0.571641,-0.319486,-0.440032,0.029564,0.015068
7.481461,-0.377852,0.573548,-0.320630,-0.440032,0.029564,0.015068
7.491512,-0.377470,0.574693,-0.321775,-0.440032,0.029564,0.015068
7.501564,-0.377089,0.576219,-0.322919,-0.440032,0.029564,0.015068
7.511616,-0.376707,0.576982,-0.324063,-0.440032,0.029564,0.015068
7.521667,-0.375944,0.577745,-0.325208,-0.440032,0.029564,0.015068
7.531720,-0.375563,0.578508,-0.326352,-0.440032,0.029564,0.015068
7.541772,-0.374418,0.580034,-0.327497,-0.440032,0.029564,0.014687
7.551823,-0.373655,0.580797,-0.328641,-0.440032,0.029564,0.014687
7.561875,-0.372892,0.581559,-0.330167,-0.440032,0.029564,0.014687
7.571927,-0.372129,0.582704,-0.331312,-0.440032,0.029564,0.014687
7.581978,-0.371366,0.583467,-0.332456,-0.440032,0.029564,0.014687
7.592042,-0.370603,0.584230,-0.333600,-0.440032,0.029564,0.014687
7.602103,-0.369841,0.585374,-0.334363,-0.440032,0.029564,0.014687
7.612166,-0.369459,0.586519,-0.335889,-0.440032,0.029564,0.014687
7.622228,-0.369078,0.586900,-0.337034,-0.440032,0.029564,0.014687
7.632281,-0.369078,0.587663,-0.338178,-0.440032,0.029564,0.014687
7.642333,-0.369078,0.588426,-0.339322,-0.440032,0.029564,0.014687
7.652385,-0.369078,0.589189,-0.340848,-0.440032,0.029564,0.014687
7.662437,-0.369078,0.589952,-0.342374,-0.440032,0.029564,0.014687
7.672490,-0.369078,0.591096,-0.343900,-0.440032,0.029564,0.014687
7.682541,-0.369078,0.591859,-0.344663,-0.440032,0.029183,0.014687
7.692594,-0.369078,0.593004,-0.346189,-0.440032,0.029183,0.014687
7.702646,-0.369078,0.593004,-0.347333,-0.440032,0.029183,0.014687
7.712698,-0.368696,0.593385,-0.349241,-0.440032,0.029183,0.014687
7.722750,-0.368696,0.593767,-0.350004,-0.440032,0.029183,0.014687
7.732802,-0.368696,0.594148,-0.351148,-0.440032,0.029183,0.004005
7.742854,-0.368696,0.594911,-0.351911,-0.440032,0.028801,0.004005
7.752906,-0.368696,0.595293,-0.353056,-0.440032,0.028801,0.004005
7.762958,-0.368696,0.595293,-0.354963,-0.440032,0.028420,0.004005
7.772971,-0.368696,0.595674,-0.355726,-0.439651,0.028420,0.004005
7.783024,-0.368696,0.596056,-0.357252,-0.439651,0.028038,0.004005
7.793076,-0.368696,0.596437,-0.358015,-0.439651,0.026894,0.004005
7.803129,-0.368696,0.597200,-0.359541,-0.439651,0.024605,0.004005
7.813181,-0.368315,0.597581,-0.360685,-0.439651,0.023079,0.004005
7.823231,-0.368315,0.597963,-0.362593,-0.439651,0.021935,0.004005
7.833283,-0.368315,0.598344,-0.363355,-0.439651,0.021935,0.004005
7.843336,-0.368315,0.598726,-0.365263,-0.439651,0.021935,0.004005
7.853388,-0.368315,0.599107,-0.366407,-0.439651,0.021553,0.004005
7.863440,-0.368315,0.599489,-0.368315,-0.439651,0.021553,0.004005
7.873490,-0.368315,0.599870,-0.369459,-0.439651,0.021553,0.004005
7.883541,-0.367933,0.600633,-0.371366,-0.439651,0.021553,0.004005
7.893593,-0.367933,0.601396,-0.372511,-0.439651,0.021553,0.004005
7.903645,-0.367552,0.602159,-0.374418,-0.439651,0.021553,0.004005
7.913698,-0.367552,0.602541,-0.375181,-0.439651,0.021553,0.004005
7.923749,-0.367170,0.603685,-0.377089,-0.439651,0.021553,0.004005
7.933801,-0.366789,0.604067,-0.378614,-0.439651,0.021553,0.004005
7.943853,-0.366789,0.604448,-0.379759,-0.439269,0.021553,0.004005
7.953913,-0.366407,0.604829,-0.381285,-0.438888,0.021553,0.004005
7.963974,-0.366407,0.605211,-0.382429,-0.438888,0.021553,0.004005
7.974034,-0.366026,0.605211,-0.383955,-0.438888,0.021553,0.004005
7.984094,-0.365644,0.605211,-0.384718,-0.438888,0.021553,0.004005
7.994155,-0.365263,0.605592,-0.386625,-0.438888,0.021553,0.004005
8.004220,-0.364881,0.605592,-0.387007,-0.438888,0.021553,0.004005
8.014280,-0.364118,0.605592,-0.388151,-0.438888,0.021553,0.004005
8.024341,-0.364118,0.605592,-0.388914,-0.438888,0.021553,0.004005
8.034402,-0.363737,0.605592,-0.390440,-0.438888,0.021553,0.004005
8.044465,-0.363355,0.605592,-0.391966,-0.438888,0.021553,0.004005
8.054527,-0.363355,0.605592,-0.393492,-0.438888,0.021553,0.004005
8.064579,-0.363355,0.605974,-0.394255,-0.438888,0.021553,0.004005
8.074632,-0.362974,0.605974,-0.395399,-0.438888,0.021553,0.004005
8.084684,-0.362974,0.605974,-0.396544,-0.438888,0.021553,0.004005
8.094734,-0.362974,0.605974,-0.398070,-0.438888,0.021553,0.004005
8.104786,-0.362974,0.605974,-0.398833,-0.438888,0.021553,0.004005
8.114838,-0.362974,0.605974,-0.399977,-0.438888,0.021553,0.004005
8.124890,-0.362974,0.605974,-0.401122,-0.438888,0.021553,0.004005
8.135124,-0.362974,0.605974,-0.402647,-0.438888,0.021553,0.004005
8.145187,-0.362974,0.605974,-0.403792,-0.438888,0.021553,0.004005
8.155333,-0.362974,0.605974,-0.405699,-0.438506,0.021553,0.004005
8.165398,-0.362974,0.605974,-0.406844,-0.438506,0.021553,0.004005
8.175462,-0.362974,0.605974,-0.407607,-0.437743,0.021553,0.004005
8.185524,-0.362974,0.605974,-0.409514,-0.436599,0.021553,0.004005
8.195586,-0.362974,0.605974,-0.410658,-0.436217,0.021553,0.004005
8.205650,-0.362974,0.605974,-0.412184,-0.434691,0.021553,0.004005
8.215715,-0.362974,0.605974,-0.413329,-0.433928,0.021553,0.004005
8.225777,-0.362974,0.605974,-0.415236,-0.431640,0.021553,0.004005
8.235841,-0.362974,0.605974,-0.416762,-0.430495,0.021553,0.004005
8.245904,-0.362974,0.605974,-0.418288,-0.428588,0.021553,0.004005
8.255968,-0.362974,0.605974,-0.419432,-0.427062,0.021553,0.004005
8.265979,-0.362974,0.605974,-0.421340,-0.425154,0.021553,0.004005
8.276041,-0.362974,0.605974,-0.422866,-0.424392,0.021553,0.004005
8.286105,-0.362974,0.605974,-0.424010,-0.422866,0.021553,0.004005
8.296170,-0.362974,0.605974,-0.424773,-0.421721,0.021553,0.004005
8.306234,-0.362974,0.605974,-0.426680,-0.419814,0.021553,0.004005
8.316296,-0.362974,0.605974,-0.427825,-0.418669,0.021553,0.004005
8.326359,-0.362974,0.605974,-0.429732,-0.416381,0.021553,0.004005
8.336424,-0.362974,0.605974,-0.430877,-0.414855,0.021553,0.004005
8.346488,-0.362974,0.605974,-0.432021,-0.412566,0.021553,0.004005
8.356550,-0.362974,0.605974,-0.432784,-0.411421,0.021553,0.004005
8.366615,-0.362974,0.605974,-0.434310,-0.409895,0.021935,0.004005
8.376678,-0.362974,0.605974,-0.435454,-0.408751,0.021935,0.004005
8.386742,-0.362974,0.605974,-0.436217,-0.407988,0.021935,0.004005
8.396806,-0.362974,0.605974,-0.437362,-0.405699,0.021935,0.004005
8.406869,-0.362974,0.605974,-0.438506,-0.404555,0.021935,0.004005
8.416932,-0.362974,0.605974,-0.440032,-0.403029,0.021935,0.004005
8.426995,-0.362974,0.605592,-0.440795,-0.401884,0.021935,0.004005
8.437061,-0.362974,0.605592,-0.442702,-0.399977,0.021935,0.004005
8.447120,-0.362974,0.605592,-0.443465,-0.398451,0.021935,0.004005
8.457182,-0.362974,0.605592,-0.444991,-0.396162,0.021935,0.004005
8.467241,-0.362974,0.605592,-0.445754,-0.395018,0.021935,0.004005
8.477304,-0.362974,0.605592,-0.446899,-0.393111,0.021935,0.004005
8.487359,-0.362974,0.605592,-0.448043,-0.391585,0.021935,0.004005
8.497419,-0.362974,0.605592,-0.449187,-0.390059,0.021935,0.004005
8.507472,-0.362974,0.605211,-0.449950,-0.389296,0.021935,0.004005
8.517525,-0.362974,0.605211,-0.451095,-0.387388,0.021935,0.004005
8.527587,-0.362974,0.605211,-0.451858,-0.386244,0.021935,0.004005
8.537647,-0.362974,0.605211,-0.453384,-0.384337,0.021935,0.004005
8.547708,-0.362974,0.605211,-0.454528,-0.382811,0.021935,0.004005
8.557770,-0.362974,0.605211,-0.456054,-0.380522,0.021935,0.004005
8.567829,-0.362974,0.605211,-0.457198,-0.378996,0.021935,0.004005
8.577914,-0.362974,0.605211,-0.458343,-0.377089,0.021935,0.004005
8.587976,-0.362974,0.604829,-0.459106,-0.375944,0.021935,0.004005
8.598037,-0.362974,0.604829,-0.459869,-0.374418,0.021935,0.004005
8.608099,-0.362974,0.604829,-0.461395,-0.372511,0.021935,0.004005
8.618159,-0.363355,0.604829,-0.462158,-0.370985,0.021935,0.004005
8.628220,-0.363355,0.604448,-0.463302,-0.369841,0.021935,0.004005
8.638285,-0.363355,0.604448,-0.464065,-0.369078,0.021935,0.004005
8.648345,-0.363355,0.604448,-0.465209,-0.367552,0.021935,0.004005
8.658408,-0.363355,0.604067,-0.465972,-0.366026,0.021935,0.004005
8.668467,-0.363355,0.604067,-0.467880,-0.363737,0.021935,0.004005
8.678520,-0.363737,0.604448,-0.468643,-0.362593,0.021935,0.004005
8.688583,-0.363737,0.604067,-0.469787,-0.360304,0.021935,0.004005
8.698648,-0.363737,0.604067,-0.470932,-0.359159,0.021935,0.004005
8.708710,-0.363737,0.604067,-0.472457,-0.357633,0.022316,0.004005
8.718771,-0.363737,0.603685,-0.473220,-0.357252,0.022316,0.004005
8.728830,-0.363737,0.603685,-0.473983,-0.356870,0.022316,0.004005
8.738893,-0.363737,0.603685,-0.474746,-0.356107,0.022316,0.004005
8.748957,-0.364118,0.603685,-0.475891,-0.354963,0.022316,0.004005
8.758979,-0.364500,0.603685,-0.477035,-0.353437,0.022316,0.004005
8.769040,-0.364500,0.603304,-0.478180,-0.351530,0.022316,0.004005
8.779104,-0.364500,0.603304,-0.479706,-0.350385,0.022316,0.004005
8.789163,-0.364500,0.602922,-0.480468,-0.348859,0.022316,0.004005
8.799225,-0.364500,0.602922,-0.481613,-0.346571,0.022316,0.004005
8.809285,-0.364881,0.602541,-0.482376,-0.344663,0.022316,0.004005
8.819348,-0.365263,0.601778,-0.483902,-0.342756,0.022316,0.004005
8.829412,-0.365644,0.601015,-0.484283,-0.341230,0.022316,0.004005
8.839473,-0.366026,0.599870,-0.485428,-0.338941,0.022316,0.004005
8.849536,-0.366407,0.599107,-0.486191,-0.337415,0.022316,0.004005
8.859599,-0.367170,0.598344,-0.486954,-0.335126,0.022316,0.004005
8.869652,-0.367933,0.597963,-0.487716,-0.333600,0.022316,0.004005
8.879704,-0.368696,0.596818,-0.488861,-0.330930,0.022316,0.004005
8.889756,-0.369078,0.596437,-0.489624,-0.329786,0.022698,0.004005
8.899808,-0.369459,0.595674,-0.490387,-0.327115,0.022698,0.004005
8.909860,-0.369841,0.594911,-0.491531,-0.325589,0.022698,0.004005
8.919912,-0.370222,0.593767,-0.493057,-0.323301,0.022698,0.004005
8.929963,-0.370603,0.593004,-0.493439,-0.322156,0.022698,0.004005
8.940017,-0.370603,0.592241,-0.494202,-0.319867,0.022698,0.004005
8.950068,-0.370603,0.591478,-0.494965,-0.318723,0.022698,0.004005
8.960120,-0.370603,0.590333,-0.496109,-0.317578,0.022698,0.004005
8.970170,-0.370603,0.589570,-0.496109,-0.316052,0.022698,0.004005
8.980280,-0.370603,0.588426,-0.496872,-0.314145,0.022698,0.004005
8.990332,-0.370603,0.587663,-0.497253,-0.313382,0.022698,0.004005
9.000394,-0.370603,0.586900,-0.498016,-0.312238,0.023079,0.004005
9.010455,-0.370985,0.585756,-0.498398,-0.310330,0.023079,0.004005
9.020514,-0.370985,0.584993,-0.498779,-0.308804,0.023079,0.004005
9.030575,-0.371366,0.583848,-0.499924,-0.306516,0.023079,0.004005
9.040636,-0.371748,0.583085,-0.500305,-0.304990,0.023079,0.004005
9.050698,-0.371748,0.581559,-0.501068,-0.302701,0.023461,0.004005
9.060758,-0.371748,0.580797,-0.502213,-0.301175,0.023461,0.004005
9.070820,-0.372129,0.580034,-0.503357,-0.298505,0.023461,0.004005
9.080895,-0.372511,0.579271,-0.504501,-0.296979,0.023461,0.004005
9.090959,-0.372892,0.578889,-0.505646,-0.293927,0.023842,0.004005
9.101012,-0.373274,0.578508,-0.506790,-0.292401,0.024224,0.004005
9.111074,-0.374037,0.577745,-0.507935,-0.290494,0.024987,0.004005
9.121137,-0.374800,0.576982,-0.508698,-0.289731,0.026131,0.004005
9.131200,-0.375563,0.575837,-0.509461,-0.288205,0.027657,0.004387
9.141262,-0.375944,0.575074,-0.510224,-0.287060,0.027657,0.004387
9.151325,-0.376707,0.574311,-0.510986,-0.285534,0.028801,0.004387
9.161388,-0.377470,0.573930,-0.511368,-0.284771,0.030327,0.004387
9.171453,-0.378614,0.572786,-0.512131,-0.284009,0.032998,0.004387
9.181515,-0.379377,0.572404,-0.512512,-0.282864,0.034142,0.004387
9.191632,-0.380903,0.571260,-0.513275,-0.280957,0.034905,0.004387
9.201694,-0.381666,0.570115,-0.514038,-0.279812,0.034524,0.005913
9.211755,-0.382429,0.568589,-0.514801,-0.278668,0.034142,0.005913
9.221815,-0.383192,0.567445,-0.515946,-0.276761,0.034524,0.005913
9.231878,-0.383955,0.567063,-0.517090,-0.275235,0.034524,0.005913
9.241939,-0.384718,0.566682,-0.518235,-0.272946,0.034142,0.005913
9.252003,-0.385481,0.565919,-0.518997,-0.271801,0.034142,0.005913
9.262068,-0.386625,0.565156,-0.519760,-0.269894,0.034142,0.005913
9.272138,-0.387770,0.564393,-0.520142,-0.268750,0.034142,0.005913
9.282202,-0.388533,0.562867,-0.521286,-0.267224,0.034524,0.005913
9.292265,-0.388914,0.562104,-0.521668,-0.266079,0.034524,0.005913
9.302329,-0.389296,0.560960,-0.522812,-0.263790,0.034524,0.005913
9.312391,-0.389677,0.560197,-0.523194,-0.262264,0.034524,0.005913
9.322454,-0.390822,0.559434,-0.523957,-0.259594,0.034524,0.005913
9.332518,-0.391585,0.558671,-0.524720,-0.258068,0.034524,0.005913
9.342579,-0.393492,0.557145,-0.525101,-0.255779,0.035286,0.005913
9.352642,-0.394255,0.555619,-0.525864,-0.254253,0.037194,0.008202
9.362706,-0.395781,0.554093,-0.526627,-0.252346,0.040627,0.008202
9.372776,-0.396544,0.553712,-0.527390,-0.251202,0.042535,0.008202
9.382840,-0.397688,0.552567,-0.528153,-0.248913,0.044060,0.008202
9.392898,-0.398833,0.551423,-0.528916,-0.247387,0.044442,0.008202
9.402961,-0.400359,0.549516,-0.530442,-0.245098,0.045586,0.008202
9.413023,-0.400740,0.548753,-0.530823,-0.243572,0.047112,0.008965
9.423083,-0.401884,0.547608,-0.531586,-0.241283,0.050164,0.008965
9.433146,-0.402647,0.546845,-0.532731,-0.240139,0.052071,0.008965
9.443244,-0.403792,0.545319,-0.533494,-0.240139,0.053979,0.008965
9.453303,-0.404555,0.544175,-0.533494,-0.240139,0.055505,0.008965
9.463365,-0.406081,0.543030,-0.533494,-0.239757,0.057794,0.008965
9.473435,-0.407607,0.541886,-0.533494,-0.239757,0.061227,0.008965
9.483499,-0.408751,0.541123,-0.533875,-0.239757,0.063134,0.008965
9.493560,-0.409514,0.539597,-0.533875,-0.239376,0.065042,0.008965
9.503620,-0.410277,0.538453,-0.533875,-0.238994,0.065423,0.015831
9.513681,-0.411421,0.536927,-0.534257,-0.237087,0.065805,0.015831
9.523741,-0.411803,0.536164,-0.535019,-0.235561,0.065805,0.015831
9.533803,-0.412947,0.535019,-0.535782,-0.232891,0.066567,0.015831
9.543862,-0.413710,0.533875,-0.536164,-0.230983,0.067712,0.015831
9.553926,-0.414855,0.532731,-0.536927,-0.227932,0.068856,0.015831
9.563987,-0.415999,0.531205,-0.537690,-0.226024,0.068856,0.015831
9.574055,-0.417525,0.530060,-0.538453,-0.222591,0.068856,0.015831
9.584119,-0.418669,0.529297,-0.539216,-0.220684,0.068856,0.015831
9.594172,-0.420195,0.528534,-0.539979,-0.217632,0.068856,0.015831
9.604236,-0.421340,0.527771,-0.540742,-0.215724,0.068856,0.015831
9.614299,-0.422484,0.526627,-0.542267,-0.213054,0.068856,0.015831
9.624361,-0.423629,0.525483,-0.543030,-0.211528,0.068475,0.015831
9.634420,-0.425536,0.524338,-0.543412,-0.209239,0.068475,0.015831
9.644482,-0.426299,0.523575,-0.543793,-0.208095,0.068475,0.015831
9.654535,-0.427443,0.522812,-0.544556,-0.206950,0.068856,0.015831
9.664598,-0.428588,0.522049,-0.544556,-0.206569,0.069238,0.015831
9.674660,-0.429732,0.521286,-0.544556,-0.206569,0.070382,0.015831
9.684721,-0.431640,0.519760,-0.544556,-0.206569,0.073434,0.015831
9.694785,-0.432784,0.518235,-0.544556,-0.206569,0.075723,0.015831
9.704844,-0.434691,0.517090,-0.544556,-0.206569,0.078775,0.015831
9.714903,-0.435836,0.516327,-0.544556,-0.206188,0.079919,0.015831
9.724964,-0.437743,0.515183,-0.544556,-0.204662,0.081064,0.020409
9.734992,-0.438506,0.513657,-0.544938,-0.203136,0.082589,0.020409
9.745055,-0.439651,0.512131,-0.545701,-0.200847,0.086023,0.020409
9.755119,-0.440795,0.510986,-0.545701,-0.199702,0.087549,0.020409
9.765178,-0.442321,0.509461,-0.546082,-0.196651,0.089837,0.020409
9.775243,-0.443847,0.508316,-0.546082,-0.195125,0.092508,0.020409
9.785306,-0.445373,0.506027,-0.546845,-0.192836,0.095560,0.020409
9.795370,-0.446517,0.505264,-0.546845,-0.190929,0.096704,0.020409
9.805432,-0.448043,0.503738,-0.546845,-0.188258,0.097467,0.020409
9.815494,-0.449187,0.502594,-0.546845,-0.186732,0.098230,0.020409
9.825554,-0.450713,0.500305,-0.546845,-0.183680,0.098993,0.020409
9.835616,-0.451858,0.499161,-0.546845,-0.182155,0.098993,0.020409
9.845680,-0.453384,0.497635,-0.547608,-0.179866,0.098993,0.020409
9.855744,-0.454528,0.496872,-0.547608,-0.178340,0.099374,0.020409
9.865798,-0.456817,0.494965,-0.547990,-0.175669,0.101663,0.020409
9.875861,-0.458343,0.493820,-0.547990,-0.174525,0.103952,0.023461
9.885925,-0.459487,0.493057,-0.548371,-0.173381,0.106241,0.023461
9.895984,-0.461395,0.491531,-0.548371,-0.171855,0.109293,0.023461
9.906045,-0.462921,0.490768,-0.548371,-0.170710,0.110819,0.023461
9.916105,-0.464828,0.489242,-0.548371,-0.168803,0.113107,0.023461
9.926167,-0.465972,0.487716,-0.548371,-0.167277,0.114252,0.023461
9.936226,-0.467880,0.486572,-0.548371,-0.165751,0.116159,0.023461
9.946289,-0.469024,0.485428,-0.548371,-0.164607,0.118067,0.023461
9.956352,-0.470932,0.484283,-0.548753,-0.162318,0.119974,0.023461
9.966413,-0.472076,0.483139,-0.549134,-0.161173,0.120737,0.023461
9.976479,-0.473983,0.481231,-0.549134,-0.160029,0.120737,0.023461
9.986541,-0.475128,0.480468,-0.549134,-0.158885,0.120737,0.023461
9.996601,-0.476654,0.478943,-0.549134,-0.156977,0.120737,0.023461
10.006662,-0.477798,0.478180,-0.549134,-0.155833,0.120737,0.023461
10.016722,-0.480087,0.476272,-0.549134,-0.154307,0.121118,0.023461
10.026783,-0.481613,0.475128,-0.549516,-0.153544,0.121881,0.023461
10.036844,-0.483520,0.473983,-0.549897,-0.151637,0.122263,0.023461
10.046904,-0.484665,0.472839,-0.549897,-0.150111,0.122263,0.023461
10.056965,-0.487335,0.471695,-0.550660,-0.148203,0.122263,0.023461
10.066971,-0.488479,0.470550,-0.551041,-0.147059,0.123026,0.023461
10.077031,-0.490005,0.468261,-0.551423,-0.145151,0.124933,0.023461
10.087084,-0.491531,0.467498,-0.551804,-0.143626,0.126459,0.023461
10.097145,-0.493820,0.466735,-0.552186,-0.142481,0.129129,0.023461
10.107197,-0.495727,0.465209,-0.552949,-0.140955,0.134470,0.023461
10.117250,-0.497253,0.464446,-0.553330,-0.140192,0.138285,0.028420
10.127303,-0.499542,0.462539,-0.554475,-0.138666,0.142863,0.028420
10.137354,-0.500687,0.461776,-0.554856,-0.137140,0.145151,0.028420
10.147406,-0.502594,0.460250,-0.555619,-0.135996,0.148585,0.028420
10.157456,-0.503738,0.459106,-0.556001,-0.135233,0.151255,0.028420
10.167515,-0.506409,0.457198,-0.556001,-0.135233,0.155451,0.028420
10.177569,-0.507553,0.455673,-0.556001,-0.135233,0.158503,0.028420
10.187621,-0.509461,0.454528,-0.556001,-0.135233,0.162699,0.042535
10.197673,-0.510986,0.453384,-0.556001,-0.135233,0.164988,0.042535
10.207725,-0.512894,0.451095,-0.556001,-0.135233,0.166514,0.042535
10.217777,-0.514038,0.449569,-0.556001,-0.134852,0.166133,0.042535
10.227829,-0.515564,0.448043,-0.556001,-0.134470,0.166133,0.042535
10.237881,-0.517472,0.446899,-0.556001,-0.134089,0.166514,0.042535
10.247932,-0.519760,0.444991,-0.556001,-0.132944,0.166514,0.042535
10.257983,-0.520905,0.443465,-0.556001,-0.131800,0.166514,0.042535
10.268049,-0.523194,0.441939,-0.556001,-0.130274,0.166514,0.042535
10.278102,-0.525101,0.440795,-0.556001,-0.129129,0.166514,0.042535
10.288155,-0.526246,0.439269,-0.556001,-0.128367,0.166514,0.042535
10.298206,-0.528153,0.436980,-0.556001,-0.126841,0.166514,0.042535
10.308258,-0.530442,0.435836,-0.556001,-0.125696,0.166514,0.042535
10.318310,-0.532731,0.434691,-0.556001,-0.123407,0.167277,0.042535
10.328361,-0.534257,0.433547,-0.556001,-0.122263,0.168803,0.042535
10.338413,-0.536927,0.431640,-0.556001,-0.121118,0.171092,0.042535
10.348465,-0.538834,0.430495,-0.556001,-0.119974,0.173381,0.042535
10.358517,-0.541123,0.428969,-0.556001,-0.118067,0.176051,0.042535
10.368569,-0.543030,0.428206,-0.556001,-0.116541,0.177577,0.042535
10.378622,-0.545319,0.426299,-0.556001,-0.114633,0.181773,0.042535
10.388674,-0.546845,0.424773,-0.556001,-0.113489,0.184825,0.042535
10.398726,-0.549516,0.423629,-0.556001,-0.111582,0.189403,0.042535
10.408778,-0.551041,0.422866,-0.556001,-0.110437,0.192073,0.042535
10.418830,-0.553330,0.421340,-0.556001,-0.109293,0.196269,0.042535
10.428882,-0.554856,0.420195,-0.556001,-0.108911,0.199702,0.042535
10.438944,-0.557145,0.418288,-0.556001,-0.108148,0.203899,0.042535
10.449006,-0.559052,0.417525,-0.556001,-0.107385,0.206188,0.042535
10.459059,-0.561341,0.416381,-0.556001,-0.106241,0.209239,0.042535
10.469111,-0.562867,0.415618,-0.556001,-0.105097,0.211528,0.042535
10.479164,-0.564012,0.414473,-0.556001,-0.103952,0.213817,0.042535
10.489216,-0.565919,0.412184,-0.556001,-0.102808,0.216487,0.042535
10.499268,-0.568208,0.411421,-0.556001,-0.102426,0.218395,0.042535
10.509322,-0.570115,0.409895,-0.556001,-0.101663,0.220684,0.042535
10.519374,-0.571260,0.408751,-0.556001,-0.100900,0.221447,0.042535
10.529426,-0.574311,0.406462,-0.556001,-0.099374,0.222210,0.042535
10.539479,-0.575837,0.405699,-0.556001,-0.097848,0.222591,0.042535
10.549542,-0.577745,0.404173,-0.556001,-0.096323,0.222591,0.042535
10.559605,-0.579271,0.403029,-0.556001,-0.095941,0.222591,0.042535
10.569657,-0.582322,0.400740,-0.556001,-0.095560,0.222591,0.042535
10.579710,-0.583848,0.399596,-0.556001,-0.095560,0.222972,0.042535
10.589762,-0.586137,0.398451,-0.556001,-0.095560,0.222972,0.049783
10.599814,-0.588045,0.397688,-0.556001,-0.095560,0.222972,0.049783
10.609866,-0.590715,0.395781,-0.556001,-0.095560,0.222972,0.049783
10.619929,-0.593004,0.394255,-0.556001,-0.095178,0.223354,0.049783
10.629981,-0.595674,0.393111,-0.556001,-0.095178,0.224880,0.049783
10.640044,-0.597200,0.391966,-0.556001,-0.095178,0.226024,0.049783
10.650096,-0.600252,0.390440,-0.556001,-0.095178,0.228313,0.049783
10.660148,-0.601778,0.388914,-0.556001,-0.095178,0.230220,0.049783
10.670203,-0.604829,0.387007,-0.556001,-0.095178,0.234417,0.049783
10.680257,-0.606737,0.385863,-0.556001,-0.095178,0.237850,0.049783
10.690313,-0.609026,0.384718,-0.556001,-0.095178,0.243954,0.049783
10.700376,-0.611315,0.383574,-0.556001,-0.094797,0.247387,0.049783
10.710440,-0.613222,0.382048,-0.556001,-0.094034,0.250057,0.049783
10.720504,-0.615511,0.380140,-0.556001,-0.092889,0.254635,0.049783
10.730532,-0.617418,0.378996,-0.556001,-0.091745,0.257687,0.049783
10.740596,-0.620089,0.377089,-0.556001,-0.090219,0.264172,0.049783
10.750660,-0.621233,0.375181,-0.556001,-0.089075,0.268368,0.049783
10.760714,-0.623903,0.373274,-0.555619,-0.088312,0.272183,0.049783
10.770766,-0.625429,0.372511,-0.555619,-0.087549,0.273327,0.049783
10.780818,-0.627337,0.370603,-0.555619,-0.085641,0.275235,0.049783
10.790882,-0.629244,0.368696,-0.555619,-0.084115,0.275998,0.049783
10.800943,-0.631914,0.367170,-0.555619,-0.082589,0.278286,0.049783
10.811006,-0.633822,0.366026,-0.555619,-0.081827,0.279431,0.049783
10.821066,-0.636110,0.364500,-0.555238,-0.080682,0.280575,0.049783
10.831128,-0.637636,0.362974,-0.555238,-0.079156,0.280957,0.049783
10.841192,-0.640307,0.361448,-0.555238,-0.077630,0.282101,0.065423
10.851257,-0.642214,0.360304,-0.555238,-0.076867,0.282864,0.065423
10.861318,-0.644884,0.358778,-0.554856,-0.076486,0.284390,0.065423
10.871381,-0.646792,0.357633,-0.554856,-0.076104,0.286297,0.065423
10.881440,-0.649844,0.355726,-0.554475,-0.075723,0.288586,0.065423
10.891503,-0.651751,0.355344,-0.554475,-0.075723,0.289731,0.065423
10.901556,-0.654421,0.353819,-0.554475,-0.075723,0.292401,0.065423
10.911621,-0.656329,0.353056,-0.554093,-0.075723,0.295071,0.080682
10.921683,-0.658236,0.351911,-0.554093,-0.075723,0.298123,0.080682
10.931744,-0.660906,0.350004,-0.554093,-0.075723,0.300412,0.080682
10.941803,-0.662814,0.349241,-0.554093,-0.075723,0.301175,0.081827
10.951864,-0.665103,0.347715,-0.554093,-0.075723,0.303464,0.081827
10.961924,-0.666629,0.346952,-0.554093,-0.075723,0.304990,0.081827
10.971986,-0.669680,0.345426,-0.554093,-0.075723,0.307660,0.081827
10.982045,-0.671206,0.343900,-0.554093,-0.075723,0.309186,0.081827
10.992106,-0.673877,0.342374,-0.554093,-0.075723,0.310712,0.081827
11.002166,-0.675402,0.341611,-0.554093,-0.075723,0.312238,0.081827
11.012227,-0.678073,0.339704,-0.553712,-0.075723,0.314527,0.081827
11.022287,-0.680362,0.338178,-0.553712,-0.075723,0.316815,0.081827
11.032349,-0.683032,0.336652,-0.553712,-0.075723,0.320630,0.081827
11.042412,-0.684558,0.335889,-0.553712,-0.075723,0.323301,0.081827
11.052474,-0.687610,0.334363,-0.553712,-0.075723,0.324826,0.081827
11.062527,-0.689136,0.332837,-0.553712,-0.075723,0.325208,0.081827
11.072579,-0.691806,0.330930,-0.553712,-0.075723,0.327497,0.087167
11.082631,-0.693713,0.329786,-0.553712,-0.075723,0.329786,0.087930
11.092681,-0.696002,0.328260,-0.553712,-0.075723,0.333219,0.087930
11.102744,-0.697910,0.327115,-0.553330,-0.075723,0.334745,0.087930
11.112808,-0.700580,0.324826,-0.552949,-0.075723,0.337034,0.087930
11.122872,-0.702106,0.324063,-0.552567,-0.075723,0.338941,0.087930
11.132935,-0.705158,0.322538,-0.551804,-0.075723,0.342374,0.087930
11.142970,-0.707065,0.321012,-0.551804,-0.075723,0.345045,0.087930
11.153040,-0.708972,0.318723,-0.551423,-0.075723,0.348859,0.087930
11.163104,-0.710880,0.317960,-0.550660,-0.075723,0.350004,0.087930
11.173171,-0.712406,0.316815,-0.549897,-0.075723,0.350385,0.087930
11.183232,-0.714694,0.315290,-0.548753,-0.075723,0.351148,0.087930
11.193294,-0.715839,0.313382,-0.547990,-0.075723,0.352674,0.087930
11.203357,-0.718509,0.311856,-0.546845,-0.075723,0.354963,0.087930
11.213421,-0.720417,0.310712,-0.545701,-0.075723,0.357252,0.087930
11.223480,-0.722705,0.308804,-0.544175,-0.075723,0.359159,0.087930
11.233543,-0.724613,0.307279,-0.543030,-0.075723,0.359922,0.087930
11.243607,-0.726902,0.305753,-0.541505,-0.075723,0.361067,0.087930
11.253669,-0.728428,0.304608,-0.540360,-0.075723,0.362211,0.087930
11.263732,-0.731098,0.303082,-0.538834,-0.075723,0.366026,0.095560
11.273799,-0.733005,0.301938,-0.537690,-0.075723,0.368696,0.095560
11.283863,-0.735294,0.300412,-0.535782,-0.075723,0.372129,0.095560
11.293927,-0.737201,0.299649,-0.534638,-0.075723,0.373655,0.095560
11.303981,-0.739109,0.298123,-0.532731,-0.075723,0.376707,0.095560
11.314039,-0.740635,0.297360,-0.531205,-0.075723,0.377852,0.095560
11.324103,-0.743305,0.295834,-0.529679,-0.075723,0.381285,0.095560
11.334165,-0.744831,0.294308,-0.528916,-0.075723,0.384337,0.095560
11.344228,-0.746738,0.293545,-0.527390,-0.075341,0.387388,0.095560
11.354283,-0.748646,0.292782,-0.526246,-0.074960,0.388151,0.095560
11.364360,-0.750553,0.291638,-0.524720,-0.073816,0.390059,0.095560
11.374416,-0.751698,0.290494,-0.523957,-0.073053,0.391585,0.106622
11.384480,-0.752842,0.289731,-0.523194,-0.072290,0.392729,0.106622
11.394541,-0.755512,0.287442,-0.522049,-0.071145,0.394636,0.106622
11.404602,-0.757038,0.286679,-0.520905,-0.070382,0.396925,0.106622
11.414662,-0.758946,0.285916,-0.518997,-0.070001,0.399977,0.106622
11.424723,-0.760472,0.284771,-0.518235,-0.070001,0.401503,0.106622
11.434782,-0.762760,0.283246,-0.516709,-0.070001,0.401503,0.106622
11.444845,-0.763523,0.281720,-0.515564,-0.070001,0.401503,0.106622
11.454904,-0.765431,0.280575,-0.514038,-0.070001,0.401884,0.106622
11.464968,-0.767338,0.279812,-0.512512,-0.070001,0.401884,0.106622
11.474980,-0.769245,0.278286,-0.510986,-0.070001,0.401884,0.106622
11.485033,-0.770771,0.277523,-0.510224,-0.070001,0.401884,0.106622
11.495096,-0.772679,0.275616,-0.509079,-0.070001,0.401884,0.106622
11.505158,-0.774205,0.274472,-0.507935,-0.070001,0.401884,0.106622
11.515221,-0.776112,0.273327,-0.506027,-0.070001,0.401884,0.106622
11.525286,-0.777256,0.272183,-0.504883,-0.070001,0.401884,0.106622
11.535348,-0.779927,0.270275,-0.503738,-0.070001,0.402266,0.106622
11.545411,-0.781071,0.269131,-0.502594,-0.070001,0.402647,0.106622
11.555473,-0.782979,0.267987,-0.501068,-0.070001,0.403410,0.106622
11.565535,-0.784504,0.267224,-0.499924,-0.070001,0.404555,0.106622
11.575648,-0.786793,0.265698,-0.498398,-0.070001,0.407225,0.111582
11.585712,-0.787938,0.264553,-0.497253,-0.070001,0.409895,0.111582
11.595773,-0.788701,0.263027,-0.496490,-0.070001,0.411421,0.115396
11.605836,-0.790227,0.261501,-0.494583,-0.070001,0.413329,0.115396
11.615899,-0.792134,0.260739,-0.493439,-0.070001,0.415999,0.115396
11.625961,-0.793660,0.259213,-0.491913,-0.070001,0.422484,0.115396
11.635982,-0.794804,0.258068,-0.491150,-0.070001,0.427443,0.123026
11.646046,-0.796330,0.256542,-0.489624,-0.070001,0.433547,0.123026
11.656108,-0.797475,0.255779,-0.488479,-0.070001,0.435836,0.123026
11.666171,-0.799001,0.254635,-0.486572,-0.070001,0.437743,0.123026
11.676234,-0.799763,0.253491,-0.485428,-0.070001,0.439269,0.123026
11.686298,-0.800908,0.251583,-0.484283,-0.070001,0.443084,0.123026
11.696360,-0.801671,0.250439,-0.483139,-0.070001,0.444991,0.123026
11.706413,-0.802815,0.249294,-0.481231,-0.070001,0.447280,0.123026
11.716465,-0.803960,0.248531,-0.480468,-0.070001,0.448043,0.123026
11.726516,-0.805486,0.247005,-0.479324,-0.070001,0.449950,0.123026
11.736568,-0.806630,0.245861,-0.478180,-0.070001,0.450713,0.123026
11.746620,-0.808156,0.244335,-0.476654,-0.070001,0.451476,0.123026
11.756672,-0.808537,0.243954,-0.475509,-0.070001,0.451095,0.123026
11.766725,-0.809300,0.242428,-0.474365,-0.070001,0.451095,0.125315
11.776777,-0.810063,0.241665,-0.473220,-0.070001,0.451095,0.125315
11.786828,-0.810445,0.240902,-0.472457,-0.070001,0.451095,0.125696
11.796881,-0.811208,0.239376,-0.470932,-0.070001,0.451095,0.125696
11.806945,-0.811589,0.238231,-0.469787,-0.070001,0.451095,0.125696
11.817007,-0.812352,0.237087,-0.467880,-0.070001,0.451095,0.125696
11.827070,-0.813115,0.236324,-0.466735,-0.070001,0.451095,0.125696
11.837134,-0.813878,0.235180,-0.465972,-0.070001,0.451476,0.125696
11.847198,-0.814641,0.234417,-0.464828,-0.070001,0.451476,0.125696
11.857251,-0.815785,0.233272,-0.463302,-0.070001,0.451476,0.125696
11.867303,-0.816930,0.232509,-0.462158,-0.070001,0.451476,0.125696
11.877354,-0.818074,0.231746,-0.461013,-0.070001,0.451476,0.125696
11.887406,-0.818837,0.230602,-0.460250,-0.070001,0.451476,0.125696
11.897458,-0.819600,0.229458,-0.458724,-0.070001,0.451476,0.125696
11.907510,-0.820363,0.228695,-0.457580,-0.070001,0.451476,0.125696
11.917562,-0.820745,0.227169,-0.456054,-0.070001,0.451476,0.125696
11.927614,-0.821126,0.226024,-0.454910,-0.070001,0.451476,0.125696
11.937665,-0.821508,0.224880,-0.453384,-0.070001,0.451476,0.125696
11.947717,-0.821508,0.224498,-0.452239,-0.070001,0.451476,0.125696
11.957777,-0.821508,0.223735,-0.450713,-0.070001,0.451476,0.125696
11.967839,-0.821889,0.222972,-0.449950,-0.070001,0.451476,0.125696
11.977892,-0.821889,0.222210,-0.449187,-0.070001,0.451858,0.129129
11.987945,-0.822271,0.221447,-0.448043,-0.070001,0.452239,0.129129
11.997969,-0.822271,0.220684,-0.446899,-0.070001,0.453002,0.129129
12.008021,-0.822652,0.219539,-0.445373,-0.070001,0.453765,0.129129
12.018075,-0.823033,0.218776,-0.444228,-0.070001,0.453765,0.129129
12.028127,-0.823033,0.217250,-0.442702,-0.070001,0.453765,0.129129
12.038179,-0.823033,0.216487,-0.441558,-0.070001,0.453765,0.129129
12.048232,-0.823033,0.215343,-0.440032,-0.070001,0.454147,0.129129
12.058284,-0.823033,0.214199,-0.438888,-0.070001,0.454147,0.129129
12.068336,-0.823033,0.213054,-0.436980,-0.070001,0.454147,0.129129
12.078397,-0.823415,0.212673,-0.436217,-0.070001,0.454147,0.129129
12.088460,-0.823415,0.211528,-0.435073,-0.070001,0.454147,0.129129
12.098522,-0.823796,0.211147,-0.433928,-0.070001,0.454147,0.129129
12.108574,-0.823796,0.210384,-0.432021,-0.070001,0.454147,0.129129
12.118626,-0.823796,0.210002,-0.431258,-0.070382,0.454147,0.129129
12.128678,-0.823796,0.209239,-0.430114,-0.070382,0.454147,0.129129
12.138731,-0.823796,0.208476,-0.429351,-0.070382,0.454147,0.129129
12.148795,-0.823796,0.207713,-0.428588,-0.070382,0.454147,0.129129
12.158858,-0.823796,0.207332,-0.427443,-0.070382,0.454147,0.129129
12.168920,-0.823796,0.206569,-0.426299,-0.070382,0.454147,0.129129
12.178984,-0.823796,0.206188,-0.425536,-0.070382,0.454147,0.129129
12.189040,-0.823796,0.205806,-0.424392,-0.070382,0.454147,0.129129
12.199092,-0.823796,0.205043,-0.424010,-0.070382,0.454147,0.129129
12.209143,-0.823796,0.204662,-0.423247,-0.070382,0.454147,0.129129
12.219196,-0.823796,0.203899,-0.422484,-0.070382,0.454147,0.129129
12.229248,-0.823796,0.203899,-0.421721,-0.070382,0.454147,0.129129
12.239300,-0.823796,0.203136,-0.420577,-0.070382,0.454147,0.129129
12.249352,-0.823796,0.202754,-0.420195,-0.070382,0.454147,0.129129
12.259403,-0.823796,0.201991,-0.419051,-0.070382,0.454147,0.129129
12.269456,-0.823796,0.201610,-0.418669,-0.070382,0.454147,0.129129
12.279508,-0.823796,0.200847,-0.417525,-0.070382,0.454147,0.129129
12.289560,-0.823796,0.200465,-0.417144,-0.070382,0.454147,0.129129
12.299613,-0.823796,0.200465,-0.416762,-0.070382,0.454147,0.129129
12.309665,-0.823796,0.200465,-0.416381,-0.070382,0.454147,0.129129
12.319718,-0.823796,0.200465,-0.416381,-0.070382,0.454147,0.129129
12.329770,-0.823796,0.200465,-0.415999,-0.070382,0.454147,0.129129
12.339822,-0.823796,0.200465,-0.415999,-0.070382,0.454147,0.129129
12.349873,-0.823796,0.200465,-0.415999,-0.070382,0.454147,0.129129
12.359926,-0.823796,0.200465,-0.415999,-0.070382,0.454147,0.129129
12.369969,-0.823796,0.200465,-0.415999,-0.070382,0.454147,0.129129
12.380030,-0.823796,0.200465,-0.415999,-0.070382,0.454147,0.129129
12.390083,-0.823796,0.200465,-0.415999,-0.070382,0.454147,0.129129
12.400146,-0.823796,0.200465,-0.415999,-0.070382,0.454147,0.129129
12.410209,-0.823796,0.200465,-0.415999,-0.070382,0.454147,0.129129
12.420274,-0.823796,0.200465,-0.415999,-0.070382,0.454147,0.129511
12.430335,-0.823796,0.200465,-0.415999,-0.070382,0.454147,0.129511
12.440398,-0.823796,0.200465,-0.415999,-0.070382,0.454147,0.129511
12.450462,-0.823796,0.200465,-0.415999,-0.070382,0.454147,0.129511
12.460526,-0.823796,0.200465,-0.415999,-0.070382,0.454147,0.129511
12.470588,-0.823796,0.200465,-0.415999,-0.070382,0.454147,0.129511
12.480651,-0.823796,0.200465,-0.415999,-0.070382,0.454147,0.129511
12.490714,-0.823796,0.200465,-0.415999,-0.070382,0.454147,0.129511
12.500775,-0.823796,0.200465,-0.415999,-0.070382,0.454147,0.129511
12.510838,-0.824178,0.200465,-0.415999,-0.070382,0.454147,0.129511
12.520901,-0.824178,0.200465,-0.415999,-0.070382,0.454147,0.129511
12.530965,-0.824178,0.200465,-0.415999,-0.070382,0.454147,0.129511
12.541028,-0.824178,0.200465,-0.415999,-0.070382,0.454147,0.129511
12.551082,-0.824178,0.200465,-0.416381,-0.070382,0.454147,0.129511
12.561135,-0.824178,0.200847,-0.416381,-0.070382,0.454147,0.129511
12.571187,-0.824178,0.200847,-0.416381,-0.070382,0.454147,0.129511
12.581239,-0.824178,0.200847,-0.416381,-0.070382,0.454147,0.129511
12.591291,-0.824178,0.200847,-0.416381,-0.070382,0.454147,0.129511
12.601343,-0.824178,0.200847,-0.416381,-0.070382,0.454147,0.129511
12.611405,-0.824178,0.200847,-0.416762,-0.070382,0.454147,0.129511
12.621466,-0.824178,0.200847,-0.416762,-0.070382,0.454147,0.129511
12.631529,-0.824178,0.201228,-0.416762,-0.070382,0.454147,0.129511
12.641591,-0.824178,0.201991,-0.417144,-0.070382,0.454147,0.129511
12.651654,-0.824178,0.202373,-0.417144,-0.070382,0.454147,0.129511
12.661716,-0.824178,0.202754,-0.417525,-0.070382,0.454147,0.129511
12.671777,-0.824178,0.203136,-0.417525,-0.070382,0.454147,0.129511
12.681837,-0.824178,0.203899,-0.417906,-0.070382,0.454147,0.129511
12.691898,-0.824178,0.204662,-0.417906,-0.070382,0.454147,0.129511
12.701957,-0.823796,0.205425,-0.418288,-0.070382,0.454147,0.129511
12.711970,-0.823796,0.206188,-0.418669,-0.070382,0.454147,0.129511
12.722023,-0.823796,0.207332,-0.419051,-0.070382,0.454147,0.129511
12.732075,-0.823796,0.208476,-0.419051,-0.070382,0.454147,0.129511
12.742126,-0.823796,0.210002,-0.419432,-0.070382,0.454147,0.129511
12.752175,-0.823796,0.211147,-0.419814,-0.070382,0.454147,0.129511
12.762226,-0.823415,0.213054,-0.420195,-0.070382,0.454147,0.129511
12.772275,-0.823415,0.214580,-0.420958,-0.070382,0.454147,0.129511
12.782326,-0.822652,0.216487,-0.421721,-0.070001,0.454147,0.129511
12.792375,-0.822271,0.218395,-0.422103,-0.070001,0.453765,0.129511
12.802468,-0.821508,0.220684,-0.423247,-0.070001,0.453765,0.129511
12.812521,-0.821126,0.222210,-0.424010,-0.070001,0.453765,0.129511
12.822573,-0.819982,0.224117,-0.424773,-0.070001,0.453765,0.129511
12.832624,-0.818456,0.227550,-0.425917,-0.070001,0.453765,0.129511
12.842675,-0.818074,0.228695,-0.427443,-0.070001,0.453765,0.129511
12.852725,-0.816548,0.231365,-0.429732,-0.070001,0.453765,0.129511
12.862775,-0.815785,0.233654,-0.430877,-0.070001,0.453765,0.129511
12.872825,-0.814641,0.236706,-0.432784,-0.070001,0.453384,0.129511
12.882877,-0.813497,0.239376,-0.433928,-0.070001,0.452621,0.129129
12.892926,-0.811971,0.242046,-0.436980,-0.070001,0.450713,0.129129
12.902976,-0.810063,0.243954,-0.438506,-0.070001,0.449950,0.129129
12.913028,-0.807774,0.247005,-0.440795,-0.070001,0.449569,0.129129
12.923080,-0.805867,0.249294,-0.443084,-0.070001,0.449187,0.129129
12.933131,-0.802815,0.253109,-0.445754,-0.070001,0.447662,0.129129
12.943180,-0.800526,0.255016,-0.447280,-0.070001,0.445754,0.129129
12.953230,-0.796712,0.258068,-0.449950,-0.070001,0.440795,0.129129
12.963282,-0.794041,0.259976,-0.452239,-0.070001,0.437362,0.129129
12.973331,-0.789845,0.263409,-0.455673,-0.070001,0.432403,0.129129
12.983385,-0.786793,0.265698,-0.457580,-0.070001,0.428969,0.129129
12.993437,-0.781834,0.268750,-0.461013,-0.070001,0.422484,0.129129
13.003489,-0.778019,0.271420,-0.462921,-0.070001,0.417906,0.129129
13.013541,-0.774968,0.273709,-0.465209,-0.070001,0.412566,0.124552
13.023593,-0.769245,0.277905,-0.468643,-0.070001,0.404555,0.124552
13.033644,-0.765431,0.279812,-0.470932,-0.070001,0.398833,0.124552
13.043696,-0.759709,0.284009,-0.474365,-0.070001,0.391203,0.124552
13.053747,-0.755512,0.286297,-0.476654,-0.070001,0.386244,0.124552
13.063799,-0.749409,0.290875,-0.480468,-0.070001,0.378614,0.124552
13.073859,-0.744831,0.293164,-0.482757,-0.070001,0.373655,0.124552
13.083922,-0.738346,0.297360,-0.485809,-0.070001,0.366789,0.124552
13.093981,-0.733768,0.300412,-0.488098,-0.070001,0.361830,0.124552
13.104042,-0.726902,0.304608,-0.492294,-0.070001,0.353819,0.124552
13.114108,-0.722324,0.307279,-0.494202,-0.070001,0.349241,0.124552
13.124169,-0.715076,0.311856,-0.496872,-0.070001,0.341993,0.124552
13.134232,-0.709735,0.315671,-0.499161,-0.070001,0.337034,0.124552
13.144270,-0.702487,0.319867,-0.502976,-0.070001,0.330549,0.124552
13.154333,-0.697147,0.322919,-0.505646,-0.070001,0.326734,0.105859
13.164394,-0.689517,0.328260,-0.508316,-0.070001,0.319104,0.105859
13.174462,-0.684176,0.330930,-0.510224,-0.070001,0.314527,0.105859
13.184522,-0.676165,0.335889,-0.513657,-0.070001,0.306516,0.105859
13.194585,-0.670443,0.339704,-0.515946,-0.070001,0.301175,0.105859
13.204638,-0.662432,0.344663,-0.518997,-0.070001,0.293164,0.105859
13.214700,-0.656710,0.348096,-0.520523,-0.070382,0.288586,0.105859
13.224764,-0.651369,0.351911,-0.522812,-0.070382,0.283627,0.105859
13.234826,-0.642977,0.356870,-0.525483,-0.070382,0.275616,0.105859
13.244887,-0.637636,0.360685,-0.527771,-0.070382,0.269894,0.105859
13.254947,-0.628481,0.366026,-0.530823,-0.070382,0.260357,0.105859
13.265008,-0.622759,0.369841,-0.532349,-0.070382,0.254635,0.105859
13.275077,-0.614748,0.375563,-0.534638,-0.070382,0.245480,0.105859
13.285141,-0.608263,0.379759,-0.536545,-0.070764,0.238994,0.105859
13.295203,-0.599489,0.385863,-0.539216,-0.071527,0.229839,0.105859
13.305261,-0.593385,0.390440,-0.541123,-0.072671,0.223735,0.105859
13.315321,-0.583848,0.396544,-0.543030,-0.073434,0.213436,0.079156
13.325383,-0.577745,0.400359,-0.544556,-0.074578,0.207332,0.079156
13.335445,-0.568971,0.407225,-0.546082,-0.076486,0.197414,0.079156
13.345509,-0.562867,0.411421,-0.547608,-0.078393,0.191691,0.079156
13.355573,-0.553712,0.417906,-0.548753,-0.081827,0.184443,0.049783
13.365635,-0.548371,0.422484,-0.549516,-0.084497,0.179103,0.049783
13.375689,-0.539979,0.428969,-0.550660,-0.089075,0.171855,0.049783
13.385754,-0.534638,0.433547,-0.551041,-0.092126,0.166896,0.049783
13.395818,-0.526627,0.440414,-0.552186,-0.096704,0.160029,0.049783
13.405882,-0.521286,0.444610,-0.552567,-0.099756,0.155451,0.049783
13.415949,-0.514038,0.451476,-0.554093,-0.104715,0.149348,0.041390
13.426010,-0.509079,0.456054,-0.554475,-0.108148,0.145533,0.041390
13.436072,-0.504120,0.460632,-0.554856,-0.111200,0.141718,0.041390
13.446136,-0.496872,0.467117,-0.555238,-0.116541,0.135615,0.041390
13.456197,-0.491913,0.471695,-0.555619,-0.120737,0.131418,0.041390
13.466259,-0.485046,0.478180,-0.555619,-0.126841,0.124933,0.041390
13.476319,-0.480468,0.481994,-0.555619,-0.131037,0.120737,0.029946
13.486381,-0.473602,0.488098,-0.555619,-0.137522,0.113870,0.029946
13.496446,-0.469024,0.492294,-0.555619,-0.142481,0.109293,0.029946
13.506511,-0.462921,0.498398,-0.555619,-0.149348,0.103571,0.029946
13.516572,-0.458343,0.502594,-0.555619,-0.153925,0.100137,0.029946
13.526633,-0.452621,0.508698,-0.555619,-0.160792,0.094797,0.029946
13.536697,-0.448425,0.512512,-0.555619,-0.165751,0.090600,0.029946
13.546759,-0.442702,0.518616,-0.555619,-0.172999,0.084115,0.029946
13.556821,-0.439269,0.522812,-0.555238,-0.178340,0.080301,0.029946
13.566885,-0.433547,0.528534,-0.555238,-0.185969,0.075723,0.029946
13.576950,-0.429732,0.532731,-0.554856,-0.191310,0.072671,0.029946
13.587012,-0.425154,0.538071,-0.554475,-0.199321,0.067712,0.029946
13.597075,-0.421721,0.541886,-0.554475,-0.204662,0.064660,0.029946
13.607138,-0.416762,0.546845,-0.553712,-0.212673,0.059701,0.029946
13.617199,-0.414473,0.550278,-0.553712,-0.218395,0.057031,0.029946
13.627259,-0.409895,0.555238,-0.552949,-0.226787,0.054742,0.029946
13.637318,-0.406844,0.559052,-0.552186,-0.232509,0.053597,0.029946
13.647382,-0.404555,0.561723,-0.551423,-0.238613,0.051690,0.029946
13.657441,-0.401122,0.566682,-0.550278,-0.247768,0.048638,0.029946
13.667499,-0.398070,0.569734,-0.549134,-0.253872,0.046349,0.029946
13.677562,-0.394636,0.573548,-0.546845,-0.263790,0.042535,0.029946
13.687621,-0.392348,0.576600,-0.545319,-0.270275,0.040246,0.029946
13.697683,-0.389296,0.580034,-0.542649,-0.279812,0.037194,0.029946
13.707746,-0.387007,0.582322,-0.540742,-0.285916,0.036431,0.029946
13.717810,-0.384337,0.584993,-0.537690,-0.295453,0.033761,0.029946
13.727871,-0.382429,0.586900,-0.535401,-0.301938,0.031853,0.029946
13.737932,-0.379377,0.590333,-0.531205,-0.311093,0.028801,0.029946
13.747993,-0.378233,0.591859,-0.528534,-0.317197,0.027276,0.029946
13.758053,-0.375944,0.594530,-0.524720,-0.326352,0.026131,0.029946
13.768113,-0.374800,0.595674,-0.521668,-0.332074,0.025368,0.029946
13.778176,-0.372892,0.597200,-0.516709,-0.340848,0.023842,0.029946
13.788235,-0.371366,0.598344,-0.514038,-0.346571,0.022698,0.029946
13.798295,-0.369841,0.600252,-0.508698,-0.354582,0.021553,0.029946
13.808356,-0.369078,0.601396,-0.505264,-0.359922,0.021553,0.022698
13.818419,-0.368315,0.602159,-0.499924,-0.368315,0.021935,0.022698
13.828482,-0.367552,0.602922,-0.496109,-0.373655,0.021935,0.022698
13.838542,-0.367170,0.604067,-0.490005,-0.381285,0.021935,0.022698
13.848605,-0.366789,0.604829,-0.486572,-0.386625,0.021935,0.022698
13.858767,-0.366407,0.605211,-0.480087,-0.393874,0.021935,0.022698
13.868829,-0.366407,0.605211,-0.475891,-0.398451,0.021935,0.022698
13.878888,-0.366407,0.605211,-0.471313,-0.402647,0.021935,0.022698
13.888951,-0.366407,0.605211,-0.464446,-0.408751,0.021935,0.022698
13.899010,-0.366407,0.604829,-0.459869,-0.412184,0.021935,0.022698
13.909072,-0.366407,0.604448,-0.452621,-0.417525,0.021935,0.022698
13.919136,-0.366407,0.603685,-0.448425,-0.420577,0.021935,0.022698
13.929197,-0.366407,0.602922,-0.440795,-0.424773,0.021935,0.022698
13.939258,-0.366407,0.601778,-0.436599,-0.427443,0.021935,0.022698
13.949319,-0.366789,0.599489,-0.429351,-0.430877,0.021935,0.022698
13.959380,-0.367170,0.598344,-0.424392,-0.433165,0.021935,0.022698
13.969438,-0.367552,0.596056,-0.416762,-0.435836,0.022316,0.022698
13.979500,-0.368315,0.594148,-0.412184,-0.437362,0.022316,0.022698
13.989563,-0.369078,0.590715,-0.404555,-0.439651,0.022316,0.022698
13.999625,-0.369841,0.588045,-0.399596,-0.440032,0.022316,0.022698
14.009684,-0.370985,0.584230,-0.391966,-0.440795,0.022316,0.022698
14.019747,-0.371748,0.580797,-0.387388,-0.441176,0.022316,0.022698
14.029809,-0.372511,0.575456,-0.380140,-0.441176,0.022316,0.022698
14.039871,-0.373274,0.572023,-0.374800,-0.441176,0.022316,0.022698
14.049934,-0.374418,0.565919,-0.366789,-0.440795,0.023461,0.022698
14.059998,-0.375563,0.560960,-0.362211,-0.440795,0.024224,0.022698
14.070063,-0.377089,0.554093,-0.353819,-0.440795,0.026894,0.022698
14.080123,-0.378614,0.548753,-0.349241,-0.440795,0.029564,0.022698
14.090211,-0.381666,0.540742,-0.341230,-0.440795,0.033761,0.022698
14.100272,-0.383955,0.534638,-0.337034,-0.440795,0.036431,0.022698
14.110332,-0.386244,0.528916,-0.331693,-0.440414,0.039483,0.022698
14.120395,-0.390059,0.518616,-0.324826,-0.438888,0.044442,0.022698
14.130457,-0.393492,0.511749,-0.320249,-0.437362,0.047875,0.022698
14.140518,-0.397688,0.501068,-0.314145,-0.435073,0.054360,0.022698
14.150578,-0.401503,0.493057,-0.310330,-0.432403,0.058938,0.022698
14.160639,-0.407607,0.481231,-0.304227,-0.428588,0.066186,0.022698
14.170702,-0.411803,0.473220,-0.301175,-0.425154,0.071527,0.022698
14.180761,-0.418288,0.460250,-0.296216,-0.419432,0.079919,0.022698
14.190821,-0.423247,0.451858,-0.293164,-0.414855,0.085641,0.022698
14.200881,-0.430495,0.438125,-0.289349,-0.407607,0.093652,0.022698
14.210942,-0.435454,0.429351,-0.286679,-0.401884,0.098611,0.022698
14.221005,-0.443847,0.416381,-0.282864,-0.392729,0.107004,0.022698
14.231068,-0.449569,0.407225,-0.280575,-0.386244,0.113107,0.022698
14.241130,-0.457961,0.393111,-0.277905,-0.376326,0.121881,0.022698
14.251190,-0.464446,0.382811,-0.276761,-0.369078,0.128367,0.022698
14.261254,-0.473602,0.368315,-0.274472,-0.358015,0.138285,0.022698
14.271313,-0.480087,0.358778,-0.273327,-0.350385,0.144770,0.022698
14.281373,-0.490387,0.345045,-0.272183,-0.339322,0.153925,0.022698
14.291433,-0.497253,0.335508,-0.271420,-0.331312,0.160792,0.022698
14.301565,-0.508316,0.322156,-0.270657,-0.319867,0.171473,0.022698
14.311625,-0.515564,0.313382,-0.270275,-0.311856,0.178340,0.022698
14.321688,-0.522812,0.304990,-0.269894,-0.303845,0.185588,0.022698
14.331749,-0.534638,0.292401,-0.269894,-0.291257,0.197032,0.022698
14.341811,-0.542649,0.284390,-0.269894,-0.283246,0.204662,0.022698
14.351874,-0.554856,0.272564,-0.269894,-0.271038,0.216487,0.022698
14.361934,-0.563249,0.265316,-0.269894,-0.263409,0.224498,0.022698
14.371995,-0.575837,0.254635,-0.269894,-0.251583,0.236706,0.003243
14.382056,-0.584230,0.247768,-0.270275,-0.244335,0.245098,0.003243
14.392117,-0.597200,0.237850,-0.270275,-0.233654,0.258450,0.003243
14.402178,-0.605974,0.231746,-0.270657,-0.226406,0.267224,0.003243
14.412238,-0.619326,0.223354,-0.270657,-0.216106,0.279812,0.003243
14.422300,-0.628099,0.218013,-0.271038,-0.209239,0.287823,0.003243
14.432358,-0.641070,0.210765,-0.271801,-0.199321,0.300793,0.083734
14.442419,-0.650225,0.206188,-0.271801,-0.192836,0.309186,0.083734
14.452480,-0.663195,0.200084,-0.272946,-0.183680,0.321775,0.083734
14.462542,-0.671969,0.196651,-0.274472,-0.177577,0.329404,0.093271
14.472603,-0.684939,0.192073,-0.275998,-0.168803,0.341993,0.093271
14.482662,-0.693713,0.189403,-0.277142,-0.162699,0.350004,0.093271
14.492724,-0.705921,0.186351,-0.279812,-0.154307,0.361067,0.093271
14.502785,-0.714313,0.185206,-0.281720,-0.148585,0.368696,0.093271
14.512846,-0.726139,0.182918,-0.284771,-0.140955,0.379377,0.093271
14.522911,-0.734150,0.181773,-0.287060,-0.135996,0.386244,0.093271
14.533043,-0.745212,0.181392,-0.290494,-0.129892,0.396162,0.093271
14.543104,-0.752461,0.181392,-0.293545,-0.125696,0.402647,0.093271
14.553165,-0.759327,0.181392,-0.296216,-0.121881,0.408751,0.093271
14.563226,-0.769245,0.181392,-0.300412,-0.116159,0.415999,0.093271
14.573287,-0.775349,0.181392,-0.303082,-0.112726,0.420195,0.106622
14.583350,-0.783742,0.182155,-0.308423,-0.107767,0.427062,0.106622
14.593412,-0.789082,0.182536,-0.311856,-0.104715,0.431640,0.106622
14.603479,-0.796330,0.183299,-0.316815,-0.100137,0.436217,0.106622
14.613542,-0.800526,0.184443,-0.320630,-0.097467,0.438506,0.106622
14.623604,-0.806249,0.185969,-0.325971,-0.093652,0.441176,0.106622
14.633666,-0.809300,0.187495,-0.330167,-0.090982,0.443465,0.129511
14.643725,-0.813115,0.189784,-0.336271,-0.088312,0.445754,0.129511
14.653787,-0.815023,0.191310,-0.340467,-0.086404,0.446899,0.129511
14.663846,-0.818074,0.194362,-0.347333,-0.083734,0.446517,0.129511
14.673904,-0.819219,0.197032,-0.351530,-0.081827,0.446517,0.129511
14.683964,-0.819600,0.200465,-0.358778,-0.079538,0.446517,0.129511
14.694023,-0.819600,0.203517,-0.363355,-0.077630,0.446517,0.129511
14.704084,-0.819219,0.207332,-0.370985,-0.076104,0.446517,0.129511
14.714146,-0.818456,0.210384,-0.375944,-0.074960,0.446517,0.129511
14.724208,-0.816548,0.215724,-0.383574,-0.073434,0.446517,0.129511
14.734272,-0.815404,0.218776,-0.388151,-0.072290,0.446517,0.129511
14.744370,-0.813497,0.224117,-0.396544,-0.070764,0.446136,0.129511
14.754430,-0.811589,0.228313,-0.401122,-0.070001,0.446136,0.129511
14.764490,-0.809300,0.231746,-0.406462,-0.069619,0.445373,0.129511
14.774550,-0.805104,0.237850,-0.413710,-0.069238,0.443847,0.129511
14.784611,-0.802052,0.242046,-0.418669,-0.068856,0.441558,0.129511
14.794670,-0.795949,0.248150,-0.426299,-0.068475,0.437362,0.129511
14.804729,-0.791371,0.253109,-0.431258,-0.067712,0.432784,0.129511
14.814789,-0.784123,0.259213,-0.438888,-0.067330,0.424773,0.129511
14.824850,-0.778782,0.263409,-0.443847,-0.066949,0.419814,0.128748
14.834913,-0.770390,0.270275,-0.450713,-0.066186,0.411040,0.128748
14.844972,-0.764286,0.274853,-0.456054,-0.066186,0.404173,0.128748
14.855032,-0.753986,0.281338,-0.462539,-0.065805,0.392348,0.128748
14.865091,-0.747120,0.286297,-0.467498,-0.065805,0.383955,0.128748
14.875153,-0.736820,0.293545,-0.473983,-0.065805,0.370222,0.128748
14.885212,-0.728428,0.298505,-0.478180,-0.065805,0.360304,0.128748
14.895274,-0.716983,0.305753,-0.484665,-0.065805,0.344663,0.128748
14.905334,-0.708972,0.311093,-0.488861,-0.065805,0.334363,0.128748
14.915397,-0.696765,0.318723,-0.495346,-0.065805,0.319104,0.128748
14.925461,-0.688754,0.323682,-0.499161,-0.065805,0.309186,0.128748
14.935522,-0.676547,0.331693,-0.505264,-0.065805,0.294690,0.128748
14.945585,-0.668536,0.336652,-0.508698,-0.066186,0.285916,0.128748
14.955648,-0.656710,0.344663,-0.514038,-0.066567,0.273709,0.128748
14.965707,-0.649462,0.349622,-0.517472,-0.066567,0.266461,0.128748
14.975770,-0.641070,0.354582,-0.520523,-0.066567,0.258831,0.128748
14.985829,-0.630007,0.362211,-0.525483,-0.066567,0.248531,0.128748
14.995891,-0.622759,0.367552,-0.528153,-0.066567,0.241665,0.128748
15.005951,-0.612078,0.375181,-0.532731,-0.066949,0.232509,0.128748
15.016015,-0.604448,0.380522,-0.534638,-0.067712,0.226787,0.128748
15.026078,-0.594148,0.387770,-0.538071,-0.069619,0.218395,0.128748
15.036140,-0.587282,0.393111,-0.539979,-0.071908,0.212673,0.128748
15.046203,-0.577363,0.400359,-0.542649,-0.074960,0.205806,0.128748
15.056262,-0.570878,0.405699,-0.544175,-0.076867,0.201228,0.128748
15.066315,-0.561341,0.412947,-0.546082,-0.080682,0.193980,0.128748
15.076376,-0.554475,0.417906,-0.547227,-0.083734,0.189784,0.128748
15.086437,-0.545701,0.424392,-0.548753,-0.088312,0.182918,0.128748
15.096498,-0.539979,0.429351,-0.549516,-0.091745,0.178721,0.128748
15.106561,-0.531205,0.436217,-0.550660,-0.096704,0.171473,0.128748
15.116623,-0.525864,0.440795,-0.551804,-0.100137,0.166896,0.128748
15.126685,-0.517472,0.447662,-0.552567,-0.104715,0.159648,0.128748
15.136747,-0.512512,0.452621,-0.553712,-0.107767,0.154688,0.128748
15.146809,-0.504883,0.459106,-0.554856,-0.112345,0.147440,0.101663
15.156868,-0.500305,0.463684,-0.555238,-0.115396,0.142863,0.076867
15.166933,-0.493057,0.470169,-0.555619,-0.120737,0.135615,0.076867
15.176993,-0.488861,0.473983,-0.556001,-0.124552,0.130655,0.076867
15.187053,-0.484283,0.478180,-0.556001,-0.127985,0.126078,0.076867
15.197114,-0.478180,0.483902,-0.556001,-0.133707,0.119974,0.076867
15.207174,-0.473983,0.487716,-0.556001,-0.138285,0.115396,0.026894
15.217237,-0.467498,0.493439,-0.555619,-0.144388,0.108911,0.026894
15.227298,-0.464065,0.497253,-0.555619,-0.148203,0.105097,0.026894
15.237361,-0.458724,0.502976,-0.555619,-0.154307,0.100519,0.026894
15.247424,-0.454910,0.506790,-0.555619,-0.158122,0.096704,0.026894
15.257484,-0.450332,0.512131,-0.555619,-0.163844,0.090982,0.026894
15.267547,-0.446517,0.515946,-0.555619,-0.168040,0.087549,0.024987
15.277606,-0.441558,0.521286,-0.555619,-0.174144,0.082589,0.024987
15.287666,-0.438888,0.524338,-0.555619,-0.178340,0.079919,0.024987
15.297727,-0.434310,0.529297,-0.555619,-0.184443,0.077249,0.024987
15.307788,-0.431640,0.532731,-0.555619,-0.188640,0.074960,0.024987
15.317849,-0.427825,0.536927,-0.555238,-0.194743,0.071527,0.024987
15.327911,-0.425154,0.539979,-0.554856,-0.198939,0.070001,0.024987
15.337975,-0.421340,0.544175,-0.554856,-0.205043,0.066567,0.024987
15.348036,-0.419051,0.546845,-0.554475,-0.209239,0.064660,0.024987
15.358097,-0.415618,0.550660,-0.554093,-0.214961,0.062753,0.024987
15.368156,-0.413329,0.553330,-0.554093,-0.219158,0.061608,0.024987
15.378220,-0.410277,0.557145,-0.553712,-0.225261,0.059319,0.024987
15.388283,-0.408370,0.559052,-0.553330,-0.229458,0.057412,0.024987
15.398344,-0.406462,0.560960,-0.552949,-0.233272,0.055505,0.024987
15.408407,-0.403792,0.564775,-0.552186,-0.239757,0.053979,0.024987
15.418471,-0.401884,0.566300,-0.551804,-0.244335,0.053597,0.024987
15.428532,-0.399596,0.569734,-0.551041,-0.250820,0.051308,0.024987
15.438595,-0.397688,0.571260,-0.550278,-0.255016,0.049020,0.024987
15.448658,-0.395018,0.573548,-0.548753,-0.261120,0.047112,0.024987
15.458719,-0.393492,0.575837,-0.547608,-0.265316,0.045205,0.024987
15.468782,-0.391585,0.578126,-0.546464,-0.271420,0.041772,0.024987
15.478845,-0.390059,0.579271,-0.544938,-0.275235,0.040246,0.024987
15.488906,-0.388151,0.581178,-0.543030,-0.280957,0.038720,0.024987
15.498969,-0.387388,0.582322,-0.541505,-0.284771,0.036812,0.024987
15.508991,-0.385481,0.583467,-0.539597,-0.290494,0.034524,0.024987
15.519053,-0.383955,0.584611,-0.538071,-0.293545,0.032998,0.024987
15.529116,-0.382429,0.586519,-0.535401,-0.298123,0.029564,0.024987
15.539180,-0.381285,0.587663,-0.533875,-0.301938,0.028038,0.024987
15.549244,-0.379759,0.588808,-0.530823,-0.306897,0.026513,0.024987
15.559306,-0.378996,0.589952,-0.529297,-0.309949,0.026131,0.024987
15.569369,-0.378233,0.591096,-0.527008,-0.314908,0.025750,0.024987
15.579432,-0.377470,0.592241,-0.525101,-0.317578,0.025750,0.024987
15.589499,-0.376707,0.593385,-0.522431,-0.321775,0.025750,0.018120
15.599564,-0.376326,0.594148,-0.520905,-0.324826,0.025750,0.018120
15.609629,-0.375563,0.594911,-0.518997,-0.327497,0.025368,0.018120
15.619691,-0.374800,0.595293,-0.516327,-0.330930,0.025368,0.018120
15.629755,-0.374037,0.596056,-0.514801,-0.333600,0.025368,0.018120
15.639818,-0.372892,0.597200,-0.512131,-0.337034,0.025368,0.018120
15.649883,-0.371748,0.597963,-0.509842,-0.338941,0.025368,0.018120
15.659943,-0.370603,0.599489,-0.507172,-0.341993,0.024605,0.003624
15.670009,-0.369841,0.600252,-0.505646,-0.344282,0.024224,0.003624
15.680061,-0.369078,0.601015,-0.502594,-0.347333,0.024224,0.003624
15.690125,-0.368696,0.601778,-0.501068,-0.349622,0.024224,0.003624
15.700186,-0.368696,0.602541,-0.498016,-0.352293,0.024224,0.003624
15.710250,-0.368315,0.603304,-0.495727,-0.354200,0.024224,0.003624
15.720314,-0.368315,0.604829,-0.493057,-0.356870,0.024224,0.003624
15.730378,-0.368315,0.605211,-0.491531,-0.358396,0.023842,0.003624
15.740439,-0.368315,0.605592,-0.488861,-0.361067,0.022698,0.003624
15.750503,-0.368315,0.605974,-0.486572,-0.362211,0.022316,0.003624
15.760567,-0.368315,0.606355,-0.483902,-0.364500,0.021935,0.003624
15.770625,-0.368315,0.606737,-0.481613,-0.366407,0.021935,0.003624
15.780689,-0.368315,0.607500,-0.478561,-0.368696,0.021935,0.003624
15.790753,-0.368315,0.607500,-0.477035,-0.370222,0.021935,0.003624
15.800825,-0.368315,0.607500,-0.474365,-0.371748,0.021935,0.003624
15.810888,-0.367933,0.607500,-0.472457,-0.372511,0.021935,0.003624
15.820952,-0.367933,0.607500,-0.470550,-0.373655,0.021935,0.003624
15.830971,-0.367933,0.607500,-0.468261,-0.374800,0.021935,0.003624
15.840979,-0.367933,0.607500,-0.466354,-0.375563,0.021935,0.003624
15.851031,-0.367552,0.607118,-0.464828,-0.377089,0.021935,0.003624
15.861081,-0.367552,0.607118,-0.463302,-0.377852,0.021935,0.003624
15.871132,-0.367552,0.607118,-0.460632,-0.379759,0.021935,0.003624
15.881194,-0.367552,0.607500,-0.459487,-0.381285,0.021935,0.003624
15.891256,-0.367552,0.607500,-0.457580,-0.383574,0.021935,0.003624
15.901318,-0.367552,0.607500,-0.456054,-0.385100,0.021935,0.003624
15.911381,-0.367552,0.607500,-0.454147,-0.387007,0.021935,0.003624
15.921433,-0.367552,0.607500,-0.453384,-0.387770,0.021935,0.003624
15.931485,-0.367552,0.607500,-0.452239,-0.387770,0.021935,0.003624
15.941537,-0.367552,0.607500,-0.451476,-0.387770,0.021935,0.003624
15.951600,-0.367552,0.607500,-0.450332,-0.387770,0.021935,0.003624
15.961652,-0.367552,0.607500,-0.449950,-0.388151,0.021935,0.003624
15.971704,-0.367552,0.607500,-0.449187,-0.388151,0.021935,0.003624
15.981756,-0.367552,0.607500,-0.448425,-0.388533,0.021935,0.003624
15.991822,-0.367552,0.607500,-0.447280,-0.388533,0.021935,0.003624
