t,q1,q2,q3,q4,q5,q6
0.000000,-0.349066,0.610865,-0.436332,-0.436332,0.000000,0.000000
0.010000,-0.349066,0.610865,-0.436332,-0.436332,0.000000,0.000000
0.020000,-0.349066,0.610865,-0.436332,-0.436332,0.000000,0.000000
0.030000,-0.349066,0.610865,-0.436332,-0.436332,0.000000,0.000000
0.040000,-0.349066,0.610865,-0.436332,-0.436332,0.000000,0.000000
0.050000,-0.349066,0.610865,-0.436332,-0.436332,0.000000,0.000000
0.060000,-0.349066,0.610865,-0.436332,-0.436332,0.000000,0.000000
0.070000,-0.349066,0.610865,-0.436332,-0.436332,0.000000,0.000000
0.080000,-0.349066,0.610865,-0.436332,-0.436332,0.000000,0.000000
0.090000,-0.349066,0.610865,-0.436332,-0.436332,0.000000,0.000000
0.100000,-0.349066,0.610865,-0.436332,-0.436332,0.000000,0.000000
0.110000,-0.349066,0.610865,-0.436332,-0.436332,0.000000,0.000000
0.120000,-0.349066,0.610865,-0.436332,-0.436332,0.000000,0.000000
0.130000,-0.349066,0.610865,-0.436332,-0.436332,0.000000,0.000000
0.140000,-0.349066,0.610865,-0.436332,-0.436332,0.000000,0.000000
0.150000,-0.349066,0.610865,-0.436332,-0.436332,0.000000,0.000000
0.160000,-0.349066,0.610865,-0.436332,-0.436332,0.000000,0.000000
0.170000,-0.349066,0.610865,-0.436332,-0.436332,0.000000,0.000000
0.180000,-0.349066,0.610865,-0.436332,-0.436332,0.000000,0.000000
0.190000,-0.349066,0.610865,-0.436332,-0.436332,0.000000,0.000000
0.200000,-0.349066,0.610865,-0.436332,-0.436332,0.000000,0.000000
0.210000,-0.349066,0.610865,-0.436332,-0.436332,0.000000,0.000000
0.220000,-0.349066,0.610865,-0.436332,-0.436332,0.000000,0.000000
0.230000,-0.349066,0.610865,-0.436332,-0.436332,0.000000,0.000000
0.240000,-0.349066,0.610865,-0.436332,-0.436332,0.000000,0.000000
0.250000,-0.349066,0.610865,-0.436332,-0.436332,0.000000,0.000000
0.260000,-0.349066,0.610865,-0.436332,-0.436332,0.000000,0.000000
0.270000,-0.349066,0.610865,-0.436332,-0.436332,0.000000,0.000000
0.280000,-0.349066,0.610868,-0.436357,-0.436310,0.000000,0.000000
0.290000,-0.349066,0.610872,-0.436404,-0.436267,0.000000,0.000000
0.300000,-0.349066,0.610877,-0.436456,-0.436221,0.000000,0.000000
0.310000,-0.349066,0.610882,-0.436511,-0.436170,0.000000,0.000000
0.320000,-0.349066,0.610888,-0.436567,-0.436120,0.000000,0.000000
0.330000,-0.349066,0.610894,-0.436628,-0.436065,0.000000,0.000000
0.340000,-0.349066,0.610900,-0.436693,-0.436006,0.000000,0.000000
0.350000,-0.349066,0.610906,-0.436763,-0.435943,0.000001,0.000000
0.360000,-0.349067,0.610914,-0.436838,-0.435875,0.000001,0.000000
0.370000,-0.349067,0.610921,-0.436912,-0.435808,0.000001,0.000000
0.380000,-0.349067,0.610928,-0.436996,-0.435732,0.000001,0.000000
0.390000,-0.349067,0.610936,-0.437080,-0.435655,0.000001,0.000000
0.400000,-0.349068,0.610944,-0.437170,-0.435574,0.000002,0.000000
0.410000,-0.349068,0.610953,-0.437264,-0.435489,0.000002,0.000001
0.420000,-0.349068,0.610962,-0.437363,-0.435398,0.000002,0.000001
0.430000,-0.349069,0.610971,-0.437467,-0.435303,0.000003,0.000001
0.440000,-0.349069,0.610981,-0.437577,-0.435204,0.000003,0.000001
0.450000,-0.349070,0.610991,-0.437691,-0.435100,0.000004,0.000001
0.460000,-0.349071,0.611002,-0.437810,-0.434991,0.000005,0.000001
0.470000,-0.349072,0.611013,-0.437935,-0.434877,0.000006,0.000001
0.480000,-0.349073,0.611024,-0.438064,-0.434759,0.000006,0.000002
0.490000,-0.349074,0.611035,-0.438199,-0.434636,0.000007,0.000002
0.500000,-0.349075,0.611047,-0.438339,-0.434507,0.000009,0.000002
0.510000,-0.349076,0.611059,-0.438485,-0.434373,0.000010,0.000003
0.520000,-0.349077,0.611072,-0.438636,-0.434235,0.000011,0.000003
0.530000,-0.349079,0.611084,-0.438793,-0.434090,0.000013,0.000003
0.540000,-0.349081,0.611097,-0.438956,-0.433941,0.000014,0.000004
0.550000,-0.349083,0.611110,-0.439124,-0.433785,0.000016,0.000004
0.560000,-0.349085,0.611124,-0.439299,-0.433624,0.000018,0.000005
0.570000,-0.349087,0.611138,-0.439480,-0.433457,0.000020,0.000005
0.580000,-0.349090,0.611152,-0.439670,-0.433281,0.000023,0.000006
0.590000,-0.349092,0.611166,-0.439862,-0.433103,0.000026,0.000007
0.600000,-0.349095,0.611180,-0.440061,-0.432919,0.000028,0.000008
0.610000,-0.349099,0.611195,-0.440270,-0.432724,0.000032,0.000008
0.620000,-0.349102,0.611209,-0.440485,-0.432524,0.000035,0.000009
0.630000,-0.349106,0.611224,-0.440701,-0.432322,0.000039,0.000010
0.640000,-0.349110,0.611239,-0.440930,-0.432108,0.000043,0.000012
0.650000,-0.349115,0.611254,-0.441164,-0.431889,0.000048,0.000013
0.660000,-0.349120,0.611269,-0.441405,-0.431663,0.000052,0.000014
0.670000,-0.349125,0.611283,-0.441652,-0.431431,0.000058,0.000015
0.680000,-0.349131,0.611298,-0.441906,-0.431191,0.000063,0.000017
0.690000,-0.349138,0.611313,-0.442168,-0.430944,0.000069,0.000019
0.700000,-0.349144,0.611328,-0.442440,-0.430687,0.000076,0.000020
0.710000,-0.349152,0.611342,-0.442715,-0.430427,0.000083,0.000022
0.720000,-0.349159,0.611356,-0.443001,-0.430155,0.000090,0.000024
0.730000,-0.349168,0.611370,-0.443294,-0.429876,0.000098,0.000026
0.740000,-0.349177,0.611384,-0.443593,-0.429590,0.000107,0.000029
0.750000,-0.349186,0.611398,-0.443900,-0.429297,0.000116,0.000031
0.760000,-0.349197,0.611411,-0.444214,-0.428996,0.000126,0.000034
0.770000,-0.349207,0.611423,-0.444536,-0.428686,0.000137,0.000037
0.780000,-0.349219,0.611435,-0.444866,-0.428368,0.000148,0.000040
0.790000,-0.349232,0.611447,-0.445208,-0.428038,0.000160,0.000043
0.800000,-0.349245,0.611458,-0.445552,-0.427705,0.000173,0.000046
0.810000,-0.349259,0.611468,-0.445909,-0.427359,0.000186,0.000050
0.820000,-0.349274,0.611478,-0.446273,-0.427004,0.000201,0.000054
0.830000,-0.349290,0.611486,-0.446644,-0.426642,0.000216,0.000058
0.840000,-0.349307,0.611494,-0.447023,-0.426271,0.000233,0.000062
0.850000,-0.349324,0.611501,-0.447411,-0.425890,0.000250,0.000067
0.860000,-0.349343,0.611507,-0.447806,-0.425500,0.000268,0.000072
0.870000,-0.349363,0.611512,-0.448210,-0.425101,0.000287,0.000077
0.880000,-0.349385,0.611516,-0.448623,-0.424692,0.000308,0.000083
0.890000,-0.349407,0.611519,-0.449049,-0.424269,0.000330,0.000088
0.900000,-0.349431,0.611520,-0.449477,-0.423843,0.000352,0.000094
0.910000,-0.349456,0.611520,-0.449918,-0.423401,0.000377,0.000101
0.920000,-0.349482,0.611518,-0.450363,-0.422954,0.000402,0.000108
0.930000,-0.349510,0.611515,-0.450822,-0.422492,0.000429,0.000115
0.940000,-0.349539,0.611510,-0.451289,-0.422020,0.000457,0.000123
0.950000,-0.349570,0.611503,-0.451764,-0.421539,0.000487,0.000131
0.960000,-0.349603,0.611495,-0.452247,-0.421047,0.000518,0.000139
0.970000,-0.349637,0.611485,-0.452739,-0.420545,0.000551,0.000148
0.980000,-0.349673,0.611472,-0.453240,-0.420031,0.000586,0.000157
0.990000,-0.349710,0.611458,-0.453751,-0.419506,0.000622,0.000167
1.000000,-0.349750,0.611441,-0.454270,-0.418970,0.000661,0.000177
1.010000,-0.349791,0.611422,-0.454798,-0.418423,0.000701,0.000188
1.020000,-0.349835,0.611400,-0.455336,-0.417863,0.000743,0.000199
1.030000,-0.349880,0.611376,-0.455883,-0.417292,0.000787,0.000211
1.040000,-0.349928,0.611349,-0.456439,-0.416710,0.000833,0.000223
1.050000,-0.349978,0.611319,-0.457004,-0.416115,0.000881,0.000236
1.060000,-0.350030,0.611287,-0.457579,-0.415507,0.000931,0.000250
1.070000,-0.350085,0.611251,-0.458162,-0.414888,0.000984,0.000264
1.080000,-0.350142,0.611212,-0.458756,-0.414256,0.001039,0.000278
1.090000,-0.350201,0.611170,-0.459358,-0.413612,0.001097,0.000294
1.100000,-0.350264,0.611124,-0.459970,-0.412954,0.001157,0.000310
1.110000,-0.350329,0.611075,-0.460591,-0.412284,0.001220,0.000327
1.120000,-0.350397,0.611022,-0.461221,-0.411601,0.001286,0.000344
1.130000,-0.350468,0.610966,-0.461861,-0.410905,0.001354,0.000363
1.140000,-0.350542,0.610905,-0.462510,-0.410195,0.001425,0.000382
1.150000,-0.350619,0.610840,-0.463168,-0.409472,0.001500,0.000402
1.160000,-0.350699,0.610771,-0.463835,-0.408735,0.001577,0.000423
1.170000,-0.350782,0.610697,-0.464512,-0.407985,0.001658,0.000444
1.180000,-0.350869,0.610619,-0.465198,-0.407221,0.001742,0.000467
1.190000,-0.350959,0.610536,-0.465894,-0.406442,0.001829,0.000490
1.200000,-0.351053,0.610449,-0.466598,-0.405650,0.001920,0.000514
1.210000,-0.351151,0.610356,-0.467312,-0.404844,0.002014,0.000540
1.220000,-0.351253,0.610258,-0.468036,-0.404023,0.002112,0.000566
1.230000,-0.351358,0.610155,-0.468768,-0.403187,0.002214,0.000593
1.240000,-0.351467,0.610047,-0.469505,-0.402341,0.002320,0.000622
1.250000,-0.351581,0.609932,-0.470258,-0.401474,0.002430,0.000651
1.260000,-0.351699,0.609812,-0.471015,-0.400597,0.002543,0.000682
1.270000,-0.351821,0.609686,-0.471783,-0.399704,0.002662,0.000713
1.280000,-0.351948,0.609554,-0.472560,-0.398794,0.002784,0.000746
1.290000,-0.352080,0.609415,-0.473347,-0.397869,0.002911,0.000780
1.300000,-0.352216,0.609270,-0.474142,-0.396928,0.003043,0.000815
1.310000,-0.352358,0.609118,-0.474947,-0.395972,0.003180,0.000852
1.320000,-0.352504,0.608959,-0.475760,-0.395000,0.003321,0.000890
1.330000,-0.352655,0.608793,-0.476582,-0.394013,0.003467,0.000929
1.340000,-0.352811,0.608621,-0.477408,-0.393014,0.003618,0.000969
1.350000,-0.352974,0.608440,-0.478250,-0.391991,0.003775,0.001012
1.360000,-0.353141,0.608253,-0.479095,-0.390959,0.003937,0.001055
1.370000,-0.353315,0.608057,-0.479950,-0.389909,0.004104,0.001100
1.380000,-0.353494,0.607853,-0.480814,-0.388841,0.004277,0.001146
1.390000,-0.353680,0.607642,-0.481687,-0.387757,0.004457,0.001194
1.400000,-0.353871,0.607421,-0.482568,-0.386656,0.004642,0.001244
1.410000,-0.354068,0.607194,-0.483453,-0.385543,0.004832,0.001295
1.420000,-0.354272,0.606957,-0.484349,-0.384411,0.005029,0.001348
1.430000,-0.354483,0.606711,-0.485254,-0.383260,0.005233,0.001402
1.440000,-0.354701,0.606455,-0.486166,-0.382092,0.005443,0.001458
1.450000,-0.354925,0.606191,-0.487087,-0.380908,0.005660,0.001517
1.460000,-0.355156,0.605918,-0.488011,-0.379711,0.005882,0.001576
1.470000,-0.355394,0.605634,-0.488946,-0.378493,0.006113,0.001638
1.480000,-0.355641,0.605341,-0.489888,-0.377258,0.006351,0.001702
1.490000,-0.355894,0.605038,-0.490838,-0.376005,0.006596,0.001767
1.500000,-0.356156,0.604724,-0.491795,-0.374734,0.006849,0.001835
1.510000,-0.356424,0.604401,-0.492756,-0.373451,0.007108,0.001905
1.520000,-0.356702,0.604066,-0.493726,-0.372147,0.007376,0.001976
1.530000,-0.356987,0.603721,-0.494704,-0.370824,0.007652,0.002050
1.540000,-0.357281,0.603364,-0.495688,-0.369484,0.007936,0.002126
1.550000,-0.357583,0.602998,-0.496675,-0.368131,0.008227,0.002204
1.560000,-0.357894,0.602619,-0.497671,-0.366757,0.008528,0.002285
1.570000,-0.358215,0.602228,-0.498674,-0.365364,0.008837,0.002368
1.580000,-0.358545,0.601826,-0.499683,-0.363954,0.009156,0.002453
1.590000,-0.358882,0.601413,-0.500694,-0.362530,0.009482,0.002541
1.600000,-0.359231,0.600987,-0.501714,-0.361085,0.009818,0.002631
1.610000,-0.359589,0.600548,-0.502739,-0.359622,0.010164,0.002724
1.620000,-0.359956,0.600098,-0.503767,-0.358145,0.010519,0.002819
1.630000,-0.360334,0.599634,-0.504802,-0.356647,0.010884,0.002916
1.640000,-0.360722,0.599157,-0.505843,-0.355130,0.011259,0.003017
1.650000,-0.361120,0.598668,-0.506885,-0.353600,0.011643,0.003120
1.660000,-0.361530,0.598165,-0.507935,-0.352049,0.012039,0.003226
1.670000,-0.361950,0.597648,-0.508989,-0.350479,0.012445,0.003335
1.680000,-0.362382,0.597117,-0.510048,-0.348891,0.012862,0.003447
1.690000,-0.362824,0.596575,-0.511107,-0.347291,0.013289,0.003561
1.700000,-0.363278,0.596016,-0.512172,-0.345669,0.013728,0.003679
1.710000,-0.363745,0.595444,-0.513242,-0.344028,0.014179,0.003799
1.720000,-0.364222,0.594858,-0.514311,-0.342375,0.014639,0.003923
1.730000,-0.364712,0.594257,-0.515387,-0.340700,0.015113,0.004050
1.740000,-0.365214,0.593643,-0.516462,-0.339013,0.015598,0.004180
1.750000,-0.365729,0.593012,-0.517542,-0.337303,0.016095,0.004313
1.760000,-0.366257,0.592365,-0.518626,-0.335576,0.016606,0.004450
1.770000,-0.366798,0.591706,-0.519708,-0.333836,0.017127,0.004590
1.780000,-0.367352,0.591029,-0.520795,-0.332075,0.017663,0.004733
1.790000,-0.367921,0.590336,-0.521884,-0.330296,0.018212,0.004881
1.800000,-0.368501,0.589630,-0.522971,-0.328506,0.018773,0.005031
1.810000,-0.369097,0.588906,-0.524062,-0.326694,0.019349,0.005185
1.820000,-0.369706,0.588168,-0.525150,-0.324870,0.019937,0.005343
1.830000,-0.370331,0.587412,-0.526242,-0.323025,0.020540,0.005505
1.840000,-0.370971,0.586639,-0.527335,-0.321163,0.021158,0.005670
1.850000,-0.371624,0.585852,-0.528425,-0.319290,0.021789,0.005839
1.860000,-0.372293,0.585046,-0.529517,-0.317396,0.022436,0.006013
1.870000,-0.372977,0.584226,-0.530606,-0.315491,0.023096,0.006190
1.880000,-0.373678,0.583387,-0.531696,-0.313565,0.023773,0.006371
1.890000,-0.374393,0.582532,-0.532783,-0.311628,0.024464,0.006556
1.900000,-0.375126,0.581659,-0.533871,-0.309672,0.025172,0.006746
1.910000,-0.375874,0.580770,-0.534955,-0.307704,0.025894,0.006940
1.920000,-0.376640,0.579862,-0.536039,-0.305717,0.026634,0.007138
1.930000,-0.377423,0.578935,-0.537122,-0.303714,0.027391,0.007341
1.940000,-0.378222,0.577994,-0.538198,-0.301701,0.028163,0.007548
1.950000,-0.379040,0.577032,-0.539275,-0.299670,0.028953,0.007760
1.960000,-0.379874,0.576055,-0.540345,-0.297628,0.029758,0.007976
1.970000,-0.380728,0.575058,-0.541415,-0.295568,0.030583,0.008197
1.980000,-0.381598,0.574045,-0.542478,-0.293499,0.031424,0.008423
1.990000,-0.382489,0.573012,-0.543539,-0.291412,0.032284,0.008654
2.000000,-0.383397,0.571962,-0.544593,-0.289316,0.033161,0.008889
2.010000,-0.384326,0.570892,-0.545645,-0.287202,0.034058,0.009129
2.020000,-0.385272,0.569806,-0.546689,-0.285080,0.034972,0.009375
2.030000,-0.386237,0.568701,-0.547728,-0.282946,0.035904,0.009625
2.040000,-0.387225,0.567576,-0.548763,-0.280794,0.036858,0.009881
2.050000,-0.388231,0.566434,-0.549790,-0.278635,0.037830,0.010142
2.060000,-0.389260,0.565271,-0.550812,-0.276460,0.038824,0.010408
2.070000,-0.390307,0.564091,-0.551825,-0.274278,0.039835,0.010680
2.080000,-0.391377,0.562890,-0.552834,-0.272080,0.040869,0.010957
2.090000,-0.392467,0.561673,-0.553832,-0.269876,0.041922,0.011240
2.100000,-0.393581,0.560434,-0.554825,-0.267657,0.042997,0.011528
2.110000,-0.394714,0.559179,-0.555807,-0.265432,0.044092,0.011822
2.120000,-0.395871,0.557903,-0.556783,-0.263193,0.045210,0.012122
2.130000,-0.397049,0.556610,-0.557748,-0.260949,0.046347,0.012428
2.140000,-0.398250,0.555298,-0.558703,-0.258697,0.047507,0.012739
2.150000,-0.399476,0.553964,-0.559651,-0.256431,0.048691,0.013057
2.160000,-0.400723,0.552614,-0.560587,-0.254161,0.049895,0.013381
2.170000,-0.401996,0.551242,-0.561514,-0.251878,0.051125,0.013711
2.180000,-0.403290,0.549854,-0.562429,-0.249592,0.052375,0.014047
2.190000,-0.404609,0.548447,-0.563332,-0.247300,0.053648,0.014389
2.200000,-0.405954,0.547017,-0.564226,-0.244996,0.054948,0.014739
2.210000,-0.407322,0.545572,-0.565107,-0.242689,0.056269,0.015094
2.220000,-0.408718,0.544105,-0.565976,-0.240373,0.057617,0.015456
2.230000,-0.410137,0.542621,-0.566832,-0.238055,0.058987,0.015825
2.240000,-0.411580,0.541119,-0.567675,-0.235733,0.060382,0.016200
2.250000,-0.413053,0.539595,-0.568506,-0.233400,0.061804,0.016582
2.260000,-0.414549,0.538054,-0.569322,-0.231068,0.063249,0.016971
2.270000,-0.416071,0.536496,-0.570124,-0.228733,0.064719,0.017367
2.280000,-0.417624,0.534915,-0.570914,-0.226389,0.066218,0.017770
2.290000,-0.419200,0.533319,-0.571687,-0.224047,0.067741,0.018180
2.300000,-0.420803,0.531704,-0.572445,-0.221703,0.069289,0.018597
2.310000,-0.422438,0.530067,-0.573190,-0.219351,0.070868,0.019022
2.320000,-0.424097,0.528415,-0.573917,-0.217003,0.072470,0.019454
2.330000,-0.425784,0.526745,-0.574628,-0.214654,0.074099,0.019892
2.340000,-0.427503,0.525054,-0.575324,-0.212299,0.075759,0.020340
2.350000,-0.429247,0.523347,-0.576003,-0.209949,0.077443,0.020794
2.360000,-0.431020,0.521622,-0.576664,-0.207600,0.079155,0.021256
2.370000,-0.432825,0.519876,-0.577309,-0.205246,0.080899,0.021726
2.380000,-0.434657,0.518116,-0.577935,-0.202899,0.082668,0.022203
2.390000,-0.436518,0.516338,-0.578543,-0.200553,0.084465,0.022688
2.400000,-0.438409,0.514543,-0.579132,-0.198211,0.086291,0.023181
2.410000,-0.440334,0.512726,-0.579704,-0.195866,0.088150,0.023683
2.420000,-0.442285,0.510896,-0.580256,-0.193529,0.090034,0.024192
2.430000,-0.444267,0.509049,-0.580789,-0.191196,0.091948,0.024710
2.440000,-0.446284,0.507181,-0.581303,-0.188863,0.093895,0.025236
2.450000,-0.448328,0.505300,-0.581796,-0.186540,0.095869,0.025770
2.460000,-0.450402,0.503403,-0.582269,-0.184222,0.097872,0.026312
2.470000,-0.452508,0.501489,-0.582721,-0.181911,0.099906,0.026862
2.480000,-0.454650,0.499556,-0.583153,-0.179601,0.101974,0.027422
2.490000,-0.456820,0.497609,-0.583563,-0.177303,0.104069,0.027990
2.500000,-0.459021,0.495647,-0.583952,-0.175013,0.106194,0.028566
2.510000,-0.461254,0.493670,-0.584319,-0.172731,0.108350,0.029151
2.520000,-0.463519,0.491678,-0.584664,-0.170458,0.110537,0.029744
2.530000,-0.465821,0.489666,-0.584988,-0.168191,0.112760,0.030347
2.540000,-0.468151,0.487643,-0.585288,-0.165936,0.115010,0.030958
2.550000,-0.470514,0.485605,-0.585566,-0.163693,0.117290,0.031578
2.560000,-0.472909,0.483554,-0.585820,-0.161461,0.119602,0.032207
2.570000,-0.475336,0.481488,-0.586051,-0.159241,0.121946,0.032844
2.580000,-0.477801,0.479403,-0.586260,-0.157028,0.124326,0.033492
2.590000,-0.480295,0.477309,-0.586444,-0.154832,0.126733,0.034148
2.600000,-0.482821,0.475202,-0.586604,-0.152649,0.129171,0.034812
2.610000,-0.485380,0.473082,-0.586739,-0.150481,0.131641,0.035486
2.620000,-0.487971,0.470948,-0.586851,-0.148327,0.134143,0.036169
2.630000,-0.490595,0.468803,-0.586938,-0.146188,0.136676,0.036860
2.640000,-0.493257,0.466640,-0.587000,-0.144060,0.139246,0.037563
2.650000,-0.495948,0.464470,-0.587037,-0.141952,0.141843,0.038273
2.660000,-0.498670,0.462288,-0.587048,-0.139860,0.144470,0.038992
2.670000,-0.501425,0.460094,-0.587035,-0.137787,0.147129,0.039721
2.680000,-0.504213,0.457890,-0.586996,-0.135730,0.149820,0.040458
2.690000,-0.507032,0.455675,-0.586931,-0.133692,0.152541,0.041205
2.700000,-0.509884,0.453449,-0.586840,-0.131673,0.155293,0.041961
2.710000,-0.512773,0.451209,-0.586724,-0.129669,0.158081,0.042727
2.720000,-0.515690,0.448962,-0.586581,-0.127688,0.160896,0.043502
2.730000,-0.518637,0.446707,-0.586412,-0.125729,0.163740,0.044285
2.740000,-0.521615,0.444443,-0.586217,-0.123790,0.166614,0.045077
2.750000,-0.524624,0.442169,-0.585995,-0.121872,0.169518,0.045878
2.760000,-0.527664,0.439888,-0.585747,-0.119976,0.172451,0.046689
2.770000,-0.530735,0.437598,-0.585473,-0.118103,0.175413,0.047508
2.780000,-0.533835,0.435300,-0.585171,-0.116252,0.178404,0.048336
2.790000,-0.536965,0.432995,-0.584843,-0.114425,0.181424,0.049173
2.800000,-0.540124,0.430683,-0.584488,-0.112622,0.184472,0.050018
2.810000,-0.543312,0.428365,-0.584107,-0.110843,0.187547,0.050873
2.820000,-0.546534,0.426035,-0.583697,-0.109085,0.190655,0.051737
2.830000,-0.549772,0.423708,-0.583263,-0.107359,0.193779,0.052607
2.840000,-0.553049,0.421368,-0.582799,-0.105653,0.196939,0.053488
2.850000,-0.556347,0.419025,-0.582310,-0.103975,0.200121,0.054376
2.860000,-0.559671,0.416679,-0.581794,-0.102324,0.203326,0.055273
2.870000,-0.563020,0.414328,-0.581251,-0.100700,0.206556,0.056177
2.880000,-0.566394,0.411973,-0.580681,-0.099104,0.209810,0.057089
2.890000,-0.569791,0.409614,-0.580085,-0.097535,0.213086,0.058009
2.900000,-0.573212,0.407253,-0.579461,-0.095994,0.216385,0.058937
2.910000,-0.576656,0.404888,-0.578812,-0.094481,0.219706,0.059872
2.920000,-0.580121,0.402521,-0.578135,-0.092997,0.223047,0.060814
2.930000,-0.583608,0.400152,-0.577432,-0.091543,0.226408,0.061763
2.940000,-0.587114,0.397781,-0.576703,-0.090117,0.229788,0.062720
2.950000,-0.590639,0.395409,-0.575948,-0.088722,0.233186,0.063683
2.960000,-0.594183,0.393036,-0.575166,-0.087356,0.236602,0.064652
2.970000,-0.597743,0.390662,-0.574359,-0.086020,0.240034,0.065628
2.980000,-0.601320,0.388289,-0.573525,-0.084715,0.243482,0.066611
2.990000,-0.604912,0.385915,-0.572666,-0.083441,0.246944,0.067598
3.000000,-0.608518,0.383543,-0.571782,-0.082197,0.250419,0.068592
3.010000,-0.612131,0.381176,-0.570874,-0.080987,0.253900,0.069589
3.020000,-0.615767,0.378802,-0.569938,-0.079804,0.257404,0.070594
3.030000,-0.619403,0.376438,-0.568980,-0.078656,0.260907,0.071602
3.040000,-0.623053,0.374074,-0.567996,-0.077538,0.264423,0.072615
3.050000,-0.626712,0.371711,-0.566988,-0.076451,0.267948,0.073632
3.060000,-0.630379,0.369351,-0.565955,-0.075396,0.271480,0.074654
3.070000,-0.634051,0.366995,-0.564899,-0.074373,0.275017,0.075679
3.080000,-0.637727,0.364643,-0.563819,-0.073382,0.278558,0.076707
3.090000,-0.641407,0.362295,-0.562716,-0.072422,0.282102,0.077738
3.100000,-0.645088,0.359952,-0.561590,-0.071495,0.285647,0.078772
3.110000,-0.648770,0.357614,-0.560441,-0.070599,0.289192,0.079808
3.120000,-0.652451,0.355281,-0.559270,-0.069736,0.292736,0.080846
3.130000,-0.656122,0.352959,-0.558079,-0.068905,0.296270,0.081884
3.140000,-0.659795,0.350639,-0.556865,-0.068106,0.299806,0.082924
3.150000,-0.663463,0.348325,-0.555629,-0.067337,0.303337,0.083966
3.160000,-0.667125,0.346019,-0.554372,-0.066600,0.306861,0.085007
3.170000,-0.670779,0.343719,-0.553094,-0.065895,0.310378,0.086049
3.180000,-0.674422,0.341428,-0.551797,-0.065220,0.313884,0.087090
3.190000,-0.678055,0.339144,-0.550480,-0.064577,0.317379,0.088131
3.200000,-0.681667,0.336874,-0.549146,-0.063966,0.320854,0.089168
3.210000,-0.685271,0.334608,-0.547791,-0.063384,0.324321,0.090205
3.220000,-0.688859,0.332352,-0.546417,-0.062832,0.327773,0.091240
3.230000,-0.692431,0.330104,-0.545026,-0.062311,0.331208,0.092272
3.240000,-0.695983,0.327867,-0.543616,-0.061819,0.334625,0.093301
3.250000,-0.699507,0.325645,-0.542193,-0.061358,0.338014,0.094325
3.260000,-0.703016,0.323429,-0.540751,-0.060925,0.341388,0.095347
3.270000,-0.706501,0.321224,-0.539292,-0.060520,0.344739,0.096364
3.280000,-0.709962,0.319030,-0.537818,-0.060144,0.348066,0.097376
3.290000,-0.713396,0.316847,-0.536328,-0.059796,0.351367,0.098383
3.300000,-0.716794,0.314681,-0.534827,-0.059477,0.354634,0.099382
3.310000,-0.720169,0.312523,-0.533309,-0.059184,0.357878,0.100377
3.320000,-0.723514,0.310378,-0.531778,-0.058918,0.361092,0.101364
3.330000,-0.726826,0.308245,-0.530233,-0.058678,0.364275,0.102345
3.340000,-0.730097,0.306130,-0.528679,-0.058464,0.367418,0.103316
3.350000,-0.733339,0.304025,-0.527110,-0.058275,0.370532,0.104281
3.360000,-0.736545,0.301933,-0.525530,-0.058111,0.373612,0.105237
3.370000,-0.739712,0.299855,-0.523938,-0.057972,0.376654,0.106184
3.380000,-0.742834,0.297796,-0.522340,-0.057856,0.379652,0.107119
3.390000,-0.745920,0.295748,-0.520729,-0.057764,0.382616,0.108046
3.400000,-0.748966,0.293714,-0.519108,-0.057695,0.385541,0.108963
3.410000,-0.751962,0.291700,-0.517482,-0.057647,0.388417,0.109867
3.420000,-0.754918,0.289698,-0.515846,-0.057622,0.391256,0.110762
3.430000,-0.757830,0.287710,-0.514201,-0.057617,0.394051,0.111645
3.440000,-0.760690,0.285743,-0.512552,-0.057633,0.396796,0.112514
3.450000,-0.763507,0.283789,-0.510895,-0.057669,0.399499,0.113372
3.460000,-0.766276,0.281851,-0.509231,-0.057725,0.402157,0.114217
3.470000,-0.768989,0.279933,-0.507565,-0.057799,0.404761,0.115047
3.480000,-0.771657,0.278029,-0.505892,-0.057891,0.407321,0.115866
3.490000,-0.774274,0.276142,-0.504214,-0.058001,0.409832,0.116670
3.500000,-0.776834,0.274276,-0.502536,-0.058128,0.412287,0.117458
3.510000,-0.779345,0.272424,-0.500852,-0.058272,0.414696,0.118233
3.520000,-0.781803,0.270590,-0.499165,-0.058432,0.417053,0.118994
3.530000,-0.784202,0.268777,-0.497480,-0.058607,0.419354,0.119737
3.540000,-0.786550,0.266980,-0.495790,-0.058796,0.421605,0.120466
3.550000,-0.788838,0.265204,-0.494103,-0.059000,0.423799,0.121178
3.560000,-0.791074,0.263444,-0.492413,-0.059217,0.425944,0.121876
3.570000,-0.793250,0.261706,-0.490726,-0.059448,0.428029,0.122555
3.580000,-0.795373,0.259983,-0.489036,-0.059691,0.430064,0.123220
3.590000,-0.797439,0.258279,-0.487347,-0.059946,0.432045,0.123867
3.600000,-0.799443,0.256598,-0.485664,-0.060212,0.433966,0.124497
3.610000,-0.801393,0.254933,-0.483980,-0.060490,0.435835,0.125111
3.620000,-0.803282,0.253291,-0.482303,-0.060778,0.437645,0.125706
3.630000,-0.805116,0.251665,-0.480625,-0.061076,0.439403,0.126285
3.640000,-0.806889,0.250063,-0.478954,-0.061382,0.441101,0.126846
3.650000,-0.808607,0.248477,-0.477285,-0.061699,0.442747,0.127390
3.660000,-0.810263,0.246914,-0.475624,-0.062023,0.444334,0.127916
3.670000,-0.811865,0.245369,-0.473965,-0.062356,0.445869,0.128424
3.680000,-0.813406,0.243847,-0.472314,-0.062696,0.447345,0.128915
3.690000,-0.814893,0.242342,-0.470667,-0.063043,0.448769,0.129388
3.700000,-0.816319,0.240860,-0.469030,-0.063397,0.450135,0.129843
3.710000,-0.817687,0.239400,-0.467400,-0.063756,0.451446,0.130281
3.720000,-0.819002,0.237957,-0.465775,-0.064123,0.452705,0.130701
3.730000,-0.820259,0.236537,-0.464160,-0.064494,0.453908,0.131104
3.740000,-0.821462,0.235135,-0.462550,-0.064871,0.455061,0.131489
3.750000,-0.822607,0.233757,-0.460953,-0.065252,0.456157,0.131857
3.760000,-0.823700,0.232396,-0.459361,-0.065638,0.457204,0.132208
3.770000,-0.824736,0.231060,-0.457782,-0.066027,0.458196,0.132541
3.780000,-0.825718,0.229744,-0.456214,-0.066420,0.459136,0.132857
3.790000,-0.826650,0.228446,-0.454652,-0.066817,0.460028,0.133158
3.800000,-0.827528,0.227172,-0.453104,-0.067217,0.460869,0.133441
3.810000,-0.828354,0.225919,-0.451568,-0.067619,0.461659,0.133707
3.820000,-0.829131,0.224684,-0.450038,-0.068025,0.462403,0.133958
3.830000,-0.829856,0.223472,-0.448524,-0.068432,0.463098,0.134193
3.840000,-0.830533,0.222282,-0.447023,-0.068841,0.463745,0.134412
3.850000,-0.831162,0.221109,-0.445529,-0.069253,0.464348,0.134615
3.860000,-0.831743,0.219960,-0.444052,-0.069665,0.464904,0.134804
3.870000,-0.832278,0.218831,-0.442588,-0.070078,0.465415,0.134977
3.880000,-0.832767,0.217724,-0.441137,-0.070493,0.465883,0.135135
3.890000,-0.833213,0.216634,-0.439696,-0.070909,0.466310,0.135280
3.900000,-0.833614,0.215567,-0.438271,-0.071325,0.466694,0.135410
3.910000,-0.833973,0.214521,-0.436861,-0.071742,0.467038,0.135526
3.920000,-0.834290,0.213495,-0.435465,-0.072158,0.467341,0.135630
3.930000,-0.834567,0.212489,-0.434084,-0.072575,0.467607,0.135720
3.940000,-0.834806,0.211501,-0.432713,-0.072992,0.467835,0.135797
3.950000,-0.835006,0.210535,-0.431360,-0.073408,0.468026,0.135862
3.960000,-0.835169,0.209590,-0.430023,-0.073824,0.468182,0.135915
3.970000,-0.835295,0.208664,-0.428702,-0.074239,0.468303,0.135956
3.980000,-0.835387,0.207759,-0.427395,-0.074653,0.468391,0.135986
3.990000,-0.835446,0.206872,-0.426105,-0.075066,0.468447,0.136005
4.000000,-0.835472,0.206006,-0.424830,-0.075477,0.468472,0.136013
4.010000,-0.835466,0.205151,-0.423561,-0.075891,0.468467,0.136012
4.020000,-0.835429,0.204307,-0.422294,-0.076308,0.468431,0.136000
4.030000,-0.835361,0.203472,-0.421028,-0.076729,0.468366,0.135977
4.040000,-0.835261,0.202646,-0.419762,-0.077154,0.468271,0.135945
4.050000,-0.835131,0.201829,-0.418498,-0.077582,0.468146,0.135903
4.060000,-0.834969,0.201021,-0.417234,-0.078015,0.467991,0.135850
4.070000,-0.834776,0.200223,-0.415971,-0.078451,0.467806,0.135787
4.080000,-0.834551,0.199434,-0.414709,-0.078892,0.467591,0.135714
4.090000,-0.834296,0.198654,-0.413447,-0.079336,0.467347,0.135632
4.100000,-0.834010,0.197884,-0.412187,-0.079785,0.467073,0.135539
4.110000,-0.833693,0.197125,-0.410928,-0.080238,0.466770,0.135436
4.120000,-0.833345,0.196374,-0.409670,-0.080695,0.466437,0.135323
4.130000,-0.832966,0.195634,-0.408413,-0.081156,0.466074,0.135200
4.140000,-0.832557,0.194904,-0.407158,-0.081622,0.465683,0.135067
4.150000,-0.832117,0.194184,-0.405904,-0.082092,0.465261,0.134925
4.160000,-0.831647,0.193475,-0.404651,-0.082567,0.464811,0.134772
4.170000,-0.831146,0.192776,-0.403400,-0.083046,0.464332,0.134610
4.180000,-0.830615,0.192087,-0.402150,-0.083531,0.463823,0.134438
4.190000,-0.830053,0.191409,-0.400902,-0.084019,0.463286,0.134256
4.200000,-0.829462,0.190742,-0.399656,-0.084513,0.462720,0.134065
4.210000,-0.828841,0.190085,-0.398411,-0.085012,0.462126,0.133865
4.220000,-0.828190,0.189440,-0.397168,-0.085516,0.461502,0.133654
4.230000,-0.827510,0.188805,-0.395927,-0.086025,0.460851,0.133435
4.240000,-0.826800,0.188182,-0.394687,-0.086539,0.460171,0.133206
4.250000,-0.826060,0.187570,-0.393450,-0.087059,0.459464,0.132968
4.260000,-0.825292,0.186969,-0.392214,-0.087584,0.458728,0.132720
4.270000,-0.824495,0.186380,-0.390981,-0.088115,0.457965,0.132464
4.280000,-0.823669,0.185803,-0.389750,-0.088651,0.457174,0.132198
4.290000,-0.822814,0.185237,-0.388521,-0.089194,0.456356,0.131923
4.300000,-0.821932,0.184684,-0.387294,-0.089742,0.455510,0.131640
4.310000,-0.821020,0.184142,-0.386069,-0.090296,0.454638,0.131348
4.320000,-0.820081,0.183612,-0.384847,-0.090857,0.453739,0.131047
4.330000,-0.819115,0.183095,-0.383627,-0.091424,0.452813,0.130737
4.340000,-0.818120,0.182589,-0.382409,-0.091997,0.451860,0.130419
4.350000,-0.817099,0.182097,-0.381194,-0.092577,0.450882,0.130092
4.360000,-0.816050,0.181617,-0.379982,-0.093164,0.449877,0.129758
4.370000,-0.814974,0.181149,-0.378772,-0.093757,0.448847,0.129414
4.380000,-0.813872,0.180695,-0.377564,-0.094358,0.447791,0.129063
4.390000,-0.812743,0.180253,-0.376360,-0.094965,0.446710,0.128704
4.400000,-0.811588,0.179824,-0.375158,-0.095580,0.445604,0.128337
4.410000,-0.810408,0.179409,-0.373958,-0.096203,0.444473,0.127961
4.420000,-0.809202,0.179007,-0.372762,-0.096832,0.443317,0.127579
4.430000,-0.807970,0.178618,-0.371569,-0.097470,0.442137,0.127188
4.440000,-0.806713,0.178243,-0.370378,-0.098115,0.440933,0.126790
4.450000,-0.805432,0.177881,-0.369190,-0.098769,0.439705,0.126385
4.460000,-0.804126,0.177533,-0.368006,-0.099430,0.438454,0.125972
4.470000,-0.802795,0.177200,-0.366824,-0.100100,0.437179,0.125553
4.480000,-0.801441,0.176880,-0.365646,-0.100778,0.435881,0.125126
4.490000,-0.800063,0.176574,-0.364470,-0.101465,0.434560,0.124692
4.500000,-0.798662,0.176282,-0.363298,-0.102160,0.433217,0.124251
4.510000,-0.797237,0.176005,-0.362130,-0.102864,0.431852,0.123804
4.520000,-0.795790,0.175743,-0.360964,-0.103577,0.430464,0.123350
4.530000,-0.794320,0.175495,-0.359802,-0.104300,0.429056,0.122890
4.540000,-0.792828,0.175261,-0.358643,-0.105031,0.427625,0.122423
4.550000,-0.791315,0.175043,-0.357488,-0.105772,0.426174,0.121951
4.560000,-0.789779,0.174840,-0.356336,-0.106523,0.424702,0.121472
4.570000,-0.788223,0.174651,-0.355188,-0.107283,0.423209,0.120987
4.580000,-0.786645,0.174478,-0.354044,-0.108053,0.421697,0.120496
4.590000,-0.785047,0.174320,-0.352903,-0.108834,0.420164,0.119999
4.600000,-0.783429,0.174178,-0.351766,-0.109624,0.418612,0.119497
4.610000,-0.781790,0.174051,-0.350632,-0.110425,0.417041,0.118990
4.620000,-0.780133,0.173940,-0.349503,-0.111236,0.415451,0.118477
4.630000,-0.778456,0.173845,-0.348377,-0.112057,0.413842,0.117959
4.640000,-0.776759,0.173766,-0.347255,-0.112890,0.412216,0.117435
4.650000,-0.775045,0.173702,-0.346137,-0.113733,0.410571,0.116907
4.660000,-0.773312,0.173655,-0.345023,-0.114587,0.408908,0.116374
4.670000,-0.771561,0.173624,-0.343914,-0.115453,0.407228,0.115836
4.680000,-0.769793,0.173609,-0.342808,-0.116329,0.405532,0.115294
4.690000,-0.768007,0.173611,-0.341707,-0.117217,0.403818,0.114747
4.700000,-0.766205,0.173630,-0.340609,-0.118117,0.402089,0.114195
4.710000,-0.764386,0.173665,-0.339516,-0.119028,0.400343,0.113640
4.720000,-0.762551,0.173717,-0.338428,-0.119951,0.398582,0.113080
4.730000,-0.760700,0.173786,-0.337344,-0.120886,0.396805,0.112517
4.740000,-0.758833,0.173872,-0.336264,-0.121833,0.395014,0.111949
4.750000,-0.756952,0.173975,-0.335188,-0.122792,0.393208,0.111378
4.760000,-0.755055,0.174095,-0.334118,-0.123763,0.391387,0.110803
4.770000,-0.753145,0.174233,-0.333052,-0.124747,0.389553,0.110225
4.780000,-0.751220,0.174388,-0.331990,-0.125743,0.387705,0.109643
4.790000,-0.749281,0.174560,-0.330933,-0.126752,0.385844,0.109058
4.800000,-0.747329,0.174751,-0.329881,-0.127773,0.383969,0.108470
4.810000,-0.745365,0.174959,-0.328834,-0.128807,0.382083,0.107879
4.820000,-0.743387,0.175184,-0.327792,-0.129854,0.380184,0.107285
4.830000,-0.741397,0.175428,-0.326754,-0.130914,0.378273,0.106688
4.840000,-0.739395,0.175690,-0.325722,-0.131987,0.376350,0.106089
4.850000,-0.737382,0.175969,-0.324695,-0.133074,0.374416,0.105487
4.860000,-0.735357,0.176267,-0.323673,-0.134173,0.372471,0.104882
4.870000,-0.733322,0.176583,-0.322656,-0.135286,0.370516,0.104276
4.880000,-0.731276,0.176918,-0.321644,-0.136412,0.368550,0.103667
4.890000,-0.729220,0.177271,-0.320638,-0.137552,0.366575,0.103055
4.900000,-0.727154,0.177642,-0.319637,-0.138705,0.364589,0.102442
4.910000,-0.725078,0.178033,-0.318641,-0.139872,0.362595,0.101827
4.920000,-0.722993,0.178441,-0.317651,-0.141053,0.360592,0.101211
4.930000,-0.720900,0.178869,-0.316667,-0.142247,0.358580,0.100592
4.940000,-0.718798,0.179315,-0.315688,-0.143456,0.356560,0.099972
4.950000,-0.716688,0.179780,-0.314714,-0.144678,0.354531,0.099351
4.960000,-0.714570,0.180264,-0.313747,-0.145914,0.352496,0.098728
4.970000,-0.712444,0.180768,-0.312785,-0.147164,0.350453,0.098104
4.980000,-0.710312,0.181290,-0.311830,-0.148428,0.348403,0.097479
4.990000,-0.708172,0.181831,-0.310880,-0.149706,0.346346,0.096852
5.000000,-0.706027,0.182392,-0.309936,-0.150998,0.344283,0.096225
5.010000,-0.703875,0.182971,-0.308998,-0.152304,0.342214,0.095597
5.020000,-0.701717,0.183570,-0.308067,-0.153624,0.340139,0.094968
5.030000,-0.699554,0.184189,-0.307141,-0.154958,0.338059,0.094339
5.040000,-0.697386,0.184827,-0.306222,-0.156307,0.335974,0.093709
5.050000,-0.695212,0.185484,-0.305309,-0.157670,0.333884,0.093078
5.060000,-0.693035,0.186161,-0.304403,-0.159046,0.331789,0.092447
5.070000,-0.690853,0.186857,-0.303503,-0.160437,0.329691,0.091816
5.080000,-0.688667,0.187573,-0.302610,-0.161843,0.327588,0.091184
5.090000,-0.686478,0.188308,-0.301723,-0.163262,0.325482,0.090552
5.100000,-0.684285,0.189063,-0.300843,-0.164695,0.323373,0.089921
5.110000,-0.682089,0.189837,-0.299970,-0.166143,0.321260,0.089289
5.120000,-0.679891,0.190631,-0.299104,-0.167605,0.319145,0.088658
5.130000,-0.677690,0.191445,-0.298245,-0.169080,0.317028,0.088026
5.140000,-0.675487,0.192279,-0.297392,-0.170570,0.314908,0.087395
5.150000,-0.673282,0.193132,-0.296547,-0.172074,0.312787,0.086764
5.160000,-0.671076,0.194005,-0.295709,-0.173592,0.310664,0.086134
5.170000,-0.668869,0.194897,-0.294878,-0.175124,0.308539,0.085504
5.180000,-0.666660,0.195810,-0.294054,-0.176669,0.306414,0.084875
5.190000,-0.664451,0.196742,-0.293237,-0.178228,0.304288,0.084246
5.200000,-0.662242,0.197693,-0.292428,-0.179802,0.302161,0.083619
5.210000,-0.660032,0.198665,-0.291627,-0.181388,0.300034,0.082992
5.220000,-0.657822,0.199656,-0.290833,-0.182989,0.297907,0.082365
5.230000,-0.655613,0.200666,-0.290047,-0.184603,0.295780,0.081740
5.240000,-0.653404,0.201696,-0.289268,-0.186230,0.293654,0.081116
5.250000,-0.651197,0.202746,-0.288498,-0.187871,0.291528,0.080493
5.260000,-0.648990,0.203816,-0.287735,-0.189525,0.289404,0.079870
5.270000,-0.646785,0.204905,-0.286980,-0.191192,0.287280,0.079249
5.280000,-0.644582,0.206013,-0.286233,-0.192872,0.285159,0.078630
5.290000,-0.642380,0.207141,-0.285494,-0.194566,0.283039,0.078011
5.300000,-0.640180,0.208288,-0.284764,-0.196272,0.280920,0.077394
5.310000,-0.637983,0.209455,-0.284041,-0.197991,0.278804,0.076779
5.320000,-0.635788,0.210640,-0.283327,-0.199722,0.276691,0.076164
5.330000,-0.633597,0.211846,-0.282622,-0.201466,0.274579,0.075552
5.340000,-0.631408,0.213070,-0.281924,-0.203223,0.272471,0.074941
5.350000,-0.629222,0.214313,-0.281236,-0.204991,0.270366,0.074331
5.360000,-0.627040,0.215576,-0.280556,-0.206772,0.268264,0.073723
5.370000,-0.624861,0.216857,-0.279884,-0.208565,0.266165,0.073117
5.380000,-0.622687,0.218157,-0.279222,-0.210369,0.264070,0.072513
5.390000,-0.620516,0.219476,-0.278568,-0.212186,0.261979,0.071910
5.400000,-0.618350,0.220814,-0.277923,-0.214013,0.259892,0.071310
5.410000,-0.616188,0.222171,-0.277287,-0.215852,0.257809,0.070711
5.420000,-0.614031,0.223546,-0.276660,-0.217702,0.255730,0.070114
5.430000,-0.611878,0.224939,-0.276043,-0.219564,0.253656,0.069519
5.440000,-0.609731,0.226351,-0.275434,-0.221436,0.251587,0.068926
5.450000,-0.607589,0.227781,-0.274835,-0.223318,0.249523,0.068336
5.460000,-0.605452,0.229228,-0.274245,-0.225211,0.247463,0.067747
5.470000,-0.603320,0.230694,-0.273665,-0.227115,0.245409,0.067160
5.480000,-0.601195,0.232178,-0.273094,-0.229028,0.243361,0.066576
5.490000,-0.599075,0.233680,-0.272532,-0.230951,0.241318,0.065994
5.500000,-0.596961,0.235199,-0.271981,-0.232884,0.239281,0.065414
5.510000,-0.594854,0.236735,-0.271439,-0.234826,0.237249,0.064836
5.520000,-0.592753,0.238289,-0.270906,-0.236778,0.235224,0.064261
5.530000,-0.590658,0.239860,-0.270384,-0.238738,0.233205,0.063688
5.540000,-0.588570,0.241448,-0.269871,-0.240708,0.231192,0.063117
5.550000,-0.586489,0.243053,-0.269368,-0.242686,0.229186,0.062549
5.560000,-0.584415,0.244675,-0.268876,-0.244672,0.227186,0.061983
5.570000,-0.582347,0.246313,-0.268393,-0.246666,0.225193,0.061420
5.580000,-0.580287,0.247968,-0.267921,-0.248669,0.223207,0.060859
5.590000,-0.578235,0.249638,-0.267459,-0.250678,0.221228,0.060301
5.600000,-0.576189,0.251325,-0.267007,-0.252696,0.219256,0.059745
5.610000,-0.574152,0.253028,-0.266566,-0.254720,0.217291,0.059191
5.620000,-0.572122,0.254746,-0.266134,-0.256751,0.215333,0.058641
5.630000,-0.570099,0.256480,-0.265714,-0.258789,0.213383,0.058092
5.640000,-0.568085,0.258229,-0.265304,-0.260833,0.211441,0.057547
5.650000,-0.566079,0.259994,-0.264904,-0.262884,0.209506,0.057004
5.660000,-0.564081,0.261773,-0.264515,-0.264940,0.207580,0.056464
5.670000,-0.562091,0.263567,-0.264137,-0.267002,0.205661,0.055926
5.680000,-0.560110,0.265375,-0.263770,-0.269069,0.203750,0.055391
5.690000,-0.558137,0.267198,-0.263413,-0.271141,0.201847,0.054859
5.700000,-0.556172,0.269035,-0.263068,-0.273218,0.199952,0.054329
5.710000,-0.554216,0.270886,-0.262733,-0.275299,0.198065,0.053802
5.720000,-0.552269,0.272750,-0.262409,-0.277385,0.196187,0.053278
5.730000,-0.550331,0.274628,-0.262096,-0.279474,0.194318,0.052757
5.740000,-0.548401,0.276519,-0.261795,-0.281567,0.192456,0.052239
5.750000,-0.546481,0.278423,-0.261504,-0.283663,0.190604,0.051723
5.760000,-0.544569,0.280339,-0.261225,-0.285763,0.188760,0.051210
5.770000,-0.542667,0.282269,-0.260957,-0.287865,0.186925,0.050700
5.780000,-0.540773,0.284210,-0.260700,-0.289969,0.185098,0.050192
5.790000,-0.538889,0.286163,-0.260454,-0.292076,0.183281,0.049688
5.800000,-0.537015,0.288129,-0.260220,-0.294184,0.181472,0.049186
5.810000,-0.535150,0.290105,-0.259997,-0.296294,0.179673,0.048687
5.820000,-0.533294,0.292093,-0.259786,-0.298406,0.177882,0.048191
5.830000,-0.531448,0.294092,-0.259586,-0.300518,0.176101,0.047698
5.840000,-0.529611,0.296102,-0.259397,-0.302630,0.174329,0.047208
5.850000,-0.527784,0.298123,-0.259220,-0.304744,0.172566,0.046720
5.860000,-0.525966,0.300153,-0.259055,-0.306857,0.170812,0.046236
5.870000,-0.524158,0.302194,-0.258901,-0.308969,0.169068,0.045754
5.880000,-0.522360,0.304244,-0.258759,-0.311081,0.167333,0.045275
5.890000,-0.520572,0.306303,-0.258629,-0.313192,0.165607,0.044800
5.900000,-0.518794,0.308372,-0.258510,-0.315302,0.163891,0.044327
5.910000,-0.517025,0.310450,-0.258403,-0.317411,0.162185,0.043856
5.920000,-0.515267,0.312536,-0.258308,-0.319517,0.160488,0.043389
5.930000,-0.513518,0.314631,-0.258225,-0.321621,0.158800,0.042925
5.940000,-0.511780,0.316733,-0.258153,-0.323723,0.157123,0.042464
5.950000,-0.510051,0.318844,-0.258094,-0.325822,0.155454,0.042005
5.960000,-0.508333,0.320962,-0.258046,-0.327917,0.153796,0.041549
5.970000,-0.506624,0.323087,-0.258010,-0.330009,0.152147,0.041097
5.980000,-0.504926,0.325219,-0.257986,-0.332098,0.150508,0.040647
5.990000,-0.503238,0.327358,-0.257973,-0.334182,0.148879,0.040200
6.000000,-0.501560,0.329503,-0.257973,-0.336262,0.147259,0.039756
6.010000,-0.499892,0.331654,-0.257985,-0.338337,0.145649,0.039315
6.020000,-0.498234,0.333811,-0.258008,-0.340407,0.144049,0.038877
6.030000,-0.496587,0.335973,-0.258044,-0.342472,0.142459,0.038442
6.040000,-0.494949,0.338141,-0.258092,-0.344531,0.140879,0.038009
6.050000,-0.493322,0.340313,-0.258151,-0.346584,0.139309,0.037580
6.060000,-0.491706,0.342490,-0.258223,-0.348630,0.137748,0.037153
6.070000,-0.490099,0.344672,-0.258306,-0.350670,0.136197,0.036730
6.080000,-0.488503,0.346857,-0.258402,-0.352703,0.134657,0.036309
6.090000,-0.486917,0.349046,-0.258509,-0.354729,0.133126,0.035891
6.100000,-0.485342,0.351239,-0.258628,-0.356748,0.131605,0.035476
6.110000,-0.483776,0.353434,-0.258760,-0.358758,0.130094,0.035064
6.120000,-0.482221,0.355633,-0.258903,-0.360760,0.128593,0.034654
6.130000,-0.480676,0.357834,-0.259059,-0.362754,0.127101,0.034248
6.140000,-0.479142,0.360037,-0.259226,-0.364740,0.125620,0.033844
6.150000,-0.477618,0.362243,-0.259405,-0.366716,0.124149,0.033444
6.160000,-0.476104,0.364450,-0.259597,-0.368682,0.122687,0.033046
6.170000,-0.474601,0.366658,-0.259800,-0.370640,0.121236,0.032651
6.180000,-0.473107,0.368868,-0.260015,-0.372587,0.119794,0.032259
6.190000,-0.471624,0.371078,-0.260242,-0.374524,0.118362,0.031869
6.200000,-0.470152,0.373289,-0.260481,-0.376451,0.116941,0.031483
6.210000,-0.468689,0.375500,-0.260732,-0.378366,0.115529,0.031099
6.220000,-0.467237,0.377711,-0.260994,-0.380271,0.114127,0.030718
6.230000,-0.465795,0.379922,-0.261269,-0.382165,0.112735,0.030340
6.240000,-0.464364,0.382132,-0.261555,-0.384046,0.111352,0.029965
6.250000,-0.462942,0.384341,-0.261853,-0.385916,0.109980,0.029593
6.260000,-0.461531,0.386549,-0.262163,-0.387774,0.108618,0.029223
6.270000,-0.460130,0.388756,-0.262485,-0.389620,0.107265,0.028856
6.280000,-0.458739,0.390961,-0.262818,-0.391453,0.105922,0.028492
6.290000,-0.457359,0.393163,-0.263163,-0.393272,0.104589,0.028131
6.300000,-0.455988,0.395364,-0.263520,-0.395079,0.103266,0.027772
6.310000,-0.454628,0.397562,-0.263888,-0.396872,0.101952,0.027417
6.320000,-0.453278,0.399757,-0.264268,-0.398652,0.100649,0.027063
6.330000,-0.451938,0.401949,-0.264659,-0.400418,0.099355,0.026713
6.340000,-0.450608,0.404138,-0.265062,-0.402170,0.098070,0.026366
6.350000,-0.449288,0.406323,-0.265476,-0.403907,0.096796,0.026021
6.360000,-0.447978,0.408504,-0.265902,-0.405629,0.095531,0.025678
6.370000,-0.446678,0.410682,-0.266339,-0.407337,0.094276,0.025339
6.380000,-0.445388,0.412854,-0.266788,-0.409030,0.093031,0.025002
6.390000,-0.444109,0.415022,-0.267247,-0.410707,0.091795,0.024668
6.400000,-0.442839,0.417186,-0.267719,-0.412369,0.090569,0.024337
6.410000,-0.441579,0.419344,-0.268201,-0.414016,0.089352,0.024008
6.420000,-0.440329,0.421496,-0.268694,-0.415646,0.088145,0.023682
6.430000,-0.439089,0.423643,-0.269199,-0.417260,0.086948,0.023359
6.440000,-0.437859,0.425784,-0.269714,-0.418858,0.085760,0.023038
6.450000,-0.436638,0.427920,-0.270241,-0.420439,0.084581,0.022720
6.460000,-0.435428,0.430048,-0.270779,-0.422004,0.083412,0.022404
6.470000,-0.434227,0.432170,-0.271327,-0.423552,0.082253,0.022091
6.480000,-0.433036,0.434286,-0.271886,-0.425082,0.081103,0.021781
6.490000,-0.431855,0.436394,-0.272457,-0.426596,0.079962,0.021473
6.500000,-0.430684,0.438495,-0.273038,-0.428092,0.078831,0.021168
6.510000,-0.429522,0.440589,-0.273629,-0.429570,0.077709,0.020866
6.520000,-0.428370,0.442675,-0.274231,-0.431031,0.076596,0.020566
6.530000,-0.427227,0.444753,-0.274844,-0.432474,0.075493,0.020268
6.540000,-0.426095,0.446823,-0.275467,-0.433898,0.074399,0.019973
6.550000,-0.424971,0.448885,-0.276101,-0.435305,0.073314,0.019681
6.560000,-0.423858,0.450938,-0.276745,-0.436693,0.072239,0.019391
6.570000,-0.422753,0.452982,-0.277399,-0.438063,0.071172,0.019104
6.580000,-0.421659,0.455018,-0.278064,-0.439413,0.070115,0.018819
6.590000,-0.420573,0.457044,-0.278738,-0.440746,0.069067,0.018537
6.600000,-0.419498,0.459061,-0.279423,-0.442059,0.068028,0.018257
6.610000,-0.418431,0.461069,-0.280118,-0.443353,0.066998,0.017980
6.620000,-0.417374,0.463067,-0.280823,-0.444628,0.065977,0.017705
6.630000,-0.416327,0.465055,-0.281538,-0.445884,0.064966,0.017433
6.640000,-0.415288,0.467034,-0.282262,-0.447120,0.063963,0.017163
6.650000,-0.414259,0.469002,-0.282997,-0.448337,0.062969,0.016896
6.660000,-0.413239,0.470959,-0.283740,-0.449534,0.061984,0.016631
6.670000,-0.412229,0.472907,-0.284494,-0.450711,0.061008,0.016368
6.680000,-0.411227,0.474843,-0.285257,-0.451869,0.060041,0.016108
6.690000,-0.410235,0.476769,-0.286030,-0.453007,0.059082,0.015850
6.700000,-0.409252,0.478684,-0.286812,-0.454125,0.058133,0.015595
6.710000,-0.408278,0.480587,-0.287603,-0.455223,0.057192,0.015342
6.720000,-0.407313,0.482480,-0.288403,-0.456300,0.056260,0.015091
6.730000,-0.406357,0.484360,-0.289213,-0.457358,0.055337,0.014843
6.740000,-0.405410,0.486230,-0.290031,-0.458395,0.054422,0.014597
6.750000,-0.404472,0.488087,-0.290859,-0.459412,0.053517,0.014354
6.760000,-0.403543,0.489933,-0.291696,-0.460408,0.052619,0.014113
6.770000,-0.402623,0.491767,-0.292541,-0.461384,0.051731,0.013874
6.780000,-0.401712,0.493589,-0.293395,-0.462340,0.050851,0.013638
6.790000,-0.400810,0.495398,-0.294258,-0.463275,0.049979,0.013403
6.800000,-0.399916,0.497195,-0.295129,-0.464189,0.049116,0.013172
6.810000,-0.399031,0.498980,-0.296009,-0.465083,0.048262,0.012942
6.820000,-0.398155,0.500752,-0.296897,-0.465956,0.047416,0.012715
6.830000,-0.397288,0.502511,-0.297793,-0.466808,0.046578,0.012490
6.840000,-0.396430,0.504258,-0.298698,-0.467640,0.045749,0.012267
6.850000,-0.395580,0.505992,-0.299611,-0.468451,0.044928,0.012047
6.860000,-0.394738,0.507713,-0.300532,-0.469241,0.044115,0.011829
6.870000,-0.393906,0.509420,-0.301461,-0.470010,0.043311,0.011613
6.880000,-0.393082,0.511115,-0.302398,-0.470758,0.042515,0.011399
6.890000,-0.392266,0.512796,-0.303343,-0.471486,0.041727,0.011188
6.900000,-0.391459,0.514464,-0.304295,-0.472193,0.040948,0.010978
6.910000,-0.390660,0.516118,-0.305255,-0.472879,0.040177,0.010771
6.920000,-0.389870,0.517759,-0.306222,-0.473544,0.039413,0.010566
6.930000,-0.389089,0.519386,-0.307197,-0.474188,0.038658,0.010364
6.940000,-0.388315,0.520999,-0.308180,-0.474812,0.037911,0.010163
6.950000,-0.387550,0.522599,-0.309170,-0.475414,0.037173,0.009965
6.960000,-0.386794,0.524185,-0.310166,-0.475996,0.036442,0.009769
6.970000,-0.386046,0.525757,-0.311170,-0.476557,0.035719,0.009575
6.980000,-0.385306,0.527315,-0.312181,-0.477097,0.035004,0.009383
6.990000,-0.384574,0.528859,-0.313199,-0.477617,0.034297,0.009194
7.000000,-0.383850,0.530389,-0.314224,-0.478116,0.033599,0.009006
7.010000,-0.383135,0.531905,-0.315255,-0.478594,0.032908,0.008821
7.020000,-0.382428,0.533406,-0.316293,-0.479051,0.032225,0.008638
7.030000,-0.381728,0.534893,-0.317338,-0.479488,0.031549,0.008457
7.040000,-0.381037,0.536366,-0.318389,-0.479904,0.030882,0.008277
7.050000,-0.380355,0.537825,-0.319447,-0.480300,0.030222,0.008101
7.060000,-0.379680,0.539269,-0.320511,-0.480675,0.029570,0.007926
7.070000,-0.379013,0.540699,-0.321581,-0.481030,0.028926,0.007753
7.080000,-0.378354,0.542114,-0.322657,-0.481364,0.028290,0.007582
7.090000,-0.377703,0.543515,-0.323739,-0.481678,0.027661,0.007414
7.100000,-0.377060,0.544901,-0.324827,-0.481972,0.027040,0.007247
7.110000,-0.376425,0.546273,-0.325921,-0.482245,0.026427,0.007083
7.120000,-0.375798,0.547630,-0.327020,-0.482499,0.025821,0.006920
7.130000,-0.375178,0.548973,-0.328126,-0.482732,0.025223,0.006760
7.140000,-0.374567,0.550300,-0.329236,-0.482945,0.024632,0.006602
7.150000,-0.373963,0.551614,-0.330353,-0.483138,0.024049,0.006445
7.160000,-0.373367,0.552912,-0.331474,-0.483311,0.023473,0.006291
7.170000,-0.372779,0.554196,-0.332601,-0.483464,0.022905,0.006139
7.180000,-0.372199,0.555465,-0.333734,-0.483597,0.022345,0.005988
7.190000,-0.371626,0.556719,-0.334871,-0.483711,0.021791,0.005840
7.200000,-0.371061,0.557958,-0.336013,-0.483805,0.021246,0.005694
7.210000,-0.370504,0.559183,-0.337160,-0.483879,0.020707,0.005549
7.220000,-0.369954,0.560393,-0.338312,-0.483934,0.020176,0.005407
7.230000,-0.369412,0.561588,-0.339469,-0.483970,0.019653,0.005267
7.240000,-0.368877,0.562768,-0.340631,-0.483986,0.019136,0.005128
7.250000,-0.368350,0.563934,-0.341797,-0.483983,0.018627,0.004992
7.260000,-0.367831,0.565085,-0.342967,-0.483961,0.018125,0.004857
7.270000,-0.367319,0.566221,-0.344142,-0.483920,0.017631,0.004725
7.280000,-0.366814,0.567342,-0.345321,-0.483859,0.017144,0.004594
7.290000,-0.366317,0.568448,-0.346504,-0.483780,0.016663,0.004465
7.300000,-0.365828,0.569540,-0.347692,-0.483682,0.016191,0.004339
7.310000,-0.365346,0.570617,-0.348883,-0.483566,0.015725,0.004214
7.320000,-0.364871,0.571679,-0.350079,-0.483431,0.015266,0.004091
7.330000,-0.364403,0.572726,-0.351278,-0.483277,0.014815,0.003970
7.340000,-0.363943,0.573759,-0.352481,-0.483105,0.014371,0.003851
7.350000,-0.363491,0.574777,-0.353688,-0.482914,0.013933,0.003734
7.360000,-0.363045,0.575780,-0.354898,-0.482705,0.013503,0.003618
7.370000,-0.362607,0.576768,-0.356112,-0.482479,0.013080,0.003505
7.380000,-0.362177,0.577742,-0.357329,-0.482234,0.012664,0.003394
7.390000,-0.361753,0.578701,-0.358549,-0.481971,0.012255,0.003284
7.400000,-0.361337,0.579645,-0.359773,-0.481691,0.011853,0.003176
7.410000,-0.360928,0.580575,-0.361000,-0.481393,0.011458,0.003070
7.420000,-0.360526,0.581491,-0.362230,-0.481077,0.011070,0.002966
7.430000,-0.360132,0.582391,-0.363462,-0.480744,0.010689,0.002864
7.440000,-0.359744,0.583277,-0.364698,-0.480393,0.010314,0.002764
7.450000,-0.359364,0.584149,-0.365937,-0.480025,0.009947,0.002665
7.460000,-0.358991,0.585006,-0.367178,-0.479640,0.009587,0.002569
7.470000,-0.358624,0.585849,-0.368422,-0.479238,0.009233,0.002474
7.480000,-0.358266,0.586677,-0.369668,-0.478819,0.008886,0.002381
7.490000,-0.357914,0.587491,-0.370917,-0.478383,0.008546,0.002290
7.500000,-0.357569,0.588290,-0.372168,-0.477931,0.008213,0.002201
7.510000,-0.357231,0.589075,-0.373421,-0.477462,0.007887,0.002113
7.520000,-0.356900,0.589846,-0.374677,-0.476976,0.007567,0.002028
7.530000,-0.356577,0.590603,-0.375934,-0.476475,0.007255,0.001944
7.540000,-0.356260,0.591345,-0.377194,-0.475957,0.006949,0.001862
7.550000,-0.355950,0.592073,-0.378456,-0.475422,0.006650,0.001782
7.560000,-0.355647,0.592787,-0.379719,-0.474872,0.006357,0.001703
7.570000,-0.355352,0.593487,-0.380984,-0.474306,0.006072,0.001627
7.580000,-0.355063,0.594172,-0.382251,-0.473725,0.005793,0.001552
7.590000,-0.354781,0.594844,-0.383520,-0.473127,0.005520,0.001479
7.600000,-0.354506,0.595501,-0.384790,-0.472514,0.005255,0.001408
7.610000,-0.354238,0.596145,-0.386062,-0.471886,0.004996,0.001339
7.620000,-0.353977,0.596775,-0.387334,-0.471243,0.004743,0.001271
7.630000,-0.353722,0.597390,-0.388609,-0.470584,0.004498,0.001205
7.640000,-0.353475,0.597992,-0.389884,-0.469910,0.004259,0.001141
7.650000,-0.353234,0.598580,-0.391160,-0.469222,0.004026,0.001079
7.660000,-0.353001,0.599155,-0.392438,-0.468518,0.003801,0.001018
7.670000,-0.352774,0.599715,-0.393716,-0.467800,0.003581,0.000960
7.680000,-0.352554,0.600262,-0.394995,-0.467068,0.003369,0.000903
7.690000,-0.352340,0.600795,-0.396276,-0.466321,0.003163,0.000847
7.700000,-0.352134,0.601315,-0.397556,-0.465559,0.002963,0.000794
7.710000,-0.351934,0.601821,-0.398838,-0.464784,0.002771,0.000742
7.720000,-0.351741,0.602314,-0.400120,-0.463994,0.002584,0.000692
7.730000,-0.351555,0.602793,-0.401402,-0.463191,0.002405,0.000644
7.740000,-0.351376,0.603259,-0.402685,-0.462374,0.002231,0.000598
7.750000,-0.351203,0.603711,-0.403968,-0.461543,0.002065,0.000553
7.760000,-0.351038,0.604150,-0.405252,-0.460698,0.001905,0.000510
7.770000,-0.350878,0.604576,-0.406535,-0.459840,0.001751,0.000469
7.780000,-0.350726,0.604989,-0.407819,-0.458969,0.001604,0.000430
7.790000,-0.350581,0.605388,-0.409103,-0.458085,0.001463,0.000392
7.800000,-0.350442,0.605774,-0.410386,-0.457188,0.001329,0.000356
7.810000,-0.350309,0.606147,-0.411670,-0.456277,0.001201,0.000322
7.820000,-0.350184,0.606508,-0.412953,-0.455354,0.001080,0.000289
7.830000,-0.350065,0.606855,-0.414236,-0.454418,0.000965,0.000259
7.840000,-0.349953,0.607189,-0.415519,-0.453470,0.000857,0.000230
7.850000,-0.349848,0.607511,-0.416801,-0.452509,0.000755,0.000202
7.860000,-0.349749,0.607819,-0.418083,-0.451536,0.000660,0.000177
7.870000,-0.349657,0.608115,-0.419364,-0.450551,0.000571,0.000153
7.880000,-0.349572,0.608398,-0.420644,-0.449554,0.000489,0.000131
7.890000,-0.349493,0.608669,-0.421924,-0.448544,0.000413,0.000111
7.900000,-0.349421,0.608927,-0.423203,-0.447523,0.000343,0.000092
7.910000,-0.349356,0.609172,-0.424481,-0.446490,0.000280,0.000075
7.920000,-0.349297,0.609405,-0.425758,-0.445446,0.000223,0.000060
7.930000,-0.349245,0.609625,-0.427034,-0.444390,0.000173,0.000046
7.940000,-0.349200,0.609833,-0.428309,-0.443323,0.000129,0.000035
7.950000,-0.349161,0.610028,-0.429583,-0.442245,0.000092,0.000025
7.960000,-0.349129,0.610212,-0.430855,-0.441155,0.000061,0.000016
7.970000,-0.349104,0.610382,-0.432127,-0.440055,0.000037,0.000010
7.980000,-0.349085,0.610541,-0.433397,-0.438944,0.000019,0.000005
7.990000,-0.349073,0.610688,-0.434665,-0.437822,0.000007,0.000002
8.000000,-0.349068,0.610822,-0.435932,-0.436690,0.000002,0.000000
8.010000,-0.349069,0.610945,-0.437198,-0.435547,0.000003,0.000001
8.020000,-0.349077,0.611055,-0.438461,-0.434393,0.000010,0.000003
8.030000,-0.349091,0.611154,-0.439723,-0.433230,0.000024,0.000007
8.040000,-0.349112,0.611240,-0.440984,-0.432056,0.000045,0.000012
8.050000,-0.349140,0.611315,-0.442242,-0.430873,0.000072,0.000019
8.060000,-0.349175,0.611378,-0.443499,-0.429679,0.000105,0.000028
8.070000,-0.349216,0.611430,-0.444753,-0.428476,0.000145,0.000039
8.080000,-0.349264,0.611469,-0.446006,-0.427263,0.000191,0.000051
8.090000,-0.349318,0.611497,-0.447256,-0.426041,0.000244,0.000065
8.100000,-0.349379,0.611514,-0.448504,-0.424809,0.000303,0.000081
8.110000,-0.349447,0.611518,-0.449750,-0.423568,0.000368,0.000099
8.120000,-0.349521,0.611512,-0.450994,-0.422318,0.000440,0.000118
8.130000,-0.349602,0.611494,-0.452235,-0.421058,0.000518,0.000139
8.140000,-0.349690,0.611464,-0.453474,-0.419790,0.000603,0.000162
8.150000,-0.349785,0.611424,-0.454710,-0.418513,0.000694,0.000186
8.160000,-0.349886,0.611372,-0.455944,-0.417228,0.000792,0.000212
8.170000,-0.349994,0.611309,-0.457175,-0.415933,0.000896,0.000240
8.180000,-0.350108,0.611234,-0.458403,-0.414631,0.001007,0.000270
8.190000,-0.350229,0.611149,-0.459629,-0.413320,0.001124,0.000301
8.200000,-0.350357,0.611053,-0.460852,-0.412001,0.001248,0.000334
8.210000,-0.350492,0.610945,-0.462072,-0.410673,0.001378,0.000369
8.220000,-0.350633,0.610827,-0.463289,-0.409338,0.001514,0.000406
8.230000,-0.350781,0.610697,-0.464503,-0.407995,0.001657,0.000444
8.240000,-0.350936,0.610557,-0.465713,-0.406644,0.001807,0.000484
8.250000,-0.351098,0.610406,-0.466921,-0.405285,0.001963,0.000526
8.260000,-0.351266,0.610245,-0.468126,-0.403919,0.002125,0.000569
8.270000,-0.351441,0.610072,-0.469327,-0.402545,0.002294,0.000615
8.280000,-0.351623,0.609889,-0.470525,-0.401164,0.002470,0.000662
8.290000,-0.351812,0.609696,-0.471720,-0.399776,0.002652,0.000711
8.300000,-0.352007,0.609492,-0.472911,-0.398381,0.002841,0.000761
8.310000,-0.352209,0.609277,-0.474099,-0.396979,0.003036,0.000814
8.320000,-0.352418,0.609052,-0.475283,-0.395570,0.003238,0.000868
8.330000,-0.352634,0.608817,-0.476464,-0.394154,0.003446,0.000923
8.340000,-0.352856,0.608571,-0.477641,-0.392731,0.003661,0.000981
8.350000,-0.353086,0.608315,-0.478814,-0.391302,0.003883,0.001040
8.360000,-0.353322,0.608049,-0.479984,-0.389867,0.004111,0.001102
8.370000,-0.353565,0.607772,-0.481149,-0.388425,0.004346,0.001165
8.380000,-0.353815,0.607486,-0.482311,-0.386977,0.004587,0.001229
8.390000,-0.354072,0.607189,-0.483469,-0.385523,0.004836,0.001296
8.400000,-0.354336,0.606882,-0.484623,-0.384063,0.005090,0.001364
8.410000,-0.354606,0.606566,-0.485772,-0.382597,0.005352,0.001434
8.420000,-0.354884,0.606239,-0.486918,-0.381125,0.005620,0.001506
8.430000,-0.355168,0.605903,-0.488060,-0.379647,0.005895,0.001579
8.440000,-0.355460,0.605557,-0.489197,-0.378164,0.006176,0.001655
8.450000,-0.355758,0.605201,-0.490330,-0.376676,0.006464,0.001732
8.460000,-0.356063,0.604835,-0.491458,-0.375182,0.006759,0.001811
8.470000,-0.356376,0.604459,-0.492583,-0.373683,0.007061,0.001892
8.480000,-0.356695,0.604074,-0.493703,-0.372178,0.007369,0.001975
8.490000,-0.357021,0.603680,-0.494818,-0.370669,0.007684,0.002059
8.500000,-0.357355,0.603275,-0.495929,-0.369155,0.008006,0.002145
8.510000,-0.357695,0.602862,-0.497035,-0.367636,0.008335,0.002233
8.520000,-0.358042,0.602439,-0.498137,-0.366112,0.008671,0.002323
8.530000,-0.358397,0.602006,-0.499233,-0.364583,0.009013,0.002415
8.540000,-0.358758,0.601564,-0.500326,-0.363050,0.009362,0.002509
8.550000,-0.359127,0.601113,-0.501413,-0.361513,0.009718,0.002604
8.560000,-0.359503,0.600653,-0.502495,-0.359971,0.010081,0.002701
8.570000,-0.359886,0.600183,-0.503573,-0.358425,0.010451,0.002801
8.580000,-0.360276,0.599705,-0.504645,-0.356874,0.010828,0.002902
8.590000,-0.360673,0.599217,-0.505713,-0.355320,0.011212,0.003004
8.600000,-0.361078,0.598720,-0.506776,-0.353762,0.011603,0.003109
8.610000,-0.361489,0.598214,-0.507833,-0.352200,0.012000,0.003216
8.620000,-0.361908,0.597700,-0.508885,-0.350634,0.012405,0.003324
8.630000,-0.362335,0.597176,-0.509932,-0.349065,0.012817,0.003434
8.640000,-0.362768,0.596643,-0.510974,-0.347492,0.013235,0.003547
8.650000,-0.363209,0.596102,-0.512011,-0.345916,0.013661,0.003661
8.660000,-0.363657,0.595552,-0.513042,-0.344336,0.014094,0.003777
8.670000,-0.364112,0.594993,-0.514068,-0.342753,0.014533,0.003895
8.680000,-0.364575,0.594426,-0.515088,-0.341167,0.014980,0.004014
8.690000,-0.365045,0.593849,-0.516103,-0.339578,0.015434,0.004136
8.700000,-0.365522,0.593265,-0.517112,-0.337986,0.015896,0.004260
8.710000,-0.366007,0.592671,-0.518116,-0.336391,0.016364,0.004385
8.720000,-0.366499,0.592070,-0.519114,-0.334793,0.016839,0.004513
8.730000,-0.366999,0.591460,-0.520106,-0.333193,0.017322,0.004642
8.740000,-0.367506,0.590841,-0.521093,-0.331590,0.017812,0.004773
8.750000,-0.368021,0.590214,-0.522074,-0.329985,0.018309,0.004907
8.760000,-0.368543,0.589579,-0.523049,-0.328377,0.018814,0.005042
8.770000,-0.369073,0.588936,-0.524018,-0.326767,0.019325,0.005179
8.780000,-0.369611,0.588284,-0.524982,-0.325154,0.019845,0.005318
8.790000,-0.370155,0.587624,-0.525939,-0.323540,0.020371,0.005459
8.800000,-0.370708,0.586956,-0.526890,-0.321924,0.020905,0.005602
8.810000,-0.371268,0.586280,-0.527836,-0.320305,0.021446,0.005747
8.820000,-0.371836,0.585596,-0.528775,-0.318685,0.021994,0.005894
8.830000,-0.372412,0.584904,-0.529708,-0.317063,0.022550,0.006043
8.840000,-0.372995,0.584204,-0.530635,-0.315440,0.023114,0.006194
8.850000,-0.373586,0.583496,-0.531556,-0.313815,0.023684,0.006347
8.860000,-0.374185,0.582781,-0.532470,-0.312188,0.024263,0.006503
8.870000,-0.374791,0.582057,-0.533379,-0.310560,0.024849,0.006660
8.880000,-0.375406,0.581326,-0.534281,-0.308931,0.025442,0.006819
8.890000,-0.376028,0.580587,-0.535176,-0.307301,0.026043,0.006980
8.900000,-0.376658,0.579840,-0.536065,-0.305670,0.026652,0.007143
8.910000,-0.377296,0.579086,-0.536948,-0.304037,0.027268,0.007308
8.920000,-0.377942,0.578324,-0.537824,-0.302404,0.027892,0.007476
8.930000,-0.378596,0.577555,-0.538694,-0.300770,0.028523,0.007645
8.940000,-0.379257,0.576778,-0.539557,-0.299135,0.029163,0.007816
8.950000,-0.379927,0.575994,-0.540413,-0.297499,0.029810,0.007990
8.960000,-0.380605,0.575202,-0.541263,-0.295863,0.030464,0.008165
8.970000,-0.381291,0.574403,-0.542106,-0.294226,0.031127,0.008343
8.980000,-0.381985,0.573596,-0.542942,-0.292589,0.031797,0.008523
8.990000,-0.382687,0.572783,-0.543772,-0.290952,0.032475,0.008705
9.000000,-0.383397,0.571962,-0.544594,-0.289314,0.033161,0.008889
9.010000,-0.384116,0.571134,-0.545410,-0.287677,0.033855,0.009075
9.020000,-0.384842,0.570299,-0.546219,-0.286039,0.034557,0.009263
9.030000,-0.385577,0.569456,-0.547021,-0.284401,0.035267,0.009454
9.040000,-0.386320,0.568607,-0.547816,-0.282764,0.035984,0.009646
9.050000,-0.387072,0.567751,-0.548604,-0.281126,0.036710,0.009841
9.060000,-0.387831,0.566887,-0.549385,-0.279489,0.037444,0.010038
9.070000,-0.388599,0.566017,-0.550159,-0.277853,0.038186,0.010237
9.080000,-0.389376,0.565140,-0.550926,-0.276216,0.038935,0.010438
9.090000,-0.390160,0.564256,-0.551686,-0.274581,0.039693,0.010642
9.100000,-0.390954,0.563365,-0.552438,-0.272946,0.040460,0.010847
9.110000,-0.391755,0.562468,-0.553184,-0.271312,0.041234,0.011055
9.120000,-0.392565,0.561564,-0.553922,-0.269678,0.042016,0.011265
9.130000,-0.393384,0.560653,-0.554652,-0.268046,0.042807,0.011477
9.140000,-0.394211,0.559735,-0.555376,-0.266414,0.043606,0.011692
9.150000,-0.395047,0.558811,-0.556092,-0.264783,0.044413,0.011909
9.160000,-0.395892,0.557881,-0.556801,-0.263154,0.045229,0.012128
9.170000,-0.396745,0.556944,-0.557502,-0.261526,0.046053,0.012349
9.180000,-0.397606,0.556000,-0.558196,-0.259899,0.046885,0.012572
9.190000,-0.398477,0.555050,-0.558882,-0.258274,0.047726,0.012798
9.200000,-0.399356,0.554094,-0.559560,-0.256650,0.048575,0.013026
9.210000,-0.400244,0.553132,-0.560232,-0.255027,0.049433,0.013257
9.220000,-0.401141,0.552163,-0.560895,-0.253406,0.050299,0.013489
9.230000,-0.402046,0.551188,-0.561551,-0.251787,0.051174,0.013724
9.240000,-0.402961,0.550206,-0.562199,-0.250170,0.052057,0.013962
9.250000,-0.403884,0.549219,-0.562840,-0.248554,0.052949,0.014201
9.260000,-0.404817,0.548226,-0.563473,-0.246941,0.053849,0.014443
9.270000,-0.405758,0.547226,-0.564098,-0.245330,0.054758,0.014688
9.280000,-0.406708,0.546220,-0.564715,-0.243720,0.055676,0.014934
9.290000,-0.407667,0.545209,-0.565325,-0.242113,0.056602,0.015183
9.300000,-0.408636,0.544191,-0.565927,-0.240508,0.057538,0.015435
9.310000,-0.409613,0.543168,-0.566520,-0.238906,0.058482,0.015689
9.320000,-0.410599,0.542139,-0.567106,-0.237306,0.059434,0.015945
9.330000,-0.411595,0.541104,-0.567684,-0.235708,0.060396,0.016203
9.340000,-0.412600,0.540063,-0.568254,-0.234114,0.061366,0.016464
9.350000,-0.413614,0.539017,-0.568816,-0.232521,0.062346,0.016728
9.360000,-0.414637,0.537965,-0.569370,-0.230932,0.063334,0.016994
9.370000,-0.415669,0.536907,-0.569916,-0.229345,0.064331,0.017262
9.380000,-0.416711,0.535843,-0.570454,-0.227762,0.065337,0.017533
9.390000,-0.417762,0.534775,-0.570984,-0.226181,0.066352,0.017806
9.400000,-0.418823,0.533700,-0.571505,-0.224603,0.067376,0.018082
9.410000,-0.419893,0.532620,-0.572019,-0.223029,0.068410,0.018360
9.420000,-0.420972,0.531535,-0.572524,-0.221458,0.069452,0.018641
9.430000,-0.422061,0.530444,-0.573021,-0.219890,0.070503,0.018924
9.440000,-0.423159,0.529348,-0.573510,-0.218325,0.071564,0.019209
9.450000,-0.424267,0.528247,-0.573991,-0.216764,0.072634,0.019498
9.460000,-0.425384,0.527141,-0.574463,-0.215207,0.073713,0.019788
9.470000,-0.426511,0.526029,-0.574927,-0.213653,0.074801,0.020082
9.480000,-0.427647,0.524912,-0.575382,-0.212103,0.075898,0.020377
9.490000,-0.428793,0.523790,-0.575830,-0.210557,0.077005,0.020676
9.500000,-0.429949,0.522663,-0.576269,-0.209014,0.078121,0.020977
9.510000,-0.431114,0.521531,-0.576699,-0.207475,0.079246,0.021280
9.520000,-0.432289,0.520394,-0.577121,-0.205941,0.080381,0.021586
9.530000,-0.433474,0.519252,-0.577534,-0.204410,0.081525,0.021895
9.540000,-0.434668,0.518106,-0.577939,-0.202884,0.082679,0.022206
9.550000,-0.435873,0.516954,-0.578336,-0.201362,0.083842,0.022520
9.560000,-0.437087,0.515797,-0.578724,-0.199844,0.085014,0.022837
9.570000,-0.438311,0.514636,-0.579103,-0.198331,0.086196,0.023156
9.580000,-0.439544,0.513470,-0.579474,-0.196822,0.087388,0.023477
9.590000,-0.440788,0.512300,-0.579836,-0.195318,0.088588,0.023802
9.600000,-0.442042,0.511124,-0.580190,-0.193818,0.089799,0.024129
9.610000,-0.443305,0.509944,-0.580535,-0.192323,0.091019,0.024459
9.620000,-0.444579,0.508760,-0.580871,-0.190833,0.092249,0.024791
9.630000,-0.445862,0.507571,-0.581199,-0.189347,0.093488,0.025126
9.640000,-0.447156,0.506378,-0.581518,-0.187867,0.094737,0.025464
9.650000,-0.448459,0.505180,-0.581828,-0.186391,0.095996,0.025804
9.660000,-0.449773,0.503978,-0.582129,-0.184921,0.097264,0.026147
9.670000,-0.451096,0.502771,-0.582422,-0.183456,0.098542,0.026493
9.680000,-0.452430,0.501561,-0.582706,-0.181996,0.099830,0.026842
9.690000,-0.453774,0.500346,-0.582981,-0.180541,0.101128,0.027193
9.700000,-0.455128,0.499127,-0.583247,-0.179091,0.102435,0.027547
9.710000,-0.456492,0.497903,-0.583504,-0.177648,0.103752,0.027904
9.720000,-0.457866,0.496676,-0.583753,-0.176209,0.105079,0.028264
9.730000,-0.459250,0.495444,-0.583992,-0.174776,0.106415,0.028626
9.740000,-0.460645,0.494209,-0.584223,-0.173349,0.107762,0.028991
9.750000,-0.462049,0.492970,-0.584445,-0.171928,0.109118,0.029359
9.760000,-0.463464,0.491726,-0.584657,-0.170512,0.110484,0.029730
9.770000,-0.464889,0.490479,-0.584861,-0.169103,0.111860,0.030103
9.780000,-0.466325,0.489228,-0.585056,-0.167699,0.113246,0.030479
9.790000,-0.467771,0.487973,-0.585242,-0.166301,0.114642,0.030858
9.800000,-0.469227,0.486714,-0.585419,-0.164910,0.116047,0.031240
9.810000,-0.470693,0.485452,-0.585587,-0.163524,0.117463,0.031625
9.820000,-0.472169,0.484186,-0.585746,-0.162145,0.118888,0.032012
9.830000,-0.473656,0.482917,-0.585895,-0.160773,0.120324,0.032403
9.840000,-0.475153,0.481643,-0.586036,-0.159406,0.121769,0.032796
9.850000,-0.476660,0.480367,-0.586168,-0.158046,0.123224,0.033192
9.860000,-0.478178,0.479087,-0.586290,-0.156693,0.124689,0.033591
9.870000,-0.479706,0.477803,-0.586404,-0.155346,0.126164,0.033993
9.880000,-0.481244,0.476516,-0.586508,-0.154006,0.127649,0.034397
9.890000,-0.482793,0.475226,-0.586603,-0.152673,0.129144,0.034805
9.900000,-0.484351,0.473932,-0.586689,-0.151347,0.130649,0.035215
9.910000,-0.485921,0.472636,-0.586766,-0.150027,0.132164,0.035628
9.920000,-0.487500,0.471336,-0.586834,-0.148715,0.133688,0.036044
9.930000,-0.489090,0.470032,-0.586892,-0.147409,0.135223,0.036463
9.940000,-0.490690,0.468726,-0.586941,-0.146111,0.136767,0.036885
9.950000,-0.492300,0.467417,-0.586981,-0.144820,0.138321,0.037310
9.960000,-0.493920,0.466105,-0.587012,-0.143536,0.139886,0.037738
9.970000,-0.495551,0.464789,-0.587034,-0.142259,0.141460,0.038168
9.980000,-0.497192,0.463471,-0.587046,-0.140990,0.143044,0.038602
9.990000,-0.498843,0.462150,-0.587049,-0.139728,0.144637,0.039038
10.000000,-0.500505,0.460826,-0.587043,-0.138474,0.146241,0.039477
10.010000,-0.502176,0.459499,-0.587028,-0.137228,0.147854,0.039919
10.020000,-0.503858,0.458170,-0.587003,-0.135989,0.149477,0.040364
10.030000,-0.505550,0.456838,-0.586969,-0.134758,0.151110,0.040812
10.040000,-0.507252,0.455503,-0.586926,-0.133535,0.152753,0.041263
10.050000,-0.508964,0.454166,-0.586874,-0.132319,0.154405,0.041717
10.060000,-0.510686,0.452826,-0.586812,-0.131112,0.156067,0.042174
10.070000,-0.512419,0.451483,-0.586741,-0.129912,0.157739,0.042633
10.080000,-0.514161,0.450139,-0.586660,-0.128721,0.159421,0.043096
10.090000,-0.515913,0.448791,-0.586570,-0.127538,0.161111,0.043561
10.100000,-0.517675,0.447442,-0.586471,-0.126363,0.162812,0.044029
10.110000,-0.519447,0.446090,-0.586363,-0.125196,0.164522,0.044500
10.120000,-0.521229,0.444736,-0.586245,-0.124038,0.166242,0.044974
10.130000,-0.523021,0.443379,-0.586118,-0.122888,0.167971,0.045451
10.140000,-0.524823,0.442021,-0.585981,-0.121746,0.169709,0.045931
10.150000,-0.526634,0.440660,-0.585835,-0.120614,0.171457,0.046414
10.160000,-0.528455,0.439297,-0.585680,-0.119489,0.173214,0.046899
10.170000,-0.530286,0.437932,-0.585515,-0.118374,0.174980,0.047388
10.180000,-0.532126,0.436565,-0.585341,-0.117267,0.176756,0.047879
10.190000,-0.533976,0.435197,-0.585158,-0.116169,0.178540,0.048373
10.200000,-0.535835,0.433826,-0.584965,-0.115079,0.180334,0.048871
10.210000,-0.537704,0.432454,-0.584763,-0.113999,0.182137,0.049370
10.220000,-0.539582,0.431079,-0.584552,-0.112928,0.183949,0.049873
10.230000,-0.541469,0.429703,-0.584331,-0.111866,0.185770,0.050379
10.240000,-0.543366,0.428326,-0.584101,-0.110812,0.187599,0.050887
10.250000,-0.545272,0.426947,-0.583862,-0.109768,0.189438,0.051398
10.260000,-0.547186,0.425566,-0.583613,-0.108734,0.191285,0.051912
10.270000,-0.549110,0.424183,-0.583354,-0.107708,0.193140,0.052429
10.280000,-0.551043,0.422799,-0.583087,-0.106692,0.195005,0.052949
10.290000,-0.552985,0.421414,-0.582810,-0.105685,0.196878,0.053471
10.300000,-0.554935,0.420027,-0.582524,-0.104688,0.198759,0.053996
10.310000,-0.556894,0.418639,-0.582228,-0.103700,0.200648,0.054524
10.320000,-0.558862,0.417249,-0.581923,-0.102722,0.202546,0.055054
10.330000,-0.560838,0.415859,-0.581609,-0.101753,0.204452,0.055588
10.340000,-0.562823,0.414467,-0.581285,-0.100794,0.206366,0.056124
10.350000,-0.564815,0.413074,-0.580952,-0.099845,0.208288,0.056662
10.360000,-0.566817,0.411679,-0.580609,-0.098906,0.210218,0.057204
10.370000,-0.568826,0.410284,-0.580258,-0.097976,0.212155,0.057747
10.380000,-0.570843,0.408888,-0.579897,-0.097056,0.214100,0.058294
10.390000,-0.572868,0.407490,-0.579526,-0.096147,0.216053,0.058843
10.400000,-0.574901,0.406092,-0.579147,-0.095247,0.218013,0.059395
10.410000,-0.576941,0.404693,-0.578758,-0.094357,0.219981,0.059949
10.420000,-0.578989,0.403293,-0.578360,-0.093477,0.221955,0.060506
10.430000,-0.581045,0.401893,-0.577952,-0.092608,0.223937,0.061065
10.440000,-0.583107,0.400491,-0.577536,-0.091749,0.225926,0.061627
10.450000,-0.585177,0.399089,-0.577110,-0.090899,0.227921,0.062191
10.460000,-0.587254,0.397687,-0.576675,-0.090060,0.229923,0.062758
10.470000,-0.589338,0.396284,-0.576230,-0.089232,0.231932,0.063327
10.480000,-0.591428,0.394880,-0.575777,-0.088414,0.233947,0.063899
10.490000,-0.593525,0.393476,-0.575314,-0.087606,0.235969,0.064473
10.500000,-0.595629,0.392071,-0.574842,-0.086808,0.237996,0.065049
10.510000,-0.597739,0.390666,-0.574361,-0.086021,0.240030,0.065627
10.520000,-0.599855,0.389261,-0.573871,-0.085245,0.242069,0.066208
10.530000,-0.601976,0.387855,-0.573371,-0.084479,0.244114,0.066791
10.540000,-0.604104,0.386449,-0.572863,-0.083724,0.246165,0.067376
10.550000,-0.606238,0.385043,-0.572345,-0.082979,0.248221,0.067963
10.560000,-0.608376,0.383637,-0.571819,-0.082245,0.250282,0.068553
10.570000,-0.610520,0.382231,-0.571283,-0.081521,0.252348,0.069144
10.580000,-0.612670,0.380824,-0.570738,-0.080809,0.254419,0.069738
10.590000,-0.614824,0.379418,-0.570184,-0.080107,0.256495,0.070333
10.600000,-0.616983,0.378012,-0.569622,-0.079415,0.258575,0.070931
10.610000,-0.619147,0.376606,-0.569050,-0.078735,0.260660,0.071531
10.620000,-0.621314,0.375200,-0.568469,-0.078065,0.262748,0.072132
10.630000,-0.623487,0.373794,-0.567879,-0.077407,0.264841,0.072735
10.640000,-0.625663,0.372389,-0.567281,-0.076759,0.266937,0.073340
10.650000,-0.627843,0.370983,-0.566673,-0.076122,0.269037,0.073947
10.660000,-0.630026,0.369579,-0.566057,-0.075495,0.271140,0.074555
10.670000,-0.632213,0.368174,-0.565432,-0.074880,0.273247,0.075165
10.680000,-0.634403,0.366770,-0.564798,-0.074276,0.275356,0.075777
10.690000,-0.636596,0.365367,-0.564155,-0.073683,0.277468,0.076390
10.700000,-0.638791,0.363964,-0.563504,-0.073100,0.279583,0.077005
10.710000,-0.640990,0.362562,-0.562844,-0.072529,0.281700,0.077621
10.720000,-0.643190,0.361160,-0.562175,-0.071969,0.283819,0.078239
10.730000,-0.645392,0.359759,-0.561497,-0.071419,0.285939,0.078858
10.740000,-0.647596,0.358359,-0.560811,-0.070881,0.288062,0.079478
10.750000,-0.649802,0.356960,-0.560116,-0.070353,0.290185,0.080099
10.760000,-0.652009,0.355562,-0.559413,-0.069837,0.292310,0.080722
10.770000,-0.654217,0.354164,-0.558701,-0.069332,0.294436,0.081345
10.780000,-0.656426,0.352767,-0.557981,-0.068837,0.296563,0.081970
10.790000,-0.658635,0.351372,-0.557252,-0.068354,0.298690,0.082596
10.800000,-0.660845,0.349977,-0.556515,-0.067882,0.300817,0.083222
10.810000,-0.663055,0.348584,-0.555769,-0.067421,0.302943,0.083850
10.820000,-0.665264,0.347192,-0.555015,-0.066970,0.305070,0.084478
10.830000,-0.667473,0.345801,-0.554253,-0.066531,0.307196,0.085107
10.840000,-0.669681,0.344411,-0.553482,-0.066103,0.309321,0.085736
10.850000,-0.671888,0.343022,-0.552703,-0.065686,0.311445,0.086366
10.860000,-0.674094,0.341635,-0.551916,-0.065279,0.313568,0.086996
10.870000,-0.676298,0.340249,-0.551121,-0.064884,0.315688,0.087627
10.880000,-0.678500,0.338865,-0.550318,-0.064499,0.317807,0.088258
10.890000,-0.680700,0.337482,-0.549507,-0.064126,0.319924,0.088890
10.900000,-0.682897,0.336101,-0.548687,-0.063763,0.322038,0.089522
10.910000,-0.685092,0.334722,-0.547860,-0.063411,0.324149,0.090153
10.920000,-0.687284,0.333344,-0.547025,-0.063070,0.326258,0.090785
10.930000,-0.689472,0.331967,-0.546182,-0.062740,0.328362,0.091417
10.940000,-0.691656,0.330593,-0.545331,-0.062421,0.330463,0.092048
10.950000,-0.693837,0.329220,-0.544472,-0.062112,0.332561,0.092679
10.960000,-0.696013,0.327849,-0.543606,-0.061814,0.334653,0.093310
10.970000,-0.698184,0.326480,-0.542732,-0.061527,0.336742,0.093940
10.980000,-0.700350,0.325113,-0.541850,-0.061251,0.338825,0.094570
10.990000,-0.702512,0.323748,-0.540961,-0.060985,0.340903,0.095200
11.000000,-0.704667,0.322385,-0.540064,-0.060729,0.342976,0.095828
11.010000,-0.706817,0.321025,-0.539160,-0.060484,0.345043,0.096456
11.020000,-0.708960,0.319666,-0.538248,-0.060250,0.347103,0.097083
11.030000,-0.711097,0.318309,-0.537329,-0.060026,0.349158,0.097709
11.040000,-0.713227,0.316955,-0.536403,-0.059812,0.351205,0.098334
11.050000,-0.715350,0.315603,-0.535470,-0.059609,0.353246,0.098957
11.060000,-0.717465,0.314254,-0.534529,-0.059416,0.355279,0.099580
11.070000,-0.719572,0.312907,-0.533581,-0.059233,0.357304,0.100200
11.080000,-0.721671,0.311562,-0.532626,-0.059061,0.359321,0.100820
11.090000,-0.723761,0.310220,-0.531665,-0.058898,0.361330,0.101438
11.100000,-0.725843,0.308880,-0.530696,-0.058746,0.363330,0.102054
11.110000,-0.727915,0.307543,-0.529720,-0.058603,0.365321,0.102668
11.120000,-0.729977,0.306209,-0.528738,-0.058471,0.367303,0.103280
11.130000,-0.732030,0.304877,-0.527749,-0.058348,0.369274,0.103891
11.140000,-0.734072,0.303549,-0.526753,-0.058235,0.371236,0.104499
11.150000,-0.736104,0.302223,-0.525750,-0.058132,0.373188,0.105105
11.160000,-0.738124,0.300899,-0.524741,-0.058038,0.375129,0.105709
11.170000,-0.740133,0.299579,-0.523726,-0.057954,0.377059,0.106310
11.180000,-0.742131,0.298262,-0.522704,-0.057880,0.378977,0.106908
11.190000,-0.744116,0.296948,-0.521676,-0.057815,0.380884,0.107504
11.200000,-0.746089,0.295637,-0.520642,-0.057759,0.382778,0.108097
11.210000,-0.748049,0.294329,-0.519601,-0.057713,0.384660,0.108687
11.220000,-0.749996,0.293024,-0.518554,-0.057675,0.386530,0.109274
11.230000,-0.751930,0.291723,-0.517501,-0.057647,0.388386,0.109858
11.240000,-0.753849,0.290424,-0.516443,-0.057628,0.390229,0.110438
11.250000,-0.755755,0.289129,-0.515378,-0.057618,0.392059,0.111015
11.260000,-0.757646,0.287838,-0.514308,-0.057616,0.393874,0.111589
11.270000,-0.759522,0.286550,-0.513232,-0.057624,0.395675,0.112158
11.280000,-0.761382,0.285265,-0.512150,-0.057640,0.397461,0.112724
11.290000,-0.763228,0.283985,-0.511062,-0.057664,0.399232,0.113287
11.300000,-0.765057,0.282707,-0.509969,-0.057697,0.400987,0.113845
11.310000,-0.766870,0.281434,-0.508871,-0.057739,0.402727,0.114399
11.320000,-0.768666,0.280164,-0.507767,-0.057788,0.404451,0.114948
11.330000,-0.770445,0.278898,-0.506658,-0.057846,0.406158,0.115494
11.340000,-0.772207,0.277635,-0.505544,-0.057912,0.407848,0.116034
11.350000,-0.773951,0.276377,-0.504425,-0.057986,0.409522,0.116571
11.360000,-0.775678,0.275123,-0.503301,-0.058068,0.411178,0.117102
11.370000,-0.777386,0.273872,-0.502171,-0.058158,0.412816,0.117628
11.380000,-0.779075,0.272626,-0.501037,-0.058255,0.414436,0.118150
11.390000,-0.780745,0.271384,-0.499898,-0.058360,0.416038,0.118666
11.400000,-0.782395,0.270146,-0.498755,-0.058473,0.417621,0.119177
11.410000,-0.784026,0.268912,-0.497607,-0.058592,0.419185,0.119683
11.420000,-0.785637,0.267683,-0.496454,-0.058720,0.420730,0.120183
11.430000,-0.787228,0.266458,-0.495297,-0.058854,0.422256,0.120677
11.440000,-0.788798,0.265237,-0.494135,-0.058995,0.423761,0.121166
11.450000,-0.790346,0.264021,-0.492969,-0.059144,0.425246,0.121648
11.460000,-0.791874,0.262809,-0.491799,-0.059299,0.426710,0.122125
11.470000,-0.793380,0.261602,-0.490625,-0.059461,0.428154,0.122596
11.480000,-0.794863,0.260400,-0.489447,-0.059630,0.429576,0.123060
11.490000,-0.796325,0.259202,-0.488265,-0.059806,0.430977,0.123518
11.500000,-0.797764,0.258009,-0.487079,-0.059988,0.432357,0.123969
11.510000,-0.799180,0.256821,-0.485890,-0.060176,0.433714,0.124414
11.520000,-0.800573,0.255638,-0.484697,-0.060370,0.435049,0.124852
11.530000,-0.801942,0.254460,-0.483500,-0.060571,0.436361,0.125284
11.540000,-0.803287,0.253287,-0.482299,-0.060778,0.437650,0.125708
11.550000,-0.804609,0.252119,-0.481096,-0.060991,0.438917,0.126125
11.560000,-0.805906,0.250957,-0.479889,-0.061209,0.440160,0.126535
11.570000,-0.807178,0.249799,-0.478679,-0.061434,0.441379,0.126938
11.580000,-0.808426,0.248647,-0.477465,-0.061664,0.442574,0.127333
11.590000,-0.809648,0.247500,-0.476249,-0.061900,0.443745,0.127720
11.600000,-0.810845,0.246358,-0.475029,-0.062141,0.444892,0.128100
11.610000,-0.812016,0.245223,-0.473807,-0.062388,0.446014,0.128473
11.620000,-0.813161,0.244092,-0.472582,-0.062640,0.447111,0.128837
11.630000,-0.814280,0.242968,-0.471355,-0.062897,0.448183,0.129193
11.640000,-0.815373,0.241849,-0.470124,-0.063159,0.449229,0.129542
11.650000,-0.816439,0.240735,-0.468891,-0.063427,0.450250,0.129882
11.660000,-0.817477,0.239628,-0.467656,-0.063699,0.451245,0.130214
11.670000,-0.818489,0.238526,-0.466419,-0.063976,0.452214,0.130537
11.680000,-0.819473,0.237431,-0.465179,-0.064258,0.453156,0.130852
11.690000,-0.820430,0.236342,-0.463937,-0.064545,0.454072,0.131158
11.700000,-0.821359,0.235258,-0.462693,-0.064837,0.454962,0.131456
11.710000,-0.822260,0.234181,-0.461447,-0.065133,0.455824,0.131745
11.720000,-0.823132,0.233111,-0.460199,-0.065433,0.456660,0.132025
11.730000,-0.823976,0.232046,-0.458949,-0.065738,0.457468,0.132297
11.740000,-0.824791,0.230988,-0.457698,-0.066048,0.458249,0.132559
11.750000,-0.825578,0.229937,-0.456445,-0.066362,0.459002,0.132812
11.760000,-0.826336,0.228892,-0.455190,-0.066680,0.459727,0.133056
11.770000,-0.827064,0.227854,-0.453934,-0.067002,0.460425,0.133291
11.780000,-0.827763,0.226822,-0.452677,-0.067328,0.461094,0.133517
11.790000,-0.828433,0.225797,-0.451418,-0.067658,0.461735,0.133733
11.800000,-0.829073,0.224780,-0.450158,-0.067993,0.462348,0.133940
11.810000,-0.829683,0.223769,-0.448897,-0.068331,0.462932,0.134137
11.820000,-0.830263,0.222765,-0.447635,-0.068673,0.463487,0.134324
11.830000,-0.830813,0.221769,-0.446371,-0.069020,0.464014,0.134502
11.840000,-0.831333,0.220779,-0.445107,-0.069370,0.464511,0.134671
11.850000,-0.831823,0.219797,-0.443843,-0.069724,0.464980,0.134829
11.860000,-0.832282,0.218823,-0.442577,-0.070081,0.465420,0.134978
11.870000,-0.832711,0.217856,-0.441311,-0.070443,0.465830,0.135117
11.880000,-0.833109,0.216896,-0.440044,-0.070808,0.466211,0.135246
11.890000,-0.833477,0.215944,-0.438777,-0.071177,0.466563,0.135365
11.900000,-0.833813,0.215000,-0.437509,-0.071550,0.466885,0.135475
11.910000,-0.834119,0.214064,-0.436241,-0.071926,0.467178,0.135574
11.920000,-0.834394,0.213135,-0.434973,-0.072306,0.467441,0.135663
11.930000,-0.834637,0.212215,-0.433705,-0.072690,0.467674,0.135742
11.940000,-0.834850,0.211303,-0.432436,-0.073077,0.467877,0.135811
11.950000,-0.835032,0.210399,-0.431168,-0.073468,0.468051,0.135870
11.960000,-0.835182,0.209503,-0.429899,-0.073863,0.468195,0.135919
11.970000,-0.835301,0.208615,-0.428631,-0.074261,0.468309,0.135958
11.980000,-0.835389,0.207736,-0.427363,-0.074663,0.468393,0.135987
11.990000,-0.835446,0.206866,-0.426095,-0.075069,0.468448,0.136005
12.000000,-0.835472,0.206004,-0.424828,-0.075478,0.468472,0.136013
12.010000,-0.835466,0.205168,-0.423586,-0.075883,0.468467,0.136012
12.020000,-0.835433,0.204369,-0.422387,-0.076278,0.468435,0.136001
12.030000,-0.835375,0.203612,-0.421242,-0.076658,0.468379,0.135982
12.040000,-0.835295,0.202889,-0.420138,-0.077028,0.468303,0.135956
12.050000,-0.835196,0.202208,-0.419087,-0.077382,0.468208,0.135924
12.060000,-0.835081,0.201561,-0.418081,-0.077724,0.468099,0.135887
12.070000,-0.834954,0.200949,-0.417122,-0.078053,0.467977,0.135845
12.080000,-0.834816,0.200375,-0.416214,-0.078367,0.467845,0.135800
12.090000,-0.834671,0.199835,-0.415354,-0.078666,0.467706,0.135753
12.100000,-0.834520,0.199327,-0.414538,-0.078952,0.467562,0.135704
12.110000,-0.834367,0.198856,-0.413775,-0.079220,0.467415,0.135655
12.120000,-0.834213,0.198415,-0.413059,-0.079474,0.467268,0.135605
12.130000,-0.834060,0.198006,-0.412388,-0.079713,0.467121,0.135555
12.140000,-0.833911,0.197630,-0.411769,-0.079934,0.466978,0.135506
12.150000,-0.833765,0.197283,-0.411194,-0.080141,0.466839,0.135459
12.160000,-0.833627,0.196970,-0.410672,-0.080330,0.466707,0.135414
12.170000,-0.833497,0.196686,-0.410196,-0.080503,0.466582,0.135372
12.180000,-0.833376,0.196430,-0.409765,-0.080660,0.466466,0.135333
12.190000,-0.833265,0.196205,-0.409385,-0.080799,0.466360,0.135297
12.200000,-0.833167,0.196010,-0.409055,-0.080919,0.466267,0.135265
12.210000,-0.833082,0.195845,-0.408774,-0.081023,0.466185,0.135237
12.220000,-0.833009,0.195707,-0.408539,-0.081109,0.466116,0.135214
12.230000,-0.832951,0.195598,-0.408353,-0.081178,0.466060,0.135195
12.240000,-0.832907,0.195516,-0.408213,-0.081229,0.466018,0.135181
12.250000,-0.832879,0.195464,-0.408125,-0.081262,0.465991,0.135172
12.260000,-0.832866,0.195440,-0.408083,-0.081278,0.465978,0.135167
12.270000,-0.832866,0.195440,-0.408083,-0.081278,0.465978,0.135167
12.280000,-0.832866,0.195440,-0.408083,-0.081278,0.465978,0.135167
12.290000,-0.832866,0.195440,-0.408083,-0.081278,0.465978,0.135167
12.300000,-0.832866,0.195440,-0.408083,-0.081278,0.465978,0.135167
12.310000,-0.832866,0.195440,-0.408083,-0.081278,0.465978,0.135167
12.320000,-0.832866,0.195440,-0.408083,-0.081278,0.465978,0.135167
12.330000,-0.832954,0.195603,-0.408362,-0.081174,0.466063,0.135196
12.340000,-0.833061,0.195806,-0.408707,-0.081047,0.466165,0.135231
12.350000,-0.833182,0.196040,-0.409106,-0.080901,0.466281,0.135270
12.360000,-0.833314,0.196304,-0.409553,-0.080737,0.466407,0.135313
12.370000,-0.833455,0.196596,-0.410046,-0.080557,0.466542,0.135358
12.380000,-0.833606,0.196922,-0.410591,-0.080359,0.466686,0.135407
12.390000,-0.833763,0.197278,-0.411185,-0.080145,0.466837,0.135458
12.400000,-0.833924,0.197663,-0.411824,-0.079915,0.466991,0.135511
12.410000,-0.834090,0.198083,-0.412516,-0.079667,0.467150,0.135564
12.420000,-0.834257,0.198535,-0.413255,-0.079404,0.467309,0.135619
12.430000,-0.834423,0.199023,-0.414047,-0.079124,0.467469,0.135673
12.440000,-0.834586,0.199541,-0.414883,-0.078830,0.467624,0.135726
12.450000,-0.834744,0.200099,-0.415775,-0.078519,0.467776,0.135777
12.460000,-0.834894,0.200689,-0.416711,-0.078195,0.467919,0.135826
12.470000,-0.835033,0.201317,-0.417699,-0.077855,0.468052,0.135871
12.480000,-0.835158,0.201980,-0.418734,-0.077502,0.468172,0.135912
12.490000,-0.835267,0.202682,-0.419818,-0.077135,0.468276,0.135947
12.500000,-0.835356,0.203425,-0.420956,-0.076753,0.468362,0.135976
12.510000,-0.835423,0.204206,-0.422141,-0.076359,0.468425,0.135998
12.520000,-0.835463,0.205027,-0.423375,-0.075952,0.468464,0.136010
12.530000,-0.835473,0.205890,-0.424659,-0.075533,0.468473,0.136014
12.540000,-0.835449,0.206796,-0.425993,-0.075102,0.468451,0.136006
12.550000,-0.835389,0.207742,-0.427372,-0.074660,0.468393,0.135986
12.560000,-0.835287,0.208735,-0.428803,-0.074207,0.468295,0.135953
12.570000,-0.835139,0.209774,-0.430285,-0.073742,0.468154,0.135905
12.580000,-0.834943,0.210857,-0.431812,-0.073269,0.467966,0.135841
12.590000,-0.834692,0.211989,-0.433391,-0.072785,0.467726,0.135760
12.600000,-0.834384,0.213167,-0.435015,-0.072293,0.467431,0.135660
12.610000,-0.834014,0.214393,-0.436688,-0.071793,0.467077,0.135540
12.620000,-0.833575,0.215672,-0.438412,-0.071284,0.466657,0.135397
12.630000,-0.833066,0.217000,-0.440181,-0.070769,0.466170,0.135232
12.640000,-0.832481,0.218379,-0.441996,-0.070247,0.465610,0.135043
12.650000,-0.831815,0.219811,-0.443859,-0.069720,0.464972,0.134827
12.660000,-0.831063,0.221296,-0.445768,-0.069187,0.464253,0.134583
12.670000,-0.830221,0.222836,-0.447723,-0.068650,0.463447,0.134311
12.680000,-0.829284,0.224432,-0.449724,-0.068109,0.462550,0.134008
12.690000,-0.828246,0.226083,-0.451769,-0.067566,0.461557,0.133673
12.700000,-0.827104,0.227792,-0.453859,-0.067022,0.460463,0.133304
12.710000,-0.825852,0.229559,-0.455992,-0.066477,0.459264,0.132901
12.720000,-0.824486,0.231385,-0.458167,-0.065932,0.457956,0.132461
12.730000,-0.823001,0.233270,-0.460385,-0.065389,0.456534,0.131983
12.740000,-0.821395,0.235213,-0.462639,-0.064850,0.454997,0.131468
12.750000,-0.819659,0.237219,-0.464936,-0.064315,0.453334,0.130911
12.760000,-0.817790,0.239287,-0.467273,-0.063785,0.451545,0.130314
12.770000,-0.815785,0.241418,-0.469647,-0.063263,0.449624,0.129673
12.780000,-0.813643,0.243608,-0.472053,-0.062751,0.447572,0.128990
12.790000,-0.811353,0.245865,-0.474498,-0.062249,0.445379,0.128262
12.800000,-0.808920,0.248183,-0.476973,-0.061760,0.443047,0.127489
12.810000,-0.806331,0.250569,-0.479483,-0.061285,0.440567,0.126669
12.820000,-0.803592,0.253017,-0.482020,-0.060828,0.437942,0.125804
12.830000,-0.800692,0.255534,-0.484589,-0.060389,0.435163,0.124890
12.840000,-0.797636,0.258114,-0.487182,-0.059973,0.432234,0.123929
12.850000,-0.794414,0.260763,-0.489803,-0.059580,0.429145,0.122919
12.860000,-0.791032,0.263476,-0.492443,-0.059214,0.425903,0.121862
12.870000,-0.787480,0.266260,-0.495107,-0.058878,0.422498,0.120756
12.880000,-0.783767,0.269107,-0.497787,-0.058575,0.418937,0.119602
12.890000,-0.779886,0.272021,-0.500482,-0.058307,0.415215,0.118401
12.900000,-0.775833,0.275007,-0.503195,-0.058078,0.411327,0.117150
12.910000,-0.771617,0.278057,-0.505915,-0.057891,0.407282,0.115853
12.920000,-0.767234,0.281175,-0.508644,-0.057750,0.403077,0.114510
12.930000,-0.762686,0.284360,-0.511379,-0.057658,0.398711,0.113121
12.940000,-0.757966,0.287616,-0.514121,-0.057619,0.394182,0.111686
12.950000,-0.753089,0.290937,-0.516860,-0.057636,0.389500,0.110208
12.960000,-0.748053,0.294324,-0.519595,-0.057715,0.384664,0.108688
12.970000,-0.742858,0.297779,-0.522325,-0.057857,0.379676,0.107126
12.980000,-0.737510,0.301300,-0.525046,-0.058068,0.374539,0.105525
12.990000,-0.732011,0.304888,-0.527754,-0.058351,0.369256,0.103885
13.000000,-0.726359,0.308546,-0.530450,-0.058711,0.363826,0.102207
13.010000,-0.720571,0.312265,-0.533124,-0.059152,0.358264,0.100495
13.020000,-0.714648,0.316049,-0.535776,-0.059677,0.352571,0.098751
13.030000,-0.708594,0.319897,-0.538401,-0.060291,0.346751,0.096976
13.040000,-0.702414,0.323808,-0.540998,-0.060999,0.340810,0.095171
13.050000,-0.696117,0.327782,-0.543561,-0.061803,0.334754,0.093340
13.060000,-0.689707,0.331818,-0.546087,-0.062708,0.328589,0.091485
13.070000,-0.683193,0.335914,-0.548573,-0.063717,0.322322,0.089606
13.080000,-0.676581,0.340070,-0.551015,-0.064836,0.315961,0.087708
13.090000,-0.669880,0.344284,-0.553409,-0.066067,0.309512,0.085793
13.100000,-0.663096,0.348556,-0.555751,-0.067414,0.302984,0.083861
13.110000,-0.656240,0.352884,-0.558038,-0.068881,0.296383,0.081917
13.120000,-0.649317,0.357266,-0.560266,-0.070471,0.289719,0.079963
13.130000,-0.642338,0.361701,-0.562431,-0.072186,0.282998,0.078000
13.140000,-0.635317,0.366183,-0.564527,-0.074029,0.276237,0.076033
13.150000,-0.628251,0.370719,-0.566555,-0.076006,0.269430,0.074060
13.160000,-0.621152,0.375303,-0.568509,-0.078117,0.262592,0.072087
13.170000,-0.614031,0.379934,-0.570385,-0.080366,0.255731,0.070114
13.180000,-0.606897,0.384608,-0.572180,-0.082754,0.248856,0.068145
13.190000,-0.599757,0.389324,-0.573890,-0.085283,0.241975,0.066181
13.200000,-0.592620,0.394080,-0.575511,-0.087955,0.235096,0.064225
13.210000,-0.585502,0.398868,-0.577038,-0.090770,0.228234,0.062280
13.220000,-0.578397,0.403696,-0.578472,-0.093733,0.221384,0.060345
13.230000,-0.571319,0.408557,-0.579806,-0.096844,0.214560,0.058423
13.240000,-0.564278,0.413447,-0.581038,-0.100103,0.207769,0.056517
13.250000,-0.557279,0.418365,-0.582165,-0.103510,0.201019,0.054628
13.260000,-0.550337,0.423303,-0.583181,-0.107064,0.194324,0.052759
13.270000,-0.543446,0.428266,-0.584087,-0.110771,0.187677,0.050909
13.280000,-0.536620,0.433248,-0.584877,-0.114627,0.181091,0.049080
13.290000,-0.529870,0.438240,-0.585549,-0.118628,0.174579,0.047277
13.300000,-0.523192,0.443249,-0.586101,-0.122782,0.168135,0.045497
13.310000,-0.516595,0.448267,-0.586528,-0.127084,0.161770,0.043742
13.320000,-0.510087,0.453290,-0.586830,-0.131533,0.155489,0.042015
13.330000,-0.503678,0.458310,-0.587002,-0.136124,0.149304,0.040317
13.340000,-0.497363,0.463333,-0.587042,-0.140862,0.143208,0.038647
13.350000,-0.491150,0.468350,-0.586949,-0.145744,0.137211,0.037007
13.360000,-0.485049,0.473354,-0.586720,-0.150762,0.131322,0.035399
13.370000,-0.479054,0.478348,-0.586352,-0.155922,0.125535,0.033821
13.380000,-0.473174,0.483326,-0.585843,-0.161219,0.119859,0.032276
13.390000,-0.467417,0.488278,-0.585192,-0.166645,0.114300,0.030766
13.400000,-0.461776,0.493208,-0.584397,-0.172206,0.108854,0.029287
13.410000,-0.456264,0.498105,-0.583457,-0.177891,0.103532,0.027844
13.420000,-0.450874,0.502972,-0.582368,-0.183704,0.098328,0.026435
13.430000,-0.445613,0.507800,-0.581131,-0.189638,0.093247,0.025061
13.440000,-0.440486,0.512582,-0.579744,-0.195685,0.088297,0.023723
13.450000,-0.435488,0.517319,-0.578205,-0.201850,0.083470,0.022420
13.460000,-0.430628,0.522001,-0.576515,-0.208119,0.078777,0.021154
13.470000,-0.425900,0.526629,-0.574671,-0.214497,0.074211,0.019923
13.480000,-0.421312,0.531192,-0.572675,-0.220971,0.069780,0.018729
13.490000,-0.416858,0.535692,-0.570523,-0.227544,0.065479,0.017571
13.500000,-0.412546,0.540116,-0.568218,-0.234202,0.061315,0.016451
13.510000,-0.408371,0.544467,-0.565757,-0.240949,0.057282,0.015366
13.520000,-0.404339,0.548733,-0.563144,-0.247771,0.053388,0.014319
13.530000,-0.400444,0.552914,-0.560374,-0.254669,0.049626,0.013309
13.540000,-0.396693,0.556999,-0.557452,-0.261630,0.046003,0.012335
13.550000,-0.393080,0.560989,-0.554376,-0.268655,0.042513,0.011399
13.560000,-0.389611,0.564872,-0.551149,-0.275729,0.039163,0.010499
13.570000,-0.386282,0.568649,-0.547768,-0.282854,0.035947,0.009636
13.580000,-0.383096,0.572308,-0.544239,-0.290013,0.032870,0.008811
13.590000,-0.380050,0.575848,-0.540560,-0.297207,0.029928,0.008022
13.600000,-0.377148,0.579259,-0.536736,-0.304421,0.027125,0.007270
13.610000,-0.374388,0.582536,-0.532767,-0.311648,0.024459,0.006555
13.620000,-0.371767,0.585677,-0.528653,-0.318888,0.021928,0.005877
13.630000,-0.369291,0.588669,-0.524400,-0.326120,0.019536,0.005235
13.640000,-0.366954,0.591512,-0.520007,-0.333345,0.017279,0.004630
13.650000,-0.364761,0.594195,-0.515482,-0.340543,0.015160,0.004063
13.660000,-0.362709,0.596714,-0.510821,-0.347715,0.013178,0.003531
13.670000,-0.360800,0.599059,-0.506035,-0.354841,0.011334,0.003037
13.680000,-0.359033,0.601226,-0.501124,-0.361913,0.009628,0.002580
13.690000,-0.357408,0.603208,-0.496089,-0.368927,0.008058,0.002159
13.700000,-0.355927,0.604996,-0.490940,-0.375862,0.006627,0.001776
13.710000,-0.354588,0.606584,-0.485678,-0.382709,0.005334,0.001429
13.720000,-0.353393,0.607965,-0.480305,-0.389462,0.004179,0.001120
13.730000,-0.352342,0.609131,-0.474833,-0.396099,0.003164,0.000848
13.740000,-0.351436,0.610074,-0.469263,-0.402611,0.002289,0.000613
13.750000,-0.350675,0.610787,-0.463598,-0.408989,0.001554,0.000416
13.760000,-0.350060,0.611261,-0.457850,-0.415211,0.000960,0.000257
13.770000,-0.349592,0.611489,-0.452022,-0.421267,0.000508,0.000136
13.780000,-0.349272,0.611464,-0.446117,-0.427146,0.000199,0.000053
13.790000,-0.349102,0.611176,-0.440149,-0.432826,0.000034,0.000009
13.800000,-0.349081,0.610618,-0.434122,-0.438295,0.000015,0.000004
13.810000,-0.349213,0.609782,-0.428043,-0.443538,0.000142,0.000038
13.820000,-0.349498,0.608659,-0.421916,-0.448542,0.000417,0.000112
13.830000,-0.349937,0.607241,-0.415757,-0.453284,0.000842,0.000225
13.840000,-0.350533,0.605521,-0.409570,-0.457751,0.001417,0.000380
13.850000,-0.351288,0.603489,-0.403360,-0.461930,0.002147,0.000575
13.860000,-0.352204,0.601140,-0.397143,-0.465797,0.003031,0.000812
13.870000,-0.353282,0.598465,-0.390927,-0.469340,0.004072,0.001091
13.880000,-0.354525,0.595456,-0.384720,-0.472539,0.005273,0.001413
13.890000,-0.355936,0.592107,-0.378532,-0.475380,0.006636,0.001778
13.900000,-0.357518,0.588409,-0.372370,-0.477847,0.008164,0.002188
13.910000,-0.359272,0.584359,-0.366252,-0.479919,0.009859,0.002642
13.920000,-0.361203,0.579950,-0.360185,-0.481583,0.011724,0.003141
13.930000,-0.363313,0.575177,-0.354181,-0.482821,0.013762,0.003688
13.940000,-0.365607,0.570033,-0.348247,-0.483620,0.015977,0.004281
13.950000,-0.368085,0.564520,-0.342401,-0.483964,0.018371,0.004923
13.960000,-0.370753,0.558634,-0.336654,-0.483838,0.020949,0.005614
13.970000,-0.373615,0.552372,-0.331016,-0.483231,0.023712,0.006355
13.980000,-0.376674,0.545736,-0.325499,-0.482131,0.026667,0.007147
13.990000,-0.379934,0.538726,-0.320117,-0.480527,0.029816,0.007992
14.000000,-0.383401,0.531340,-0.314878,-0.478409,0.033165,0.008890
14.010000,-0.387076,0.523593,-0.309800,-0.475772,0.036715,0.009842
14.020000,-0.390965,0.515486,-0.304894,-0.472611,0.040471,0.010850
14.030000,-0.395073,0.507028,-0.300172,-0.468921,0.044438,0.011915
14.040000,-0.399403,0.498230,-0.295645,-0.464702,0.048620,0.013038
14.050000,-0.403960,0.489104,-0.291325,-0.459955,0.053022,0.014221
14.060000,-0.408749,0.479665,-0.287225,-0.454686,0.057648,0.015464
14.070000,-0.413775,0.469931,-0.283355,-0.448900,0.062501,0.016770
14.080000,-0.419044,0.459915,-0.279724,-0.442604,0.067590,0.018139
14.090000,-0.424555,0.449651,-0.276346,-0.435818,0.072913,0.019573
14.100000,-0.430316,0.439158,-0.273230,-0.428555,0.078475,0.021072
14.110000,-0.436329,0.428464,-0.270384,-0.420834,0.084282,0.022639
14.120000,-0.442598,0.417597,-0.267816,-0.412678,0.090337,0.024274
14.130000,-0.449128,0.406589,-0.265534,-0.404111,0.096642,0.025979
14.140000,-0.455921,0.395473,-0.263544,-0.395163,0.103201,0.027755
14.150000,-0.462979,0.384285,-0.261852,-0.385863,0.110015,0.029602
14.160000,-0.470304,0.373061,-0.260462,-0.376246,0.117088,0.031523
14.170000,-0.477897,0.361839,-0.259378,-0.366348,0.124418,0.033517
14.180000,-0.485760,0.350657,-0.258602,-0.356207,0.132008,0.035586
14.190000,-0.493890,0.339554,-0.258135,-0.345861,0.139857,0.037730
14.200000,-0.502288,0.328571,-0.257978,-0.335353,0.147962,0.039949
14.210000,-0.510950,0.317745,-0.258130,-0.324724,0.156322,0.042244
14.220000,-0.519873,0.307116,-0.258587,-0.314016,0.164933,0.044614
14.230000,-0.529051,0.296721,-0.259348,-0.303272,0.173789,0.047058
14.240000,-0.538478,0.286595,-0.260408,-0.292533,0.182884,0.049578
14.250000,-0.548145,0.276773,-0.261762,-0.281841,0.192210,0.052170
14.260000,-0.558043,0.267288,-0.263403,-0.271235,0.201756,0.054834
14.270000,-0.568159,0.258168,-0.265325,-0.260754,0.211512,0.057567
14.280000,-0.578478,0.249441,-0.267520,-0.250435,0.221463,0.060367
14.290000,-0.588986,0.241133,-0.269980,-0.240310,0.231593,0.063231
14.300000,-0.599664,0.233264,-0.272695,-0.230411,0.241885,0.066155
14.310000,-0.610490,0.225853,-0.275656,-0.220768,0.252318,0.069136
14.320000,-0.621441,0.218915,-0.278853,-0.211406,0.262870,0.072167
14.330000,-0.632492,0.212464,-0.282277,-0.202347,0.273516,0.075243
14.340000,-0.643615,0.206509,-0.285916,-0.193610,0.284228,0.078358
14.350000,-0.654780,0.201057,-0.289760,-0.185211,0.294978,0.081504
14.360000,-0.665953,0.196110,-0.293800,-0.177163,0.305733,0.084674
14.370000,-0.677100,0.191671,-0.298024,-0.169474,0.316460,0.087857
14.380000,-0.688184,0.187738,-0.302422,-0.162151,0.327123,0.091045
14.390000,-0.699158,0.184309,-0.306982,-0.155199,0.337679,0.094224
14.400000,-0.709997,0.181374,-0.311699,-0.148611,0.348100,0.097387
14.410000,-0.720653,0.178926,-0.316561,-0.142385,0.358342,0.100519
14.420000,-0.731081,0.176957,-0.321559,-0.136516,0.368363,0.103609
14.430000,-0.741239,0.175455,-0.326684,-0.130995,0.378121,0.106641
14.440000,-0.751083,0.174407,-0.331927,-0.125810,0.387573,0.109602
14.450000,-0.760569,0.173799,-0.337280,-0.120948,0.396680,0.112477
14.460000,-0.769655,0.173617,-0.342735,-0.116393,0.405399,0.115251
14.470000,-0.778292,0.173846,-0.348282,-0.112133,0.413686,0.117908
14.480000,-0.786451,0.174468,-0.353920,-0.108143,0.421511,0.120436
14.490000,-0.794089,0.175468,-0.359637,-0.104408,0.428834,0.122818
14.500000,-0.801168,0.176829,-0.365429,-0.100908,0.435619,0.125040
14.510000,-0.807654,0.178535,-0.371286,-0.097626,0.441834,0.127088
14.520000,-0.813512,0.180566,-0.377199,-0.094545,0.447447,0.128949
14.530000,-0.818723,0.182910,-0.383168,-0.091643,0.452438,0.130612
14.540000,-0.823259,0.185547,-0.389183,-0.088904,0.456781,0.132066
14.550000,-0.827098,0.188464,-0.395237,-0.086314,0.460457,0.133302
14.560000,-0.830226,0.191642,-0.401322,-0.083857,0.463451,0.134312
14.570000,-0.832628,0.195066,-0.407427,-0.081525,0.465750,0.135090
14.580000,-0.834299,0.198724,-0.413552,-0.079302,0.467350,0.135632
14.590000,-0.835235,0.202601,-0.419685,-0.077183,0.468246,0.135936
14.600000,-0.835436,0.206683,-0.425818,-0.075161,0.468438,0.136002
14.610000,-0.834906,0.210953,-0.431939,-0.073233,0.467931,0.135830
14.620000,-0.833656,0.215404,-0.438046,-0.071394,0.466734,0.135424
14.630000,-0.831697,0.220023,-0.444127,-0.069647,0.464860,0.134789
14.640000,-0.829047,0.224797,-0.450173,-0.067992,0.462323,0.133931
14.650000,-0.825728,0.229713,-0.456170,-0.066434,0.459146,0.132861
14.660000,-0.821761,0.234765,-0.462117,-0.064976,0.455347,0.131585
14.670000,-0.817173,0.239942,-0.468001,-0.063626,0.450953,0.130116
14.680000,-0.811997,0.245230,-0.473809,-0.062391,0.445995,0.128466
14.690000,-0.806259,0.250626,-0.479539,-0.061277,0.440498,0.126647
14.700000,-0.799997,0.256120,-0.485178,-0.060295,0.434497,0.124671
14.710000,-0.793249,0.261699,-0.490714,-0.059452,0.428029,0.122555
14.720000,-0.786046,0.267362,-0.496146,-0.058758,0.421122,0.120310
14.730000,-0.778427,0.273098,-0.501462,-0.058222,0.413816,0.117950
14.740000,-0.770439,0.278896,-0.506651,-0.057851,0.406152,0.115492
14.750000,-0.762109,0.284756,-0.511713,-0.057653,0.398158,0.112946
14.760000,-0.753481,0.290668,-0.516637,-0.057635,0.389876,0.110327
14.770000,-0.744600,0.296622,-0.521414,-0.057805,0.381348,0.107649
14.780000,-0.735491,0.302618,-0.526045,-0.058166,0.372600,0.104922
14.790000,-0.726204,0.308643,-0.530518,-0.058724,0.363677,0.102161
14.800000,-0.716762,0.314699,-0.534835,-0.059483,0.354603,0.099373
14.810000,-0.707204,0.320775,-0.538989,-0.060445,0.345415,0.096569
14.820000,-0.697572,0.326863,-0.542972,-0.061611,0.336153,0.093763
14.830000,-0.687882,0.332964,-0.546788,-0.062983,0.326833,0.090957
14.840000,-0.678177,0.339065,-0.550430,-0.064559,0.317496,0.088166
14.850000,-0.668471,0.345170,-0.553899,-0.066340,0.308156,0.085391
14.860000,-0.658802,0.351264,-0.557190,-0.068322,0.298850,0.082643
14.870000,-0.649182,0.357351,-0.560306,-0.070504,0.289588,0.079924
14.880000,-0.639644,0.363417,-0.563243,-0.072881,0.280404,0.077244
14.890000,-0.630195,0.369468,-0.566003,-0.075451,0.271303,0.074602
14.900000,-0.620865,0.375488,-0.568584,-0.078206,0.262315,0.072007
14.910000,-0.611658,0.381483,-0.570990,-0.081146,0.253444,0.069458
14.920000,-0.602600,0.387440,-0.573218,-0.084260,0.244715,0.066962
14.930000,-0.593690,0.393363,-0.575272,-0.087546,0.236128,0.064518
14.940000,-0.584952,0.399239,-0.577151,-0.090994,0.227704,0.062130
14.950000,-0.576383,0.405073,-0.578860,-0.094602,0.219442,0.059797
14.960000,-0.568002,0.410853,-0.580398,-0.098359,0.211361,0.057524
14.970000,-0.559810,0.416579,-0.581768,-0.102259,0.203460,0.055310
14.980000,-0.551805,0.422253,-0.582974,-0.106298,0.195740,0.053154
14.990000,-0.544004,0.427862,-0.584017,-0.110465,0.188214,0.051058
15.000000,-0.536397,0.433411,-0.584901,-0.114756,0.180876,0.049021
15.010000,-0.528998,0.438890,-0.585627,-0.119160,0.173738,0.047044
15.020000,-0.521803,0.444299,-0.586200,-0.123671,0.166795,0.045127
15.030000,-0.514807,0.449640,-0.586623,-0.128286,0.160044,0.043267
15.040000,-0.508019,0.454902,-0.586899,-0.132992,0.153493,0.041466
15.050000,-0.501434,0.460086,-0.587031,-0.137783,0.147137,0.039723
15.060000,-0.495044,0.465196,-0.587023,-0.142657,0.140971,0.038034
15.070000,-0.488859,0.470219,-0.586879,-0.147601,0.135000,0.036403
15.080000,-0.482871,0.475159,-0.586603,-0.152609,0.129220,0.034825
15.090000,-0.477072,0.480017,-0.586197,-0.157681,0.123622,0.033300
15.100000,-0.471468,0.484785,-0.585667,-0.162801,0.118212,0.031829
15.110000,-0.466053,0.489463,-0.585015,-0.167967,0.112984,0.030408
15.120000,-0.460822,0.494051,-0.584247,-0.173172,0.107933,0.029037
15.130000,-0.455767,0.498551,-0.583364,-0.178415,0.103052,0.027715
15.140000,-0.450893,0.502955,-0.582373,-0.183682,0.098346,0.026440
15.150000,-0.446192,0.507264,-0.581277,-0.188971,0.093807,0.025212
15.160000,-0.441661,0.511480,-0.580079,-0.194275,0.089431,0.024029
15.170000,-0.437294,0.515599,-0.578784,-0.199590,0.085214,0.022891
15.180000,-0.433084,0.519626,-0.577395,-0.204915,0.081149,0.021793
15.190000,-0.429034,0.523553,-0.575918,-0.210236,0.077238,0.020739
15.200000,-0.425138,0.527383,-0.574355,-0.215552,0.073475,0.019724
15.210000,-0.421390,0.531115,-0.572712,-0.220858,0.069855,0.018749
15.220000,-0.417786,0.534749,-0.570991,-0.226149,0.066375,0.017812
15.230000,-0.414323,0.538286,-0.569197,-0.231421,0.063030,0.016912
15.240000,-0.410996,0.541725,-0.567334,-0.236671,0.059817,0.016048
15.250000,-0.407802,0.545066,-0.565405,-0.241892,0.056732,0.015218
15.260000,-0.404736,0.548310,-0.563414,-0.247082,0.053772,0.014422
15.270000,-0.401796,0.551456,-0.561366,-0.252237,0.050932,0.013659
15.280000,-0.398976,0.554506,-0.559264,-0.257353,0.048208,0.012928
15.290000,-0.396274,0.557459,-0.557112,-0.262425,0.045598,0.012227
15.300000,-0.393686,0.560317,-0.554913,-0.267452,0.043098,0.011556
15.310000,-0.391208,0.563080,-0.552672,-0.272429,0.040705,0.010913
15.320000,-0.388836,0.565748,-0.550391,-0.277354,0.038415,0.010298
15.330000,-0.386569,0.568322,-0.548074,-0.282224,0.036224,0.009711
15.340000,-0.384401,0.570805,-0.545725,-0.287035,0.034131,0.009149
15.350000,-0.382330,0.573195,-0.543348,-0.291785,0.032131,0.008612
15.360000,-0.380355,0.575492,-0.540947,-0.296467,0.030223,0.008101
15.370000,-0.378469,0.577702,-0.538522,-0.301087,0.028401,0.007612
15.380000,-0.376671,0.579824,-0.536078,-0.305641,0.026664,0.007146
15.390000,-0.374957,0.581859,-0.533618,-0.310124,0.025008,0.006702
15.400000,-0.373324,0.583808,-0.531146,-0.314535,0.023432,0.006280
15.410000,-0.371773,0.585671,-0.528667,-0.318868,0.021933,0.005878
15.420000,-0.370296,0.587453,-0.526179,-0.323130,0.020507,0.005496
15.430000,-0.368893,0.589153,-0.523687,-0.327315,0.019152,0.005132
15.440000,-0.367563,0.590771,-0.521196,-0.331417,0.017866,0.004788
15.450000,-0.366299,0.592314,-0.518706,-0.335444,0.016646,0.004461
15.460000,-0.365101,0.593779,-0.516219,-0.339392,0.015489,0.004151
15.470000,-0.363969,0.595168,-0.513743,-0.343252,0.014395,0.003857
15.480000,-0.362896,0.596485,-0.511273,-0.347035,0.013359,0.003580
15.490000,-0.361884,0.597729,-0.508819,-0.350730,0.012381,0.003318
15.500000,-0.360926,0.598905,-0.506376,-0.354346,0.011456,0.003070
15.510000,-0.360025,0.600012,-0.503953,-0.357873,0.010586,0.002837
15.520000,-0.359176,0.601053,-0.501550,-0.361315,0.009766,0.002617
15.530000,-0.358376,0.602031,-0.499164,-0.364677,0.008993,0.002410
15.540000,-0.357625,0.602946,-0.496805,-0.367950,0.008268,0.002215
15.550000,-0.356921,0.603801,-0.494472,-0.371136,0.007587,0.002033
15.560000,-0.356259,0.604599,-0.492162,-0.374242,0.006948,0.001862
15.570000,-0.355641,0.605339,-0.489885,-0.377259,0.006351,0.001702
15.580000,-0.355064,0.606026,-0.487639,-0.380191,0.005794,0.001552
15.590000,-0.354525,0.606660,-0.485426,-0.383037,0.005273,0.001413
15.600000,-0.354023,0.607245,-0.483247,-0.385800,0.004789,0.001283
15.610000,-0.353557,0.607781,-0.481105,-0.388478,0.004338,0.001162
15.620000,-0.353124,0.608272,-0.478999,-0.391073,0.003920,0.001050
15.630000,-0.352723,0.608718,-0.476933,-0.393586,0.003532,0.000946
15.640000,-0.352352,0.609123,-0.474907,-0.396016,0.003174,0.000850
15.650000,-0.352010,0.609488,-0.472923,-0.398365,0.002844,0.000762
15.660000,-0.351695,0.609815,-0.470982,-0.400633,0.002540,0.000680
15.670000,-0.351407,0.610106,-0.469089,-0.402817,0.002261,0.000606
15.680000,-0.351142,0.610364,-0.467238,-0.404926,0.002005,0.000537
15.690000,-0.350901,0.610589,-0.465437,-0.406952,0.001772,0.000475
15.700000,-0.350681,0.610785,-0.463680,-0.408905,0.001560,0.000418
15.710000,-0.350482,0.610953,-0.461974,-0.410778,0.001367,0.000366
15.720000,-0.350301,0.611095,-0.460315,-0.412580,0.001193,0.000320
15.730000,-0.350138,0.611213,-0.458709,-0.414304,0.001036,0.000278
15.740000,-0.349992,0.611309,-0.457155,-0.415953,0.000895,0.000240
15.750000,-0.349862,0.611385,-0.455653,-0.417531,0.000769,0.000206
15.760000,-0.349745,0.611441,-0.454204,-0.419037,0.000656,0.000176
15.770000,-0.349642,0.611481,-0.452808,-0.420473,0.000557,0.000149
15.780000,-0.349552,0.611506,-0.451466,-0.421840,0.000469,0.000126
15.790000,-0.349472,0.611517,-0.450182,-0.423134,0.000392,0.000105
15.800000,-0.349403,0.611517,-0.448951,-0.424365,0.000325,0.000087
15.810000,-0.349343,0.611505,-0.447778,-0.425527,0.000267,0.000072
15.820000,-0.349291,0.611485,-0.446663,-0.426622,0.000218,0.000058
15.830000,-0.349247,0.611458,-0.445600,-0.427658,0.000175,0.000047
15.840000,-0.349210,0.611424,-0.444601,-0.428623,0.000139,0.000037
15.850000,-0.349179,0.611386,-0.443657,-0.429528,0.000110,0.000029
15.860000,-0.349154,0.611344,-0.442774,-0.430369,0.000085,0.000023
15.870000,-0.349133,0.611299,-0.441946,-0.431153,0.000065,0.000017
15.880000,-0.349116,0.611254,-0.441179,-0.431874,0.000048,0.000013
15.890000,-0.349103,0.611208,-0.440475,-0.432532,0.000035,0.000010
15.900000,-0.349092,0.611162,-0.439828,-0.433134,0.000025,0.000007
15.910000,-0.349084,0.611119,-0.439242,-0.433676,0.000018,0.000005
15.920000,-0.349079,0.611078,-0.438719,-0.434158,0.000012,0.000003
15.930000,-0.349074,0.611039,-0.438253,-0.434585,0.000008,0.000002
15.940000,-0.349071,0.611005,-0.437852,-0.434952,0.000005,0.000001
15.950000,-0.349069,0.610975,-0.437512,-0.435262,0.000003,0.000001
15.960000,-0.349068,0.610949,-0.437231,-0.435518,0.000002,0.000001
15.970000,-0.349067,0.610929,-0.437014,-0.435715,0.000002,0.000000
15.980000,-0.349067,0.610915,-0.436857,-0.435857,0.000001,0.000000
15.990000,-0.349067,0.610906,-0.436763,-0.435942,0.000001,0.000000
16.000000,-0.349067,0.610903,-0.436734,-0.435969,0.000001,0.000000
