t,q1,q2,q3,q4,q5,q6
0.000000,0.010888,-0.004128,0.029489,0.047418,-0.009728,-0.005531
0.010053,0.010888,-0.004128,0.029489,0.047418,-0.009728,-0.005531
0.020105,0.010888,-0.004128,0.029489,0.047418,-0.009728,-0.005531
0.030157,0.010888,-0.004128,0.029489,0.047418,-0.009728,-0.005531
0.040209,0.010888,-0.004128,0.029489,0.047418,-0.009728,-0.005531
0.050261,0.010888,-0.004128,0.029489,0.047418,-0.009728,-0.005531
0.060315,0.010888,-0.004128,0.029489,0.047418,-0.009728,-0.005531
0.070367,0.010888,-0.004128,0.029489,0.047418,-0.009728,-0.005531
0.080418,0.010888,-0.004128,0.029489,0.047418,-0.009728,-0.005531
0.090470,0.010888,-0.004128,0.029489,0.047418,-0.009728,-0.005531
0.100543,0.010888,-0.004128,0.029489,0.047418,-0.009728,-0.005531
0.110595,0.010888,-0.004128,0.029489,0.047418,-0.009728,-0.005531
0.120647,0.010888,-0.004128,0.029489,0.047418,-0.009728,-0.005531
0.130698,0.010888,-0.004128,0.029489,0.047418,-0.009728,-0.005531
0.140750,0.010888,-0.004128,0.029489,0.047418,-0.009728,-0.005531
0.150802,0.010888,-0.004128,0.029489,0.047418,-0.009728,-0.005531
0.160854,0.010888,-0.004128,0.029489,0.047418,-0.009728,-0.005531
0.170905,0.010888,-0.004128,0.029489,0.047418,-0.009728,-0.005531
0.180957,0.010888,-0.004128,0.029489,0.047418,-0.009728,-0.005531
0.190969,0.010888,-0.004128,0.029489,0.047418,-0.009728,-0.005531
0.201020,0.010888,-0.004128,0.029489,0.047418,-0.009728,-0.005531
0.211072,0.010888,-0.004128,0.029489,0.047418,-0.009728,-0.005531
0.221124,0.010888,-0.004128,0.029489,0.047418,-0.009728,-0.005531
0.231176,0.010888,-0.004128,0.029489,0.047418,-0.009728,-0.005531
0.241228,0.010888,-0.004128,0.029489,0.047418,-0.009728,-0.005531
0.251280,0.010888,-0.004128,0.029489,0.047418,-0.009728,-0.005531
0.261332,0.010888,-0.004128,0.029489,0.047418,-0.009728,-0.005531
0.271383,0.010888,-0.004128,0.029489,0.047418,-0.009728,-0.005531
0.281435,0.010888,-0.004131,0.029514,0.047395,-0.009728,-0.005531
0.291555,0.010888,-0.004135,0.029561,0.047353,-0.009728,-0.005531
0.301607,0.010888,-0.004140,0.029612,0.047307,-0.009728,-0.005531
0.311658,0.010888,-0.004146,0.029668,0.047256,-0.009728,-0.005531
0.321710,0.010888,-0.004151,0.029724,0.047206,-0.009728,-0.005531
0.331762,0.010888,-0.004157,0.029784,0.047151,-0.009728,-0.005531
0.341813,0.010888,-0.004163,0.029850,0.047092,-0.009728,-0.005532
0.351865,0.011270,-0.004170,0.029920,0.047028,-0.009728,-0.005532
0.361917,0.010889,-0.004177,0.029994,0.046961,-0.009728,-0.005532
0.371970,0.010889,-0.004184,0.030069,0.046893,-0.009729,-0.005532
0.382022,0.010889,-0.004192,0.030152,0.046817,-0.009729,-0.005532
0.392075,0.010889,-0.004199,0.030237,0.046741,-0.009729,-0.005532
0.402128,0.010890,-0.004208,0.030326,0.046660,-0.009729,-0.005532
0.412181,0.010890,-0.004216,0.030420,0.046574,-0.009730,-0.005532
0.422232,0.010890,-0.004225,0.030519,0.046484,-0.009730,-0.005532
0.432284,0.010891,-0.004235,0.030624,0.046389,-0.009731,-0.005532
0.442342,0.010891,-0.004244,0.030733,0.046290,-0.009731,-0.005532
0.452404,0.010892,-0.004255,0.030847,0.046186,-0.009732,-0.005532
0.462467,0.010893,-0.004265,0.030967,0.046077,-0.009732,-0.005533
0.472531,0.010894,-0.004276,0.031091,0.045963,-0.009733,-0.005533
0.482588,0.010894,-0.004287,0.031221,0.045845,-0.009734,-0.005533
0.492639,0.011277,-0.004298,0.031356,0.045721,-0.009735,-0.005533
0.502691,0.010897,-0.004310,0.031496,0.045593,-0.009736,-0.005534
0.512743,0.010898,-0.004322,0.031641,0.045459,-0.009737,-0.005534
0.522795,0.010899,-0.004335,0.031793,0.045320,-0.009739,-0.005534
0.532846,0.010901,-0.004347,0.031950,0.045176,-0.009740,-0.005535
0.542898,0.010903,-0.004360,0.032112,0.045026,-0.009742,-0.005535
0.552949,0.010904,-0.004374,0.032281,0.044871,-0.009744,-0.005536
0.562969,0.010907,-0.004387,0.032455,0.044710,-0.009746,-0.005536
0.572980,0.010909,-0.004401,0.032636,0.044543,-0.009748,-0.005537
0.583032,0.010911,-0.004415,0.032827,0.044366,-0.009751,-0.005538
0.593085,0.010914,-0.004429,0.033018,0.044189,-0.009753,-0.005538
0.603137,0.010917,-0.004443,0.033217,0.044004,-0.009756,-0.005539
0.613189,0.010921,-0.004458,0.033426,0.043810,-0.009759,-0.005540
0.623241,0.010924,-0.004473,0.033641,0.043610,-0.009763,-0.005541
0.633294,0.010928,-0.004487,0.033858,0.043408,-0.009767,-0.005542
0.643346,0.010932,-0.004502,0.034086,0.043194,-0.009771,-0.005543
0.653398,0.010937,-0.004517,0.034320,0.042975,-0.009775,-0.005544
0.663451,0.010942,-0.004532,0.034561,0.042749,-0.009780,-0.005545
0.673503,0.010947,-0.004547,0.034808,0.042516,-0.009785,-0.005547
0.683554,0.010953,-0.004561,0.035063,0.042277,-0.009791,-0.005548
0.693606,0.010959,-0.004576,0.035324,0.042030,-0.009797,-0.005550
0.703658,0.010966,-0.004591,0.035597,0.041772,-0.009803,-0.005552
0.713710,0.010973,-0.004605,0.035871,0.041512,-0.009810,-0.005554
0.723762,0.010981,-0.004620,0.036157,0.041240,-0.009818,-0.005556
0.733814,0.010990,-0.004634,0.036450,0.040962,-0.009826,-0.005558
0.743866,0.010999,-0.004647,0.036750,0.040676,-0.009835,-0.005560
0.753917,0.011008,-0.004661,0.037056,0.040383,-0.009844,-0.005563
0.763969,0.011018,-0.004674,0.037371,0.040081,-0.009854,-0.005565
0.774021,0.011029,-0.004686,0.037693,0.039772,-0.009864,-0.005568
0.784073,0.011041,-0.004698,0.038022,0.039454,-0.009876,-0.005571
0.794125,0.011054,-0.004710,0.038364,0.039124,-0.009888,-0.005574
0.804177,0.011067,-0.004721,0.038708,0.038791,-0.009900,-0.005578
0.814229,0.011081,-0.004731,0.039065,0.038444,-0.009914,-0.005581
0.824280,0.011096,-0.004741,0.039429,0.038090,-0.009929,-0.005585
0.834332,0.011112,-0.004750,0.039800,0.037728,-0.009944,-0.005589
0.844384,0.011129,-0.004757,0.040180,0.037356,-0.009960,-0.005594
0.854436,0.011146,-0.004764,0.040567,0.036976,-0.009977,-0.005598
0.864487,0.011165,-0.004770,0.040963,0.036586,-0.009996,-0.005603
0.874540,0.011185,-0.004775,0.041367,0.036187,-0.010015,-0.005608
0.884597,0.011207,-0.004779,0.041780,0.035778,-0.010036,-0.005614
0.894649,0.011229,-0.004782,0.042205,0.035355,-0.010057,-0.005620
0.904701,0.011253,-0.004783,0.042633,0.034928,-0.010080,-0.005626
0.914753,0.011278,-0.004783,0.042693,0.034486,-0.010104,-0.005632
0.924804,0.011304,-0.004781,0.043138,0.034040,-0.010130,-0.005639
0.934856,0.011332,-0.004778,0.043597,0.033577,-0.010157,-0.005646
0.944907,0.011361,-0.004773,0.043682,0.033106,-0.010185,-0.005654
0.954959,0.011392,-0.004767,0.044157,0.032625,-0.010215,-0.005662
0.964970,0.011425,-0.004758,0.044259,0.032133,-0.010246,-0.005670
0.975024,0.011494,-0.004735,0.044871,0.031117,-0.010314,-0.005688
0.985077,0.011532,-0.004721,0.045381,0.030592,-0.010350,-0.005698
0.995129,0.011572,-0.004704,0.045519,0.030056,-0.010388,-0.005708
1.005181,0.011613,-0.004685,0.046047,0.029508,-0.010428,-0.005719
1.015233,0.011656,-0.004663,0.046204,0.028949,-0.010470,-0.005730
1.025284,0.011702,-0.004639,0.046750,0.028378,-0.010514,-0.005742
1.035336,0.011750,-0.004612,0.046925,0.027795,-0.010560,-0.005754
1.045387,0.011800,-0.004582,0.047109,0.027200,-0.010608,-0.005767
1.055439,0.011852,-0.004550,0.047302,0.026593,-0.010659,-0.005781
1.065491,0.011907,-0.004514,0.047504,0.025974,-0.010712,-0.005795
1.075544,0.011964,-0.004475,0.047716,0.025342,-0.010767,-0.005810
1.085596,0.012023,-0.004052,0.048318,0.024697,-0.010825,-0.005825
1.095647,0.012086,-0.004387,0.048548,0.024040,-0.010885,-0.005841
1.105699,0.012151,-0.004338,0.048406,0.023370,-0.010948,-0.005858
1.115751,0.012219,-0.003904,0.048655,0.022687,-0.011013,-0.005876
1.125803,0.012290,-0.004229,0.048913,0.021990,-0.011082,-0.005894
1.135854,0.012363,-0.003786,0.048799,0.021281,-0.011153,-0.005913
1.145906,0.012440,-0.003722,0.048313,0.020558,-0.011227,-0.005933
1.155958,0.012521,-0.003652,0.048218,0.020202,-0.011305,-0.005954
1.165971,0.012604,-0.003579,0.047369,0.019452,-0.011385,-0.005976
1.176024,0.012691,-0.003501,0.047292,0.018688,-0.011469,-0.005998
1.186076,0.012781,-0.003418,0.046843,0.017910,-0.011557,-0.006022
1.196129,0.012875,-0.003330,0.046785,0.017117,-0.011648,-0.006046
1.206191,0.012973,-0.003238,0.046354,0.016311,-0.011742,-0.006071
1.216255,0.013075,-0.003140,0.046314,0.015490,-0.011840,-0.006097
1.226319,0.013180,-0.003418,0.045521,0.014654,-0.011942,-0.006125
1.236384,0.013289,-0.003310,0.045495,0.013809,-0.012047,-0.006153
1.246444,0.013403,-0.003195,0.045485,0.012941,-0.012158,-0.006182
1.256508,0.013521,-0.003075,0.045479,0.012064,-0.012271,-0.006213
1.266571,0.013643,-0.002949,0.044721,0.011171,-0.012389,-0.006245
1.276633,0.013770,-0.002817,0.044735,0.010261,-0.012512,-0.006277
1.286695,0.013902,-0.002297,0.043996,0.009336,-0.012639,-0.006311
1.296759,0.014038,-0.002151,0.044029,0.008395,-0.012771,-0.006347
1.306825,0.014179,-0.001999,0.043688,0.007439,-0.012907,-0.006383
1.316876,0.013944,-0.001841,0.043739,0.006467,-0.013049,-0.006421
1.326929,0.014096,-0.001675,0.044179,0.005480,-0.013195,-0.006460
1.336970,0.014252,-0.001884,0.043861,0.004481,-0.013346,-0.006501
1.347022,0.014415,-0.001703,0.044322,0.003458,-0.013503,-0.006543
1.357074,0.014200,-0.001516,0.044022,0.002427,-0.013664,-0.006586
1.367125,0.014374,-0.001320,0.044114,0.001376,-0.013832,-0.006631
1.377188,0.014172,-0.001117,0.043834,0.000308,-0.014005,-0.006678
1.387251,0.013976,-0.000905,0.044325,-0.000776,-0.014184,-0.006726
1.397315,0.013786,-0.000685,0.044443,-0.001877,-0.014369,-0.006775
1.407376,0.013220,-0.000457,0.044565,-0.002990,-0.014559,-0.006826
1.417439,0.012661,-0.000220,0.044317,-0.004122,-0.014375,-0.006879
1.427502,0.011727,0.000026,0.044459,-0.004891,-0.014579,-0.006933
1.437562,0.010800,0.000282,0.043845,-0.006059,-0.014407,-0.006990
1.447626,0.010643,0.000546,0.044003,-0.007244,-0.015006,-0.007048
1.457687,0.010111,0.000819,0.043401,-0.008441,-0.015229,-0.007108
1.467749,0.010350,0.001102,0.043954,-0.009658,-0.015459,-0.007169
1.477812,0.010215,0.001396,0.043753,-0.010894,-0.015697,-0.007233
1.487876,0.010468,0.001699,0.044321,-0.012147,-0.015942,-0.007299
1.497931,0.010730,0.002013,0.044515,-0.013417,-0.016195,-0.007366
1.507982,0.010998,0.001955,0.045094,-0.014700,-0.016454,-0.007436
1.518042,0.011276,0.001908,0.045302,-0.016004,-0.016722,-0.007508
1.528102,0.011561,0.001872,0.045516,-0.016945,-0.016616,-0.007582
1.538155,0.011855,0.002228,0.046119,-0.017523,-0.016900,-0.007658
1.548219,0.012157,0.002595,0.045962,-0.017731,-0.017192,-0.007736
1.558272,0.012468,0.002973,0.045813,-0.018342,-0.017492,-0.007816
1.568325,0.012789,0.003364,0.045672,-0.018591,-0.017802,-0.007518
1.578377,0.013118,0.003767,0.045536,-0.019239,-0.018120,-0.007603
1.588429,0.013456,0.004180,0.045403,-0.019136,-0.018447,-0.007691
1.598491,0.013805,0.004606,0.045278,-0.019437,-0.018783,-0.007781
1.608554,0.014163,0.005045,0.044778,-0.019374,-0.019129,-0.007874
1.618618,0.014530,0.005495,0.045043,-0.019707,-0.019484,-0.007969
1.628679,0.014908,0.005577,0.044933,-0.019679,-0.019849,-0.008066
1.638743,0.015296,0.006054,0.045211,-0.020433,-0.020224,-0.008167
1.648806,0.015694,0.006543,0.045109,-0.020436,-0.020608,-0.008270
1.658871,0.016103,0.006664,0.045777,-0.020462,-0.021004,-0.008376
1.668932,0.016143,0.007181,0.045687,-0.020506,-0.021410,-0.008485
1.678995,0.016575,0.007331,0.045983,-0.021331,-0.021827,-0.008597
1.689058,0.017016,0.007873,0.046279,-0.021406,-0.022254,-0.008711
1.699112,0.017471,0.008050,0.046582,-0.021502,-0.022693,-0.008829
1.709164,0.017937,0.008623,0.045744,-0.021235,-0.023143,-0.008949
1.719228,0.018414,0.009208,0.046050,-0.021743,-0.023604,-0.009073
1.729289,0.018905,0.009809,0.045981,-0.021892,-0.024078,-0.009200
1.739342,0.019406,0.010424,0.046293,-0.022435,-0.024562,-0.009330
1.749394,0.019921,0.011055,0.046229,-0.022619,-0.025060,-0.009463
1.759445,0.020068,0.011701,0.045787,-0.022820,-0.025570,-0.009600
1.769497,0.020609,0.012361,0.046106,-0.023797,-0.025711,-0.009740
1.779549,0.020782,0.013038,0.046430,-0.024414,-0.025865,-0.009883
1.789600,0.021350,0.013730,0.046756,-0.025429,-0.026033,-0.010030
1.799652,0.021549,0.014437,0.046699,-0.025313,-0.025067,-0.010181
1.809704,0.021764,0.015160,0.046645,-0.025599,-0.024499,-0.010335
1.819757,0.021991,0.015517,0.046208,-0.025897,-0.022416,-0.010493
1.829808,0.022234,0.015892,0.046155,-0.026215,-0.020350,-0.010654
1.839859,0.022111,0.016664,0.046485,-0.025026,-0.017153,-0.010820
1.849910,0.022001,0.017070,0.046431,-0.025373,-0.014732,-0.010989
1.859962,0.021526,0.017494,0.046378,-0.024978,-0.012327,-0.011163
1.869970,0.021828,0.017552,0.046704,-0.025358,-0.010698,-0.011340
1.880023,0.021766,0.017247,0.047032,-0.024994,-0.008705,-0.011521
1.890076,0.022100,0.017338,0.047356,-0.025405,-0.007488,-0.011706
1.900137,0.021689,0.017449,0.047299,-0.025073,-0.006670,-0.011896
1.910201,0.021674,0.017575,0.048002,-0.025134,-0.006248,-0.012090
1.920265,0.020151,0.017720,0.047941,-0.024450,-0.005081,-0.012288
1.930326,0.019790,0.017883,0.048261,-0.024928,-0.004312,-0.012491
1.940389,0.019444,0.018062,0.048193,-0.023888,-0.003557,-0.012698
1.950452,0.019500,0.018260,0.048125,-0.024394,-0.004348,-0.012910
1.960585,0.019952,0.017711,0.048051,-0.023765,-0.005916,-0.013126
1.970648,0.020424,0.017945,0.048357,-0.023917,-0.006741,-0.013347
1.980701,0.020913,0.018196,0.048658,-0.024461,-0.007581,-0.013573
1.990753,0.020660,0.017703,0.048574,-0.023878,-0.008060,-0.010752
2.000805,0.021186,0.017990,0.048866,-0.024067,-0.008937,-0.010987
2.010857,0.021352,0.017534,0.049155,-0.023892,-0.009453,-0.011228
2.020909,0.021916,0.017476,0.049055,-0.024488,-0.009985,-0.011473
2.030961,0.022119,0.017436,0.049330,-0.024333,-0.010155,-0.011723
2.040970,0.022344,0.017799,0.049602,-0.024577,-0.011109,-0.011979
2.050979,0.022205,0.017415,0.049485,-0.024829,-0.012081,-0.012240
2.061031,0.022089,0.017815,0.049744,-0.025096,-0.013074,-0.012506
2.071083,0.020848,0.017087,0.049231,-0.024227,-0.013323,-0.008200
2.081135,0.020774,0.017143,0.049095,-0.024517,-0.013594,-0.008478
2.091187,0.020719,0.017598,0.048568,-0.023288,-0.013883,-0.008760
2.101238,0.021070,0.018073,0.048798,-0.023600,-0.015340,-0.009049
2.111302,0.021059,0.018184,0.048254,-0.023154,-0.016816,-0.009343
2.121355,0.021453,0.018316,0.048467,-0.023867,-0.017553,-0.009643
2.131407,0.021868,0.017702,0.048287,-0.024204,-0.018690,-0.009948
2.141460,0.021924,0.018632,0.048098,-0.025312,-0.019850,-0.010260
2.151512,0.022006,0.018440,0.048283,-0.025670,-0.020271,-0.010578
2.161564,0.022490,0.019027,0.048456,-0.026415,-0.021094,-0.010901
2.171619,0.022618,0.019255,0.048620,-0.027171,-0.021179,-0.011232
2.181673,0.022005,0.018736,0.048009,-0.027550,-0.018996,-0.008516
2.191724,0.022179,0.018998,0.048149,-0.027935,-0.017980,-0.008858
2.201778,0.021618,0.019283,0.047136,-0.027950,-0.019280,-0.009207
2.211831,0.022223,0.019966,0.047253,-0.028349,-0.020983,-0.009562
2.221866,0.022474,0.020289,0.047360,-0.027614,-0.022331,-0.009925
2.231928,0.022748,0.020246,0.047072,-0.028024,-0.023701,-0.010293
2.241982,0.023047,0.020222,0.046389,-0.028058,-0.025095,-0.010668
2.252043,0.024139,0.020602,0.046838,-0.028483,-0.026517,-0.011051
2.262106,0.024109,0.020998,0.045747,-0.027763,-0.027963,-0.011440
2.272171,0.024868,0.021412,0.046168,-0.027809,-0.029051,-0.011835
2.282232,0.024132,0.020704,0.045813,-0.027101,-0.029787,-0.012239
2.292295,0.024564,0.020775,0.045823,-0.027536,-0.030547,-0.012649
2.302358,0.024260,0.020863,0.045437,-0.026829,-0.029806,-0.013065
2.312422,0.024749,0.021737,0.045418,-0.027272,-0.029859,-0.010057
2.322486,0.024120,0.021482,0.044620,-0.026569,-0.029554,-0.010489
2.332548,0.024662,0.022007,0.044568,-0.026629,-0.029657,-0.010928
2.342611,0.024855,0.022173,0.044120,-0.025932,-0.029410,-0.011375
2.352675,0.025455,0.022736,0.044035,-0.026375,-0.029568,-0.011829
2.362733,0.024558,0.021790,0.043933,-0.026054,-0.027466,-0.012291
2.372786,0.025219,0.022010,0.043815,-0.027263,-0.025394,-0.012761
2.382838,0.025906,0.022626,0.044060,-0.028085,-0.023349,-0.013239
2.392890,0.026241,0.022115,0.043523,-0.027378,-0.021331,-0.013724
2.402941,0.026606,0.022384,0.043350,-0.028195,-0.022394,-0.014217
2.412992,0.026623,0.021912,0.043159,-0.027869,-0.022727,-0.014719
2.423056,0.027431,0.022216,0.043330,-0.027918,-0.022704,-0.015228
2.433119,0.027505,0.021393,0.042718,-0.027580,-0.021566,-0.015745
2.443184,0.027614,0.022116,0.042469,-0.027624,-0.021224,-0.016271
2.453246,0.027751,0.022090,0.041817,-0.026896,-0.019383,-0.012228
2.463298,0.028300,0.022843,0.041527,-0.026925,-0.019479,-0.012770
2.473350,0.028117,0.022467,0.040454,-0.026184,-0.019605,-0.013320
2.483402,0.029114,0.022875,0.040123,-0.026968,-0.021292,-0.013880
2.493454,0.029377,0.023296,0.039770,-0.027359,-0.023768,-0.014448
2.503515,0.030052,0.022969,0.039777,-0.027741,-0.025512,-0.015024
2.513577,0.029614,0.022657,0.039381,-0.027734,-0.027287,-0.008360
2.523641,0.030354,0.023886,0.038964,-0.028863,-0.029092,-0.008954
2.533706,0.030748,0.023609,0.038906,-0.028460,-0.029789,-0.009557
2.543770,0.030790,0.024107,0.039206,-0.028807,-0.030513,-0.010168
2.553831,0.030863,0.023855,0.038721,-0.028761,-0.030505,-0.010788
2.563895,0.031732,0.024381,0.038594,-0.029086,-0.031672,-0.011416
2.573959,0.030726,0.023395,0.038825,-0.028636,-0.033634,-0.012054
2.584025,0.031666,0.023954,0.038651,-0.028941,-0.035251,-0.012702
2.594089,0.031870,0.023759,0.038454,-0.028086,-0.035751,-0.013357
2.604142,0.032108,0.023959,0.038232,-0.028361,-0.036282,-0.010207
2.614194,0.033140,0.024935,0.038368,-0.028622,-0.036463,-0.010881
2.624256,0.032680,0.024398,0.038098,-0.027724,-0.036294,-0.011563
2.634316,0.033397,0.024254,0.037804,-0.027956,-0.037683,-0.012255
2.644378,0.033007,0.024509,0.037866,-0.027795,-0.037582,-0.008761
2.654431,0.033409,0.025154,0.037903,-0.027614,-0.037509,-0.009472
2.664483,0.033079,0.024666,0.037914,-0.027035,-0.035178,-0.010191
2.674535,0.033546,0.025333,0.037519,-0.027202,-0.033259,-0.010919
2.684587,0.033281,0.025249,0.037480,-0.026206,-0.030227,-0.011657
2.694639,0.034193,0.025175,0.037034,-0.026337,-0.030278,-0.012403
2.704691,0.033612,0.025112,0.036943,-0.025304,-0.030741,-0.013159
2.714743,0.034975,0.026208,0.036827,-0.025401,-0.031622,-0.013926
2.724794,0.034077,0.025402,0.036303,-0.024711,-0.029859,-0.011267
2.734846,0.035117,0.026132,0.036134,-0.024764,-0.028125,-0.012050
2.744898,0.035043,0.026107,0.035176,-0.023651,-0.026422,-0.012842
2.754949,0.035763,0.026092,0.034573,-0.023661,-0.028181,-0.013644
2.764969,0.035752,0.026085,0.033943,-0.022505,-0.030351,-0.014454
2.775021,0.039633,0.029146,0.032985,-0.024321,-0.034779,-0.016101
2.785099,0.039330,0.028781,0.032276,-0.023478,-0.034365,-0.016938
2.795151,0.039819,0.029567,0.031158,-0.023374,-0.035505,-0.017784
2.805203,0.040717,0.030360,0.030013,-0.023627,-0.036292,-0.018638
2.815255,0.040125,0.029637,0.029223,-0.022714,-0.035967,-0.019502
2.825307,0.040693,0.030057,0.028406,-0.022533,-0.036802,-0.020372
2.835373,0.039773,0.029727,0.027562,-0.022332,-0.036147,-0.014387
2.845439,0.040401,0.030162,0.027072,-0.022865,-0.036658,-0.015275
2.855503,0.039147,0.029457,0.026556,-0.022227,-0.035286,-0.016171
2.865565,0.040208,0.029137,0.025632,-0.022707,-0.035464,-0.017076
2.875628,0.039385,0.028822,0.025062,-0.022778,-0.034903,-0.017988
2.885692,0.040113,0.028892,0.024466,-0.023202,-0.036273,-0.018908
2.895757,0.039337,0.027820,0.023842,-0.022836,-0.036901,-0.011443
2.905819,0.040492,0.028278,0.023192,-0.022441,-0.037551,-0.012378
2.915881,0.039761,0.027211,0.022516,-0.022017,-0.037459,-0.013320
2.925945,0.040196,0.027673,0.021813,-0.021946,-0.039294,-0.014270
2.935983,0.039887,0.026611,0.021084,-0.021083,-0.038478,-0.015226
2.946047,0.040742,0.027076,0.020329,-0.021334,-0.038443,-0.016189
2.956111,0.040471,0.026015,0.019547,-0.020793,-0.037281,-0.017159
2.966173,0.040598,0.026100,0.018740,-0.020984,-0.038424,-0.018135
2.976236,0.040360,0.026185,0.017906,-0.020381,-0.038439,-0.019117
2.986300,0.041282,0.026269,0.017047,-0.020130,-0.039230,-0.020105
2.996335,0.042599,0.026734,0.016163,-0.019848,-0.040035,-0.021098
3.006387,0.041634,0.026431,0.015255,-0.019532,-0.038175,-0.022095
3.016439,0.042600,0.026515,0.014319,-0.019189,-0.037865,-0.023101
3.026493,0.042040,0.026590,0.013361,-0.018430,-0.036790,-0.017623
3.036545,0.042638,0.026667,0.012377,-0.018022,-0.038018,-0.018636
3.046598,0.042101,0.025977,0.011369,-0.017583,-0.037346,-0.019653
3.056651,0.043097,0.026811,0.010336,-0.017875,-0.037826,-0.020675
3.066704,0.042573,0.026116,0.009280,-0.016609,-0.036786,-0.021700
3.076756,0.042816,0.026942,0.008200,-0.016456,-0.036893,-0.022728
3.086808,0.041918,0.026238,0.007097,-0.016271,-0.035859,-0.023760
3.096860,0.043311,0.026674,0.005971,-0.016817,-0.036352,-0.024793
3.106912,0.042415,0.026341,0.004822,-0.016186,-0.036464,-0.025830
3.116963,0.043044,0.026767,0.004032,-0.015906,-0.037719,-0.026868
3.126969,0.042137,0.026419,0.002841,-0.014828,-0.037439,-0.027905
3.137020,0.043521,0.026831,0.001627,-0.014865,-0.038304,-0.028946
3.147084,0.042231,0.026093,0.000391,-0.014871,-0.037639,-0.029987
3.157146,0.042841,0.026874,-0.000866,-0.015226,-0.038112,-0.031029
3.167208,0.042298,0.026121,-0.001762,-0.014406,-0.038195,-0.032070
3.177260,0.042890,0.026505,-0.003059,-0.013554,-0.040175,-0.033112
3.187312,0.043470,0.026881,-0.004376,-0.013053,-0.042144,-0.034152
3.197364,0.042886,0.025719,-0.005710,-0.012902,-0.042186,-0.035189
3.207415,0.043820,0.026458,-0.007065,-0.013102,-0.043364,-0.036226
3.217467,0.042830,0.026045,-0.008057,-0.012891,-0.042239,-0.037261
3.227519,0.042968,0.026003,-0.009449,-0.013412,-0.041859,-0.038293
3.237581,0.042324,0.025951,-0.010477,-0.013904,-0.040316,-0.039323
3.247643,0.042416,0.026648,-0.011900,-0.014365,-0.040654,-0.040346
3.257696,0.041728,0.025431,-0.012961,-0.014798,-0.039832,-0.041368
3.267748,0.042162,0.026110,-0.014420,-0.015203,-0.040513,-0.042385
3.277800,0.041426,0.025252,-0.015894,-0.015579,-0.039643,-0.043397
3.287851,0.041808,0.025909,-0.017384,-0.015926,-0.040274,-0.044404
3.297903,0.041011,0.025786,-0.018885,-0.016246,-0.038200,-0.045403
3.307954,0.041715,0.025655,-0.020403,-0.016539,-0.038010,-0.046398
3.318014,0.040482,0.025130,-0.021553,-0.016805,-0.036265,-0.047386
3.328077,0.040742,0.025736,-0.023097,-0.017045,-0.036396,-0.048366
3.338130,0.040199,0.024800,-0.024270,-0.017259,-0.035343,-0.049337
3.348182,0.040007,0.024998,-0.025839,-0.017448,-0.035787,-0.050302
3.358234,0.039398,0.024038,-0.026656,-0.017612,-0.033908,-0.051258
3.368286,0.039514,0.024208,-0.027866,-0.017751,-0.033517,-0.052205
3.378338,0.040347,0.024742,-0.029083,-0.017866,-0.033082,-0.053140
3.388390,0.038855,0.023356,-0.030313,-0.017959,-0.032231,-0.054067
3.398442,0.039230,0.023483,-0.031170,-0.018028,-0.032485,-0.054984
3.408494,0.038412,0.023208,-0.031270,-0.018075,-0.032310,-0.055888
3.418546,0.038698,0.022540,-0.032144,-0.018101,-0.033622,-0.056783
3.428598,0.037414,0.022238,-0.032263,-0.018106,-0.034510,-0.057666
3.438649,0.037984,0.021535,-0.032767,-0.018090,-0.034966,-0.058535
3.448701,0.036987,0.020819,-0.032517,-0.018054,-0.033474,-0.059393
3.458753,0.037085,0.021232,-0.033037,-0.017998,-0.033842,-0.060238
3.468804,0.035984,0.020097,-0.032795,-0.017924,-0.032631,-0.049243
3.478856,0.036363,0.020094,-0.033324,-0.017832,-0.032139,-0.050061
3.488916,0.035166,0.019692,-0.032713,-0.017721,-0.031217,-0.050865
3.498982,0.035055,0.019651,-0.032865,-0.017594,-0.032147,-0.051654
3.509045,0.034133,0.019214,-0.032260,-0.017451,-0.030741,-0.052429
3.519110,0.035065,0.019904,-0.032039,-0.017291,-0.030428,-0.053189
3.529171,0.033649,0.018664,-0.031817,-0.017116,-0.029295,-0.053933
3.539223,0.034089,0.019317,-0.032362,-0.016927,-0.029639,-0.054662
3.549275,0.032944,0.019186,-0.031761,-0.016342,-0.027637,-0.055374
3.559327,0.033273,0.019420,-0.031925,-0.015742,-0.026348,-0.056071
3.569383,0.033541,0.019633,-0.032087,-0.015131,-0.025763,-0.056751
3.579446,0.032231,0.019448,-0.032250,-0.013743,-0.027035,-0.057415
3.589510,0.032390,0.020008,-0.032032,-0.012725,-0.028635,-0.058063
3.599574,0.031342,0.019018,-0.031426,-0.011696,-0.027885,-0.058693
3.609636,0.031766,0.019539,-0.031965,-0.011418,-0.028229,-0.059306
3.619689,0.030603,0.019273,-0.031736,-0.010749,-0.027368,-0.059902
3.629741,0.030530,0.019755,-0.031506,-0.009688,-0.027600,-0.060481
3.639794,0.030014,0.019068,-0.030506,-0.009000,-0.028917,-0.061041
3.649854,0.029824,0.019510,-0.031031,-0.008683,-0.030563,-0.061585
3.659918,0.028811,0.019546,-0.030403,-0.008359,-0.030624,-0.062111
3.669980,0.028887,0.019566,-0.030155,-0.007645,-0.030633,-0.017606
3.680032,0.027376,0.018418,-0.029517,-0.007687,-0.028676,-0.018096
3.690096,0.026955,0.019160,-0.029638,-0.007339,-0.027048,-0.018570
3.700161,0.026474,0.019115,-0.028986,-0.006986,-0.023073,-0.019025
3.710214,0.025935,0.019431,-0.028709,-0.006626,-0.022477,-0.019462
3.720266,0.024961,0.018585,-0.028045,-0.006260,-0.021447,-0.019883
3.730319,0.025454,0.018861,-0.028516,-0.005889,-0.021506,-0.020285
3.740372,0.024750,0.018355,-0.027836,-0.005130,-0.021514,-0.020671
3.750424,0.024369,0.018589,-0.027908,-0.005131,-0.021084,-0.021038
3.760476,0.023936,0.018424,-0.027592,-0.004745,-0.020223,-0.021389
3.770529,0.023828,0.018235,-0.026882,-0.004355,-0.018927,-0.021723
3.780581,0.023666,0.018787,-0.027306,-0.003581,-0.019104,-0.022039
3.790633,0.022690,0.018559,-0.026198,-0.003565,-0.019996,-0.022339
3.800685,0.022042,0.018307,-0.026602,-0.003165,-0.020455,-0.022622
3.810736,0.021342,0.017271,-0.026231,-0.002763,-0.019338,-0.008774
3.820788,0.020975,0.017744,-0.026615,-0.001976,-0.018175,-0.009025
3.830839,0.020174,0.017811,-0.025841,-0.001950,-0.016580,-0.009260
3.840890,0.020088,0.017857,-0.025435,-0.001541,-0.017228,-0.009478
3.850942,0.019573,0.017122,-0.025402,-0.001130,-0.017831,-0.009682
3.860996,0.019391,0.017127,-0.024972,-0.000717,-0.018387,-0.009870
3.871048,0.019163,0.016730,-0.024529,-0.000304,-0.018517,-0.010043
3.881100,0.018889,0.016693,-0.024835,0.000111,-0.018985,-0.010202
3.891152,0.018190,0.015876,-0.024751,0.000527,-0.019411,-0.010347
3.901206,0.017829,0.016180,-0.024649,0.000943,-0.019796,-0.010477
3.911258,0.017043,0.016081,-0.023771,0.001359,-0.020139,-0.010593
3.921310,0.016597,0.016344,-0.024022,0.001776,-0.020443,-0.010696
3.931362,0.015730,0.015824,-0.023877,0.002192,-0.020708,-0.010786
3.941415,0.015206,0.015286,-0.023722,0.002610,-0.020936,-0.010864
3.951467,0.014643,0.014726,-0.023168,0.003026,-0.021128,-0.010929
3.961522,0.014805,0.014908,-0.023360,0.003442,-0.021283,-0.010982
3.971585,0.014551,0.014689,-0.023156,0.003856,-0.021405,-0.011023
3.981648,0.014261,0.014832,-0.023318,0.004270,-0.021493,-0.011053
3.991762,0.013938,0.014574,-0.023083,0.004683,-0.021549,-0.011072
4.001815,0.013964,0.014678,-0.023213,0.005095,-0.021573,-0.011080
4.011867,0.013958,0.014388,-0.023719,0.005509,-0.021568,-0.011078
4.021918,0.013921,0.014088,-0.022697,0.005926,-0.021533,-0.011066
4.031970,0.013472,0.014160,-0.022819,0.006347,-0.021467,-0.011044
4.042022,0.013372,0.013460,-0.022558,0.006772,-0.020991,-0.011012
4.052074,0.013241,0.013514,-0.023060,0.007200,-0.020866,-0.010969
4.062125,0.013080,0.012415,-0.022417,0.007633,-0.020329,-0.006720
4.072178,0.012505,0.012450,-0.022154,0.008069,-0.019763,-0.006658
4.082230,0.011899,0.012476,-0.021890,0.008510,-0.019548,-0.006585
4.092282,0.011644,0.012493,-0.022007,0.008954,-0.018541,-0.006502
4.102334,0.011358,0.012881,-0.022123,0.009403,-0.016360,-0.006409
4.112386,0.011041,0.012878,-0.022238,0.009856,-0.014531,-0.006306
4.122439,0.010693,0.012865,-0.021588,0.010313,-0.012290,-0.006193
4.132491,0.010314,0.013224,-0.022082,0.010774,-0.011546,-0.006070
4.142544,0.009905,0.012428,-0.022193,0.011240,-0.011154,-0.005938
4.152596,0.009465,0.012385,-0.022303,0.011710,-0.010733,-0.005795
4.162648,0.008994,0.012331,-0.022029,0.012185,-0.010283,-0.005643
4.172701,0.008494,0.012267,-0.022136,0.012664,-0.009804,-0.005480
4.182815,0.007963,0.012193,-0.021860,0.013148,-0.009295,-0.005309
4.192877,0.007401,0.012490,-0.022345,0.013637,-0.008758,-0.005127
4.202941,0.006810,0.012394,-0.022829,0.014131,-0.008192,-0.004936
4.213002,0.006189,0.011906,-0.022548,0.014630,-0.007597,-0.004735
4.223065,0.005538,0.011789,-0.022265,0.015134,-0.006974,-0.004525
4.233119,0.004857,0.011279,-0.021980,0.015643,-0.006323,-0.004305
4.243183,0.004148,0.011520,-0.022456,0.016157,-0.005643,-0.004076
4.253245,0.003408,0.011369,-0.022549,0.016677,-0.004936,-0.003838
4.263306,0.002640,0.011207,-0.022640,0.017202,-0.004200,-0.003591
4.273372,0.001843,0.011415,-0.022729,0.017733,-0.003437,-0.003334
4.283438,0.001017,0.011611,-0.022816,0.018269,-0.003027,-0.003069
4.293502,0.000162,0.011413,-0.023282,0.018811,-0.002209,-0.002794
4.303563,-0.000339,0.011586,-0.023365,0.019360,-0.001364,-0.002510
4.313625,-0.001250,0.010983,-0.023063,0.019914,-0.000491,-0.002218
4.323688,-0.002189,0.010750,-0.023141,0.020475,0.000408,-0.001917
4.333750,-0.003156,0.010504,-0.022454,0.021042,0.001334,-0.001608
4.343812,-0.003769,0.010628,-0.022908,0.021615,0.002286,-0.001290
4.353871,-0.004409,0.010358,-0.022598,0.022195,0.003265,-0.000963
4.363934,-0.005076,0.010456,-0.022666,0.022782,0.004269,-0.000628
4.374002,-0.005770,0.010161,-0.021968,0.023375,0.005299,-0.000285
4.384069,-0.006873,0.010234,-0.022031,0.023976,0.006355,0.000066
4.394133,-0.007238,0.009531,-0.021710,0.024583,0.007436,0.000426
4.404196,-0.008012,0.009578,-0.021768,0.025198,0.008543,0.000793
4.414259,-0.008048,0.008849,-0.021060,0.025820,0.009674,0.001168
4.424322,-0.008873,0.008488,-0.021111,0.026450,0.010829,0.001551
4.434385,-0.009723,0.008496,-0.020779,0.027088,0.012009,0.001941
4.444448,-0.010598,0.008490,-0.021207,0.027733,0.013213,0.002339
4.454597,-0.011498,0.008851,-0.021250,0.028386,0.014441,0.002745
4.464656,-0.012804,0.008817,-0.021290,0.029048,0.015312,0.003157
4.474721,-0.014135,0.009151,-0.021327,0.029718,0.016586,0.003577
4.484786,-0.015107,0.009471,-0.021361,0.030396,0.017503,0.004004
4.494850,-0.016485,0.009777,-0.021774,0.031082,0.018823,0.004437
4.504910,-0.017505,0.010068,-0.021801,0.031778,0.020167,0.004878
4.514972,-0.018548,0.010345,-0.021826,0.032482,0.021532,0.005325
4.524982,-0.019233,0.010608,-0.021465,0.033195,0.022919,0.005779
4.535041,-0.021813,0.010708,-0.022641,0.034649,0.025377,0.006706
4.545104,-0.022564,0.010926,-0.022271,0.035008,0.026447,0.007179
4.555159,-0.023336,0.010748,-0.022660,0.035759,0.027537,0.007658
4.565213,-0.023748,0.010937,-0.022282,0.036519,0.028267,0.008524
4.575277,-0.024181,0.011110,-0.022282,0.037290,0.028635,0.009015
4.585342,-0.023872,0.010886,-0.021515,0.038070,0.029023,0.009512
4.595405,-0.024346,0.011028,-0.021508,0.038860,0.029812,0.010014
4.605469,-0.024077,0.010774,-0.021116,0.038898,0.029857,0.010521
4.615530,-0.024590,0.010503,-0.021101,0.038946,0.030303,0.011034
4.625593,-0.024360,0.010217,-0.020319,0.039768,0.030767,0.011552
4.635657,-0.024911,0.009915,-0.020297,0.040600,0.031250,0.012076
4.645717,-0.025100,0.008834,-0.020270,0.041062,0.030987,0.012604
4.655780,-0.025689,0.008500,-0.020239,0.042298,0.031887,0.013137
4.665840,-0.025532,0.007768,-0.019442,0.042782,0.032041,0.013675
4.675905,-0.026156,0.007782,-0.019784,0.043658,0.032593,0.014217
4.685982,-0.025653,0.007017,-0.019360,0.044928,0.030492,0.014764
4.696039,-0.026311,0.006617,-0.019694,0.045446,0.029169,0.015316
4.706151,-0.026222,0.006201,-0.018880,0.046357,0.028245,0.015871
4.716215,-0.026531,0.005767,-0.018824,0.047280,0.028480,0.016431
4.726268,-0.026857,0.005698,-0.019145,0.047833,0.029494,0.016994
4.736319,-0.027197,0.005231,-0.019081,0.048017,0.028996,0.017562
4.746370,-0.027553,0.005128,-0.019393,0.048595,0.030039,0.018133
4.756422,-0.027160,0.005008,-0.018938,0.049566,0.031478,0.018708
4.766472,-0.027927,0.004870,-0.019241,0.050550,0.032931,0.019286
4.776533,-0.027562,0.004715,-0.019540,0.051546,0.033253,0.019868
4.786596,-0.028357,0.004542,-0.019452,0.052173,0.034352,0.020453
4.796659,-0.028020,0.004352,-0.019741,0.052813,0.035844,0.021041
4.806720,-0.028459,0.004144,-0.020025,0.053084,0.037350,0.021632
4.816774,-0.028147,0.003918,-0.019542,0.052605,0.039249,0.022226
4.826826,-0.028230,0.003675,-0.019435,0.052140,0.041160,0.022823
4.836878,-0.027943,0.003413,-0.018178,0.051305,0.041938,0.023422
4.846939,-0.028430,0.003133,-0.018442,0.050866,0.041965,0.019065
4.856977,-0.028166,0.002835,-0.017939,0.048913,0.041621,0.018525
4.867033,-0.028675,0.002519,-0.018193,0.048882,0.042050,0.019132
4.877094,-0.028051,0.002185,-0.017678,0.048864,0.040582,0.019741
4.887158,-0.028581,0.002213,-0.017922,0.049241,0.039506,0.020352
4.897214,-0.027977,0.001842,-0.017778,0.048486,0.035006,0.020965
4.907273,-0.028527,0.001452,-0.018392,0.048128,0.032804,0.021580
4.917333,-0.027941,0.001043,-0.017857,0.047782,0.029467,0.022197
4.927385,-0.028509,0.000615,-0.018078,0.047832,0.028809,0.022815
4.937451,-0.028704,0.000169,-0.017913,0.047515,0.025488,0.023435
4.947502,-0.029288,-0.000296,-0.018123,0.047211,0.025227,0.024057
4.957554,-0.029117,-0.000780,-0.017946,0.046921,0.024974,0.024679
4.967606,-0.029335,-0.001283,-0.017763,0.046263,0.022821,0.025303
4.977658,-0.030323,-0.001806,-0.017956,0.046383,0.023345,0.025929
4.987709,-0.030173,-0.002347,-0.017761,0.046135,0.024639,0.026555
4.997761,-0.030793,-0.002907,-0.017942,0.046664,0.026702,0.027182
5.007813,-0.030656,-0.003487,-0.018117,0.047589,0.028008,0.027810
5.017873,-0.031288,-0.004086,-0.018286,0.048146,0.030083,0.028439
5.027933,-0.030781,-0.004705,-0.018830,0.048717,0.032163,0.029069
5.037977,-0.031042,-0.005342,-0.018986,0.050066,0.034248,0.029699
5.048030,-0.030926,-0.006000,-0.019136,0.051429,0.036338,0.030329
5.058082,-0.031197,-0.006676,-0.019660,0.052805,0.038433,0.016846
5.068134,-0.030708,-0.007373,-0.019797,0.054196,0.040150,0.017477
5.078184,-0.030605,-0.007707,-0.019928,0.055602,0.042252,0.018109
5.088243,-0.030124,-0.008442,-0.019670,0.057021,0.043977,0.018740
5.098307,-0.030410,-0.009197,-0.019787,0.058454,0.045705,0.019372
5.108368,-0.029935,-0.009972,-0.019516,0.059902,0.045528,0.020004
5.118429,-0.030226,-0.010384,-0.019619,0.061364,0.045354,0.020635
5.128492,-0.028993,-0.011198,-0.019334,0.062840,0.044420,0.021267
5.138551,-0.029289,-0.011650,-0.019423,0.064329,0.043488,0.021898
5.148613,-0.029205,-0.012122,-0.019124,0.065833,0.040269,0.022528
5.158673,-0.029504,-0.012613,-0.019200,0.067351,0.038577,0.023159
5.168735,-0.029422,-0.013124,-0.019268,0.068501,0.036505,0.023788
5.178795,-0.028960,-0.013655,-0.018947,0.069284,0.031764,0.010303
5.188855,-0.029262,-0.014206,-0.019000,0.069699,0.030839,0.010932
5.198915,-0.029183,-0.014776,-0.018283,0.068983,0.028006,0.011560
5.208980,-0.029867,-0.015366,-0.017940,0.068662,0.027463,0.012187
5.219044,-0.029406,-0.015594,-0.016445,0.067592,0.025394,0.012813
5.229104,-0.030089,-0.015841,-0.016087,0.066918,0.024087,0.013438
5.239167,-0.030009,-0.016109,-0.015340,0.064730,0.021636,0.008722
5.249227,-0.029928,-0.016395,-0.015729,0.064464,0.022617,0.009345
5.259287,-0.029845,-0.016320,-0.014966,0.063447,0.023597,0.009967
5.269346,-0.030906,-0.016265,-0.015339,0.063589,0.024957,0.010588
5.279408,-0.030439,-0.015847,-0.015323,0.062599,0.025172,0.011208
5.289469,-0.031115,-0.016212,-0.015299,0.062003,0.025384,0.011826
5.299529,-0.030644,-0.016215,-0.014885,0.060657,0.025595,0.012443
5.309591,-0.030553,-0.016237,-0.014845,0.060087,0.026948,0.013059
5.319653,-0.030077,-0.016660,-0.014414,0.058386,0.028299,0.013673
5.329716,-0.030743,-0.017102,-0.014357,0.057841,0.029647,0.014286
5.339776,-0.029499,-0.017182,-0.013910,0.056545,0.029085,0.014897
5.349838,-0.030158,-0.017281,-0.013454,0.056407,0.028139,0.015506
5.359900,-0.029289,-0.017399,-0.012990,0.054754,0.027189,0.010011
5.369962,-0.029560,-0.017918,-0.013280,0.054640,0.028143,0.010617
5.380025,-0.030209,-0.018455,-0.012798,0.054537,0.029475,0.011221
5.390090,-0.029709,-0.018248,-0.013452,0.053301,0.031185,0.011824
5.400152,-0.029586,-0.018442,-0.013715,0.054366,0.032128,0.012424
5.410216,-0.029460,-0.018272,-0.013969,0.055060,0.031540,0.013023
5.420278,-0.029709,-0.018503,-0.014596,0.055766,0.032093,0.013620
5.430344,-0.029192,-0.018370,-0.015214,0.055720,0.031878,0.014215
5.440405,-0.029813,-0.019019,-0.015441,0.056066,0.033184,0.014808
5.450465,-0.029285,-0.018541,-0.016040,0.056041,0.034486,0.015398
5.460527,-0.029514,-0.018845,-0.016630,0.056027,0.036164,0.015987
5.470587,-0.028975,-0.018403,-0.017210,0.055260,0.037836,0.016573
5.480647,-0.029575,-0.019124,-0.017781,0.055647,0.039503,0.017158
5.490707,-0.029024,-0.018718,-0.017961,0.054900,0.040783,0.017740
5.500769,-0.029612,-0.019093,-0.018513,0.055307,0.041676,0.018320
5.510832,-0.029049,-0.019104,-0.019055,0.054961,0.041419,0.018898
5.520895,-0.029243,-0.019513,-0.019206,0.055386,0.041155,0.019473
5.530961,-0.028286,-0.020321,-0.019728,0.054676,0.039741,0.020046
5.541022,-0.028467,-0.020765,-0.019860,0.054738,0.038321,0.020616
5.551085,-0.028641,-0.020844,-0.020362,0.054046,0.034605,0.021185
5.561149,-0.028426,-0.021321,-0.020473,0.054506,0.033171,0.021751
5.571202,-0.027823,-0.021433,-0.020574,0.054593,0.030587,0.022314
5.581255,-0.028738,-0.021943,-0.021047,0.055451,0.029521,0.022875
5.591349,-0.027739,-0.021707,-0.021509,0.055172,0.026541,0.023433
5.601402,-0.028259,-0.022249,-0.021579,0.055664,0.025079,0.023989
5.611455,-0.029152,-0.022807,-0.021258,0.056162,0.023992,0.024542
5.621507,-0.028893,-0.023000,-0.020926,0.056286,0.023661,0.025093
5.631559,-0.029389,-0.023589,-0.020965,0.056416,0.024848,0.025641
5.641611,-0.029115,-0.023431,-0.020231,0.055409,0.026027,0.026187
5.651673,-0.029595,-0.024051,-0.019486,0.055933,0.027581,0.026730
5.661732,-0.028923,-0.023541,-0.018730,0.055319,0.027600,0.022311
5.671785,-0.029387,-0.024191,-0.017964,0.055855,0.028375,0.022849
5.681837,-0.028698,-0.024474,-0.017568,0.055252,0.030286,0.023384
5.691896,-0.029145,-0.024770,-0.016780,0.055417,0.031807,0.023916
5.701957,-0.028439,-0.024318,-0.015600,0.054823,0.032558,0.024445
5.712018,-0.028488,-0.024643,-0.015172,0.055378,0.033681,0.024972
5.722081,-0.028146,-0.024600,-0.014351,0.054794,0.033652,0.025496
5.732145,-0.028559,-0.024571,-0.013901,0.055357,0.033996,0.026018
5.742197,-0.027818,-0.023791,-0.013440,0.055161,0.033568,0.026536
5.752250,-0.028212,-0.024551,-0.013349,0.056113,0.033132,0.027052
5.762302,-0.027835,-0.023797,-0.012484,0.055542,0.030398,0.027565
5.772354,-0.027449,-0.023819,-0.011989,0.056118,0.029563,0.028075
5.782406,-0.026671,-0.023471,-0.011102,0.055553,0.027956,0.009890
5.792457,-0.027411,-0.023899,-0.010584,0.055752,0.027484,0.010395
5.802535,-0.027378,-0.023194,-0.009674,0.054808,0.027004,0.010896
5.812588,-0.027718,-0.024026,-0.009516,0.055011,0.027659,0.011395
5.822640,-0.028429,-0.024488,-0.008964,0.055596,0.027161,0.011891
5.832692,-0.027986,-0.024198,-0.008401,0.055801,0.026653,0.007425
5.842745,-0.028297,-0.024682,-0.008208,0.056770,0.027663,0.007915
5.852796,-0.027454,-0.024414,-0.008003,0.056975,0.025992,0.008403
5.862847,-0.027746,-0.024537,-0.007787,0.057562,0.025838,0.008887
5.872899,-0.027646,-0.023907,-0.007941,0.058149,0.025675,0.009369
5.882950,-0.027918,-0.024431,-0.008083,0.059117,0.026647,0.007177
5.893003,-0.027799,-0.023439,-0.008213,0.058939,0.027610,0.007653
5.903055,-0.028051,-0.023982,-0.008332,0.059523,0.028945,0.008126
5.913107,-0.027149,-0.023389,-0.008439,0.059342,0.029125,0.008596
5.923159,-0.027764,-0.023568,-0.008534,0.059923,0.029296,0.009064
5.933211,-0.027223,-0.023374,-0.008617,0.059738,0.029839,0.009528
5.943262,-0.027055,-0.023951,-0.008689,0.060314,0.031517,0.009989
5.953314,-0.027257,-0.023772,-0.008749,0.060124,0.031659,0.010448
5.963366,-0.027068,-0.024364,-0.008796,0.060694,0.032936,0.007089
5.973418,-0.026488,-0.023819,-0.008832,0.060497,0.034204,0.007541
5.983470,-0.026660,-0.024425,-0.008857,0.060678,0.035461,0.007991
5.993532,-0.026441,-0.024275,-0.008869,0.060855,0.035946,0.008438
6.003584,-0.026975,-0.024894,-0.008869,0.061409,0.036803,0.008882
6.013636,-0.027117,-0.025520,-0.008857,0.061958,0.036887,0.009323
6.023688,-0.026867,-0.025006,-0.008834,0.061739,0.036198,0.009761
6.033740,-0.026988,-0.026024,-0.008798,0.061896,0.035881,0.006763
6.043791,-0.026337,-0.025521,-0.008751,0.060903,0.034409,0.007196
6.053843,-0.026056,-0.025405,-0.008691,0.060668,0.032928,0.007625
6.063896,-0.025766,-0.025675,-0.008620,0.059662,0.028766,0.008052
6.073948,-0.025846,-0.026330,-0.008536,0.060177,0.026883,0.008475
6.083969,-0.025917,-0.025464,-0.008441,0.059539,0.025372,0.008133
6.094022,-0.026358,-0.026127,-0.008333,0.059276,0.026522,0.008551
6.104074,-0.026026,-0.025649,-0.008214,0.057861,0.025754,0.008966
6.114130,-0.026447,-0.025556,-0.008082,0.057583,0.024976,0.009378
6.124187,-0.025713,-0.025847,-0.007939,0.056152,0.023807,0.009787
6.134239,-0.025732,-0.026141,-0.007783,0.056239,0.023772,0.010194
6.144290,-0.025741,-0.025674,-0.007616,0.055554,0.023728,0.010597
6.154343,-0.025739,-0.026353,-0.007437,0.056004,0.024817,0.010998
6.164396,-0.025727,-0.025509,-0.007246,0.054919,0.025897,0.011396
6.174448,-0.026086,-0.026191,-0.007042,0.054969,0.026968,0.011791
6.184502,-0.026053,-0.025730,-0.006827,0.053864,0.026883,0.012183
6.194556,-0.026011,-0.026033,-0.006600,0.053894,0.027170,0.012572
6.204608,-0.025957,-0.026718,-0.006361,0.054294,0.027829,0.012959
6.214661,-0.025512,-0.026259,-0.006111,0.054303,0.028097,0.013343
6.224715,-0.025439,-0.026563,-0.005848,0.054682,0.027973,0.013723
6.234779,-0.025355,-0.026485,-0.005573,0.054668,0.028221,0.014101
6.244840,-0.025260,-0.026787,-0.005287,0.054642,0.029603,0.014477
6.254904,-0.025156,-0.026326,-0.004989,0.054223,0.029068,0.014849
6.264967,-0.025423,-0.027008,-0.004679,0.054555,0.028523,0.015219
6.274977,-0.024535,-0.026545,-0.004358,0.054112,0.027587,0.015586
6.285040,-0.025780,-0.028282,-0.003679,0.056239,0.029118,0.016311
6.295103,-0.025243,-0.028194,-0.003323,0.056138,0.027390,0.013618
6.305167,-0.025459,-0.028484,-0.002954,0.056406,0.026033,0.013974
6.315229,-0.025283,-0.027628,-0.002575,0.056278,0.025811,0.014327
6.325292,-0.025479,-0.027913,-0.002183,0.056899,0.027104,0.014677
6.335352,-0.025283,-0.027049,-0.001780,0.056362,0.028007,0.015025
6.345414,-0.025459,-0.027327,-0.001366,0.056192,0.028900,0.015369
6.355478,-0.024861,-0.026838,-0.000940,0.055244,0.029402,0.015712
6.365542,-0.025016,-0.026726,-0.000503,0.055426,0.029131,0.016051
6.375603,-0.024017,-0.026229,-0.000054,0.055211,0.027706,0.016388
6.385667,-0.024153,-0.025727,0.000405,0.055363,0.026653,0.016722
6.395679,-0.024278,-0.026364,0.000876,0.056262,0.025972,0.005991
6.405732,-0.023631,-0.025852,0.000977,0.056382,0.025663,0.006319
6.415783,-0.023736,-0.025715,0.001471,0.056105,0.026107,0.006645
6.425835,-0.023832,-0.025574,0.001975,0.055049,0.024634,0.006969
6.435887,-0.023917,-0.025807,0.002491,0.055121,0.023914,0.007290
6.445939,-0.023230,-0.024891,0.003017,0.053651,0.023948,0.007608
6.455969,-0.023296,-0.025112,0.003555,0.053689,0.024736,0.007923
6.466022,-0.022590,-0.023801,0.004104,0.053330,0.025895,0.008236
6.476073,-0.023018,-0.024390,0.004663,0.053335,0.027045,0.008546
6.486125,-0.023054,-0.023828,0.005233,0.052559,0.028186,0.008854
6.496179,-0.023081,-0.023641,0.005814,0.052529,0.029317,0.008396
6.506230,-0.023099,-0.023445,0.006405,0.052100,0.030439,0.008699
6.516282,-0.023106,-0.024005,0.007008,0.052035,0.031552,0.008999
6.526334,-0.023105,-0.023413,0.007620,0.050808,0.032655,0.005481
6.536386,-0.023093,-0.023957,0.008244,0.050706,0.033749,0.005776
6.546438,-0.022690,-0.022967,0.008877,0.049442,0.034834,0.006069
6.556490,-0.023041,-0.023494,0.009521,0.049686,0.035910,0.006358
6.566543,-0.022238,-0.022868,0.010176,0.049530,0.036595,0.006646
6.576595,-0.022570,-0.023378,0.010459,0.050118,0.037652,0.006930
6.586647,-0.022510,-0.023879,0.011133,0.050305,0.038700,0.007213
6.596699,-0.022060,-0.023607,0.011818,0.049711,0.039739,0.007492
6.606751,-0.022364,-0.024089,0.012513,0.049479,0.040769,0.007770
6.616803,-0.022276,-0.023417,0.013218,0.049228,0.041789,0.008044
6.626856,-0.022561,-0.023879,0.013933,0.049340,0.042038,0.008317
6.636908,-0.022074,-0.023187,0.014657,0.048287,0.040752,0.008587
6.646961,-0.021577,-0.023248,0.015391,0.047978,0.039457,0.008854
6.657013,-0.021071,-0.023298,0.016135,0.048031,0.036246,0.009119
6.667065,-0.020937,-0.023338,0.016889,0.048445,0.033789,0.009382
6.677117,-0.020412,-0.022604,0.017271,0.048840,0.028271,0.009642
6.687170,-0.019879,-0.023004,0.017662,0.049215,0.025796,0.009899
6.697222,-0.019717,-0.022630,0.018444,0.048807,0.022549,0.010155
6.707274,-0.019928,-0.022626,0.019235,0.049142,0.021201,0.010408
6.717324,-0.020512,-0.022611,0.020035,0.049457,0.017937,0.010658
6.727384,-0.021086,-0.022966,0.020845,0.050133,0.016953,0.010906
6.737447,-0.021270,-0.021783,0.021663,0.051170,0.015197,0.011152
6.747510,-0.021827,-0.022496,0.022491,0.052187,0.013814,0.011396
6.757562,-0.021611,-0.022053,0.023327,0.053183,0.011659,0.011637
6.767614,-0.021768,-0.022361,0.024173,0.054159,0.011404,0.011876
6.777743,-0.021535,-0.022276,0.025027,0.055115,0.011521,0.012112
6.787794,-0.021675,-0.022178,0.025890,0.056050,0.012392,0.012346
6.797846,-0.021805,-0.022449,0.026761,0.056964,0.013255,0.012578
6.807898,-0.021164,-0.021563,0.027641,0.057858,0.014110,0.012808
6.817950,-0.021277,-0.021809,0.028529,0.058731,0.014956,0.013035
6.827969,-0.020618,-0.021280,0.029425,0.059583,0.015793,0.013260
6.838022,-0.020714,-0.021119,0.029949,0.060415,0.016623,0.013482
6.848076,-0.020801,-0.020946,0.030862,0.061226,0.017443,0.013703
6.858128,-0.020879,-0.021140,0.031783,0.062016,0.018256,0.013921
6.868181,-0.020949,-0.019796,0.032330,0.062785,0.019060,0.014137
6.878233,-0.021010,-0.020346,0.033267,0.063533,0.019856,0.014351
6.888284,-0.020681,-0.019357,0.034212,0.064261,0.020262,0.014562
6.898336,-0.021107,-0.019499,0.034782,0.064968,0.020279,0.014771
6.908388,-0.020761,-0.019628,0.035742,0.065654,0.019524,0.014978
6.918440,-0.020788,-0.019742,0.036710,0.066319,0.019906,0.008317
6.928490,-0.020044,-0.018699,0.037685,0.066582,0.020661,0.008519
6.938542,-0.020054,-0.018787,0.038667,0.067205,0.021408,0.008720
6.948594,-0.019675,-0.018479,0.039657,0.067045,0.021765,0.008918
6.958646,-0.019668,-0.018539,0.040654,0.066482,0.022496,0.009114
6.968762,-0.020035,-0.018204,0.041658,0.064373,0.023219,0.005493
6.978814,-0.020394,-0.018617,0.042669,0.063387,0.023934,0.005685
6.988863,-0.020363,-0.018635,0.043687,0.062381,0.025022,0.005875
6.998915,-0.020705,-0.017495,0.044330,0.060591,0.025339,0.006062
7.008967,-0.021420,-0.017103,0.045361,0.059161,0.026030,0.006247
7.019018,-0.021746,-0.016316,0.046018,0.057330,0.026713,0.006431
7.029070,-0.022063,-0.016277,0.046681,0.056241,0.027007,0.006612
7.039122,-0.022373,-0.016224,0.047351,0.054368,0.026912,0.006791
7.049175,-0.022293,-0.016539,0.048027,0.053238,0.026808,0.006968
7.059227,-0.021823,-0.016075,0.049091,0.051706,0.025934,0.007143
7.069279,-0.021727,-0.015979,0.049779,0.050535,0.025815,0.007315
7.079331,-0.021242,-0.015487,0.050474,0.048199,0.025307,0.007486
7.089382,-0.020748,-0.016125,0.051556,0.047368,0.024792,0.007655
7.099433,-0.020247,-0.015604,0.052263,0.046136,0.023124,0.007821
7.109485,-0.020119,-0.015831,0.052593,0.045265,0.022211,0.007986
7.119536,-0.019220,-0.016044,0.052549,0.043992,0.020910,0.008148
7.129588,-0.019076,-0.016623,0.053272,0.043463,0.020364,0.008308
7.139640,-0.018544,-0.016425,0.053239,0.043294,0.018284,0.008467
7.149692,-0.018766,-0.016594,0.053592,0.043487,0.017341,0.008623
7.159787,-0.018980,-0.015985,0.053188,0.043660,0.017154,0.008777
7.169839,-0.019187,-0.015361,0.053171,0.043813,0.018103,0.008930
7.179891,-0.019767,-0.015867,0.052777,0.043947,0.018664,0.009080
7.189943,-0.020340,-0.015214,0.052007,0.044060,0.018454,0.009228
7.199979,-0.020905,-0.015309,0.052005,0.043773,0.019000,0.009375
7.210031,-0.021462,-0.015008,0.051626,0.043847,0.019157,0.009519
7.220083,-0.021631,-0.015455,0.051252,0.043902,0.019688,0.009661
7.230147,-0.021791,-0.015124,0.051264,0.043938,0.020212,0.009802
7.240209,-0.022326,-0.015542,0.050900,0.043954,0.020728,0.009940
7.250262,-0.022090,-0.014800,0.050540,0.043951,0.021237,0.010077
7.260314,-0.022228,-0.014806,0.050185,0.043929,0.021739,0.010211
7.270366,-0.021596,-0.014416,0.049834,0.043888,0.021852,0.010344
7.280418,-0.021337,-0.014393,0.050250,0.043827,0.021576,0.010474
7.290469,-0.020690,-0.013974,0.049526,0.043748,0.019767,0.010603
7.300521,-0.020035,-0.014302,0.049569,0.043650,0.019859,0.010730
7.310573,-0.019373,-0.014235,0.049234,0.043534,0.020325,0.010854
7.320624,-0.019084,-0.014915,0.049667,0.043398,0.020783,0.010977
7.330676,-0.018407,-0.014818,0.049340,0.043245,0.020472,0.011098
7.340728,-0.018104,-0.015469,0.049399,0.043073,0.019390,0.011217
7.350787,-0.017413,-0.014961,0.048698,0.042882,0.017920,0.011335
7.360839,-0.017095,-0.014820,0.048764,0.042673,0.017968,0.011450
7.370890,-0.017151,-0.014664,0.049215,0.042447,0.018392,0.011563
7.380942,-0.017582,-0.013730,0.048906,0.042202,0.018426,0.011675
7.390995,-0.017624,-0.013926,0.048982,0.041939,0.018072,0.011784
7.401047,-0.018040,-0.013345,0.048680,0.041659,0.018474,0.011892
7.411099,-0.018449,-0.013130,0.048762,0.041360,0.018869,0.011998
7.421149,-0.018470,-0.012901,0.048847,0.041045,0.018876,0.012102
7.431201,-0.018864,-0.013039,0.049317,0.040711,0.019257,0.012204
7.441253,-0.018870,-0.013544,0.049027,0.040361,0.019250,0.012304
7.451305,-0.019251,-0.014034,0.049121,0.039993,0.019617,0.012403
7.461357,-0.019624,-0.014128,0.048836,0.039608,0.019978,0.012500
7.471409,-0.019609,-0.014208,0.048936,0.039206,0.020331,0.012594
7.481461,-0.019586,-0.013129,0.049038,0.038787,0.020678,0.012687
7.491512,-0.019556,-0.012798,0.049142,0.038351,0.021018,0.012778
7.501564,-0.019520,-0.012071,0.049249,0.037899,0.021351,0.012868
7.511616,-0.019476,-0.012094,0.049358,0.037430,0.021677,0.012955
7.521667,-0.019044,-0.012101,0.049469,0.036944,0.021997,0.013041
7.531720,-0.018986,-0.012095,0.049582,0.036443,0.022310,0.013124
7.541772,-0.018158,-0.011311,0.049697,0.035925,0.022615,0.012825
7.551823,-0.017705,-0.011276,0.049815,0.035390,0.022915,0.012905
7.561875,-0.017245,-0.011227,0.049552,0.034840,0.023207,0.012983
7.571927,-0.016778,-0.010783,0.049673,0.034274,0.023493,0.013060
7.581978,-0.016304,-0.010705,0.049795,0.033693,0.023772,0.013135
7.592042,-0.015823,-0.010614,0.049920,0.033095,0.024044,0.013208
7.602103,-0.015335,-0.010127,0.050427,0.032482,0.024310,0.013279
7.612166,-0.015221,-0.009626,0.050172,0.031854,0.024569,0.013348
7.622228,-0.015101,-0.009874,0.050301,0.031211,0.024821,0.013416
7.632281,-0.015355,-0.009727,0.050430,0.030552,0.025067,0.013482
7.642333,-0.015603,-0.009566,0.050561,0.029878,0.025306,0.013546
7.652385,-0.015843,-0.009391,0.050312,0.029190,0.025538,0.013608
7.662437,-0.016077,-0.009203,0.050063,0.028486,0.025764,0.013668
7.672490,-0.016304,-0.008619,0.049816,0.027768,0.025983,0.013727
7.682541,-0.016524,-0.008403,0.050332,0.027035,0.025814,0.013784
7.692594,-0.016737,-0.007792,0.050086,0.026288,0.026020,0.013839
7.702646,-0.016944,-0.008311,0.050223,0.025527,0.026219,0.013893
7.712698,-0.016762,-0.008436,0.049597,0.024752,0.026412,0.013944
7.722750,-0.016955,-0.008547,0.050116,0.023962,0.026599,0.013994
7.732802,-0.017141,-0.008645,0.050254,0.023159,0.026778,0.003361
7.742854,-0.017320,-0.008348,0.050774,0.022342,0.026570,0.003408
7.752906,-0.017493,-0.008418,0.050913,0.021511,0.026737,0.003452
7.762958,-0.017659,-0.008858,0.050289,0.020666,0.026515,0.003495
7.772971,-0.017818,-0.008902,0.050809,0.020190,0.026669,0.003536
7.783024,-0.017970,-0.008933,0.050567,0.019319,0.026435,0.003576
7.793076,-0.018116,-0.008951,0.051088,0.018434,0.025431,0.003613
7.803129,-0.018254,-0.008574,0.050846,0.017537,0.023276,0.003649
7.813181,-0.018005,-0.008566,0.050985,0.016627,0.021878,0.003684
7.823231,-0.018131,-0.008545,0.050361,0.015704,0.020855,0.003716
7.833283,-0.018249,-0.008511,0.050881,0.014768,0.020969,0.003747
7.843336,-0.018361,-0.008463,0.050256,0.013819,0.021078,0.003776
7.853388,-0.018467,-0.008403,0.050394,0.012859,0.020798,0.003803
7.863440,-0.018566,-0.008330,0.049768,0.011886,0.020893,0.003829
7.873490,-0.018658,-0.008245,0.049905,0.010900,0.020982,0.003852
7.883541,-0.018361,-0.007765,0.049278,0.009903,0.021065,0.003875
7.893593,-0.018440,-0.007273,0.049413,0.008894,0.021141,0.003895
7.903645,-0.018131,-0.006767,0.048785,0.007873,0.021210,0.003914
7.913698,-0.018196,-0.006631,0.049300,0.006840,0.021273,0.003930
7.923749,-0.017873,-0.005720,0.048669,0.005796,0.021330,0.003946
7.933801,-0.017544,-0.005558,0.048420,0.004740,0.021380,0.003959
7.943853,-0.017589,-0.005385,0.048550,0.004054,0.021424,0.003971
7.953913,-0.017246,-0.005199,0.048298,0.003357,0.021461,0.003981
7.963974,-0.017278,-0.005001,0.048426,0.002268,0.021492,0.003989
7.974034,-0.016922,-0.005172,0.048172,0.001168,0.021517,0.003996
7.984094,-0.016559,-0.005330,0.048679,0.000056,0.021535,0.004001
7.994155,-0.016190,-0.005095,0.048040,-0.001066,0.021546,0.004004
8.004220,-0.015814,-0.005230,0.048925,-0.002198,0.021552,0.004005
8.014280,-0.015050,-0.005352,0.049046,-0.003341,0.021551,0.004005
8.024341,-0.015042,-0.005463,0.049547,-0.004494,0.021543,0.004003
8.034402,-0.014646,-0.005561,0.049283,-0.005658,0.021529,0.003999
8.044465,-0.014243,-0.005648,0.049017,-0.006831,0.021508,0.003993
8.054527,-0.014215,-0.005723,0.048750,-0.008015,0.021482,0.003986
8.064579,-0.014181,-0.005404,0.049244,-0.009208,0.021448,0.003977
8.074632,-0.013758,-0.005456,0.049354,-0.010412,0.021409,0.003967
8.084684,-0.013710,-0.005495,0.049462,-0.011625,0.021362,0.003954
8.094734,-0.013656,-0.005523,0.049186,-0.012847,0.021310,0.003940
8.104786,-0.013595,-0.005540,0.049671,-0.014079,0.021251,0.003924
8.114838,-0.013527,-0.005545,0.049773,-0.015320,0.021185,0.003907
8.124890,-0.013453,-0.005538,0.049872,-0.016570,0.021113,0.003888
8.135124,-0.013284,-0.005491,0.050826,-0.019097,0.020950,0.003844
8.145187,-0.013189,-0.005450,0.050918,-0.020374,0.020859,0.003819
8.155333,-0.013088,-0.005398,0.050244,-0.021278,0.020761,0.003793
8.165398,-0.012980,-0.005335,0.050331,-0.022573,0.020657,0.003765
8.175462,-0.012866,-0.005260,0.050796,-0.023112,0.020547,0.003736
8.185524,-0.012745,-0.005175,0.050115,-0.023279,0.020429,0.003704
8.195586,-0.012617,-0.005079,0.050193,-0.024217,0.020306,0.003671
8.205650,-0.012482,-0.004971,0.049887,-0.024018,0.020176,0.003636
8.215715,-0.012341,-0.004853,0.049960,-0.024591,0.020039,0.003600
8.225777,-0.012193,-0.004723,0.049266,-0.023645,0.019896,0.003561
8.235841,-0.012038,-0.004583,0.048951,-0.023852,0.019747,0.003521
8.245904,-0.011876,-0.004432,0.048633,-0.023303,0.019591,0.003480
8.255968,-0.011708,-0.004271,0.048693,-0.023143,0.019428,0.003436
8.265979,-0.011533,-0.004098,0.047987,-0.022609,0.019259,0.003391
8.276041,-0.011351,-0.003915,0.047660,-0.023227,0.019083,0.003344
8.286105,-0.011162,-0.003722,0.047710,-0.023090,0.018901,0.003295
8.296170,-0.010967,-0.003518,0.048138,-0.023340,0.018712,0.003244
8.306234,-0.010765,-0.003303,0.047419,-0.022835,0.018517,0.003192
8.316296,-0.010556,-0.003078,0.047458,-0.023100,0.018315,0.003138
8.326359,-0.010340,-0.002843,0.046732,-0.022227,0.018107,0.003082
8.336424,-0.010118,-0.002597,0.046764,-0.022123,0.017892,0.003024
8.346488,-0.009888,-0.002341,0.046793,-0.021264,0.017670,0.002965
8.356550,-0.009652,-0.002075,0.047200,-0.021555,0.017442,0.002904
8.366615,-0.009409,-0.001798,0.046839,-0.021471,0.017589,0.002841
8.376678,-0.009159,-0.001512,0.046857,-0.021774,0.017347,0.002776
8.386742,-0.008902,-0.001215,0.047252,-0.022465,0.017099,0.002710
8.396806,-0.008638,-0.000909,0.047261,-0.021637,0.016845,0.002642
8.406869,-0.008368,-0.000592,0.047266,-0.021958,0.016583,0.002571
8.416932,-0.008090,-0.000265,0.046886,-0.021904,0.016315,0.002500
8.426995,-0.007806,-0.000310,0.047265,-0.022237,0.016040,0.002426
8.437061,-0.007514,0.000036,0.046494,-0.021813,0.015759,0.002351
8.447120,-0.007216,0.000392,0.046864,-0.021775,0.015471,0.002273
8.457182,-0.006911,0.000758,0.046467,-0.020981,0.015176,0.002194
8.467241,-0.006598,0.001133,0.046829,-0.021335,0.014874,0.002114
8.477304,-0.006279,0.001518,0.046804,-0.020932,0.014566,0.002031
8.487359,-0.005953,0.001913,0.046775,-0.020916,0.014250,0.001946
8.497419,-0.005619,0.002317,0.046741,-0.020904,0.013929,0.001860
8.507472,-0.005279,0.002349,0.047085,-0.021660,0.013600,0.001772
8.517525,-0.004932,0.002772,0.047042,-0.021277,0.013264,0.001682
8.527587,-0.004577,0.003205,0.047376,-0.021661,0.012922,0.001590
8.537647,-0.004216,0.003647,0.046942,-0.021287,0.012572,0.001497
8.547708,-0.003847,0.004098,0.046885,-0.021298,0.012216,0.001401
8.557770,-0.003471,0.004558,0.046441,-0.020551,0.011853,0.001304
8.567829,-0.003088,0.005028,0.046374,-0.020571,0.011483,0.001205
8.577914,-0.002698,0.005506,0.046303,-0.020214,0.011107,0.001104
8.587976,-0.002301,0.005613,0.046607,-0.020624,0.010723,0.001001
8.598037,-0.001896,0.006109,0.046907,-0.020656,0.010332,0.000896
8.608099,-0.001485,0.006615,0.046438,-0.020311,0.009935,0.000790
8.618159,-0.001447,0.007130,0.046728,-0.020351,0.009530,0.000681
8.628220,-0.001021,0.007272,0.046630,-0.020776,0.009118,0.000571
8.638285,-0.000588,0.007805,0.046909,-0.021586,0.008700,0.000459
8.648345,-0.000147,0.008346,0.046801,-0.021636,0.008274,0.000345
8.658408,0.000301,0.008515,0.047069,-0.021690,0.007841,0.000229
8.668467,0.000757,0.009073,0.046188,-0.020984,0.007401,0.000111
8.678520,0.000838,0.010022,0.046445,-0.021425,0.006954,-0.000009
8.688583,0.001308,0.010217,0.046316,-0.020726,0.006500,-0.000130
8.698648,0.001785,0.010802,0.046181,-0.021173,0.006039,-0.000254
8.708710,0.002270,0.011395,0.045658,-0.021242,0.005952,-0.000380
8.718771,0.002762,0.011615,0.045893,-0.022459,0.005477,-0.000507
8.728830,0.003262,0.012225,0.046123,-0.023677,0.004994,-0.000636
8.738893,0.003769,0.012844,0.046347,-0.024517,0.004504,-0.000768
8.748957,0.003903,0.013471,0.046183,-0.024978,0.004007,-0.000901
8.758979,0.004043,0.014106,0.046014,-0.025060,0.003503,-0.001036
8.769040,0.004573,0.014368,0.045839,-0.024763,0.002991,-0.001173
8.779104,0.005111,0.015020,0.045276,-0.025231,0.002472,-0.001313
8.789163,0.005656,0.015298,0.045471,-0.025319,0.001945,-0.001454
8.799225,0.006208,0.015966,0.045277,-0.024647,0.001412,-0.001597
8.809285,0.006387,0.016261,0.045460,-0.024358,0.000871,-0.001742
8.819348,0.006573,0.016182,0.044873,-0.024071,0.000322,-0.001889
8.829412,0.006767,0.016111,0.045425,-0.024166,-0.000234,-0.002038
8.839473,0.006969,0.015666,0.045208,-0.023501,-0.000797,-0.002189
8.849536,0.007179,0.015611,0.045365,-0.023600,-0.001368,-0.002342
8.859599,0.007015,0.015564,0.045517,-0.022938,-0.001946,-0.002497
8.869652,0.006858,0.015906,0.045662,-0.023040,-0.002532,-0.002654
8.879704,0.006710,0.015493,0.045420,-0.021999,-0.003126,-0.002813
8.889756,0.006950,0.015850,0.045552,-0.022485,-0.003345,-0.002974
8.899808,0.007199,0.015834,0.045678,-0.021446,-0.003954,-0.003138
8.909860,0.007455,0.015825,0.045417,-0.021552,-0.004570,-0.003303
8.919912,0.007720,0.015443,0.044767,-0.020897,-0.005194,-0.003470
8.929963,0.007992,0.015449,0.045255,-0.021387,-0.005826,-0.003639
8.940017,0.008654,0.015463,0.045355,-0.020733,-0.006465,-0.003811
8.950068,0.009324,0.015484,0.045449,-0.021224,-0.007112,-0.003984
8.960120,0.010002,0.015132,0.045154,-0.021716,-0.007766,-0.004160
8.970170,0.010688,0.015168,0.045997,-0.021826,-0.008429,-0.004338
8.980280,0.011381,0.014830,0.046070,-0.021556,-0.009099,-0.004517
8.990332,0.012084,0.014880,0.046518,-0.022430,-0.009777,-0.004699
9.000394,0.012794,0.014938,0.046578,-0.022923,-0.010082,-0.004883
9.010455,0.013131,0.014622,0.047012,-0.022654,-0.010776,-0.005070
9.020514,0.013857,0.014694,0.047440,-0.022766,-0.011478,-0.005258
9.030575,0.014211,0.014392,0.047098,-0.022114,-0.012187,-0.005448
9.040636,0.014572,0.014478,0.047511,-0.022226,-0.012905,-0.005641
9.050698,0.015324,0.013809,0.047536,-0.021575,-0.013249,-0.005836
9.060758,0.016083,0.013909,0.047173,-0.021686,-0.013983,-0.006032
9.070820,0.016470,0.014016,0.046802,-0.020652,-0.014725,-0.006231
9.080895,0.016865,0.014131,0.046425,-0.020762,-0.015475,-0.006433
9.090959,0.017268,0.014633,0.046040,-0.019346,-0.015851,-0.006636
9.101012,0.017680,0.015142,0.045648,-0.019455,-0.016236,-0.006842
9.111074,0.017718,0.015277,0.045249,-0.019182,-0.016247,-0.007050
9.121137,0.017766,0.015418,0.045224,-0.020053,-0.015885,-0.007260
9.131200,0.017821,0.015184,0.045192,-0.020159,-0.015150,-0.007090
9.141262,0.018267,0.015339,0.045152,-0.020646,-0.015949,-0.007305
9.151325,0.018340,0.015500,0.045105,-0.020751,-0.015612,-0.007522
9.161388,0.018422,0.016049,0.045433,-0.021617,-0.014902,-0.007741
9.171453,0.018130,0.015842,0.045371,-0.022483,-0.013055,-0.007962
9.181515,0.018229,0.016404,0.045683,-0.022965,-0.012743,-0.008185
9.191632,0.017574,0.016209,0.045606,-0.022683,-0.012821,-0.008411
9.201694,0.017690,0.016021,0.045522,-0.023163,-0.014052,-0.007113
9.211755,0.017815,0.015458,0.045430,-0.023641,-0.015291,-0.007344
9.221815,0.017949,0.015282,0.044950,-0.023354,-0.015776,-0.007577
9.231878,0.018091,0.015876,0.044461,-0.023447,-0.016650,-0.007812
9.241939,0.018243,0.016475,0.043965,-0.022776,-0.017915,-0.008049
9.252003,0.018403,0.016700,0.043843,-0.023247,-0.018807,-0.008288
9.262068,0.018191,0.016930,0.043713,-0.022953,-0.019707,-0.008530
9.272138,0.017988,0.017167,0.043956,-0.023420,-0.020616,-0.008775
9.282202,0.018175,0.016647,0.043429,-0.023503,-0.021152,-0.009021
9.292265,0.018753,0.016895,0.043657,-0.023966,-0.022079,-0.009271
9.302329,0.019340,0.016768,0.043114,-0.023282,-0.023014,-0.009522
9.312391,0.019936,0.017029,0.043327,-0.023359,-0.023958,-0.009776
9.322454,0.019778,0.017295,0.043150,-0.022288,-0.024911,-0.010032
9.332518,0.020010,0.017567,0.042965,-0.022360,-0.025872,-0.010291
9.342579,0.019108,0.017082,0.043153,-0.021666,-0.026080,-0.010552
9.352642,0.019359,0.016602,0.042952,-0.021732,-0.025152,-0.008526
9.362706,0.018856,0.016129,0.042743,-0.021414,-0.022707,-0.008792
9.372776,0.019126,0.016805,0.042526,-0.021856,-0.021796,-0.009060
9.382840,0.019023,0.016724,0.042301,-0.021151,-0.021277,-0.009331
9.392898,0.018930,0.016648,0.042068,-0.021206,-0.021910,-0.009604
9.402961,0.018464,0.015815,0.041064,-0.020495,-0.021790,-0.009880
9.413023,0.019153,0.016132,0.041196,-0.020543,-0.021297,-0.009395
9.423083,0.019087,0.016073,0.040938,-0.019825,-0.019288,-0.009676
9.433146,0.019413,0.016401,0.040291,-0.020249,-0.018432,-0.009959
9.443244,0.019367,0.015971,0.040017,-0.021813,-0.017585,-0.010245
9.453303,0.019712,0.015928,0.040497,-0.023374,-0.017129,-0.010533
9.463365,0.019303,0.015890,0.040969,-0.024550,-0.015919,-0.010824
9.473435,0.018904,0.015857,0.041433,-0.026104,-0.013574,-0.011117
9.483499,0.018896,0.016211,0.041507,-0.027654,-0.012764,-0.011413
9.493560,0.019279,0.015807,0.041955,-0.028819,-0.011963,-0.011711
9.503620,0.019672,0.015789,0.042394,-0.029980,-0.012698,-0.005145
9.513681,0.019693,0.015395,0.042442,-0.029612,-0.013442,-0.005449
9.523741,0.020486,0.015770,0.042101,-0.029620,-0.014577,-0.005755
9.533803,0.020526,0.015767,0.041752,-0.028480,-0.014958,-0.006064
9.543862,0.020958,0.015769,0.041776,-0.028099,-0.014967,-0.006375
9.553926,0.021018,0.015777,0.041409,-0.026570,-0.014985,-0.006689
9.563987,0.021088,0.015407,0.041034,-0.026180,-0.016158,-0.007005
9.574055,0.020786,0.015424,0.040651,-0.024260,-0.017340,-0.007324
9.584119,0.020875,0.015827,0.040258,-0.023862,-0.018531,-0.007646
9.594172,0.020593,0.016235,0.039858,-0.022314,-0.019732,-0.007971
9.604236,0.020702,0.016647,0.039448,-0.021907,-0.020943,-0.008298
9.614299,0.020821,0.016683,0.038267,-0.020731,-0.022163,-0.008627
9.624361,0.020950,0.016722,0.037841,-0.020696,-0.023774,-0.008960
9.634420,0.020326,0.016767,0.037787,-0.019892,-0.025013,-0.009295
9.644482,0.020857,0.017197,0.037724,-0.020228,-0.026262,-0.009632
9.654535,0.021016,0.017632,0.037271,-0.020559,-0.027140,-0.009973
9.664598,0.021185,0.018071,0.037573,-0.021648,-0.028026,-0.010316
9.674660,0.021364,0.018515,0.037865,-0.023113,-0.028160,-0.010662
9.684721,0.020790,0.018200,0.038149,-0.024574,-0.026396,-0.011011
9.694785,0.020990,0.017889,0.038424,-0.026028,-0.025405,-0.011362
9.704844,0.020436,0.017963,0.038690,-0.027478,-0.023660,-0.011716
9.714903,0.020656,0.018424,0.038948,-0.028540,-0.023833,-0.012073
9.724964,0.020123,0.018507,0.039196,-0.028453,-0.024015,-0.007855
9.734992,0.020744,0.018212,0.039054,-0.028359,-0.023826,-0.008217
9.745055,0.022399,0.019161,0.038744,-0.028919,-0.023095,-0.008950
9.755119,0.022669,0.019260,0.038957,-0.029190,-0.022936,-0.009321
9.765178,0.022569,0.018982,0.038779,-0.027548,-0.022023,-0.009694
9.775243,0.022478,0.019088,0.038974,-0.027426,-0.020738,-0.010070
9.785306,0.022398,0.018054,0.038397,-0.026535,-0.019082,-0.010449
9.795370,0.022709,0.018550,0.038574,-0.026019,-0.019343,-0.010831
9.805432,0.022650,0.018286,0.038742,-0.024734,-0.019996,-0.011216
9.815494,0.022982,0.018408,0.038900,-0.024587,-0.020658,-0.011604
9.825554,0.022943,0.017389,0.039050,-0.022908,-0.021331,-0.011994
9.835616,0.023295,0.017517,0.039191,-0.022748,-0.022776,-0.012387
9.845680,0.023277,0.017268,0.038559,-0.021819,-0.024231,-0.012783
9.855744,0.023650,0.017785,0.038682,-0.021647,-0.025315,-0.013182
9.865798,0.022889,0.017161,0.038414,-0.020323,-0.024501,-0.013584
9.875861,0.022901,0.017304,0.038518,-0.020519,-0.023697,-0.010937
9.885925,0.023305,0.017831,0.038232,-0.020708,-0.022903,-0.011344
9.895984,0.022957,0.017599,0.038318,-0.020508,-0.021356,-0.011754
9.906045,0.023000,0.018133,0.038395,-0.020683,-0.021345,-0.012168
9.916105,0.022672,0.017907,0.038462,-0.020088,-0.020581,-0.012584
9.926167,0.023117,0.017684,0.038521,-0.019868,-0.020971,-0.013003
9.936226,0.022810,0.017846,0.038570,-0.019640,-0.020608,-0.013424
9.946289,0.023276,0.018011,0.038610,-0.019787,-0.020255,-0.013849
9.956352,0.022989,0.018179,0.038260,-0.018782,-0.019912,-0.014277
9.966413,0.023475,0.018349,0.037900,-0.018914,-0.020723,-0.014707
9.976479,0.023209,0.017760,0.037912,-0.019039,-0.022307,-0.015141
9.986541,0.023715,0.018318,0.037915,-0.019156,-0.023900,-0.015577
9.996601,0.023851,0.018116,0.037909,-0.018503,-0.025504,-0.016016
10.006662,0.024378,0.018680,0.037894,-0.018605,-0.027117,-0.016459
10.016722,0.023771,0.018102,0.037869,-0.018318,-0.028359,-0.016904
10.026783,0.023937,0.018290,0.037454,-0.018786,-0.029229,-0.017352
10.036844,0.023732,0.018480,0.037029,-0.018102,-0.030490,-0.017802
10.046904,0.024299,0.018673,0.036977,-0.017791,-0.032142,-0.018256
10.056965,0.023351,0.018869,0.036152,-0.017092,-0.033805,-0.018713
10.066971,0.023939,0.019067,0.035699,-0.017147,-0.034713,-0.019172
10.077031,0.024156,0.018123,0.035237,-0.016430,-0.034487,-0.019635
10.087084,0.024382,0.018707,0.034766,-0.016088,-0.034652,-0.020100
10.097145,0.023855,0.019294,0.034285,-0.016118,-0.033683,-0.020568
10.107197,0.023720,0.019120,0.033414,-0.015759,-0.030052,-0.021040
10.117250,0.023976,0.019711,0.032915,-0.016155,-0.027957,-0.016554
10.127303,0.023479,0.019160,0.031643,-0.015779,-0.025108,-0.017031
10.137354,0.024136,0.019756,0.031125,-0.015394,-0.024558,-0.017511
10.147406,0.024040,0.019590,0.030216,-0.015383,-0.022872,-0.017994
10.157456,0.024717,0.019809,0.029679,-0.015744,-0.021959,-0.018480
10.167515,0.023877,0.019266,0.029515,-0.016859,-0.019529,-0.018968
10.177569,0.024573,0.019107,0.029341,-0.017966,-0.018253,-0.019459
10.187621,0.024515,0.019331,0.029158,-0.019064,-0.015841,-0.005839
10.197673,0.024849,0.019558,0.028965,-0.020154,-0.015346,-0.006336
10.207725,0.024810,0.018641,0.028763,-0.021234,-0.015623,-0.006836
10.217777,0.025544,0.018489,0.028551,-0.021924,-0.017816,-0.007339
10.227829,0.025905,0.018340,0.028331,-0.022605,-0.019637,-0.007844
10.237881,0.025894,0.018573,0.028100,-0.023276,-0.021085,-0.008353
10.247932,0.025511,0.018045,0.027861,-0.023176,-0.022924,-0.008864
10.257983,0.026282,0.017900,0.027612,-0.023066,-0.024771,-0.009378
10.268049,0.025917,0.017756,0.027354,-0.022566,-0.026626,-0.009895
10.278102,0.025942,0.017996,0.027086,-0.022438,-0.028491,-0.010414
10.288155,0.026739,0.017855,0.026809,-0.022681,-0.030364,-0.010936
10.298206,0.026782,0.016953,0.026523,-0.022153,-0.032245,-0.011462
10.308258,0.026452,0.017197,0.026227,-0.021996,-0.034134,-0.011989
10.318310,0.026131,0.017442,0.025922,-0.020685,-0.035269,-0.012520
10.328361,0.026582,0.017688,0.025608,-0.020510,-0.035649,-0.013053
10.338413,0.025896,0.017173,0.025284,-0.020324,-0.035274,-0.013589
10.348465,0.025981,0.017422,0.024951,-0.020129,-0.034907,-0.014128
10.358517,0.025693,0.017290,0.024609,-0.019161,-0.034167,-0.014669
10.368569,0.025795,0.017922,0.024257,-0.018565,-0.034578,-0.015213
10.378622,0.025524,0.017411,0.023896,-0.017577,-0.032327,-0.015759
10.388674,0.026023,0.017283,0.023526,-0.017342,-0.031228,-0.016309
10.398726,0.025385,0.017536,0.023146,-0.016335,-0.028611,-0.016860
10.408778,0.025900,0.018172,0.022757,-0.016080,-0.027908,-0.017415
10.418830,0.025659,0.018046,0.022359,-0.015815,-0.025686,-0.017971
10.428882,0.026188,0.018303,0.021952,-0.016303,-0.024235,-0.018531
10.438944,0.025962,0.017797,0.021535,-0.016400,-0.022027,-0.019093
10.449006,0.026125,0.018436,0.021109,-0.016486,-0.021734,-0.019657
10.459059,0.025913,0.018694,0.020674,-0.016180,-0.020684,-0.020224
10.469111,0.026471,0.019334,0.020230,-0.015865,-0.020404,-0.020793
10.479164,0.027417,0.019593,0.019776,-0.015538,-0.020130,-0.021364
10.489216,0.027606,0.018709,0.019313,-0.015202,-0.019481,-0.021938
10.499268,0.027421,0.019350,0.018842,-0.015618,-0.019601,-0.022514
10.509322,0.027623,0.019230,0.018360,-0.015642,-0.019346,-0.023093
10.519374,0.028595,0.019491,0.017870,-0.015655,-0.020623,-0.023673
10.529426,0.027665,0.018607,0.017371,-0.014895,-0.021905,-0.024256
10.539479,0.028267,0.019250,0.016862,-0.014125,-0.023574,-0.024842
10.549542,0.028493,0.019130,0.016345,-0.013344,-0.025630,-0.025429
10.559605,0.029106,0.019392,0.015818,-0.013696,-0.027691,-0.026018
10.569657,0.028198,0.018510,0.015282,-0.014038,-0.029757,-0.026610
10.579710,0.028821,0.018771,0.014737,-0.014751,-0.031447,-0.027203
10.589762,0.028687,0.019033,0.014184,-0.015453,-0.033522,-0.020551
10.599814,0.028938,0.019677,0.013621,-0.016144,-0.035603,-0.021148
10.609866,0.028432,0.019175,0.013049,-0.016825,-0.037687,-0.021748
10.619929,0.028311,0.019055,0.012468,-0.017113,-0.039394,-0.022349
10.629981,0.027813,0.019317,0.011879,-0.017772,-0.039961,-0.022953
10.640044,0.028463,0.019578,0.011280,-0.018420,-0.040913,-0.023557
10.650096,0.027591,0.019457,0.010673,-0.019057,-0.040724,-0.024164
10.660148,0.028248,0.019336,0.010056,-0.019683,-0.040920,-0.024773
10.670203,0.027383,0.018833,0.009431,-0.020298,-0.038830,-0.025383
10.680257,0.027666,0.019092,0.008797,-0.020902,-0.037506,-0.025994
10.690313,0.027570,0.019351,0.008155,-0.021496,-0.033515,-0.026608
10.700376,0.027477,0.019610,0.007503,-0.021696,-0.032196,-0.027222
10.710440,0.027768,0.019486,0.006843,-0.021505,-0.031642,-0.027839
10.720504,0.027679,0.018980,0.006174,-0.020921,-0.029184,-0.028456
10.730532,0.027974,0.019237,0.005496,-0.020326,-0.028253,-0.029075
10.740596,0.027508,0.018729,0.004810,-0.019338,-0.023890,-0.029695
10.750660,0.028569,0.018221,0.004116,-0.018721,-0.021817,-0.030317
10.760714,0.028106,0.017712,0.003794,-0.018474,-0.020128,-0.030939
10.770766,0.028788,0.018347,0.003082,-0.018217,-0.021109,-0.031563
10.780818,0.029089,0.017836,0.002361,-0.016804,-0.021328,-0.032187
10.790882,0.029391,0.017324,0.001633,-0.015761,-0.022692,-0.032813
10.800943,0.028931,0.017193,0.000895,-0.014708,-0.022530,-0.033440
10.811006,0.029233,0.017442,0.000150,-0.014406,-0.023513,-0.034067
10.821066,0.029154,0.017308,-0.000223,-0.013712,-0.024495,-0.034695
10.831128,0.029837,0.017173,-0.000985,-0.012625,-0.026239,-0.035324
10.841192,0.029374,0.017037,-0.001756,-0.011527,-0.027220,-0.020313
10.851257,0.029674,0.017281,-0.002534,-0.011182,-0.028581,-0.020943
10.861318,0.029209,0.017143,-0.002940,-0.011207,-0.029178,-0.021573
10.871381,0.029506,0.017384,-0.003735,-0.011220,-0.029391,-0.022204
10.881440,0.028656,0.016861,-0.004157,-0.011223,-0.029221,-0.022835
10.891503,0.028949,0.017862,-0.004968,-0.011597,-0.030193,-0.023467
10.901556,0.028476,0.017717,-0.005787,-0.011960,-0.029637,-0.024098
10.911621,0.028763,0.018334,-0.006233,-0.012311,-0.029078,-0.009471
10.921683,0.029048,0.018568,-0.007068,-0.012652,-0.028134,-0.010103
10.931744,0.028565,0.018036,-0.007911,-0.012983,-0.027950,-0.010734
10.941803,0.028842,0.018648,-0.008762,-0.013302,-0.029289,-0.010221
10.951864,0.028734,0.018495,-0.009621,-0.013611,-0.029097,-0.010853
10.961924,0.029384,0.019103,-0.010487,-0.013908,-0.029664,-0.011484
10.971986,0.028504,0.018946,-0.011361,-0.014196,-0.029082,-0.012114
10.982045,0.029144,0.018787,-0.012243,-0.014472,-0.029639,-0.012744
10.992106,0.028635,0.018626,-0.013132,-0.014738,-0.030191,-0.013373
11.002166,0.029265,0.019226,-0.014029,-0.014994,-0.030738,-0.014002
11.012227,0.028744,0.018679,-0.014552,-0.015239,-0.030516,-0.014629
11.022287,0.028599,0.018512,-0.015463,-0.015473,-0.030288,-0.015256
11.032349,0.028065,0.018343,-0.016382,-0.015697,-0.028527,-0.015882
11.042412,0.028669,0.018934,-0.017309,-0.015911,-0.027905,-0.016507
11.052474,0.027740,0.018760,-0.018242,-0.016114,-0.028419,-0.017131
11.062527,0.028329,0.018584,-0.019183,-0.016307,-0.030071,-0.017753
11.072579,0.027766,0.018023,-0.020130,-0.016490,-0.029807,-0.013033
11.082631,0.027958,0.018224,-0.021085,-0.016662,-0.029535,-0.012890
11.092681,0.027759,0.018040,-0.022047,-0.016825,-0.028111,-0.013508
11.102744,0.027933,0.018235,-0.022634,-0.016977,-0.028585,-0.014124
11.112808,0.027335,0.017283,-0.023229,-0.017120,-0.028287,-0.014738
11.122872,0.027872,0.017855,-0.023830,-0.017252,-0.028361,-0.015350
11.132935,0.026872,0.017660,-0.024056,-0.017375,-0.026900,-0.015961
11.142970,0.027007,0.017463,-0.025052,-0.017488,-0.026192,-0.016569
11.153040,0.027131,0.016500,-0.025673,-0.017591,-0.024329,-0.017175
11.163104,0.027244,0.017060,-0.025919,-0.017684,-0.025125,-0.017778
11.173171,0.027728,0.017236,-0.026171,-0.017768,-0.026673,-0.018380
11.183232,0.027436,0.017027,-0.026048,-0.017843,-0.027829,-0.018978
11.193294,0.028277,0.016434,-0.026314,-0.017908,-0.028209,-0.019574
11.203357,0.027580,0.016219,-0.026204,-0.017964,-0.027815,-0.020167
11.213421,0.027632,0.016383,-0.026100,-0.018010,-0.027409,-0.020757
11.223480,0.027291,0.015780,-0.025621,-0.018048,-0.027371,-0.021344
11.233543,0.027317,0.015556,-0.025529,-0.018076,-0.028464,-0.021927
11.243607,0.026948,0.015328,-0.025062,-0.018095,-0.029163,-0.022508
11.253669,0.027327,0.015479,-0.024982,-0.018105,-0.029848,-0.023085
11.263732,0.026548,0.015244,-0.024526,-0.018107,-0.027848,-0.016029
11.273799,0.026516,0.015388,-0.024458,-0.018099,-0.026979,-0.016599
11.283863,0.026088,0.015147,-0.023633,-0.018083,-0.025331,-0.017165
11.293927,0.026026,0.015665,-0.023576,-0.018059,-0.025576,-0.017727
11.303981,0.025948,0.015416,-0.022761,-0.018026,-0.024280,-0.018285
11.314039,0.026235,0.015927,-0.022334,-0.017984,-0.024875,-0.018839
11.324103,0.025361,0.015671,-0.021912,-0.017935,-0.023166,-0.019389
11.334165,0.025614,0.015411,-0.022258,-0.017877,-0.021821,-0.019934
11.344228,0.025469,0.015910,-0.021846,-0.017429,-0.020460,-0.020475
11.354283,0.025306,0.016405,-0.021821,-0.016974,-0.021370,-0.021011
11.364360,0.025125,0.016515,-0.021419,-0.015747,-0.021119,-0.021542
11.374416,0.025688,0.016621,-0.021785,-0.014895,-0.021231,-0.011006
11.384480,0.026233,0.017105,-0.022157,-0.014035,-0.021707,-0.011527
11.394541,0.025232,0.016058,-0.022151,-0.012785,-0.021402,-0.012044
11.404602,0.025357,0.016533,-0.022150,-0.011910,-0.020696,-0.012555
11.414662,0.025081,0.017004,-0.021391,-0.011408,-0.019208,-0.013060
11.424723,0.025166,0.017089,-0.021781,-0.011281,-0.019227,-0.013560
11.434782,0.024467,0.016788,-0.021412,-0.011147,-0.020753,-0.014055
11.444845,0.025274,0.016483,-0.021429,-0.011005,-0.022258,-0.014543
11.454904,0.024916,0.016555,-0.021069,-0.010857,-0.023361,-0.015026
11.464968,0.024536,0.017003,-0.020713,-0.010702,-0.024826,-0.015503
11.474980,0.024134,0.016684,-0.020361,-0.010539,-0.026269,-0.015973
11.485033,0.025554,0.018321,-0.021958,-0.010195,-0.029093,-0.016896
11.495096,0.025085,0.017607,-0.022000,-0.010013,-0.030472,-0.017347
11.505158,0.024975,0.017650,-0.022045,-0.009825,-0.031829,-0.017792
11.515221,0.024461,0.017689,-0.021331,-0.009630,-0.033164,-0.018230
11.525286,0.024686,0.017723,-0.021383,-0.009430,-0.034476,-0.018661
11.535348,0.023361,0.016988,-0.021439,-0.009223,-0.035384,-0.019085
11.545411,0.023538,0.017012,-0.021498,-0.009010,-0.036269,-0.019503
11.555473,0.022927,0.017030,-0.021179,-0.008791,-0.036749,-0.019912
11.565535,0.022674,0.017425,-0.021245,-0.008567,-0.036824,-0.020315
11.575648,0.021633,0.017051,-0.020933,-0.008337,-0.035349,-0.015751
11.585712,0.021710,0.017053,-0.021005,-0.008101,-0.033850,-0.016139
11.595773,0.022144,0.016669,-0.021461,-0.007860,-0.033470,-0.012704
11.605836,0.021790,0.016279,-0.020776,-0.007613,-0.032685,-0.013076
11.615899,0.021027,0.016646,-0.020856,-0.007361,-0.031112,-0.013441
11.625961,0.020621,0.016245,-0.020558,-0.007104,-0.025698,-0.013797
11.635982,0.020569,0.016220,-0.021025,-0.006842,-0.021786,-0.006516
11.646046,0.020108,0.015807,-0.020732,-0.006574,-0.016703,-0.006856
11.656108,0.020003,0.016151,-0.020823,-0.006302,-0.015409,-0.007188
11.666171,0.019489,0.016108,-0.020153,-0.006024,-0.014471,-0.007511
11.676234,0.019710,0.016060,-0.020249,-0.005742,-0.013887,-0.007826
11.686298,0.019522,0.015242,-0.020346,-0.005455,-0.010989,-0.008133
11.696360,0.019688,0.015180,-0.020446,-0.005164,-0.009971,-0.008430
11.706413,0.019444,0.015113,-0.019784,-0.004868,-0.008544,-0.008719
11.716465,0.019172,0.015421,-0.020269,-0.004567,-0.008617,-0.009000
11.726516,0.018490,0.014959,-0.020375,-0.004262,-0.007518,-0.009271
11.736568,0.018161,0.014873,-0.020482,-0.003953,-0.007535,-0.009533
11.746620,0.017422,0.014398,-0.020209,-0.003639,-0.007526,-0.009786
11.756672,0.017798,0.015062,-0.020319,-0.003321,-0.008632,-0.010030
11.766725,0.017764,0.014574,-0.020431,-0.002999,-0.009330,-0.007976
11.776777,0.017700,0.014843,-0.020544,-0.002673,-0.009999,-0.008202
11.786828,0.017988,0.015104,-0.021040,-0.002342,-0.010640,-0.008037
11.796881,0.017865,0.014596,-0.020774,-0.002008,-0.011253,-0.008243
11.806945,0.018094,0.014463,-0.020890,-0.001670,-0.011837,-0.008441
11.817007,0.017911,0.014322,-0.020245,-0.001327,-0.012392,-0.008628
11.827070,0.017698,0.014555,-0.020364,-0.000981,-0.012919,-0.008806
11.837134,0.017455,0.014400,-0.020865,-0.000631,-0.013035,-0.008975
11.847198,0.017182,0.014619,-0.020985,-0.000277,-0.013504,-0.009133
11.857251,0.016497,0.014450,-0.020725,0.000081,-0.013943,-0.009282
11.867303,0.015781,0.014654,-0.020847,0.000442,-0.014354,-0.009421
11.877354,0.015035,0.014850,-0.020969,0.000807,-0.014735,-0.009550
11.887406,0.014639,0.014658,-0.021473,0.001176,-0.015086,-0.009669
11.897458,0.014213,0.014457,-0.021215,0.001549,-0.015409,-0.009778
11.907510,0.013756,0.014631,-0.021339,0.001925,-0.015701,-0.009878
11.917562,0.013649,0.014033,-0.021081,0.002305,-0.015964,-0.009967
11.927614,0.013511,0.013809,-0.021205,0.002689,-0.016198,-0.010046
11.937665,0.013343,0.013577,-0.020947,0.003076,-0.016401,-0.010115
11.947717,0.013524,0.014100,-0.021072,0.003467,-0.016575,-0.010174
11.957777,0.013675,0.014233,-0.020814,0.003862,-0.016719,-0.010223
11.967839,0.013412,0.014357,-0.021319,0.004260,-0.016833,-0.010262
11.977892,0.013500,0.014473,-0.021825,0.004662,-0.016536,-0.006857
11.987945,0.013176,0.014581,-0.021948,0.005068,-0.016209,-0.006876
11.997969,0.013201,0.014680,-0.022071,0.005477,-0.015470,-0.006884
12.008021,0.012814,0.014371,-0.021786,0.005882,-0.014702,-0.006882
12.018075,0.012399,0.014407,-0.021841,0.006277,-0.014670,-0.006871
12.028127,0.012341,0.013638,-0.021460,0.006657,-0.014614,-0.006852
12.038179,0.012261,0.013598,-0.021420,0.007027,-0.014537,-0.006826
12.048232,0.012163,0.013135,-0.020945,0.007381,-0.014062,-0.006794
12.058284,0.012048,0.012638,-0.020807,0.007724,-0.013952,-0.006757
12.068336,0.011920,0.012105,-0.019859,0.008053,-0.013830,-0.006716
12.078397,0.011401,0.012298,-0.020004,0.008366,-0.013698,-0.006671
12.088460,0.011256,0.011693,-0.019719,0.008665,-0.013560,-0.006624
12.098522,0.010724,0.011820,-0.019391,0.008951,-0.013415,-0.006575
12.108574,0.010571,0.011528,-0.018246,0.009219,-0.013269,-0.006525
12.118626,0.010417,0.011587,-0.018199,0.009092,-0.013121,-0.006475
12.128678,0.010264,0.011233,-0.017725,0.009330,-0.012975,-0.006425
12.138731,0.010114,0.010846,-0.017582,0.009552,-0.012831,-0.006377
12.148795,0.009969,0.010430,-0.017394,0.009759,-0.012692,-0.006330
12.158858,0.009831,0.010362,-0.016771,0.009948,-0.012560,-0.006285
12.168920,0.009701,0.009883,-0.016103,0.010121,-0.012436,-0.006243
12.178984,0.009579,0.009758,-0.015771,0.010277,-0.012319,-0.006203
12.189040,0.009469,0.009602,-0.015007,0.010416,-0.012214,-0.006167
12.199092,0.009371,0.009033,-0.014955,0.010537,-0.012120,-0.006136
12.209143,0.009285,0.008817,-0.014473,0.010640,-0.012038,-0.006108
12.219196,0.009213,0.008192,-0.013945,0.010727,-0.011969,-0.006084
12.229248,0.009155,0.008301,-0.013368,0.010795,-0.011913,-0.006066
12.239300,0.009111,0.007620,-0.012363,0.010847,-0.011871,-0.006051
12.249352,0.009083,0.007290,-0.012071,0.010880,-0.011844,-0.006042
12.259403,0.009069,0.006551,-0.010968,0.010895,-0.011831,-0.006038
12.269456,0.009069,0.006170,-0.010587,0.010895,-0.011831,-0.006038
12.279508,0.009069,0.005407,-0.009442,0.010895,-0.011831,-0.006038
12.289560,0.009069,0.005025,-0.009061,0.010895,-0.011831,-0.006038
12.299613,0.009069,0.005025,-0.008679,0.010895,-0.011831,-0.006038
12.309665,0.009069,0.005025,-0.008298,0.010895,-0.011831,-0.006038
12.319718,0.009069,0.005025,-0.008298,0.010895,-0.011831,-0.006038
12.329770,0.009158,0.004862,-0.007637,0.010792,-0.011916,-0.006066
12.339822,0.009265,0.004660,-0.007292,0.010665,-0.012019,-0.006101
12.349873,0.009386,0.004425,-0.006893,0.010519,-0.012134,-0.006141
12.359926,0.009518,0.004162,-0.006446,0.010355,-0.012261,-0.006183
12.369969,0.009659,0.003869,-0.005954,0.010175,-0.012396,-0.006229
12.380030,0.009809,0.003543,-0.005408,0.009977,-0.012540,-0.006278
12.390083,0.009966,0.003187,-0.004814,0.009762,-0.012690,-0.006329
12.400146,0.010128,0.002802,-0.004175,0.009532,-0.012845,-0.006381
12.410209,0.010293,0.002382,-0.003484,0.009285,-0.013003,-0.006435
12.420274,0.010460,0.001930,-0.002744,0.009022,-0.013163,-0.006108
12.430335,0.010627,0.001442,-0.001952,0.008742,-0.013322,-0.006162
12.440398,0.010789,0.000924,-0.001116,0.008448,-0.013478,-0.006215
12.450462,0.010948,0.000366,-0.000224,0.008137,-0.013629,-0.006266
12.460526,0.011097,-0.000223,0.000712,0.007813,-0.013772,-0.006315
12.470588,0.011236,-0.000851,0.001700,0.007473,-0.013906,-0.006360
12.480651,0.011362,-0.001515,0.002735,0.007120,-0.014025,-0.006401
12.490714,0.011470,-0.002216,0.003819,0.006753,-0.014130,-0.006436
12.500775,0.011560,-0.002959,0.004957,0.006371,-0.014215,-0.006465
12.510838,0.011245,-0.003740,0.006142,0.005977,-0.014279,-0.006487
12.520901,0.011285,-0.004562,0.007376,0.005570,-0.014317,-0.006500
12.530965,0.011295,-0.005425,0.008660,0.005151,-0.014327,-0.006503
12.541028,0.011271,-0.006330,0.009993,0.004720,-0.014304,-0.006495
12.551082,0.011211,-0.007277,0.010991,0.004278,-0.014246,-0.006475
12.561135,0.011109,-0.007889,0.012423,0.003824,-0.014148,-0.006442
12.571187,0.010961,-0.008927,0.013904,0.003360,-0.014007,-0.006394
12.581239,0.010765,-0.010010,0.015431,0.002887,-0.013819,-0.006331
12.591291,0.010514,-0.011142,0.017010,0.002403,-0.013579,-0.006249
12.601343,0.010206,-0.012320,0.018635,0.001911,-0.013284,-0.006149
12.611405,0.009836,-0.013546,0.019926,0.001411,-0.012930,-0.006029
12.621466,0.009397,-0.014825,0.021650,0.000902,-0.012511,-0.005887
12.631529,0.008888,-0.015771,0.023419,0.000387,-0.012023,-0.005721
12.641591,0.008303,-0.016388,0.024853,-0.000135,-0.011463,-0.005532
12.651654,0.007637,-0.017438,0.026715,-0.000663,-0.010826,-0.005316
12.661716,0.006885,-0.018542,0.028243,-0.001195,-0.010106,-0.005072
12.671777,0.006043,-0.019700,0.030198,-0.001732,-0.009300,-0.004800
12.681837,0.005106,-0.020533,0.031817,-0.002273,-0.008403,-0.004497
12.691898,0.004069,-0.021422,0.033862,-0.002816,-0.007410,-0.004162
12.701957,0.003308,-0.022368,0.035571,-0.003360,-0.006316,-0.003793
12.711970,0.002056,-0.023372,0.037322,-0.003906,-0.005118,-0.003390
12.722023,0.000690,-0.024053,0.039116,-0.004450,-0.003810,-0.002950
12.732075,-0.000795,-0.024794,0.041334,-0.004993,-0.002388,-0.002472
12.742126,-0.002401,-0.025210,0.043206,-0.005532,-0.000850,-0.001957
12.752175,-0.004137,-0.026072,0.045122,-0.006067,0.000812,-0.001401
12.762226,-0.005625,-0.026233,0.047078,-0.006597,0.002602,-0.000803
12.772275,-0.007630,-0.026838,0.048689,-0.007119,0.004523,-0.000162
12.782326,-0.009009,-0.027121,0.050332,-0.007250,0.006575,0.000521
12.792375,-0.010917,-0.027471,0.052396,-0.007752,0.008386,0.001249
12.802468,-0.012588,-0.027500,0.053726,-0.008241,0.010718,0.002022
12.812521,-0.014795,-0.028360,0.055473,-0.008716,0.013198,0.002842
12.822573,-0.016390,-0.028900,0.057247,-0.009173,0.015823,0.003707
12.832624,-0.017764,-0.027984,0.058672,-0.009612,0.018602,0.004621
12.842675,-0.020439,-0.029419,0.059739,-0.010028,0.021532,0.005582
12.852725,-0.022135,-0.029399,0.060070,-0.010421,0.024620,0.006592
12.862775,-0.024754,-0.029823,0.061566,-0.010786,0.027862,0.007649
12.872825,-0.027161,-0.029554,0.062323,-0.011123,0.030886,0.008755
12.882877,-0.029730,-0.029731,0.063858,-0.011426,0.033684,0.009527
12.892926,-0.032084,-0.029975,0.063502,-0.011694,0.035498,0.010729
12.902976,-0.034230,-0.031054,0.064688,-0.011923,0.038624,0.011980
12.913028,-0.036158,-0.031052,0.065120,-0.012110,0.042287,0.013276
12.923080,-0.038633,-0.031880,0.065561,-0.012251,0.046111,0.014619
12.933131,-0.040130,-0.031251,0.065625,-0.012343,0.048950,0.016008
12.943180,-0.042560,-0.032600,0.066841,-0.012382,0.051572,0.017444
12.953230,-0.043622,-0.032869,0.066909,-0.012364,0.051295,0.018921
12.963282,-0.045989,-0.034349,0.067356,-0.012286,0.052698,0.020441
12.973331,-0.046987,-0.034370,0.066652,-0.012144,0.052727,0.022003
12.983385,-0.049283,-0.035603,0.067466,-0.011933,0.054430,0.023605
12.993437,-0.049823,-0.036138,0.066741,-0.011650,0.053228,0.025244
13.003489,-0.051660,-0.037126,0.067529,-0.011289,0.054081,0.026923
13.013541,-0.054396,-0.038556,0.067915,-0.010849,0.054302,0.024057
13.023593,-0.054598,-0.038144,0.067133,-0.010323,0.051984,0.025801
13.033644,-0.056837,-0.040085,0.067470,-0.009709,0.052082,0.027576
13.043696,-0.057294,-0.039800,0.066633,-0.009002,0.050393,0.029380
13.053747,-0.059396,-0.041485,0.066907,-0.008198,0.051490,0.031212
13.063799,-0.059702,-0.040943,0.065618,-0.007293,0.050026,0.033067
13.073859,-0.061638,-0.042750,0.065815,-0.006283,0.051333,0.034945
13.083922,-0.061765,-0.042710,0.065205,-0.005165,0.050828,0.036843
13.093981,-0.063889,-0.043872,0.065311,-0.003934,0.052317,0.038759
13.104042,-0.063805,-0.043948,0.063457,-0.002586,0.050835,0.040690
13.114108,-0.066084,-0.045605,0.063836,-0.001120,0.052858,0.042634
13.124169,-0.065759,-0.045410,0.063394,0.000470,0.052274,0.044589
13.134232,-0.067397,-0.046030,0.063270,0.002186,0.054035,0.046552
13.144270,-0.067170,-0.046316,0.061551,0.004029,0.054312,0.048519
13.154333,-0.068896,-0.047800,0.060909,0.006005,0.057304,0.031799
13.164394,-0.068365,-0.047044,0.060193,0.008117,0.056512,0.033773
13.174462,-0.070145,-0.049003,0.060161,0.010365,0.058796,0.035745
13.184522,-0.069269,-0.048719,0.058523,0.012753,0.057660,0.037715
13.194585,-0.070687,-0.049620,0.057944,0.015282,0.059200,0.039678
13.204638,-0.069812,-0.049417,0.056513,0.017955,0.058068,0.041635
13.214700,-0.071209,-0.050772,0.056515,0.020388,0.060352,0.043580
13.224764,-0.072973,-0.051785,0.055659,0.023351,0.062243,0.045515
13.234826,-0.071658,-0.051687,0.054324,0.026461,0.061056,0.047436
13.244887,-0.073359,-0.052762,0.053267,0.029720,0.062125,0.049343
13.254947,-0.071202,-0.052339,0.051341,0.033128,0.059338,0.051232
13.265008,-0.079312,-0.058425,0.051738,0.040388,0.066958,0.054951
13.275077,-0.078128,-0.057685,0.050239,0.044244,0.064388,0.056779
13.285141,-0.078393,-0.058481,0.049004,0.047865,0.064416,0.058582
13.295203,-0.076297,-0.057386,0.046885,0.051255,0.061704,0.060363
13.305261,-0.076790,-0.057826,0.045405,0.054413,0.061966,0.062117
13.315321,-0.073761,-0.056746,0.043799,0.058099,0.057946,0.037142
13.325383,-0.074066,-0.057952,0.042445,0.061545,0.058028,0.038839
13.335445,-0.071608,-0.056108,0.040960,0.064376,0.054205,0.040510
13.345509,-0.071718,-0.056929,0.039341,0.067350,0.054480,0.042150
13.355573,-0.068663,-0.055447,0.037967,0.068935,0.053122,0.014384
13.365635,-0.069317,-0.055864,0.036836,0.071425,0.053568,0.015961
13.375689,-0.066805,-0.054357,0.035183,0.072144,0.051996,0.017506
13.385754,-0.067221,-0.054731,0.034151,0.074519,0.052595,0.019017
13.395818,-0.064851,-0.052795,0.032211,0.075502,0.051175,0.020495
13.405882,-0.065022,-0.053496,0.030889,0.078135,0.051919,0.021938
13.415949,-0.063164,-0.051496,0.028275,0.078989,0.051020,0.014955
13.426010,-0.063467,-0.051746,0.026656,0.081490,0.052286,0.016329
13.436072,-0.063634,-0.051950,0.024888,0.084485,0.053421,0.017667
13.446136,-0.061384,-0.050203,0.022968,0.085309,0.052144,0.018970
13.456197,-0.061285,-0.050307,0.020896,0.087382,0.052641,0.020237
13.466259,-0.059146,-0.048450,0.019052,0.087657,0.050722,0.021467
13.476319,-0.059157,-0.049198,0.017056,0.089934,0.050957,0.011217
13.486381,-0.056744,-0.047594,0.014904,0.090022,0.048391,0.012375
13.496446,-0.056478,-0.047822,0.012599,0.091721,0.047978,0.013495
13.506511,-0.054549,-0.046069,0.010138,0.091602,0.046288,0.014580
13.516572,-0.054004,-0.046139,0.007525,0.093845,0.046750,0.015627
13.526633,-0.052177,-0.044216,0.004755,0.093877,0.045171,0.016637
13.536697,-0.051732,-0.044487,0.001833,0.095879,0.044598,0.017610
13.546759,-0.049622,-0.042373,-0.001244,0.095656,0.041602,0.018547
13.556821,-0.049658,-0.042060,-0.004089,0.097389,0.041138,0.019447
13.566885,-0.047265,-0.040115,-0.007470,0.096884,0.039776,0.020310
13.576950,-0.046636,-0.039577,-0.010617,0.098703,0.039801,0.021135
13.587012,-0.045104,-0.037777,-0.013915,0.097886,0.037784,0.021924
13.597075,-0.044573,-0.037373,-0.017739,0.099759,0.037535,0.022676
13.607138,-0.042374,-0.035691,-0.020944,0.098976,0.035242,0.023391
13.617199,-0.042706,-0.035398,-0.025059,0.100493,0.035103,0.024069
13.627259,-0.040605,-0.033432,-0.028549,0.099332,0.035206,0.024711
13.637318,-0.039890,-0.032460,-0.032179,0.100835,0.036319,0.025316
13.647382,-0.039794,-0.032472,-0.035941,0.101930,0.036530,0.025883
13.657441,-0.038413,-0.030032,-0.039457,0.099947,0.035460,0.026415
13.667499,-0.037270,-0.029325,-0.043099,0.100969,0.035015,0.026909
13.677562,-0.035603,-0.027677,-0.045721,0.098123,0.032907,0.027366
13.687621,-0.034940,-0.026608,-0.049231,0.098652,0.032188,0.027787
13.697683,-0.033369,-0.024962,-0.051709,0.096049,0.030567,0.028170
13.707746,-0.032419,-0.024261,-0.055063,0.096793,0.031097,0.028517
13.717810,-0.030944,-0.022973,-0.057385,0.094009,0.029581,0.028826
13.727871,-0.030087,-0.022231,-0.060568,0.094161,0.028689,0.029098
13.737932,-0.027942,-0.019740,-0.061942,0.091517,0.026512,0.029332
13.747993,-0.027558,-0.018927,-0.064937,0.091792,0.025722,0.029529
13.758053,-0.025884,-0.016731,-0.066870,0.088859,0.025171,0.029689
13.768113,-0.025208,-0.015815,-0.069646,0.089192,0.024860,0.029810
13.778176,-0.023620,-0.014264,-0.070592,0.086298,0.023643,0.029892
13.788235,-0.022265,-0.012832,-0.073889,0.086256,0.022663,0.029937
13.798295,-0.020759,-0.010366,-0.074575,0.083714,0.021538,0.029942
13.808356,-0.019865,-0.008386,-0.077221,0.083616,0.021411,0.022660
13.818419,-0.018817,-0.006500,-0.078008,0.080227,0.021518,0.022586
13.828482,-0.017615,-0.004319,-0.080352,0.079629,0.021093,0.022472
13.838542,-0.016637,-0.001455,-0.080436,0.076467,0.020517,0.022318
13.848605,-0.015500,0.001340,-0.083213,0.075304,0.019788,0.022123
13.858767,-0.014204,0.004071,-0.082944,0.071924,0.018904,0.021886
13.868829,-0.013126,0.006746,-0.084964,0.070888,0.017863,0.021607
13.878888,-0.011882,0.009755,-0.086593,0.069892,0.016662,0.021285
13.888951,-0.010471,0.013104,-0.085914,0.066629,0.015299,0.020920
13.899010,-0.008889,0.016421,-0.087499,0.065663,0.013771,0.020510
13.909072,-0.007135,0.020089,-0.086369,0.062394,0.012076,0.020056
13.919136,-0.005204,0.023735,-0.088239,0.061006,0.010211,0.019556
13.929197,-0.003094,0.027745,-0.086614,0.058048,0.008173,0.019010
13.939258,-0.000801,0.031744,-0.088352,0.056177,0.005958,0.018416
13.949319,0.001297,0.034968,-0.086949,0.053087,0.003564,0.017775
13.959380,0.003583,0.039710,-0.087738,0.050673,0.000986,0.017084
13.969438,0.006063,0.043683,-0.085746,0.047396,-0.001396,0.016343
13.979500,0.008359,0.048412,-0.086685,0.044769,-0.004351,0.015551
13.989563,0.010856,0.051989,-0.084438,0.040877,-0.007499,0.014706
13.999625,0.013561,0.056705,-0.084718,0.038377,-0.010849,0.013808
14.009684,0.016091,0.060637,-0.082166,0.034977,-0.014398,0.012856
14.019747,0.019217,0.065311,-0.082494,0.031434,-0.018155,0.011847
14.029809,0.022562,0.068428,-0.079969,0.027744,-0.022122,0.010782
14.039871,0.026129,0.073792,-0.079155,0.023525,-0.026304,0.009659
14.049934,0.029542,0.076815,-0.075463,0.019160,-0.029561,0.008477
14.059998,0.033187,0.081294,-0.074986,0.013891,-0.033424,0.007233
14.070063,0.036686,0.084162,-0.070464,0.008105,-0.035607,0.005928
14.080123,0.040430,0.088838,-0.069517,0.001809,-0.038026,0.004558
14.090211,0.042889,0.091091,-0.064884,-0.004977,-0.039152,0.003125
14.100272,0.046360,0.095480,-0.063804,-0.012240,-0.042044,0.001626
14.110332,0.050085,0.100452,-0.061309,-0.019579,-0.044800,0.000059
14.120395,0.052540,0.101019,-0.057011,-0.026210,-0.045895,-0.001576
14.130457,0.055636,0.105160,-0.054715,-0.033251,-0.048767,-0.003281
14.140518,0.058232,0.105595,-0.050601,-0.039910,-0.048840,-0.005057
14.150578,0.061476,0.108772,-0.048479,-0.046540,-0.051077,-0.006905
14.160639,0.062697,0.108170,-0.043765,-0.052342,-0.050902,-0.008825
14.170702,0.066094,0.111382,-0.041797,-0.058806,-0.052892,-0.010819
14.180761,0.067472,0.109594,-0.037614,-0.063226,-0.052089,-0.012888
14.190821,0.070643,0.112304,-0.035029,-0.068993,-0.054216,-0.015032
14.200881,0.071793,0.109554,-0.031371,-0.072253,-0.054310,-0.017251
14.210942,0.075496,0.111605,-0.028549,-0.077160,-0.057711,-0.019546
14.221005,0.076026,0.109264,-0.024277,-0.078713,-0.057929,-0.021916
14.231068,0.079482,0.110504,-0.021227,-0.082972,-0.060681,-0.024361
14.241130,0.080517,0.106515,-0.017497,-0.083792,-0.061002,-0.026880
14.251190,0.083699,0.106037,-0.014998,-0.087237,-0.063843,-0.029472
14.261254,0.084441,0.101027,-0.011068,-0.086779,-0.063471,-0.032136
14.271313,0.088072,0.100610,-0.008002,-0.089631,-0.066742,-0.034869
14.281373,0.088092,0.095603,-0.004663,-0.088888,-0.067537,-0.037669
14.291433,0.091733,0.094375,-0.001440,-0.091002,-0.070801,-0.040533
14.301565,0.091347,0.088892,0.002038,-0.089456,-0.070412,-0.043458
14.311625,0.094925,0.087529,0.005380,-0.091088,-0.073978,-0.046438
14.321688,0.098629,0.086074,0.008959,-0.092439,-0.077282,-0.049469
14.331749,0.097854,0.079937,0.012383,-0.088910,-0.076484,-0.052545
14.341811,0.100966,0.077881,0.016022,-0.089636,-0.079566,-0.055660
14.351874,0.099924,0.071508,0.019867,-0.085827,-0.078490,-0.058807
14.361934,0.102704,0.069206,0.023906,-0.086246,-0.081235,-0.061976
14.371995,0.101262,0.062963,0.028130,-0.082109,-0.079754,-0.084614
14.382056,0.103954,0.060030,0.032147,-0.082184,-0.082025,-0.087802
14.392117,0.101958,0.053541,0.036707,-0.078454,-0.079229,-0.090981
14.402178,0.104023,0.050372,0.041042,-0.077795,-0.080877,-0.094144
14.412238,0.101327,0.044427,0.045904,-0.073721,-0.078530,-0.097277
14.422300,0.102981,0.041056,0.050521,-0.072723,-0.080540,-0.100366
14.432358,0.100169,0.035310,0.054882,-0.068326,-0.077327,-0.022907
14.442419,0.100858,0.031781,0.060125,-0.067026,-0.078388,-0.025868
14.452480,0.097374,0.026285,0.064334,-0.062733,-0.074905,-0.028743
14.462542,0.097686,0.023033,0.068264,-0.061184,-0.075995,-0.021981
14.472603,0.093353,0.018227,0.072285,-0.056670,-0.071693,-0.024637
14.482662,0.092738,0.014935,0.076778,-0.054557,-0.071507,-0.027165
14.492724,0.088168,0.010883,0.079825,-0.049899,-0.067767,-0.029547
14.502785,0.086855,0.008377,0.083709,-0.047676,-0.066923,-0.031769
14.512846,0.081515,0.004383,0.086514,-0.043329,-0.062457,-0.033817
14.522911,0.079362,0.001207,0.090139,-0.041451,-0.061203,-0.035678
14.533043,0.073511,-0.001518,0.092675,-0.038250,-0.056275,-0.037341
14.543104,0.070798,-0.004156,0.095638,-0.036792,-0.054134,-0.038795
14.553165,0.067771,-0.007072,0.099021,-0.035568,-0.051706,-0.040031
14.563226,0.060981,-0.010251,0.100910,-0.032302,-0.047452,-0.041042
14.573287,0.057279,-0.013675,0.104345,-0.031201,-0.045555,-0.028468
14.583350,0.050558,-0.016570,0.105129,-0.028465,-0.040288,-0.029010
14.593412,0.046153,-0.020065,0.107829,-0.027532,-0.036606,-0.029314
14.603479,0.039105,-0.023384,0.109003,-0.024977,-0.032220,-0.029379
14.613542,0.034380,-0.026509,0.111309,-0.024234,-0.029425,-0.029207
14.623604,0.027407,-0.029435,0.112075,-0.022258,-0.025558,-0.028801
14.633666,0.022397,-0.032528,0.113960,-0.021335,-0.021394,-0.005278
14.643725,0.015932,-0.035013,0.113902,-0.020320,-0.016569,-0.004420
14.653787,0.010706,-0.038403,0.115703,-0.019970,-0.012247,-0.003350
14.663846,0.003686,-0.040403,0.114784,-0.018758,-0.008830,-0.002074
14.673904,-0.002046,-0.042910,0.116472,-0.018201,-0.004436,-0.000605
14.683964,-0.007603,-0.044764,0.115031,-0.017147,0.000522,0.001045
14.694023,-0.013341,-0.047109,0.116183,-0.016353,0.006019,0.002864
14.704084,-0.019222,-0.048788,0.114193,-0.015810,0.012020,0.004840
14.714146,-0.025206,-0.051315,0.114770,-0.015507,0.018488,0.006956
14.724208,-0.030503,-0.051637,0.112572,-0.014676,0.025395,0.009201
14.734272,-0.036977,-0.054322,0.113311,-0.014068,0.032702,0.011561
14.744370,-0.043057,-0.054779,0.110108,-0.012913,0.039984,0.014019
14.754430,-0.049480,-0.056443,0.110591,-0.012348,0.047977,0.016565
14.764490,-0.055819,-0.058922,0.110175,-0.011984,0.055497,0.019184
14.774550,-0.060504,-0.058772,0.107704,-0.011433,0.062499,0.021862
14.784611,-0.066561,-0.060572,0.107376,-0.010690,0.068958,0.024589
14.794670,-0.069745,-0.060493,0.104219,-0.009751,0.073685,0.027350
14.804729,-0.074609,-0.061590,0.103577,-0.008229,0.078181,0.030138
14.814789,-0.076919,-0.061563,0.100101,-0.006885,0.079358,0.032942
14.824850,-0.081211,-0.063454,0.099125,-0.005338,0.083661,0.034985
14.834913,-0.082508,-0.062689,0.096075,-0.003203,0.084207,0.037791
14.844972,-0.086110,-0.064212,0.094376,-0.001627,0.086677,0.040582
14.855032,-0.095184,-0.069925,0.094651,0.002517,0.093498,0.046105
14.865091,-0.097938,-0.071053,0.092808,0.004699,0.094367,0.048824
14.875153,-0.097176,-0.069872,0.089259,0.007076,0.089818,0.051504
14.885212,-0.098233,-0.070963,0.087824,0.009646,0.089001,0.054146
14.895274,-0.096118,-0.069736,0.083919,0.012402,0.082348,0.056741
14.905334,-0.097314,-0.070390,0.082129,0.015341,0.080919,0.059290
14.915397,-0.094165,-0.068717,0.077872,0.018455,0.074389,0.061786
14.925461,-0.095064,-0.069681,0.076111,0.021741,0.073058,0.064230
14.935522,-0.091595,-0.067546,0.071887,0.025190,0.066985,0.066618
14.945585,-0.092153,-0.068421,0.070162,0.028416,0.066474,0.068951
14.955648,-0.088708,-0.066190,0.066359,0.031791,0.062348,0.071224
14.965707,-0.089652,-0.066957,0.064296,0.035691,0.063000,0.073438
14.975770,-0.089265,-0.067671,0.062451,0.039731,0.063091,0.075594
14.985829,-0.086003,-0.065651,0.058534,0.043897,0.060317,0.077690
14.995891,-0.086362,-0.065859,0.056748,0.048189,0.060789,0.079727
15.005951,-0.083079,-0.063709,0.052896,0.052211,0.058772,0.081704
15.016015,-0.082645,-0.063777,0.051562,0.055959,0.059992,0.083621
15.026078,-0.079342,-0.061870,0.048552,0.058667,0.058351,0.085481
15.036140,-0.079263,-0.061791,0.046920,0.061083,0.059180,0.087282
15.046203,-0.075930,-0.059728,0.044382,0.062823,0.058669,0.089025
15.056262,-0.075834,-0.059497,0.042849,0.065790,0.060258,0.090714
15.066315,-0.072482,-0.057272,0.040797,0.066919,0.058980,0.092345
15.076376,-0.071604,-0.057253,0.039376,0.068875,0.060564,0.093923
15.086437,-0.068629,-0.055626,0.037445,0.069369,0.059296,0.095448
15.096498,-0.068510,-0.055434,0.036151,0.071056,0.060509,0.096919
15.106561,-0.065152,-0.053246,0.034355,0.071263,0.058490,0.098340
15.116623,-0.065042,-0.053256,0.032442,0.073035,0.058963,0.099711
15.126685,-0.061704,-0.050889,0.030797,0.073700,0.056595,0.101033
15.136747,-0.061619,-0.050334,0.028661,0.075915,0.056342,0.102308
15.146809,-0.058690,-0.048159,0.026421,0.076626,0.053633,0.076451
15.156868,-0.058644,-0.047796,0.024842,0.078879,0.053431,0.052838
15.166933,-0.055763,-0.045430,0.023165,0.078853,0.050400,0.053977
15.176993,-0.055777,-0.045643,0.021395,0.080363,0.049507,0.055074
15.187053,-0.055249,-0.045374,0.019917,0.082251,0.048840,0.056129
15.197114,-0.053042,-0.043481,0.018355,0.081844,0.046499,0.057143
15.207174,-0.052594,-0.043398,0.016711,0.082573,0.045541,0.008145
15.217237,-0.049712,-0.041311,0.015372,0.081760,0.042536,0.009082
15.227298,-0.049742,-0.041033,0.013578,0.083218,0.042066,0.009982
15.237361,-0.047728,-0.038749,0.011715,0.082364,0.040701,0.010846
15.247424,-0.047108,-0.038276,0.009786,0.083771,0.039972,0.011676
15.257484,-0.045596,-0.036179,0.007795,0.083239,0.037210,0.012472
15.267547,-0.044721,-0.035510,0.005747,0.084197,0.036617,0.011327
15.277606,-0.042582,-0.033220,0.003645,0.083209,0.034381,0.012059
15.287666,-0.042614,-0.033121,0.001493,0.084086,0.034321,0.012760
15.297727,-0.040624,-0.031020,-0.000706,0.083009,0.034150,0.013431
15.307788,-0.040432,-0.030349,-0.002947,0.083790,0.034255,0.014074
15.317849,-0.038988,-0.028821,-0.004847,0.082611,0.033112,0.014688
15.327911,-0.038586,-0.028344,-0.006782,0.083284,0.033776,0.015276
15.337975,-0.036939,-0.026630,-0.009131,0.081992,0.032437,0.015838
15.348036,-0.036721,-0.026350,-0.011127,0.082546,0.032530,0.016374
15.358097,-0.035262,-0.024832,-0.013146,0.081505,0.032530,0.016886
15.368156,-0.034859,-0.024372,-0.015571,0.081930,0.033207,0.017374
15.378220,-0.033606,-0.022679,-0.017634,0.080379,0.032656,0.017840
15.388283,-0.033413,-0.022807,-0.019712,0.080666,0.032404,0.018284
15.398344,-0.033138,-0.022848,-0.021803,0.081263,0.032073,0.018707
15.408407,-0.032019,-0.020896,-0.023519,0.079110,0.032045,0.019109
15.418471,-0.031588,-0.021152,-0.025626,0.078794,0.033090,0.019491
15.428532,-0.030702,-0.019419,-0.027355,0.076495,0.032157,0.019854
15.438595,-0.030126,-0.019512,-0.029082,0.076401,0.031153,0.020199
15.448658,-0.028719,-0.018765,-0.030047,0.074324,0.030466,0.020526
15.458719,-0.028391,-0.017942,-0.031389,0.074075,0.029716,0.020836
15.468782,-0.027616,-0.017042,-0.032721,0.071833,0.027376,0.021129
15.478845,-0.027163,-0.017214,-0.033665,0.071801,0.026887,0.021407
15.488906,-0.026268,-0.016551,-0.034212,0.069774,0.026339,0.021669
15.498969,-0.026462,-0.016583,-0.035129,0.069575,0.025356,0.021917
15.508991,-0.025456,-0.016545,-0.035644,0.067380,0.023938,0.022150
15.519053,-0.024779,-0.016441,-0.036522,0.067770,0.023232,0.022370
15.529116,-0.024053,-0.015512,-0.036237,0.066554,0.020572,0.022577
15.539180,-0.023660,-0.015283,-0.037070,0.066012,0.019771,0.022771
15.549244,-0.022838,-0.014993,-0.036352,0.064239,0.018926,0.022954
15.559306,-0.022737,-0.014647,-0.037135,0.064294,0.019183,0.023125
15.569369,-0.022592,-0.014243,-0.037124,0.062351,0.019398,0.023285
15.579432,-0.022406,-0.013785,-0.037462,0.062612,0.019956,0.023434
15.589499,-0.022182,-0.013275,-0.037005,0.061263,0.020476,0.016707
15.599564,-0.022302,-0.013096,-0.037658,0.060973,0.020961,0.016837
15.609629,-0.022006,-0.012870,-0.037893,0.060982,0.021030,0.016958
15.619691,-0.021676,-0.012979,-0.037328,0.060143,0.021448,0.017070
15.629755,-0.021314,-0.012663,-0.037868,0.059986,0.021836,0.017174
15.639818,-0.020541,-0.011923,-0.037223,0.058983,0.022194,0.017270
15.649883,-0.019738,-0.011525,-0.036919,0.059424,0.022524,0.017358
15.659943,-0.018908,-0.010326,-0.036190,0.058640,0.022066,0.002944
15.670009,-0.018434,-0.009854,-0.036557,0.058535,0.021963,0.003018
15.680061,-0.017936,-0.009349,-0.035356,0.057592,0.022218,0.003087
15.690125,-0.017795,-0.008811,-0.035631,0.057330,0.022451,0.003149
15.700186,-0.018015,-0.008245,-0.034337,0.056613,0.022664,0.003206
15.710250,-0.017833,-0.007650,-0.033753,0.056578,0.022856,0.003258
15.720314,-0.018014,-0.006266,-0.032742,0.055710,0.023031,0.003304
15.730378,-0.018176,-0.006002,-0.032822,0.055907,0.022806,0.003346
15.740439,-0.018322,-0.005717,-0.031706,0.054887,0.021803,0.003384
15.750503,-0.018453,-0.005411,-0.030919,0.055320,0.021548,0.003418
15.760567,-0.018569,-0.005086,-0.029698,0.054537,0.021278,0.003448
15.770625,-0.018672,-0.004744,-0.028805,0.054065,0.021378,0.003475
15.780689,-0.018763,-0.004006,-0.027095,0.053143,0.021466,0.003498
15.790753,-0.018843,-0.004017,-0.026853,0.052912,0.021542,0.003519
15.800825,-0.018912,-0.004017,-0.025414,0.052617,0.021609,0.003537
15.810888,-0.018590,-0.004006,-0.024679,0.053016,0.021667,0.003552
15.820952,-0.018642,-0.003986,-0.023887,0.052967,0.021717,0.003566
15.830971,-0.018686,-0.003958,-0.022662,0.052858,0.021760,0.003577
15.840979,-0.018723,-0.003924,-0.021753,0.053060,0.021795,0.003587
15.851031,-0.018372,-0.004268,-0.021171,0.052440,0.021825,0.003595
15.861081,-0.018398,-0.004226,-0.020528,0.052518,0.021850,0.003601
15.871132,-0.018419,-0.004181,-0.018686,0.051394,0.021870,0.003607
15.881194,-0.018436,-0.003754,-0.018308,0.050589,0.021887,0.003611
15.891256,-0.018449,-0.003708,-0.017104,0.048958,0.021899,0.003615
15.901318,-0.018459,-0.003663,-0.016226,0.048034,0.021909,0.003617
15.911381,-0.018467,-0.003619,-0.014905,0.046669,0.021917,0.003619
15.921433,-0.018473,-0.003578,-0.014664,0.046388,0.021923,0.003621
15.931485,-0.018477,-0.003539,-0.013986,0.046815,0.021927,0.003622
15.941537,-0.018480,-0.003505,-0.013624,0.047182,0.021930,0.003623
15.951600,-0.018482,-0.003475,-0.012820,0.047492,0.021931,0.003623
15.961652,-0.018484,-0.003450,-0.012720,0.047367,0.021933,0.003623
15.971704,-0.018484,-0.003430,-0.012174,0.047564,0.021933,0.003624
15.981756,-0.018485,-0.003415,-0.011568,0.047325,0.021934,0.003624
15.991822,-0.018485,-0.003406,-0.010517,0.047410,0.021934,0.003624
