t,ref,resp,err,eff
0.000000,-0.261799,-0.258068,0.003731,-0.134310
0.010064,-0.261799,-0.258068,0.003731,-0.134310
0.020129,-0.261799,-0.258068,0.003731,-0.134310
0.030191,-0.261799,-0.258068,0.003731,-0.134310
0.040254,-0.261799,-0.258068,0.003731,-0.134310
0.050318,-0.261799,-0.258068,0.003731,-0.134310
0.060381,-0.261799,-0.258068,0.003731,-0.134310
0.070446,-0.261799,-0.258068,0.003731,-0.134310
0.080499,-0.261799,-0.258068,0.003731,-0.134310
0.090565,-0.261799,-0.258068,0.003731,-0.134310
0.100623,-0.261799,-0.258068,0.003731,-0.134310
0.110686,-0.261799,-0.258068,0.003731,-0.134310
0.120747,-0.261799,-0.258068,0.003731,-0.134310
0.130801,-0.261799,-0.258068,0.003731,-0.134310
0.140870,-0.261799,-0.258068,0.003731,-0.134310
0.150923,-0.261799,-0.258068,0.003731,-0.134310
0.160974,-0.261799,-0.258068,0.003731,-0.134310
0.171026,-0.261799,-0.258068,0.003731,-0.134310
0.181080,-0.261799,-0.258068,0.003731,-0.134310
0.191132,-0.261799,-0.258068,0.003731,-0.134310
0.201186,-0.261799,-0.258068,0.003731,-0.134310
0.211238,-0.261799,-0.258068,0.003731,-0.134310
0.221291,-0.261799,-0.258068,0.003731,-0.134310
0.231343,-0.261799,-0.258068,0.003731,-0.134310
0.241397,-0.261799,-0.258068,0.003731,-0.134310
0.251443,-0.261799,-0.258068,0.003731,-0.134310
0.261496,-0.261799,-0.258068,0.003731,-0.134310
0.271548,-0.261799,-0.258068,0.003731,-0.134310
0.281601,-0.261799,-0.258068,0.003731,-0.134310
0.291653,-0.261799,-0.258068,0.003731,-0.134310
0.301708,-0.261799,-0.258068,0.003731,-0.134310
0.311760,-0.261799,-0.258068,0.003731,-0.134310
0.321776,-0.261799,-0.258068,0.003731,-0.134310
0.331838,-0.261799,-0.258068,0.003731,-0.134310
0.341899,-0.261799,-0.258068,0.003731,-0.134310
0.351959,-0.261799,-0.258068,0.003731,-0.134310
0.362021,-0.261799,-0.258068,0.003731,-0.139194
0.372082,-0.261799,-0.258068,0.003731,-0.139194
0.382143,-0.261799,-0.258068,0.003731,-0.139194
0.392305,-0.261799,-0.258068,0.003731,-0.139194
0.402371,-0.261799,-0.258068,0.003731,-0.139194
0.412433,-0.261799,-0.258068,0.003731,-0.139194
0.422496,-0.261799,-0.258068,0.003731,-0.139194
0.432557,-0.261799,-0.258068,0.003731,-0.139194
0.442619,-0.261799,-0.258068,0.003731,-0.139194
0.452682,-0.261799,-0.258068,0.003731,-0.139194
0.462734,-0.261799,-0.258068,0.003731,-0.139194
0.472795,-0.261799,-0.258068,0.003731,-0.139194
0.482857,-0.261799,-0.258068,0.003731,-0.139194
0.492918,-0.261799,-0.258068,0.003731,-0.139194
0.502981,-0.261799,-0.258068,0.003731,-0.139194
0.513044,-0.261799,-0.258068,0.003731,-0.139194
0.523104,-0.261799,-0.258068,0.003731,-0.139194
0.533166,-0.261799,-0.258068,0.003731,-0.139194
0.543219,-0.261799,-0.258068,0.003731,-0.139194
0.553284,-0.261799,-0.258068,0.003731,-0.134310
0.563336,-0.261799,-0.258068,0.003731,-0.134310
0.573389,-0.261799,-0.258068,0.003731,-0.134310
0.583452,-0.261799,-0.258068,0.003731,-0.134310
0.593516,-0.261799,-0.258068,0.003731,-0.134310
0.603577,-0.261799,-0.258068,0.003731,-0.134310
0.613640,-0.261799,-0.258068,0.003731,-0.134310
0.623716,-0.261799,-0.258068,0.003731,-0.134310
0.633779,-0.261799,-0.258068,0.003731,-0.134310
0.643840,-0.261799,-0.258068,0.003731,-0.134310
0.653903,-0.261799,-0.258068,0.003731,-0.134310
0.663966,-0.261799,-0.258068,0.003731,-0.134310
0.674030,-0.261799,-0.258068,0.003731,-0.134310
0.684091,-0.261799,-0.258068,0.003731,-0.134310
0.694150,-0.261799,-0.258068,0.003731,-0.134310
0.704213,-0.261799,-0.258068,0.003731,-0.134310
0.714276,-0.261799,-0.258068,0.003731,-0.134310
0.724339,-0.261799,-0.258068,0.003731,-0.134310
0.734400,-0.261799,-0.258068,0.003731,-0.134310
0.744455,-0.261799,-0.258068,0.003731,-0.134310
0.754516,-0.261799,-0.258068,0.003731,-0.134310
0.764577,-0.261799,-0.258068,0.003731,-0.134310
0.774638,-0.261799,-0.258068,0.003731,-0.134310
0.784701,-0.261799,-0.258068,0.003731,-0.134310
0.794763,-0.261799,-0.258068,0.003731,-0.134310
0.804827,-0.261799,-0.258068,0.003731,-0.134310
0.814888,-0.261799,-0.258068,0.003731,-0.134310
0.824950,-0.261799,-0.258068,0.003731,-0.134310
0.835013,-0.261799,-0.258068,0.003731,-0.134310
0.845035,-0.261799,-0.258068,0.003731,-0.134310
0.855101,-0.261799,-0.258068,0.003731,-0.134310
0.865165,-0.261799,-0.258068,0.003731,-0.134310
0.875223,-0.261799,-0.258068,0.003731,-0.134310
0.885282,-0.261799,-0.258068,0.003731,-0.134310
0.895340,-0.261799,-0.258068,0.003731,-0.134310
0.905401,-0.261799,-0.258068,0.003731,-0.134310
0.915463,-0.261799,-0.258068,0.003731,-0.134310
0.925523,-0.261799,-0.258068,0.003731,-0.134310
0.935582,-0.261799,-0.258068,0.003731,-0.134310
0.945642,-0.261799,-0.258068,0.003731,-0.134310
0.955703,-0.261799,-0.258068,0.003731,-0.134310
0.965766,-0.261799,-0.258068,0.003731,-0.134310
0.975829,-0.261799,-0.258068,0.003731,-0.134310
0.985883,-0.261799,-0.258068,0.003731,-0.134310
0.995937,-0.261799,-0.258068,0.003731,-0.134310
1.005991,-0.261015,-0.258068,0.002947,-0.134310
1.016046,-0.259699,-0.258068,0.001631,-0.134310
1.026098,-0.258383,-0.258068,0.000315,-0.134310
1.036150,-0.257067,-0.258068,-0.001001,-0.134310
1.046202,-0.255752,-0.258068,-0.002317,-0.134310
1.056254,-0.254436,-0.258068,-0.003632,-0.134310
1.066364,-0.253112,-0.258068,-0.004956,-0.134310
1.076417,-0.251796,-0.258068,-0.006272,-0.134310
1.086442,-0.250484,-0.258068,-0.007584,-0.134310
1.096505,-0.249167,-0.258068,-0.008901,-0.134310
1.106567,-0.247850,-0.258068,-0.010218,-0.134310
1.116629,-0.246533,-0.258068,-0.011536,-0.134310
1.126693,-0.245215,-0.258068,-0.012853,-0.134310
1.136757,-0.243898,-0.258068,-0.014170,-0.134310
1.146821,-0.242581,-0.258068,-0.015488,-0.134310
1.156882,-0.241264,-0.258068,-0.016805,-0.134310
1.166945,-0.239946,-0.257687,-0.017740,0.056166
1.177008,-0.238629,-0.257687,-0.019058,0.056166
1.187073,-0.237312,-0.257687,-0.020375,0.056166
1.197133,-0.235995,-0.257687,-0.021692,0.056166
1.207197,-0.234677,-0.257687,-0.023009,0.056166
1.217258,-0.233360,-0.257687,-0.024326,0.056166
1.227321,-0.232043,-0.254253,-0.022210,0.041514
1.237374,-0.230727,-0.254253,-0.023526,0.041514
1.247427,-0.229411,-0.254253,-0.024842,0.041514
1.257454,-0.228099,-0.254253,-0.026155,0.041514
1.267508,-0.226783,-0.254253,-0.027471,0.041514
1.277589,-0.225463,-0.254253,-0.028790,0.041514
1.287651,-0.224146,-0.250439,-0.026293,0.070818
1.297715,-0.222829,-0.250439,-0.027610,0.070818
1.307768,-0.221513,-0.250439,-0.028926,0.070818
1.317820,-0.220197,-0.250439,-0.030242,0.070818
1.327873,-0.218881,-0.246242,-0.027362,0.061050
1.337925,-0.217565,-0.246242,-0.028677,0.061050
1.347978,-0.216249,-0.246242,-0.029993,0.061050
1.358039,-0.214932,-0.246242,-0.031310,0.061050
1.368103,-0.213615,-0.242046,-0.028431,0.129426
1.378167,-0.212297,-0.242046,-0.029749,0.129426
1.388227,-0.210981,-0.242046,-0.031066,0.129426
1.398290,-0.209663,-0.242046,-0.032383,0.129426
1.408344,-0.208347,-0.242046,-0.033699,0.129426
1.418405,-0.207030,-0.242046,-0.035016,0.129426
1.428451,-0.205715,-0.235180,-0.029464,0.036630
1.438510,-0.204399,-0.235180,-0.030781,0.036630
1.448572,-0.203082,-0.235180,-0.032098,0.036630
1.458634,-0.201764,-0.235180,-0.033415,0.036630
1.468687,-0.200448,-0.235180,-0.034731,0.036630
1.478752,-0.199131,-0.235180,-0.036049,0.036630
1.488806,-0.197815,-0.235180,-0.037365,0.036630
1.498868,-0.196498,-0.235180,-0.038682,0.036630
1.509018,-0.195169,-0.235180,-0.040011,0.036630
1.519080,-0.193852,-0.235180,-0.041328,0.036630
1.529142,-0.192535,-0.235180,-0.042645,0.036630
1.539204,-0.191218,-0.235180,-0.043962,0.036630
1.549264,-0.189901,-0.235180,-0.045279,0.036630
1.559328,-0.188584,-0.223354,-0.034770,0.114774
1.569380,-0.187268,-0.222591,-0.035323,0.158730
1.579432,-0.185952,-0.222591,-0.036639,0.158730
1.589484,-0.184636,-0.222591,-0.037955,0.158730
1.599540,-0.183320,-0.222591,-0.039271,0.158730
1.609593,-0.182004,-0.222591,-0.040587,0.158730
1.619645,-0.180688,-0.222591,-0.041903,0.158730
1.629698,-0.179372,-0.222591,-0.043219,0.158730
1.639750,-0.178056,-0.222591,-0.044535,0.158730
1.649804,-0.176740,-0.222591,-0.045851,0.158730
1.659855,-0.175425,-0.222591,-0.047166,0.158730
1.669908,-0.174109,-0.222591,-0.048482,0.158730
1.679960,-0.172793,-0.222591,-0.049798,0.158730
1.690012,-0.171477,-0.222591,-0.051114,0.158730
1.700064,-0.170161,-0.222591,-0.052430,0.158730
1.710116,-0.168845,-0.222591,-0.053746,0.158730
1.720168,-0.167530,-0.222591,-0.055061,0.158730
1.730220,-0.166214,-0.222591,-0.056377,0.158730
1.740281,-0.164897,-0.222591,-0.057694,0.158730
1.750344,-0.163580,-0.222591,-0.059011,0.158730
1.760416,-0.162261,-0.222591,-0.060330,0.158730
1.770454,-0.160947,-0.222591,-0.061644,0.158730
1.780515,-0.159630,-0.222591,-0.062961,0.158730
1.790577,-0.158313,-0.222591,-0.064278,0.158730
1.800640,-0.156996,-0.222591,-0.065595,0.158730
1.810704,-0.155679,-0.222591,-0.066912,0.158730
1.820764,-0.154362,-0.222591,-0.068229,0.158730
1.830827,-0.153044,-0.222591,-0.069547,0.158730
1.840891,-0.151727,-0.222591,-0.070864,0.158730
1.850952,-0.150410,-0.222591,-0.072181,0.158730
1.861015,-0.149093,-0.222591,-0.073498,0.158730
1.871079,-0.147775,-0.222591,-0.074816,0.158730
1.881143,-0.146458,-0.222591,-0.076133,0.158730
1.891204,-0.145141,-0.222591,-0.077450,0.158730
1.901268,-0.143824,-0.222591,-0.078767,0.158730
1.911329,-0.142507,-0.222591,-0.080084,0.158730
1.921391,-0.141190,-0.222591,-0.081401,0.158730
1.931455,-0.139872,-0.222591,-0.082719,0.158730
1.941523,-0.138554,-0.222591,-0.084037,0.158730
1.951584,-0.137237,-0.222591,-0.085354,0.158730
1.961649,-0.135920,-0.222591,-0.086671,0.158730
1.971716,-0.134602,-0.222591,-0.087989,0.158730
1.981781,-0.133285,-0.222591,-0.089306,0.158730
1.991834,-0.131969,-0.222591,-0.090622,0.158730
2.001895,-0.130652,-0.222591,-0.091939,0.158730
2.011959,-0.129334,-0.222591,-0.093257,0.158730
2.022013,-0.128018,-0.222591,-0.094573,0.158730
2.032067,-0.126702,-0.222591,-0.095889,0.158730
2.042119,-0.125386,-0.222591,-0.097205,0.158730
2.052171,-0.124071,-0.222591,-0.098520,0.158730
2.062223,-0.122755,-0.222591,-0.099836,0.158730
2.072275,-0.121439,-0.222591,-0.101152,0.158730
2.082326,-0.120123,-0.222591,-0.102468,0.158730
2.092379,-0.118807,-0.222591,-0.103784,0.158730
2.102432,-0.117491,-0.222591,-0.105100,0.158730
2.112494,-0.116174,-0.222591,-0.106417,0.158730
2.122557,-0.114857,-0.197414,-0.082557,0.119658
2.132613,-0.113541,-0.197414,-0.083873,0.119658
2.142677,-0.112223,-0.197414,-0.085190,0.119658
2.152737,-0.110907,-0.197414,-0.086507,0.119658
2.162798,-0.109589,-0.197414,-0.087824,0.119658
2.172860,-0.108272,-0.197414,-0.089141,0.119658
2.182921,-0.106955,-0.197414,-0.090458,0.119658
2.192975,-0.105639,-0.197414,-0.091774,0.119658
2.203092,-0.104315,-0.166514,-0.062199,0.056166
2.213154,-0.102998,-0.166514,-0.063516,0.056166
2.223214,-0.101681,-0.166514,-0.064833,0.056166
2.233267,-0.100365,-0.166514,-0.066149,0.056166
2.243317,-0.099050,-0.166514,-0.067465,0.056166
2.253378,-0.097733,-0.166514,-0.068782,0.056166
2.263439,-0.096416,-0.166514,-0.070098,0.056166
2.273502,-0.095098,-0.166514,-0.071416,0.056166
2.283562,-0.093782,-0.166514,-0.072733,0.056166
2.293624,-0.092464,-0.166514,-0.074050,0.056166
2.303680,-0.091148,-0.166514,-0.075366,0.056166
2.313743,-0.089831,-0.166514,-0.076683,0.056166
2.323801,-0.088514,-0.166514,-0.078000,0.056166
2.333863,-0.087197,-0.166514,-0.079317,0.056166
2.343926,-0.085880,-0.166514,-0.080634,0.056166
2.353988,-0.084563,-0.166514,-0.081951,0.056166
2.364051,-0.083245,-0.166514,-0.083269,0.056166
2.374110,-0.081929,-0.166514,-0.084585,0.056166
2.384172,-0.080612,-0.166514,-0.085902,0.056166
2.394231,-0.079295,-0.129129,-0.049834,0.158730
2.404285,-0.077979,-0.129129,-0.051151,0.158730
2.414344,-0.076662,-0.129129,-0.052467,0.158730
2.424404,-0.075345,-0.129129,-0.053784,0.158730
2.434462,-0.074029,-0.129129,-0.055101,0.158730
2.444527,-0.072711,-0.129129,-0.056418,0.158730
2.454588,-0.071394,-0.129129,-0.057735,0.158730
2.464651,-0.070077,-0.129129,-0.059052,0.158730
2.474714,-0.068760,-0.129129,-0.060370,0.158730
2.484777,-0.067443,-0.129129,-0.061687,0.158730
2.494838,-0.066125,-0.129129,-0.063004,0.158730
2.504904,-0.064808,-0.129129,-0.064322,0.158730
2.514967,-0.063491,-0.129129,-0.065639,0.158730
2.525030,-0.062173,-0.129129,-0.066956,0.158730
2.535094,-0.060856,-0.129129,-0.068273,0.158730
2.545157,-0.059539,-0.129129,-0.069591,0.158730
2.555219,-0.058222,-0.129129,-0.070908,0.158730
2.565272,-0.056906,-0.129129,-0.072224,0.158730
2.575330,-0.055589,-0.129129,-0.073540,0.158730
2.585385,-0.054273,-0.129129,-0.074856,0.158730
2.595448,-0.052956,-0.129129,-0.076174,0.158730
2.605502,-0.051640,-0.129129,-0.077490,0.158730
2.615565,-0.050322,-0.129129,-0.078807,0.158730
2.625628,-0.049005,-0.129129,-0.080124,0.158730
2.635687,-0.047689,-0.129129,-0.081441,0.158730
2.645748,-0.046371,-0.129129,-0.082758,0.158730
2.655807,-0.045055,-0.095560,-0.050505,0.158730
2.665869,-0.043738,-0.095560,-0.051822,0.158730
2.675928,-0.042421,-0.095560,-0.053139,0.158730
2.686086,-0.041091,-0.095560,-0.054468,0.158730
2.696148,-0.039774,-0.095560,-0.055785,0.158730
2.706213,-0.038457,-0.095560,-0.057103,0.158730
2.716276,-0.037139,-0.095560,-0.058420,0.158730
2.726338,-0.035822,-0.095560,-0.059737,0.158730
2.736390,-0.034506,-0.095560,-0.061053,0.158730
2.746454,-0.033189,-0.095560,-0.062371,0.158730
2.756515,-0.031872,-0.095560,-0.063688,0.158730
2.766577,-0.030555,-0.095560,-0.065005,0.158730
2.776635,-0.029238,-0.095560,-0.066321,0.158730
2.786696,-0.027921,-0.095560,-0.067638,0.158730
2.796757,-0.026604,-0.095560,-0.068955,0.158730
2.806820,-0.025287,-0.095560,-0.070272,0.158730
2.816883,-0.023970,-0.095560,-0.071590,0.158730
2.826949,-0.022652,-0.095560,-0.072907,0.158730
2.837013,-0.021335,-0.095560,-0.074225,0.158730
2.847075,-0.020018,-0.095560,-0.075542,0.158730
2.857135,-0.018701,-0.095560,-0.076859,0.158730
2.867188,-0.017385,-0.095560,-0.078175,0.158730
2.877240,-0.016069,-0.095560,-0.079490,0.158730
2.887292,-0.014753,-0.095560,-0.080806,0.158730
2.897352,-0.013437,-0.095560,-0.082123,0.158730
2.907420,-0.012119,-0.095560,-0.083441,0.158730
2.917483,-0.010802,-0.095560,-0.084758,0.158730
2.927545,-0.009484,-0.095560,-0.086075,0.158730
2.937609,-0.008167,-0.095560,-0.087393,0.158730
2.947671,-0.006850,-0.095560,-0.088710,0.158730
2.957732,-0.005533,-0.095560,-0.090027,0.158730
2.967796,-0.004215,-0.095560,-0.091344,0.158730
2.977857,-0.002898,-0.095560,-0.092661,0.158730
2.987910,-0.001583,-0.095560,-0.093977,0.158730
2.997971,-0.000266,-0.095560,-0.095294,0.158730
3.008034,0.001052,-0.095560,-0.096611,0.158730
3.018097,0.002369,-0.095560,-0.097929,0.158730
3.028160,0.003686,-0.095560,-0.099246,0.158730
3.038221,0.005003,-0.095560,-0.100563,0.158730
3.048284,0.006320,-0.095560,-0.101880,0.158730
3.058347,0.007638,-0.057794,-0.065431,0.188034
3.068412,0.008955,-0.057794,-0.066749,0.188034
3.078473,0.010272,-0.057794,-0.068066,0.188034
3.088534,0.011589,-0.057794,-0.069383,0.188034
3.098598,0.012906,-0.057794,-0.070700,0.188034
3.108660,0.014224,-0.057794,-0.072017,0.188034
3.118723,0.015541,-0.057794,-0.073334,0.188034
3.128817,0.016862,-0.037575,-0.054437,0.148962
3.138882,0.018180,-0.034142,-0.052322,0.134310
3.148942,0.019496,-0.034142,-0.053639,0.134310
3.159005,0.020814,-0.034142,-0.054956,0.134310
3.169069,0.022131,-0.034142,-0.056273,0.134310
3.179130,0.023448,-0.034142,-0.057590,0.134310
3.189193,0.024765,-0.034142,-0.058907,0.134310
3.199248,0.026081,-0.034142,-0.060224,0.134310
3.209300,0.027397,-0.034142,-0.061539,0.134310
3.219353,0.028713,-0.034142,-0.062855,0.134310
3.229416,0.030030,-0.034142,-0.064173,0.134310
3.239443,0.031343,-0.034142,-0.065485,0.134310
3.249453,0.032653,-0.034142,-0.066795,0.134310
3.259517,0.033971,-0.034142,-0.068113,0.134310
3.269582,0.035288,-0.034142,-0.069430,0.134310
3.279644,0.036605,-0.034142,-0.070747,0.134310
3.289707,0.037922,-0.034142,-0.072065,0.134310
3.299770,0.039240,-0.034142,-0.073382,0.134310
3.309824,0.040556,-0.034142,-0.074698,0.134310
3.319876,0.041872,-0.034142,-0.076014,0.134310
3.329938,0.043189,-0.034142,-0.077331,0.134310
3.339991,0.044505,-0.034142,-0.078647,0.134310
3.350045,0.045821,-0.034142,-0.079963,0.134310
3.360098,0.047137,-0.034142,-0.081279,0.134310
3.370160,0.048454,-0.034142,-0.082596,0.134310
3.380214,0.049770,-0.034142,-0.083912,0.134310
3.390278,0.051087,-0.034142,-0.085229,0.134310
3.400337,0.052404,0.001335,-0.051069,0.085470
3.410391,0.053720,0.001335,-0.052385,0.085470
3.420445,0.055036,0.001335,-0.053701,0.085470
3.430454,0.056346,0.001335,-0.055011,0.085470
3.440508,0.057662,0.001335,-0.056327,0.085470
3.450571,0.058980,0.001335,-0.057644,0.085470
3.460635,0.060297,0.001335,-0.058962,0.085470
3.470696,0.061614,0.001335,-0.060279,0.085470
3.480759,0.062931,0.001335,-0.061596,0.085470
3.490793,0.064245,0.001335,-0.062909,0.085470
3.500857,0.065562,0.001335,-0.064227,0.085470
3.510917,0.066879,0.001335,-0.065544,0.085470
3.520980,0.068196,0.001335,-0.066861,0.085470
3.531044,0.069514,0.024605,-0.044908,0.129426
3.541106,0.070831,0.024605,-0.046225,0.129426
3.551169,0.072148,0.024605,-0.047543,0.129426
3.561232,0.073465,0.024605,-0.048860,0.129426
3.571346,0.074789,0.024605,-0.050184,0.129426
3.581400,0.076105,0.024605,-0.051500,0.129426
3.591463,0.077422,0.024605,-0.052817,0.129426
3.601527,0.078740,0.024605,-0.054134,0.129426
3.611588,0.080057,0.024605,-0.055452,0.129426
3.621651,0.081374,0.024605,-0.056769,0.129426
3.631714,0.082691,0.024605,-0.058086,0.129426
3.641778,0.084009,0.024605,-0.059403,0.129426
3.651842,0.085326,0.024605,-0.060721,0.129426
3.661904,0.086643,0.024605,-0.062038,0.129426
3.671967,0.087960,0.024605,-0.063355,0.129426
3.682032,0.089278,0.024605,-0.064673,0.129426
3.692096,0.090595,0.024605,-0.065990,0.129426
3.702161,0.091913,0.024605,-0.067307,0.129426
3.712223,0.093230,0.024605,-0.068625,0.129426
3.722284,0.094547,0.024605,-0.069942,0.129426
3.732348,0.095864,0.024605,-0.071259,0.129426
3.742413,0.097182,0.024605,-0.072576,0.129426
3.752454,0.098496,0.024605,-0.073891,0.129426
3.762517,0.099813,0.024605,-0.075208,0.129426
3.772581,0.101131,0.024605,-0.076525,0.129426
3.782655,0.102449,0.024605,-0.077844,0.129426
3.792720,0.103767,0.024605,-0.079162,0.129426
3.802782,0.105084,0.024605,-0.080479,0.129426
3.812845,0.106401,0.024605,-0.081796,0.129426
3.822903,0.107718,0.024605,-0.083113,0.129426
3.832967,0.109035,0.024605,-0.084430,0.129426
3.843031,0.110352,0.024605,-0.085747,0.129426
3.853094,0.111670,0.055123,-0.056547,0.212454
3.863156,0.112987,0.055123,-0.057864,0.212454
3.873208,0.114303,0.055123,-0.059179,0.212454
3.883271,0.115620,0.055123,-0.060497,0.212454
3.893332,0.116937,0.055123,-0.061814,0.212454
3.903397,0.118254,0.055123,-0.063131,0.212454
3.913460,0.119572,0.055123,-0.064448,0.212454
3.923524,0.120889,0.055123,-0.065766,0.212454
3.933578,0.122205,0.055123,-0.067082,0.212454
3.943640,0.123522,0.055123,-0.068399,0.212454
3.953703,0.124839,0.055123,-0.069716,0.212454
3.963766,0.126157,0.055123,-0.071033,0.212454
3.973827,0.127474,0.055123,-0.072350,0.212454
3.983890,0.128791,0.081445,-0.047346,0.178266
3.993942,0.130107,0.081445,-0.048662,0.178266
4.003995,0.131423,0.081445,-0.049978,0.178266
4.014139,0.132751,0.081445,-0.051305,0.178266
4.024202,0.134068,0.081445,-0.052623,0.178266
4.034266,0.135385,0.081445,-0.053940,0.178266
4.044330,0.136702,0.081445,-0.055257,0.178266
4.054391,0.138019,0.081445,-0.056574,0.178266
4.064454,0.139337,0.081445,-0.057892,0.178266
4.074514,0.140654,0.081445,-0.059208,0.178266
4.084577,0.141971,0.081445,-0.060526,0.178266
4.094640,0.143288,0.081445,-0.061843,0.178266
4.104706,0.144606,0.081445,-0.063161,0.178266
4.114771,0.145923,0.081445,-0.064478,0.178266
4.124832,0.147240,0.081445,-0.065795,0.178266
4.134896,0.148558,0.103952,-0.044605,0.178266
4.144960,0.149875,0.103952,-0.045923,0.178266
4.155024,0.151192,0.103952,-0.047240,0.178266
4.165085,0.152509,0.103952,-0.048557,0.178266
4.175148,0.153826,0.103952,-0.049874,0.178266
4.185208,0.155143,0.103952,-0.051191,0.178266
4.195271,0.156461,0.103952,-0.052508,0.178266
4.205337,0.157778,0.103952,-0.053826,0.178266
4.215400,0.159096,0.103952,-0.055143,0.178266
4.225456,0.160412,0.103952,-0.056460,0.178266
4.235511,0.161728,0.103952,-0.057776,0.178266
4.245574,0.163045,0.103952,-0.059093,0.178266
4.255638,0.164363,0.103952,-0.060411,0.178266
4.265700,0.165680,0.103952,-0.061728,0.178266
4.275763,0.166997,0.103952,-0.063045,0.178266
4.285824,0.168314,0.103952,-0.064362,0.178266
4.295886,0.169631,0.103952,-0.065679,0.178266
4.305941,0.170947,0.103952,-0.066995,0.178266
4.315994,0.172263,0.103952,-0.068311,0.178266
4.326058,0.173581,0.103952,-0.069628,0.178266
4.336120,0.174898,0.103952,-0.070946,0.178266
4.346184,0.176215,0.103952,-0.072263,0.178266
4.356245,0.177532,0.103952,-0.073580,0.178266
4.366286,0.178846,0.130274,-0.048573,0.178266
4.376349,0.180164,0.132563,-0.047601,0.139194
4.386412,0.181481,0.132563,-0.048918,0.139194
4.396472,0.182798,0.132563,-0.050235,0.139194
4.406524,0.184114,0.132563,-0.051551,0.139194
4.416583,0.185430,0.132563,-0.052868,0.139194
4.426644,0.186747,0.132563,-0.054185,0.139194
4.436707,0.188064,0.132563,-0.055502,0.139194
4.446767,0.189381,0.145914,-0.043467,0.173382
4.456831,0.190699,0.145914,-0.044784,0.173382
4.466893,0.192016,0.145914,-0.046101,0.173382
4.476955,0.193333,0.145914,-0.047419,0.173382
4.487019,0.194650,0.145914,-0.048736,0.173382
4.497083,0.195968,0.145914,-0.050053,0.173382
4.507149,0.197285,0.156214,-0.041071,0.178266
4.517210,0.198602,0.156214,-0.042388,0.178266
4.527273,0.199920,0.156214,-0.043705,0.178266
4.537337,0.201237,0.156214,-0.045023,0.178266
4.547396,0.202554,0.156214,-0.046339,0.178266
4.557460,0.203871,0.156214,-0.047657,0.178266
4.567524,0.205188,0.166514,-0.038674,0.119658
4.577588,0.206506,0.166514,-0.039992,0.119658
4.587649,0.207823,0.166514,-0.041309,0.119658
4.597712,0.209140,0.171092,-0.038048,0.134310
4.607778,0.210458,0.171092,-0.039366,0.134310
4.617842,0.211775,0.171092,-0.040683,0.134310
4.627906,0.213092,0.171092,-0.042001,0.134310
4.637967,0.214409,0.171092,-0.043318,0.134310
4.648029,0.215726,0.171092,-0.044635,0.134310
4.658092,0.217044,0.171092,-0.045952,0.134310
4.668153,0.218361,0.171092,-0.047269,0.134310
4.678216,0.219678,0.171092,-0.048586,0.134310
4.688383,0.221009,0.171092,-0.049917,0.134310
4.698444,0.222326,0.171092,-0.051234,0.134310
4.708511,0.223644,0.171092,-0.052552,0.134310
4.718565,0.224960,0.171092,-0.053868,0.134310
4.728619,0.226276,0.171092,-0.055184,0.134310
4.738672,0.227592,0.171092,-0.056500,0.134310
4.748725,0.228908,0.171092,-0.057816,0.134310
4.758786,0.230225,0.171092,-0.059133,0.134310
4.768848,0.231542,0.171092,-0.060450,0.134310
4.778912,0.232859,0.171092,-0.061767,0.134310
4.788973,0.234176,0.171092,-0.063084,0.134310
4.799036,0.235493,0.171092,-0.064401,0.134310
4.809101,0.236811,0.171092,-0.065719,0.134310
4.819164,0.238128,0.171092,-0.067036,0.134310
4.829230,0.239446,0.171092,-0.068354,0.134310
4.839294,0.240763,0.171092,-0.069671,0.134310
4.849357,0.242080,0.171092,-0.070988,0.134310
4.859418,0.243397,0.171092,-0.072305,0.134310
4.869482,0.244715,0.171092,-0.073623,0.134310
4.879543,0.246032,0.171092,-0.074940,0.134310
4.889606,0.247349,0.171092,-0.076257,0.134310
4.899668,0.248666,0.171092,-0.077574,0.134310
4.909732,0.249983,0.171092,-0.078892,0.134310
4.919809,0.251302,0.171092,-0.080211,0.134310
4.929871,0.252620,0.171092,-0.081528,0.134310
4.939932,0.253937,0.171092,-0.082845,0.134310
4.949997,0.255254,0.171092,-0.084162,0.134310
4.960059,0.256571,0.171092,-0.085479,0.134310
4.970121,0.257888,0.171092,-0.086797,0.134310
4.980185,0.259206,0.171092,-0.088114,0.134310
4.990237,0.260521,0.196269,-0.064252,0.158730
5.000289,0.261762,0.196269,-0.065492,0.158730
5.010342,0.260446,0.196269,-0.064177,0.158730
5.020393,0.259130,0.196269,-0.062861,0.158730
5.030452,0.257813,0.196269,-0.061544,0.158730
5.040509,0.256497,0.196269,-0.060228,0.158730
5.050564,0.255181,0.196269,-0.058911,0.158730
5.060618,0.253864,0.196269,-0.057595,0.158730
5.070679,0.252548,0.196269,-0.056278,0.158730
5.080741,0.251230,0.196269,-0.054961,0.158730
5.090802,0.249913,0.196269,-0.053644,0.158730
5.100863,0.248596,0.224498,-0.024098,0.153846
5.110917,0.247280,0.225261,-0.022019,0.090354
5.120980,0.245963,0.225261,-0.020702,0.090354
5.131063,0.244643,0.225261,-0.019382,0.090354
5.141118,0.243327,0.225261,-0.018066,0.090354
5.151179,0.242010,0.225261,-0.016749,0.090354
5.161243,0.240693,0.225261,-0.015431,0.090354
5.171305,0.239376,0.230220,-0.009155,0.217338
5.181368,0.238058,0.230220,-0.007838,0.217338
5.191431,0.236741,0.230220,-0.006521,0.217338
5.201459,0.235428,0.230220,-0.005208,0.217338
5.211524,0.234111,0.230220,-0.003890,0.217338
5.221578,0.232795,0.230220,-0.002574,0.217338
5.231640,0.231478,0.230220,-0.001257,0.217338
5.241702,0.230161,0.230220,0.000060,0.217338
5.251763,0.228844,0.230220,0.001377,0.217338
5.261823,0.227527,0.230220,0.002694,0.217338
5.271885,0.226210,0.230220,0.004011,0.217338
5.281949,0.224892,0.230220,0.005328,0.217338
5.292010,0.223575,0.230220,0.006645,0.217338
5.302060,0.222260,0.230220,0.007961,0.217338
5.312112,0.220944,0.230220,0.009276,0.217338
5.322174,0.219627,0.230220,0.010594,0.217338
5.332238,0.218310,0.230220,0.011911,0.217338
5.342292,0.216994,0.230220,0.013227,0.217338
5.352354,0.215676,0.230220,0.014544,0.217338
5.362418,0.214359,0.230220,0.015862,0.217338
5.372480,0.213042,0.230220,0.017179,0.217338
5.382538,0.211725,0.230220,0.018495,0.217338
5.392600,0.210408,0.230220,0.019812,0.217338
5.402661,0.209091,0.230220,0.021129,0.217338
5.412724,0.207774,0.230220,0.022447,0.217338
5.422788,0.206457,0.230220,0.023764,0.217338
5.432849,0.205140,0.230220,0.025081,0.217338
5.442912,0.203822,0.230220,0.026398,0.217338
5.452975,0.202505,0.230220,0.027715,0.217338
5.463040,0.201188,0.230220,0.029033,0.217338
5.473100,0.199871,0.230220,0.030350,0.217338
5.483163,0.198553,0.230220,0.031667,0.217338
5.493224,0.197237,0.230220,0.032984,0.217338
5.503286,0.195919,0.230220,0.034301,0.217338
5.513348,0.194602,0.230220,0.035618,0.217338
5.523410,0.193285,0.230220,0.036935,0.217338
5.533454,0.191970,0.230220,0.038250,0.217338
5.543510,0.190654,0.230220,0.039566,0.217338
5.553563,0.189338,0.230220,0.040882,0.217338
5.563616,0.188022,0.230220,0.042198,0.217338
5.573670,0.186706,0.230220,0.043514,0.217338
5.583730,0.185389,0.230220,0.044831,0.217338
5.593794,0.184072,0.230220,0.046149,0.217338
5.603857,0.182755,0.230220,0.047466,0.217338
5.613919,0.181438,0.230220,0.048783,0.217338
5.623980,0.180121,0.230220,0.050100,0.217338
5.634041,0.178804,0.230220,0.051417,0.217338
5.644102,0.177487,0.232891,0.055404,0.139194
5.654163,0.176170,0.230983,0.054814,-0.056166
5.664226,0.174852,0.230983,0.056131,-0.056166
5.674289,0.173535,0.230983,0.057448,-0.056166
5.684352,0.172218,0.230983,0.058766,-0.056166
5.694417,0.170900,0.219539,0.048639,-0.124542
5.704482,0.169583,0.219539,0.049956,-0.124542
5.714545,0.168266,0.219539,0.051273,-0.124542
5.724607,0.166949,0.219539,0.052591,-0.124542
5.734671,0.165631,0.219539,0.053908,-0.124542
5.744732,0.164314,0.219539,0.055225,-0.124542
5.754795,0.162997,0.219539,0.056542,-0.124542
5.764858,0.161680,0.204280,0.042600,-0.139194
5.774923,0.160362,0.204280,0.043918,-0.139194
5.784986,0.159045,0.199702,0.040657,-0.105006
5.795048,0.157728,0.199702,0.041975,-0.105006
5.805110,0.156411,0.199702,0.043292,-0.105006
5.815175,0.155093,0.199702,0.044609,-0.105006
5.825241,0.153776,0.199702,0.045927,-0.105006
5.835303,0.152459,0.199702,0.047244,-0.105006
5.845363,0.151142,0.199702,0.048561,-0.105006
5.855427,0.149824,0.199702,0.049878,-0.105006
5.865444,0.148513,0.199702,0.051189,-0.105006
5.875452,0.147203,0.199702,0.052499,-0.105006
5.885508,0.145887,0.199702,0.053816,-0.105006
5.895569,0.144570,0.199702,0.055133,-0.105006
5.905633,0.143252,0.199702,0.056450,-0.105006
5.915695,0.141935,0.199702,0.057767,-0.105006
5.925757,0.140618,0.199702,0.059084,-0.105006
5.935821,0.139301,0.199702,0.060402,-0.105006
5.945882,0.137984,0.199702,0.061719,-0.105006
5.955935,0.136668,0.175669,0.039002,-0.158730
5.965987,0.135352,0.175669,0.040318,-0.158730
5.976039,0.134036,0.175669,0.041633,-0.158730
5.986091,0.132720,0.175669,0.042949,-0.158730
5.996151,0.131404,0.175669,0.044266,-0.158730
6.006205,0.130087,0.175669,0.045582,-0.158730
6.016257,0.128772,0.175669,0.046898,-0.158730
6.026320,0.127454,0.175669,0.048215,-0.158730
6.036382,0.126137,0.175669,0.049532,-0.158730
6.046447,0.124820,0.175669,0.050850,-0.158730
6.056456,0.123510,0.175669,0.052160,-0.158730
6.066511,0.122193,0.175669,0.053476,-0.158730
6.076577,0.120876,0.175669,0.054794,-0.158730
6.086639,0.119559,0.175669,0.056111,-0.158730
6.096702,0.118241,0.175669,0.057428,-0.158730
6.106763,0.116924,0.175669,0.058745,-0.158730
6.116818,0.115608,0.175669,0.060061,-0.158730
6.126880,0.114291,0.175669,0.061378,-0.158730
6.136935,0.112975,0.175669,0.062695,-0.158730
6.146987,0.111659,0.175669,0.064010,-0.158730
6.157051,0.110342,0.175669,0.065328,-0.158730
6.167115,0.109024,0.175669,0.066645,-0.158730
6.177155,0.107710,0.175669,0.067959,-0.158730
6.187215,0.106393,0.175669,0.069276,-0.158730
6.197276,0.105076,0.175669,0.070593,-0.158730
6.207341,0.103759,0.175669,0.071911,-0.158730
6.217404,0.102442,0.175669,0.073228,-0.158730
6.227465,0.101125,0.175669,0.074545,-0.158730
6.237528,0.099807,0.175669,0.075862,-0.158730
6.247592,0.098490,0.175669,0.077179,-0.158730
6.257655,0.097173,0.175669,0.078497,-0.158730
6.267716,0.095856,0.175669,0.079814,-0.158730
6.277778,0.094539,0.175669,0.081131,-0.158730
6.287842,0.093221,0.146296,0.053075,-0.168498
6.297904,0.091904,0.146296,0.054392,-0.168498
6.307959,0.090588,0.140192,0.049604,-0.085470
6.318012,0.089272,0.140192,0.050920,-0.085470
6.328075,0.087955,0.140192,0.052237,-0.085470
6.338139,0.086637,0.140192,0.053555,-0.085470
6.348205,0.085320,0.140192,0.054872,-0.085470
6.358266,0.084003,0.140192,0.056189,-0.085470
6.368328,0.082686,0.126841,0.044155,-0.105006
6.378389,0.081369,0.126841,0.045472,-0.105006
6.388451,0.080052,0.126841,0.046789,-0.105006
6.398513,0.078734,0.126841,0.048106,-0.105006
6.408567,0.077418,0.126841,0.049422,-0.105006
6.418630,0.076101,0.116159,0.040058,-0.085470
6.428692,0.074784,0.116159,0.041375,-0.085470
6.438860,0.073453,0.116159,0.042706,-0.085470
6.448925,0.072135,0.116159,0.044024,-0.085470
6.458989,0.070818,0.116159,0.045341,-0.085470
6.469050,0.069501,0.116159,0.046658,-0.085470
6.479111,0.068184,0.116159,0.047975,-0.085470
6.489175,0.066867,0.116159,0.049292,-0.085470
6.499236,0.065550,0.116159,0.050609,-0.085470
6.509300,0.064232,0.116159,0.051927,-0.085470
6.519363,0.062915,0.116159,0.053244,-0.085470
6.529427,0.061598,0.116159,0.054561,-0.085470
6.539489,0.060281,0.116159,0.055879,-0.085470
6.549552,0.058964,0.096704,0.037741,-0.144078
6.559615,0.057646,0.096704,0.039058,-0.144078
6.569667,0.056330,0.092889,0.036559,-0.144078
6.579729,0.055013,0.092889,0.037876,-0.144078
6.589792,0.053696,0.092889,0.039193,-0.144078
6.599856,0.052379,0.092889,0.040511,-0.144078
6.609917,0.051062,0.092889,0.041828,-0.144078
6.619981,0.049744,0.092889,0.043145,-0.144078
6.630044,0.048427,0.082589,0.034162,-0.075702
6.640106,0.047110,0.081827,0.034716,-0.183150
6.650169,0.045793,0.081827,0.036034,-0.183150
6.660232,0.044475,0.081827,0.037351,-0.183150
6.670296,0.043158,0.081827,0.038668,-0.183150
6.680358,0.041841,0.074960,0.033119,-0.080586
6.690420,0.040524,0.074960,0.034436,-0.080586
6.700483,0.039207,0.074960,0.035753,-0.080586
6.710546,0.037889,0.074960,0.037070,-0.080586
6.720608,0.036572,0.074960,0.038388,-0.080586
6.730670,0.035255,0.074960,0.039705,-0.080586
6.740731,0.033938,0.074960,0.041022,-0.080586
6.750794,0.032621,0.074960,0.042339,-0.080586
6.760857,0.031304,0.074960,0.043656,-0.080586
6.770918,0.029987,0.074960,0.044973,-0.080586
6.780981,0.028670,0.074960,0.046290,-0.080586
6.791044,0.027352,0.074960,0.047608,-0.080586
6.801108,0.026035,0.074960,0.048925,-0.080586
6.811171,0.024718,0.074960,0.050242,-0.080586
6.821233,0.023401,0.074960,0.051559,-0.080586
6.831297,0.022083,0.074960,0.052877,-0.080586
6.841357,0.020766,0.074960,0.054194,-0.080586
6.851419,0.019449,0.074960,0.055511,-0.080586
6.861456,0.018135,0.074960,0.056825,-0.080586
6.871511,0.016819,0.074960,0.058141,-0.080586
6.881574,0.015502,0.074960,0.059458,-0.080586
6.891638,0.014185,0.074960,0.060775,-0.080586
6.901699,0.012868,0.074960,0.062092,-0.080586
6.911763,0.011550,0.074960,0.063410,-0.080586
6.921823,0.010233,0.074960,0.064727,-0.080586
6.931885,0.008916,0.074960,0.066044,-0.080586
6.941948,0.007599,0.074960,0.067361,-0.080586
6.952012,0.006282,0.074960,0.068678,-0.080586
6.962073,0.004965,0.074960,0.069995,-0.080586
6.972137,0.003647,0.074960,0.071313,-0.080586
6.982200,0.002330,0.074960,0.072630,-0.080586
6.992253,0.001014,0.074960,0.073946,-0.080586
7.002316,-0.000303,0.074960,0.075263,-0.080586
7.012359,-0.001618,0.049401,0.051019,-0.026862
7.022423,-0.002935,0.049401,0.052336,-0.026862
7.032485,-0.004252,0.049401,0.053653,-0.026862
7.042548,-0.005569,0.049401,0.054971,-0.026862
7.052609,-0.006887,0.049401,0.056288,-0.026862
7.062673,-0.008204,0.049401,0.057605,-0.026862
7.072726,-0.009520,0.049401,0.058921,-0.026862
7.082788,-0.010837,0.049401,0.060238,-0.026862
7.092843,-0.012153,0.049401,0.061554,-0.026862
7.102906,-0.013470,0.049401,0.062871,-0.026862
7.112971,-0.014788,0.049401,0.064189,-0.026862
7.123032,-0.016105,0.049401,0.065506,-0.026862
7.133085,-0.017421,0.049401,0.066822,-0.026862
7.143148,-0.018738,0.049401,0.068139,-0.026862
7.153210,-0.020055,0.049401,0.069456,-0.026862
7.163272,-0.021372,0.049401,0.070773,-0.026862
7.173335,-0.022690,0.049401,0.072091,-0.026862
7.183399,-0.024007,0.049401,0.073408,-0.026862
7.193453,-0.025323,0.049401,0.074724,-0.026862
7.203506,-0.026639,0.049401,0.076040,-0.026862
7.213560,-0.027955,0.049401,0.077356,-0.026862
7.223613,-0.029271,0.049401,0.078672,-0.026862
7.233679,-0.030589,0.049401,0.079990,-0.026862
7.243739,-0.031905,0.049401,0.081306,-0.026862
7.253802,-0.033223,0.049401,0.082624,-0.026862
7.263863,-0.034540,0.049401,0.083941,-0.026862
7.273924,-0.035857,0.049401,0.085258,-0.026862
7.283982,-0.037173,0.049401,0.086574,-0.026862
7.294044,-0.038490,0.049401,0.087891,-0.026862
7.304108,-0.039808,0.049401,0.089209,-0.026862
7.314177,-0.041126,0.049401,0.090527,-0.026862
7.324241,-0.042443,0.049401,0.091844,-0.026862
7.334302,-0.043760,0.049401,0.093161,-0.026862
7.344361,-0.045077,0.049401,0.094478,-0.026862
7.354429,-0.046395,0.049401,0.095796,-0.026862
7.364491,-0.047712,0.049401,0.097113,-0.026862
7.374555,-0.049029,0.049401,0.098430,-0.026862
7.384617,-0.050346,0.049401,0.099747,-0.026862
7.394680,-0.051663,0.049401,0.101065,-0.026862
7.404745,-0.052981,0.049401,0.102382,-0.026862
7.414804,-0.054298,0.049401,0.103699,-0.026862
7.424863,-0.055614,0.049401,0.105016,-0.026862
7.434925,-0.056931,0.049401,0.106333,-0.026862
7.444987,-0.058249,0.049401,0.107650,-0.026862
7.455050,-0.059566,0.049401,0.108967,-0.026862
7.465109,-0.060883,0.049401,0.110284,-0.026862
7.475169,-0.062199,0.049401,0.111601,-0.026862
7.485230,-0.063516,0.049401,0.112918,-0.026862
7.495277,-0.064832,0.049401,0.114233,-0.026862
7.505341,-0.066149,0.049401,0.115550,-0.026862
7.515402,-0.067466,0.049401,0.116867,-0.026862
7.525464,-0.068783,0.049401,0.118184,-0.026862
7.535625,-0.070113,0.049401,0.119514,-0.026862
7.545688,-0.071430,0.049401,0.120831,-0.026862
7.555749,-0.072747,0.049401,0.122148,-0.026862
7.565802,-0.074063,0.049401,0.123464,-0.026862
7.575855,-0.075379,0.049401,0.124780,-0.026862
7.585918,-0.076696,0.049401,0.126098,-0.026862
7.595979,-0.078013,0.049401,0.127415,-0.026862
7.606042,-0.079331,0.049401,0.128732,-0.026862
7.616103,-0.080648,0.049401,0.130049,-0.026862
7.626167,-0.081965,0.049401,0.131366,-0.026862
7.636229,-0.083282,0.049401,0.132683,-0.026862
7.646291,-0.084599,0.049401,0.134000,-0.026862
7.656355,-0.085917,0.049401,0.135318,-0.026862
7.666417,-0.087234,0.049401,0.136635,-0.026862
7.676457,-0.088548,0.049401,0.137949,-0.026862
7.686517,-0.089865,0.049401,0.139266,-0.026862
7.696579,-0.091182,0.049401,0.140583,-0.026862
7.706640,-0.092499,0.049401,0.141900,-0.026862
7.716702,-0.093816,0.049401,0.143217,-0.026862
7.726765,-0.095133,0.049401,0.144534,-0.026862
7.736828,-0.096451,0.049401,0.145852,-0.026862
7.746889,-0.097768,0.049401,0.147169,-0.026862
7.756952,-0.099085,0.049401,0.148486,-0.026862
7.767052,-0.100407,0.049401,0.149808,-0.026862
7.777114,-0.101724,0.049401,0.151125,-0.026862
7.787177,-0.103041,0.049401,0.152442,-0.026862
7.797242,-0.104359,0.049401,0.153760,-0.026862
7.807304,-0.105676,0.049401,0.155077,-0.026862
7.817367,-0.106993,0.049401,0.156394,-0.026862
7.827430,-0.108310,0.049401,0.157711,-0.026862
7.837456,-0.109623,0.049401,0.159024,-0.026862
7.847512,-0.110939,0.049401,0.160340,-0.026862
7.857575,-0.112256,0.049401,0.161657,-0.026862
7.867639,-0.113574,0.049401,0.162975,-0.026862
7.877692,-0.114890,0.049401,0.164291,-0.026862
7.887753,-0.116207,0.049401,0.165608,-0.026862
7.897817,-0.117524,0.049401,0.166925,-0.026862
7.907882,-0.118841,0.049401,0.168243,-0.026862
7.917943,-0.120159,0.049401,0.169560,-0.026862
7.928006,-0.121476,0.049401,0.170877,-0.026862
7.938067,-0.122793,0.049401,0.172194,-0.026862
7.948129,-0.124110,0.049401,0.173511,-0.026862
7.958188,-0.125427,0.049401,0.174828,-0.026862
7.968251,-0.126744,0.049401,0.176145,-0.026862
7.978312,-0.128061,0.049401,0.177462,-0.026862
7.988376,-0.129378,0.049401,0.178779,-0.026862
7.998430,-0.130694,0.049401,0.180095,-0.026862
8.008451,-0.132006,0.049401,0.181407,-0.026862
8.018505,-0.133322,0.049401,0.182723,-0.026862
8.028568,-0.134639,0.049401,0.184040,-0.026862
8.038632,-0.135957,0.049401,0.185358,-0.026862
8.048694,-0.137274,0.049401,0.186675,-0.026862
8.058755,-0.138591,0.049401,0.187992,-0.026862
8.068817,-0.139908,0.049401,0.189309,-0.026862
8.078877,-0.141225,0.049401,0.190626,-0.026862
8.088932,-0.142541,0.049401,0.191942,-0.026862
8.098994,-0.143858,0.049401,0.193259,-0.026862
8.109055,-0.145175,0.049401,0.194576,-0.026862
8.119118,-0.146492,0.049401,0.195893,-0.026862
8.129176,-0.147809,0.049401,0.197210,-0.026862
8.139238,-0.149126,0.049401,0.198527,-0.026862
8.149300,-0.150443,0.049401,0.199844,-0.026862
8.159362,-0.151760,0.049401,0.201161,-0.026862
8.169426,-0.153078,0.049401,0.202479,-0.026862
8.179486,-0.154394,0.049401,0.203795,-0.026862
8.189544,-0.155711,0.049401,0.205112,-0.026862
8.199594,-0.157027,0.049401,0.206428,-0.026862
8.209654,-0.158343,0.049401,0.207744,-0.026862
8.219715,-0.159660,0.049401,0.209061,-0.026862
8.229774,-0.160977,0.049401,0.210378,-0.026862
8.239827,-0.162293,0.049401,0.211694,-0.026862
8.249891,-0.163610,0.049401,0.213011,-0.026862
8.259950,-0.164927,0.049401,0.214328,-0.026862
8.270013,-0.166244,0.049401,0.215645,-0.026862
8.280073,-0.167561,0.049401,0.216962,-0.026862
8.290137,-0.168879,0.049401,0.218280,-0.026862
8.300199,-0.170196,0.003624,0.173820,-0.105006
8.310252,-0.171512,0.003624,0.175136,-0.105006
8.320314,-0.172829,0.003624,0.176453,-0.105006
8.330375,-0.174146,0.003624,0.177770,-0.105006
8.340434,-0.175462,0.003624,0.179086,-0.105006
8.350447,-0.176773,0.003624,0.180397,-0.105006
8.360506,-0.178090,0.003624,0.181714,-0.105006
8.370560,-0.179406,0.003624,0.183030,-0.105006
8.380620,-0.180723,0.003624,0.184347,-0.105006
8.390680,-0.182040,-0.065423,0.116617,-0.129426
8.400744,-0.183357,-0.065423,0.117934,-0.129426
8.410804,-0.184674,-0.065423,0.119251,-0.129426
8.420866,-0.185991,-0.065423,0.120568,-0.129426
8.430925,-0.187308,-0.065423,0.121885,-0.129426
8.440985,-0.188625,-0.065423,0.123201,-0.129426
8.451046,-0.189942,-0.065423,0.124518,-0.129426
8.461108,-0.191259,-0.065423,0.125836,-0.129426
8.471167,-0.192575,-0.065423,0.127152,-0.129426
8.481229,-0.193892,-0.065423,0.128469,-0.129426
8.491288,-0.195209,-0.065423,0.129786,-0.129426
8.501348,-0.196526,-0.065423,0.131103,-0.129426
8.511413,-0.197844,-0.124552,0.073292,-0.080586
8.521477,-0.199161,-0.124552,0.074609,-0.080586
8.531538,-0.200478,-0.124552,0.075926,-0.080586
8.541596,-0.201794,-0.124552,0.077243,-0.080586
8.551663,-0.203112,-0.124552,0.078561,-0.080586
8.561725,-0.204429,-0.124552,0.079878,-0.080586
8.571787,-0.205746,-0.124552,0.081195,-0.080586
8.581847,-0.207063,-0.148203,0.058860,-0.168498
8.591911,-0.208381,-0.148203,0.060177,-0.168498
8.601970,-0.209697,-0.148203,0.061494,-0.168498
8.612037,-0.211015,-0.148203,0.062812,-0.168498
8.622102,-0.212333,-0.148203,0.064129,-0.168498
8.632161,-0.213649,-0.148203,0.065446,-0.168498
8.642226,-0.214967,-0.148203,0.066764,-0.168498
8.652287,-0.216284,-0.148203,0.068081,-0.168498
8.662350,-0.217601,-0.148203,0.069398,-0.168498
8.672409,-0.218918,-0.148203,0.070715,-0.168498
8.682470,-0.220235,-0.148203,0.072032,-0.168498
8.692530,-0.221552,-0.148203,0.073348,-0.168498
8.702590,-0.222869,-0.148203,0.074665,-0.168498
8.712655,-0.224186,-0.148203,0.075983,-0.168498
8.722717,-0.225503,-0.179866,0.045637,-0.124542
8.732777,-0.226820,-0.179866,0.046954,-0.124542
8.742841,-0.228137,-0.179866,0.048272,-0.124542
8.752902,-0.229454,-0.179866,0.049589,-0.124542
8.762963,-0.230771,-0.179866,0.050906,-0.124542
8.773022,-0.232088,-0.179866,0.052222,-0.124542
8.783080,-0.233405,-0.179866,0.053539,-0.124542
8.793140,-0.234722,-0.179866,0.054856,-0.124542
8.803206,-0.236039,-0.179866,0.056173,-0.124542
8.813272,-0.237357,-0.179866,0.057491,-0.124542
8.823340,-0.238675,-0.179866,0.058809,-0.124542
8.833402,-0.239992,-0.179866,0.060126,-0.124542
8.843467,-0.241309,-0.179866,0.061443,-0.124542
8.853528,-0.242626,-0.201991,0.040635,-0.080586
8.863590,-0.243943,-0.201991,0.041952,-0.080586
8.873651,-0.245260,-0.201991,0.043269,-0.080586
8.883713,-0.246577,-0.201991,0.044586,-0.080586
8.893772,-0.247894,-0.201991,0.045903,-0.080586
8.903839,-0.249212,-0.201991,0.047221,-0.080586
8.913905,-0.250530,-0.201991,0.048538,-0.080586
8.923971,-0.251847,-0.201991,0.049856,-0.080586
8.934032,-0.253164,-0.201991,0.051173,-0.080586
8.944099,-0.254482,-0.201991,0.052491,-0.080586
8.954160,-0.255799,-0.201991,0.053808,-0.080586
8.964220,-0.257116,-0.201991,0.055124,-0.080586
8.974282,-0.258433,-0.201991,0.056442,-0.080586
8.984343,-0.259750,-0.201991,0.057759,-0.080586
8.994396,-0.261066,-0.201991,0.059074,-0.080586
9.004447,-0.261217,-0.201991,0.059226,-0.080586
9.014503,-0.259901,-0.201991,0.057910,-0.080586
9.024567,-0.258584,-0.201991,0.056592,-0.080586
9.034629,-0.257266,-0.226024,0.031242,-0.153846
9.044690,-0.255949,-0.226024,0.029925,-0.153846
9.054852,-0.254619,-0.226024,0.028595,-0.153846
9.064913,-0.253302,-0.226024,0.027278,-0.153846
9.074973,-0.251985,-0.226024,0.025961,-0.153846
9.085034,-0.250668,-0.226024,0.024644,-0.153846
9.095093,-0.249352,-0.226024,0.023327,-0.153846
9.105159,-0.248034,-0.226024,0.022010,-0.153846
9.115226,-0.246716,-0.226024,0.020692,-0.153846
9.125287,-0.245399,-0.226024,0.019375,-0.153846
9.135347,-0.244082,-0.226024,0.018058,-0.153846
9.145409,-0.242765,-0.226024,0.016741,-0.153846
9.155470,-0.241448,-0.226024,0.015424,-0.153846
9.165532,-0.240131,-0.226024,0.014107,-0.153846
9.175595,-0.238814,-0.226024,0.012790,-0.153846
9.185653,-0.237497,-0.226024,0.011473,-0.153846
9.195712,-0.236181,-0.226024,0.010157,-0.153846
9.205778,-0.234863,-0.226024,0.008839,-0.153846
9.215841,-0.233546,-0.226024,0.007522,-0.153846
9.225899,-0.232229,-0.226024,0.006205,-0.153846
9.235953,-0.230913,-0.226024,0.004889,-0.153846
9.246014,-0.229596,-0.226024,0.003572,-0.153846
9.256074,-0.228279,-0.226024,0.002255,-0.153846
9.266135,-0.226962,-0.226024,0.000938,-0.153846
9.276196,-0.225645,-0.226024,-0.000379,-0.153846
9.286253,-0.224329,-0.226024,-0.001695,-0.153846
9.296313,-0.223012,-0.226024,-0.003012,-0.153846
9.306369,-0.221696,-0.248150,-0.026454,-0.202686
9.316424,-0.220380,-0.248150,-0.027770,-0.202686
9.326477,-0.219064,-0.248150,-0.029086,-0.202686
9.336536,-0.217747,-0.248150,-0.030403,-0.202686
9.346602,-0.216429,-0.248150,-0.031721,-0.202686
9.356663,-0.215112,-0.248150,-0.033038,-0.202686
9.366724,-0.213795,-0.248150,-0.034354,-0.202686
9.376786,-0.212478,-0.248150,-0.035672,-0.202686
9.386845,-0.211161,-0.248150,-0.036988,-0.202686
9.396909,-0.209844,-0.248150,-0.038306,-0.202686
9.406970,-0.208527,-0.248150,-0.039623,-0.202686
9.417036,-0.207209,-0.248150,-0.040940,-0.202686
9.427097,-0.205893,-0.248150,-0.042257,-0.202686
9.437155,-0.204576,-0.248150,-0.043574,-0.202686
9.447217,-0.203259,-0.248150,-0.044891,-0.202686
9.457277,-0.201942,-0.248150,-0.046208,-0.202686
9.467337,-0.200625,-0.248150,-0.047525,-0.202686
9.477396,-0.199308,-0.248150,-0.048841,-0.202686
9.487458,-0.197991,-0.248150,-0.050159,-0.202686
9.497516,-0.196675,-0.248150,-0.051475,-0.202686
9.507580,-0.195357,-0.248150,-0.052793,-0.202686
9.517644,-0.194040,-0.248150,-0.054110,-0.202686
9.527704,-0.192723,-0.248150,-0.055427,-0.202686
9.537763,-0.191406,-0.248150,-0.056743,-0.202686
9.547823,-0.190089,-0.248150,-0.058060,-0.202686
9.557882,-0.188773,-0.234798,-0.046025,0.144078
9.567940,-0.187456,-0.234798,-0.047342,0.144078
9.577993,-0.186140,-0.234798,-0.048658,0.144078
9.588053,-0.184823,-0.234798,-0.049975,0.144078
9.598112,-0.183507,-0.234798,-0.051291,0.144078
9.608175,-0.182189,-0.234798,-0.052609,0.144078
9.618239,-0.180872,-0.234798,-0.053926,0.144078
9.628300,-0.179555,-0.234798,-0.055243,0.144078
9.638361,-0.178238,-0.234798,-0.056560,0.144078
9.648415,-0.176922,-0.218395,-0.041473,0.134310
9.658476,-0.175605,-0.218395,-0.042790,0.134310
9.668536,-0.174288,-0.218395,-0.044107,0.134310
9.678598,-0.172971,-0.218395,-0.045424,0.134310
9.688659,-0.171654,-0.218395,-0.046741,0.134310
9.698723,-0.170337,-0.218395,-0.048058,0.134310
9.708785,-0.169020,-0.218395,-0.049375,0.134310
9.718848,-0.167702,-0.218395,-0.050692,0.134310
9.728909,-0.166385,-0.218395,-0.052009,0.134310
9.738969,-0.165069,-0.218395,-0.053326,0.134310
9.749032,-0.163751,-0.218395,-0.054643,0.134310
9.759091,-0.162435,-0.218395,-0.055960,0.134310
9.769154,-0.161117,-0.218395,-0.057277,0.134310
9.779214,-0.159801,-0.218395,-0.058594,0.134310
9.789275,-0.158484,-0.218395,-0.059911,0.134310
9.799339,-0.157166,-0.218395,-0.061229,0.134310
9.809400,-0.155849,-0.218395,-0.062546,0.134310
9.819455,-0.154533,-0.218395,-0.063862,0.134310
9.829522,-0.153215,-0.218395,-0.065179,0.134310
9.839581,-0.151898,-0.218395,-0.066496,0.134310
9.849645,-0.150581,-0.218395,-0.067814,0.134310
9.859705,-0.149264,-0.218395,-0.069131,0.134310
9.869764,-0.147948,-0.218395,-0.070447,0.134310
9.879817,-0.146632,-0.218395,-0.071763,0.134310
9.889880,-0.145314,-0.218395,-0.073080,0.134310
9.899940,-0.143998,-0.218395,-0.074397,0.134310
9.910009,-0.142680,-0.218395,-0.075715,0.134310
9.920073,-0.141362,-0.218395,-0.077033,0.134310
9.930133,-0.140045,-0.218395,-0.078350,0.134310
9.940192,-0.138729,-0.218395,-0.079666,0.134310
9.950255,-0.137411,-0.189784,-0.052373,0.129426
9.960319,-0.136094,-0.189784,-0.053690,0.129426
9.970383,-0.134777,-0.183680,-0.048904,0.173382
9.980446,-0.133459,-0.183680,-0.050221,0.173382
9.990456,-0.132149,-0.183680,-0.051531,0.173382
10.000517,-0.130832,-0.183680,-0.052848,0.173382
10.010579,-0.129515,-0.183680,-0.054166,0.173382
10.020641,-0.128198,-0.183680,-0.055483,0.173382
10.030701,-0.126881,-0.183680,-0.056799,0.173382
10.040762,-0.125564,-0.183680,-0.058116,0.173382
10.050821,-0.124247,-0.183680,-0.059433,0.173382
10.060879,-0.122931,-0.183680,-0.060750,0.173382
10.070939,-0.121614,-0.183680,-0.062067,0.173382
10.081000,-0.120297,-0.183680,-0.063384,0.173382
10.091060,-0.118980,-0.183680,-0.064700,0.173382
10.101119,-0.117663,-0.183680,-0.066017,0.173382
10.111180,-0.116346,-0.183680,-0.067334,0.173382
10.121239,-0.115030,-0.183680,-0.068651,0.173382
10.131305,-0.113712,-0.183680,-0.069969,0.173382
10.141358,-0.112396,-0.183680,-0.071285,0.173382
10.151410,-0.111080,-0.183680,-0.072600,0.173382
10.161470,-0.109763,-0.183680,-0.073917,0.173382
10.171529,-0.108447,-0.183680,-0.075234,0.173382
10.181590,-0.107130,-0.183680,-0.076551,0.173382
10.191650,-0.105813,-0.183680,-0.077868,0.173382
10.201701,-0.104497,-0.183680,-0.079183,0.173382
10.211752,-0.103181,-0.152018,-0.048837,0.134310
10.221812,-0.101865,-0.152018,-0.050153,0.134310
10.231871,-0.100548,-0.152018,-0.051470,0.134310
10.241925,-0.099232,-0.152018,-0.052786,0.134310
10.251989,-0.097914,-0.152018,-0.054104,0.134310
10.262050,-0.096597,-0.152018,-0.055421,0.134310
10.272111,-0.095280,-0.152018,-0.056738,0.134310
10.282170,-0.093964,-0.152018,-0.058054,0.134310
10.292233,-0.092647,-0.152018,-0.059371,0.134310
10.302291,-0.091330,-0.152018,-0.060688,0.134310
10.312342,-0.090014,-0.152018,-0.062004,0.134310
10.322402,-0.088697,-0.152018,-0.063321,0.134310
10.332451,-0.087382,-0.152018,-0.064636,0.134310
10.342512,-0.086065,-0.152018,-0.065953,0.134310
10.352573,-0.084748,-0.152018,-0.067270,0.134310
10.362633,-0.083431,-0.152018,-0.068587,0.134310
10.372694,-0.082114,-0.152018,-0.069904,0.134310
10.382754,-0.080797,-0.152018,-0.071221,0.134310
10.392818,-0.079480,-0.152018,-0.072538,0.134310
10.402877,-0.078163,-0.152018,-0.073855,0.134310
10.412929,-0.076847,-0.152018,-0.075171,0.134310
10.422988,-0.075531,-0.152018,-0.076487,0.134310
10.433050,-0.074214,-0.152018,-0.077804,0.134310
10.443113,-0.072896,-0.152018,-0.079122,0.134310
10.453178,-0.071579,-0.152018,-0.080439,0.134310
10.463239,-0.070262,-0.152018,-0.081756,0.134310
10.473300,-0.068945,-0.152018,-0.083073,0.134310
10.483361,-0.067628,-0.152018,-0.084390,0.134310
10.493421,-0.066311,-0.152018,-0.085707,0.134310
10.503453,-0.064998,-0.152018,-0.087020,0.134310
10.513508,-0.063682,-0.152018,-0.088336,0.134310
10.523568,-0.062365,-0.152018,-0.089653,0.134310
10.533630,-0.061048,-0.152018,-0.090970,0.134310
10.543691,-0.059731,-0.152018,-0.092287,0.134310
10.553779,-0.058410,-0.152018,-0.093608,0.134310
10.563840,-0.057093,-0.152018,-0.094925,0.134310
10.573901,-0.055776,-0.152018,-0.096242,0.134310
10.583963,-0.054459,-0.152018,-0.097559,0.134310
10.594021,-0.053143,-0.152018,-0.098876,0.134310
10.604077,-0.051826,-0.152018,-0.100192,0.134310
10.614136,-0.050509,-0.115015,-0.064505,0.061050
10.624195,-0.049193,-0.115015,-0.065822,0.061050
10.634256,-0.047876,-0.115015,-0.067139,0.061050
10.644318,-0.046559,-0.115015,-0.068456,0.061050
10.654380,-0.045242,-0.115015,-0.069773,0.061050
10.664439,-0.043925,-0.115015,-0.071090,0.061050
10.674503,-0.042607,-0.115015,-0.072407,0.061050
10.684566,-0.041290,-0.115015,-0.073725,0.061050
10.694628,-0.039973,-0.115015,-0.075042,0.061050
10.704690,-0.038656,-0.115015,-0.076359,0.061050
10.714754,-0.037339,-0.115015,-0.077676,0.061050
10.724814,-0.036022,-0.115015,-0.078993,0.061050
10.734877,-0.034704,-0.115015,-0.080310,0.061050
10.744938,-0.033388,-0.115015,-0.081627,0.061050
10.755000,-0.032070,-0.115015,-0.082945,0.061050
10.765053,-0.030754,-0.115015,-0.084260,0.061050
10.775117,-0.029437,-0.115015,-0.085578,0.061050
10.785179,-0.028120,-0.115015,-0.086895,0.061050
10.795241,-0.026803,-0.115015,-0.088212,0.061050
10.805310,-0.025485,-0.115015,-0.089530,0.061050
10.815373,-0.024168,-0.115015,-0.090847,0.061050
10.825436,-0.022850,-0.115015,-0.092165,0.061050
10.835501,-0.021533,-0.115015,-0.093482,0.061050
10.845565,-0.020215,-0.115015,-0.094799,0.061050
10.855627,-0.018898,-0.115015,-0.096117,0.061050
10.865688,-0.017581,-0.115015,-0.097433,0.061050
10.875753,-0.016264,-0.115015,-0.098751,0.061050
10.885814,-0.014947,-0.115015,-0.100068,0.061050
10.895877,-0.013630,-0.115015,-0.101385,0.061050
10.905941,-0.012312,-0.115015,-0.102703,0.061050
10.916006,-0.010995,-0.115015,-0.104020,0.061050
10.926071,-0.009677,-0.115015,-0.105338,0.061050
10.936133,-0.008360,-0.115015,-0.106655,0.061050
10.946195,-0.007043,-0.115015,-0.107972,0.061050
10.956260,-0.005726,-0.115015,-0.109289,0.061050
10.966324,-0.004408,-0.115015,-0.110607,0.061050
10.976385,-0.003091,-0.115015,-0.111924,0.061050
10.986448,-0.001774,-0.115015,-0.113241,0.061050
10.996585,-0.000447,-0.115015,-0.114568,0.061050
11.006641,0.000869,-0.115015,-0.115884,0.061050
11.016696,0.002186,-0.115015,-0.117200,0.061050
11.026755,0.003502,-0.115015,-0.118517,0.061050
11.036815,0.004819,-0.115015,-0.119834,0.061050
11.046875,0.006136,-0.115015,-0.121151,0.061050
11.056939,0.007453,-0.115015,-0.122468,0.061050
11.067002,0.008771,-0.115015,-0.123785,0.061050
11.077063,0.010088,-0.115015,-0.125102,0.061050
11.087126,0.011405,-0.115015,-0.126420,0.061050
11.097187,0.012722,-0.115015,-0.127737,0.061050
11.107254,0.014039,-0.115015,-0.129054,0.061050
11.117318,0.015357,-0.061990,-0.077347,0.139194
11.127379,0.016674,-0.061990,-0.078664,0.139194
11.137432,0.017990,-0.061990,-0.079980,0.139194
11.147493,0.019307,-0.061990,-0.081297,0.139194
11.157556,0.020624,-0.061990,-0.082614,0.139194
11.167619,0.021941,-0.061990,-0.083931,0.139194
11.177683,0.023259,-0.061990,-0.085248,0.139194
11.187744,0.024576,-0.061990,-0.086565,0.139194
11.197806,0.025893,-0.061990,-0.087883,0.139194
11.207906,0.027215,-0.061990,-0.089205,0.139194
11.217969,0.028532,-0.061990,-0.090522,0.139194
11.228030,0.029849,-0.061990,-0.091839,0.139194
11.238083,0.031165,-0.026131,-0.057296,0.173382
11.248137,0.032481,-0.026131,-0.058612,0.173382
11.258200,0.033798,-0.026131,-0.059929,0.173382
11.268264,0.035116,-0.026131,-0.061247,0.173382
11.278328,0.036433,-0.026131,-0.062564,0.173382
11.288389,0.037750,-0.026131,-0.063881,0.173382
11.298453,0.039067,-0.026131,-0.065198,0.173382
11.308523,0.040386,-0.026131,-0.066517,0.173382
11.318583,0.041702,-0.026131,-0.067834,0.173382
11.328647,0.043020,-0.026131,-0.069151,0.173382
11.338708,0.044337,-0.026131,-0.070468,0.173382
11.348771,0.045654,-0.026131,-0.071785,0.173382
11.358824,0.046970,-0.026131,-0.073101,0.173382
11.368888,0.048287,-0.026131,-0.074418,0.173382
11.378948,0.049604,-0.026131,-0.075735,0.173382
11.389011,0.050921,-0.026131,-0.077053,0.173382
11.399075,0.052239,-0.026131,-0.078370,0.173382
11.409142,0.053557,-0.026131,-0.079688,0.173382
11.419206,0.054874,-0.026131,-0.081005,0.173382
11.429268,0.056191,-0.026131,-0.082322,0.173382
11.439391,0.057516,-0.026131,-0.083647,0.173382
11.449460,0.058834,-0.026131,-0.084965,0.173382
11.459522,0.060151,-0.026131,-0.086282,0.173382
11.469581,0.061468,-0.026131,-0.087599,0.173382
11.479642,0.062785,-0.026131,-0.088916,0.173382
11.489701,0.064102,-0.026131,-0.090233,0.173382
11.499759,0.065418,-0.026131,-0.091549,0.173382
11.509824,0.066736,-0.026131,-0.092867,0.173382
11.519888,0.068053,-0.026131,-0.094184,0.173382
11.529951,0.069370,-0.026131,-0.095501,0.173382
11.540009,0.070687,-0.026131,-0.096818,0.173382
11.550075,0.072005,-0.026131,-0.098136,0.173382
11.560137,0.073322,-0.026131,-0.099453,0.173382
11.570198,0.074639,-0.026131,-0.100770,0.173382
11.580261,0.075956,-0.026131,-0.102087,0.173382
11.590319,0.077273,-0.026131,-0.103404,0.173382
11.600380,0.078589,-0.026131,-0.104721,0.173382
11.610442,0.079907,-0.026131,-0.106038,0.173382
11.620506,0.081224,-0.026131,-0.107355,0.173382
11.630567,0.082541,-0.026131,-0.108672,0.173382
11.640626,0.083858,-0.026131,-0.109989,0.173382
11.650689,0.085175,-0.026131,-0.111306,0.173382
11.660752,0.086492,-0.026131,-0.112623,0.173382
11.670812,0.087809,-0.026131,-0.113940,0.173382
11.680874,0.089126,-0.026131,-0.115257,0.173382
11.690933,0.090443,0.020409,-0.070034,0.124542
11.700996,0.091760,0.020409,-0.071351,0.124542
11.711058,0.093077,0.020409,-0.072668,0.124542
11.721123,0.094395,0.028801,-0.065593,0.109890
11.731183,0.095712,0.028801,-0.066910,0.109890
11.741246,0.097029,0.028801,-0.068227,0.109890
11.751306,0.098346,0.028801,-0.069544,0.109890
11.761368,0.099663,0.028801,-0.070861,0.109890
11.771427,0.100980,0.028801,-0.072178,0.109890
11.781455,0.102292,0.028801,-0.073491,0.109890
11.791518,0.103609,0.028801,-0.074808,0.109890
11.801579,0.104926,0.028801,-0.076125,0.109890
11.811641,0.106244,0.028801,-0.077442,0.109890
11.821704,0.107561,0.028801,-0.078759,0.109890
11.831768,0.108878,0.028801,-0.080077,0.109890
11.841829,0.110195,0.028801,-0.081394,0.109890
11.851892,0.111512,0.028801,-0.082711,0.109890
11.861960,0.112830,0.028801,-0.084029,0.109890
11.872023,0.114148,0.028801,-0.085346,0.109890
11.882076,0.115463,0.028801,-0.086662,0.109890
11.892140,0.116781,0.028801,-0.087979,0.109890
11.902201,0.118098,0.028801,-0.089296,0.109890
11.912268,0.119416,0.028801,-0.090614,0.109890
11.922331,0.120733,0.028801,-0.091931,0.109890
11.932394,0.122050,0.028801,-0.093249,0.109890
11.942459,0.123368,0.028801,-0.094566,0.109890
11.952520,0.124685,0.028801,-0.095883,0.109890
11.962583,0.126002,0.028801,-0.097200,0.109890
11.972646,0.127319,0.028801,-0.098518,0.109890
11.982711,0.128637,0.028801,-0.099835,0.109890
11.992773,0.129954,0.028801,-0.101152,0.109890
12.002836,0.131271,0.028801,-0.102469,0.109890
12.012904,0.132589,0.028801,-0.103787,0.109890
12.022968,0.133906,0.028801,-0.105105,0.109890
12.033027,0.135223,0.028801,-0.106421,0.109890
12.043087,0.136540,0.028801,-0.107738,0.109890
12.053145,0.137856,0.028801,-0.109055,0.109890
12.063210,0.139174,0.028801,-0.110372,0.109890
12.073262,0.140490,0.028801,-0.111688,0.109890
12.083321,0.141806,0.028801,-0.113005,0.109890
12.093381,0.143123,0.028801,-0.114322,0.109890
12.103444,0.144440,0.080301,-0.064140,0.100122
12.113509,0.145758,0.080301,-0.065457,0.100122
12.123575,0.147076,0.080301,-0.066775,0.100122
12.133636,0.148393,0.080301,-0.068092,0.100122
12.143692,0.149709,0.080301,-0.069408,0.100122
12.153755,0.151026,0.080301,-0.070726,0.100122
12.163818,0.152343,0.080301,-0.072043,0.100122
12.173881,0.153661,0.080301,-0.073360,0.100122
12.183944,0.154978,0.080301,-0.074677,0.100122
12.194005,0.156295,0.080301,-0.075994,0.100122
12.204068,0.157612,0.080301,-0.077312,0.100122
12.214131,0.158929,0.080301,-0.078629,0.100122
12.224191,0.160246,0.109674,-0.050572,0.134310
12.234254,0.161563,0.109674,-0.051889,0.134310
12.244315,0.162880,0.109674,-0.053206,0.134310
12.254377,0.164198,0.109674,-0.054523,0.134310
12.264440,0.165515,0.109674,-0.055841,0.134310
12.274504,0.166832,0.109674,-0.057158,0.134310
12.284568,0.168150,0.109674,-0.058475,0.134310
12.294630,0.169467,0.109674,-0.059792,0.134310
12.304738,0.170790,0.109674,-0.061116,0.134310
12.314800,0.172107,0.109674,-0.062433,0.134310
12.324859,0.173424,0.109674,-0.063749,0.134310
12.334920,0.174741,0.109674,-0.065066,0.134310
12.344984,0.176058,0.109674,-0.066384,0.134310
12.355044,0.177375,0.132944,-0.044431,0.158730
12.365105,0.178692,0.132944,-0.045748,0.158730
12.375165,0.180009,0.132944,-0.047064,0.158730
12.385226,0.181326,0.132944,-0.048381,0.158730
12.395291,0.182643,0.132944,-0.049699,0.158730
12.405353,0.183960,0.132944,-0.051016,0.158730
12.415406,0.185276,0.132944,-0.052332,0.158730
12.425465,0.186593,0.132944,-0.053649,0.158730
12.435525,0.187910,0.132944,-0.054966,0.158730
12.445590,0.189227,0.132944,-0.056283,0.158730
12.455656,0.190545,0.132944,-0.057601,0.158730
12.465720,0.191862,0.132944,-0.058918,0.158730
12.475780,0.193179,0.132944,-0.060235,0.158730
12.485843,0.194496,0.132944,-0.061552,0.158730
12.495904,0.195813,0.132944,-0.062869,0.158730
12.505972,0.197131,0.132944,-0.064187,0.158730
12.516073,0.198453,0.132944,-0.065509,0.158730
12.526138,0.199771,0.132944,-0.066827,0.158730
12.536200,0.201088,0.132944,-0.068144,0.158730
12.546262,0.202405,0.132944,-0.069461,0.158730
12.556325,0.203722,0.132944,-0.070778,0.158730
12.566379,0.205039,0.132944,-0.072094,0.158730
12.576443,0.206356,0.132944,-0.073412,0.158730
12.586505,0.207673,0.132944,-0.074729,0.158730
12.596568,0.208990,0.132944,-0.076046,0.158730
12.606631,0.210307,0.132944,-0.077363,0.158730
12.616695,0.211625,0.132944,-0.078681,0.158730
12.626757,0.212942,0.132944,-0.079998,0.158730
12.636821,0.214259,0.132944,-0.081315,0.158730
12.646884,0.215577,0.132944,-0.082632,0.158730
12.656948,0.216894,0.132944,-0.083950,0.158730
12.667010,0.218211,0.163462,-0.054749,0.178266
12.677072,0.219528,0.167659,-0.051870,0.134310
12.687135,0.220846,0.167659,-0.053187,0.134310
12.697201,0.222163,0.167659,-0.054505,0.134310
12.707257,0.223479,0.167659,-0.055821,0.134310
12.717321,0.224797,0.167659,-0.057138,0.134310
12.727376,0.226113,0.167659,-0.058454,0.134310
12.737438,0.227430,0.167659,-0.059772,0.134310
12.747502,0.228747,0.167659,-0.061089,0.134310
12.757564,0.230065,0.167659,-0.062406,0.134310
12.767624,0.231381,0.167659,-0.063723,0.134310
12.777685,0.232698,0.167659,-0.065040,0.134310
12.787745,0.234015,0.167659,-0.066357,0.134310
12.797807,0.235332,0.167659,-0.067674,0.134310
12.807872,0.236650,0.167659,-0.068991,0.134310
12.817936,0.237967,0.167659,-0.070309,0.134310
12.828002,0.239285,0.167659,-0.071626,0.134310
12.838064,0.240602,0.167659,-0.072943,0.134310
12.848127,0.241919,0.167659,-0.074261,0.134310
12.858190,0.243236,0.167659,-0.075578,0.134310
12.868254,0.244554,0.167659,-0.076895,0.134310
12.878314,0.245871,0.167659,-0.078212,0.134310
12.888376,0.247188,0.167659,-0.079529,0.134310
12.898435,0.248505,0.167659,-0.080846,0.134310
12.908500,0.249822,0.167659,-0.082164,0.134310
12.918564,0.251139,0.167659,-0.083481,0.134310
12.928620,0.252456,0.167659,-0.084797,0.134310
12.938680,0.253773,0.167659,-0.086114,0.134310
12.948741,0.255090,0.167659,-0.087431,0.134310
12.958802,0.256407,0.167659,-0.088748,0.134310
12.968855,0.257722,0.167659,-0.090064,0.134310
12.978908,0.259038,0.167659,-0.091380,0.134310
12.988972,0.260356,0.167659,-0.092697,0.134310
12.999027,0.261672,0.167659,-0.094013,0.134310
13.009080,0.260611,0.167659,-0.092952,0.134310
13.019144,0.259293,0.167659,-0.091635,0.134310
13.029206,0.257976,0.167659,-0.090318,0.134310
13.039270,0.256659,0.167659,-0.089000,0.134310
13.049335,0.255341,0.206950,-0.048391,0.100122
13.059397,0.254024,0.206950,-0.047074,0.100122
13.069458,0.252707,0.206950,-0.045757,0.100122
13.079521,0.251390,0.206950,-0.044440,0.100122
13.089583,0.250073,0.206950,-0.043122,0.100122
13.099646,0.248756,0.206950,-0.041805,0.100122
13.109708,0.247439,0.219539,-0.027899,0.178266
13.119770,0.246122,0.220302,-0.025819,0.183150
13.129830,0.244805,0.220302,-0.024503,0.183150
13.139840,0.243494,0.220302,-0.023192,0.183150
13.149893,0.242178,0.220302,-0.021876,0.183150
13.159956,0.240861,0.220302,-0.020559,0.183150
13.170022,0.239543,0.220302,-0.019241,0.183150
13.180082,0.238227,0.220302,-0.017925,0.183150
13.190143,0.236910,0.220302,-0.016608,0.183150
13.200204,0.235593,0.220302,-0.015291,0.183150
13.210265,0.234276,0.220302,-0.013974,0.183150
13.220329,0.232958,0.220302,-0.012656,0.183150
13.230390,0.231641,0.220302,-0.011339,0.183150
13.240454,0.230324,0.220302,-0.010022,0.183150
13.250517,0.229007,0.220302,-0.008705,0.183150
13.260581,0.227689,0.220302,-0.007387,0.183150
13.270643,0.226372,0.220302,-0.006070,0.183150
13.280706,0.225055,0.220302,-0.004753,0.183150
13.290769,0.223738,0.220302,-0.003436,0.183150
13.300830,0.222421,0.220302,-0.002119,0.183150
13.310894,0.221103,0.220302,-0.000801,0.183150
13.320957,0.219786,0.220302,0.000516,0.183150
13.331022,0.218469,0.234417,0.015948,0.207570
13.341083,0.217152,0.234417,0.017265,0.207570
13.351145,0.215835,0.234417,0.018582,0.207570
13.361201,0.214518,0.234417,0.019898,0.207570
13.371264,0.213201,0.234417,0.021216,0.207570
13.381423,0.211871,0.234417,0.022545,0.207570
13.391487,0.210554,0.234417,0.023863,0.207570
13.401549,0.209237,0.234417,0.025180,0.207570
13.411612,0.207919,0.234417,0.026497,0.207570
13.421677,0.206602,0.234417,0.027815,0.207570
13.431740,0.205285,0.229076,0.023791,-0.080586
13.441805,0.203967,0.229076,0.025109,-0.080586
13.451867,0.202650,0.229076,0.026426,-0.080586
13.461930,0.201333,0.229076,0.027743,-0.080586
13.471994,0.200016,0.229076,0.029061,-0.080586
13.482055,0.198699,0.229076,0.030378,-0.080586
13.492117,0.197381,0.229076,0.031695,-0.080586
13.502181,0.196064,0.229076,0.033012,-0.080586
13.512245,0.194747,0.229076,0.034329,-0.080586
13.522310,0.193429,0.229076,0.035647,-0.080586
13.532372,0.192112,0.229076,0.036964,-0.080586
13.542436,0.190795,0.229076,0.038281,-0.080586
13.552454,0.189483,0.229076,0.039593,-0.080586
13.562516,0.188166,0.229076,0.040910,-0.080586
13.572577,0.186849,0.229076,0.042227,-0.080586
13.582641,0.185532,0.229076,0.043544,-0.080586
13.592700,0.184215,0.229076,0.044861,-0.080586
13.602759,0.182898,0.229076,0.046178,-0.080586
13.612824,0.181581,0.229076,0.047495,-0.080586
13.622885,0.180264,0.229076,0.048812,-0.080586
13.632949,0.178947,0.229076,0.050129,-0.080586
13.643009,0.177630,0.229076,0.051446,-0.080586
13.653070,0.176313,0.229076,0.052763,-0.080586
13.663130,0.174996,0.229076,0.054080,-0.080586
13.673188,0.173679,0.229076,0.055397,-0.080586
13.683251,0.172362,0.229076,0.056714,-0.080586
13.693314,0.171045,0.229076,0.058031,-0.080586
13.703375,0.169728,0.213817,0.044089,-0.168498
13.713438,0.168411,0.213817,0.045407,-0.168498
13.723502,0.167093,0.213817,0.046724,-0.168498
13.733561,0.165776,0.213817,0.048041,-0.168498
13.743622,0.164459,0.213817,0.049358,-0.168498
13.753682,0.163143,0.213817,0.050674,-0.168498
13.763743,0.161826,0.213817,0.051991,-0.168498
13.773804,0.160509,0.213817,0.053308,-0.168498
13.783867,0.159191,0.213817,0.054626,-0.168498
13.793928,0.157874,0.213817,0.055943,-0.168498
13.803990,0.156557,0.213817,0.057260,-0.168498
13.814053,0.155240,0.213817,0.058577,-0.168498
13.824114,0.153923,0.213817,0.059894,-0.168498
13.834177,0.152606,0.213817,0.061211,-0.168498
13.844240,0.151289,0.213817,0.062528,-0.168498
13.854304,0.149971,0.213817,0.063846,-0.168498
13.864365,0.148654,0.213817,0.065163,-0.168498
13.874427,0.147337,0.213817,0.066480,-0.168498
13.884481,0.146021,0.187495,0.041474,-0.139194
13.894545,0.144704,0.187495,0.042791,-0.139194
13.904600,0.143388,0.187495,0.044108,-0.139194
13.914663,0.142070,0.187495,0.045425,-0.139194
13.924725,0.140753,0.187495,0.046742,-0.139194
13.934786,0.139436,0.187495,0.048059,-0.139194
13.944850,0.138119,0.187495,0.049376,-0.139194
13.954902,0.136803,0.187495,0.050692,-0.139194
13.964954,0.135487,0.187495,0.052008,-0.139194
13.975006,0.134171,0.187495,0.053324,-0.139194
13.985060,0.132855,0.187495,0.054640,-0.139194
13.995113,0.131539,0.187495,0.055956,-0.139194
14.005166,0.130223,0.187495,0.057272,-0.139194
14.015219,0.128908,0.187495,0.058588,-0.139194
14.025281,0.127590,0.187495,0.059905,-0.139194
14.035391,0.126267,0.187495,0.061228,-0.139194
14.045454,0.124950,0.187495,0.062546,-0.139194
14.055518,0.123632,0.187495,0.063863,-0.139194
14.065583,0.122315,0.187495,0.065180,-0.139194
14.075647,0.120998,0.187495,0.066498,-0.139194
14.085711,0.119680,0.161555,0.041875,-0.124542
14.095773,0.118363,0.161555,0.043192,-0.124542
14.105834,0.117046,0.161555,0.044509,-0.124542
14.115897,0.115729,0.161555,0.045826,-0.124542
14.125960,0.114412,0.161555,0.047143,-0.124542
14.136013,0.113096,0.161555,0.048459,-0.124542
14.146066,0.111780,0.161555,0.049775,-0.124542
14.156118,0.110464,0.161555,0.051091,-0.124542
14.166180,0.109147,0.146677,0.037531,-0.105006
14.176243,0.107830,0.144770,0.036940,-0.202686
14.186304,0.106513,0.144770,0.038257,-0.202686
14.196366,0.105195,0.144770,0.039575,-0.202686
14.206433,0.103878,0.144770,0.040892,-0.202686
14.216456,0.102566,0.144770,0.042204,-0.202686
14.226518,0.101249,0.134852,0.033603,-0.070818
14.236579,0.099932,0.134852,0.034920,-0.070818
14.246633,0.098616,0.134852,0.036236,-0.070818
14.256698,0.097298,0.134852,0.037554,-0.070818
14.266841,0.095970,0.134852,0.038881,-0.070818
14.276903,0.094653,0.134852,0.040198,-0.070818
14.286964,0.093336,0.134852,0.041515,-0.070818
14.297030,0.092019,0.134852,0.042833,-0.070818
14.307086,0.090702,0.134852,0.044149,-0.070818
14.317139,0.089386,0.134852,0.045465,-0.070818
14.327200,0.088069,0.134852,0.046782,-0.070818
14.337263,0.086752,0.134852,0.048100,-0.070818
14.347324,0.085435,0.134852,0.049417,-0.070818
14.357380,0.084119,0.134852,0.050733,-0.070818
14.367444,0.082801,0.134852,0.052050,-0.070818
14.377505,0.081484,0.134852,0.053367,-0.070818
14.387564,0.080168,0.134852,0.054684,-0.070818
14.397624,0.078851,0.134852,0.056001,-0.070818
14.407690,0.077533,0.134852,0.057318,-0.070818
14.417744,0.076217,0.115396,0.039179,-0.173382
14.427804,0.074900,0.115396,0.040496,-0.173382
14.437862,0.073584,0.115396,0.041813,-0.173382
14.447924,0.072267,0.115396,0.043130,-0.173382
14.457987,0.070949,0.115396,0.044447,-0.173382
14.468048,0.069632,0.115396,0.045764,-0.173382
14.478111,0.068315,0.115396,0.047081,-0.173382
14.488170,0.066998,0.115396,0.048398,-0.173382
14.498228,0.065682,0.115396,0.049715,-0.173382
14.508293,0.064364,0.115396,0.051032,-0.173382
14.518359,0.063047,0.115396,0.052350,-0.173382
14.528420,0.061730,0.115396,0.053667,-0.173382
14.538483,0.060412,0.115396,0.054984,-0.173382
14.548543,0.059096,0.115396,0.056301,-0.173382
14.558611,0.057778,0.115396,0.057619,-0.173382
14.568665,0.056462,0.115396,0.058935,-0.173382
14.578730,0.055144,0.115396,0.060252,-0.173382
14.588783,0.053828,0.115396,0.061568,-0.173382
14.598847,0.052511,0.115396,0.062886,-0.173382
14.608903,0.051194,0.115396,0.064202,-0.173382
14.618968,0.049877,0.115396,0.065519,-0.173382
14.629032,0.048560,0.115396,0.066837,-0.173382
14.639094,0.047243,0.115396,0.068154,-0.173382
14.649156,0.045925,0.115396,0.069471,-0.173382
14.659216,0.044609,0.115396,0.070788,-0.173382
14.669278,0.043291,0.115396,0.072105,-0.173382
14.679341,0.041974,0.115396,0.073422,-0.173382
14.689402,0.040657,0.115396,0.074739,-0.173382
14.699455,0.039341,0.115396,0.076055,-0.173382
14.709521,0.038024,0.115396,0.077373,-0.173382
14.719585,0.036706,0.115396,0.078690,-0.173382
14.729649,0.035389,0.115396,0.080007,-0.173382
14.739710,0.034072,0.115396,0.081325,-0.173382
14.749771,0.032755,0.115396,0.082641,-0.173382
14.759835,0.031437,0.115396,0.083959,-0.173382
14.769897,0.030120,0.115396,0.085276,-0.173382
14.779959,0.028803,0.115396,0.086593,-0.173382
14.790020,0.027486,0.115396,0.087910,-0.173382
14.800082,0.026169,0.115396,0.089227,-0.173382
14.810146,0.024852,0.083734,0.058882,-0.065934
14.820209,0.023535,0.083734,0.060199,-0.065934
14.830271,0.022218,0.083734,0.061516,-0.065934
14.840333,0.020900,0.083734,0.062833,-0.065934
14.850397,0.019583,0.083734,0.064151,-0.065934
14.860458,0.018266,0.083734,0.065468,-0.065934
14.870521,0.016949,0.083734,0.066785,-0.065934
14.880584,0.015632,0.083734,0.068102,-0.065934
14.890647,0.014314,0.083734,0.069420,-0.065934
14.900711,0.012997,0.083734,0.070737,-0.065934
14.910775,0.011679,0.083734,0.072054,-0.065934
14.920837,0.010362,0.083734,0.073371,-0.065934
14.930900,0.009045,0.083734,0.074689,-0.065934
14.940962,0.007728,0.083734,0.076006,-0.065934
14.951022,0.006411,0.083734,0.077323,-0.065934
14.961085,0.005094,0.083734,0.078640,-0.065934
14.971147,0.003777,0.083734,0.079957,-0.065934
14.981206,0.002460,0.083734,0.081274,-0.065934
14.991268,0.001143,0.083734,0.082591,-0.065934
15.001328,-0.000174,0.083734,0.083908,-0.065934
15.011391,-0.001491,0.083734,0.085225,-0.065934
15.021454,-0.002808,0.083734,0.086542,-0.065934
15.031516,-0.004125,0.083734,0.087859,-0.065934
15.041577,-0.005442,0.083734,0.089176,-0.065934
15.051639,-0.006760,0.083734,0.090493,-0.065934
15.061704,-0.008077,0.083734,0.091811,-0.065934
15.071765,-0.009394,0.083734,0.093128,-0.065934
15.081827,-0.010711,0.083734,0.094445,-0.065934
15.091887,-0.012028,0.083734,0.095762,-0.065934
15.101949,-0.013345,0.083734,0.097079,-0.065934
15.112012,-0.014662,0.083734,0.098396,-0.065934
15.122076,-0.015980,0.083734,0.099714,-0.065934
15.132236,-0.017310,0.037957,0.055266,-0.065934
15.142288,-0.018625,0.037957,0.056582,-0.065934
15.152348,-0.019942,0.037957,0.057899,-0.065934
15.162412,-0.021260,0.037957,0.059217,-0.065934
15.172476,-0.022577,0.037957,0.060534,-0.065934
15.182538,-0.023894,0.037957,0.061851,-0.065934
15.192601,-0.025211,0.037957,0.063168,-0.065934
15.202664,-0.026529,0.037957,0.064486,-0.065934
15.212727,-0.027846,0.037957,0.065803,-0.065934
15.222789,-0.029163,0.037957,0.067120,-0.065934
15.232849,-0.030480,0.037957,0.068437,-0.065934
15.242905,-0.031796,0.037957,0.069753,-0.065934
15.252967,-0.033113,0.037957,0.071070,-0.065934
15.263030,-0.034431,0.037957,0.072387,-0.065934
15.273093,-0.035748,0.037957,0.073705,-0.065934
15.283154,-0.037065,0.037957,0.075022,-0.065934
15.293216,-0.038382,0.037957,0.076339,-0.065934
15.303269,-0.039698,0.037957,0.077655,-0.065934
15.313331,-0.041015,0.037957,0.078972,-0.065934
15.323394,-0.042332,0.037957,0.080289,-0.065934
15.333457,-0.043649,0.037957,0.081606,-0.065934
15.343518,-0.044966,0.037957,0.082923,-0.065934
15.353578,-0.046283,0.037957,0.084240,-0.065934
15.363639,-0.047600,0.037957,0.085557,-0.065934
15.373701,-0.048917,0.037957,0.086874,-0.065934
15.383765,-0.050235,-0.001717,0.048518,-0.158730
15.393825,-0.051552,-0.001717,0.049835,-0.158730
15.403888,-0.052869,-0.001717,0.051152,-0.158730
15.413952,-0.054186,-0.001717,0.052470,-0.158730
15.424017,-0.055504,-0.001717,0.053787,-0.158730
15.434078,-0.056821,-0.001717,0.055104,-0.158730
15.444141,-0.058138,-0.001717,0.056421,-0.158730
15.454201,-0.059455,-0.001717,0.057738,-0.158730
15.464253,-0.060771,-0.001717,0.059054,-0.158730
15.474312,-0.062087,-0.001717,0.060371,-0.158730
15.484374,-0.063404,-0.001717,0.061688,-0.158730
15.494435,-0.064721,-0.001717,0.063005,-0.158730
15.504455,-0.066033,-0.001717,0.064316,-0.158730
15.514516,-0.067350,-0.001717,0.065633,-0.158730
15.524581,-0.068667,-0.001717,0.066951,-0.158730
15.534642,-0.069984,-0.001717,0.068268,-0.158730
15.544705,-0.071302,-0.001717,0.069585,-0.158730
15.554757,-0.072618,-0.001717,0.070901,-0.158730
15.564819,-0.073935,-0.001717,0.072218,-0.158730
15.574881,-0.075252,-0.001717,0.073535,-0.158730
15.584935,-0.076568,-0.001717,0.074851,-0.158730
15.594993,-0.077884,-0.001717,0.076168,-0.158730
15.605055,-0.079202,-0.001717,0.077485,-0.158730
15.615118,-0.080519,-0.001717,0.078802,-0.158730
15.625179,-0.081836,-0.001717,0.080119,-0.158730
15.635237,-0.083152,-0.001717,0.081436,-0.158730
15.645303,-0.084470,-0.001717,0.082753,-0.158730
15.655362,-0.085787,-0.001717,0.084070,-0.158730
15.665422,-0.087104,-0.001717,0.085387,-0.158730
15.675483,-0.088421,-0.001717,0.086704,-0.158730
15.685545,-0.089738,-0.001717,0.088021,-0.158730
15.695606,-0.091055,-0.001717,0.089338,-0.158730
15.705665,-0.092371,-0.001717,0.090655,-0.158730
15.715732,-0.093689,-0.001717,0.091973,-0.158730
15.725795,-0.095006,-0.001717,0.093290,-0.158730
15.735858,-0.096324,-0.001717,0.094607,-0.158730
15.745919,-0.097641,-0.001717,0.095924,-0.158730
15.755982,-0.098958,-0.001717,0.097241,-0.158730
15.766046,-0.100275,-0.001717,0.098559,-0.158730
15.776110,-0.101593,-0.001717,0.099876,-0.158730
15.786174,-0.102910,-0.001717,0.101193,-0.158730
15.796235,-0.104227,-0.001717,0.102510,-0.158730
15.806298,-0.105544,-0.001717,0.103828,-0.158730
15.816363,-0.106862,-0.001717,0.105145,-0.158730
15.826424,-0.108179,-0.001717,0.106462,-0.158730
15.836487,-0.109496,-0.001717,0.107779,-0.158730
15.846551,-0.110813,-0.001717,0.109097,-0.158730
15.856614,-0.112131,-0.042535,0.069596,-0.158730
15.866677,-0.113448,-0.042535,0.070913,-0.158730
15.876740,-0.114765,-0.042535,0.072230,-0.158730
15.886801,-0.116082,-0.042535,0.073547,-0.158730
15.896863,-0.117399,-0.042535,0.074865,-0.158730
15.906931,-0.118717,-0.042535,0.076182,-0.158730
15.916993,-0.120034,-0.064279,0.055755,-0.124542
15.927053,-0.121351,-0.064279,0.057072,-0.124542
15.937112,-0.122668,-0.064279,0.058389,-0.124542
15.947176,-0.123985,-0.064279,0.059706,-0.124542
15.957236,-0.125302,-0.064279,0.061023,-0.124542
15.967290,-0.126618,-0.064279,0.062339,-0.124542
15.977350,-0.127935,-0.064279,0.063656,-0.124542
15.987412,-0.129252,-0.064279,0.064973,-0.124542
15.997444,-0.130565,-0.064279,0.066287,-0.124542
16.007500,-0.131881,-0.064279,0.067603,-0.124542
16.017519,-0.133193,-0.064279,0.068914,-0.124542
16.027582,-0.134510,-0.064279,0.070232,-0.124542
16.037643,-0.135827,-0.064279,0.071549,-0.124542
16.047703,-0.137144,-0.064279,0.072865,-0.124542
16.057765,-0.138461,-0.064279,0.074183,-0.124542
16.067828,-0.139778,-0.094415,0.045363,-0.158730
16.077888,-0.141095,-0.094415,0.046680,-0.158730
16.087953,-0.142413,-0.094415,0.047997,-0.158730
16.098013,-0.143730,-0.094415,0.049314,-0.158730
16.108075,-0.145047,-0.094415,0.050631,-0.158730
16.118139,-0.146364,-0.094415,0.051949,-0.158730
16.128199,-0.147681,-0.094415,0.053266,-0.158730
16.138252,-0.148997,-0.094415,0.054582,-0.158730
16.148312,-0.150314,-0.094415,0.055898,-0.158730
16.158376,-0.151631,-0.094415,0.057216,-0.158730
16.168439,-0.152948,-0.094415,0.058533,-0.158730
16.178492,-0.154264,-0.094415,0.059849,-0.158730
16.188553,-0.155581,-0.094415,0.061166,-0.158730
16.198616,-0.156899,-0.094415,0.062483,-0.158730
16.208680,-0.158216,-0.094415,0.063801,-0.158730
16.218746,-0.159533,-0.094415,0.065118,-0.158730
16.228813,-0.160851,-0.094415,0.066436,-0.158730
16.238867,-0.162167,-0.094415,0.067752,-0.158730
16.248928,-0.163484,-0.094415,0.069069,-0.158730
16.258987,-0.164801,-0.122644,0.042157,-0.109890
16.269048,-0.166118,-0.122644,0.043474,-0.109890
16.279112,-0.167435,-0.122644,0.044791,-0.109890
16.289175,-0.168753,-0.122644,0.046108,-0.109890
16.299240,-0.170070,-0.122644,0.047426,-0.109890
16.309305,-0.171388,-0.122644,0.048743,-0.109890
16.319359,-0.172704,-0.122644,0.050059,-0.109890
16.329424,-0.174021,-0.122644,0.051377,-0.109890
16.339486,-0.175338,-0.122644,0.052694,-0.109890
16.349547,-0.176655,-0.122644,0.054011,-0.109890
16.359609,-0.177972,-0.122644,0.055328,-0.109890
16.369669,-0.179289,-0.122644,0.056645,-0.109890
16.379730,-0.180606,-0.122644,0.057962,-0.109890
16.389790,-0.181923,-0.122644,0.059279,-0.109890
16.399849,-0.183240,-0.122644,0.060595,-0.109890
16.409910,-0.184557,-0.122644,0.061912,-0.109890
16.419964,-0.185873,-0.122644,0.063228,-0.109890
16.430024,-0.187190,-0.122644,0.064545,-0.109890
16.440083,-0.188506,-0.122644,0.065862,-0.109890
16.450144,-0.189823,-0.122644,0.067179,-0.109890
16.460204,-0.191140,-0.122644,0.068496,-0.109890
16.470265,-0.192457,-0.122644,0.069813,-0.109890
16.480324,-0.193774,-0.122644,0.071130,-0.109890
16.490387,-0.195091,-0.122644,0.072447,-0.109890
16.500447,-0.196408,-0.122644,0.073764,-0.109890
16.510513,-0.197726,-0.122644,0.075081,-0.109890
16.520575,-0.199043,-0.122644,0.076398,-0.109890
16.530637,-0.200360,-0.122644,0.077715,-0.109890
16.540698,-0.201677,-0.122644,0.079032,-0.109890
16.550757,-0.202994,-0.122644,0.080349,-0.109890
16.560817,-0.204310,-0.122644,0.081666,-0.109890
16.570880,-0.205628,-0.122644,0.082983,-0.109890
16.580940,-0.206945,-0.122644,0.084300,-0.109890
16.591003,-0.208262,-0.122644,0.085617,-0.109890
16.601066,-0.209579,-0.122644,0.086935,-0.109890
16.611132,-0.210897,-0.122644,0.088252,-0.109890
16.621193,-0.212214,-0.122644,0.089569,-0.109890
16.631255,-0.213531,-0.122644,0.090886,-0.109890
16.641319,-0.214848,-0.122644,0.092204,-0.109890
16.651380,-0.216165,-0.122644,0.093521,-0.109890
16.661448,-0.217483,-0.122644,0.094839,-0.109890
16.671510,-0.218800,-0.122644,0.096156,-0.109890
16.681573,-0.220117,-0.122644,0.097473,-0.109890
16.691633,-0.221434,-0.122644,0.098790,-0.109890
16.701695,-0.222751,-0.122644,0.100107,-0.109890
16.711764,-0.224069,-0.122644,0.101425,-0.109890
16.721826,-0.225386,-0.122644,0.102742,-0.109890
16.731890,-0.226704,-0.122644,0.104059,-0.109890
16.741951,-0.228021,-0.122644,0.105376,-0.109890
16.752011,-0.229338,-0.122644,0.106693,-0.109890
16.762077,-0.230655,-0.122644,0.108011,-0.109890
16.772141,-0.231973,-0.122644,0.109328,-0.109890
16.782203,-0.233290,-0.122644,0.110645,-0.109890
16.792265,-0.234607,-0.122644,0.111963,-0.109890
16.802328,-0.235924,-0.122644,0.113280,-0.109890
16.812395,-0.237242,-0.122644,0.114598,-0.109890
16.822456,-0.238559,-0.122644,0.115915,-0.109890
16.832519,-0.239876,-0.122644,0.117232,-0.109890
16.842582,-0.241193,-0.122644,0.118549,-0.109890
16.852646,-0.242511,-0.122644,0.119866,-0.109890
16.862706,-0.243828,-0.122644,0.121183,-0.109890
16.872769,-0.245145,-0.122644,0.122500,-0.109890
16.882824,-0.246461,-0.122644,0.123817,-0.109890
16.892884,-0.247778,-0.122644,0.125134,-0.109890
16.902983,-0.249100,-0.122644,0.126456,-0.109890
16.913048,-0.250417,-0.122644,0.127773,-0.109890
16.923108,-0.251734,-0.122644,0.129090,-0.109890
16.933168,-0.253051,-0.122644,0.130407,-0.109890
16.943230,-0.254368,-0.122644,0.131724,-0.109890
16.953290,-0.255685,-0.122644,0.133041,-0.109890
16.963345,-0.257001,-0.122644,0.134357,-0.109890
16.973406,-0.258318,-0.122644,0.135674,-0.109890
16.983465,-0.259635,-0.122644,0.136991,-0.109890
16.993517,-0.260951,-0.159266,0.101685,-0.476190
17.003580,-0.261331,-0.159266,0.102065,-0.476190
17.013642,-0.260014,-0.159266,0.100748,-0.476190
17.023705,-0.258696,-0.159266,0.099430,-0.476190
17.033766,-0.257379,-0.159266,0.098113,-0.476190
17.043827,-0.256062,-0.159266,0.096796,-0.476190
17.053887,-0.254746,-0.159266,0.095480,-0.476190
17.063949,-0.253428,-0.193599,0.059830,-0.119658
17.074009,-0.252112,-0.193599,0.058513,-0.119658
17.084071,-0.250795,-0.193599,0.057196,-0.119658
17.094133,-0.249477,-0.193599,0.055879,-0.119658
17.104197,-0.248160,-0.193599,0.054561,-0.119658
17.114259,-0.246843,-0.193599,0.053244,-0.119658
17.124321,-0.245526,-0.193599,0.051927,-0.119658
17.134374,-0.244210,-0.193599,0.050611,-0.119658
17.144429,-0.242894,-0.193599,0.049295,-0.119658
17.154505,-0.241575,-0.193599,0.047976,-0.119658
17.164566,-0.240258,-0.193599,0.046659,-0.119658
17.174626,-0.238941,-0.193599,0.045342,-0.119658
17.184687,-0.237624,-0.193599,0.044025,-0.119658
17.194747,-0.236307,-0.224880,0.011427,-0.109890
17.204808,-0.234990,-0.224880,0.010110,-0.109890
17.214873,-0.233673,-0.224880,0.008793,-0.109890
17.224935,-0.232355,-0.224880,0.007476,-0.109890
17.234995,-0.231039,-0.224880,0.006159,-0.109890
17.245058,-0.229721,-0.224880,0.004842,-0.109890
17.255121,-0.228404,-0.224880,0.003524,-0.109890
17.265183,-0.227087,-0.224880,0.002207,-0.109890
17.275246,-0.225770,-0.224880,0.000890,-0.109890
17.285309,-0.224453,-0.224880,-0.000427,-0.109890
17.295373,-0.223135,-0.224880,-0.001745,-0.109890
17.305434,-0.221818,-0.224880,-0.003062,-0.109890
17.315459,-0.220506,-0.224880,-0.004374,-0.109890
17.325519,-0.219189,-0.224880,-0.005691,-0.109890
17.335580,-0.217872,-0.224880,-0.007008,-0.109890
17.345640,-0.216555,-0.224880,-0.008325,-0.109890
17.355702,-0.215238,-0.224880,-0.009642,-0.109890
17.365764,-0.213921,-0.224880,-0.010959,-0.109890
17.375827,-0.212604,-0.224880,-0.012276,-0.109890
17.385945,-0.211279,-0.224880,-0.013601,-0.109890
17.396009,-0.209962,-0.231746,-0.021785,-0.178266
17.406070,-0.208645,-0.231746,-0.023101,-0.178266
17.416134,-0.207328,-0.231746,-0.024419,-0.178266
17.426187,-0.206012,-0.231746,-0.025735,-0.178266
17.436240,-0.204696,-0.231746,-0.027051,-0.178266
17.446292,-0.203380,-0.231746,-0.028366,-0.178266
17.456344,-0.202064,-0.231746,-0.029682,-0.178266
17.466396,-0.200748,-0.231746,-0.030998,-0.178266
17.476447,-0.199433,-0.231746,-0.032314,-0.178266
17.486508,-0.198116,-0.231746,-0.033631,-0.178266
17.496568,-0.196799,-0.231746,-0.034948,-0.178266
17.506629,-0.195482,-0.231746,-0.036265,-0.178266
17.516692,-0.194165,-0.231746,-0.037582,-0.178266
17.526754,-0.192847,-0.231746,-0.038899,-0.178266
17.536815,-0.191530,-0.231746,-0.040216,-0.178266
17.546875,-0.190214,-0.231746,-0.041533,-0.178266
17.556941,-0.188896,-0.231746,-0.042850,-0.178266
17.566998,-0.187580,-0.231746,-0.044167,-0.178266
17.577055,-0.186263,-0.231746,-0.045483,-0.178266
17.587115,-0.184946,-0.231746,-0.046800,-0.178266
17.597174,-0.183630,-0.231746,-0.048117,-0.178266
17.607235,-0.182313,-0.231746,-0.049434,-0.178266
17.617337,-0.180990,-0.231746,-0.050756,-0.178266
17.627398,-0.179673,-0.231746,-0.052073,-0.178266
17.637459,-0.178356,-0.231746,-0.053390,-0.178266
17.647521,-0.177039,-0.231746,-0.054707,-0.178266
17.657584,-0.175722,-0.231746,-0.056025,-0.178266
17.667646,-0.174405,-0.220684,-0.046279,0.026862
17.677708,-0.173088,-0.220684,-0.047596,0.026862
17.687771,-0.171770,-0.220684,-0.048913,0.026862
17.697831,-0.170454,-0.220684,-0.050230,0.026862
17.707893,-0.169136,-0.220684,-0.051547,0.026862
17.717956,-0.167819,-0.220684,-0.052864,0.026862
17.728017,-0.166502,-0.220684,-0.054181,0.026862
17.738081,-0.165185,-0.220684,-0.055499,0.026862
17.748145,-0.163867,-0.220684,-0.056816,0.026862
17.758206,-0.162550,-0.220684,-0.058133,0.026862
17.768268,-0.161233,-0.220684,-0.059450,0.026862
17.778331,-0.159916,-0.220684,-0.060768,0.026862
17.788392,-0.158599,-0.200847,-0.042248,0.134310
17.798455,-0.157282,-0.200847,-0.043565,0.134310
17.808518,-0.155965,-0.200847,-0.044882,0.134310
17.818584,-0.154647,-0.200847,-0.046200,0.134310
17.828647,-0.153330,-0.200847,-0.047517,0.134310
17.838708,-0.152013,-0.200847,-0.048834,0.134310
17.848878,-0.150682,-0.200847,-0.050165,0.134310
17.858940,-0.149364,-0.200847,-0.051483,0.134310
17.869004,-0.148047,-0.200847,-0.052800,0.134310
17.879065,-0.146730,-0.200847,-0.054117,0.134310
17.889120,-0.145414,-0.200847,-0.055433,0.134310
17.899183,-0.144097,-0.200847,-0.056750,0.134310
17.909247,-0.142779,-0.200847,-0.058068,0.134310
17.919309,-0.141462,-0.200847,-0.059385,0.134310
17.929371,-0.140145,-0.200847,-0.060702,0.134310
17.939433,-0.138828,-0.200847,-0.062019,0.134310
17.949498,-0.137510,-0.200847,-0.063336,0.134310
17.959560,-0.136193,-0.200847,-0.064654,0.134310
17.969623,-0.134876,-0.200847,-0.065971,0.134310
17.979686,-0.133559,-0.200847,-0.067288,0.134310
17.989747,-0.132242,-0.200847,-0.068605,0.134310
17.999810,-0.130925,-0.200847,-0.069922,0.134310
18.009873,-0.129607,-0.200847,-0.071240,0.134310
18.019927,-0.128291,-0.200847,-0.072556,0.134310
18.029989,-0.126974,-0.200847,-0.073873,0.134310
18.040051,-0.125657,-0.200847,-0.075190,0.134310
18.050116,-0.124340,-0.200847,-0.076507,0.134310
18.060176,-0.123023,-0.200847,-0.077824,0.134310
18.070236,-0.121706,-0.200847,-0.079141,0.134310
18.080303,-0.120388,-0.200847,-0.080459,0.134310
18.090367,-0.119071,-0.200847,-0.081776,0.134310
18.100428,-0.117754,-0.200847,-0.083093,0.134310
18.110455,-0.116441,-0.200847,-0.084406,0.134310
18.120513,-0.115125,-0.200847,-0.085722,0.134310
18.130583,-0.113806,-0.200847,-0.087041,0.134310
18.140637,-0.112490,-0.200847,-0.088357,0.134310
18.150700,-0.111173,-0.200847,-0.089674,0.134310
18.160766,-0.109855,-0.200847,-0.090991,0.134310
18.170831,-0.108538,-0.200847,-0.092309,0.134310
18.180893,-0.107221,-0.200847,-0.093626,0.134310
18.190945,-0.105905,-0.200847,-0.094942,0.134310
18.200998,-0.104589,-0.200847,-0.096258,0.134310
18.211050,-0.103273,-0.200847,-0.097574,0.134310
18.221105,-0.101957,-0.200847,-0.098890,0.134310
18.231157,-0.100641,-0.200847,-0.100206,0.134310
18.241211,-0.099325,-0.200847,-0.101522,0.134310
18.251274,-0.098008,-0.200847,-0.102839,0.134310
18.261336,-0.096691,-0.200847,-0.104156,0.134310
18.271398,-0.095374,-0.200847,-0.105473,0.134310
18.281462,-0.094056,-0.200847,-0.106790,0.134310
18.291523,-0.092739,-0.200847,-0.108107,0.134310
18.301586,-0.091422,-0.200847,-0.109425,0.134310
18.311724,-0.090095,-0.200847,-0.110752,0.134310
18.321778,-0.088779,-0.200847,-0.112068,0.134310
18.331831,-0.087463,-0.200847,-0.113384,0.134310
18.341883,-0.086147,-0.200847,-0.114700,0.134310
18.351936,-0.084831,-0.200847,-0.116016,0.134310
18.361988,-0.083516,-0.200847,-0.117331,0.134310
18.372039,-0.082200,-0.200847,-0.118647,0.134310
18.382101,-0.080883,-0.200847,-0.119964,0.134310
18.392162,-0.079566,-0.200847,-0.121281,0.134310
18.402224,-0.078249,-0.200847,-0.122598,0.134310
18.412293,-0.076931,-0.200847,-0.123916,0.134310
18.422347,-0.075615,-0.200847,-0.125232,0.134310
18.432410,-0.074297,-0.200847,-0.126549,0.134310
18.442443,-0.072984,-0.200847,-0.127863,0.134310
18.452497,-0.071668,-0.200847,-0.129179,0.134310
18.462549,-0.070352,-0.200847,-0.130495,0.134310
18.472603,-0.069036,-0.200847,-0.131811,0.134310
18.482655,-0.067720,-0.200847,-0.133127,0.134310
18.492708,-0.066404,-0.200847,-0.134442,0.134310
18.502760,-0.065089,-0.200847,-0.135758,0.134310
18.512814,-0.063772,-0.200847,-0.137074,0.134310
18.522867,-0.062457,-0.200847,-0.138390,0.134310
18.532919,-0.061141,-0.200847,-0.139706,0.134310
18.542973,-0.059825,-0.200847,-0.141022,0.134310
18.553025,-0.058509,-0.200847,-0.142338,0.134310
18.563078,-0.057193,-0.200847,-0.143654,0.134310
18.573130,-0.055877,-0.200847,-0.144970,0.134310
18.583183,-0.054561,-0.200847,-0.146286,0.134310
18.593236,-0.053245,-0.200847,-0.147602,0.134310
18.603288,-0.051929,-0.200847,-0.148917,0.134310
18.613343,-0.050613,-0.200847,-0.150234,0.134310
18.623398,-0.049297,-0.200847,-0.151550,0.134310
18.633446,-0.047982,-0.200847,-0.152865,0.134310
18.643510,-0.046664,-0.200847,-0.154182,0.134310
18.653574,-0.045347,-0.200847,-0.155500,0.134310
18.663637,-0.044030,-0.200847,-0.156817,0.134310
18.673699,-0.042713,-0.200847,-0.158134,0.134310
18.683762,-0.041395,-0.200847,-0.159451,0.134310
18.693826,-0.040078,-0.166896,-0.126817,0.129426
18.703878,-0.038762,-0.166896,-0.128133,0.129426
18.713935,-0.037446,-0.166896,-0.129450,0.129426
18.723988,-0.036130,-0.166896,-0.130766,0.129426
18.734048,-0.034813,-0.166896,-0.132083,0.129426
18.744110,-0.033496,-0.166896,-0.133400,0.129426
18.754174,-0.032179,-0.166896,-0.134717,0.129426
18.764237,-0.030861,-0.166896,-0.136034,0.129426
18.774301,-0.029544,-0.166896,-0.137352,0.129426
18.784362,-0.028227,-0.166896,-0.138669,0.129426
18.794422,-0.026910,-0.166896,-0.139985,0.129426
18.804483,-0.025593,-0.166896,-0.141302,0.129426
18.814550,-0.024275,-0.166896,-0.142620,0.129426
18.824613,-0.022958,-0.166896,-0.143937,0.129426
18.834677,-0.021641,-0.166896,-0.145255,0.129426
18.844741,-0.020323,-0.166896,-0.146572,0.129426
18.854805,-0.019006,-0.166896,-0.147890,0.129426
18.864867,-0.017689,-0.166896,-0.149207,0.129426
18.874929,-0.016372,-0.166896,-0.150524,0.129426
18.884983,-0.015056,-0.166896,-0.151840,0.129426
18.895048,-0.013738,-0.166896,-0.153157,0.129426
18.905107,-0.012421,-0.166896,-0.154474,0.129426
18.915171,-0.011104,-0.166896,-0.155791,0.129426
18.925233,-0.009787,-0.166896,-0.157109,0.129426
18.935295,-0.008470,-0.166896,-0.158426,0.129426
18.945357,-0.007153,-0.073053,-0.065900,0.051282
18.955422,-0.005835,-0.073053,-0.067217,0.051282
18.965443,-0.004524,-0.073053,-0.068529,0.051282
18.975503,-0.003207,-0.073053,-0.069846,0.051282
18.985569,-0.001889,-0.073053,-0.071164,0.051282
18.995622,-0.000573,-0.073053,-0.072479,0.051282
19.005676,0.000743,-0.073053,-0.073796,0.051282
19.015741,0.002061,-0.051690,-0.053750,0.119658
19.025807,0.003378,-0.051690,-0.055068,0.119658
19.035867,0.004695,-0.051690,-0.056385,0.119658
19.045930,0.006012,-0.051690,-0.057702,0.119658
19.055990,0.007329,-0.051690,-0.059019,0.119658
19.066053,0.008646,-0.051690,-0.060336,0.119658
19.076112,0.009963,-0.051690,-0.061653,0.119658
19.086175,0.011280,-0.051690,-0.062970,0.119658
19.096233,0.012597,-0.051690,-0.064287,0.119658
19.106297,0.013914,-0.051690,-0.065604,0.119658
19.116365,0.015232,-0.051690,-0.066922,0.119658
19.126426,0.016549,-0.051690,-0.068239,0.119658
19.136485,0.017866,-0.051690,-0.069556,0.119658
19.146548,0.019183,-0.051690,-0.070873,0.119658
19.156607,0.020500,-0.051690,-0.072190,0.119658
19.166669,0.021817,-0.051690,-0.073507,0.119658
19.176728,0.023134,-0.051690,-0.074824,0.119658
19.186790,0.024451,-0.051690,-0.076141,0.119658
19.196886,0.025772,-0.051690,-0.077462,0.119658
19.206947,0.027089,-0.020409,-0.047498,0.134310
19.217002,0.028406,-0.020409,-0.048814,0.134310
19.227062,0.029722,-0.020409,-0.050131,0.134310
19.237123,0.031039,-0.020409,-0.051448,0.134310
19.247176,0.032355,-0.020409,-0.052764,0.134310
19.257228,0.033671,-0.020409,-0.054080,0.134310
19.267280,0.034987,-0.020409,-0.055396,0.134310
19.277342,0.036304,-0.020409,-0.056713,0.134310
19.287394,0.037620,-0.020409,-0.058029,0.134310
19.297456,0.038937,-0.020409,-0.059346,0.134310
19.307508,0.040253,-0.020409,-0.060662,0.134310
19.317560,0.041568,-0.020409,-0.061977,0.134310
19.327612,0.042884,-0.020409,-0.063293,0.134310
19.337664,0.044200,-0.020409,-0.064609,0.134310
19.347716,0.045516,-0.020409,-0.065925,0.134310
19.357776,0.046833,-0.020409,-0.067242,0.134310
19.367837,0.048150,-0.020409,-0.068559,0.134310
19.377898,0.049467,-0.020409,-0.069876,0.134310
19.387957,0.050784,-0.020409,-0.071192,0.134310
19.398019,0.052101,-0.020409,-0.072510,0.134310
19.408080,0.053418,-0.020409,-0.073827,0.134310
19.418142,0.054735,-0.020409,-0.075144,0.134310
19.428194,0.056050,0.007820,-0.048230,0.124542
19.438257,0.057368,0.007820,-0.049547,0.124542
19.448319,0.058685,0.007820,-0.050865,0.124542
19.458382,0.060002,0.007820,-0.052182,0.124542
19.468441,0.061319,0.007820,-0.053499,0.124542
19.478502,0.062636,0.007820,-0.054815,0.124542
19.488562,0.063953,0.007820,-0.056132,0.124542
19.498624,0.065270,0.007820,-0.057449,0.124542
19.508687,0.066587,0.007820,-0.058767,0.124542
19.518748,0.067904,0.007820,-0.060084,0.124542
19.528811,0.069221,0.007820,-0.061401,0.124542
19.538865,0.070537,0.007820,-0.062717,0.124542
19.548917,0.071853,0.007820,-0.064033,0.124542
19.558977,0.073170,0.007820,-0.065350,0.124542
19.569031,0.074486,0.007820,-0.066666,0.124542
19.579084,0.075802,0.007820,-0.067982,0.124542
19.589137,0.077118,0.007820,-0.069298,0.124542
19.599199,0.078435,0.007820,-0.070615,0.124542
19.609263,0.079752,0.007820,-0.071932,0.124542
19.619327,0.081070,0.007820,-0.073250,0.124542
19.629392,0.082387,0.007820,-0.074567,0.124542
19.639454,0.083704,0.007820,-0.075884,0.124542
19.649507,0.085020,0.007820,-0.077200,0.124542
19.659523,0.086331,0.007820,-0.078511,0.124542
19.669586,0.087649,0.007820,-0.079828,0.124542
19.679649,0.088966,0.007820,-0.081146,0.124542
19.689714,0.090283,0.007820,-0.082463,0.124542
19.699775,0.091600,0.007820,-0.083780,0.124542
19.709843,0.092918,0.007820,-0.085098,0.124542
19.719905,0.094235,0.007820,-0.086415,0.124542
19.729960,0.095552,0.007820,-0.087731,0.124542
19.740013,0.096868,0.007820,-0.089047,0.124542
19.750065,0.098183,0.043679,-0.054504,0.227106
19.760119,0.099499,0.043679,-0.055820,0.227106
19.770171,0.100815,0.043679,-0.057136,0.227106
19.780224,0.102131,0.043679,-0.058452,0.227106
19.790276,0.103447,0.043679,-0.059768,0.227106
19.800330,0.104763,0.043679,-0.061084,0.227106
19.810384,0.106079,0.043679,-0.062400,0.227106
19.820437,0.107395,0.043679,-0.063716,0.227106
19.830446,0.108705,0.043679,-0.065026,0.227106
19.840500,0.110021,0.043679,-0.066342,0.227106
19.850553,0.111337,0.043679,-0.067658,0.227106
19.860606,0.112653,0.043679,-0.068974,0.227106
19.870659,0.113969,0.043679,-0.070290,0.227106
19.880711,0.115285,0.043679,-0.071606,0.227106
19.890843,0.116611,0.043679,-0.072932,0.227106
19.900903,0.117928,0.071908,-0.046020,0.114774
19.910971,0.119246,0.071908,-0.047338,0.114774
19.921032,0.120563,0.071908,-0.048655,0.114774
19.931091,0.121880,0.071908,-0.049971,0.114774
19.941152,0.123197,0.071908,-0.051288,0.114774
19.951213,0.124514,0.071908,-0.052605,0.114774
19.961265,0.125829,0.071908,-0.053921,0.114774
19.971318,0.127145,0.071908,-0.055237,0.114774
19.981379,0.128462,0.071908,-0.056554,0.114774
19.991442,0.129779,0.071908,-0.057871,0.114774
20.001497,0.131096,0.071908,-0.059188,0.114774
20.011552,0.132412,0.071908,-0.060504,0.114774
20.021605,0.133728,0.071908,-0.061820,0.114774
20.031660,0.135044,0.071908,-0.063136,0.114774
20.041721,0.136361,0.071908,-0.064453,0.114774
20.051784,0.137678,0.095178,-0.042500,0.056166
20.061847,0.138995,0.095178,-0.043817,0.056166
20.071908,0.140312,0.095178,-0.045134,0.056166
20.081971,0.141630,0.095178,-0.046452,0.056166
20.092035,0.142947,0.095178,-0.047769,0.056166
20.102096,0.144264,0.095178,-0.049086,0.056166
20.112160,0.145581,0.095178,-0.050403,0.056166
20.122260,0.146904,0.095178,-0.051725,0.056166
20.132323,0.148221,0.095178,-0.053043,0.056166
20.142376,0.149537,0.095178,-0.054358,0.056166
20.152429,0.150853,0.095178,-0.055674,0.056166
20.162443,0.152163,0.095178,-0.056985,0.056166
20.172490,0.153479,0.095178,-0.058300,0.056166
20.182554,0.154796,0.095178,-0.059618,0.056166
20.192618,0.156113,0.095178,-0.060935,0.056166
20.202672,0.157429,0.095178,-0.062251,0.056166
20.212727,0.158746,0.095178,-0.063567,0.056166
20.222789,0.160063,0.095178,-0.064885,0.056166
20.232853,0.161380,0.095178,-0.066202,0.056166
20.242906,0.162696,0.095178,-0.067518,0.056166
20.252968,0.164013,0.095178,-0.068835,0.056166
20.263030,0.165330,0.095178,-0.070152,0.056166
20.273090,0.166647,0.095178,-0.071469,0.056166
20.283153,0.167964,0.095178,-0.072786,0.056166
20.293216,0.169282,0.095178,-0.074103,0.056166
20.303269,0.170597,0.095178,-0.075419,0.056166
20.313323,0.171914,0.095178,-0.076735,0.056166
20.323385,0.173231,0.095178,-0.078053,0.056166
20.333473,0.174551,0.095178,-0.079373,0.056166
20.343536,0.175868,0.095178,-0.080690,0.056166
20.353599,0.177186,0.095178,-0.082008,0.056166
20.363660,0.178503,0.095178,-0.083325,0.056166
20.373723,0.179820,0.124933,-0.054887,0.090354
20.383786,0.181137,0.124933,-0.056204,0.090354
20.393847,0.182454,0.124933,-0.057521,0.090354
20.403909,0.183771,0.124933,-0.058838,0.090354
20.413977,0.185089,0.124933,-0.060156,0.090354
20.424030,0.186405,0.124933,-0.061472,0.090354
20.434082,0.187721,0.138285,-0.049436,0.183150
20.444144,0.189038,0.138285,-0.050753,0.183150
20.454206,0.190355,0.138285,-0.052070,0.183150
20.464259,0.191671,0.138285,-0.053386,0.183150
20.474320,0.192988,0.138285,-0.054703,0.183150
20.484383,0.194305,0.138285,-0.056020,0.183150
20.494449,0.195623,0.138285,-0.057338,0.183150
20.504510,0.196940,0.138285,-0.058655,0.183150
20.514574,0.198257,0.138285,-0.059972,0.183150
20.524635,0.199574,0.138285,-0.061289,0.183150
20.534699,0.200892,0.138285,-0.062607,0.183150
20.544776,0.202211,0.138285,-0.063926,0.183150
20.554840,0.203528,0.138285,-0.065243,0.183150
20.564901,0.204845,0.138285,-0.066560,0.183150
20.574964,0.206162,0.162318,-0.043844,0.070818
20.585025,0.207479,0.162318,-0.045161,0.070818
20.595087,0.208796,0.162318,-0.046479,0.070818
20.605149,0.210114,0.162318,-0.047796,0.070818
20.615214,0.211431,0.162318,-0.049113,0.070818
20.625275,0.212748,0.162318,-0.050430,0.070818
20.635338,0.214065,0.162318,-0.051747,0.070818
20.645402,0.215383,0.162318,-0.053065,0.070818
20.655454,0.216698,0.162318,-0.054381,0.070818
20.665508,0.218014,0.162318,-0.055697,0.070818
20.675579,0.219333,0.162318,-0.057015,0.070818
20.685643,0.220650,0.162318,-0.058332,0.070818
20.695704,0.221967,0.162318,-0.059649,0.070818
20.705768,0.223284,0.162318,-0.060967,0.070818
20.715829,0.224601,0.162318,-0.062284,0.070818
20.725892,0.225919,0.162318,-0.063601,0.070818
20.735952,0.227236,0.162318,-0.064918,0.070818
20.746017,0.228553,0.162318,-0.066235,0.070818
20.756070,0.229869,0.162318,-0.067551,0.070818
20.766132,0.231186,0.162318,-0.068868,0.070818
20.776196,0.232504,0.162318,-0.070186,0.070818
20.786260,0.233821,0.162318,-0.071503,0.070818
20.796324,0.235138,0.162318,-0.072820,0.070818
20.806384,0.236455,0.162318,-0.074137,0.070818
20.816449,0.237773,0.162318,-0.075455,0.070818
20.826511,0.239090,0.162318,-0.076772,0.070818
20.836574,0.240407,0.162318,-0.078089,0.070818
20.846635,0.241724,0.162318,-0.079406,0.070818
20.856699,0.243041,0.162318,-0.080723,0.070818
20.866760,0.244358,0.162318,-0.082041,0.070818
20.876824,0.245676,0.162318,-0.083358,0.070818
20.886877,0.246992,0.162318,-0.084674,0.070818
20.896936,0.248308,0.162318,-0.085990,0.070818
20.906996,0.249625,0.162318,-0.087307,0.070818
20.917061,0.250943,0.162318,-0.088625,0.070818
20.927123,0.252260,0.162318,-0.089942,0.070818
20.937186,0.253577,0.162318,-0.091259,0.070818
20.947246,0.254894,0.193217,-0.061677,0.188034
20.957311,0.256211,0.193217,-0.062994,0.188034
20.967374,0.257529,0.193217,-0.064311,0.188034
20.977437,0.258846,0.193217,-0.065629,0.188034
20.987454,0.260157,0.193217,-0.066940,0.188034
20.997506,0.261473,0.193217,-0.068256,0.188034
21.007559,0.260810,0.193217,-0.067593,0.188034
21.017611,0.259494,0.211528,-0.047966,0.129426
21.027673,0.258177,0.211528,-0.046649,0.129426
21.037737,0.256860,0.211528,-0.045331,0.129426
21.047799,0.255543,0.211528,-0.044014,0.129426
21.057862,0.254225,0.211528,-0.042697,0.129426
21.067927,0.252908,0.211528,-0.041380,0.129426
21.077991,0.251590,0.211528,-0.040062,0.129426
21.088054,0.250273,0.211528,-0.038745,0.129426
21.098117,0.248956,0.211528,-0.037428,0.129426
21.108180,0.247639,0.211528,-0.036111,0.129426
21.118239,0.246322,0.211528,-0.034794,0.129426
21.128301,0.245005,0.211528,-0.033477,0.129426
21.138364,0.243688,0.211528,-0.032159,0.129426
21.148426,0.242371,0.211528,-0.030842,0.129426
21.158457,0.241057,0.211528,-0.029529,0.129426
21.168521,0.239740,0.211528,-0.028212,0.129426
21.178585,0.238423,0.211528,-0.026895,0.129426
21.188647,0.237106,0.211528,-0.025577,0.129426
21.198734,0.235785,0.211528,-0.024257,0.129426
21.208795,0.234468,0.211528,-0.022940,0.129426
21.218860,0.233151,0.211528,-0.021623,0.129426
21.228919,0.231834,0.211528,-0.020306,0.129426
21.238977,0.230517,0.211528,-0.018989,0.129426
21.249038,0.229200,0.211528,-0.017672,0.129426
21.259096,0.227884,0.211528,-0.016356,0.129426
21.269158,0.226567,0.211528,-0.015039,0.129426
21.279216,0.225250,0.211528,-0.013722,0.129426
21.289277,0.223933,0.211528,-0.012405,0.129426
21.299336,0.222616,0.211528,-0.011088,0.129426
21.309399,0.221299,0.211528,-0.009771,0.129426
21.319461,0.219982,0.211528,-0.008454,0.129426
21.329523,0.218665,0.211528,-0.007137,0.129426
21.339581,0.217348,0.211528,-0.005820,0.129426
21.349641,0.216031,0.211528,-0.004503,0.129426
21.359700,0.214715,0.211528,-0.003187,0.129426
21.369764,0.213397,0.211528,-0.001869,0.129426
21.379823,0.212081,0.211528,-0.000552,0.129426
21.389885,0.210764,0.211528,0.000765,0.129426
21.399949,0.209446,0.211528,0.002082,0.129426
21.410013,0.208129,0.211528,0.003399,0.129426
21.420076,0.206812,0.211528,0.004717,0.129426
21.430138,0.205494,0.211528,0.006034,0.129426
21.440201,0.204177,0.211528,0.007351,0.129426
21.450260,0.202861,0.211528,0.008668,0.129426
21.460323,0.201543,0.211528,0.009985,0.129426
21.470383,0.200226,0.211528,0.011302,0.129426
21.480444,0.198909,0.251583,0.052674,0.080586
21.490503,0.197593,0.251583,0.053990,0.080586
21.500564,0.196276,0.251583,0.055307,0.080586
21.510629,0.194958,0.251583,0.056625,0.080586
21.520692,0.193641,0.251583,0.057942,0.080586
21.530754,0.192324,0.251583,0.059259,0.080586
21.540817,0.191007,0.238231,0.047225,-0.163614
21.550877,0.189690,0.238231,0.048542,-0.163614
21.560935,0.188373,0.238231,0.049858,-0.163614
21.570988,0.187057,0.238231,0.051174,-0.163614
21.581049,0.185740,0.238231,0.052491,-0.163614
21.591110,0.184423,0.238231,0.053808,-0.163614
21.601170,0.183106,0.224880,0.041773,-0.100122
21.611234,0.181789,0.224880,0.043091,-0.100122
21.621299,0.180472,0.224880,0.044408,-0.100122
21.631361,0.179154,0.224880,0.045725,-0.100122
21.641421,0.177838,0.224880,0.047042,-0.100122
21.651481,0.176521,0.224880,0.048359,-0.100122
21.661539,0.175204,0.224880,0.049676,-0.100122
21.671601,0.173887,0.224880,0.050993,-0.100122
21.681665,0.172570,0.224880,0.052310,-0.100122
21.691726,0.171253,0.224880,0.053627,-0.100122
21.701788,0.169936,0.224880,0.054944,-0.100122
21.711853,0.168618,0.224880,0.056262,-0.100122
21.721915,0.167301,0.224880,0.057579,-0.100122
21.731974,0.165984,0.224880,0.058896,-0.100122
21.742033,0.164667,0.224880,0.060212,-0.100122
21.752094,0.163351,0.224880,0.061529,-0.100122
21.762158,0.162033,0.224880,0.062847,-0.100122
21.772219,0.160716,0.224880,0.064164,-0.100122
21.782279,0.159399,0.224880,0.065481,-0.100122
21.792338,0.158083,0.224880,0.066797,-0.100122
21.802398,0.156766,0.224880,0.068114,-0.100122
21.812462,0.155448,0.224880,0.069431,-0.100122
21.822525,0.154131,0.224880,0.070749,-0.100122
21.832585,0.152814,0.224880,0.072066,-0.100122
21.842646,0.151497,0.224880,0.073383,-0.100122
21.852706,0.150180,0.197032,0.046852,-0.153846
21.862768,0.148863,0.196269,0.047406,-0.231990
21.872832,0.147546,0.196269,0.048723,-0.231990
21.882891,0.146229,0.196269,0.050040,-0.231990
21.892953,0.144912,0.196269,0.051357,-0.231990
21.903017,0.143595,0.196269,0.052674,-0.231990
21.913081,0.142277,0.196269,0.053992,-0.231990
21.923149,0.140959,0.196269,0.055310,-0.231990
21.933212,0.139642,0.196269,0.056627,-0.231990
21.943272,0.138325,0.196269,0.057944,-0.231990
21.953325,0.137009,0.196269,0.059260,-0.231990
21.963377,0.135694,0.196269,0.060575,-0.231990
21.973428,0.134378,0.196269,0.061891,-0.231990
21.983492,0.133061,0.196269,0.063209,-0.231990
21.993552,0.131744,0.196269,0.064525,-0.231990
22.003613,0.130427,0.196269,0.065842,-0.231990
22.013678,0.129109,0.196269,0.067160,-0.231990
22.023738,0.127792,0.196269,0.068477,-0.231990
22.033802,0.126475,0.196269,0.069794,-0.231990
22.043872,0.125157,0.196269,0.071112,-0.231990
22.053933,0.123840,0.196269,0.072429,-0.231990
22.063992,0.122523,0.196269,0.073746,-0.231990
22.074053,0.121206,0.196269,0.075063,-0.231990
22.084111,0.119890,0.196269,0.076380,-0.231990
22.094173,0.118572,0.196269,0.077697,-0.231990
22.104234,0.117255,0.196269,0.079014,-0.231990
22.114298,0.115938,0.196269,0.080331,-0.231990
22.124358,0.114621,0.196269,0.081648,-0.231990
22.134421,0.113304,0.196269,0.082965,-0.231990
22.144443,0.111992,0.196269,0.084277,-0.231990
22.154503,0.110675,0.196269,0.085594,-0.231990
22.164565,0.109358,0.196269,0.086911,-0.231990
22.174624,0.108041,0.196269,0.088228,-0.231990
22.184685,0.106724,0.196269,0.089545,-0.231990
22.194744,0.105408,0.196269,0.090861,-0.231990
22.204806,0.104091,0.196269,0.092179,-0.231990
22.214873,0.102773,0.196269,0.093496,-0.231990
22.224936,0.101456,0.196269,0.094814,-0.231990
22.234995,0.100139,0.196269,0.096130,-0.231990
22.245048,0.098823,0.196269,0.097446,-0.231990
22.255107,0.097506,0.196269,0.098763,-0.231990
22.265167,0.096189,0.196269,0.100080,-0.231990
22.275229,0.094872,0.196269,0.101397,-0.231990
22.285291,0.093555,0.196269,0.102714,-0.231990
22.295351,0.092238,0.196269,0.104031,-0.231990
22.305404,0.090922,0.196269,0.105347,-0.231990
22.315468,0.089605,0.196269,0.106664,-0.231990
22.325533,0.088288,0.157359,0.069071,-0.158730
22.335596,0.086970,0.157359,0.070388,-0.158730
22.345658,0.085653,0.157359,0.071705,-0.158730
22.355718,0.084336,0.157359,0.073022,-0.158730
22.365782,0.083019,0.157359,0.074340,-0.158730
22.375844,0.081702,0.140574,0.058872,-0.124542
22.385905,0.080385,0.140574,0.060189,-0.124542
22.395965,0.079068,0.140574,0.061506,-0.124542
22.406028,0.077751,0.140574,0.062823,-0.124542
22.416091,0.076433,0.140574,0.064140,-0.124542
22.426143,0.075118,0.140574,0.065456,-0.124542
22.436203,0.073801,0.140574,0.066773,-0.124542
22.446267,0.072484,0.140574,0.068090,-0.124542
22.456328,0.071166,0.119593,0.048426,-0.109890
22.466391,0.069849,0.119593,0.049743,-0.109890
22.476454,0.068532,0.119593,0.051061,-0.109890
22.486515,0.067215,0.119593,0.052378,-0.109890
22.496576,0.065898,0.119593,0.053695,-0.109890
22.506640,0.064581,0.119593,0.055012,-0.109890
22.516704,0.063263,0.119593,0.056329,-0.109890
22.526767,0.061946,0.119593,0.057646,-0.109890
22.536828,0.060629,0.119593,0.058963,-0.109890
22.546888,0.059312,0.119593,0.060280,-0.109890
22.556950,0.057995,0.119593,0.061598,-0.109890
22.567014,0.056678,0.119593,0.062915,-0.109890
22.577074,0.055361,0.119593,0.064232,-0.109890
22.587138,0.054044,0.119593,0.065549,-0.109890
22.597201,0.052726,0.119593,0.066866,-0.109890
22.607264,0.051409,0.119593,0.068184,-0.109890
22.617325,0.050092,0.119593,0.069501,-0.109890
22.627389,0.048775,0.119593,0.070818,-0.109890
22.637456,0.047457,0.119593,0.072136,-0.109890
22.647520,0.046140,0.119593,0.073453,-0.109890
22.657583,0.044822,0.119593,0.074770,-0.109890
22.667646,0.043505,0.119593,0.076088,-0.109890
22.677699,0.042189,0.119593,0.077403,-0.109890
22.687761,0.040872,0.119593,0.078721,-0.109890
22.697823,0.039555,0.119593,0.080038,-0.109890
22.707884,0.038238,0.119593,0.081355,-0.109890
22.717949,0.036920,0.119593,0.082672,-0.109890
22.728009,0.035604,0.119593,0.083989,-0.109890
22.738070,0.034287,0.119593,0.085306,-0.109890
22.748129,0.032970,0.119593,0.086623,-0.109890
22.758190,0.031653,0.119593,0.087940,-0.109890
22.768252,0.030336,0.082589,0.052254,-0.124542
22.778315,0.029019,0.082589,0.053571,-0.124542
22.788378,0.027701,0.082589,0.054888,-0.124542
22.798438,0.026384,0.082589,0.056205,-0.124542
22.808501,0.025067,0.082589,0.057522,-0.124542
22.818566,0.023750,0.082589,0.058840,-0.124542
22.828629,0.022432,0.082589,0.060157,-0.124542
22.838689,0.021116,0.082589,0.061474,-0.124542
22.848750,0.019799,0.082589,0.062791,-0.124542
22.858812,0.018481,0.082589,0.064108,-0.124542
22.868875,0.017164,0.082589,0.065425,-0.124542
22.878934,0.015848,0.082589,0.066742,-0.124542
22.888996,0.014530,0.082589,0.068059,-0.124542
22.899059,0.013213,0.082589,0.069376,-0.124542
22.909204,0.011885,0.082589,0.070704,-0.124542
22.919268,0.010568,0.082589,0.072022,-0.124542
22.929332,0.009250,0.082589,0.073339,-0.124542
22.939397,0.007933,0.082589,0.074657,-0.124542
22.949460,0.006616,0.082589,0.075974,-0.124542
22.959524,0.005298,0.082589,0.077291,-0.124542
22.969577,0.003982,0.082589,0.078607,-0.124542
22.979638,0.002665,0.082589,0.079924,-0.124542
22.989701,0.001348,0.082589,0.081241,-0.124542
22.999762,0.000031,0.082589,0.082558,-0.124542
23.009824,-0.001286,0.082589,0.083875,-0.124542
23.019878,-0.002602,0.082589,0.085191,-0.124542
23.029937,-0.003919,0.082589,0.086508,-0.124542
23.039996,-0.005235,0.082589,0.087825,-0.124542
23.050056,-0.006552,0.082589,0.089142,-0.124542
23.060116,-0.007869,0.082589,0.090459,-0.124542
23.070179,-0.009186,0.082589,0.091776,-0.124542
23.080237,-0.010503,0.082589,0.093092,-0.124542
23.090300,-0.011820,0.082589,0.094410,-0.124542
23.100363,-0.013137,0.082589,0.095727,-0.124542
23.110422,-0.014454,0.082589,0.097044,-0.124542
23.120548,-0.015780,0.082589,0.098369,-0.124542
23.130610,-0.017097,0.082589,0.099686,-0.124542
23.140669,-0.018414,0.082589,0.101003,-0.124542
23.150731,-0.019731,0.082589,0.102320,-0.124542
23.160793,-0.021048,0.082589,0.103637,-0.124542
23.170856,-0.022365,0.082589,0.104954,-0.124542
23.180914,-0.023682,0.082589,0.106271,-0.124542
23.190977,-0.024999,0.082589,0.107588,-0.124542
23.201041,-0.026316,0.082589,0.108906,-0.124542
23.211105,-0.027634,0.038720,0.066353,-0.109890
23.221166,-0.028951,0.038720,0.067670,-0.109890
23.231229,-0.030268,0.038720,0.068988,-0.109890
23.241292,-0.031585,0.038720,0.070305,-0.109890
23.251345,-0.032901,0.038720,0.071621,-0.109890
23.261397,-0.034217,0.038720,0.072937,-0.109890
23.271445,-0.035532,0.038720,0.074252,-0.109890
23.281508,-0.036849,0.017357,0.054206,-0.124542
23.291569,-0.038166,0.017357,0.055523,-0.124542
23.301631,-0.039483,0.017357,0.056841,-0.124542
23.311694,-0.040801,0.017357,0.058158,-0.124542
23.321758,-0.042118,0.017357,0.059475,-0.124542
23.331822,-0.043435,0.017357,0.060792,-0.124542
23.341883,-0.044752,0.017357,0.062110,-0.124542
23.351994,-0.046076,0.000954,0.047030,-0.173382
23.362056,-0.047393,0.000954,0.048347,-0.173382
23.372119,-0.048710,0.000954,0.049664,-0.173382
23.382181,-0.050027,0.000954,0.050981,-0.173382
23.392243,-0.051344,0.000954,0.052298,-0.173382
23.402304,-0.052661,0.000954,0.053615,-0.173382
23.412367,-0.053979,-0.012016,0.041962,-0.100122
23.422431,-0.055296,-0.012016,0.043280,-0.100122
23.432494,-0.056613,-0.012016,0.044597,-0.100122
23.442557,-0.057931,-0.012016,0.045914,-0.100122
23.452616,-0.059247,-0.012016,0.047231,-0.100122
23.462678,-0.060564,-0.012016,0.048548,-0.100122
23.472743,-0.061882,-0.012016,0.049865,-0.100122
23.482802,-0.063199,-0.012016,0.051182,-0.100122
23.492865,-0.064516,-0.012016,0.052499,-0.100122
23.502923,-0.065832,-0.012016,0.053816,-0.100122
23.512985,-0.067150,-0.012016,0.055133,-0.100122
23.523047,-0.068467,-0.012016,0.056450,-0.100122
23.533110,-0.069784,-0.012016,0.057767,-0.100122
23.543171,-0.071101,-0.012016,0.059084,-0.100122
23.553230,-0.072418,-0.012016,0.060401,-0.100122
23.563289,-0.073734,-0.012016,0.061718,-0.100122
23.573342,-0.075050,-0.012016,0.063034,-0.100122
23.583506,-0.076381,-0.012016,0.064364,-0.100122
23.593571,-0.077698,-0.012016,0.065682,-0.100122
23.603632,-0.079015,-0.012016,0.066999,-0.100122
23.613693,-0.080332,-0.012016,0.068316,-0.100122
23.623753,-0.081649,-0.012016,0.069633,-0.100122
23.633815,-0.082966,-0.012016,0.070950,-0.100122
23.643880,-0.084284,-0.012016,0.072267,-0.100122
23.653944,-0.085601,-0.012016,0.073585,-0.100122
23.664006,-0.086918,-0.012016,0.074902,-0.100122
23.674069,-0.088235,-0.012016,0.076219,-0.100122
23.684130,-0.089552,-0.012016,0.077536,-0.100122
23.694192,-0.090870,-0.012016,0.078853,-0.100122
23.704252,-0.092186,-0.012016,0.080170,-0.100122
23.714318,-0.093504,-0.012016,0.081488,-0.100122
23.724382,-0.094821,-0.012016,0.082805,-0.100122
23.734449,-0.096139,-0.043679,0.052460,-0.275946
23.744504,-0.097455,-0.043679,0.053776,-0.275946
23.754565,-0.098772,-0.043679,0.055093,-0.275946
23.764628,-0.100090,-0.043679,0.056411,-0.275946
23.774692,-0.101407,-0.043679,0.057728,-0.275946
23.784757,-0.102724,-0.043679,0.059045,-0.275946
23.794820,-0.104042,-0.043679,0.060363,-0.275946
23.804882,-0.105359,-0.059701,0.045658,-0.148962
23.814935,-0.106675,-0.059701,0.046974,-0.148962
23.825001,-0.107992,-0.059701,0.048291,-0.148962
23.835060,-0.109309,-0.059701,0.049608,-0.148962
23.845121,-0.110626,-0.059701,0.050925,-0.148962
23.855179,-0.111943,-0.059701,0.052242,-0.148962
23.865242,-0.113260,-0.059701,0.053559,-0.148962
23.875297,-0.114576,-0.059701,0.054875,-0.148962
23.885362,-0.115894,-0.059701,0.056193,-0.148962
23.895422,-0.117210,-0.059701,0.057510,-0.148962
23.905485,-0.118528,-0.059701,0.058827,-0.148962
23.915549,-0.119845,-0.059701,0.060144,-0.148962
23.925616,-0.121163,-0.059701,0.061462,-0.148962
23.935677,-0.122480,-0.059701,0.062779,-0.148962
23.945739,-0.123797,-0.059701,0.064096,-0.148962
23.955803,-0.125114,-0.059701,0.065413,-0.148962
23.965863,-0.126431,-0.059701,0.066730,-0.148962
23.975924,-0.127748,-0.059701,0.068047,-0.148962
23.985981,-0.129065,-0.059701,0.069364,-0.148962
23.996048,-0.130382,-0.059701,0.070681,-0.148962
24.006112,-0.131700,-0.059701,0.071999,-0.148962
24.016181,-0.133018,-0.059701,0.073317,-0.148962
24.026244,-0.134335,-0.089456,0.044879,-0.095238
24.036303,-0.135652,-0.089456,0.046196,-0.095238
24.046364,-0.136969,-0.089456,0.047513,-0.095238
24.056423,-0.138285,-0.089456,0.048829,-0.095238
24.066488,-0.139603,-0.089456,0.050147,-0.095238
24.076549,-0.140920,-0.089456,0.051464,-0.095238
24.086608,-0.142237,-0.089456,0.052781,-0.095238
24.096670,-0.143554,-0.089456,0.054098,-0.095238
24.106732,-0.144871,-0.089456,0.055415,-0.095238
24.116799,-0.146189,-0.089456,0.056733,-0.095238
24.126860,-0.147506,-0.089456,0.058050,-0.095238
24.136918,-0.148822,-0.108911,0.039911,-0.075702
24.146982,-0.150140,-0.108911,0.041228,-0.075702
24.157043,-0.151457,-0.108911,0.042545,-0.075702
24.167103,-0.152773,-0.108911,0.043862,-0.075702
24.177164,-0.154090,-0.108911,0.045179,-0.075702
24.187224,-0.155407,-0.108911,0.046496,-0.075702
24.197285,-0.156724,-0.108911,0.047813,-0.075702
24.207345,-0.158041,-0.108911,0.049130,-0.075702
24.217410,-0.159359,-0.108911,0.050447,-0.075702
24.227474,-0.160676,-0.108911,0.051765,-0.075702
24.237534,-0.161993,-0.108911,0.053082,-0.075702
24.247598,-0.163310,-0.108911,0.054399,-0.075702
24.257657,-0.164627,-0.108911,0.055716,-0.075702
24.267719,-0.165944,-0.108911,0.057033,-0.075702
24.277777,-0.167261,-0.108911,0.058349,-0.075702
24.287838,-0.168578,-0.108911,0.059666,-0.075702
24.297901,-0.169895,-0.108911,0.060984,-0.075702
24.307962,-0.171212,-0.108911,0.062301,-0.075702
24.318025,-0.172529,-0.108911,0.063618,-0.075702
24.328089,-0.173846,-0.108911,0.064935,-0.075702
24.338148,-0.175163,-0.108911,0.066252,-0.075702
24.348211,-0.176480,-0.108911,0.067569,-0.075702
24.358272,-0.177797,-0.108911,0.068886,-0.075702
24.368332,-0.179114,-0.108911,0.070203,-0.075702
24.378392,-0.180431,-0.108911,0.071520,-0.075702
24.388454,-0.181748,-0.108911,0.072837,-0.075702
24.398517,-0.183065,-0.108911,0.074154,-0.075702
24.408578,-0.184382,-0.108911,0.075471,-0.075702
24.418641,-0.185700,-0.108911,0.076788,-0.075702
24.428704,-0.187017,-0.108911,0.078106,-0.075702
24.438767,-0.188334,-0.108911,0.079423,-0.075702
24.448828,-0.189651,-0.108911,0.080740,-0.075702
24.458896,-0.190969,-0.108911,0.082058,-0.075702
24.468957,-0.192286,-0.108911,0.083375,-0.075702
24.479017,-0.193603,-0.108911,0.084692,-0.075702
24.489078,-0.194920,-0.108911,0.086009,-0.075702
24.499138,-0.196237,-0.108911,0.087325,-0.075702
24.509198,-0.197554,-0.108911,0.088642,-0.075702
24.519263,-0.198871,-0.108911,0.089960,-0.075702
24.529326,-0.200188,-0.108911,0.091277,-0.075702
24.539386,-0.201505,-0.108911,0.092594,-0.075702
24.549445,-0.202822,-0.108911,0.093911,-0.075702
24.559507,-0.204139,-0.108911,0.095228,-0.075702
24.569569,-0.205456,-0.108911,0.096545,-0.075702
24.579632,-0.206773,-0.108911,0.097862,-0.075702
24.589696,-0.208091,-0.108911,0.099179,-0.075702
24.599756,-0.209408,-0.108911,0.100496,-0.075702
24.609817,-0.210725,-0.108911,0.101813,-0.075702
24.619880,-0.212042,-0.108911,0.103131,-0.075702
24.629941,-0.213359,-0.108911,0.104448,-0.075702
24.640000,-0.214676,-0.108911,0.105764,-0.075702
24.650060,-0.215992,-0.108911,0.107081,-0.075702
24.660119,-0.217309,-0.108911,0.108398,-0.075702
24.670181,-0.218626,-0.108911,0.109715,-0.075702
24.680242,-0.219943,-0.108911,0.111032,-0.075702
24.690304,-0.221260,-0.108911,0.112349,-0.075702
24.700370,-0.222578,-0.108911,0.113667,-0.075702
24.710434,-0.223895,-0.108911,0.114984,-0.075702
24.720452,-0.225207,-0.108911,0.116295,-0.075702
24.730508,-0.226523,-0.142481,0.084042,-0.173382
24.740568,-0.227840,-0.142481,0.085359,-0.173382
24.750622,-0.229156,-0.142481,0.086675,-0.173382
24.760687,-0.230473,-0.142481,0.087992,-0.173382
24.770749,-0.231790,-0.142481,0.089309,-0.173382
24.780811,-0.233108,-0.142481,0.090627,-0.173382
24.790875,-0.234425,-0.142481,0.091944,-0.173382
24.800939,-0.235742,-0.142481,0.093261,-0.173382
24.811001,-0.237059,-0.142481,0.094578,-0.173382
24.821065,-0.238377,-0.142481,0.095896,-0.173382
24.831128,-0.239694,-0.142481,0.097213,-0.173382
24.841193,-0.241012,-0.142481,0.098530,-0.173382
24.851257,-0.242329,-0.142481,0.099848,-0.173382
24.861319,-0.243646,-0.185969,0.057677,-0.163614
24.871382,-0.244963,-0.185969,0.058994,-0.163614
24.881421,-0.246277,-0.185969,0.060308,-0.163614
24.891455,-0.247591,-0.185969,0.061621,-0.163614
24.901518,-0.248908,-0.185969,0.062939,-0.163614
24.911628,-0.250231,-0.185969,0.064262,-0.163614
24.921695,-0.251549,-0.201991,0.049558,-0.114774
24.931757,-0.252866,-0.201991,0.050875,-0.114774
24.941820,-0.254184,-0.201991,0.052192,-0.114774
24.951880,-0.255500,-0.201991,0.053509,-0.114774
24.961933,-0.256816,-0.201991,0.054825,-0.114774
24.971985,-0.258132,-0.201991,0.056141,-0.114774
24.982039,-0.259448,-0.201991,0.057457,-0.114774
24.992101,-0.260765,-0.201991,0.058774,-0.114774
25.002154,-0.261799,-0.201991,0.059808,-0.114774
25.012205,-0.261799,-0.201991,0.059808,-0.114774
25.022258,-0.261799,-0.201991,0.059808,-0.114774
25.032310,-0.261799,-0.201991,0.059808,-0.114774
25.042361,-0.261799,-0.201991,0.059808,-0.114774
25.052415,-0.261799,-0.201991,0.059808,-0.114774
25.062444,-0.261799,-0.201991,0.059808,-0.114774
25.072498,-0.261799,-0.201991,0.059808,-0.114774
25.082550,-0.261799,-0.201991,0.059808,-0.114774
25.092604,-0.261799,-0.201991,0.059808,-0.114774
25.102657,-0.261799,-0.201991,0.059808,-0.114774
25.112714,-0.261799,-0.201991,0.059808,-0.114774
25.122770,-0.261799,-0.201991,0.059808,-0.114774
25.132833,-0.261799,-0.201991,0.059808,-0.114774
25.142910,-0.261799,-0.201991,0.059808,-0.114774
25.152975,-0.261799,-0.201991,0.059808,-0.114774
25.163037,-0.261799,-0.201991,0.059808,-0.114774
25.173098,-0.261799,-0.201991,0.059808,-0.114774
25.183156,-0.261799,-0.201991,0.059808,-0.114774
25.193218,-0.261799,-0.235943,0.025857,-0.207570
25.203277,-0.261799,-0.235943,0.025857,-0.207570
25.213341,-0.261799,-0.235943,0.025857,-0.207570
25.223409,-0.261799,-0.235943,0.025857,-0.207570
25.233477,-0.261799,-0.235943,0.025857,-0.207570
25.243537,-0.261799,-0.235943,0.025857,-0.207570
25.253601,-0.261799,-0.235943,0.025857,-0.207570
25.263664,-0.261799,-0.235943,0.025857,-0.207570
25.273726,-0.261799,-0.235943,0.025857,-0.207570
25.283789,-0.261799,-0.235943,0.025857,-0.207570
25.293847,-0.261799,-0.235943,0.025857,-0.207570
25.303900,-0.261799,-0.235943,0.025857,-0.207570
25.313958,-0.261799,-0.235943,0.025857,-0.207570
25.324024,-0.261799,-0.247768,0.014031,-0.217338
25.334085,-0.261799,-0.247768,0.014031,-0.217338
25.344145,-0.261799,-0.247768,0.014031,-0.217338
25.354228,-0.261799,-0.247768,0.014031,-0.217338
25.364290,-0.261799,-0.247768,0.014031,-0.217338
25.374350,-0.261799,-0.247768,0.014031,-0.217338
25.384412,-0.261799,-0.247768,0.014031,-0.217338
25.394473,-0.261799,-0.247768,0.014031,-0.217338
25.404520,-0.261799,-0.247768,0.014031,-0.217338
25.414583,-0.261799,-0.247768,0.014031,-0.217338
25.424643,-0.261799,-0.247768,0.014031,-0.217338
25.434705,-0.261799,-0.247768,0.014031,-0.217338
25.444768,-0.261799,-0.247768,0.014031,-0.217338
25.454828,-0.261799,-0.247768,0.014031,-0.217338
25.464880,-0.261799,-0.247768,0.014031,-0.217338
25.474933,-0.261799,-0.247768,0.014031,-0.217338
25.484994,-0.261799,-0.247768,0.014031,-0.217338
25.495056,-0.261799,-0.247768,0.014031,-0.217338
25.505119,-0.261799,-0.247768,0.014031,-0.217338
25.515185,-0.261799,-0.247768,0.014031,-0.217338
25.525246,-0.261799,-0.247768,0.014031,-0.217338
25.535304,-0.261799,-0.247768,0.014031,-0.217338
25.545367,-0.261799,-0.247768,0.014031,-0.217338
25.555429,-0.261799,-0.247768,0.014031,-0.217338
25.565511,-0.261799,-0.247768,0.014031,-0.217338
25.575574,-0.261799,-0.247768,0.014031,-0.217338
25.585633,-0.261799,-0.247768,0.014031,-0.217338
25.595694,-0.261799,-0.247768,0.014031,-0.217338
25.605754,-0.261799,-0.247768,0.014031,-0.217338
25.615820,-0.261799,-0.247768,0.014031,-0.217338
25.625884,-0.261799,-0.247768,0.014031,-0.217338
25.635946,-0.261799,-0.247768,0.014031,-0.217338
25.646008,-0.261799,-0.247768,0.014031,-0.217338
25.656068,-0.261799,-0.247768,0.014031,-0.217338
25.666128,-0.261799,-0.255398,0.006402,-0.168498
25.676189,-0.261799,-0.255398,0.006402,-0.168498
25.686252,-0.261799,-0.255398,0.006402,-0.168498
25.696316,-0.261799,-0.255398,0.006402,-0.168498
25.706375,-0.261799,-0.255398,0.006402,-0.168498
25.716440,-0.261799,-0.255398,0.006402,-0.168498
25.726505,-0.261799,-0.255398,0.006402,-0.168498
25.736567,-0.261799,-0.255398,0.006402,-0.168498
25.746632,-0.261799,-0.255398,0.006402,-0.168498
25.756691,-0.261799,-0.255398,0.006402,-0.168498
25.766750,-0.261799,-0.255398,0.006402,-0.168498
25.776809,-0.261799,-0.255398,0.006402,-0.168498
25.786871,-0.261799,-0.255398,0.006402,-0.168498
25.796931,-0.261799,-0.255398,0.006402,-0.168498
25.806991,-0.261799,-0.255398,0.006402,-0.168498
25.817058,-0.261799,-0.255398,0.006402,-0.168498
25.827121,-0.261799,-0.255398,0.006402,-0.168498
25.837185,-0.261799,-0.255398,0.006402,-0.168498
25.847248,-0.261799,-0.255398,0.006402,-0.168498
25.857311,-0.261799,-0.255398,0.006402,-0.168498
25.867371,-0.261799,-0.255398,0.006402,-0.168498
25.877432,-0.261799,-0.255398,0.006402,-0.168498
25.887493,-0.261799,-0.255398,0.006402,-0.168498
25.897557,-0.261799,-0.255398,0.006402,-0.168498
25.907619,-0.261799,-0.255398,0.006402,-0.168498
25.917686,-0.261799,-0.257687,0.004113,-0.139194
25.927749,-0.261799,-0.257687,0.004113,-0.139194
25.937811,-0.261799,-0.257687,0.004113,-0.139194
25.947870,-0.261799,-0.257687,0.004113,-0.139194
25.957937,-0.261799,-0.257687,0.004113,-0.139194
25.967998,-0.261799,-0.257687,0.004113,-0.139194
25.978057,-0.261799,-0.257687,0.004113,-0.139194
25.988117,-0.261799,-0.257687,0.004113,-0.139194
25.998182,-0.261799,-0.257687,0.004113,-0.139194
26.008243,-0.261799,-0.257687,0.004113,-0.139194
26.018312,-0.261799,-0.257687,0.004113,-0.139194
26.028498,-0.261799,-0.257687,0.004113,-0.139194
26.038559,-0.261799,-0.257687,0.004113,-0.139194
26.048618,-0.261799,-0.257687,0.004113,-0.139194
26.058679,-0.261799,-0.257687,0.004113,-0.139194
26.068739,-0.261799,-0.257687,0.004113,-0.139194
26.078804,-0.261799,-0.257687,0.004113,-0.139194
26.088866,-0.261799,-0.257687,0.004113,-0.139194
26.098926,-0.261799,-0.257687,0.004113,-0.139194
26.108986,-0.261799,-0.257687,0.004113,-0.139194
26.119052,-0.261799,-0.257687,0.004113,-0.139194
26.129117,-0.261799,-0.257687,0.004113,-0.139194
26.139177,-0.261799,-0.257687,0.004113,-0.139194
26.149231,-0.261799,-0.257687,0.004113,-0.139194
26.159291,-0.261799,-0.257687,0.004113,-0.139194
26.169354,-0.261799,-0.257687,0.004113,-0.139194
26.179413,-0.261799,-0.257687,0.004113,-0.139194
26.189475,-0.261799,-0.257687,0.004113,-0.139194
26.199536,-0.261799,-0.257687,0.004113,-0.139194
26.209599,-0.261799,-0.257687,0.004113,-0.139194
26.219665,-0.261799,-0.257687,0.004113,-0.139194
26.229729,-0.261799,-0.257687,0.004113,-0.139194
26.239794,-0.261799,-0.257687,0.004113,-0.139194
26.249849,-0.261799,-0.257687,0.004113,-0.139194
26.259914,-0.261799,-0.257687,0.004113,-0.139194
26.269972,-0.261799,-0.257687,0.004113,-0.139194
26.280032,-0.261799,-0.257687,0.004113,-0.139194
26.290092,-0.261799,-0.257687,0.004113,-0.139194
26.300153,-0.261799,-0.257687,0.004113,-0.139194
26.310214,-0.261799,-0.257687,0.004113,-0.139194
26.320281,-0.261799,-0.257687,0.004113,-0.139194
26.330345,-0.261799,-0.258068,0.003731,-0.139194
26.340405,-0.261799,-0.258068,0.003731,-0.139194
26.350469,-0.261799,-0.258068,0.003731,-0.139194
26.360522,-0.261799,-0.258068,0.003731,-0.139194
26.370585,-0.261799,-0.258068,0.003731,-0.139194
26.380644,-0.261799,-0.258068,0.003731,-0.139194
26.390706,-0.261799,-0.258068,0.003731,-0.139194
26.400769,-0.261799,-0.258068,0.003731,-0.139194
26.410830,-0.261799,-0.258068,0.003731,-0.139194
26.420898,-0.261799,-0.258068,0.003731,-0.139194
26.430958,-0.261799,-0.258068,0.003731,-0.139194
26.441017,-0.261799,-0.258068,0.003731,-0.139194
26.451080,-0.261799,-0.258068,0.003731,-0.139194
26.461143,-0.261799,-0.258068,0.003731,-0.139194
26.471203,-0.261799,-0.258068,0.003731,-0.139194
26.481269,-0.261799,-0.258068,0.003731,-0.139194
26.491332,-0.261799,-0.258068,0.003731,-0.139194
